gedi_file,shot_number,lat,lon,agbd,hls_granule,row,col,patch_tifs,bands,quadtile
GEDI04_A_2021122153556_O13522_03_T06907_02_002_02_V002.h5,135220800300281865,39.91978197680372,-122.05631395464256,41.51818084716797,HLS.L30.T10TEK.2021007T185141.v2.0,2690,2688,field_boundary_patch_tifs\patch_135220800300281865_HLS.L30.T10TEK.2021007T185141.v2.0.tif,"B02,B03,B04,B05,B06,B07,B11",
GEDI04_A_2021122153556_O13522_03_T06907_02_002_02_V002.h5,135220800300281866,39.919465914035534,-122.05578673895245,41.12295150756836,HLS.L30.T10TEK.2021007T185141.v2.0,2691,2690,field_boundary_patch_tifs\patch_135220800300281866_HLS.L30.T10TEK.2021007T185141.v2.0.tif,"B02,B03,B04,B05,B06,B07,B11",
GEDI04_A_2021122153556_O13522_03_T06907_02_002_02_V002.h5,135221100300280867,39.91825932937713,-122.06529963309528,10.378938674926758,HLS.L30.T10TEK.2021007T185141.v2.0,2696,2663,field_boundary_patch_tifs\patch_135221100300280867_HLS.L30.T10TEK.2021007T185141.v2.0.tif,"B02,B03,B04,B05,B06,B07,B11",
GEDI04_A_2021122153556_O13522_03_T06907_02_002_02_V002.h5,135221100300280868,39.917943569651854,-122.0647719014198,10.201750755310059,HLS.L30.T10TEK.2021007T185141.v2.0,2697,2664,field_boundary_patch_tifs\patch_135221100300280868_HLS.L30.T10TEK.2021007T185141.v2.0.tif,"B02,B03,B04,B05,B06,B07,B11",
GEDI04_A_2021122153556_O13522_03_T06907_02_002_02_V002.h5,135221100300280869,39.91762778831359,-122.06424417858973,10.59029769897461,HLS.L30.T10TEK.2021007T185141.v2.0,2698,2666,field_boundary_patch_tifs\patch_135221100300280869_HLS.L30.T10TEK.2021007T185141.v2.0.tif,"B02,B03,B04,B05,B06,B07,B11",
GEDI04_A_2021122153556_O13522_03_T06907_02_002_02_V002.h5,135221100300280870,39.91731196550335,-122.06371646756128,10.378938674926758,HLS.L30.T10TEK.2021007T185141.v2.0,2700,2667,field_boundary_patch_tifs\patch_135221100300280870_HLS.L30.T10TEK.2021007T185141.v2.0.tif,"B02,B03,B04,B05,B06,B07,B11",
GEDI04_A_2021122153556_O13522_03_T06907_02_002_02_V002.h5,135221100300280871,39.91699610571903,-122.06318877402306,10.290162086486816,HLS.L30.T10TEK.2021007T185141.v2.0,2701,2669,field_boundary_patch_tifs\patch_135221100300280871_HLS.L30.T10TEK.2021007T185141.v2.0.tif,"B02,B03,B04,B05,B06,B07,B11",
GEDI04_A_2021122153556_O13522_03_T06907_02_002_02_V002.h5,135221100300280872,39.91668020482896,-122.06266110195786,10.290162086486816,HLS.L30.T10TEK.2021007T185141.v2.0,2702,2670,field_boundary_patch_tifs\patch_135221100300280872_HLS.L30.T10TEK.2021007T185141.v2.0.tif,"B02,B03,B04,B05,B06,B07,B11",
GEDI04_A_2021122153556_O13522_03_T06907_02_002_02_V002.h5,135221100300280873,39.916364270009765,-122.06213345457614,10.201750755310059,HLS.L30.T10TEK.2021007T185141.v2.0,2703,2672,field_boundary_patch_tifs\patch_135221100300280873_HLS.L30.T10TEK.2021007T185141.v2.0.tif,"B02,B03,B04,B05,B06,B07,B11",
GEDI04_A_2021122153556_O13522_03_T06907_02_002_02_V002.h5,135221100300280874,39.916048300533035,-122.06160583590683,10.378938674926758,HLS.L30.T10TEK.2021007T185141.v2.0,2704,2673,field_boundary_patch_tifs\patch_135221100300280874_HLS.L30.T10TEK.2021007T185141.v2.0.tif,"B02,B03,B04,B05,B06,B07,B11",
GEDI04_A_2021122153556_O13522_03_T06907_02_002_02_V002.h5,135221100300280875,39.915732287126744,-122.06107825092433,10.290162086486816,HLS.L30.T10TEK.2021007T185141.v2.0,2705,2675,field_boundary_patch_tifs\patch_135221100300280875_HLS.L30.T10TEK.2021007T185141.v2.0.tif,"B02,B03,B04,B05,B06,B07,B11",
GEDI04_A_2021122153556_O13522_03_T06907_02_002_02_V002.h5,135221100300280876,39.91541625007367,-122.06055070285615,10.129632949829102,HLS.L30.T10TEK.2021007T185141.v2.0,2706,2677,field_boundary_patch_tifs\patch_135221100300280876_HLS.L30.T10TEK.2021007T185141.v2.0.tif,"B02,B03,B04,B05,B06,B07,B11",
GEDI04_A_2021122153556_O13522_03_T06907_02_002_02_V002.h5,135221100300280877,39.91510017072667,-122.06002319427758,10.445759773254395,HLS.L30.T10TEK.2021007T185141.v2.0,2708,2678,field_boundary_patch_tifs\patch_135221100300280877_HLS.L30.T10TEK.2021007T185141.v2.0.tif,"B02,B03,B04,B05,B06,B07,B11",
GEDI04_A_2021122153556_O13522_03_T06907_02_002_02_V002.h5,135221100300280878,39.914784060966376,-122.0594957286304,10.306196212768555,HLS.L30.T10TEK.2021007T185141.v2.0,2709,2680,field_boundary_patch_tifs\patch_135221100300280878_HLS.L30.T10TEK.2021007T185141.v2.0.tif,"B02,B03,B04,B05,B06,B07,B11",
GEDI04_A_2021122153556_O13522_03_T06907_02_002_02_V002.h5,135221100300280879,39.91446794689987,-122.058968307912,10.378938674926758,HLS.L30.T10TEK.2021007T185141.v2.0,2710,2681,field_boundary_patch_tifs\patch_135221100300280879_HLS.L30.T10TEK.2021007T185141.v2.0.tif,"B02,B03,B04,B05,B06,B07,B11",
GEDI04_A_2021122153556_O13522_03_T06907_02_002_02_V002.h5,135221100300280880,39.91415182512715,-122.05844093487396,18.591007232666016,HLS.L30.T10TEK.2021007T185141.v2.0,2711,2683,field_boundary_patch_tifs\patch_135221100300280880_HLS.L30.T10TEK.2021007T185141.v2.0.tif,"B02,B03,B04,B05,B06,B07,B11",
GEDI04_A_2021122153556_O13522_03_T06907_02_002_02_V002.h5,135221100300280881,39.91383572815328,-122.05791361011106,24.735958099365234,HLS.L30.T10TEK.2021007T185141.v2.0,2712,2684,field_boundary_patch_tifs\patch_135221100300280881_HLS.L30.T10TEK.2021007T185141.v2.0.tif,"B02,B03,B04,B05,B06,B07,B11",
GEDI04_A_2021122153556_O13522_03_T06907_02_002_02_V002.h5,135221100300280882,39.913519614676446,-122.05738634110423,28.44549560546875,HLS.L30.T10TEK.2021007T185141.v2.0,2713,2686,field_boundary_patch_tifs\patch_135221100300280882_HLS.L30.T10TEK.2021007T185141.v2.0.tif,"B02,B03,B04,B05,B06,B07,B11",
GEDI04_A_2021122153556_O13522_03_T06907_02_002_02_V002.h5,135221100300280883,39.91288748575527,-122.05633197069089,30.86871337890625,HLS.L30.T10TEK.2021007T185141.v2.0,2716,2689,field_boundary_patch_tifs\patch_135221100300280883_HLS.L30.T10TEK.2021007T185141.v2.0.tif,"B02,B03,B04,B05,B06,B07,B11",
GEDI04_A_2021122153556_O13522_03_T06907_02_002_02_V002.h5,135221100300280884,39.91257146763052,-122.05580487545093,24.5406494140625,HLS.L30.T10TEK.2021007T185141.v2.0,2717,2690,field_boundary_patch_tifs\patch_135221100300280884_HLS.L30.T10TEK.2021007T185141.v2.0.tif,"B02,B03,B04,B05,B06,B07,B11",
GEDI04_A_2021122153556_O13522_03_T06907_02_002_02_V002.h5,135221100300280885,39.91225551102146,-122.05527784262912,26.1688175201416,HLS.L30.T10TEK.2021007T185141.v2.0,2718,2692,field_boundary_patch_tifs\patch_135221100300280885_HLS.L30.T10TEK.2021007T185141.v2.0.tif,"B02,B03,B04,B05,B06,B07,B11",
GEDI04_A_2021122153556_O13522_03_T06907_02_002_02_V002.h5,135221100300280886,39.91193961221846,-122.05475090554236,62.902767181396484,HLS.L30.T10TEK.2021007T185141.v2.0,2719,2693,field_boundary_patch_tifs\patch_135221100300280886_HLS.L30.T10TEK.2021007T185141.v2.0.tif,"B02,B03,B04,B05,B06,B07,B11",
GEDI04_A_2021122153556_O13522_03_T06907_02_002_02_V002.h5,135221100300280887,39.91162335288576,-122.05422418642095,171.54795837402344,HLS.L30.T10TEK.2021007T185141.v2.0,2720,2695,field_boundary_patch_tifs\patch_135221100300280887_HLS.L30.T10TEK.2021007T185141.v2.0.tif,"B02,B03,B04,B05,B06,B07,B11",
GEDI04_A_2021122153556_O13522_03_T06907_02_002_02_V002.h5,135221100300280908,39.905020700569416,-122.04318073571918,28.258867263793945,HLS.L30.T10TEK.2021007T185141.v2.0,2744,2726,field_boundary_patch_tifs\patch_135221100300280908_HLS.L30.T10TEK.2021007T185141.v2.0.tif,"B02,B03,B04,B05,B06,B07,B11",
GEDI04_A_2021122153556_O13522_03_T06907_02_002_02_V002.h5,135221100300280909,39.904707827058985,-122.042655553932,0.9703503251075745,HLS.L30.T10TEK.2021007T185141.v2.0,2746,2728,field_boundary_patch_tifs\patch_135221100300280909_HLS.L30.T10TEK.2021007T185141.v2.0.tif,"B02,B03,B04,B05,B06,B07,B11",
GEDI04_A_2021122153556_O13522_03_T06907_02_002_02_V002.h5,135221100300280910,39.90439458768772,-122.04213043349611,0.8347305059432983,HLS.L30.T10TEK.2021007T185141.v2.0,2747,2729,field_boundary_patch_tifs\patch_135221100300280910_HLS.L30.T10TEK.2021007T185141.v2.0.tif,"B02,B03,B04,B05,B06,B07,B11",
GEDI04_A_2021122153556_O13522_03_T06907_02_002_02_V002.h5,135221100300280911,39.904081342602716,-122.04160532712635,0.7424655556678772,HLS.L30.T10TEK.2021007T185141.v2.0,2748,2731,field_boundary_patch_tifs\patch_135221100300280911_HLS.L30.T10TEK.2021007T185141.v2.0.tif,"B02,B03,B04,B05,B06,B07,B11",
GEDI04_A_2021122153556_O13522_03_T06907_02_002_02_V002.h5,135221100300280912,39.9037680811673,-122.04108022772684,0.8347305059432983,HLS.L30.T10TEK.2021007T185141.v2.0,2749,2732,field_boundary_patch_tifs\patch_135221100300280912_HLS.L30.T10TEK.2021007T185141.v2.0.tif,"B02,B03,B04,B05,B06,B07,B11",
GEDI04_A_2021122153556_O13522_03_T06907_02_002_02_V002.h5,135221100300280913,39.90345479613785,-122.04055512870342,0.8347305059432983,HLS.L30.T10TEK.2021007T185141.v2.0,2750,2734,field_boundary_patch_tifs\patch_135221100300280913_HLS.L30.T10TEK.2021007T185141.v2.0.tif,"B02,B03,B04,B05,B06,B07,B11",
GEDI04_A_2021122153556_O13522_03_T06907_02_002_02_V002.h5,135221100300280914,39.90314146185592,-122.04003002185877,0.7879272103309631,HLS.L30.T10TEK.2021007T185141.v2.0,2751,2735,field_boundary_patch_tifs\patch_135221100300280914_HLS.L30.T10TEK.2021007T185141.v2.0.tif,"B02,B03,B04,B05,B06,B07,B11",
GEDI04_A_2021122153556_O13522_03_T06907_02_002_02_V002.h5,135221100300280915,39.90282804667872,-122.03950490267134,0.919861912727356,HLS.L30.T10TEK.2021007T185141.v2.0,2752,2737,field_boundary_patch_tifs\patch_135221100300280915_HLS.L30.T10TEK.2021007T185141.v2.0.tif,"B02,B03,B04,B05,B06,B07,B11",
GEDI04_A_2021122153556_O13522_03_T06907_02_002_02_V002.h5,135221100300280916,39.90251456684447,-122.03897976193991,0.8347305059432983,HLS.L30.T10TEK.2021007T185141.v2.0,2754,2738,field_boundary_patch_tifs\patch_135221100300280916_HLS.L30.T10TEK.2021007T185141.v2.0.tif,"B02,B03,B04,B05,B06,B07,B11",
GEDI04_A_2021122153556_O13522_03_T06907_02_002_02_V002.h5,135221100300280917,39.902200994986124,-122.03845459160028,0.7424655556678772,HLS.L30.T10TEK.2021007T185141.v2.0,2755,2740,field_boundary_patch_tifs\patch_135221100300280917_HLS.L30.T10TEK.2021007T185141.v2.0.tif,"B02,B03,B04,B05,B06,B07,B11",
GEDI04_A_2021122153556_O13522_03_T06907_02_002_02_V002.h5,135221100300280918,39.90188730729615,-122.03792938640275,0.882874608039856,HLS.L30.T10TEK.2021007T185141.v2.0,2756,2742,field_boundary_patch_tifs\patch_135221100300280918_HLS.L30.T10TEK.2021007T185141.v2.0.tif,"B02,B03,B04,B05,B06,B07,B11",
GEDI04_A_2021122153556_O13522_03_T06907_02_002_02_V002.h5,135221100300280919,39.9015735008153,-122.03740413889328,0.8347305059432983,HLS.L30.T10TEK.2021007T185141.v2.0,2757,2743,field_boundary_patch_tifs\patch_135221100300280919_HLS.L30.T10TEK.2021007T185141.v2.0.tif,"B02,B03,B04,B05,B06,B07,B11",
GEDI04_A_2021126140303_O13583_03_T11176_02_002_02_V002.h5,135830000300282170,39.908292843958854,-122.08825338071114,23.800424575805664,HLS.L30.T10TEK.2021007T185141.v2.0,2734,2598,field_boundary_patch_tifs\patch_135830000300282170_HLS.L30.T10TEK.2021007T185141.v2.0.tif,"B02,B03,B04,B05,B06,B07,B11",
GEDI04_A_2021126140303_O13583_03_T11176_02_002_02_V002.h5,135830000300282172,39.90766192612946,-122.08720330764997,99.82634735107422,HLS.L30.T10TEK.2021007T185141.v2.0,2736,2601,field_boundary_patch_tifs\patch_135830000300282172_HLS.L30.T10TEK.2021007T185141.v2.0.tif,"B02,B03,B04,B05,B06,B07,B11",
GEDI04_A_2021126140303_O13583_03_T11176_02_002_02_V002.h5,135830000300282173,39.90734650437169,-122.08667821995292,189.0269012451172,HLS.L30.T10TEK.2021007T185141.v2.0,2737,2602,field_boundary_patch_tifs\patch_135830000300282173_HLS.L30.T10TEK.2021007T185141.v2.0.tif,"B02,B03,B04,B05,B06,B07,B11",
GEDI04_A_2021126140303_O13583_03_T11176_02_002_02_V002.h5,135830000300282174,39.90703112544865,-122.08615319179809,114.20525360107422,HLS.L30.T10TEK.2021007T185141.v2.0,2738,2604,field_boundary_patch_tifs\patch_135830000300282174_HLS.L30.T10TEK.2021007T185141.v2.0.tif,"B02,B03,B04,B05,B06,B07,B11",
GEDI04_A_2021126140303_O13583_03_T11176_02_002_02_V002.h5,135830000300282175,39.90671577419459,-122.08562817384272,164.2279510498047,HLS.L30.T10TEK.2021007T185141.v2.0,2739,2605,field_boundary_patch_tifs\patch_135830000300282175_HLS.L30.T10TEK.2021007T185141.v2.0.tif,"B02,B03,B04,B05,B06,B07,B11",
GEDI04_A_2021126140303_O13583_03_T11176_02_002_02_V002.h5,135830000300282176,39.906400406627384,-122.08510300354628,141.72262573242188,HLS.L30.T10TEK.2021007T185141.v2.0,2741,2607,field_boundary_patch_tifs\patch_135830000300282176_HLS.L30.T10TEK.2021007T185141.v2.0.tif,"B02,B03,B04,B05,B06,B07,B11",
GEDI04_A_2021126140303_O13583_03_T11176_02_002_02_V002.h5,135830000300282207,39.89661752726962,-122.0688232276453,78.39134216308594,HLS.L30.T10TEK.2021007T185141.v2.0,2776,2654,field_boundary_patch_tifs\patch_135830000300282207_HLS.L30.T10TEK.2021007T185141.v2.0.tif,"B02,B03,B04,B05,B06,B07,B11",
GEDI04_A_2021126140303_O13583_03_T11176_02_002_02_V002.h5,135830000300282208,39.89630143108217,-122.06829809345578,2.0885369777679443,HLS.L30.T10TEK.2021007T185141.v2.0,2777,2655,field_boundary_patch_tifs\patch_135830000300282208_HLS.L30.T10TEK.2021007T185141.v2.0.tif,"B02,B03,B04,B05,B06,B07,B11",
GEDI04_A_2021126140303_O13583_03_T11176_02_002_02_V002.h5,135830100300281359,39.90451377009652,-122.0936336643878,45.180118560791016,HLS.L30.T10TEK.2021007T185141.v2.0,2748,2583,field_boundary_patch_tifs\patch_135830100300281359_HLS.L30.T10TEK.2021007T185141.v2.0.tif,"B02,B03,B04,B05,B06,B07,B11",
GEDI04_A_2021126140303_O13583_03_T11176_02_002_02_V002.h5,135830100300281360,39.90419802830562,-122.09310888465271,44.38561248779297,HLS.L30.T10TEK.2021007T185141.v2.0,2749,2584,field_boundary_patch_tifs\patch_135830100300281360_HLS.L30.T10TEK.2021007T185141.v2.0.tif,"B02,B03,B04,B05,B06,B07,B11",
GEDI04_A_2021126140303_O13583_03_T11176_02_002_02_V002.h5,135830100300281361,39.90388229213328,-122.09258404515406,35.125797271728516,HLS.L30.T10TEK.2021007T185141.v2.0,2750,2586,field_boundary_patch_tifs\patch_135830100300281361_HLS.L30.T10TEK.2021007T185141.v2.0.tif,"B02,B03,B04,B05,B06,B07,B11",
GEDI04_A_2021126140303_O13583_03_T11176_02_002_02_V002.h5,135830100300281367,39.90167312530425,-122.08890975206656,14.74622631072998,HLS.L30.T10TEK.2021007T185141.v2.0,2758,2596,field_boundary_patch_tifs\patch_135830100300281367_HLS.L30.T10TEK.2021007T185141.v2.0.tif,"B02,B03,B04,B05,B06,B07,B11",
GEDI04_A_2021126140303_O13583_03_T11176_02_002_02_V002.h5,135830100300281370,39.900726666790845,-122.08733420461336,84.45337677001953,HLS.L30.T10TEK.2021007T185141.v2.0,2762,2601,field_boundary_patch_tifs\patch_135830100300281370_HLS.L30.T10TEK.2021007T185141.v2.0.tif,"B02,B03,B04,B05,B06,B07,B11",
GEDI04_A_2021126140303_O13583_03_T11176_02_002_02_V002.h5,135830100300281371,39.90041147883992,-122.08680965390002,56.640071868896484,HLS.L30.T10TEK.2021007T185141.v2.0,2763,2602,field_boundary_patch_tifs\patch_135830100300281371_HLS.L30.T10TEK.2021007T185141.v2.0.tif,"B02,B03,B04,B05,B06,B07,B11",
GEDI04_A_2021126140303_O13583_03_T11176_02_002_02_V002.h5,135830200300282411,39.898718030547364,-122.09236590736452,20.691734313964844,HLS.L30.T10TEK.2021007T185141.v2.0,2769,2587,field_boundary_patch_tifs\patch_135830200300282411_HLS.L30.T10TEK.2021007T185141.v2.0.tif,"B02,B03,B04,B05,B06,B07,B11",
GEDI04_A_2021126140303_O13583_03_T11176_02_002_02_V002.h5,135830200300282413,39.89808683107376,-122.0913142216468,22.174633026123047,HLS.L30.T10TEK.2021007T185141.v2.0,2771,2590,field_boundary_patch_tifs\patch_135830200300282413_HLS.L30.T10TEK.2021007T185141.v2.0.tif,"B02,B03,B04,B05,B06,B07,B11",
GEDI04_A_2021126140303_O13583_03_T11176_02_002_02_V002.h5,135830200300282414,39.89777120063273,-122.09078844515659,24.426734924316406,HLS.L30.T10TEK.2021007T185141.v2.0,2773,2591,field_boundary_patch_tifs\patch_135830200300282414_HLS.L30.T10TEK.2021007T185141.v2.0.tif,"B02,B03,B04,B05,B06,B07,B11",
GEDI04_A_2021126140303_O13583_03_T11176_02_002_02_V002.h5,135830200300282417,39.896824160043344,-122.08921146878015,22.598506927490234,HLS.L30.T10TEK.2021007T185141.v2.0,2776,2596,field_boundary_patch_tifs\patch_135830200300282417_HLS.L30.T10TEK.2021007T185141.v2.0.tif,"B02,B03,B04,B05,B06,B07,B11",
GEDI04_A_2021126140303_O13583_03_T11176_02_002_02_V002.h5,135830200300282420,39.8958767969255,-122.0876350503552,65.01727294921875,HLS.L30.T10TEK.2021007T185141.v2.0,2780,2600,field_boundary_patch_tifs\patch_135830200300282420_HLS.L30.T10TEK.2021007T185141.v2.0.tif,"B02,B03,B04,B05,B06,B07,B11",
GEDI04_A_2021126140303_O13583_03_T11176_02_002_02_V002.h5,135830300300281384,39.8920935752147,-122.09301246503215,27.558086395263672,HLS.L30.T10TEK.2021007T185141.v2.0,2794,2585,field_boundary_patch_tifs\patch_135830300300281384_HLS.L30.T10TEK.2021007T185141.v2.0.tif,"B02,B03,B04,B05,B06,B07,B11",
GEDI04_A_2021237180532_O15306_03_T08330_02_002_02_V002.h5,153060000300282352,39.91752684094486,-122.05168594944888,69.0688705444336,HLS.L30.T10TEK.2021007T185141.v2.0,2698,2702,field_boundary_patch_tifs\patch_153060000300282352_HLS.L30.T10TEK.2021007T185141.v2.0.tif,"B02,B03,B04,B05,B06,B07,B11",
GEDI04_A_2021237180532_O15306_03_T08330_02_002_02_V002.h5,153060000300282360,39.91500137622281,-122.0474875509449,65.82154846191406,HLS.L30.T10TEK.2021007T185141.v2.0,2708,2714,field_boundary_patch_tifs\patch_153060000300282360_HLS.L30.T10TEK.2021007T185141.v2.0.tif,"B02,B03,B04,B05,B06,B07,B11",
GEDI04_A_2021237180532_O15306_03_T08330_02_002_02_V002.h5,153060100300281377,39.91435223874522,-122.05813170669111,24.27246856689453,HLS.L30.T10TEK.2021007T185141.v2.0,2710,2683,field_boundary_patch_tifs\patch_153060100300281377_HLS.L30.T10TEK.2021007T185141.v2.0.tif,"B02,B03,B04,B05,B06,B07,B11",
GEDI04_A_2021237180532_O15306_03_T08330_02_002_02_V002.h5,153060100300281378,39.914036671051804,-122.05760711486596,30.882389068603516,HLS.L30.T10TEK.2021007T185141.v2.0,2711,2685,field_boundary_patch_tifs\patch_153060100300281378_HLS.L30.T10TEK.2021007T185141.v2.0.tif,"B02,B03,B04,B05,B06,B07,B11",
GEDI04_A_2021237180532_O15306_03_T08330_02_002_02_V002.h5,153060100300281379,39.913722036372505,-122.05708361516795,63.03963851928711,HLS.L30.T10TEK.2021007T185141.v2.0,2713,2686,field_boundary_patch_tifs\patch_153060100300281379_HLS.L30.T10TEK.2021007T185141.v2.0.tif,"B02,B03,B04,B05,B06,B07,B11",
GEDI04_A_2021237180532_O15306_03_T08330_02_002_02_V002.h5,153060100300281383,39.9124582901587,-122.05498382350676,19.62646484375,HLS.L30.T10TEK.2021007T185141.v2.0,2717,2692,field_boundary_patch_tifs\patch_153060100300281383_HLS.L30.T10TEK.2021007T185141.v2.0.tif,"B02,B03,B04,B05,B06,B07,B11",
GEDI04_A_2021237180532_O15306_03_T08330_02_002_02_V002.h5,153060100300281386,39.911511621419685,-122.0534103603291,95.7437744140625,HLS.L30.T10TEK.2021007T185141.v2.0,2721,2697,field_boundary_patch_tifs\patch_153060100300281386_HLS.L30.T10TEK.2021007T185141.v2.0.tif,"B02,B03,B04,B05,B06,B07,B11",
GEDI04_A_2021237180532_O15306_03_T08330_02_002_02_V002.h5,153060100300281391,39.90993313904705,-122.05078695295448,91.46068572998047,HLS.L30.T10TEK.2021007T185141.v2.0,2726,2705,field_boundary_patch_tifs\patch_153060100300281391_HLS.L30.T10TEK.2021007T185141.v2.0.tif,"B02,B03,B04,B05,B06,B07,B11",
GEDI04_A_2021237180532_O15306_03_T08330_02_002_02_V002.h5,153060100300281392,39.90961721542411,-122.05026192280971,67.14177703857422,HLS.L30.T10TEK.2021007T185141.v2.0,2728,2706,field_boundary_patch_tifs\patch_153060100300281392_HLS.L30.T10TEK.2021007T185141.v2.0.tif,"B02,B03,B04,B05,B06,B07,B11",
GEDI04_A_2021237180532_O15306_03_T08330_02_002_02_V002.h5,153060100300281393,39.909301522668414,-122.04973713151219,99.47388458251953,HLS.L30.T10TEK.2021007T185141.v2.0,2729,2708,field_boundary_patch_tifs\patch_153060100300281393_HLS.L30.T10TEK.2021007T185141.v2.0.tif,"B02,B03,B04,B05,B06,B07,B11",
GEDI04_A_2021237180532_O15306_03_T08330_02_002_02_V002.h5,153060100300281395,39.90867008564866,-122.04868740348093,31.536815643310547,HLS.L30.T10TEK.2021007T185141.v2.0,2731,2711,field_boundary_patch_tifs\patch_153060100300281395_HLS.L30.T10TEK.2021007T185141.v2.0.tif,"B02,B03,B04,B05,B06,B07,B11",
GEDI04_A_2021237180532_O15306_03_T08330_02_002_02_V002.h5,153060100300281397,39.9080384538636,-122.0476373176018,49.07362747192383,HLS.L30.T10TEK.2021007T185141.v2.0,2733,2714,field_boundary_patch_tifs\patch_153060100300281397_HLS.L30.T10TEK.2021007T185141.v2.0.tif,"B02,B03,B04,B05,B06,B07,B11",
GEDI04_A_2021237180532_O15306_03_T08330_02_002_02_V002.h5,153060100300281400,39.9070911610737,-122.0460620644047,38.88890075683594,HLS.L30.T10TEK.2021007T185141.v2.0,2737,2718,field_boundary_patch_tifs\patch_153060100300281400_HLS.L30.T10TEK.2021007T185141.v2.0.tif,"B02,B03,B04,B05,B06,B07,B11",
GEDI04_A_2021237180532_O15306_03_T08330_02_002_02_V002.h5,153060200300282485,39.916042195573226,-122.06943839968342,30.961950302124023,HLS.L30.T10TEK.2021007T185141.v2.0,2704,2651,field_boundary_patch_tifs\patch_153060200300282485_HLS.L30.T10TEK.2021007T185141.v2.0.tif,"B02,B03,B04,B05,B06,B07,B11",
GEDI04_A_2021237180532_O15306_03_T08330_02_002_02_V002.h5,153060200300282487,39.91541027309285,-122.06838726311824,30.882389068603516,HLS.L30.T10TEK.2021007T185141.v2.0,2707,2654,field_boundary_patch_tifs\patch_153060200300282487_HLS.L30.T10TEK.2021007T185141.v2.0.tif,"B02,B03,B04,B05,B06,B07,B11",
GEDI04_A_2021237180532_O15306_03_T08330_02_002_02_V002.h5,153060200300282489,39.91477846026672,-122.06733623659643,29.646209716796875,HLS.L30.T10TEK.2021007T185141.v2.0,2709,2657,field_boundary_patch_tifs\patch_153060200300282489_HLS.L30.T10TEK.2021007T185141.v2.0.tif,"B02,B03,B04,B05,B06,B07,B11",
GEDI04_A_2021237180532_O15306_03_T08330_02_002_02_V002.h5,153060200300282490,39.91446267740569,-122.06681085325827,39.48749542236328,HLS.L30.T10TEK.2021007T185141.v2.0,2710,2659,field_boundary_patch_tifs\patch_153060200300282490_HLS.L30.T10TEK.2021007T185141.v2.0.tif,"B02,B03,B04,B05,B06,B07,B11",
GEDI04_A_2021237180532_O15306_03_T08330_02_002_02_V002.h5,153060200300282492,39.91383106307922,-122.06575999117027,20.71987533569336,HLS.L30.T10TEK.2021007T185141.v2.0,2712,2662,field_boundary_patch_tifs\patch_153060200300282492_HLS.L30.T10TEK.2021007T185141.v2.0.tif,"B02,B03,B04,B05,B06,B07,B11",
GEDI04_A_2021237180532_O15306_03_T08330_02_002_02_V002.h5,153060200300282493,39.913515240971115,-122.06523451736994,23.55628776550293,HLS.L30.T10TEK.2021007T185141.v2.0,2714,2663,field_boundary_patch_tifs\patch_153060200300282493_HLS.L30.T10TEK.2021007T185141.v2.0.tif,"B02,B03,B04,B05,B06,B07,B11",
GEDI04_A_2021237180532_O15306_03_T08330_02_002_02_V002.h5,153060200300282505,39.90972751651836,-122.058929209275,85.5148696899414,HLS.L30.T10TEK.2021007T185141.v2.0,2727,2681,field_boundary_patch_tifs\patch_153060200300282505_HLS.L30.T10TEK.2021007T185141.v2.0.tif,"B02,B03,B04,B05,B06,B07,B11",
GEDI04_A_2021237180532_O15306_03_T08330_02_002_02_V002.h5,153060200300282510,39.908150094239346,-122.05630213527277,84.49897766113281,HLS.L30.T10TEK.2021007T185141.v2.0,2733,2689,field_boundary_patch_tifs\patch_153060200300282510_HLS.L30.T10TEK.2021007T185141.v2.0.tif,"B02,B03,B04,B05,B06,B07,B11",
GEDI04_A_2021237180532_O15306_03_T08330_02_002_02_V002.h5,153060200300282511,39.90783446494018,-122.0557765662091,87.9896469116211,HLS.L30.T10TEK.2021007T185141.v2.0,2734,2690,field_boundary_patch_tifs\patch_153060200300282511_HLS.L30.T10TEK.2021007T185141.v2.0.tif,"B02,B03,B04,B05,B06,B07,B11",
GEDI04_A_2021237180532_O15306_03_T08330_02_002_02_V002.h5,153060200300282513,39.90720358391208,-122.05472591364558,92.700439453125,HLS.L30.T10TEK.2021007T185141.v2.0,2737,2693,field_boundary_patch_tifs\patch_153060200300282513_HLS.L30.T10TEK.2021007T185141.v2.0.tif,"B02,B03,B04,B05,B06,B07,B11",
GEDI04_A_2021237180532_O15306_03_T08330_02_002_02_V002.h5,153060200300282516,39.90625718887228,-122.05315003203808,72.03440856933594,HLS.L30.T10TEK.2021007T185141.v2.0,2740,2698,field_boundary_patch_tifs\patch_153060200300282516_HLS.L30.T10TEK.2021007T185141.v2.0.tif,"B02,B03,B04,B05,B06,B07,B11",
GEDI04_A_2021237180532_O15306_03_T08330_02_002_02_V002.h5,153060200300282522,39.90436458112016,-122.04999955485462,66.4452133178711,HLS.L30.T10TEK.2021007T185141.v2.0,2747,2707,field_boundary_patch_tifs\patch_153060200300282522_HLS.L30.T10TEK.2021007T185141.v2.0.tif,"B02,B03,B04,B05,B06,B07,B11",
GEDI04_A_2021237180532_O15306_03_T08330_02_002_02_V002.h5,153060200300282524,39.9037333786036,-122.04894945122174,63.177520751953125,HLS.L30.T10TEK.2021007T185141.v2.0,2749,2710,field_boundary_patch_tifs\patch_153060200300282524_HLS.L30.T10TEK.2021007T185141.v2.0.tif,"B02,B03,B04,B05,B06,B07,B11",
GEDI04_A_2021237180532_O15306_03_T08330_02_002_02_V002.h5,153060200300282539,39.898999149689075,-122.04107988697388,29.49905014038086,HLS.L30.T10TEK.2021007T185141.v2.0,2767,2733,field_boundary_patch_tifs\patch_153060200300282539_HLS.L30.T10TEK.2021007T185141.v2.0.tif,"B02,B03,B04,B05,B06,B07,B11",
GEDI04_A_2021237180532_O15306_03_T08330_02_002_02_V002.h5,153060200300282540,39.898683477235544,-122.04055544621173,27.62065887451172,HLS.L30.T10TEK.2021007T185141.v2.0,2768,2734,field_boundary_patch_tifs\patch_153060200300282540_HLS.L30.T10TEK.2021007T185141.v2.0.tif,"B02,B03,B04,B05,B06,B07,B11",
GEDI04_A_2021237180532_O15306_03_T08330_02_002_02_V002.h5,153060200300282542,39.89805209836448,-122.03950656908575,22.70022201538086,HLS.L30.T10TEK.2021007T185141.v2.0,2770,2737,field_boundary_patch_tifs\patch_153060200300282542_HLS.L30.T10TEK.2021007T185141.v2.0.tif,"B02,B03,B04,B05,B06,B07,B11",
GEDI04_A_2021237180532_O15306_03_T08330_02_002_02_V002.h5,153060200300282544,39.89742067485635,-122.03845768011283,21.935224533081055,HLS.L30.T10TEK.2021007T185141.v2.0,2772,2740,field_boundary_patch_tifs\patch_153060200300282544_HLS.L30.T10TEK.2021007T185141.v2.0.tif,"B02,B03,B04,B05,B06,B07,B11",
GEDI04_A_2021237180532_O15306_03_T08330_02_002_02_V002.h5,153060300300281352,39.91413161479346,-122.07798559188623,190.6204376220703,HLS.L30.T10TEK.2021007T185141.v2.0,2712,2627,field_boundary_patch_tifs\patch_153060300300281352_HLS.L30.T10TEK.2021007T185141.v2.0.tif,"B02,B03,B04,B05,B06,B07,B11",
GEDI04_A_2021237180532_O15306_03_T08330_02_002_02_V002.h5,153060300300281353,39.91381560659633,-122.07745971527227,41.12001037597656,HLS.L30.T10TEK.2021007T185141.v2.0,2713,2628,field_boundary_patch_tifs\patch_153060300300281353_HLS.L30.T10TEK.2021007T185141.v2.0.tif,"B02,B03,B04,B05,B06,B07,B11",
GEDI04_A_2021237180532_O15306_03_T08330_02_002_02_V002.h5,153060300300281354,39.913499635241614,-122.07693391906746,41.857322692871094,HLS.L30.T10TEK.2021007T185141.v2.0,2714,2630,field_boundary_patch_tifs\patch_153060300300281354_HLS.L30.T10TEK.2021007T185141.v2.0.tif,"B02,B03,B04,B05,B06,B07,B11",
GEDI04_A_2021237180532_O15306_03_T08330_02_002_02_V002.h5,153060300300281355,39.91318377638001,-122.07640829965706,46.53042984008789,HLS.L30.T10TEK.2021007T185141.v2.0,2715,2631,field_boundary_patch_tifs\patch_153060300300281355_HLS.L30.T10TEK.2021007T185141.v2.0.tif,"B02,B03,B04,B05,B06,B07,B11",
GEDI04_A_2021237180532_O15306_03_T08330_02_002_02_V002.h5,153060300300281361,39.91128843406508,-122.0732550514082,77.57959747314453,HLS.L30.T10TEK.2021007T185141.v2.0,2722,2640,field_boundary_patch_tifs\patch_153060300300281361_HLS.L30.T10TEK.2021007T185141.v2.0.tif,"B02,B03,B04,B05,B06,B07,B11",
GEDI04_A_2021237180532_O15306_03_T08330_02_002_02_V002.h5,153060300300281363,39.9106566421062,-122.07220415736143,89.6844253540039,HLS.L30.T10TEK.2021007T185141.v2.0,2724,2644,field_boundary_patch_tifs\patch_153060300300281363_HLS.L30.T10TEK.2021007T185141.v2.0.tif,"B02,B03,B04,B05,B06,B07,B11",
GEDI04_A_2021237180532_O15306_03_T08330_02_002_02_V002.h5,153060300300281365,39.9100246633594,-122.07115308436299,79.17658233642578,HLS.L30.T10TEK.2021007T185141.v2.0,2727,2647,field_boundary_patch_tifs\patch_153060300300281365_HLS.L30.T10TEK.2021007T185141.v2.0.tif,"B02,B03,B04,B05,B06,B07,B11",
GEDI04_A_2021237180532_O15306_03_T08330_02_002_02_V002.h5,153060300300281373,39.907497727921786,-122.06695005717026,75.48810577392578,HLS.L30.T10TEK.2021007T185141.v2.0,2736,2659,field_boundary_patch_tifs\patch_153060300300281373_HLS.L30.T10TEK.2021007T185141.v2.0.tif,"B02,B03,B04,B05,B06,B07,B11",
GEDI04_A_2021237180532_O15306_03_T08330_02_002_02_V002.h5,153060300300281374,39.90718191544639,-122.0664246957787,70.22197723388672,HLS.L30.T10TEK.2021007T185141.v2.0,2737,2660,field_boundary_patch_tifs\patch_153060300300281374_HLS.L30.T10TEK.2021007T185141.v2.0.tif,"B02,B03,B04,B05,B06,B07,B11",
GEDI04_A_2021237180532_O15306_03_T08330_02_002_02_V002.h5,153060300300281376,39.906550232774705,-122.06537382962124,23.08761215209961,HLS.L30.T10TEK.2021007T185141.v2.0,2739,2663,field_boundary_patch_tifs\patch_153060300300281376_HLS.L30.T10TEK.2021007T185141.v2.0.tif,"B02,B03,B04,B05,B06,B07,B11",
GEDI04_A_2021237180532_O15306_03_T08330_02_002_02_V002.h5,153060300300281379,39.905603125678134,-122.06379783200762,141.64869689941406,HLS.L30.T10TEK.2021007T185141.v2.0,2743,2668,field_boundary_patch_tifs\patch_153060300300281379_HLS.L30.T10TEK.2021007T185141.v2.0.tif,"B02,B03,B04,B05,B06,B07,B11",
GEDI04_A_2021237180532_O15306_03_T08330_02_002_02_V002.h5,153060300300281382,39.904656294235934,-122.06222183771206,160.1879425048828,HLS.L30.T10TEK.2021007T185141.v2.0,2746,2672,field_boundary_patch_tifs\patch_153060300300281382_HLS.L30.T10TEK.2021007T185141.v2.0.tif,"B02,B03,B04,B05,B06,B07,B11",
GEDI04_A_2021237180532_O15306_03_T08330_02_002_02_V002.h5,153060300300281385,39.90370951332135,-122.06064557952745,235.74652099609375,HLS.L30.T10TEK.2021007T185141.v2.0,2750,2677,field_boundary_patch_tifs\patch_153060300300281385_HLS.L30.T10TEK.2021007T185141.v2.0.tif,"B02,B03,B04,B05,B06,B07,B11",
GEDI04_A_2021237180532_O15306_03_T08330_02_002_02_V002.h5,153060300300281389,39.90244766037624,-122.05854425875076,134.56515502929688,HLS.L30.T10TEK.2021007T185141.v2.0,2754,2683,field_boundary_patch_tifs\patch_153060300300281389_HLS.L30.T10TEK.2021007T185141.v2.0.tif,"B02,B03,B04,B05,B06,B07,B11",
GEDI04_A_2021237180532_O15306_03_T08330_02_002_02_V002.h5,153060300300281397,39.899923991150665,-122.05434173304006,58.8851203918457,HLS.L30.T10TEK.2021007T185141.v2.0,2764,2695,field_boundary_patch_tifs\patch_153060300300281397_HLS.L30.T10TEK.2021007T185141.v2.0.tif,"B02,B03,B04,B05,B06,B07,B11",
GEDI04_A_2021237180532_O15306_03_T08330_02_002_02_V002.h5,153060300300281400,39.89897748437322,-122.05276602266514,17.262191772460938,HLS.L30.T10TEK.2021007T185141.v2.0,2767,2699,field_boundary_patch_tifs\patch_153060300300281400_HLS.L30.T10TEK.2021007T185141.v2.0.tif,"B02,B03,B04,B05,B06,B07,B11",
GEDI04_A_2021237180532_O15306_03_T08330_02_002_02_V002.h5,153060300300281401,39.898661993821314,-122.05224088581404,34.7236328125,HLS.L30.T10TEK.2021007T185141.v2.0,2768,2701,field_boundary_patch_tifs\patch_153060300300281401_HLS.L30.T10TEK.2021007T185141.v2.0.tif,"B02,B03,B04,B05,B06,B07,B11",
GEDI04_A_2021237180532_O15306_03_T08330_02_002_02_V002.h5,153060300300281403,39.89803106047618,-122.05119082793024,56.66363525390625,HLS.L30.T10TEK.2021007T185141.v2.0,2770,2704,field_boundary_patch_tifs\patch_153060300300281403_HLS.L30.T10TEK.2021007T185141.v2.0.tif,"B02,B03,B04,B05,B06,B07,B11",
GEDI04_A_2021237180532_O15306_03_T08330_02_002_02_V002.h5,153060300300281405,39.89740005914004,-122.05014092190214,59.864646911621094,HLS.L30.T10TEK.2021007T185141.v2.0,2773,2707,field_boundary_patch_tifs\patch_153060300300281405_HLS.L30.T10TEK.2021007T185141.v2.0.tif,"B02,B03,B04,B05,B06,B07,B11",
GEDI04_A_2021237180532_O15306_03_T08330_02_002_02_V002.h5,153060300300281407,39.89676902914025,-122.04909123891302,54.489376068115234,HLS.L30.T10TEK.2021007T185141.v2.0,2775,2710,field_boundary_patch_tifs\patch_153060300300281407_HLS.L30.T10TEK.2021007T185141.v2.0.tif,"B02,B03,B04,B05,B06,B07,B11",
GEDI04_A_2021237180532_O15306_03_T08330_02_002_02_V002.h5,153060300300281408,39.89645357968091,-122.04856657260258,83.0114974975586,HLS.L30.T10TEK.2021007T185141.v2.0,2776,2711,field_boundary_patch_tifs\patch_153060300300281408_HLS.L30.T10TEK.2021007T185141.v2.0.tif,"B02,B03,B04,B05,B06,B07,B11",
GEDI04_A_2021237180532_O15306_03_T08330_02_002_02_V002.h5,153060300300281409,39.89613799169053,-122.04804178888969,57.29701614379883,HLS.L30.T10TEK.2021007T185141.v2.0,2777,2713,field_boundary_patch_tifs\patch_153060300300281409_HLS.L30.T10TEK.2021007T185141.v2.0.tif,"B02,B03,B04,B05,B06,B07,B11",
GEDI04_A_2021237180532_O15306_03_T08330_02_002_02_V002.h5,153060300300281411,39.895506764197364,-122.0469923185257,47.80637741088867,HLS.L30.T10TEK.2021007T185141.v2.0,2780,2716,field_boundary_patch_tifs\patch_153060300300281411_HLS.L30.T10TEK.2021007T185141.v2.0.tif,"B02,B03,B04,B05,B06,B07,B11",
GEDI04_A_2021237180532_O15306_03_T08330_02_002_02_V002.h5,153060300300281413,39.89487562252786,-122.04594315278251,51.6129150390625,HLS.L30.T10TEK.2021007T185141.v2.0,2782,2719,field_boundary_patch_tifs\patch_153060300300281413_HLS.L30.T10TEK.2021007T185141.v2.0.tif,"B02,B03,B04,B05,B06,B07,B11",
GEDI04_A_2021237180532_O15306_03_T08330_02_002_02_V002.h5,153060300300281414,39.89456000175337,-122.04541857315927,42.77743148803711,HLS.L30.T10TEK.2021007T185141.v2.0,2783,2720,field_boundary_patch_tifs\patch_153060300300281414_HLS.L30.T10TEK.2021007T185141.v2.0.tif,"B02,B03,B04,B05,B06,B07,B11",
GEDI04_A_2021237180532_O15306_03_T08330_02_002_02_V002.h5,153060300300281415,39.89424440413384,-122.04489406298822,55.99998092651367,HLS.L30.T10TEK.2021007T185141.v2.0,2784,2722,field_boundary_patch_tifs\patch_153060300300281415_HLS.L30.T10TEK.2021007T185141.v2.0.tif,"B02,B03,B04,B05,B06,B07,B11",
GEDI04_A_2021237180532_O15306_03_T08330_02_002_02_V002.h5,153060300300281416,39.89392872308059,-122.04436948536423,44.26637268066406,HLS.L30.T10TEK.2021007T185141.v2.0,2785,2723,field_boundary_patch_tifs\patch_153060300300281416_HLS.L30.T10TEK.2021007T185141.v2.0.tif,"B02,B03,B04,B05,B06,B07,B11",
GEDI04_A_2021237180532_O15306_03_T08330_02_002_02_V002.h5,153060500300281120,39.91045099056915,-122.0885483511268,92.21712493896484,HLS.L30.T10TEK.2021007T185141.v2.0,2726,2597,field_boundary_patch_tifs\patch_153060500300281120_HLS.L30.T10TEK.2021007T185141.v2.0.tif,"B02,B03,B04,B05,B06,B07,B11",
GEDI04_A_2021237180532_O15306_03_T08330_02_002_02_V002.h5,153060500300281121,39.91013557258025,-122.08802266337288,61.977561950683594,HLS.L30.T10TEK.2021007T185141.v2.0,2727,2598,field_boundary_patch_tifs\patch_153060500300281121_HLS.L30.T10TEK.2021007T185141.v2.0.tif,"B02,B03,B04,B05,B06,B07,B11",
GEDI04_A_2021237180532_O15306_03_T08330_02_002_02_V002.h5,153060500300281122,39.909820191414425,-122.08749703596129,114.66043853759766,HLS.L30.T10TEK.2021007T185141.v2.0,2728,2600,field_boundary_patch_tifs\patch_153060500300281122_HLS.L30.T10TEK.2021007T185141.v2.0.tif,"B02,B03,B04,B05,B06,B07,B11",
GEDI04_A_2021237180532_O15306_03_T08330_02_002_02_V002.h5,153060500300281123,39.909504865913924,-122.08697150101115,114.22052001953125,HLS.L30.T10TEK.2021007T185141.v2.0,2729,2601,field_boundary_patch_tifs\patch_153060500300281123_HLS.L30.T10TEK.2021007T185141.v2.0.tif,"B02,B03,B04,B05,B06,B07,B11",
GEDI04_A_2021237180532_O15306_03_T08330_02_002_02_V002.h5,153060500300281124,39.90918943387064,-122.08644582147387,52.321693420410156,HLS.L30.T10TEK.2021007T185141.v2.0,2730,2603,field_boundary_patch_tifs\patch_153060500300281124_HLS.L30.T10TEK.2021007T185141.v2.0.tif,"B02,B03,B04,B05,B06,B07,B11",
GEDI04_A_2021237180532_O15306_03_T08330_02_002_02_V002.h5,153060500300281126,39.9085587575878,-122.08539479955215,35.3553352355957,HLS.L30.T10TEK.2021007T185141.v2.0,2733,2606,field_boundary_patch_tifs\patch_153060500300281126_HLS.L30.T10TEK.2021007T185141.v2.0.tif,"B02,B03,B04,B05,B06,B07,B11",
GEDI04_A_2021237180532_O15306_03_T08330_02_002_02_V002.h5,153060500300281127,39.90824342969898,-122.08486934089653,24.635196685791016,HLS.L30.T10TEK.2021007T185141.v2.0,2734,2608,field_boundary_patch_tifs\patch_153060500300281127_HLS.L30.T10TEK.2021007T185141.v2.0.tif,"B02,B03,B04,B05,B06,B07,B11",
GEDI04_A_2021237180532_O15306_03_T08330_02_002_02_V002.h5,153060500300281128,39.90792810690169,-122.08434391987346,40.5524787902832,HLS.L30.T10TEK.2021007T185141.v2.0,2735,2609,field_boundary_patch_tifs\patch_153060500300281128_HLS.L30.T10TEK.2021007T185141.v2.0.tif,"B02,B03,B04,B05,B06,B07,B11",
GEDI04_A_2021237180532_O15306_03_T08330_02_002_02_V002.h5,153060500300281130,39.907297421626104,-122.08329312585023,101.12669372558594,HLS.L30.T10TEK.2021007T185141.v2.0,2737,2612,field_boundary_patch_tifs\patch_153060500300281130_HLS.L30.T10TEK.2021007T185141.v2.0.tif,"B02,B03,B04,B05,B06,B07,B11",
GEDI04_A_2021237180532_O15306_03_T08330_02_002_02_V002.h5,153060500300281131,39.906982098137874,-122.08276781865092,102.10671997070312,HLS.L30.T10TEK.2021007T185141.v2.0,2738,2614,field_boundary_patch_tifs\patch_153060500300281131_HLS.L30.T10TEK.2021007T185141.v2.0.tif,"B02,B03,B04,B05,B06,B07,B11",
GEDI04_A_2021237180532_O15306_03_T08330_02_002_02_V002.h5,153060500300281132,39.90666668282823,-122.08224242154003,53.30182647705078,HLS.L30.T10TEK.2021007T185141.v2.0,2739,2615,field_boundary_patch_tifs\patch_153060500300281132_HLS.L30.T10TEK.2021007T185141.v2.0.tif,"B02,B03,B04,B05,B06,B07,B11",
GEDI04_A_2021237180532_O15306_03_T08330_02_002_02_V002.h5,153060500300281133,39.90635138080191,-122.0817172431204,154.52313232421875,HLS.L30.T10TEK.2021007T185141.v2.0,2741,2617,field_boundary_patch_tifs\patch_153060500300281133_HLS.L30.T10TEK.2021007T185141.v2.0.tif,"B02,B03,B04,B05,B06,B07,B11",
GEDI04_A_2021237180532_O15306_03_T08330_02_002_02_V002.h5,153060500300281134,39.90603589221862,-122.08119184188368,118.24907684326172,HLS.L30.T10TEK.2021007T185141.v2.0,2742,2618,field_boundary_patch_tifs\patch_153060500300281134_HLS.L30.T10TEK.2021007T185141.v2.0.tif,"B02,B03,B04,B05,B06,B07,B11",
GEDI04_A_2021237180532_O15306_03_T08330_02_002_02_V002.h5,153060500300281136,39.90540518015093,-122.08014161347594,79.91768646240234,HLS.L30.T10TEK.2021007T185141.v2.0,2744,2621,field_boundary_patch_tifs\patch_153060500300281136_HLS.L30.T10TEK.2021007T185141.v2.0.tif,"B02,B03,B04,B05,B06,B07,B11",
GEDI04_A_2021237180532_O15306_03_T08330_02_002_02_V002.h5,153060500300281137,39.90508973144207,-122.07961645958969,89.13347625732422,HLS.L30.T10TEK.2021007T185141.v2.0,2745,2623,field_boundary_patch_tifs\patch_153060500300281137_HLS.L30.T10TEK.2021007T185141.v2.0.tif,"B02,B03,B04,B05,B06,B07,B11",
GEDI04_A_2021237180532_O15306_03_T08330_02_002_02_V002.h5,153060500300281138,39.90477428741946,-122.07909138326055,148.33949279785156,HLS.L30.T10TEK.2021007T185141.v2.0,2746,2624,field_boundary_patch_tifs\patch_153060500300281138_HLS.L30.T10TEK.2021007T185141.v2.0.tif,"B02,B03,B04,B05,B06,B07,B11",
GEDI04_A_2021237180532_O15306_03_T08330_02_002_02_V002.h5,153060500300281139,39.904458890514555,-122.07856644906741,164.014404296875,HLS.L30.T10TEK.2021007T185141.v2.0,2748,2626,field_boundary_patch_tifs\patch_153060500300281139_HLS.L30.T10TEK.2021007T185141.v2.0.tif,"B02,B03,B04,B05,B06,B07,B11",
GEDI04_A_2021237180532_O15306_03_T08330_02_002_02_V002.h5,153060500300281140,39.904143412780996,-122.07804146363866,127.74887084960938,HLS.L30.T10TEK.2021007T185141.v2.0,2749,2627,field_boundary_patch_tifs\patch_153060500300281140_HLS.L30.T10TEK.2021007T185141.v2.0.tif,"B02,B03,B04,B05,B06,B07,B11",
GEDI04_A_2021237180532_O15306_03_T08330_02_002_02_V002.h5,153060500300281141,39.90382790215286,-122.07751649407724,148.92343139648438,HLS.L30.T10TEK.2021007T185141.v2.0,2750,2629,field_boundary_patch_tifs\patch_153060500300281141_HLS.L30.T10TEK.2021007T185141.v2.0.tif,"B02,B03,B04,B05,B06,B07,B11",
GEDI04_A_2021237180532_O15306_03_T08330_02_002_02_V002.h5,153060500300281142,39.90351238281933,-122.07699157272879,135.61953735351562,HLS.L30.T10TEK.2021007T185141.v2.0,2751,2630,field_boundary_patch_tifs\patch_153060500300281142_HLS.L30.T10TEK.2021007T185141.v2.0.tif,"B02,B03,B04,B05,B06,B07,B11",
GEDI04_A_2021237180532_O15306_03_T08330_02_002_02_V002.h5,153060500300281143,39.9031968932941,-122.0764667529842,30.505956649780273,HLS.L30.T10TEK.2021007T185141.v2.0,2752,2632,field_boundary_patch_tifs\patch_153060500300281143_HLS.L30.T10TEK.2021007T185141.v2.0.tif,"B02,B03,B04,B05,B06,B07,B11",
GEDI04_A_2021237180532_O15306_03_T08330_02_002_02_V002.h5,153060500300281145,39.90256567329022,-122.07541691140622,15.914032936096191,HLS.L30.T10TEK.2021007T185141.v2.0,2754,2635,field_boundary_patch_tifs\patch_153060500300281145_HLS.L30.T10TEK.2021007T185141.v2.0.tif,"B02,B03,B04,B05,B06,B07,B11",
GEDI04_A_2021237180532_O15306_03_T08330_02_002_02_V002.h5,153060500300281161,39.89751612480357,-122.06702247610727,9.515846252441406,HLS.L30.T10TEK.2021007T185141.v2.0,2773,2659,field_boundary_patch_tifs\patch_153060500300281161_HLS.L30.T10TEK.2021007T185141.v2.0.tif,"B02,B03,B04,B05,B06,B07,B11",
GEDI04_A_2021237180532_O15306_03_T08330_02_002_02_V002.h5,153060500300281164,39.896569215796724,-122.06544833922409,11.029232025146484,HLS.L30.T10TEK.2021007T185141.v2.0,2776,2663,field_boundary_patch_tifs\patch_153060500300281164_HLS.L30.T10TEK.2021007T185141.v2.0.tif,"B02,B03,B04,B05,B06,B07,B11",
GEDI04_A_2021237180532_O15306_03_T08330_02_002_02_V002.h5,153060500300281165,39.89625356835075,-122.06492355563186,117.33084106445312,HLS.L30.T10TEK.2021007T185141.v2.0,2777,2665,field_boundary_patch_tifs\patch_153060500300281165_HLS.L30.T10TEK.2021007T185141.v2.0.tif,"B02,B03,B04,B05,B06,B07,B11",
GEDI04_A_2021237180532_O15306_03_T08330_02_002_02_V002.h5,153060500300281167,39.895622324669354,-122.06387397555736,118.39661407470703,HLS.L30.T10TEK.2021007T185141.v2.0,2780,2668,field_boundary_patch_tifs\patch_153060500300281167_HLS.L30.T10TEK.2021007T185141.v2.0.tif,"B02,B03,B04,B05,B06,B07,B11",
GEDI04_A_2021237180532_O15306_03_T08330_02_002_02_V002.h5,153060500300281168,39.89530667459434,-122.06334909320276,129.08372497558594,HLS.L30.T10TEK.2021007T185141.v2.0,2781,2669,field_boundary_patch_tifs\patch_153060500300281168_HLS.L30.T10TEK.2021007T185141.v2.0.tif,"B02,B03,B04,B05,B06,B07,B11",
GEDI04_A_2021237180532_O15306_03_T08330_02_002_02_V002.h5,153060500300281169,39.89499104986202,-122.06282421123183,100.31448364257812,HLS.L30.T10TEK.2021007T185141.v2.0,2782,2671,field_boundary_patch_tifs\patch_153060500300281169_HLS.L30.T10TEK.2021007T185141.v2.0.tif,"B02,B03,B04,B05,B06,B07,B11",
GEDI04_A_2021237180532_O15306_03_T08330_02_002_02_V002.h5,153060500300281170,39.89467550025969,-122.06229940058289,41.38338088989258,HLS.L30.T10TEK.2021007T185141.v2.0,2783,2672,field_boundary_patch_tifs\patch_153060500300281170_HLS.L30.T10TEK.2021007T185141.v2.0.tif,"B02,B03,B04,B05,B06,B07,B11",
GEDI04_A_2021237180532_O15306_03_T08330_02_002_02_V002.h5,153060500300281171,39.8943598681447,-122.06177442428526,142.70748901367188,HLS.L30.T10TEK.2021007T185141.v2.0,2784,2674,field_boundary_patch_tifs\patch_153060500300281171_HLS.L30.T10TEK.2021007T185141.v2.0.tif,"B02,B03,B04,B05,B06,B07,B11",
GEDI04_A_2021237180532_O15306_03_T08330_02_002_02_V002.h5,153060500300281172,39.89404428663972,-122.06124947710536,54.030941009521484,HLS.L30.T10TEK.2021007T185141.v2.0,2786,2675,field_boundary_patch_tifs\patch_153060500300281172_HLS.L30.T10TEK.2021007T185141.v2.0.tif,"B02,B03,B04,B05,B06,B07,B11",
GEDI04_A_2021237180532_O15306_03_T08330_02_002_02_V002.h5,153060500300281173,39.893728661839354,-122.06072441669049,16.284099578857422,HLS.L30.T10TEK.2021007T185141.v2.0,2787,2677,field_boundary_patch_tifs\patch_153060500300281173_HLS.L30.T10TEK.2021007T185141.v2.0.tif,"B02,B03,B04,B05,B06,B07,B11",
GEDI04_A_2021237180532_O15306_03_T08330_02_002_02_V002.h5,153060500300281174,39.8934130807878,-122.0601993695793,95.61270904541016,HLS.L30.T10TEK.2021007T185141.v2.0,2788,2678,field_boundary_patch_tifs\patch_153060500300281174_HLS.L30.T10TEK.2021007T185141.v2.0.tif,"B02,B03,B04,B05,B06,B07,B11",
GEDI04_A_2021237180532_O15306_03_T08330_02_002_02_V002.h5,153060600300521820,39.90737176426948,-122.0951350796806,14.116164207458496,HLS.L30.T10TEK.2021007T185141.v2.0,2737,2578,field_boundary_patch_tifs\patch_153060600300521820_HLS.L30.T10TEK.2021007T185141.v2.0.tif,"B02,B03,B04,B05,B06,B07,B11",
GEDI04_A_2021237180532_O15306_03_T08330_02_002_02_V002.h5,153060600300521822,39.906741043582485,-122.09408434659618,14.116164207458496,HLS.L30.T10TEK.2021007T185141.v2.0,2740,2581,field_boundary_patch_tifs\patch_153060600300521822_HLS.L30.T10TEK.2021007T185141.v2.0.tif,"B02,B03,B04,B05,B06,B07,B11",
GEDI04_A_2021237180532_O15306_03_T08330_02_002_02_V002.h5,153060600300521823,39.90642569407969,-122.09355895591997,15.286504745483398,HLS.L30.T10TEK.2021007T185141.v2.0,2741,2583,field_boundary_patch_tifs\patch_153060600300521823_HLS.L30.T10TEK.2021007T185141.v2.0.tif,"B02,B03,B04,B05,B06,B07,B11",
GEDI04_A_2021237180532_O15306_03_T08330_02_002_02_V002.h5,153060600300521824,39.906110472207196,-122.09303374191877,19.710634231567383,HLS.L30.T10TEK.2021007T185141.v2.0,2742,2584,field_boundary_patch_tifs\patch_153060600300521824_HLS.L30.T10TEK.2021007T185141.v2.0.tif,"B02,B03,B04,B05,B06,B07,B11",
GEDI04_A_2021237180532_O15306_03_T08330_02_002_02_V002.h5,153060600300521825,39.905795255297846,-122.09250850585761,19.233259201049805,HLS.L30.T10TEK.2021007T185141.v2.0,2743,2586,field_boundary_patch_tifs\patch_153060600300521825_HLS.L30.T10TEK.2021007T185141.v2.0.tif,"B02,B03,B04,B05,B06,B07,B11",
GEDI04_A_2021237180532_O15306_03_T08330_02_002_02_V002.h5,153060600300521826,39.90548001074643,-122.09198319828513,47.10433578491211,HLS.L30.T10TEK.2021007T185141.v2.0,2744,2587,field_boundary_patch_tifs\patch_153060600300521826_HLS.L30.T10TEK.2021007T185141.v2.0.tif,"B02,B03,B04,B05,B06,B07,B11",
GEDI04_A_2021237180532_O15306_03_T08330_02_002_02_V002.h5,153060600300521827,39.905164501129065,-122.09145743999267,60.228851318359375,HLS.L30.T10TEK.2021007T185141.v2.0,2745,2589,field_boundary_patch_tifs\patch_153060600300521827_HLS.L30.T10TEK.2021007T185141.v2.0.tif,"B02,B03,B04,B05,B06,B07,B11",
GEDI04_A_2021237180532_O15306_03_T08330_02_002_02_V002.h5,153060600300521828,39.904849128697634,-122.09093188553139,58.93598175048828,HLS.L30.T10TEK.2021007T185141.v2.0,2746,2590,field_boundary_patch_tifs\patch_153060600300521828_HLS.L30.T10TEK.2021007T185141.v2.0.tif,"B02,B03,B04,B05,B06,B07,B11",
GEDI04_A_2021237180532_O15306_03_T08330_02_002_02_V002.h5,153060600300521829,39.904533788502086,-122.09040636971054,49.98133850097656,HLS.L30.T10TEK.2021007T185141.v2.0,2748,2592,field_boundary_patch_tifs\patch_153060600300521829_HLS.L30.T10TEK.2021007T185141.v2.0.tif,"B02,B03,B04,B05,B06,B07,B11",
GEDI04_A_2021237180532_O15306_03_T08330_02_002_02_V002.h5,153060600300521830,39.90421842761777,-122.08988081150251,57.63199234008789,HLS.L30.T10TEK.2021007T185141.v2.0,2749,2593,field_boundary_patch_tifs\patch_153060600300521830_HLS.L30.T10TEK.2021007T185141.v2.0.tif,"B02,B03,B04,B05,B06,B07,B11",
GEDI04_A_2021237180532_O15306_03_T08330_02_002_02_V002.h5,153060600300521831,39.90390307111893,-122.0893552557669,67.07604217529297,HLS.L30.T10TEK.2021007T185141.v2.0,2750,2595,field_boundary_patch_tifs\patch_153060600300521831_HLS.L30.T10TEK.2021007T185141.v2.0.tif,"B02,B03,B04,B05,B06,B07,B11",
GEDI04_A_2021237180532_O15306_03_T08330_02_002_02_V002.h5,153060600300521832,39.90358770373693,-122.08882968226521,64.90750885009766,HLS.L30.T10TEK.2021007T185141.v2.0,2751,2596,field_boundary_patch_tifs\patch_153060600300521832_HLS.L30.T10TEK.2021007T185141.v2.0.tif,"B02,B03,B04,B05,B06,B07,B11",
GEDI04_A_2021237180532_O15306_03_T08330_02_002_02_V002.h5,153060600300521833,39.903272446482696,-122.08830429105986,58.24470901489258,HLS.L30.T10TEK.2021007T185141.v2.0,2752,2598,field_boundary_patch_tifs\patch_153060600300521833_HLS.L30.T10TEK.2021007T185141.v2.0.tif,"B02,B03,B04,B05,B06,B07,B11",
GEDI04_A_2021237180532_O15306_03_T08330_02_002_02_V002.h5,153060600300521834,39.90295729737332,-122.08777908334785,116.65335845947266,HLS.L30.T10TEK.2021007T185141.v2.0,2753,2599,field_boundary_patch_tifs\patch_153060600300521834_HLS.L30.T10TEK.2021007T185141.v2.0.tif,"B02,B03,B04,B05,B06,B07,B11",
GEDI04_A_2021237180532_O15306_03_T08330_02_002_02_V002.h5,153060600300521835,39.902641925102536,-122.08725352805234,14.331151962280273,HLS.L30.T10TEK.2021007T185141.v2.0,2754,2601,field_boundary_patch_tifs\patch_153060600300521835_HLS.L30.T10TEK.2021007T185141.v2.0.tif,"B02,B03,B04,B05,B06,B07,B11",
GEDI04_A_2021237180532_O15306_03_T08330_02_002_02_V002.h5,153060600300521836,39.90232658640401,-122.08672804467395,15.993721008300781,HLS.L30.T10TEK.2021007T185141.v2.0,2756,2602,field_boundary_patch_tifs\patch_153060600300521836_HLS.L30.T10TEK.2021007T185141.v2.0.tif,"B02,B03,B04,B05,B06,B07,B11",
GEDI04_A_2021237180532_O15306_03_T08330_02_002_02_V002.h5,153060600300521837,39.90201127250244,-122.08620262326009,16.139720916748047,HLS.L30.T10TEK.2021007T185141.v2.0,2757,2604,field_boundary_patch_tifs\patch_153060600300521837_HLS.L30.T10TEK.2021007T185141.v2.0.tif,"B02,B03,B04,B05,B06,B07,B11",
GEDI04_A_2021237180532_O15306_03_T08330_02_002_02_V002.h5,153060600300521840,39.90106535764975,-122.0846265783918,3.265131950378418,HLS.L30.T10TEK.2021007T185141.v2.0,2760,2608,field_boundary_patch_tifs\patch_153060600300521840_HLS.L30.T10TEK.2021007T185141.v2.0.tif,"B02,B03,B04,B05,B06,B07,B11",
GEDI04_A_2021237180532_O15306_03_T08330_02_002_02_V002.h5,153060600300521841,39.90075000355423,-122.08410122381885,46.12713623046875,HLS.L30.T10TEK.2021007T185141.v2.0,2761,2610,field_boundary_patch_tifs\patch_153060600300521841_HLS.L30.T10TEK.2021007T185141.v2.0.tif,"B02,B03,B04,B05,B06,B07,B11",
GEDI04_A_2021237180532_O15306_03_T08330_02_002_02_V002.h5,153060600300521842,39.90043468669548,-122.08357597346608,19.93202781677246,HLS.L30.T10TEK.2021007T185141.v2.0,2763,2611,field_boundary_patch_tifs\patch_153060600300521842_HLS.L30.T10TEK.2021007T185141.v2.0.tif,"B02,B03,B04,B05,B06,B07,B11",
GEDI04_A_2021237180532_O15306_03_T08330_02_002_02_V002.h5,153060600300521843,39.90011933112349,-122.08305070871504,37.052005767822266,HLS.L30.T10TEK.2021007T185141.v2.0,2764,2613,field_boundary_patch_tifs\patch_153060600300521843_HLS.L30.T10TEK.2021007T185141.v2.0.tif,"B02,B03,B04,B05,B06,B07,B11",
GEDI04_A_2021237180532_O15306_03_T08330_02_002_02_V002.h5,153060600300521844,39.899803961452726,-122.08252547393408,24.635196685791016,HLS.L30.T10TEK.2021007T185141.v2.0,2765,2615,field_boundary_patch_tifs\patch_153060600300521844_HLS.L30.T10TEK.2021007T185141.v2.0.tif,"B02,B03,B04,B05,B06,B07,B11",
GEDI04_A_2021237180532_O15306_03_T08330_02_002_02_V002.h5,153060600300521845,39.89948854152557,-122.08200021494672,51.9526481628418,HLS.L30.T10TEK.2021007T185141.v2.0,2766,2616,field_boundary_patch_tifs\patch_153060600300521845_HLS.L30.T10TEK.2021007T185141.v2.0.tif,"B02,B03,B04,B05,B06,B07,B11",
GEDI04_A_2021237180532_O15306_03_T08330_02_002_02_V002.h5,153060600300521846,39.89917313325448,-122.0814750362641,77.84957122802734,HLS.L30.T10TEK.2021007T185141.v2.0,2767,2618,field_boundary_patch_tifs\patch_153060600300521846_HLS.L30.T10TEK.2021007T185141.v2.0.tif,"B02,B03,B04,B05,B06,B07,B11",
GEDI04_A_2021237180532_O15306_03_T08330_02_002_02_V002.h5,153060600300521848,39.89854241792496,-122.0804250442132,20.55806541442871,HLS.L30.T10TEK.2021007T185141.v2.0,2769,2621,field_boundary_patch_tifs\patch_153060600300521848_HLS.L30.T10TEK.2021007T185141.v2.0.tif,"B02,B03,B04,B05,B06,B07,B11",
GEDI04_A_2021237180532_O15306_03_T08330_02_002_02_V002.h5,153060600300521849,39.898226957933936,-122.07989999191743,21.193450927734375,HLS.L30.T10TEK.2021007T185141.v2.0,2771,2622,field_boundary_patch_tifs\patch_153060600300521849_HLS.L30.T10TEK.2021007T185141.v2.0.tif,"B02,B03,B04,B05,B06,B07,B11",
GEDI04_A_2021237180532_O15306_03_T08330_02_002_02_V002.h5,153060600300521851,39.89759593934584,-122.07884994171107,34.28716278076172,HLS.L30.T10TEK.2021007T185141.v2.0,2773,2625,field_boundary_patch_tifs\patch_153060600300521851_HLS.L30.T10TEK.2021007T185141.v2.0.tif,"B02,B03,B04,B05,B06,B07,B11",
GEDI04_A_2021237180532_O15306_03_T08330_02_002_02_V002.h5,153060600300521852,39.897280407783775,-122.0783249798581,20.32933235168457,HLS.L30.T10TEK.2021007T185141.v2.0,2774,2627,field_boundary_patch_tifs\patch_153060600300521852_HLS.L30.T10TEK.2021007T185141.v2.0.tif,"B02,B03,B04,B05,B06,B07,B11",
GEDI04_A_2021237180532_O15306_03_T08330_02_002_02_V002.h5,153060600300521853,39.89696480808578,-122.07779996893312,15.56140422821045,HLS.L30.T10TEK.2021007T185141.v2.0,2775,2628,field_boundary_patch_tifs\patch_153060600300521853_HLS.L30.T10TEK.2021007T185141.v2.0.tif,"B02,B03,B04,B05,B06,B07,B11",
GEDI04_A_2021237180532_O15306_03_T08330_02_002_02_V002.h5,153060600300521855,39.89633378414033,-122.07675039825386,39.682884216308594,HLS.L30.T10TEK.2021007T185141.v2.0,2778,2631,field_boundary_patch_tifs\patch_153060600300521855_HLS.L30.T10TEK.2021007T185141.v2.0.tif,"B02,B03,B04,B05,B06,B07,B11",
GEDI04_A_2021237180532_O15306_03_T08330_02_002_02_V002.h5,153060600300521856,39.89601828198355,-122.07622570497247,38.202064514160156,HLS.L30.T10TEK.2021007T185141.v2.0,2779,2633,field_boundary_patch_tifs\patch_153060600300521856_HLS.L30.T10TEK.2021007T185141.v2.0.tif,"B02,B03,B04,B05,B06,B07,B11",
GEDI04_A_2021237180532_O15306_03_T08330_02_002_02_V002.h5,153060600300521857,39.89570274397801,-122.07570099941194,30.505956649780273,HLS.L30.T10TEK.2021007T185141.v2.0,2780,2634,field_boundary_patch_tifs\patch_153060600300521857_HLS.L30.T10TEK.2021007T185141.v2.0.tif,"B02,B03,B04,B05,B06,B07,B11",
GEDI04_A_2021237180532_O15306_03_T08330_02_002_02_V002.h5,153060600300521858,39.8953871834184,-122.07517629916701,30.298261642456055,HLS.L30.T10TEK.2021007T185141.v2.0,2781,2636,field_boundary_patch_tifs\patch_153060600300521858_HLS.L30.T10TEK.2021007T185141.v2.0.tif,"B02,B03,B04,B05,B06,B07,B11",
GEDI04_A_2021237180532_O15306_03_T08330_02_002_02_V002.h5,153060600300521859,39.89507160480603,-122.07465160771704,24.385528564453125,HLS.L30.T10TEK.2021007T185141.v2.0,2782,2637,field_boundary_patch_tifs\patch_153060600300521859_HLS.L30.T10TEK.2021007T185141.v2.0.tif,"B02,B03,B04,B05,B06,B07,B11",
GEDI04_A_2021237180532_O15306_03_T08330_02_002_02_V002.h5,153060600300521861,39.89444039667511,-122.07360224108972,32.4057731628418,HLS.L30.T10TEK.2021007T185141.v2.0,2784,2640,field_boundary_patch_tifs\patch_153060600300521861_HLS.L30.T10TEK.2021007T185141.v2.0.tif,"B02,B03,B04,B05,B06,B07,B11",
GEDI04_A_2021237180532_O15306_03_T08330_02_002_02_V002.h5,153060600300521862,39.89412475978853,-122.073077546305,59.241939544677734,HLS.L30.T10TEK.2021007T185141.v2.0,2786,2642,field_boundary_patch_tifs\patch_153060600300521862_HLS.L30.T10TEK.2021007T185141.v2.0.tif,"B02,B03,B04,B05,B06,B07,B11",
GEDI04_A_2021237180532_O15306_03_T08330_02_002_02_V002.h5,153060600300521863,39.893809147528934,-122.07255291371999,42.07566452026367,HLS.L30.T10TEK.2021007T185141.v2.0,2787,2643,field_boundary_patch_tifs\patch_153060600300521863_HLS.L30.T10TEK.2021007T185141.v2.0.tif,"B02,B03,B04,B05,B06,B07,B11",
GEDI04_A_2021237180532_O15306_03_T08330_02_002_02_V002.h5,153060600300521864,39.89349353003939,-122.07202829140692,9.202975273132324,HLS.L30.T10TEK.2021007T185141.v2.0,2788,2645,field_boundary_patch_tifs\patch_153060600300521864_HLS.L30.T10TEK.2021007T185141.v2.0.tif,"B02,B03,B04,B05,B06,B07,B11",
GEDI04_A_2021237180532_O15306_03_T08330_02_002_02_V002.h5,153060600300521865,39.89317798853236,-122.07150380654497,31.063121795654297,HLS.L30.T10TEK.2021007T185141.v2.0,2789,2646,field_boundary_patch_tifs\patch_153060600300521865_HLS.L30.T10TEK.2021007T185141.v2.0.tif,"B02,B03,B04,B05,B06,B07,B11",
GEDI04_A_2021237180532_O15306_03_T08330_02_002_02_V002.h5,153060600300521866,39.892862357020896,-122.07097918709681,38.822288513183594,HLS.L30.T10TEK.2021007T185141.v2.0,2790,2648,field_boundary_patch_tifs\patch_153060600300521866_HLS.L30.T10TEK.2021007T185141.v2.0.tif,"B02,B03,B04,B05,B06,B07,B11",
GEDI04_A_2021237180532_O15306_03_T08330_02_002_02_V002.h5,153060800300282236,39.89665982437326,-122.09362890999566,17.008819580078125,HLS.L30.T10TEK.2021007T185141.v2.0,2777,2583,field_boundary_patch_tifs\patch_153060800300282236_HLS.L30.T10TEK.2021007T185141.v2.0.tif,"B02,B03,B04,B05,B06,B07,B11",
GEDI04_A_2021237180532_O15306_03_T08330_02_002_02_V002.h5,153060800300282237,39.89634429522476,-122.09310377472693,26.313247680664062,HLS.L30.T10TEK.2021007T185141.v2.0,2778,2584,field_boundary_patch_tifs\patch_153060800300282237_HLS.L30.T10TEK.2021007T185141.v2.0.tif,"B02,B03,B04,B05,B06,B07,B11",
GEDI04_A_2021237180532_O15306_03_T08330_02_002_02_V002.h5,153060800300282238,39.89602893541221,-122.09257889678746,30.393239974975586,HLS.L30.T10TEK.2021007T185141.v2.0,2779,2586,field_boundary_patch_tifs\patch_153060800300282238_HLS.L30.T10TEK.2021007T185141.v2.0.tif,"B02,B03,B04,B05,B06,B07,B11",
GEDI04_A_2021237180532_O15306_03_T08330_02_002_02_V002.h5,153060800300282239,39.89571351242959,-122.09205385536566,23.99745750427246,HLS.L30.T10TEK.2021007T185141.v2.0,2780,2588,field_boundary_patch_tifs\patch_153060800300282239_HLS.L30.T10TEK.2021007T185141.v2.0.tif,"B02,B03,B04,B05,B06,B07,B11",
GEDI04_A_2021237180532_O15306_03_T08330_02_002_02_V002.h5,153060800300282240,39.89539805944281,-122.09152870856342,17.019845962524414,HLS.L30.T10TEK.2021007T185141.v2.0,2781,2589,field_boundary_patch_tifs\patch_153060800300282240_HLS.L30.T10TEK.2021007T185141.v2.0.tif,"B02,B03,B04,B05,B06,B07,B11",
GEDI04_A_2021237180532_O15306_03_T08330_02_002_02_V002.h5,153060800300282241,39.89508268554167,-122.09100365155817,25.05356216430664,HLS.L30.T10TEK.2021007T185141.v2.0,2783,2591,field_boundary_patch_tifs\patch_153060800300282241_HLS.L30.T10TEK.2021007T185141.v2.0.tif,"B02,B03,B04,B05,B06,B07,B11",
GEDI04_A_2021237180532_O15306_03_T08330_02_002_02_V002.h5,153060800300282242,39.8947672966666,-122.09047851306161,23.37381935119629,HLS.L30.T10TEK.2021007T185141.v2.0,2784,2592,field_boundary_patch_tifs\patch_153060800300282242_HLS.L30.T10TEK.2021007T185141.v2.0.tif,"B02,B03,B04,B05,B06,B07,B11",
GEDI04_A_2021237180532_O15306_03_T08330_02_002_02_V002.h5,153060800300282243,39.89445198978275,-122.08995346634732,20.801748275756836,HLS.L30.T10TEK.2021007T185141.v2.0,2785,2594,field_boundary_patch_tifs\patch_153060800300282243_HLS.L30.T10TEK.2021007T185141.v2.0.tif,"B02,B03,B04,B05,B06,B07,B11",
GEDI04_A_2021237180532_O15306_03_T08330_02_002_02_V002.h5,153060800300282244,39.89413683288247,-122.08942863242058,23.161535263061523,HLS.L30.T10TEK.2021007T185141.v2.0,2786,2595,field_boundary_patch_tifs\patch_153060800300282244_HLS.L30.T10TEK.2021007T185141.v2.0.tif,"B02,B03,B04,B05,B06,B07,B11",
GEDI04_A_2021237180532_O15306_03_T08330_02_002_02_V002.h5,153060800300282245,39.89382143830026,-122.08890331057572,17.41988754272461,HLS.L30.T10TEK.2021007T185141.v2.0,2787,2597,field_boundary_patch_tifs\patch_153060800300282245_HLS.L30.T10TEK.2021007T185141.v2.0.tif,"B02,B03,B04,B05,B06,B07,B11",
GEDI04_A_2021237180532_O15306_03_T08330_02_002_02_V002.h5,153060800300282246,39.89350622701414,-122.08837825838462,14.899712562561035,HLS.L30.T10TEK.2021007T185141.v2.0,2788,2598,field_boundary_patch_tifs\patch_153060800300282246_HLS.L30.T10TEK.2021007T185141.v2.0.tif,"B02,B03,B04,B05,B06,B07,B11",
GEDI04_A_2021237180532_O15306_03_T08330_02_002_02_V002.h5,153060800300282247,39.89319083047295,-122.08785280982023,14.520544052124023,HLS.L30.T10TEK.2021007T185141.v2.0,2789,2600,field_boundary_patch_tifs\patch_153060800300282247_HLS.L30.T10TEK.2021007T185141.v2.0.tif,"B02,B03,B04,B05,B06,B07,B11",
GEDI04_A_2021237180532_O15306_03_T08330_02_002_02_V002.h5,153060800300282248,39.89287544046614,-122.08732730911558,14.67285442352295,HLS.L30.T10TEK.2021007T185141.v2.0,2791,2601,field_boundary_patch_tifs\patch_153060800300282248_HLS.L30.T10TEK.2021007T185141.v2.0.tif,"B02,B03,B04,B05,B06,B07,B11",
GEDI04_A_2021237180532_O15306_03_T08330_02_002_02_V002.h5,153060800300282249,39.89256002774915,-122.08680170200958,14.520544052124023,HLS.L30.T10TEK.2021007T185141.v2.0,2792,2603,field_boundary_patch_tifs\patch_153060800300282249_HLS.L30.T10TEK.2021007T185141.v2.0.tif,"B02,B03,B04,B05,B06,B07,B11",
GEDI04_A_2021237180532_O15306_03_T08330_02_002_02_V002.h5,153060800300282250,39.89224468613498,-122.08627615610821,14.203778266906738,HLS.L30.T10TEK.2021007T185141.v2.0,2793,2604,field_boundary_patch_tifs\patch_153060800300282250_HLS.L30.T10TEK.2021007T185141.v2.0.tif,"B02,B03,B04,B05,B06,B07,B11",
GEDI04_A_2021249071941_O15485_02_T10560_02_002_02_V002.h5,154850600200432739,39.904646118775055,-122.095754002362,10.402565002441406,HLS.L30.T10TEK.2021007T185141.v2.0,2747,2577,field_boundary_patch_tifs\patch_154850600200432739_HLS.L30.T10TEK.2021007T185141.v2.0.tif,"B02,B03,B04,B05,B06,B07,B11",
GEDI04_A_2021249071941_O15485_02_T10560_02_002_02_V002.h5,154850600200432740,39.90496178371976,-122.09522932649804,29.611331939697266,HLS.L30.T10TEK.2021007T185141.v2.0,2746,2578,field_boundary_patch_tifs\patch_154850600200432740_HLS.L30.T10TEK.2021007T185141.v2.0.tif,"B02,B03,B04,B05,B06,B07,B11",
GEDI04_A_2021249071941_O15485_02_T10560_02_002_02_V002.h5,154850600200432741,39.90527738818955,-122.09470467317693,18.985130310058594,HLS.L30.T10TEK.2021007T185141.v2.0,2745,2580,field_boundary_patch_tifs\patch_154850600200432741_HLS.L30.T10TEK.2021007T185141.v2.0.tif,"B02,B03,B04,B05,B06,B07,B11",
GEDI04_A_2021249071941_O15485_02_T10560_02_002_02_V002.h5,154850600200432742,39.9055932437671,-122.09417987285705,69.90267944335938,HLS.L30.T10TEK.2021007T185141.v2.0,2744,2581,field_boundary_patch_tifs\patch_154850600200432742_HLS.L30.T10TEK.2021007T185141.v2.0.tif,"B02,B03,B04,B05,B06,B07,B11",
GEDI04_A_2021249071941_O15485_02_T10560_02_002_02_V002.h5,154850600200432743,39.90590912094479,-122.09365504256775,23.665857315063477,HLS.L30.T10TEK.2021007T185141.v2.0,2743,2583,field_boundary_patch_tifs\patch_154850600200432743_HLS.L30.T10TEK.2021007T185141.v2.0.tif,"B02,B03,B04,B05,B06,B07,B11",
GEDI04_A_2021249071941_O15485_02_T10560_02_002_02_V002.h5,154850600200432744,39.906224919734676,-122.09313023408792,18.372243881225586,HLS.L30.T10TEK.2021007T185141.v2.0,2741,2584,field_boundary_patch_tifs\patch_154850600200432744_HLS.L30.T10TEK.2021007T185141.v2.0.tif,"B02,B03,B04,B05,B06,B07,B11",
GEDI04_A_2021249071941_O15485_02_T10560_02_002_02_V002.h5,154850600200432748,39.90748789613274,-122.09103090183484,102.61307525634766,HLS.L30.T10TEK.2021007T185141.v2.0,2737,2590,field_boundary_patch_tifs\patch_154850600200432748_HLS.L30.T10TEK.2021007T185141.v2.0.tif,"B02,B03,B04,B05,B06,B07,B11",
GEDI04_A_2021249071941_O15485_02_T10560_02_002_02_V002.h5,154850600200432751,39.90843655254849,-122.08945539367275,97.75323486328125,HLS.L30.T10TEK.2021007T185141.v2.0,2733,2594,field_boundary_patch_tifs\patch_154850600200432751_HLS.L30.T10TEK.2021007T185141.v2.0.tif,"B02,B03,B04,B05,B06,B07,B11",
GEDI04_A_2021249071941_O15485_02_T10560_02_002_02_V002.h5,154850600200432752,39.9087529975926,-122.08893005136802,21.725242614746094,HLS.L30.T10TEK.2021007T185141.v2.0,2732,2596,field_boundary_patch_tifs\patch_154850600200432752_HLS.L30.T10TEK.2021007T185141.v2.0.tif,"B02,B03,B04,B05,B06,B07,B11",
GEDI04_A_2021249071941_O15485_02_T10560_02_002_02_V002.h5,154850600200432753,39.909069196243195,-122.08840481264959,119.44945526123047,HLS.L30.T10TEK.2021007T185141.v2.0,2731,2597,field_boundary_patch_tifs\patch_154850600200432753_HLS.L30.T10TEK.2021007T185141.v2.0.tif,"B02,B03,B04,B05,B06,B07,B11",
GEDI04_A_2021249071941_O15485_02_T10560_02_002_02_V002.h5,154850600200432754,39.90938531713729,-122.08787958759214,122.1731948852539,HLS.L30.T10TEK.2021007T185141.v2.0,2730,2599,field_boundary_patch_tifs\patch_154850600200432754_HLS.L30.T10TEK.2021007T185141.v2.0.tif,"B02,B03,B04,B05,B06,B07,B11",
GEDI04_A_2021249071941_O15485_02_T10560_02_002_02_V002.h5,154850600200432755,39.90970147014418,-122.08735431572833,101.1779556274414,HLS.L30.T10TEK.2021007T185141.v2.0,2728,2600,field_boundary_patch_tifs\patch_154850600200432755_HLS.L30.T10TEK.2021007T185141.v2.0.tif,"B02,B03,B04,B05,B06,B07,B11",
GEDI04_A_2021249071941_O15485_02_T10560_02_002_02_V002.h5,154850600200432756,39.91001776024621,-122.08682894070085,82.93496704101562,HLS.L30.T10TEK.2021007T185141.v2.0,2727,2602,field_boundary_patch_tifs\patch_154850600200432756_HLS.L30.T10TEK.2021007T185141.v2.0.tif,"B02,B03,B04,B05,B06,B07,B11",
GEDI04_A_2021249071941_O15485_02_T10560_02_002_02_V002.h5,154850600200432757,39.910333967911086,-122.08630357975798,134.10400390625,HLS.L30.T10TEK.2021007T185141.v2.0,2726,2603,field_boundary_patch_tifs\patch_154850600200432757_HLS.L30.T10TEK.2021007T185141.v2.0.tif,"B02,B03,B04,B05,B06,B07,B11",
GEDI04_A_2021249071941_O15485_02_T10560_02_002_02_V002.h5,154850600200432758,39.91065025368498,-122.0857781447436,87.05992889404297,HLS.L30.T10TEK.2021007T185141.v2.0,2725,2605,field_boundary_patch_tifs\patch_154850600200432758_HLS.L30.T10TEK.2021007T185141.v2.0.tif,"B02,B03,B04,B05,B06,B07,B11",
GEDI04_A_2021249071941_O15485_02_T10560_02_002_02_V002.h5,154850600200432759,39.91096653306626,-122.08525268150733,63.20511245727539,HLS.L30.T10TEK.2021007T185141.v2.0,2724,2606,field_boundary_patch_tifs\patch_154850600200432759_HLS.L30.T10TEK.2021007T185141.v2.0.tif,"B02,B03,B04,B05,B06,B07,B11",
GEDI04_A_2021249071941_O15485_02_T10560_02_002_02_V002.h5,154850600200432760,39.91128292778776,-122.08472712274897,46.37295913696289,HLS.L30.T10TEK.2021007T185141.v2.0,2722,2608,field_boundary_patch_tifs\patch_154850600200432760_HLS.L30.T10TEK.2021007T185141.v2.0.tif,"B02,B03,B04,B05,B06,B07,B11",
GEDI04_A_2021249071941_O15485_02_T10560_02_002_02_V002.h5,154850600200432761,39.911599159959486,-122.08420161648505,73.71724700927734,HLS.L30.T10TEK.2021007T185141.v2.0,2721,2609,field_boundary_patch_tifs\patch_154850600200432761_HLS.L30.T10TEK.2021007T185141.v2.0.tif,"B02,B03,B04,B05,B06,B07,B11",
GEDI04_A_2021249071941_O15485_02_T10560_02_002_02_V002.h5,154850600200432762,39.9119154420482,-122.08367604959172,75.83625793457031,HLS.L30.T10TEK.2021007T185141.v2.0,2720,2611,field_boundary_patch_tifs\patch_154850600200432762_HLS.L30.T10TEK.2021007T185141.v2.0.tif,"B02,B03,B04,B05,B06,B07,B11",
GEDI04_A_2021249071941_O15485_02_T10560_02_002_02_V002.h5,154850600200432763,39.912231788485435,-122.08315041298252,142.3577880859375,HLS.L30.T10TEK.2021007T185141.v2.0,2719,2612,field_boundary_patch_tifs\patch_154850600200432763_HLS.L30.T10TEK.2021007T185141.v2.0.tif,"B02,B03,B04,B05,B06,B07,B11",
GEDI04_A_2021249071941_O15485_02_T10560_02_002_02_V002.h5,154850600200432764,39.91254807673919,-122.08262477015506,108.76203918457031,HLS.L30.T10TEK.2021007T185141.v2.0,2718,2614,field_boundary_patch_tifs\patch_154850600200432764_HLS.L30.T10TEK.2021007T185141.v2.0.tif,"B02,B03,B04,B05,B06,B07,B11",
GEDI04_A_2021249071941_O15485_02_T10560_02_002_02_V002.h5,154850600200432765,39.91286435443316,-122.08209909634344,273.4206237792969,HLS.L30.T10TEK.2021007T185141.v2.0,2717,2615,field_boundary_patch_tifs\patch_154850600200432765_HLS.L30.T10TEK.2021007T185141.v2.0.tif,"B02,B03,B04,B05,B06,B07,B11",
GEDI04_A_2021249071941_O15485_02_T10560_02_002_02_V002.h5,154850800200111636,39.897998992373346,-122.09349270311803,14.381548881530762,HLS.L30.T10TEK.2021007T185141.v2.0,2772,2583,field_boundary_patch_tifs\patch_154850800200111636_HLS.L30.T10TEK.2021007T185141.v2.0.tif,"B02,B03,B04,B05,B06,B07,B11",
GEDI04_A_2021249071941_O15485_02_T10560_02_002_02_V002.h5,154850800200111637,39.89831530915239,-122.09296688167365,18.907691955566406,HLS.L30.T10TEK.2021007T185141.v2.0,2771,2585,field_boundary_patch_tifs\patch_154850800200111637_HLS.L30.T10TEK.2021007T185141.v2.0.tif,"B02,B03,B04,B05,B06,B07,B11",
GEDI04_A_2021249071941_O15485_02_T10560_02_002_02_V002.h5,154850800200111638,39.89863158831735,-122.09244107348594,22.439485549926758,HLS.L30.T10TEK.2021007T185141.v2.0,2769,2586,field_boundary_patch_tifs\patch_154850800200111638_HLS.L30.T10TEK.2021007T185141.v2.0.tif,"B02,B03,B04,B05,B06,B07,B11",
GEDI04_A_2021249071941_O15485_02_T10560_02_002_02_V002.h5,154850800200111639,39.89894783763336,-122.09191527630287,19.90721321105957,HLS.L30.T10TEK.2021007T185141.v2.0,2768,2588,field_boundary_patch_tifs\patch_154850800200111639_HLS.L30.T10TEK.2021007T185141.v2.0.tif,"B02,B03,B04,B05,B06,B07,B11",
GEDI04_A_2021249071941_O15485_02_T10560_02_002_02_V002.h5,154850800200111640,39.899263970555985,-122.0913895459445,17.682456970214844,HLS.L30.T10TEK.2021007T185141.v2.0,2767,2589,field_boundary_patch_tifs\patch_154850800200111640_HLS.L30.T10TEK.2021007T185141.v2.0.tif,"B02,B03,B04,B05,B06,B07,B11",
GEDI04_A_2021249071941_O15485_02_T10560_02_002_02_V002.h5,154850800200111641,39.8995801651442,-122.09086377356935,16.28630828857422,HLS.L30.T10TEK.2021007T185141.v2.0,2766,2591,field_boundary_patch_tifs\patch_154850800200111641_HLS.L30.T10TEK.2021007T185141.v2.0.tif,"B02,B03,B04,B05,B06,B07,B11",
GEDI04_A_2021249071941_O15485_02_T10560_02_002_02_V002.h5,154850800200111642,39.899896363219185,-122.09033799766465,14.29340648651123,HLS.L30.T10TEK.2021007T185141.v2.0,2765,2592,field_boundary_patch_tifs\patch_154850800200111642_HLS.L30.T10TEK.2021007T185141.v2.0.tif,"B02,B03,B04,B05,B06,B07,B11",
GEDI04_A_2021249071941_O15485_02_T10560_02_002_02_V002.h5,154850800200111643,39.900212329370305,-122.08981236799306,14.06620979309082,HLS.L30.T10TEK.2021007T185141.v2.0,2764,2594,field_boundary_patch_tifs\patch_154850800200111643_HLS.L30.T10TEK.2021007T185141.v2.0.tif,"B02,B03,B04,B05,B06,B07,B11",
GEDI04_A_2021249071941_O15485_02_T10560_02_002_02_V002.h5,154850800200111644,39.90052854966808,-122.08928658151899,14.166200637817383,HLS.L30.T10TEK.2021007T185141.v2.0,2762,2595,field_boundary_patch_tifs\patch_154850800200111644_HLS.L30.T10TEK.2021007T185141.v2.0.tif,"B02,B03,B04,B05,B06,B07,B11",
GEDI04_A_2021249071941_O15485_02_T10560_02_002_02_V002.h5,154850800200111645,39.9008448255326,-122.0887607657564,17.81635284423828,HLS.L30.T10TEK.2021007T185141.v2.0,2761,2597,field_boundary_patch_tifs\patch_154850800200111645_HLS.L30.T10TEK.2021007T185141.v2.0.tif,"B02,B03,B04,B05,B06,B07,B11",
GEDI04_A_2021249071941_O15485_02_T10560_02_002_02_V002.h5,154850800200111646,39.90116111478743,-122.0882349486044,17.058460235595703,HLS.L30.T10TEK.2021007T185141.v2.0,2760,2598,field_boundary_patch_tifs\patch_154850800200111646_HLS.L30.T10TEK.2021007T185141.v2.0.tif,"B02,B03,B04,B05,B06,B07,B11",
GEDI04_A_2021249071941_O15485_02_T10560_02_002_02_V002.h5,154850800200111648,39.90179335306797,-122.08718355816595,16.139720916748047,HLS.L30.T10TEK.2021007T185141.v2.0,2758,2601,field_boundary_patch_tifs\patch_154850800200111648_HLS.L30.T10TEK.2021007T185141.v2.0.tif,"B02,B03,B04,B05,B06,B07,B11",
GEDI04_A_2021249071941_O15485_02_T10560_02_002_02_V002.h5,154850800200111649,39.902109499686134,-122.0866577860605,16.139720916748047,HLS.L30.T10TEK.2021007T185141.v2.0,2756,2603,field_boundary_patch_tifs\patch_154850800200111649_HLS.L30.T10TEK.2021007T185141.v2.0.tif,"B02,B03,B04,B05,B06,B07,B11",
GEDI04_A_2021249071941_O15485_02_T10560_02_002_02_V002.h5,154850800200111650,39.90242559455161,-122.08613206261867,16.66715431213379,HLS.L30.T10TEK.2021007T185141.v2.0,2755,2604,field_boundary_patch_tifs\patch_154850800200111650_HLS.L30.T10TEK.2021007T185141.v2.0.tif,"B02,B03,B04,B05,B06,B07,B11",
GEDI04_A_2021249071941_O15485_02_T10560_02_002_02_V002.h5,154850800200111651,39.902741724095144,-122.08560633508569,16.651042938232422,HLS.L30.T10TEK.2021007T185141.v2.0,2754,2606,field_boundary_patch_tifs\patch_154850800200111651_HLS.L30.T10TEK.2021007T185141.v2.0.tif,"B02,B03,B04,B05,B06,B07,B11",
GEDI04_A_2021249071941_O15485_02_T10560_02_002_02_V002.h5,154850800200111652,39.903057720669445,-122.08508070850654,69.07801818847656,HLS.L30.T10TEK.2021007T185141.v2.0,2753,2607,field_boundary_patch_tifs\patch_154850800200111652_HLS.L30.T10TEK.2021007T185141.v2.0.tif,"B02,B03,B04,B05,B06,B07,B11",
GEDI04_A_2021249071941_O15485_02_T10560_02_002_02_V002.h5,154850800200111653,39.9033738877008,-122.08455499137948,5.818078994750977,HLS.L30.T10TEK.2021007T185141.v2.0,2752,2609,field_boundary_patch_tifs\patch_154850800200111653_HLS.L30.T10TEK.2021007T185141.v2.0.tif,"B02,B03,B04,B05,B06,B07,B11",
GEDI04_A_2021249071941_O15485_02_T10560_02_002_02_V002.h5,154850800200111658,39.90495291145339,-122.08192777191051,244.81475830078125,HLS.L30.T10TEK.2021007T185141.v2.0,2746,2616,field_boundary_patch_tifs\patch_154850800200111658_HLS.L30.T10TEK.2021007T185141.v2.0.tif,"B02,B03,B04,B05,B06,B07,B11",
GEDI04_A_2021249071941_O15485_02_T10560_02_002_02_V002.h5,154850800200111659,39.90527025820164,-122.08140140016181,70.45014953613281,HLS.L30.T10TEK.2021007T185141.v2.0,2745,2618,field_boundary_patch_tifs\patch_154850800200111659_HLS.L30.T10TEK.2021007T185141.v2.0.tif,"B02,B03,B04,B05,B06,B07,B11",
GEDI04_A_2021249071941_O15485_02_T10560_02_002_02_V002.h5,154850800200111660,39.90558626850338,-122.08087587971656,168.16091918945312,HLS.L30.T10TEK.2021007T185141.v2.0,2743,2619,field_boundary_patch_tifs\patch_154850800200111660_HLS.L30.T10TEK.2021007T185141.v2.0.tif,"B02,B03,B04,B05,B06,B07,B11",
GEDI04_A_2021249071941_O15485_02_T10560_02_002_02_V002.h5,154850800200111661,39.90590225203965,-122.08035038775333,105.44659423828125,HLS.L30.T10TEK.2021007T185141.v2.0,2742,2620,field_boundary_patch_tifs\patch_154850800200111661_HLS.L30.T10TEK.2021007T185141.v2.0.tif,"B02,B03,B04,B05,B06,B07,B11",
GEDI04_A_2021249071941_O15485_02_T10560_02_002_02_V002.h5,154850800200111662,39.9062181990386,-122.07982493004225,79.58944702148438,HLS.L30.T10TEK.2021007T185141.v2.0,2741,2622,field_boundary_patch_tifs\patch_154850800200111662_HLS.L30.T10TEK.2021007T185141.v2.0.tif,"B02,B03,B04,B05,B06,B07,B11",
GEDI04_A_2021249071941_O15485_02_T10560_02_002_02_V002.h5,154850800200111663,39.906534125416734,-122.07929949452785,234.48484802246094,HLS.L30.T10TEK.2021007T185141.v2.0,2740,2623,field_boundary_patch_tifs\patch_154850800200111663_HLS.L30.T10TEK.2021007T185141.v2.0.tif,"B02,B03,B04,B05,B06,B07,B11",
GEDI04_A_2021249071941_O15485_02_T10560_02_002_02_V002.h5,154850800200111664,39.906850096994255,-122.07877404013121,119.30252075195312,HLS.L30.T10TEK.2021007T185141.v2.0,2739,2625,field_boundary_patch_tifs\patch_154850800200111664_HLS.L30.T10TEK.2021007T185141.v2.0.tif,"B02,B03,B04,B05,B06,B07,B11",
GEDI04_A_2021249071941_O15485_02_T10560_02_002_02_V002.h5,154850800200111665,39.90716602738727,-122.07824862012947,127.88509368896484,HLS.L30.T10TEK.2021007T185141.v2.0,2737,2626,field_boundary_patch_tifs\patch_154850800200111665_HLS.L30.T10TEK.2021007T185141.v2.0.tif,"B02,B03,B04,B05,B06,B07,B11",
GEDI04_A_2021249071941_O15485_02_T10560_02_002_02_V002.h5,154850800200111666,39.907481914470786,-122.07772323509508,135.61953735351562,HLS.L30.T10TEK.2021007T185141.v2.0,2736,2628,field_boundary_patch_tifs\patch_154850800200111666_HLS.L30.T10TEK.2021007T185141.v2.0.tif,"B02,B03,B04,B05,B06,B07,B11",
GEDI04_A_2021249071941_O15485_02_T10560_02_002_02_V002.h5,154850800200111667,39.90779734591056,-122.07719814395257,65.47766876220703,HLS.L30.T10TEK.2021007T185141.v2.0,2735,2629,field_boundary_patch_tifs\patch_154850800200111667_HLS.L30.T10TEK.2021007T185141.v2.0.tif,"B02,B03,B04,B05,B06,B07,B11",
GEDI04_A_2021249071941_O15485_02_T10560_02_002_02_V002.h5,154850800200111668,39.9081132621031,-122.0766727552785,2.0885369777679443,HLS.L30.T10TEK.2021007T185141.v2.0,2734,2631,field_boundary_patch_tifs\patch_154850800200111668_HLS.L30.T10TEK.2021007T185141.v2.0.tif,"B02,B03,B04,B05,B06,B07,B11",
GEDI04_A_2021249071941_O15485_02_T10560_02_002_02_V002.h5,154850800200111669,39.908429215106224,-122.07614734975667,154.52313232421875,HLS.L30.T10TEK.2021007T185141.v2.0,2733,2632,field_boundary_patch_tifs\patch_154850800200111669_HLS.L30.T10TEK.2021007T185141.v2.0.tif,"B02,B03,B04,B05,B06,B07,B11",
GEDI04_A_2021249071941_O15485_02_T10560_02_002_02_V002.h5,154850800200111670,39.908745249397974,-122.07562189807523,75.16712951660156,HLS.L30.T10TEK.2021007T185141.v2.0,2732,2634,field_boundary_patch_tifs\patch_154850800200111670_HLS.L30.T10TEK.2021007T185141.v2.0.tif,"B02,B03,B04,B05,B06,B07,B11",
GEDI04_A_2021249071941_O15485_02_T10560_02_002_02_V002.h5,154850800200111671,39.90906122553353,-122.07509648751822,83.68180847167969,HLS.L30.T10TEK.2021007T185141.v2.0,2730,2635,field_boundary_patch_tifs\patch_154850800200111671_HLS.L30.T10TEK.2021007T185141.v2.0.tif,"B02,B03,B04,B05,B06,B07,B11",
GEDI04_A_2021249071941_O15485_02_T10560_02_002_02_V002.h5,154850800200111672,39.909376976970314,-122.07457122276365,122.88967895507812,HLS.L30.T10TEK.2021007T185141.v2.0,2729,2637,field_boundary_patch_tifs\patch_154850800200111672_HLS.L30.T10TEK.2021007T185141.v2.0.tif,"B02,B03,B04,B05,B06,B07,B11",
GEDI04_A_2021249071941_O15485_02_T10560_02_002_02_V002.h5,154850800200111673,39.90969275223182,-122.07404594591438,54.26953125,HLS.L30.T10TEK.2021007T185141.v2.0,2728,2638,field_boundary_patch_tifs\patch_154850800200111673_HLS.L30.T10TEK.2021007T185141.v2.0.tif,"B02,B03,B04,B05,B06,B07,B11",
GEDI04_A_2021249071941_O15485_02_T10560_02_002_02_V002.h5,154850800200111674,39.91000857738133,-122.07352064061816,51.23777770996094,HLS.L30.T10TEK.2021007T185141.v2.0,2727,2640,field_boundary_patch_tifs\patch_154850800200111674_HLS.L30.T10TEK.2021007T185141.v2.0.tif,"B02,B03,B04,B05,B06,B07,B11",
GEDI04_A_2021249071941_O15485_02_T10560_02_002_02_V002.h5,154850800200111675,39.910324365204495,-122.07299536098117,39.51112365722656,HLS.L30.T10TEK.2021007T185141.v2.0,2726,2641,field_boundary_patch_tifs\patch_154850800200111675_HLS.L30.T10TEK.2021007T185141.v2.0.tif,"B02,B03,B04,B05,B06,B07,B11",
GEDI04_A_2021249071941_O15485_02_T10560_02_002_02_V002.h5,154850800200111676,39.91064003150968,-122.07247017797908,78.78923797607422,HLS.L30.T10TEK.2021007T185141.v2.0,2724,2643,field_boundary_patch_tifs\patch_154850800200111676_HLS.L30.T10TEK.2021007T185141.v2.0.tif,"B02,B03,B04,B05,B06,B07,B11",
GEDI04_A_2021249071941_O15485_02_T10560_02_002_02_V002.h5,154850800200111677,39.910955783103034,-122.07194500394972,66.68302154541016,HLS.L30.T10TEK.2021007T185141.v2.0,2723,2644,field_boundary_patch_tifs\patch_154850800200111677_HLS.L30.T10TEK.2021007T185141.v2.0.tif,"B02,B03,B04,B05,B06,B07,B11",
GEDI04_A_2021249071941_O15485_02_T10560_02_002_02_V002.h5,154850800200111678,39.91127154184453,-122.07141982732419,51.5969123840332,HLS.L30.T10TEK.2021007T185141.v2.0,2722,2646,field_boundary_patch_tifs\patch_154850800200111678_HLS.L30.T10TEK.2021007T185141.v2.0.tif,"B02,B03,B04,B05,B06,B07,B11",
GEDI04_A_2021249071941_O15485_02_T10560_02_002_02_V002.h5,154850800200111679,39.911587354758005,-122.0708946190363,50.66168975830078,HLS.L30.T10TEK.2021007T185141.v2.0,2721,2647,field_boundary_patch_tifs\patch_154850800200111679_HLS.L30.T10TEK.2021007T185141.v2.0.tif,"B02,B03,B04,B05,B06,B07,B11",
GEDI04_A_2021249071941_O15485_02_T10560_02_002_02_V002.h5,154850800200111680,39.911903056014225,-122.0703694826077,61.52154541015625,HLS.L30.T10TEK.2021007T185141.v2.0,2720,2649,field_boundary_patch_tifs\patch_154850800200111680_HLS.L30.T10TEK.2021007T185141.v2.0.tif,"B02,B03,B04,B05,B06,B07,B11",
GEDI04_A_2021249071941_O15485_02_T10560_02_002_02_V002.h5,154850800200111681,39.912218816678234,-122.06984431030406,71.79682922363281,HLS.L30.T10TEK.2021007T185141.v2.0,2719,2650,field_boundary_patch_tifs\patch_154850800200111681_HLS.L30.T10TEK.2021007T185141.v2.0.tif,"B02,B03,B04,B05,B06,B07,B11",
GEDI04_A_2021249071941_O15485_02_T10560_02_002_02_V002.h5,154850800200111682,39.912534572278425,-122.06931914378252,78.08355712890625,HLS.L30.T10TEK.2021007T185141.v2.0,2717,2652,field_boundary_patch_tifs\patch_154850800200111682_HLS.L30.T10TEK.2021007T185141.v2.0.tif,"B02,B03,B04,B05,B06,B07,B11",
GEDI04_A_2021249071941_O15485_02_T10560_02_002_02_V002.h5,154850800200111683,39.912850352891944,-122.06879396251577,44.928035736083984,HLS.L30.T10TEK.2021007T185141.v2.0,2716,2653,field_boundary_patch_tifs\patch_154850800200111683_HLS.L30.T10TEK.2021007T185141.v2.0.tif,"B02,B03,B04,B05,B06,B07,B11",
GEDI04_A_2021249071941_O15485_02_T10560_02_002_02_V002.h5,154850800200111684,39.91316611075355,-122.06826879749445,27.62065887451172,HLS.L30.T10TEK.2021007T185141.v2.0,2715,2655,field_boundary_patch_tifs\patch_154850800200111684_HLS.L30.T10TEK.2021007T185141.v2.0.tif,"B02,B03,B04,B05,B06,B07,B11",
GEDI04_A_2021249071941_O15485_02_T10560_02_002_02_V002.h5,154850800200111685,39.913481875394424,-122.06774363017279,28.405733108520508,HLS.L30.T10TEK.2021007T185141.v2.0,2714,2656,field_boundary_patch_tifs\patch_154850800200111685_HLS.L30.T10TEK.2021007T185141.v2.0.tif,"B02,B03,B04,B05,B06,B07,B11",
GEDI04_A_2021249071941_O15485_02_T10560_02_002_02_V002.h5,154850800200111686,39.91379767282662,-122.06721844384727,20.944238662719727,HLS.L30.T10TEK.2021007T185141.v2.0,2713,2658,field_boundary_patch_tifs\patch_154850800200111686_HLS.L30.T10TEK.2021007T185141.v2.0.tif,"B02,B03,B04,B05,B06,B07,B11",
GEDI04_A_2021249071941_O15485_02_T10560_02_002_02_V002.h5,154850800200111687,39.91411350389865,-122.06669323748632,24.054811477661133,HLS.L30.T10TEK.2021007T185141.v2.0,2711,2659,field_boundary_patch_tifs\patch_154850800200111687_HLS.L30.T10TEK.2021007T185141.v2.0.tif,"B02,B03,B04,B05,B06,B07,B11",
GEDI04_A_2021249071941_O15485_02_T10560_02_002_02_V002.h5,154850800200111688,39.914429302949195,-122.06616805322862,19.164194107055664,HLS.L30.T10TEK.2021007T185141.v2.0,2710,2661,field_boundary_patch_tifs\patch_154850800200111688_HLS.L30.T10TEK.2021007T185141.v2.0.tif,"B02,B03,B04,B05,B06,B07,B11",
GEDI04_A_2021249071941_O15485_02_T10560_02_002_02_V002.h5,154850800200111689,39.91474516910824,-122.06564282842989,33.63839340209961,HLS.L30.T10TEK.2021007T185141.v2.0,2709,2662,field_boundary_patch_tifs\patch_154850800200111689_HLS.L30.T10TEK.2021007T185141.v2.0.tif,"B02,B03,B04,B05,B06,B07,B11",
GEDI04_A_2021249071941_O15485_02_T10560_02_002_02_V002.h5,154850800200111690,39.91506108630062,-122.06511757287522,42.160518646240234,HLS.L30.T10TEK.2021007T185141.v2.0,2708,2664,field_boundary_patch_tifs\patch_154850800200111690_HLS.L30.T10TEK.2021007T185141.v2.0.tif,"B02,B03,B04,B05,B06,B07,B11",
GEDI04_A_2021249071941_O15485_02_T10560_02_002_02_V002.h5,154850800200111691,39.91537691513914,-122.06459237445475,14.630736351013184,HLS.L30.T10TEK.2021007T185141.v2.0,2707,2665,field_boundary_patch_tifs\patch_154850800200111691_HLS.L30.T10TEK.2021007T185141.v2.0.tif,"B02,B03,B04,B05,B06,B07,B11",
GEDI04_A_2021249071941_O15485_02_T10560_02_002_02_V002.h5,154850800200111692,39.915692805149035,-122.06406713860034,12.766318321228027,HLS.L30.T10TEK.2021007T185141.v2.0,2706,2666,field_boundary_patch_tifs\patch_154850800200111692_HLS.L30.T10TEK.2021007T185141.v2.0.tif,"B02,B03,B04,B05,B06,B07,B11",
GEDI04_A_2021249071941_O15485_02_T10560_02_002_02_V002.h5,154850800200111693,39.91600875147868,-122.06354186906036,12.88219928741455,HLS.L30.T10TEK.2021007T185141.v2.0,2704,2668,field_boundary_patch_tifs\patch_154850800200111693_HLS.L30.T10TEK.2021007T185141.v2.0.tif,"B02,B03,B04,B05,B06,B07,B11",
GEDI04_A_2021249071941_O15485_02_T10560_02_002_02_V002.h5,154850800200111694,39.91632471653505,-122.06301658836536,13.254549026489258,HLS.L30.T10TEK.2021007T185141.v2.0,2703,2669,field_boundary_patch_tifs\patch_154850800200111694_HLS.L30.T10TEK.2021007T185141.v2.0.tif,"B02,B03,B04,B05,B06,B07,B11",
GEDI04_A_2021249071941_O15485_02_T10560_02_002_02_V002.h5,154850800200111695,39.91664072490059,-122.0624912816822,12.875006675720215,HLS.L30.T10TEK.2021007T185141.v2.0,2702,2671,field_boundary_patch_tifs\patch_154850800200111695_HLS.L30.T10TEK.2021007T185141.v2.0.tif,"B02,B03,B04,B05,B06,B07,B11",
GEDI04_A_2021249071941_O15485_02_T10560_02_002_02_V002.h5,154850800200111696,39.916956743825125,-122.06196596990719,12.417793273925781,HLS.L30.T10TEK.2021007T185141.v2.0,2701,2672,field_boundary_patch_tifs\patch_154850800200111696_HLS.L30.T10TEK.2021007T185141.v2.0.tif,"B02,B03,B04,B05,B06,B07,B11",
GEDI04_A_2021249071941_O15485_02_T10560_02_002_02_V002.h5,154850800200111697,39.91727279457952,-122.06144063862382,12.587947845458984,HLS.L30.T10TEK.2021007T185141.v2.0,2700,2674,field_boundary_patch_tifs\patch_154850800200111697_HLS.L30.T10TEK.2021007T185141.v2.0.tif,"B02,B03,B04,B05,B06,B07,B11",
GEDI04_A_2021249071941_O15485_02_T10560_02_002_02_V002.h5,154850800200111698,39.91758891782327,-122.06091526269451,12.338241577148438,HLS.L30.T10TEK.2021007T185141.v2.0,2698,2675,field_boundary_patch_tifs\patch_154850800200111698_HLS.L30.T10TEK.2021007T185141.v2.0.tif,"B02,B03,B04,B05,B06,B07,B11",
GEDI04_A_2021249071941_O15485_02_T10560_02_002_02_V002.h5,154850800200111699,39.91790503789967,-122.06038988991322,17.99439811706543,HLS.L30.T10TEK.2021007T185141.v2.0,2697,2677,field_boundary_patch_tifs\patch_154850800200111699_HLS.L30.T10TEK.2021007T185141.v2.0.tif,"B02,B03,B04,B05,B06,B07,B11",
GEDI04_A_2021249071941_O15485_02_T10560_02_002_02_V002.h5,154850800200111700,39.918221283974354,-122.05986443697489,28.59264373779297,HLS.L30.T10TEK.2021007T185141.v2.0,2696,2678,field_boundary_patch_tifs\patch_154850800200111700_HLS.L30.T10TEK.2021007T185141.v2.0.tif,"B02,B03,B04,B05,B06,B07,B11",
GEDI04_A_2021249071941_O15485_02_T10560_02_002_02_V002.h5,154850800200111701,39.91853749247372,-122.05933900533606,31.185354232788086,HLS.L30.T10TEK.2021007T185141.v2.0,2695,2680,field_boundary_patch_tifs\patch_154850800200111701_HLS.L30.T10TEK.2021007T185141.v2.0.tif,"B02,B03,B04,B05,B06,B07,B11",
GEDI04_A_2021249071941_O15485_02_T10560_02_002_02_V002.h5,154850800200111702,39.91885382224949,-122.058813492978,33.96897506713867,HLS.L30.T10TEK.2021007T185141.v2.0,2694,2681,field_boundary_patch_tifs\patch_154850800200111702_HLS.L30.T10TEK.2021007T185141.v2.0.tif,"B02,B03,B04,B05,B06,B07,B11",
GEDI04_A_2021249071941_O15485_02_T10560_02_002_02_V002.h5,154850800200111703,39.91917004302371,-122.05828804260715,29.444921493530273,HLS.L30.T10TEK.2021007T185141.v2.0,2692,2683,field_boundary_patch_tifs\patch_154850800200111703_HLS.L30.T10TEK.2021007T185141.v2.0.tif,"B02,B03,B04,B05,B06,B07,B11",
GEDI04_A_2021249071941_O15485_02_T10560_02_002_02_V002.h5,154850800200111704,39.919485406228986,-122.05776312306614,86.52217864990234,HLS.L30.T10TEK.2021007T185141.v2.0,2691,2684,field_boundary_patch_tifs\patch_154850800200111704_HLS.L30.T10TEK.2021007T185141.v2.0.tif,"B02,B03,B04,B05,B06,B07,B11",
GEDI04_A_2021249071941_O15485_02_T10560_02_002_02_V002.h5,154850800200111705,39.91980268074454,-122.05723699030509,60.3773078918457,HLS.L30.T10TEK.2021007T185141.v2.0,2690,2686,field_boundary_patch_tifs\patch_154850800200111705_HLS.L30.T10TEK.2021007T185141.v2.0.tif,"B02,B03,B04,B05,B06,B07,B11",
GEDI04_A_2021249071941_O15485_02_T10560_02_002_02_V002.h5,154850800200111706,39.92011900983227,-122.05671143946763,55.98875045776367,HLS.L30.T10TEK.2021007T185141.v2.0,2689,2687,field_boundary_patch_tifs\patch_154850800200111706_HLS.L30.T10TEK.2021007T185141.v2.0.tif,"B02,B03,B04,B05,B06,B07,B11",
GEDI04_A_2021249071941_O15485_02_T10560_02_002_02_V002.h5,154850800200111707,39.92043537774205,-122.0561858493894,59.49176025390625,HLS.L30.T10TEK.2021007T185141.v2.0,2688,2689,field_boundary_patch_tifs\patch_154850800200111707_HLS.L30.T10TEK.2021007T185141.v2.0.tif,"B02,B03,B04,B05,B06,B07,B11",
GEDI04_A_2021249071941_O15485_02_T10560_02_002_02_V002.h5,154850800200111708,39.9207517402246,-122.0556602463407,53.73292922973633,HLS.L30.T10TEK.2021007T185141.v2.0,2687,2690,field_boundary_patch_tifs\patch_154850800200111708_HLS.L30.T10TEK.2021007T185141.v2.0.tif,"B02,B03,B04,B05,B06,B07,B11",
GEDI04_A_2021249071941_O15485_02_T10560_02_002_02_V002.h5,154850800200111709,39.92106808015591,-122.05513463775486,55.0457649230957,HLS.L30.T10TEK.2021007T185141.v2.0,2685,2692,field_boundary_patch_tifs\patch_154850800200111709_HLS.L30.T10TEK.2021007T185141.v2.0.tif,"B02,B03,B04,B05,B06,B07,B11",
GEDI04_A_2021249071941_O15485_02_T10560_02_002_02_V002.h5,154850800200111710,39.92138444327503,-122.05460899364714,33.12435531616211,HLS.L30.T10TEK.2021007T185141.v2.0,2684,2693,field_boundary_patch_tifs\patch_154850800200111710_HLS.L30.T10TEK.2021007T185141.v2.0.tif,"B02,B03,B04,B05,B06,B07,B11",
GEDI04_A_2021249071941_O15485_02_T10560_02_002_02_V002.h5,154850800200111711,39.92170092081979,-122.05408325556895,60.349037170410156,HLS.L30.T10TEK.2021007T185141.v2.0,2683,2695,field_boundary_patch_tifs\patch_154850800200111711_HLS.L30.T10TEK.2021007T185141.v2.0.tif,"B02,B03,B04,B05,B06,B07,B11",
GEDI04_A_2021249071941_O15485_02_T10560_02_002_02_V002.h5,154851100200106208,39.892142426540204,-122.0913511440197,28.921234130859375,HLS.L30.T10TEK.2021007T185141.v2.0,2793,2590,field_boundary_patch_tifs\patch_154851100200106208_HLS.L30.T10TEK.2021007T185141.v2.0.tif,"B02,B03,B04,B05,B06,B07,B11",
GEDI04_A_2021249071941_O15485_02_T10560_02_002_02_V002.h5,154851100200106209,39.89245874650098,-122.0908255183426,14.381548881530762,HLS.L30.T10TEK.2021007T185141.v2.0,2792,2591,field_boundary_patch_tifs\patch_154851100200106209_HLS.L30.T10TEK.2021007T185141.v2.0.tif,"B02,B03,B04,B05,B06,B07,B11",
GEDI04_A_2021249071941_O15485_02_T10560_02_002_02_V002.h5,154851100200106210,39.8927749989186,-122.09029989535853,14.29340648651123,HLS.L30.T10TEK.2021007T185141.v2.0,2791,2593,field_boundary_patch_tifs\patch_154851100200106210_HLS.L30.T10TEK.2021007T185141.v2.0.tif,"B02,B03,B04,B05,B06,B07,B11",
GEDI04_A_2021249071941_O15485_02_T10560_02_002_02_V002.h5,154851100200106211,39.89309120798776,-122.08977426336855,14.19296646118164,HLS.L30.T10TEK.2021007T185141.v2.0,2790,2594,field_boundary_patch_tifs\patch_154851100200106211_HLS.L30.T10TEK.2021007T185141.v2.0.tif,"B02,B03,B04,B05,B06,B07,B11",
GEDI04_A_2021249071941_O15485_02_T10560_02_002_02_V002.h5,154851100200106212,39.89340753336172,-122.08924854260776,28.105741500854492,HLS.L30.T10TEK.2021007T185141.v2.0,2789,2596,field_boundary_patch_tifs\patch_154851100200106212_HLS.L30.T10TEK.2021007T185141.v2.0.tif,"B02,B03,B04,B05,B06,B07,B11",
GEDI04_A_2021249071941_O15485_02_T10560_02_002_02_V002.h5,154851100200106213,39.89372373210728,-122.08872286147569,18.35345458984375,HLS.L30.T10TEK.2021007T185141.v2.0,2788,2597,field_boundary_patch_tifs\patch_154851100200106213_HLS.L30.T10TEK.2021007T185141.v2.0.tif,"B02,B03,B04,B05,B06,B07,B11",
GEDI04_A_2021249071941_O15485_02_T10560_02_002_02_V002.h5,154851100200106214,39.894039893139606,-122.08819717599678,14.622005462646484,HLS.L30.T10TEK.2021007T185141.v2.0,2786,2599,field_boundary_patch_tifs\patch_154851100200106214_HLS.L30.T10TEK.2021007T185141.v2.0.tif,"B02,B03,B04,B05,B06,B07,B11",
GEDI04_A_2021249071941_O15485_02_T10560_02_002_02_V002.h5,154851100200106215,39.89435619698118,-122.08767139507752,14.617061614990234,HLS.L30.T10TEK.2021007T185141.v2.0,2785,2600,field_boundary_patch_tifs\patch_154851100200106215_HLS.L30.T10TEK.2021007T185141.v2.0.tif,"B02,B03,B04,B05,B06,B07,B11",
GEDI04_A_2021249071941_O15485_02_T10560_02_002_02_V002.h5,154851100200106216,39.894672476027395,-122.08714560767396,14.667922019958496,HLS.L30.T10TEK.2021007T185141.v2.0,2784,2602,field_boundary_patch_tifs\patch_154851100200106216_HLS.L30.T10TEK.2021007T185141.v2.0.tif,"B02,B03,B04,B05,B06,B07,B11",
GEDI04_A_2021249071941_O15485_02_T10560_02_002_02_V002.h5,154851100200106217,39.89498876575864,-122.0866197976936,14.520544052124023,HLS.L30.T10TEK.2021007T185141.v2.0,2783,2603,field_boundary_patch_tifs\patch_154851100200106217_HLS.L30.T10TEK.2021007T185141.v2.0.tif,"B02,B03,B04,B05,B06,B07,B11",
GEDI04_A_2021249071941_O15485_02_T10560_02_002_02_V002.h5,154851100200106218,39.89530502193036,-122.08609399021154,37.87234878540039,HLS.L30.T10TEK.2021007T185141.v2.0,2782,2605,field_boundary_patch_tifs\patch_154851100200106218_HLS.L30.T10TEK.2021007T185141.v2.0.tif,"B02,B03,B04,B05,B06,B07,B11",
GEDI04_A_2021249071941_O15485_02_T10560_02_002_02_V002.h5,154851100200106219,39.89561998495479,-122.08556883826688,33.10065841674805,HLS.L30.T10TEK.2021007T185141.v2.0,2780,2606,field_boundary_patch_tifs\patch_154851100200106219_HLS.L30.T10TEK.2021007T185141.v2.0.tif,"B02,B03,B04,B05,B06,B07,B11",
GEDI04_A_2021249071941_O15485_02_T10560_02_002_02_V002.h5,154851100200106220,39.89593769423068,-122.08504225882159,16.682573318481445,HLS.L30.T10TEK.2021007T185141.v2.0,2779,2607,field_boundary_patch_tifs\patch_154851100200106220_HLS.L30.T10TEK.2021007T185141.v2.0.tif,"B02,B03,B04,B05,B06,B07,B11",
GEDI04_A_2021249071941_O15485_02_T10560_02_002_02_V002.h5,154851100200106221,39.89625260007485,-122.08451711737699,19.093441009521484,HLS.L30.T10TEK.2021007T185141.v2.0,2778,2609,field_boundary_patch_tifs\patch_154851100200106221_HLS.L30.T10TEK.2021007T185141.v2.0.tif,"B02,B03,B04,B05,B06,B07,B11",
GEDI04_A_2021249071941_O15485_02_T10560_02_002_02_V002.h5,154851100200106222,39.8965701479817,-122.08399060822948,3.4542903900146484,HLS.L30.T10TEK.2021007T185141.v2.0,2777,2610,field_boundary_patch_tifs\patch_154851100200106222_HLS.L30.T10TEK.2021007T185141.v2.0.tif,"B02,B03,B04,B05,B06,B07,B11",
GEDI04_A_2021249071941_O15485_02_T10560_02_002_02_V002.h5,154851100200106223,39.89688633491437,-122.08346479729803,3.3590548038482666,HLS.L30.T10TEK.2021007T185141.v2.0,2776,2612,field_boundary_patch_tifs\patch_154851100200106223_HLS.L30.T10TEK.2021007T185141.v2.0.tif,"B02,B03,B04,B05,B06,B07,B11",
GEDI04_A_2021249071941_O15485_02_T10560_02_002_02_V002.h5,154851100200106224,39.89720251151335,-122.08293899131523,4.001528263092041,HLS.L30.T10TEK.2021007T185141.v2.0,2774,2613,field_boundary_patch_tifs\patch_154851100200106224_HLS.L30.T10TEK.2021007T185141.v2.0.tif,"B02,B03,B04,B05,B06,B07,B11",
GEDI04_A_2021249071941_O15485_02_T10560_02_002_02_V002.h5,154851100200106225,39.89751870330475,-122.08241317773613,3.5508384704589844,HLS.L30.T10TEK.2021007T185141.v2.0,2773,2615,field_boundary_patch_tifs\patch_154851100200106225_HLS.L30.T10TEK.2021007T185141.v2.0.tif,"B02,B03,B04,B05,B06,B07,B11",
GEDI04_A_2021249071941_O15485_02_T10560_02_002_02_V002.h5,154851100200106226,39.8978348699039,-122.08188738132482,70.76014709472656,HLS.L30.T10TEK.2021007T185141.v2.0,2772,2616,field_boundary_patch_tifs\patch_154851100200106226_HLS.L30.T10TEK.2021007T185141.v2.0.tif,"B02,B03,B04,B05,B06,B07,B11",
GEDI04_A_2021249071941_O15485_02_T10560_02_002_02_V002.h5,154851100200106227,39.898150977902034,-122.081361621182,18.872766494750977,HLS.L30.T10TEK.2021007T185141.v2.0,2771,2618,field_boundary_patch_tifs\patch_154851100200106227_HLS.L30.T10TEK.2021007T185141.v2.0.tif,"B02,B03,B04,B05,B06,B07,B11",
GEDI04_A_2021249071941_O15485_02_T10560_02_002_02_V002.h5,154851100200106228,39.898467012195034,-122.08083590679443,31.343521118164062,HLS.L30.T10TEK.2021007T185141.v2.0,2770,2619,field_boundary_patch_tifs\patch_154851100200106228_HLS.L30.T10TEK.2021007T185141.v2.0.tif,"B02,B03,B04,B05,B06,B07,B11",
GEDI04_A_2021249071941_O15485_02_T10560_02_002_02_V002.h5,154851100200106229,39.89878320124211,-122.0803101228309,21.661420822143555,HLS.L30.T10TEK.2021007T185141.v2.0,2769,2621,field_boundary_patch_tifs\patch_154851100200106229_HLS.L30.T10TEK.2021007T185141.v2.0.tif,"B02,B03,B04,B05,B06,B07,B11",
GEDI04_A_2021249071941_O15485_02_T10560_02_002_02_V002.h5,154851100200106230,39.89909938089811,-122.07978435754744,31.063121795654297,HLS.L30.T10TEK.2021007T185141.v2.0,2767,2622,field_boundary_patch_tifs\patch_154851100200106230_HLS.L30.T10TEK.2021007T185141.v2.0.tif,"B02,B03,B04,B05,B06,B07,B11",
GEDI04_A_2021249071941_O15485_02_T10560_02_002_02_V002.h5,154851100200106231,39.89941552947313,-122.07925857791106,19.53851890563965,HLS.L30.T10TEK.2021007T185141.v2.0,2766,2624,field_boundary_patch_tifs\patch_154851100200106231_HLS.L30.T10TEK.2021007T185141.v2.0.tif,"B02,B03,B04,B05,B06,B07,B11",
GEDI04_A_2021249071941_O15485_02_T10560_02_002_02_V002.h5,154851100200106232,39.90036387525168,-122.07768127159548,28.52684211730957,HLS.L30.T10TEK.2021007T185141.v2.0,2763,2628,field_boundary_patch_tifs\patch_154851100200106232_HLS.L30.T10TEK.2021007T185141.v2.0.tif,"B02,B03,B04,B05,B06,B07,B11",
GEDI04_A_2021249071941_O15485_02_T10560_02_002_02_V002.h5,154851100200106233,39.900680372745356,-122.07715534503748,113.43305969238281,HLS.L30.T10TEK.2021007T185141.v2.0,2761,2630,field_boundary_patch_tifs\patch_154851100200106233_HLS.L30.T10TEK.2021007T185141.v2.0.tif,"B02,B03,B04,B05,B06,B07,B11",
GEDI04_A_2021249071941_O15485_02_T10560_02_002_02_V002.h5,154851100200106239,39.90257622542248,-122.0740017703529,34.894554138183594,HLS.L30.T10TEK.2021007T185141.v2.0,2754,2639,field_boundary_patch_tifs\patch_154851100200106239_HLS.L30.T10TEK.2021007T185141.v2.0.tif,"B02,B03,B04,B05,B06,B07,B11",
GEDI04_A_2021249071941_O15485_02_T10560_02_002_02_V002.h5,154851100200106240,39.90289215572124,-122.07347625226402,35.32827377319336,HLS.L30.T10TEK.2021007T185141.v2.0,2753,2640,field_boundary_patch_tifs\patch_154851100200106240_HLS.L30.T10TEK.2021007T185141.v2.0.tif,"B02,B03,B04,B05,B06,B07,B11",
GEDI04_A_2021249071941_O15485_02_T10560_02_002_02_V002.h5,154851100200106241,39.903208056246854,-122.07295076292681,20.55986785888672,HLS.L30.T10TEK.2021007T185141.v2.0,2752,2642,field_boundary_patch_tifs\patch_154851100200106241_HLS.L30.T10TEK.2021007T185141.v2.0.tif,"B02,B03,B04,B05,B06,B07,B11",
GEDI04_A_2021249071941_O15485_02_T10560_02_002_02_V002.h5,154851100200106242,39.90352381804075,-122.07242535842906,100.25438690185547,HLS.L30.T10TEK.2021007T185141.v2.0,2751,2643,field_boundary_patch_tifs\patch_154851100200106242_HLS.L30.T10TEK.2021007T185141.v2.0.tif,"B02,B03,B04,B05,B06,B07,B11",
GEDI04_A_2021249071941_O15485_02_T10560_02_002_02_V002.h5,154851100200106243,39.90383986775898,-122.07189981727268,42.94517517089844,HLS.L30.T10TEK.2021007T185141.v2.0,2750,2645,field_boundary_patch_tifs\patch_154851100200106243_HLS.L30.T10TEK.2021007T185141.v2.0.tif,"B02,B03,B04,B05,B06,B07,B11",
GEDI04_A_2021249071941_O15485_02_T10560_02_002_02_V002.h5,154851100200106244,39.904155801511585,-122.07137434716847,52.37016677856445,HLS.L30.T10TEK.2021007T185141.v2.0,2748,2646,field_boundary_patch_tifs\patch_154851100200106244_HLS.L30.T10TEK.2021007T185141.v2.0.tif,"B02,B03,B04,B05,B06,B07,B11",
GEDI04_A_2021249071941_O15485_02_T10560_02_002_02_V002.h5,154851100200106245,39.90447167029267,-122.07084892144785,54.65234375,HLS.L30.T10TEK.2021007T185141.v2.0,2747,2648,field_boundary_patch_tifs\patch_154851100200106245_HLS.L30.T10TEK.2021007T185141.v2.0.tif,"B02,B03,B04,B05,B06,B07,B11",
GEDI04_A_2021249071941_O15485_02_T10560_02_002_02_V002.h5,154851100200106246,39.904787509706615,-122.07032352078701,65.69046783447266,HLS.L30.T10TEK.2021007T185141.v2.0,2746,2649,field_boundary_patch_tifs\patch_154851100200106246_HLS.L30.T10TEK.2021007T185141.v2.0.tif,"B02,B03,B04,B05,B06,B07,B11",
GEDI04_A_2021249071941_O15485_02_T10560_02_002_02_V002.h5,154851100200106247,39.90510340521233,-122.06979809997175,76.90372467041016,HLS.L30.T10TEK.2021007T185141.v2.0,2745,2651,field_boundary_patch_tifs\patch_154851100200106247_HLS.L30.T10TEK.2021007T185141.v2.0.tif,"B02,B03,B04,B05,B06,B07,B11",
GEDI04_A_2021249071941_O15485_02_T10560_02_002_02_V002.h5,154851100200106248,39.90541925745169,-122.06927271044258,93.68916320800781,HLS.L30.T10TEK.2021007T185141.v2.0,2744,2652,field_boundary_patch_tifs\patch_154851100200106248_HLS.L30.T10TEK.2021007T185141.v2.0.tif,"B02,B03,B04,B05,B06,B07,B11",
GEDI04_A_2021249071941_O15485_02_T10560_02_002_02_V002.h5,154851100200106249,39.90573508876599,-122.06874733931124,94.01701354980469,HLS.L30.T10TEK.2021007T185141.v2.0,2743,2654,field_boundary_patch_tifs\patch_154851100200106249_HLS.L30.T10TEK.2021007T185141.v2.0.tif,"B02,B03,B04,B05,B06,B07,B11",
GEDI04_A_2021249071941_O15485_02_T10560_02_002_02_V002.h5,154851100200106250,39.906050928503205,-122.06822197152643,82.26351928710938,HLS.L30.T10TEK.2021007T185141.v2.0,2741,2655,field_boundary_patch_tifs\patch_154851100200106250_HLS.L30.T10TEK.2021007T185141.v2.0.tif,"B02,B03,B04,B05,B06,B07,B11",
GEDI04_A_2021249071941_O15485_02_T10560_02_002_02_V002.h5,154851100200106251,39.90636673446831,-122.06769662731865,65.84074401855469,HLS.L30.T10TEK.2021007T185141.v2.0,2740,2657,field_boundary_patch_tifs\patch_154851100200106251_HLS.L30.T10TEK.2021007T185141.v2.0.tif,"B02,B03,B04,B05,B06,B07,B11",
GEDI04_A_2021249071941_O15485_02_T10560_02_002_02_V002.h5,154851100200106252,39.90668253590511,-122.06717129060232,65.63714599609375,HLS.L30.T10TEK.2021007T185141.v2.0,2739,2658,field_boundary_patch_tifs\patch_154851100200106252_HLS.L30.T10TEK.2021007T185141.v2.0.tif,"B02,B03,B04,B05,B06,B07,B11",
GEDI04_A_2021249071941_O15485_02_T10560_02_002_02_V002.h5,154851100200106253,39.90699830559569,-122.06664597497283,67.33797454833984,HLS.L30.T10TEK.2021007T185141.v2.0,2738,2659,field_boundary_patch_tifs\patch_154851100200106253_HLS.L30.T10TEK.2021007T185141.v2.0.tif,"B02,B03,B04,B05,B06,B07,B11",
GEDI04_A_2021249071941_O15485_02_T10560_02_002_02_V002.h5,154851100200106254,39.90731415641743,-122.06612062207604,66.22657775878906,HLS.L30.T10TEK.2021007T185141.v2.0,2737,2661,field_boundary_patch_tifs\patch_154851100200106254_HLS.L30.T10TEK.2021007T185141.v2.0.tif,"B02,B03,B04,B05,B06,B07,B11",
GEDI04_A_2021249071941_O15485_02_T10560_02_002_02_V002.h5,154851100200106255,39.90762988363356,-122.06559533600878,30.80436897277832,HLS.L30.T10TEK.2021007T185141.v2.0,2735,2662,field_boundary_patch_tifs\patch_154851100200106255_HLS.L30.T10TEK.2021007T185141.v2.0.tif,"B02,B03,B04,B05,B06,B07,B11",
GEDI04_A_2021249071941_O15485_02_T10560_02_002_02_V002.h5,154851100200106256,39.90794648119472,-122.06506960340083,14.758413314819336,HLS.L30.T10TEK.2021007T185141.v2.0,2734,2664,field_boundary_patch_tifs\patch_154851100200106256_HLS.L30.T10TEK.2021007T185141.v2.0.tif,"B02,B03,B04,B05,B06,B07,B11",
GEDI04_A_2021249071941_O15485_02_T10560_02_002_02_V002.h5,154851100200106257,39.90826247100866,-122.06454425086837,14.195928573608398,HLS.L30.T10TEK.2021007T185141.v2.0,2733,2665,field_boundary_patch_tifs\patch_154851100200106257_HLS.L30.T10TEK.2021007T185141.v2.0.tif,"B02,B03,B04,B05,B06,B07,B11",
GEDI04_A_2021249071941_O15485_02_T10560_02_002_02_V002.h5,154851100200106258,39.908577119236135,-122.06401961821929,35.31452178955078,HLS.L30.T10TEK.2021007T185141.v2.0,2732,2667,field_boundary_patch_tifs\patch_154851100200106258_HLS.L30.T10TEK.2021007T185141.v2.0.tif,"B02,B03,B04,B05,B06,B07,B11",
GEDI04_A_2021249071941_O15485_02_T10560_02_002_02_V002.h5,154851100200106259,39.90889279386781,-122.06349445702735,26.95085906982422,HLS.L30.T10TEK.2021007T185141.v2.0,2731,2668,field_boundary_patch_tifs\patch_154851100200106259_HLS.L30.T10TEK.2021007T185141.v2.0.tif,"B02,B03,B04,B05,B06,B07,B11",
GEDI04_A_2021249071941_O15485_02_T10560_02_002_02_V002.h5,154851100200106260,39.909208417086205,-122.06296932506343,28.537527084350586,HLS.L30.T10TEK.2021007T185141.v2.0,2729,2670,field_boundary_patch_tifs\patch_154851100200106260_HLS.L30.T10TEK.2021007T185141.v2.0.tif,"B02,B03,B04,B05,B06,B07,B11",
GEDI04_A_2021249071941_O15485_02_T10560_02_002_02_V002.h5,154851100200106261,39.909524148780015,-122.06244413776993,26.427467346191406,HLS.L30.T10TEK.2021007T185141.v2.0,2728,2671,field_boundary_patch_tifs\patch_154851100200106261_HLS.L30.T10TEK.2021007T185141.v2.0.tif,"B02,B03,B04,B05,B06,B07,B11",
GEDI04_A_2021249071941_O15485_02_T10560_02_002_02_V002.h5,154851100200106262,39.909839834438635,-122.06191897625332,58.91287612915039,HLS.L30.T10TEK.2021007T185141.v2.0,2727,2673,field_boundary_patch_tifs\patch_154851100200106262_HLS.L30.T10TEK.2021007T185141.v2.0.tif,"B02,B03,B04,B05,B06,B07,B11",
GEDI04_A_2021249071941_O15485_02_T10560_02_002_02_V002.h5,154851100200106263,39.91015549540003,-122.06139382751341,31.17702865600586,HLS.L30.T10TEK.2021007T185141.v2.0,2726,2674,field_boundary_patch_tifs\patch_154851100200106263_HLS.L30.T10TEK.2021007T185141.v2.0.tif,"B02,B03,B04,B05,B06,B07,B11",
GEDI04_A_2021249071941_O15485_02_T10560_02_002_02_V002.h5,154851100200106264,39.91047116094202,-122.06086867785646,13.474441528320312,HLS.L30.T10TEK.2021007T185141.v2.0,2725,2676,field_boundary_patch_tifs\patch_154851100200106264_HLS.L30.T10TEK.2021007T185141.v2.0.tif,"B02,B03,B04,B05,B06,B07,B11",
GEDI04_A_2021249071941_O15485_02_T10560_02_002_02_V002.h5,154851100200106265,39.91078687036444,-122.06034350635586,12.88219928741455,HLS.L30.T10TEK.2021007T185141.v2.0,2724,2677,field_boundary_patch_tifs\patch_154851100200106265_HLS.L30.T10TEK.2021007T185141.v2.0.tif,"B02,B03,B04,B05,B06,B07,B11",
GEDI04_A_2021249071941_O15485_02_T10560_02_002_02_V002.h5,154851100200106266,39.91110261648927,-122.05981831554502,12.507851600646973,HLS.L30.T10TEK.2021007T185141.v2.0,2722,2679,field_boundary_patch_tifs\patch_154851100200106266_HLS.L30.T10TEK.2021007T185141.v2.0.tif,"B02,B03,B04,B05,B06,B07,B11",
GEDI04_A_2021249071941_O15485_02_T10560_02_002_02_V002.h5,154851100200106267,39.91141833462636,-122.05929313922503,13.236885070800781,HLS.L30.T10TEK.2021007T185141.v2.0,2721,2680,field_boundary_patch_tifs\patch_154851100200106267_HLS.L30.T10TEK.2021007T185141.v2.0.tif,"B02,B03,B04,B05,B06,B07,B11",
GEDI04_A_2021249071941_O15485_02_T10560_02_002_02_V002.h5,154851100200106268,39.91173412777796,-122.05876792471446,12.321054458618164,HLS.L30.T10TEK.2021007T185141.v2.0,2720,2682,field_boundary_patch_tifs\patch_154851100200106268_HLS.L30.T10TEK.2021007T185141.v2.0.tif,"B02,B03,B04,B05,B06,B07,B11",
GEDI04_A_2021249071941_O15485_02_T10560_02_002_02_V002.h5,154851100200106269,39.912049911368385,-122.05824271372016,12.435027122497559,HLS.L30.T10TEK.2021007T185141.v2.0,2719,2683,field_boundary_patch_tifs\patch_154851100200106269_HLS.L30.T10TEK.2021007T185141.v2.0.tif,"B02,B03,B04,B05,B06,B07,B11",
GEDI04_A_2021249071941_O15485_02_T10560_02_002_02_V002.h5,154851100200106270,39.91236572198666,-122.05771748794659,12.783757209777832,HLS.L30.T10TEK.2021007T185141.v2.0,2718,2685,field_boundary_patch_tifs\patch_154851100200106270_HLS.L30.T10TEK.2021007T185141.v2.0.tif,"B02,B03,B04,B05,B06,B07,B11",
GEDI04_A_2021249071941_O15485_02_T10560_02_002_02_V002.h5,154851100200106271,39.91268151368141,-122.05719227145404,34.630889892578125,HLS.L30.T10TEK.2021007T185141.v2.0,2716,2686,field_boundary_patch_tifs\patch_154851100200106271_HLS.L30.T10TEK.2021007T185141.v2.0.tif,"B02,B03,B04,B05,B06,B07,B11",
GEDI04_A_2021249071941_O15485_02_T10560_02_002_02_V002.h5,154851100200106272,39.91299742545432,-122.05666699110226,33.38339614868164,HLS.L30.T10TEK.2021007T185141.v2.0,2715,2688,field_boundary_patch_tifs\patch_154851100200106272_HLS.L30.T10TEK.2021007T185141.v2.0.tif,"B02,B03,B04,B05,B06,B07,B11",
GEDI04_A_2021249071941_O15485_02_T10560_02_002_02_V002.h5,154851100200106273,39.91331334979518,-122.05614170222877,28.068191528320312,HLS.L30.T10TEK.2021007T185141.v2.0,2714,2689,field_boundary_patch_tifs\patch_154851100200106273_HLS.L30.T10TEK.2021007T185141.v2.0.tif,"B02,B03,B04,B05,B06,B07,B11",
GEDI04_A_2021249071941_O15485_02_T10560_02_002_02_V002.h5,154851100200106274,39.91362925498345,-122.05561642223725,27.05560302734375,HLS.L30.T10TEK.2021007T185141.v2.0,2713,2691,field_boundary_patch_tifs\patch_154851100200106274_HLS.L30.T10TEK.2021007T185141.v2.0.tif,"B02,B03,B04,B05,B06,B07,B11",
GEDI04_A_2021249071941_O15485_02_T10560_02_002_02_V002.h5,154851100200106275,39.913945131432044,-122.05509115392441,26.998149871826172,HLS.L30.T10TEK.2021007T185141.v2.0,2712,2692,field_boundary_patch_tifs\patch_154851100200106275_HLS.L30.T10TEK.2021007T185141.v2.0.tif,"B02,B03,B04,B05,B06,B07,B11",
GEDI04_A_2021249071941_O15485_02_T10560_02_002_02_V002.h5,154851100200106276,39.91426103781337,-122.05456586760386,39.132442474365234,HLS.L30.T10TEK.2021007T185141.v2.0,2711,2694,field_boundary_patch_tifs\patch_154851100200106276_HLS.L30.T10TEK.2021007T185141.v2.0.tif,"B02,B03,B04,B05,B06,B07,B11",
GEDI04_A_2021249071941_O15485_02_T10560_02_002_02_V002.h5,154851100200106277,39.9145770653912,-122.05404051687795,50.08648681640625,HLS.L30.T10TEK.2021007T185141.v2.0,2709,2695,field_boundary_patch_tifs\patch_154851100200106277_HLS.L30.T10TEK.2021007T185141.v2.0.tif,"B02,B03,B04,B05,B06,B07,B11",
GEDI04_A_2021249071941_O15485_02_T10560_02_002_02_V002.h5,154851100200106278,39.914893163048696,-122.05351512575234,47.80156326293945,HLS.L30.T10TEK.2021007T185141.v2.0,2708,2697,field_boundary_patch_tifs\patch_154851100200106278_HLS.L30.T10TEK.2021007T185141.v2.0.tif,"B02,B03,B04,B05,B06,B07,B11",
GEDI04_A_2021249071941_O15485_02_T10560_02_002_02_V002.h5,154851100200106279,39.915209226713664,-122.05298974872937,32.1123161315918,HLS.L30.T10TEK.2021007T185141.v2.0,2707,2698,field_boundary_patch_tifs\patch_154851100200106279_HLS.L30.T10TEK.2021007T185141.v2.0.tif,"B02,B03,B04,B05,B06,B07,B11",
GEDI04_A_2021249071941_O15485_02_T10560_02_002_02_V002.h5,154851100200106280,39.91552525888268,-122.05246438468401,85.48564147949219,HLS.L30.T10TEK.2021007T185141.v2.0,2706,2700,field_boundary_patch_tifs\patch_154851100200106280_HLS.L30.T10TEK.2021007T185141.v2.0.tif,"B02,B03,B04,B05,B06,B07,B11",
GEDI04_A_2021249071941_O15485_02_T10560_02_002_02_V002.h5,154851100200106281,39.915841458435466,-122.05193892790233,77.17350006103516,HLS.L30.T10TEK.2021007T185141.v2.0,2705,2701,field_boundary_patch_tifs\patch_154851100200106281_HLS.L30.T10TEK.2021007T185141.v2.0.tif,"B02,B03,B04,B05,B06,B07,B11",
GEDI04_A_2021249071941_O15485_02_T10560_02_002_02_V002.h5,154851100200106282,39.91615763673447,-122.05141347482729,82.19636535644531,HLS.L30.T10TEK.2021007T185141.v2.0,2703,2703,field_boundary_patch_tifs\patch_154851100200106282_HLS.L30.T10TEK.2021007T185141.v2.0.tif,"B02,B03,B04,B05,B06,B07,B11",
GEDI04_A_2021249071941_O15485_02_T10560_02_002_02_V002.h5,154851100200106283,39.91647389542122,-122.05088797233587,82.1926498413086,HLS.L30.T10TEK.2021007T185141.v2.0,2702,2704,field_boundary_patch_tifs\patch_154851100200106283_HLS.L30.T10TEK.2021007T185141.v2.0.tif,"B02,B03,B04,B05,B06,B07,B11",
GEDI04_A_2021249071941_O15485_02_T10560_02_002_02_V002.h5,154851100200106284,39.91679022433031,-122.05036242143743,66.54857635498047,HLS.L30.T10TEK.2021007T185141.v2.0,2701,2705,field_boundary_patch_tifs\patch_154851100200106284_HLS.L30.T10TEK.2021007T185141.v2.0.tif,"B02,B03,B04,B05,B06,B07,B11",
GEDI04_A_2021249071941_O15485_02_T10560_02_002_02_V002.h5,154851100200106285,39.91710640422183,-122.04983693676786,71.05908966064453,HLS.L30.T10TEK.2021007T185141.v2.0,2700,2707,field_boundary_patch_tifs\patch_154851100200106285_HLS.L30.T10TEK.2021007T185141.v2.0.tif,"B02,B03,B04,B05,B06,B07,B11",
GEDI04_A_2021249071941_O15485_02_T10560_02_002_02_V002.h5,154851100200106286,39.91742264113614,-122.04931140820476,81.87359619140625,HLS.L30.T10TEK.2021007T185141.v2.0,2699,2708,field_boundary_patch_tifs\patch_154851100200106286_HLS.L30.T10TEK.2021007T185141.v2.0.tif,"B02,B03,B04,B05,B06,B07,B11",
GEDI04_A_2021249071941_O15485_02_T10560_02_002_02_V002.h5,154851100200106287,39.917738922573974,-122.04878584041103,75.36764526367188,HLS.L30.T10TEK.2021007T185141.v2.0,2697,2710,field_boundary_patch_tifs\patch_154851100200106287_HLS.L30.T10TEK.2021007T185141.v2.0.tif,"B02,B03,B04,B05,B06,B07,B11",
GEDI04_A_2021249071941_O15485_02_T10560_02_002_02_V002.h5,154851100200106288,39.918055219496054,-122.04826024871628,78.14842987060547,HLS.L30.T10TEK.2021007T185141.v2.0,2696,2711,field_boundary_patch_tifs\patch_154851100200106288_HLS.L30.T10TEK.2021007T185141.v2.0.tif,"B02,B03,B04,B05,B06,B07,B11",
GEDI04_A_2021249071941_O15485_02_T10560_02_002_02_V002.h5,154851100200106289,39.918371659012585,-122.04773456366662,75.70333099365234,HLS.L30.T10TEK.2021007T185141.v2.0,2695,2713,field_boundary_patch_tifs\patch_154851100200106289_HLS.L30.T10TEK.2021007T185141.v2.0.tif,"B02,B03,B04,B05,B06,B07,B11",
