tif,row,col,agbd,split
hls_california\HLS.S30.T10TCL.2021100T190909.v2.0_EVI_cropped.tif,1787,741,93.55158233642578,train
hls_california\HLS.S30.T10TCL.2021100T190909.v2.0_EVI_cropped.tif,1788,743,186.7239227294922,train
hls_california\HLS.S30.T10TCL.2021100T190909.v2.0_EVI_cropped.tif,1789,744,689.1649169921875,train
hls_california\HLS.S30.T10TCL.2021100T190909.v2.0_EVI_cropped.tif,1790,746,421.7535400390625,train
hls_california\HLS.S30.T10TCL.2021100T190909.v2.0_EVI_cropped.tif,1792,747,267.2934875488281,train
hls_california\HLS.S30.T10TCL.2021100T190909.v2.0_EVI_cropped.tif,1793,749,29.258575439453125,train
hls_california\HLS.S30.T10TCL.2021100T190909.v2.0_EVI_cropped.tif,1794,750,399.10296630859375,train
hls_california\HLS.S30.T10TCL.2021100T190909.v2.0_EVI_cropped.tif,1795,752,549.1626586914062,train
hls_california\HLS.S30.T10TCL.2021100T190909.v2.0_EVI_cropped.tif,1796,753,-9999.0,train
hls_california\HLS.S30.T10TCL.2021100T190909.v2.0_EVI_cropped.tif,1797,755,284.18035888671875,train
hls_california\HLS.S30.T10TCL.2021100T190909.v2.0_EVI_cropped.tif,1799,756,503.9057312011719,train
hls_california\HLS.S30.T10TCL.2021100T190909.v2.0_EVI_cropped.tif,1800,758,102.73900604248047,train
hls_california\HLS.S30.T10TCL.2021100T190909.v2.0_EVI_cropped.tif,1801,759,89.08833312988281,train
hls_california\HLS.S30.T10TCL.2021100T190909.v2.0_EVI_cropped.tif,1802,761,157.9299774169922,train
hls_california\HLS.S30.T10TCL.2021100T190909.v2.0_EVI_cropped.tif,1803,763,169.77334594726562,train
hls_california\HLS.S30.T10TCL.2021100T190909.v2.0_EVI_cropped.tif,1804,764,82.31609344482422,train
hls_california\HLS.S30.T10TCL.2021100T190909.v2.0_EVI_cropped.tif,1805,766,57.26226806640625,train
hls_california\HLS.S30.T10TCL.2021100T190909.v2.0_EVI_cropped.tif,1807,767,84.97142028808594,train
hls_california\HLS.S30.T10TCL.2021100T190909.v2.0_EVI_cropped.tif,1808,769,65.32927703857422,train
hls_california\HLS.S30.T10TCL.2021100T190909.v2.0_EVI_cropped.tif,1809,770,31.889110565185547,train
hls_california\HLS.S30.T10TCL.2021100T190909.v2.0_EVI_cropped.tif,1810,772,72.00951385498047,train
hls_california\HLS.S30.T10TCL.2021100T190909.v2.0_EVI_cropped.tif,1811,773,162.11151123046875,train
hls_california\HLS.S30.T10TCL.2021100T190909.v2.0_EVI_cropped.tif,1812,775,135.1705780029297,train
hls_california\HLS.S30.T10TCL.2021100T190909.v2.0_EVI_cropped.tif,1814,776,155.39788818359375,train
hls_california\HLS.S30.T10TCL.2021100T190909.v2.0_EVI_cropped.tif,1815,778,223.607177734375,train
hls_california\HLS.S30.T10TCL.2021100T190909.v2.0_EVI_cropped.tif,1816,779,195.54598999023438,train
hls_california\HLS.S30.T10TCL.2021100T190909.v2.0_EVI_cropped.tif,1817,781,39.59827423095703,train
hls_california\HLS.S30.T10TCL.2021100T190909.v2.0_EVI_cropped.tif,1818,782,21.49223518371582,train
hls_california\HLS.S30.T10TCL.2021100T190909.v2.0_EVI_cropped.tif,1819,784,32.03407669067383,train
hls_california\HLS.S30.T10TCL.2021100T190909.v2.0_EVI_cropped.tif,1820,785,23.976049423217773,train
hls_california\HLS.S30.T10TCL.2021100T190909.v2.0_EVI_cropped.tif,1822,787,30.978567123413086,train
hls_california\HLS.S30.T10TCL.2021100T190909.v2.0_EVI_cropped.tif,1823,788,30.900068283081055,train
hls_california\HLS.S30.T10TCL.2021100T190909.v2.0_EVI_cropped.tif,1824,790,-9999.0,train
hls_california\HLS.S30.T10TCL.2021100T190909.v2.0_EVI_cropped.tif,1825,791,65.2164535522461,train
hls_california\HLS.S30.T10TCL.2021100T190909.v2.0_EVI_cropped.tif,1826,793,22.55006217956543,train
hls_california\HLS.S30.T10TCL.2021100T190909.v2.0_EVI_cropped.tif,1827,794,129.35791015625,train
hls_california\HLS.S30.T10TCL.2021100T190909.v2.0_EVI_cropped.tif,1829,796,75.89813995361328,train
hls_california\HLS.S30.T10TCL.2021100T190909.v2.0_EVI_cropped.tif,1830,797,94.03894805908203,train
hls_california\HLS.S30.T10TCL.2021100T190909.v2.0_EVI_cropped.tif,1831,799,85.0545883178711,train
hls_california\HLS.S30.T10TCL.2021100T190909.v2.0_EVI_cropped.tif,1832,800,222.3999481201172,train
hls_california\HLS.S30.T10TCL.2021100T190909.v2.0_EVI_cropped.tif,1833,802,90.34117126464844,train
hls_california\HLS.S30.T10TCL.2021100T190909.v2.0_EVI_cropped.tif,1834,803,136.6087646484375,train
hls_california\HLS.S30.T10TCL.2021100T190909.v2.0_EVI_cropped.tif,1835,805,117.54824829101562,train
hls_california\HLS.S30.T10TCL.2021100T190909.v2.0_EVI_cropped.tif,1837,807,173.74327087402344,train
hls_california\HLS.S30.T10TCL.2021100T190909.v2.0_EVI_cropped.tif,1838,808,83.1710205078125,train
hls_california\HLS.S30.T10TCL.2021100T190909.v2.0_EVI_cropped.tif,1839,810,27.946596145629883,train
hls_california\HLS.S30.T10TCL.2021100T190909.v2.0_EVI_cropped.tif,1840,811,92.18270874023438,train
hls_california\HLS.S30.T10TCL.2021100T190909.v2.0_EVI_cropped.tif,1841,813,376.337890625,train
hls_california\HLS.S30.T10TCL.2021100T190909.v2.0_EVI_cropped.tif,1842,814,190.14151000976562,train
hls_california\HLS.S30.T10TCL.2021100T190909.v2.0_EVI_cropped.tif,1844,816,79.80706787109375,train
hls_california\HLS.S30.T10TCL.2021100T190909.v2.0_EVI_cropped.tif,1845,817,129.44407653808594,train
hls_california\HLS.L30.T10TDK.2021110T185717.v2.0_EVI_cropped.tif,16,2290,68.42473602294922,train
hls_california\HLS.L30.T10TDK.2021110T185717.v2.0_EVI_cropped.tif,17,2292,165.96299743652344,train
hls_california\HLS.L30.T10TDK.2021110T185717.v2.0_EVI_cropped.tif,18,2293,106.96646881103516,train
hls_california\HLS.L30.T10TDK.2021110T185717.v2.0_EVI_cropped.tif,19,2295,132.61134338378906,train
hls_california\HLS.L30.T10TDK.2021110T185717.v2.0_EVI_cropped.tif,21,2296,36.029754638671875,train
hls_california\HLS.L30.T10TDK.2021110T185717.v2.0_EVI_cropped.tif,22,2298,107.31847381591797,train
hls_california\HLS.L30.T10TDK.2021110T185717.v2.0_EVI_cropped.tif,23,2299,64.64476776123047,train
hls_california\HLS.L30.T10TDK.2021110T185717.v2.0_EVI_cropped.tif,24,2301,160.9539794921875,train
hls_california\HLS.L30.T10TDK.2021110T185717.v2.0_EVI_cropped.tif,25,2302,159.05564880371094,train
hls_california\HLS.L30.T10TDK.2021110T185717.v2.0_EVI_cropped.tif,26,2304,99.60945129394531,train
hls_california\HLS.L30.T10TDK.2021110T185717.v2.0_EVI_cropped.tif,27,2305,129.86134338378906,train
hls_california\HLS.L30.T10TDK.2021110T185717.v2.0_EVI_cropped.tif,29,2307,186.7178192138672,train
hls_california\HLS.L30.T10TDK.2021110T185717.v2.0_EVI_cropped.tif,30,2308,49.78286361694336,train
hls_california\HLS.L30.T10TDK.2021110T185717.v2.0_EVI_cropped.tif,31,2310,77.78282165527344,train
hls_california\HLS.L30.T10TDK.2021110T185717.v2.0_EVI_cropped.tif,32,2311,218.74819946289062,train
hls_california\HLS.L30.T10TDK.2021110T185717.v2.0_EVI_cropped.tif,33,2313,317.3786926269531,train
hls_california\HLS.L30.T10TDK.2021110T185717.v2.0_EVI_cropped.tif,34,2314,174.26040649414062,train
hls_california\HLS.L30.T10TDK.2021110T185717.v2.0_EVI_cropped.tif,36,2316,176.48020935058594,train
hls_california\HLS.L30.T10TDK.2021110T185717.v2.0_EVI_cropped.tif,37,2317,206.7817840576172,train
hls_california\HLS.L30.T10TDK.2021110T185717.v2.0_EVI_cropped.tif,38,2319,124.08904266357422,train
hls_california\HLS.L30.T10TDK.2021110T185717.v2.0_EVI_cropped.tif,39,2320,144.59979248046875,train
hls_california\HLS.L30.T10TDK.2021110T185717.v2.0_EVI_cropped.tif,40,2322,190.0018310546875,train
hls_california\HLS.L30.T10TDK.2021110T185717.v2.0_EVI_cropped.tif,41,2323,93.77616119384766,train
hls_california\HLS.L30.T10TDK.2021110T185717.v2.0_EVI_cropped.tif,42,2325,225.8563232421875,train
hls_california\HLS.L30.T10TDK.2021110T185717.v2.0_EVI_cropped.tif,44,2326,-9999.0,train
hls_california\HLS.L30.T10TDK.2021110T185717.v2.0_EVI_cropped.tif,45,2328,103.47451782226562,train
hls_california\HLS.L30.T10TDK.2021110T185717.v2.0_EVI_cropped.tif,46,2330,230.82138061523438,train
hls_california\HLS.L30.T10TDK.2021110T185717.v2.0_EVI_cropped.tif,47,2331,-9999.0,train
hls_california\HLS.L30.T10TDK.2021110T185717.v2.0_EVI_cropped.tif,48,2333,71.0371322631836,train
hls_california\HLS.L30.T10TDK.2021110T185717.v2.0_EVI_cropped.tif,49,2334,136.8596649169922,train
hls_california\HLS.L30.T10TDK.2021110T185717.v2.0_EVI_cropped.tif,51,2336,144.80433654785156,train
hls_california\HLS.L30.T10TDK.2021110T185717.v2.0_EVI_cropped.tif,52,2337,181.02236938476562,train
hls_california\HLS.L30.T10TDK.2021110T185717.v2.0_EVI_cropped.tif,53,2339,41.06328582763672,train
hls_california\HLS.L30.T10TDK.2021110T185717.v2.0_EVI_cropped.tif,54,2340,147.482421875,train
hls_california\HLS.L30.T10TDK.2021110T185717.v2.0_EVI_cropped.tif,55,2342,137.46368408203125,train
hls_california\HLS.L30.T10TDK.2021110T185717.v2.0_EVI_cropped.tif,56,2343,66.18937683105469,train
hls_california\HLS.L30.T10TDK.2021110T185717.v2.0_EVI_cropped.tif,57,2345,90.3720474243164,train
hls_california\HLS.L30.T10TDK.2021110T185717.v2.0_EVI_cropped.tif,59,2346,15.355535507202148,train
hls_california\HLS.L30.T10TDK.2021110T185717.v2.0_EVI_cropped.tif,60,2348,15.314538955688477,train
hls_california\HLS.L30.T10TDK.2021110T185717.v2.0_EVI_cropped.tif,61,2349,37.30702209472656,train
hls_california\HLS.L30.T10TDK.2021110T185717.v2.0_EVI_cropped.tif,62,2351,25.80515480041504,train
hls_california\HLS.L30.T10TDK.2021110T185717.v2.0_EVI_cropped.tif,63,2352,40.00784683227539,train
hls_california\HLS.L30.T10TDK.2021110T185717.v2.0_EVI_cropped.tif,64,2354,21.193147659301758,train
hls_california\HLS.L30.T10TDK.2021110T185717.v2.0_EVI_cropped.tif,66,2355,26.232873916625977,train
hls_california\HLS.L30.T10TDK.2021110T185717.v2.0_EVI_cropped.tif,67,2357,33.92542266845703,train
hls_california\HLS.L30.T10TDK.2021110T185717.v2.0_EVI_cropped.tif,68,2358,28.26405143737793,train
hls_california\HLS.L30.T10TDK.2021110T185717.v2.0_EVI_cropped.tif,69,2360,21.782394409179688,train
hls_california\HLS.L30.T10TDK.2021110T185717.v2.0_EVI_cropped.tif,70,2361,280.4823913574219,train
hls_california\HLS.L30.T10TDK.2021110T185717.v2.0_EVI_cropped.tif,71,2363,34.32860565185547,train
hls_california\HLS.L30.T10TDK.2021110T185717.v2.0_EVI_cropped.tif,72,2364,-9999.0,train
hls_california\HLS.L30.T10TDK.2021110T185717.v2.0_EVI_cropped.tif,74,2366,-9999.0,train
hls_california\HLS.L30.T10TDK.2021110T185717.v2.0_EVI_cropped.tif,75,2367,77.61177825927734,train
hls_california\HLS.L30.T10TDK.2021110T185717.v2.0_EVI_cropped.tif,76,2369,45.21867752075195,train
hls_california\HLS.L30.T10TDK.2021110T185717.v2.0_EVI_cropped.tif,77,2370,257.4313049316406,train
hls_california\HLS.L30.T10TDK.2021110T185717.v2.0_EVI_cropped.tif,78,2372,182.90695190429688,train
hls_california\HLS.L30.T10TDK.2021110T185717.v2.0_EVI_cropped.tif,79,2373,20.29054832458496,train
hls_california\HLS.L30.T10TDK.2021110T185717.v2.0_EVI_cropped.tif,81,2375,51.972412109375,train
hls_california\HLS.L30.T10TDK.2021110T185717.v2.0_EVI_cropped.tif,82,2376,43.65999221801758,train
hls_california\HLS.L30.T10TDK.2021110T185717.v2.0_EVI_cropped.tif,83,2378,131.59580993652344,train
hls_california\HLS.L30.T10TDK.2021110T185717.v2.0_EVI_cropped.tif,84,2379,202.7830810546875,train
hls_california\HLS.L30.T10TDK.2021110T185717.v2.0_EVI_cropped.tif,85,2381,411.5016174316406,train
hls_california\HLS.L30.T10TDK.2021110T185717.v2.0_EVI_cropped.tif,86,2382,268.72314453125,train
hls_california\HLS.L30.T10TDK.2021110T185717.v2.0_EVI_cropped.tif,87,2384,269.8986511230469,train
hls_california\HLS.L30.T10TDK.2021110T185717.v2.0_EVI_cropped.tif,89,2386,298.52581787109375,train
hls_california\HLS.L30.T10TDK.2021110T185717.v2.0_EVI_cropped.tif,90,2387,361.6493835449219,train
hls_california\HLS.L30.T10TDK.2021110T185717.v2.0_EVI_cropped.tif,91,2389,30.526960372924805,train
hls_california\HLS.L30.T10TDK.2021110T185717.v2.0_EVI_cropped.tif,92,2390,191.1965789794922,train
hls_california\HLS.L30.T10TDK.2021110T185717.v2.0_EVI_cropped.tif,93,2392,132.76876831054688,train
hls_california\HLS.L30.T10TDK.2021110T185717.v2.0_EVI_cropped.tif,94,2393,77.18499755859375,train
hls_california\HLS.L30.T10TDK.2021110T185717.v2.0_EVI_cropped.tif,96,2395,122.60400390625,train
hls_california\HLS.L30.T10TDK.2021110T185717.v2.0_EVI_cropped.tif,97,2396,62.00531005859375,train
hls_california\HLS.L30.T10TDK.2021110T185717.v2.0_EVI_cropped.tif,98,2398,125.57042694091797,train
hls_california\HLS.L30.T10TDK.2021110T185717.v2.0_EVI_cropped.tif,99,2399,159.2688446044922,train
hls_california\HLS.L30.T10TDK.2021110T185717.v2.0_EVI_cropped.tif,100,2401,160.20040893554688,train
hls_california\HLS.L30.T10TDK.2021110T185717.v2.0_EVI_cropped.tif,101,2402,329.4634094238281,train
hls_california\HLS.L30.T10TDK.2021110T185717.v2.0_EVI_cropped.tif,102,2404,158.399658203125,train
hls_california\HLS.L30.T10TDK.2021110T185717.v2.0_EVI_cropped.tif,104,2405,273.69073486328125,train
hls_california\HLS.L30.T10TDK.2021110T185717.v2.0_EVI_cropped.tif,105,2407,136.81910705566406,train
hls_california\HLS.L30.T10TDK.2021110T185717.v2.0_EVI_cropped.tif,106,2408,181.66220092773438,train
hls_california\HLS.L30.T10TDK.2021110T185717.v2.0_EVI_cropped.tif,107,2410,213.15200805664062,train
hls_california\HLS.L30.T10TDK.2021110T185717.v2.0_EVI_cropped.tif,108,2411,85.47985076904297,train
hls_california\HLS.L30.T10TDK.2021110T185717.v2.0_EVI_cropped.tif,109,2413,172.82411193847656,train
hls_california\HLS.L30.T10TDK.2021110T185717.v2.0_EVI_cropped.tif,111,2414,181.21434020996094,train
hls_california\HLS.L30.T10TDK.2021110T185717.v2.0_EVI_cropped.tif,112,2416,268.77142333984375,train
hls_california\HLS.L30.T10TDK.2021110T185717.v2.0_EVI_cropped.tif,113,2417,343.2721252441406,train
hls_california\HLS.L30.T10TDK.2021110T185717.v2.0_EVI_cropped.tif,114,2419,728.4857788085938,train
hls_california\HLS.L30.T10TDK.2021110T185717.v2.0_EVI_cropped.tif,115,2420,592.6510620117188,train
hls_california\HLS.L30.T10TDK.2021110T185717.v2.0_EVI_cropped.tif,116,2422,233.6959991455078,train
hls_california\HLS.L30.T10TDK.2021110T185717.v2.0_EVI_cropped.tif,117,2423,-9999.0,train
hls_california\HLS.L30.T10TDK.2021110T185717.v2.0_EVI_cropped.tif,119,2425,108.05415344238281,train
hls_california\HLS.L30.T10TDK.2021110T185717.v2.0_EVI_cropped.tif,120,2426,509.9666748046875,train
hls_california\HLS.L30.T10TDK.2021110T185717.v2.0_EVI_cropped.tif,121,2428,290.8177185058594,train
hls_california\HLS.L30.T10TDK.2021110T185717.v2.0_EVI_cropped.tif,122,2429,218.33157348632812,train
hls_california\HLS.L30.T10TDK.2021110T185717.v2.0_EVI_cropped.tif,123,2431,237.92213439941406,train
hls_california\HLS.L30.T10TDK.2021110T185717.v2.0_EVI_cropped.tif,124,2432,357.85845947265625,train
hls_california\HLS.L30.T10TDK.2021110T185717.v2.0_EVI_cropped.tif,125,2434,210.31564331054688,train
hls_california\HLS.L30.T10TDK.2021110T185717.v2.0_EVI_cropped.tif,127,2435,199.47972106933594,train
hls_california\HLS.L30.T10TDK.2021110T185717.v2.0_EVI_cropped.tif,128,2437,84.2423324584961,train
hls_california\HLS.L30.T10TDK.2021110T185717.v2.0_EVI_cropped.tif,129,2438,129.26768493652344,train
hls_california\HLS.L30.T10TDK.2021110T185717.v2.0_EVI_cropped.tif,130,2440,354.2835693359375,train
hls_california\HLS.L30.T10TDK.2021110T185717.v2.0_EVI_cropped.tif,131,2441,149.72048950195312,train
hls_california\HLS.L30.T10TDK.2021110T185717.v2.0_EVI_cropped.tif,132,2443,83.84919738769531,train
hls_california\HLS.L30.T10TDK.2021110T185717.v2.0_EVI_cropped.tif,134,2444,222.02786254882812,train
hls_california\HLS.L30.T10TDK.2021110T185717.v2.0_EVI_cropped.tif,135,2446,96.22174835205078,train
hls_california\HLS.L30.T10TDK.2021110T185717.v2.0_EVI_cropped.tif,136,2447,187.81398010253906,train
hls_california\HLS.L30.T10TDK.2021110T185717.v2.0_EVI_cropped.tif,137,2449,56.41936111450195,train
hls_california\HLS.L30.T10TDK.2021110T185717.v2.0_EVI_cropped.tif,138,2450,155.60757446289062,train
hls_california\HLS.L30.T10TDK.2021110T185717.v2.0_EVI_cropped.tif,139,2452,144.88671875,train
hls_california\HLS.L30.T10TDK.2021110T185717.v2.0_EVI_cropped.tif,140,2454,257.1917724609375,train
hls_california\HLS.L30.T10TDK.2021110T185717.v2.0_EVI_cropped.tif,142,2455,216.4547882080078,train
hls_california\HLS.L30.T10TDK.2021110T185717.v2.0_EVI_cropped.tif,143,2457,209.4623565673828,train
hls_california\HLS.L30.T10TDK.2021110T185717.v2.0_EVI_cropped.tif,144,2458,209.38803100585938,train
hls_california\HLS.L30.T10TDK.2021110T185717.v2.0_EVI_cropped.tif,145,2460,618.7002563476562,train
hls_california\HLS.L30.T10TDK.2021110T185717.v2.0_EVI_cropped.tif,146,2461,570.4669799804688,train
hls_california\HLS.L30.T10TDK.2021110T185717.v2.0_EVI_cropped.tif,147,2463,249.5886993408203,train
hls_california\HLS.L30.T10TDK.2021110T185717.v2.0_EVI_cropped.tif,149,2464,489.7047119140625,train
hls_california\HLS.L30.T10TDK.2021110T185717.v2.0_EVI_cropped.tif,150,2466,251.58895874023438,train
hls_california\HLS.L30.T10TDK.2021110T185717.v2.0_EVI_cropped.tif,151,2467,730.715087890625,train
hls_california\HLS.L30.T10TDK.2021110T185717.v2.0_EVI_cropped.tif,152,2469,-9999.0,train
hls_california\HLS.L30.T10TDK.2021110T185717.v2.0_EVI_cropped.tif,153,2470,145.77915954589844,train
hls_california\HLS.L30.T10TDK.2021110T185717.v2.0_EVI_cropped.tif,154,2472,169.2747039794922,train
hls_california\HLS.L30.T10TDK.2021110T185717.v2.0_EVI_cropped.tif,156,2473,146.26646423339844,train
hls_california\HLS.L30.T10TDK.2021110T185717.v2.0_EVI_cropped.tif,157,2475,327.76568603515625,train
hls_california\HLS.L30.T10TDK.2021110T185717.v2.0_EVI_cropped.tif,158,2476,409.05230712890625,train
hls_california\HLS.L30.T10TDK.2021110T185717.v2.0_EVI_cropped.tif,159,2478,161.2126007080078,train
hls_california\HLS.L30.T10TDK.2021110T185717.v2.0_EVI_cropped.tif,160,2479,-9999.0,train
hls_california\HLS.L30.T10TDK.2021110T185717.v2.0_EVI_cropped.tif,161,2481,196.50390625,train
hls_california\HLS.L30.T10TDK.2021110T185717.v2.0_EVI_cropped.tif,162,2482,254.02975463867188,train
hls_california\HLS.L30.T10TDK.2021110T185717.v2.0_EVI_cropped.tif,164,2484,172.47906494140625,train
hls_california\HLS.L30.T10TDK.2021110T185717.v2.0_EVI_cropped.tif,165,2485,151.47447204589844,train
hls_california\HLS.L30.T10TDK.2021110T185717.v2.0_EVI_cropped.tif,166,2487,199.8120574951172,train
hls_california\HLS.L30.T10TDK.2021110T185717.v2.0_EVI_cropped.tif,167,2488,364.9965515136719,train
hls_california\HLS.L30.T10TDK.2021110T185717.v2.0_EVI_cropped.tif,168,2490,126.21531677246094,train
hls_california\HLS.L30.T10TDK.2021110T185717.v2.0_EVI_cropped.tif,169,2491,127.39561462402344,train
hls_california\HLS.L30.T10TDK.2021110T185717.v2.0_EVI_cropped.tif,171,2493,256.8485412597656,train
hls_california\HLS.L30.T10TDK.2021110T185717.v2.0_EVI_cropped.tif,172,2495,279.8489685058594,train
hls_california\HLS.L30.T10TDK.2021110T185717.v2.0_EVI_cropped.tif,173,2496,158.91824340820312,train
hls_california\HLS.L30.T10TDK.2021110T185717.v2.0_EVI_cropped.tif,174,2498,357.3987731933594,train
hls_california\HLS.L30.T10TDK.2021110T185717.v2.0_EVI_cropped.tif,175,2499,296.27362060546875,train
hls_california\HLS.L30.T10TDK.2021110T185717.v2.0_EVI_cropped.tif,176,2501,451.15631103515625,train
hls_california\HLS.L30.T10TDK.2021110T185717.v2.0_EVI_cropped.tif,177,2502,40.901119232177734,train
hls_california\HLS.L30.T10TDK.2021110T185717.v2.0_EVI_cropped.tif,179,2504,74.06835174560547,train
hls_california\HLS.L30.T10TDK.2021110T185717.v2.0_EVI_cropped.tif,180,2505,290.64007568359375,train
hls_california\HLS.L30.T10TDK.2021110T185717.v2.0_EVI_cropped.tif,181,2507,159.3295440673828,train
hls_california\HLS.L30.T10TDK.2021110T185717.v2.0_EVI_cropped.tif,182,2508,-9999.0,train
hls_california\HLS.L30.T10TDK.2021110T185717.v2.0_EVI_cropped.tif,183,2510,110.68128204345703,train
hls_california\HLS.L30.T10TDK.2021110T185717.v2.0_EVI_cropped.tif,184,2511,129.87364196777344,train
hls_california\HLS.L30.T10TDK.2021110T185717.v2.0_EVI_cropped.tif,186,2513,297.61199951171875,train
hls_california\HLS.L30.T10TDK.2021110T185717.v2.0_EVI_cropped.tif,187,2514,196.97752380371094,train
hls_california\HLS.L30.T10TDK.2021110T185717.v2.0_EVI_cropped.tif,188,2516,-9999.0,train
hls_california\HLS.L30.T10TDK.2021110T185717.v2.0_EVI_cropped.tif,189,2517,171.01686096191406,train
hls_california\HLS.L30.T10TDK.2021110T185717.v2.0_EVI_cropped.tif,190,2519,278.6608581542969,train
hls_california\HLS.L30.T10TDK.2021110T185717.v2.0_EVI_cropped.tif,191,2520,73.5894546508789,train
hls_california\HLS.L30.T10TDK.2021110T185717.v2.0_EVI_cropped.tif,192,2522,26.592424392700195,train
hls_california\HLS.L30.T10TDK.2021110T185717.v2.0_EVI_cropped.tif,194,2523,272.48455810546875,train
hls_california\HLS.L30.T10TDK.2021110T185717.v2.0_EVI_cropped.tif,195,2525,411.2635192871094,train
hls_california\HLS.L30.T10TDK.2021110T185717.v2.0_EVI_cropped.tif,196,2526,390.5653381347656,train
hls_california\HLS.L30.T10TDK.2021110T185717.v2.0_EVI_cropped.tif,197,2528,273.05157470703125,train
hls_california\HLS.L30.T10TDK.2021110T185717.v2.0_EVI_cropped.tif,198,2529,173.8523406982422,train
hls_california\HLS.L30.T10TDK.2021110T185717.v2.0_EVI_cropped.tif,199,2531,208.04769897460938,train
hls_california\HLS.L30.T10TDK.2021110T185717.v2.0_EVI_cropped.tif,201,2533,272.2759094238281,train
hls_california\HLS.L30.T10TDK.2021110T185717.v2.0_EVI_cropped.tif,202,2534,102.40274810791016,train
hls_california\HLS.L30.T10TDK.2021110T185717.v2.0_EVI_cropped.tif,203,2536,262.2903137207031,train
hls_california\HLS.L30.T10TDK.2021110T185717.v2.0_EVI_cropped.tif,204,2537,904.4281005859375,train
hls_california\HLS.L30.T10TDK.2021110T185717.v2.0_EVI_cropped.tif,205,2539,-9999.0,train
hls_california\HLS.L30.T10TDK.2021110T185717.v2.0_EVI_cropped.tif,206,2540,476.7233581542969,train
hls_california\HLS.L30.T10TDK.2021110T185717.v2.0_EVI_cropped.tif,208,2542,265.5142822265625,train
hls_california\HLS.L30.T10TDK.2021110T185717.v2.0_EVI_cropped.tif,209,2543,862.4293212890625,train
hls_california\HLS.L30.T10TDK.2021110T185717.v2.0_EVI_cropped.tif,210,2545,-9999.0,train
hls_california\HLS.L30.T10TDK.2021110T185717.v2.0_EVI_cropped.tif,211,2546,653.5101318359375,train
hls_california\HLS.L30.T10TDK.2021110T185717.v2.0_EVI_cropped.tif,212,2548,-9999.0,train
hls_california\HLS.L30.T10TDK.2021110T185717.v2.0_EVI_cropped.tif,213,2549,376.77386474609375,train
hls_california\HLS.L30.T10TDK.2021110T185717.v2.0_EVI_cropped.tif,214,2551,250.15927124023438,train
hls_california\HLS.L30.T10TDK.2021110T185717.v2.0_EVI_cropped.tif,216,2552,285.3976745605469,train
hls_california\HLS.L30.T10TDK.2021110T185717.v2.0_EVI_cropped.tif,217,2554,-9999.0,train
hls_california\HLS.L30.T10TDK.2021110T185717.v2.0_EVI_cropped.tif,218,2555,202.89649963378906,train
hls_california\HLS.L30.T10TDK.2021110T185717.v2.0_EVI_cropped.tif,219,2557,432.39453125,train
hls_california\HLS.L30.T10TDK.2021110T185717.v2.0_EVI_cropped.tif,220,2558,462.8886413574219,train
hls_california\HLS.L30.T10TDK.2021110T185717.v2.0_EVI_cropped.tif,221,2560,137.94015502929688,train
hls_california\HLS.L30.T10TDK.2021110T185717.v2.0_EVI_cropped.tif,222,2561,91.84195709228516,train
hls_california\HLS.L30.T10TDK.2021110T185717.v2.0_EVI_cropped.tif,224,2563,58.768394470214844,train
hls_california\HLS.L30.T10TDK.2021110T185717.v2.0_EVI_cropped.tif,225,2564,870.1318969726562,train
hls_california\HLS.L30.T10TDK.2021110T185717.v2.0_EVI_cropped.tif,226,2566,-9999.0,train
hls_california\HLS.L30.T10TDK.2021110T185717.v2.0_EVI_cropped.tif,227,2567,-9999.0,train
hls_california\HLS.L30.T10TDK.2021110T185717.v2.0_EVI_cropped.tif,228,2569,471.1213684082031,train
hls_california\HLS.L30.T10TDK.2021110T185717.v2.0_EVI_cropped.tif,229,2570,445.7224426269531,train
hls_california\HLS.L30.T10TDK.2021110T185717.v2.0_EVI_cropped.tif,231,2572,-9999.0,train
hls_california\HLS.L30.T10TDK.2021110T185717.v2.0_EVI_cropped.tif,232,2573,387.7148742675781,train
hls_california\HLS.L30.T10TDK.2021110T185717.v2.0_EVI_cropped.tif,233,2575,238.45603942871094,train
hls_california\HLS.L30.T10TDK.2021110T185717.v2.0_EVI_cropped.tif,234,2576,146.4788818359375,train
hls_california\HLS.L30.T10TDK.2021110T185717.v2.0_EVI_cropped.tif,235,2578,135.30169677734375,train
hls_california\HLS.L30.T10TDK.2021110T185717.v2.0_EVI_cropped.tif,236,2579,357.6767578125,train
hls_california\HLS.L30.T10TDK.2021110T185717.v2.0_EVI_cropped.tif,237,2581,-9999.0,train
hls_california\HLS.L30.T10TDK.2021110T185717.v2.0_EVI_cropped.tif,239,2582,631.7154541015625,train
hls_california\HLS.L30.T10TDK.2021110T185717.v2.0_EVI_cropped.tif,240,2584,270.04302978515625,train
hls_california\HLS.L30.T10TDK.2021110T185717.v2.0_EVI_cropped.tif,241,2585,435.8221435546875,train
hls_california\HLS.L30.T10TDK.2021110T185717.v2.0_EVI_cropped.tif,242,2587,237.55413818359375,train
hls_california\HLS.L30.T10TDK.2021110T185717.v2.0_EVI_cropped.tif,243,2588,37.077091217041016,train
hls_california\HLS.L30.T10TDK.2021110T185717.v2.0_EVI_cropped.tif,244,2590,146.2313995361328,train
hls_california\HLS.L30.T10TDK.2021110T185717.v2.0_EVI_cropped.tif,246,2591,109.24185943603516,train
hls_california\HLS.L30.T10TDK.2021110T185717.v2.0_EVI_cropped.tif,247,2593,383.7577209472656,train
hls_california\HLS.L30.T10TDK.2021110T185717.v2.0_EVI_cropped.tif,248,2595,294.6494445800781,train
hls_california\HLS.L30.T10TDK.2021110T185717.v2.0_EVI_cropped.tif,249,2596,415.3609313964844,train
hls_california\HLS.L30.T10TDK.2021110T185717.v2.0_EVI_cropped.tif,250,2598,294.0690612792969,train
hls_california\HLS.L30.T10TDK.2021110T185717.v2.0_EVI_cropped.tif,251,2599,307.9978332519531,train
hls_california\HLS.L30.T10TDK.2021110T185717.v2.0_EVI_cropped.tif,321,2690,630.2387084960938,train
hls_california\HLS.L30.T10TDK.2021110T185717.v2.0_EVI_cropped.tif,322,2692,728.9332275390625,train
hls_california\HLS.L30.T10TDK.2021110T185717.v2.0_EVI_cropped.tif,323,2693,296.137451171875,train
hls_california\HLS.L30.T10TDK.2021110T185717.v2.0_EVI_cropped.tif,324,2695,180.3303985595703,train
hls_california\HLS.L30.T10TDK.2021110T185717.v2.0_EVI_cropped.tif,325,2696,48.862876892089844,train
hls_california\HLS.L30.T10TDK.2021110T185717.v2.0_EVI_cropped.tif,326,2698,61.23750305175781,train
hls_california\HLS.L30.T10TDK.2021110T185717.v2.0_EVI_cropped.tif,327,2699,102.72026824951172,train
hls_california\HLS.L30.T10TDK.2021110T185717.v2.0_EVI_cropped.tif,329,2701,261.38787841796875,train
hls_california\HLS.L30.T10TDK.2021110T185717.v2.0_EVI_cropped.tif,330,2702,50.413055419921875,train
hls_california\HLS.L30.T10TDK.2021110T185717.v2.0_EVI_cropped.tif,331,2704,-9999.0,train
hls_california\HLS.L30.T10TDK.2021110T185717.v2.0_EVI_cropped.tif,332,2705,88.7262954711914,train
hls_california\HLS.L30.T10TDK.2021110T185717.v2.0_EVI_cropped.tif,333,2707,15.614439010620117,train
hls_california\HLS.L30.T10TDK.2021110T185717.v2.0_EVI_cropped.tif,334,2708,43.84535217285156,train
hls_california\HLS.L30.T10TDK.2021110T185717.v2.0_EVI_cropped.tif,336,2710,50.22700881958008,train
hls_california\HLS.L30.T10TDK.2021110T185717.v2.0_EVI_cropped.tif,337,2711,66.718505859375,train
hls_california\HLS.L30.T10TDK.2021110T185717.v2.0_EVI_cropped.tif,338,2713,16.5970458984375,train
hls_california\HLS.L30.T10TDK.2021110T185717.v2.0_EVI_cropped.tif,339,2714,-9999.0,train
hls_california\HLS.L30.T10TDK.2021110T185717.v2.0_EVI_cropped.tif,340,2716,20.518136978149414,train
hls_california\HLS.L30.T10TDK.2021110T185717.v2.0_EVI_cropped.tif,341,2717,15.13125991821289,train
hls_california\HLS.L30.T10TDK.2021110T185717.v2.0_EVI_cropped.tif,343,2719,16.221948623657227,train
hls_california\HLS.L30.T10TDK.2021110T185717.v2.0_EVI_cropped.tif,344,2720,16.585758209228516,train
hls_california\HLS.L30.T10TDK.2021110T185717.v2.0_EVI_cropped.tif,345,2722,17.12902069091797,train
hls_california\HLS.L30.T10TDK.2021110T185717.v2.0_EVI_cropped.tif,346,2723,17.15904426574707,train
hls_california\HLS.L30.T10TDK.2021110T185717.v2.0_EVI_cropped.tif,347,2725,14.657018661499023,train
hls_california\HLS.L30.T10TDK.2021110T185717.v2.0_EVI_cropped.tif,348,2726,1.0619252920150757,train
hls_california\HLS.L30.T10TDK.2021110T185717.v2.0_EVI_cropped.tif,349,2728,1.2719420194625854,train
hls_california\HLS.L30.T10TDK.2021110T185717.v2.0_EVI_cropped.tif,351,2729,1.171596646308899,train
hls_california\HLS.L30.T10TDK.2021110T185717.v2.0_EVI_cropped.tif,352,2731,1.2719420194625854,train
hls_california\HLS.L30.T10TDK.2021110T185717.v2.0_EVI_cropped.tif,353,2733,1.171596646308899,train
hls_california\HLS.L30.T10TDK.2021110T185717.v2.0_EVI_cropped.tif,354,2734,1.0221772193908691,train
hls_california\HLS.L30.T10TDK.2021110T185717.v2.0_EVI_cropped.tif,355,2736,1.1160929203033447,train
hls_california\HLS.L30.T10TDK.2021110T185717.v2.0_EVI_cropped.tif,356,2737,1.1160929203033447,train
hls_california\HLS.L30.T10TDK.2021110T185717.v2.0_EVI_cropped.tif,358,2739,0.9703503251075745,train
hls_california\HLS.L30.T10TDK.2021110T185717.v2.0_EVI_cropped.tif,359,2740,1.1160929203033447,train
hls_california\HLS.L30.T10TDK.2021110T185717.v2.0_EVI_cropped.tif,360,2742,1.0221772193908691,train
hls_california\HLS.L30.T10TDK.2021110T185717.v2.0_EVI_cropped.tif,361,2743,1.171596646308899,train
hls_california\HLS.L30.T10TDK.2021110T185717.v2.0_EVI_cropped.tif,362,2745,1.3916254043579102,train
hls_california\HLS.L30.T10TDK.2021110T185717.v2.0_EVI_cropped.tif,363,2746,1.4534664154052734,train
hls_california\HLS.L30.T10TDK.2021110T185717.v2.0_EVI_cropped.tif,364,2748,1.0619252920150757,train
hls_california\HLS.L30.T10TDK.2021110T185717.v2.0_EVI_cropped.tif,366,2749,3.4542903900146484,train
hls_california\HLS.L30.T10TDK.2021110T185717.v2.0_EVI_cropped.tif,367,2751,0.919861912727356,train
hls_california\HLS.L30.T10TDK.2021110T185717.v2.0_EVI_cropped.tif,368,2752,0.9703503251075745,train
hls_california\HLS.L30.T10TDK.2021110T185717.v2.0_EVI_cropped.tif,369,2754,1.0619252920150757,train
hls_california\HLS.L30.T10TDK.2021110T185717.v2.0_EVI_cropped.tif,370,2755,11.848655700683594,train
hls_california\HLS.L30.T10TDK.2021110T185717.v2.0_EVI_cropped.tif,371,2757,56.04928970336914,train
hls_california\HLS.L30.T10TDK.2021110T185717.v2.0_EVI_cropped.tif,373,2758,2.0144054889678955,train
hls_california\HLS.L30.T10TDK.2021110T185717.v2.0_EVI_cropped.tif,374,2760,1.2284363508224487,train
hls_california\HLS.L30.T10TDK.2021110T185717.v2.0_EVI_cropped.tif,375,2761,3.6241109371185303,train
hls_california\HLS.L30.T10TDK.2021110T185717.v2.0_EVI_cropped.tif,376,2763,4.7272186279296875,train
hls_california\HLS.L30.T10TDK.2021110T185717.v2.0_EVI_cropped.tif,377,2764,101.73869323730469,train
hls_california\HLS.L30.T10TDK.2021110T185717.v2.0_EVI_cropped.tif,378,2766,1.7482229471206665,train
hls_california\HLS.L30.T10TDK.2021110T185717.v2.0_EVI_cropped.tif,379,2767,1.331116795539856,train
hls_california\HLS.L30.T10TDK.2021110T185717.v2.0_EVI_cropped.tif,381,2769,0.9703503251075745,train
hls_california\HLS.L30.T10TDK.2021110T185717.v2.0_EVI_cropped.tif,382,2770,1.1160929203033447,train
hls_california\HLS.L30.T10TDK.2021110T185717.v2.0_EVI_cropped.tif,383,2772,1.331116795539856,train
hls_california\HLS.L30.T10TDK.2021110T185717.v2.0_EVI_cropped.tif,384,2773,0.7879272103309631,train
hls_california\HLS.L30.T10TDK.2021110T185717.v2.0_EVI_cropped.tif,385,2775,0.919861912727356,train
hls_california\HLS.L30.T10TDK.2021110T185717.v2.0_EVI_cropped.tif,386,2776,1.0619252920150757,train
hls_california\HLS.L30.T10TDK.2021110T185717.v2.0_EVI_cropped.tif,388,2778,2.9246318340301514,train
hls_california\HLS.L30.T10TDK.2021110T185717.v2.0_EVI_cropped.tif,389,2779,12.336128234863281,train
hls_california\HLS.L30.T10TDK.2021110T185717.v2.0_EVI_cropped.tif,390,2781,1.0619252920150757,train
hls_california\HLS.L30.T10TDK.2021110T185717.v2.0_EVI_cropped.tif,391,2782,1.171596646308899,train
hls_california\HLS.L30.T10TDK.2021110T185717.v2.0_EVI_cropped.tif,392,2784,14.19296646118164,train
hls_california\HLS.L30.T10TDK.2021110T185717.v2.0_EVI_cropped.tif,393,2786,15.030091285705566,train
hls_california\HLS.L30.T10TDK.2021110T185717.v2.0_EVI_cropped.tif,394,2787,14.389166831970215,train
hls_california\HLS.L30.T10TDK.2021110T185717.v2.0_EVI_cropped.tif,396,2789,26.01370620727539,train
hls_california\HLS.L30.T10TDK.2021110T185717.v2.0_EVI_cropped.tif,397,2790,20.791776657104492,train
hls_california\HLS.L30.T10TDK.2021110T185717.v2.0_EVI_cropped.tif,398,2792,1.0619252920150757,train
hls_california\HLS.L30.T10TDK.2021110T185717.v2.0_EVI_cropped.tif,399,2793,1.0619252920150757,train
hls_california\HLS.L30.T10TDK.2021110T185717.v2.0_EVI_cropped.tif,400,2795,1.0221772193908691,train
hls_california\HLS.L30.T10TDK.2021110T185717.v2.0_EVI_cropped.tif,401,2796,1.0221772193908691,train
hls_california\HLS.L30.T10TDK.2021110T185717.v2.0_EVI_cropped.tif,403,2798,57.44750213623047,train
hls_california\HLS.L30.T10TDK.2021110T185717.v2.0_EVI_cropped.tif,404,2799,15.914032936096191,train
hls_california\HLS.L30.T10TDK.2021110T185717.v2.0_EVI_cropped.tif,405,2801,11.848655700683594,train
hls_california\HLS.L30.T10TDK.2021110T185717.v2.0_EVI_cropped.tif,406,2802,1.1160929203033447,train
hls_california\HLS.L30.T10TDK.2021110T185717.v2.0_EVI_cropped.tif,407,2804,1.3916254043579102,train
hls_california\HLS.L30.T10TDK.2021110T185717.v2.0_EVI_cropped.tif,408,2805,1.0221772193908691,train
hls_california\HLS.L30.T10TDK.2021110T185717.v2.0_EVI_cropped.tif,410,2807,1.0221772193908691,train
hls_california\HLS.L30.T10TDK.2021110T185717.v2.0_EVI_cropped.tif,411,2808,1.171596646308899,train
hls_california\HLS.L30.T10TDK.2021110T185717.v2.0_EVI_cropped.tif,412,2810,1.171596646308899,train
hls_california\HLS.L30.T10TDK.2021110T185717.v2.0_EVI_cropped.tif,413,2811,1.331116795539856,train
hls_california\HLS.L30.T10TDK.2021110T185717.v2.0_EVI_cropped.tif,414,2813,1.3916254043579102,train
hls_california\HLS.L30.T10TDK.2021110T185717.v2.0_EVI_cropped.tif,415,2814,21.18704605102539,train
hls_california\HLS.L30.T10TDK.2021110T185717.v2.0_EVI_cropped.tif,416,2816,-9999.0,train
hls_california\HLS.L30.T10TDK.2021110T185717.v2.0_EVI_cropped.tif,418,2817,33.08421325683594,train
hls_california\HLS.L30.T10TDK.2021110T185717.v2.0_EVI_cropped.tif,419,2819,15.84005069732666,train
hls_california\HLS.L30.T10TDK.2021110T185717.v2.0_EVI_cropped.tif,420,2820,27.60670280456543,train
hls_california\HLS.L30.T10TDK.2021110T185717.v2.0_EVI_cropped.tif,421,2822,30.956979751586914,train
hls_california\HLS.L30.T10TDK.2021110T185717.v2.0_EVI_cropped.tif,422,2823,53.38345718383789,train
hls_california\HLS.L30.T10TDK.2021110T185717.v2.0_EVI_cropped.tif,423,2825,18.87089729309082,train
hls_california\HLS.L30.T10TDK.2021110T185717.v2.0_EVI_cropped.tif,424,2826,16.40032958984375,train
hls_california\HLS.L30.T10TDK.2021110T185717.v2.0_EVI_cropped.tif,426,2828,24.303071975708008,train
hls_california\HLS.L30.T10TDK.2021110T185717.v2.0_EVI_cropped.tif,427,2829,29.378198623657227,train
hls_california\HLS.L30.T10TDK.2021110T185717.v2.0_EVI_cropped.tif,428,2831,19.007970809936523,train
hls_california\HLS.L30.T10TDK.2021110T185717.v2.0_EVI_cropped.tif,429,2832,21.037147521972656,train
hls_california\HLS.L30.T10TDK.2021110T185717.v2.0_EVI_cropped.tif,430,2834,16.761791229248047,train
hls_california\HLS.L30.T10TDK.2021110T185717.v2.0_EVI_cropped.tif,431,2836,27.413097381591797,train
hls_california\HLS.L30.T10TDK.2021110T185717.v2.0_EVI_cropped.tif,433,2837,14.711042404174805,train
hls_california\HLS.L30.T10TDK.2021110T185717.v2.0_EVI_cropped.tif,434,2839,30.945953369140625,train
hls_california\HLS.L30.T10TDK.2021110T185717.v2.0_EVI_cropped.tif,435,2840,37.56658935546875,train
hls_california\HLS.L30.T10TDK.2021110T185717.v2.0_EVI_cropped.tif,436,2842,47.1473274230957,train
hls_california\HLS.L30.T10TDK.2021110T185717.v2.0_EVI_cropped.tif,437,2843,39.85681915283203,train
hls_california\HLS.L30.T10TDK.2021110T185717.v2.0_EVI_cropped.tif,438,2845,21.47005844116211,train
hls_california\HLS.L30.T10TDK.2021110T185717.v2.0_EVI_cropped.tif,440,2846,65.06338500976562,train
hls_california\HLS.L30.T10TDK.2021110T185717.v2.0_EVI_cropped.tif,441,2848,54.57189178466797,train
hls_california\HLS.L30.T10TDK.2021110T185717.v2.0_EVI_cropped.tif,442,2849,20.658653259277344,train
hls_california\HLS.L30.T10TDK.2021110T185717.v2.0_EVI_cropped.tif,443,2851,45.112159729003906,train
hls_california\HLS.L30.T10TDK.2021110T185717.v2.0_EVI_cropped.tif,444,2852,284.4890441894531,train
hls_california\HLS.L30.T10TDK.2021110T185717.v2.0_EVI_cropped.tif,445,2854,98.61764526367188,train
hls_california\HLS.L30.T10TDK.2021110T185717.v2.0_EVI_cropped.tif,446,2855,44.15478515625,train
hls_california\HLS.L30.T10TDK.2021110T185717.v2.0_EVI_cropped.tif,448,2857,14.617061614990234,train
hls_california\HLS.L30.T10TDK.2021110T185717.v2.0_EVI_cropped.tif,449,2858,77.5087890625,train
hls_california\HLS.L30.T10TDK.2021110T185717.v2.0_EVI_cropped.tif,450,2860,158.2333984375,train
hls_california\HLS.L30.T10TDK.2021110T185717.v2.0_EVI_cropped.tif,451,2861,30.09847068786621,train
hls_california\HLS.L30.T10TDK.2021110T185717.v2.0_EVI_cropped.tif,452,2863,26.092365264892578,train
hls_california\HLS.L30.T10TDK.2021110T185717.v2.0_EVI_cropped.tif,453,2864,209.9483642578125,train
hls_california\HLS.S30.T10TEK.2021092T185921.v2.0_EVI_cropped.tif,1700,1165,1.3916254043579102,train
hls_california\HLS.S30.T10TEK.2021092T185921.v2.0_EVI_cropped.tif,1701,1166,1.4534664154052734,train
hls_california\HLS.S30.T10TEK.2021092T185921.v2.0_EVI_cropped.tif,1702,1168,1.5648930072784424,train
hls_california\HLS.S30.T10TEK.2021092T185921.v2.0_EVI_cropped.tif,1703,1169,1.1160929203033447,train
hls_california\HLS.S30.T10TEK.2021092T185921.v2.0_EVI_cropped.tif,1705,1171,1.171596646308899,train
hls_california\HLS.S30.T10TEK.2021092T185921.v2.0_EVI_cropped.tif,1706,1172,0.9703503251075745,train
hls_california\HLS.S30.T10TEK.2021092T185921.v2.0_EVI_cropped.tif,1707,1174,1.0221772193908691,train
hls_california\HLS.S30.T10TEK.2021092T185921.v2.0_EVI_cropped.tif,1708,1175,7.822563171386719,train
hls_california\HLS.S30.T10TEK.2021092T185921.v2.0_EVI_cropped.tif,1709,1177,6.163807392120361,train
hls_california\HLS.S30.T10TEK.2021092T185921.v2.0_EVI_cropped.tif,1710,1178,21.25168228149414,train
hls_california\HLS.S30.T10TEK.2021092T185921.v2.0_EVI_cropped.tif,1728,1201,19.291048049926758,train
hls_california\HLS.S30.T10TEK.2021092T185921.v2.0_EVI_cropped.tif,1729,1203,21.055152893066406,train
hls_california\HLS.S30.T10TEK.2021092T185921.v2.0_EVI_cropped.tif,1730,1204,20.901485443115234,train
hls_california\HLS.S30.T10TEK.2021092T185921.v2.0_EVI_cropped.tif,1731,1206,23.925071716308594,train
hls_california\HLS.S30.T10TEK.2021092T185921.v2.0_EVI_cropped.tif,1732,1207,26.989826202392578,train
hls_california\HLS.S30.T10TEK.2021092T185921.v2.0_EVI_cropped.tif,1734,1209,31.565885543823242,train
hls_california\HLS.S30.T10TEK.2021092T185921.v2.0_EVI_cropped.tif,1735,1210,60.61650085449219,train
hls_california\HLS.S30.T10TEK.2021092T185921.v2.0_EVI_cropped.tif,1736,1212,23.784339904785156,train
hls_california\HLS.S30.T10TEK.2021092T185921.v2.0_EVI_cropped.tif,1737,1213,42.75090789794922,train
hls_california\HLS.S30.T10TEK.2021092T185921.v2.0_EVI_cropped.tif,1738,1215,17.008819580078125,train
hls_california\HLS.S30.T10TEK.2021092T185921.v2.0_EVI_cropped.tif,1739,1216,22.180652618408203,train
hls_california\HLS.S30.T10TEK.2021092T185921.v2.0_EVI_cropped.tif,1780,1269,86.30986022949219,train
hls_california\HLS.S30.T10TEK.2021092T185921.v2.0_EVI_cropped.tif,1781,1271,20.2802791595459,train
hls_california\HLS.S30.T10TEK.2021092T185921.v2.0_EVI_cropped.tif,1782,1272,43.9569206237793,train
hls_california\HLS.S30.T10TEK.2021092T185921.v2.0_EVI_cropped.tif,1783,1274,29.68606948852539,train
hls_california\HLS.S30.T10TEK.2021092T185921.v2.0_EVI_cropped.tif,1784,1275,18.06606101989746,train
hls_california\HLS.S30.T10TEK.2021092T185921.v2.0_EVI_cropped.tif,1786,1277,20.05330467224121,train
hls_california\HLS.S30.T10TEK.2021092T185921.v2.0_EVI_cropped.tif,1787,1278,17.611175537109375,train
hls_california\HLS.S30.T10TEK.2021092T185921.v2.0_EVI_cropped.tif,1788,1280,22.544471740722656,train
hls_california\HLS.S30.T10TEK.2021092T185921.v2.0_EVI_cropped.tif,1789,1281,94.77587890625,train
hls_california\HLS.S30.T10TEK.2021092T185921.v2.0_EVI_cropped.tif,1790,1283,29.492713928222656,train
hls_california\HLS.S30.T10TEK.2021092T185921.v2.0_EVI_cropped.tif,1791,1284,25.586458206176758,train
hls_california\HLS.S30.T10TEK.2021092T185921.v2.0_EVI_cropped.tif,1792,1286,69.81946563720703,train
hls_california\HLS.S30.T10TEK.2021092T185921.v2.0_EVI_cropped.tif,1794,1288,82.85527038574219,train
hls_california\HLS.S30.T10TEK.2021092T185921.v2.0_EVI_cropped.tif,1795,1289,-9999.0,train
hls_california\HLS.S30.T10TEK.2021092T185921.v2.0_EVI_cropped.tif,1796,1291,25.713525772094727,train
hls_california\HLS.S30.T10TEK.2021092T185921.v2.0_EVI_cropped.tif,1797,1292,19.619935989379883,train
hls_california\HLS.S30.T10TEK.2021092T185921.v2.0_EVI_cropped.tif,1798,1294,-9999.0,train
hls_california\HLS.S30.T10TEK.2021092T185921.v2.0_EVI_cropped.tif,1799,1295,33.73834991455078,train
hls_california\HLS.S30.T10TEK.2021092T185921.v2.0_EVI_cropped.tif,1801,1297,24.895931243896484,train
hls_california\HLS.S30.T10TEK.2021092T185921.v2.0_EVI_cropped.tif,1802,1298,18.28814125061035,train
hls_california\HLS.S30.T10TEK.2021092T185921.v2.0_EVI_cropped.tif,1803,1300,28.60014533996582,train
hls_california\HLS.S30.T10TEK.2021092T185921.v2.0_EVI_cropped.tif,1804,1301,19.876983642578125,train
hls_california\HLS.S30.T10TEK.2021092T185921.v2.0_EVI_cropped.tif,1805,1303,19.175548553466797,train
hls_california\HLS.S30.T10TEK.2021092T185921.v2.0_EVI_cropped.tif,1806,1304,20.894702911376953,train
hls_california\HLS.S30.T10TEK.2021092T185921.v2.0_EVI_cropped.tif,1808,1306,37.56045150756836,train
hls_california\HLS.S30.T10TEK.2021092T185921.v2.0_EVI_cropped.tif,1809,1307,28.590713500976562,train
hls_california\HLS.S30.T10TEK.2021092T185921.v2.0_EVI_cropped.tif,1810,1309,29.572952270507812,train
hls_california\HLS.S30.T10TEK.2021092T185921.v2.0_EVI_cropped.tif,1811,1310,71.96049499511719,train
hls_california\HLS.S30.T10TEK.2021092T185921.v2.0_EVI_cropped.tif,1812,1312,32.283119201660156,train
hls_california\HLS.S30.T10TEK.2021092T185921.v2.0_EVI_cropped.tif,1813,1313,41.398216247558594,train
hls_california\HLS.S30.T10TEK.2021092T185921.v2.0_EVI_cropped.tif,1814,1315,37.367881774902344,train
hls_california\HLS.S30.T10TEK.2021092T185921.v2.0_EVI_cropped.tif,1816,1316,-9999.0,train
hls_california\HLS.S30.T10TEK.2021092T185921.v2.0_EVI_cropped.tif,1817,1318,37.231842041015625,train
hls_california\HLS.S30.T10TEK.2021092T185921.v2.0_EVI_cropped.tif,1818,1319,18.500417709350586,train
hls_california\HLS.S30.T10TEK.2021092T185921.v2.0_EVI_cropped.tif,1819,1321,17.69709587097168,train
hls_california\HLS.S30.T10TEK.2021092T185921.v2.0_EVI_cropped.tif,1820,1322,25.35138702392578,train
hls_california\HLS.S30.T10TEK.2021092T185921.v2.0_EVI_cropped.tif,1821,1324,27.019489288330078,train
hls_california\HLS.S30.T10TEK.2021092T185921.v2.0_EVI_cropped.tif,1823,1325,31.75103187561035,train
hls_california\HLS.S30.T10TEK.2021092T185921.v2.0_EVI_cropped.tif,1824,1327,50.262184143066406,train
hls_california\HLS.S30.T10TEK.2021092T185921.v2.0_EVI_cropped.tif,1825,1328,30.291706085205078,train
hls_california\HLS.S30.T10TEK.2021092T185921.v2.0_EVI_cropped.tif,1826,1330,41.94377899169922,train
hls_california\HLS.S30.T10TEK.2021092T185921.v2.0_EVI_cropped.tif,1827,1331,39.79823303222656,train
hls_california\HLS.S30.T10TEK.2021092T185921.v2.0_EVI_cropped.tif,1828,1333,46.437782287597656,train
hls_california\HLS.S30.T10TEK.2021092T185921.v2.0_EVI_cropped.tif,1829,1335,31.860733032226562,train
hls_california\HLS.S30.T10TEK.2021092T185921.v2.0_EVI_cropped.tif,1831,1336,33.363075256347656,train
hls_california\HLS.S30.T10TEK.2021092T185921.v2.0_EVI_cropped.tif,1832,1338,49.18791961669922,train
hls_california\HLS.S30.T10TEK.2021092T185921.v2.0_EVI_cropped.tif,1833,1339,32.35240936279297,train
hls_california\HLS.S30.T10TEK.2021092T185921.v2.0_EVI_cropped.tif,1834,1341,17.186494827270508,train
hls_california\HLS.S30.T10TEK.2021092T185921.v2.0_EVI_cropped.tif,1835,1342,82.24829864501953,train
hls_california\HLS.S30.T10TEK.2021092T185921.v2.0_EVI_cropped.tif,1836,1344,77.08454895019531,train
hls_california\HLS.S30.T10TEK.2021092T185921.v2.0_EVI_cropped.tif,1838,1345,26.660764694213867,train
hls_california\HLS.S30.T10TEK.2021092T185921.v2.0_EVI_cropped.tif,1839,1347,19.556381225585938,train
hls_california\HLS.S30.T10TEK.2021092T185921.v2.0_EVI_cropped.tif,1840,1348,40.471046447753906,train
hls_california\HLS.S30.T10TEK.2021092T185921.v2.0_EVI_cropped.tif,1841,1350,50.730709075927734,train
hls_california\HLS.S30.T10TEK.2021092T185921.v2.0_EVI_cropped.tif,1842,1351,21.070493698120117,train
hls_california\HLS.S30.T10TEK.2021092T185921.v2.0_EVI_cropped.tif,1843,1353,47.21781921386719,train
hls_california\HLS.S30.T10TEK.2021092T185921.v2.0_EVI_cropped.tif,1845,1354,18.405284881591797,train
hls_california\HLS.S30.T10TEK.2021092T185921.v2.0_EVI_cropped.tif,1846,1356,27.2149658203125,train
hls_california\HLS.S30.T10TEK.2021092T185921.v2.0_EVI_cropped.tif,1847,1357,23.925071716308594,train
hls_california\HLS.S30.T10TEK.2021092T185921.v2.0_EVI_cropped.tif,1848,1359,49.388431549072266,train
hls_california\HLS.S30.T10TEK.2021092T185921.v2.0_EVI_cropped.tif,1849,1360,22.766475677490234,train
hls_california\HLS.S30.T10TEK.2021092T185921.v2.0_EVI_cropped.tif,1850,1362,82.560791015625,train
hls_california\HLS.S30.T10TEK.2021092T185921.v2.0_EVI_cropped.tif,1851,1363,32.20293045043945,train
hls_california\HLS.S30.T10TEK.2021092T185921.v2.0_EVI_cropped.tif,1853,1365,79.48887634277344,train
hls_california\HLS.S30.T10TEK.2021092T185921.v2.0_EVI_cropped.tif,1854,1366,40.76631164550781,train
hls_california\HLS.S30.T10TEK.2021092T185921.v2.0_EVI_cropped.tif,1855,1368,75.27693176269531,train
hls_california\HLS.S30.T10TEK.2021092T185921.v2.0_EVI_cropped.tif,1856,1369,25.042482376098633,train
hls_california\HLS.S30.T10TEK.2021092T185921.v2.0_EVI_cropped.tif,1857,1371,30.82792854309082,train
hls_california\HLS.S30.T10TEK.2021092T185921.v2.0_EVI_cropped.tif,1858,1372,20.60975456237793,train
hls_california\HLS.S30.T10TEK.2021092T185921.v2.0_EVI_cropped.tif,1860,1374,-9999.0,train
hls_california\HLS.S30.T10TEK.2021092T185921.v2.0_EVI_cropped.tif,1861,1375,-9999.0,train
hls_california\HLS.S30.T10TEK.2021092T185921.v2.0_EVI_cropped.tif,1862,1377,27.002685546875,train
hls_california\HLS.S30.T10TEK.2021092T185921.v2.0_EVI_cropped.tif,1863,1378,23.012893676757812,train
hls_california\HLS.S30.T10TEK.2021092T185921.v2.0_EVI_cropped.tif,1864,1380,51.123779296875,train
hls_california\HLS.S30.T10TEK.2021092T185921.v2.0_EVI_cropped.tif,1865,1381,24.970544815063477,train
hls_california\HLS.S30.T10TEK.2021092T185921.v2.0_EVI_cropped.tif,1866,1383,33.409912109375,train
hls_california\HLS.S30.T10TEK.2021092T185921.v2.0_EVI_cropped.tif,1868,1385,16.69377899169922,train
hls_california\HLS.S30.T10TEK.2021092T185921.v2.0_EVI_cropped.tif,1869,1386,-9999.0,train
hls_california\HLS.S30.T10TEK.2021092T185921.v2.0_EVI_cropped.tif,1870,1388,67.85184478759766,train
hls_california\HLS.S30.T10TEK.2021092T185921.v2.0_EVI_cropped.tif,1871,1389,45.21215057373047,train
hls_california\HLS.S30.T10TEK.2021092T185921.v2.0_EVI_cropped.tif,1872,1391,26.254032135009766,train
hls_california\HLS.S30.T10TEK.2021092T185921.v2.0_EVI_cropped.tif,1873,1392,61.92579650878906,train
hls_california\HLS.S30.T10TEK.2021092T185921.v2.0_EVI_cropped.tif,1875,1394,34.12554168701172,train
hls_california\HLS.S30.T10TEK.2021092T185921.v2.0_EVI_cropped.tif,1876,1395,18.450891494750977,train
hls_california\HLS.S30.T10TEK.2021092T185921.v2.0_EVI_cropped.tif,1877,1397,30.67076873779297,train
hls_california\HLS.S30.T10TEK.2021092T185921.v2.0_EVI_cropped.tif,1878,1398,15.563114166259766,train
hls_california\HLS.S30.T10TEK.2021092T185921.v2.0_EVI_cropped.tif,1879,1400,17.307588577270508,train
hls_california\HLS.S30.T10TEK.2021092T185921.v2.0_EVI_cropped.tif,1880,1401,20.658653259277344,train
hls_california\HLS.S30.T10TEK.2021092T185921.v2.0_EVI_cropped.tif,1882,1403,33.24332809448242,train
hls_california\HLS.S30.T10TEK.2021092T185921.v2.0_EVI_cropped.tif,1883,1404,17.733203887939453,train
hls_california\HLS.S30.T10TEK.2021092T185921.v2.0_EVI_cropped.tif,1884,1406,34.843292236328125,train
hls_california\HLS.S30.T10TEK.2021092T185921.v2.0_EVI_cropped.tif,1885,1407,19.599964141845703,train
hls_california\HLS.S30.T10TEK.2021092T185921.v2.0_EVI_cropped.tif,1886,1409,80.26056671142578,train
hls_california\HLS.S30.T10TEK.2021092T185921.v2.0_EVI_cropped.tif,1887,1410,54.31980514526367,train
hls_california\HLS.S30.T10TEK.2021092T185921.v2.0_EVI_cropped.tif,1888,1412,14.528246879577637,train
hls_california\HLS.S30.T10TEK.2021092T185921.v2.0_EVI_cropped.tif,1890,1413,72.80940246582031,train
hls_california\HLS.S30.T10TEK.2021092T185921.v2.0_EVI_cropped.tif,1891,1415,49.2922248840332,train
hls_california\HLS.S30.T10TEK.2021092T185921.v2.0_EVI_cropped.tif,1892,1416,52.69286346435547,train
hls_california\HLS.S30.T10TEK.2021092T185921.v2.0_EVI_cropped.tif,1893,1418,31.888776779174805,train
hls_california\HLS.S30.T10TEK.2021092T185921.v2.0_EVI_cropped.tif,1894,1419,57.86409378051758,train
hls_california\HLS.S30.T10TEK.2021092T185921.v2.0_EVI_cropped.tif,1895,1421,76.40148162841797,train
hls_california\HLS.S30.T10TEK.2021092T185921.v2.0_EVI_cropped.tif,1897,1422,24.507373809814453,train
hls_california\HLS.S30.T10TEK.2021092T185921.v2.0_EVI_cropped.tif,1898,1424,23.04034423828125,train
hls_california\HLS.S30.T10TEK.2021092T185921.v2.0_EVI_cropped.tif,1899,1425,58.822078704833984,train
hls_california\HLS.S30.T10TEK.2021092T185921.v2.0_EVI_cropped.tif,1900,1427,35.38529968261719,train
hls_california\HLS.S30.T10TEK.2021092T185921.v2.0_EVI_cropped.tif,1901,1428,23.951932907104492,train
hls_california\HLS.S30.T10TEK.2021092T185921.v2.0_EVI_cropped.tif,1902,1430,24.099355697631836,train
hls_california\HLS.S30.T10TEK.2021092T185921.v2.0_EVI_cropped.tif,1903,1431,29.13372039794922,train
hls_california\HLS.S30.T10TEK.2021092T185921.v2.0_EVI_cropped.tif,1905,1433,19.549888610839844,train
hls_california\HLS.S30.T10TEK.2021092T185921.v2.0_EVI_cropped.tif,1906,1434,24.608741760253906,train
hls_california\HLS.S30.T10TEK.2021092T185921.v2.0_EVI_cropped.tif,1907,1436,47.24555969238281,train
hls_california\HLS.S30.T10TEK.2021092T185921.v2.0_EVI_cropped.tif,2067,1645,1.2284363508224487,train
hls_california\HLS.S30.T10TEK.2021092T185921.v2.0_EVI_cropped.tif,2068,1647,1.1160929203033447,train
hls_california\HLS.S30.T10TEK.2021092T185921.v2.0_EVI_cropped.tif,2069,1648,22.552160263061523,train
hls_california\HLS.S30.T10TEK.2021092T185921.v2.0_EVI_cropped.tif,2070,1650,1.5648930072784424,train
hls_california\HLS.S30.T10TEK.2021092T185921.v2.0_EVI_cropped.tif,2071,1651,2.299227714538574,train
hls_california\HLS.S30.T10TEK.2021092T185921.v2.0_EVI_cropped.tif,2072,1653,1.2284363508224487,train
hls_california\HLS.S30.T10TEK.2021092T185921.v2.0_EVI_cropped.tif,2073,1654,-9999.0,train
hls_california\HLS.S30.T10TEK.2021092T185921.v2.0_EVI_cropped.tif,2075,1656,1.697226881980896,train
hls_california\HLS.S30.T10TEK.2021092T185921.v2.0_EVI_cropped.tif,2076,1657,28.52684211730957,train
hls_california\HLS.S30.T10TEK.2021092T185921.v2.0_EVI_cropped.tif,2077,1659,22.13432502746582,train
hls_california\HLS.S30.T10TEK.2021092T185921.v2.0_EVI_cropped.tif,2078,1660,34.28716278076172,train
hls_california\HLS.S30.T10TEK.2021092T185921.v2.0_EVI_cropped.tif,2079,1662,5.244015216827393,train
hls_california\HLS.S30.T10TEK.2021092T185921.v2.0_EVI_cropped.tif,2080,1663,38.27933120727539,train
hls_california\HLS.S30.T10TEK.2021092T185921.v2.0_EVI_cropped.tif,2082,1665,34.87627410888672,train
hls_california\HLS.S30.T10TEK.2021092T185921.v2.0_EVI_cropped.tif,2083,1666,-9999.0,train
hls_california\HLS.S30.T10TEK.2021092T185921.v2.0_EVI_cropped.tif,2084,1668,31.343521118164062,train
hls_california\HLS.S30.T10TEK.2021092T185921.v2.0_EVI_cropped.tif,2085,1669,20.38640022277832,train
hls_california\HLS.S30.T10TEK.2021092T185921.v2.0_EVI_cropped.tif,2086,1671,-9999.0,train
hls_california\HLS.S30.T10TEK.2021092T185921.v2.0_EVI_cropped.tif,2087,1672,95.8153076171875,train
hls_california\HLS.S30.T10TEK.2021092T185921.v2.0_EVI_cropped.tif,2088,1674,7.5385355949401855,train
hls_california\HLS.S30.T10TEK.2021092T185921.v2.0_EVI_cropped.tif,2090,1675,12.833168983459473,train
hls_california\HLS.S30.T10TEK.2021092T185921.v2.0_EVI_cropped.tif,2091,1677,23.460205078125,train
hls_california\HLS.S30.T10TEK.2021092T185921.v2.0_EVI_cropped.tif,2092,1678,2.772066354751587,train
hls_california\HLS.S30.T10TEK.2021092T185921.v2.0_EVI_cropped.tif,2093,1680,2.4587409496307373,train
hls_california\HLS.S30.T10TEK.2021092T185921.v2.0_EVI_cropped.tif,2094,1681,5.482156753540039,train
hls_california\HLS.S30.T10TEK.2021092T185921.v2.0_EVI_cropped.tif,2095,1683,5.039907932281494,train
hls_california\HLS.S30.T10TEK.2021092T185921.v2.0_EVI_cropped.tif,2097,1684,5.572798252105713,train
hls_california\HLS.S30.T10TEK.2021092T185921.v2.0_EVI_cropped.tif,2098,1686,7.679906368255615,train
hls_california\HLS.S30.T10TEK.2021092T185921.v2.0_EVI_cropped.tif,2099,1687,2.9246318340301514,train
hls_california\HLS.S30.T10TEK.2021092T185921.v2.0_EVI_cropped.tif,2100,1689,4.925063133239746,train
hls_california\HLS.S30.T10TEK.2021092T185921.v2.0_EVI_cropped.tif,2101,1690,4.316711902618408,train
hls_california\HLS.S30.T10TEK.2021092T185921.v2.0_EVI_cropped.tif,2102,1692,6.036953926086426,train
hls_california\HLS.S30.T10TEK.2021092T185921.v2.0_EVI_cropped.tif,2103,1693,2.1639935970306396,train
hls_california\HLS.S30.T10TEK.2021092T185921.v2.0_EVI_cropped.tif,2105,1695,2.0144054889678955,train
hls_california\HLS.S30.T10TEK.2021092T185921.v2.0_EVI_cropped.tif,2106,1696,3.924572229385376,train
hls_california\HLS.S30.T10TEK.2021092T185921.v2.0_EVI_cropped.tif,2107,1698,1.2284363508224487,train
hls_california\HLS.S30.T10TEK.2021092T185921.v2.0_EVI_cropped.tif,2108,1699,3.3590548038482666,train
hls_california\HLS.S30.T10TEK.2021092T185921.v2.0_EVI_cropped.tif,2109,1701,2.1639935970306396,train
hls_california\HLS.S30.T10TEK.2021092T185921.v2.0_EVI_cropped.tif,2110,1703,2.4587409496307373,train
hls_california\HLS.S30.T10TEK.2021092T185921.v2.0_EVI_cropped.tif,2112,1704,8.781129837036133,train
hls_california\HLS.S30.T10TEK.2021092T185921.v2.0_EVI_cropped.tif,2113,1706,1.887864589691162,train
hls_california\HLS.S30.T10TEK.2021092T185921.v2.0_EVI_cropped.tif,2114,1707,8.221494674682617,train
hls_california\HLS.S30.T10TEK.2021092T185921.v2.0_EVI_cropped.tif,2115,1709,3.823108196258545,train
hls_california\HLS.S30.T10TEK.2021092T185921.v2.0_EVI_cropped.tif,2116,1710,2.5404794216156006,train
hls_california\HLS.S30.T10TEK.2021092T185921.v2.0_EVI_cropped.tif,2117,1712,1.7482229471206665,train
hls_california\HLS.S30.T10TEK.2021092T185921.v2.0_EVI_cropped.tif,2119,1713,3.195552349090576,train
hls_california\HLS.S30.T10TEK.2021092T185921.v2.0_EVI_cropped.tif,2120,1715,8.075304985046387,train
hls_california\HLS.S30.T10TEK.2021092T185921.v2.0_EVI_cropped.tif,2121,1716,4.397345066070557,train
hls_california\HLS.S30.T10TEK.2021092T185921.v2.0_EVI_cropped.tif,2122,1718,-9999.0,train
hls_california\HLS.S30.T10TEK.2021092T185921.v2.0_EVI_cropped.tif,2123,1719,1.2719420194625854,train
hls_california\HLS.S30.T10TEK.2021092T185921.v2.0_EVI_cropped.tif,2124,1721,2.0144054889678955,train
hls_california\HLS.S30.T10TEK.2021092T185921.v2.0_EVI_cropped.tif,2125,1722,2.0144054889678955,train
hls_california\HLS.S30.T10TEK.2021092T185921.v2.0_EVI_cropped.tif,2127,1724,1.7482229471206665,train
hls_california\HLS.S30.T10TEK.2021092T185921.v2.0_EVI_cropped.tif,2128,1725,1.5007215738296509,train
hls_california\HLS.S30.T10TEK.2021092T185921.v2.0_EVI_cropped.tif,2129,1727,2.299227714538574,train
hls_california\HLS.S30.T10TEK.2021092T185921.v2.0_EVI_cropped.tif,2130,1728,1.4534664154052734,train
hls_california\HLS.S30.T10TEK.2021092T185921.v2.0_EVI_cropped.tif,2131,1730,1.7482229471206665,train
hls_california\HLS.S30.T10TEK.2021092T185921.v2.0_EVI_cropped.tif,2132,1731,3.3590548038482666,train
hls_california\HLS.S30.T10TEK.2021092T185921.v2.0_EVI_cropped.tif,2134,1733,1.171596646308899,train
hls_california\HLS.S30.T10TEK.2021092T185921.v2.0_EVI_cropped.tif,2135,1734,1.5648930072784424,train
hls_california\HLS.S30.T10TEK.2021092T185921.v2.0_EVI_cropped.tif,2136,1736,2.299227714538574,train
hls_california\HLS.S30.T10TEK.2021092T185921.v2.0_EVI_cropped.tif,2137,1737,2.0885369777679443,train
hls_california\HLS.S30.T10TEK.2021092T185921.v2.0_EVI_cropped.tif,2138,1739,7.966506481170654,train
hls_california\HLS.S30.T10TEK.2021092T185921.v2.0_EVI_cropped.tif,2139,1740,6.163807392120361,train
hls_california\HLS.S30.T10TEK.2021092T185921.v2.0_EVI_cropped.tif,2140,1742,5.694790363311768,train
hls_california\HLS.S30.T10TEK.2021092T185921.v2.0_EVI_cropped.tif,2142,1743,5.482156753540039,train
hls_california\HLS.S30.T10TEK.2021092T185921.v2.0_EVI_cropped.tif,2143,1745,1.7482229471206665,train
hls_california\HLS.S30.T10TEK.2021092T185921.v2.0_EVI_cropped.tif,2144,1746,2.6026499271392822,train
hls_california\HLS.S30.T10TEK.2021092T185921.v2.0_EVI_cropped.tif,2145,1748,4.397345066070557,train
hls_california\HLS.S30.T10TEK.2021092T185921.v2.0_EVI_cropped.tif,2146,1749,1.5648930072784424,train
hls_california\HLS.S30.T10TEK.2021092T185921.v2.0_EVI_cropped.tif,2147,1751,1.7482229471206665,train
hls_california\HLS.S30.T10TEK.2021092T185921.v2.0_EVI_cropped.tif,2149,1752,2.6026499271392822,train
hls_california\HLS.S30.T10TEK.2021092T185921.v2.0_EVI_cropped.tif,2150,1754,1.5007215738296509,train
hls_california\HLS.S30.T10TEK.2021092T185921.v2.0_EVI_cropped.tif,2151,1756,-9999.0,train
hls_california\HLS.S30.T10TEK.2021092T185921.v2.0_EVI_cropped.tif,2152,1757,1.9596763849258423,train
hls_california\HLS.S30.T10TEK.2021092T185921.v2.0_EVI_cropped.tif,2153,1759,1.331116795539856,train
hls_california\HLS.S30.T10TEK.2021092T185921.v2.0_EVI_cropped.tif,2154,1760,1.5648930072784424,train
hls_california\HLS.S30.T10TEK.2021092T185921.v2.0_EVI_cropped.tif,2155,1762,1.4534664154052734,train
hls_california\HLS.S30.T10TEK.2021092T185921.v2.0_EVI_cropped.tif,2157,1763,1.6303950548171997,train
hls_california\HLS.S30.T10TEK.2021092T185921.v2.0_EVI_cropped.tif,2158,1765,1.331116795539856,train
hls_california\HLS.S30.T10TEK.2021092T185921.v2.0_EVI_cropped.tif,2159,1766,1.4534664154052734,train
hls_california\HLS.S30.T10TEK.2021092T185921.v2.0_EVI_cropped.tif,2160,1768,1.6303950548171997,train
hls_california\HLS.S30.T10TEK.2021092T185921.v2.0_EVI_cropped.tif,2161,1769,1.9596763849258423,train
hls_california\HLS.S30.T10TEK.2021092T185921.v2.0_EVI_cropped.tif,2162,1771,1.8173799514770508,train
hls_california\HLS.S30.T10TEK.2021092T185921.v2.0_EVI_cropped.tif,2164,1772,1.4534664154052734,train
hls_california\HLS.S30.T10TEK.2021092T185921.v2.0_EVI_cropped.tif,2165,1774,1.5648930072784424,train
hls_california\HLS.S30.T10TEK.2021092T185921.v2.0_EVI_cropped.tif,2166,1775,1.331116795539856,train
hls_california\HLS.S30.T10TEK.2021092T185921.v2.0_EVI_cropped.tif,2167,1777,1.887864589691162,train
hls_california\HLS.S30.T10TEK.2021092T185921.v2.0_EVI_cropped.tif,2168,1778,1.5007215738296509,train
hls_california\HLS.S30.T10TEK.2021092T185921.v2.0_EVI_cropped.tif,2169,1780,1.5648930072784424,train
hls_california\HLS.S30.T10TEK.2021092T185921.v2.0_EVI_cropped.tif,2171,1781,1.8173799514770508,train
hls_california\HLS.S30.T10TEK.2021092T185921.v2.0_EVI_cropped.tif,2172,1783,2.0144054889678955,train
hls_california\HLS.S30.T10TEK.2021092T185921.v2.0_EVI_cropped.tif,2173,1784,1.2719420194625854,train
hls_california\HLS.S30.T10TEK.2021092T185921.v2.0_EVI_cropped.tif,2174,1786,1.331116795539856,train
hls_california\HLS.S30.T10TEK.2021092T185921.v2.0_EVI_cropped.tif,2175,1787,-9999.0,train
hls_california\HLS.S30.T10TEK.2021092T185921.v2.0_EVI_cropped.tif,2176,1789,1.6303950548171997,train
hls_california\HLS.S30.T10TEK.2021092T185921.v2.0_EVI_cropped.tif,2177,1790,2.1639935970306396,train
hls_california\HLS.S30.T10TEK.2021092T185921.v2.0_EVI_cropped.tif,2179,1792,1.0619252920150757,train
hls_california\HLS.S30.T10TEK.2021092T185921.v2.0_EVI_cropped.tif,2180,1793,1.5007215738296509,train
hls_california\HLS.S30.T10TEK.2021092T185921.v2.0_EVI_cropped.tif,2181,1795,-9999.0,train
hls_california\HLS.S30.T10TEK.2021092T185921.v2.0_EVI_cropped.tif,2182,1796,3.5508384704589844,train
hls_california\HLS.S30.T10TEK.2021092T185921.v2.0_EVI_cropped.tif,2183,1798,2.772066354751587,train
hls_california\HLS.S30.T10TEK.2021092T185921.v2.0_EVI_cropped.tif,2184,1799,1.0619252920150757,train
hls_california\HLS.S30.T10TEK.2021092T185921.v2.0_EVI_cropped.tif,2186,1801,2.299227714538574,train
hls_california\HLS.S30.T10TEK.2021092T185921.v2.0_EVI_cropped.tif,2187,1802,3.195552349090576,train
hls_california\HLS.S30.T10TEK.2021092T185921.v2.0_EVI_cropped.tif,2188,1804,1.3916254043579102,train
hls_california\HLS.S30.T10TEK.2021092T185921.v2.0_EVI_cropped.tif,2189,1805,2.6866989135742188,train
hls_california\HLS.S30.T10TEK.2021092T185921.v2.0_EVI_cropped.tif,2190,1807,1.4534664154052734,train
hls_california\HLS.S30.T10TEK.2021092T185921.v2.0_EVI_cropped.tif,2191,1808,1.697226881980896,train
hls_california\HLS.S30.T10TEK.2021092T185921.v2.0_EVI_cropped.tif,2192,1810,1.5648930072784424,train
hls_california\HLS.S30.T10TEK.2021092T185921.v2.0_EVI_cropped.tif,2194,1811,1.5648930072784424,train
hls_california\HLS.S30.T10TEK.2021092T185921.v2.0_EVI_cropped.tif,2195,1813,1.2719420194625854,train
hls_california\HLS.S30.T10TEK.2021092T185921.v2.0_EVI_cropped.tif,2196,1815,1.2719420194625854,train
hls_california\HLS.S30.T10TEK.2021092T185921.v2.0_EVI_cropped.tif,2197,1816,1.1160929203033447,train
hls_california\HLS.S30.T10TEK.2021092T185921.v2.0_EVI_cropped.tif,2198,1818,1.2284363508224487,train
hls_california\HLS.S30.T10TEK.2021092T185921.v2.0_EVI_cropped.tif,2199,1819,1.0619252920150757,train
hls_california\HLS.S30.T10TEK.2021092T185921.v2.0_EVI_cropped.tif,2201,1821,-9999.0,train
hls_california\HLS.S30.T10TEK.2021092T185921.v2.0_EVI_cropped.tif,2202,1822,1.0619252920150757,train
hls_california\HLS.S30.T10TEK.2021092T185921.v2.0_EVI_cropped.tif,2203,1824,1.1160929203033447,train
hls_california\HLS.S30.T10TEK.2021092T185921.v2.0_EVI_cropped.tif,2204,1825,1.0619252920150757,train
hls_california\HLS.S30.T10TEK.2021092T185921.v2.0_EVI_cropped.tif,2205,1827,1.171596646308899,train
hls_california\HLS.S30.T10TEK.2021092T185921.v2.0_EVI_cropped.tif,2206,1828,1.2719420194625854,train
hls_california\HLS.S30.T10TEK.2021092T185921.v2.0_EVI_cropped.tif,2208,1830,1.4534664154052734,train
hls_california\HLS.S30.T10TEK.2021092T185921.v2.0_EVI_cropped.tif,2209,1831,1.1160929203033447,train
hls_california\HLS.S30.T10TEK.2021092T185921.v2.0_EVI_cropped.tif,2210,1833,1.4534664154052734,train
hls_california\HLS.S30.T10TEK.2021092T185921.v2.0_EVI_cropped.tif,2211,1834,1.2284363508224487,train
hls_california\HLS.S30.T10TEK.2021092T185921.v2.0_EVI_cropped.tif,2212,1836,1.2719420194625854,train
hls_california\HLS.S30.T10TEK.2021092T185921.v2.0_EVI_cropped.tif,2213,1837,1.2719420194625854,train
hls_california\HLS.S30.T10TEK.2021092T185921.v2.0_EVI_cropped.tif,2215,1839,1.3916254043579102,train
hls_california\HLS.S30.T10TEK.2021092T185921.v2.0_EVI_cropped.tif,2216,1840,2.0885369777679443,train
hls_california\HLS.S30.T10TEK.2021092T185921.v2.0_EVI_cropped.tif,2217,1842,1.5007215738296509,train
hls_california\HLS.S30.T10TEK.2021092T185921.v2.0_EVI_cropped.tif,2218,1843,1.171596646308899,train
hls_california\HLS.S30.T10TEK.2021092T185921.v2.0_EVI_cropped.tif,2219,1845,1.6303950548171997,train
hls_california\HLS.S30.T10TEK.2021092T185921.v2.0_EVI_cropped.tif,2220,1846,1.6303950548171997,train
hls_california\HLS.S30.T10TEK.2021092T185921.v2.0_EVI_cropped.tif,2221,1848,1.5648930072784424,train
hls_california\HLS.S30.T10TEK.2021092T185921.v2.0_EVI_cropped.tif,2223,1849,2.6026499271392822,train
hls_california\HLS.S30.T10TEK.2021092T185921.v2.0_EVI_cropped.tif,2224,1851,1.171596646308899,train
hls_california\HLS.S30.T10TEK.2021092T185921.v2.0_EVI_cropped.tif,2225,1852,1.8173799514770508,train
hls_california\HLS.S30.T10TEK.2021092T185921.v2.0_EVI_cropped.tif,2226,1854,1.171596646308899,train
hls_california\HLS.S30.T10TEK.2021092T185921.v2.0_EVI_cropped.tif,2227,1855,1.2719420194625854,train
hls_california\HLS.S30.T10TEK.2021092T185921.v2.0_EVI_cropped.tif,2228,1857,2.0885369777679443,train
hls_california\HLS.S30.T10TEK.2021092T185921.v2.0_EVI_cropped.tif,2230,1858,1.0221772193908691,train
hls_california\HLS.S30.T10TEK.2021092T185921.v2.0_EVI_cropped.tif,2231,1860,1.5007215738296509,train
hls_california\HLS.S30.T10TEK.2021092T185921.v2.0_EVI_cropped.tif,2232,1861,1.7482229471206665,train
hls_california\HLS.S30.T10TEK.2021092T185921.v2.0_EVI_cropped.tif,2233,1863,4.001528263092041,train
hls_california\HLS.S30.T10TEK.2021092T185921.v2.0_EVI_cropped.tif,2234,1864,2.0144054889678955,train
hls_california\HLS.S30.T10TEK.2021092T185921.v2.0_EVI_cropped.tif,2235,1866,3.924572229385376,train
hls_california\HLS.S30.T10TEK.2021092T185921.v2.0_EVI_cropped.tif,2237,1867,2.858752727508545,train
hls_california\HLS.S30.T10TEK.2021092T185921.v2.0_EVI_cropped.tif,2238,1869,1.887864589691162,train
hls_california\HLS.S30.T10TEK.2021092T185921.v2.0_EVI_cropped.tif,2239,1870,2.772066354751587,train
hls_california\HLS.S30.T10TEK.2021092T185921.v2.0_EVI_cropped.tif,2240,1872,2.299227714538574,train
hls_california\HLS.S30.T10TEK.2021092T185921.v2.0_EVI_cropped.tif,2241,1874,1.7482229471206665,train
hls_california\HLS.S30.T10TEK.2021092T185921.v2.0_EVI_cropped.tif,2242,1875,2.240774393081665,train
hls_california\HLS.S30.T10TEK.2021092T185921.v2.0_EVI_cropped.tif,2243,1877,5.482156753540039,train
hls_california\HLS.S30.T10TEK.2021092T185921.v2.0_EVI_cropped.tif,2245,1878,1.5648930072784424,train
hls_california\HLS.S30.T10TEK.2021092T185921.v2.0_EVI_cropped.tif,2246,1880,1.2719420194625854,train
hls_california\HLS.S30.T10TEK.2021092T185921.v2.0_EVI_cropped.tif,2247,1881,3.195552349090576,train
hls_california\HLS.S30.T10TEK.2021092T185921.v2.0_EVI_cropped.tif,2248,1883,5.482156753540039,train
hls_california\HLS.S30.T10TEK.2021092T185921.v2.0_EVI_cropped.tif,2249,1884,5.572798252105713,train
hls_california\HLS.S30.T10TEK.2021092T185921.v2.0_EVI_cropped.tif,2250,1886,1.9596763849258423,train
hls_california\HLS.S30.T10TEK.2021092T185921.v2.0_EVI_cropped.tif,2252,1887,2.0144054889678955,train
hls_california\HLS.S30.T10TEK.2021092T185921.v2.0_EVI_cropped.tif,2253,1889,1.1160929203033447,train
hls_california\HLS.S30.T10TEK.2021092T185921.v2.0_EVI_cropped.tif,2254,1890,1.171596646308899,train
hls_california\HLS.S30.T10TEK.2021092T185921.v2.0_EVI_cropped.tif,2255,1892,1.171596646308899,train
hls_california\HLS.S30.T10TEK.2021092T185921.v2.0_EVI_cropped.tif,2256,1893,1.1160929203033447,train
hls_california\HLS.S30.T10TEK.2021092T185921.v2.0_EVI_cropped.tif,2257,1895,1.3916254043579102,train
hls_california\HLS.S30.T10TEK.2021092T185921.v2.0_EVI_cropped.tif,2258,1896,4.811521530151367,train
hls_california\HLS.S30.T10TEK.2021092T185921.v2.0_EVI_cropped.tif,2260,1898,2.4587409496307373,train
hls_california\HLS.S30.T10TEK.2021092T185921.v2.0_EVI_cropped.tif,2261,1899,2.6866989135742188,train
hls_california\HLS.S30.T10TEK.2021092T185921.v2.0_EVI_cropped.tif,2262,1901,5.9426655769348145,train
hls_california\HLS.S30.T10TEK.2021092T185921.v2.0_EVI_cropped.tif,2263,1902,1.331116795539856,train
hls_california\HLS.S30.T10TEK.2021092T185921.v2.0_EVI_cropped.tif,2264,1904,1.5648930072784424,train
hls_california\HLS.S30.T10TEK.2021092T185921.v2.0_EVI_cropped.tif,2265,1905,13.90328311920166,train
hls_california\HLS.S30.T10TEK.2021092T185921.v2.0_EVI_cropped.tif,2267,1907,2.0144054889678955,train
hls_california\HLS.S30.T10TEK.2021092T185921.v2.0_EVI_cropped.tif,2268,1908,5.039907932281494,train
hls_california\HLS.S30.T10TEK.2021092T185921.v2.0_EVI_cropped.tif,2269,1910,1.9596763849258423,train
hls_california\HLS.S30.T10TEK.2021092T185921.v2.0_EVI_cropped.tif,2270,1911,15.361623764038086,train
hls_california\HLS.S30.T10TEK.2021092T185921.v2.0_EVI_cropped.tif,2271,1913,27.00260353088379,train
hls_california\HLS.S30.T10TEK.2021092T185921.v2.0_EVI_cropped.tif,2272,1914,15.56140422821045,train
hls_california\HLS.S30.T10TEK.2021092T185921.v2.0_EVI_cropped.tif,2273,1916,6.6510233879089355,train
hls_california\HLS.S30.T10TEK.2021092T185921.v2.0_EVI_cropped.tif,2275,1917,6.291952610015869,train
hls_california\HLS.S30.T10TEK.2021092T185921.v2.0_EVI_cropped.tif,2276,1919,4.397345066070557,train
hls_california\HLS.S30.T10TEK.2021092T185921.v2.0_EVI_cropped.tif,2277,1921,1.2719420194625854,train
hls_california\HLS.S30.T10TEK.2021092T185921.v2.0_EVI_cropped.tif,2278,1922,2.9246318340301514,train
hls_california\HLS.S30.T10TEK.2021092T185921.v2.0_EVI_cropped.tif,2279,1924,4.615955829620361,train
hls_california\HLS.S30.T10TEK.2021092T185921.v2.0_EVI_cropped.tif,2280,1925,4.397345066070557,train
hls_california\HLS.S30.T10TEK.2021092T185921.v2.0_EVI_cropped.tif,2282,1927,0.9703503251075745,train
hls_california\HLS.S30.T10TEK.2021092T185921.v2.0_EVI_cropped.tif,2283,1928,1.0619252920150757,train
hls_california\HLS.S30.T10TEK.2021092T185921.v2.0_EVI_cropped.tif,2284,1930,1.171596646308899,train
hls_california\HLS.S30.T10TEK.2021092T185921.v2.0_EVI_cropped.tif,2285,1931,1.0619252920150757,train
hls_california\HLS.S30.T10TEK.2021092T185921.v2.0_EVI_cropped.tif,2286,1933,2.772066354751587,train
hls_california\HLS.S30.T10TEK.2021092T185921.v2.0_EVI_cropped.tif,2287,1934,1.0619252920150757,train
hls_california\HLS.S30.T10TEK.2021092T185921.v2.0_EVI_cropped.tif,2288,1936,0.9703503251075745,train
hls_california\HLS.S30.T10TEK.2021092T185921.v2.0_EVI_cropped.tif,2290,1937,1.0619252920150757,train
hls_california\HLS.S30.T10TEK.2021092T185921.v2.0_EVI_cropped.tif,2291,1939,1.2719420194625854,train
hls_california\HLS.S30.T10TEK.2021092T185921.v2.0_EVI_cropped.tif,2292,1940,1.2284363508224487,train
hls_california\HLS.S30.T10TEK.2021092T185921.v2.0_EVI_cropped.tif,2293,1942,1.2719420194625854,train
hls_california\HLS.S30.T10TEK.2021092T185921.v2.0_EVI_cropped.tif,2294,1943,1.1160929203033447,train
hls_california\HLS.S30.T10TEK.2021092T185921.v2.0_EVI_cropped.tif,2295,1945,1.0619252920150757,train
hls_california\HLS.S30.T10TEK.2021092T185921.v2.0_EVI_cropped.tif,2297,1946,1.6303950548171997,train
hls_california\HLS.S30.T10TEK.2021092T185921.v2.0_EVI_cropped.tif,2298,1948,1.331116795539856,train
hls_california\HLS.S30.T10TEK.2021092T185921.v2.0_EVI_cropped.tif,2299,1949,1.1160929203033447,train
hls_california\HLS.S30.T10TEK.2021092T185921.v2.0_EVI_cropped.tif,2300,1951,1.0221772193908691,train
hls_california\HLS.S30.T10TEK.2021092T185921.v2.0_EVI_cropped.tif,2301,1952,1.1160929203033447,train
hls_california\HLS.S30.T10TEK.2021092T185921.v2.0_EVI_cropped.tif,2302,1954,0.8707128763198853,train
hls_california\HLS.S30.T10TEK.2021092T185921.v2.0_EVI_cropped.tif,2303,1955,1.1160929203033447,train
hls_california\HLS.S30.T10TEK.2021092T185921.v2.0_EVI_cropped.tif,2305,1957,0.9703503251075745,train
hls_california\HLS.S30.T10TEK.2021092T185921.v2.0_EVI_cropped.tif,2306,1958,1.0619252920150757,train
hls_california\HLS.S30.T10TEK.2021092T185921.v2.0_EVI_cropped.tif,2307,1960,1.171596646308899,train
hls_california\HLS.S30.T10TEK.2021092T185921.v2.0_EVI_cropped.tif,2308,1961,1.171596646308899,train
hls_california\HLS.S30.T10TEK.2021092T185921.v2.0_EVI_cropped.tif,2309,1963,1.171596646308899,train
hls_california\HLS.S30.T10TEK.2021092T185921.v2.0_EVI_cropped.tif,2310,1964,1.8173799514770508,train
hls_california\HLS.S30.T10TEK.2021092T185921.v2.0_EVI_cropped.tif,2312,1966,1.1160929203033447,train
hls_california\HLS.S30.T10TEK.2021092T185921.v2.0_EVI_cropped.tif,2313,1967,1.171596646308899,train
hls_california\HLS.S30.T10TEK.2021092T185921.v2.0_EVI_cropped.tif,2314,1969,1.2719420194625854,train
hls_california\HLS.S30.T10TEK.2021092T185921.v2.0_EVI_cropped.tif,2315,1971,1.0619252920150757,train
hls_california\HLS.S30.T10TEK.2021092T185921.v2.0_EVI_cropped.tif,2316,1972,1.2719420194625854,train
hls_california\HLS.S30.T10TEK.2021092T185921.v2.0_EVI_cropped.tif,2317,1974,1.4534664154052734,train
hls_california\HLS.S30.T10TEK.2021092T185921.v2.0_EVI_cropped.tif,2319,1975,1.1160929203033447,train
hls_california\HLS.S30.T10TEK.2021092T185921.v2.0_EVI_cropped.tif,2320,1977,1.171596646308899,train
hls_california\HLS.S30.T10TEK.2021092T185921.v2.0_EVI_cropped.tif,2321,1978,1.2719420194625854,train
hls_california\HLS.S30.T10TEK.2021092T185921.v2.0_EVI_cropped.tif,2322,1980,1.1160929203033447,train
hls_california\HLS.S30.T10TEK.2021092T185921.v2.0_EVI_cropped.tif,2323,1981,1.2284363508224487,train
hls_california\HLS.S30.T10TEK.2021092T185921.v2.0_EVI_cropped.tif,2324,1983,1.2719420194625854,train
hls_california\HLS.S30.T10TEK.2021092T185921.v2.0_EVI_cropped.tif,2325,1984,1.1160929203033447,train
hls_california\HLS.S30.T10TEK.2021092T185921.v2.0_EVI_cropped.tif,2327,1986,1.5007215738296509,train
hls_california\HLS.S30.T10TEK.2021092T185921.v2.0_EVI_cropped.tif,2328,1987,1.0221772193908691,train
hls_california\HLS.S30.T10TEK.2021092T185921.v2.0_EVI_cropped.tif,2329,1989,1.1160929203033447,train
hls_california\HLS.S30.T10TEK.2021092T185921.v2.0_EVI_cropped.tif,2330,1990,1.5007215738296509,train
hls_california\HLS.S30.T10TEK.2021092T185921.v2.0_EVI_cropped.tif,2331,1992,1.2719420194625854,train
hls_california\HLS.S30.T10TEK.2021092T185921.v2.0_EVI_cropped.tif,2332,1993,0.8707128763198853,train
hls_california\HLS.S30.T10TEK.2021092T185921.v2.0_EVI_cropped.tif,2334,1995,0.8707128763198853,train
hls_california\HLS.S30.T10TEK.2021092T185921.v2.0_EVI_cropped.tif,2335,1996,1.0619252920150757,train
hls_california\HLS.S30.T10TEK.2021092T185921.v2.0_EVI_cropped.tif,2336,1998,1.1160929203033447,train
hls_california\HLS.S30.T10TEK.2021092T185921.v2.0_EVI_cropped.tif,2337,1999,1.171596646308899,train
hls_california\HLS.S30.T10TEK.2021092T185921.v2.0_EVI_cropped.tif,2338,2001,1.1160929203033447,train
hls_california\HLS.S30.T10TEK.2021092T185921.v2.0_EVI_cropped.tif,2339,2002,-9999.0,train
hls_california\HLS.S30.T10TEK.2021092T185921.v2.0_EVI_cropped.tif,2341,2004,1.8173799514770508,train
hls_california\HLS.S30.T10TEK.2021092T185921.v2.0_EVI_cropped.tif,2342,2005,1.887864589691162,train
hls_california\HLS.S30.T10TEK.2021092T185921.v2.0_EVI_cropped.tif,2343,2007,1.2719420194625854,train
hls_california\HLS.S30.T10TEK.2021092T185921.v2.0_EVI_cropped.tif,2344,2008,1.0619252920150757,train
hls_california\HLS.S30.T10TEK.2021092T185921.v2.0_EVI_cropped.tif,2345,2010,1.331116795539856,train
hls_california\HLS.S30.T10TEK.2021092T185921.v2.0_EVI_cropped.tif,2346,2011,1.2719420194625854,train
hls_california\HLS.S30.T10TEK.2021092T185921.v2.0_EVI_cropped.tif,2347,2013,1.2719420194625854,train
hls_california\HLS.S30.T10TEK.2021092T185921.v2.0_EVI_cropped.tif,2349,2014,1.4534664154052734,train
hls_california\HLS.S30.T10TEK.2021092T185921.v2.0_EVI_cropped.tif,2350,2016,0.9703503251075745,train
hls_california\HLS.S30.T10TEK.2021092T185921.v2.0_EVI_cropped.tif,2351,2017,1.2284363508224487,train
hls_california\HLS.S30.T10TEK.2021092T185921.v2.0_EVI_cropped.tif,2352,2019,1.2284363508224487,train
hls_california\HLS.S30.T10TEK.2021092T185921.v2.0_EVI_cropped.tif,2353,2020,1.0221772193908691,train
hls_california\HLS.S30.T10TEK.2021092T185921.v2.0_EVI_cropped.tif,2354,2022,1.2719420194625854,train
hls_california\HLS.S30.T10TEK.2021092T185921.v2.0_EVI_cropped.tif,2356,2023,1.1160929203033447,train
hls_california\HLS.S30.T10TEK.2021092T185921.v2.0_EVI_cropped.tif,2357,2025,1.1160929203033447,train
hls_california\HLS.S30.T10TEK.2021092T185921.v2.0_EVI_cropped.tif,2358,2026,2.299227714538574,train
hls_california\HLS.S30.T10TEK.2021092T185921.v2.0_EVI_cropped.tif,2359,2028,1.6303950548171997,train
hls_california\HLS.S30.T10TEK.2021092T185921.v2.0_EVI_cropped.tif,2360,2029,1.1160929203033447,train
hls_california\HLS.S30.T10TEK.2021092T185921.v2.0_EVI_cropped.tif,2361,2031,1.3916254043579102,train
hls_california\HLS.S30.T10TEK.2021092T185921.v2.0_EVI_cropped.tif,2363,2032,1.3916254043579102,train
hls_california\HLS.S30.T10TEK.2021092T185921.v2.0_EVI_cropped.tif,2364,2034,0.9703503251075745,train
hls_california\HLS.S30.T10TEK.2021092T185921.v2.0_EVI_cropped.tif,2365,2036,1.7482229471206665,train
hls_california\HLS.S30.T10TEK.2021092T185921.v2.0_EVI_cropped.tif,2366,2037,1.697226881980896,train
hls_california\HLS.S30.T10TEK.2021092T185921.v2.0_EVI_cropped.tif,2367,2039,1.4534664154052734,train
hls_california\HLS.S30.T10TEK.2021092T185921.v2.0_EVI_cropped.tif,2368,2040,1.171596646308899,train
hls_california\HLS.S30.T10TEK.2021092T185921.v2.0_EVI_cropped.tif,2369,2042,1.9596763849258423,train
hls_california\HLS.S30.T10TEK.2021092T185921.v2.0_EVI_cropped.tif,2371,2043,1.6303950548171997,train
hls_california\HLS.S30.T10TEK.2021092T185921.v2.0_EVI_cropped.tif,2372,2045,1.1160929203033447,train
hls_california\HLS.S30.T10TEK.2021092T185921.v2.0_EVI_cropped.tif,2373,2046,1.5648930072784424,train
hls_california\HLS.S30.T10TEK.2021092T185921.v2.0_EVI_cropped.tif,2374,2048,1.171596646308899,train
hls_california\HLS.S30.T10TEK.2021092T185921.v2.0_EVI_cropped.tif,2375,2049,3.195552349090576,train
hls_california\HLS.S30.T10TEK.2021092T185921.v2.0_EVI_cropped.tif,2376,2051,1.3916254043579102,train
hls_california\HLS.S30.T10TEK.2021092T185921.v2.0_EVI_cropped.tif,2378,2052,1.0619252920150757,train
hls_california\HLS.S30.T10TEK.2021092T185921.v2.0_EVI_cropped.tif,2379,2054,1.0221772193908691,train
hls_california\HLS.S30.T10TEK.2021092T185921.v2.0_EVI_cropped.tif,2380,2055,1.2284363508224487,train
hls_california\HLS.S30.T10TEK.2021092T185921.v2.0_EVI_cropped.tif,2381,2057,1.1160929203033447,train
hls_california\HLS.S30.T10TEK.2021092T185921.v2.0_EVI_cropped.tif,2382,2058,-9999.0,train
hls_california\HLS.S30.T10TEK.2021092T185921.v2.0_EVI_cropped.tif,2383,2060,1.331116795539856,train
hls_california\HLS.S30.T10TEK.2021092T185921.v2.0_EVI_cropped.tif,2385,2061,1.171596646308899,train
hls_california\HLS.S30.T10TEK.2021092T185921.v2.0_EVI_cropped.tif,2386,2063,1.2284363508224487,train
hls_california\HLS.S30.T10TEK.2021092T185921.v2.0_EVI_cropped.tif,2387,2064,-9999.0,train
hls_california\HLS.S30.T10TEK.2021092T185921.v2.0_EVI_cropped.tif,2388,2066,1.0619252920150757,train
hls_california\HLS.S30.T10TEK.2021092T185921.v2.0_EVI_cropped.tif,2389,2067,1.1160929203033447,train
hls_california\HLS.S30.T10TEK.2021092T185921.v2.0_EVI_cropped.tif,2390,2069,1.2719420194625854,train
hls_california\HLS.S30.T10TEK.2021092T185921.v2.0_EVI_cropped.tif,2391,2070,1.2719420194625854,train
hls_california\HLS.S30.T10TEK.2021092T185921.v2.0_EVI_cropped.tif,2393,2072,1.0221772193908691,train
hls_california\HLS.S30.T10TEK.2021092T185921.v2.0_EVI_cropped.tif,2394,2073,1.2719420194625854,train
hls_california\HLS.S30.T10TEK.2021092T185921.v2.0_EVI_cropped.tif,2395,2075,1.171596646308899,train
hls_california\HLS.S30.T10TEK.2021092T185921.v2.0_EVI_cropped.tif,2396,2076,1.171596646308899,train
hls_california\HLS.S30.T10TEK.2021092T185921.v2.0_EVI_cropped.tif,2397,2078,1.1160929203033447,train
hls_california\HLS.S30.T10TEK.2021092T185921.v2.0_EVI_cropped.tif,2398,2079,0.9703503251075745,train
hls_california\HLS.S30.T10TEK.2021092T185921.v2.0_EVI_cropped.tif,2400,2081,1.6303950548171997,train
hls_california\HLS.S30.T10TEK.2021092T185921.v2.0_EVI_cropped.tif,2401,2082,1.6303950548171997,train
hls_california\HLS.S30.T10TEK.2021092T185921.v2.0_EVI_cropped.tif,2402,2084,2.240774393081665,train
hls_california\HLS.S30.T10TEK.2021092T185921.v2.0_EVI_cropped.tif,2403,2085,1.4534664154052734,train
hls_california\HLS.S30.T10TEK.2021092T185921.v2.0_EVI_cropped.tif,2404,2087,1.331116795539856,train
hls_california\HLS.S30.T10TEK.2021092T185921.v2.0_EVI_cropped.tif,2405,2088,1.887864589691162,train
hls_california\HLS.S30.T10TEK.2021092T185921.v2.0_EVI_cropped.tif,2407,2090,1.1160929203033447,train
hls_california\HLS.S30.T10TEK.2021092T185921.v2.0_EVI_cropped.tif,2408,2092,1.2719420194625854,train
hls_california\HLS.S30.T10TEK.2021092T185921.v2.0_EVI_cropped.tif,2409,2093,1.2284363508224487,train
hls_california\HLS.S30.T10TEK.2021092T185921.v2.0_EVI_cropped.tif,2410,2095,2.4587409496307373,train
hls_california\HLS.S30.T10TEK.2021092T185921.v2.0_EVI_cropped.tif,2411,2096,1.0221772193908691,train
hls_california\HLS.S30.T10TEK.2021092T185921.v2.0_EVI_cropped.tif,2412,2098,1.331116795539856,train
hls_california\HLS.S30.T10TEK.2021092T185921.v2.0_EVI_cropped.tif,2414,2099,1.2719420194625854,train
hls_california\HLS.S30.T10TEK.2021092T185921.v2.0_EVI_cropped.tif,2415,2101,1.2719420194625854,train
hls_california\HLS.S30.T10TEK.2021092T185921.v2.0_EVI_cropped.tif,2416,2102,1.5648930072784424,train
hls_california\HLS.S30.T10TEK.2021092T185921.v2.0_EVI_cropped.tif,2417,2104,1.171596646308899,train
hls_california\HLS.S30.T10TEK.2021092T185921.v2.0_EVI_cropped.tif,2418,2105,1.2284363508224487,train
hls_california\HLS.S30.T10TEK.2021092T185921.v2.0_EVI_cropped.tif,2419,2107,1.0619252920150757,train
hls_california\HLS.S30.T10TEK.2021092T185921.v2.0_EVI_cropped.tif,2420,2108,1.0221772193908691,train
hls_california\HLS.S30.T10TEK.2021092T185921.v2.0_EVI_cropped.tif,2422,2110,1.2284363508224487,train
hls_california\HLS.S30.T10TEK.2021092T185921.v2.0_EVI_cropped.tif,2423,2111,-9999.0,train
hls_california\HLS.S30.T10TEK.2021092T185921.v2.0_EVI_cropped.tif,2424,2113,1.0619252920150757,train
hls_california\HLS.S30.T10TEK.2021092T185921.v2.0_EVI_cropped.tif,2425,2114,1.2719420194625854,train
hls_california\HLS.S30.T10TEK.2021092T185921.v2.0_EVI_cropped.tif,2426,2116,1.5007215738296509,train
hls_california\HLS.S30.T10TEK.2021092T185921.v2.0_EVI_cropped.tif,2427,2117,1.2719420194625854,train
hls_california\HLS.S30.T10TEK.2021092T185921.v2.0_EVI_cropped.tif,2429,2119,1.171596646308899,train
hls_california\HLS.S30.T10TEK.2021092T185921.v2.0_EVI_cropped.tif,2430,2120,1.2719420194625854,train
hls_california\HLS.S30.T10TEK.2021092T185921.v2.0_EVI_cropped.tif,2431,2122,1.1160929203033447,train
hls_california\HLS.S30.T10TEK.2021092T185921.v2.0_EVI_cropped.tif,2432,2123,1.2284363508224487,train
hls_california\HLS.S30.T10TEK.2021092T185921.v2.0_EVI_cropped.tif,2433,2125,1.331116795539856,train
hls_california\HLS.S30.T10TEK.2021092T185921.v2.0_EVI_cropped.tif,2434,2126,1.1160929203033447,train
hls_california\HLS.S30.T10TEK.2021092T185921.v2.0_EVI_cropped.tif,2436,2128,1.697226881980896,train
hls_california\HLS.S30.T10TEK.2021092T185921.v2.0_EVI_cropped.tif,2437,2129,-9999.0,train
hls_california\HLS.S30.T10TEK.2021092T185921.v2.0_EVI_cropped.tif,2438,2131,1.2719420194625854,train
hls_california\HLS.S30.T10TEK.2021092T185921.v2.0_EVI_cropped.tif,2439,2132,14.606152534484863,train
hls_california\HLS.S30.T10TEK.2021092T185921.v2.0_EVI_cropped.tif,2440,2134,14.97862720489502,train
hls_california\HLS.S30.T10TEK.2021092T185921.v2.0_EVI_cropped.tif,2441,2135,14.528246879577637,train
hls_california\HLS.S30.T10TEK.2021092T185921.v2.0_EVI_cropped.tif,2443,2137,14.606152534484863,train
hls_california\HLS.S30.T10TEK.2021092T185921.v2.0_EVI_cropped.tif,2444,2138,14.74622631072998,train
hls_california\HLS.S30.T10TEK.2021092T185921.v2.0_EVI_cropped.tif,2445,2140,14.657018661499023,train
hls_california\HLS.S30.T10TEK.2021092T185921.v2.0_EVI_cropped.tif,2446,2141,14.338739395141602,train
hls_california\HLS.S30.T10TEK.2021092T185921.v2.0_EVI_cropped.tif,2447,2143,14.253951072692871,train
hls_california\HLS.S30.T10TEK.2021092T185921.v2.0_EVI_cropped.tif,2448,2144,19.910634994506836,train
hls_california\HLS.S30.T10TEK.2021092T185921.v2.0_EVI_cropped.tif,2449,2146,-9999.0,train
hls_california\HLS.S30.T10TEK.2021092T185921.v2.0_EVI_cropped.tif,2451,2147,20.244935989379883,train
hls_california\HLS.S30.T10TEK.2021092T185921.v2.0_EVI_cropped.tif,2452,2149,19.596986770629883,train
hls_california\HLS.S30.T10TEK.2021092T185921.v2.0_EVI_cropped.tif,2453,2150,25.442764282226562,train
hls_california\HLS.S30.T10TEK.2021092T185921.v2.0_EVI_cropped.tif,2454,2152,26.755571365356445,train
hls_california\HLS.S30.T10TEK.2021092T185921.v2.0_EVI_cropped.tif,2455,2154,27.489316940307617,train
hls_california\HLS.S30.T10TEK.2021092T185921.v2.0_EVI_cropped.tif,2456,2155,24.929489135742188,train
hls_california\HLS.S30.T10TEK.2021092T185921.v2.0_EVI_cropped.tif,2458,2157,24.814851760864258,train
hls_california\HLS.S30.T10TEK.2021092T185921.v2.0_EVI_cropped.tif,2459,2158,23.517467498779297,train
hls_california\HLS.S30.T10TEK.2021092T185921.v2.0_EVI_cropped.tif,2460,2160,23.342514038085938,train
hls_california\HLS.S30.T10TEK.2021092T185921.v2.0_EVI_cropped.tif,2461,2161,14.848471641540527,train
hls_california\HLS.S30.T10TEK.2021092T185921.v2.0_EVI_cropped.tif,2462,2163,52.80323028564453,train
hls_california\HLS.S30.T10TEK.2021092T185921.v2.0_EVI_cropped.tif,2463,2164,25.897512435913086,train
hls_california\HLS.S30.T10TEK.2021092T185921.v2.0_EVI_cropped.tif,2465,2166,27.558086395263672,train
hls_california\HLS.S30.T10TEK.2021092T185921.v2.0_EVI_cropped.tif,2466,2167,25.544998168945312,train
hls_california\HLS.S30.T10TEK.2021092T185921.v2.0_EVI_cropped.tif,2467,2169,22.788068771362305,train
hls_california\HLS.S30.T10TEK.2021092T185921.v2.0_EVI_cropped.tif,2468,2170,15.394573211669922,train
hls_california\HLS.S30.T10TEK.2021092T185921.v2.0_EVI_cropped.tif,2469,2172,1.171596646308899,train
hls_california\HLS.S30.T10TEK.2021092T185921.v2.0_EVI_cropped.tif,2470,2173,1.331116795539856,train
hls_california\HLS.S30.T10TEK.2021092T185921.v2.0_EVI_cropped.tif,2471,2175,1.0619252920150757,train
hls_california\HLS.S30.T10TEK.2021092T185921.v2.0_EVI_cropped.tif,2473,2176,31.625131607055664,train
hls_california\HLS.S30.T10TEK.2021092T185921.v2.0_EVI_cropped.tif,2474,2178,5.9426655769348145,train
hls_california\HLS.S30.T10TEK.2021092T185921.v2.0_EVI_cropped.tif,2475,2179,2.299227714538574,train
hls_california\HLS.S30.T10TEK.2021092T185921.v2.0_EVI_cropped.tif,2476,2181,1.887864589691162,train
hls_california\HLS.S30.T10TEK.2021092T185921.v2.0_EVI_cropped.tif,2477,2182,1.8173799514770508,train
hls_california\HLS.S30.T10TEK.2021092T185921.v2.0_EVI_cropped.tif,2478,2184,1.697226881980896,train
hls_california\HLS.S30.T10TEK.2021092T185921.v2.0_EVI_cropped.tif,2480,2185,2.0144054889678955,train
hls_california\HLS.S30.T10TEK.2021092T185921.v2.0_EVI_cropped.tif,2481,2187,-9999.0,train
hls_california\HLS.S30.T10TEK.2021092T185921.v2.0_EVI_cropped.tif,2482,2188,1.6303950548171997,train
hls_california\HLS.S30.T10TEK.2021092T185921.v2.0_EVI_cropped.tif,2483,2190,2.0144054889678955,train
hls_california\HLS.S30.T10TEK.2021092T185921.v2.0_EVI_cropped.tif,2484,2191,16.117612838745117,train
hls_california\HLS.S30.T10TEK.2021092T185921.v2.0_EVI_cropped.tif,2485,2193,20.225893020629883,train
hls_california\HLS.S30.T10TEK.2021092T185921.v2.0_EVI_cropped.tif,2487,2194,14.19296646118164,train
hls_california\HLS.S30.T10TEK.2021092T185921.v2.0_EVI_cropped.tif,2509,2223,1.2284363508224487,train
hls_california\HLS.S30.T10TEK.2021092T185921.v2.0_EVI_cropped.tif,2510,2225,1.3916254043579102,train
hls_california\HLS.S30.T10TEK.2021092T185921.v2.0_EVI_cropped.tif,2511,2226,1.1160929203033447,train
hls_california\HLS.S30.T10TEK.2021092T185921.v2.0_EVI_cropped.tif,2512,2228,1.0619252920150757,train
hls_california\HLS.S30.T10TEK.2021092T185921.v2.0_EVI_cropped.tif,2513,2229,1.171596646308899,train
hls_california\HLS.S30.T10TEK.2021092T185921.v2.0_EVI_cropped.tif,2514,2231,11.199362754821777,train
hls_california\HLS.S30.T10TEK.2021092T185921.v2.0_EVI_cropped.tif,2515,2232,12.515764236450195,train
hls_california\HLS.S30.T10TEK.2021092T185921.v2.0_EVI_cropped.tif,2517,2234,14.093643188476562,train
hls_california\HLS.S30.T10TEK.2021092T185921.v2.0_EVI_cropped.tif,2518,2235,14.285264015197754,train
hls_california\HLS.S30.T10TEK.2021092T185921.v2.0_EVI_cropped.tif,2519,2237,12.696662902832031,train
hls_california\HLS.S30.T10TEK.2021092T185921.v2.0_EVI_cropped.tif,2520,2238,12.202231407165527,train
hls_california\HLS.S30.T10TEK.2021092T185921.v2.0_EVI_cropped.tif,2521,2240,15.015026092529297,train
hls_california\HLS.S30.T10TEK.2021092T185921.v2.0_EVI_cropped.tif,2522,2241,2.0885369777679443,train
hls_california\HLS.S30.T10TEK.2021092T185921.v2.0_EVI_cropped.tif,2524,2243,1.0221772193908691,train
hls_california\HLS.S30.T10TEK.2021092T185921.v2.0_EVI_cropped.tif,2525,2244,1.5007215738296509,train
hls_california\HLS.S30.T10TEK.2021092T185921.v2.0_EVI_cropped.tif,2526,2246,1.171596646308899,train
hls_california\HLS.S30.T10TEK.2021092T185921.v2.0_EVI_cropped.tif,2527,2247,1.2284363508224487,train
hls_california\HLS.S30.T10TEK.2021092T185921.v2.0_EVI_cropped.tif,2528,2249,1.7482229471206665,train
hls_california\HLS.S30.T10TEK.2021092T185921.v2.0_EVI_cropped.tif,2529,2250,2.240774393081665,train
hls_california\HLS.S30.T10TEK.2021092T185921.v2.0_EVI_cropped.tif,2530,2252,1.7482229471206665,train
hls_california\HLS.S30.T10TEK.2021092T185921.v2.0_EVI_cropped.tif,2532,2253,1.887864589691162,train
hls_california\HLS.S30.T10TEK.2021092T185921.v2.0_EVI_cropped.tif,2533,2255,-9999.0,train
hls_california\HLS.S30.T10TEK.2021092T185921.v2.0_EVI_cropped.tif,2534,2256,1.8173799514770508,train
hls_california\HLS.S30.T10TEK.2021092T185921.v2.0_EVI_cropped.tif,2535,2258,4.001528263092041,train
hls_california\HLS.S30.T10TEK.2021092T185921.v2.0_EVI_cropped.tif,2536,2259,1.3916254043579102,train
hls_california\HLS.S30.T10TEK.2021092T185921.v2.0_EVI_cropped.tif,2537,2261,7.5385355949401855,train
hls_california\HLS.S30.T10TEK.2021092T185921.v2.0_EVI_cropped.tif,2539,2262,6.291952610015869,train
hls_california\HLS.S30.T10TEK.2021092T185921.v2.0_EVI_cropped.tif,2540,2264,9.202975273132324,train
hls_california\HLS.S30.T10TEK.2021092T185921.v2.0_EVI_cropped.tif,2541,2266,9.954383850097656,train
hls_california\HLS.S30.T10TEK.2021092T185921.v2.0_EVI_cropped.tif,2542,2267,9.79379940032959,train
hls_california\HLS.S30.T10TEK.2021092T185921.v2.0_EVI_cropped.tif,2543,2269,4.001528263092041,train
hls_california\HLS.S30.T10TEK.2021092T185921.v2.0_EVI_cropped.tif,2544,2270,1.1160929203033447,train
hls_california\HLS.S30.T10TEK.2021092T185921.v2.0_EVI_cropped.tif,2546,2272,1.0619252920150757,train
hls_california\HLS.S30.T10TEK.2021092T185921.v2.0_EVI_cropped.tif,2547,2273,1.2284363508224487,train
hls_california\HLS.S30.T10TEK.2021092T185921.v2.0_EVI_cropped.tif,2548,2275,0.9703503251075745,train
hls_california\HLS.S30.T10TEK.2021092T185921.v2.0_EVI_cropped.tif,2549,2276,1.0221772193908691,train
hls_california\HLS.S30.T10TEK.2021092T185921.v2.0_EVI_cropped.tif,2550,2278,1.331116795539856,train
hls_california\HLS.S30.T10TEK.2021092T185921.v2.0_EVI_cropped.tif,2551,2279,1.0221772193908691,train
hls_california\HLS.S30.T10TEK.2021092T185921.v2.0_EVI_cropped.tif,2552,2281,1.0221772193908691,train
hls_california\HLS.S30.T10TEK.2021092T185921.v2.0_EVI_cropped.tif,2554,2282,1.0619252920150757,train
hls_california\HLS.S30.T10TEK.2021092T185921.v2.0_EVI_cropped.tif,2555,2284,1.331116795539856,train
hls_california\HLS.S30.T10TEK.2021092T185921.v2.0_EVI_cropped.tif,2556,2285,156.75953674316406,train
hls_california\HLS.S30.T10TEK.2021092T185921.v2.0_EVI_cropped.tif,2557,2287,13.200654029846191,train
hls_california\HLS.S30.T10TEK.2021092T185921.v2.0_EVI_cropped.tif,2558,2288,14.429801940917969,train
hls_california\HLS.S30.T10TEK.2021092T185921.v2.0_EVI_cropped.tif,2559,2290,1.697226881980896,train
hls_california\HLS.S30.T10TEK.2021092T185921.v2.0_EVI_cropped.tif,2561,2291,102.59835815429688,train
hls_california\HLS.S30.T10TEK.2021092T185921.v2.0_EVI_cropped.tif,2562,2293,7.679906368255615,train
hls_california\HLS.S30.T10TEK.2021092T185921.v2.0_EVI_cropped.tif,2563,2294,90.986328125,train
hls_california\HLS.S30.T10TEK.2021092T185921.v2.0_EVI_cropped.tif,2564,2296,8.368968963623047,train
hls_california\HLS.S30.T10TEK.2021092T185921.v2.0_EVI_cropped.tif,2565,2297,10.567928314208984,train
hls_california\HLS.S30.T10TEK.2021092T185921.v2.0_EVI_cropped.tif,2566,2299,2.5404794216156006,train
hls_california\HLS.S30.T10TEK.2021092T185921.v2.0_EVI_cropped.tif,2567,2300,5.603175163269043,train
hls_california\HLS.S30.T10TEK.2021092T185921.v2.0_EVI_cropped.tif,2569,2302,6.036953926086426,train
hls_california\HLS.S30.T10TEK.2021092T185921.v2.0_EVI_cropped.tif,2570,2303,3.924572229385376,train
hls_california\HLS.S30.T10TEK.2021092T185921.v2.0_EVI_cropped.tif,2571,2305,10.279376983642578,train
hls_california\HLS.S30.T10TEK.2021092T185921.v2.0_EVI_cropped.tif,2572,2306,10.734561920166016,train
hls_california\HLS.S30.T10TEK.2021092T185921.v2.0_EVI_cropped.tif,2573,2308,11.848655700683594,train
hls_california\HLS.S30.T10TEK.2021092T185921.v2.0_EVI_cropped.tif,2574,2309,17.257335662841797,train
hls_california\HLS.S30.T10TEK.2021092T185921.v2.0_EVI_cropped.tif,2576,2311,-9999.0,train
hls_california\HLS.S30.T10TEK.2021092T185921.v2.0_EVI_cropped.tif,2577,2312,93.20968627929688,train
hls_california\HLS.S30.T10TEK.2021092T185921.v2.0_EVI_cropped.tif,2578,2314,2.4587409496307373,train
hls_california\HLS.S30.T10TEK.2021092T185921.v2.0_EVI_cropped.tif,2579,2315,7.822563171386719,train
hls_california\HLS.S30.T10TEK.2021092T185921.v2.0_EVI_cropped.tif,2580,2317,1.5007215738296509,train
hls_california\HLS.S30.T10TEK.2021092T185921.v2.0_EVI_cropped.tif,2581,2319,2.1639935970306396,train
hls_california\HLS.S30.T10TEK.2021092T185921.v2.0_EVI_cropped.tif,2582,2320,-9999.0,train
hls_california\HLS.S30.T10TEK.2021092T185921.v2.0_EVI_cropped.tif,2584,2322,6.068546295166016,train
hls_california\HLS.S30.T10TEK.2021092T185921.v2.0_EVI_cropped.tif,2585,2323,4.7272186279296875,train
hls_california\HLS.S30.T10TEK.2021092T185921.v2.0_EVI_cropped.tif,2586,2325,2.240774393081665,train
hls_california\HLS.S30.T10TEK.2021092T185921.v2.0_EVI_cropped.tif,2587,2326,1.3916254043579102,train
hls_california\HLS.S30.T10TEK.2021092T185921.v2.0_EVI_cropped.tif,2588,2328,0.9703503251075745,train
hls_california\HLS.S30.T10TEK.2021092T185921.v2.0_EVI_cropped.tif,2589,2329,1.6303950548171997,train
hls_california\HLS.S30.T10TEK.2021092T185921.v2.0_EVI_cropped.tif,2591,2331,1.3916254043579102,train
hls_california\HLS.S30.T10TEK.2021092T185921.v2.0_EVI_cropped.tif,2592,2332,1.171596646308899,train
hls_california\HLS.S30.T10TEK.2021092T185921.v2.0_EVI_cropped.tif,2593,2334,0.9703503251075745,train
hls_california\HLS.S30.T10TEK.2021092T185921.v2.0_EVI_cropped.tif,2594,2335,1.2284363508224487,train
hls_california\HLS.S30.T10TEK.2021092T185921.v2.0_EVI_cropped.tif,2595,2337,1.1160929203033447,train
hls_california\HLS.S30.T10TEK.2021092T185921.v2.0_EVI_cropped.tif,2598,2340,1.4534664154052734,train
hls_california\HLS.S30.T10TEK.2021092T185921.v2.0_EVI_cropped.tif,2599,2341,1.2719420194625854,train
hls_california\HLS.S30.T10TEK.2021092T185921.v2.0_EVI_cropped.tif,2600,2343,1.2719420194625854,train
hls_california\HLS.S30.T10TEK.2021092T185921.v2.0_EVI_cropped.tif,2601,2344,1.5007215738296509,train
hls_california\HLS.S30.T10TEK.2021092T185921.v2.0_EVI_cropped.tif,2602,2346,1.2719420194625854,train
hls_california\HLS.S30.T10TEK.2021092T185921.v2.0_EVI_cropped.tif,2603,2347,1.2719420194625854,train
hls_california\HLS.S30.T10TEK.2021092T185921.v2.0_EVI_cropped.tif,2604,2349,-9999.0,train
hls_california\HLS.S30.T10TEK.2021092T185921.v2.0_EVI_cropped.tif,2606,2350,1.3916254043579102,train
hls_california\HLS.S30.T10TEK.2021092T185921.v2.0_EVI_cropped.tif,2607,2352,1.2719420194625854,train
hls_california\HLS.S30.T10TEK.2021092T185921.v2.0_EVI_cropped.tif,2608,2353,1.2719420194625854,train
hls_california\HLS.S30.T10TEK.2021092T185921.v2.0_EVI_cropped.tif,2609,2355,1.5648930072784424,train
hls_california\HLS.S30.T10TEK.2021092T185921.v2.0_EVI_cropped.tif,2610,2356,1.3916254043579102,train
hls_california\HLS.S30.T10TEK.2021092T185921.v2.0_EVI_cropped.tif,2611,2358,1.331116795539856,train
hls_california\HLS.S30.T10TEK.2021092T185921.v2.0_EVI_cropped.tif,2613,2359,1.331116795539856,train
hls_california\HLS.S30.T10TEK.2021092T185921.v2.0_EVI_cropped.tif,2614,2361,1.2719420194625854,train
hls_california\HLS.S30.T10TEK.2021092T185921.v2.0_EVI_cropped.tif,2615,2362,2.858752727508545,train
hls_california\HLS.S30.T10TEK.2021092T185921.v2.0_EVI_cropped.tif,2616,2364,11.029232025146484,train
hls_california\HLS.S30.T10TEK.2021092T185921.v2.0_EVI_cropped.tif,2617,2365,1.2719420194625854,train
hls_california\HLS.S30.T10TEK.2021092T185921.v2.0_EVI_cropped.tif,2618,2367,1.2719420194625854,train
hls_california\HLS.S30.T10TEK.2021092T185921.v2.0_EVI_cropped.tif,2619,2369,37.12815475463867,train
hls_california\HLS.S30.T10TEK.2021092T185921.v2.0_EVI_cropped.tif,2621,2370,11.029232025146484,train
hls_california\HLS.S30.T10TEK.2021092T185921.v2.0_EVI_cropped.tif,2622,2372,1.2719420194625854,train
hls_california\HLS.S30.T10TEK.2021092T185921.v2.0_EVI_cropped.tif,2623,2373,1.697226881980896,train
hls_california\HLS.S30.T10TEK.2021092T185921.v2.0_EVI_cropped.tif,2624,2375,1.697226881980896,train
hls_california\HLS.S30.T10TEK.2021092T185921.v2.0_EVI_cropped.tif,2625,2376,2.1639935970306396,train
hls_california\HLS.S30.T10TEK.2021092T185921.v2.0_EVI_cropped.tif,2626,2378,2.6866989135742188,train
hls_california\HLS.S30.T10TEK.2021092T185921.v2.0_EVI_cropped.tif,2628,2379,1.2284363508224487,train
hls_california\HLS.S30.T10TEK.2021092T185921.v2.0_EVI_cropped.tif,2629,2381,1.171596646308899,train
hls_california\HLS.S30.T10TEK.2021092T185921.v2.0_EVI_cropped.tif,2630,2382,1.2719420194625854,train
hls_california\HLS.S30.T10TEK.2021092T185921.v2.0_EVI_cropped.tif,2631,2384,1.171596646308899,train
hls_california\HLS.S30.T10TEK.2021092T185921.v2.0_EVI_cropped.tif,2632,2385,2.6866989135742188,train
hls_california\HLS.S30.T10TEK.2021092T185921.v2.0_EVI_cropped.tif,2633,2387,41.511375427246094,train
hls_california\HLS.S30.T10TEK.2021092T185921.v2.0_EVI_cropped.tif,2634,2388,1.7482229471206665,train
hls_california\HLS.S30.T10TEK.2021092T185921.v2.0_EVI_cropped.tif,2636,2390,2.1639935970306396,train
hls_california\HLS.S30.T10TEK.2021092T185921.v2.0_EVI_cropped.tif,2637,2391,1.331116795539856,train
hls_california\HLS.S30.T10TEK.2021092T185921.v2.0_EVI_cropped.tif,2638,2393,8.368968963623047,train
hls_california\HLS.S30.T10TEK.2021092T185921.v2.0_EVI_cropped.tif,2639,2394,4.811521530151367,train
hls_california\HLS.S30.T10TEK.2021092T185921.v2.0_EVI_cropped.tif,2640,2396,3.265131950378418,train
hls_california\HLS.S30.T10TEK.2021092T185921.v2.0_EVI_cropped.tif,2641,2397,3.1039299964904785,train
hls_california\HLS.S30.T10TEK.2021092T185921.v2.0_EVI_cropped.tif,2643,2399,1.2284363508224487,train
hls_california\HLS.S30.T10TEK.2021092T185921.v2.0_EVI_cropped.tif,2644,2400,1.2719420194625854,train
hls_california\HLS.S30.T10TEK.2021092T185921.v2.0_EVI_cropped.tif,2645,2402,1.2719420194625854,train
hls_california\HLS.S30.T10TEK.2021092T185921.v2.0_EVI_cropped.tif,2646,2403,0.9703503251075745,train
hls_california\HLS.S30.T10TEK.2021092T185921.v2.0_EVI_cropped.tif,2647,2405,3.4542903900146484,train
hls_california\HLS.S30.T10TEK.2021092T185921.v2.0_EVI_cropped.tif,2648,2406,4.001528263092041,train
hls_california\HLS.S30.T10TEK.2021092T185921.v2.0_EVI_cropped.tif,2649,2408,57.44750213623047,train
hls_california\HLS.S30.T10TEK.2021092T185921.v2.0_EVI_cropped.tif,2651,2409,-9999.0,train
hls_california\HLS.S30.T10TEK.2021092T185921.v2.0_EVI_cropped.tif,2652,2411,-9999.0,train
hls_california\HLS.S30.T10TEK.2021092T185921.v2.0_EVI_cropped.tif,2653,2412,20.158594131469727,train
hls_california\HLS.S30.T10TEK.2021092T185921.v2.0_EVI_cropped.tif,2654,2414,2.299227714538574,train
hls_california\HLS.S30.T10TEK.2021092T185921.v2.0_EVI_cropped.tif,2655,2415,1.0221772193908691,train
hls_california\HLS.S30.T10TEK.2021092T185921.v2.0_EVI_cropped.tif,2656,2417,1.3916254043579102,train
hls_california\HLS.S30.T10TEK.2021092T185921.v2.0_EVI_cropped.tif,2658,2419,4.210343837738037,train
hls_california\HLS.S30.T10TEK.2021092T185921.v2.0_EVI_cropped.tif,2659,2420,1.0619252920150757,train
hls_california\HLS.S30.T10TEK.2021092T185921.v2.0_EVI_cropped.tif,2660,2422,1.1160929203033447,train
hls_california\HLS.S30.T10TEK.2021092T185921.v2.0_EVI_cropped.tif,2661,2423,0.9703503251075745,train
hls_california\HLS.S30.T10TEK.2021092T185921.v2.0_EVI_cropped.tif,2662,2425,1.6303950548171997,train
hls_california\HLS.S30.T10TEK.2021092T185921.v2.0_EVI_cropped.tif,2663,2426,1.171596646308899,train
hls_california\HLS.S30.T10TEK.2021092T185921.v2.0_EVI_cropped.tif,2664,2428,1.2719420194625854,train
hls_california\HLS.S30.T10TEK.2021092T185921.v2.0_EVI_cropped.tif,2666,2429,1.5648930072784424,train
hls_california\HLS.S30.T10TEK.2021092T185921.v2.0_EVI_cropped.tif,2667,2431,2.0885369777679443,train
hls_california\HLS.S30.T10TEK.2021092T185921.v2.0_EVI_cropped.tif,2668,2432,1.1160929203033447,train
hls_california\HLS.S30.T10TEK.2021092T185921.v2.0_EVI_cropped.tif,2669,2434,1.2284363508224487,train
hls_california\HLS.S30.T10TEK.2021092T185921.v2.0_EVI_cropped.tif,2670,2435,0.9703503251075745,train
hls_california\HLS.S30.T10TEK.2021092T185921.v2.0_EVI_cropped.tif,2671,2437,1.6303950548171997,train
hls_california\HLS.S30.T10TEK.2021092T185921.v2.0_EVI_cropped.tif,2673,2438,2.772066354751587,train
hls_california\HLS.S30.T10TEK.2021092T185921.v2.0_EVI_cropped.tif,2674,2440,7.5385355949401855,train
hls_california\HLS.S30.T10TEK.2021092T185921.v2.0_EVI_cropped.tif,2675,2441,151.85885620117188,train
hls_california\HLS.S30.T10TEK.2021092T185921.v2.0_EVI_cropped.tif,2676,2443,1.2284363508224487,train
hls_california\HLS.S30.T10TEK.2021092T185921.v2.0_EVI_cropped.tif,2677,2444,4.615955829620361,train
hls_california\HLS.S30.T10TEK.2021092T185921.v2.0_EVI_cropped.tif,2678,2446,4.7272186279296875,train
hls_california\HLS.S30.T10TEK.2021092T185921.v2.0_EVI_cropped.tif,2679,2447,140.98654174804688,train
hls_california\HLS.S30.T10TEK.2021092T185921.v2.0_EVI_cropped.tif,2681,2449,1.7482229471206665,train
hls_california\HLS.S30.T10TEK.2021092T185921.v2.0_EVI_cropped.tif,2682,2450,1.2719420194625854,train
hls_california\HLS.S30.T10TEK.2021092T185921.v2.0_EVI_cropped.tif,2683,2452,1.1160929203033447,train
hls_california\HLS.S30.T10TEK.2021092T185921.v2.0_EVI_cropped.tif,2684,2453,33.19553756713867,train
hls_california\HLS.S30.T10TEK.2021092T185921.v2.0_EVI_cropped.tif,2685,2455,1.2284363508224487,train
hls_california\HLS.S30.T10TEK.2021092T185921.v2.0_EVI_cropped.tif,2686,2456,2.772066354751587,train
hls_california\HLS.S30.T10TEK.2021092T185921.v2.0_EVI_cropped.tif,2688,2458,1.3916254043579102,train
hls_california\HLS.S30.T10TEK.2021092T185921.v2.0_EVI_cropped.tif,2689,2459,0.9703503251075745,train
hls_california\HLS.S30.T10TEK.2021092T185921.v2.0_EVI_cropped.tif,2690,2461,0.9703503251075745,train
hls_california\HLS.S30.T10TEK.2021092T185921.v2.0_EVI_cropped.tif,2691,2462,1.331116795539856,train
hls_california\HLS.S30.T10TEK.2021092T185921.v2.0_EVI_cropped.tif,2692,2464,1.2719420194625854,train
hls_california\HLS.S30.T10TEK.2021092T185921.v2.0_EVI_cropped.tif,2693,2465,14.29340648651123,train
hls_california\HLS.S30.T10TEK.2021092T185921.v2.0_EVI_cropped.tif,2694,2467,28.545352935791016,train
hls_california\HLS.S30.T10TEK.2021092T185921.v2.0_EVI_cropped.tif,2696,2468,16.422527313232422,train
hls_california\HLS.S30.T10TEK.2021092T185921.v2.0_EVI_cropped.tif,2697,2470,14.19296646118164,train
hls_california\HLS.S30.T10TEK.2021092T185921.v2.0_EVI_cropped.tif,2698,2472,15.068740844726562,train
hls_california\HLS.S30.T10TEK.2021092T185921.v2.0_EVI_cropped.tif,2699,2473,21.24336051940918,train
hls_california\HLS.S30.T10TEK.2021092T185921.v2.0_EVI_cropped.tif,2700,2475,19.56169891357422,train
hls_california\HLS.S30.T10TEK.2021092T185921.v2.0_EVI_cropped.tif,2701,2476,23.532567977905273,train
hls_california\HLS.S30.T10TEK.2021092T185921.v2.0_EVI_cropped.tif,2703,2478,27.767789840698242,train
hls_california\HLS.S30.T10TEK.2021092T185921.v2.0_EVI_cropped.tif,2704,2479,30.857444763183594,train
hls_california\HLS.S30.T10TEK.2021092T185921.v2.0_EVI_cropped.tif,2705,2481,29.611331939697266,train
hls_california\HLS.S30.T10TEK.2021092T185921.v2.0_EVI_cropped.tif,2706,2482,30.637191772460938,train
hls_california\HLS.S30.T10TEK.2021092T185921.v2.0_EVI_cropped.tif,2707,2484,24.33416175842285,train
hls_california\HLS.S30.T10TEK.2021092T185921.v2.0_EVI_cropped.tif,2708,2485,20.170331954956055,train
hls_california\HLS.S30.T10TEK.2021092T185921.v2.0_EVI_cropped.tif,2709,2487,23.040781021118164,train
hls_california\HLS.S30.T10TEK.2021092T185921.v2.0_EVI_cropped.tif,2711,2488,26.361860275268555,train
hls_california\HLS.S30.T10TEK.2021092T185921.v2.0_EVI_cropped.tif,2712,2490,7.0538763999938965,train
hls_california\HLS.S30.T10TEK.2021092T185921.v2.0_EVI_cropped.tif,2713,2491,4.397345066070557,train
hls_california\HLS.S30.T10TEK.2021092T185921.v2.0_EVI_cropped.tif,2714,2493,1.5007215738296509,train
hls_california\HLS.S30.T10TEK.2021092T185921.v2.0_EVI_cropped.tif,2715,2494,9.954383850097656,train
hls_california\HLS.S30.T10TEK.2021092T185921.v2.0_EVI_cropped.tif,2716,2496,9.67419719696045,train
hls_california\HLS.S30.T10TEK.2021092T185921.v2.0_EVI_cropped.tif,2718,2497,7.294233322143555,train
hls_california\HLS.S30.T10TEK.2021092T185921.v2.0_EVI_cropped.tif,2719,2499,108.7098617553711,train
hls_california\HLS.S30.T10TEK.2021092T185921.v2.0_EVI_cropped.tif,2720,2500,92.73953247070312,train
hls_california\HLS.S30.T10TEK.2021092T185921.v2.0_EVI_cropped.tif,2721,2502,127.88509368896484,train
hls_california\HLS.S30.T10TEK.2021092T185921.v2.0_EVI_cropped.tif,2722,2503,59.241939544677734,train
hls_california\HLS.S30.T10TEK.2021092T185921.v2.0_EVI_cropped.tif,2723,2505,136.74147033691406,train
hls_california\HLS.S30.T10TEK.2021092T185921.v2.0_EVI_cropped.tif,2724,2506,3.265131950378418,train
hls_california\HLS.S30.T10TEK.2021092T185921.v2.0_EVI_cropped.tif,2726,2508,2.299227714538574,train
hls_california\HLS.S30.T10TEK.2021092T185921.v2.0_EVI_cropped.tif,2727,2509,1.4534664154052734,train
hls_california\HLS.S30.T10TEK.2021092T185921.v2.0_EVI_cropped.tif,2728,2511,1.5648930072784424,train
hls_california\HLS.S30.T10TEK.2021092T185921.v2.0_EVI_cropped.tif,2729,2512,1.4534664154052734,train
hls_california\HLS.S30.T10TEK.2021092T185921.v2.0_EVI_cropped.tif,2730,2514,14.528246879577637,train
hls_california\HLS.S30.T10TEK.2021092T185921.v2.0_EVI_cropped.tif,2731,2515,-9999.0,train
hls_california\HLS.S30.T10TEK.2021092T185921.v2.0_EVI_cropped.tif,2733,2517,14.578969955444336,train
hls_california\HLS.S30.T10TEK.2021092T185921.v2.0_EVI_cropped.tif,2734,2518,1.171596646308899,train
hls_california\HLS.S30.T10TEK.2021092T185921.v2.0_EVI_cropped.tif,2735,2520,1.1160929203033447,train
hls_california\HLS.S30.T10TEK.2021092T185921.v2.0_EVI_cropped.tif,2736,2521,1.4534664154052734,train
hls_california\HLS.S30.T10TEK.2021092T185921.v2.0_EVI_cropped.tif,2737,2523,20.55806541442871,train
hls_california\HLS.S30.T10TEK.2021092T185921.v2.0_EVI_cropped.tif,2738,2525,9.515846252441406,train
hls_california\HLS.S30.T10TEK.2021092T185921.v2.0_EVI_cropped.tif,2740,2526,1.4534664154052734,train
hls_california\HLS.S30.T10TEK.2021092T185921.v2.0_EVI_cropped.tif,2741,2528,5.244015216827393,train
hls_california\HLS.S30.T10TEK.2021092T185921.v2.0_EVI_cropped.tif,2742,2529,1.9596763849258423,train
hls_california\HLS.S30.T10TEK.2021092T185921.v2.0_EVI_cropped.tif,2743,2531,1.171596646308899,train
hls_california\HLS.S30.T10TEK.2021092T185921.v2.0_EVI_cropped.tif,2744,2532,1.331116795539856,train
hls_california\HLS.S30.T10TEK.2021092T185921.v2.0_EVI_cropped.tif,2745,2534,1.2284363508224487,train
hls_california\HLS.S30.T10TEK.2021092T185921.v2.0_EVI_cropped.tif,2746,2535,-9999.0,train
hls_california\HLS.S30.T10TEK.2021092T185921.v2.0_EVI_cropped.tif,2748,2537,1.171596646308899,train
hls_california\HLS.S30.T10TEK.2021092T185921.v2.0_EVI_cropped.tif,2749,2538,1.331116795539856,train
hls_california\HLS.S30.T10TEK.2021092T185921.v2.0_EVI_cropped.tif,2750,2540,1.171596646308899,train
hls_california\HLS.S30.T10TEK.2021092T185921.v2.0_EVI_cropped.tif,2751,2541,1.2719420194625854,train
hls_california\HLS.S30.T10TEK.2021092T185921.v2.0_EVI_cropped.tif,2752,2543,12.336128234863281,train
hls_california\HLS.S30.T10TEK.2021092T185921.v2.0_EVI_cropped.tif,2753,2544,14.62362003326416,train
hls_california\HLS.S30.T10TEK.2021092T185921.v2.0_EVI_cropped.tif,2755,2546,2.0885369777679443,train
hls_california\HLS.S30.T10TEK.2021092T185921.v2.0_EVI_cropped.tif,2756,2547,-9999.0,train
hls_california\HLS.S30.T10TEK.2021092T185921.v2.0_EVI_cropped.tif,2757,2549,11.370762825012207,train
hls_california\HLS.S30.T10TEK.2021092T185921.v2.0_EVI_cropped.tif,2758,2550,13.016279220581055,train
hls_california\HLS.S30.T10TEK.2021092T185921.v2.0_EVI_cropped.tif,2759,2552,15.015026092529297,train
hls_california\HLS.S30.T10TEK.2021092T185921.v2.0_EVI_cropped.tif,2760,2553,11.029232025146484,train
hls_california\HLS.S30.T10TEK.2021092T185921.v2.0_EVI_cropped.tif,2761,2555,1.171596646308899,train
hls_california\HLS.S30.T10TEK.2021092T185921.v2.0_EVI_cropped.tif,2763,2556,10.567928314208984,train
hls_california\HLS.S30.T10TEK.2021092T185921.v2.0_EVI_cropped.tif,2764,2558,2.240774393081665,train
hls_california\HLS.S30.T10TEK.2021092T185921.v2.0_EVI_cropped.tif,2765,2559,3.1039299964904785,train
hls_california\HLS.S30.T10TEK.2021092T185921.v2.0_EVI_cropped.tif,2766,2561,9.67419719696045,train
hls_california\HLS.S30.T10TEK.2021092T185921.v2.0_EVI_cropped.tif,2767,2562,20.19853401184082,train
hls_california\HLS.S30.T10TEK.2021092T185921.v2.0_EVI_cropped.tif,2768,2564,14.758990287780762,train
hls_california\HLS.S30.T10TEK.2021092T185921.v2.0_EVI_cropped.tif,2770,2565,14.381548881530762,train
hls_california\HLS.S30.T10TEK.2021092T185921.v2.0_EVI_cropped.tif,2771,2567,14.389166831970215,train
hls_california\HLS.S30.T10TEK.2021092T185921.v2.0_EVI_cropped.tif,2772,2568,14.74622631072998,train
hls_california\HLS.S30.T10TEK.2021092T185921.v2.0_EVI_cropped.tif,2773,2570,-9999.0,train
hls_california\HLS.S30.T10TEK.2021092T185921.v2.0_EVI_cropped.tif,2774,2571,16.583772659301758,train
hls_california\HLS.S30.T10TEK.2021092T185921.v2.0_EVI_cropped.tif,2775,2573,14.760315895080566,train
hls_california\HLS.S30.T10TEK.2021092T185921.v2.0_EVI_cropped.tif,2776,2575,23.843095779418945,train
hls_california\HLS.S30.T10TEK.2021092T185921.v2.0_EVI_cropped.tif,2778,2576,25.894641876220703,train
hls_california\HLS.S30.T10TEK.2021092T185921.v2.0_EVI_cropped.tif,2779,2578,25.794567108154297,train
hls_california\HLS.S30.T10TEK.2021092T185921.v2.0_EVI_cropped.tif,2780,2579,15.956550598144531,train
hls_california\HLS.S30.T10TEK.2021092T185921.v2.0_EVI_cropped.tif,2781,2581,-9999.0,train
hls_california\HLS.S30.T10TEK.2021092T185921.v2.0_EVI_cropped.tif,2782,2582,26.908252716064453,train
hls_california\HLS.S30.T10TEK.2021092T185921.v2.0_EVI_cropped.tif,2783,2584,15.892827987670898,train
hls_california\HLS.S30.T10TEK.2021092T185921.v2.0_EVI_cropped.tif,2785,2585,15.695310592651367,train
hls_california\HLS.S30.T10TEK.2021092T185921.v2.0_EVI_cropped.tif,2786,2587,15.848307609558105,train
hls_california\HLS.S30.T10TEK.2021092T185921.v2.0_EVI_cropped.tif,2787,2588,15.590415000915527,train
hls_california\HLS.S30.T10TEK.2021092T185921.v2.0_EVI_cropped.tif,2788,2590,22.731342315673828,train
hls_california\HLS.S30.T10TEK.2021092T185921.v2.0_EVI_cropped.tif,2789,2591,44.43634796142578,train
hls_california\HLS.S30.T10TEK.2021092T185921.v2.0_EVI_cropped.tif,2790,2593,39.81559371948242,train
hls_california\HLS.S30.T10TEK.2021092T185921.v2.0_EVI_cropped.tif,2791,2594,14.989570617675781,train
hls_california\HLS.S30.T10TEK.2021092T185921.v2.0_EVI_cropped.tif,2793,2596,32.45148849487305,train
hls_california\HLS.S30.T10TEK.2021092T185921.v2.0_EVI_cropped.tif,2794,2597,16.897342681884766,train
hls_california\HLS.S30.T10TEK.2021092T185921.v2.0_EVI_cropped.tif,2795,2599,29.629453659057617,train
hls_california\HLS.S30.T10TEK.2021092T185921.v2.0_EVI_cropped.tif,2796,2600,14.80819034576416,train
hls_california\HLS.S30.T10TEK.2021092T185921.v2.0_EVI_cropped.tif,2797,2602,14.482577323913574,train
hls_california\HLS.S30.T10TEK.2021092T185921.v2.0_EVI_cropped.tif,2798,2603,14.989570617675781,train
hls_california\HLS.S30.T10TEK.2021092T185921.v2.0_EVI_cropped.tif,2800,2605,15.44668960571289,train
hls_california\HLS.S30.T10TEK.2021092T185921.v2.0_EVI_cropped.tif,2801,2606,14.667922019958496,train
hls_california\HLS.S30.T10TEK.2021092T185921.v2.0_EVI_cropped.tif,2802,2608,70.76014709472656,train
hls_california\HLS.S30.T10TEK.2021092T185921.v2.0_EVI_cropped.tif,2803,2609,7.156403541564941,train
hls_california\HLS.S30.T10TEK.2021092T185921.v2.0_EVI_cropped.tif,2804,2611,14.797309875488281,train
hls_california\HLS.S30.T10TEK.2021092T185921.v2.0_EVI_cropped.tif,2805,2612,14.528246879577637,train
hls_california\HLS.S30.T10TEK.2021092T185921.v2.0_EVI_cropped.tif,2807,2614,15.068740844726562,train
hls_california\HLS.S30.T10TEK.2021092T185921.v2.0_EVI_cropped.tif,2808,2615,14.606152534484863,train
hls_california\HLS.S30.T10TEK.2021092T185921.v2.0_EVI_cropped.tif,2809,2617,51.82089614868164,train
hls_california\HLS.S30.T10TEK.2021092T185921.v2.0_EVI_cropped.tif,2810,2618,28.526466369628906,train
hls_california\HLS.S30.T10TEK.2021092T185921.v2.0_EVI_cropped.tif,2811,2620,244.36158752441406,train
hls_california\HLS.S30.T10TEK.2021092T185921.v2.0_EVI_cropped.tif,2812,2621,28.03141212463379,train
hls_california\HLS.S30.T10TEK.2021092T185921.v2.0_EVI_cropped.tif,2813,2623,61.90073776245117,train
hls_california\HLS.S30.T10TEK.2021092T185921.v2.0_EVI_cropped.tif,2815,2624,-9999.0,train
hls_california\HLS.S30.T10TEK.2021092T185921.v2.0_EVI_cropped.tif,2816,2626,101.62332153320312,train
hls_california\HLS.S30.T10TEK.2021092T185921.v2.0_EVI_cropped.tif,2817,2628,154.99981689453125,train
hls_california\HLS.S30.T10TEK.2021092T185921.v2.0_EVI_cropped.tif,2818,2629,21.846845626831055,train
hls_california\HLS.S30.T10TEK.2021092T185921.v2.0_EVI_cropped.tif,2819,2631,14.116164207458496,train
hls_california\HLS.S30.T10TEK.2021092T185921.v2.0_EVI_cropped.tif,2820,2632,14.19296646118164,train
hls_california\HLS.S30.T10TEK.2021092T185921.v2.0_EVI_cropped.tif,2822,2634,14.657018661499023,train
hls_california\HLS.S30.T10TEK.2021092T185921.v2.0_EVI_cropped.tif,2823,2635,14.657018661499023,train
hls_california\HLS.S30.T10TEK.2021092T185921.v2.0_EVI_cropped.tif,2824,2637,13.842384338378906,train
hls_california\HLS.S30.T10TEK.2021092T185921.v2.0_EVI_cropped.tif,2825,2638,10.715088844299316,train
hls_california\HLS.S30.T10TEK.2021092T185921.v2.0_EVI_cropped.tif,2826,2640,10.78293228149414,train
hls_california\HLS.S30.T10TEK.2021092T185921.v2.0_EVI_cropped.tif,2827,2641,10.873706817626953,train
hls_california\HLS.S30.T10TEK.2021092T185921.v2.0_EVI_cropped.tif,2828,2643,16.174068450927734,train
hls_california\HLS.S30.T10TEK.2021092T185921.v2.0_EVI_cropped.tif,2830,2644,-9999.0,train
hls_california\HLS.S30.T10TEK.2021092T185921.v2.0_EVI_cropped.tif,2831,2646,108.62356567382812,train
hls_california\HLS.S30.T10TEK.2021092T185921.v2.0_EVI_cropped.tif,2832,2647,68.8640365600586,train
hls_california\HLS.S30.T10TEK.2021092T185921.v2.0_EVI_cropped.tif,2833,2649,18.032548904418945,train
hls_california\HLS.S30.T10TEK.2021092T185921.v2.0_EVI_cropped.tif,2834,2650,282.0931091308594,train
hls_california\HLS.S30.T10TEK.2021092T185921.v2.0_EVI_cropped.tif,2835,2652,17.529701232910156,train
hls_california\HLS.S30.T10TEK.2021092T185921.v2.0_EVI_cropped.tif,2837,2653,10.500650405883789,train
hls_california\HLS.S30.T10TEK.2021092T185921.v2.0_EVI_cropped.tif,2838,2655,13.476797103881836,train
hls_california\HLS.S30.T10TEK.2021092T185921.v2.0_EVI_cropped.tif,2839,2656,16.716272354125977,train
hls_california\HLS.S30.T10TEK.2021092T185921.v2.0_EVI_cropped.tif,2840,2658,11.125207901000977,train
hls_california\HLS.S30.T10TEK.2021092T185921.v2.0_EVI_cropped.tif,2841,2659,-9999.0,train
hls_california\HLS.S30.T10TEK.2021092T185921.v2.0_EVI_cropped.tif,2842,2661,1.3916254043579102,train
hls_california\HLS.S30.T10TEK.2021092T185921.v2.0_EVI_cropped.tif,2844,2662,1.2284363508224487,train
hls_california\HLS.S30.T10TEK.2021092T185921.v2.0_EVI_cropped.tif,2845,2664,2.0885369777679443,train
hls_california\HLS.S30.T10TEK.2021092T185921.v2.0_EVI_cropped.tif,2846,2665,-9999.0,train
hls_california\HLS.S30.T10TEK.2021092T185921.v2.0_EVI_cropped.tif,2847,2667,0.9703503251075745,train
hls_california\HLS.S30.T10TEK.2021092T185921.v2.0_EVI_cropped.tif,2848,2668,14.528246879577637,train
hls_california\HLS.S30.T10TEK.2021092T185921.v2.0_EVI_cropped.tif,2849,2670,14.28839111328125,train
hls_california\HLS.S30.T10TEK.2021092T185921.v2.0_EVI_cropped.tif,2850,2671,16.806598663330078,train
hls_california\HLS.S30.T10TEK.2021092T185921.v2.0_EVI_cropped.tif,2852,2673,15.109323501586914,train
hls_california\HLS.S30.T10TEK.2021092T185921.v2.0_EVI_cropped.tif,2853,2674,15.182929992675781,train
hls_california\HLS.S30.T10TEK.2021092T185921.v2.0_EVI_cropped.tif,2854,2676,15.824055671691895,train
hls_california\HLS.S30.T10TEK.2021092T185921.v2.0_EVI_cropped.tif,2855,2677,20.658653259277344,train
hls_california\HLS.S30.T10TEK.2021092T185921.v2.0_EVI_cropped.tif,2856,2679,14.578969955444336,train
hls_california\HLS.S30.T10TEK.2021092T185921.v2.0_EVI_cropped.tif,2857,2681,14.578969955444336,train
hls_california\HLS.S30.T10TEK.2021092T185921.v2.0_EVI_cropped.tif,2859,2682,14.667922019958496,train
hls_california\HLS.S30.T10TEK.2021092T185921.v2.0_EVI_cropped.tif,2860,2684,14.482577323913574,train
hls_california\HLS.S30.T10TEK.2021092T185921.v2.0_EVI_cropped.tif,2861,2685,14.482577323913574,train
hls_california\HLS.S30.T10TEK.2021092T185921.v2.0_EVI_cropped.tif,2918,2759,1.331116795539856,train
hls_california\HLS.S30.T10TEK.2021092T185921.v2.0_EVI_cropped.tif,2919,2761,1.3916254043579102,train
hls_california\HLS.S30.T10TEK.2021092T185921.v2.0_EVI_cropped.tif,2920,2762,1.331116795539856,train
hls_california\HLS.S30.T10TEK.2021092T185921.v2.0_EVI_cropped.tif,2921,2764,1.2284363508224487,train
hls_california\HLS.S30.T10TEK.2021092T185921.v2.0_EVI_cropped.tif,2922,2765,1.5648930072784424,train
hls_california\HLS.S30.T10TEK.2021092T185921.v2.0_EVI_cropped.tif,2923,2767,1.3916254043579102,train
hls_california\HLS.S30.T10TEK.2021092T185921.v2.0_EVI_cropped.tif,2924,2768,1.4534664154052734,train
hls_california\HLS.S30.T10TEK.2021092T185921.v2.0_EVI_cropped.tif,2926,2770,1.7482229471206665,train
hls_california\HLS.S30.T10TEK.2021092T185921.v2.0_EVI_cropped.tif,2927,2771,1.6303950548171997,train
hls_california\HLS.S30.T10TEK.2021092T185921.v2.0_EVI_cropped.tif,2928,2773,1.2284363508224487,train
hls_california\HLS.S30.T10TEK.2021092T185921.v2.0_EVI_cropped.tif,2929,2774,1.2284363508224487,train
hls_california\HLS.S30.T10TEK.2021092T185921.v2.0_EVI_cropped.tif,2930,2776,15.76243782043457,train
hls_california\HLS.S30.T10TEK.2021092T185921.v2.0_EVI_cropped.tif,2931,2777,-9999.0,train
hls_california\HLS.S30.T10TEK.2021092T185921.v2.0_EVI_cropped.tif,2933,2779,12.515764236450195,train
hls_california\HLS.S30.T10TEK.2021092T185921.v2.0_EVI_cropped.tif,2934,2780,12.336128234863281,train
hls_california\HLS.S30.T10TEK.2021092T185921.v2.0_EVI_cropped.tif,2935,2782,14.285264015197754,train
hls_california\HLS.S30.T10TEK.2021092T185921.v2.0_EVI_cropped.tif,2936,2783,16.682573318481445,train
hls_california\HLS.S30.T10TEK.2021092T185921.v2.0_EVI_cropped.tif,2937,2785,15.914032936096191,train
hls_california\HLS.S30.T10TEK.2021092T185921.v2.0_EVI_cropped.tif,2938,2786,9.954383850097656,train
hls_california\HLS.S30.T10TEK.2021092T185921.v2.0_EVI_cropped.tif,2939,2788,15.76243782043457,train
hls_california\HLS.S30.T10TEK.2021092T185921.v2.0_EVI_cropped.tif,2941,2789,2.240774393081665,train
hls_california\HLS.S30.T10TEK.2021092T185921.v2.0_EVI_cropped.tif,2942,2791,-9999.0,train
hls_california\HLS.S30.T10TEK.2021092T185921.v2.0_EVI_cropped.tif,2943,2793,2.5404794216156006,train
hls_california\HLS.S30.T10TEK.2021092T185921.v2.0_EVI_cropped.tif,2944,2794,2.0144054889678955,train
hls_california\HLS.S30.T10TEK.2021092T185921.v2.0_EVI_cropped.tif,2945,2796,15.56140422821045,train
hls_california\HLS.S30.T10TEK.2021092T185921.v2.0_EVI_cropped.tif,2946,2797,35.99378967285156,train
hls_california\HLS.S30.T10TEK.2021092T185921.v2.0_EVI_cropped.tif,2948,2799,15.76243782043457,train
hls_california\HLS.S30.T10TEK.2021092T185921.v2.0_EVI_cropped.tif,2949,2800,1.4534664154052734,train
hls_california\HLS.S30.T10TEK.2021092T185921.v2.0_EVI_cropped.tif,2950,2802,1.2284363508224487,train
hls_california\HLS.S30.T10TEK.2021092T185921.v2.0_EVI_cropped.tif,2951,2803,1.331116795539856,train
hls_california\HLS.S30.T10TEK.2021092T185921.v2.0_EVI_cropped.tif,2952,2805,2.4587409496307373,train
hls_california\HLS.S30.T10TEK.2021092T185921.v2.0_EVI_cropped.tif,2953,2806,2.9246318340301514,train
hls_california\HLS.S30.T10TEK.2021092T185921.v2.0_EVI_cropped.tif,2955,2808,4.7272186279296875,train
hls_california\HLS.S30.T10TEK.2021092T185921.v2.0_EVI_cropped.tif,2970,2827,13.016279220581055,train
hls_california\HLS.S30.T10TEK.2021092T185921.v2.0_EVI_cropped.tif,2971,2829,9.358772277832031,train
hls_california\HLS.S30.T10TEK.2021092T185921.v2.0_EVI_cropped.tif,2972,2830,10.279376983642578,train
hls_california\HLS.S30.T10TEK.2021092T185921.v2.0_EVI_cropped.tif,2973,2832,9.515846252441406,train
hls_california\HLS.S30.T10TEK.2021092T185921.v2.0_EVI_cropped.tif,2974,2833,7.433351993560791,train
hls_california\HLS.S30.T10TEK.2021092T185921.v2.0_EVI_cropped.tif,2975,2835,5.694790363311768,train
hls_california\HLS.S30.T10TEK.2021092T185921.v2.0_EVI_cropped.tif,2977,2836,14.285264015197754,train
hls_california\HLS.S30.T10TEK.2021092T185921.v2.0_EVI_cropped.tif,2978,2838,16.890485763549805,train
hls_california\HLS.S30.T10TEK.2021092T185921.v2.0_EVI_cropped.tif,2979,2839,16.321733474731445,train
hls_california\HLS.S30.T10TEK.2021092T185921.v2.0_EVI_cropped.tif,2980,2841,17.310054779052734,train
hls_california\HLS.S30.T10TEK.2021092T185921.v2.0_EVI_cropped.tif,2981,2842,15.361623764038086,train
hls_california\HLS.S30.T10TEK.2021092T185921.v2.0_EVI_cropped.tif,2982,2844,1.3916254043579102,train
hls_california\HLS.S30.T10TEK.2021092T185921.v2.0_EVI_cropped.tif,2983,2846,3.924572229385376,train
hls_california\HLS.S30.T10TEK.2021092T185921.v2.0_EVI_cropped.tif,2985,2847,4.105282306671143,train
hls_california\HLS.S30.T10TEK.2021092T185921.v2.0_EVI_cropped.tif,2986,2849,3.823108196258545,train
hls_california\HLS.S30.T10TEK.2021092T185921.v2.0_EVI_cropped.tif,2987,2850,3.924572229385376,train
hls_california\HLS.S30.T10TEK.2021092T185921.v2.0_EVI_cropped.tif,2988,2852,3.4542903900146484,train
hls_california\HLS.S30.T10TEK.2021092T185921.v2.0_EVI_cropped.tif,2989,2853,11.673766136169434,train
hls_california\HLS.S30.T10TEK.2021092T185921.v2.0_EVI_cropped.tif,2990,2855,11.199362754821777,train
hls_california\HLS.S30.T10TEK.2021092T185921.v2.0_EVI_cropped.tif,2992,2856,-9999.0,train
hls_california\HLS.S30.T10TEK.2021092T185921.v2.0_EVI_cropped.tif,2993,2858,10.279376983642578,train
hls_california\HLS.S30.T10TEK.2021092T185921.v2.0_EVI_cropped.tif,2994,2859,-9999.0,train
hls_california\HLS.S30.T10TEK.2021092T185921.v2.0_EVI_cropped.tif,2995,2861,9.086966514587402,train
hls_california\HLS.S30.T10TEK.2021092T185921.v2.0_EVI_cropped.tif,2996,2862,-9999.0,train
hls_california\HLS.S30.T10TEK.2021092T185921.v2.0_EVI_cropped.tif,2997,2864,10.279376983642578,train
hls_california\HLS.S30.T10TEK.2021092T185921.v2.0_EVI_cropped.tif,2999,2865,9.086966514587402,train
hls_california\HLS.S30.T10TEK.2021092T185921.v2.0_EVI_cropped.tif,3000,2867,10.279376983642578,train
hls_california\HLS.S30.T10TEK.2021092T185921.v2.0_EVI_cropped.tif,3001,2868,1.5648930072784424,train
hls_california\HLS.S30.T10TEK.2021092T185921.v2.0_EVI_cropped.tif,3002,2870,13.3862886428833,train
hls_california\HLS.S30.T10TEK.2021092T185921.v2.0_EVI_cropped.tif,3003,2871,27.264793395996094,train
hls_california\HLS.S30.T10TEK.2021092T185921.v2.0_EVI_cropped.tif,3004,2873,29.816301345825195,train
hls_california\HLS.S30.T10TEK.2021092T185921.v2.0_EVI_cropped.tif,3005,2874,25.83782958984375,train
hls_california\HLS.S30.T10TEK.2021092T185921.v2.0_EVI_cropped.tif,3007,2876,-9999.0,train
hls_california\HLS.S30.T10TEK.2021092T185921.v2.0_EVI_cropped.tif,3008,2877,11.199362754821777,train
hls_california\HLS.S30.T10TEK.2021092T185921.v2.0_EVI_cropped.tif,3009,2879,35.69413375854492,train
hls_california\HLS.S30.T10TEK.2021092T185921.v2.0_EVI_cropped.tif,3010,2880,2.299227714538574,train
hls_california\HLS.S30.T10TEK.2021092T185921.v2.0_EVI_cropped.tif,3011,2882,3.013622760772705,train
hls_california\HLS.S30.T10TEK.2021092T185921.v2.0_EVI_cropped.tif,3012,2883,-9999.0,train
hls_california\HLS.S30.T10TEK.2021092T185921.v2.0_EVI_cropped.tif,3014,2885,1.5648930072784424,train
hls_california\HLS.S30.T10TEK.2021092T185921.v2.0_EVI_cropped.tif,3015,2886,1.171596646308899,train
hls_california\HLS.S30.T10TEK.2021092T185921.v2.0_EVI_cropped.tif,3016,2888,1.3916254043579102,train
hls_california\HLS.S30.T10TEK.2021092T185921.v2.0_EVI_cropped.tif,3017,2889,1.1160929203033447,train
hls_california\HLS.S30.T10TEK.2021092T185921.v2.0_EVI_cropped.tif,3018,2891,1.2866106033325195,train
hls_california\HLS.S30.T10TEK.2021092T185921.v2.0_EVI_cropped.tif,3019,2892,1.2866106033325195,train
hls_california\HLS.S30.T10TEK.2021092T185921.v2.0_EVI_cropped.tif,3021,2894,16.321733474731445,train
hls_california\HLS.S30.T10TEK.2021092T185921.v2.0_EVI_cropped.tif,3022,2895,11.848655700683594,train
hls_california\HLS.S30.T10TEK.2021092T185921.v2.0_EVI_cropped.tif,3023,2897,13.71418285369873,train
hls_california\HLS.S30.T10TEK.2021092T185921.v2.0_EVI_cropped.tif,3024,2898,5.362436294555664,train
hls_california\HLS.S30.T10TEK.2021092T185921.v2.0_EVI_cropped.tif,3025,2900,10.734561920166016,train
hls_california\HLS.S30.T10TEK.2021092T185921.v2.0_EVI_cropped.tif,3026,2902,13.016279220581055,train
hls_california\HLS.S30.T10TEK.2021092T185921.v2.0_EVI_cropped.tif,3027,2903,7.0538763999938965,train
hls_california\HLS.S30.T10TEK.2021092T185921.v2.0_EVI_cropped.tif,3029,2905,12.696662902832031,train
hls_california\HLS.S30.T10TEK.2021092T185921.v2.0_EVI_cropped.tif,3030,2906,-9999.0,train
hls_california\HLS.S30.T10TEK.2021092T185921.v2.0_EVI_cropped.tif,3031,2908,3.3590548038482666,train
hls_california\HLS.S30.T10TEK.2021092T185921.v2.0_EVI_cropped.tif,3032,2909,1.9596763849258423,train
hls_california\HLS.S30.T10TEK.2021092T185921.v2.0_EVI_cropped.tif,3033,2911,12.336128234863281,train
hls_california\HLS.S30.T10TEK.2021092T185921.v2.0_EVI_cropped.tif,3034,2912,10.902469635009766,train
hls_california\HLS.S30.T10TEK.2021092T185921.v2.0_EVI_cropped.tif,3036,2914,10.402565002441406,train
hls_california\HLS.S30.T10TEK.2021092T185921.v2.0_EVI_cropped.tif,3037,2915,9.515846252441406,train
hls_california\HLS.S30.T10TEK.2021092T185921.v2.0_EVI_cropped.tif,3038,2917,9.202975273132324,train
hls_california\HLS.S30.T10TEK.2021092T185921.v2.0_EVI_cropped.tif,3039,2918,7.966506481170654,train
hls_california\HLS.S30.T10TEK.2021092T185921.v2.0_EVI_cropped.tif,3040,2920,7.156403541564941,train
hls_california\HLS.S30.T10TEK.2021092T185921.v2.0_EVI_cropped.tif,3041,2921,8.51772403717041,train
hls_california\HLS.S30.T10TEK.2021092T185921.v2.0_EVI_cropped.tif,3043,2923,15.015026092529297,train
hls_california\HLS.S30.T10TEK.2021092T185921.v2.0_EVI_cropped.tif,3044,2924,11.848655700683594,train
hls_california\HLS.S30.T10TEK.2021092T185921.v2.0_EVI_cropped.tif,3045,2926,13.016279220581055,train
hls_california\HLS.S30.T10TEK.2021092T185921.v2.0_EVI_cropped.tif,3046,2927,12.202231407165527,train
hls_california\HLS.S30.T10TEK.2021092T185921.v2.0_EVI_cropped.tif,3047,2929,11.848655700683594,train
hls_california\HLS.S30.T10TEK.2021092T185921.v2.0_EVI_cropped.tif,3048,2930,9.79379940032959,train
hls_california\HLS.S30.T10TEK.2021092T185921.v2.0_EVI_cropped.tif,3049,2932,14.818696022033691,train
hls_california\HLS.S30.T10TEK.2021092T185921.v2.0_EVI_cropped.tif,3051,2933,12.336128234863281,train
hls_california\HLS.S30.T10TEK.2021092T185921.v2.0_EVI_cropped.tif,3052,2935,9.954383850097656,train
hls_california\HLS.S30.T10TEK.2021092T185921.v2.0_EVI_cropped.tif,3053,2936,-9999.0,train
hls_california\HLS.S30.T10TEK.2021092T185921.v2.0_EVI_cropped.tif,3054,2938,73.8952407836914,train
hls_california\HLS.S30.T10TEK.2021092T185921.v2.0_EVI_cropped.tif,3055,2939,1.1160929203033447,train
hls_california\HLS.S30.T10TEK.2021092T185921.v2.0_EVI_cropped.tif,3056,2941,1.2866106033325195,train
hls_california\HLS.S30.T10TEK.2021092T185921.v2.0_EVI_cropped.tif,3058,2942,1.331116795539856,train
hls_california\HLS.S30.T10TEK.2021092T185921.v2.0_EVI_cropped.tif,3059,2944,1.5007215738296509,train
hls_california\HLS.S30.T10TEK.2021092T185921.v2.0_EVI_cropped.tif,3060,2945,122.8897476196289,train
hls_california\HLS.S30.T10TEK.2021092T185921.v2.0_EVI_cropped.tif,3061,2947,21.426816940307617,train
hls_california\HLS.S30.T10TEK.2021092T185921.v2.0_EVI_cropped.tif,3062,2948,38.27933120727539,train
hls_california\HLS.S30.T10TEK.2021092T185921.v2.0_EVI_cropped.tif,3063,2950,1.171596646308899,train
hls_california\HLS.S30.T10TEK.2021092T185921.v2.0_EVI_cropped.tif,3065,2951,-9999.0,train
hls_california\HLS.S30.T10TEK.2021092T185921.v2.0_EVI_cropped.tif,3066,2953,1.4534664154052734,train
hls_california\HLS.S30.T10TEK.2021092T185921.v2.0_EVI_cropped.tif,3067,2954,1.075341820716858,train
hls_california\HLS.S30.T10TEK.2021092T185921.v2.0_EVI_cropped.tif,3068,2956,1.331116795539856,train
hls_california\HLS.S30.T10TEK.2021092T185921.v2.0_EVI_cropped.tif,3069,2958,1.1160929203033447,train
hls_california\HLS.S30.T10TEK.2021092T185921.v2.0_EVI_cropped.tif,3070,2959,1.0221772193908691,train
hls_california\HLS.S30.T10TEK.2021092T185921.v2.0_EVI_cropped.tif,3072,2961,1.075341820716858,train
hls_california\HLS.S30.T10TEK.2021092T185921.v2.0_EVI_cropped.tif,3087,2980,2.0885369777679443,train
hls_california\HLS.S30.T10TEK.2021092T185921.v2.0_EVI_cropped.tif,3088,2982,47.06097412109375,train
hls_california\HLS.S30.T10TEK.2021092T185921.v2.0_EVI_cropped.tif,3089,2983,1.171596646308899,train
hls_california\HLS.S30.T10TEK.2021092T185921.v2.0_EVI_cropped.tif,3090,2985,1.331116795539856,train
hls_california\HLS.S30.T10TEK.2021092T185921.v2.0_EVI_cropped.tif,3091,2986,1.0221772193908691,train
hls_california\HLS.S30.T10TEK.2021092T185921.v2.0_EVI_cropped.tif,3092,2988,1.171596646308899,train
hls_california\HLS.S30.T10TEK.2021092T185921.v2.0_EVI_cropped.tif,3094,2989,1.4534664154052734,train
hls_california\HLS.S30.T10TEK.2021092T185921.v2.0_EVI_cropped.tif,3095,2991,3.4542903900146484,train
hls_california\HLS.S30.T10TEK.2021092T185921.v2.0_EVI_cropped.tif,3096,2992,7.0538763999938965,train
hls_california\HLS.S30.T10TEK.2021092T185921.v2.0_EVI_cropped.tif,3097,2994,6.6510233879089355,train
hls_california\HLS.S30.T10TEK.2021092T185921.v2.0_EVI_cropped.tif,3098,2995,4.505998134613037,train
hls_california\HLS.S30.T10TEK.2021092T185921.v2.0_EVI_cropped.tif,3099,2997,4.316711902618408,train
hls_california\HLS.S30.T10TEK.2021092T185921.v2.0_EVI_cropped.tif,3101,2998,3.265131950378418,train
hls_california\HLS.S30.T10TEK.2021092T185921.v2.0_EVI_cropped.tif,3102,3000,7.966506481170654,train
hls_california\HLS.S30.T10TEK.2021092T185921.v2.0_EVI_cropped.tif,3103,3001,1.9596763849258423,train
hls_california\HLS.S30.T10TEK.2021092T185921.v2.0_EVI_cropped.tif,3104,3003,-9999.0,train
hls_california\HLS.S30.T10TEK.2021092T185921.v2.0_EVI_cropped.tif,3105,3004,19.762916564941406,train
hls_california\HLS.S30.T10TEK.2021092T185921.v2.0_EVI_cropped.tif,3106,3006,3.3590548038482666,train
hls_california\HLS.S30.T10TEK.2021092T185921.v2.0_EVI_cropped.tif,3107,3007,19.762916564941406,train
hls_california\HLS.S30.T10TEK.2021092T185921.v2.0_EVI_cropped.tif,3109,3009,3.5508384704589844,train
hls_california\HLS.S30.T10TEK.2021092T185921.v2.0_EVI_cropped.tif,3110,3010,7.573758125305176,train
hls_california\HLS.S30.T10TEK.2021092T185921.v2.0_EVI_cropped.tif,3111,3012,2.6866989135742188,train
hls_california\HLS.S30.T10TEK.2021092T185921.v2.0_EVI_cropped.tif,3112,3013,21.25168228149414,train
hls_california\HLS.S30.T10TEK.2021092T185921.v2.0_EVI_cropped.tif,3113,3015,-9999.0,train
hls_california\HLS.S30.T10TEK.2021092T185921.v2.0_EVI_cropped.tif,3114,3017,12.024810791015625,train
hls_california\HLS.S30.T10TEK.2021092T185921.v2.0_EVI_cropped.tif,3116,3018,2.378323554992676,train
hls_california\HLS.S30.T10TEK.2021092T185921.v2.0_EVI_cropped.tif,3117,3020,12.696662902832031,train
hls_california\HLS.S30.T10TEK.2021092T185921.v2.0_EVI_cropped.tif,3118,3021,11.029232025146484,train
hls_california\HLS.S30.T10TEK.2021092T185921.v2.0_EVI_cropped.tif,3119,3023,6.163807392120361,train
hls_california\HLS.S30.T10TEK.2021092T185921.v2.0_EVI_cropped.tif,3120,3024,11.199362754821777,train
hls_california\HLS.S30.T10TEK.2021092T185921.v2.0_EVI_cropped.tif,3121,3026,17.895105361938477,train
hls_california\HLS.S30.T10TEK.2021092T185921.v2.0_EVI_cropped.tif,3123,3027,17.310054779052734,train
hls_california\HLS.S30.T10TEK.2021092T185921.v2.0_EVI_cropped.tif,3124,3029,21.89725685119629,train
hls_california\HLS.S30.T10TEK.2021092T185921.v2.0_EVI_cropped.tif,3125,3030,15.76243782043457,train
hls_california\HLS.S30.T10TEK.2021092T185921.v2.0_EVI_cropped.tif,3126,3032,32.4057731628418,train
hls_california\HLS.S30.T10TEK.2021092T185921.v2.0_EVI_cropped.tif,3127,3033,35.17262649536133,train
hls_california\HLS.S30.T10TEK.2021092T185921.v2.0_EVI_cropped.tif,3128,3035,27.264793395996094,train
hls_california\HLS.S30.T10TEK.2021092T185921.v2.0_EVI_cropped.tif,3130,3036,33.775634765625,train
hls_california\HLS.S30.T10TEK.2021092T185921.v2.0_EVI_cropped.tif,3131,3038,-9999.0,train
hls_california\HLS.S30.T10TEK.2021092T185921.v2.0_EVI_cropped.tif,3132,3039,29.542560577392578,train
hls_california\HLS.S30.T10TEK.2021092T185921.v2.0_EVI_cropped.tif,3133,3041,26.287858963012695,train
hls_california\HLS.S30.T10TEK.2021092T185921.v2.0_EVI_cropped.tif,3134,3042,30.298261642456055,train
hls_california\HLS.S30.T10TEK.2021092T185921.v2.0_EVI_cropped.tif,3135,3044,33.19553756713867,train
hls_california\HLS.S30.T10TEK.2021092T185921.v2.0_EVI_cropped.tif,3136,3045,32.4057731628418,train
hls_california\HLS.S30.T10TEK.2021092T185921.v2.0_EVI_cropped.tif,3138,3047,39.682884216308594,train
hls_california\HLS.S30.T10TEK.2021092T185921.v2.0_EVI_cropped.tif,3139,3048,16.890485763549805,train
hls_california\HLS.S30.T10TEK.2021092T185921.v2.0_EVI_cropped.tif,3140,3050,19.53851890563965,train
hls_california\HLS.S30.T10TEK.2021092T185921.v2.0_EVI_cropped.tif,3141,3051,23.034297943115234,train
hls_california\HLS.S30.T10TEK.2021092T185921.v2.0_EVI_cropped.tif,3142,3053,-9999.0,train
hls_california\HLS.S30.T10TEK.2021092T185921.v2.0_EVI_cropped.tif,3143,3054,20.38640022277832,train
hls_california\HLS.S30.T10TEK.2021092T185921.v2.0_EVI_cropped.tif,3145,3056,31.343521118164062,train
hls_california\HLS.S30.T10TEK.2021092T185921.v2.0_EVI_cropped.tif,3146,3057,15.56140422821045,train
hls_california\HLS.S30.T10TEK.2021092T185921.v2.0_EVI_cropped.tif,3147,3059,3.823108196258545,train
hls_california\HLS.S30.T10TEK.2021092T185921.v2.0_EVI_cropped.tif,3148,3060,19.762916564941406,train
hls_california\HLS.S30.T10TEK.2021092T185921.v2.0_EVI_cropped.tif,3149,3062,22.31293487548828,train
hls_california\HLS.S30.T10TEK.2021092T185921.v2.0_EVI_cropped.tif,3150,3063,23.21636962890625,train
hls_california\HLS.S30.T10TEK.2021092T185921.v2.0_EVI_cropped.tif,3152,3065,22.13432502746582,train
hls_california\HLS.S30.T10TEK.2021092T185921.v2.0_EVI_cropped.tif,3153,3066,2.5404794216156006,train
hls_california\HLS.S30.T10TEK.2021092T185921.v2.0_EVI_cropped.tif,3154,3068,16.682573318481445,train
hls_california\HLS.S30.T10TEK.2021092T185921.v2.0_EVI_cropped.tif,3155,3069,17.6812686920166,train
hls_california\HLS.S30.T10TEK.2021092T185921.v2.0_EVI_cropped.tif,3156,3071,23.951562881469727,train
hls_california\HLS.S30.T10TEK.2021092T185921.v2.0_EVI_cropped.tif,3157,3072,27.264793395996094,train
hls_california\HLS.S30.T10TEK.2021092T185921.v2.0_EVI_cropped.tif,3158,3074,29.270036697387695,train
hls_california\HLS.S30.T10TEK.2021092T185921.v2.0_EVI_cropped.tif,3160,3075,28.998722076416016,train
hls_california\HLS.S30.T10TEK.2021092T185921.v2.0_EVI_cropped.tif,3161,3077,30.853620529174805,train
hls_california\HLS.S30.T10TEK.2021092T185921.v2.0_EVI_cropped.tif,3162,3079,2.1639935970306396,train
hls_california\HLS.S30.T10TEK.2021092T185921.v2.0_EVI_cropped.tif,3163,3080,25.32809066772461,train
hls_california\HLS.S30.T10TEK.2021092T185921.v2.0_EVI_cropped.tif,3164,3082,2.1639935970306396,train
hls_california\HLS.S30.T10TEK.2021092T185921.v2.0_EVI_cropped.tif,3165,3083,29.270036697387695,train
hls_california\HLS.S30.T10TEK.2021092T185921.v2.0_EVI_cropped.tif,3167,3085,16.682573318481445,train
hls_california\HLS.S30.T10SGJ.2021096T183911.v2.0_EVI_cropped.tif,2661,105,33.403831481933594,val
hls_california\HLS.S30.T10SGJ.2021096T183911.v2.0_EVI_cropped.tif,2662,107,120.08558654785156,val
hls_california\HLS.S30.T10SGJ.2021096T183911.v2.0_EVI_cropped.tif,2663,108,-9999.0,val
hls_california\HLS.S30.T10SGJ.2021096T183911.v2.0_EVI_cropped.tif,2664,110,490.7391662597656,val
hls_california\HLS.S30.T10SGJ.2021096T183911.v2.0_EVI_cropped.tif,2666,111,79.87225341796875,val
hls_california\HLS.S30.T10SGJ.2021096T183911.v2.0_EVI_cropped.tif,2667,113,-9999.0,val
hls_california\HLS.S30.T10SGJ.2021096T183911.v2.0_EVI_cropped.tif,2668,114,-9999.0,val
hls_california\HLS.S30.T10SGJ.2021096T183911.v2.0_EVI_cropped.tif,2669,116,66.25090026855469,val
hls_california\HLS.S30.T10SGJ.2021096T183911.v2.0_EVI_cropped.tif,2671,119,49.51588439941406,val
hls_california\HLS.S30.T10SGJ.2021096T183911.v2.0_EVI_cropped.tif,2672,120,37.7071418762207,val
hls_california\HLS.S30.T10SGJ.2021096T183911.v2.0_EVI_cropped.tif,2674,122,268.1597900390625,val
hls_california\HLS.S30.T10SGJ.2021096T183911.v2.0_EVI_cropped.tif,2675,123,123.6031265258789,val
hls_california\HLS.S30.T10SGJ.2021096T183911.v2.0_EVI_cropped.tif,2676,125,144.61212158203125,val
hls_california\HLS.S30.T10SGJ.2021096T183911.v2.0_EVI_cropped.tif,2677,126,170.55526733398438,val
hls_california\HLS.S30.T10SGJ.2021096T183911.v2.0_EVI_cropped.tif,2678,128,324.8464050292969,val
hls_california\HLS.S30.T10SGJ.2021096T183911.v2.0_EVI_cropped.tif,2679,129,273.7684631347656,val
hls_california\HLS.S30.T10SGJ.2021096T183911.v2.0_EVI_cropped.tif,2681,131,153.51351928710938,val
hls_california\HLS.S30.T10SGJ.2021096T183911.v2.0_EVI_cropped.tif,2682,132,238.42041015625,val
hls_california\HLS.S30.T10SGJ.2021096T183911.v2.0_EVI_cropped.tif,2683,134,57.31112289428711,val
hls_california\HLS.S30.T10SGJ.2021096T183911.v2.0_EVI_cropped.tif,2684,135,125.7066879272461,val
hls_california\HLS.S30.T10SGJ.2021096T183911.v2.0_EVI_cropped.tif,2685,137,43.1494255065918,val
hls_california\HLS.S30.T10SGJ.2021096T183911.v2.0_EVI_cropped.tif,2686,138,37.56045150756836,val
hls_california\HLS.S30.T10SGJ.2021096T183911.v2.0_EVI_cropped.tif,2688,140,42.79218292236328,val
hls_california\HLS.S30.T10SGJ.2021096T183911.v2.0_EVI_cropped.tif,2689,141,123.18159484863281,val
hls_california\HLS.S30.T10SGJ.2021096T183911.v2.0_EVI_cropped.tif,2690,143,31.815406799316406,val
hls_california\HLS.S30.T10SGJ.2021096T183911.v2.0_EVI_cropped.tif,2691,144,220.0979766845703,val
hls_california\HLS.S30.T10SGJ.2021096T183911.v2.0_EVI_cropped.tif,2692,146,211.1509246826172,val
hls_california\HLS.S30.T10SGJ.2021096T183911.v2.0_EVI_cropped.tif,2693,147,132.96629333496094,val
hls_california\HLS.S30.T10SGJ.2021096T183911.v2.0_EVI_cropped.tif,2695,149,76.86317443847656,val
hls_california\HLS.S30.T10SGJ.2021096T183911.v2.0_EVI_cropped.tif,2696,150,30.190135955810547,val
hls_california\HLS.S30.T10SGJ.2021096T183911.v2.0_EVI_cropped.tif,2697,152,26.711219787597656,val
hls_california\HLS.S30.T10SGJ.2021096T183911.v2.0_EVI_cropped.tif,2698,153,23.4217472076416,val
hls_california\HLS.S30.T10SGJ.2021096T183911.v2.0_EVI_cropped.tif,2699,155,24.580177307128906,val
hls_california\HLS.S30.T10SGJ.2021096T183911.v2.0_EVI_cropped.tif,2700,156,223.63998413085938,val
hls_california\HLS.S30.T10SGJ.2021096T183911.v2.0_EVI_cropped.tif,2702,158,155.18771362304688,val
hls_california\HLS.S30.T10SGJ.2021096T183911.v2.0_EVI_cropped.tif,2703,159,115.024169921875,val
hls_california\HLS.S30.T10SGJ.2021096T183911.v2.0_EVI_cropped.tif,2704,161,34.62364959716797,val
hls_california\HLS.S30.T10SGJ.2021096T183911.v2.0_EVI_cropped.tif,2705,162,49.994625091552734,val
hls_california\HLS.S30.T10SGJ.2021096T183911.v2.0_EVI_cropped.tif,2706,164,39.10239028930664,val
hls_california\HLS.S30.T10SGJ.2021096T183911.v2.0_EVI_cropped.tif,2707,165,17.085308074951172,val
hls_california\HLS.S30.T10SGJ.2021096T183911.v2.0_EVI_cropped.tif,2708,167,21.309200286865234,val
hls_california\HLS.S30.T10SGJ.2021096T183911.v2.0_EVI_cropped.tif,2710,168,76.68879699707031,val
hls_california\HLS.S30.T10SGJ.2021096T183911.v2.0_EVI_cropped.tif,2711,170,92.8038101196289,val
hls_california\HLS.S30.T10SGJ.2021096T183911.v2.0_EVI_cropped.tif,2712,171,82.9690170288086,val
hls_california\HLS.S30.T10SGJ.2021096T183911.v2.0_EVI_cropped.tif,2713,173,213.27908325195312,val
hls_california\HLS.S30.T10SGJ.2021096T183911.v2.0_EVI_cropped.tif,2714,174,135.85755920410156,val
hls_california\HLS.S30.T10SGJ.2021096T183911.v2.0_EVI_cropped.tif,2715,176,48.792152404785156,val
hls_california\HLS.S30.T10SGJ.2021096T183911.v2.0_EVI_cropped.tif,2717,177,167.6925048828125,val
hls_california\HLS.S30.T10SGJ.2021096T183911.v2.0_EVI_cropped.tif,2718,179,100.74848937988281,val
hls_california\HLS.S30.T10SGJ.2021096T183911.v2.0_EVI_cropped.tif,2719,180,90.554931640625,val
hls_california\HLS.S30.T10SGJ.2021096T183911.v2.0_EVI_cropped.tif,2720,182,72.02203369140625,val
hls_california\HLS.S30.T10SGJ.2021096T183911.v2.0_EVI_cropped.tif,2721,184,39.39674758911133,val
hls_california\HLS.S30.T10SGJ.2021096T183911.v2.0_EVI_cropped.tif,2722,185,37.851924896240234,val
hls_california\HLS.S30.T10SGJ.2021096T183911.v2.0_EVI_cropped.tif,2724,187,24.517131805419922,val
hls_california\HLS.S30.T10SGJ.2021096T183911.v2.0_EVI_cropped.tif,2725,188,77.49686431884766,val
hls_california\HLS.S30.T10SGJ.2021096T183911.v2.0_EVI_cropped.tif,2726,190,232.8372802734375,val
hls_california\HLS.S30.T10SGJ.2021096T183911.v2.0_EVI_cropped.tif,2727,191,296.612548828125,val
hls_california\HLS.S30.T10SGJ.2021096T183911.v2.0_EVI_cropped.tif,2728,193,178.42686462402344,val
hls_california\HLS.S30.T10SGJ.2021096T183911.v2.0_EVI_cropped.tif,2729,194,326.8333435058594,val
hls_california\HLS.S30.T10SGJ.2021096T183911.v2.0_EVI_cropped.tif,2731,196,353.2454528808594,val
hls_california\HLS.S30.T10SGJ.2021096T183911.v2.0_EVI_cropped.tif,2732,197,331.611572265625,val
hls_california\HLS.S30.T10SGJ.2021096T183911.v2.0_EVI_cropped.tif,2733,199,102.40055847167969,val
hls_california\HLS.S30.T10SGJ.2021096T183911.v2.0_EVI_cropped.tif,2734,200,48.98412322998047,val
hls_california\HLS.S30.T10SGJ.2021096T183911.v2.0_EVI_cropped.tif,2735,202,22.96405792236328,val
hls_california\HLS.S30.T10SGJ.2021096T183911.v2.0_EVI_cropped.tif,2736,203,57.67295455932617,val
hls_california\HLS.S30.T10SGJ.2021096T183911.v2.0_EVI_cropped.tif,2738,205,74.43828582763672,val
hls_california\HLS.S30.T10SGJ.2021096T183911.v2.0_EVI_cropped.tif,2739,206,26.951980590820312,val
hls_california\HLS.S30.T10SGJ.2021096T183911.v2.0_EVI_cropped.tif,2740,208,88.76213836669922,val
hls_california\HLS.S30.T10SGJ.2021096T183911.v2.0_EVI_cropped.tif,2741,209,-9999.0,val
hls_california\HLS.S30.T10SGJ.2021096T183911.v2.0_EVI_cropped.tif,2742,211,24.58174705505371,val
hls_california\HLS.S30.T10SGJ.2021096T183911.v2.0_EVI_cropped.tif,2743,212,229.39288330078125,val
hls_california\HLS.S30.T10SGJ.2021096T183911.v2.0_EVI_cropped.tif,2744,214,255.5771026611328,val
hls_california\HLS.S30.T10SGJ.2021096T183911.v2.0_EVI_cropped.tif,2746,215,-9999.0,val
hls_california\HLS.S30.T10SGJ.2021096T183911.v2.0_EVI_cropped.tif,2747,217,175.517333984375,val
hls_california\HLS.S30.T10SGJ.2021096T183911.v2.0_EVI_cropped.tif,2748,218,96.53186798095703,val
hls_california\HLS.S30.T10SGJ.2021096T183911.v2.0_EVI_cropped.tif,2749,220,125.05762481689453,val
hls_california\HLS.S30.T10SGJ.2021096T183911.v2.0_EVI_cropped.tif,2750,221,161.8107452392578,val
hls_california\HLS.S30.T10SGJ.2021096T183911.v2.0_EVI_cropped.tif,2751,223,173.34478759765625,val
hls_california\HLS.S30.T10SGJ.2021096T183911.v2.0_EVI_cropped.tif,2753,224,216.9579315185547,val
hls_california\HLS.S30.T10SGJ.2021096T183911.v2.0_EVI_cropped.tif,2755,228,204.45916748046875,val
hls_california\HLS.S30.T10SGJ.2021096T183911.v2.0_EVI_cropped.tif,2756,229,168.46890258789062,val
hls_california\HLS.S30.T10SGJ.2021096T183911.v2.0_EVI_cropped.tif,2757,231,55.96363067626953,val
hls_california\HLS.S30.T10SGJ.2021096T183911.v2.0_EVI_cropped.tif,2758,232,126.58857727050781,val
hls_california\HLS.S30.T10SGJ.2021096T183911.v2.0_EVI_cropped.tif,2760,233,-9999.0,val
hls_california\HLS.S30.T10SGJ.2021096T183911.v2.0_EVI_cropped.tif,2761,235,185.1597900390625,val
hls_california\HLS.S30.T10SGJ.2021096T183911.v2.0_EVI_cropped.tif,2762,237,127.65766143798828,val
hls_california\HLS.S30.T10SGJ.2021096T183911.v2.0_EVI_cropped.tif,2763,238,-9999.0,val
hls_california\HLS.S30.T10SGJ.2021096T183911.v2.0_EVI_cropped.tif,2764,240,192.3087615966797,val
hls_california\HLS.S30.T10SGJ.2021096T183911.v2.0_EVI_cropped.tif,2765,241,-9999.0,val
hls_california\HLS.S30.T10SGJ.2021096T183911.v2.0_EVI_cropped.tif,2767,243,132.7191619873047,val
hls_california\HLS.S30.T10SGJ.2021096T183911.v2.0_EVI_cropped.tif,2768,244,105.43749237060547,val
hls_california\HLS.S30.T10SGJ.2021096T183911.v2.0_EVI_cropped.tif,2769,246,78.27733612060547,val
hls_california\HLS.S30.T10SGJ.2021096T183911.v2.0_EVI_cropped.tif,2770,247,263.8221435546875,val
hls_california\HLS.S30.T10SGJ.2021096T183911.v2.0_EVI_cropped.tif,2771,249,343.79931640625,val
hls_california\HLS.S30.T10SGJ.2021096T183911.v2.0_EVI_cropped.tif,2772,250,221.29266357421875,val
hls_california\HLS.S30.T10SGJ.2021096T183911.v2.0_EVI_cropped.tif,2773,252,222.0260772705078,val
hls_california\HLS.S30.T10SGJ.2021096T183911.v2.0_EVI_cropped.tif,2775,253,340.8340148925781,val
hls_california\HLS.S30.T10SGJ.2021096T183911.v2.0_EVI_cropped.tif,2776,255,-9999.0,val
hls_california\HLS.S30.T10SGJ.2021096T183911.v2.0_EVI_cropped.tif,2777,256,-9999.0,val
hls_california\HLS.S30.T10SGJ.2021096T183911.v2.0_EVI_cropped.tif,2778,258,512.49609375,val
hls_california\HLS.S30.T10SGJ.2021096T183911.v2.0_EVI_cropped.tif,2779,259,-9999.0,val
hls_california\HLS.S30.T10SGJ.2021096T183911.v2.0_EVI_cropped.tif,2780,261,507.25457763671875,val
hls_california\HLS.S30.T10SGJ.2021096T183911.v2.0_EVI_cropped.tif,2782,262,106.39996337890625,val
hls_california\HLS.S30.T10SGJ.2021096T183911.v2.0_EVI_cropped.tif,2783,264,-9999.0,val
hls_california\HLS.S30.T10SGJ.2021096T183911.v2.0_EVI_cropped.tif,2784,265,521.654052734375,val
hls_california\HLS.S30.T10SGJ.2021096T183911.v2.0_EVI_cropped.tif,2785,267,-9999.0,val
hls_california\HLS.S30.T10SGJ.2021096T183911.v2.0_EVI_cropped.tif,2786,268,781.9171142578125,val
hls_california\HLS.S30.T10SGJ.2021096T183911.v2.0_EVI_cropped.tif,2787,270,-9999.0,val
hls_california\HLS.S30.T10SGJ.2021096T183911.v2.0_EVI_cropped.tif,2789,271,126.35318756103516,val
hls_california\HLS.S30.T10SGJ.2021096T183911.v2.0_EVI_cropped.tif,2790,273,-9999.0,val
hls_california\HLS.S30.T10SGJ.2021096T183911.v2.0_EVI_cropped.tif,2791,274,45.77289581298828,val
hls_california\HLS.S30.T10SGJ.2021096T183911.v2.0_EVI_cropped.tif,2792,276,-9999.0,val
hls_california\HLS.S30.T10SGJ.2021096T183911.v2.0_EVI_cropped.tif,2793,277,552.996337890625,val
hls_california\HLS.S30.T10SGJ.2021096T183911.v2.0_EVI_cropped.tif,2794,279,418.3907775878906,val
hls_california\HLS.S30.T10SGJ.2021096T183911.v2.0_EVI_cropped.tif,2796,280,254.18511962890625,val
hls_california\HLS.S30.T10SGJ.2021096T183911.v2.0_EVI_cropped.tif,2797,282,65.76502990722656,val
hls_california\HLS.S30.T10SGJ.2021096T183911.v2.0_EVI_cropped.tif,2798,283,504.00994873046875,val
hls_california\HLS.S30.T10SGJ.2021096T183911.v2.0_EVI_cropped.tif,2799,285,296.72174072265625,val
hls_california\HLS.S30.T10SGJ.2021096T183911.v2.0_EVI_cropped.tif,2800,286,-9999.0,val
hls_california\HLS.S30.T10SGJ.2021096T183911.v2.0_EVI_cropped.tif,2801,288,346.35064697265625,val
hls_california\HLS.S30.T10SGJ.2021096T183911.v2.0_EVI_cropped.tif,2802,289,283.6225891113281,val
hls_california\HLS.S30.T10SGJ.2021096T183911.v2.0_EVI_cropped.tif,2804,291,72.41635131835938,val
hls_california\HLS.S30.T10SGJ.2021096T183911.v2.0_EVI_cropped.tif,2805,292,130.7759552001953,val
hls_california\HLS.S30.T10SGJ.2021096T183911.v2.0_EVI_cropped.tif,2806,294,36.29676055908203,val
hls_california\HLS.S30.T10SGJ.2021096T183911.v2.0_EVI_cropped.tif,2807,295,252.8866424560547,val
hls_california\HLS.S30.T10SGJ.2021096T183911.v2.0_EVI_cropped.tif,2808,297,196.5520477294922,val
hls_california\HLS.S30.T10SGJ.2021096T183911.v2.0_EVI_cropped.tif,2809,298,130.7619171142578,val
hls_california\HLS.S30.T10SGJ.2021096T183911.v2.0_EVI_cropped.tif,2811,300,93.59711456298828,val
hls_california\HLS.S30.T10SGJ.2021096T183911.v2.0_EVI_cropped.tif,2812,301,257.25335693359375,val
hls_california\HLS.S30.T10SGJ.2021096T183911.v2.0_EVI_cropped.tif,2813,303,65.01266479492188,val
hls_california\HLS.S30.T10SGJ.2021096T183911.v2.0_EVI_cropped.tif,2814,304,14.427038192749023,val
hls_california\HLS.S30.T10SGJ.2021096T183911.v2.0_EVI_cropped.tif,2815,306,14.837504386901855,val
hls_california\HLS.S30.T10SGJ.2021096T183911.v2.0_EVI_cropped.tif,2816,307,363.7476806640625,val
hls_california\HLS.S30.T10SGJ.2021096T183911.v2.0_EVI_cropped.tif,2818,309,258.11334228515625,val
hls_california\HLS.S30.T10SGJ.2021096T183911.v2.0_EVI_cropped.tif,2819,310,47.85389709472656,val
hls_california\HLS.S30.T10SGJ.2021096T183911.v2.0_EVI_cropped.tif,2820,312,183.80015563964844,val
hls_california\HLS.S30.T10SGJ.2021096T183911.v2.0_EVI_cropped.tif,2821,313,54.05438232421875,val
hls_california\HLS.S30.T10SGJ.2021096T183911.v2.0_EVI_cropped.tif,2822,315,96.04843139648438,val
hls_california\HLS.S30.T10SGJ.2021096T183911.v2.0_EVI_cropped.tif,2823,316,109.66207885742188,val
hls_california\HLS.S30.T10SGJ.2021096T183911.v2.0_EVI_cropped.tif,2825,318,149.52333068847656,val
hls_california\HLS.S30.T10SGJ.2021096T183911.v2.0_EVI_cropped.tif,2826,320,210.90823364257812,val
hls_california\HLS.S30.T10SGJ.2021096T183911.v2.0_EVI_cropped.tif,2827,321,105.35686492919922,val
hls_california\HLS.S30.T10SGJ.2021096T183911.v2.0_EVI_cropped.tif,2828,323,207.79090881347656,val
hls_california\HLS.S30.T10SGJ.2021096T183911.v2.0_EVI_cropped.tif,2829,324,-9999.0,val
hls_california\HLS.S30.T10SGJ.2021096T183911.v2.0_EVI_cropped.tif,2830,326,237.40841674804688,val
hls_california\HLS.S30.T10SGJ.2021096T183911.v2.0_EVI_cropped.tif,2831,327,349.27008056640625,val
hls_california\HLS.S30.T10SGJ.2021096T183911.v2.0_EVI_cropped.tif,2833,329,300.6519470214844,val
hls_california\HLS.S30.T10SGJ.2021096T183911.v2.0_EVI_cropped.tif,2834,330,215.38978576660156,val
hls_california\HLS.S30.T10SGJ.2021096T183911.v2.0_EVI_cropped.tif,2835,332,247.21249389648438,val
hls_california\HLS.S30.T10SGJ.2021096T183911.v2.0_EVI_cropped.tif,2836,333,151.61961364746094,val
hls_california\HLS.S30.T10SGJ.2021096T183911.v2.0_EVI_cropped.tif,2837,335,39.62214660644531,val
hls_california\HLS.S30.T10SGJ.2021096T183911.v2.0_EVI_cropped.tif,2838,336,375.9383239746094,val
hls_california\HLS.S30.T10SGJ.2021096T183911.v2.0_EVI_cropped.tif,2840,338,192.3099365234375,val
hls_california\HLS.S30.T10SGJ.2021096T183911.v2.0_EVI_cropped.tif,2841,339,59.490543365478516,val
hls_california\HLS.S30.T10SGJ.2021096T183911.v2.0_EVI_cropped.tif,2842,341,158.61392211914062,val
hls_california\HLS.S30.T10SGJ.2021096T183911.v2.0_EVI_cropped.tif,2843,342,137.83779907226562,val
hls_california\HLS.S30.T10SGJ.2021096T183911.v2.0_EVI_cropped.tif,2844,344,231.638671875,val
hls_california\HLS.S30.T10SGJ.2021096T183911.v2.0_EVI_cropped.tif,2845,345,153.47348022460938,val
hls_california\HLS.S30.T10SGJ.2021096T183911.v2.0_EVI_cropped.tif,2847,347,242.10362243652344,val
hls_california\HLS.S30.T10SGJ.2021096T183911.v2.0_EVI_cropped.tif,2848,348,304.20269775390625,val
hls_california\HLS.S30.T10SGJ.2021096T183911.v2.0_EVI_cropped.tif,2849,350,150.06297302246094,val
hls_california\HLS.S30.T10SGJ.2021096T183911.v2.0_EVI_cropped.tif,2850,351,389.3565979003906,val
hls_california\HLS.S30.T10SGJ.2021096T183911.v2.0_EVI_cropped.tif,2851,353,221.33340454101562,val
hls_california\HLS.S30.T10SGJ.2021096T183911.v2.0_EVI_cropped.tif,2852,354,225.95729064941406,val
hls_california\HLS.S30.T10SGJ.2021096T183911.v2.0_EVI_cropped.tif,2854,356,378.97259521484375,val
hls_california\HLS.S30.T10SGJ.2021096T183911.v2.0_EVI_cropped.tif,2855,357,263.34814453125,val
hls_california\HLS.S30.T10SGJ.2021096T183911.v2.0_EVI_cropped.tif,2856,359,292.5233459472656,val
hls_california\HLS.S30.T10SGJ.2021096T183911.v2.0_EVI_cropped.tif,2857,360,358.169921875,val
hls_california\HLS.S30.T10SGJ.2021096T183911.v2.0_EVI_cropped.tif,2858,362,319.9755859375,val
hls_california\HLS.S30.T10SGJ.2021096T183911.v2.0_EVI_cropped.tif,2859,363,294.2290344238281,val
hls_california\HLS.S30.T10SGJ.2021096T183911.v2.0_EVI_cropped.tif,2860,365,243.26954650878906,val
hls_california\HLS.S30.T10SGJ.2021096T183911.v2.0_EVI_cropped.tif,2862,366,98.2563247680664,val
hls_california\HLS.S30.T10SGJ.2021096T183911.v2.0_EVI_cropped.tif,2863,368,177.90545654296875,val
hls_california\HLS.S30.T10SGJ.2021096T183911.v2.0_EVI_cropped.tif,2864,369,64.80836486816406,val
hls_california\HLS.S30.T10SGJ.2021096T183911.v2.0_EVI_cropped.tif,2865,371,270.34014892578125,val
hls_california\HLS.S30.T10SGJ.2021096T183911.v2.0_EVI_cropped.tif,2866,372,326.31134033203125,val
hls_california\HLS.S30.T10SGJ.2021096T183911.v2.0_EVI_cropped.tif,2867,374,447.5478515625,val
hls_california\HLS.S30.T10SGJ.2021096T183911.v2.0_EVI_cropped.tif,2869,375,467.9691162109375,val
hls_california\HLS.S30.T10SGJ.2021096T183911.v2.0_EVI_cropped.tif,2870,377,400.15594482421875,val
hls_california\HLS.S30.T10SGJ.2021096T183911.v2.0_EVI_cropped.tif,2871,378,240.96994018554688,val
hls_california\HLS.S30.T10SGJ.2021096T183911.v2.0_EVI_cropped.tif,2872,380,14.477603912353516,val
hls_california\HLS.S30.T10SGJ.2021096T183911.v2.0_EVI_cropped.tif,2873,381,154.8142852783203,val
hls_california\HLS.S30.T10SGJ.2021096T183911.v2.0_EVI_cropped.tif,2874,383,51.786590576171875,val
hls_california\HLS.S30.T10SGJ.2021096T183911.v2.0_EVI_cropped.tif,2876,384,15.366510391235352,val
hls_california\HLS.S30.T10SGJ.2021096T183911.v2.0_EVI_cropped.tif,2877,386,15.25955867767334,val
hls_california\HLS.S30.T10SGJ.2021096T183911.v2.0_EVI_cropped.tif,2878,388,14.331151962280273,val
hls_california\HLS.S30.T10SGJ.2021096T183911.v2.0_EVI_cropped.tif,2879,389,15.656784057617188,val
hls_california\HLS.S30.T10SGJ.2021096T183911.v2.0_EVI_cropped.tif,2880,391,14.555362701416016,val
hls_california\HLS.S30.T10SGJ.2021096T183911.v2.0_EVI_cropped.tif,2881,392,14.528246879577637,val
hls_california\HLS.S30.T10SGJ.2021096T183911.v2.0_EVI_cropped.tif,2883,394,15.40256404876709,val
hls_california\HLS.S30.T10SGJ.2021096T183911.v2.0_EVI_cropped.tif,2884,395,14.786334037780762,val
hls_california\HLS.S30.T10SGJ.2021096T183911.v2.0_EVI_cropped.tif,2885,397,14.427038192749023,val
hls_california\HLS.S30.T10SGJ.2021096T183911.v2.0_EVI_cropped.tif,2886,398,15.068740844726562,val
hls_california\HLS.S30.T10SGJ.2021096T183911.v2.0_EVI_cropped.tif,2887,400,15.535046577453613,val
hls_california\HLS.S30.T10SGJ.2021096T183911.v2.0_EVI_cropped.tif,2888,401,14.797309875488281,val
hls_california\HLS.S30.T10SGJ.2021096T183911.v2.0_EVI_cropped.tif,2890,403,15.161012649536133,val
hls_california\HLS.S30.T10SGJ.2021096T183911.v2.0_EVI_cropped.tif,2891,404,14.97862720489502,val
hls_california\HLS.S30.T10SGJ.2021096T183911.v2.0_EVI_cropped.tif,2892,406,15.535046577453613,val
hls_california\HLS.S30.T10SGJ.2021096T183911.v2.0_EVI_cropped.tif,2893,407,15.068740844726562,val
hls_california\HLS.S30.T10SGJ.2021096T183911.v2.0_EVI_cropped.tif,2894,409,14.837504386901855,val
hls_california\HLS.S30.T10SGJ.2021096T183911.v2.0_EVI_cropped.tif,2895,410,14.657018661499023,val
hls_california\HLS.S30.T10SGJ.2021096T183911.v2.0_EVI_cropped.tif,2897,412,14.389166831970215,val
hls_california\HLS.S30.T10SGJ.2021096T183911.v2.0_EVI_cropped.tif,2898,413,-9999.0,val
hls_california\HLS.S30.T10SGJ.2021096T183911.v2.0_EVI_cropped.tif,2899,415,1.2719420194625854,val
hls_california\HLS.S30.T10SGJ.2021096T183911.v2.0_EVI_cropped.tif,2900,416,1.2284363508224487,val
hls_california\HLS.S30.T10SGJ.2021096T183911.v2.0_EVI_cropped.tif,2901,418,1.2719420194625854,val
hls_california\HLS.S30.T10SGJ.2021096T183911.v2.0_EVI_cropped.tif,2902,419,1.5007215738296509,val
hls_california\HLS.S30.T10SGJ.2021096T183911.v2.0_EVI_cropped.tif,2903,421,3.823108196258545,val
hls_california\HLS.S30.T10SGJ.2021096T183911.v2.0_EVI_cropped.tif,2905,422,3.6241109371185303,val
hls_california\HLS.S30.T10SGJ.2021096T183911.v2.0_EVI_cropped.tif,2906,424,3.924572229385376,val
hls_california\HLS.S30.T10SGJ.2021096T183911.v2.0_EVI_cropped.tif,2907,425,12.024810791015625,val
hls_california\HLS.S30.T10SGJ.2021096T183911.v2.0_EVI_cropped.tif,2908,427,18.70807647705078,val
hls_california\HLS.S30.T10SGJ.2021096T183911.v2.0_EVI_cropped.tif,2909,428,16.475910186767578,val
hls_california\HLS.S30.T10SGJ.2021096T183911.v2.0_EVI_cropped.tif,2910,430,16.117258071899414,val
hls_california\HLS.S30.T10SGJ.2021096T183911.v2.0_EVI_cropped.tif,2912,431,3.1039299964904785,val
hls_california\HLS.S30.T10SGJ.2021096T183911.v2.0_EVI_cropped.tif,2913,433,6.036953926086426,val
hls_california\HLS.S30.T10SGJ.2021096T183911.v2.0_EVI_cropped.tif,2914,434,5.362436294555664,val
hls_california\HLS.S30.T10SGJ.2021096T183911.v2.0_EVI_cropped.tif,2915,436,3.823108196258545,val
hls_california\HLS.S30.T10SGJ.2021096T183911.v2.0_EVI_cropped.tif,2916,437,5.818078994750977,val
hls_california\HLS.S30.T10SGJ.2021096T183911.v2.0_EVI_cropped.tif,2917,439,8.51772403717041,val
hls_california\HLS.S30.T10SGJ.2021096T183911.v2.0_EVI_cropped.tif,2919,440,3.924572229385376,val
hls_california\HLS.S30.T10SGJ.2021096T183911.v2.0_EVI_cropped.tif,2920,442,8.075304985046387,val
hls_california\HLS.S30.T10SGJ.2021096T183911.v2.0_EVI_cropped.tif,2921,444,18.742719650268555,val
hls_california\HLS.S30.T10SGJ.2021096T183911.v2.0_EVI_cropped.tif,2922,445,15.69034481048584,val
hls_california\HLS.S30.T10SGJ.2021096T183911.v2.0_EVI_cropped.tif,2923,447,17.348848342895508,val
hls_california\HLS.S30.T10SGJ.2021096T183911.v2.0_EVI_cropped.tif,2924,448,15.24548053741455,val
hls_california\HLS.S30.T10SGJ.2021096T183911.v2.0_EVI_cropped.tif,2925,450,21.960590362548828,val
hls_california\HLS.S30.T10SGJ.2021096T183911.v2.0_EVI_cropped.tif,2927,451,15.653746604919434,val
hls_california\HLS.S30.T10SGJ.2021096T183911.v2.0_EVI_cropped.tif,2928,453,20.443614959716797,val
hls_california\HLS.S30.T10SGJ.2021096T183911.v2.0_EVI_cropped.tif,2929,454,14.848471641540527,val
hls_california\HLS.S30.T10SGJ.2021096T183911.v2.0_EVI_cropped.tif,2930,456,142.43423461914062,val
hls_california\HLS.S30.T10SGJ.2021096T183911.v2.0_EVI_cropped.tif,2931,457,265.2272644042969,val
hls_california\HLS.S30.T10SGJ.2021096T183911.v2.0_EVI_cropped.tif,2932,459,142.00665283203125,val
hls_california\HLS.S30.T10SGJ.2021096T183911.v2.0_EVI_cropped.tif,2934,460,243.36056518554688,val
hls_california\HLS.S30.T10SGJ.2021096T183911.v2.0_EVI_cropped.tif,2935,462,237.80238342285156,val
hls_california\HLS.S30.T10SGJ.2021096T183911.v2.0_EVI_cropped.tif,2936,463,214.2640380859375,val
hls_california\HLS.S30.T10SGJ.2021096T183911.v2.0_EVI_cropped.tif,2937,465,-9999.0,val
hls_california\HLS.S30.T10SGJ.2021096T183911.v2.0_EVI_cropped.tif,2938,466,127.67814636230469,val
hls_california\HLS.S30.T10SGJ.2021096T183911.v2.0_EVI_cropped.tif,2939,468,192.92250061035156,val
hls_california\HLS.S30.T10SGJ.2021096T183911.v2.0_EVI_cropped.tif,2941,469,97.97036743164062,val
hls_california\HLS.S30.T10SGJ.2021096T183911.v2.0_EVI_cropped.tif,2942,471,102.05976104736328,val
hls_california\HLS.S30.T10SGJ.2021096T183911.v2.0_EVI_cropped.tif,2943,472,112.30677795410156,val
hls_california\HLS.S30.T10SGJ.2021096T183911.v2.0_EVI_cropped.tif,2944,474,58.08195877075195,val
hls_california\HLS.S30.T10SGJ.2021096T183911.v2.0_EVI_cropped.tif,2945,475,93.41482543945312,val
hls_california\HLS.S30.T10SGJ.2021096T183911.v2.0_EVI_cropped.tif,2946,477,131.8883056640625,val
hls_california\HLS.S30.T10SGJ.2021096T183911.v2.0_EVI_cropped.tif,2948,478,102.40090942382812,val
hls_california\HLS.S30.T10SGJ.2021096T183911.v2.0_EVI_cropped.tif,2949,480,154.8628692626953,val
hls_california\HLS.S30.T10SGJ.2021096T183911.v2.0_EVI_cropped.tif,2950,481,75.3189926147461,val
hls_california\HLS.S30.T10SGJ.2021096T183911.v2.0_EVI_cropped.tif,2951,483,52.46596908569336,val
hls_california\HLS.S30.T10SGJ.2021096T183911.v2.0_EVI_cropped.tif,2952,484,89.81134033203125,val
hls_california\HLS.S30.T10SGJ.2021096T183911.v2.0_EVI_cropped.tif,2953,486,72.08969116210938,val
hls_california\HLS.S30.T10SGJ.2021096T183911.v2.0_EVI_cropped.tif,2954,487,31.469545364379883,val
hls_california\HLS.S30.T10SGJ.2021096T183911.v2.0_EVI_cropped.tif,2956,489,88.52704620361328,val
hls_california\HLS.S30.T10SGJ.2021096T183911.v2.0_EVI_cropped.tif,2957,490,88.87317657470703,val
hls_california\HLS.S30.T10SGJ.2021096T183911.v2.0_EVI_cropped.tif,2958,492,51.51985549926758,val
hls_california\HLS.S30.T10SGJ.2021096T183911.v2.0_EVI_cropped.tif,2959,493,86.66846466064453,val
hls_california\HLS.S30.T10SGJ.2021096T183911.v2.0_EVI_cropped.tif,2960,495,159.84742736816406,val
hls_california\HLS.S30.T10SGJ.2021096T183911.v2.0_EVI_cropped.tif,2961,496,68.54922485351562,val
hls_california\HLS.S30.T10SGJ.2021096T183911.v2.0_EVI_cropped.tif,2963,498,57.42906951904297,val
hls_california\HLS.S30.T10SGJ.2021096T183911.v2.0_EVI_cropped.tif,2964,499,55.58751678466797,val
hls_california\HLS.S30.T10SGJ.2021096T183911.v2.0_EVI_cropped.tif,2965,501,77.4421615600586,val
hls_california\HLS.S30.T10SGJ.2021096T183911.v2.0_EVI_cropped.tif,2966,502,87.75237274169922,val
hls_california\HLS.S30.T10SGJ.2021096T183911.v2.0_EVI_cropped.tif,2967,504,34.00743103027344,val
hls_california\HLS.S30.T10SGJ.2021096T183911.v2.0_EVI_cropped.tif,2968,505,105.22394561767578,val
hls_california\HLS.S30.T10SGJ.2021096T183911.v2.0_EVI_cropped.tif,2970,507,28.86302375793457,val
hls_california\HLS.S30.T10SGJ.2021096T183911.v2.0_EVI_cropped.tif,2971,508,16.54817008972168,val
hls_california\HLS.S30.T10SGJ.2021096T183911.v2.0_EVI_cropped.tif,2972,510,15.40256404876709,val
hls_california\HLS.S30.T10SGJ.2021096T183911.v2.0_EVI_cropped.tif,2973,511,15.251653671264648,val
hls_california\HLS.S30.T10SGJ.2021096T183911.v2.0_EVI_cropped.tif,2974,513,1.6303950548171997,val
hls_california\HLS.S30.T10SGJ.2021096T183911.v2.0_EVI_cropped.tif,2975,514,1.1160929203033447,val
hls_california\HLS.S30.T10SGJ.2021096T183911.v2.0_EVI_cropped.tif,2977,516,1.3916254043579102,val
hls_california\HLS.S30.T10SGJ.2021096T183911.v2.0_EVI_cropped.tif,2978,517,1.7482229471206665,val
hls_california\HLS.S30.T10SGJ.2021096T183911.v2.0_EVI_cropped.tif,2979,519,4.925063133239746,val
hls_california\HLS.S30.T10SGJ.2021096T183911.v2.0_EVI_cropped.tif,2980,520,4.316711902618408,val
hls_california\HLS.S30.T10SGJ.2021096T183911.v2.0_EVI_cropped.tif,2981,522,1.697226881980896,val
hls_california\HLS.S30.T10SGJ.2021096T183911.v2.0_EVI_cropped.tif,2982,523,2.1639935970306396,val
hls_california\HLS.S30.T10SGJ.2021096T183911.v2.0_EVI_cropped.tif,2984,525,1.6303950548171997,val
hls_california\HLS.S30.T10SGJ.2021096T183911.v2.0_EVI_cropped.tif,2985,526,1.7482229471206665,val
hls_california\HLS.S30.T10SGJ.2021096T183911.v2.0_EVI_cropped.tif,2986,528,1.7482229471206665,val
hls_california\HLS.S30.T10SGJ.2021096T183911.v2.0_EVI_cropped.tif,2987,530,1.5648930072784424,val
hls_california\HLS.S30.T10SGJ.2021096T183911.v2.0_EVI_cropped.tif,2988,531,3.265131950378418,val
hls_california\HLS.S30.T10SGJ.2021096T183911.v2.0_EVI_cropped.tif,2989,533,1.9596763849258423,val
hls_california\HLS.S30.T10SGJ.2021096T183911.v2.0_EVI_cropped.tif,2990,534,1.171596646308899,val
hls_california\HLS.S30.T10SGJ.2021096T183911.v2.0_EVI_cropped.tif,2992,536,14.555362701416016,val
hls_california\HLS.S30.T10SGJ.2021096T183911.v2.0_EVI_cropped.tif,2993,537,14.46667194366455,val
hls_california\HLS.S30.T10SGJ.2021096T183911.v2.0_EVI_cropped.tif,2994,539,14.657018661499023,val
hls_california\HLS.S30.T10SGJ.2021096T183911.v2.0_EVI_cropped.tif,2995,540,17.54461097717285,val
hls_california\HLS.S30.T10SGJ.2021096T183911.v2.0_EVI_cropped.tif,2996,542,17.54461097717285,val
hls_california\HLS.S30.T10SGJ.2021096T183911.v2.0_EVI_cropped.tif,2997,543,18.299570083618164,val
hls_california\HLS.S30.T10SGJ.2021096T183911.v2.0_EVI_cropped.tif,2999,545,28.231334686279297,val
hls_california\HLS.S30.T10SGJ.2021096T183911.v2.0_EVI_cropped.tif,3000,546,85.6759033203125,val
hls_california\HLS.S30.T10SGJ.2021096T183911.v2.0_EVI_cropped.tif,3001,548,123.73722839355469,val
hls_california\HLS.S30.T10SGJ.2021096T183911.v2.0_EVI_cropped.tif,3002,549,198.4247283935547,val
hls_california\HLS.S30.T10SGJ.2021096T183911.v2.0_EVI_cropped.tif,3003,551,190.7423858642578,val
hls_california\HLS.S30.T10SGJ.2021096T183911.v2.0_EVI_cropped.tif,3004,552,64.00389099121094,val
hls_california\HLS.S30.T10SGJ.2021096T183911.v2.0_EVI_cropped.tif,3006,554,58.062774658203125,val
hls_california\HLS.S30.T10SGJ.2021096T183911.v2.0_EVI_cropped.tif,3007,555,150.7610626220703,val
hls_california\HLS.S30.T10SGJ.2021096T183911.v2.0_EVI_cropped.tif,3008,557,277.000732421875,val
hls_california\HLS.S30.T10SGJ.2021096T183911.v2.0_EVI_cropped.tif,3009,558,24.6601619720459,val
hls_california\HLS.S30.T10SGJ.2021096T183911.v2.0_EVI_cropped.tif,3010,560,20.751630783081055,val
hls_california\HLS.S30.T10SGJ.2021096T183911.v2.0_EVI_cropped.tif,3011,561,57.406089782714844,val
hls_california\HLS.S30.T10SGJ.2021096T183911.v2.0_EVI_cropped.tif,3013,563,102.51115417480469,val
hls_california\HLS.S30.T10SGJ.2021096T183911.v2.0_EVI_cropped.tif,3014,564,15.587419509887695,val
hls_california\HLS.S30.T10SGJ.2021096T183911.v2.0_EVI_cropped.tif,3015,566,15.109323501586914,val
hls_california\HLS.S30.T10SGJ.2021096T183911.v2.0_EVI_cropped.tif,3016,567,105.3724594116211,val
hls_california\HLS.S30.T10SGJ.2021096T183911.v2.0_EVI_cropped.tif,3017,569,58.99147415161133,val
hls_california\HLS.S30.T10SGJ.2021096T183911.v2.0_EVI_cropped.tif,3018,570,14.97862720489502,val
hls_california\HLS.S30.T10SGJ.2021096T183911.v2.0_EVI_cropped.tif,3019,572,61.70204162597656,val
hls_california\HLS.S30.T10SGJ.2021096T183911.v2.0_EVI_cropped.tif,3021,573,20.93130111694336,val
hls_california\HLS.S30.T10SGJ.2021096T183911.v2.0_EVI_cropped.tif,3022,575,15.057714462280273,val
hls_california\HLS.S30.T10SGJ.2021096T183911.v2.0_EVI_cropped.tif,3023,576,86.92178344726562,val
hls_california\HLS.S30.T10SGJ.2021096T183911.v2.0_EVI_cropped.tif,3024,578,16.24626922607422,val
hls_california\HLS.S30.T10SGJ.2021096T183911.v2.0_EVI_cropped.tif,3025,579,19.166019439697266,val
hls_california\HLS.S30.T10SGJ.2021096T183911.v2.0_EVI_cropped.tif,3026,581,18.250301361083984,val
hls_california\HLS.S30.T10SGJ.2021096T183911.v2.0_EVI_cropped.tif,3028,582,15.929734230041504,val
hls_california\HLS.S30.T10SGJ.2021096T183911.v2.0_EVI_cropped.tif,3029,584,15.068740844726562,val
hls_california\HLS.S30.T10SGJ.2021096T183911.v2.0_EVI_cropped.tif,3030,585,14.735243797302246,val
hls_california\HLS.S30.T10SGJ.2021096T183911.v2.0_EVI_cropped.tif,3031,587,139.015380859375,val
hls_california\HLS.S30.T10SGJ.2021096T183911.v2.0_EVI_cropped.tif,3032,588,52.31052017211914,val
hls_california\HLS.S30.T10SGJ.2021096T183911.v2.0_EVI_cropped.tif,3033,590,22.98879051208496,val
hls_california\HLS.S30.T10SGJ.2021096T183911.v2.0_EVI_cropped.tif,3035,591,127.08908081054688,val
hls_california\HLS.S30.T10SGJ.2021096T183911.v2.0_EVI_cropped.tif,3075,644,20.46971893310547,val
hls_california\HLS.S30.T10SGJ.2021096T183911.v2.0_EVI_cropped.tif,3076,646,39.2184944152832,val
hls_california\HLS.S30.T10SGJ.2021096T183911.v2.0_EVI_cropped.tif,3078,647,22.53704833984375,val
hls_california\HLS.S30.T10SGJ.2021096T183911.v2.0_EVI_cropped.tif,3079,649,28.024253845214844,val
hls_california\HLS.S30.T10SGJ.2021096T183911.v2.0_EVI_cropped.tif,3080,650,22.707988739013672,val
hls_california\HLS.S30.T10SGJ.2021096T183911.v2.0_EVI_cropped.tif,3081,652,63.8501091003418,val
hls_california\HLS.S30.T10SGJ.2021096T183911.v2.0_EVI_cropped.tif,3082,653,130.79335021972656,val
hls_california\HLS.S30.T10SGJ.2021096T183911.v2.0_EVI_cropped.tif,3083,655,66.7950668334961,val
hls_california\HLS.S30.T10SGJ.2021096T183911.v2.0_EVI_cropped.tif,3085,656,37.44367980957031,val
hls_california\HLS.S30.T10SGJ.2021096T183911.v2.0_EVI_cropped.tif,3086,658,22.148183822631836,val
hls_california\HLS.S30.T10SGJ.2021096T183911.v2.0_EVI_cropped.tif,3087,659,18.028892517089844,val
hls_california\HLS.S30.T10SGJ.2021096T183911.v2.0_EVI_cropped.tif,3088,661,17.55580711364746,val
hls_california\HLS.S30.T10SGJ.2021096T183911.v2.0_EVI_cropped.tif,3089,662,25.052568435668945,val
hls_california\HLS.S30.T10SGJ.2021096T183911.v2.0_EVI_cropped.tif,3090,664,164.21023559570312,val
hls_california\HLS.S30.T10SGJ.2021096T183911.v2.0_EVI_cropped.tif,3092,665,139.56698608398438,val
hls_california\HLS.S30.T10SGJ.2021096T183911.v2.0_EVI_cropped.tif,3093,667,-9999.0,val
hls_california\HLS.S30.T10SGJ.2021096T183911.v2.0_EVI_cropped.tif,3094,668,19.66850471496582,val
hls_california\HLS.S30.T10SGJ.2021096T183911.v2.0_EVI_cropped.tif,3095,670,16.602075576782227,val
hls_california\HLS.S30.T10SGJ.2021096T183911.v2.0_EVI_cropped.tif,3096,671,14.707965850830078,val
hls_california\HLS.S30.T10SGJ.2021096T183911.v2.0_EVI_cropped.tif,3097,673,25.37725830078125,val
hls_california\HLS.S30.T10SGJ.2021096T183911.v2.0_EVI_cropped.tif,3099,674,158.03659057617188,val
hls_california\HLS.S30.T10SGJ.2021096T183911.v2.0_EVI_cropped.tif,3100,676,144.42408752441406,val
hls_california\HLS.S30.T10SGJ.2021096T183911.v2.0_EVI_cropped.tif,3101,678,165.40057373046875,val
hls_california\HLS.S30.T10SGJ.2021096T183911.v2.0_EVI_cropped.tif,3102,679,197.8752899169922,val
hls_california\HLS.S30.T10SGJ.2021096T183911.v2.0_EVI_cropped.tif,3103,681,117.96168518066406,val
hls_california\HLS.S30.T10SGJ.2021096T183911.v2.0_EVI_cropped.tif,3104,682,77.57853698730469,val
hls_california\HLS.S30.T10SGJ.2021096T183911.v2.0_EVI_cropped.tif,3106,684,131.0733642578125,val
hls_california\HLS.S30.T10SGJ.2021096T183911.v2.0_EVI_cropped.tif,3107,685,177.66563415527344,val
hls_california\HLS.S30.T10SGJ.2021096T183911.v2.0_EVI_cropped.tif,3108,687,71.74343872070312,val
hls_california\HLS.S30.T10SGJ.2021096T183911.v2.0_EVI_cropped.tif,3109,688,256.97308349609375,val
hls_california\HLS.S30.T10SGJ.2021096T183911.v2.0_EVI_cropped.tif,3110,690,110.42842864990234,val
hls_california\HLS.S30.T10SGJ.2021096T183911.v2.0_EVI_cropped.tif,3111,691,97.3403549194336,val
hls_california\HLS.S30.T10SGJ.2021096T183911.v2.0_EVI_cropped.tif,3113,693,281.6984558105469,val
hls_california\HLS.S30.T10SGJ.2021096T183911.v2.0_EVI_cropped.tif,3114,694,24.76769256591797,val
hls_california\HLS.S30.T10SGJ.2021096T183911.v2.0_EVI_cropped.tif,3115,696,82.6504135131836,val
hls_california\HLS.S30.T10SGJ.2021096T183911.v2.0_EVI_cropped.tif,3116,697,171.7259521484375,val
hls_california\HLS.S30.T10SGJ.2021096T183911.v2.0_EVI_cropped.tif,3117,699,73.06471252441406,val
hls_california\HLS.S30.T10SGJ.2021096T183911.v2.0_EVI_cropped.tif,3118,700,223.91033935546875,val
hls_california\HLS.S30.T10SGJ.2021096T183911.v2.0_EVI_cropped.tif,3120,702,212.1534423828125,val
hls_california\HLS.S30.T10SGJ.2021096T183911.v2.0_EVI_cropped.tif,3121,703,-9999.0,val
hls_california\HLS.S30.T10SGJ.2021096T183911.v2.0_EVI_cropped.tif,3122,705,595.69482421875,val
hls_california\HLS.S30.T10SGJ.2021096T183911.v2.0_EVI_cropped.tif,3123,706,244.78257751464844,val
hls_california\HLS.S30.T10SGJ.2021096T183911.v2.0_EVI_cropped.tif,3124,708,-9999.0,val
hls_california\HLS.S30.T10SGJ.2021096T183911.v2.0_EVI_cropped.tif,3125,709,186.29129028320312,val
hls_california\HLS.S30.T10SGJ.2021096T183911.v2.0_EVI_cropped.tif,3127,711,248.0921630859375,val
hls_california\HLS.S30.T10SGJ.2021096T183911.v2.0_EVI_cropped.tif,3128,712,202.99789428710938,val
hls_california\HLS.S30.T10SGJ.2021096T183911.v2.0_EVI_cropped.tif,3129,714,353.9661560058594,val
hls_california\HLS.S30.T10SGJ.2021096T183911.v2.0_EVI_cropped.tif,3130,715,298.63970947265625,val
hls_california\HLS.S30.T10SGJ.2021096T183911.v2.0_EVI_cropped.tif,3131,717,296.97247314453125,val
hls_california\HLS.S30.T10SGJ.2021096T183911.v2.0_EVI_cropped.tif,3132,718,256.5802307128906,val
hls_california\HLS.S30.T10SGJ.2021096T183911.v2.0_EVI_cropped.tif,3134,720,45.189788818359375,val
hls_california\HLS.S30.T10SGJ.2021096T183911.v2.0_EVI_cropped.tif,3135,721,250.9436798095703,val
hls_california\HLS.S30.T10SGJ.2021096T183911.v2.0_EVI_cropped.tif,3136,723,378.3430480957031,val
hls_california\HLS.S30.T10SGJ.2021096T183911.v2.0_EVI_cropped.tif,3137,724,413.4777526855469,val
hls_california\HLS.S30.T10SGJ.2021096T183911.v2.0_EVI_cropped.tif,3138,726,272.23114013671875,val
hls_california\HLS.S30.T10SGJ.2021096T183911.v2.0_EVI_cropped.tif,3139,727,393.6272277832031,val
hls_california\HLS.S30.T10SGJ.2021096T183911.v2.0_EVI_cropped.tif,3141,729,203.0076446533203,val
hls_california\HLS.S30.T10SGJ.2021096T183911.v2.0_EVI_cropped.tif,3142,730,258.01165771484375,val
hls_california\HLS.S30.T10SGJ.2021096T183911.v2.0_EVI_cropped.tif,3143,732,148.91671752929688,val
hls_california\HLS.S30.T10SGJ.2021096T183911.v2.0_EVI_cropped.tif,3144,733,142.7681884765625,val
hls_california\HLS.S30.T10SGJ.2021096T183911.v2.0_EVI_cropped.tif,3145,735,504.76849365234375,val
hls_california\HLS.S30.T10SGJ.2021096T183911.v2.0_EVI_cropped.tif,3243,862,29.49595069885254,val
hls_california\HLS.S30.T10SGJ.2021096T183911.v2.0_EVI_cropped.tif,3244,863,35.16302490234375,val
hls_california\HLS.S30.T10SGJ.2021096T183911.v2.0_EVI_cropped.tif,3245,865,122.51251983642578,val
hls_california\HLS.S30.T10SGJ.2021096T183911.v2.0_EVI_cropped.tif,3246,866,87.0373764038086,val
hls_california\HLS.S30.T10SGJ.2021096T183911.v2.0_EVI_cropped.tif,3247,868,35.32666778564453,val
hls_california\HLS.S30.T10SGJ.2021096T183911.v2.0_EVI_cropped.tif,3249,869,26.187414169311523,val
hls_california\HLS.S30.T10SGJ.2021096T183911.v2.0_EVI_cropped.tif,3250,871,81.3374252319336,val
hls_california\HLS.S30.T10SGJ.2021096T183911.v2.0_EVI_cropped.tif,3251,872,953.7562255859375,val
hls_california\HLS.S30.T10SGJ.2021096T183911.v2.0_EVI_cropped.tif,3252,874,51.560028076171875,val
hls_california\HLS.S30.T10SGJ.2021096T183911.v2.0_EVI_cropped.tif,3253,875,320.4719543457031,val
hls_california\HLS.S30.T10SGJ.2021096T183911.v2.0_EVI_cropped.tif,3254,877,583.7762451171875,val
hls_california\HLS.S30.T10SGJ.2021096T183911.v2.0_EVI_cropped.tif,3256,878,-9999.0,val
hls_california\HLS.S30.T10SGJ.2021096T183911.v2.0_EVI_cropped.tif,3288,921,365.0362243652344,val
hls_california\HLS.S30.T10SGJ.2021096T183911.v2.0_EVI_cropped.tif,3289,922,58.73833084106445,val
hls_california\HLS.S30.T10SGJ.2021096T183911.v2.0_EVI_cropped.tif,3290,924,163.87745666503906,val
hls_california\HLS.S30.T10SGJ.2021096T183911.v2.0_EVI_cropped.tif,3292,925,32.626441955566406,val
hls_california\HLS.S30.T10SGJ.2021096T183911.v2.0_EVI_cropped.tif,3293,927,29.610994338989258,val
hls_california\HLS.S30.T10SGJ.2021096T183911.v2.0_EVI_cropped.tif,3294,928,59.875545501708984,val
hls_california\HLS.S30.T10SGJ.2021096T183911.v2.0_EVI_cropped.tif,3295,930,141.13253784179688,val
hls_california\HLS.S30.T10SGJ.2021096T183911.v2.0_EVI_cropped.tif,3296,931,158.99990844726562,val
hls_california\HLS.S30.T10SGJ.2021096T183911.v2.0_EVI_cropped.tif,3297,933,125.76158905029297,val
hls_california\HLS.S30.T10SGJ.2021096T183911.v2.0_EVI_cropped.tif,3299,934,141.7958984375,val
hls_california\HLS.S30.T10SGJ.2021096T183911.v2.0_EVI_cropped.tif,3300,936,18.471240997314453,val
hls_california\HLS.S30.T10SGJ.2021096T183911.v2.0_EVI_cropped.tif,3301,937,121.64817810058594,val
hls_california\HLS.S30.T10SGJ.2021096T183911.v2.0_EVI_cropped.tif,3335,981,226.8446044921875,val
hls_california\HLS.S30.T10TCL.2021100T190909.v2.0_EVI_cropped.tif,1798,723,249.33595275878906,train
hls_california\HLS.S30.T10TCL.2021100T190909.v2.0_EVI_cropped.tif,1799,725,165.46263122558594,train
hls_california\HLS.S30.T10TCL.2021100T190909.v2.0_EVI_cropped.tif,1800,726,159.19728088378906,train
hls_california\HLS.S30.T10TCL.2021100T190909.v2.0_EVI_cropped.tif,1802,728,309.0013427734375,train
hls_california\HLS.S30.T10TCL.2021100T190909.v2.0_EVI_cropped.tif,1803,729,214.15980529785156,train
hls_california\HLS.S30.T10TCL.2021100T190909.v2.0_EVI_cropped.tif,1804,731,311.9786376953125,train
hls_california\HLS.S30.T10TCL.2021100T190909.v2.0_EVI_cropped.tif,1805,732,86.30229949951172,train
hls_california\HLS.S30.T10TCL.2021100T190909.v2.0_EVI_cropped.tif,1806,734,15.120341300964355,train
hls_california\HLS.S30.T10TCL.2021100T190909.v2.0_EVI_cropped.tif,1807,735,217.01998901367188,train
hls_california\HLS.S30.T10TCL.2021100T190909.v2.0_EVI_cropped.tif,1809,737,214.99005126953125,train
hls_california\HLS.S30.T10TCL.2021100T190909.v2.0_EVI_cropped.tif,1810,738,315.3113098144531,train
hls_california\HLS.S30.T10TCL.2021100T190909.v2.0_EVI_cropped.tif,1811,740,307.40692138671875,train
hls_california\HLS.S30.T10TCL.2021100T190909.v2.0_EVI_cropped.tif,1812,741,106.05541229248047,train
hls_california\HLS.S30.T10TCL.2021100T190909.v2.0_EVI_cropped.tif,1813,743,118.29581451416016,train
hls_california\HLS.S30.T10TCL.2021100T190909.v2.0_EVI_cropped.tif,1814,744,44.98158264160156,train
hls_california\HLS.S30.T10TCL.2021100T190909.v2.0_EVI_cropped.tif,1815,746,313.578125,train
hls_california\HLS.S30.T10TCL.2021100T190909.v2.0_EVI_cropped.tif,1817,747,333.2854919433594,train
hls_california\HLS.S30.T10TCL.2021100T190909.v2.0_EVI_cropped.tif,1818,749,425.38323974609375,train
hls_california\HLS.S30.T10TCL.2021100T190909.v2.0_EVI_cropped.tif,1819,750,386.4385986328125,train
hls_california\HLS.S30.T10TCL.2021100T190909.v2.0_EVI_cropped.tif,1820,752,151.98611450195312,train
hls_california\HLS.S30.T10TCL.2021100T190909.v2.0_EVI_cropped.tif,1821,753,404.55096435546875,train
hls_california\HLS.S30.T10TCL.2021100T190909.v2.0_EVI_cropped.tif,1822,755,343.4497985839844,train
hls_california\HLS.S30.T10TCL.2021100T190909.v2.0_EVI_cropped.tif,1824,756,43.488616943359375,train
hls_california\HLS.S30.T10TCL.2021100T190909.v2.0_EVI_cropped.tif,1825,758,427.73065185546875,train
hls_california\HLS.S30.T10TCL.2021100T190909.v2.0_EVI_cropped.tif,1826,760,341.7554931640625,train
hls_california\HLS.S30.T10TCL.2021100T190909.v2.0_EVI_cropped.tif,1827,761,375.2225341796875,train
hls_california\HLS.S30.T10TCL.2021100T190909.v2.0_EVI_cropped.tif,1828,763,661.9938354492188,train
hls_california\HLS.S30.T10TCL.2021100T190909.v2.0_EVI_cropped.tif,1829,764,265.0209655761719,train
hls_california\HLS.S30.T10TCL.2021100T190909.v2.0_EVI_cropped.tif,1830,766,233.9662628173828,train
hls_california\HLS.S30.T10TCL.2021100T190909.v2.0_EVI_cropped.tif,1832,767,233.4937744140625,train
hls_california\HLS.S30.T10TCL.2021100T190909.v2.0_EVI_cropped.tif,1833,769,33.372535705566406,train
hls_california\HLS.S30.T10TCL.2021100T190909.v2.0_EVI_cropped.tif,1834,770,462.0842590332031,train
hls_california\HLS.S30.T10TCL.2021100T190909.v2.0_EVI_cropped.tif,1835,772,61.44144821166992,train
hls_california\HLS.S30.T10TCL.2021100T190909.v2.0_EVI_cropped.tif,1836,773,92.01768493652344,train
hls_california\HLS.S30.T10TCL.2021100T190909.v2.0_EVI_cropped.tif,1837,775,153.2327423095703,train
hls_california\HLS.S30.T10TCL.2021100T190909.v2.0_EVI_cropped.tif,1839,776,87.43987274169922,train
hls_california\HLS.S30.T10TCL.2021100T190909.v2.0_EVI_cropped.tif,1840,778,300.7201843261719,train
hls_california\HLS.S30.T10TCL.2021100T190909.v2.0_EVI_cropped.tif,1841,779,60.978668212890625,train
hls_california\HLS.S30.T10TCL.2021100T190909.v2.0_EVI_cropped.tif,1842,781,-9999.0,train
hls_california\HLS.L30.T10TDK.2021110T185717.v2.0_EVI_cropped.tif,17,2258,-9999.0,train
hls_california\HLS.L30.T10TDK.2021110T185717.v2.0_EVI_cropped.tif,18,2260,-9999.0,train
hls_california\HLS.L30.T10TDK.2021110T185717.v2.0_EVI_cropped.tif,19,2261,-9999.0,train
hls_california\HLS.L30.T10TDK.2021110T185717.v2.0_EVI_cropped.tif,20,2263,-9999.0,train
hls_california\HLS.L30.T10TDK.2021110T185717.v2.0_EVI_cropped.tif,21,2264,-9999.0,train
hls_california\HLS.L30.T10TDK.2021110T185717.v2.0_EVI_cropped.tif,22,2266,-9999.0,train
hls_california\HLS.L30.T10TDK.2021110T185717.v2.0_EVI_cropped.tif,24,2267,-9999.0,train
hls_california\HLS.L30.T10TDK.2021110T185717.v2.0_EVI_cropped.tif,25,2269,-9999.0,train
hls_california\HLS.L30.T10TDK.2021110T185717.v2.0_EVI_cropped.tif,26,2270,-9999.0,train
hls_california\HLS.L30.T10TDK.2021110T185717.v2.0_EVI_cropped.tif,27,2272,-9999.0,train
hls_california\HLS.L30.T10TDK.2021110T185717.v2.0_EVI_cropped.tif,28,2273,31.108924865722656,train
hls_california\HLS.L30.T10TDK.2021110T185717.v2.0_EVI_cropped.tif,29,2275,43.591712951660156,train
hls_california\HLS.L30.T10TDK.2021110T185717.v2.0_EVI_cropped.tif,30,2276,24.929489135742188,train
hls_california\HLS.L30.T10TDK.2021110T185717.v2.0_EVI_cropped.tif,32,2278,25.330270767211914,train
hls_california\HLS.L30.T10TDK.2021110T185717.v2.0_EVI_cropped.tif,33,2279,15.894121170043945,train
hls_california\HLS.L30.T10TDK.2021110T185717.v2.0_EVI_cropped.tif,34,2281,20.754913330078125,train
hls_california\HLS.L30.T10TDK.2021110T185717.v2.0_EVI_cropped.tif,35,2282,43.72406005859375,train
hls_california\HLS.L30.T10TDK.2021110T185717.v2.0_EVI_cropped.tif,36,2284,14.938194274902344,train
hls_california\HLS.L30.T10TDK.2021110T185717.v2.0_EVI_cropped.tif,37,2286,19.80150032043457,train
hls_california\HLS.L30.T10TDK.2021110T185717.v2.0_EVI_cropped.tif,39,2287,22.248516082763672,train
hls_california\HLS.L30.T10TDK.2021110T185717.v2.0_EVI_cropped.tif,40,2289,-9999.0,train
hls_california\HLS.L30.T10TDK.2021110T185717.v2.0_EVI_cropped.tif,41,2290,42.05744171142578,train
hls_california\HLS.L30.T10TDK.2021110T185717.v2.0_EVI_cropped.tif,42,2292,15.731842041015625,train
hls_california\HLS.L30.T10TDK.2021110T185717.v2.0_EVI_cropped.tif,43,2293,22.61469078063965,train
hls_california\HLS.L30.T10TDK.2021110T185717.v2.0_EVI_cropped.tif,44,2295,16.5189208984375,train
hls_california\HLS.L30.T10TDK.2021110T185717.v2.0_EVI_cropped.tif,45,2296,18.645309448242188,train
hls_california\HLS.L30.T10TDK.2021110T185717.v2.0_EVI_cropped.tif,47,2298,20.021650314331055,train
hls_california\HLS.L30.T10TDK.2021110T185717.v2.0_EVI_cropped.tif,48,2299,17.74142837524414,train
hls_california\HLS.L30.T10TDK.2021110T185717.v2.0_EVI_cropped.tif,49,2301,14.7620267868042,train
hls_california\HLS.L30.T10TDK.2021110T185717.v2.0_EVI_cropped.tif,50,2302,52.205047607421875,train
hls_california\HLS.L30.T10TDK.2021110T185717.v2.0_EVI_cropped.tif,51,2304,85.93778228759766,train
hls_california\HLS.L30.T10TDK.2021110T185717.v2.0_EVI_cropped.tif,52,2305,149.70541381835938,train
hls_california\HLS.L30.T10TDK.2021110T185717.v2.0_EVI_cropped.tif,54,2307,147.45526123046875,train
hls_california\HLS.L30.T10TDK.2021110T185717.v2.0_EVI_cropped.tif,55,2308,278.0205078125,train
hls_california\HLS.L30.T10TDK.2021110T185717.v2.0_EVI_cropped.tif,56,2310,347.90423583984375,train
hls_california\HLS.L30.T10TDK.2021110T185717.v2.0_EVI_cropped.tif,57,2311,258.1728210449219,train
hls_california\HLS.L30.T10TDK.2021110T185717.v2.0_EVI_cropped.tif,58,2313,143.50169372558594,train
hls_california\HLS.L30.T10TDK.2021110T185717.v2.0_EVI_cropped.tif,59,2314,141.27346801757812,train
hls_california\HLS.L30.T10TDK.2021110T185717.v2.0_EVI_cropped.tif,60,2316,134.68385314941406,train
hls_california\HLS.L30.T10TDK.2021110T185717.v2.0_EVI_cropped.tif,62,2317,38.56001281738281,train
hls_california\HLS.L30.T10TDK.2021110T185717.v2.0_EVI_cropped.tif,63,2319,154.10569763183594,train
hls_california\HLS.L30.T10TDK.2021110T185717.v2.0_EVI_cropped.tif,64,2320,102.7823715209961,train
hls_california\HLS.L30.T10TDK.2021110T185717.v2.0_EVI_cropped.tif,65,2322,22.497859954833984,train
hls_california\HLS.L30.T10TDK.2021110T185717.v2.0_EVI_cropped.tif,66,2323,34.96055221557617,train
hls_california\HLS.L30.T10TDK.2021110T185717.v2.0_EVI_cropped.tif,67,2325,14.797309875488281,train
hls_california\HLS.L30.T10TDK.2021110T185717.v2.0_EVI_cropped.tif,69,2326,37.1075325012207,train
hls_california\HLS.L30.T10TDK.2021110T185717.v2.0_EVI_cropped.tif,70,2328,88.13619232177734,train
hls_california\HLS.L30.T10TDK.2021110T185717.v2.0_EVI_cropped.tif,71,2329,412.1139221191406,train
hls_california\HLS.L30.T10TDK.2021110T185717.v2.0_EVI_cropped.tif,72,2331,46.97162628173828,train
hls_california\HLS.L30.T10TDK.2021110T185717.v2.0_EVI_cropped.tif,73,2333,29.439939498901367,train
hls_california\HLS.L30.T10TDK.2021110T185717.v2.0_EVI_cropped.tif,74,2334,46.12167739868164,train
hls_california\HLS.L30.T10TDK.2021110T185717.v2.0_EVI_cropped.tif,75,2336,17.788793563842773,train
hls_california\HLS.L30.T10TDK.2021110T185717.v2.0_EVI_cropped.tif,77,2337,118.37127685546875,train
hls_california\HLS.L30.T10TDK.2021110T185717.v2.0_EVI_cropped.tif,78,2339,18.7363224029541,train
hls_california\HLS.L30.T10TDK.2021110T185717.v2.0_EVI_cropped.tif,79,2340,83.18487548828125,train
hls_california\HLS.L30.T10TDK.2021110T185717.v2.0_EVI_cropped.tif,80,2342,31.524778366088867,train
hls_california\HLS.L30.T10TDK.2021110T185717.v2.0_EVI_cropped.tif,81,2343,32.416202545166016,train
hls_california\HLS.L30.T10TDK.2021110T185717.v2.0_EVI_cropped.tif,82,2345,25.479755401611328,train
hls_california\HLS.L30.T10TDK.2021110T185717.v2.0_EVI_cropped.tif,84,2346,25.47683334350586,train
hls_california\HLS.L30.T10TDK.2021110T185717.v2.0_EVI_cropped.tif,85,2348,14.528246879577637,train
hls_california\HLS.L30.T10TDK.2021110T185717.v2.0_EVI_cropped.tif,86,2349,35.21379089355469,train
hls_california\HLS.L30.T10TDK.2021110T185717.v2.0_EVI_cropped.tif,87,2351,352.1158447265625,train
hls_california\HLS.L30.T10TDK.2021110T185717.v2.0_EVI_cropped.tif,88,2352,355.859375,train
hls_california\HLS.L30.T10TDK.2021110T185717.v2.0_EVI_cropped.tif,89,2354,191.38536071777344,train
hls_california\HLS.L30.T10TDK.2021110T185717.v2.0_EVI_cropped.tif,90,2355,243.1949462890625,train
hls_california\HLS.L30.T10TDK.2021110T185717.v2.0_EVI_cropped.tif,92,2357,181.85682678222656,train
hls_california\HLS.L30.T10TDK.2021110T185717.v2.0_EVI_cropped.tif,93,2358,46.46871566772461,train
hls_california\HLS.L30.T10TDK.2021110T185717.v2.0_EVI_cropped.tif,94,2360,55.27646255493164,train
hls_california\HLS.L30.T10TDK.2021110T185717.v2.0_EVI_cropped.tif,95,2361,364.7815856933594,train
hls_california\HLS.L30.T10TDK.2021110T185717.v2.0_EVI_cropped.tif,96,2363,98.1270751953125,train
hls_california\HLS.L30.T10TDK.2021110T185717.v2.0_EVI_cropped.tif,97,2364,125.40754699707031,train
hls_california\HLS.L30.T10TDK.2021110T185717.v2.0_EVI_cropped.tif,99,2366,22.503692626953125,train
hls_california\HLS.L30.T10TDK.2021110T185717.v2.0_EVI_cropped.tif,100,2367,126.17354583740234,train
hls_california\HLS.L30.T10TDK.2021110T185717.v2.0_EVI_cropped.tif,101,2369,137.40493774414062,train
hls_california\HLS.L30.T10TDK.2021110T185717.v2.0_EVI_cropped.tif,102,2370,16.411479949951172,train
hls_california\HLS.L30.T10TDK.2021110T185717.v2.0_EVI_cropped.tif,103,2372,-9999.0,train
hls_california\HLS.L30.T10TDK.2021110T185717.v2.0_EVI_cropped.tif,104,2373,84.2026138305664,train
hls_california\HLS.L30.T10TDK.2021110T185717.v2.0_EVI_cropped.tif,105,2375,102.09115600585938,train
hls_california\HLS.L30.T10TDK.2021110T185717.v2.0_EVI_cropped.tif,107,2376,130.3956756591797,train
hls_california\HLS.L30.T10TDK.2021110T185717.v2.0_EVI_cropped.tif,108,2378,104.5808334350586,train
hls_california\HLS.L30.T10TDK.2021110T185717.v2.0_EVI_cropped.tif,109,2380,97.80421447753906,train
hls_california\HLS.L30.T10TDK.2021110T185717.v2.0_EVI_cropped.tif,110,2381,30.144084930419922,train
hls_california\HLS.L30.T10TDK.2021110T185717.v2.0_EVI_cropped.tif,111,2383,97.65667724609375,train
hls_california\HLS.L30.T10TDK.2021110T185717.v2.0_EVI_cropped.tif,112,2384,14.622005462646484,train
hls_california\HLS.L30.T10TDK.2021110T185717.v2.0_EVI_cropped.tif,114,2386,-9999.0,train
hls_california\HLS.L30.T10TDK.2021110T185717.v2.0_EVI_cropped.tif,115,2387,177.86273193359375,train
hls_california\HLS.L30.T10TDK.2021110T185717.v2.0_EVI_cropped.tif,116,2389,127.53588104248047,train
hls_california\HLS.L30.T10TDK.2021110T185717.v2.0_EVI_cropped.tif,117,2390,75.77041625976562,train
hls_california\HLS.L30.T10TDK.2021110T185717.v2.0_EVI_cropped.tif,118,2392,139.38229370117188,train
hls_california\HLS.L30.T10TDK.2021110T185717.v2.0_EVI_cropped.tif,119,2393,214.8727569580078,train
hls_california\HLS.L30.T10TDK.2021110T185717.v2.0_EVI_cropped.tif,120,2395,144.23651123046875,train
hls_california\HLS.L30.T10TDK.2021110T185717.v2.0_EVI_cropped.tif,122,2396,164.1845245361328,train
hls_california\HLS.L30.T10TDK.2021110T185717.v2.0_EVI_cropped.tif,123,2398,-9999.0,train
hls_california\HLS.L30.T10TDK.2021110T185717.v2.0_EVI_cropped.tif,124,2399,224.97354125976562,train
hls_california\HLS.L30.T10TDK.2021110T185717.v2.0_EVI_cropped.tif,125,2401,117.58793640136719,train
hls_california\HLS.L30.T10TDK.2021110T185717.v2.0_EVI_cropped.tif,126,2402,395.8559875488281,train
hls_california\HLS.L30.T10TDK.2021110T185717.v2.0_EVI_cropped.tif,127,2404,379.26885986328125,train
hls_california\HLS.L30.T10TDK.2021110T185717.v2.0_EVI_cropped.tif,129,2405,245.32687377929688,train
hls_california\HLS.L30.T10TDK.2021110T185717.v2.0_EVI_cropped.tif,130,2407,229.8585662841797,train
hls_california\HLS.L30.T10TDK.2021110T185717.v2.0_EVI_cropped.tif,131,2408,326.6207580566406,train
hls_california\HLS.L30.T10TDK.2021110T185717.v2.0_EVI_cropped.tif,132,2410,147.3692169189453,train
hls_california\HLS.L30.T10TDK.2021110T185717.v2.0_EVI_cropped.tif,133,2411,115.7679214477539,train
hls_california\HLS.L30.T10TDK.2021110T185717.v2.0_EVI_cropped.tif,134,2413,199.16763305664062,train
hls_california\HLS.L30.T10TDK.2021110T185717.v2.0_EVI_cropped.tif,135,2414,142.99545288085938,train
hls_california\HLS.L30.T10TDK.2021110T185717.v2.0_EVI_cropped.tif,137,2416,220.11524963378906,train
hls_california\HLS.L30.T10TDK.2021110T185717.v2.0_EVI_cropped.tif,138,2417,166.7493133544922,train
hls_california\HLS.L30.T10TDK.2021110T185717.v2.0_EVI_cropped.tif,139,2419,164.37518310546875,train
hls_california\HLS.L30.T10TDK.2021110T185717.v2.0_EVI_cropped.tif,140,2420,165.88568115234375,train
hls_california\HLS.L30.T10TDK.2021110T185717.v2.0_EVI_cropped.tif,141,2422,82.53484344482422,train
hls_california\HLS.L30.T10TDK.2021110T185717.v2.0_EVI_cropped.tif,142,2423,111.48926544189453,train
hls_california\HLS.L30.T10TDK.2021110T185717.v2.0_EVI_cropped.tif,143,2425,375.5334167480469,train
hls_california\HLS.L30.T10TDK.2021110T185717.v2.0_EVI_cropped.tif,145,2426,712.4411010742188,train
hls_california\HLS.L30.T10TDK.2021110T185717.v2.0_EVI_cropped.tif,146,2428,595.3980102539062,train
hls_california\HLS.L30.T10TDK.2021110T185717.v2.0_EVI_cropped.tif,147,2429,222.49427795410156,train
hls_california\HLS.L30.T10TDK.2021110T185717.v2.0_EVI_cropped.tif,148,2431,320.54376220703125,train
hls_california\HLS.L30.T10TDK.2021110T185717.v2.0_EVI_cropped.tif,149,2432,138.85939025878906,train
hls_california\HLS.L30.T10TDK.2021110T185717.v2.0_EVI_cropped.tif,150,2434,342.7249450683594,train
hls_california\HLS.L30.T10TDK.2021110T185717.v2.0_EVI_cropped.tif,152,2435,85.63496398925781,train
hls_california\HLS.L30.T10TDK.2021110T185717.v2.0_EVI_cropped.tif,153,2437,100.81434631347656,train
hls_california\HLS.L30.T10TDK.2021110T185717.v2.0_EVI_cropped.tif,154,2438,280.4037170410156,train
hls_california\HLS.L30.T10TDK.2021110T185717.v2.0_EVI_cropped.tif,155,2440,101.76443481445312,train
hls_california\HLS.L30.T10TDK.2021110T185717.v2.0_EVI_cropped.tif,156,2441,103.05130004882812,train
hls_california\HLS.L30.T10TDK.2021110T185717.v2.0_EVI_cropped.tif,157,2443,85.22631072998047,train
hls_california\HLS.L30.T10TDK.2021110T185717.v2.0_EVI_cropped.tif,158,2444,94.72415161132812,train
hls_california\HLS.L30.T10TDK.2021110T185717.v2.0_EVI_cropped.tif,160,2446,117.17304229736328,train
hls_california\HLS.L30.T10TDK.2021110T185717.v2.0_EVI_cropped.tif,161,2447,260.4784851074219,train
hls_california\HLS.L30.T10TDK.2021110T185717.v2.0_EVI_cropped.tif,162,2449,-9999.0,train
hls_california\HLS.L30.T10TDK.2021110T185717.v2.0_EVI_cropped.tif,163,2450,619.9867553710938,train
hls_california\HLS.L30.T10TDK.2021110T185717.v2.0_EVI_cropped.tif,164,2452,971.9512329101562,train
hls_california\HLS.L30.T10TDK.2021110T185717.v2.0_EVI_cropped.tif,165,2453,659.0138549804688,train
hls_california\HLS.L30.T10TDK.2021110T185717.v2.0_EVI_cropped.tif,167,2455,67.33894348144531,train
hls_california\HLS.L30.T10TDK.2021110T185717.v2.0_EVI_cropped.tif,168,2456,74.54426574707031,train
hls_california\HLS.L30.T10TDK.2021110T185717.v2.0_EVI_cropped.tif,169,2458,88.58016204833984,train
hls_california\HLS.L30.T10TDK.2021110T185717.v2.0_EVI_cropped.tif,170,2459,14.74622631072998,train
hls_california\HLS.L30.T10TDK.2021110T185717.v2.0_EVI_cropped.tif,171,2461,230.0338592529297,train
hls_california\HLS.L30.T10TDK.2021110T185717.v2.0_EVI_cropped.tif,172,2462,210.7490997314453,train
hls_california\HLS.L30.T10TDK.2021110T185717.v2.0_EVI_cropped.tif,173,2464,115.00284576416016,train
hls_california\HLS.L30.T10TDK.2021110T185717.v2.0_EVI_cropped.tif,175,2465,161.99574279785156,train
hls_california\HLS.L30.T10TDK.2021110T185717.v2.0_EVI_cropped.tif,176,2467,386.5217590332031,train
hls_california\HLS.L30.T10TDK.2021110T185717.v2.0_EVI_cropped.tif,177,2469,37.531490325927734,train
hls_california\HLS.L30.T10TDK.2021110T185717.v2.0_EVI_cropped.tif,178,2470,288.1650695800781,train
hls_california\HLS.L30.T10TDK.2021110T185717.v2.0_EVI_cropped.tif,179,2472,112.21449279785156,train
hls_california\HLS.L30.T10TDK.2021110T185717.v2.0_EVI_cropped.tif,180,2473,164.68869018554688,train
hls_california\HLS.L30.T10TDK.2021110T185717.v2.0_EVI_cropped.tif,182,2475,141.4835662841797,train
hls_california\HLS.L30.T10TDK.2021110T185717.v2.0_EVI_cropped.tif,183,2476,200.9536590576172,train
hls_california\HLS.L30.T10TDK.2021110T185717.v2.0_EVI_cropped.tif,184,2478,395.6465148925781,train
hls_california\HLS.L30.T10TDK.2021110T185717.v2.0_EVI_cropped.tif,185,2479,501.9956359863281,train
hls_california\HLS.L30.T10TDK.2021110T185717.v2.0_EVI_cropped.tif,186,2481,290.00830078125,train
hls_california\HLS.L30.T10TDK.2021110T185717.v2.0_EVI_cropped.tif,187,2482,-9999.0,train
hls_california\HLS.L30.T10TDK.2021110T185717.v2.0_EVI_cropped.tif,189,2484,-9999.0,train
hls_california\HLS.L30.T10TDK.2021110T185717.v2.0_EVI_cropped.tif,190,2485,394.0850524902344,train
hls_california\HLS.L30.T10TDK.2021110T185717.v2.0_EVI_cropped.tif,191,2487,161.42202758789062,train
hls_california\HLS.L30.T10TDK.2021110T185717.v2.0_EVI_cropped.tif,192,2488,589.8720703125,train
hls_california\HLS.L30.T10TDK.2021110T185717.v2.0_EVI_cropped.tif,193,2490,410.2034912109375,train
hls_california\HLS.L30.T10TDK.2021110T185717.v2.0_EVI_cropped.tif,194,2491,149.84661865234375,train
hls_california\HLS.L30.T10TDK.2021110T185717.v2.0_EVI_cropped.tif,195,2493,83.89652252197266,train
hls_california\HLS.L30.T10TDK.2021110T185717.v2.0_EVI_cropped.tif,197,2494,199.206787109375,train
hls_california\HLS.L30.T10TDK.2021110T185717.v2.0_EVI_cropped.tif,198,2496,202.39686584472656,train
hls_california\HLS.L30.T10TDK.2021110T185717.v2.0_EVI_cropped.tif,199,2498,199.42652893066406,train
hls_california\HLS.L30.T10TDK.2021110T185717.v2.0_EVI_cropped.tif,200,2499,199.89901733398438,train
hls_california\HLS.L30.T10TDK.2021110T185717.v2.0_EVI_cropped.tif,201,2501,86.7256088256836,train
hls_california\HLS.L30.T10TDK.2021110T185717.v2.0_EVI_cropped.tif,202,2502,110.00804901123047,train
hls_california\HLS.L30.T10TDK.2021110T185717.v2.0_EVI_cropped.tif,204,2504,296.8153381347656,train
hls_california\HLS.L30.T10TDK.2021110T185717.v2.0_EVI_cropped.tif,205,2505,345.0604248046875,train
hls_california\HLS.L30.T10TDK.2021110T185717.v2.0_EVI_cropped.tif,206,2507,-9999.0,train
hls_california\HLS.L30.T10TDK.2021110T185717.v2.0_EVI_cropped.tif,207,2508,824.2822875976562,train
hls_california\HLS.L30.T10TDK.2021110T185717.v2.0_EVI_cropped.tif,208,2510,-9999.0,train
hls_california\HLS.L30.T10TDK.2021110T185717.v2.0_EVI_cropped.tif,209,2511,711.1114501953125,train
hls_california\HLS.L30.T10TDK.2021110T185717.v2.0_EVI_cropped.tif,210,2513,425.9662780761719,train
hls_california\HLS.L30.T10TDK.2021110T185717.v2.0_EVI_cropped.tif,212,2514,402.5438537597656,train
hls_california\HLS.L30.T10TDK.2021110T185717.v2.0_EVI_cropped.tif,213,2516,175.89549255371094,train
hls_california\HLS.L30.T10TDK.2021110T185717.v2.0_EVI_cropped.tif,214,2517,599.6865234375,train
hls_california\HLS.L30.T10TDK.2021110T185717.v2.0_EVI_cropped.tif,215,2519,627.58740234375,train
hls_california\HLS.L30.T10TDK.2021110T185717.v2.0_EVI_cropped.tif,216,2520,440.6138916015625,train
hls_california\HLS.L30.T10TDK.2021110T185717.v2.0_EVI_cropped.tif,217,2522,534.1376953125,train
hls_california\HLS.L30.T10TDK.2021110T185717.v2.0_EVI_cropped.tif,219,2523,155.1361846923828,train
hls_california\HLS.L30.T10TDK.2021110T185717.v2.0_EVI_cropped.tif,220,2525,-9999.0,train
hls_california\HLS.L30.T10TDK.2021110T185717.v2.0_EVI_cropped.tif,221,2526,159.28074645996094,train
hls_california\HLS.L30.T10TDK.2021110T185717.v2.0_EVI_cropped.tif,222,2528,62.910282135009766,train
hls_california\HLS.L30.T10TDK.2021110T185717.v2.0_EVI_cropped.tif,223,2529,502.4135437011719,train
hls_california\HLS.L30.T10TDK.2021110T185717.v2.0_EVI_cropped.tif,224,2531,-9999.0,train
hls_california\HLS.L30.T10TDK.2021110T185717.v2.0_EVI_cropped.tif,225,2532,565.2059936523438,train
hls_california\HLS.L30.T10TDK.2021110T185717.v2.0_EVI_cropped.tif,227,2534,36.10774612426758,train
hls_california\HLS.L30.T10TDK.2021110T185717.v2.0_EVI_cropped.tif,228,2535,23.259740829467773,train
hls_california\HLS.L30.T10TDK.2021110T185717.v2.0_EVI_cropped.tif,229,2537,44.34986877441406,train
hls_california\HLS.L30.T10TDK.2021110T185717.v2.0_EVI_cropped.tif,230,2538,-9999.0,train
hls_california\HLS.L30.T10TDK.2021110T185717.v2.0_EVI_cropped.tif,231,2540,27.188833236694336,train
hls_california\HLS.L30.T10TDK.2021110T185717.v2.0_EVI_cropped.tif,232,2541,378.48248291015625,train
hls_california\HLS.L30.T10TDK.2021110T185717.v2.0_EVI_cropped.tif,234,2543,108.83272552490234,train
hls_california\HLS.L30.T10TDK.2021110T185717.v2.0_EVI_cropped.tif,235,2544,50.2239990234375,train
hls_california\HLS.L30.T10TDK.2021110T185717.v2.0_EVI_cropped.tif,236,2546,416.14971923828125,train
hls_california\HLS.L30.T10TDK.2021110T185717.v2.0_EVI_cropped.tif,238,2549,331.7982482910156,train
hls_california\HLS.L30.T10TDK.2021110T185717.v2.0_EVI_cropped.tif,239,2550,168.3782958984375,train
hls_california\HLS.L30.T10TDK.2021110T185717.v2.0_EVI_cropped.tif,240,2552,252.44985961914062,train
hls_california\HLS.L30.T10TDK.2021110T185717.v2.0_EVI_cropped.tif,242,2553,193.419921875,train
hls_california\HLS.L30.T10TDK.2021110T185717.v2.0_EVI_cropped.tif,243,2555,186.77645874023438,train
hls_california\HLS.L30.T10TDK.2021110T185717.v2.0_EVI_cropped.tif,244,2557,194.8931884765625,train
hls_california\HLS.L30.T10TDK.2021110T185717.v2.0_EVI_cropped.tif,245,2558,301.84478759765625,train
hls_california\HLS.L30.T10TDK.2021110T185717.v2.0_EVI_cropped.tif,246,2560,151.2962646484375,train
hls_california\HLS.L30.T10TDK.2021110T185717.v2.0_EVI_cropped.tif,247,2561,140.18153381347656,train
hls_california\HLS.L30.T10TDK.2021110T185717.v2.0_EVI_cropped.tif,249,2563,104.15058135986328,train
hls_california\HLS.L30.T10TDK.2021110T185717.v2.0_EVI_cropped.tif,250,2564,32.00397491455078,train
hls_california\HLS.L30.T10TDK.2021110T185717.v2.0_EVI_cropped.tif,251,2566,143.23411560058594,train
hls_california\HLS.L30.T10TDK.2021110T185717.v2.0_EVI_cropped.tif,252,2567,147.15777587890625,train
hls_california\HLS.L30.T10TDK.2021110T185717.v2.0_EVI_cropped.tif,253,2569,231.760498046875,train
hls_california\HLS.L30.T10TDK.2021110T185717.v2.0_EVI_cropped.tif,254,2570,479.1505126953125,train
hls_california\HLS.L30.T10TDK.2021110T185717.v2.0_EVI_cropped.tif,255,2572,967.0001831054688,train
hls_california\HLS.L30.T10TDK.2021110T185717.v2.0_EVI_cropped.tif,257,2573,611.541748046875,train
hls_california\HLS.L30.T10TDK.2021110T185717.v2.0_EVI_cropped.tif,258,2575,594.2745361328125,train
hls_california\HLS.L30.T10TDK.2021110T185717.v2.0_EVI_cropped.tif,259,2576,463.14312744140625,train
hls_california\HLS.L30.T10TDK.2021110T185717.v2.0_EVI_cropped.tif,260,2578,240.58103942871094,train
hls_california\HLS.L30.T10TDK.2021110T185717.v2.0_EVI_cropped.tif,261,2579,438.305908203125,train
hls_california\HLS.L30.T10TDK.2021110T185717.v2.0_EVI_cropped.tif,262,2581,265.00140380859375,train
hls_california\HLS.L30.T10TDK.2021110T185717.v2.0_EVI_cropped.tif,264,2582,38.935604095458984,train
hls_california\HLS.L30.T10TDK.2021110T185717.v2.0_EVI_cropped.tif,265,2584,294.7527770996094,train
hls_california\HLS.L30.T10TDK.2021110T185717.v2.0_EVI_cropped.tif,266,2585,486.702392578125,train
hls_california\HLS.L30.T10TDK.2021110T185717.v2.0_EVI_cropped.tif,267,2587,178.40325927734375,train
hls_california\HLS.L30.T10TDK.2021110T185717.v2.0_EVI_cropped.tif,268,2588,260.3030090332031,train
hls_california\HLS.L30.T10TDK.2021110T185717.v2.0_EVI_cropped.tif,269,2590,310.2007141113281,train
hls_california\HLS.L30.T10TDK.2021110T185717.v2.0_EVI_cropped.tif,270,2591,180.3073272705078,train
hls_california\HLS.L30.T10TDK.2021110T185717.v2.0_EVI_cropped.tif,272,2593,426.9917907714844,train
hls_california\HLS.L30.T10TDK.2021110T185717.v2.0_EVI_cropped.tif,273,2594,199.1822967529297,train
hls_california\HLS.L30.T10TDK.2021110T185717.v2.0_EVI_cropped.tif,274,2596,362.79541015625,train
hls_california\HLS.L30.T10TDK.2021110T185717.v2.0_EVI_cropped.tif,275,2598,434.015380859375,train
hls_california\HLS.L30.T10TDK.2021110T185717.v2.0_EVI_cropped.tif,276,2599,-9999.0,train
hls_california\HLS.L30.T10TDK.2021110T185717.v2.0_EVI_cropped.tif,277,2601,136.4402618408203,train
hls_california\HLS.L30.T10TDK.2021110T185717.v2.0_EVI_cropped.tif,279,2602,153.0218048095703,train
hls_california\HLS.L30.T10TDK.2021110T185717.v2.0_EVI_cropped.tif,280,2604,220.2475128173828,train
hls_california\HLS.L30.T10TDK.2021110T185717.v2.0_EVI_cropped.tif,281,2605,280.1539306640625,train
hls_california\HLS.L30.T10TDK.2021110T185717.v2.0_EVI_cropped.tif,282,2607,163.44100952148438,train
hls_california\HLS.L30.T10TDK.2021110T185717.v2.0_EVI_cropped.tif,283,2608,796.01220703125,train
hls_california\HLS.L30.T10TDK.2021110T185717.v2.0_EVI_cropped.tif,284,2610,123.28927612304688,train
hls_california\HLS.L30.T10TDK.2021110T185717.v2.0_EVI_cropped.tif,286,2611,169.71377563476562,train
hls_california\HLS.L30.T10TDK.2021110T185717.v2.0_EVI_cropped.tif,287,2613,102.57515716552734,train
hls_california\HLS.L30.T10TDK.2021110T185717.v2.0_EVI_cropped.tif,288,2614,268.367431640625,train
hls_california\HLS.L30.T10TDK.2021110T185717.v2.0_EVI_cropped.tif,289,2616,418.45306396484375,train
hls_california\HLS.L30.T10TDK.2021110T185717.v2.0_EVI_cropped.tif,290,2617,207.7307891845703,train
hls_california\HLS.L30.T10TDK.2021110T185717.v2.0_EVI_cropped.tif,291,2619,76.69778442382812,train
hls_california\HLS.L30.T10TDK.2021110T185717.v2.0_EVI_cropped.tif,292,2620,415.5703125,train
hls_california\HLS.L30.T10TDK.2021110T185717.v2.0_EVI_cropped.tif,294,2622,207.4802703857422,train
hls_california\HLS.L30.T10TDK.2021110T185717.v2.0_EVI_cropped.tif,295,2623,61.62669372558594,train
hls_california\HLS.L30.T10TDK.2021110T185717.v2.0_EVI_cropped.tif,296,2625,125.15109252929688,train
hls_california\HLS.L30.T10TDK.2021110T185717.v2.0_EVI_cropped.tif,297,2626,146.45278930664062,train
hls_california\HLS.L30.T10TDK.2021110T185717.v2.0_EVI_cropped.tif,298,2628,200.04464721679688,train
hls_california\HLS.L30.T10TDK.2021110T185717.v2.0_EVI_cropped.tif,299,2629,62.954078674316406,train
hls_california\HLS.L30.T10TDK.2021110T185717.v2.0_EVI_cropped.tif,301,2631,239.29879760742188,train
hls_california\HLS.L30.T10TDK.2021110T185717.v2.0_EVI_cropped.tif,302,2632,195.50311279296875,train
hls_california\HLS.L30.T10TDK.2021110T185717.v2.0_EVI_cropped.tif,303,2634,219.27610778808594,train
hls_california\HLS.L30.T10TDK.2021110T185717.v2.0_EVI_cropped.tif,304,2635,206.98268127441406,train
hls_california\HLS.L30.T10TDK.2021110T185717.v2.0_EVI_cropped.tif,305,2637,227.0177459716797,train
hls_california\HLS.L30.T10TDK.2021110T185717.v2.0_EVI_cropped.tif,306,2638,166.851318359375,train
hls_california\HLS.L30.T10TDK.2021110T185717.v2.0_EVI_cropped.tif,309,2641,184.09312438964844,train
hls_california\HLS.L30.T10TDK.2021110T185717.v2.0_EVI_cropped.tif,318,2654,137.58718872070312,train
hls_california\HLS.L30.T10TDK.2021110T185717.v2.0_EVI_cropped.tif,319,2655,196.3435516357422,train
hls_california\HLS.L30.T10TDK.2021110T185717.v2.0_EVI_cropped.tif,320,2657,291.92572021484375,train
hls_california\HLS.L30.T10TDK.2021110T185717.v2.0_EVI_cropped.tif,321,2658,41.679176330566406,train
hls_california\HLS.L30.T10TDK.2021110T185717.v2.0_EVI_cropped.tif,322,2660,15.068740844726562,train
hls_california\HLS.L30.T10TDK.2021110T185717.v2.0_EVI_cropped.tif,324,2661,16.786306381225586,train
hls_california\HLS.L30.T10TDK.2021110T185717.v2.0_EVI_cropped.tif,325,2663,16.61318588256836,train
hls_california\HLS.L30.T10TDK.2021110T185717.v2.0_EVI_cropped.tif,326,2664,27.194198608398438,train
hls_california\HLS.L30.T10TDK.2021110T185717.v2.0_EVI_cropped.tif,327,2666,75.64116668701172,train
hls_california\HLS.L30.T10TDK.2021110T185717.v2.0_EVI_cropped.tif,328,2667,41.01677322387695,train
hls_california\HLS.L30.T10TDK.2021110T185717.v2.0_EVI_cropped.tif,329,2669,79.5882339477539,train
hls_california\HLS.L30.T10TDK.2021110T185717.v2.0_EVI_cropped.tif,331,2670,-9999.0,train
hls_california\HLS.L30.T10TDK.2021110T185717.v2.0_EVI_cropped.tif,332,2672,68.0805435180664,train
hls_california\HLS.L30.T10TDK.2021110T185717.v2.0_EVI_cropped.tif,333,2673,14.578969955444336,train
hls_california\HLS.L30.T10TDK.2021110T185717.v2.0_EVI_cropped.tif,334,2675,17.07695960998535,train
hls_california\HLS.L30.T10TDK.2021110T185717.v2.0_EVI_cropped.tif,335,2676,15.355535507202148,train
hls_california\HLS.L30.T10TDK.2021110T185717.v2.0_EVI_cropped.tif,336,2678,14.938194274902344,train
hls_california\HLS.L30.T10TDK.2021110T185717.v2.0_EVI_cropped.tif,337,2679,14.938194274902344,train
hls_california\HLS.L30.T10TDK.2021110T185717.v2.0_EVI_cropped.tif,339,2681,14.97862720489502,train
hls_california\HLS.L30.T10TDK.2021110T185717.v2.0_EVI_cropped.tif,340,2682,14.617061614990234,train
hls_california\HLS.L30.T10TDK.2021110T185717.v2.0_EVI_cropped.tif,341,2684,14.517322540283203,train
hls_california\HLS.L30.T10TDK.2021110T185717.v2.0_EVI_cropped.tif,342,2685,14.331151962280273,train
hls_california\HLS.L30.T10TDK.2021110T185717.v2.0_EVI_cropped.tif,343,2687,14.578969955444336,train
hls_california\HLS.L30.T10TDK.2021110T185717.v2.0_EVI_cropped.tif,344,2689,14.29340648651123,train
hls_california\HLS.L30.T10TDK.2021110T185717.v2.0_EVI_cropped.tif,346,2690,15.04102611541748,train
hls_california\HLS.L30.T10TDK.2021110T185717.v2.0_EVI_cropped.tif,347,2692,14.927242279052734,train
hls_california\HLS.L30.T10TDK.2021110T185717.v2.0_EVI_cropped.tif,348,2693,16.40032958984375,train
hls_california\HLS.L30.T10TDK.2021110T185717.v2.0_EVI_cropped.tif,349,2695,17.43144416809082,train
hls_california\HLS.L30.T10TDK.2021110T185717.v2.0_EVI_cropped.tif,350,2696,-9999.0,train
hls_california\HLS.L30.T10TDK.2021110T185717.v2.0_EVI_cropped.tif,351,2698,18.095890045166016,train
hls_california\HLS.L30.T10TDK.2021110T185717.v2.0_EVI_cropped.tif,352,2699,18.200897216796875,train
hls_california\HLS.L30.T10TDK.2021110T185717.v2.0_EVI_cropped.tif,354,2701,13.890342712402344,train
hls_california\HLS.L30.T10TDK.2021110T185717.v2.0_EVI_cropped.tif,355,2702,14.477603912353516,train
hls_california\HLS.L30.T10TDK.2021110T185717.v2.0_EVI_cropped.tif,356,2704,14.707965850830078,train
hls_california\HLS.L30.T10TDK.2021110T185717.v2.0_EVI_cropped.tif,357,2705,15.030091285705566,train
hls_california\HLS.L30.T10TDK.2021110T185717.v2.0_EVI_cropped.tif,358,2707,14.19296646118164,train
hls_california\HLS.L30.T10TDK.2021110T185717.v2.0_EVI_cropped.tif,359,2708,14.389166831970215,train
hls_california\HLS.L30.T10TDK.2021110T185717.v2.0_EVI_cropped.tif,361,2710,14.74622631072998,train
hls_california\HLS.L30.T10TDK.2021110T185717.v2.0_EVI_cropped.tif,362,2711,14.243146896362305,train
hls_california\HLS.L30.T10TDK.2021110T185717.v2.0_EVI_cropped.tif,363,2713,14.29340648651123,train
hls_california\HLS.L30.T10TDK.2021110T185717.v2.0_EVI_cropped.tif,364,2714,14.427038192749023,train
hls_california\HLS.L30.T10TDK.2021110T185717.v2.0_EVI_cropped.tif,365,2716,14.477603912353516,train
hls_california\HLS.L30.T10TDK.2021110T185717.v2.0_EVI_cropped.tif,366,2717,14.578969955444336,train
hls_california\HLS.L30.T10TDK.2021110T185717.v2.0_EVI_cropped.tif,367,2719,15.251653671264648,train
hls_california\HLS.L30.T10TDK.2021110T185717.v2.0_EVI_cropped.tif,369,2720,14.29340648651123,train
hls_california\HLS.L30.T10TDK.2021110T185717.v2.0_EVI_cropped.tif,370,2722,14.389166831970215,train
hls_california\HLS.L30.T10TDK.2021110T185717.v2.0_EVI_cropped.tif,371,2723,14.555362701416016,train
hls_california\HLS.L30.T10TDK.2021110T185717.v2.0_EVI_cropped.tif,372,2725,-9999.0,train
hls_california\HLS.L30.T10TDK.2021110T185717.v2.0_EVI_cropped.tif,373,2726,3.265131950378418,train
hls_california\HLS.L30.T10TDK.2021110T185717.v2.0_EVI_cropped.tif,374,2728,1.1160929203033447,train
hls_california\HLS.L30.T10TDK.2021110T185717.v2.0_EVI_cropped.tif,376,2729,1.171596646308899,train
hls_california\HLS.L30.T10TDK.2021110T185717.v2.0_EVI_cropped.tif,377,2731,1.171596646308899,train
hls_california\HLS.L30.T10TDK.2021110T185717.v2.0_EVI_cropped.tif,378,2732,1.5648930072784424,train
hls_california\HLS.L30.T10TDK.2021110T185717.v2.0_EVI_cropped.tif,379,2734,1.1160929203033447,train
hls_california\HLS.L30.T10TDK.2021110T185717.v2.0_EVI_cropped.tif,380,2736,1.0221772193908691,train
hls_california\HLS.L30.T10TDK.2021110T185717.v2.0_EVI_cropped.tif,381,2737,1.1160929203033447,train
hls_california\HLS.L30.T10TDK.2021110T185717.v2.0_EVI_cropped.tif,382,2739,1.0221772193908691,train
hls_california\HLS.L30.T10TDK.2021110T185717.v2.0_EVI_cropped.tif,384,2740,-9999.0,train
hls_california\HLS.L30.T10TDK.2021110T185717.v2.0_EVI_cropped.tif,385,2742,-9999.0,train
hls_california\HLS.L30.T10TDK.2021110T185717.v2.0_EVI_cropped.tif,386,2743,1.0619252920150757,train
hls_california\HLS.L30.T10TDK.2021110T185717.v2.0_EVI_cropped.tif,387,2745,1.0221772193908691,train
hls_california\HLS.L30.T10TDK.2021110T185717.v2.0_EVI_cropped.tif,388,2746,1.0619252920150757,train
hls_california\HLS.L30.T10TDK.2021110T185717.v2.0_EVI_cropped.tif,389,2748,0.9703503251075745,train
hls_california\HLS.L30.T10TDK.2021110T185717.v2.0_EVI_cropped.tif,391,2749,16.682573318481445,train
hls_california\HLS.L30.T10TDK.2021110T185717.v2.0_EVI_cropped.tif,392,2751,1.331116795539856,train
hls_california\HLS.L30.T10TDK.2021110T185717.v2.0_EVI_cropped.tif,393,2752,1.697226881980896,train
hls_california\HLS.L30.T10TDK.2021110T185717.v2.0_EVI_cropped.tif,394,2754,24.823251724243164,train
hls_california\HLS.L30.T10TDK.2021110T185717.v2.0_EVI_cropped.tif,395,2755,26.287858963012695,train
hls_california\HLS.L30.T10TDK.2021110T185717.v2.0_EVI_cropped.tif,396,2757,2.240774393081665,train
hls_california\HLS.L30.T10TDK.2021110T185717.v2.0_EVI_cropped.tif,397,2758,14.848471641540527,train
hls_california\HLS.L30.T10TDK.2021110T185717.v2.0_EVI_cropped.tif,399,2760,15.030091285705566,train
hls_california\HLS.L30.T10TDK.2021110T185717.v2.0_EVI_cropped.tif,400,2761,27.11771011352539,train
hls_california\HLS.L30.T10TDK.2021110T185717.v2.0_EVI_cropped.tif,401,2763,39.72410583496094,train
hls_california\HLS.L30.T10TDK.2021110T185717.v2.0_EVI_cropped.tif,402,2764,60.880592346191406,train
hls_california\HLS.L30.T10TDK.2021110T185717.v2.0_EVI_cropped.tif,403,2766,-9999.0,train
hls_california\HLS.L30.T10TDK.2021110T185717.v2.0_EVI_cropped.tif,404,2767,27.21629524230957,train
hls_california\HLS.L30.T10TDK.2021110T185717.v2.0_EVI_cropped.tif,406,2769,21.64191246032715,train
hls_california\HLS.L30.T10TDK.2021110T185717.v2.0_EVI_cropped.tif,407,2770,15.650961875915527,train
hls_california\HLS.L30.T10TDK.2021110T185717.v2.0_EVI_cropped.tif,408,2772,22.00450325012207,train
hls_california\HLS.L30.T10TDK.2021110T185717.v2.0_EVI_cropped.tif,409,2773,16.734458923339844,train
hls_california\HLS.L30.T10TDK.2021110T185717.v2.0_EVI_cropped.tif,410,2775,14.911051750183105,train
hls_california\HLS.L30.T10TDK.2021110T185717.v2.0_EVI_cropped.tif,411,2776,16.57436752319336,train
hls_california\HLS.L30.T10TDK.2021110T185717.v2.0_EVI_cropped.tif,412,2778,23.834508895874023,train
hls_california\HLS.L30.T10TDK.2021110T185717.v2.0_EVI_cropped.tif,414,2779,19.144845962524414,train
hls_california\HLS.L30.T10TDK.2021110T185717.v2.0_EVI_cropped.tif,415,2781,26.847780227661133,train
hls_california\HLS.L30.T10TDK.2021110T185717.v2.0_EVI_cropped.tif,416,2782,15.030091285705566,train
hls_california\HLS.L30.T10TDK.2021110T185717.v2.0_EVI_cropped.tif,417,2784,0.919861912727356,train
hls_california\HLS.L30.T10TDK.2021110T185717.v2.0_EVI_cropped.tif,418,2785,1.1160929203033447,train
hls_california\HLS.L30.T10TDK.2021110T185717.v2.0_EVI_cropped.tif,419,2787,1.171596646308899,train
hls_california\HLS.L30.T10TDK.2021110T185717.v2.0_EVI_cropped.tif,421,2789,-9999.0,train
hls_california\HLS.L30.T10TDK.2021110T185717.v2.0_EVI_cropped.tif,422,2790,1.1160929203033447,train
hls_california\HLS.L30.T10TDK.2021110T185717.v2.0_EVI_cropped.tif,423,2792,1.0619252920150757,train
hls_california\HLS.L30.T10TDK.2021110T185717.v2.0_EVI_cropped.tif,424,2793,1.2719420194625854,train
hls_california\HLS.L30.T10TDK.2021110T185717.v2.0_EVI_cropped.tif,425,2795,1.171596646308899,train
hls_california\HLS.L30.T10TDK.2021110T185717.v2.0_EVI_cropped.tif,426,2796,1.0619252920150757,train
hls_california\HLS.L30.T10TDK.2021110T185717.v2.0_EVI_cropped.tif,428,2798,-9999.0,train
hls_california\HLS.L30.T10TDK.2021110T185717.v2.0_EVI_cropped.tif,429,2799,1.0619252920150757,train
hls_california\HLS.L30.T10TDK.2021110T185717.v2.0_EVI_cropped.tif,430,2801,1.1160929203033447,train
hls_california\HLS.L30.T10TDK.2021110T185717.v2.0_EVI_cropped.tif,431,2802,1.0619252920150757,train
hls_california\HLS.L30.T10TDK.2021110T185717.v2.0_EVI_cropped.tif,432,2804,0.9703503251075745,train
hls_california\HLS.L30.T10TDK.2021110T185717.v2.0_EVI_cropped.tif,433,2805,23.460205078125,train
hls_california\HLS.L30.T10TDK.2021110T185717.v2.0_EVI_cropped.tif,434,2807,1.5648930072784424,train
hls_california\HLS.L30.T10TDK.2021110T185717.v2.0_EVI_cropped.tif,436,2808,14.927242279052734,train
hls_california\HLS.L30.T10TDK.2021110T185717.v2.0_EVI_cropped.tif,437,2810,14.667922019958496,train
hls_california\HLS.L30.T10TDK.2021110T185717.v2.0_EVI_cropped.tif,438,2811,14.938194274902344,train
hls_california\HLS.L30.T10TDK.2021110T185717.v2.0_EVI_cropped.tif,439,2813,31.17620849609375,train
hls_california\HLS.L30.T10TDK.2021110T185717.v2.0_EVI_cropped.tif,440,2814,32.40387725830078,train
hls_california\HLS.L30.T10TDK.2021110T185717.v2.0_EVI_cropped.tif,441,2816,19.329273223876953,train
hls_california\HLS.L30.T10TDK.2021110T185717.v2.0_EVI_cropped.tif,443,2817,22.816802978515625,train
hls_california\HLS.L30.T10TDK.2021110T185717.v2.0_EVI_cropped.tif,444,2819,21.977310180664062,train
hls_california\HLS.L30.T10TDK.2021110T185717.v2.0_EVI_cropped.tif,445,2820,17.630294799804688,train
hls_california\HLS.L30.T10TDK.2021110T185717.v2.0_EVI_cropped.tif,446,2822,21.786523818969727,train
hls_california\HLS.L30.T10TDK.2021110T185717.v2.0_EVI_cropped.tif,447,2823,28.50568199157715,train
hls_california\HLS.L30.T10TDK.2021110T185717.v2.0_EVI_cropped.tif,448,2825,35.7725944519043,train
hls_california\HLS.L30.T10TDK.2021110T185717.v2.0_EVI_cropped.tif,449,2826,19.02659797668457,train
hls_california\HLS.L30.T10TDK.2021110T185717.v2.0_EVI_cropped.tif,451,2828,21.513383865356445,train
hls_california\HLS.L30.T10TDK.2021110T185717.v2.0_EVI_cropped.tif,452,2829,49.50232696533203,train
hls_california\HLS.L30.T10TDK.2021110T185717.v2.0_EVI_cropped.tif,453,2831,22.40172576904297,train
hls_california\HLS.L30.T10TDK.2021110T185717.v2.0_EVI_cropped.tif,454,2832,20.361268997192383,train
hls_california\HLS.L30.T10TDK.2021110T185717.v2.0_EVI_cropped.tif,455,2834,21.358036041259766,train
hls_california\HLS.L30.T10TDK.2021110T185717.v2.0_EVI_cropped.tif,456,2835,21.782394409179688,train
hls_california\HLS.L30.T10TDK.2021110T185717.v2.0_EVI_cropped.tif,457,2837,18.916784286499023,train
hls_california\HLS.L30.T10TDK.2021110T185717.v2.0_EVI_cropped.tif,459,2839,19.512508392333984,train
hls_california\HLS.L30.T10TDK.2021110T185717.v2.0_EVI_cropped.tif,460,2840,21.977310180664062,train
hls_california\HLS.L30.T10TDK.2021110T185717.v2.0_EVI_cropped.tif,461,2842,18.656766891479492,train
hls_california\HLS.L30.T10TDK.2021110T185717.v2.0_EVI_cropped.tif,462,2843,40.39091491699219,train
hls_california\HLS.L30.T10TDK.2021110T185717.v2.0_EVI_cropped.tif,463,2845,39.330108642578125,train
hls_california\HLS.L30.T10TDK.2021110T185717.v2.0_EVI_cropped.tif,464,2846,243.51272583007812,train
hls_california\HLS.L30.T10TDK.2021110T185717.v2.0_EVI_cropped.tif,466,2848,63.42998504638672,train
hls_california\HLS.L30.T10TDK.2021110T185717.v2.0_EVI_cropped.tif,467,2849,37.355804443359375,train
hls_california\HLS.L30.T10TDK.2021110T185717.v2.0_EVI_cropped.tif,468,2851,-9999.0,train
hls_california\HLS.L30.T10TDK.2021110T185717.v2.0_EVI_cropped.tif,469,2852,230.15573120117188,train
hls_california\HLS.L30.T10TDK.2021110T185717.v2.0_EVI_cropped.tif,470,2854,377.4397277832031,train
hls_california\HLS.L30.T10TDK.2021110T185717.v2.0_EVI_cropped.tif,471,2855,127.38429260253906,train
hls_california\HLS.L30.T10TDK.2021110T185717.v2.0_EVI_cropped.tif,472,2857,242.49993896484375,train
hls_california\HLS.L30.T10TDK.2021110T185717.v2.0_EVI_cropped.tif,474,2858,628.7221069335938,train
hls_california\HLS.S30.T10TEK.2021092T185921.v2.0_EVI_cropped.tif,1782,1239,51.16463851928711,train
hls_california\HLS.S30.T10TEK.2021092T185921.v2.0_EVI_cropped.tif,1783,1240,19.52189064025879,train
hls_california\HLS.S30.T10TEK.2021092T185921.v2.0_EVI_cropped.tif,1784,1242,31.155946731567383,train
hls_california\HLS.S30.T10TEK.2021092T185921.v2.0_EVI_cropped.tif,1785,1244,51.36897659301758,train
hls_california\HLS.S30.T10TEK.2021092T185921.v2.0_EVI_cropped.tif,1786,1245,110.03045654296875,train
hls_california\HLS.S30.T10TEK.2021092T185921.v2.0_EVI_cropped.tif,1787,1247,18.200897216796875,train
hls_california\HLS.S30.T10TEK.2021092T185921.v2.0_EVI_cropped.tif,1789,1248,23.339475631713867,train
hls_california\HLS.S30.T10TEK.2021092T185921.v2.0_EVI_cropped.tif,1790,1250,-9999.0,train
hls_california\HLS.S30.T10TEK.2021092T185921.v2.0_EVI_cropped.tif,1791,1251,20.93962287902832,train
hls_california\HLS.S30.T10TEK.2021092T185921.v2.0_EVI_cropped.tif,1792,1253,19.887714385986328,train
hls_california\HLS.S30.T10TEK.2021092T185921.v2.0_EVI_cropped.tif,1793,1254,20.584091186523438,train
hls_california\HLS.S30.T10TEK.2021092T185921.v2.0_EVI_cropped.tif,1794,1256,26.687761306762695,train
hls_california\HLS.S30.T10TEK.2021092T185921.v2.0_EVI_cropped.tif,1795,1257,21.1872615814209,train
hls_california\HLS.S30.T10TEK.2021092T185921.v2.0_EVI_cropped.tif,1797,1259,20.270185470581055,train
hls_california\HLS.S30.T10TEK.2021092T185921.v2.0_EVI_cropped.tif,1798,1260,50.99675369262695,train
hls_california\HLS.S30.T10TEK.2021092T185921.v2.0_EVI_cropped.tif,1799,1262,31.307165145874023,train
hls_california\HLS.S30.T10TEK.2021092T185921.v2.0_EVI_cropped.tif,1800,1263,24.274982452392578,train
hls_california\HLS.S30.T10TEK.2021092T185921.v2.0_EVI_cropped.tif,1801,1265,80.2325210571289,train
hls_california\HLS.S30.T10TEK.2021092T185921.v2.0_EVI_cropped.tif,1802,1266,17.373743057250977,train
hls_california\HLS.S30.T10TEK.2021092T185921.v2.0_EVI_cropped.tif,1804,1268,15.742920875549316,train
hls_california\HLS.S30.T10TEK.2021092T185921.v2.0_EVI_cropped.tif,1805,1269,21.164443969726562,train
hls_california\HLS.S30.T10TEK.2021092T185921.v2.0_EVI_cropped.tif,1806,1271,22.645362854003906,train
hls_california\HLS.S30.T10TEK.2021092T185921.v2.0_EVI_cropped.tif,1807,1272,55.38609313964844,train
hls_california\HLS.S30.T10TEK.2021092T185921.v2.0_EVI_cropped.tif,1808,1274,31.18128204345703,train
hls_california\HLS.S30.T10TEK.2021092T185921.v2.0_EVI_cropped.tif,1809,1275,23.114227294921875,train
hls_california\HLS.S30.T10TEK.2021092T185921.v2.0_EVI_cropped.tif,1810,1277,24.9774112701416,train
hls_california\HLS.S30.T10TEK.2021092T185921.v2.0_EVI_cropped.tif,1812,1278,20.813512802124023,train
hls_california\HLS.S30.T10TEK.2021092T185921.v2.0_EVI_cropped.tif,1813,1280,17.6666259765625,train
hls_california\HLS.S30.T10TEK.2021092T185921.v2.0_EVI_cropped.tif,1814,1281,20.137216567993164,train
hls_california\HLS.S30.T10TEK.2021092T185921.v2.0_EVI_cropped.tif,1815,1283,17.058460235595703,train
hls_california\HLS.S30.T10TEK.2021092T185921.v2.0_EVI_cropped.tif,1816,1284,15.642823219299316,train
hls_california\HLS.S30.T10TEK.2021092T185921.v2.0_EVI_cropped.tif,1817,1286,25.74154281616211,train
hls_california\HLS.S30.T10TEK.2021092T185921.v2.0_EVI_cropped.tif,1819,1287,21.038875579833984,train
hls_california\HLS.S30.T10TEK.2021092T185921.v2.0_EVI_cropped.tif,1820,1289,31.111515045166016,train
hls_california\HLS.S30.T10TEK.2021092T185921.v2.0_EVI_cropped.tif,1821,1290,48.379783630371094,train
hls_california\HLS.S30.T10TEK.2021092T185921.v2.0_EVI_cropped.tif,1822,1292,-9999.0,train
hls_california\HLS.S30.T10TEK.2021092T185921.v2.0_EVI_cropped.tif,1823,1294,37.58712387084961,train
hls_california\HLS.S30.T10TEK.2021092T185921.v2.0_EVI_cropped.tif,1824,1295,27.008411407470703,train
hls_california\HLS.S30.T10TEK.2021092T185921.v2.0_EVI_cropped.tif,1826,1297,28.082130432128906,train
hls_california\HLS.S30.T10TEK.2021092T185921.v2.0_EVI_cropped.tif,1827,1298,21.059621810913086,train
hls_california\HLS.S30.T10TEK.2021092T185921.v2.0_EVI_cropped.tif,1828,1300,21.832765579223633,train
hls_california\HLS.S30.T10TEK.2021092T185921.v2.0_EVI_cropped.tif,1829,1301,28.212961196899414,train
hls_california\HLS.S30.T10TEK.2021092T185921.v2.0_EVI_cropped.tif,1830,1303,-9999.0,train
hls_california\HLS.S30.T10TEK.2021092T185921.v2.0_EVI_cropped.tif,1831,1304,38.66517639160156,train
hls_california\HLS.S30.T10TEK.2021092T185921.v2.0_EVI_cropped.tif,1832,1306,19.859224319458008,train
hls_california\HLS.S30.T10TEK.2021092T185921.v2.0_EVI_cropped.tif,1834,1307,75.73018646240234,train
hls_california\HLS.S30.T10TEK.2021092T185921.v2.0_EVI_cropped.tif,1835,1309,23.10381507873535,train
hls_california\HLS.S30.T10TEK.2021092T185921.v2.0_EVI_cropped.tif,1836,1310,17.3187313079834,train
hls_california\HLS.S30.T10TEK.2021092T185921.v2.0_EVI_cropped.tif,1837,1312,22.270015716552734,train
hls_california\HLS.S30.T10TEK.2021092T185921.v2.0_EVI_cropped.tif,1838,1313,21.236759185791016,train
hls_california\HLS.S30.T10TEK.2021092T185921.v2.0_EVI_cropped.tif,1839,1315,-9999.0,train
hls_california\HLS.S30.T10TEK.2021092T185921.v2.0_EVI_cropped.tif,1841,1316,14.74622631072998,train
hls_california\HLS.S30.T10TEK.2021092T185921.v2.0_EVI_cropped.tif,1842,1318,44.90404510498047,train
hls_california\HLS.S30.T10TEK.2021092T185921.v2.0_EVI_cropped.tif,1843,1319,16.328786849975586,train
hls_california\HLS.S30.T10TEK.2021092T185921.v2.0_EVI_cropped.tif,1844,1321,14.899712562561035,train
hls_california\HLS.S30.T10TEK.2021092T185921.v2.0_EVI_cropped.tif,1845,1322,19.64661407470703,train
hls_california\HLS.S30.T10TEK.2021092T185921.v2.0_EVI_cropped.tif,1846,1324,29.536314010620117,train
hls_california\HLS.S30.T10TEK.2021092T185921.v2.0_EVI_cropped.tif,1848,1325,24.678054809570312,train
hls_california\HLS.S30.T10TEK.2021092T185921.v2.0_EVI_cropped.tif,1849,1327,36.50252151489258,train
hls_california\HLS.S30.T10TEK.2021092T185921.v2.0_EVI_cropped.tif,1850,1328,14.864233016967773,train
hls_california\HLS.S30.T10TEK.2021092T185921.v2.0_EVI_cropped.tif,1851,1330,15.598969459533691,train
hls_california\HLS.S30.T10TEK.2021092T185921.v2.0_EVI_cropped.tif,1852,1331,89.56866455078125,train
hls_california\HLS.S30.T10TEK.2021092T185921.v2.0_EVI_cropped.tif,1853,1333,52.50331497192383,train
hls_california\HLS.S30.T10TEK.2021092T185921.v2.0_EVI_cropped.tif,1854,1334,27.56867790222168,train
hls_california\HLS.S30.T10TEK.2021092T185921.v2.0_EVI_cropped.tif,1856,1336,-9999.0,train
hls_california\HLS.S30.T10TEK.2021092T185921.v2.0_EVI_cropped.tif,1857,1337,41.691566467285156,train
hls_california\HLS.S30.T10TEK.2021092T185921.v2.0_EVI_cropped.tif,1858,1339,67.37567138671875,train
hls_california\HLS.S30.T10TEK.2021092T185921.v2.0_EVI_cropped.tif,1859,1341,86.24855041503906,train
hls_california\HLS.S30.T10TEK.2021092T185921.v2.0_EVI_cropped.tif,1860,1342,70.43555450439453,train
hls_california\HLS.S30.T10TEK.2021092T185921.v2.0_EVI_cropped.tif,1861,1344,56.35346221923828,train
hls_california\HLS.S30.T10TEK.2021092T185921.v2.0_EVI_cropped.tif,1863,1345,83.6843490600586,train
hls_california\HLS.S30.T10TEK.2021092T185921.v2.0_EVI_cropped.tif,1864,1347,55.9041633605957,train
hls_california\HLS.S30.T10TEK.2021092T185921.v2.0_EVI_cropped.tif,1865,1348,101.44123077392578,train
hls_california\HLS.S30.T10TEK.2021092T185921.v2.0_EVI_cropped.tif,1866,1350,64.80779266357422,train
hls_california\HLS.S30.T10TEK.2021092T185921.v2.0_EVI_cropped.tif,1867,1351,55.15629959106445,train
hls_california\HLS.S30.T10TEK.2021092T185921.v2.0_EVI_cropped.tif,1868,1353,56.00667953491211,train
hls_california\HLS.S30.T10TEK.2021092T185921.v2.0_EVI_cropped.tif,1869,1354,26.829086303710938,train
hls_california\HLS.S30.T10TEK.2021092T185921.v2.0_EVI_cropped.tif,1871,1356,39.212493896484375,train
hls_california\HLS.S30.T10TEK.2021092T185921.v2.0_EVI_cropped.tif,1872,1357,19.876983642578125,train
hls_california\HLS.S30.T10TEK.2021092T185921.v2.0_EVI_cropped.tif,1873,1359,56.93033218383789,train
hls_california\HLS.S30.T10TEK.2021092T185921.v2.0_EVI_cropped.tif,1874,1360,73.25308227539062,train
hls_california\HLS.S30.T10TEK.2021092T185921.v2.0_EVI_cropped.tif,1875,1362,68.38420867919922,train
hls_california\HLS.S30.T10TEK.2021092T185921.v2.0_EVI_cropped.tif,1876,1363,21.8117618560791,train
hls_california\HLS.S30.T10TEK.2021092T185921.v2.0_EVI_cropped.tif,1878,1365,32.91531753540039,train
hls_california\HLS.S30.T10TEK.2021092T185921.v2.0_EVI_cropped.tif,1879,1366,31.88378143310547,train
hls_california\HLS.S30.T10TEK.2021092T185921.v2.0_EVI_cropped.tif,1880,1368,65.6424331665039,train
hls_california\HLS.S30.T10TEK.2021092T185921.v2.0_EVI_cropped.tif,1881,1369,43.69968032836914,train
hls_california\HLS.S30.T10TEK.2021092T185921.v2.0_EVI_cropped.tif,1882,1371,-9999.0,train
hls_california\HLS.S30.T10TEK.2021092T185921.v2.0_EVI_cropped.tif,1883,1372,20.309179306030273,train
hls_california\HLS.S30.T10TEK.2021092T185921.v2.0_EVI_cropped.tif,1885,1374,50.15256881713867,train
hls_california\HLS.S30.T10TEK.2021092T185921.v2.0_EVI_cropped.tif,1886,1375,56.443599700927734,train
hls_california\HLS.S30.T10TEK.2021092T185921.v2.0_EVI_cropped.tif,1887,1377,16.454021453857422,train
hls_california\HLS.S30.T10TEK.2021092T185921.v2.0_EVI_cropped.tif,1888,1378,40.8454704284668,train
hls_california\HLS.S30.T10TEK.2021092T185921.v2.0_EVI_cropped.tif,1889,1380,22.989742279052734,train
hls_california\HLS.S30.T10TEK.2021092T185921.v2.0_EVI_cropped.tif,1890,1381,22.29181480407715,train
hls_california\HLS.S30.T10TEK.2021092T185921.v2.0_EVI_cropped.tif,1891,1383,25.066041946411133,train
hls_california\HLS.S30.T10TEK.2021092T185921.v2.0_EVI_cropped.tif,1893,1384,25.508785247802734,train
hls_california\HLS.S30.T10TEK.2021092T185921.v2.0_EVI_cropped.tif,1894,1386,30.21843147277832,train
hls_california\HLS.S30.T10TEK.2021092T185921.v2.0_EVI_cropped.tif,1895,1387,24.469202041625977,train
hls_california\HLS.S30.T10TEK.2021092T185921.v2.0_EVI_cropped.tif,1896,1389,-9999.0,train
hls_california\HLS.S30.T10TEK.2021092T185921.v2.0_EVI_cropped.tif,1897,1391,62.79157638549805,train
hls_california\HLS.S30.T10TEK.2021092T185921.v2.0_EVI_cropped.tif,1898,1392,115.42459106445312,train
hls_california\HLS.S30.T10TEK.2021092T185921.v2.0_EVI_cropped.tif,1900,1394,31.620450973510742,train
hls_california\HLS.S30.T10TEK.2021092T185921.v2.0_EVI_cropped.tif,1901,1395,85.03813934326172,train
hls_california\HLS.S30.T10TEK.2021092T185921.v2.0_EVI_cropped.tif,1902,1397,15.251653671264648,train
hls_california\HLS.S30.T10TEK.2021092T185921.v2.0_EVI_cropped.tif,1903,1398,43.54551315307617,train
hls_california\HLS.S30.T10TEK.2021092T185921.v2.0_EVI_cropped.tif,1904,1400,50.19243240356445,train
hls_california\HLS.S30.T10TEK.2021092T185921.v2.0_EVI_cropped.tif,1905,1401,40.38005828857422,train
hls_california\HLS.S30.T10TEK.2021092T185921.v2.0_EVI_cropped.tif,1906,1403,111.53182983398438,train
hls_california\HLS.S30.T10TEK.2021092T185921.v2.0_EVI_cropped.tif,1908,1404,75.0993881225586,train
hls_california\HLS.S30.T10TEK.2021092T185921.v2.0_EVI_cropped.tif,1909,1406,35.66145706176758,train
hls_california\HLS.S30.T10TEK.2021092T185921.v2.0_EVI_cropped.tif,1910,1407,17.983949661254883,train
hls_california\HLS.S30.T10TEK.2021092T185921.v2.0_EVI_cropped.tif,1911,1409,25.128755569458008,train
hls_california\HLS.S30.T10TEK.2021092T185921.v2.0_EVI_cropped.tif,1912,1410,31.82063102722168,train
hls_california\HLS.S30.T10TEK.2021092T185921.v2.0_EVI_cropped.tif,1913,1412,25.234718322753906,train
hls_california\HLS.S30.T10TEK.2021092T185921.v2.0_EVI_cropped.tif,1915,1413,35.13018798828125,train
hls_california\HLS.S30.T10TEK.2021092T185921.v2.0_EVI_cropped.tif,1916,1415,72.63339233398438,train
hls_california\HLS.S30.T10TEK.2021092T185921.v2.0_EVI_cropped.tif,1917,1416,26.38235092163086,train
hls_california\HLS.S30.T10TEK.2021092T185921.v2.0_EVI_cropped.tif,1918,1418,29.842037200927734,train
hls_california\HLS.S30.T10TEK.2021092T185921.v2.0_EVI_cropped.tif,1919,1419,58.86375045776367,train
hls_california\HLS.S30.T10TEK.2021092T185921.v2.0_EVI_cropped.tif,1920,1421,17.257335662841797,train
hls_california\HLS.S30.T10TEK.2021092T185921.v2.0_EVI_cropped.tif,2088,1640,53.66437911987305,train
hls_california\HLS.S30.T10TEK.2021092T185921.v2.0_EVI_cropped.tif,2089,1642,41.511375427246094,train
hls_california\HLS.S30.T10TEK.2021092T185921.v2.0_EVI_cropped.tif,2090,1643,67.68901824951172,train
hls_california\HLS.S30.T10TEK.2021092T185921.v2.0_EVI_cropped.tif,2091,1645,8.781129837036133,train
hls_california\HLS.S30.T10TEK.2021092T185921.v2.0_EVI_cropped.tif,2093,1646,17.099645614624023,train
hls_california\HLS.S30.T10TEK.2021092T185921.v2.0_EVI_cropped.tif,2094,1648,52.670169830322266,train
hls_california\HLS.S30.T10TEK.2021092T185921.v2.0_EVI_cropped.tif,2095,1649,29.542560577392578,train
hls_california\HLS.S30.T10TEK.2021092T185921.v2.0_EVI_cropped.tif,2096,1651,47.40275573730469,train
hls_california\HLS.S30.T10TEK.2021092T185921.v2.0_EVI_cropped.tif,2097,1652,35.69413375854492,train
hls_california\HLS.S30.T10TEK.2021092T185921.v2.0_EVI_cropped.tif,2098,1654,74.74201965332031,train
hls_california\HLS.S30.T10TEK.2021092T185921.v2.0_EVI_cropped.tif,2100,1656,2.6866989135742188,train
hls_california\HLS.S30.T10TEK.2021092T185921.v2.0_EVI_cropped.tif,2101,1657,3.1039299964904785,train
hls_california\HLS.S30.T10TEK.2021092T185921.v2.0_EVI_cropped.tif,2102,1659,1.7482229471206665,train
hls_california\HLS.S30.T10TEK.2021092T185921.v2.0_EVI_cropped.tif,2103,1660,2.378323554992676,train
hls_california\HLS.S30.T10TEK.2021092T185921.v2.0_EVI_cropped.tif,2104,1662,4.210343837738037,train
hls_california\HLS.S30.T10TEK.2021092T185921.v2.0_EVI_cropped.tif,2105,1663,2.5404794216156006,train
hls_california\HLS.S30.T10TEK.2021092T185921.v2.0_EVI_cropped.tif,2106,1665,2.858752727508545,train
hls_california\HLS.S30.T10TEK.2021092T185921.v2.0_EVI_cropped.tif,2108,1666,1.5648930072784424,train
hls_california\HLS.S30.T10TEK.2021092T185921.v2.0_EVI_cropped.tif,2109,1668,5.244015216827393,train
hls_california\HLS.S30.T10TEK.2021092T185921.v2.0_EVI_cropped.tif,2110,1669,2.5404794216156006,train
hls_california\HLS.S30.T10TEK.2021092T185921.v2.0_EVI_cropped.tif,2111,1671,-9999.0,train
hls_california\HLS.S30.T10TEK.2021092T185921.v2.0_EVI_cropped.tif,2112,1672,1.8173799514770508,train
hls_california\HLS.S30.T10TEK.2021092T185921.v2.0_EVI_cropped.tif,2113,1674,1.697226881980896,train
hls_california\HLS.S30.T10TEK.2021092T185921.v2.0_EVI_cropped.tif,2115,1675,1.5648930072784424,train
hls_california\HLS.S30.T10TEK.2021092T185921.v2.0_EVI_cropped.tif,2116,1677,2.1639935970306396,train
hls_california\HLS.S30.T10TEK.2021092T185921.v2.0_EVI_cropped.tif,2117,1678,1.5648930072784424,train
hls_california\HLS.S30.T10TEK.2021092T185921.v2.0_EVI_cropped.tif,2118,1680,1.887864589691162,train
hls_california\HLS.S30.T10TEK.2021092T185921.v2.0_EVI_cropped.tif,2119,1681,1.8173799514770508,train
hls_california\HLS.S30.T10TEK.2021092T185921.v2.0_EVI_cropped.tif,2120,1683,2.9246318340301514,train
hls_california\HLS.S30.T10TEK.2021092T185921.v2.0_EVI_cropped.tif,2122,1684,1.8173799514770508,train
hls_california\HLS.S30.T10TEK.2021092T185921.v2.0_EVI_cropped.tif,2123,1686,1.9596763849258423,train
hls_california\HLS.S30.T10TEK.2021092T185921.v2.0_EVI_cropped.tif,2124,1687,1.9596763849258423,train
hls_california\HLS.S30.T10TEK.2021092T185921.v2.0_EVI_cropped.tif,2125,1689,1.3916254043579102,train
hls_california\HLS.S30.T10TEK.2021092T185921.v2.0_EVI_cropped.tif,2126,1690,-9999.0,train
hls_california\HLS.S30.T10TEK.2021092T185921.v2.0_EVI_cropped.tif,2127,1692,-9999.0,train
hls_california\HLS.S30.T10TEK.2021092T185921.v2.0_EVI_cropped.tif,2128,1693,4.105282306671143,train
hls_california\HLS.S30.T10TEK.2021092T185921.v2.0_EVI_cropped.tif,2130,1695,1.331116795539856,train
hls_california\HLS.S30.T10TEK.2021092T185921.v2.0_EVI_cropped.tif,2131,1696,3.924572229385376,train
hls_california\HLS.S30.T10TEK.2021092T185921.v2.0_EVI_cropped.tif,2132,1698,5.818078994750977,train
hls_california\HLS.S30.T10TEK.2021092T185921.v2.0_EVI_cropped.tif,2133,1699,3.6241109371185303,train
hls_california\HLS.S30.T10TEK.2021092T185921.v2.0_EVI_cropped.tif,2134,1701,1.5007215738296509,train
hls_california\HLS.S30.T10TEK.2021092T185921.v2.0_EVI_cropped.tif,2135,1702,1.3916254043579102,train
hls_california\HLS.S30.T10TEK.2021092T185921.v2.0_EVI_cropped.tif,2137,1704,1.887864589691162,train
hls_california\HLS.S30.T10TEK.2021092T185921.v2.0_EVI_cropped.tif,2138,1705,2.240774393081665,train
hls_california\HLS.S30.T10TEK.2021092T185921.v2.0_EVI_cropped.tif,2139,1707,1.6303950548171997,train
hls_california\HLS.S30.T10TEK.2021092T185921.v2.0_EVI_cropped.tif,2140,1709,2.0885369777679443,train
hls_california\HLS.S30.T10TEK.2021092T185921.v2.0_EVI_cropped.tif,2141,1710,10.734561920166016,train
hls_california\HLS.S30.T10TEK.2021092T185921.v2.0_EVI_cropped.tif,2142,1712,1.7482229471206665,train
hls_california\HLS.S30.T10TEK.2021092T185921.v2.0_EVI_cropped.tif,2143,1713,3.1039299964904785,train
hls_california\HLS.S30.T10TEK.2021092T185921.v2.0_EVI_cropped.tif,2145,1715,1.331116795539856,train
hls_california\HLS.S30.T10TEK.2021092T185921.v2.0_EVI_cropped.tif,2146,1716,6.163807392120361,train
hls_california\HLS.S30.T10TEK.2021092T185921.v2.0_EVI_cropped.tif,2147,1718,4.925063133239746,train
hls_california\HLS.S30.T10TEK.2021092T185921.v2.0_EVI_cropped.tif,2148,1719,1.331116795539856,train
hls_california\HLS.S30.T10TEK.2021092T185921.v2.0_EVI_cropped.tif,2149,1721,1.5648930072784424,train
hls_california\HLS.S30.T10TEK.2021092T185921.v2.0_EVI_cropped.tif,2150,1722,1.7482229471206665,train
hls_california\HLS.S30.T10TEK.2021092T185921.v2.0_EVI_cropped.tif,2152,1724,2.9246318340301514,train
hls_california\HLS.S30.T10TEK.2021092T185921.v2.0_EVI_cropped.tif,2153,1725,5.244015216827393,train
hls_california\HLS.S30.T10TEK.2021092T185921.v2.0_EVI_cropped.tif,2154,1727,3.5508384704589844,train
hls_california\HLS.S30.T10TEK.2021092T185921.v2.0_EVI_cropped.tif,2155,1728,1.4534664154052734,train
hls_california\HLS.S30.T10TEK.2021092T185921.v2.0_EVI_cropped.tif,2156,1730,1.5007215738296509,train
hls_california\HLS.S30.T10TEK.2021092T185921.v2.0_EVI_cropped.tif,2157,1731,2.240774393081665,train
hls_california\HLS.S30.T10TEK.2021092T185921.v2.0_EVI_cropped.tif,2158,1733,1.697226881980896,train
hls_california\HLS.S30.T10TEK.2021092T185921.v2.0_EVI_cropped.tif,2160,1734,1.2719420194625854,train
hls_california\HLS.S30.T10TEK.2021092T185921.v2.0_EVI_cropped.tif,2161,1736,1.2719420194625854,train
hls_california\HLS.S30.T10TEK.2021092T185921.v2.0_EVI_cropped.tif,2162,1737,1.7482229471206665,train
hls_california\HLS.S30.T10TEK.2021092T185921.v2.0_EVI_cropped.tif,2163,1739,1.8173799514770508,train
hls_california\HLS.S30.T10TEK.2021092T185921.v2.0_EVI_cropped.tif,2164,1740,2.5404794216156006,train
hls_california\HLS.S30.T10TEK.2021092T185921.v2.0_EVI_cropped.tif,2165,1742,1.887864589691162,train
hls_california\HLS.S30.T10TEK.2021092T185921.v2.0_EVI_cropped.tif,2167,1743,1.6303950548171997,train
hls_california\HLS.S30.T10TEK.2021092T185921.v2.0_EVI_cropped.tif,2168,1745,1.5648930072784424,train
hls_california\HLS.S30.T10TEK.2021092T185921.v2.0_EVI_cropped.tif,2169,1746,2.240774393081665,train
hls_california\HLS.S30.T10TEK.2021092T185921.v2.0_EVI_cropped.tif,2170,1748,1.6303950548171997,train
hls_california\HLS.S30.T10TEK.2021092T185921.v2.0_EVI_cropped.tif,2171,1749,1.5007215738296509,train
hls_california\HLS.S30.T10TEK.2021092T185921.v2.0_EVI_cropped.tif,2172,1751,1.3916254043579102,train
hls_california\HLS.S30.T10TEK.2021092T185921.v2.0_EVI_cropped.tif,2174,1752,1.5648930072784424,train
hls_california\HLS.S30.T10TEK.2021092T185921.v2.0_EVI_cropped.tif,2175,1754,1.4534664154052734,train
hls_california\HLS.S30.T10TEK.2021092T185921.v2.0_EVI_cropped.tif,2176,1755,1.0221772193908691,train
hls_california\HLS.S30.T10TEK.2021092T185921.v2.0_EVI_cropped.tif,2177,1757,1.8173799514770508,train
hls_california\HLS.S30.T10TEK.2021092T185921.v2.0_EVI_cropped.tif,2178,1758,1.4534664154052734,train
hls_california\HLS.S30.T10TEK.2021092T185921.v2.0_EVI_cropped.tif,2179,1760,1.6303950548171997,train
hls_california\HLS.S30.T10TEK.2021092T185921.v2.0_EVI_cropped.tif,2180,1762,1.697226881980896,train
hls_california\HLS.S30.T10TEK.2021092T185921.v2.0_EVI_cropped.tif,2182,1763,5.362436294555664,train
hls_california\HLS.S30.T10TEK.2021092T185921.v2.0_EVI_cropped.tif,2183,1765,1.8173799514770508,train
hls_california\HLS.S30.T10TEK.2021092T185921.v2.0_EVI_cropped.tif,2184,1766,1.6303950548171997,train
hls_california\HLS.S30.T10TEK.2021092T185921.v2.0_EVI_cropped.tif,2185,1768,1.2719420194625854,train
hls_california\HLS.S30.T10TEK.2021092T185921.v2.0_EVI_cropped.tif,2186,1769,2.5404794216156006,train
hls_california\HLS.S30.T10TEK.2021092T185921.v2.0_EVI_cropped.tif,2187,1771,-9999.0,train
hls_california\HLS.S30.T10TEK.2021092T185921.v2.0_EVI_cropped.tif,2189,1772,1.4534664154052734,train
hls_california\HLS.S30.T10TEK.2021092T185921.v2.0_EVI_cropped.tif,2190,1774,1.5648930072784424,train
hls_california\HLS.S30.T10TEK.2021092T185921.v2.0_EVI_cropped.tif,2191,1775,1.5007215738296509,train
hls_california\HLS.S30.T10TEK.2021092T185921.v2.0_EVI_cropped.tif,2192,1777,2.772066354751587,train
hls_california\HLS.S30.T10TEK.2021092T185921.v2.0_EVI_cropped.tif,2193,1778,4.615955829620361,train
hls_california\HLS.S30.T10TEK.2021092T185921.v2.0_EVI_cropped.tif,2194,1780,-9999.0,train
hls_california\HLS.S30.T10TEK.2021092T185921.v2.0_EVI_cropped.tif,2195,1781,2.299227714538574,train
hls_california\HLS.S30.T10TEK.2021092T185921.v2.0_EVI_cropped.tif,2197,1783,-9999.0,train
hls_california\HLS.S30.T10TEK.2021092T185921.v2.0_EVI_cropped.tif,2198,1784,1.9596763849258423,train
hls_california\HLS.S30.T10TEK.2021092T185921.v2.0_EVI_cropped.tif,2199,1786,4.105282306671143,train
hls_california\HLS.S30.T10TEK.2021092T185921.v2.0_EVI_cropped.tif,2200,1787,3.823108196258545,train
hls_california\HLS.S30.T10TEK.2021092T185921.v2.0_EVI_cropped.tif,2201,1789,1.8173799514770508,train
hls_california\HLS.S30.T10TEK.2021092T185921.v2.0_EVI_cropped.tif,2202,1790,1.331116795539856,train
hls_california\HLS.S30.T10TEK.2021092T185921.v2.0_EVI_cropped.tif,2204,1792,3.195552349090576,train
hls_california\HLS.S30.T10TEK.2021092T185921.v2.0_EVI_cropped.tif,2205,1793,3.5508384704589844,train
hls_california\HLS.S30.T10TEK.2021092T185921.v2.0_EVI_cropped.tif,2206,1795,2.5404794216156006,train
hls_california\HLS.S30.T10TEK.2021092T185921.v2.0_EVI_cropped.tif,2207,1796,2.6026499271392822,train
hls_california\HLS.S30.T10TEK.2021092T185921.v2.0_EVI_cropped.tif,2208,1798,2.299227714538574,train
hls_california\HLS.S30.T10TEK.2021092T185921.v2.0_EVI_cropped.tif,2209,1799,13.526342391967773,train
hls_california\HLS.S30.T10TEK.2021092T185921.v2.0_EVI_cropped.tif,2211,1801,-9999.0,train
hls_california\HLS.S30.T10TEK.2021092T185921.v2.0_EVI_cropped.tif,2212,1802,-9999.0,train
hls_california\HLS.S30.T10TEK.2021092T185921.v2.0_EVI_cropped.tif,2213,1804,-9999.0,train
hls_california\HLS.S30.T10TEK.2021092T185921.v2.0_EVI_cropped.tif,2214,1805,2.240774393081665,train
hls_california\HLS.S30.T10TEK.2021092T185921.v2.0_EVI_cropped.tif,2215,1807,1.5648930072784424,train
hls_california\HLS.S30.T10TEK.2021092T185921.v2.0_EVI_cropped.tif,2216,1808,1.2719420194625854,train
hls_california\HLS.S30.T10TEK.2021092T185921.v2.0_EVI_cropped.tif,2217,1810,-9999.0,train
hls_california\HLS.S30.T10TEK.2021092T185921.v2.0_EVI_cropped.tif,2219,1811,1.331116795539856,train
hls_california\HLS.S30.T10TEK.2021092T185921.v2.0_EVI_cropped.tif,2220,1813,1.0619252920150757,train
hls_california\HLS.S30.T10TEK.2021092T185921.v2.0_EVI_cropped.tif,2221,1814,1.0619252920150757,train
hls_california\HLS.S30.T10TEK.2021092T185921.v2.0_EVI_cropped.tif,2222,1816,1.2719420194625854,train
hls_california\HLS.S30.T10TEK.2021092T185921.v2.0_EVI_cropped.tif,2223,1817,1.171596646308899,train
hls_california\HLS.S30.T10TEK.2021092T185921.v2.0_EVI_cropped.tif,2224,1819,1.2284363508224487,train
hls_california\HLS.S30.T10TEK.2021092T185921.v2.0_EVI_cropped.tif,2226,1821,1.2284363508224487,train
hls_california\HLS.S30.T10TEK.2021092T185921.v2.0_EVI_cropped.tif,2227,1822,2.240774393081665,train
hls_california\HLS.S30.T10TEK.2021092T185921.v2.0_EVI_cropped.tif,2228,1824,2.6866989135742188,train
hls_california\HLS.S30.T10TEK.2021092T185921.v2.0_EVI_cropped.tif,2229,1825,1.887864589691162,train
hls_california\HLS.S30.T10TEK.2021092T185921.v2.0_EVI_cropped.tif,2230,1827,1.171596646308899,train
hls_california\HLS.S30.T10TEK.2021092T185921.v2.0_EVI_cropped.tif,2231,1828,1.2719420194625854,train
hls_california\HLS.S30.T10TEK.2021092T185921.v2.0_EVI_cropped.tif,2233,1830,1.4534664154052734,train
hls_california\HLS.S30.T10TEK.2021092T185921.v2.0_EVI_cropped.tif,2234,1831,1.3916254043579102,train
hls_california\HLS.S30.T10TEK.2021092T185921.v2.0_EVI_cropped.tif,2235,1833,2.378323554992676,train
hls_california\HLS.S30.T10TEK.2021092T185921.v2.0_EVI_cropped.tif,2236,1834,1.6303950548171997,train
hls_california\HLS.S30.T10TEK.2021092T185921.v2.0_EVI_cropped.tif,2237,1836,3.5508384704589844,train
hls_california\HLS.S30.T10TEK.2021092T185921.v2.0_EVI_cropped.tif,2238,1837,2.0885369777679443,train
hls_california\HLS.S30.T10TEK.2021092T185921.v2.0_EVI_cropped.tif,2239,1839,1.2719420194625854,train
hls_california\HLS.S30.T10TEK.2021092T185921.v2.0_EVI_cropped.tif,2241,1840,1.887864589691162,train
hls_california\HLS.S30.T10TEK.2021092T185921.v2.0_EVI_cropped.tif,2242,1842,2.240774393081665,train
hls_california\HLS.S30.T10TEK.2021092T185921.v2.0_EVI_cropped.tif,2243,1843,3.265131950378418,train
hls_california\HLS.S30.T10TEK.2021092T185921.v2.0_EVI_cropped.tif,2244,1845,6.036953926086426,train
hls_california\HLS.S30.T10TEK.2021092T185921.v2.0_EVI_cropped.tif,2245,1846,3.4542903900146484,train
hls_california\HLS.S30.T10TEK.2021092T185921.v2.0_EVI_cropped.tif,2246,1848,1.3916254043579102,train
hls_california\HLS.S30.T10TEK.2021092T185921.v2.0_EVI_cropped.tif,2248,1849,7.156403541564941,train
hls_california\HLS.S30.T10TEK.2021092T185921.v2.0_EVI_cropped.tif,2249,1851,3.195552349090576,train
hls_california\HLS.S30.T10TEK.2021092T185921.v2.0_EVI_cropped.tif,2250,1852,1.5007215738296509,train
hls_california\HLS.S30.T10TEK.2021092T185921.v2.0_EVI_cropped.tif,2251,1854,2.1639935970306396,train
hls_california\HLS.S30.T10TEK.2021092T185921.v2.0_EVI_cropped.tif,2252,1855,3.823108196258545,train
hls_california\HLS.S30.T10TEK.2021092T185921.v2.0_EVI_cropped.tif,2253,1857,1.8173799514770508,train
hls_california\HLS.S30.T10TEK.2021092T185921.v2.0_EVI_cropped.tif,2255,1858,0.919861912727356,train
hls_california\HLS.S30.T10TEK.2021092T185921.v2.0_EVI_cropped.tif,2256,1860,1.6303950548171997,train
hls_california\HLS.S30.T10TEK.2021092T185921.v2.0_EVI_cropped.tif,2257,1861,2.858752727508545,train
hls_california\HLS.S30.T10TEK.2021092T185921.v2.0_EVI_cropped.tif,2258,1863,4.210343837738037,train
hls_california\HLS.S30.T10TEK.2021092T185921.v2.0_EVI_cropped.tif,2259,1864,2.858752727508545,train
hls_california\HLS.S30.T10TEK.2021092T185921.v2.0_EVI_cropped.tif,2260,1866,1.5007215738296509,train
hls_california\HLS.S30.T10TEK.2021092T185921.v2.0_EVI_cropped.tif,2261,1867,4.210343837738037,train
hls_california\HLS.S30.T10TEK.2021092T185921.v2.0_EVI_cropped.tif,2263,1869,1.5007215738296509,train
hls_california\HLS.S30.T10TEK.2021092T185921.v2.0_EVI_cropped.tif,2264,1870,12.202231407165527,train
hls_california\HLS.S30.T10TEK.2021092T185921.v2.0_EVI_cropped.tif,2265,1872,1.0619252920150757,train
hls_california\HLS.S30.T10TEK.2021092T185921.v2.0_EVI_cropped.tif,2266,1873,2.0885369777679443,train
hls_california\HLS.S30.T10TEK.2021092T185921.v2.0_EVI_cropped.tif,2267,1875,1.331116795539856,train
hls_california\HLS.S30.T10TEK.2021092T185921.v2.0_EVI_cropped.tif,2268,1876,8.781129837036133,train
hls_california\HLS.S30.T10TEK.2021092T185921.v2.0_EVI_cropped.tif,2270,1878,3.823108196258545,train
hls_california\HLS.S30.T10TEK.2021092T185921.v2.0_EVI_cropped.tif,2271,1880,2.6866989135742188,train
hls_california\HLS.S30.T10TEK.2021092T185921.v2.0_EVI_cropped.tif,2272,1881,2.299227714538574,train
hls_california\HLS.S30.T10TEK.2021092T185921.v2.0_EVI_cropped.tif,2273,1883,9.358772277832031,train
hls_california\HLS.S30.T10TEK.2021092T185921.v2.0_EVI_cropped.tif,2274,1884,31.837129592895508,train
hls_california\HLS.S30.T10TEK.2021092T185921.v2.0_EVI_cropped.tif,2275,1886,19.53851890563965,train
hls_california\HLS.S30.T10TEK.2021092T185921.v2.0_EVI_cropped.tif,2276,1887,16.890485763549805,train
hls_california\HLS.S30.T10TEK.2021092T185921.v2.0_EVI_cropped.tif,2278,1889,38.822288513183594,train
hls_california\HLS.S30.T10TEK.2021092T185921.v2.0_EVI_cropped.tif,2279,1890,2.0885369777679443,train
hls_california\HLS.S30.T10TEK.2021092T185921.v2.0_EVI_cropped.tif,2280,1892,9.515846252441406,train
hls_california\HLS.S30.T10TEK.2021092T185921.v2.0_EVI_cropped.tif,2281,1893,36.21931838989258,train
hls_california\HLS.S30.T10TEK.2021092T185921.v2.0_EVI_cropped.tif,2282,1895,19.53851890563965,train
hls_california\HLS.S30.T10TEK.2021092T185921.v2.0_EVI_cropped.tif,2283,1896,14.429801940917969,train
hls_california\HLS.S30.T10TEK.2021092T185921.v2.0_EVI_cropped.tif,2285,1898,-9999.0,train
hls_california\HLS.S30.T10TEK.2021092T185921.v2.0_EVI_cropped.tif,2286,1899,20.55806541442871,train
hls_california\HLS.S30.T10TEK.2021092T185921.v2.0_EVI_cropped.tif,2287,1901,-9999.0,train
hls_california\HLS.S30.T10TEK.2021092T185921.v2.0_EVI_cropped.tif,2288,1902,76.66384887695312,train
hls_california\HLS.S30.T10TEK.2021092T185921.v2.0_EVI_cropped.tif,2289,1904,1.331116795539856,train
hls_california\HLS.S30.T10TEK.2021092T185921.v2.0_EVI_cropped.tif,2290,1905,2.1639935970306396,train
hls_california\HLS.S30.T10TEK.2021092T185921.v2.0_EVI_cropped.tif,2291,1907,5.244015216827393,train
hls_california\HLS.S30.T10TEK.2021092T185921.v2.0_EVI_cropped.tif,2293,1908,1.5007215738296509,train
hls_california\HLS.S30.T10TEK.2021092T185921.v2.0_EVI_cropped.tif,2294,1910,1.0221772193908691,train
hls_california\HLS.S30.T10TEK.2021092T185921.v2.0_EVI_cropped.tif,2295,1911,1.6303950548171997,train
hls_california\HLS.S30.T10TEK.2021092T185921.v2.0_EVI_cropped.tif,2296,1913,1.1160929203033447,train
hls_california\HLS.S30.T10TEK.2021092T185921.v2.0_EVI_cropped.tif,2297,1914,1.2719420194625854,train
hls_california\HLS.S30.T10TEK.2021092T185921.v2.0_EVI_cropped.tif,2298,1916,1.5007215738296509,train
hls_california\HLS.S30.T10TEK.2021092T185921.v2.0_EVI_cropped.tif,2300,1917,1.2284363508224487,train
hls_california\HLS.S30.T10TEK.2021092T185921.v2.0_EVI_cropped.tif,2301,1919,1.171596646308899,train
hls_california\HLS.S30.T10TEK.2021092T185921.v2.0_EVI_cropped.tif,2302,1920,1.2719420194625854,train
hls_california\HLS.S30.T10TEK.2021092T185921.v2.0_EVI_cropped.tif,2303,1922,1.2719420194625854,train
hls_california\HLS.S30.T10TEK.2021092T185921.v2.0_EVI_cropped.tif,2304,1924,1.1160929203033447,train
hls_california\HLS.S30.T10TEK.2021092T185921.v2.0_EVI_cropped.tif,2305,1925,0.9703503251075745,train
hls_california\HLS.S30.T10TEK.2021092T185921.v2.0_EVI_cropped.tif,2306,1927,1.0619252920150757,train
hls_california\HLS.S30.T10TEK.2021092T185921.v2.0_EVI_cropped.tif,2308,1928,1.1160929203033447,train
hls_california\HLS.S30.T10TEK.2021092T185921.v2.0_EVI_cropped.tif,2309,1930,1.171596646308899,train
hls_california\HLS.S30.T10TEK.2021092T185921.v2.0_EVI_cropped.tif,2310,1931,1.171596646308899,train
hls_california\HLS.S30.T10TEK.2021092T185921.v2.0_EVI_cropped.tif,2311,1933,1.2284363508224487,train
hls_california\HLS.S30.T10TEK.2021092T185921.v2.0_EVI_cropped.tif,2312,1934,1.331116795539856,train
hls_california\HLS.S30.T10TEK.2021092T185921.v2.0_EVI_cropped.tif,2313,1936,1.2284363508224487,train
hls_california\HLS.S30.T10TEK.2021092T185921.v2.0_EVI_cropped.tif,2315,1937,1.0619252920150757,train
hls_california\HLS.S30.T10TEK.2021092T185921.v2.0_EVI_cropped.tif,2316,1939,1.1160929203033447,train
hls_california\HLS.S30.T10TEK.2021092T185921.v2.0_EVI_cropped.tif,2317,1940,1.2719420194625854,train
hls_california\HLS.S30.T10TEK.2021092T185921.v2.0_EVI_cropped.tif,2318,1942,1.2284363508224487,train
hls_california\HLS.S30.T10TEK.2021092T185921.v2.0_EVI_cropped.tif,2319,1943,1.0619252920150757,train
hls_california\HLS.S30.T10TEK.2021092T185921.v2.0_EVI_cropped.tif,2320,1945,1.2284363508224487,train
hls_california\HLS.S30.T10TEK.2021092T185921.v2.0_EVI_cropped.tif,2321,1946,1.1160929203033447,train
hls_california\HLS.S30.T10TEK.2021092T185921.v2.0_EVI_cropped.tif,2323,1948,1.2284363508224487,train
hls_california\HLS.S30.T10TEK.2021092T185921.v2.0_EVI_cropped.tif,2324,1949,1.0221772193908691,train
hls_california\HLS.S30.T10TEK.2021092T185921.v2.0_EVI_cropped.tif,2325,1951,1.171596646308899,train
hls_california\HLS.S30.T10TEK.2021092T185921.v2.0_EVI_cropped.tif,2326,1952,3.4542903900146484,train
hls_california\HLS.S30.T10TEK.2021092T185921.v2.0_EVI_cropped.tif,2327,1954,1.697226881980896,train
hls_california\HLS.S30.T10TEK.2021092T185921.v2.0_EVI_cropped.tif,2328,1955,1.6303950548171997,train
hls_california\HLS.S30.T10TEK.2021092T185921.v2.0_EVI_cropped.tif,2330,1957,1.331116795539856,train
hls_california\HLS.S30.T10TEK.2021092T185921.v2.0_EVI_cropped.tif,2331,1958,1.0619252920150757,train
hls_california\HLS.S30.T10TEK.2021092T185921.v2.0_EVI_cropped.tif,2332,1960,1.0221772193908691,train
hls_california\HLS.S30.T10TEK.2021092T185921.v2.0_EVI_cropped.tif,2333,1961,1.5007215738296509,train
hls_california\HLS.S30.T10TEK.2021092T185921.v2.0_EVI_cropped.tif,2334,1963,-9999.0,train
hls_california\HLS.S30.T10TEK.2021092T185921.v2.0_EVI_cropped.tif,2335,1964,2.0885369777679443,train
hls_california\HLS.S30.T10TEK.2021092T185921.v2.0_EVI_cropped.tif,2337,1966,0.7879272103309631,train
hls_california\HLS.S30.T10TEK.2021092T185921.v2.0_EVI_cropped.tif,2338,1967,2.9246318340301514,train
hls_california\HLS.S30.T10TEK.2021092T185921.v2.0_EVI_cropped.tif,2339,1969,0.919861912727356,train
hls_california\HLS.S30.T10TEK.2021092T185921.v2.0_EVI_cropped.tif,2340,1970,1.331116795539856,train
hls_california\HLS.S30.T10TEK.2021092T185921.v2.0_EVI_cropped.tif,2341,1972,1.171596646308899,train
hls_california\HLS.S30.T10TEK.2021092T185921.v2.0_EVI_cropped.tif,2342,1973,1.331116795539856,train
hls_california\HLS.S30.T10TEK.2021092T185921.v2.0_EVI_cropped.tif,2343,1975,2.299227714538574,train
hls_california\HLS.S30.T10TEK.2021092T185921.v2.0_EVI_cropped.tif,2345,1976,1.8173799514770508,train
hls_california\HLS.S30.T10TEK.2021092T185921.v2.0_EVI_cropped.tif,2346,1978,2.299227714538574,train
hls_california\HLS.S30.T10TEK.2021092T185921.v2.0_EVI_cropped.tif,2347,1980,1.8173799514770508,train
hls_california\HLS.S30.T10TEK.2021092T185921.v2.0_EVI_cropped.tif,2348,1981,1.5007215738296509,train
hls_california\HLS.S30.T10TEK.2021092T185921.v2.0_EVI_cropped.tif,2349,1983,3.1039299964904785,train
hls_california\HLS.S30.T10TEK.2021092T185921.v2.0_EVI_cropped.tif,2350,1984,1.697226881980896,train
hls_california\HLS.S30.T10TEK.2021092T185921.v2.0_EVI_cropped.tif,2352,1986,1.6303950548171997,train
hls_california\HLS.S30.T10TEK.2021092T185921.v2.0_EVI_cropped.tif,2353,1987,1.697226881980896,train
hls_california\HLS.S30.T10TEK.2021092T185921.v2.0_EVI_cropped.tif,2354,1989,1.8173799514770508,train
hls_california\HLS.S30.T10TEK.2021092T185921.v2.0_EVI_cropped.tif,2355,1990,2.1639935970306396,train
hls_california\HLS.S30.T10TEK.2021092T185921.v2.0_EVI_cropped.tif,2356,1992,2.0144054889678955,train
hls_california\HLS.S30.T10TEK.2021092T185921.v2.0_EVI_cropped.tif,2357,1993,1.2719420194625854,train
hls_california\HLS.S30.T10TEK.2021092T185921.v2.0_EVI_cropped.tif,2359,1995,2.858752727508545,train
hls_california\HLS.S30.T10TEK.2021092T185921.v2.0_EVI_cropped.tif,2360,1996,1.2284363508224487,train
hls_california\HLS.S30.T10TEK.2021092T185921.v2.0_EVI_cropped.tif,2361,1998,1.5007215738296509,train
hls_california\HLS.S30.T10TEK.2021092T185921.v2.0_EVI_cropped.tif,2362,1999,2.0144054889678955,train
hls_california\HLS.S30.T10TEK.2021092T185921.v2.0_EVI_cropped.tif,2363,2001,2.0144054889678955,train
hls_california\HLS.S30.T10TEK.2021092T185921.v2.0_EVI_cropped.tif,2364,2002,1.697226881980896,train
hls_california\HLS.S30.T10TEK.2021092T185921.v2.0_EVI_cropped.tif,2365,2004,1.5648930072784424,train
hls_california\HLS.S30.T10TEK.2021092T185921.v2.0_EVI_cropped.tif,2367,2005,-9999.0,train
hls_california\HLS.S30.T10TEK.2021092T185921.v2.0_EVI_cropped.tif,2368,2007,1.887864589691162,train
hls_california\HLS.S30.T10TEK.2021092T185921.v2.0_EVI_cropped.tif,2369,2008,2.858752727508545,train
hls_california\HLS.S30.T10TEK.2021092T185921.v2.0_EVI_cropped.tif,2370,2010,2.299227714538574,train
hls_california\HLS.S30.T10TEK.2021092T185921.v2.0_EVI_cropped.tif,2371,2011,1.171596646308899,train
hls_california\HLS.S30.T10TEK.2021092T185921.v2.0_EVI_cropped.tif,2372,2013,1.2719420194625854,train
hls_california\HLS.S30.T10TEK.2021092T185921.v2.0_EVI_cropped.tif,2374,2014,1.1160929203033447,train
hls_california\HLS.S30.T10TEK.2021092T185921.v2.0_EVI_cropped.tif,2375,2016,1.2284363508224487,train
hls_california\HLS.S30.T10TEK.2021092T185921.v2.0_EVI_cropped.tif,2376,2017,1.331116795539856,train
hls_california\HLS.S30.T10TEK.2021092T185921.v2.0_EVI_cropped.tif,2377,2019,1.1160929203033447,train
hls_california\HLS.S30.T10TEK.2021092T185921.v2.0_EVI_cropped.tif,2378,2020,1.697226881980896,train
hls_california\HLS.S30.T10TEK.2021092T185921.v2.0_EVI_cropped.tif,2379,2022,1.2719420194625854,train
hls_california\HLS.S30.T10TEK.2021092T185921.v2.0_EVI_cropped.tif,2381,2023,1.9596763849258423,train
hls_california\HLS.S30.T10TEK.2021092T185921.v2.0_EVI_cropped.tif,2382,2025,1.2284363508224487,train
hls_california\HLS.S30.T10TEK.2021092T185921.v2.0_EVI_cropped.tif,2383,2026,0.9703503251075745,train
hls_california\HLS.S30.T10TEK.2021092T185921.v2.0_EVI_cropped.tif,2384,2028,1.1160929203033447,train
hls_california\HLS.S30.T10TEK.2021092T185921.v2.0_EVI_cropped.tif,2385,2029,1.4534664154052734,train
hls_california\HLS.S30.T10TEK.2021092T185921.v2.0_EVI_cropped.tif,2386,2031,1.2719420194625854,train
hls_california\HLS.S30.T10TEK.2021092T185921.v2.0_EVI_cropped.tif,2388,2032,1.0221772193908691,train
hls_california\HLS.S30.T10TEK.2021092T185921.v2.0_EVI_cropped.tif,2389,2034,1.2284363508224487,train
hls_california\HLS.S30.T10TEK.2021092T185921.v2.0_EVI_cropped.tif,2390,2035,1.0619252920150757,train
hls_california\HLS.S30.T10TEK.2021092T185921.v2.0_EVI_cropped.tif,2391,2037,1.1160929203033447,train
hls_california\HLS.S30.T10TEK.2021092T185921.v2.0_EVI_cropped.tif,2392,2039,1.331116795539856,train
hls_california\HLS.S30.T10TEK.2021092T185921.v2.0_EVI_cropped.tif,2393,2040,1.2284363508224487,train
hls_california\HLS.S30.T10TEK.2021092T185921.v2.0_EVI_cropped.tif,2394,2042,1.4534664154052734,train
hls_california\HLS.S30.T10TEK.2021092T185921.v2.0_EVI_cropped.tif,2396,2043,1.331116795539856,train
hls_california\HLS.S30.T10TEK.2021092T185921.v2.0_EVI_cropped.tif,2397,2045,1.8173799514770508,train
hls_california\HLS.S30.T10TEK.2021092T185921.v2.0_EVI_cropped.tif,2398,2046,65.47766876220703,train
hls_california\HLS.S30.T10TEK.2021092T185921.v2.0_EVI_cropped.tif,2399,2048,8.221494674682617,train
hls_california\HLS.S30.T10TEK.2021092T185921.v2.0_EVI_cropped.tif,2400,2049,1.2719420194625854,train
hls_california\HLS.S30.T10TEK.2021092T185921.v2.0_EVI_cropped.tif,2401,2051,0.919861912727356,train
hls_california\HLS.S30.T10TEK.2021092T185921.v2.0_EVI_cropped.tif,2403,2052,1.2284363508224487,train
hls_california\HLS.S30.T10TEK.2021092T185921.v2.0_EVI_cropped.tif,2404,2054,0.9703503251075745,train
hls_california\HLS.S30.T10TEK.2021092T185921.v2.0_EVI_cropped.tif,2405,2055,1.2284363508224487,train
hls_california\HLS.S30.T10TEK.2021092T185921.v2.0_EVI_cropped.tif,2406,2057,1.0619252920150757,train
hls_california\HLS.S30.T10TEK.2021092T185921.v2.0_EVI_cropped.tif,2407,2058,1.2719420194625854,train
hls_california\HLS.S30.T10TEK.2021092T185921.v2.0_EVI_cropped.tif,2408,2060,1.5007215738296509,train
hls_california\HLS.S30.T10TEK.2021092T185921.v2.0_EVI_cropped.tif,2410,2061,2.6026499271392822,train
hls_california\HLS.S30.T10TEK.2021092T185921.v2.0_EVI_cropped.tif,2411,2063,4.505998134613037,train
hls_california\HLS.S30.T10TEK.2021092T185921.v2.0_EVI_cropped.tif,2412,2064,1.2719420194625854,train
hls_california\HLS.S30.T10TEK.2021092T185921.v2.0_EVI_cropped.tif,2413,2066,1.4534664154052734,train
hls_california\HLS.S30.T10TEK.2021092T185921.v2.0_EVI_cropped.tif,2414,2067,2.0144054889678955,train
hls_california\HLS.S30.T10TEK.2021092T185921.v2.0_EVI_cropped.tif,2415,2069,1.171596646308899,train
hls_california\HLS.S30.T10TEK.2021092T185921.v2.0_EVI_cropped.tif,2416,2070,1.331116795539856,train
hls_california\HLS.S30.T10TEK.2021092T185921.v2.0_EVI_cropped.tif,2418,2072,1.331116795539856,train
hls_california\HLS.S30.T10TEK.2021092T185921.v2.0_EVI_cropped.tif,2419,2073,1.5007215738296509,train
hls_california\HLS.S30.T10TEK.2021092T185921.v2.0_EVI_cropped.tif,2420,2075,-9999.0,train
hls_california\HLS.S30.T10TEK.2021092T185921.v2.0_EVI_cropped.tif,2421,2076,1.2284363508224487,train
hls_california\HLS.S30.T10TEK.2021092T185921.v2.0_EVI_cropped.tif,2422,2078,1.1160929203033447,train
hls_california\HLS.S30.T10TEK.2021092T185921.v2.0_EVI_cropped.tif,2423,2079,1.6303950548171997,train
hls_california\HLS.S30.T10TEK.2021092T185921.v2.0_EVI_cropped.tif,2425,2081,1.4534664154052734,train
hls_california\HLS.S30.T10TEK.2021092T185921.v2.0_EVI_cropped.tif,2426,2082,1.1160929203033447,train
hls_california\HLS.S30.T10TEK.2021092T185921.v2.0_EVI_cropped.tif,2427,2084,1.1160929203033447,train
hls_california\HLS.S30.T10TEK.2021092T185921.v2.0_EVI_cropped.tif,2428,2085,1.3916254043579102,train
hls_california\HLS.S30.T10TEK.2021092T185921.v2.0_EVI_cropped.tif,2429,2087,1.2284363508224487,train
hls_california\HLS.S30.T10TEK.2021092T185921.v2.0_EVI_cropped.tif,2430,2088,1.171596646308899,train
hls_california\HLS.S30.T10TEK.2021092T185921.v2.0_EVI_cropped.tif,2432,2090,1.2719420194625854,train
hls_california\HLS.S30.T10TEK.2021092T185921.v2.0_EVI_cropped.tif,2433,2091,-9999.0,train
hls_california\HLS.S30.T10TEK.2021092T185921.v2.0_EVI_cropped.tif,2434,2093,1.0221772193908691,train
hls_california\HLS.S30.T10TEK.2021092T185921.v2.0_EVI_cropped.tif,2435,2094,1.2284363508224487,train
hls_california\HLS.S30.T10TEK.2021092T185921.v2.0_EVI_cropped.tif,2436,2096,1.2284363508224487,train
hls_california\HLS.S30.T10TEK.2021092T185921.v2.0_EVI_cropped.tif,2437,2098,1.2719420194625854,train
hls_california\HLS.S30.T10TEK.2021092T185921.v2.0_EVI_cropped.tif,2438,2099,1.6303950548171997,train
hls_california\HLS.S30.T10TEK.2021092T185921.v2.0_EVI_cropped.tif,2440,2101,1.2719420194625854,train
hls_california\HLS.S30.T10TEK.2021092T185921.v2.0_EVI_cropped.tif,2441,2102,1.0619252920150757,train
hls_california\HLS.S30.T10TEK.2021092T185921.v2.0_EVI_cropped.tif,2442,2104,2.299227714538574,train
hls_california\HLS.S30.T10TEK.2021092T185921.v2.0_EVI_cropped.tif,2443,2105,1.2719420194625854,train
hls_california\HLS.S30.T10TEK.2021092T185921.v2.0_EVI_cropped.tif,2444,2107,1.2284363508224487,train
hls_california\HLS.S30.T10TEK.2021092T185921.v2.0_EVI_cropped.tif,2445,2108,1.171596646308899,train
hls_california\HLS.S30.T10TEK.2021092T185921.v2.0_EVI_cropped.tif,2447,2110,1.5648930072784424,train
hls_california\HLS.S30.T10TEK.2021092T185921.v2.0_EVI_cropped.tif,2448,2111,1.0619252920150757,train
hls_california\HLS.S30.T10TEK.2021092T185921.v2.0_EVI_cropped.tif,2449,2113,1.331116795539856,train
hls_california\HLS.S30.T10TEK.2021092T185921.v2.0_EVI_cropped.tif,2450,2114,1.2284363508224487,train
hls_california\HLS.S30.T10TEK.2021092T185921.v2.0_EVI_cropped.tif,2451,2116,1.171596646308899,train
hls_california\HLS.S30.T10TEK.2021092T185921.v2.0_EVI_cropped.tif,2452,2117,1.0619252920150757,train
hls_california\HLS.S30.T10TEK.2021092T185921.v2.0_EVI_cropped.tif,2454,2119,1.2284363508224487,train
hls_california\HLS.S30.T10TEK.2021092T185921.v2.0_EVI_cropped.tif,2455,2120,0.9703503251075745,train
hls_california\HLS.S30.T10TEK.2021092T185921.v2.0_EVI_cropped.tif,2456,2122,-9999.0,train
hls_california\HLS.S30.T10TEK.2021092T185921.v2.0_EVI_cropped.tif,2457,2123,4.397345066070557,train
hls_california\HLS.S30.T10TEK.2021092T185921.v2.0_EVI_cropped.tif,2458,2125,5.244015216827393,train
hls_california\HLS.S30.T10TEK.2021092T185921.v2.0_EVI_cropped.tif,2459,2126,6.421392917633057,train
hls_california\HLS.S30.T10TEK.2021092T185921.v2.0_EVI_cropped.tif,2461,2128,6.421392917633057,train
hls_california\HLS.S30.T10TEK.2021092T185921.v2.0_EVI_cropped.tif,2462,2129,2.240774393081665,train
hls_california\HLS.S30.T10TEK.2021092T185921.v2.0_EVI_cropped.tif,2463,2131,1.3916254043579102,train
hls_california\HLS.S30.T10TEK.2021092T185921.v2.0_EVI_cropped.tif,2464,2132,24.105438232421875,train
hls_california\HLS.S30.T10TEK.2021092T185921.v2.0_EVI_cropped.tif,2465,2134,14.528246879577637,train
hls_california\HLS.S30.T10TEK.2021092T185921.v2.0_EVI_cropped.tif,2466,2135,14.155383110046387,train
hls_california\HLS.S30.T10TEK.2021092T185921.v2.0_EVI_cropped.tif,2467,2137,14.735243797302246,train
hls_california\HLS.S30.T10TEK.2021092T185921.v2.0_EVI_cropped.tif,2469,2138,14.578969955444336,train
hls_california\HLS.S30.T10TEK.2021092T185921.v2.0_EVI_cropped.tif,2470,2140,6.421392917633057,train
hls_california\HLS.S30.T10TEK.2021092T185921.v2.0_EVI_cropped.tif,2471,2141,1.331116795539856,train
hls_california\HLS.S30.T10TEK.2021092T185921.v2.0_EVI_cropped.tif,2472,2143,1.1160929203033447,train
hls_california\HLS.S30.T10TEK.2021092T185921.v2.0_EVI_cropped.tif,2473,2144,1.171596646308899,train
hls_california\HLS.S30.T10TEK.2021092T185921.v2.0_EVI_cropped.tif,2474,2146,1.6303950548171997,train
hls_california\HLS.S30.T10TEK.2021092T185921.v2.0_EVI_cropped.tif,2476,2147,4.925063133239746,train
hls_california\HLS.S30.T10TEK.2021092T185921.v2.0_EVI_cropped.tif,2477,2149,2.5404794216156006,train
hls_california\HLS.S30.T10TEK.2021092T185921.v2.0_EVI_cropped.tif,2478,2150,1.2719420194625854,train
hls_california\HLS.S30.T10TEK.2021092T185921.v2.0_EVI_cropped.tif,2479,2152,1.2719420194625854,train
hls_california\HLS.S30.T10TEK.2021092T185921.v2.0_EVI_cropped.tif,2480,2153,1.2284363508224487,train
hls_california\HLS.S30.T10TEK.2021092T185921.v2.0_EVI_cropped.tif,2481,2155,77.09404754638672,train
hls_california\HLS.S30.T10TEK.2021092T185921.v2.0_EVI_cropped.tif,2483,2156,10.902469635009766,train
hls_california\HLS.S30.T10TEK.2021092T185921.v2.0_EVI_cropped.tif,2484,2158,11.029232025146484,train
hls_california\HLS.S30.T10TEK.2021092T185921.v2.0_EVI_cropped.tif,2485,2160,-9999.0,train
hls_california\HLS.S30.T10TEK.2021092T185921.v2.0_EVI_cropped.tif,2486,2161,8.933408737182617,train
hls_california\HLS.S30.T10TEK.2021092T185921.v2.0_EVI_cropped.tif,2487,2163,11.199362754821777,train
hls_california\HLS.S30.T10TEK.2021092T185921.v2.0_EVI_cropped.tif,2488,2164,8.51772403717041,train
hls_california\HLS.S30.T10TEK.2021092T185921.v2.0_EVI_cropped.tif,2489,2166,7.433351993560791,train
hls_california\HLS.S30.T10TEK.2021092T185921.v2.0_EVI_cropped.tif,2491,2167,3.924572229385376,train
hls_california\HLS.S30.T10TEK.2021092T185921.v2.0_EVI_cropped.tif,2492,2169,92.27050018310547,train
hls_california\HLS.S30.T10TEK.2021092T185921.v2.0_EVI_cropped.tif,2493,2170,23.034297943115234,train
hls_california\HLS.S30.T10TEK.2021092T185921.v2.0_EVI_cropped.tif,2494,2172,7.966506481170654,train
hls_california\HLS.S30.T10TEK.2021092T185921.v2.0_EVI_cropped.tif,2495,2173,7.679906368255615,train
hls_california\HLS.S30.T10TEK.2021092T185921.v2.0_EVI_cropped.tif,2496,2175,1.887864589691162,train
hls_california\HLS.S30.T10TEK.2021092T185921.v2.0_EVI_cropped.tif,2498,2176,1.4534664154052734,train
hls_california\HLS.S30.T10TEK.2021092T185921.v2.0_EVI_cropped.tif,2499,2178,1.4534664154052734,train
hls_california\HLS.S30.T10TEK.2021092T185921.v2.0_EVI_cropped.tif,2500,2179,1.3916254043579102,train
hls_california\HLS.S30.T10TEK.2021092T185921.v2.0_EVI_cropped.tif,2501,2181,1.3916254043579102,train
hls_california\HLS.S30.T10TEK.2021092T185921.v2.0_EVI_cropped.tif,2502,2182,1.5648930072784424,train
hls_california\HLS.S30.T10TEK.2021092T185921.v2.0_EVI_cropped.tif,2503,2184,1.4534664154052734,train
hls_california\HLS.S30.T10TEK.2021092T185921.v2.0_EVI_cropped.tif,2505,2185,1.2719420194625854,train
hls_california\HLS.S30.T10TEK.2021092T185921.v2.0_EVI_cropped.tif,2506,2187,1.3916254043579102,train
hls_california\HLS.S30.T10TEK.2021092T185921.v2.0_EVI_cropped.tif,2507,2188,1.2719420194625854,train
hls_california\HLS.S30.T10TEK.2021092T185921.v2.0_EVI_cropped.tif,2508,2190,1.0221772193908691,train
hls_california\HLS.S30.T10TEK.2021092T185921.v2.0_EVI_cropped.tif,2509,2191,1.3916254043579102,train
hls_california\HLS.S30.T10TEK.2021092T185921.v2.0_EVI_cropped.tif,2510,2193,1.3916254043579102,train
hls_california\HLS.S30.T10TEK.2021092T185921.v2.0_EVI_cropped.tif,2511,2194,-9999.0,train
hls_california\HLS.S30.T10TEK.2021092T185921.v2.0_EVI_cropped.tif,2513,2196,1.2284363508224487,train
hls_california\HLS.S30.T10TEK.2021092T185921.v2.0_EVI_cropped.tif,2514,2197,1.2284363508224487,train
hls_california\HLS.S30.T10TEK.2021092T185921.v2.0_EVI_cropped.tif,2515,2199,1.2284363508224487,train
hls_california\HLS.S30.T10TEK.2021092T185921.v2.0_EVI_cropped.tif,2516,2200,1.2719420194625854,train
hls_california\HLS.S30.T10TEK.2021092T185921.v2.0_EVI_cropped.tif,2517,2202,1.331116795539856,train
hls_california\HLS.S30.T10TEK.2021092T185921.v2.0_EVI_cropped.tif,2518,2203,1.2284363508224487,train
hls_california\HLS.S30.T10TEK.2021092T185921.v2.0_EVI_cropped.tif,2520,2205,1.1160929203033447,train
hls_california\HLS.S30.T10TEK.2021092T185921.v2.0_EVI_cropped.tif,2521,2206,1.171596646308899,train
hls_california\HLS.S30.T10TEK.2021092T185921.v2.0_EVI_cropped.tif,2522,2208,1.331116795539856,train
hls_california\HLS.S30.T10TEK.2021092T185921.v2.0_EVI_cropped.tif,2523,2209,1.171596646308899,train
hls_california\HLS.S30.T10TEK.2021092T185921.v2.0_EVI_cropped.tif,2524,2211,1.4534664154052734,train
hls_california\HLS.S30.T10TEK.2021092T185921.v2.0_EVI_cropped.tif,2525,2212,9.515846252441406,train
hls_california\HLS.S30.T10TEK.2021092T185921.v2.0_EVI_cropped.tif,2527,2214,12.515764236450195,train
hls_california\HLS.S30.T10TEK.2021092T185921.v2.0_EVI_cropped.tif,2528,2215,12.515764236450195,train
hls_california\HLS.S30.T10TEK.2021092T185921.v2.0_EVI_cropped.tif,2529,2217,1.887864589691162,train
hls_california\HLS.S30.T10TEK.2021092T185921.v2.0_EVI_cropped.tif,2530,2219,1.4534664154052734,train
hls_california\HLS.S30.T10TEK.2021092T185921.v2.0_EVI_cropped.tif,2531,2220,1.1160929203033447,train
hls_california\HLS.S30.T10TEK.2021092T185921.v2.0_EVI_cropped.tif,2532,2222,1.1160929203033447,train
hls_california\HLS.S30.T10TEK.2021092T185921.v2.0_EVI_cropped.tif,2533,2223,1.0619252920150757,train
hls_california\HLS.S30.T10TEK.2021092T185921.v2.0_EVI_cropped.tif,2535,2225,1.1160929203033447,train
hls_california\HLS.S30.T10TEK.2021092T185921.v2.0_EVI_cropped.tif,2536,2226,1.1160929203033447,train
hls_california\HLS.S30.T10TEK.2021092T185921.v2.0_EVI_cropped.tif,2537,2228,6.068546295166016,train
hls_california\HLS.S30.T10TEK.2021092T185921.v2.0_EVI_cropped.tif,2538,2229,1.4534664154052734,train
hls_california\HLS.S30.T10TEK.2021092T185921.v2.0_EVI_cropped.tif,2539,2231,-9999.0,train
hls_california\HLS.S30.T10TEK.2021092T185921.v2.0_EVI_cropped.tif,2540,2232,1.4534664154052734,train
hls_california\HLS.S30.T10TEK.2021092T185921.v2.0_EVI_cropped.tif,2542,2234,1.2719420194625854,train
hls_california\HLS.S30.T10TEK.2021092T185921.v2.0_EVI_cropped.tif,2543,2235,1.0619252920150757,train
hls_california\HLS.S30.T10TEK.2021092T185921.v2.0_EVI_cropped.tif,2544,2237,1.0619252920150757,train
hls_california\HLS.S30.T10TEK.2021092T185921.v2.0_EVI_cropped.tif,2545,2238,1.2719420194625854,train
hls_california\HLS.S30.T10TEK.2021092T185921.v2.0_EVI_cropped.tif,2546,2240,0.9703503251075745,train
hls_california\HLS.S30.T10TEK.2021092T185921.v2.0_EVI_cropped.tif,2547,2241,1.2284363508224487,train
hls_california\HLS.S30.T10TEK.2021092T185921.v2.0_EVI_cropped.tif,2549,2243,1.2284363508224487,train
hls_california\HLS.S30.T10TEK.2021092T185921.v2.0_EVI_cropped.tif,2550,2244,1.331116795539856,train
hls_california\HLS.S30.T10TEK.2021092T185921.v2.0_EVI_cropped.tif,2551,2246,1.4534664154052734,train
hls_california\HLS.S30.T10TEK.2021092T185921.v2.0_EVI_cropped.tif,2552,2247,1.1160929203033447,train
hls_california\HLS.S30.T10TEK.2021092T185921.v2.0_EVI_cropped.tif,2553,2249,1.171596646308899,train
hls_california\HLS.S30.T10TEK.2021092T185921.v2.0_EVI_cropped.tif,2554,2250,1.2284363508224487,train
hls_california\HLS.S30.T10TEK.2021092T185921.v2.0_EVI_cropped.tif,2555,2252,1.171596646308899,train
hls_california\HLS.S30.T10TEK.2021092T185921.v2.0_EVI_cropped.tif,2557,2253,1.6303950548171997,train
hls_california\HLS.S30.T10TEK.2021092T185921.v2.0_EVI_cropped.tif,2558,2255,2.6866989135742188,train
hls_california\HLS.S30.T10TEK.2021092T185921.v2.0_EVI_cropped.tif,2559,2256,1.3916254043579102,train
hls_california\HLS.S30.T10TEK.2021092T185921.v2.0_EVI_cropped.tif,2560,2258,1.0619252920150757,train
hls_california\HLS.S30.T10TEK.2021092T185921.v2.0_EVI_cropped.tif,2561,2259,1.171596646308899,train
hls_california\HLS.S30.T10TEK.2021092T185921.v2.0_EVI_cropped.tif,2562,2261,6.421392917633057,train
hls_california\HLS.S30.T10TEK.2021092T185921.v2.0_EVI_cropped.tif,2564,2262,7.433351993560791,train
hls_california\HLS.S30.T10TEK.2021092T185921.v2.0_EVI_cropped.tif,2565,2264,6.421392917633057,train
hls_california\HLS.S30.T10TEK.2021092T185921.v2.0_EVI_cropped.tif,2566,2265,1.3916254043579102,train
hls_california\HLS.S30.T10TEK.2021092T185921.v2.0_EVI_cropped.tif,2567,2267,-9999.0,train
hls_california\HLS.S30.T10TEK.2021092T185921.v2.0_EVI_cropped.tif,2568,2268,17.895105361938477,train
hls_california\HLS.S30.T10TEK.2021092T185921.v2.0_EVI_cropped.tif,2569,2270,2.772066354751587,train
hls_california\HLS.S30.T10TEK.2021092T185921.v2.0_EVI_cropped.tif,2570,2272,8.075304985046387,train
hls_california\HLS.S30.T10TEK.2021092T185921.v2.0_EVI_cropped.tif,2572,2273,7.822563171386719,train
hls_california\HLS.S30.T10TEK.2021092T185921.v2.0_EVI_cropped.tif,2573,2275,3.722954511642456,train
hls_california\HLS.S30.T10TEK.2021092T185921.v2.0_EVI_cropped.tif,2574,2276,2.378323554992676,train
hls_california\HLS.S30.T10TEK.2021092T185921.v2.0_EVI_cropped.tif,2575,2278,1.5007215738296509,train
hls_california\HLS.S30.T10TEK.2021092T185921.v2.0_EVI_cropped.tif,2576,2279,2.4587409496307373,train
hls_california\HLS.S30.T10TEK.2021092T185921.v2.0_EVI_cropped.tif,2577,2281,1.887864589691162,train
hls_california\HLS.S30.T10TEK.2021092T185921.v2.0_EVI_cropped.tif,2579,2282,11.029232025146484,train
hls_california\HLS.S30.T10TEK.2021092T185921.v2.0_EVI_cropped.tif,2580,2284,9.954383850097656,train
hls_california\HLS.S30.T10TEK.2021092T185921.v2.0_EVI_cropped.tif,2581,2285,15.163097381591797,train
hls_california\HLS.S30.T10TEK.2021092T185921.v2.0_EVI_cropped.tif,2582,2287,33.178955078125,train
hls_california\HLS.S30.T10TEK.2021092T185921.v2.0_EVI_cropped.tif,2583,2288,22.277122497558594,train
hls_california\HLS.S30.T10TEK.2021092T185921.v2.0_EVI_cropped.tif,2584,2290,21.36392593383789,train
hls_california\HLS.S30.T10TEK.2021092T185921.v2.0_EVI_cropped.tif,2613,2328,2.6866989135742188,train
hls_california\HLS.S30.T10TEK.2021092T185921.v2.0_EVI_cropped.tif,2614,2329,1.2284363508224487,train
hls_california\HLS.S30.T10TEK.2021092T185921.v2.0_EVI_cropped.tif,2616,2331,1.171596646308899,train
hls_california\HLS.S30.T10TEK.2021092T185921.v2.0_EVI_cropped.tif,2617,2332,2.6866989135742188,train
hls_california\HLS.S30.T10TEK.2021092T185921.v2.0_EVI_cropped.tif,2618,2334,1.9596763849258423,train
hls_california\HLS.S30.T10TEK.2021092T185921.v2.0_EVI_cropped.tif,2620,2337,1.6303950548171997,train
hls_california\HLS.S30.T10TEK.2021092T185921.v2.0_EVI_cropped.tif,2621,2338,1.8173799514770508,train
hls_california\HLS.S30.T10TEK.2021092T185921.v2.0_EVI_cropped.tif,2622,2340,1.4534664154052734,train
hls_california\HLS.S30.T10TEK.2021092T185921.v2.0_EVI_cropped.tif,2624,2341,1.2719420194625854,train
hls_california\HLS.S30.T10TEK.2021092T185921.v2.0_EVI_cropped.tif,2625,2343,1.331116795539856,train
hls_california\HLS.S30.T10TEK.2021092T185921.v2.0_EVI_cropped.tif,2626,2344,1.331116795539856,train
hls_california\HLS.S30.T10TEK.2021092T185921.v2.0_EVI_cropped.tif,2627,2346,1.5007215738296509,train
hls_california\HLS.S30.T10TEK.2021092T185921.v2.0_EVI_cropped.tif,2628,2347,-9999.0,train
hls_california\HLS.S30.T10TEK.2021092T185921.v2.0_EVI_cropped.tif,2629,2349,1.5648930072784424,train
hls_california\HLS.S30.T10TEK.2021092T185921.v2.0_EVI_cropped.tif,2631,2350,1.5648930072784424,train
hls_california\HLS.S30.T10TEK.2021092T185921.v2.0_EVI_cropped.tif,2632,2352,2.378323554992676,train
hls_california\HLS.S30.T10TEK.2021092T185921.v2.0_EVI_cropped.tif,2633,2353,1.5007215738296509,train
hls_california\HLS.S30.T10TEK.2021092T185921.v2.0_EVI_cropped.tif,2634,2355,1.331116795539856,train
hls_california\HLS.S30.T10TEK.2021092T185921.v2.0_EVI_cropped.tif,2635,2356,1.2719420194625854,train
hls_california\HLS.S30.T10TEK.2021092T185921.v2.0_EVI_cropped.tif,2636,2358,1.2719420194625854,train
hls_california\HLS.S30.T10TEK.2021092T185921.v2.0_EVI_cropped.tif,2637,2359,1.4534664154052734,train
hls_california\HLS.S30.T10TEK.2021092T185921.v2.0_EVI_cropped.tif,2639,2361,3.6241109371185303,train
hls_california\HLS.S30.T10TEK.2021092T185921.v2.0_EVI_cropped.tif,2640,2362,1.5007215738296509,train
hls_california\HLS.S30.T10TEK.2021092T185921.v2.0_EVI_cropped.tif,2641,2364,1.5007215738296509,train
hls_california\HLS.S30.T10TEK.2021092T185921.v2.0_EVI_cropped.tif,2642,2365,10.279376983642578,train
hls_california\HLS.S30.T10TEK.2021092T185921.v2.0_EVI_cropped.tif,2643,2367,12.202231407165527,train
hls_california\HLS.S30.T10TEK.2021092T185921.v2.0_EVI_cropped.tif,2644,2368,3.823108196258545,train
hls_california\HLS.S30.T10TEK.2021092T185921.v2.0_EVI_cropped.tif,2646,2370,1.9596763849258423,train
hls_california\HLS.S30.T10TEK.2021092T185921.v2.0_EVI_cropped.tif,2647,2371,36.82401657104492,train
hls_california\HLS.S30.T10TEK.2021092T185921.v2.0_EVI_cropped.tif,2648,2373,1.0619252920150757,train
hls_california\HLS.S30.T10TEK.2021092T185921.v2.0_EVI_cropped.tif,2649,2375,176.4372100830078,train
hls_california\HLS.S30.T10TEK.2021092T185921.v2.0_EVI_cropped.tif,2650,2376,9.954383850097656,train
hls_california\HLS.S30.T10TEK.2021092T185921.v2.0_EVI_cropped.tif,2651,2378,2.240774393081665,train
hls_california\HLS.S30.T10TEK.2021092T185921.v2.0_EVI_cropped.tif,2652,2379,5.603175163269043,train
hls_california\HLS.S30.T10TEK.2021092T185921.v2.0_EVI_cropped.tif,2654,2381,6.291952610015869,train
hls_california\HLS.S30.T10TEK.2021092T185921.v2.0_EVI_cropped.tif,2655,2382,4.397345066070557,train
hls_california\HLS.S30.T10TEK.2021092T185921.v2.0_EVI_cropped.tif,2656,2384,4.397345066070557,train
hls_california\HLS.S30.T10TEK.2021092T185921.v2.0_EVI_cropped.tif,2657,2385,14.429801940917969,train
hls_california\HLS.S30.T10TEK.2021092T185921.v2.0_EVI_cropped.tif,2658,2387,4.210343837738037,train
hls_california\HLS.S30.T10TEK.2021092T185921.v2.0_EVI_cropped.tif,2659,2388,5.818078994750977,train
hls_california\HLS.S30.T10TEK.2021092T185921.v2.0_EVI_cropped.tif,2661,2390,1.5648930072784424,train
hls_california\HLS.S30.T10TEK.2021092T185921.v2.0_EVI_cropped.tif,2662,2391,1.2719420194625854,train
hls_california\HLS.S30.T10TEK.2021092T185921.v2.0_EVI_cropped.tif,2663,2393,1.2719420194625854,train
hls_california\HLS.S30.T10TEK.2021092T185921.v2.0_EVI_cropped.tif,2664,2394,1.9596763849258423,train
hls_california\HLS.S30.T10TEK.2021092T185921.v2.0_EVI_cropped.tif,2665,2396,3.722954511642456,train
hls_california\HLS.S30.T10TEK.2021092T185921.v2.0_EVI_cropped.tif,2666,2397,4.7272186279296875,train
hls_california\HLS.S30.T10TEK.2021092T185921.v2.0_EVI_cropped.tif,2667,2399,1.2719420194625854,train
hls_california\HLS.S30.T10TEK.2021092T185921.v2.0_EVI_cropped.tif,2669,2400,1.697226881980896,train
hls_california\HLS.S30.T10TEK.2021092T185921.v2.0_EVI_cropped.tif,2670,2402,2.240774393081665,train
hls_california\HLS.S30.T10TEK.2021092T185921.v2.0_EVI_cropped.tif,2671,2403,1.2719420194625854,train
hls_california\HLS.S30.T10TEK.2021092T185921.v2.0_EVI_cropped.tif,2672,2405,1.7482229471206665,train
hls_california\HLS.S30.T10TEK.2021092T185921.v2.0_EVI_cropped.tif,2673,2406,8.933408737182617,train
hls_california\HLS.S30.T10TEK.2021092T185921.v2.0_EVI_cropped.tif,2674,2408,11.029232025146484,train
hls_california\HLS.S30.T10TEK.2021092T185921.v2.0_EVI_cropped.tif,2676,2409,42.72500991821289,train
hls_california\HLS.S30.T10TEK.2021092T185921.v2.0_EVI_cropped.tif,2677,2411,43.05146026611328,train
hls_california\HLS.S30.T10TEK.2021092T185921.v2.0_EVI_cropped.tif,2678,2412,-9999.0,train
hls_california\HLS.S30.T10TEK.2021092T185921.v2.0_EVI_cropped.tif,2679,2414,1.0619252920150757,train
hls_california\HLS.S30.T10TEK.2021092T185921.v2.0_EVI_cropped.tif,2680,2415,-9999.0,train
hls_california\HLS.S30.T10TEK.2021092T185921.v2.0_EVI_cropped.tif,2681,2417,10.567928314208984,train
hls_california\HLS.S30.T10TEK.2021092T185921.v2.0_EVI_cropped.tif,2682,2418,1.6303950548171997,train
hls_california\HLS.S30.T10TEK.2021092T185921.v2.0_EVI_cropped.tif,2684,2420,1.2719420194625854,train
hls_california\HLS.S30.T10TEK.2021092T185921.v2.0_EVI_cropped.tif,2685,2421,1.5007215738296509,train
hls_california\HLS.S30.T10TEK.2021092T185921.v2.0_EVI_cropped.tif,2686,2423,1.5648930072784424,train
hls_california\HLS.S30.T10TEK.2021092T185921.v2.0_EVI_cropped.tif,2687,2425,1.5007215738296509,train
hls_california\HLS.S30.T10TEK.2021092T185921.v2.0_EVI_cropped.tif,2688,2426,1.331116795539856,train
hls_california\HLS.S30.T10TEK.2021092T185921.v2.0_EVI_cropped.tif,2689,2428,1.697226881980896,train
hls_california\HLS.S30.T10TEK.2021092T185921.v2.0_EVI_cropped.tif,2691,2429,1.5007215738296509,train
hls_california\HLS.S30.T10TEK.2021092T185921.v2.0_EVI_cropped.tif,2692,2431,-9999.0,train
hls_california\HLS.S30.T10TEK.2021092T185921.v2.0_EVI_cropped.tif,2693,2432,15.355535507202148,train
hls_california\HLS.S30.T10TEK.2021092T185921.v2.0_EVI_cropped.tif,2694,2434,15.887906074523926,train
hls_california\HLS.S30.T10TEK.2021092T185921.v2.0_EVI_cropped.tif,2695,2435,14.74622631072998,train
hls_california\HLS.S30.T10TEK.2021092T185921.v2.0_EVI_cropped.tif,2696,2437,14.578969955444336,train
hls_california\HLS.S30.T10TEK.2021092T185921.v2.0_EVI_cropped.tif,2697,2438,15.120341300964355,train
hls_california\HLS.S30.T10TEK.2021092T185921.v2.0_EVI_cropped.tif,2699,2440,14.74622631072998,train
hls_california\HLS.S30.T10TEK.2021092T185921.v2.0_EVI_cropped.tif,2700,2441,14.989570617675781,train
hls_california\HLS.S30.T10TEK.2021092T185921.v2.0_EVI_cropped.tif,2701,2443,15.172019958496094,train
hls_california\HLS.S30.T10TEK.2021092T185921.v2.0_EVI_cropped.tif,2702,2444,14.343744277954102,train
hls_california\HLS.S30.T10TEK.2021092T185921.v2.0_EVI_cropped.tif,2703,2446,17.8083553314209,train
hls_california\HLS.S30.T10TEK.2021092T185921.v2.0_EVI_cropped.tif,2704,2447,20.22948455810547,train
hls_california\HLS.S30.T10TEK.2021092T185921.v2.0_EVI_cropped.tif,2706,2449,20.150897979736328,train
hls_california\HLS.S30.T10TEK.2021092T185921.v2.0_EVI_cropped.tif,2707,2450,23.513471603393555,train
hls_california\HLS.S30.T10TEK.2021092T185921.v2.0_EVI_cropped.tif,2708,2452,17.74043846130371,train
hls_california\HLS.S30.T10TEK.2021092T185921.v2.0_EVI_cropped.tif,2709,2453,29.284767150878906,train
hls_california\HLS.S30.T10TEK.2021092T185921.v2.0_EVI_cropped.tif,2710,2455,14.528246879577637,train
hls_california\HLS.S30.T10TEK.2021092T185921.v2.0_EVI_cropped.tif,2711,2456,14.528246879577637,train
hls_california\HLS.S30.T10TEK.2021092T185921.v2.0_EVI_cropped.tif,2713,2458,15.355535507202148,train
hls_california\HLS.S30.T10TEK.2021092T185921.v2.0_EVI_cropped.tif,2714,2459,26.62699317932129,train
hls_california\HLS.S30.T10TEK.2021092T185921.v2.0_EVI_cropped.tif,2715,2461,38.087921142578125,train
hls_california\HLS.S30.T10TEK.2021092T185921.v2.0_EVI_cropped.tif,2716,2462,22.429277420043945,train
hls_california\HLS.S30.T10TEK.2021092T185921.v2.0_EVI_cropped.tif,2717,2464,24.491636276245117,train
hls_california\HLS.S30.T10TEK.2021092T185921.v2.0_EVI_cropped.tif,2718,2465,17.961843490600586,train
hls_california\HLS.S30.T10TEK.2021092T185921.v2.0_EVI_cropped.tif,2719,2467,14.797309875488281,train
hls_california\HLS.S30.T10TEK.2021092T185921.v2.0_EVI_cropped.tif,2721,2468,15.172019958496094,train
hls_california\HLS.S30.T10TEK.2021092T185921.v2.0_EVI_cropped.tif,2722,2470,16.139720916748047,train
hls_california\HLS.S30.T10TEK.2021092T185921.v2.0_EVI_cropped.tif,2723,2471,15.120341300964355,train
hls_california\HLS.S30.T10TEK.2021092T185921.v2.0_EVI_cropped.tif,2724,2473,64.19874572753906,train
hls_california\HLS.S30.T10TEK.2021092T185921.v2.0_EVI_cropped.tif,2725,2474,28.598329544067383,train
hls_california\HLS.S30.T10TEK.2021092T185921.v2.0_EVI_cropped.tif,2726,2476,24.980716705322266,train
hls_california\HLS.S30.T10TEK.2021092T185921.v2.0_EVI_cropped.tif,2728,2478,23.612346649169922,train
hls_california\HLS.S30.T10TEK.2021092T185921.v2.0_EVI_cropped.tif,2729,2479,17.886253356933594,train
hls_california\HLS.S30.T10TEK.2021092T185921.v2.0_EVI_cropped.tif,2730,2481,21.960590362548828,train
hls_california\HLS.S30.T10TEK.2021092T185921.v2.0_EVI_cropped.tif,2731,2482,23.885086059570312,train
hls_california\HLS.S30.T10TEK.2021092T185921.v2.0_EVI_cropped.tif,2732,2484,-9999.0,train
hls_california\HLS.S30.T10TEK.2021092T185921.v2.0_EVI_cropped.tif,2733,2485,15.314538955688477,train
hls_california\HLS.S30.T10TEK.2021092T185921.v2.0_EVI_cropped.tif,2734,2487,14.97862720489502,train
hls_california\HLS.S30.T10TEK.2021092T185921.v2.0_EVI_cropped.tif,2736,2488,14.477603912353516,train
hls_california\HLS.S30.T10TEK.2021092T185921.v2.0_EVI_cropped.tif,2737,2490,38.164180755615234,train
hls_california\HLS.S30.T10TEK.2021092T185921.v2.0_EVI_cropped.tif,2738,2491,14.797309875488281,train
hls_california\HLS.S30.T10TEK.2021092T185921.v2.0_EVI_cropped.tif,2739,2493,107.65172576904297,train
hls_california\HLS.S30.T10TEK.2021092T185921.v2.0_EVI_cropped.tif,2740,2494,16.064434051513672,train
hls_california\HLS.S30.T10TEK.2021092T185921.v2.0_EVI_cropped.tif,2741,2496,38.65113067626953,train
hls_california\HLS.S30.T10TEK.2021092T185921.v2.0_EVI_cropped.tif,2743,2497,46.759521484375,train
hls_california\HLS.S30.T10TEK.2021092T185921.v2.0_EVI_cropped.tif,2744,2499,29.635337829589844,train
hls_california\HLS.S30.T10TEK.2021092T185921.v2.0_EVI_cropped.tif,2745,2500,31.406696319580078,train
hls_california\HLS.S30.T10TEK.2021092T185921.v2.0_EVI_cropped.tif,2746,2502,-9999.0,train
hls_california\HLS.S30.T10TEK.2021092T185921.v2.0_EVI_cropped.tif,2747,2503,30.192338943481445,train
hls_california\HLS.S30.T10TEK.2021092T185921.v2.0_EVI_cropped.tif,2748,2505,29.259281158447266,train
hls_california\HLS.S30.T10TEK.2021092T185921.v2.0_EVI_cropped.tif,2749,2506,26.3776798248291,train
hls_california\HLS.S30.T10TEK.2021092T185921.v2.0_EVI_cropped.tif,2751,2508,29.48893928527832,train
hls_california\HLS.S30.T10TEK.2021092T185921.v2.0_EVI_cropped.tif,2752,2509,28.395376205444336,train
hls_california\HLS.S30.T10TEK.2021092T185921.v2.0_EVI_cropped.tif,2753,2511,16.393280029296875,train
hls_california\HLS.S30.T10TEK.2021092T185921.v2.0_EVI_cropped.tif,2754,2512,19.332502365112305,train
hls_california\HLS.S30.T10TEK.2021092T185921.v2.0_EVI_cropped.tif,2755,2514,-9999.0,train
hls_california\HLS.S30.T10TEK.2021092T185921.v2.0_EVI_cropped.tif,2756,2515,19.18500518798828,train
hls_california\HLS.S30.T10TEK.2021092T185921.v2.0_EVI_cropped.tif,2758,2517,20.87164306640625,train
hls_california\HLS.S30.T10TEK.2021092T185921.v2.0_EVI_cropped.tif,2759,2518,18.98553466796875,train
hls_california\HLS.S30.T10TEK.2021092T185921.v2.0_EVI_cropped.tif,2760,2520,5.9426655769348145,train
hls_california\HLS.S30.T10TEK.2021092T185921.v2.0_EVI_cropped.tif,2761,2521,4.316711902618408,train
hls_california\HLS.S30.T10TEK.2021092T185921.v2.0_EVI_cropped.tif,2762,2523,6.068546295166016,train
hls_california\HLS.S30.T10TEK.2021092T185921.v2.0_EVI_cropped.tif,2763,2524,2.1639935970306396,train
hls_california\HLS.S30.T10TEK.2021092T185921.v2.0_EVI_cropped.tif,2764,2526,3.823108196258545,train
hls_california\HLS.S30.T10TEK.2021092T185921.v2.0_EVI_cropped.tif,2766,2528,1.5648930072784424,train
hls_california\HLS.S30.T10TEK.2021092T185921.v2.0_EVI_cropped.tif,2767,2529,5.039907932281494,train
hls_california\HLS.S30.T10TEK.2021092T185921.v2.0_EVI_cropped.tif,2768,2531,23.277528762817383,train
hls_california\HLS.S30.T10TEK.2021092T185921.v2.0_EVI_cropped.tif,2769,2532,-9999.0,train
hls_california\HLS.S30.T10TEK.2021092T185921.v2.0_EVI_cropped.tif,2770,2534,15.172019958496094,train
hls_california\HLS.S30.T10TEK.2021092T185921.v2.0_EVI_cropped.tif,2771,2535,14.927242279052734,train
hls_california\HLS.S30.T10TEK.2021092T185921.v2.0_EVI_cropped.tif,2773,2537,-9999.0,train
hls_california\HLS.S30.T10TEK.2021092T185921.v2.0_EVI_cropped.tif,2774,2538,14.389166831970215,train
hls_california\HLS.S30.T10TEK.2021092T185921.v2.0_EVI_cropped.tif,2775,2540,14.797309875488281,train
hls_california\HLS.S30.T10TEK.2021092T185921.v2.0_EVI_cropped.tif,2776,2541,14.439672470092773,train
hls_california\HLS.S30.T10TEK.2021092T185921.v2.0_EVI_cropped.tif,2777,2543,29.36591339111328,train
hls_california\HLS.S30.T10TEK.2021092T185921.v2.0_EVI_cropped.tif,2778,2544,28.686506271362305,train
hls_california\HLS.S30.T10TEK.2021092T185921.v2.0_EVI_cropped.tif,2779,2546,25.72492790222168,train
hls_california\HLS.S30.T10TEK.2021092T185921.v2.0_EVI_cropped.tif,2781,2547,19.68750762939453,train
hls_california\HLS.S30.T10TEK.2021092T185921.v2.0_EVI_cropped.tif,2782,2549,15.87685775756836,train
hls_california\HLS.S30.T10TEK.2021092T185921.v2.0_EVI_cropped.tif,2783,2550,14.578969955444336,train
hls_california\HLS.S30.T10TEK.2021092T185921.v2.0_EVI_cropped.tif,2784,2552,14.875933647155762,train
hls_california\HLS.S30.T10TEK.2021092T185921.v2.0_EVI_cropped.tif,2785,2553,57.99771499633789,train
hls_california\HLS.S30.T10TEK.2021092T185921.v2.0_EVI_cropped.tif,2786,2555,18.428783416748047,train
hls_california\HLS.S30.T10TEK.2021092T185921.v2.0_EVI_cropped.tif,2788,2556,24.88981819152832,train
hls_california\HLS.S30.T10TEK.2021092T185921.v2.0_EVI_cropped.tif,2789,2558,15.590415000915527,train
hls_california\HLS.S30.T10TEK.2021092T185921.v2.0_EVI_cropped.tif,2790,2559,18.144615173339844,train
hls_california\HLS.S30.T10TEK.2021092T185921.v2.0_EVI_cropped.tif,2791,2561,20.619916915893555,train
hls_california\HLS.S30.T10TEK.2021092T185921.v2.0_EVI_cropped.tif,2792,2562,24.782094955444336,train
hls_california\HLS.S30.T10TEK.2021092T185921.v2.0_EVI_cropped.tif,2793,2564,27.450361251831055,train
hls_california\HLS.S30.T10TEK.2021092T185921.v2.0_EVI_cropped.tif,2794,2565,45.947261810302734,train
hls_california\HLS.S30.T10TEK.2021092T185921.v2.0_EVI_cropped.tif,2796,2567,69.3201904296875,train
hls_california\HLS.S30.T10TEK.2021092T185921.v2.0_EVI_cropped.tif,2797,2568,29.80280113220215,train
hls_california\HLS.S30.T10TEK.2021092T185921.v2.0_EVI_cropped.tif,2798,2570,28.107980728149414,train
hls_california\HLS.S30.T10TEK.2021092T185921.v2.0_EVI_cropped.tif,2799,2571,14.528246879577637,train
hls_california\HLS.S30.T10TEK.2021092T185921.v2.0_EVI_cropped.tif,2800,2573,29.009788513183594,train
hls_california\HLS.S30.T10TEK.2021092T185921.v2.0_EVI_cropped.tif,2801,2574,22.915714263916016,train
hls_california\HLS.S30.T10TEK.2021092T185921.v2.0_EVI_cropped.tif,2803,2576,-9999.0,train
hls_california\HLS.S30.T10TEK.2021092T185921.v2.0_EVI_cropped.tif,2804,2577,22.657262802124023,train
hls_california\HLS.S30.T10TEK.2021092T185921.v2.0_EVI_cropped.tif,2805,2579,9.67419719696045,train
hls_california\HLS.S30.T10TEK.2021092T185921.v2.0_EVI_cropped.tif,2806,2581,9.67419719696045,train
hls_california\HLS.S30.T10TEK.2021092T185921.v2.0_EVI_cropped.tif,2807,2582,10.116243362426758,train
hls_california\HLS.S30.T10TEK.2021092T185921.v2.0_EVI_cropped.tif,2808,2584,6.421392917633057,train
hls_california\HLS.S30.T10TEK.2021092T185921.v2.0_EVI_cropped.tif,2810,2585,7.966506481170654,train
hls_california\HLS.S30.T10TEK.2021092T185921.v2.0_EVI_cropped.tif,2811,2587,32.97924041748047,train
hls_california\HLS.S30.T10TEK.2021092T185921.v2.0_EVI_cropped.tif,2812,2588,2.0885369777679443,train
hls_california\HLS.S30.T10TEK.2021092T185921.v2.0_EVI_cropped.tif,2813,2590,1.171596646308899,train
hls_california\HLS.S30.T10TEK.2021092T185921.v2.0_EVI_cropped.tif,2814,2591,2.0144054889678955,train
hls_california\HLS.S30.T10TEK.2021092T185921.v2.0_EVI_cropped.tif,2815,2593,13.573183059692383,train
hls_california\HLS.S30.T10TEK.2021092T185921.v2.0_EVI_cropped.tif,2816,2594,13.71418285369873,train
hls_california\HLS.S30.T10TEK.2021092T185921.v2.0_EVI_cropped.tif,2818,2596,12.024810791015625,train
hls_california\HLS.S30.T10TEK.2021092T185921.v2.0_EVI_cropped.tif,2819,2597,1.4534664154052734,train
hls_california\HLS.S30.T10TEK.2021092T185921.v2.0_EVI_cropped.tif,2820,2599,77.9577865600586,train
hls_california\HLS.S30.T10TEK.2021092T185921.v2.0_EVI_cropped.tif,2821,2600,94.03512573242188,train
hls_california\HLS.S30.T10TEK.2021092T185921.v2.0_EVI_cropped.tif,2822,2602,3.013622760772705,train
hls_california\HLS.S30.T10TEK.2021092T185921.v2.0_EVI_cropped.tif,2823,2603,18.489572525024414,train
hls_california\HLS.S30.T10TEK.2021092T185921.v2.0_EVI_cropped.tif,2825,2605,1.2284363508224487,train
hls_california\HLS.S30.T10TEK.2021092T185921.v2.0_EVI_cropped.tif,2826,2606,2.0144054889678955,train
hls_california\HLS.S30.T10TEK.2021092T185921.v2.0_EVI_cropped.tif,2827,2608,1.1160929203033447,train
hls_california\HLS.S30.T10TEK.2021092T185921.v2.0_EVI_cropped.tif,2828,2609,14.528246879577637,train
hls_california\HLS.S30.T10TEK.2021092T185921.v2.0_EVI_cropped.tif,2829,2611,28.957561492919922,train
hls_california\HLS.S30.T10TEK.2021092T185921.v2.0_EVI_cropped.tif,2830,2612,31.50568962097168,train
hls_california\HLS.S30.T10TEK.2021092T185921.v2.0_EVI_cropped.tif,2831,2614,36.019161224365234,train
hls_california\HLS.S30.T10TEK.2021092T185921.v2.0_EVI_cropped.tif,2833,2615,19.588939666748047,train
hls_california\HLS.S30.T10TEK.2021092T185921.v2.0_EVI_cropped.tif,2834,2617,39.3460807800293,train
hls_california\HLS.S30.T10TEK.2021092T185921.v2.0_EVI_cropped.tif,2835,2618,14.74622631072998,train
hls_california\HLS.S30.T10TEK.2021092T185921.v2.0_EVI_cropped.tif,2836,2620,14.389166831970215,train
hls_california\HLS.S30.T10TEK.2021092T185921.v2.0_EVI_cropped.tif,2837,2621,14.578969955444336,train
hls_california\HLS.S30.T10TEK.2021092T185921.v2.0_EVI_cropped.tif,2838,2623,14.657018661499023,train
hls_california\HLS.S30.T10TEK.2021092T185921.v2.0_EVI_cropped.tif,2840,2624,14.578969955444336,train
hls_california\HLS.S30.T10TEK.2021092T185921.v2.0_EVI_cropped.tif,2841,2626,14.578969955444336,train
hls_california\HLS.S30.T10TEK.2021092T185921.v2.0_EVI_cropped.tif,2842,2627,1.0221772193908691,train
hls_california\HLS.S30.T10TEK.2021092T185921.v2.0_EVI_cropped.tif,2843,2629,1.1160929203033447,train
hls_california\HLS.S30.T10TEK.2021092T185921.v2.0_EVI_cropped.tif,2844,2630,1.9596763849258423,train
hls_california\HLS.S30.T10TEK.2021092T185921.v2.0_EVI_cropped.tif,2845,2632,19.093441009521484,train
hls_california\HLS.S30.T10TEK.2021092T185921.v2.0_EVI_cropped.tif,2847,2634,49.042266845703125,train
hls_california\HLS.S30.T10TEK.2021092T185921.v2.0_EVI_cropped.tif,2848,2635,107.32361602783203,train
hls_california\HLS.S30.T10TEK.2021092T185921.v2.0_EVI_cropped.tif,2849,2637,48.69490432739258,train
hls_california\HLS.S30.T10TEK.2021092T185921.v2.0_EVI_cropped.tif,2850,2638,1.5648930072784424,train
hls_california\HLS.S30.T10TEK.2021092T185921.v2.0_EVI_cropped.tif,2851,2640,-9999.0,train
hls_california\HLS.S30.T10TEK.2021092T185921.v2.0_EVI_cropped.tif,2852,2641,1.2284363508224487,train
hls_california\HLS.S30.T10TEK.2021092T185921.v2.0_EVI_cropped.tif,2853,2643,1.1160929203033447,train
hls_california\HLS.S30.T10TEK.2021092T185921.v2.0_EVI_cropped.tif,2855,2644,1.331116795539856,train
hls_california\HLS.S30.T10TEK.2021092T185921.v2.0_EVI_cropped.tif,2856,2646,1.6303950548171997,train
hls_california\HLS.S30.T10TEK.2021092T185921.v2.0_EVI_cropped.tif,2857,2647,1.2719420194625854,train
hls_california\HLS.S30.T10TEK.2021092T185921.v2.0_EVI_cropped.tif,2858,2649,2.0144054889678955,train
hls_california\HLS.S30.T10TEK.2021092T185921.v2.0_EVI_cropped.tif,2859,2650,21.25168228149414,train
hls_california\HLS.S30.T10TEK.2021092T185921.v2.0_EVI_cropped.tif,2860,2652,24.137086868286133,train
hls_california\HLS.S30.T10TEK.2021092T185921.v2.0_EVI_cropped.tif,2862,2653,18.70807647705078,train
hls_california\HLS.S30.T10TEK.2021092T185921.v2.0_EVI_cropped.tif,2863,2655,26.287858963012695,train
hls_california\HLS.S30.T10TEK.2021092T185921.v2.0_EVI_cropped.tif,2864,2656,19.93202781677246,train
hls_california\HLS.S30.T10TEK.2021092T185921.v2.0_EVI_cropped.tif,2865,2658,18.489572525024414,train
hls_california\HLS.S30.T10TEK.2021092T185921.v2.0_EVI_cropped.tif,2866,2659,13.573183059692383,train
hls_california\HLS.S30.T10TEK.2021092T185921.v2.0_EVI_cropped.tif,2867,2661,-9999.0,train
hls_california\HLS.S30.T10TEK.2021092T185921.v2.0_EVI_cropped.tif,2868,2662,9.67419719696045,train
hls_california\HLS.S30.T10TEK.2021092T185921.v2.0_EVI_cropped.tif,2870,2664,1.3916254043579102,train
hls_california\HLS.S30.T10TEK.2021092T185921.v2.0_EVI_cropped.tif,2871,2665,1.2284363508224487,train
hls_california\HLS.S30.T10TEK.2021092T185921.v2.0_EVI_cropped.tif,2872,2667,1.1160929203033447,train
hls_california\HLS.S30.T10TEK.2021092T185921.v2.0_EVI_cropped.tif,2873,2668,14.657018661499023,train
hls_california\HLS.S30.T10TEK.2021092T185921.v2.0_EVI_cropped.tif,2874,2670,14.927242279052734,train
hls_california\HLS.S30.T10TEK.2021092T185921.v2.0_EVI_cropped.tif,2875,2671,14.528246879577637,train
hls_california\HLS.S30.T10TEK.2021092T185921.v2.0_EVI_cropped.tif,2877,2673,14.343744277954102,train
hls_california\HLS.S30.T10TEK.2021092T185921.v2.0_EVI_cropped.tif,2878,2674,14.578969955444336,train
hls_california\HLS.S30.T10TEK.2021092T185921.v2.0_EVI_cropped.tif,2879,2676,11.257590293884277,train
hls_california\HLS.S30.T10TEK.2021092T185921.v2.0_EVI_cropped.tif,2880,2677,11.125207901000977,train
hls_california\HLS.S30.T10TEK.2021092T185921.v2.0_EVI_cropped.tif,2881,2679,39.796878814697266,train
hls_california\HLS.S30.T10TEK.2021092T185921.v2.0_EVI_cropped.tif,2882,2680,29.01050567626953,train
hls_california\HLS.S30.T10TEK.2021092T185921.v2.0_EVI_cropped.tif,2884,2682,45.613460540771484,train
hls_california\HLS.S30.T10TEK.2021092T185921.v2.0_EVI_cropped.tif,2885,2683,41.600399017333984,train
hls_california\HLS.S30.T10TEK.2021092T185921.v2.0_EVI_cropped.tif,2886,2685,102.12123107910156,train
hls_california\HLS.S30.T10TEK.2021092T185921.v2.0_EVI_cropped.tif,2887,2687,80.06237030029297,train
hls_california\HLS.S30.T10TEK.2021092T185921.v2.0_EVI_cropped.tif,2938,2753,35.188331604003906,train
hls_california\HLS.S30.T10TEK.2021092T185921.v2.0_EVI_cropped.tif,2939,2755,41.49921417236328,train
hls_california\HLS.S30.T10TEK.2021092T185921.v2.0_EVI_cropped.tif,2940,2756,31.64851951599121,train
hls_california\HLS.S30.T10TEK.2021092T185921.v2.0_EVI_cropped.tif,2941,2758,39.682884216308594,train
hls_california\HLS.S30.T10TEK.2021092T185921.v2.0_EVI_cropped.tif,2942,2759,43.05146026611328,train
hls_california\HLS.S30.T10TEK.2021092T185921.v2.0_EVI_cropped.tif,2944,2761,3.722954511642456,train
hls_california\HLS.S30.T10TEK.2021092T185921.v2.0_EVI_cropped.tif,2945,2762,39.44728469848633,train
hls_california\HLS.S30.T10TEK.2021092T185921.v2.0_EVI_cropped.tif,2946,2764,50.97368240356445,train
hls_california\HLS.S30.T10TEK.2021092T185921.v2.0_EVI_cropped.tif,2947,2765,40.87092590332031,train
hls_california\HLS.S30.T10TEK.2021092T185921.v2.0_EVI_cropped.tif,2948,2767,-9999.0,train
hls_california\HLS.S30.T10TEK.2021092T185921.v2.0_EVI_cropped.tif,2949,2768,46.4656867980957,train
hls_california\HLS.S30.T10TEK.2021092T185921.v2.0_EVI_cropped.tif,2951,2770,43.62559509277344,train
hls_california\HLS.S30.T10TEK.2021092T185921.v2.0_EVI_cropped.tif,2952,2771,32.6919059753418,train
hls_california\HLS.S30.T10TEK.2021092T185921.v2.0_EVI_cropped.tif,2953,2773,51.32864761352539,train
hls_california\HLS.S30.T10TEK.2021092T185921.v2.0_EVI_cropped.tif,2954,2774,39.682884216308594,train
hls_california\HLS.S30.T10TEK.2021092T185921.v2.0_EVI_cropped.tif,2955,2776,17.468677520751953,train
hls_california\HLS.S30.T10TEK.2021092T185921.v2.0_EVI_cropped.tif,2956,2777,2.5404794216156006,train
hls_california\HLS.S30.T10TEK.2021092T185921.v2.0_EVI_cropped.tif,2958,2779,2.0885369777679443,train
hls_california\HLS.S30.T10TEK.2021092T185921.v2.0_EVI_cropped.tif,2959,2780,-9999.0,train
hls_california\HLS.S30.T10TEK.2021092T185921.v2.0_EVI_cropped.tif,2960,2782,1.887864589691162,train
hls_california\HLS.S30.T10TEK.2021092T185921.v2.0_EVI_cropped.tif,2961,2783,1.7482229471206665,train
hls_california\HLS.S30.T10TEK.2021092T185921.v2.0_EVI_cropped.tif,2962,2785,2.299227714538574,train
hls_california\HLS.S30.T10TEK.2021092T185921.v2.0_EVI_cropped.tif,2963,2786,2.299227714538574,train
hls_california\HLS.S30.T10TEK.2021092T185921.v2.0_EVI_cropped.tif,2964,2788,2.0885369777679443,train
hls_california\HLS.S30.T10TEK.2021092T185921.v2.0_EVI_cropped.tif,2966,2789,2.1639935970306396,train
hls_california\HLS.S30.T10TEK.2021092T185921.v2.0_EVI_cropped.tif,2967,2791,2.1639935970306396,train
hls_california\HLS.S30.T10TEK.2021092T185921.v2.0_EVI_cropped.tif,2968,2792,1.697226881980896,train
hls_california\HLS.S30.T10TEK.2021092T185921.v2.0_EVI_cropped.tif,2969,2794,2.5404794216156006,train
hls_california\HLS.S30.T10TEK.2021092T185921.v2.0_EVI_cropped.tif,2970,2795,1.9596763849258423,train
hls_california\HLS.S30.T10TEK.2021092T185921.v2.0_EVI_cropped.tif,2971,2797,21.25168228149414,train
hls_california\HLS.S30.T10TEK.2021092T185921.v2.0_EVI_cropped.tif,2973,2799,3.4542903900146484,train
hls_california\HLS.S30.T10TEK.2021092T185921.v2.0_EVI_cropped.tif,2974,2800,85.3681869506836,train
hls_california\HLS.S30.T10TEK.2021092T185921.v2.0_EVI_cropped.tif,2975,2802,23.21636962890625,train
hls_california\HLS.S30.T10TEK.2021092T185921.v2.0_EVI_cropped.tif,2976,2803,13.016279220581055,train
hls_california\HLS.S30.T10TEK.2021092T185921.v2.0_EVI_cropped.tif,2977,2805,1.2284363508224487,train
hls_california\HLS.S30.T10TEK.2021092T185921.v2.0_EVI_cropped.tif,2978,2806,87.07025909423828,train
hls_california\HLS.S30.T10TEK.2021092T185921.v2.0_EVI_cropped.tif,2980,2808,1.5648930072784424,train
hls_california\HLS.S30.T10TEK.2021092T185921.v2.0_EVI_cropped.tif,2981,2809,2.5404794216156006,train
hls_california\HLS.S30.T10TEK.2021092T185921.v2.0_EVI_cropped.tif,2982,2811,1.887864589691162,train
hls_california\HLS.S30.T10TEK.2021092T185921.v2.0_EVI_cropped.tif,2983,2812,1.331116795539856,train
hls_california\HLS.S30.T10TEK.2021092T185921.v2.0_EVI_cropped.tif,2984,2814,6.918302059173584,train
hls_california\HLS.S30.T10TEK.2021092T185921.v2.0_EVI_cropped.tif,2985,2815,2.378323554992676,train
hls_california\HLS.S30.T10TEK.2021092T185921.v2.0_EVI_cropped.tif,2986,2817,13.90328311920166,train
hls_california\HLS.S30.T10TEK.2021092T185921.v2.0_EVI_cropped.tif,2988,2818,17.6812686920166,train
hls_california\HLS.S30.T10TEK.2021092T185921.v2.0_EVI_cropped.tif,2989,2820,16.321733474731445,train
hls_california\HLS.S30.T10TEK.2021092T185921.v2.0_EVI_cropped.tif,2990,2821,19.93202781677246,train
hls_california\HLS.S30.T10TEK.2021092T185921.v2.0_EVI_cropped.tif,2991,2823,17.895105361938477,train
hls_california\HLS.S30.T10TEK.2021092T185921.v2.0_EVI_cropped.tif,2992,2824,18.927820205688477,train
hls_california\HLS.S30.T10TEK.2021092T185921.v2.0_EVI_cropped.tif,2993,2826,13.90328311920166,train
hls_california\HLS.S30.T10TEK.2021092T185921.v2.0_EVI_cropped.tif,2995,2827,19.53851890563965,train
hls_california\HLS.S30.T10TEK.2021092T185921.v2.0_EVI_cropped.tif,2996,2829,15.76243782043457,train
hls_california\HLS.S30.T10TEK.2021092T185921.v2.0_EVI_cropped.tif,2997,2830,20.78803062438965,train
hls_california\HLS.S30.T10TEK.2021092T185921.v2.0_EVI_cropped.tif,2998,2832,20.158594131469727,train
hls_california\HLS.S30.T10TEK.2021092T185921.v2.0_EVI_cropped.tif,2999,2833,22.552160263061523,train
hls_california\HLS.S30.T10TEK.2021092T185921.v2.0_EVI_cropped.tif,3000,2835,20.158594131469727,train
hls_california\HLS.S30.T10TEK.2021092T185921.v2.0_EVI_cropped.tif,3001,2836,21.25168228149414,train
hls_california\HLS.S30.T10TEK.2021092T185921.v2.0_EVI_cropped.tif,3003,2838,18.272314071655273,train
hls_california\HLS.S30.T10TEK.2021092T185921.v2.0_EVI_cropped.tif,3004,2839,17.099645614624023,train
hls_california\HLS.S30.T10TEK.2021092T185921.v2.0_EVI_cropped.tif,3005,2841,14.818696022033691,train
hls_california\HLS.S30.T10TEK.2021092T185921.v2.0_EVI_cropped.tif,3006,2842,22.792613983154297,train
hls_california\HLS.S30.T10TEK.2021092T185921.v2.0_EVI_cropped.tif,3007,2844,3.924572229385376,train
hls_california\HLS.S30.T10TEK.2021092T185921.v2.0_EVI_cropped.tif,3008,2845,3.823108196258545,train
hls_california\HLS.S30.T10TEK.2021092T185921.v2.0_EVI_cropped.tif,3010,2847,4.105282306671143,train
hls_california\HLS.S30.T10TEK.2021092T185921.v2.0_EVI_cropped.tif,3011,2848,3.265131950378418,train
hls_california\HLS.S30.T10TEK.2021092T185921.v2.0_EVI_cropped.tif,3012,2850,3.5508384704589844,train
hls_california\HLS.S30.T10TEK.2021092T185921.v2.0_EVI_cropped.tif,3013,2852,1.6303950548171997,train
hls_california\HLS.S30.T10TEK.2021092T185921.v2.0_EVI_cropped.tif,3014,2853,1.5007215738296509,train
hls_california\HLS.S30.T10TEK.2021092T185921.v2.0_EVI_cropped.tif,3015,2855,1.4534664154052734,train
hls_california\HLS.S30.T10TEK.2021092T185921.v2.0_EVI_cropped.tif,3017,2856,1.5007215738296509,train
hls_california\HLS.S30.T10TEK.2021092T185921.v2.0_EVI_cropped.tif,3018,2858,1.6303950548171997,train
hls_california\HLS.S30.T10TEK.2021092T185921.v2.0_EVI_cropped.tif,3019,2859,1.2284363508224487,train
hls_california\HLS.S30.T10TEK.2021092T185921.v2.0_EVI_cropped.tif,3020,2861,1.4534664154052734,train
hls_california\HLS.S30.T10TEK.2021092T185921.v2.0_EVI_cropped.tif,3021,2862,1.3916254043579102,train
hls_california\HLS.S30.T10TEK.2021092T185921.v2.0_EVI_cropped.tif,3022,2864,1.2866106033325195,train
hls_california\HLS.S30.T10TEK.2021092T185921.v2.0_EVI_cropped.tif,3023,2865,1.5007215738296509,train
hls_california\HLS.S30.T10TEK.2021092T185921.v2.0_EVI_cropped.tif,3025,2867,4.505998134613037,train
hls_california\HLS.S30.T10TEK.2021092T185921.v2.0_EVI_cropped.tif,3026,2868,5.039907932281494,train
hls_california\HLS.S30.T10TEK.2021092T185921.v2.0_EVI_cropped.tif,3027,2870,11.029232025146484,train
hls_california\HLS.S30.T10TEK.2021092T185921.v2.0_EVI_cropped.tif,3028,2871,15.56140422821045,train
hls_california\HLS.S30.T10TEK.2021092T185921.v2.0_EVI_cropped.tif,3029,2873,16.682573318481445,train
hls_california\HLS.S30.T10TEK.2021092T185921.v2.0_EVI_cropped.tif,3030,2874,14.093643188476562,train
hls_california\HLS.S30.T10TEK.2021092T185921.v2.0_EVI_cropped.tif,3032,2876,9.79379940032959,train
hls_california\HLS.S30.T10TEK.2021092T185921.v2.0_EVI_cropped.tif,3033,2877,14.818696022033691,train
hls_california\HLS.S30.T10TEK.2021092T185921.v2.0_EVI_cropped.tif,3034,2879,17.468677520751953,train
hls_california\HLS.S30.T10TEK.2021092T185921.v2.0_EVI_cropped.tif,3035,2880,12.878829002380371,train
hls_california\HLS.S30.T10TEK.2021092T185921.v2.0_EVI_cropped.tif,3036,2882,16.682573318481445,train
hls_california\HLS.S30.T10TEK.2021092T185921.v2.0_EVI_cropped.tif,3037,2883,20.78803062438965,train
hls_california\HLS.S30.T10TEK.2021092T185921.v2.0_EVI_cropped.tif,3039,2885,21.25168228149414,train
hls_california\HLS.S30.T10TEK.2021092T185921.v2.0_EVI_cropped.tif,3040,2886,14.285264015197754,train
hls_california\HLS.S30.T10TEK.2021092T185921.v2.0_EVI_cropped.tif,3041,2888,10.567928314208984,train
hls_california\HLS.S30.T10TEK.2021092T185921.v2.0_EVI_cropped.tif,3042,2889,2.240774393081665,train
hls_california\HLS.S30.T10TEK.2021092T185921.v2.0_EVI_cropped.tif,3043,2891,1.075341820716858,train
hls_california\HLS.S30.T10TEK.2021092T185921.v2.0_EVI_cropped.tif,3044,2892,1.5007215738296509,train
hls_california\HLS.S30.T10TEK.2021092T185921.v2.0_EVI_cropped.tif,3045,2894,1.1160929203033447,train
hls_california\HLS.S30.T10TEK.2021092T185921.v2.0_EVI_cropped.tif,3047,2895,1.697226881980896,train
hls_california\HLS.S30.T10TEK.2021092T185921.v2.0_EVI_cropped.tif,3048,2897,10.279376983642578,train
hls_california\HLS.S30.T10TEK.2021092T185921.v2.0_EVI_cropped.tif,3049,2898,29.270036697387695,train
hls_california\HLS.S30.T10TEK.2021092T185921.v2.0_EVI_cropped.tif,3050,2900,43.29707717895508,train
hls_california\HLS.S30.T10TEK.2021092T185921.v2.0_EVI_cropped.tif,3051,2901,25.07505989074707,train
hls_california\HLS.S30.T10TEK.2021092T185921.v2.0_EVI_cropped.tif,3052,2903,31.625131607055664,train
hls_california\HLS.S30.T10TEK.2021092T185921.v2.0_EVI_cropped.tif,3054,2904,28.258867263793945,train
hls_california\HLS.S30.T10TEK.2021092T185921.v2.0_EVI_cropped.tif,3055,2906,37.970706939697266,train
hls_california\HLS.S30.T10TEK.2021092T185921.v2.0_EVI_cropped.tif,3056,2907,45.789764404296875,train
hls_california\HLS.S30.T10TEK.2021092T185921.v2.0_EVI_cropped.tif,3057,2909,42.72500991821289,train
hls_california\HLS.S30.T10TEK.2021092T185921.v2.0_EVI_cropped.tif,3058,2911,39.682884216308594,train
hls_california\HLS.S30.T10TEK.2021092T185921.v2.0_EVI_cropped.tif,3059,2912,44.868064880371094,train
hls_california\HLS.S30.T10TEK.2021092T185921.v2.0_EVI_cropped.tif,3061,2914,43.95529556274414,train
hls_california\HLS.S30.T10TEK.2021092T185921.v2.0_EVI_cropped.tif,3062,2915,202.00689697265625,train
hls_california\HLS.S30.T10TEK.2021092T185921.v2.0_EVI_cropped.tif,3063,2917,12.696662902832031,train
hls_california\HLS.S30.T10TEK.2021092T185921.v2.0_EVI_cropped.tif,3064,2918,12.878829002380371,train
hls_california\HLS.S30.T10TEK.2021092T185921.v2.0_EVI_cropped.tif,3065,2920,10.902469635009766,train
hls_california\HLS.S30.T10TEK.2021092T185921.v2.0_EVI_cropped.tif,3066,2921,12.515764236450195,train
hls_california\HLS.S30.T10TEK.2021092T185921.v2.0_EVI_cropped.tif,3067,2923,12.696662902832031,train
hls_california\HLS.S30.T10TEK.2021092T185921.v2.0_EVI_cropped.tif,3069,2924,17.895105361938477,train
hls_california\HLS.S30.T10TEK.2021092T185921.v2.0_EVI_cropped.tif,3070,2926,18.927820205688477,train
hls_california\HLS.S30.T10TEK.2021092T185921.v2.0_EVI_cropped.tif,3071,2927,19.93202781677246,train
hls_california\HLS.S30.T10TEK.2021092T185921.v2.0_EVI_cropped.tif,3072,2929,13.90328311920166,train
hls_california\HLS.S30.T10TEK.2021092T185921.v2.0_EVI_cropped.tif,3073,2930,9.67419719696045,train
hls_california\HLS.S30.T10TEK.2021092T185921.v2.0_EVI_cropped.tif,3074,2932,10.567928314208984,train
hls_california\HLS.S30.T10TEK.2021092T185921.v2.0_EVI_cropped.tif,3076,2933,11.543432235717773,train
hls_california\HLS.S30.T10TEK.2021092T185921.v2.0_EVI_cropped.tif,3077,2935,12.336128234863281,train
hls_california\HLS.S30.T10TEK.2021092T185921.v2.0_EVI_cropped.tif,3078,2936,17.895105361938477,train
hls_california\HLS.S30.T10TEK.2021092T185921.v2.0_EVI_cropped.tif,3079,2938,21.25168228149414,train
hls_california\HLS.S30.T10TEK.2021092T185921.v2.0_EVI_cropped.tif,3080,2939,23.21636962890625,train
hls_california\HLS.S30.T10TEK.2021092T185921.v2.0_EVI_cropped.tif,3081,2941,11.673766136169434,train
hls_california\HLS.S30.T10TEK.2021092T185921.v2.0_EVI_cropped.tif,3083,2942,14.093643188476562,train
hls_california\HLS.S30.T10TEK.2021092T185921.v2.0_EVI_cropped.tif,3084,2944,15.914032936096191,train
hls_california\HLS.S30.T10TEK.2021092T185921.v2.0_EVI_cropped.tif,3085,2945,16.682573318481445,train
hls_california\HLS.S30.T10TEK.2021092T185921.v2.0_EVI_cropped.tif,3086,2947,23.034297943115234,train
hls_california\HLS.S30.T10TEK.2021092T185921.v2.0_EVI_cropped.tif,3087,2948,24.385528564453125,train
hls_california\HLS.S30.T10TEK.2021092T185921.v2.0_EVI_cropped.tif,3088,2950,1.5007215738296509,train
hls_california\HLS.S30.T10TEK.2021092T185921.v2.0_EVI_cropped.tif,3090,2951,4.7272186279296875,train
hls_california\HLS.S30.T10TEK.2021092T185921.v2.0_EVI_cropped.tif,3091,2953,5.244015216827393,train
hls_california\HLS.S30.T10TEK.2021092T185921.v2.0_EVI_cropped.tif,3092,2954,6.163807392120361,train
hls_california\HLS.S30.T10TEK.2021092T185921.v2.0_EVI_cropped.tif,3093,2956,6.163807392120361,train
hls_california\HLS.S30.T10TEK.2021092T185921.v2.0_EVI_cropped.tif,3094,2957,4.811521530151367,train
hls_california\HLS.S30.T10TEK.2021092T185921.v2.0_EVI_cropped.tif,3095,2959,4.811521530151367,train
hls_california\HLS.S30.T10TEK.2021092T185921.v2.0_EVI_cropped.tif,3097,2960,4.7272186279296875,train
hls_california\HLS.S30.T10TEK.2021092T185921.v2.0_EVI_cropped.tif,3098,2962,5.603175163269043,train
hls_california\HLS.S30.T10TEK.2021092T185921.v2.0_EVI_cropped.tif,3099,2964,4.397345066070557,train
hls_california\HLS.S30.T10TEK.2021092T185921.v2.0_EVI_cropped.tif,3100,2965,2.299227714538574,train
hls_california\HLS.S30.T10TEK.2021092T185921.v2.0_EVI_cropped.tif,3101,2967,3.722954511642456,train
hls_california\HLS.S30.T10TEK.2021092T185921.v2.0_EVI_cropped.tif,3102,2968,8.51772403717041,train
hls_california\HLS.S30.T10TEK.2021092T185921.v2.0_EVI_cropped.tif,3103,2970,6.918302059173584,train
hls_california\HLS.S30.T10TEK.2021092T185921.v2.0_EVI_cropped.tif,3105,2971,7.294233322143555,train
hls_california\HLS.S30.T10TEK.2021092T185921.v2.0_EVI_cropped.tif,3106,2973,15.015026092529297,train
hls_california\HLS.S30.T10TEK.2021092T185921.v2.0_EVI_cropped.tif,3107,2974,7.966506481170654,train
hls_california\HLS.S30.T10TEK.2021092T185921.v2.0_EVI_cropped.tif,3108,2976,6.163807392120361,train
hls_california\HLS.S30.T10TEK.2021092T185921.v2.0_EVI_cropped.tif,3109,2977,2.1639935970306396,train
hls_california\HLS.S30.T10TEK.2021092T185921.v2.0_EVI_cropped.tif,3110,2979,1.7482229471206665,train
hls_california\HLS.S30.T10TEK.2021092T185921.v2.0_EVI_cropped.tif,3112,2980,2.299227714538574,train
hls_california\HLS.S30.T10TEK.2021092T185921.v2.0_EVI_cropped.tif,3113,2982,8.51772403717041,train
hls_california\HLS.S30.T10TEK.2021092T185921.v2.0_EVI_cropped.tif,3114,2983,5.603175163269043,train
hls_california\HLS.S30.T10TEK.2021092T185921.v2.0_EVI_cropped.tif,3115,2985,11.673766136169434,train
hls_california\HLS.S30.T10TEK.2021092T185921.v2.0_EVI_cropped.tif,3117,2988,8.221494674682617,train
hls_california\HLS.S30.T10TEK.2021092T185921.v2.0_EVI_cropped.tif,3119,2989,8.221494674682617,train
hls_california\HLS.S30.T10TEK.2021092T185921.v2.0_EVI_cropped.tif,3120,2991,9.202975273132324,train
hls_california\HLS.S30.T10TEK.2021092T185921.v2.0_EVI_cropped.tif,3121,2992,10.567928314208984,train
hls_california\HLS.S30.T10TEK.2021092T185921.v2.0_EVI_cropped.tif,3122,2994,3.4542903900146484,train
hls_california\HLS.S30.T10TEK.2021092T185921.v2.0_EVI_cropped.tif,3123,2995,-9999.0,train
hls_california\HLS.S30.T10TEK.2021092T185921.v2.0_EVI_cropped.tif,3124,2997,10.567928314208984,train
hls_california\HLS.S30.T10TEK.2021092T185921.v2.0_EVI_cropped.tif,3126,2998,11.673766136169434,train
hls_california\HLS.S30.T10TEK.2021092T185921.v2.0_EVI_cropped.tif,3127,3000,11.029232025146484,train
hls_california\HLS.S30.T10TEK.2021092T185921.v2.0_EVI_cropped.tif,3128,3001,8.781129837036133,train
hls_california\HLS.S30.T10TEK.2021092T185921.v2.0_EVI_cropped.tif,3129,3003,113.56201171875,train
hls_california\HLS.S30.T10TEK.2021092T185921.v2.0_EVI_cropped.tif,3130,3004,0.9703503251075745,train
hls_california\HLS.S30.T10TEK.2021092T185921.v2.0_EVI_cropped.tif,3131,3006,22.552160263061523,train
hls_california\HLS.S30.T10TEK.2021092T185921.v2.0_EVI_cropped.tif,3132,3007,19.093441009521484,train
hls_california\HLS.S30.T10TEK.2021092T185921.v2.0_EVI_cropped.tif,3134,3009,20.55806541442871,train
hls_california\HLS.S30.T10TEK.2021092T185921.v2.0_EVI_cropped.tif,3135,3010,22.31293487548828,train
hls_california\HLS.S30.T10TEK.2021092T185921.v2.0_EVI_cropped.tif,3136,3012,9.67419719696045,train
hls_california\HLS.S30.T10TEK.2021092T185921.v2.0_EVI_cropped.tif,3137,3013,18.927820205688477,train
hls_california\HLS.S30.T10TEK.2021092T185921.v2.0_EVI_cropped.tif,3138,3015,-9999.0,train
hls_california\HLS.S30.T10TEK.2021092T185921.v2.0_EVI_cropped.tif,3139,3016,21.89725685119629,train
hls_california\HLS.S30.T10TEK.2021092T185921.v2.0_EVI_cropped.tif,3141,3018,11.848655700683594,train
hls_california\HLS.S30.T10TEK.2021092T185921.v2.0_EVI_cropped.tif,3142,3019,6.291952610015869,train
hls_california\HLS.S30.T10TEK.2021092T185921.v2.0_EVI_cropped.tif,3143,3021,23.21636962890625,train
hls_california\HLS.S30.T10TEK.2021092T185921.v2.0_EVI_cropped.tif,3144,3023,27.528209686279297,train
hls_california\HLS.S30.T10TEK.2021092T185921.v2.0_EVI_cropped.tif,3145,3024,21.01923942565918,train
hls_california\HLS.S30.T10TEK.2021092T185921.v2.0_EVI_cropped.tif,3146,3026,22.13432502746582,train
hls_california\HLS.S30.T10TEK.2021092T185921.v2.0_EVI_cropped.tif,3148,3027,19.31536293029785,train
hls_california\HLS.S30.T10TEK.2021092T185921.v2.0_EVI_cropped.tif,3149,3029,27.264793395996094,train
hls_california\HLS.S30.T10TEK.2021092T185921.v2.0_EVI_cropped.tif,3150,3030,18.70807647705078,train
hls_california\HLS.S30.T10TEK.2021092T185921.v2.0_EVI_cropped.tif,3151,3032,11.673766136169434,train
hls_california\HLS.S30.T10TEK.2021092T185921.v2.0_EVI_cropped.tif,3152,3033,12.202231407165527,train
hls_california\HLS.S30.T10TEK.2021092T185921.v2.0_EVI_cropped.tif,3153,3035,9.67419719696045,train
hls_california\HLS.S30.T10TEK.2021092T185921.v2.0_EVI_cropped.tif,3154,3036,12.696662902832031,train
hls_california\HLS.S30.T10TEK.2021092T185921.v2.0_EVI_cropped.tif,3156,3038,9.358772277832031,train
hls_california\HLS.S30.T10TEK.2021092T185921.v2.0_EVI_cropped.tif,3157,3039,10.279376983642578,train
hls_california\HLS.S30.T10TEK.2021092T185921.v2.0_EVI_cropped.tif,3158,3041,9.79379940032959,train
hls_california\HLS.S30.T10TEK.2021092T185921.v2.0_EVI_cropped.tif,3159,3042,-9999.0,train
hls_california\HLS.S30.T10TEK.2021092T185921.v2.0_EVI_cropped.tif,3160,3044,10.116243362426758,train
hls_california\HLS.S30.T10TEK.2021092T185921.v2.0_EVI_cropped.tif,3161,3045,13.71418285369873,train
hls_california\HLS.S30.T10TEK.2021092T185921.v2.0_EVI_cropped.tif,3163,3047,9.954383850097656,train
hls_california\HLS.S30.T10TEK.2021092T185921.v2.0_EVI_cropped.tif,3164,3048,9.358772277832031,train
hls_california\HLS.S30.T10TEK.2021092T185921.v2.0_EVI_cropped.tif,3165,3050,9.086966514587402,train
hls_california\HLS.S30.T10TEK.2021092T185921.v2.0_EVI_cropped.tif,3166,3051,9.79379940032959,train
hls_california\HLS.S30.T10TEK.2021092T185921.v2.0_EVI_cropped.tif,3167,3053,10.402565002441406,train
hls_california\HLS.S30.T10TEK.2021092T185921.v2.0_EVI_cropped.tif,3168,3054,19.31536293029785,train
hls_california\HLS.S30.T10TEK.2021092T185921.v2.0_EVI_cropped.tif,3170,3056,18.110185623168945,train
hls_california\HLS.S30.T10TEK.2021092T185921.v2.0_EVI_cropped.tif,3171,3057,15.163097381591797,train
hls_california\HLS.S30.T10TEK.2021092T185921.v2.0_EVI_cropped.tif,3172,3059,21.01923942565918,train
hls_california\HLS.S30.T10TEK.2021092T185921.v2.0_EVI_cropped.tif,3173,3060,2.4587409496307373,train
hls_california\HLS.S30.T10TEK.2021092T185921.v2.0_EVI_cropped.tif,3174,3062,3.265131950378418,train
hls_california\HLS.S30.T10TEK.2021092T185921.v2.0_EVI_cropped.tif,3175,3063,2.9246318340301514,train
hls_california\HLS.S30.T10TEK.2021092T185921.v2.0_EVI_cropped.tif,3176,3065,2.4587409496307373,train
hls_california\HLS.S30.T10TEK.2021092T185921.v2.0_EVI_cropped.tif,3178,3066,24.385528564453125,train
hls_california\HLS.S30.T10TEK.2021092T185921.v2.0_EVI_cropped.tif,3179,3068,3.195552349090576,train
hls_california\HLS.S30.T10TEK.2021092T185921.v2.0_EVI_cropped.tif,3180,3069,1.8173799514770508,train
hls_california\HLS.S30.T10TEK.2021092T185921.v2.0_EVI_cropped.tif,3181,3071,13.71418285369873,train
hls_california\HLS.S30.T10TEK.2021092T185921.v2.0_EVI_cropped.tif,3182,3072,-9999.0,train
hls_california\HLS.S30.T10TEK.2021092T185921.v2.0_EVI_cropped.tif,3183,3074,25.07505989074707,train
hls_california\HLS.S30.T10TEK.2021092T185921.v2.0_EVI_cropped.tif,3185,3075,26.8067569732666,train
hls_california\HLS.S30.T10TEK.2021092T185921.v2.0_EVI_cropped.tif,3186,3077,2.5404794216156006,train
hls_california\HLS.S30.T10TEK.2021092T185921.v2.0_EVI_cropped.tif,3187,3078,22.13432502746582,train
hls_california\HLS.S30.T10SGJ.2021096T183911.v2.0_EVI_cropped.tif,2683,102,96.88399505615234,val
hls_california\HLS.S30.T10SGJ.2021096T183911.v2.0_EVI_cropped.tif,2685,103,198.71885681152344,val
hls_california\HLS.S30.T10SGJ.2021096T183911.v2.0_EVI_cropped.tif,2686,105,154.8142852783203,val
hls_california\HLS.S30.T10SGJ.2021096T183911.v2.0_EVI_cropped.tif,2687,106,187.94314575195312,val
hls_california\HLS.S30.T10SGJ.2021096T183911.v2.0_EVI_cropped.tif,2688,108,326.0921325683594,val
hls_california\HLS.S30.T10SGJ.2021096T183911.v2.0_EVI_cropped.tif,2689,109,171.3632049560547,val
hls_california\HLS.S30.T10SGJ.2021096T183911.v2.0_EVI_cropped.tif,2690,111,204.92608642578125,val
hls_california\HLS.S30.T10SGJ.2021096T183911.v2.0_EVI_cropped.tif,2692,112,104.17919158935547,val
hls_california\HLS.S30.T10SGJ.2021096T183911.v2.0_EVI_cropped.tif,2694,115,126.74501037597656,val
hls_california\HLS.S30.T10SGJ.2021096T183911.v2.0_EVI_cropped.tif,2695,117,15.109323501586914,val
hls_california\HLS.S30.T10SGJ.2021096T183911.v2.0_EVI_cropped.tif,2696,118,28.89926528930664,val
hls_california\HLS.S30.T10SGJ.2021096T183911.v2.0_EVI_cropped.tif,2697,120,21.770872116088867,val
hls_california\HLS.S30.T10SGJ.2021096T183911.v2.0_EVI_cropped.tif,2699,121,29.92660140991211,val
hls_california\HLS.S30.T10SGJ.2021096T183911.v2.0_EVI_cropped.tif,2700,123,20.515392303466797,val
hls_california\HLS.S30.T10SGJ.2021096T183911.v2.0_EVI_cropped.tif,2701,124,21.847883224487305,val
hls_california\HLS.S30.T10SGJ.2021096T183911.v2.0_EVI_cropped.tif,2702,126,51.84727096557617,val
hls_california\HLS.S30.T10SGJ.2021096T183911.v2.0_EVI_cropped.tif,2703,128,83.5514907836914,val
hls_california\HLS.S30.T10SGJ.2021096T183911.v2.0_EVI_cropped.tif,2704,129,238.90322875976562,val
hls_california\HLS.S30.T10SGJ.2021096T183911.v2.0_EVI_cropped.tif,2706,131,66.07125854492188,val
hls_california\HLS.S30.T10SGJ.2021096T183911.v2.0_EVI_cropped.tif,2707,132,127.90409088134766,val
hls_california\HLS.S30.T10SGJ.2021096T183911.v2.0_EVI_cropped.tif,2708,134,-9999.0,val
hls_california\HLS.S30.T10SGJ.2021096T183911.v2.0_EVI_cropped.tif,2709,135,16.529949188232422,val
hls_california\HLS.S30.T10SGJ.2021096T183911.v2.0_EVI_cropped.tif,2710,137,93.54460906982422,val
hls_california\HLS.S30.T10SGJ.2021096T183911.v2.0_EVI_cropped.tif,2711,138,260.97735595703125,val
hls_california\HLS.S30.T10SGJ.2021096T183911.v2.0_EVI_cropped.tif,2712,140,297.489501953125,val
hls_california\HLS.S30.T10SGJ.2021096T183911.v2.0_EVI_cropped.tif,2714,141,96.53186798095703,val
hls_california\HLS.S30.T10SGJ.2021096T183911.v2.0_EVI_cropped.tif,2715,143,36.53215408325195,val
hls_california\HLS.S30.T10SGJ.2021096T183911.v2.0_EVI_cropped.tif,2716,144,55.85032272338867,val
hls_california\HLS.S30.T10SGJ.2021096T183911.v2.0_EVI_cropped.tif,2717,146,70.9736099243164,val
hls_california\HLS.S30.T10SGJ.2021096T183911.v2.0_EVI_cropped.tif,2718,147,68.94780731201172,val
hls_california\HLS.S30.T10SGJ.2021096T183911.v2.0_EVI_cropped.tif,2719,149,40.73470687866211,val
hls_california\HLS.S30.T10SGJ.2021096T183911.v2.0_EVI_cropped.tif,2721,150,36.48657989501953,val
hls_california\HLS.S30.T10SGJ.2021096T183911.v2.0_EVI_cropped.tif,2722,152,43.77241516113281,val
hls_california\HLS.S30.T10SGJ.2021096T183911.v2.0_EVI_cropped.tif,2723,153,110.47880554199219,val
hls_california\HLS.S30.T10SGJ.2021096T183911.v2.0_EVI_cropped.tif,2724,155,104.68634033203125,val
hls_california\HLS.S30.T10SGJ.2021096T183911.v2.0_EVI_cropped.tif,2725,156,-9999.0,val
hls_california\HLS.S30.T10SGJ.2021096T183911.v2.0_EVI_cropped.tif,2726,158,186.09934997558594,val
hls_california\HLS.S30.T10SGJ.2021096T183911.v2.0_EVI_cropped.tif,2728,159,-9999.0,val
hls_california\HLS.S30.T10SGJ.2021096T183911.v2.0_EVI_cropped.tif,2729,161,-9999.0,val
hls_california\HLS.S30.T10SGJ.2021096T183911.v2.0_EVI_cropped.tif,2730,162,-9999.0,val
hls_california\HLS.S30.T10SGJ.2021096T183911.v2.0_EVI_cropped.tif,2731,164,76.0176773071289,val
hls_california\HLS.S30.T10SGJ.2021096T183911.v2.0_EVI_cropped.tif,2732,165,119.63128662109375,val
hls_california\HLS.S30.T10SGJ.2021096T183911.v2.0_EVI_cropped.tif,2733,167,179.78030395507812,val
hls_california\HLS.S30.T10SGJ.2021096T183911.v2.0_EVI_cropped.tif,2735,168,33.56462860107422,val
hls_california\HLS.S30.T10SGJ.2021096T183911.v2.0_EVI_cropped.tif,2736,170,95.32611083984375,val
hls_california\HLS.S30.T10SGJ.2021096T183911.v2.0_EVI_cropped.tif,2737,171,143.64869689941406,val
hls_california\HLS.S30.T10SGJ.2021096T183911.v2.0_EVI_cropped.tif,2738,173,78.89728546142578,val
hls_california\HLS.S30.T10SGJ.2021096T183911.v2.0_EVI_cropped.tif,2739,174,135.35646057128906,val
hls_california\HLS.S30.T10SGJ.2021096T183911.v2.0_EVI_cropped.tif,2740,176,135.1799774169922,val
hls_california\HLS.S30.T10SGJ.2021096T183911.v2.0_EVI_cropped.tif,2742,178,134.70916748046875,val
hls_california\HLS.S30.T10SGJ.2021096T183911.v2.0_EVI_cropped.tif,2743,179,128.5679168701172,val
hls_california\HLS.S30.T10SGJ.2021096T183911.v2.0_EVI_cropped.tif,2744,181,105.46961212158203,val
hls_california\HLS.S30.T10SGJ.2021096T183911.v2.0_EVI_cropped.tif,2745,182,33.38323211669922,val
hls_california\HLS.S30.T10SGJ.2021096T183911.v2.0_EVI_cropped.tif,2746,184,159.16151428222656,val
hls_california\HLS.S30.T10SGJ.2021096T183911.v2.0_EVI_cropped.tif,2747,185,274.2898254394531,val
hls_california\HLS.S30.T10SGJ.2021096T183911.v2.0_EVI_cropped.tif,2748,187,137.76263427734375,val
hls_california\HLS.S30.T10SGJ.2021096T183911.v2.0_EVI_cropped.tif,2750,188,157.1215057373047,val
hls_california\HLS.S30.T10SGJ.2021096T183911.v2.0_EVI_cropped.tif,2751,190,115.36805725097656,val
hls_california\HLS.S30.T10SGJ.2021096T183911.v2.0_EVI_cropped.tif,2752,191,139.61228942871094,val
hls_california\HLS.S30.T10SGJ.2021096T183911.v2.0_EVI_cropped.tif,2753,193,59.57516860961914,val
hls_california\HLS.S30.T10SGJ.2021096T183911.v2.0_EVI_cropped.tif,2754,194,100.06884002685547,val
hls_california\HLS.S30.T10SGJ.2021096T183911.v2.0_EVI_cropped.tif,2755,196,161.2263641357422,val
hls_california\HLS.S30.T10SGJ.2021096T183911.v2.0_EVI_cropped.tif,2757,197,148.2427978515625,val
hls_california\HLS.S30.T10SGJ.2021096T183911.v2.0_EVI_cropped.tif,2758,199,111.10385131835938,val
hls_california\HLS.S30.T10SGJ.2021096T183911.v2.0_EVI_cropped.tif,2759,200,225.55540466308594,val
hls_california\HLS.S30.T10SGJ.2021096T183911.v2.0_EVI_cropped.tif,2760,202,106.6121597290039,val
hls_california\HLS.S30.T10SGJ.2021096T183911.v2.0_EVI_cropped.tif,2761,203,170.06227111816406,val
hls_california\HLS.S30.T10SGJ.2021096T183911.v2.0_EVI_cropped.tif,2762,205,142.15399169921875,val
hls_california\HLS.S30.T10SGJ.2021096T183911.v2.0_EVI_cropped.tif,2764,206,91.50373077392578,val
hls_california\HLS.S30.T10SGJ.2021096T183911.v2.0_EVI_cropped.tif,2765,208,187.89878845214844,val
hls_california\HLS.S30.T10SGJ.2021096T183911.v2.0_EVI_cropped.tif,2766,209,124.90526580810547,val
hls_california\HLS.S30.T10SGJ.2021096T183911.v2.0_EVI_cropped.tif,2767,211,222.54269409179688,val
hls_california\HLS.S30.T10SGJ.2021096T183911.v2.0_EVI_cropped.tif,2768,212,63.78886413574219,val
hls_california\HLS.S30.T10SGJ.2021096T183911.v2.0_EVI_cropped.tif,2769,214,-9999.0,val
hls_california\HLS.S30.T10SGJ.2021096T183911.v2.0_EVI_cropped.tif,2771,215,127.04473114013672,val
hls_california\HLS.S30.T10SGJ.2021096T183911.v2.0_EVI_cropped.tif,2772,217,117.29086303710938,val
hls_california\HLS.S30.T10SGJ.2021096T183911.v2.0_EVI_cropped.tif,2773,218,-9999.0,val
hls_california\HLS.S30.T10SGJ.2021096T183911.v2.0_EVI_cropped.tif,2774,220,134.67721557617188,val
hls_california\HLS.S30.T10SGJ.2021096T183911.v2.0_EVI_cropped.tif,2775,221,128.68209838867188,val
hls_california\HLS.S30.T10SGJ.2021096T183911.v2.0_EVI_cropped.tif,2778,224,-9999.0,val
hls_california\HLS.S30.T10SGJ.2021096T183911.v2.0_EVI_cropped.tif,2779,226,248.29037475585938,val
hls_california\HLS.S30.T10SGJ.2021096T183911.v2.0_EVI_cropped.tif,2780,227,240.90972900390625,val
hls_california\HLS.S30.T10SGJ.2021096T183911.v2.0_EVI_cropped.tif,2781,229,244.84414672851562,val
hls_california\HLS.S30.T10SGJ.2021096T183911.v2.0_EVI_cropped.tif,2782,230,329.74237060546875,val
hls_california\HLS.S30.T10SGJ.2021096T183911.v2.0_EVI_cropped.tif,2783,232,408.1199035644531,val
hls_california\HLS.S30.T10SGJ.2021096T183911.v2.0_EVI_cropped.tif,2784,233,-9999.0,val
hls_california\HLS.S30.T10SGJ.2021096T183911.v2.0_EVI_cropped.tif,2786,235,113.3013687133789,val
hls_california\HLS.S30.T10SGJ.2021096T183911.v2.0_EVI_cropped.tif,2787,236,460.1729431152344,val
hls_california\HLS.S30.T10SGJ.2021096T183911.v2.0_EVI_cropped.tif,2788,238,-9999.0,val
hls_california\HLS.S30.T10SGJ.2021096T183911.v2.0_EVI_cropped.tif,2789,239,-9999.0,val
hls_california\HLS.S30.T10SGJ.2021096T183911.v2.0_EVI_cropped.tif,2790,241,312.8186340332031,val
hls_california\HLS.S30.T10SGJ.2021096T183911.v2.0_EVI_cropped.tif,2791,242,166.36485290527344,val
hls_california\HLS.S30.T10SGJ.2021096T183911.v2.0_EVI_cropped.tif,2793,244,-9999.0,val
hls_california\HLS.S30.T10SGJ.2021096T183911.v2.0_EVI_cropped.tif,2794,245,110.41212463378906,val
hls_california\HLS.S30.T10SGJ.2021096T183911.v2.0_EVI_cropped.tif,2795,247,208.99429321289062,val
hls_california\HLS.S30.T10SGJ.2021096T183911.v2.0_EVI_cropped.tif,2796,248,181.73834228515625,val
hls_california\HLS.S30.T10SGJ.2021096T183911.v2.0_EVI_cropped.tif,2797,250,14.578969955444336,val
hls_california\HLS.S30.T10SGJ.2021096T183911.v2.0_EVI_cropped.tif,2798,251,14.578969955444336,val
hls_california\HLS.S30.T10SGJ.2021096T183911.v2.0_EVI_cropped.tif,2800,253,14.389166831970215,val
hls_california\HLS.S30.T10SGJ.2021096T183911.v2.0_EVI_cropped.tif,2801,254,16.117612838745117,val
hls_california\HLS.S30.T10SGJ.2021096T183911.v2.0_EVI_cropped.tif,2802,256,223.588623046875,val
hls_california\HLS.S30.T10SGJ.2021096T183911.v2.0_EVI_cropped.tif,2803,257,225.4759521484375,val
hls_california\HLS.S30.T10SGJ.2021096T183911.v2.0_EVI_cropped.tif,2804,259,208.16285705566406,val
hls_california\HLS.S30.T10SGJ.2021096T183911.v2.0_EVI_cropped.tif,2805,260,170.2525177001953,val
hls_california\HLS.S30.T10SGJ.2021096T183911.v2.0_EVI_cropped.tif,2806,262,159.71957397460938,val
hls_california\HLS.S30.T10SGJ.2021096T183911.v2.0_EVI_cropped.tif,2808,263,29.21500015258789,val
hls_california\HLS.S30.T10SGJ.2021096T183911.v2.0_EVI_cropped.tif,2809,265,16.454021453857422,val
hls_california\HLS.S30.T10SGJ.2021096T183911.v2.0_EVI_cropped.tif,2810,266,17.27123260498047,val
hls_california\HLS.S30.T10SGJ.2021096T183911.v2.0_EVI_cropped.tif,2811,268,15.04102611541748,val
hls_california\HLS.S30.T10SGJ.2021096T183911.v2.0_EVI_cropped.tif,2812,270,15.848307609558105,val
hls_california\HLS.S30.T10SGJ.2021096T183911.v2.0_EVI_cropped.tif,2813,271,16.07554817199707,val
hls_california\HLS.S30.T10SGJ.2021096T183911.v2.0_EVI_cropped.tif,2815,273,394.2553405761719,val
hls_california\HLS.S30.T10SGJ.2021096T183911.v2.0_EVI_cropped.tif,2816,274,95.06584167480469,val
hls_california\HLS.S30.T10SGJ.2021096T183911.v2.0_EVI_cropped.tif,2817,276,57.98472213745117,val
hls_california\HLS.S30.T10SGJ.2021096T183911.v2.0_EVI_cropped.tif,2818,277,14.243146896362305,val
hls_california\HLS.S30.T10SGJ.2021096T183911.v2.0_EVI_cropped.tif,2819,279,14.735243797302246,val
hls_california\HLS.S30.T10SGJ.2021096T183911.v2.0_EVI_cropped.tif,2820,280,274.22943115234375,val
hls_california\HLS.S30.T10SGJ.2021096T183911.v2.0_EVI_cropped.tif,2822,282,52.34389877319336,val
hls_california\HLS.S30.T10SGJ.2021096T183911.v2.0_EVI_cropped.tif,2823,283,-9999.0,val
hls_california\HLS.S30.T10SGJ.2021096T183911.v2.0_EVI_cropped.tif,2824,285,180.70819091796875,val
hls_california\HLS.S30.T10SGJ.2021096T183911.v2.0_EVI_cropped.tif,2825,286,384.3099060058594,val
hls_california\HLS.S30.T10SGJ.2021096T183911.v2.0_EVI_cropped.tif,2826,288,417.94720458984375,val
hls_california\HLS.S30.T10SGJ.2021096T183911.v2.0_EVI_cropped.tif,2827,289,294.69281005859375,val
hls_california\HLS.S30.T10SGJ.2021096T183911.v2.0_EVI_cropped.tif,2829,291,125.21731567382812,val
hls_california\HLS.S30.T10SGJ.2021096T183911.v2.0_EVI_cropped.tif,2830,292,91.0331802368164,val
hls_california\HLS.S30.T10SGJ.2021096T183911.v2.0_EVI_cropped.tif,2831,294,84.62421417236328,val
hls_california\HLS.S30.T10SGJ.2021096T183911.v2.0_EVI_cropped.tif,2832,295,148.83787536621094,val
hls_california\HLS.S30.T10SGJ.2021096T183911.v2.0_EVI_cropped.tif,2833,297,155.32518005371094,val
hls_california\HLS.S30.T10SGJ.2021096T183911.v2.0_EVI_cropped.tif,2834,298,331.1876220703125,val
hls_california\HLS.S30.T10SGJ.2021096T183911.v2.0_EVI_cropped.tif,2836,300,254.04957580566406,val
hls_california\HLS.S30.T10SGJ.2021096T183911.v2.0_EVI_cropped.tif,2837,301,547.3986206054688,val
hls_california\HLS.S30.T10SGJ.2021096T183911.v2.0_EVI_cropped.tif,2838,303,330.7590637207031,val
hls_california\HLS.S30.T10SGJ.2021096T183911.v2.0_EVI_cropped.tif,2839,304,414.6166076660156,val
hls_california\HLS.S30.T10SGJ.2021096T183911.v2.0_EVI_cropped.tif,2840,306,428.2156982421875,val
hls_california\HLS.S30.T10SGJ.2021096T183911.v2.0_EVI_cropped.tif,2841,307,270.84356689453125,val
hls_california\HLS.S30.T10SGJ.2021096T183911.v2.0_EVI_cropped.tif,2842,309,192.4029998779297,val
hls_california\HLS.S30.T10SGJ.2021096T183911.v2.0_EVI_cropped.tif,2844,310,375.8448486328125,val
hls_california\HLS.S30.T10SGJ.2021096T183911.v2.0_EVI_cropped.tif,2845,312,286.5776672363281,val
hls_california\HLS.S30.T10SGJ.2021096T183911.v2.0_EVI_cropped.tif,2846,313,341.6592712402344,val
hls_california\HLS.S30.T10SGJ.2021096T183911.v2.0_EVI_cropped.tif,2847,315,88.7699966430664,val
hls_california\HLS.S30.T10SGJ.2021096T183911.v2.0_EVI_cropped.tif,2848,317,133.18280029296875,val
hls_california\HLS.S30.T10SGJ.2021096T183911.v2.0_EVI_cropped.tif,2849,318,29.81249237060547,val
hls_california\HLS.S30.T10SGJ.2021096T183911.v2.0_EVI_cropped.tif,2851,320,148.058349609375,val
hls_california\HLS.S30.T10SGJ.2021096T183911.v2.0_EVI_cropped.tif,2852,321,262.2604064941406,val
hls_california\HLS.S30.T10SGJ.2021096T183911.v2.0_EVI_cropped.tif,2853,323,253.06687927246094,val
hls_california\HLS.S30.T10SGJ.2021096T183911.v2.0_EVI_cropped.tif,2854,324,155.51768493652344,val
hls_california\HLS.S30.T10SGJ.2021096T183911.v2.0_EVI_cropped.tif,2855,326,249.45077514648438,val
hls_california\HLS.S30.T10SGJ.2021096T183911.v2.0_EVI_cropped.tif,2856,327,155.2991485595703,val
hls_california\HLS.S30.T10SGJ.2021096T183911.v2.0_EVI_cropped.tif,2858,329,324.2843933105469,val
hls_california\HLS.S30.T10SGJ.2021096T183911.v2.0_EVI_cropped.tif,2859,330,97.92450714111328,val
hls_california\HLS.S30.T10SGJ.2021096T183911.v2.0_EVI_cropped.tif,2860,332,109.76179504394531,val
hls_california\HLS.S30.T10SGJ.2021096T183911.v2.0_EVI_cropped.tif,2861,333,101.97471618652344,val
hls_california\HLS.S30.T10SGJ.2021096T183911.v2.0_EVI_cropped.tif,2862,335,95.64625549316406,val
hls_california\HLS.S30.T10SGJ.2021096T183911.v2.0_EVI_cropped.tif,2863,336,51.76579666137695,val
hls_california\HLS.S30.T10SGJ.2021096T183911.v2.0_EVI_cropped.tif,2864,338,65.31242370605469,val
hls_california\HLS.S30.T10SGJ.2021096T183911.v2.0_EVI_cropped.tif,2866,339,174.5858917236328,val
hls_california\HLS.S30.T10SGJ.2021096T183911.v2.0_EVI_cropped.tif,2867,341,97.70732116699219,val
hls_california\HLS.S30.T10SGJ.2021096T183911.v2.0_EVI_cropped.tif,2868,342,108.76363372802734,val
hls_california\HLS.S30.T10SGJ.2021096T183911.v2.0_EVI_cropped.tif,2869,344,134.8323211669922,val
hls_california\HLS.S30.T10SGJ.2021096T183911.v2.0_EVI_cropped.tif,2870,345,76.22863006591797,val
hls_california\HLS.S30.T10SGJ.2021096T183911.v2.0_EVI_cropped.tif,2871,347,253.0406494140625,val
hls_california\HLS.S30.T10SGJ.2021096T183911.v2.0_EVI_cropped.tif,2873,348,75.39100646972656,val
hls_california\HLS.S30.T10SGJ.2021096T183911.v2.0_EVI_cropped.tif,2874,350,16.91019058227539,val
hls_california\HLS.S30.T10SGJ.2021096T183911.v2.0_EVI_cropped.tif,2875,351,15.394573211669922,val
hls_california\HLS.S30.T10SGJ.2021096T183911.v2.0_EVI_cropped.tif,2876,353,90.91551971435547,val
hls_california\HLS.S30.T10SGJ.2021096T183911.v2.0_EVI_cropped.tif,2877,354,174.50132751464844,val
hls_california\HLS.S30.T10SGJ.2021096T183911.v2.0_EVI_cropped.tif,2878,356,376.0311279296875,val
hls_california\HLS.S30.T10SGJ.2021096T183911.v2.0_EVI_cropped.tif,2880,357,74.0534896850586,val
hls_california\HLS.S30.T10SGJ.2021096T183911.v2.0_EVI_cropped.tif,2881,359,228.66146850585938,val
hls_california\HLS.S30.T10SGJ.2021096T183911.v2.0_EVI_cropped.tif,2882,360,38.772178649902344,val
hls_california\HLS.S30.T10SGJ.2021096T183911.v2.0_EVI_cropped.tif,2883,362,20.17226219177246,val
hls_california\HLS.S30.T10SGJ.2021096T183911.v2.0_EVI_cropped.tif,2884,363,32.30353927612305,val
hls_california\HLS.S30.T10SGJ.2021096T183911.v2.0_EVI_cropped.tif,2885,365,61.60749816894531,val
hls_california\HLS.S30.T10SGJ.2021096T183911.v2.0_EVI_cropped.tif,2887,366,390.4595031738281,val
hls_california\HLS.S30.T10SGJ.2021096T183911.v2.0_EVI_cropped.tif,2888,368,493.1337585449219,val
hls_california\HLS.S30.T10SGJ.2021096T183911.v2.0_EVI_cropped.tif,2889,369,298.0938415527344,val
hls_california\HLS.S30.T10SGJ.2021096T183911.v2.0_EVI_cropped.tif,2890,371,514.7138061523438,val
hls_california\HLS.S30.T10SGJ.2021096T183911.v2.0_EVI_cropped.tif,2891,372,622.665283203125,val
hls_california\HLS.S30.T10SGJ.2021096T183911.v2.0_EVI_cropped.tif,2892,374,393.125732421875,val
hls_california\HLS.S30.T10SGJ.2021096T183911.v2.0_EVI_cropped.tif,2894,375,14.899712562561035,val
hls_california\HLS.S30.T10SGJ.2021096T183911.v2.0_EVI_cropped.tif,2895,377,307.8960876464844,val
hls_california\HLS.S30.T10SGJ.2021096T183911.v2.0_EVI_cropped.tif,2896,378,59.547157287597656,val
hls_california\HLS.S30.T10SGJ.2021096T183911.v2.0_EVI_cropped.tif,2897,380,16.992679595947266,val
hls_california\HLS.S30.T10SGJ.2021096T183911.v2.0_EVI_cropped.tif,2898,381,16.491436004638672,val
hls_california\HLS.S30.T10SGJ.2021096T183911.v2.0_EVI_cropped.tif,2899,383,16.247966766357422,val
hls_california\HLS.S30.T10SGJ.2021096T183911.v2.0_EVI_cropped.tif,2900,384,15.251653671264648,val
hls_california\HLS.S30.T10SGJ.2021096T183911.v2.0_EVI_cropped.tif,2902,386,14.927242279052734,val
hls_california\HLS.S30.T10SGJ.2021096T183911.v2.0_EVI_cropped.tif,2903,387,14.389166831970215,val
hls_california\HLS.S30.T10SGJ.2021096T183911.v2.0_EVI_cropped.tif,2904,389,15.120341300964355,val
hls_california\HLS.S30.T10SGJ.2021096T183911.v2.0_EVI_cropped.tif,2905,390,16.54817008972168,val
hls_california\HLS.S30.T10SGJ.2021096T183911.v2.0_EVI_cropped.tif,2906,392,19.52189064025879,val
hls_california\HLS.S30.T10SGJ.2021096T183911.v2.0_EVI_cropped.tif,2907,393,21.21271324157715,val
hls_california\HLS.S30.T10SGJ.2021096T183911.v2.0_EVI_cropped.tif,2909,395,15.172019958496094,val
hls_california\HLS.S30.T10SGJ.2021096T183911.v2.0_EVI_cropped.tif,2910,396,14.938194274902344,val
hls_california\HLS.S30.T10SGJ.2021096T183911.v2.0_EVI_cropped.tif,2911,398,14.432023048400879,val
hls_california\HLS.S30.T10SGJ.2021096T183911.v2.0_EVI_cropped.tif,2912,400,14.707965850830078,val
hls_california\HLS.S30.T10SGJ.2021096T183911.v2.0_EVI_cropped.tif,2913,401,14.657018661499023,val
hls_california\HLS.S30.T10SGJ.2021096T183911.v2.0_EVI_cropped.tif,2914,403,14.578969955444336,val
hls_california\HLS.S30.T10SGJ.2021096T183911.v2.0_EVI_cropped.tif,2916,404,18.160900115966797,val
hls_california\HLS.S30.T10SGJ.2021096T183911.v2.0_EVI_cropped.tif,2917,406,16.92457389831543,val
hls_california\HLS.S30.T10SGJ.2021096T183911.v2.0_EVI_cropped.tif,2918,407,17.983949661254883,val
hls_california\HLS.S30.T10SGJ.2021096T183911.v2.0_EVI_cropped.tif,2919,409,21.297361373901367,val
hls_california\HLS.S30.T10SGJ.2021096T183911.v2.0_EVI_cropped.tif,2920,410,18.326915740966797,val
hls_california\HLS.S30.T10SGJ.2021096T183911.v2.0_EVI_cropped.tif,2921,412,22.016996383666992,val
hls_california\HLS.S30.T10SGJ.2021096T183911.v2.0_EVI_cropped.tif,2923,413,68.12948608398438,val
hls_california\HLS.S30.T10SGJ.2021096T183911.v2.0_EVI_cropped.tif,2924,415,35.99378967285156,val
hls_california\HLS.S30.T10SGJ.2021096T183911.v2.0_EVI_cropped.tif,2925,416,24.635196685791016,val
hls_california\HLS.S30.T10SGJ.2021096T183911.v2.0_EVI_cropped.tif,2926,418,5.362436294555664,val
hls_california\HLS.S30.T10SGJ.2021096T183911.v2.0_EVI_cropped.tif,2927,419,3.265131950378418,val
hls_california\HLS.S30.T10SGJ.2021096T183911.v2.0_EVI_cropped.tif,2928,421,17.895105361938477,val
hls_california\HLS.S30.T10SGJ.2021096T183911.v2.0_EVI_cropped.tif,2930,422,6.6510233879089355,val
hls_california\HLS.S30.T10SGJ.2021096T183911.v2.0_EVI_cropped.tif,2931,424,2.858752727508545,val
hls_california\HLS.S30.T10SGJ.2021096T183911.v2.0_EVI_cropped.tif,2932,425,21.25168228149414,val
hls_california\HLS.S30.T10SGJ.2021096T183911.v2.0_EVI_cropped.tif,2933,427,9.515846252441406,val
hls_california\HLS.S30.T10SGJ.2021096T183911.v2.0_EVI_cropped.tif,2934,428,24.886085510253906,val
hls_california\HLS.S30.T10SGJ.2021096T183911.v2.0_EVI_cropped.tif,2935,430,9.515846252441406,val
hls_california\HLS.S30.T10SGJ.2021096T183911.v2.0_EVI_cropped.tif,2937,432,25.77384376525879,val
hls_california\HLS.S30.T10SGJ.2021096T183911.v2.0_EVI_cropped.tif,2938,433,4.615955829620361,val
hls_california\HLS.S30.T10SGJ.2021096T183911.v2.0_EVI_cropped.tif,2939,435,23.196613311767578,val
hls_california\HLS.S30.T10SGJ.2021096T183911.v2.0_EVI_cropped.tif,2940,436,84.080322265625,val
hls_california\HLS.S30.T10SGJ.2021096T183911.v2.0_EVI_cropped.tif,2941,438,75.64116668701172,val
hls_california\HLS.S30.T10SGJ.2021096T183911.v2.0_EVI_cropped.tif,2942,439,181.39695739746094,val
hls_california\HLS.S30.T10SGJ.2021096T183911.v2.0_EVI_cropped.tif,2943,441,26.940988540649414,val
hls_california\HLS.S30.T10SGJ.2021096T183911.v2.0_EVI_cropped.tif,2945,442,23.718494415283203,val
hls_california\HLS.S30.T10SGJ.2021096T183911.v2.0_EVI_cropped.tif,2946,444,80.67103576660156,val
hls_california\HLS.S30.T10SGJ.2021096T183911.v2.0_EVI_cropped.tif,2947,445,158.77903747558594,val
hls_california\HLS.S30.T10SGJ.2021096T183911.v2.0_EVI_cropped.tif,2948,447,244.9236297607422,val
hls_california\HLS.S30.T10SGJ.2021096T183911.v2.0_EVI_cropped.tif,2949,448,151.5632781982422,val
hls_california\HLS.S30.T10SGJ.2021096T183911.v2.0_EVI_cropped.tif,2950,450,64.33605194091797,val
hls_california\HLS.S30.T10SGJ.2021096T183911.v2.0_EVI_cropped.tif,2952,451,39.328678131103516,val
hls_california\HLS.S30.T10SGJ.2021096T183911.v2.0_EVI_cropped.tif,2953,453,16.964731216430664,val
hls_california\HLS.S30.T10SGJ.2021096T183911.v2.0_EVI_cropped.tif,2954,454,45.36614990234375,val
hls_california\HLS.S30.T10SGJ.2021096T183911.v2.0_EVI_cropped.tif,2955,456,96.49036407470703,val
hls_california\HLS.S30.T10SGJ.2021096T183911.v2.0_EVI_cropped.tif,2956,457,88.14999389648438,val
hls_california\HLS.S30.T10SGJ.2021096T183911.v2.0_EVI_cropped.tif,2957,459,42.455421447753906,val
hls_california\HLS.S30.T10SGJ.2021096T183911.v2.0_EVI_cropped.tif,2959,460,130.83200073242188,val
hls_california\HLS.S30.T10SGJ.2021096T183911.v2.0_EVI_cropped.tif,2960,462,68.43365478515625,val
hls_california\HLS.S30.T10SGJ.2021096T183911.v2.0_EVI_cropped.tif,2961,463,57.364871978759766,val
hls_california\HLS.S30.T10SGJ.2021096T183911.v2.0_EVI_cropped.tif,2962,465,200.3119659423828,val
hls_california\HLS.S30.T10SGJ.2021096T183911.v2.0_EVI_cropped.tif,2963,466,95.75477600097656,val
hls_california\HLS.S30.T10SGJ.2021096T183911.v2.0_EVI_cropped.tif,2964,468,132.16522216796875,val
hls_california\HLS.S30.T10SGJ.2021096T183911.v2.0_EVI_cropped.tif,2965,469,77.68881225585938,val
hls_california\HLS.S30.T10SGJ.2021096T183911.v2.0_EVI_cropped.tif,2967,471,100.03451538085938,val
hls_california\HLS.S30.T10SGJ.2021096T183911.v2.0_EVI_cropped.tif,2968,472,80.63711547851562,val
hls_california\HLS.S30.T10SGJ.2021096T183911.v2.0_EVI_cropped.tif,2969,474,130.17369079589844,val
hls_california\HLS.S30.T10SGJ.2021096T183911.v2.0_EVI_cropped.tif,2970,475,270.0910949707031,val
hls_california\HLS.S30.T10SGJ.2021096T183911.v2.0_EVI_cropped.tif,2971,477,151.5526123046875,val
hls_california\HLS.S30.T10SGJ.2021096T183911.v2.0_EVI_cropped.tif,2972,478,15.583678245544434,val
hls_california\HLS.S30.T10SGJ.2021096T183911.v2.0_EVI_cropped.tif,2974,480,16.9630069732666,val
hls_california\HLS.S30.T10SGJ.2021096T183911.v2.0_EVI_cropped.tif,2975,481,4.316711902618408,val
hls_california\HLS.S30.T10SGJ.2021096T183911.v2.0_EVI_cropped.tif,2976,483,8.630131721496582,val
hls_california\HLS.S30.T10SGJ.2021096T183911.v2.0_EVI_cropped.tif,2977,484,4.615955829620361,val
hls_california\HLS.S30.T10SGJ.2021096T183911.v2.0_EVI_cropped.tif,2978,486,3.3590548038482666,val
hls_california\HLS.S30.T10SGJ.2021096T183911.v2.0_EVI_cropped.tif,2979,487,16.117258071899414,val
hls_california\HLS.S30.T10SGJ.2021096T183911.v2.0_EVI_cropped.tif,2980,489,13.016279220581055,val
hls_california\HLS.S30.T10SGJ.2021096T183911.v2.0_EVI_cropped.tif,2982,490,22.31293487548828,val
hls_california\HLS.S30.T10SGJ.2021096T183911.v2.0_EVI_cropped.tif,2983,492,3.195552349090576,val
hls_california\HLS.S30.T10SGJ.2021096T183911.v2.0_EVI_cropped.tif,2984,493,3.4542903900146484,val
hls_california\HLS.S30.T10SGJ.2021096T183911.v2.0_EVI_cropped.tif,2985,495,-9999.0,val
hls_california\HLS.S30.T10SGJ.2021096T183911.v2.0_EVI_cropped.tif,2986,496,5.482156753540039,val
hls_california\HLS.S30.T10SGJ.2021096T183911.v2.0_EVI_cropped.tif,2987,498,3.4542903900146484,val
hls_california\HLS.S30.T10SGJ.2021096T183911.v2.0_EVI_cropped.tif,2989,499,2.6026499271392822,val
hls_california\HLS.S30.T10SGJ.2021096T183911.v2.0_EVI_cropped.tif,2990,501,3.5508384704589844,val
hls_california\HLS.S30.T10SGJ.2021096T183911.v2.0_EVI_cropped.tif,2991,502,2.6026499271392822,val
hls_california\HLS.S30.T10SGJ.2021096T183911.v2.0_EVI_cropped.tif,2992,504,6.163807392120361,val
hls_california\HLS.S30.T10SGJ.2021096T183911.v2.0_EVI_cropped.tif,2993,505,4.615955829620361,val
hls_california\HLS.S30.T10SGJ.2021096T183911.v2.0_EVI_cropped.tif,2994,507,8.51772403717041,val
hls_california\HLS.S30.T10SGJ.2021096T183911.v2.0_EVI_cropped.tif,2996,508,3.265131950378418,val
hls_california\HLS.S30.T10SGJ.2021096T183911.v2.0_EVI_cropped.tif,2997,510,1.9596763849258423,val
hls_california\HLS.S30.T10SGJ.2021096T183911.v2.0_EVI_cropped.tif,2998,511,6.784017086029053,val
hls_california\HLS.S30.T10SGJ.2021096T183911.v2.0_EVI_cropped.tif,2999,513,6.519321918487549,val
hls_california\HLS.S30.T10SGJ.2021096T183911.v2.0_EVI_cropped.tif,3000,514,3.195552349090576,val
hls_california\HLS.S30.T10SGJ.2021096T183911.v2.0_EVI_cropped.tif,3001,516,2.6866989135742188,val
hls_california\HLS.S30.T10SGJ.2021096T183911.v2.0_EVI_cropped.tif,3003,517,1.1160929203033447,val
hls_california\HLS.S30.T10SGJ.2021096T183911.v2.0_EVI_cropped.tif,3004,519,1.171596646308899,val
hls_california\HLS.S30.T10SGJ.2021096T183911.v2.0_EVI_cropped.tif,3005,520,1.2284363508224487,val
hls_california\HLS.S30.T10SGJ.2021096T183911.v2.0_EVI_cropped.tif,3006,522,1.9596763849258423,val
hls_california\HLS.S30.T10SGJ.2021096T183911.v2.0_EVI_cropped.tif,3007,523,1.2284363508224487,val
hls_california\HLS.S30.T10SGJ.2021096T183911.v2.0_EVI_cropped.tif,3008,525,1.5648930072784424,val
hls_california\HLS.S30.T10SGJ.2021096T183911.v2.0_EVI_cropped.tif,3010,526,1.1160929203033447,val
hls_california\HLS.S30.T10SGJ.2021096T183911.v2.0_EVI_cropped.tif,3011,528,3.3590548038482666,val
hls_california\HLS.S30.T10SGJ.2021096T183911.v2.0_EVI_cropped.tif,3012,529,4.615955829620361,val
hls_california\HLS.S30.T10SGJ.2021096T183911.v2.0_EVI_cropped.tif,3013,531,3.4542903900146484,val
hls_california\HLS.S30.T10SGJ.2021096T183911.v2.0_EVI_cropped.tif,3014,532,-9999.0,val
hls_california\HLS.S30.T10SGJ.2021096T183911.v2.0_EVI_cropped.tif,3015,534,5.818078994750977,val
hls_california\HLS.S30.T10SGJ.2021096T183911.v2.0_EVI_cropped.tif,3017,536,4.397345066070557,val
hls_california\HLS.S30.T10SGJ.2021096T183911.v2.0_EVI_cropped.tif,3018,537,18.523069381713867,val
hls_california\HLS.S30.T10SGJ.2021096T183911.v2.0_EVI_cropped.tif,3019,539,155.27590942382812,val
hls_california\HLS.S30.T10SGJ.2021096T183911.v2.0_EVI_cropped.tif,3020,540,30.59677505493164,val
hls_california\HLS.S30.T10SGJ.2021096T183911.v2.0_EVI_cropped.tif,3021,542,27.75725746154785,val
hls_california\HLS.S30.T10SGJ.2021096T183911.v2.0_EVI_cropped.tif,3022,543,28.740447998046875,val
hls_california\HLS.S30.T10SGJ.2021096T183911.v2.0_EVI_cropped.tif,3023,545,26.49678611755371,val
hls_california\HLS.S30.T10SGJ.2021096T183911.v2.0_EVI_cropped.tif,3025,546,17.489303588867188,val
hls_california\HLS.S30.T10SGJ.2021096T183911.v2.0_EVI_cropped.tif,3026,548,14.707965850830078,val
hls_california\HLS.S30.T10SGJ.2021096T183911.v2.0_EVI_cropped.tif,3027,549,15.006182670593262,val
hls_california\HLS.S30.T10SGJ.2021096T183911.v2.0_EVI_cropped.tif,3028,551,16.30146026611328,val
hls_california\HLS.S30.T10SGJ.2021096T183911.v2.0_EVI_cropped.tif,3029,552,16.046743392944336,val
hls_california\HLS.S30.T10SGJ.2021096T183911.v2.0_EVI_cropped.tif,3030,554,24.76291275024414,val
hls_california\HLS.S30.T10SGJ.2021096T183911.v2.0_EVI_cropped.tif,3032,555,236.093994140625,val
hls_california\HLS.S30.T10SGJ.2021096T183911.v2.0_EVI_cropped.tif,3033,557,15.068740844726562,val
hls_california\HLS.S30.T10SGJ.2021096T183911.v2.0_EVI_cropped.tif,3034,558,160.1864776611328,val
hls_california\HLS.S30.T10SGJ.2021096T183911.v2.0_EVI_cropped.tif,3035,560,153.4949951171875,val
hls_california\HLS.S30.T10SGJ.2021096T183911.v2.0_EVI_cropped.tif,3036,561,170.6789093017578,val
hls_california\HLS.S30.T10SGJ.2021096T183911.v2.0_EVI_cropped.tif,3037,563,172.75424194335938,val
hls_california\HLS.S30.T10SGJ.2021096T183911.v2.0_EVI_cropped.tif,3039,564,91.41165924072266,val
hls_california\HLS.S30.T10SGJ.2021096T183911.v2.0_EVI_cropped.tif,3040,566,117.96739196777344,val
hls_california\HLS.S30.T10SGJ.2021096T183911.v2.0_EVI_cropped.tif,3041,567,191.40516662597656,val
hls_california\HLS.S30.T10SGJ.2021096T183911.v2.0_EVI_cropped.tif,3042,569,111.42240142822266,val
hls_california\HLS.S30.T10SGJ.2021096T183911.v2.0_EVI_cropped.tif,3043,570,101.22125244140625,val
hls_california\HLS.S30.T10SGJ.2021096T183911.v2.0_EVI_cropped.tif,3044,572,34.44477081298828,val
hls_california\HLS.S30.T10SGJ.2021096T183911.v2.0_EVI_cropped.tif,3046,573,161.4021759033203,val
hls_california\HLS.S30.T10SGJ.2021096T183911.v2.0_EVI_cropped.tif,3047,575,166.0730438232422,val
hls_california\HLS.S30.T10SGJ.2021096T183911.v2.0_EVI_cropped.tif,3048,576,-9999.0,val
hls_california\HLS.S30.T10SGJ.2021096T183911.v2.0_EVI_cropped.tif,3049,578,142.90951538085938,val
hls_california\HLS.S30.T10SGJ.2021096T183911.v2.0_EVI_cropped.tif,3050,579,-9999.0,val
hls_california\HLS.S30.T10SGJ.2021096T183911.v2.0_EVI_cropped.tif,3051,581,148.23504638671875,val
hls_california\HLS.S30.T10SGJ.2021096T183911.v2.0_EVI_cropped.tif,3053,582,235.52734375,val
hls_california\HLS.S30.T10SGJ.2021096T183911.v2.0_EVI_cropped.tif,3054,584,66.11951446533203,val
hls_california\HLS.S30.T10SGJ.2021096T183911.v2.0_EVI_cropped.tif,3055,585,60.847930908203125,val
hls_california\HLS.S30.T10SGJ.2021096T183911.v2.0_EVI_cropped.tif,3056,587,76.03585815429688,val
hls_california\HLS.S30.T10SGJ.2021096T183911.v2.0_EVI_cropped.tif,3057,588,135.33204650878906,val
hls_california\HLS.S30.T10SGJ.2021096T183911.v2.0_EVI_cropped.tif,3058,590,57.01679611206055,val
hls_california\HLS.S30.T10SGJ.2021096T183911.v2.0_EVI_cropped.tif,3059,591,118.94212341308594,val
hls_california\HLS.S30.T10SGJ.2021096T183911.v2.0_EVI_cropped.tif,3083,621,34.299381256103516,val
hls_california\HLS.S30.T10SGJ.2021096T183911.v2.0_EVI_cropped.tif,3084,623,36.946990966796875,val
hls_california\HLS.S30.T10SGJ.2021096T183911.v2.0_EVI_cropped.tif,3085,624,89.81022644042969,val
hls_california\HLS.S30.T10SGJ.2021096T183911.v2.0_EVI_cropped.tif,3086,626,100.79937744140625,val
hls_california\HLS.S30.T10SGJ.2021096T183911.v2.0_EVI_cropped.tif,3087,628,267.25213623046875,val
hls_california\HLS.S30.T10SGJ.2021096T183911.v2.0_EVI_cropped.tif,3089,629,210.67100524902344,val
hls_california\HLS.S30.T10SGJ.2021096T183911.v2.0_EVI_cropped.tif,3090,631,38.064979553222656,val
hls_california\HLS.S30.T10SGJ.2021096T183911.v2.0_EVI_cropped.tif,3091,632,104.63542938232422,val
hls_california\HLS.S30.T10SGJ.2021096T183911.v2.0_EVI_cropped.tif,3092,634,23.44932746887207,val
hls_california\HLS.S30.T10SGJ.2021096T183911.v2.0_EVI_cropped.tif,3093,635,29.519428253173828,val
hls_california\HLS.S30.T10SGJ.2021096T183911.v2.0_EVI_cropped.tif,3094,637,45.57536315917969,val
hls_california\HLS.S30.T10SGJ.2021096T183911.v2.0_EVI_cropped.tif,3096,638,-9999.0,val
hls_california\HLS.S30.T10SGJ.2021096T183911.v2.0_EVI_cropped.tif,3097,640,77.43589782714844,val
hls_california\HLS.S30.T10SGJ.2021096T183911.v2.0_EVI_cropped.tif,3098,641,102.9609375,val
hls_california\HLS.S30.T10SGJ.2021096T183911.v2.0_EVI_cropped.tif,3099,643,141.76412963867188,val
hls_california\HLS.S30.T10SGJ.2021096T183911.v2.0_EVI_cropped.tif,3100,644,106.28884887695312,val
hls_california\HLS.S30.T10SGJ.2021096T183911.v2.0_EVI_cropped.tif,3101,646,20.455766677856445,val
hls_california\HLS.S30.T10SGJ.2021096T183911.v2.0_EVI_cropped.tif,3103,647,17.79711151123047,val
hls_california\HLS.S30.T10SGJ.2021096T183911.v2.0_EVI_cropped.tif,3104,649,19.97753143310547,val
hls_california\HLS.S30.T10SGJ.2021096T183911.v2.0_EVI_cropped.tif,3105,650,18.412620544433594,val
hls_california\HLS.S30.T10SGJ.2021096T183911.v2.0_EVI_cropped.tif,3106,652,45.857967376708984,val
hls_california\HLS.S30.T10SGJ.2021096T183911.v2.0_EVI_cropped.tif,3107,653,23.05147361755371,val
hls_california\HLS.S30.T10SGJ.2021096T183911.v2.0_EVI_cropped.tif,3108,655,38.08494186401367,val
hls_california\HLS.S30.T10SGJ.2021096T183911.v2.0_EVI_cropped.tif,3110,656,98.51214599609375,val
hls_california\HLS.S30.T10SGJ.2021096T183911.v2.0_EVI_cropped.tif,3111,658,81.88776397705078,val
hls_california\HLS.S30.T10SGJ.2021096T183911.v2.0_EVI_cropped.tif,3112,659,163.6626434326172,val
hls_california\HLS.S30.T10SGJ.2021096T183911.v2.0_EVI_cropped.tif,3113,661,125.18297576904297,val
hls_california\HLS.S30.T10SGJ.2021096T183911.v2.0_EVI_cropped.tif,3114,662,216.0020751953125,val
hls_california\HLS.S30.T10SGJ.2021096T183911.v2.0_EVI_cropped.tif,3115,664,353.1829833984375,val
hls_california\HLS.S30.T10SGJ.2021096T183911.v2.0_EVI_cropped.tif,3117,665,225.0534210205078,val
hls_california\HLS.S30.T10SGJ.2021096T183911.v2.0_EVI_cropped.tif,3118,667,32.72514343261719,val
hls_california\HLS.S30.T10SGJ.2021096T183911.v2.0_EVI_cropped.tif,3119,668,26.004596710205078,val
hls_california\HLS.S30.T10SGJ.2021096T183911.v2.0_EVI_cropped.tif,3120,670,36.951744079589844,val
hls_california\HLS.S30.T10SGJ.2021096T183911.v2.0_EVI_cropped.tif,3121,671,53.329917907714844,val
hls_california\HLS.S30.T10SGJ.2021096T183911.v2.0_EVI_cropped.tif,3122,673,44.723384857177734,val
hls_california\HLS.S30.T10SGJ.2021096T183911.v2.0_EVI_cropped.tif,3123,674,33.316856384277344,val
hls_california\HLS.S30.T10SGJ.2021096T183911.v2.0_EVI_cropped.tif,3125,676,38.18291091918945,val
hls_california\HLS.S30.T10SGJ.2021096T183911.v2.0_EVI_cropped.tif,3126,677,20.813512802124023,val
hls_california\HLS.S30.T10SGJ.2021096T183911.v2.0_EVI_cropped.tif,3127,679,37.76137924194336,val
hls_california\HLS.S30.T10SGJ.2021096T183911.v2.0_EVI_cropped.tif,3128,681,61.93551254272461,val
hls_california\HLS.S30.T10SGJ.2021096T183911.v2.0_EVI_cropped.tif,3129,682,60.13990783691406,val
hls_california\HLS.S30.T10SGJ.2021096T183911.v2.0_EVI_cropped.tif,3130,684,18.882192611694336,val
hls_california\HLS.S30.T10SGJ.2021096T183911.v2.0_EVI_cropped.tif,3132,685,45.03086471557617,val
hls_california\HLS.S30.T10SGJ.2021096T183911.v2.0_EVI_cropped.tif,3133,687,85.77155303955078,val
hls_california\HLS.S30.T10SGJ.2021096T183911.v2.0_EVI_cropped.tif,3134,688,34.23667526245117,val
hls_california\HLS.S30.T10SGJ.2021096T183911.v2.0_EVI_cropped.tif,3135,690,59.40056610107422,val
hls_california\HLS.S30.T10SGJ.2021096T183911.v2.0_EVI_cropped.tif,3136,691,28.542325973510742,val
hls_california\HLS.S30.T10SGJ.2021096T183911.v2.0_EVI_cropped.tif,3137,693,81.76762390136719,val
hls_california\HLS.S30.T10SGJ.2021096T183911.v2.0_EVI_cropped.tif,3139,694,24.040693283081055,val
hls_california\HLS.S30.T10SGJ.2021096T183911.v2.0_EVI_cropped.tif,3140,696,55.67068862915039,val
hls_california\HLS.S30.T10SGJ.2021096T183911.v2.0_EVI_cropped.tif,3141,697,418.80615234375,val
hls_california\HLS.S30.T10SGJ.2021096T183911.v2.0_EVI_cropped.tif,3142,699,126.60144805908203,val
hls_california\HLS.S30.T10SGJ.2021096T183911.v2.0_EVI_cropped.tif,3143,700,309.9744873046875,val
hls_california\HLS.S30.T10SGJ.2021096T183911.v2.0_EVI_cropped.tif,3144,702,248.93157958984375,val
hls_california\HLS.S30.T10SGJ.2021096T183911.v2.0_EVI_cropped.tif,3146,703,521.1444091796875,val
hls_california\HLS.S30.T10SGJ.2021096T183911.v2.0_EVI_cropped.tif,3147,705,262.2975769042969,val
hls_california\HLS.S30.T10SGJ.2021096T183911.v2.0_EVI_cropped.tif,3148,706,97.00924682617188,val
hls_california\HLS.S30.T10SGJ.2021096T183911.v2.0_EVI_cropped.tif,3149,708,421.1274108886719,val
hls_california\HLS.S30.T10SGJ.2021096T183911.v2.0_EVI_cropped.tif,3150,709,149.7407684326172,val
hls_california\HLS.S30.T10SGJ.2021096T183911.v2.0_EVI_cropped.tif,3151,711,135.69691467285156,val
hls_california\HLS.S30.T10SGJ.2021096T183911.v2.0_EVI_cropped.tif,3153,712,33.49469757080078,val
hls_california\HLS.S30.T10SGJ.2021096T183911.v2.0_EVI_cropped.tif,3154,714,159.88900756835938,val
hls_california\HLS.S30.T10SGJ.2021096T183911.v2.0_EVI_cropped.tif,3155,715,57.916446685791016,val
hls_california\HLS.S30.T10SGJ.2021096T183911.v2.0_EVI_cropped.tif,3156,717,92.50389862060547,val
hls_california\HLS.S30.T10SGJ.2021096T183911.v2.0_EVI_cropped.tif,3157,718,32.86978530883789,val
hls_california\HLS.S30.T10SGJ.2021096T183911.v2.0_EVI_cropped.tif,3158,720,59.69536209106445,val
hls_california\HLS.S30.T10SGJ.2021096T183911.v2.0_EVI_cropped.tif,3160,721,79.27006530761719,val
hls_california\HLS.S30.T10SGJ.2021096T183911.v2.0_EVI_cropped.tif,3161,723,16.797178268432617,val
hls_california\HLS.S30.T10SGJ.2021096T183911.v2.0_EVI_cropped.tif,3162,724,-9999.0,val
hls_california\HLS.S30.T10SGJ.2021096T183911.v2.0_EVI_cropped.tif,3163,726,173.2203826904297,val
hls_california\HLS.S30.T10SGJ.2021096T183911.v2.0_EVI_cropped.tif,3164,727,161.94029235839844,val
hls_california\HLS.S30.T10SGJ.2021096T183911.v2.0_EVI_cropped.tif,3165,729,23.22140121459961,val
hls_california\HLS.S30.T10SGJ.2021096T183911.v2.0_EVI_cropped.tif,3167,730,21.609024047851562,val
hls_california\HLS.S30.T10SGJ.2021096T183911.v2.0_EVI_cropped.tif,3199,773,117.61441040039062,val
hls_california\HLS.S30.T10SGJ.2021096T183911.v2.0_EVI_cropped.tif,3200,774,32.03989028930664,val
hls_california\HLS.S30.T10SGJ.2021096T183911.v2.0_EVI_cropped.tif,3201,776,151.98483276367188,val
hls_california\HLS.S30.T10SGJ.2021096T183911.v2.0_EVI_cropped.tif,3203,777,166.41783142089844,val
hls_california\HLS.S30.T10SGJ.2021096T183911.v2.0_EVI_cropped.tif,3204,779,106.71571350097656,val
hls_california\HLS.S30.T10SGJ.2021096T183911.v2.0_EVI_cropped.tif,3205,780,123.69276428222656,val
hls_california\HLS.S30.T10SGJ.2021096T183911.v2.0_EVI_cropped.tif,3206,782,126.02438354492188,val
hls_california\HLS.S30.T10SGJ.2021096T183911.v2.0_EVI_cropped.tif,3207,783,123.24858093261719,val
hls_california\HLS.S30.T10SGJ.2021096T183911.v2.0_EVI_cropped.tif,3208,785,116.18885040283203,val
hls_california\HLS.S30.T10SGJ.2021096T183911.v2.0_EVI_cropped.tif,3210,786,64.8895263671875,val
hls_california\HLS.S30.T10SGJ.2021096T183911.v2.0_EVI_cropped.tif,3211,788,134.0321807861328,val
hls_california\HLS.S30.T10SGJ.2021096T183911.v2.0_EVI_cropped.tif,3212,789,114.82665252685547,val
hls_california\HLS.S30.T10SGJ.2021096T183911.v2.0_EVI_cropped.tif,3213,791,88.54576873779297,val
hls_california\HLS.S30.T10SGJ.2021096T183911.v2.0_EVI_cropped.tif,3214,792,97.71263122558594,val
hls_california\HLS.S30.T10SGJ.2021096T183911.v2.0_EVI_cropped.tif,3260,851,43.29704284667969,val
hls_california\HLS.S30.T10SGJ.2021096T183911.v2.0_EVI_cropped.tif,3261,853,94.99019622802734,val
hls_california\HLS.S30.T10SGJ.2021096T183911.v2.0_EVI_cropped.tif,3262,854,39.172847747802734,val
hls_california\HLS.S30.T10SGJ.2021096T183911.v2.0_EVI_cropped.tif,3263,856,84.5158920288086,val
hls_california\HLS.S30.T10SGJ.2021096T183911.v2.0_EVI_cropped.tif,3264,857,35.11803436279297,val
hls_california\HLS.S30.T10SGJ.2021096T183911.v2.0_EVI_cropped.tif,3265,859,95.66184997558594,val
hls_california\HLS.S30.T10SGJ.2021096T183911.v2.0_EVI_cropped.tif,3267,860,135.13441467285156,val
hls_california\HLS.S30.T10SGJ.2021096T183911.v2.0_EVI_cropped.tif,3268,862,28.16143035888672,val
hls_california\HLS.S30.T10SGJ.2021096T183911.v2.0_EVI_cropped.tif,3269,863,-9999.0,val
hls_california\HLS.S30.T10TCL.2021100T190909.v2.0_EVI_cropped.tif,1738,619,628.0025634765625,train
hls_california\HLS.S30.T10TCL.2021100T190909.v2.0_EVI_cropped.tif,1739,621,476.14508056640625,train
hls_california\HLS.S30.T10TCL.2021100T190909.v2.0_EVI_cropped.tif,1740,622,54.26389694213867,train
hls_california\HLS.S30.T10TCL.2021100T190909.v2.0_EVI_cropped.tif,1741,624,76.6834716796875,train
hls_california\HLS.S30.T10TCL.2021100T190909.v2.0_EVI_cropped.tif,1742,625,-9999.0,train
hls_california\HLS.S30.T10TCL.2021100T190909.v2.0_EVI_cropped.tif,1743,627,58.90306854248047,train
hls_california\HLS.S30.T10TCL.2021100T190909.v2.0_EVI_cropped.tif,1744,628,244.1561737060547,train
hls_california\HLS.S30.T10TCL.2021100T190909.v2.0_EVI_cropped.tif,1746,630,341.6252136230469,train
hls_california\HLS.S30.T10TCL.2021100T190909.v2.0_EVI_cropped.tif,1747,632,418.0528259277344,train
hls_california\HLS.S30.T10TCL.2021100T190909.v2.0_EVI_cropped.tif,1748,633,223.29429626464844,train
hls_california\HLS.S30.T10TCL.2021100T190909.v2.0_EVI_cropped.tif,1838,751,206.72108459472656,train
hls_california\HLS.S30.T10TCL.2021100T190909.v2.0_EVI_cropped.tif,1839,753,237.52952575683594,train
hls_california\HLS.S30.T10TCL.2021100T190909.v2.0_EVI_cropped.tif,1840,754,193.90306091308594,train
hls_california\HLS.S30.T10TCL.2021100T190909.v2.0_EVI_cropped.tif,1841,756,-9999.0,train
hls_california\HLS.S30.T10TCL.2021100T190909.v2.0_EVI_cropped.tif,1842,757,262.3547668457031,train
hls_california\HLS.S30.T10TCL.2021100T190909.v2.0_EVI_cropped.tif,1843,759,261.38787841796875,train
hls_california\HLS.S30.T10TCL.2021100T190909.v2.0_EVI_cropped.tif,1845,760,220.50869750976562,train
hls_california\HLS.S30.T10TCL.2021100T190909.v2.0_EVI_cropped.tif,1846,762,286.08837890625,train
hls_california\HLS.S30.T10TCL.2021100T190909.v2.0_EVI_cropped.tif,1847,763,164.89312744140625,train
hls_california\HLS.S30.T10TCL.2021100T190909.v2.0_EVI_cropped.tif,1848,765,-9999.0,train
hls_california\HLS.S30.T10TCL.2021100T190909.v2.0_EVI_cropped.tif,1849,766,229.0298309326172,train
hls_california\HLS.S30.T10TCL.2021100T190909.v2.0_EVI_cropped.tif,1850,768,207.63934326171875,train
hls_california\HLS.L30.T10TDK.2021110T185717.v2.0_EVI_cropped.tif,16,2233,-9999.0,train
hls_california\HLS.L30.T10TDK.2021110T185717.v2.0_EVI_cropped.tif,17,2235,-9999.0,train
hls_california\HLS.L30.T10TDK.2021110T185717.v2.0_EVI_cropped.tif,18,2236,-9999.0,train
hls_california\HLS.L30.T10TDK.2021110T185717.v2.0_EVI_cropped.tif,19,2238,-9999.0,train
hls_california\HLS.L30.T10TDK.2021110T185717.v2.0_EVI_cropped.tif,20,2239,-9999.0,train
hls_california\HLS.L30.T10TDK.2021110T185717.v2.0_EVI_cropped.tif,21,2241,-9999.0,train
hls_california\HLS.L30.T10TDK.2021110T185717.v2.0_EVI_cropped.tif,23,2242,-9999.0,train
hls_california\HLS.L30.T10TDK.2021110T185717.v2.0_EVI_cropped.tif,24,2244,-9999.0,train
hls_california\HLS.L30.T10TDK.2021110T185717.v2.0_EVI_cropped.tif,25,2245,-9999.0,train
hls_california\HLS.L30.T10TDK.2021110T185717.v2.0_EVI_cropped.tif,26,2247,-9999.0,train
hls_california\HLS.L30.T10TDK.2021110T185717.v2.0_EVI_cropped.tif,27,2248,-9999.0,train
hls_california\HLS.L30.T10TDK.2021110T185717.v2.0_EVI_cropped.tif,28,2250,-9999.0,train
hls_california\HLS.L30.T10TDK.2021110T185717.v2.0_EVI_cropped.tif,29,2251,-9999.0,train
hls_california\HLS.L30.T10TDK.2021110T185717.v2.0_EVI_cropped.tif,31,2253,-9999.0,train
hls_california\HLS.L30.T10TDK.2021110T185717.v2.0_EVI_cropped.tif,32,2254,-9999.0,train
hls_california\HLS.L30.T10TDK.2021110T185717.v2.0_EVI_cropped.tif,33,2256,-9999.0,train
hls_california\HLS.L30.T10TDK.2021110T185717.v2.0_EVI_cropped.tif,34,2257,-9999.0,train
hls_california\HLS.L30.T10TDK.2021110T185717.v2.0_EVI_cropped.tif,35,2259,-9999.0,train
hls_california\HLS.L30.T10TDK.2021110T185717.v2.0_EVI_cropped.tif,36,2260,-9999.0,train
hls_california\HLS.L30.T10TDK.2021110T185717.v2.0_EVI_cropped.tif,38,2262,-9999.0,train
hls_california\HLS.L30.T10TDK.2021110T185717.v2.0_EVI_cropped.tif,39,2263,57.544166564941406,train
hls_california\HLS.L30.T10TDK.2021110T185717.v2.0_EVI_cropped.tif,40,2265,30.74907684326172,train
hls_california\HLS.L30.T10TDK.2021110T185717.v2.0_EVI_cropped.tif,41,2267,16.711814880371094,train
hls_california\HLS.L30.T10TDK.2021110T185717.v2.0_EVI_cropped.tif,42,2268,55.18797302246094,train
hls_california\HLS.L30.T10TDK.2021110T185717.v2.0_EVI_cropped.tif,43,2270,36.469444274902344,train
hls_california\HLS.L30.T10TDK.2021110T185717.v2.0_EVI_cropped.tif,45,2271,52.82266616821289,train
hls_california\HLS.L30.T10TDK.2021110T185717.v2.0_EVI_cropped.tif,46,2273,-9999.0,train
hls_california\HLS.L30.T10TDK.2021110T185717.v2.0_EVI_cropped.tif,47,2274,47.22467803955078,train
hls_california\HLS.L30.T10TDK.2021110T185717.v2.0_EVI_cropped.tif,48,2276,78.70531463623047,train
hls_california\HLS.L30.T10TDK.2021110T185717.v2.0_EVI_cropped.tif,49,2277,90.6490707397461,train
hls_california\HLS.L30.T10TDK.2021110T185717.v2.0_EVI_cropped.tif,50,2279,45.62073516845703,train
hls_california\HLS.L30.T10TDK.2021110T185717.v2.0_EVI_cropped.tif,51,2280,28.624370574951172,train
hls_california\HLS.L30.T10TDK.2021110T185717.v2.0_EVI_cropped.tif,53,2282,107.76958465576172,train
hls_california\HLS.L30.T10TDK.2021110T185717.v2.0_EVI_cropped.tif,54,2283,34.3710823059082,train
hls_california\HLS.L30.T10TDK.2021110T185717.v2.0_EVI_cropped.tif,55,2285,115.37413787841797,train
hls_california\HLS.L30.T10TDK.2021110T185717.v2.0_EVI_cropped.tif,56,2286,317.3241882324219,train
hls_california\HLS.L30.T10TDK.2021110T185717.v2.0_EVI_cropped.tif,57,2288,36.26394271850586,train
hls_california\HLS.L30.T10TDK.2021110T185717.v2.0_EVI_cropped.tif,58,2289,85.88917541503906,train
hls_california\HLS.L30.T10TDK.2021110T185717.v2.0_EVI_cropped.tif,60,2291,25.76137351989746,train
hls_california\HLS.L30.T10TDK.2021110T185717.v2.0_EVI_cropped.tif,61,2293,17.588699340820312,train
hls_california\HLS.L30.T10TDK.2021110T185717.v2.0_EVI_cropped.tif,62,2294,16.85917854309082,train
hls_california\HLS.L30.T10TDK.2021110T185717.v2.0_EVI_cropped.tif,63,2296,29.393861770629883,train
hls_california\HLS.L30.T10TDK.2021110T185717.v2.0_EVI_cropped.tif,64,2297,219.2147216796875,train
hls_california\HLS.L30.T10TDK.2021110T185717.v2.0_EVI_cropped.tif,65,2299,66.87213134765625,train
hls_california\HLS.L30.T10TDK.2021110T185717.v2.0_EVI_cropped.tif,66,2300,-9999.0,train
hls_california\HLS.L30.T10TDK.2021110T185717.v2.0_EVI_cropped.tif,68,2302,200.39163208007812,train
hls_california\HLS.L30.T10TDK.2021110T185717.v2.0_EVI_cropped.tif,69,2303,130.46160888671875,train
hls_california\HLS.L30.T10TDK.2021110T185717.v2.0_EVI_cropped.tif,70,2305,117.44953155517578,train
hls_california\HLS.L30.T10TDK.2021110T185717.v2.0_EVI_cropped.tif,71,2306,47.58995056152344,train
hls_california\HLS.L30.T10TDK.2021110T185717.v2.0_EVI_cropped.tif,72,2308,66.12388610839844,train
hls_california\HLS.L30.T10TDK.2021110T185717.v2.0_EVI_cropped.tif,73,2309,168.2822723388672,train
hls_california\HLS.L30.T10TDK.2021110T185717.v2.0_EVI_cropped.tif,75,2311,241.64039611816406,train
hls_california\HLS.L30.T10TDK.2021110T185717.v2.0_EVI_cropped.tif,76,2312,134.70742797851562,train
hls_california\HLS.L30.T10TDK.2021110T185717.v2.0_EVI_cropped.tif,77,2314,127.60063171386719,train
hls_california\HLS.L30.T10TDK.2021110T185717.v2.0_EVI_cropped.tif,78,2315,-9999.0,train
hls_california\HLS.L30.T10TDK.2021110T185717.v2.0_EVI_cropped.tif,79,2317,70.55413818359375,train
hls_california\HLS.L30.T10TDK.2021110T185717.v2.0_EVI_cropped.tif,80,2318,254.5722198486328,train
hls_california\HLS.L30.T10TDK.2021110T185717.v2.0_EVI_cropped.tif,82,2320,-9999.0,train
hls_california\HLS.L30.T10TDK.2021110T185717.v2.0_EVI_cropped.tif,83,2321,223.97183227539062,train
hls_california\HLS.L30.T10TDK.2021110T185717.v2.0_EVI_cropped.tif,84,2323,559.3628540039062,train
hls_california\HLS.L30.T10TDK.2021110T185717.v2.0_EVI_cropped.tif,85,2324,132.22320556640625,train
hls_california\HLS.L30.T10TDK.2021110T185717.v2.0_EVI_cropped.tif,86,2326,150.0955352783203,train
hls_california\HLS.L30.T10TDK.2021110T185717.v2.0_EVI_cropped.tif,87,2327,238.1014404296875,train
hls_california\HLS.L30.T10TDK.2021110T185717.v2.0_EVI_cropped.tif,88,2329,272.3040771484375,train
hls_california\HLS.L30.T10TDK.2021110T185717.v2.0_EVI_cropped.tif,90,2330,217.90328979492188,train
hls_california\HLS.L30.T10TDK.2021110T185717.v2.0_EVI_cropped.tif,91,2332,-9999.0,train
hls_california\HLS.L30.T10TDK.2021110T185717.v2.0_EVI_cropped.tif,92,2333,162.1126251220703,train
hls_california\HLS.L30.T10TDK.2021110T185717.v2.0_EVI_cropped.tif,93,2335,-9999.0,train
hls_california\HLS.L30.T10TDK.2021110T185717.v2.0_EVI_cropped.tif,94,2336,409.31085205078125,train
hls_california\HLS.L30.T10TDK.2021110T185717.v2.0_EVI_cropped.tif,95,2338,83.08027648925781,train
hls_california\HLS.L30.T10TDK.2021110T185717.v2.0_EVI_cropped.tif,96,2340,175.67498779296875,train
hls_california\HLS.L30.T10TDK.2021110T185717.v2.0_EVI_cropped.tif,98,2341,101.23748779296875,train
hls_california\HLS.L30.T10TDK.2021110T185717.v2.0_EVI_cropped.tif,99,2343,90.61830139160156,train
hls_california\HLS.L30.T10TDK.2021110T185717.v2.0_EVI_cropped.tif,100,2344,79.34004974365234,train
hls_california\HLS.L30.T10TDK.2021110T185717.v2.0_EVI_cropped.tif,101,2346,43.70657730102539,train
hls_california\HLS.L30.T10TDK.2021110T185717.v2.0_EVI_cropped.tif,102,2347,15.199830055236816,train
hls_california\HLS.L30.T10TDK.2021110T185717.v2.0_EVI_cropped.tif,103,2349,16.651042938232422,train
hls_california\HLS.L30.T10TDK.2021110T185717.v2.0_EVI_cropped.tif,105,2350,87.804931640625,train
hls_california\HLS.L30.T10TDK.2021110T185717.v2.0_EVI_cropped.tif,106,2352,15.900748252868652,train
hls_california\HLS.L30.T10TDK.2021110T185717.v2.0_EVI_cropped.tif,107,2353,46.52424240112305,train
hls_california\HLS.L30.T10TDK.2021110T185717.v2.0_EVI_cropped.tif,108,2355,26.0272159576416,train
hls_california\HLS.L30.T10TDK.2021110T185717.v2.0_EVI_cropped.tif,109,2356,58.95433044433594,train
hls_california\HLS.L30.T10TDK.2021110T185717.v2.0_EVI_cropped.tif,110,2358,92.73260498046875,train
hls_california\HLS.L30.T10TDK.2021110T185717.v2.0_EVI_cropped.tif,111,2359,217.7502899169922,train
hls_california\HLS.L30.T10TDK.2021110T185717.v2.0_EVI_cropped.tif,113,2361,121.9202651977539,train
hls_california\HLS.L30.T10TDK.2021110T185717.v2.0_EVI_cropped.tif,114,2362,212.1792449951172,train
hls_california\HLS.L30.T10TDK.2021110T185717.v2.0_EVI_cropped.tif,115,2364,295.0391845703125,train
hls_california\HLS.L30.T10TDK.2021110T185717.v2.0_EVI_cropped.tif,116,2365,193.1293487548828,train
hls_california\HLS.L30.T10TDK.2021110T185717.v2.0_EVI_cropped.tif,117,2367,143.97015380859375,train
hls_california\HLS.L30.T10TDK.2021110T185717.v2.0_EVI_cropped.tif,118,2368,108.49561309814453,train
hls_california\HLS.L30.T10TDK.2021110T185717.v2.0_EVI_cropped.tif,120,2370,182.61129760742188,train
hls_california\HLS.L30.T10TDK.2021110T185717.v2.0_EVI_cropped.tif,121,2371,253.93890380859375,train
hls_california\HLS.L30.T10TDK.2021110T185717.v2.0_EVI_cropped.tif,122,2373,344.2955627441406,train
hls_california\HLS.L30.T10TDK.2021110T185717.v2.0_EVI_cropped.tif,123,2374,453.3796081542969,train
hls_california\HLS.L30.T10TDK.2021110T185717.v2.0_EVI_cropped.tif,124,2376,220.50396728515625,train
hls_california\HLS.L30.T10TDK.2021110T185717.v2.0_EVI_cropped.tif,125,2377,205.7406463623047,train
hls_california\HLS.L30.T10TDK.2021110T185717.v2.0_EVI_cropped.tif,126,2379,202.3238067626953,train
hls_california\HLS.L30.T10TDK.2021110T185717.v2.0_EVI_cropped.tif,128,2380,110.44371032714844,train
hls_california\HLS.L30.T10TDK.2021110T185717.v2.0_EVI_cropped.tif,129,2382,133.1309356689453,train
hls_california\HLS.L30.T10TDK.2021110T185717.v2.0_EVI_cropped.tif,130,2383,128.7000274658203,train
hls_california\HLS.L30.T10TDK.2021110T185717.v2.0_EVI_cropped.tif,131,2385,108.23202514648438,train
hls_california\HLS.L30.T10TDK.2021110T185717.v2.0_EVI_cropped.tif,132,2386,128.44761657714844,train
hls_california\HLS.L30.T10TDK.2021110T185717.v2.0_EVI_cropped.tif,133,2388,91.94023895263672,train
hls_california\HLS.L30.T10TDK.2021110T185717.v2.0_EVI_cropped.tif,134,2389,100.68614196777344,train
hls_california\HLS.L30.T10TDK.2021110T185717.v2.0_EVI_cropped.tif,136,2391,152.8988494873047,train
hls_california\HLS.L30.T10TDK.2021110T185717.v2.0_EVI_cropped.tif,137,2392,87.42778015136719,train
hls_california\HLS.L30.T10TDK.2021110T185717.v2.0_EVI_cropped.tif,138,2394,82.73408508300781,train
hls_california\HLS.L30.T10TDK.2021110T185717.v2.0_EVI_cropped.tif,139,2395,128.7052764892578,train
hls_california\HLS.L30.T10TDK.2021110T185717.v2.0_EVI_cropped.tif,140,2397,240.5892791748047,train
hls_california\HLS.L30.T10TDK.2021110T185717.v2.0_EVI_cropped.tif,141,2398,-9999.0,train
hls_california\HLS.L30.T10TDK.2021110T185717.v2.0_EVI_cropped.tif,143,2400,122.67912292480469,train
hls_california\HLS.L30.T10TDK.2021110T185717.v2.0_EVI_cropped.tif,144,2401,207.63934326171875,train
hls_california\HLS.L30.T10TDK.2021110T185717.v2.0_EVI_cropped.tif,145,2403,128.8941192626953,train
hls_california\HLS.L30.T10TDK.2021110T185717.v2.0_EVI_cropped.tif,146,2404,169.97703552246094,train
hls_california\HLS.L30.T10TDK.2021110T185717.v2.0_EVI_cropped.tif,147,2406,-9999.0,train
hls_california\HLS.L30.T10TDK.2021110T185717.v2.0_EVI_cropped.tif,148,2407,121.22907257080078,train
hls_california\HLS.L30.T10TDK.2021110T185717.v2.0_EVI_cropped.tif,149,2409,134.6720428466797,train
hls_california\HLS.L30.T10TDK.2021110T185717.v2.0_EVI_cropped.tif,151,2410,467.0802307128906,train
hls_california\HLS.L30.T10TDK.2021110T185717.v2.0_EVI_cropped.tif,152,2412,-9999.0,train
hls_california\HLS.L30.T10TDK.2021110T185717.v2.0_EVI_cropped.tif,153,2413,365.31561279296875,train
hls_california\HLS.L30.T10TDK.2021110T185717.v2.0_EVI_cropped.tif,154,2415,170.6808624267578,train
hls_california\HLS.L30.T10TDK.2021110T185717.v2.0_EVI_cropped.tif,155,2416,-9999.0,train
hls_california\HLS.L30.T10TDK.2021110T185717.v2.0_EVI_cropped.tif,156,2418,-9999.0,train
hls_california\HLS.L30.T10TDK.2021110T185717.v2.0_EVI_cropped.tif,157,2419,93.16477966308594,train
hls_california\HLS.L30.T10TDK.2021110T185717.v2.0_EVI_cropped.tif,159,2421,136.07469177246094,train
hls_california\HLS.L30.T10TDK.2021110T185717.v2.0_EVI_cropped.tif,160,2422,227.8928680419922,train
hls_california\HLS.L30.T10TDK.2021110T185717.v2.0_EVI_cropped.tif,161,2424,158.87452697753906,train
hls_california\HLS.L30.T10TDK.2021110T185717.v2.0_EVI_cropped.tif,162,2425,248.32736206054688,train
hls_california\HLS.L30.T10TDK.2021110T185717.v2.0_EVI_cropped.tif,163,2427,44.28844451904297,train
hls_california\HLS.L30.T10TDK.2021110T185717.v2.0_EVI_cropped.tif,164,2428,31.241065979003906,train
hls_california\HLS.L30.T10TDK.2021110T185717.v2.0_EVI_cropped.tif,166,2430,79.05419158935547,train
hls_california\HLS.L30.T10TDK.2021110T185717.v2.0_EVI_cropped.tif,167,2431,416.0684509277344,train
hls_california\HLS.L30.T10TDK.2021110T185717.v2.0_EVI_cropped.tif,168,2433,172.7132568359375,train
hls_california\HLS.L30.T10TDK.2021110T185717.v2.0_EVI_cropped.tif,169,2434,113.92864227294922,train
hls_california\HLS.L30.T10TDK.2021110T185717.v2.0_EVI_cropped.tif,170,2436,42.81220626831055,train
hls_california\HLS.L30.T10TDK.2021110T185717.v2.0_EVI_cropped.tif,171,2437,63.390804290771484,train
hls_california\HLS.L30.T10TDK.2021110T185717.v2.0_EVI_cropped.tif,172,2439,158.71832275390625,train
hls_california\HLS.L30.T10TDK.2021110T185717.v2.0_EVI_cropped.tif,174,2440,88.241455078125,train
hls_california\HLS.L30.T10TDK.2021110T185717.v2.0_EVI_cropped.tif,175,2442,205.40333557128906,train
hls_california\HLS.L30.T10TDK.2021110T185717.v2.0_EVI_cropped.tif,176,2443,198.94424438476562,train
hls_california\HLS.L30.T10TDK.2021110T185717.v2.0_EVI_cropped.tif,177,2445,204.92147827148438,train
hls_california\HLS.L30.T10TDK.2021110T185717.v2.0_EVI_cropped.tif,178,2446,285.8324279785156,train
hls_california\HLS.L30.T10TDK.2021110T185717.v2.0_EVI_cropped.tif,179,2448,480.6473693847656,train
hls_california\HLS.L30.T10TDK.2021110T185717.v2.0_EVI_cropped.tif,181,2450,289.4324035644531,train
hls_california\HLS.L30.T10TDK.2021110T185717.v2.0_EVI_cropped.tif,182,2451,50.79239273071289,train
hls_california\HLS.L30.T10TDK.2021110T185717.v2.0_EVI_cropped.tif,183,2453,267.01678466796875,train
hls_california\HLS.L30.T10TDK.2021110T185717.v2.0_EVI_cropped.tif,184,2454,144.98304748535156,train
hls_california\HLS.L30.T10TDK.2021110T185717.v2.0_EVI_cropped.tif,185,2456,299.3975830078125,train
hls_california\HLS.L30.T10TDK.2021110T185717.v2.0_EVI_cropped.tif,186,2457,73.6736831665039,train
hls_california\HLS.L30.T10TDK.2021110T185717.v2.0_EVI_cropped.tif,187,2459,291.6828308105469,train
hls_california\HLS.L30.T10TDK.2021110T185717.v2.0_EVI_cropped.tif,189,2460,213.29037475585938,train
hls_california\HLS.L30.T10TDK.2021110T185717.v2.0_EVI_cropped.tif,190,2462,143.0431365966797,train
hls_california\HLS.L30.T10TDK.2021110T185717.v2.0_EVI_cropped.tif,191,2463,143.97727966308594,train
hls_california\HLS.L30.T10TDK.2021110T185717.v2.0_EVI_cropped.tif,192,2465,234.77169799804688,train
hls_california\HLS.L30.T10TDK.2021110T185717.v2.0_EVI_cropped.tif,193,2466,108.28758239746094,train
hls_california\HLS.L30.T10TDK.2021110T185717.v2.0_EVI_cropped.tif,194,2468,278.41217041015625,train
hls_california\HLS.L30.T10TDK.2021110T185717.v2.0_EVI_cropped.tif,196,2469,187.20130920410156,train
hls_california\HLS.L30.T10TDK.2021110T185717.v2.0_EVI_cropped.tif,197,2471,223.08578491210938,train
hls_california\HLS.L30.T10TDK.2021110T185717.v2.0_EVI_cropped.tif,198,2472,172.2764892578125,train
hls_california\HLS.L30.T10TDK.2021110T185717.v2.0_EVI_cropped.tif,199,2474,257.072998046875,train
hls_california\HLS.L30.T10TDK.2021110T185717.v2.0_EVI_cropped.tif,200,2476,-9999.0,train
hls_california\HLS.L30.T10TDK.2021110T185717.v2.0_EVI_cropped.tif,201,2477,88.87317657470703,train
hls_california\HLS.L30.T10TDK.2021110T185717.v2.0_EVI_cropped.tif,203,2479,173.53074645996094,train
hls_california\HLS.L30.T10TDK.2021110T185717.v2.0_EVI_cropped.tif,204,2480,154.04595947265625,train
hls_california\HLS.L30.T10TDK.2021110T185717.v2.0_EVI_cropped.tif,205,2482,196.82421875,train
hls_california\HLS.L30.T10TDK.2021110T185717.v2.0_EVI_cropped.tif,206,2483,143.90431213378906,train
hls_california\HLS.L30.T10TDK.2021110T185717.v2.0_EVI_cropped.tif,207,2485,299.22259521484375,train
hls_california\HLS.L30.T10TDK.2021110T185717.v2.0_EVI_cropped.tif,208,2486,101.36336517333984,train
hls_california\HLS.L30.T10TDK.2021110T185717.v2.0_EVI_cropped.tif,209,2488,212.8351287841797,train
hls_california\HLS.L30.T10TDK.2021110T185717.v2.0_EVI_cropped.tif,211,2489,304.12176513671875,train
hls_california\HLS.L30.T10TDK.2021110T185717.v2.0_EVI_cropped.tif,212,2491,505.1669006347656,train
hls_california\HLS.L30.T10TDK.2021110T185717.v2.0_EVI_cropped.tif,213,2492,341.747314453125,train
hls_california\HLS.L30.T10TDK.2021110T185717.v2.0_EVI_cropped.tif,214,2494,490.3836364746094,train
hls_california\HLS.L30.T10TDK.2021110T185717.v2.0_EVI_cropped.tif,215,2495,732.7351684570312,train
hls_california\HLS.L30.T10TDK.2021110T185717.v2.0_EVI_cropped.tif,216,2497,825.7744750976562,train
hls_california\HLS.L30.T10TDK.2021110T185717.v2.0_EVI_cropped.tif,218,2498,545.1128540039062,train
hls_california\HLS.L30.T10TDK.2021110T185717.v2.0_EVI_cropped.tif,219,2500,589.434814453125,train
hls_california\HLS.L30.T10TDK.2021110T185717.v2.0_EVI_cropped.tif,220,2501,242.31068420410156,train
hls_california\HLS.L30.T10TDK.2021110T185717.v2.0_EVI_cropped.tif,221,2503,368.3190612792969,train
hls_california\HLS.L30.T10TDK.2021110T185717.v2.0_EVI_cropped.tif,222,2504,-9999.0,train
hls_california\HLS.L30.T10TDK.2021110T185717.v2.0_EVI_cropped.tif,223,2506,1203.53955078125,train
hls_california\HLS.L30.T10TDK.2021110T185717.v2.0_EVI_cropped.tif,226,2509,91.89508819580078,train
hls_california\HLS.L30.T10TDK.2021110T185717.v2.0_EVI_cropped.tif,227,2510,116.69181823730469,train
hls_california\HLS.L30.T10TDK.2021110T185717.v2.0_EVI_cropped.tif,228,2512,200.29615783691406,train
hls_california\HLS.L30.T10TDK.2021110T185717.v2.0_EVI_cropped.tif,229,2513,75.31988525390625,train
hls_california\HLS.L30.T10TDK.2021110T185717.v2.0_EVI_cropped.tif,230,2515,326.7887268066406,train
hls_california\HLS.L30.T10TDK.2021110T185717.v2.0_EVI_cropped.tif,231,2516,504.6866760253906,train
hls_california\HLS.L30.T10TDK.2021110T185717.v2.0_EVI_cropped.tif,233,2518,-9999.0,train
hls_california\HLS.L30.T10TDK.2021110T185717.v2.0_EVI_cropped.tif,234,2519,649.4141235351562,train
hls_california\HLS.L30.T10TDK.2021110T185717.v2.0_EVI_cropped.tif,235,2521,169.46128845214844,train
hls_california\HLS.L30.T10TDK.2021110T185717.v2.0_EVI_cropped.tif,236,2522,214.89486694335938,train
hls_california\HLS.L30.T10TDK.2021110T185717.v2.0_EVI_cropped.tif,237,2524,177.12551879882812,train
hls_california\HLS.L30.T10TDK.2021110T185717.v2.0_EVI_cropped.tif,238,2525,83.64659118652344,train
hls_california\HLS.L30.T10TDK.2021110T185717.v2.0_EVI_cropped.tif,239,2527,226.5137481689453,train
hls_california\HLS.L30.T10TDK.2021110T185717.v2.0_EVI_cropped.tif,241,2528,241.4544677734375,train
hls_california\HLS.L30.T10TDK.2021110T185717.v2.0_EVI_cropped.tif,242,2530,228.4940948486328,train
hls_california\HLS.L30.T10TDK.2021110T185717.v2.0_EVI_cropped.tif,243,2532,154.50283813476562,train
hls_california\HLS.L30.T10TDK.2021110T185717.v2.0_EVI_cropped.tif,244,2533,305.7672424316406,train
hls_california\HLS.L30.T10TDK.2021110T185717.v2.0_EVI_cropped.tif,245,2535,188.28070068359375,train
hls_california\HLS.L30.T10TDK.2021110T185717.v2.0_EVI_cropped.tif,246,2536,178.28846740722656,train
hls_california\HLS.L30.T10TDK.2021110T185717.v2.0_EVI_cropped.tif,248,2538,144.7355499267578,train
hls_california\HLS.L30.T10TDK.2021110T185717.v2.0_EVI_cropped.tif,249,2539,114.13965606689453,train
hls_california\HLS.L30.T10TDK.2021110T185717.v2.0_EVI_cropped.tif,250,2541,207.20159912109375,train
hls_california\HLS.L30.T10TDK.2021110T185717.v2.0_EVI_cropped.tif,251,2542,211.07546997070312,train
hls_california\HLS.L30.T10TDK.2021110T185717.v2.0_EVI_cropped.tif,252,2544,-9999.0,train
hls_california\HLS.L30.T10TDK.2021110T185717.v2.0_EVI_cropped.tif,253,2545,229.44993591308594,train
hls_california\HLS.L30.T10TDK.2021110T185717.v2.0_EVI_cropped.tif,255,2547,211.13558959960938,train
hls_california\HLS.L30.T10TDK.2021110T185717.v2.0_EVI_cropped.tif,256,2548,196.96975708007812,train
hls_california\HLS.L30.T10TDK.2021110T185717.v2.0_EVI_cropped.tif,257,2550,223.84910583496094,train
hls_california\HLS.L30.T10TDK.2021110T185717.v2.0_EVI_cropped.tif,258,2551,144.55126953125,train
hls_california\HLS.L30.T10TDK.2021110T185717.v2.0_EVI_cropped.tif,259,2553,62.533058166503906,train
hls_california\HLS.L30.T10TDK.2021110T185717.v2.0_EVI_cropped.tif,260,2554,112.50811004638672,train
hls_california\HLS.L30.T10TDK.2021110T185717.v2.0_EVI_cropped.tif,261,2556,220.5442657470703,train
hls_california\HLS.L30.T10TDK.2021110T185717.v2.0_EVI_cropped.tif,263,2558,156.000244140625,train
hls_california\HLS.L30.T10TDK.2021110T185717.v2.0_EVI_cropped.tif,264,2559,1114.577880859375,train
hls_california\HLS.L30.T10TDK.2021110T185717.v2.0_EVI_cropped.tif,265,2561,387.627197265625,train
hls_california\HLS.L30.T10TDK.2021110T185717.v2.0_EVI_cropped.tif,266,2562,722.4662475585938,train
hls_california\HLS.L30.T10TDK.2021110T185717.v2.0_EVI_cropped.tif,267,2564,900.9940185546875,train
hls_california\HLS.L30.T10TDK.2021110T185717.v2.0_EVI_cropped.tif,268,2565,561.49169921875,train
hls_california\HLS.L30.T10TDK.2021110T185717.v2.0_EVI_cropped.tif,270,2567,109.26013946533203,train
hls_california\HLS.L30.T10TDK.2021110T185717.v2.0_EVI_cropped.tif,271,2568,183.70333862304688,train
hls_california\HLS.L30.T10TDK.2021110T185717.v2.0_EVI_cropped.tif,272,2570,185.12628173828125,train
hls_california\HLS.L30.T10TDK.2021110T185717.v2.0_EVI_cropped.tif,273,2571,455.8569641113281,train
hls_california\HLS.L30.T10TDK.2021110T185717.v2.0_EVI_cropped.tif,274,2573,235.42604064941406,train
hls_california\HLS.L30.T10TDK.2021110T185717.v2.0_EVI_cropped.tif,275,2574,421.1274108886719,train
hls_california\HLS.L30.T10TDK.2021110T185717.v2.0_EVI_cropped.tif,276,2576,-9999.0,train
hls_california\HLS.L30.T10TDK.2021110T185717.v2.0_EVI_cropped.tif,278,2577,154.39451599121094,train
hls_california\HLS.L30.T10TDK.2021110T185717.v2.0_EVI_cropped.tif,279,2579,582.9720458984375,train
hls_california\HLS.L30.T10TDK.2021110T185717.v2.0_EVI_cropped.tif,280,2580,766.3656005859375,train
hls_california\HLS.L30.T10TDK.2021110T185717.v2.0_EVI_cropped.tif,281,2582,689.88525390625,train
hls_california\HLS.L30.T10TDK.2021110T185717.v2.0_EVI_cropped.tif,282,2583,391.73590087890625,train
hls_california\HLS.L30.T10TDK.2021110T185717.v2.0_EVI_cropped.tif,283,2585,763.1997680664062,train
hls_california\HLS.L30.T10TDK.2021110T185717.v2.0_EVI_cropped.tif,285,2586,-9999.0,train
hls_california\HLS.L30.T10TDK.2021110T185717.v2.0_EVI_cropped.tif,286,2588,267.7927551269531,train
hls_california\HLS.L30.T10TDK.2021110T185717.v2.0_EVI_cropped.tif,287,2589,129.951171875,train
hls_california\HLS.L30.T10TDK.2021110T185717.v2.0_EVI_cropped.tif,288,2591,-9999.0,train
hls_california\HLS.L30.T10TDK.2021110T185717.v2.0_EVI_cropped.tif,289,2592,462.2840576171875,train
hls_california\HLS.L30.T10TDK.2021110T185717.v2.0_EVI_cropped.tif,290,2594,314.7518310546875,train
hls_california\HLS.L30.T10TDK.2021110T185717.v2.0_EVI_cropped.tif,291,2595,190.8749542236328,train
hls_california\HLS.L30.T10TDK.2021110T185717.v2.0_EVI_cropped.tif,293,2597,292.9813232421875,train
hls_california\HLS.L30.T10TDK.2021110T185717.v2.0_EVI_cropped.tif,294,2598,318.7473449707031,train
hls_california\HLS.L30.T10TDK.2021110T185717.v2.0_EVI_cropped.tif,295,2600,529.3638916015625,train
hls_california\HLS.L30.T10TDK.2021110T185717.v2.0_EVI_cropped.tif,296,2601,611.0988159179688,train
hls_california\HLS.L30.T10TDK.2021110T185717.v2.0_EVI_cropped.tif,297,2603,432.8265075683594,train
hls_california\HLS.L30.T10TDK.2021110T185717.v2.0_EVI_cropped.tif,298,2604,378.0911865234375,train
hls_california\HLS.L30.T10TDK.2021110T185717.v2.0_EVI_cropped.tif,299,2606,160.0684051513672,train
hls_california\HLS.L30.T10TDK.2021110T185717.v2.0_EVI_cropped.tif,301,2607,204.63636779785156,train
hls_california\HLS.L30.T10TDK.2021110T185717.v2.0_EVI_cropped.tif,302,2609,146.16221618652344,train
hls_california\HLS.L30.T10TDK.2021110T185717.v2.0_EVI_cropped.tif,303,2610,250.01608276367188,train
hls_california\HLS.L30.T10TDK.2021110T185717.v2.0_EVI_cropped.tif,304,2612,176.74346923828125,train
hls_california\HLS.L30.T10TDK.2021110T185717.v2.0_EVI_cropped.tif,305,2613,208.90049743652344,train
hls_california\HLS.L30.T10TDK.2021110T185717.v2.0_EVI_cropped.tif,306,2615,175.05215454101562,train
hls_california\HLS.L30.T10TDK.2021110T185717.v2.0_EVI_cropped.tif,308,2616,29.473237991333008,train
hls_california\HLS.L30.T10TDK.2021110T185717.v2.0_EVI_cropped.tif,309,2618,227.8107147216797,train
hls_california\HLS.L30.T10TDK.2021110T185717.v2.0_EVI_cropped.tif,310,2619,170.6808624267578,train
hls_california\HLS.L30.T10TDK.2021110T185717.v2.0_EVI_cropped.tif,311,2621,246.0771942138672,train
hls_california\HLS.L30.T10TDK.2021110T185717.v2.0_EVI_cropped.tif,312,2622,114.08391571044922,train
hls_california\HLS.L30.T10TDK.2021110T185717.v2.0_EVI_cropped.tif,313,2624,242.9483184814453,train
hls_california\HLS.L30.T10TDK.2021110T185717.v2.0_EVI_cropped.tif,315,2626,200.30638122558594,train
hls_california\HLS.L30.T10TDK.2021110T185717.v2.0_EVI_cropped.tif,316,2627,190.45999145507812,train
hls_california\HLS.L30.T10TDK.2021110T185717.v2.0_EVI_cropped.tif,318,2630,160.64093017578125,train
hls_california\HLS.L30.T10TDK.2021110T185717.v2.0_EVI_cropped.tif,319,2632,153.02020263671875,train
hls_california\HLS.L30.T10TDK.2021110T185717.v2.0_EVI_cropped.tif,320,2633,189.7273712158203,train
hls_california\HLS.L30.T10TDK.2021110T185717.v2.0_EVI_cropped.tif,321,2635,197.42123413085938,train
hls_california\HLS.L30.T10TDK.2021110T185717.v2.0_EVI_cropped.tif,323,2636,-9999.0,train
hls_california\HLS.L30.T10TDK.2021110T185717.v2.0_EVI_cropped.tif,324,2638,259.1479797363281,train
hls_california\HLS.L30.T10TDK.2021110T185717.v2.0_EVI_cropped.tif,325,2639,175.23658752441406,train
hls_california\HLS.L30.T10TDK.2021110T185717.v2.0_EVI_cropped.tif,326,2641,364.9496154785156,train
hls_california\HLS.L30.T10TDK.2021110T185717.v2.0_EVI_cropped.tif,327,2642,302.5201110839844,train
hls_california\HLS.L30.T10TDK.2021110T185717.v2.0_EVI_cropped.tif,328,2644,408.08251953125,train
hls_california\HLS.L30.T10TDK.2021110T185717.v2.0_EVI_cropped.tif,330,2645,281.98358154296875,train
hls_california\HLS.L30.T10TDK.2021110T185717.v2.0_EVI_cropped.tif,331,2647,286.3517761230469,train
hls_california\HLS.L30.T10TDK.2021110T185717.v2.0_EVI_cropped.tif,332,2648,20.50250244140625,train
hls_california\HLS.L30.T10TDK.2021110T185717.v2.0_EVI_cropped.tif,333,2650,324.8169250488281,train
hls_california\HLS.L30.T10TDK.2021110T185717.v2.0_EVI_cropped.tif,334,2651,338.1934509277344,train
hls_california\HLS.L30.T10TDK.2021110T185717.v2.0_EVI_cropped.tif,335,2653,-9999.0,train
hls_california\HLS.L30.T10TDK.2021110T185717.v2.0_EVI_cropped.tif,337,2654,147.8191680908203,train
hls_california\HLS.L30.T10TDK.2021110T185717.v2.0_EVI_cropped.tif,338,2656,31.07956886291504,train
hls_california\HLS.L30.T10TDK.2021110T185717.v2.0_EVI_cropped.tif,339,2657,16.046743392944336,train
hls_california\HLS.L30.T10TDK.2021110T185717.v2.0_EVI_cropped.tif,340,2659,33.38667678833008,train
hls_california\HLS.L30.T10TDK.2021110T185717.v2.0_EVI_cropped.tif,341,2661,33.48611068725586,train
hls_california\HLS.L30.T10TDK.2021110T185717.v2.0_EVI_cropped.tif,342,2662,131.45654296875,train
hls_california\HLS.L30.T10TDK.2021110T185717.v2.0_EVI_cropped.tif,343,2664,40.43730163574219,train
hls_california\HLS.L30.T10TDK.2021110T185717.v2.0_EVI_cropped.tif,345,2665,35.17414855957031,train
hls_california\HLS.L30.T10TDK.2021110T185717.v2.0_EVI_cropped.tif,346,2667,258.6822204589844,train
hls_california\HLS.L30.T10TDK.2021110T185717.v2.0_EVI_cropped.tif,347,2668,211.85989379882812,train
hls_california\HLS.L30.T10TDK.2021110T185717.v2.0_EVI_cropped.tif,348,2670,182.77781677246094,train
hls_california\HLS.L30.T10TDK.2021110T185717.v2.0_EVI_cropped.tif,349,2671,-9999.0,train
hls_california\HLS.L30.T10TDK.2021110T185717.v2.0_EVI_cropped.tif,350,2673,38.604740142822266,train
hls_california\HLS.L30.T10TDK.2021110T185717.v2.0_EVI_cropped.tif,352,2674,324.7267150878906,train
hls_california\HLS.L30.T10TDK.2021110T185717.v2.0_EVI_cropped.tif,353,2676,439.998291015625,train
hls_california\HLS.L30.T10TDK.2021110T185717.v2.0_EVI_cropped.tif,354,2677,129.3686065673828,train
hls_california\HLS.L30.T10TDK.2021110T185717.v2.0_EVI_cropped.tif,355,2679,128.4581298828125,train
hls_california\HLS.L30.T10TDK.2021110T185717.v2.0_EVI_cropped.tif,356,2680,171.93646240234375,train
hls_california\HLS.L30.T10TDK.2021110T185717.v2.0_EVI_cropped.tif,357,2682,285.3218688964844,train
hls_california\HLS.L30.T10TDK.2021110T185717.v2.0_EVI_cropped.tif,358,2683,252.19029235839844,train
hls_california\HLS.L30.T10TDK.2021110T185717.v2.0_EVI_cropped.tif,360,2685,266.112060546875,train
hls_california\HLS.L30.T10TDK.2021110T185717.v2.0_EVI_cropped.tif,361,2686,505.25372314453125,train
hls_california\HLS.L30.T10TDK.2021110T185717.v2.0_EVI_cropped.tif,362,2688,108.8556900024414,train
hls_california\HLS.L30.T10TDK.2021110T185717.v2.0_EVI_cropped.tif,363,2689,86.34274291992188,train
hls_california\HLS.L30.T10TDK.2021110T185717.v2.0_EVI_cropped.tif,364,2691,15.929734230041504,train
hls_california\HLS.L30.T10TDK.2021110T185717.v2.0_EVI_cropped.tif,365,2692,410.98388671875,train
hls_california\HLS.L30.T10TDK.2021110T185717.v2.0_EVI_cropped.tif,367,2694,63.04195022583008,train
hls_california\HLS.L30.T10TDK.2021110T185717.v2.0_EVI_cropped.tif,368,2695,197.05868530273438,train
hls_california\HLS.L30.T10TDK.2021110T185717.v2.0_EVI_cropped.tif,369,2697,207.4927978515625,train
hls_california\HLS.L30.T10TDK.2021110T185717.v2.0_EVI_cropped.tif,370,2698,149.07754516601562,train
hls_california\HLS.L30.T10TDK.2021110T185717.v2.0_EVI_cropped.tif,371,2700,33.24576187133789,train
hls_california\HLS.L30.T10TDK.2021110T185717.v2.0_EVI_cropped.tif,372,2701,34.662837982177734,train
hls_california\HLS.L30.T10TDK.2021110T185717.v2.0_EVI_cropped.tif,373,2703,162.8178253173828,train
hls_california\HLS.L30.T10TDK.2021110T185717.v2.0_EVI_cropped.tif,375,2705,41.69350051879883,train
hls_california\HLS.L30.T10TDK.2021110T185717.v2.0_EVI_cropped.tif,376,2706,90.4941635131836,train
hls_california\HLS.L30.T10TDK.2021110T185717.v2.0_EVI_cropped.tif,377,2708,45.117027282714844,train
hls_california\HLS.L30.T10TDK.2021110T185717.v2.0_EVI_cropped.tif,378,2709,143.1143798828125,train
hls_california\HLS.L30.T10TDK.2021110T185717.v2.0_EVI_cropped.tif,379,2711,19.091890335083008,train
hls_california\HLS.L30.T10TDK.2021110T185717.v2.0_EVI_cropped.tif,380,2712,29.400272369384766,train
hls_california\HLS.L30.T10TDK.2021110T185717.v2.0_EVI_cropped.tif,381,2714,15.303556442260742,train
hls_california\HLS.L30.T10TDK.2021110T185717.v2.0_EVI_cropped.tif,383,2715,16.07554817199707,train
hls_california\HLS.L30.T10TDK.2021110T185717.v2.0_EVI_cropped.tif,384,2717,15.642823219299316,train
hls_california\HLS.L30.T10TDK.2021110T185717.v2.0_EVI_cropped.tif,385,2718,18.35345458984375,train
hls_california\HLS.L30.T10TDK.2021110T185717.v2.0_EVI_cropped.tif,386,2720,54.33209228515625,train
hls_california\HLS.L30.T10TDK.2021110T185717.v2.0_EVI_cropped.tif,387,2721,60.1261100769043,train
hls_california\HLS.L30.T10TDK.2021110T185717.v2.0_EVI_cropped.tif,388,2723,-9999.0,train
hls_california\HLS.L30.T10TDK.2021110T185717.v2.0_EVI_cropped.tif,390,2724,22.967769622802734,train
hls_california\HLS.L30.T10TDK.2021110T185717.v2.0_EVI_cropped.tif,391,2726,91.80256652832031,train
hls_california\HLS.L30.T10TDK.2021110T185717.v2.0_EVI_cropped.tif,392,2727,7.294233322143555,train
hls_california\HLS.L30.T10TDK.2021110T185717.v2.0_EVI_cropped.tif,393,2729,2.9246318340301514,train
hls_california\HLS.L30.T10TDK.2021110T185717.v2.0_EVI_cropped.tif,394,2730,-9999.0,train
hls_california\HLS.L30.T10TDK.2021110T185717.v2.0_EVI_cropped.tif,395,2732,1.171596646308899,train
hls_california\HLS.L30.T10TDK.2021110T185717.v2.0_EVI_cropped.tif,396,2733,-9999.0,train
hls_california\HLS.L30.T10TDK.2021110T185717.v2.0_EVI_cropped.tif,398,2735,15.161012649536133,train
hls_california\HLS.L30.T10TDK.2021110T185717.v2.0_EVI_cropped.tif,399,2736,14.74622631072998,train
hls_california\HLS.L30.T10TDK.2021110T185717.v2.0_EVI_cropped.tif,400,2738,27.731565475463867,train
hls_california\HLS.L30.T10TDK.2021110T185717.v2.0_EVI_cropped.tif,401,2739,14.432023048400879,train
hls_california\HLS.L30.T10TDK.2021110T185717.v2.0_EVI_cropped.tif,402,2741,14.432023048400879,train
hls_california\HLS.L30.T10TDK.2021110T185717.v2.0_EVI_cropped.tif,403,2742,14.797309875488281,train
hls_california\HLS.L30.T10TDK.2021110T185717.v2.0_EVI_cropped.tif,405,2744,14.797309875488281,train
hls_california\HLS.L30.T10TDK.2021110T185717.v2.0_EVI_cropped.tif,406,2745,14.555362701416016,train
hls_california\HLS.L30.T10TDK.2021110T185717.v2.0_EVI_cropped.tif,407,2747,15.057714462280273,train
hls_california\HLS.L30.T10TDK.2021110T185717.v2.0_EVI_cropped.tif,408,2748,27.15873908996582,train
hls_california\HLS.L30.T10TDK.2021110T185717.v2.0_EVI_cropped.tif,409,2750,26.15143585205078,train
hls_california\HLS.L30.T10TDK.2021110T185717.v2.0_EVI_cropped.tif,410,2751,26.451650619506836,train
hls_california\HLS.L30.T10TDK.2021110T185717.v2.0_EVI_cropped.tif,411,2753,18.945098876953125,train
hls_california\HLS.L30.T10TDK.2021110T185717.v2.0_EVI_cropped.tif,413,2755,22.57444953918457,train
hls_california\HLS.L30.T10TDK.2021110T185717.v2.0_EVI_cropped.tif,414,2756,15.199830055236816,train
hls_california\HLS.L30.T10TDK.2021110T185717.v2.0_EVI_cropped.tif,415,2758,16.5189208984375,train
hls_california\HLS.L30.T10TDK.2021110T185717.v2.0_EVI_cropped.tif,416,2759,24.099355697631836,train
hls_california\HLS.L30.T10TDK.2021110T185717.v2.0_EVI_cropped.tif,417,2761,22.461166381835938,train
hls_california\HLS.L30.T10TDK.2021110T185717.v2.0_EVI_cropped.tif,418,2762,22.01469612121582,train
hls_california\HLS.L30.T10TDK.2021110T185717.v2.0_EVI_cropped.tif,420,2764,21.212095260620117,train
hls_california\HLS.L30.T10TDK.2021110T185717.v2.0_EVI_cropped.tif,421,2765,24.016674041748047,train
hls_california\HLS.L30.T10TDK.2021110T185717.v2.0_EVI_cropped.tif,422,2767,31.59514808654785,train
hls_california\HLS.L30.T10TDK.2021110T185717.v2.0_EVI_cropped.tif,423,2768,150.23623657226562,train
hls_california\HLS.L30.T10TDK.2021110T185717.v2.0_EVI_cropped.tif,424,2770,51.84309005737305,train
hls_california\HLS.L30.T10TDK.2021110T185717.v2.0_EVI_cropped.tif,425,2771,-9999.0,train
hls_california\HLS.L30.T10TDK.2021110T185717.v2.0_EVI_cropped.tif,427,2773,21.20117950439453,train
hls_california\HLS.L30.T10TDK.2021110T185717.v2.0_EVI_cropped.tif,429,2776,25.90593719482422,train
hls_california\HLS.L30.T10TDK.2021110T185717.v2.0_EVI_cropped.tif,430,2777,26.951961517333984,train
hls_california\HLS.L30.T10TDK.2021110T185717.v2.0_EVI_cropped.tif,431,2779,33.21068572998047,train
hls_california\HLS.L30.T10TDK.2021110T185717.v2.0_EVI_cropped.tif,432,2780,16.759262084960938,train
hls_california\HLS.L30.T10TDK.2021110T185717.v2.0_EVI_cropped.tif,433,2782,-9999.0,train
hls_california\HLS.L30.T10TDK.2021110T185717.v2.0_EVI_cropped.tif,435,2783,89.25410461425781,train
hls_california\HLS.L30.T10TDK.2021110T185717.v2.0_EVI_cropped.tif,436,2785,15.44668960571289,train
hls_california\HLS.L30.T10TDK.2021110T185717.v2.0_EVI_cropped.tif,437,2786,40.08542251586914,train
hls_california\HLS.L30.T10TDK.2021110T185717.v2.0_EVI_cropped.tif,438,2788,59.416343688964844,train
hls_california\HLS.L30.T10TDK.2021110T185717.v2.0_EVI_cropped.tif,439,2789,52.94856643676758,train
hls_california\HLS.L30.T10TDK.2021110T185717.v2.0_EVI_cropped.tif,440,2791,113.15582275390625,train
hls_california\HLS.L30.T10TDK.2021110T185717.v2.0_EVI_cropped.tif,442,2792,122.0246810913086,train
hls_california\HLS.L30.T10TDK.2021110T185717.v2.0_EVI_cropped.tif,443,2794,14.528246879577637,train
hls_california\HLS.L30.T10TDK.2021110T185717.v2.0_EVI_cropped.tif,444,2795,14.578969955444336,train
hls_california\HLS.L30.T10TDK.2021110T185717.v2.0_EVI_cropped.tif,445,2797,14.477603912353516,train
hls_california\HLS.L30.T10TDK.2021110T185717.v2.0_EVI_cropped.tif,446,2798,14.707965850830078,train
hls_california\HLS.L30.T10TDK.2021110T185717.v2.0_EVI_cropped.tif,447,2800,14.482577323913574,train
hls_california\HLS.L30.T10TDK.2021110T185717.v2.0_EVI_cropped.tif,448,2801,14.528246879577637,train
hls_california\HLS.L30.T10TDK.2021110T185717.v2.0_EVI_cropped.tif,450,2803,14.427038192749023,train
hls_california\HLS.L30.T10TDK.2021110T185717.v2.0_EVI_cropped.tif,451,2805,14.243146896362305,train
hls_california\HLS.L30.T10TDK.2021110T185717.v2.0_EVI_cropped.tif,452,2806,14.837504386901855,train
hls_california\HLS.L30.T10TDK.2021110T185717.v2.0_EVI_cropped.tif,453,2808,14.055377006530762,train
hls_california\HLS.L30.T10TDK.2021110T185717.v2.0_EVI_cropped.tif,454,2809,14.528246879577637,train
hls_california\HLS.L30.T10TDK.2021110T185717.v2.0_EVI_cropped.tif,455,2811,32.25251007080078,train
hls_california\HLS.L30.T10TDK.2021110T185717.v2.0_EVI_cropped.tif,457,2812,25.183610916137695,train
hls_california\HLS.L30.T10TDK.2021110T185717.v2.0_EVI_cropped.tif,458,2814,14.989570617675781,train
hls_california\HLS.L30.T10TDK.2021110T185717.v2.0_EVI_cropped.tif,459,2815,15.199830055236816,train
hls_california\HLS.L30.T10TDK.2021110T185717.v2.0_EVI_cropped.tif,460,2817,83.29264068603516,train
hls_california\HLS.L30.T10TDK.2021110T185717.v2.0_EVI_cropped.tif,461,2818,14.427038192749023,train
hls_california\HLS.L30.T10TDK.2021110T185717.v2.0_EVI_cropped.tif,462,2820,25.440399169921875,train
hls_california\HLS.L30.T10TDK.2021110T185717.v2.0_EVI_cropped.tif,463,2821,40.015869140625,train
hls_california\HLS.L30.T10TDK.2021110T185717.v2.0_EVI_cropped.tif,465,2823,27.126972198486328,train
hls_california\HLS.L30.T10TDK.2021110T185717.v2.0_EVI_cropped.tif,466,2824,39.21641540527344,train
hls_california\HLS.L30.T10TDK.2021110T185717.v2.0_EVI_cropped.tif,467,2826,27.928590774536133,train
hls_california\HLS.L30.T10TDK.2021110T185717.v2.0_EVI_cropped.tif,468,2827,33.551490783691406,train
hls_california\HLS.L30.T10TDK.2021110T185717.v2.0_EVI_cropped.tif,469,2829,-9999.0,train
hls_california\HLS.L30.T10TDK.2021110T185717.v2.0_EVI_cropped.tif,470,2830,15.590415000915527,train
hls_california\HLS.L30.T10TDK.2021110T185717.v2.0_EVI_cropped.tif,472,2832,53.43313980102539,train
hls_california\HLS.L30.T10TDK.2021110T185717.v2.0_EVI_cropped.tif,473,2833,105.06194305419922,train
hls_california\HLS.L30.T10TDK.2021110T185717.v2.0_EVI_cropped.tif,474,2835,55.324859619140625,train
hls_california\HLS.L30.T10TDK.2021110T185717.v2.0_EVI_cropped.tif,475,2836,127.1661605834961,train
hls_california\HLS.L30.T10TDK.2021110T185717.v2.0_EVI_cropped.tif,476,2838,37.72196960449219,train
hls_california\HLS.L30.T10TDK.2021110T185717.v2.0_EVI_cropped.tif,477,2839,118.91072845458984,train
hls_california\HLS.L30.T10TDK.2021110T185717.v2.0_EVI_cropped.tif,478,2841,49.46723556518555,train
hls_california\HLS.L30.T10TDK.2021110T185717.v2.0_EVI_cropped.tif,480,2842,60.50004577636719,train
hls_california\HLS.L30.T10TDK.2021110T185717.v2.0_EVI_cropped.tif,481,2844,37.062198638916016,train
hls_california\HLS.L30.T10TDK.2021110T185717.v2.0_EVI_cropped.tif,482,2845,35.61735534667969,train
hls_california\HLS.L30.T10TDK.2021110T185717.v2.0_EVI_cropped.tif,483,2847,68.6489028930664,train
hls_california\HLS.L30.T10TDK.2021110T185717.v2.0_EVI_cropped.tif,484,2848,38.31979751586914,train
hls_california\HLS.L30.T10TDK.2021110T185717.v2.0_EVI_cropped.tif,485,2850,32.26154708862305,train
hls_california\HLS.L30.T10TDK.2021110T185717.v2.0_EVI_cropped.tif,487,2851,177.07882690429688,train
hls_california\HLS.L30.T10TDK.2021110T185717.v2.0_EVI_cropped.tif,488,2853,-9999.0,train
hls_california\HLS.L30.T10TDK.2021110T185717.v2.0_EVI_cropped.tif,489,2854,28.282114028930664,train
hls_california\HLS.S30.T10TEK.2021092T185921.v2.0_EVI_cropped.tif,1788,1223,40.356712341308594,train
hls_california\HLS.S30.T10TEK.2021092T185921.v2.0_EVI_cropped.tif,1789,1225,132.91778564453125,train
hls_california\HLS.S30.T10TEK.2021092T185921.v2.0_EVI_cropped.tif,1790,1226,-9999.0,train
hls_california\HLS.S30.T10TEK.2021092T185921.v2.0_EVI_cropped.tif,1791,1228,41.623313903808594,train
hls_california\HLS.S30.T10TEK.2021092T185921.v2.0_EVI_cropped.tif,1792,1229,42.49641799926758,train
hls_california\HLS.S30.T10TEK.2021092T185921.v2.0_EVI_cropped.tif,1793,1231,31.111515045166016,train
hls_california\HLS.S30.T10TEK.2021092T185921.v2.0_EVI_cropped.tif,1794,1232,27.416536331176758,train
hls_california\HLS.S30.T10TEK.2021092T185921.v2.0_EVI_cropped.tif,1796,1234,21.553600311279297,train
hls_california\HLS.S30.T10TEK.2021092T185921.v2.0_EVI_cropped.tif,1797,1235,35.60462188720703,train
hls_california\HLS.S30.T10TEK.2021092T185921.v2.0_EVI_cropped.tif,1798,1237,50.45689392089844,train
hls_california\HLS.S30.T10TEK.2021092T185921.v2.0_EVI_cropped.tif,1799,1238,-9999.0,train
hls_california\HLS.S30.T10TEK.2021092T185921.v2.0_EVI_cropped.tif,1800,1240,20.096881866455078,train
hls_california\HLS.S30.T10TEK.2021092T185921.v2.0_EVI_cropped.tif,1801,1241,36.16401672363281,train
hls_california\HLS.S30.T10TEK.2021092T185921.v2.0_EVI_cropped.tif,1803,1243,18.084909439086914,train
hls_california\HLS.S30.T10TEK.2021092T185921.v2.0_EVI_cropped.tif,1804,1244,21.803665161132812,train
hls_california\HLS.S30.T10TEK.2021092T185921.v2.0_EVI_cropped.tif,1805,1246,19.925355911254883,train
hls_california\HLS.S30.T10TEK.2021092T185921.v2.0_EVI_cropped.tif,1806,1247,-9999.0,train
hls_california\HLS.S30.T10TEK.2021092T185921.v2.0_EVI_cropped.tif,1807,1249,111.92413330078125,train
hls_california\HLS.S30.T10TEK.2021092T185921.v2.0_EVI_cropped.tif,1808,1250,95.63288879394531,train
hls_california\HLS.S30.T10TEK.2021092T185921.v2.0_EVI_cropped.tif,1810,1252,62.560028076171875,train
hls_california\HLS.S30.T10TEK.2021092T185921.v2.0_EVI_cropped.tif,1811,1253,41.564300537109375,train
hls_california\HLS.S30.T10TEK.2021092T185921.v2.0_EVI_cropped.tif,1812,1255,41.36405944824219,train
hls_california\HLS.S30.T10TEK.2021092T185921.v2.0_EVI_cropped.tif,1813,1257,41.321678161621094,train
hls_california\HLS.S30.T10TEK.2021092T185921.v2.0_EVI_cropped.tif,1814,1258,23.548778533935547,train
hls_california\HLS.S30.T10TEK.2021092T185921.v2.0_EVI_cropped.tif,1815,1260,37.7508659362793,train
hls_california\HLS.S30.T10TEK.2021092T185921.v2.0_EVI_cropped.tif,1816,1261,29.644914627075195,train
hls_california\HLS.S30.T10TEK.2021092T185921.v2.0_EVI_cropped.tif,1818,1263,67.14180755615234,train
hls_california\HLS.S30.T10TEK.2021092T185921.v2.0_EVI_cropped.tif,1819,1264,44.013771057128906,train
hls_california\HLS.S30.T10TEK.2021092T185921.v2.0_EVI_cropped.tif,1820,1266,-9999.0,train
hls_california\HLS.S30.T10TEK.2021092T185921.v2.0_EVI_cropped.tif,1821,1267,19.513776779174805,train
hls_california\HLS.S30.T10TEK.2021092T185921.v2.0_EVI_cropped.tif,1822,1269,-9999.0,train
hls_california\HLS.S30.T10TEK.2021092T185921.v2.0_EVI_cropped.tif,1823,1270,69.81974792480469,train
hls_california\HLS.S30.T10TEK.2021092T185921.v2.0_EVI_cropped.tif,1825,1272,27.11063575744629,train
hls_california\HLS.S30.T10TEK.2021092T185921.v2.0_EVI_cropped.tif,1826,1273,31.352235794067383,train
hls_california\HLS.S30.T10TEK.2021092T185921.v2.0_EVI_cropped.tif,1827,1275,-9999.0,train
hls_california\HLS.S30.T10TEK.2021092T185921.v2.0_EVI_cropped.tif,1828,1276,33.91114807128906,train
hls_california\HLS.S30.T10TEK.2021092T185921.v2.0_EVI_cropped.tif,1829,1278,26.701305389404297,train
hls_california\HLS.S30.T10TEK.2021092T185921.v2.0_EVI_cropped.tif,1830,1279,44.24259567260742,train
hls_california\HLS.S30.T10TEK.2021092T185921.v2.0_EVI_cropped.tif,1831,1281,37.779541015625,train
hls_california\HLS.S30.T10TEK.2021092T185921.v2.0_EVI_cropped.tif,1833,1282,40.47305679321289,train
hls_california\HLS.S30.T10TEK.2021092T185921.v2.0_EVI_cropped.tif,1834,1284,35.297271728515625,train
hls_california\HLS.S30.T10TEK.2021092T185921.v2.0_EVI_cropped.tif,1835,1285,43.21478271484375,train
hls_california\HLS.S30.T10TEK.2021092T185921.v2.0_EVI_cropped.tif,1836,1287,39.96022033691406,train
hls_california\HLS.S30.T10TEK.2021092T185921.v2.0_EVI_cropped.tif,1837,1288,37.367881774902344,train
hls_california\HLS.S30.T10TEK.2021092T185921.v2.0_EVI_cropped.tif,1838,1290,27.690006256103516,train
hls_california\HLS.S30.T10TEK.2021092T185921.v2.0_EVI_cropped.tif,1840,1291,21.547096252441406,train
hls_california\HLS.S30.T10TEK.2021092T185921.v2.0_EVI_cropped.tif,1841,1293,39.10811233520508,train
hls_california\HLS.S30.T10TEK.2021092T185921.v2.0_EVI_cropped.tif,1842,1294,97.41028594970703,train
hls_california\HLS.S30.T10TEK.2021092T185921.v2.0_EVI_cropped.tif,1843,1296,79.14067840576172,train
hls_california\HLS.S30.T10TEK.2021092T185921.v2.0_EVI_cropped.tif,1844,1297,102.45265197753906,train
hls_california\HLS.S30.T10TEK.2021092T185921.v2.0_EVI_cropped.tif,1845,1299,24.565345764160156,train
hls_california\HLS.S30.T10TEK.2021092T185921.v2.0_EVI_cropped.tif,1847,1300,15.000415802001953,train
hls_california\HLS.S30.T10TEK.2021092T185921.v2.0_EVI_cropped.tif,1849,1304,29.70107650756836,train
hls_california\HLS.S30.T10TEK.2021092T185921.v2.0_EVI_cropped.tif,1850,1305,35.238887786865234,train
hls_california\HLS.S30.T10TEK.2021092T185921.v2.0_EVI_cropped.tif,1851,1307,22.929479598999023,train
hls_california\HLS.S30.T10TEK.2021092T185921.v2.0_EVI_cropped.tif,1852,1308,18.160900115966797,train
hls_california\HLS.S30.T10TEK.2021092T185921.v2.0_EVI_cropped.tif,1853,1310,16.650571823120117,train
hls_california\HLS.S30.T10TEK.2021092T185921.v2.0_EVI_cropped.tif,1855,1311,77.77692413330078,train
hls_california\HLS.S30.T10TEK.2021092T185921.v2.0_EVI_cropped.tif,1856,1313,-9999.0,train
hls_california\HLS.S30.T10TEK.2021092T185921.v2.0_EVI_cropped.tif,1857,1314,112.09823608398438,train
hls_california\HLS.S30.T10TEK.2021092T185921.v2.0_EVI_cropped.tif,1858,1316,116.9426498413086,train
hls_california\HLS.S30.T10TEK.2021092T185921.v2.0_EVI_cropped.tif,1859,1317,45.51935958862305,train
hls_california\HLS.S30.T10TEK.2021092T185921.v2.0_EVI_cropped.tif,1860,1319,16.491914749145508,train
hls_california\HLS.S30.T10TEK.2021092T185921.v2.0_EVI_cropped.tif,1862,1320,73.80732727050781,train
hls_california\HLS.S30.T10TEK.2021092T185921.v2.0_EVI_cropped.tif,1863,1322,17.15904426574707,train
hls_california\HLS.S30.T10TEK.2021092T185921.v2.0_EVI_cropped.tif,1864,1323,40.82905197143555,train
hls_california\HLS.S30.T10TEK.2021092T185921.v2.0_EVI_cropped.tif,1865,1325,31.94669532775879,train
hls_california\HLS.S30.T10TEK.2021092T185921.v2.0_EVI_cropped.tif,1866,1326,36.30021286010742,train
hls_california\HLS.S30.T10TEK.2021092T185921.v2.0_EVI_cropped.tif,1867,1328,30.419340133666992,train
hls_california\HLS.S30.T10TEK.2021092T185921.v2.0_EVI_cropped.tif,1869,1329,124.49695587158203,train
hls_california\HLS.S30.T10TEK.2021092T185921.v2.0_EVI_cropped.tif,1870,1331,99.64603424072266,train
hls_california\HLS.S30.T10TEK.2021092T185921.v2.0_EVI_cropped.tif,1871,1332,60.64741134643555,train
hls_california\HLS.S30.T10TEK.2021092T185921.v2.0_EVI_cropped.tif,1872,1334,45.627113342285156,train
hls_california\HLS.S30.T10TEK.2021092T185921.v2.0_EVI_cropped.tif,1873,1335,32.387535095214844,train
hls_california\HLS.S30.T10TEK.2021092T185921.v2.0_EVI_cropped.tif,1874,1337,-9999.0,train
hls_california\HLS.S30.T10TEK.2021092T185921.v2.0_EVI_cropped.tif,1875,1338,89.24713897705078,train
hls_california\HLS.S30.T10TEK.2021092T185921.v2.0_EVI_cropped.tif,1877,1340,30.90500259399414,train
hls_california\HLS.S30.T10TEK.2021092T185921.v2.0_EVI_cropped.tif,1878,1341,71.98001861572266,train
hls_california\HLS.S30.T10TEK.2021092T185921.v2.0_EVI_cropped.tif,1879,1343,19.95073699951172,train
hls_california\HLS.S30.T10TEK.2021092T185921.v2.0_EVI_cropped.tif,1880,1344,42.144691467285156,train
hls_california\HLS.S30.T10TEK.2021092T185921.v2.0_EVI_cropped.tif,1881,1346,-9999.0,train
hls_california\HLS.S30.T10TEK.2021092T185921.v2.0_EVI_cropped.tif,1882,1347,18.250301361083984,train
hls_california\HLS.S30.T10TEK.2021092T185921.v2.0_EVI_cropped.tif,1884,1349,25.351633071899414,train
hls_california\HLS.S30.T10TEK.2021092T185921.v2.0_EVI_cropped.tif,1885,1350,18.42058563232422,train
hls_california\HLS.S30.T10TEK.2021092T185921.v2.0_EVI_cropped.tif,1886,1352,75.75315856933594,train
hls_california\HLS.S30.T10TEK.2021092T185921.v2.0_EVI_cropped.tif,1887,1353,23.78792953491211,train
hls_california\HLS.S30.T10TEK.2021092T185921.v2.0_EVI_cropped.tif,1888,1355,21.525283813476562,train
hls_california\HLS.S30.T10TEK.2021092T185921.v2.0_EVI_cropped.tif,1889,1357,28.998537063598633,train
hls_california\HLS.S30.T10TEK.2021092T185921.v2.0_EVI_cropped.tif,1890,1358,-9999.0,train
hls_california\HLS.S30.T10TEK.2021092T185921.v2.0_EVI_cropped.tif,1892,1360,21.843582153320312,train
hls_california\HLS.S30.T10TEK.2021092T185921.v2.0_EVI_cropped.tif,1893,1361,102.7086181640625,train
hls_california\HLS.S30.T10TEK.2021092T185921.v2.0_EVI_cropped.tif,1894,1363,27.015647888183594,train
hls_california\HLS.S30.T10TEK.2021092T185921.v2.0_EVI_cropped.tif,1895,1364,26.694408416748047,train
hls_california\HLS.S30.T10TEK.2021092T185921.v2.0_EVI_cropped.tif,1896,1366,32.963470458984375,train
hls_california\HLS.S30.T10TEK.2021092T185921.v2.0_EVI_cropped.tif,1897,1367,37.369808197021484,train
hls_california\HLS.S30.T10TEK.2021092T185921.v2.0_EVI_cropped.tif,1899,1369,37.80440139770508,train
hls_california\HLS.S30.T10TEK.2021092T185921.v2.0_EVI_cropped.tif,1900,1370,69.46961975097656,train
hls_california\HLS.S30.T10TEK.2021092T185921.v2.0_EVI_cropped.tif,1901,1372,19.361980438232422,train
hls_california\HLS.S30.T10TEK.2021092T185921.v2.0_EVI_cropped.tif,1902,1373,17.167837142944336,train
hls_california\HLS.S30.T10TEK.2021092T185921.v2.0_EVI_cropped.tif,1903,1375,47.7003173828125,train
hls_california\HLS.S30.T10TEK.2021092T185921.v2.0_EVI_cropped.tif,1904,1376,44.15824508666992,train
hls_california\HLS.S30.T10TEK.2021092T185921.v2.0_EVI_cropped.tif,1906,1378,19.19245719909668,train
hls_california\HLS.S30.T10TEK.2021092T185921.v2.0_EVI_cropped.tif,1907,1379,15.44668960571289,train
hls_california\HLS.S30.T10TEK.2021092T185921.v2.0_EVI_cropped.tif,1908,1381,14.578969955444336,train
hls_california\HLS.S30.T10TEK.2021092T185921.v2.0_EVI_cropped.tif,1909,1382,61.018531799316406,train
hls_california\HLS.S30.T10TEK.2021092T185921.v2.0_EVI_cropped.tif,1910,1384,-9999.0,train
hls_california\HLS.S30.T10TEK.2021092T185921.v2.0_EVI_cropped.tif,1911,1385,22.180652618408203,train
hls_california\HLS.S30.T10TEK.2021092T185921.v2.0_EVI_cropped.tif,1912,1387,18.15337562561035,train
hls_california\HLS.S30.T10TEK.2021092T185921.v2.0_EVI_cropped.tif,1914,1388,61.5268440246582,train
hls_california\HLS.S30.T10TEK.2021092T185921.v2.0_EVI_cropped.tif,1915,1390,31.186126708984375,train
hls_california\HLS.S30.T10TEK.2021092T185921.v2.0_EVI_cropped.tif,1916,1391,27.059024810791016,train
hls_california\HLS.S30.T10TEK.2021092T185921.v2.0_EVI_cropped.tif,1917,1393,52.70664978027344,train
hls_california\HLS.S30.T10TEK.2021092T185921.v2.0_EVI_cropped.tif,1918,1394,24.110553741455078,train
hls_california\HLS.S30.T10TEK.2021092T185921.v2.0_EVI_cropped.tif,1919,1396,23.313081741333008,train
hls_california\HLS.S30.T10TEK.2021092T185921.v2.0_EVI_cropped.tif,1921,1397,16.71510887145996,train
hls_california\HLS.S30.T10TEK.2021092T185921.v2.0_EVI_cropped.tif,1922,1399,-9999.0,train
hls_california\HLS.S30.T10TEK.2021092T185921.v2.0_EVI_cropped.tif,1923,1400,32.76072692871094,train
hls_california\HLS.S30.T10TEK.2021092T185921.v2.0_EVI_cropped.tif,1924,1402,-9999.0,train
hls_california\HLS.S30.T10TEK.2021092T185921.v2.0_EVI_cropped.tif,1925,1404,39.27650833129883,train
hls_california\HLS.S30.T10TEK.2021092T185921.v2.0_EVI_cropped.tif,1926,1405,42.62770080566406,train
hls_california\HLS.S30.T10TEK.2021092T185921.v2.0_EVI_cropped.tif,1927,1407,-9999.0,train
hls_california\HLS.S30.T10TEK.2021092T185921.v2.0_EVI_cropped.tif,1929,1408,20.796619415283203,train
hls_california\HLS.S30.T10TEK.2021092T185921.v2.0_EVI_cropped.tif,1930,1410,29.519428253173828,train
hls_california\HLS.S30.T10TEK.2021092T185921.v2.0_EVI_cropped.tif,1931,1411,18.511795043945312,train
hls_california\HLS.S30.T10TEK.2021092T185921.v2.0_EVI_cropped.tif,1932,1413,73.8746337890625,train
hls_california\HLS.S30.T10TEK.2021092T185921.v2.0_EVI_cropped.tif,1933,1414,31.26987075805664,train
hls_california\HLS.S30.T10TEK.2021092T185921.v2.0_EVI_cropped.tif,1934,1416,27.540151596069336,train
hls_california\HLS.S30.T10TEK.2021092T185921.v2.0_EVI_cropped.tif,1980,1475,32.79603576660156,train
hls_california\HLS.S30.T10TEK.2021092T185921.v2.0_EVI_cropped.tif,1981,1476,24.69430923461914,train
hls_california\HLS.S30.T10TEK.2021092T185921.v2.0_EVI_cropped.tif,2099,1631,-9999.0,train
hls_california\HLS.S30.T10TEK.2021092T185921.v2.0_EVI_cropped.tif,2100,1632,40.87092590332031,train
hls_california\HLS.S30.T10TEK.2021092T185921.v2.0_EVI_cropped.tif,2101,1634,22.552160263061523,train
hls_california\HLS.S30.T10TEK.2021092T185921.v2.0_EVI_cropped.tif,2102,1635,52.94044876098633,train
hls_california\HLS.S30.T10TEK.2021092T185921.v2.0_EVI_cropped.tif,2103,1637,69.62662506103516,train
hls_california\HLS.S30.T10TEK.2021092T185921.v2.0_EVI_cropped.tif,2104,1638,21.661420822143555,train
hls_california\HLS.S30.T10TEK.2021092T185921.v2.0_EVI_cropped.tif,2105,1640,3.899082899093628,train
hls_california\HLS.S30.T10TEK.2021092T185921.v2.0_EVI_cropped.tif,2107,1641,5.244015216827393,train
hls_california\HLS.S30.T10TEK.2021092T185921.v2.0_EVI_cropped.tif,2108,1643,35.918766021728516,train
hls_california\HLS.S30.T10TEK.2021092T185921.v2.0_EVI_cropped.tif,2109,1644,1.887864589691162,train
hls_california\HLS.S30.T10TEK.2021092T185921.v2.0_EVI_cropped.tif,2110,1646,2.378323554992676,train
hls_california\HLS.S30.T10TEK.2021092T185921.v2.0_EVI_cropped.tif,2111,1647,5.482156753540039,train
hls_california\HLS.S30.T10TEK.2021092T185921.v2.0_EVI_cropped.tif,2112,1649,7.156403541564941,train
hls_california\HLS.S30.T10TEK.2021092T185921.v2.0_EVI_cropped.tif,2114,1650,-9999.0,train
hls_california\HLS.S30.T10TEK.2021092T185921.v2.0_EVI_cropped.tif,2115,1652,5.126894950866699,train
hls_california\HLS.S30.T10TEK.2021092T185921.v2.0_EVI_cropped.tif,2116,1653,4.210343837738037,train
hls_california\HLS.S30.T10TEK.2021092T185921.v2.0_EVI_cropped.tif,2117,1655,-9999.0,train
hls_california\HLS.S30.T10TEK.2021092T185921.v2.0_EVI_cropped.tif,2118,1656,4.699281215667725,train
hls_california\HLS.S30.T10TEK.2021092T185921.v2.0_EVI_cropped.tif,2119,1658,2.772066354751587,train
hls_california\HLS.S30.T10TEK.2021092T185921.v2.0_EVI_cropped.tif,2121,1659,73.8952407836914,train
hls_california\HLS.S30.T10TEK.2021092T185921.v2.0_EVI_cropped.tif,2122,1661,55.6791877746582,train
hls_california\HLS.S30.T10TEK.2021092T185921.v2.0_EVI_cropped.tif,2123,1662,146.7390899658203,train
hls_california\HLS.S30.T10TEK.2021092T185921.v2.0_EVI_cropped.tif,2124,1664,2.6866989135742188,train
hls_california\HLS.S30.T10TEK.2021092T185921.v2.0_EVI_cropped.tif,2125,1665,3.722954511642456,train
hls_california\HLS.S30.T10TEK.2021092T185921.v2.0_EVI_cropped.tif,2126,1667,2.299227714538574,train
hls_california\HLS.S30.T10TEK.2021092T185921.v2.0_EVI_cropped.tif,2127,1669,2.1639935970306396,train
hls_california\HLS.S30.T10TEK.2021092T185921.v2.0_EVI_cropped.tif,2129,1670,1.7482229471206665,train
hls_california\HLS.S30.T10TEK.2021092T185921.v2.0_EVI_cropped.tif,2130,1672,7.019861698150635,train
hls_california\HLS.S30.T10TEK.2021092T185921.v2.0_EVI_cropped.tif,2131,1673,2.0144054889678955,train
hls_california\HLS.S30.T10TEK.2021092T185921.v2.0_EVI_cropped.tif,2132,1675,3.1039299964904785,train
hls_california\HLS.S30.T10TEK.2021092T185921.v2.0_EVI_cropped.tif,2133,1676,4.397345066070557,train
hls_california\HLS.S30.T10TEK.2021092T185921.v2.0_EVI_cropped.tif,2134,1678,5.572798252105713,train
hls_california\HLS.S30.T10TEK.2021092T185921.v2.0_EVI_cropped.tif,2136,1679,3.5508384704589844,train
hls_california\HLS.S30.T10TEK.2021092T185921.v2.0_EVI_cropped.tif,2137,1681,4.505998134613037,train
hls_california\HLS.S30.T10TEK.2021092T185921.v2.0_EVI_cropped.tif,2138,1682,3.265131950378418,train
hls_california\HLS.S30.T10TEK.2021092T185921.v2.0_EVI_cropped.tif,2139,1684,6.784017086029053,train
hls_california\HLS.S30.T10TEK.2021092T185921.v2.0_EVI_cropped.tif,2140,1685,4.615955829620361,train
hls_california\HLS.S30.T10TEK.2021092T185921.v2.0_EVI_cropped.tif,2141,1687,2.0885369777679443,train
hls_california\HLS.S30.T10TEK.2021092T185921.v2.0_EVI_cropped.tif,2143,1688,1.6303950548171997,train
hls_california\HLS.S30.T10TEK.2021092T185921.v2.0_EVI_cropped.tif,2144,1690,2.299227714538574,train
hls_california\HLS.S30.T10TEK.2021092T185921.v2.0_EVI_cropped.tif,2145,1691,8.368968963623047,train
hls_california\HLS.S30.T10TEK.2021092T185921.v2.0_EVI_cropped.tif,2146,1693,1.8173799514770508,train
hls_california\HLS.S30.T10TEK.2021092T185921.v2.0_EVI_cropped.tif,2147,1694,7.156403541564941,train
hls_california\HLS.S30.T10TEK.2021092T185921.v2.0_EVI_cropped.tif,2148,1696,1.331116795539856,train
hls_california\HLS.S30.T10TEK.2021092T185921.v2.0_EVI_cropped.tif,2149,1697,4.210343837738037,train
hls_california\HLS.S30.T10TEK.2021092T185921.v2.0_EVI_cropped.tif,2151,1699,5.572798252105713,train
hls_california\HLS.S30.T10TEK.2021092T185921.v2.0_EVI_cropped.tif,2152,1700,5.482156753540039,train
hls_california\HLS.S30.T10TEK.2021092T185921.v2.0_EVI_cropped.tif,2153,1702,3.5508384704589844,train
hls_california\HLS.S30.T10TEK.2021092T185921.v2.0_EVI_cropped.tif,2154,1703,2.6866989135742188,train
hls_california\HLS.S30.T10TEK.2021092T185921.v2.0_EVI_cropped.tif,2155,1705,2.858752727508545,train
hls_california\HLS.S30.T10TEK.2021092T185921.v2.0_EVI_cropped.tif,2156,1706,2.6866989135742188,train
hls_california\HLS.S30.T10TEK.2021092T185921.v2.0_EVI_cropped.tif,2158,1708,7.966506481170654,train
hls_california\HLS.S30.T10TEK.2021092T185921.v2.0_EVI_cropped.tif,2159,1709,5.818078994750977,train
hls_california\HLS.S30.T10TEK.2021092T185921.v2.0_EVI_cropped.tif,2160,1711,3.195552349090576,train
hls_california\HLS.S30.T10TEK.2021092T185921.v2.0_EVI_cropped.tif,2161,1712,2.772066354751587,train
hls_california\HLS.S30.T10TEK.2021092T185921.v2.0_EVI_cropped.tif,2162,1714,2.0885369777679443,train
hls_california\HLS.S30.T10TEK.2021092T185921.v2.0_EVI_cropped.tif,2163,1715,3.013622760772705,train
hls_california\HLS.S30.T10TEK.2021092T185921.v2.0_EVI_cropped.tif,2164,1717,2.299227714538574,train
hls_california\HLS.S30.T10TEK.2021092T185921.v2.0_EVI_cropped.tif,2166,1718,2.9246318340301514,train
hls_california\HLS.S30.T10TEK.2021092T185921.v2.0_EVI_cropped.tif,2167,1720,1.9596763849258423,train
hls_california\HLS.S30.T10TEK.2021092T185921.v2.0_EVI_cropped.tif,2168,1722,2.0144054889678955,train
hls_california\HLS.S30.T10TEK.2021092T185921.v2.0_EVI_cropped.tif,2169,1723,3.4542903900146484,train
hls_california\HLS.S30.T10TEK.2021092T185921.v2.0_EVI_cropped.tif,2170,1725,1.697226881980896,train
hls_california\HLS.S30.T10TEK.2021092T185921.v2.0_EVI_cropped.tif,2171,1726,3.6241109371185303,train
hls_california\HLS.S30.T10TEK.2021092T185921.v2.0_EVI_cropped.tif,2173,1728,3.4542903900146484,train
hls_california\HLS.S30.T10TEK.2021092T185921.v2.0_EVI_cropped.tif,2174,1729,2.772066354751587,train
hls_california\HLS.S30.T10TEK.2021092T185921.v2.0_EVI_cropped.tif,2175,1731,1.2284363508224487,train
hls_california\HLS.S30.T10TEK.2021092T185921.v2.0_EVI_cropped.tif,2176,1732,2.299227714538574,train
hls_california\HLS.S30.T10TEK.2021092T185921.v2.0_EVI_cropped.tif,2177,1734,1.6303950548171997,train
hls_california\HLS.S30.T10TEK.2021092T185921.v2.0_EVI_cropped.tif,2178,1735,1.2719420194625854,train
hls_california\HLS.S30.T10TEK.2021092T185921.v2.0_EVI_cropped.tif,2180,1737,2.378323554992676,train
hls_california\HLS.S30.T10TEK.2021092T185921.v2.0_EVI_cropped.tif,2181,1738,1.887864589691162,train
hls_california\HLS.S30.T10TEK.2021092T185921.v2.0_EVI_cropped.tif,2182,1740,1.331116795539856,train
hls_california\HLS.S30.T10TEK.2021092T185921.v2.0_EVI_cropped.tif,2183,1741,8.368968963623047,train
hls_california\HLS.S30.T10TEK.2021092T185921.v2.0_EVI_cropped.tif,2184,1743,3.195552349090576,train
hls_california\HLS.S30.T10TEK.2021092T185921.v2.0_EVI_cropped.tif,2185,1744,8.933408737182617,train
hls_california\HLS.S30.T10TEK.2021092T185921.v2.0_EVI_cropped.tif,2186,1746,2.240774393081665,train
hls_california\HLS.S30.T10TEK.2021092T185921.v2.0_EVI_cropped.tif,2188,1747,2.1639935970306396,train
hls_california\HLS.S30.T10TEK.2021092T185921.v2.0_EVI_cropped.tif,2189,1749,2.1639935970306396,train
hls_california\HLS.S30.T10TEK.2021092T185921.v2.0_EVI_cropped.tif,2190,1750,3.722954511642456,train
hls_california\HLS.S30.T10TEK.2021092T185921.v2.0_EVI_cropped.tif,2191,1752,1.887864589691162,train
hls_california\HLS.S30.T10TEK.2021092T185921.v2.0_EVI_cropped.tif,2192,1753,6.291952610015869,train
hls_california\HLS.S30.T10TEK.2021092T185921.v2.0_EVI_cropped.tif,2193,1755,1.697226881980896,train
hls_california\HLS.S30.T10TEK.2021092T185921.v2.0_EVI_cropped.tif,2195,1756,2.9246318340301514,train
hls_california\HLS.S30.T10TEK.2021092T185921.v2.0_EVI_cropped.tif,2196,1758,5.039907932281494,train
hls_california\HLS.S30.T10TEK.2021092T185921.v2.0_EVI_cropped.tif,2197,1759,-9999.0,train
hls_california\HLS.S30.T10TEK.2021092T185921.v2.0_EVI_cropped.tif,2198,1761,2.299227714538574,train
hls_california\HLS.S30.T10TEK.2021092T185921.v2.0_EVI_cropped.tif,2199,1762,2.0144054889678955,train
hls_california\HLS.S30.T10TEK.2021092T185921.v2.0_EVI_cropped.tif,2200,1764,2.0144054889678955,train
hls_california\HLS.S30.T10TEK.2021092T185921.v2.0_EVI_cropped.tif,2201,1765,2.5404794216156006,train
hls_california\HLS.S30.T10TEK.2021092T185921.v2.0_EVI_cropped.tif,2203,1767,1.5007215738296509,train
hls_california\HLS.S30.T10TEK.2021092T185921.v2.0_EVI_cropped.tif,2204,1768,11.848655700683594,train
hls_california\HLS.S30.T10TEK.2021092T185921.v2.0_EVI_cropped.tif,2205,1770,4.811521530151367,train
hls_california\HLS.S30.T10TEK.2021092T185921.v2.0_EVI_cropped.tif,2206,1771,1.7482229471206665,train
hls_california\HLS.S30.T10TEK.2021092T185921.v2.0_EVI_cropped.tif,2207,1773,2.0144054889678955,train
hls_california\HLS.S30.T10TEK.2021092T185921.v2.0_EVI_cropped.tif,2208,1775,2.0144054889678955,train
hls_california\HLS.S30.T10TEK.2021092T185921.v2.0_EVI_cropped.tif,2210,1776,3.3590548038482666,train
hls_california\HLS.S30.T10TEK.2021092T185921.v2.0_EVI_cropped.tif,2211,1778,2.6866989135742188,train
hls_california\HLS.S30.T10TEK.2021092T185921.v2.0_EVI_cropped.tif,2212,1779,1.7482229471206665,train
hls_california\HLS.S30.T10TEK.2021092T185921.v2.0_EVI_cropped.tif,2213,1781,2.240774393081665,train
hls_california\HLS.S30.T10TEK.2021092T185921.v2.0_EVI_cropped.tif,2214,1782,2.0885369777679443,train
hls_california\HLS.S30.T10TEK.2021092T185921.v2.0_EVI_cropped.tif,2215,1784,1.8173799514770508,train
hls_california\HLS.S30.T10TEK.2021092T185921.v2.0_EVI_cropped.tif,2216,1785,2.772066354751587,train
hls_california\HLS.S30.T10TEK.2021092T185921.v2.0_EVI_cropped.tif,2218,1787,2.1639935970306396,train
hls_california\HLS.S30.T10TEK.2021092T185921.v2.0_EVI_cropped.tif,2219,1788,2.6866989135742188,train
hls_california\HLS.S30.T10TEK.2021092T185921.v2.0_EVI_cropped.tif,2220,1790,1.5007215738296509,train
hls_california\HLS.S30.T10TEK.2021092T185921.v2.0_EVI_cropped.tif,2221,1791,1.5648930072784424,train
hls_california\HLS.S30.T10TEK.2021092T185921.v2.0_EVI_cropped.tif,2222,1793,2.858752727508545,train
hls_california\HLS.S30.T10TEK.2021092T185921.v2.0_EVI_cropped.tif,2223,1794,1.6303950548171997,train
hls_california\HLS.S30.T10TEK.2021092T185921.v2.0_EVI_cropped.tif,2225,1796,1.7482229471206665,train
hls_california\HLS.S30.T10TEK.2021092T185921.v2.0_EVI_cropped.tif,2226,1797,2.0885369777679443,train
hls_california\HLS.S30.T10TEK.2021092T185921.v2.0_EVI_cropped.tif,2227,1799,1.331116795539856,train
hls_california\HLS.S30.T10TEK.2021092T185921.v2.0_EVI_cropped.tif,2228,1800,1.2719420194625854,train
hls_california\HLS.S30.T10TEK.2021092T185921.v2.0_EVI_cropped.tif,2229,1802,1.8173799514770508,train
hls_california\HLS.S30.T10TEK.2021092T185921.v2.0_EVI_cropped.tif,2230,1803,3.1039299964904785,train
hls_california\HLS.S30.T10TEK.2021092T185921.v2.0_EVI_cropped.tif,2232,1805,1.6303950548171997,train
hls_california\HLS.S30.T10TEK.2021092T185921.v2.0_EVI_cropped.tif,2233,1806,-9999.0,train
hls_california\HLS.S30.T10TEK.2021092T185921.v2.0_EVI_cropped.tif,2234,1808,1.2284363508224487,train
hls_california\HLS.S30.T10TEK.2021092T185921.v2.0_EVI_cropped.tif,2235,1809,1.5648930072784424,train
hls_california\HLS.S30.T10TEK.2021092T185921.v2.0_EVI_cropped.tif,2236,1811,2.9246318340301514,train
hls_california\HLS.S30.T10TEK.2021092T185921.v2.0_EVI_cropped.tif,2237,1812,-9999.0,train
hls_california\HLS.S30.T10TEK.2021092T185921.v2.0_EVI_cropped.tif,2238,1814,1.331116795539856,train
hls_california\HLS.S30.T10TEK.2021092T185921.v2.0_EVI_cropped.tif,2240,1815,1.3916254043579102,train
hls_california\HLS.S30.T10TEK.2021092T185921.v2.0_EVI_cropped.tif,2241,1817,1.331116795539856,train
hls_california\HLS.S30.T10TEK.2021092T185921.v2.0_EVI_cropped.tif,2242,1818,2.4587409496307373,train
hls_california\HLS.S30.T10TEK.2021092T185921.v2.0_EVI_cropped.tif,2243,1820,-9999.0,train
hls_california\HLS.S30.T10TEK.2021092T185921.v2.0_EVI_cropped.tif,2244,1821,1.5007215738296509,train
hls_california\HLS.S30.T10TEK.2021092T185921.v2.0_EVI_cropped.tif,2245,1823,1.331116795539856,train
hls_california\HLS.S30.T10TEK.2021092T185921.v2.0_EVI_cropped.tif,2247,1824,1.3916254043579102,train
hls_california\HLS.S30.T10TEK.2021092T185921.v2.0_EVI_cropped.tif,2248,1826,1.697226881980896,train
hls_california\HLS.S30.T10TEK.2021092T185921.v2.0_EVI_cropped.tif,2249,1827,2.772066354751587,train
hls_california\HLS.S30.T10TEK.2021092T185921.v2.0_EVI_cropped.tif,2250,1829,1.331116795539856,train
hls_california\HLS.S30.T10TEK.2021092T185921.v2.0_EVI_cropped.tif,2251,1831,3.6241109371185303,train
hls_california\HLS.S30.T10TEK.2021092T185921.v2.0_EVI_cropped.tif,2252,1832,2.6026499271392822,train
hls_california\HLS.S30.T10TEK.2021092T185921.v2.0_EVI_cropped.tif,2253,1834,3.924572229385376,train
hls_california\HLS.S30.T10TEK.2021092T185921.v2.0_EVI_cropped.tif,2255,1835,4.210343837738037,train
hls_california\HLS.S30.T10TEK.2021092T185921.v2.0_EVI_cropped.tif,2256,1837,4.505998134613037,train
hls_california\HLS.S30.T10TEK.2021092T185921.v2.0_EVI_cropped.tif,2257,1838,3.4542903900146484,train
hls_california\HLS.S30.T10TEK.2021092T185921.v2.0_EVI_cropped.tif,2258,1840,2.240774393081665,train
hls_california\HLS.S30.T10TEK.2021092T185921.v2.0_EVI_cropped.tif,2259,1841,9.202975273132324,train
hls_california\HLS.S30.T10TEK.2021092T185921.v2.0_EVI_cropped.tif,2260,1843,3.823108196258545,train
hls_california\HLS.S30.T10TEK.2021092T185921.v2.0_EVI_cropped.tif,2262,1844,1.331116795539856,train
hls_california\HLS.S30.T10TEK.2021092T185921.v2.0_EVI_cropped.tif,2263,1846,1.697226881980896,train
hls_california\HLS.S30.T10TEK.2021092T185921.v2.0_EVI_cropped.tif,2264,1847,-9999.0,train
hls_california\HLS.S30.T10TEK.2021092T185921.v2.0_EVI_cropped.tif,2265,1849,1.9596763849258423,train
hls_california\HLS.S30.T10TEK.2021092T185921.v2.0_EVI_cropped.tif,2266,1850,12.515764236450195,train
hls_california\HLS.S30.T10TEK.2021092T185921.v2.0_EVI_cropped.tif,2267,1852,2.858752727508545,train
hls_california\HLS.S30.T10TEK.2021092T185921.v2.0_EVI_cropped.tif,2269,1853,2.6026499271392822,train
hls_california\HLS.S30.T10TEK.2021092T185921.v2.0_EVI_cropped.tif,2270,1855,3.265131950378418,train
hls_california\HLS.S30.T10TEK.2021092T185921.v2.0_EVI_cropped.tif,2271,1856,2.772066354751587,train
hls_california\HLS.S30.T10TEK.2021092T185921.v2.0_EVI_cropped.tif,2272,1858,4.210343837738037,train
hls_california\HLS.S30.T10TEK.2021092T185921.v2.0_EVI_cropped.tif,2273,1859,2.5404794216156006,train
hls_california\HLS.S30.T10TEK.2021092T185921.v2.0_EVI_cropped.tif,2274,1861,2.5404794216156006,train
hls_california\HLS.S30.T10TEK.2021092T185921.v2.0_EVI_cropped.tif,2276,1862,-9999.0,train
hls_california\HLS.S30.T10TEK.2021092T185921.v2.0_EVI_cropped.tif,2277,1864,7.679906368255615,train
hls_california\HLS.S30.T10TEK.2021092T185921.v2.0_EVI_cropped.tif,2278,1865,5.126894950866699,train
hls_california\HLS.S30.T10TEK.2021092T185921.v2.0_EVI_cropped.tif,2279,1867,3.3590548038482666,train
hls_california\HLS.S30.T10TEK.2021092T185921.v2.0_EVI_cropped.tif,2280,1868,3.722954511642456,train
hls_california\HLS.S30.T10TEK.2021092T185921.v2.0_EVI_cropped.tif,2281,1870,3.924572229385376,train
hls_california\HLS.S30.T10TEK.2021092T185921.v2.0_EVI_cropped.tif,2282,1871,1.3916254043579102,train
hls_california\HLS.S30.T10TEK.2021092T185921.v2.0_EVI_cropped.tif,2284,1873,1.9596763849258423,train
hls_california\HLS.S30.T10TEK.2021092T185921.v2.0_EVI_cropped.tif,2285,1874,3.823108196258545,train
hls_california\HLS.S30.T10TEK.2021092T185921.v2.0_EVI_cropped.tif,2286,1876,-9999.0,train
hls_california\HLS.S30.T10TEK.2021092T185921.v2.0_EVI_cropped.tif,2287,1877,1.3916254043579102,train
hls_california\HLS.S30.T10TEK.2021092T185921.v2.0_EVI_cropped.tif,2288,1879,-9999.0,train
hls_california\HLS.S30.T10TEK.2021092T185921.v2.0_EVI_cropped.tif,2289,1880,11.673766136169434,train
hls_california\HLS.S30.T10TEK.2021092T185921.v2.0_EVI_cropped.tif,2291,1882,1.5007215738296509,train
hls_california\HLS.S30.T10TEK.2021092T185921.v2.0_EVI_cropped.tif,2292,1883,2.4587409496307373,train
hls_california\HLS.S30.T10TEK.2021092T185921.v2.0_EVI_cropped.tif,2293,1885,2.0144054889678955,train
hls_california\HLS.S30.T10TEK.2021092T185921.v2.0_EVI_cropped.tif,2294,1887,1.5648930072784424,train
hls_california\HLS.S30.T10TEK.2021092T185921.v2.0_EVI_cropped.tif,2295,1888,59.90961837768555,train
hls_california\HLS.S30.T10TEK.2021092T185921.v2.0_EVI_cropped.tif,2296,1890,52.670169830322266,train
hls_california\HLS.S30.T10TEK.2021092T185921.v2.0_EVI_cropped.tif,2298,1891,2.0144054889678955,train
hls_california\HLS.S30.T10TEK.2021092T185921.v2.0_EVI_cropped.tif,2299,1893,1.171596646308899,train
hls_california\HLS.S30.T10TEK.2021092T185921.v2.0_EVI_cropped.tif,2300,1894,5.362436294555664,train
hls_california\HLS.S30.T10TEK.2021092T185921.v2.0_EVI_cropped.tif,2301,1896,1.171596646308899,train
hls_california\HLS.S30.T10TEK.2021092T185921.v2.0_EVI_cropped.tif,2302,1897,-9999.0,train
hls_california\HLS.S30.T10TEK.2021092T185921.v2.0_EVI_cropped.tif,2303,1899,3.1039299964904785,train
hls_california\HLS.S30.T10TEK.2021092T185921.v2.0_EVI_cropped.tif,2304,1900,1.331116795539856,train
hls_california\HLS.S30.T10TEK.2021092T185921.v2.0_EVI_cropped.tif,2306,1902,1.0221772193908691,train
hls_california\HLS.S30.T10TEK.2021092T185921.v2.0_EVI_cropped.tif,2307,1903,-9999.0,train
hls_california\HLS.S30.T10TEK.2021092T185921.v2.0_EVI_cropped.tif,2308,1905,1.0221772193908691,train
hls_california\HLS.S30.T10TEK.2021092T185921.v2.0_EVI_cropped.tif,2309,1906,1.331116795539856,train
hls_california\HLS.S30.T10TEK.2021092T185921.v2.0_EVI_cropped.tif,2310,1908,1.0619252920150757,train
hls_california\HLS.S30.T10TEK.2021092T185921.v2.0_EVI_cropped.tif,2311,1909,1.0619252920150757,train
hls_california\HLS.S30.T10TEK.2021092T185921.v2.0_EVI_cropped.tif,2313,1911,1.1160929203033447,train
hls_california\HLS.S30.T10TEK.2021092T185921.v2.0_EVI_cropped.tif,2314,1912,1.171596646308899,train
hls_california\HLS.S30.T10TEK.2021092T185921.v2.0_EVI_cropped.tif,2315,1914,1.2284363508224487,train
hls_california\HLS.S30.T10TEK.2021092T185921.v2.0_EVI_cropped.tif,2316,1915,1.171596646308899,train
hls_california\HLS.S30.T10TEK.2021092T185921.v2.0_EVI_cropped.tif,2317,1917,1.171596646308899,train
hls_california\HLS.S30.T10TEK.2021092T185921.v2.0_EVI_cropped.tif,2318,1918,1.2719420194625854,train
hls_california\HLS.S30.T10TEK.2021092T185921.v2.0_EVI_cropped.tif,2319,1920,1.5007215738296509,train
hls_california\HLS.S30.T10TEK.2021092T185921.v2.0_EVI_cropped.tif,2321,1921,1.2719420194625854,train
hls_california\HLS.S30.T10TEK.2021092T185921.v2.0_EVI_cropped.tif,2322,1923,1.4534664154052734,train
hls_california\HLS.S30.T10TEK.2021092T185921.v2.0_EVI_cropped.tif,2323,1924,1.3916254043579102,train
hls_california\HLS.S30.T10TEK.2021092T185921.v2.0_EVI_cropped.tif,2324,1926,2.6026499271392822,train
hls_california\HLS.S30.T10TEK.2021092T185921.v2.0_EVI_cropped.tif,2325,1927,1.171596646308899,train
hls_california\HLS.S30.T10TEK.2021092T185921.v2.0_EVI_cropped.tif,2326,1929,1.6303950548171997,train
hls_california\HLS.S30.T10TEK.2021092T185921.v2.0_EVI_cropped.tif,2328,1930,2.240774393081665,train
hls_california\HLS.S30.T10TEK.2021092T185921.v2.0_EVI_cropped.tif,2329,1932,1.3916254043579102,train
hls_california\HLS.S30.T10TEK.2021092T185921.v2.0_EVI_cropped.tif,2330,1933,1.8173799514770508,train
hls_california\HLS.S30.T10TEK.2021092T185921.v2.0_EVI_cropped.tif,2331,1935,-9999.0,train
hls_california\HLS.S30.T10TEK.2021092T185921.v2.0_EVI_cropped.tif,2332,1936,1.331116795539856,train
hls_california\HLS.S30.T10TEK.2021092T185921.v2.0_EVI_cropped.tif,2333,1938,1.0619252920150757,train
hls_california\HLS.S30.T10TEK.2021092T185921.v2.0_EVI_cropped.tif,2334,1939,1.331116795539856,train
hls_california\HLS.S30.T10TEK.2021092T185921.v2.0_EVI_cropped.tif,2336,1941,1.331116795539856,train
hls_california\HLS.S30.T10TEK.2021092T185921.v2.0_EVI_cropped.tif,2337,1943,1.5007215738296509,train
hls_california\HLS.S30.T10TEK.2021092T185921.v2.0_EVI_cropped.tif,2338,1944,2.240774393081665,train
hls_california\HLS.S30.T10TEK.2021092T185921.v2.0_EVI_cropped.tif,2339,1946,1.3916254043579102,train
hls_california\HLS.S30.T10TEK.2021092T185921.v2.0_EVI_cropped.tif,2340,1947,-9999.0,train
hls_california\HLS.S30.T10TEK.2021092T185921.v2.0_EVI_cropped.tif,2341,1949,-9999.0,train
hls_california\HLS.S30.T10TEK.2021092T185921.v2.0_EVI_cropped.tif,2343,1950,5.572798252105713,train
hls_california\HLS.S30.T10TEK.2021092T185921.v2.0_EVI_cropped.tif,2344,1952,2.772066354751587,train
hls_california\HLS.S30.T10TEK.2021092T185921.v2.0_EVI_cropped.tif,2345,1953,2.772066354751587,train
hls_california\HLS.S30.T10TEK.2021092T185921.v2.0_EVI_cropped.tif,2346,1955,1.887864589691162,train
hls_california\HLS.S30.T10TEK.2021092T185921.v2.0_EVI_cropped.tif,2347,1956,2.858752727508545,train
hls_california\HLS.S30.T10TEK.2021092T185921.v2.0_EVI_cropped.tif,2348,1958,2.5404794216156006,train
hls_california\HLS.S30.T10TEK.2021092T185921.v2.0_EVI_cropped.tif,2349,1959,1.887864589691162,train
hls_california\HLS.S30.T10TEK.2021092T185921.v2.0_EVI_cropped.tif,2351,1961,3.5508384704589844,train
hls_california\HLS.S30.T10TEK.2021092T185921.v2.0_EVI_cropped.tif,2352,1962,2.299227714538574,train
hls_california\HLS.S30.T10TEK.2021092T185921.v2.0_EVI_cropped.tif,2353,1964,1.2719420194625854,train
hls_california\HLS.S30.T10TEK.2021092T185921.v2.0_EVI_cropped.tif,2354,1965,1.3916254043579102,train
hls_california\HLS.S30.T10TEK.2021092T185921.v2.0_EVI_cropped.tif,2355,1967,1.5007215738296509,train
hls_california\HLS.S30.T10TEK.2021092T185921.v2.0_EVI_cropped.tif,2356,1968,1.4534664154052734,train
hls_california\HLS.S30.T10TEK.2021092T185921.v2.0_EVI_cropped.tif,2358,1970,2.299227714538574,train
hls_california\HLS.S30.T10TEK.2021092T185921.v2.0_EVI_cropped.tif,2359,1971,3.195552349090576,train
hls_california\HLS.S30.T10TEK.2021092T185921.v2.0_EVI_cropped.tif,2360,1973,1.331116795539856,train
hls_california\HLS.S30.T10TEK.2021092T185921.v2.0_EVI_cropped.tif,2361,1974,1.331116795539856,train
hls_california\HLS.S30.T10TEK.2021092T185921.v2.0_EVI_cropped.tif,2362,1976,2.0144054889678955,train
hls_california\HLS.S30.T10TEK.2021092T185921.v2.0_EVI_cropped.tif,2363,1977,2.9246318340301514,train
hls_california\HLS.S30.T10TEK.2021092T185921.v2.0_EVI_cropped.tif,2364,1979,1.697226881980896,train
hls_california\HLS.S30.T10TEK.2021092T185921.v2.0_EVI_cropped.tif,2366,1980,1.4534664154052734,train
hls_california\HLS.S30.T10TEK.2021092T185921.v2.0_EVI_cropped.tif,2367,1982,-9999.0,train
hls_california\HLS.S30.T10TEK.2021092T185921.v2.0_EVI_cropped.tif,2368,1983,1.171596646308899,train
hls_california\HLS.S30.T10TEK.2021092T185921.v2.0_EVI_cropped.tif,2369,1985,1.1160929203033447,train
hls_california\HLS.S30.T10TEK.2021092T185921.v2.0_EVI_cropped.tif,2370,1987,1.0619252920150757,train
hls_california\HLS.S30.T10TEK.2021092T185921.v2.0_EVI_cropped.tif,2371,1988,1.6303950548171997,train
hls_california\HLS.S30.T10TEK.2021092T185921.v2.0_EVI_cropped.tif,2373,1990,1.171596646308899,train
hls_california\HLS.S30.T10TEK.2021092T185921.v2.0_EVI_cropped.tif,2374,1991,1.171596646308899,train
hls_california\HLS.S30.T10TEK.2021092T185921.v2.0_EVI_cropped.tif,2375,1993,1.4534664154052734,train
hls_california\HLS.S30.T10TEK.2021092T185921.v2.0_EVI_cropped.tif,2376,1994,1.3916254043579102,train
hls_california\HLS.S30.T10TEK.2021092T185921.v2.0_EVI_cropped.tif,2377,1996,1.0221772193908691,train
hls_california\HLS.S30.T10TEK.2021092T185921.v2.0_EVI_cropped.tif,2378,1997,1.331116795539856,train
hls_california\HLS.S30.T10TEK.2021092T185921.v2.0_EVI_cropped.tif,2380,1999,1.3916254043579102,train
hls_california\HLS.S30.T10TEK.2021092T185921.v2.0_EVI_cropped.tif,2381,2000,1.331116795539856,train
hls_california\HLS.S30.T10TEK.2021092T185921.v2.0_EVI_cropped.tif,2382,2002,1.4534664154052734,train
hls_california\HLS.S30.T10TEK.2021092T185921.v2.0_EVI_cropped.tif,2383,2003,1.6303950548171997,train
hls_california\HLS.S30.T10TEK.2021092T185921.v2.0_EVI_cropped.tif,2384,2005,2.0885369777679443,train
hls_california\HLS.S30.T10TEK.2021092T185921.v2.0_EVI_cropped.tif,2385,2006,1.4534664154052734,train
hls_california\HLS.S30.T10TEK.2021092T185921.v2.0_EVI_cropped.tif,2386,2008,1.171596646308899,train
hls_california\HLS.S30.T10TEK.2021092T185921.v2.0_EVI_cropped.tif,2388,2009,1.2719420194625854,train
hls_california\HLS.S30.T10TEK.2021092T185921.v2.0_EVI_cropped.tif,2389,2011,-9999.0,train
hls_california\HLS.S30.T10TEK.2021092T185921.v2.0_EVI_cropped.tif,2390,2012,1.4534664154052734,train
hls_california\HLS.S30.T10TEK.2021092T185921.v2.0_EVI_cropped.tif,2391,2014,1.9596763849258423,train
hls_california\HLS.S30.T10TEK.2021092T185921.v2.0_EVI_cropped.tif,2392,2015,4.001528263092041,train
hls_california\HLS.S30.T10TEK.2021092T185921.v2.0_EVI_cropped.tif,2393,2017,2.9246318340301514,train
hls_california\HLS.S30.T10TEK.2021092T185921.v2.0_EVI_cropped.tif,2395,2018,1.5007215738296509,train
hls_california\HLS.S30.T10TEK.2021092T185921.v2.0_EVI_cropped.tif,2396,2020,1.2284363508224487,train
hls_california\HLS.S30.T10TEK.2021092T185921.v2.0_EVI_cropped.tif,2397,2021,1.2284363508224487,train
hls_california\HLS.S30.T10TEK.2021092T185921.v2.0_EVI_cropped.tif,2398,2023,1.4534664154052734,train
hls_california\HLS.S30.T10TEK.2021092T185921.v2.0_EVI_cropped.tif,2399,2024,1.5007215738296509,train
hls_california\HLS.S30.T10TEK.2021092T185921.v2.0_EVI_cropped.tif,2400,2026,1.2719420194625854,train
hls_california\HLS.S30.T10TEK.2021092T185921.v2.0_EVI_cropped.tif,2401,2027,1.2719420194625854,train
hls_california\HLS.S30.T10TEK.2021092T185921.v2.0_EVI_cropped.tif,2403,2029,1.0619252920150757,train
hls_california\HLS.S30.T10TEK.2021092T185921.v2.0_EVI_cropped.tif,2404,2030,1.331116795539856,train
hls_california\HLS.S30.T10TEK.2021092T185921.v2.0_EVI_cropped.tif,2405,2032,1.887864589691162,train
hls_california\HLS.S30.T10TEK.2021092T185921.v2.0_EVI_cropped.tif,2406,2033,3.195552349090576,train
hls_california\HLS.S30.T10TEK.2021092T185921.v2.0_EVI_cropped.tif,2407,2035,1.5007215738296509,train
hls_california\HLS.S30.T10TEK.2021092T185921.v2.0_EVI_cropped.tif,2408,2036,1.331116795539856,train
hls_california\HLS.S30.T10TEK.2021092T185921.v2.0_EVI_cropped.tif,2410,2038,1.2719420194625854,train
hls_california\HLS.S30.T10TEK.2021092T185921.v2.0_EVI_cropped.tif,2411,2039,1.3916254043579102,train
hls_california\HLS.S30.T10TEK.2021092T185921.v2.0_EVI_cropped.tif,2412,2041,1.697226881980896,train
hls_california\HLS.S30.T10TEK.2021092T185921.v2.0_EVI_cropped.tif,2413,2042,1.3916254043579102,train
hls_california\HLS.S30.T10TEK.2021092T185921.v2.0_EVI_cropped.tif,2414,2044,2.858752727508545,train
hls_california\HLS.S30.T10TEK.2021092T185921.v2.0_EVI_cropped.tif,2415,2045,2.1639935970306396,train
hls_california\HLS.S30.T10TEK.2021092T185921.v2.0_EVI_cropped.tif,2417,2047,-9999.0,train
hls_california\HLS.S30.T10TEK.2021092T185921.v2.0_EVI_cropped.tif,2418,2048,3.1039299964904785,train
hls_california\HLS.S30.T10TEK.2021092T185921.v2.0_EVI_cropped.tif,2419,2050,2.5404794216156006,train
hls_california\HLS.S30.T10TEK.2021092T185921.v2.0_EVI_cropped.tif,2420,2052,1.2284363508224487,train
hls_california\HLS.S30.T10TEK.2021092T185921.v2.0_EVI_cropped.tif,2421,2053,2.240774393081665,train
hls_california\HLS.S30.T10TEK.2021092T185921.v2.0_EVI_cropped.tif,2424,2056,1.2284363508224487,train
hls_california\HLS.S30.T10TEK.2021092T185921.v2.0_EVI_cropped.tif,2425,2058,1.2284363508224487,train
hls_california\HLS.S30.T10TEK.2021092T185921.v2.0_EVI_cropped.tif,2426,2059,1.2284363508224487,train
hls_california\HLS.S30.T10TEK.2021092T185921.v2.0_EVI_cropped.tif,2427,2061,1.2719420194625854,train
hls_california\HLS.S30.T10TEK.2021092T185921.v2.0_EVI_cropped.tif,2428,2062,1.5007215738296509,train
hls_california\HLS.S30.T10TEK.2021092T185921.v2.0_EVI_cropped.tif,2429,2064,1.697226881980896,train
hls_california\HLS.S30.T10TEK.2021092T185921.v2.0_EVI_cropped.tif,2430,2065,1.697226881980896,train
hls_california\HLS.S30.T10TEK.2021092T185921.v2.0_EVI_cropped.tif,2432,2067,2.0144054889678955,train
hls_california\HLS.S30.T10TEK.2021092T185921.v2.0_EVI_cropped.tif,2433,2068,1.4534664154052734,train
hls_california\HLS.S30.T10TEK.2021092T185921.v2.0_EVI_cropped.tif,2434,2070,1.331116795539856,train
hls_california\HLS.S30.T10TEK.2021092T185921.v2.0_EVI_cropped.tif,2435,2071,1.2719420194625854,train
hls_california\HLS.S30.T10TEK.2021092T185921.v2.0_EVI_cropped.tif,2436,2073,1.6303950548171997,train
hls_california\HLS.S30.T10TEK.2021092T185921.v2.0_EVI_cropped.tif,2437,2074,1.2284363508224487,train
hls_california\HLS.S30.T10TEK.2021092T185921.v2.0_EVI_cropped.tif,2439,2076,1.3916254043579102,train
hls_california\HLS.S30.T10TEK.2021092T185921.v2.0_EVI_cropped.tif,2440,2077,1.697226881980896,train
hls_california\HLS.S30.T10TEK.2021092T185921.v2.0_EVI_cropped.tif,2441,2079,1.5648930072784424,train
hls_california\HLS.S30.T10TEK.2021092T185921.v2.0_EVI_cropped.tif,2442,2080,1.5648930072784424,train
hls_california\HLS.S30.T10TEK.2021092T185921.v2.0_EVI_cropped.tif,2443,2082,1.2719420194625854,train
hls_california\HLS.S30.T10TEK.2021092T185921.v2.0_EVI_cropped.tif,2444,2083,-9999.0,train
hls_california\HLS.S30.T10TEK.2021092T185921.v2.0_EVI_cropped.tif,2446,2085,1.331116795539856,train
hls_california\HLS.S30.T10TEK.2021092T185921.v2.0_EVI_cropped.tif,2447,2086,1.9596763849258423,train
hls_california\HLS.S30.T10TEK.2021092T185921.v2.0_EVI_cropped.tif,2448,2088,1.0221772193908691,train
hls_california\HLS.S30.T10TEK.2021092T185921.v2.0_EVI_cropped.tif,2449,2089,1.3916254043579102,train
hls_california\HLS.S30.T10TEK.2021092T185921.v2.0_EVI_cropped.tif,2450,2091,0.9703503251075745,train
hls_california\HLS.S30.T10TEK.2021092T185921.v2.0_EVI_cropped.tif,2451,2092,1.3916254043579102,train
hls_california\HLS.S30.T10TEK.2021092T185921.v2.0_EVI_cropped.tif,2452,2094,1.2284363508224487,train
hls_california\HLS.S30.T10TEK.2021092T185921.v2.0_EVI_cropped.tif,2454,2095,1.171596646308899,train
hls_california\HLS.S30.T10TEK.2021092T185921.v2.0_EVI_cropped.tif,2455,2097,1.171596646308899,train
hls_california\HLS.S30.T10TEK.2021092T185921.v2.0_EVI_cropped.tif,2456,2098,1.171596646308899,train
hls_california\HLS.S30.T10TEK.2021092T185921.v2.0_EVI_cropped.tif,2457,2100,-9999.0,train
hls_california\HLS.S30.T10TEK.2021092T185921.v2.0_EVI_cropped.tif,2458,2101,1.5648930072784424,train
hls_california\HLS.S30.T10TEK.2021092T185921.v2.0_EVI_cropped.tif,2459,2103,1.3916254043579102,train
hls_california\HLS.S30.T10TEK.2021092T185921.v2.0_EVI_cropped.tif,2461,2104,1.171596646308899,train
hls_california\HLS.S30.T10TEK.2021092T185921.v2.0_EVI_cropped.tif,2462,2106,1.2284363508224487,train
hls_california\HLS.S30.T10TEK.2021092T185921.v2.0_EVI_cropped.tif,2463,2108,1.3916254043579102,train
hls_california\HLS.S30.T10TEK.2021092T185921.v2.0_EVI_cropped.tif,2464,2109,1.2284363508224487,train
hls_california\HLS.S30.T10TEK.2021092T185921.v2.0_EVI_cropped.tif,2465,2111,-9999.0,train
hls_california\HLS.S30.T10TEK.2021092T185921.v2.0_EVI_cropped.tif,2466,2112,-9999.0,train
hls_california\HLS.S30.T10TEK.2021092T185921.v2.0_EVI_cropped.tif,2468,2114,1.2284363508224487,train
hls_california\HLS.S30.T10TEK.2021092T185921.v2.0_EVI_cropped.tif,2469,2115,1.3916254043579102,train
hls_california\HLS.S30.T10TEK.2021092T185921.v2.0_EVI_cropped.tif,2470,2117,1.2284363508224487,train
hls_california\HLS.S30.T10TEK.2021092T185921.v2.0_EVI_cropped.tif,2471,2118,1.331116795539856,train
hls_california\HLS.S30.T10TEK.2021092T185921.v2.0_EVI_cropped.tif,2472,2120,3.265131950378418,train
hls_california\HLS.S30.T10TEK.2021092T185921.v2.0_EVI_cropped.tif,2473,2121,7.294233322143555,train
hls_california\HLS.S30.T10TEK.2021092T185921.v2.0_EVI_cropped.tif,2475,2123,1.171596646308899,train
hls_california\HLS.S30.T10TEK.2021092T185921.v2.0_EVI_cropped.tif,2476,2124,0.919861912727356,train
hls_california\HLS.S30.T10TEK.2021092T185921.v2.0_EVI_cropped.tif,2477,2126,9.515846252441406,train
hls_california\HLS.S30.T10TEK.2021092T185921.v2.0_EVI_cropped.tif,2478,2127,150.68154907226562,train
hls_california\HLS.S30.T10TEK.2021092T185921.v2.0_EVI_cropped.tif,2479,2129,2.5404794216156006,train
hls_california\HLS.S30.T10TEK.2021092T185921.v2.0_EVI_cropped.tif,2480,2130,49.30355453491211,train
hls_california\HLS.S30.T10TEK.2021092T185921.v2.0_EVI_cropped.tif,2481,2132,1.2719420194625854,train
hls_california\HLS.S30.T10TEK.2021092T185921.v2.0_EVI_cropped.tif,2483,2133,1.1160929203033447,train
hls_california\HLS.S30.T10TEK.2021092T185921.v2.0_EVI_cropped.tif,2484,2135,0.9703503251075745,train
hls_california\HLS.S30.T10TEK.2021092T185921.v2.0_EVI_cropped.tif,2485,2136,0.8347305059432983,train
hls_california\HLS.S30.T10TEK.2021092T185921.v2.0_EVI_cropped.tif,2486,2138,0.9703503251075745,train
hls_california\HLS.S30.T10TEK.2021092T185921.v2.0_EVI_cropped.tif,2487,2139,-9999.0,train
hls_california\HLS.S30.T10TEK.2021092T185921.v2.0_EVI_cropped.tif,2488,2141,1.2284363508224487,train
hls_california\HLS.S30.T10TEK.2021092T185921.v2.0_EVI_cropped.tif,2490,2142,1.171596646308899,train
hls_california\HLS.S30.T10TEK.2021092T185921.v2.0_EVI_cropped.tif,2491,2144,1.2719420194625854,train
hls_california\HLS.S30.T10TEK.2021092T185921.v2.0_EVI_cropped.tif,2492,2145,1.887864589691162,train
hls_california\HLS.S30.T10TEK.2021092T185921.v2.0_EVI_cropped.tif,2493,2147,1.5648930072784424,train
hls_california\HLS.S30.T10TEK.2021092T185921.v2.0_EVI_cropped.tif,2494,2148,8.933408737182617,train
hls_california\HLS.S30.T10TEK.2021092T185921.v2.0_EVI_cropped.tif,2495,2150,1.2719420194625854,train
hls_california\HLS.S30.T10TEK.2021092T185921.v2.0_EVI_cropped.tif,2497,2151,1.4534664154052734,train
hls_california\HLS.S30.T10TEK.2021092T185921.v2.0_EVI_cropped.tif,2498,2153,1.5007215738296509,train
hls_california\HLS.S30.T10TEK.2021092T185921.v2.0_EVI_cropped.tif,2499,2154,1.4534664154052734,train
hls_california\HLS.S30.T10TEK.2021092T185921.v2.0_EVI_cropped.tif,2500,2156,1.2719420194625854,train
hls_california\HLS.S30.T10TEK.2021092T185921.v2.0_EVI_cropped.tif,2501,2157,1.1160929203033447,train
hls_california\HLS.S30.T10TEK.2021092T185921.v2.0_EVI_cropped.tif,2502,2159,1.4534664154052734,train
hls_california\HLS.S30.T10TEK.2021092T185921.v2.0_EVI_cropped.tif,2504,2160,1.5007215738296509,train
hls_california\HLS.S30.T10TEK.2021092T185921.v2.0_EVI_cropped.tif,2505,2162,1.2719420194625854,train
hls_california\HLS.S30.T10TEK.2021092T185921.v2.0_EVI_cropped.tif,2506,2163,1.4534664154052734,train
hls_california\HLS.S30.T10TEK.2021092T185921.v2.0_EVI_cropped.tif,2507,2165,1.3916254043579102,train
hls_california\HLS.S30.T10TEK.2021092T185921.v2.0_EVI_cropped.tif,2508,2167,1.5648930072784424,train
hls_california\HLS.S30.T10TEK.2021092T185921.v2.0_EVI_cropped.tif,2509,2168,1.171596646308899,train
hls_california\HLS.S30.T10TEK.2021092T185921.v2.0_EVI_cropped.tif,2510,2170,1.2284363508224487,train
hls_california\HLS.S30.T10TEK.2021092T185921.v2.0_EVI_cropped.tif,2512,2171,-9999.0,train
hls_california\HLS.S30.T10TEK.2021092T185921.v2.0_EVI_cropped.tif,2513,2173,1.5648930072784424,train
hls_california\HLS.S30.T10TEK.2021092T185921.v2.0_EVI_cropped.tif,2514,2174,1.2719420194625854,train
hls_california\HLS.S30.T10TEK.2021092T185921.v2.0_EVI_cropped.tif,2515,2176,1.0221772193908691,train
hls_california\HLS.S30.T10TEK.2021092T185921.v2.0_EVI_cropped.tif,2516,2177,1.2719420194625854,train
hls_california\HLS.S30.T10TEK.2021092T185921.v2.0_EVI_cropped.tif,2517,2179,1.2719420194625854,train
hls_california\HLS.S30.T10TEK.2021092T185921.v2.0_EVI_cropped.tif,2519,2180,1.5007215738296509,train
hls_california\HLS.S30.T10TEK.2021092T185921.v2.0_EVI_cropped.tif,2520,2182,1.331116795539856,train
hls_california\HLS.S30.T10TEK.2021092T185921.v2.0_EVI_cropped.tif,2521,2183,1.331116795539856,train
hls_california\HLS.S30.T10TEK.2021092T185921.v2.0_EVI_cropped.tif,2522,2185,1.171596646308899,train
hls_california\HLS.S30.T10TEK.2021092T185921.v2.0_EVI_cropped.tif,2523,2186,1.2719420194625854,train
hls_california\HLS.S30.T10TEK.2021092T185921.v2.0_EVI_cropped.tif,2524,2188,1.3916254043579102,train
hls_california\HLS.S30.T10TEK.2021092T185921.v2.0_EVI_cropped.tif,2526,2189,1.4534664154052734,train
hls_california\HLS.S30.T10TEK.2021092T185921.v2.0_EVI_cropped.tif,2527,2191,1.2284363508224487,train
hls_california\HLS.S30.T10TEK.2021092T185921.v2.0_EVI_cropped.tif,2528,2192,1.3916254043579102,train
hls_california\HLS.S30.T10TEK.2021092T185921.v2.0_EVI_cropped.tif,2529,2194,1.2284363508224487,train
hls_california\HLS.S30.T10TEK.2021092T185921.v2.0_EVI_cropped.tif,2530,2195,1.331116795539856,train
hls_california\HLS.S30.T10TEK.2021092T185921.v2.0_EVI_cropped.tif,2531,2197,12.202231407165527,train
hls_california\HLS.S30.T10TEK.2021092T185921.v2.0_EVI_cropped.tif,2532,2198,15.163097381591797,train
hls_california\HLS.S30.T10TEK.2021092T185921.v2.0_EVI_cropped.tif,2534,2200,1.5007215738296509,train
hls_california\HLS.S30.T10TEK.2021092T185921.v2.0_EVI_cropped.tif,2535,2201,1.5007215738296509,train
hls_california\HLS.S30.T10TEK.2021092T185921.v2.0_EVI_cropped.tif,2536,2203,1.9596763849258423,train
hls_california\HLS.S30.T10TEK.2021092T185921.v2.0_EVI_cropped.tif,2537,2204,1.1160929203033447,train
hls_california\HLS.S30.T10TEK.2021092T185921.v2.0_EVI_cropped.tif,2538,2206,1.697226881980896,train
hls_california\HLS.S30.T10TEK.2021092T185921.v2.0_EVI_cropped.tif,2539,2207,1.4534664154052734,train
hls_california\HLS.S30.T10TEK.2021092T185921.v2.0_EVI_cropped.tif,2541,2209,1.9596763849258423,train
hls_california\HLS.S30.T10TEK.2021092T185921.v2.0_EVI_cropped.tif,2542,2210,4.615955829620361,train
hls_california\HLS.S30.T10TEK.2021092T185921.v2.0_EVI_cropped.tif,2543,2212,1.2719420194625854,train
hls_california\HLS.S30.T10TEK.2021092T185921.v2.0_EVI_cropped.tif,2544,2213,14.927242279052734,train
hls_california\HLS.S30.T10TEK.2021092T185921.v2.0_EVI_cropped.tif,2545,2215,16.382326126098633,train
hls_california\HLS.S30.T10TEK.2021092T185921.v2.0_EVI_cropped.tif,2546,2216,19.10416030883789,train
hls_california\HLS.S30.T10TEK.2021092T185921.v2.0_EVI_cropped.tif,2547,2218,34.641258239746094,train
hls_california\HLS.S30.T10TEK.2021092T185921.v2.0_EVI_cropped.tif,2549,2219,27.108610153198242,train
hls_california\HLS.S30.T10TEK.2021092T185921.v2.0_EVI_cropped.tif,2550,2221,39.44729232788086,train
hls_california\HLS.S30.T10TEK.2021092T185921.v2.0_EVI_cropped.tif,2551,2222,14.093643188476562,train
hls_california\HLS.S30.T10TEK.2021092T185921.v2.0_EVI_cropped.tif,2552,2224,14.285264015197754,train
hls_california\HLS.S30.T10TEK.2021092T185921.v2.0_EVI_cropped.tif,2553,2226,-9999.0,train
hls_california\HLS.S30.T10TEK.2021092T185921.v2.0_EVI_cropped.tif,2554,2227,1.331116795539856,train
hls_california\HLS.S30.T10TEK.2021092T185921.v2.0_EVI_cropped.tif,2556,2229,1.1160929203033447,train
hls_california\HLS.S30.T10TEK.2021092T185921.v2.0_EVI_cropped.tif,2557,2230,8.630131721496582,train
hls_california\HLS.S30.T10TEK.2021092T185921.v2.0_EVI_cropped.tif,2558,2232,6.163807392120361,train
hls_california\HLS.S30.T10TEK.2021092T185921.v2.0_EVI_cropped.tif,2559,2233,-9999.0,train
hls_california\HLS.S30.T10TEK.2021092T185921.v2.0_EVI_cropped.tif,2560,2235,4.615955829620361,train
hls_california\HLS.S30.T10TEK.2021092T185921.v2.0_EVI_cropped.tif,2561,2236,8.075304985046387,train
hls_california\HLS.S30.T10TEK.2021092T185921.v2.0_EVI_cropped.tif,2563,2238,5.362436294555664,train
hls_california\HLS.S30.T10TEK.2021092T185921.v2.0_EVI_cropped.tif,2564,2239,3.3590548038482666,train
hls_california\HLS.S30.T10TEK.2021092T185921.v2.0_EVI_cropped.tif,2565,2241,2.0885369777679443,train
hls_california\HLS.S30.T10TEK.2021092T185921.v2.0_EVI_cropped.tif,2566,2242,1.5648930072784424,train
hls_california\HLS.S30.T10TEK.2021092T185921.v2.0_EVI_cropped.tif,2567,2244,1.887864589691162,train
hls_california\HLS.S30.T10TEK.2021092T185921.v2.0_EVI_cropped.tif,2568,2245,1.9596763849258423,train
hls_california\HLS.S30.T10TEK.2021092T185921.v2.0_EVI_cropped.tif,2571,2248,6.784017086029053,train
hls_california\HLS.S30.T10TEK.2021092T185921.v2.0_EVI_cropped.tif,2572,2250,-9999.0,train
hls_california\HLS.S30.T10TEK.2021092T185921.v2.0_EVI_cropped.tif,2573,2251,-9999.0,train
hls_california\HLS.S30.T10TEK.2021092T185921.v2.0_EVI_cropped.tif,2574,2253,-9999.0,train
hls_california\HLS.S30.T10TEK.2021092T185921.v2.0_EVI_cropped.tif,2575,2254,6.163807392120361,train
hls_california\HLS.S30.T10TEK.2021092T185921.v2.0_EVI_cropped.tif,2576,2256,-9999.0,train
hls_california\HLS.S30.T10TEK.2021092T185921.v2.0_EVI_cropped.tif,2578,2257,2.0885369777679443,train
hls_california\HLS.S30.T10TEK.2021092T185921.v2.0_EVI_cropped.tif,2579,2259,2.1639935970306396,train
hls_california\HLS.S30.T10TEK.2021092T185921.v2.0_EVI_cropped.tif,2580,2260,7.822563171386719,train
hls_california\HLS.S30.T10TEK.2021092T185921.v2.0_EVI_cropped.tif,2581,2262,6.784017086029053,train
hls_california\HLS.S30.T10TEK.2021092T185921.v2.0_EVI_cropped.tif,2582,2263,7.966506481170654,train
hls_california\HLS.S30.T10TEK.2021092T185921.v2.0_EVI_cropped.tif,2585,2266,1.5648930072784424,train
hls_california\HLS.S30.T10TEK.2021092T185921.v2.0_EVI_cropped.tif,2586,2268,1.5007215738296509,train
hls_california\HLS.S30.T10TEK.2021092T185921.v2.0_EVI_cropped.tif,2624,2318,4.316711902618408,train
hls_california\HLS.S30.T10TEK.2021092T185921.v2.0_EVI_cropped.tif,2625,2319,1.1160929203033447,train
hls_california\HLS.S30.T10TEK.2021092T185921.v2.0_EVI_cropped.tif,2626,2321,1.2719420194625854,train
hls_california\HLS.S30.T10TEK.2021092T185921.v2.0_EVI_cropped.tif,2627,2322,1.3916254043579102,train
hls_california\HLS.S30.T10TEK.2021092T185921.v2.0_EVI_cropped.tif,2628,2324,1.2719420194625854,train
hls_california\HLS.S30.T10TEK.2021092T185921.v2.0_EVI_cropped.tif,2630,2325,2.4587409496307373,train
hls_california\HLS.S30.T10TEK.2021092T185921.v2.0_EVI_cropped.tif,2631,2327,2.0885369777679443,train
hls_california\HLS.S30.T10TEK.2021092T185921.v2.0_EVI_cropped.tif,2632,2328,2.4587409496307373,train
hls_california\HLS.S30.T10TEK.2021092T185921.v2.0_EVI_cropped.tif,2633,2330,2.0885369777679443,train
hls_california\HLS.S30.T10TEK.2021092T185921.v2.0_EVI_cropped.tif,2634,2331,2.5404794216156006,train
hls_california\HLS.S30.T10TEK.2021092T185921.v2.0_EVI_cropped.tif,2635,2333,2.5404794216156006,train
hls_california\HLS.S30.T10TEK.2021092T185921.v2.0_EVI_cropped.tif,2637,2334,1.3916254043579102,train
hls_california\HLS.S30.T10TEK.2021092T185921.v2.0_EVI_cropped.tif,2638,2336,1.697226881980896,train
hls_california\HLS.S30.T10TEK.2021092T185921.v2.0_EVI_cropped.tif,2639,2338,1.7482229471206665,train
hls_california\HLS.S30.T10TEK.2021092T185921.v2.0_EVI_cropped.tif,2640,2339,9.202975273132324,train
hls_california\HLS.S30.T10TEK.2021092T185921.v2.0_EVI_cropped.tif,2641,2341,10.116243362426758,train
hls_california\HLS.S30.T10TEK.2021092T185921.v2.0_EVI_cropped.tif,2642,2342,9.515846252441406,train
hls_california\HLS.S30.T10TEK.2021092T185921.v2.0_EVI_cropped.tif,2644,2344,9.202975273132324,train
hls_california\HLS.S30.T10TEK.2021092T185921.v2.0_EVI_cropped.tif,2663,2369,19.53851890563965,train
hls_california\HLS.S30.T10TEK.2021092T185921.v2.0_EVI_cropped.tif,2664,2371,16.117258071899414,train
hls_california\HLS.S30.T10TEK.2021092T185921.v2.0_EVI_cropped.tif,2665,2372,-9999.0,train
hls_california\HLS.S30.T10TEK.2021092T185921.v2.0_EVI_cropped.tif,2667,2374,1.5648930072784424,train
hls_california\HLS.S30.T10TEK.2021092T185921.v2.0_EVI_cropped.tif,2669,2377,0.919861912727356,train
hls_california\HLS.S30.T10TEK.2021092T185921.v2.0_EVI_cropped.tif,2670,2378,-9999.0,train
hls_california\HLS.S30.T10TEK.2021092T185921.v2.0_EVI_cropped.tif,2671,2380,7.966506481170654,train
hls_california\HLS.S30.T10TEK.2021092T185921.v2.0_EVI_cropped.tif,2672,2381,9.515846252441406,train
hls_california\HLS.S30.T10TEK.2021092T185921.v2.0_EVI_cropped.tif,2674,2383,6.6510233879089355,train
hls_california\HLS.S30.T10TEK.2021092T185921.v2.0_EVI_cropped.tif,2675,2384,6.784017086029053,train
hls_california\HLS.S30.T10TEK.2021092T185921.v2.0_EVI_cropped.tif,2676,2386,9.358772277832031,train
hls_california\HLS.S30.T10TEK.2021092T185921.v2.0_EVI_cropped.tif,2677,2388,37.66328430175781,train
hls_california\HLS.S30.T10TEK.2021092T185921.v2.0_EVI_cropped.tif,2678,2389,31.063121795654297,train
hls_california\HLS.S30.T10TEK.2021092T185921.v2.0_EVI_cropped.tif,2679,2391,104.94863891601562,train
hls_california\HLS.S30.T10TEK.2021092T185921.v2.0_EVI_cropped.tif,2680,2392,23.460205078125,train
hls_california\HLS.S30.T10TEK.2021092T185921.v2.0_EVI_cropped.tif,2682,2394,15.163097381591797,train
hls_california\HLS.S30.T10TEK.2021092T185921.v2.0_EVI_cropped.tif,2683,2395,18.05630111694336,train
hls_california\HLS.S30.T10TEK.2021092T185921.v2.0_EVI_cropped.tif,2684,2397,6.6510233879089355,train
hls_california\HLS.S30.T10TEK.2021092T185921.v2.0_EVI_cropped.tif,2685,2398,3.823108196258545,train
hls_california\HLS.S30.T10TEK.2021092T185921.v2.0_EVI_cropped.tif,2686,2400,5.362436294555664,train
hls_california\HLS.S30.T10TEK.2021092T185921.v2.0_EVI_cropped.tif,2687,2401,-9999.0,train
hls_california\HLS.S30.T10TEK.2021092T185921.v2.0_EVI_cropped.tif,2689,2403,1.7482229471206665,train
hls_california\HLS.S30.T10TEK.2021092T185921.v2.0_EVI_cropped.tif,2690,2404,11.848655700683594,train
hls_california\HLS.S30.T10TEK.2021092T185921.v2.0_EVI_cropped.tif,2691,2406,3.1039299964904785,train
hls_california\HLS.S30.T10TEK.2021092T185921.v2.0_EVI_cropped.tif,2692,2407,6.421392917633057,train
hls_california\HLS.S30.T10TEK.2021092T185921.v2.0_EVI_cropped.tif,2693,2409,7.679906368255615,train
hls_california\HLS.S30.T10TEK.2021092T185921.v2.0_EVI_cropped.tif,2694,2410,-9999.0,train
hls_california\HLS.S30.T10TEK.2021092T185921.v2.0_EVI_cropped.tif,2695,2412,7.822563171386719,train
hls_california\HLS.S30.T10TEK.2021092T185921.v2.0_EVI_cropped.tif,2697,2413,11.370762825012207,train
hls_california\HLS.S30.T10TEK.2021092T185921.v2.0_EVI_cropped.tif,2698,2415,7.966506481170654,train
hls_california\HLS.S30.T10TEK.2021092T185921.v2.0_EVI_cropped.tif,2699,2416,-9999.0,train
hls_california\HLS.S30.T10TEK.2021092T185921.v2.0_EVI_cropped.tif,2700,2418,1.6303950548171997,train
hls_california\HLS.S30.T10TEK.2021092T185921.v2.0_EVI_cropped.tif,2701,2419,8.368968963623047,train
hls_california\HLS.S30.T10TEK.2021092T185921.v2.0_EVI_cropped.tif,2702,2421,9.515846252441406,train
hls_california\HLS.S30.T10TEK.2021092T185921.v2.0_EVI_cropped.tif,2704,2422,12.202231407165527,train
hls_california\HLS.S30.T10TEK.2021092T185921.v2.0_EVI_cropped.tif,2705,2424,1.697226881980896,train
hls_california\HLS.S30.T10TEK.2021092T185921.v2.0_EVI_cropped.tif,2706,2425,1.887864589691162,train
hls_california\HLS.S30.T10TEK.2021092T185921.v2.0_EVI_cropped.tif,2707,2427,1.697226881980896,train
hls_california\HLS.S30.T10TEK.2021092T185921.v2.0_EVI_cropped.tif,2708,2428,1.331116795539856,train
hls_california\HLS.S30.T10TEK.2021092T185921.v2.0_EVI_cropped.tif,2709,2430,17.430828094482422,train
hls_california\HLS.S30.T10TEK.2021092T185921.v2.0_EVI_cropped.tif,2710,2431,27.24286651611328,train
hls_california\HLS.S30.T10TEK.2021092T185921.v2.0_EVI_cropped.tif,2712,2433,21.37485694885254,train
hls_california\HLS.S30.T10TEK.2021092T185921.v2.0_EVI_cropped.tif,2713,2434,25.326852798461914,train
hls_california\HLS.S30.T10TEK.2021092T185921.v2.0_EVI_cropped.tif,2714,2436,23.984575271606445,train
hls_california\HLS.S30.T10TEK.2021092T185921.v2.0_EVI_cropped.tif,2715,2438,23.984575271606445,train
hls_california\HLS.S30.T10TEK.2021092T185921.v2.0_EVI_cropped.tif,2716,2439,18.896503448486328,train
hls_california\HLS.S30.T10TEK.2021092T185921.v2.0_EVI_cropped.tif,2717,2441,22.25855255126953,train
hls_california\HLS.S30.T10TEK.2021092T185921.v2.0_EVI_cropped.tif,2719,2442,-9999.0,train
hls_california\HLS.S30.T10TEK.2021092T185921.v2.0_EVI_cropped.tif,2720,2444,27.51355743408203,train
hls_california\HLS.S30.T10TEK.2021092T185921.v2.0_EVI_cropped.tif,2721,2445,21.346097946166992,train
hls_california\HLS.S30.T10TEK.2021092T185921.v2.0_EVI_cropped.tif,2722,2447,19.70635986328125,train
hls_california\HLS.S30.T10TEK.2021092T185921.v2.0_EVI_cropped.tif,2723,2448,15.731842041015625,train
hls_california\HLS.S30.T10TEK.2021092T185921.v2.0_EVI_cropped.tif,2724,2450,26.329795837402344,train
hls_california\HLS.S30.T10TEK.2021092T185921.v2.0_EVI_cropped.tif,2725,2451,29.964689254760742,train
hls_california\HLS.S30.T10TEK.2021092T185921.v2.0_EVI_cropped.tif,2727,2453,26.98720359802246,train
hls_california\HLS.S30.T10TEK.2021092T185921.v2.0_EVI_cropped.tif,2728,2454,29.950265884399414,train
hls_california\HLS.S30.T10TEK.2021092T185921.v2.0_EVI_cropped.tif,2729,2456,26.39118003845215,train
hls_california\HLS.S30.T10TEK.2021092T185921.v2.0_EVI_cropped.tif,2730,2457,9.954383850097656,train
hls_california\HLS.S30.T10TEK.2021092T185921.v2.0_EVI_cropped.tif,2731,2459,9.358772277832031,train
hls_california\HLS.S30.T10TEK.2021092T185921.v2.0_EVI_cropped.tif,2732,2460,15.40256404876709,train
hls_california\HLS.S30.T10TEK.2021092T185921.v2.0_EVI_cropped.tif,2734,2462,20.431352615356445,train
hls_california\HLS.S30.T10TEK.2021092T185921.v2.0_EVI_cropped.tif,2735,2463,23.317840576171875,train
hls_california\HLS.S30.T10TEK.2021092T185921.v2.0_EVI_cropped.tif,2736,2465,18.432207107543945,train
hls_california\HLS.S30.T10TEK.2021092T185921.v2.0_EVI_cropped.tif,2737,2466,17.87833023071289,train
hls_california\HLS.S30.T10TEK.2021092T185921.v2.0_EVI_cropped.tif,2738,2468,21.44046401977539,train
hls_california\HLS.S30.T10TEK.2021092T185921.v2.0_EVI_cropped.tif,2739,2469,25.690750122070312,train
hls_california\HLS.S30.T10TEK.2021092T185921.v2.0_EVI_cropped.tif,2741,2471,21.964984893798828,train
hls_california\HLS.S30.T10TEK.2021092T185921.v2.0_EVI_cropped.tif,2742,2472,-9999.0,train
hls_california\HLS.S30.T10TEK.2021092T185921.v2.0_EVI_cropped.tif,2743,2474,21.6081485748291,train
hls_california\HLS.S30.T10TEK.2021092T185921.v2.0_EVI_cropped.tif,2744,2475,23.116165161132812,train
hls_california\HLS.S30.T10TEK.2021092T185921.v2.0_EVI_cropped.tif,2745,2477,20.8516845703125,train
hls_california\HLS.S30.T10TEK.2021092T185921.v2.0_EVI_cropped.tif,2746,2478,25.87352180480957,train
hls_california\HLS.S30.T10TEK.2021092T185921.v2.0_EVI_cropped.tif,2747,2480,25.841402053833008,train
hls_california\HLS.S30.T10TEK.2021092T185921.v2.0_EVI_cropped.tif,2749,2481,65.15555572509766,train
hls_california\HLS.S30.T10TEK.2021092T185921.v2.0_EVI_cropped.tif,2750,2483,27.7264461517334,train
hls_california\HLS.S30.T10TEK.2021092T185921.v2.0_EVI_cropped.tif,2751,2484,20.556180953979492,train
hls_california\HLS.S30.T10TEK.2021092T185921.v2.0_EVI_cropped.tif,2752,2486,22.53610610961914,train
hls_california\HLS.S30.T10TEK.2021092T185921.v2.0_EVI_cropped.tif,2753,2487,21.33404541015625,train
hls_california\HLS.S30.T10TEK.2021092T185921.v2.0_EVI_cropped.tif,2754,2489,20.691734313964844,train
hls_california\HLS.S30.T10TEK.2021092T185921.v2.0_EVI_cropped.tif,2756,2491,22.13473892211914,train
hls_california\HLS.S30.T10TEK.2021092T185921.v2.0_EVI_cropped.tif,2757,2492,20.300384521484375,train
hls_california\HLS.S30.T10TEK.2021092T185921.v2.0_EVI_cropped.tif,2758,2494,23.69297981262207,train
hls_california\HLS.S30.T10TEK.2021092T185921.v2.0_EVI_cropped.tif,2759,2495,27.59229278564453,train
hls_california\HLS.S30.T10TEK.2021092T185921.v2.0_EVI_cropped.tif,2760,2497,18.916784286499023,train
hls_california\HLS.S30.T10TEK.2021092T185921.v2.0_EVI_cropped.tif,2761,2498,16.465160369873047,train
hls_california\HLS.S30.T10TEK.2021092T185921.v2.0_EVI_cropped.tif,2764,2501,50.77689743041992,train
hls_california\HLS.S30.T10TEK.2021092T185921.v2.0_EVI_cropped.tif,2765,2503,-9999.0,train
hls_california\HLS.S30.T10TEK.2021092T185921.v2.0_EVI_cropped.tif,2766,2504,14.250680923461914,train
hls_california\HLS.S30.T10TEK.2021092T185921.v2.0_EVI_cropped.tif,2767,2506,-9999.0,train
hls_california\HLS.S30.T10TEK.2021092T185921.v2.0_EVI_cropped.tif,2768,2507,15.546158790588379,train
hls_california\HLS.S30.T10TEK.2021092T185921.v2.0_EVI_cropped.tif,2769,2509,16.117612838745117,train
hls_california\HLS.S30.T10TEK.2021092T185921.v2.0_EVI_cropped.tif,2772,2512,14.927242279052734,train
hls_california\HLS.S30.T10TEK.2021092T185921.v2.0_EVI_cropped.tif,2773,2513,15.068740844726562,train
hls_california\HLS.S30.T10TEK.2021092T185921.v2.0_EVI_cropped.tif,2774,2515,14.899712562561035,train
hls_california\HLS.S30.T10TEK.2021092T185921.v2.0_EVI_cropped.tif,2775,2516,16.759262084960938,train
hls_california\HLS.S30.T10TEK.2021092T185921.v2.0_EVI_cropped.tif,2776,2518,14.797309875488281,train
hls_california\HLS.S30.T10TEK.2021092T185921.v2.0_EVI_cropped.tif,2777,2519,14.74622631072998,train
hls_california\HLS.S30.T10TEK.2021092T185921.v2.0_EVI_cropped.tif,2779,2521,-9999.0,train
hls_california\HLS.S30.T10TEK.2021092T185921.v2.0_EVI_cropped.tif,2780,2522,21.222517013549805,train
hls_california\HLS.S30.T10TEK.2021092T185921.v2.0_EVI_cropped.tif,2781,2524,21.98332977294922,train
hls_california\HLS.S30.T10TEK.2021092T185921.v2.0_EVI_cropped.tif,2782,2525,-9999.0,train
hls_california\HLS.S30.T10TEK.2021092T185921.v2.0_EVI_cropped.tif,2783,2527,31.279943466186523,train
hls_california\HLS.S30.T10TEK.2021092T185921.v2.0_EVI_cropped.tif,2784,2528,29.778038024902344,train
hls_california\HLS.S30.T10TEK.2021092T185921.v2.0_EVI_cropped.tif,2786,2530,24.31334114074707,train
hls_california\HLS.S30.T10TEK.2021092T185921.v2.0_EVI_cropped.tif,2787,2531,22.6733341217041,train
hls_california\HLS.S30.T10TEK.2021092T185921.v2.0_EVI_cropped.tif,2788,2533,22.004913330078125,train
hls_california\HLS.S30.T10TEK.2021092T185921.v2.0_EVI_cropped.tif,2789,2534,14.477603912353516,train
hls_california\HLS.S30.T10TEK.2021092T185921.v2.0_EVI_cropped.tif,2790,2536,14.837504386901855,train
hls_california\HLS.S30.T10TEK.2021092T185921.v2.0_EVI_cropped.tif,2791,2537,14.97862720489502,train
hls_california\HLS.S30.T10TEK.2021092T185921.v2.0_EVI_cropped.tif,2792,2539,14.578969955444336,train
hls_california\HLS.S30.T10TEK.2021092T185921.v2.0_EVI_cropped.tif,2794,2540,14.427038192749023,train
hls_california\HLS.S30.T10TEK.2021092T185921.v2.0_EVI_cropped.tif,2795,2542,-9999.0,train
hls_california\HLS.S30.T10TEK.2021092T185921.v2.0_EVI_cropped.tif,2796,2544,15.394573211669922,train
hls_california\HLS.S30.T10TEK.2021092T185921.v2.0_EVI_cropped.tif,2797,2545,14.74622631072998,train
hls_california\HLS.S30.T10TEK.2021092T185921.v2.0_EVI_cropped.tif,2798,2547,14.578969955444336,train
hls_california\HLS.S30.T10TEK.2021092T185921.v2.0_EVI_cropped.tif,2799,2548,-9999.0,train
hls_california\HLS.S30.T10TEK.2021092T185921.v2.0_EVI_cropped.tif,2801,2550,14.389166831970215,train
hls_california\HLS.S30.T10TEK.2021092T185921.v2.0_EVI_cropped.tif,2802,2551,14.797309875488281,train
hls_california\HLS.S30.T10TEK.2021092T185921.v2.0_EVI_cropped.tif,2803,2553,14.707965850830078,train
hls_california\HLS.S30.T10TEK.2021092T185921.v2.0_EVI_cropped.tif,2804,2554,14.28839111328125,train
hls_california\HLS.S30.T10TEK.2021092T185921.v2.0_EVI_cropped.tif,2805,2556,1.5007215738296509,train
hls_california\HLS.S30.T10TEK.2021092T185921.v2.0_EVI_cropped.tif,2806,2557,9.086966514587402,train
hls_california\HLS.S30.T10TEK.2021092T185921.v2.0_EVI_cropped.tif,2807,2559,-9999.0,train
hls_california\HLS.S30.T10TEK.2021092T185921.v2.0_EVI_cropped.tif,2809,2560,3.924572229385376,train
hls_california\HLS.S30.T10TEK.2021092T185921.v2.0_EVI_cropped.tif,2810,2562,-9999.0,train
hls_california\HLS.S30.T10TEK.2021092T185921.v2.0_EVI_cropped.tif,2811,2563,2.299227714538574,train
hls_california\HLS.S30.T10TEK.2021092T185921.v2.0_EVI_cropped.tif,2812,2565,3.4542903900146484,train
hls_california\HLS.S30.T10TEK.2021092T185921.v2.0_EVI_cropped.tif,2813,2566,1.887864589691162,train
hls_california\HLS.S30.T10TEK.2021092T185921.v2.0_EVI_cropped.tif,2814,2568,6.291952610015869,train
hls_california\HLS.S30.T10TEK.2021092T185921.v2.0_EVI_cropped.tif,2816,2569,9.202975273132324,train
hls_california\HLS.S30.T10TEK.2021092T185921.v2.0_EVI_cropped.tif,2817,2571,4.001528263092041,train
hls_california\HLS.S30.T10TEK.2021092T185921.v2.0_EVI_cropped.tif,2818,2572,4.505998134613037,train
hls_california\HLS.S30.T10TEK.2021092T185921.v2.0_EVI_cropped.tif,2819,2574,4.001528263092041,train
hls_california\HLS.S30.T10TEK.2021092T185921.v2.0_EVI_cropped.tif,2820,2575,-9999.0,train
hls_california\HLS.S30.T10TEK.2021092T185921.v2.0_EVI_cropped.tif,2821,2577,4.001528263092041,train
hls_california\HLS.S30.T10TEK.2021092T185921.v2.0_EVI_cropped.tif,2822,2578,1.331116795539856,train
hls_california\HLS.S30.T10TEK.2021092T185921.v2.0_EVI_cropped.tif,2824,2580,1.2719420194625854,train
hls_california\HLS.S30.T10TEK.2021092T185921.v2.0_EVI_cropped.tif,2825,2581,1.3916254043579102,train
hls_california\HLS.S30.T10TEK.2021092T185921.v2.0_EVI_cropped.tif,2826,2583,1.5007215738296509,train
hls_california\HLS.S30.T10TEK.2021092T185921.v2.0_EVI_cropped.tif,2827,2584,1.7482229471206665,train
hls_california\HLS.S30.T10TEK.2021092T185921.v2.0_EVI_cropped.tif,2828,2586,1.4534664154052734,train
hls_california\HLS.S30.T10TEK.2021092T185921.v2.0_EVI_cropped.tif,2829,2587,1.331116795539856,train
hls_california\HLS.S30.T10TEK.2021092T185921.v2.0_EVI_cropped.tif,2831,2589,1.5007215738296509,train
hls_california\HLS.S30.T10TEK.2021092T185921.v2.0_EVI_cropped.tif,2832,2590,1.331116795539856,train
hls_california\HLS.S30.T10TEK.2021092T185921.v2.0_EVI_cropped.tif,2833,2592,-9999.0,train
hls_california\HLS.S30.T10TEK.2021092T185921.v2.0_EVI_cropped.tif,2834,2594,1.2719420194625854,train
hls_california\HLS.S30.T10TEK.2021092T185921.v2.0_EVI_cropped.tif,2835,2595,13.573183059692383,train
hls_california\HLS.S30.T10TEK.2021092T185921.v2.0_EVI_cropped.tif,2836,2597,2.772066354751587,train
hls_california\HLS.S30.T10TEK.2021092T185921.v2.0_EVI_cropped.tif,2837,2598,5.818078994750977,train
hls_california\HLS.S30.T10TEK.2021092T185921.v2.0_EVI_cropped.tif,2839,2600,8.221494674682617,train
hls_california\HLS.S30.T10TEK.2021092T185921.v2.0_EVI_cropped.tif,2840,2601,7.433351993560791,train
hls_california\HLS.S30.T10TEK.2021092T185921.v2.0_EVI_cropped.tif,2841,2603,6.163807392120361,train
hls_california\HLS.S30.T10TEK.2021092T185921.v2.0_EVI_cropped.tif,2842,2604,-9999.0,train
hls_california\HLS.S30.T10TEK.2021092T185921.v2.0_EVI_cropped.tif,2843,2606,1.331116795539856,train
hls_california\HLS.S30.T10TEK.2021092T185921.v2.0_EVI_cropped.tif,2844,2607,1.3916254043579102,train
hls_california\HLS.S30.T10TEK.2021092T185921.v2.0_EVI_cropped.tif,2846,2609,1.2719420194625854,train
hls_california\HLS.S30.T10TEK.2021092T185921.v2.0_EVI_cropped.tif,2847,2610,1.6303950548171997,train
hls_california\HLS.S30.T10TEK.2021092T185921.v2.0_EVI_cropped.tif,2848,2612,1.697226881980896,train
hls_california\HLS.S30.T10TEK.2021092T185921.v2.0_EVI_cropped.tif,2849,2613,1.331116795539856,train
hls_california\HLS.S30.T10TEK.2021092T185921.v2.0_EVI_cropped.tif,2850,2615,1.331116795539856,train
hls_california\HLS.S30.T10TEK.2021092T185921.v2.0_EVI_cropped.tif,2851,2616,1.3916254043579102,train
hls_california\HLS.S30.T10TEK.2021092T185921.v2.0_EVI_cropped.tif,2853,2618,1.171596646308899,train
hls_california\HLS.S30.T10TEK.2021092T185921.v2.0_EVI_cropped.tif,2854,2619,1.171596646308899,train
hls_california\HLS.S30.T10TEK.2021092T185921.v2.0_EVI_cropped.tif,2855,2621,1.4534664154052734,train
hls_california\HLS.S30.T10TEK.2021092T185921.v2.0_EVI_cropped.tif,2856,2622,1.4534664154052734,train
hls_california\HLS.S30.T10TEK.2021092T185921.v2.0_EVI_cropped.tif,2857,2624,1.2719420194625854,train
hls_california\HLS.S30.T10TEK.2021092T185921.v2.0_EVI_cropped.tif,2858,2625,1.3916254043579102,train
hls_california\HLS.S30.T10TEK.2021092T185921.v2.0_EVI_cropped.tif,2859,2627,1.1160929203033447,train
hls_california\HLS.S30.T10TEK.2021092T185921.v2.0_EVI_cropped.tif,2861,2628,1.3916254043579102,train
hls_california\HLS.S30.T10TEK.2021092T185921.v2.0_EVI_cropped.tif,2862,2630,1.1160929203033447,train
hls_california\HLS.S30.T10TEK.2021092T185921.v2.0_EVI_cropped.tif,2863,2631,1.1160929203033447,train
hls_california\HLS.S30.T10TEK.2021092T185921.v2.0_EVI_cropped.tif,2864,2633,1.171596646308899,train
hls_california\HLS.S30.T10TEK.2021092T185921.v2.0_EVI_cropped.tif,2865,2634,1.2284363508224487,train
hls_california\HLS.S30.T10TEK.2021092T185921.v2.0_EVI_cropped.tif,2866,2636,1.331116795539856,train
hls_california\HLS.S30.T10TEK.2021092T185921.v2.0_EVI_cropped.tif,2868,2637,11.029232025146484,train
hls_california\HLS.S30.T10TEK.2021092T185921.v2.0_EVI_cropped.tif,2869,2639,19.31536293029785,train
hls_california\HLS.S30.T10TEK.2021092T185921.v2.0_EVI_cropped.tif,2870,2640,1.1160929203033447,train
hls_california\HLS.S30.T10TEK.2021092T185921.v2.0_EVI_cropped.tif,2871,2642,1.331116795539856,train
hls_california\HLS.S30.T10TEK.2021092T185921.v2.0_EVI_cropped.tif,2872,2643,1.5648930072784424,train
hls_california\HLS.S30.T10TEK.2021092T185921.v2.0_EVI_cropped.tif,2873,2645,-9999.0,train
hls_california\HLS.S30.T10TEK.2021092T185921.v2.0_EVI_cropped.tif,2874,2647,1.2719420194625854,train
hls_california\HLS.S30.T10TEK.2021092T185921.v2.0_EVI_cropped.tif,2876,2648,1.171596646308899,train
hls_california\HLS.S30.T10TEK.2021092T185921.v2.0_EVI_cropped.tif,2877,2650,1.1160929203033447,train
hls_california\HLS.S30.T10TEK.2021092T185921.v2.0_EVI_cropped.tif,2878,2651,1.171596646308899,train
hls_california\HLS.S30.T10TEK.2021092T185921.v2.0_EVI_cropped.tif,2880,2654,11.004589080810547,train
hls_california\HLS.S30.T10TEK.2021092T185921.v2.0_EVI_cropped.tif,2881,2656,19.426668167114258,train
hls_california\HLS.S30.T10TEK.2021092T185921.v2.0_EVI_cropped.tif,2883,2657,22.1513614654541,train
hls_california\HLS.S30.T10TEK.2021092T185921.v2.0_EVI_cropped.tif,2884,2659,23.475643157958984,train
hls_california\HLS.S30.T10TEK.2021092T185921.v2.0_EVI_cropped.tif,2885,2660,27.12481689453125,train
hls_california\HLS.S30.T10TEK.2021092T185921.v2.0_EVI_cropped.tif,2886,2662,25.25934410095215,train
hls_california\HLS.S30.T10TEK.2021092T185921.v2.0_EVI_cropped.tif,2887,2663,23.284536361694336,train
hls_california\HLS.S30.T10TEK.2021092T185921.v2.0_EVI_cropped.tif,2888,2665,21.712533950805664,train
hls_california\HLS.S30.T10TEK.2021092T185921.v2.0_EVI_cropped.tif,2890,2666,20.49287223815918,train
hls_california\HLS.S30.T10TEK.2021092T185921.v2.0_EVI_cropped.tif,2891,2668,18.97987174987793,train
hls_california\HLS.S30.T10TEK.2021092T185921.v2.0_EVI_cropped.tif,2892,2669,58.019081115722656,train
hls_california\HLS.S30.T10TEK.2021092T185921.v2.0_EVI_cropped.tif,2893,2671,11.181852340698242,train
hls_california\HLS.S30.T10TEK.2021092T185921.v2.0_EVI_cropped.tif,2894,2672,11.86646842956543,train
hls_california\HLS.S30.T10TEK.2021092T185921.v2.0_EVI_cropped.tif,2895,2674,11.366950035095215,train
hls_california\HLS.S30.T10TEK.2021092T185921.v2.0_EVI_cropped.tif,2950,2745,-9999.0,train
hls_california\HLS.S30.T10TEK.2021092T185921.v2.0_EVI_cropped.tif,2951,2746,28.595561981201172,train
hls_california\HLS.S30.T10TEK.2021092T185921.v2.0_EVI_cropped.tif,2952,2748,34.82199478149414,train
hls_california\HLS.S30.T10TEK.2021092T185921.v2.0_EVI_cropped.tif,2953,2749,43.95529556274414,train
hls_california\HLS.S30.T10TEK.2021092T185921.v2.0_EVI_cropped.tif,2954,2751,-9999.0,train
hls_california\HLS.S30.T10TEK.2021092T185921.v2.0_EVI_cropped.tif,2955,2753,27.00260353088379,train
hls_california\HLS.S30.T10TEK.2021092T185921.v2.0_EVI_cropped.tif,2957,2754,-9999.0,train
hls_california\HLS.S30.T10TEK.2021092T185921.v2.0_EVI_cropped.tif,2958,2756,2.9246318340301514,train
hls_california\HLS.S30.T10TEK.2021092T185921.v2.0_EVI_cropped.tif,2959,2757,1.3916254043579102,train
hls_california\HLS.S30.T10TEK.2021092T185921.v2.0_EVI_cropped.tif,2960,2759,1.331116795539856,train
hls_california\HLS.S30.T10TEK.2021092T185921.v2.0_EVI_cropped.tif,2961,2760,1.331116795539856,train
hls_california\HLS.S30.T10TEK.2021092T185921.v2.0_EVI_cropped.tif,2962,2762,34.28716278076172,train
hls_california\HLS.S30.T10TEK.2021092T185921.v2.0_EVI_cropped.tif,2964,2763,40.314422607421875,train
hls_california\HLS.S30.T10TEK.2021092T185921.v2.0_EVI_cropped.tif,2965,2765,-9999.0,train
hls_california\HLS.S30.T10TEK.2021092T185921.v2.0_EVI_cropped.tif,2966,2766,-9999.0,train
hls_california\HLS.S30.T10TEK.2021092T185921.v2.0_EVI_cropped.tif,2967,2768,54.02808380126953,train
hls_california\HLS.S30.T10TEK.2021092T185921.v2.0_EVI_cropped.tif,2968,2769,35.69413375854492,train
hls_california\HLS.S30.T10TEK.2021092T185921.v2.0_EVI_cropped.tif,2969,2771,43.29707717895508,train
hls_california\HLS.S30.T10TEK.2021092T185921.v2.0_EVI_cropped.tif,2970,2772,37.66328430175781,train
hls_california\HLS.S30.T10TEK.2021092T185921.v2.0_EVI_cropped.tif,2972,2774,50.35529708862305,train
hls_california\HLS.S30.T10TEK.2021092T185921.v2.0_EVI_cropped.tif,2973,2775,37.970706939697266,train
hls_california\HLS.S30.T10TEK.2021092T185921.v2.0_EVI_cropped.tif,2974,2777,2.299227714538574,train
hls_california\HLS.S30.T10TEK.2021092T185921.v2.0_EVI_cropped.tif,2975,2778,2.1639935970306396,train
hls_california\HLS.S30.T10TEK.2021092T185921.v2.0_EVI_cropped.tif,2976,2780,-9999.0,train
hls_california\HLS.S30.T10TEK.2021092T185921.v2.0_EVI_cropped.tif,2977,2781,19.53851890563965,train
hls_california\HLS.S30.T10TEK.2021092T185921.v2.0_EVI_cropped.tif,2979,2783,18.272314071655273,train
hls_california\HLS.S30.T10TEK.2021092T185921.v2.0_EVI_cropped.tif,2980,2784,21.89725685119629,train
hls_california\HLS.S30.T10TEK.2021092T185921.v2.0_EVI_cropped.tif,2981,2786,2.772066354751587,train
hls_california\HLS.S30.T10TEK.2021092T185921.v2.0_EVI_cropped.tif,2982,2787,2.5404794216156006,train
hls_california\HLS.S30.T10TEK.2021092T185921.v2.0_EVI_cropped.tif,2983,2789,10.279376983642578,train
hls_california\HLS.S30.T10TEK.2021092T185921.v2.0_EVI_cropped.tif,2984,2790,12.515764236450195,train
hls_california\HLS.S30.T10TEK.2021092T185921.v2.0_EVI_cropped.tif,2985,2792,18.872766494750977,train
hls_california\HLS.S30.T10TEK.2021092T185921.v2.0_EVI_cropped.tif,2987,2793,20.38640022277832,train
hls_california\HLS.S30.T10TEK.2021092T185921.v2.0_EVI_cropped.tif,2988,2795,7.679906368255615,train
hls_california\HLS.S30.T10TEK.2021092T185921.v2.0_EVI_cropped.tif,2989,2796,21.25168228149414,train
hls_california\HLS.S30.T10TEK.2021092T185921.v2.0_EVI_cropped.tif,2990,2798,30.51299285888672,train
hls_california\HLS.S30.T10TEK.2021092T185921.v2.0_EVI_cropped.tif,2991,2799,36.548866271972656,train
hls_california\HLS.S30.T10TEK.2021092T185921.v2.0_EVI_cropped.tif,2992,2801,35.75212478637695,train
hls_california\HLS.S30.T10TEK.2021092T185921.v2.0_EVI_cropped.tif,2994,2802,31.227428436279297,train
hls_california\HLS.S30.T10TEK.2021092T185921.v2.0_EVI_cropped.tif,2995,2804,27.89288902282715,train
hls_california\HLS.S30.T10TEK.2021092T185921.v2.0_EVI_cropped.tif,2996,2805,25.516849517822266,train
hls_california\HLS.S30.T10TEK.2021092T185921.v2.0_EVI_cropped.tif,2997,2807,26.399614334106445,train
hls_california\HLS.S30.T10TEK.2021092T185921.v2.0_EVI_cropped.tif,2998,2808,26.974817276000977,train
hls_california\HLS.S30.T10TEK.2021092T185921.v2.0_EVI_cropped.tif,2999,2810,24.793874740600586,train
hls_california\HLS.S30.T10TEK.2021092T185921.v2.0_EVI_cropped.tif,3001,2812,28.952672958374023,train
hls_california\HLS.S30.T10TEK.2021092T185921.v2.0_EVI_cropped.tif,3002,2813,52.473201751708984,train
hls_california\HLS.S30.T10TEK.2021092T185921.v2.0_EVI_cropped.tif,3003,2815,-9999.0,train
hls_california\HLS.S30.T10TEK.2021092T185921.v2.0_EVI_cropped.tif,3004,2816,18.142541885375977,train
hls_california\HLS.S30.T10TEK.2021092T185921.v2.0_EVI_cropped.tif,3005,2818,20.38640022277832,train
hls_california\HLS.S30.T10TEK.2021092T185921.v2.0_EVI_cropped.tif,3006,2819,23.034297943115234,train
hls_california\HLS.S30.T10TEK.2021092T185921.v2.0_EVI_cropped.tif,3007,2821,16.321733474731445,train
hls_california\HLS.S30.T10TEK.2021092T185921.v2.0_EVI_cropped.tif,3009,2822,17.310054779052734,train
hls_california\HLS.S30.T10TEK.2021092T185921.v2.0_EVI_cropped.tif,3010,2824,8.221494674682617,train
hls_california\HLS.S30.T10TEK.2021092T185921.v2.0_EVI_cropped.tif,3011,2825,10.902469635009766,train
hls_california\HLS.S30.T10TEK.2021092T185921.v2.0_EVI_cropped.tif,3012,2827,8.933408737182617,train
hls_california\HLS.S30.T10TEK.2021092T185921.v2.0_EVI_cropped.tif,3013,2828,8.781129837036133,train
hls_california\HLS.S30.T10TEK.2021092T185921.v2.0_EVI_cropped.tif,3014,2830,8.075304985046387,train
hls_california\HLS.S30.T10TEK.2021092T185921.v2.0_EVI_cropped.tif,3016,2831,3.924572229385376,train
hls_california\HLS.S30.T10TEK.2021092T185921.v2.0_EVI_cropped.tif,3017,2833,-9999.0,train
hls_california\HLS.S30.T10TEK.2021092T185921.v2.0_EVI_cropped.tif,3018,2834,7.966506481170654,train
hls_california\HLS.S30.T10TEK.2021092T185921.v2.0_EVI_cropped.tif,3019,2836,9.515846252441406,train
hls_california\HLS.S30.T10TEK.2021092T185921.v2.0_EVI_cropped.tif,3020,2837,10.279376983642578,train
hls_california\HLS.S30.T10TEK.2021092T185921.v2.0_EVI_cropped.tif,3021,2839,8.630131721496582,train
hls_california\HLS.S30.T10TEK.2021092T185921.v2.0_EVI_cropped.tif,3023,2840,6.6510233879089355,train
hls_california\HLS.S30.T10TEK.2021092T185921.v2.0_EVI_cropped.tif,3024,2842,-9999.0,train
hls_california\HLS.S30.T10TEK.2021092T185921.v2.0_EVI_cropped.tif,3025,2843,3.195552349090576,train
hls_california\HLS.S30.T10TEK.2021092T185921.v2.0_EVI_cropped.tif,3026,2845,4.397345066070557,train
hls_california\HLS.S30.T10TEK.2021092T185921.v2.0_EVI_cropped.tif,3027,2846,-9999.0,train
hls_california\HLS.S30.T10TEK.2021092T185921.v2.0_EVI_cropped.tif,3028,2848,3.5508384704589844,train
hls_california\HLS.S30.T10TEK.2021092T185921.v2.0_EVI_cropped.tif,3029,2849,4.397345066070557,train
hls_california\HLS.S30.T10TEK.2021092T185921.v2.0_EVI_cropped.tif,3031,2851,3.722954511642456,train
hls_california\HLS.S30.T10TEK.2021092T185921.v2.0_EVI_cropped.tif,3032,2852,4.316711902618408,train
hls_california\HLS.S30.T10TEK.2021092T185921.v2.0_EVI_cropped.tif,3033,2854,4.001528263092041,train
hls_california\HLS.S30.T10TEK.2021092T185921.v2.0_EVI_cropped.tif,3034,2855,4.105282306671143,train
hls_california\HLS.S30.T10TEK.2021092T185921.v2.0_EVI_cropped.tif,3035,2857,4.925063133239746,train
hls_california\HLS.S30.T10TEK.2021092T185921.v2.0_EVI_cropped.tif,3036,2858,1.697226881980896,train
hls_california\HLS.S30.T10TEK.2021092T185921.v2.0_EVI_cropped.tif,3038,2860,3.823108196258545,train
hls_california\HLS.S30.T10TEK.2021092T185921.v2.0_EVI_cropped.tif,3039,2861,3.195552349090576,train
hls_california\HLS.S30.T10TEK.2021092T185921.v2.0_EVI_cropped.tif,3040,2863,3.5508384704589844,train
hls_california\HLS.S30.T10TEK.2021092T185921.v2.0_EVI_cropped.tif,3041,2865,4.925063133239746,train
hls_california\HLS.S30.T10TEK.2021092T185921.v2.0_EVI_cropped.tif,3042,2866,3.013622760772705,train
hls_california\HLS.S30.T10TEK.2021092T185921.v2.0_EVI_cropped.tif,3043,2868,2.858752727508545,train
hls_california\HLS.S30.T10TEK.2021092T185921.v2.0_EVI_cropped.tif,3044,2869,3.013622760772705,train
hls_california\HLS.S30.T10TEK.2021092T185921.v2.0_EVI_cropped.tif,3046,2871,7.294233322143555,train
hls_california\HLS.S30.T10TEK.2021092T185921.v2.0_EVI_cropped.tif,3047,2872,11.848655700683594,train
hls_california\HLS.S30.T10TEK.2021092T185921.v2.0_EVI_cropped.tif,3048,2874,12.696662902832031,train
hls_california\HLS.S30.T10TEK.2021092T185921.v2.0_EVI_cropped.tif,3049,2875,15.56140422821045,train
hls_california\HLS.S30.T10TEK.2021092T185921.v2.0_EVI_cropped.tif,3050,2877,13.573183059692383,train
hls_california\HLS.S30.T10TEK.2021092T185921.v2.0_EVI_cropped.tif,3051,2878,21.25168228149414,train
hls_california\HLS.S30.T10TEK.2021092T185921.v2.0_EVI_cropped.tif,3053,2880,23.70526885986328,train
hls_california\HLS.S30.T10TEK.2021092T185921.v2.0_EVI_cropped.tif,3054,2881,22.792613983154297,train
hls_california\HLS.S30.T10TEK.2021092T185921.v2.0_EVI_cropped.tif,3055,2883,16.52745819091797,train
hls_california\HLS.S30.T10TEK.2021092T185921.v2.0_EVI_cropped.tif,3056,2884,18.05630111694336,train
hls_california\HLS.S30.T10TEK.2021092T185921.v2.0_EVI_cropped.tif,3057,2886,16.321733474731445,train
hls_california\HLS.S30.T10TEK.2021092T185921.v2.0_EVI_cropped.tif,3058,2887,19.53851890563965,train
hls_california\HLS.S30.T10TEK.2021092T185921.v2.0_EVI_cropped.tif,3060,2889,20.158594131469727,train
hls_california\HLS.S30.T10TEK.2021092T185921.v2.0_EVI_cropped.tif,3061,2890,18.272314071655273,train
hls_california\HLS.S30.T10TEK.2021092T185921.v2.0_EVI_cropped.tif,3062,2892,7.679906368255615,train
hls_california\HLS.S30.T10TEK.2021092T185921.v2.0_EVI_cropped.tif,3063,2893,28.998722076416016,train
hls_california\HLS.S30.T10TEK.2021092T185921.v2.0_EVI_cropped.tif,3064,2895,27.79283905029297,train
hls_california\HLS.S30.T10TEK.2021092T185921.v2.0_EVI_cropped.tif,3065,2896,-9999.0,train
hls_california\HLS.S30.T10TEK.2021092T185921.v2.0_EVI_cropped.tif,3066,2898,27.264793395996094,train
hls_california\HLS.S30.T10TEK.2021092T185921.v2.0_EVI_cropped.tif,3068,2899,25.07505989074707,train
hls_california\HLS.S30.T10TEK.2021092T185921.v2.0_EVI_cropped.tif,3069,2901,25.582347869873047,train
hls_california\HLS.S30.T10TEK.2021092T185921.v2.0_EVI_cropped.tif,3070,2902,27.528209686279297,train
hls_california\HLS.S30.T10TEK.2021092T185921.v2.0_EVI_cropped.tif,3071,2904,33.994407653808594,train
hls_california\HLS.S30.T10TEK.2021092T185921.v2.0_EVI_cropped.tif,3072,2905,115.89459991455078,train
hls_california\HLS.S30.T10TEK.2021092T185921.v2.0_EVI_cropped.tif,3073,2907,176.4372100830078,train
hls_california\HLS.S30.T10TEK.2021092T185921.v2.0_EVI_cropped.tif,3075,2908,44.868064880371094,train
hls_california\HLS.S30.T10TEK.2021092T185921.v2.0_EVI_cropped.tif,3076,2910,41.511375427246094,train
hls_california\HLS.S30.T10TEK.2021092T185921.v2.0_EVI_cropped.tif,3077,2911,32.6919059753418,train
hls_california\HLS.S30.T10TEK.2021092T185921.v2.0_EVI_cropped.tif,3078,2913,38.27933120727539,train
hls_california\HLS.S30.T10TEK.2021092T185921.v2.0_EVI_cropped.tif,3079,2914,-9999.0,train
hls_california\HLS.S30.T10TEK.2021092T185921.v2.0_EVI_cropped.tif,3080,2916,-9999.0,train
hls_california\HLS.S30.T10TEK.2021092T185921.v2.0_EVI_cropped.tif,3082,2917,39.99805450439453,train
hls_california\HLS.S30.T10TEK.2021092T185921.v2.0_EVI_cropped.tif,3083,2919,25.32809066772461,train
hls_california\HLS.S30.T10TEK.2021092T185921.v2.0_EVI_cropped.tif,3084,2921,-9999.0,train
hls_california\HLS.S30.T10TEK.2021092T185921.v2.0_EVI_cropped.tif,3085,2922,2.6026499271392822,train
hls_california\HLS.S30.T10TEK.2021092T185921.v2.0_EVI_cropped.tif,3086,2924,15.015026092529297,train
hls_california\HLS.S30.T10TEK.2021092T185921.v2.0_EVI_cropped.tif,3087,2925,27.264793395996094,train
hls_california\HLS.S30.T10TEK.2021092T185921.v2.0_EVI_cropped.tif,3088,2927,-9999.0,train
hls_california\HLS.S30.T10TEK.2021092T185921.v2.0_EVI_cropped.tif,3090,2928,98.93775177001953,train
hls_california\HLS.S30.T10TEK.2021092T185921.v2.0_EVI_cropped.tif,3091,2930,6.552125930786133,train
hls_california\HLS.S30.T10TEK.2021092T185921.v2.0_EVI_cropped.tif,3092,2931,5.244015216827393,train
hls_california\HLS.S30.T10TEK.2021092T185921.v2.0_EVI_cropped.tif,3093,2933,5.694790363311768,train
hls_california\HLS.S30.T10TEK.2021092T185921.v2.0_EVI_cropped.tif,3094,2934,5.9426655769348145,train
hls_california\HLS.S30.T10TEK.2021092T185921.v2.0_EVI_cropped.tif,3095,2936,6.068546295166016,train
hls_california\HLS.S30.T10TEK.2021092T185921.v2.0_EVI_cropped.tif,3097,2937,5.039907932281494,train
hls_california\HLS.S30.T10TEK.2021092T185921.v2.0_EVI_cropped.tif,3098,2939,5.603175163269043,train
hls_california\HLS.S30.T10TEK.2021092T185921.v2.0_EVI_cropped.tif,3099,2940,5.244015216827393,train
hls_california\HLS.S30.T10TEK.2021092T185921.v2.0_EVI_cropped.tif,3100,2942,4.811521530151367,train
hls_california\HLS.S30.T10TEK.2021092T185921.v2.0_EVI_cropped.tif,3101,2943,-9999.0,train
hls_california\HLS.S30.T10TEK.2021092T185921.v2.0_EVI_cropped.tif,3102,2945,4.925063133239746,train
hls_california\HLS.S30.T10TEK.2021092T185921.v2.0_EVI_cropped.tif,3104,2946,5.039907932281494,train
hls_california\HLS.S30.T10TEK.2021092T185921.v2.0_EVI_cropped.tif,3105,2948,4.397345066070557,train
hls_california\HLS.S30.T10TEK.2021092T185921.v2.0_EVI_cropped.tif,3106,2949,4.925063133239746,train
hls_california\HLS.S30.T10TEK.2021092T185921.v2.0_EVI_cropped.tif,3107,2951,-9999.0,train
hls_california\HLS.S30.T10TEK.2021092T185921.v2.0_EVI_cropped.tif,3108,2952,6.6510233879089355,train
hls_california\HLS.S30.T10TEK.2021092T185921.v2.0_EVI_cropped.tif,3109,2954,5.362436294555664,train
hls_california\HLS.S30.T10TEK.2021092T185921.v2.0_EVI_cropped.tif,3110,2955,7.294233322143555,train
hls_california\HLS.S30.T10TEK.2021092T185921.v2.0_EVI_cropped.tif,3112,2957,7.433351993560791,train
hls_california\HLS.S30.T10TEK.2021092T185921.v2.0_EVI_cropped.tif,3113,2958,5.9426655769348145,train
hls_california\HLS.S30.T10TEK.2021092T185921.v2.0_EVI_cropped.tif,3114,2960,5.818078994750977,train
hls_california\HLS.S30.T10TEK.2021092T185921.v2.0_EVI_cropped.tif,3115,2961,5.15605354309082,train
hls_california\HLS.S30.T10TEK.2021092T185921.v2.0_EVI_cropped.tif,3116,2963,4.316711902618408,train
hls_california\HLS.S30.T10TEK.2021092T185921.v2.0_EVI_cropped.tif,3117,2964,4.505998134613037,train
hls_california\HLS.S30.T10TEK.2021092T185921.v2.0_EVI_cropped.tif,3119,2966,6.163807392120361,train
hls_california\HLS.S30.T10TEK.2021092T185921.v2.0_EVI_cropped.tif,3120,2967,-9999.0,train
hls_california\HLS.S30.T10TEK.2021092T185921.v2.0_EVI_cropped.tif,3121,2969,7.433351993560791,train
hls_california\HLS.S30.T10TEK.2021092T185921.v2.0_EVI_cropped.tif,3122,2970,6.918302059173584,train
hls_california\HLS.S30.T10TEK.2021092T185921.v2.0_EVI_cropped.tif,3123,2972,6.291952610015869,train
hls_california\HLS.S30.T10TEK.2021092T185921.v2.0_EVI_cropped.tif,3124,2973,5.603175163269043,train
hls_california\HLS.S30.T10TEK.2021092T185921.v2.0_EVI_cropped.tif,3126,2975,6.291952610015869,train
hls_california\HLS.S30.T10TEK.2021092T185921.v2.0_EVI_cropped.tif,3127,2977,1.2719420194625854,train
hls_california\HLS.S30.T10TEK.2021092T185921.v2.0_EVI_cropped.tif,3128,2978,7.5385355949401855,train
hls_california\HLS.S30.T10TEK.2021092T185921.v2.0_EVI_cropped.tif,3129,2980,11.029232025146484,train
hls_california\HLS.S30.T10TEK.2021092T185921.v2.0_EVI_cropped.tif,3130,2981,12.515764236450195,train
hls_california\HLS.S30.T10TEK.2021092T185921.v2.0_EVI_cropped.tif,3131,2983,-9999.0,train
hls_california\HLS.S30.T10TEK.2021092T185921.v2.0_EVI_cropped.tif,3133,2984,7.294233322143555,train
hls_california\HLS.S30.T10TEK.2021092T185921.v2.0_EVI_cropped.tif,3134,2986,11.673766136169434,train
hls_california\HLS.S30.T10TEK.2021092T185921.v2.0_EVI_cropped.tif,3135,2987,9.954383850097656,train
hls_california\HLS.S30.T10TEK.2021092T185921.v2.0_EVI_cropped.tif,3136,2989,10.402565002441406,train
hls_california\HLS.S30.T10TEK.2021092T185921.v2.0_EVI_cropped.tif,3137,2990,11.370762825012207,train
hls_california\HLS.S30.T10TEK.2021092T185921.v2.0_EVI_cropped.tif,3138,2992,11.543432235717773,train
hls_california\HLS.S30.T10TEK.2021092T185921.v2.0_EVI_cropped.tif,3140,2993,14.818696022033691,train
hls_california\HLS.S30.T10TEK.2021092T185921.v2.0_EVI_cropped.tif,3141,2995,179.92562866210938,train
hls_california\HLS.S30.T10TEK.2021092T185921.v2.0_EVI_cropped.tif,3142,2996,11.848655700683594,train
hls_california\HLS.S30.T10TEK.2021092T185921.v2.0_EVI_cropped.tif,3143,2998,-9999.0,train
hls_california\HLS.S30.T10TEK.2021092T185921.v2.0_EVI_cropped.tif,3144,2999,1.3916254043579102,train
hls_california\HLS.S30.T10TEK.2021092T185921.v2.0_EVI_cropped.tif,3145,3001,1.171596646308899,train
hls_california\HLS.S30.T10TEK.2021092T185921.v2.0_EVI_cropped.tif,3146,3002,1.3916254043579102,train
hls_california\HLS.S30.T10TEK.2021092T185921.v2.0_EVI_cropped.tif,3148,3004,15.56140422821045,train
hls_california\HLS.S30.T10TEK.2021092T185921.v2.0_EVI_cropped.tif,3149,3005,23.034297943115234,train
hls_california\HLS.S30.T10TEK.2021092T185921.v2.0_EVI_cropped.tif,3150,3007,19.53851890563965,train
hls_california\HLS.S30.T10TEK.2021092T185921.v2.0_EVI_cropped.tif,3151,3008,11.370762825012207,train
hls_california\HLS.S30.T10TEK.2021092T185921.v2.0_EVI_cropped.tif,3152,3010,15.015026092529297,train
hls_california\HLS.S30.T10TEK.2021092T185921.v2.0_EVI_cropped.tif,3153,3011,13.3862886428833,train
hls_california\HLS.S30.T10TEK.2021092T185921.v2.0_EVI_cropped.tif,3155,3013,21.89725685119629,train
hls_california\HLS.S30.T10TEK.2021092T185921.v2.0_EVI_cropped.tif,3156,3014,18.05630111694336,train
hls_california\HLS.S30.T10TEK.2021092T185921.v2.0_EVI_cropped.tif,3157,3016,22.792613983154297,train
hls_california\HLS.S30.T10TEK.2021092T185921.v2.0_EVI_cropped.tif,3158,3017,22.552160263061523,train
hls_california\HLS.S30.T10TEK.2021092T185921.v2.0_EVI_cropped.tif,3159,3019,19.93202781677246,train
hls_california\HLS.S30.T10TEK.2021092T185921.v2.0_EVI_cropped.tif,3160,3020,15.361623764038086,train
hls_california\HLS.S30.T10TEK.2021092T185921.v2.0_EVI_cropped.tif,3162,3022,20.38640022277832,train
hls_california\HLS.S30.T10TEK.2021092T185921.v2.0_EVI_cropped.tif,3163,3023,19.53851890563965,train
hls_california\HLS.S30.T10TEK.2021092T185921.v2.0_EVI_cropped.tif,3164,3025,-9999.0,train
hls_california\HLS.S30.T10TEK.2021092T185921.v2.0_EVI_cropped.tif,3165,3026,19.093441009521484,train
hls_california\HLS.S30.T10TEK.2021092T185921.v2.0_EVI_cropped.tif,3166,3028,18.70807647705078,train
hls_california\HLS.S30.T10TEK.2021092T185921.v2.0_EVI_cropped.tif,3167,3029,14.818696022033691,train
hls_california\HLS.S30.T10TEK.2021092T185921.v2.0_EVI_cropped.tif,3169,3031,1.5648930072784424,train
hls_california\HLS.S30.T10TEK.2021092T185921.v2.0_EVI_cropped.tif,3170,3032,1.331116795539856,train
hls_california\HLS.S30.T10TEK.2021092T185921.v2.0_EVI_cropped.tif,3171,3034,1.3916254043579102,train
hls_california\HLS.S30.T10TEK.2021092T185921.v2.0_EVI_cropped.tif,3172,3036,1.697226881980896,train
hls_california\HLS.S30.T10TEK.2021092T185921.v2.0_EVI_cropped.tif,3173,3037,1.2284363508224487,train
hls_california\HLS.S30.T10TEK.2021092T185921.v2.0_EVI_cropped.tif,3174,3039,1.5007215738296509,train
hls_california\HLS.S30.T10TEK.2021092T185921.v2.0_EVI_cropped.tif,3175,3040,1.171596646308899,train
hls_california\HLS.S30.T10TEK.2021092T185921.v2.0_EVI_cropped.tif,3177,3042,1.3916254043579102,train
hls_california\HLS.S30.T10TEK.2021092T185921.v2.0_EVI_cropped.tif,3178,3043,1.331116795539856,train
hls_california\HLS.S30.T10TEK.2021092T185921.v2.0_EVI_cropped.tif,3179,3045,-9999.0,train
hls_california\HLS.S30.T10TEK.2021092T185921.v2.0_EVI_cropped.tif,3180,3046,18.70807647705078,train
hls_california\HLS.S30.T10TEK.2021092T185921.v2.0_EVI_cropped.tif,3181,3048,14.093643188476562,train
hls_california\HLS.S30.T10TEK.2021092T185921.v2.0_EVI_cropped.tif,3182,3049,17.310054779052734,train
hls_california\HLS.S30.T10TEK.2021092T185921.v2.0_EVI_cropped.tif,3184,3051,17.895105361938477,train
hls_california\HLS.S30.T10TEK.2021092T185921.v2.0_EVI_cropped.tif,3185,3052,9.515846252441406,train
hls_california\HLS.S30.T10TEK.2021092T185921.v2.0_EVI_cropped.tif,3186,3054,19.093441009521484,train
hls_california\HLS.S30.T10TEK.2021092T185921.v2.0_EVI_cropped.tif,3187,3055,16.321733474731445,train
hls_california\HLS.S30.T10TEK.2021092T185921.v2.0_EVI_cropped.tif,3188,3057,18.05630111694336,train
hls_california\HLS.S30.T10TEK.2021092T185921.v2.0_EVI_cropped.tif,3189,3058,17.310054779052734,train
hls_california\HLS.S30.T10TEK.2021092T185921.v2.0_EVI_cropped.tif,3191,3060,20.158594131469727,train
hls_california\HLS.S30.T10TEK.2021092T185921.v2.0_EVI_cropped.tif,3192,3061,-9999.0,train
hls_california\HLS.S30.T10TEK.2021092T185921.v2.0_EVI_cropped.tif,3193,3063,25.83782958984375,train
hls_california\HLS.S30.T10TEK.2021092T185921.v2.0_EVI_cropped.tif,3194,3064,21.661420822143555,train
hls_california\HLS.S30.T10TEK.2021092T185921.v2.0_EVI_cropped.tif,3195,3066,27.00260353088379,train
hls_california\HLS.S30.T10TEK.2021092T185921.v2.0_EVI_cropped.tif,3196,3067,-9999.0,train
hls_california\HLS.S30.T10TEK.2021092T185921.v2.0_EVI_cropped.tif,3197,3069,25.582347869873047,train
hls_california\HLS.S30.T10TEK.2021092T185921.v2.0_EVI_cropped.tif,3199,3070,24.385528564453125,train
hls_california\HLS.S30.T10TEK.2021092T185921.v2.0_EVI_cropped.tif,3200,3072,19.093441009521484,train
hls_california\HLS.S30.T10TEK.2021092T185921.v2.0_EVI_cropped.tif,3201,3073,20.78803062438965,train
hls_california\HLS.S30.T10TEK.2021092T185921.v2.0_EVI_cropped.tif,3202,3075,24.137086868286133,train
hls_california\HLS.S30.T10SGJ.2021096T183911.v2.0_EVI_cropped.tif,2698,98,113.0160903930664,val
hls_california\HLS.S30.T10SGJ.2021096T183911.v2.0_EVI_cropped.tif,2700,99,273.227783203125,val
hls_california\HLS.S30.T10SGJ.2021096T183911.v2.0_EVI_cropped.tif,2701,101,36.5646858215332,val
hls_california\HLS.S30.T10SGJ.2021096T183911.v2.0_EVI_cropped.tif,2702,103,31.955047607421875,val
hls_california\HLS.S30.T10SGJ.2021096T183911.v2.0_EVI_cropped.tif,2703,104,25.068777084350586,val
hls_california\HLS.S30.T10SGJ.2021096T183911.v2.0_EVI_cropped.tif,2704,106,49.500022888183594,val
hls_california\HLS.S30.T10SGJ.2021096T183911.v2.0_EVI_cropped.tif,2705,107,83.71809387207031,val
hls_california\HLS.S30.T10SGJ.2021096T183911.v2.0_EVI_cropped.tif,2707,109,113.46244812011719,val
hls_california\HLS.S30.T10SGJ.2021096T183911.v2.0_EVI_cropped.tif,2708,110,117.14549255371094,val
hls_california\HLS.S30.T10SGJ.2021096T183911.v2.0_EVI_cropped.tif,2709,112,47.66963195800781,val
hls_california\HLS.S30.T10SGJ.2021096T183911.v2.0_EVI_cropped.tif,2710,113,87.71490478515625,val
hls_california\HLS.S30.T10SGJ.2021096T183911.v2.0_EVI_cropped.tif,2711,115,105.0361557006836,val
hls_california\HLS.S30.T10SGJ.2021096T183911.v2.0_EVI_cropped.tif,2712,116,44.614627838134766,val
hls_california\HLS.S30.T10SGJ.2021096T183911.v2.0_EVI_cropped.tif,2714,118,52.48257064819336,val
hls_california\HLS.S30.T10SGJ.2021096T183911.v2.0_EVI_cropped.tif,2715,119,39.43602752685547,val
hls_california\HLS.S30.T10SGJ.2021096T183911.v2.0_EVI_cropped.tif,2716,121,111.1155014038086,val
hls_california\HLS.S30.T10SGJ.2021096T183911.v2.0_EVI_cropped.tif,2717,122,-9999.0,val
hls_california\HLS.S30.T10SGJ.2021096T183911.v2.0_EVI_cropped.tif,2718,124,-9999.0,val
hls_california\HLS.S30.T10SGJ.2021096T183911.v2.0_EVI_cropped.tif,2719,125,85.65660858154297,val
hls_california\HLS.S30.T10SGJ.2021096T183911.v2.0_EVI_cropped.tif,2721,127,124.2513656616211,val
hls_california\HLS.S30.T10SGJ.2021096T183911.v2.0_EVI_cropped.tif,2722,128,49.933509826660156,val
hls_california\HLS.S30.T10SGJ.2021096T183911.v2.0_EVI_cropped.tif,2723,130,136.81178283691406,val
hls_california\HLS.S30.T10SGJ.2021096T183911.v2.0_EVI_cropped.tif,2724,131,142.73252868652344,val
hls_california\HLS.S30.T10SGJ.2021096T183911.v2.0_EVI_cropped.tif,2725,133,-9999.0,val
hls_california\HLS.S30.T10SGJ.2021096T183911.v2.0_EVI_cropped.tif,2728,136,57.29458236694336,val
hls_california\HLS.S30.T10SGJ.2021096T183911.v2.0_EVI_cropped.tif,2729,137,55.26662063598633,val
hls_california\HLS.S30.T10SGJ.2021096T183911.v2.0_EVI_cropped.tif,2730,139,18.916784286499023,val
hls_california\HLS.S30.T10SGJ.2021096T183911.v2.0_EVI_cropped.tif,2731,140,-9999.0,val
hls_california\HLS.S30.T10SGJ.2021096T183911.v2.0_EVI_cropped.tif,2732,142,65.87732696533203,val
hls_california\HLS.S30.T10SGJ.2021096T183911.v2.0_EVI_cropped.tif,2733,144,91.28690338134766,val
hls_california\HLS.S30.T10SGJ.2021096T183911.v2.0_EVI_cropped.tif,2735,145,167.2812957763672,val
hls_california\HLS.S30.T10SGJ.2021096T183911.v2.0_EVI_cropped.tif,2736,147,180.38047790527344,val
hls_california\HLS.S30.T10SGJ.2021096T183911.v2.0_EVI_cropped.tif,2737,148,143.33041381835938,val
hls_california\HLS.S30.T10SGJ.2021096T183911.v2.0_EVI_cropped.tif,2738,150,269.3471374511719,val
hls_california\HLS.S30.T10SGJ.2021096T183911.v2.0_EVI_cropped.tif,2739,151,247.87899780273438,val
hls_california\HLS.S30.T10SGJ.2021096T183911.v2.0_EVI_cropped.tif,2740,153,-9999.0,val
hls_california\HLS.S30.T10SGJ.2021096T183911.v2.0_EVI_cropped.tif,2741,154,184.15740966796875,val
hls_california\HLS.S30.T10SGJ.2021096T183911.v2.0_EVI_cropped.tif,2743,156,114.1155014038086,val
hls_california\HLS.S30.T10SGJ.2021096T183911.v2.0_EVI_cropped.tif,2744,157,87.526123046875,val
hls_california\HLS.S30.T10SGJ.2021096T183911.v2.0_EVI_cropped.tif,2745,159,127.38019561767578,val
hls_california\HLS.S30.T10SGJ.2021096T183911.v2.0_EVI_cropped.tif,2746,160,146.92129516601562,val
hls_california\HLS.S30.T10SGJ.2021096T183911.v2.0_EVI_cropped.tif,2747,162,210.96617126464844,val
hls_california\HLS.S30.T10SGJ.2021096T183911.v2.0_EVI_cropped.tif,2748,163,149.22100830078125,val
hls_california\HLS.S30.T10SGJ.2021096T183911.v2.0_EVI_cropped.tif,2750,165,183.2499237060547,val
hls_california\HLS.S30.T10SGJ.2021096T183911.v2.0_EVI_cropped.tif,2751,166,243.5486602783203,val
hls_california\HLS.S30.T10SGJ.2021096T183911.v2.0_EVI_cropped.tif,2752,168,183.3052978515625,val
hls_california\HLS.S30.T10SGJ.2021096T183911.v2.0_EVI_cropped.tif,2753,169,154.65093994140625,val
hls_california\HLS.S30.T10SGJ.2021096T183911.v2.0_EVI_cropped.tif,2754,171,-9999.0,val
hls_california\HLS.S30.T10SGJ.2021096T183911.v2.0_EVI_cropped.tif,2755,172,76.42346954345703,val
hls_california\HLS.S30.T10SGJ.2021096T183911.v2.0_EVI_cropped.tif,2757,174,87.06720733642578,val
hls_california\HLS.S30.T10SGJ.2021096T183911.v2.0_EVI_cropped.tif,2758,176,95.90038299560547,val
hls_california\HLS.S30.T10SGJ.2021096T183911.v2.0_EVI_cropped.tif,2759,177,229.49510192871094,val
hls_california\HLS.S30.T10SGJ.2021096T183911.v2.0_EVI_cropped.tif,2760,178,671.1680297851562,val
hls_california\HLS.S30.T10SGJ.2021096T183911.v2.0_EVI_cropped.tif,2761,180,185.88705444335938,val
hls_california\HLS.S30.T10SGJ.2021096T183911.v2.0_EVI_cropped.tif,2762,181,330.1764221191406,val
hls_california\HLS.S30.T10SGJ.2021096T183911.v2.0_EVI_cropped.tif,2764,183,158.44830322265625,val
hls_california\HLS.S30.T10SGJ.2021096T183911.v2.0_EVI_cropped.tif,2765,185,233.9697265625,val
hls_california\HLS.S30.T10SGJ.2021096T183911.v2.0_EVI_cropped.tif,2766,186,204.10992431640625,val
hls_california\HLS.S30.T10SGJ.2021096T183911.v2.0_EVI_cropped.tif,2767,187,215.9102325439453,val
hls_california\HLS.S30.T10SGJ.2021096T183911.v2.0_EVI_cropped.tif,2768,189,285.19488525390625,val
hls_california\HLS.S30.T10SGJ.2021096T183911.v2.0_EVI_cropped.tif,2769,190,463.36248779296875,val
hls_california\HLS.S30.T10SGJ.2021096T183911.v2.0_EVI_cropped.tif,2771,192,151.6278533935547,val
hls_california\HLS.S30.T10SGJ.2021096T183911.v2.0_EVI_cropped.tif,2772,193,138.3370819091797,val
hls_california\HLS.S30.T10SGJ.2021096T183911.v2.0_EVI_cropped.tif,2773,195,346.10882568359375,val
hls_california\HLS.S30.T10SGJ.2021096T183911.v2.0_EVI_cropped.tif,2774,196,398.13385009765625,val
hls_california\HLS.S30.T10SGJ.2021096T183911.v2.0_EVI_cropped.tif,2775,198,170.97171020507812,val
hls_california\HLS.S30.T10SGJ.2021096T183911.v2.0_EVI_cropped.tif,2776,199,174.28851318359375,val
hls_california\HLS.S30.T10SGJ.2021096T183911.v2.0_EVI_cropped.tif,2777,201,106.63713073730469,val
hls_california\HLS.S30.T10SGJ.2021096T183911.v2.0_EVI_cropped.tif,2779,202,125.5602798461914,val
hls_california\HLS.S30.T10SGJ.2021096T183911.v2.0_EVI_cropped.tif,2780,204,202.80348205566406,val
hls_california\HLS.S30.T10SGJ.2021096T183911.v2.0_EVI_cropped.tif,2781,205,198.3816375732422,val
hls_california\HLS.S30.T10SGJ.2021096T183911.v2.0_EVI_cropped.tif,2782,207,144.00234985351562,val
hls_california\HLS.S30.T10SGJ.2021096T183911.v2.0_EVI_cropped.tif,2783,208,274.4715576171875,val
hls_california\HLS.S30.T10SGJ.2021096T183911.v2.0_EVI_cropped.tif,2784,210,202.11082458496094,val
hls_california\HLS.S30.T10SGJ.2021096T183911.v2.0_EVI_cropped.tif,2786,211,108.56375122070312,val
hls_california\HLS.S30.T10SGJ.2021096T183911.v2.0_EVI_cropped.tif,2787,213,288.1130065917969,val
hls_california\HLS.S30.T10SGJ.2021096T183911.v2.0_EVI_cropped.tif,2788,214,226.98748779296875,val
hls_california\HLS.S30.T10SGJ.2021096T183911.v2.0_EVI_cropped.tif,2789,216,184.9502716064453,val
hls_california\HLS.S30.T10SGJ.2021096T183911.v2.0_EVI_cropped.tif,2790,217,46.65077590942383,val
hls_california\HLS.S30.T10SGJ.2021096T183911.v2.0_EVI_cropped.tif,2791,219,115.60504913330078,val
hls_california\HLS.S30.T10SGJ.2021096T183911.v2.0_EVI_cropped.tif,2793,220,129.21043395996094,val
hls_california\HLS.S30.T10SGJ.2021096T183911.v2.0_EVI_cropped.tif,2794,222,128.3929443359375,val
hls_california\HLS.S30.T10SGJ.2021096T183911.v2.0_EVI_cropped.tif,2795,223,23.513471603393555,val
hls_california\HLS.S30.T10SGJ.2021096T183911.v2.0_EVI_cropped.tif,2796,225,21.725242614746094,val
hls_california\HLS.S30.T10SGJ.2021096T183911.v2.0_EVI_cropped.tif,2797,226,-9999.0,val
hls_california\HLS.S30.T10SGJ.2021096T183911.v2.0_EVI_cropped.tif,2798,228,-9999.0,val
hls_california\HLS.S30.T10SGJ.2021096T183911.v2.0_EVI_cropped.tif,2799,229,35.9013786315918,val
hls_california\HLS.S30.T10SGJ.2021096T183911.v2.0_EVI_cropped.tif,2801,231,31.330198287963867,val
hls_california\HLS.S30.T10SGJ.2021096T183911.v2.0_EVI_cropped.tif,2802,233,16.897342681884766,val
hls_california\HLS.S30.T10SGJ.2021096T183911.v2.0_EVI_cropped.tif,2803,234,19.46367645263672,val
hls_california\HLS.S30.T10SGJ.2021096T183911.v2.0_EVI_cropped.tif,2804,236,24.138105392456055,val
hls_california\HLS.S30.T10SGJ.2021096T183911.v2.0_EVI_cropped.tif,2805,237,250.03076171875,val
hls_california\HLS.S30.T10SGJ.2021096T183911.v2.0_EVI_cropped.tif,2806,239,114.9704360961914,val
hls_california\HLS.S30.T10SGJ.2021096T183911.v2.0_EVI_cropped.tif,2808,240,181.28274536132812,val
hls_california\HLS.S30.T10SGJ.2021096T183911.v2.0_EVI_cropped.tif,2809,242,265.771240234375,val
hls_california\HLS.S30.T10SGJ.2021096T183911.v2.0_EVI_cropped.tif,2810,243,303.488037109375,val
hls_california\HLS.S30.T10SGJ.2021096T183911.v2.0_EVI_cropped.tif,2811,245,211.40548706054688,val
hls_california\HLS.S30.T10SGJ.2021096T183911.v2.0_EVI_cropped.tif,2812,246,197.1937713623047,val
hls_california\HLS.S30.T10SGJ.2021096T183911.v2.0_EVI_cropped.tif,2813,248,189.87969970703125,val
hls_california\HLS.S30.T10SGJ.2021096T183911.v2.0_EVI_cropped.tif,2815,249,117.60237884521484,val
hls_california\HLS.S30.T10SGJ.2021096T183911.v2.0_EVI_cropped.tif,2816,251,15.030091285705566,val
hls_california\HLS.S30.T10SGJ.2021096T183911.v2.0_EVI_cropped.tif,2817,252,15.40256404876709,val
hls_california\HLS.S30.T10SGJ.2021096T183911.v2.0_EVI_cropped.tif,2818,254,15.120341300964355,val
hls_california\HLS.S30.T10SGJ.2021096T183911.v2.0_EVI_cropped.tif,2819,255,14.927242279052734,val
hls_california\HLS.S30.T10SGJ.2021096T183911.v2.0_EVI_cropped.tif,2820,257,260.05914306640625,val
hls_california\HLS.S30.T10SGJ.2021096T183911.v2.0_EVI_cropped.tif,2821,258,156.68692016601562,val
hls_california\HLS.S30.T10SGJ.2021096T183911.v2.0_EVI_cropped.tif,2823,260,90.00355529785156,val
hls_california\HLS.S30.T10SGJ.2021096T183911.v2.0_EVI_cropped.tif,2824,261,148.23095703125,val
hls_california\HLS.S30.T10SGJ.2021096T183911.v2.0_EVI_cropped.tif,2825,263,117.17526245117188,val
hls_california\HLS.S30.T10SGJ.2021096T183911.v2.0_EVI_cropped.tif,2826,264,115.12420654296875,val
hls_california\HLS.S30.T10SGJ.2021096T183911.v2.0_EVI_cropped.tif,2827,266,247.63040161132812,val
hls_california\HLS.S30.T10SGJ.2021096T183911.v2.0_EVI_cropped.tif,2828,267,129.7052764892578,val
hls_california\HLS.S30.T10SGJ.2021096T183911.v2.0_EVI_cropped.tif,2830,269,69.64221954345703,val
hls_california\HLS.S30.T10SGJ.2021096T183911.v2.0_EVI_cropped.tif,2831,270,134.0824432373047,val
hls_california\HLS.S30.T10SGJ.2021096T183911.v2.0_EVI_cropped.tif,2832,272,52.23277282714844,val
hls_california\HLS.S30.T10SGJ.2021096T183911.v2.0_EVI_cropped.tif,2833,273,103.98624420166016,val
hls_california\HLS.S30.T10SGJ.2021096T183911.v2.0_EVI_cropped.tif,2834,275,92.45024108886719,val
hls_california\HLS.S30.T10SGJ.2021096T183911.v2.0_EVI_cropped.tif,2835,276,90.26079559326172,val
hls_california\HLS.S30.T10SGJ.2021096T183911.v2.0_EVI_cropped.tif,2837,278,294.8228454589844,val
hls_california\HLS.S30.T10SGJ.2021096T183911.v2.0_EVI_cropped.tif,2838,279,180.2233123779297,val
hls_california\HLS.S30.T10SGJ.2021096T183911.v2.0_EVI_cropped.tif,2839,281,129.0475616455078,val
hls_california\HLS.S30.T10SGJ.2021096T183911.v2.0_EVI_cropped.tif,2840,282,121.69998168945312,val
hls_california\HLS.S30.T10SGJ.2021096T183911.v2.0_EVI_cropped.tif,2841,284,444.0743103027344,val
hls_california\HLS.S30.T10SGJ.2021096T183911.v2.0_EVI_cropped.tif,2842,285,284.6962585449219,val
hls_california\HLS.S30.T10SGJ.2021096T183911.v2.0_EVI_cropped.tif,2844,287,60.09467315673828,val
hls_california\HLS.S30.T10SGJ.2021096T183911.v2.0_EVI_cropped.tif,2845,289,257.0685119628906,val
hls_california\HLS.S30.T10SGJ.2021096T183911.v2.0_EVI_cropped.tif,2846,290,463.697265625,val
hls_california\HLS.S30.T10SGJ.2021096T183911.v2.0_EVI_cropped.tif,2847,292,471.49444580078125,val
hls_california\HLS.S30.T10SGJ.2021096T183911.v2.0_EVI_cropped.tif,2848,293,206.4657745361328,val
hls_california\HLS.S30.T10SGJ.2021096T183911.v2.0_EVI_cropped.tif,2851,296,159.1927032470703,val
hls_california\HLS.S30.T10SGJ.2021096T183911.v2.0_EVI_cropped.tif,2852,298,308.2275390625,val
hls_california\HLS.S30.T10SGJ.2021096T183911.v2.0_EVI_cropped.tif,2853,299,34.65342330932617,val
hls_california\HLS.S30.T10SGJ.2021096T183911.v2.0_EVI_cropped.tif,2854,301,83.49334716796875,val
hls_california\HLS.S30.T10SGJ.2021096T183911.v2.0_EVI_cropped.tif,2855,302,38.95591354370117,val
hls_california\HLS.S30.T10SGJ.2021096T183911.v2.0_EVI_cropped.tif,2856,304,40.17870330810547,val
hls_california\HLS.S30.T10SGJ.2021096T183911.v2.0_EVI_cropped.tif,2858,305,74.04058837890625,val
hls_california\HLS.S30.T10SGJ.2021096T183911.v2.0_EVI_cropped.tif,2859,307,30.250232696533203,val
hls_california\HLS.S30.T10SGJ.2021096T183911.v2.0_EVI_cropped.tif,2860,308,172.678955078125,val
hls_california\HLS.S30.T10SGJ.2021096T183911.v2.0_EVI_cropped.tif,2861,310,175.42237854003906,val
hls_california\HLS.S30.T10SGJ.2021096T183911.v2.0_EVI_cropped.tif,2862,311,19.408740997314453,val
hls_california\HLS.S30.T10SGJ.2021096T183911.v2.0_EVI_cropped.tif,2863,313,67.3209457397461,val
hls_california\HLS.S30.T10SGJ.2021096T183911.v2.0_EVI_cropped.tif,2864,314,47.77521896362305,val
hls_california\HLS.S30.T10SGJ.2021096T183911.v2.0_EVI_cropped.tif,2866,316,115.83744049072266,val
hls_california\HLS.S30.T10SGJ.2021096T183911.v2.0_EVI_cropped.tif,2867,317,167.62783813476562,val
hls_california\HLS.S30.T10SGJ.2021096T183911.v2.0_EVI_cropped.tif,2868,319,171.22999572753906,val
hls_california\HLS.S30.T10SGJ.2021096T183911.v2.0_EVI_cropped.tif,2869,320,332.2908935546875,val
hls_california\HLS.S30.T10SGJ.2021096T183911.v2.0_EVI_cropped.tif,2870,322,595.735595703125,val
hls_california\HLS.S30.T10SGJ.2021096T183911.v2.0_EVI_cropped.tif,2871,323,223.1986846923828,val
hls_california\HLS.S30.T10SGJ.2021096T183911.v2.0_EVI_cropped.tif,2873,325,61.744773864746094,val
hls_california\HLS.S30.T10SGJ.2021096T183911.v2.0_EVI_cropped.tif,2874,326,445.4909362792969,val
hls_california\HLS.S30.T10SGJ.2021096T183911.v2.0_EVI_cropped.tif,2875,328,270.17987060546875,val
hls_california\HLS.S30.T10SGJ.2021096T183911.v2.0_EVI_cropped.tif,2876,329,279.17608642578125,val
hls_california\HLS.S30.T10SGJ.2021096T183911.v2.0_EVI_cropped.tif,2877,331,-9999.0,val
hls_california\HLS.S30.T10SGJ.2021096T183911.v2.0_EVI_cropped.tif,2878,332,305.4144287109375,val
hls_california\HLS.S30.T10SGJ.2021096T183911.v2.0_EVI_cropped.tif,2880,334,197.85745239257812,val
hls_california\HLS.S30.T10SGJ.2021096T183911.v2.0_EVI_cropped.tif,2881,335,-9999.0,val
hls_california\HLS.S30.T10SGJ.2021096T183911.v2.0_EVI_cropped.tif,2882,337,374.6875915527344,val
hls_california\HLS.S30.T10SGJ.2021096T183911.v2.0_EVI_cropped.tif,2883,338,177.10008239746094,val
hls_california\HLS.S30.T10SGJ.2021096T183911.v2.0_EVI_cropped.tif,2884,340,314.7826232910156,val
hls_california\HLS.S30.T10SGJ.2021096T183911.v2.0_EVI_cropped.tif,2885,341,335.27532958984375,val
hls_california\HLS.S30.T10SGJ.2021096T183911.v2.0_EVI_cropped.tif,2886,343,220.8372802734375,val
hls_california\HLS.S30.T10SGJ.2021096T183911.v2.0_EVI_cropped.tif,2888,344,103.52022552490234,val
hls_california\HLS.S30.T10SGJ.2021096T183911.v2.0_EVI_cropped.tif,2889,346,67.6851577758789,val
hls_california\HLS.S30.T10SGJ.2021096T183911.v2.0_EVI_cropped.tif,2890,347,107.17216491699219,val
hls_california\HLS.S30.T10SGJ.2021096T183911.v2.0_EVI_cropped.tif,2891,349,86.34015655517578,val
hls_california\HLS.S30.T10SGJ.2021096T183911.v2.0_EVI_cropped.tif,2892,350,101.96199798583984,val
hls_california\HLS.S30.T10SGJ.2021096T183911.v2.0_EVI_cropped.tif,2893,352,97.7442626953125,val
hls_california\HLS.S30.T10SGJ.2021096T183911.v2.0_EVI_cropped.tif,2895,354,-9999.0,val
hls_california\HLS.S30.T10SGJ.2021096T183911.v2.0_EVI_cropped.tif,2896,355,40.29227828979492,val
hls_california\HLS.S30.T10SGJ.2021096T183911.v2.0_EVI_cropped.tif,2897,357,-9999.0,val
hls_california\HLS.S30.T10SGJ.2021096T183911.v2.0_EVI_cropped.tif,2898,358,535.818359375,val
hls_california\HLS.S30.T10SGJ.2021096T183911.v2.0_EVI_cropped.tif,2899,360,735.9190063476562,val
hls_california\HLS.S30.T10SGJ.2021096T183911.v2.0_EVI_cropped.tif,2900,361,472.7411804199219,val
hls_california\HLS.S30.T10SGJ.2021096T183911.v2.0_EVI_cropped.tif,2902,363,339.12518310546875,val
hls_california\HLS.S30.T10SGJ.2021096T183911.v2.0_EVI_cropped.tif,2903,364,268.68994140625,val
hls_california\HLS.S30.T10SGJ.2021096T183911.v2.0_EVI_cropped.tif,2904,366,207.02882385253906,val
hls_california\HLS.S30.T10SGJ.2021096T183911.v2.0_EVI_cropped.tif,2905,367,25.38929557800293,val
hls_california\HLS.S30.T10SGJ.2021096T183911.v2.0_EVI_cropped.tif,2906,369,81.82087707519531,val
hls_california\HLS.S30.T10SGJ.2021096T183911.v2.0_EVI_cropped.tif,2907,370,57.622215270996094,val
hls_california\HLS.S30.T10SGJ.2021096T183911.v2.0_EVI_cropped.tif,2909,372,155.9337921142578,val
hls_california\HLS.S30.T10SGJ.2021096T183911.v2.0_EVI_cropped.tif,2910,373,35.81930923461914,val
hls_california\HLS.S30.T10SGJ.2021096T183911.v2.0_EVI_cropped.tif,2911,375,27.40218734741211,val
hls_california\HLS.S30.T10SGJ.2021096T183911.v2.0_EVI_cropped.tif,2913,378,29.139894485473633,val
hls_california\HLS.S30.T10SGJ.2021096T183911.v2.0_EVI_cropped.tif,2914,379,-9999.0,val
hls_california\HLS.S30.T10SGJ.2021096T183911.v2.0_EVI_cropped.tif,2915,381,61.113746643066406,val
hls_california\HLS.S30.T10SGJ.2021096T183911.v2.0_EVI_cropped.tif,2917,382,44.708412170410156,val
hls_california\HLS.S30.T10SGJ.2021096T183911.v2.0_EVI_cropped.tif,2918,384,33.44511032104492,val
hls_california\HLS.S30.T10SGJ.2021096T183911.v2.0_EVI_cropped.tif,2919,385,44.86109924316406,val
hls_california\HLS.S30.T10SGJ.2021096T183911.v2.0_EVI_cropped.tif,2920,387,-9999.0,val
hls_california\HLS.S30.T10SGJ.2021096T183911.v2.0_EVI_cropped.tif,2921,388,-9999.0,val
hls_california\HLS.S30.T10SGJ.2021096T183911.v2.0_EVI_cropped.tif,2922,390,15.695310592651367,val
hls_california\HLS.S30.T10SGJ.2021096T183911.v2.0_EVI_cropped.tif,2924,391,20.447776794433594,val
hls_california\HLS.S30.T10SGJ.2021096T183911.v2.0_EVI_cropped.tif,2925,393,-9999.0,val
hls_california\HLS.S30.T10SGJ.2021096T183911.v2.0_EVI_cropped.tif,2926,394,64.0073471069336,val
hls_california\HLS.S30.T10SGJ.2021096T183911.v2.0_EVI_cropped.tif,2927,396,32.05571746826172,val
hls_california\HLS.S30.T10SGJ.2021096T183911.v2.0_EVI_cropped.tif,2928,397,-9999.0,val
hls_california\HLS.S30.T10SGJ.2021096T183911.v2.0_EVI_cropped.tif,2929,399,29.191076278686523,val
hls_california\HLS.S30.T10SGJ.2021096T183911.v2.0_EVI_cropped.tif,2931,400,21.54710578918457,val
hls_california\HLS.S30.T10SGJ.2021096T183911.v2.0_EVI_cropped.tif,2932,402,18.62542152404785,val
hls_california\HLS.S30.T10SGJ.2021096T183911.v2.0_EVI_cropped.tif,2933,403,16.29011344909668,val
hls_california\HLS.S30.T10SGJ.2021096T183911.v2.0_EVI_cropped.tif,2934,405,17.572154998779297,val
hls_california\HLS.S30.T10SGJ.2021096T183911.v2.0_EVI_cropped.tif,2935,406,17.657764434814453,val
hls_california\HLS.S30.T10SGJ.2021096T183911.v2.0_EVI_cropped.tif,2936,408,27.948719024658203,val
hls_california\HLS.S30.T10SGJ.2021096T183911.v2.0_EVI_cropped.tif,2938,409,71.64895629882812,val
hls_california\HLS.S30.T10SGJ.2021096T183911.v2.0_EVI_cropped.tif,2939,411,98.15880584716797,val
hls_california\HLS.S30.T10SGJ.2021096T183911.v2.0_EVI_cropped.tif,2940,413,47.647315979003906,val
hls_california\HLS.S30.T10SGJ.2021096T183911.v2.0_EVI_cropped.tif,2941,414,22.89113998413086,val
hls_california\HLS.S30.T10SGJ.2021096T183911.v2.0_EVI_cropped.tif,2942,416,15.366510391235352,val
hls_california\HLS.S30.T10SGJ.2021096T183911.v2.0_EVI_cropped.tif,2943,417,79.97003936767578,val
hls_california\HLS.S30.T10SGJ.2021096T183911.v2.0_EVI_cropped.tif,2945,419,57.149253845214844,val
hls_california\HLS.S30.T10SGJ.2021096T183911.v2.0_EVI_cropped.tif,2946,420,131.42010498046875,val
hls_california\HLS.S30.T10SGJ.2021096T183911.v2.0_EVI_cropped.tif,2947,422,169.44232177734375,val
hls_california\HLS.S30.T10SGJ.2021096T183911.v2.0_EVI_cropped.tif,2948,423,114.64734649658203,val
hls_california\HLS.S30.T10SGJ.2021096T183911.v2.0_EVI_cropped.tif,2949,425,85.17366027832031,val
hls_california\HLS.S30.T10SGJ.2021096T183911.v2.0_EVI_cropped.tif,2950,426,35.45094299316406,val
hls_california\HLS.S30.T10SGJ.2021096T183911.v2.0_EVI_cropped.tif,2952,428,47.03315353393555,val
hls_california\HLS.S30.T10SGJ.2021096T183911.v2.0_EVI_cropped.tif,2953,429,66.46778869628906,val
hls_california\HLS.S30.T10SGJ.2021096T183911.v2.0_EVI_cropped.tif,2954,431,77.81130981445312,val
hls_california\HLS.S30.T10SGJ.2021096T183911.v2.0_EVI_cropped.tif,2955,432,56.2652702331543,val
hls_california\HLS.S30.T10SGJ.2021096T183911.v2.0_EVI_cropped.tif,2956,434,73.38450622558594,val
hls_california\HLS.S30.T10SGJ.2021096T183911.v2.0_EVI_cropped.tif,2957,435,105.64020538330078,val
hls_california\HLS.S30.T10SGJ.2021096T183911.v2.0_EVI_cropped.tif,2959,437,113.01172637939453,val
hls_california\HLS.S30.T10SGJ.2021096T183911.v2.0_EVI_cropped.tif,2960,438,66.52305603027344,val
hls_california\HLS.S30.T10SGJ.2021096T183911.v2.0_EVI_cropped.tif,2961,440,-9999.0,val
hls_california\HLS.S30.T10SGJ.2021096T183911.v2.0_EVI_cropped.tif,2962,441,176.62533569335938,val
hls_california\HLS.S30.T10SGJ.2021096T183911.v2.0_EVI_cropped.tif,2963,443,166.862548828125,val
hls_california\HLS.S30.T10SGJ.2021096T183911.v2.0_EVI_cropped.tif,2964,444,40.42481994628906,val
hls_california\HLS.S30.T10SGJ.2021096T183911.v2.0_EVI_cropped.tif,2965,446,82.8127670288086,val
hls_california\HLS.S30.T10SGJ.2021096T183911.v2.0_EVI_cropped.tif,2967,447,26.45939826965332,val
hls_california\HLS.S30.T10SGJ.2021096T183911.v2.0_EVI_cropped.tif,2968,449,22.00674057006836,val
hls_california\HLS.S30.T10SGJ.2021096T183911.v2.0_EVI_cropped.tif,2969,450,17.04726219177246,val
hls_california\HLS.S30.T10SGJ.2021096T183911.v2.0_EVI_cropped.tif,2970,452,-9999.0,val
hls_california\HLS.S30.T10SGJ.2021096T183911.v2.0_EVI_cropped.tif,2971,453,80.18318939208984,val
hls_california\HLS.S30.T10SGJ.2021096T183911.v2.0_EVI_cropped.tif,2972,455,82.51531219482422,val
hls_california\HLS.S30.T10SGJ.2021096T183911.v2.0_EVI_cropped.tif,2974,456,147.83717346191406,val
hls_california\HLS.S30.T10SGJ.2021096T183911.v2.0_EVI_cropped.tif,2975,458,38.842533111572266,val
hls_california\HLS.S30.T10SGJ.2021096T183911.v2.0_EVI_cropped.tif,2976,459,46.4656867980957,val
hls_california\HLS.S30.T10SGJ.2021096T183911.v2.0_EVI_cropped.tif,2977,461,40.314422607421875,val
hls_california\HLS.S30.T10SGJ.2021096T183911.v2.0_EVI_cropped.tif,2978,462,10.279376983642578,val
hls_california\HLS.S30.T10SGJ.2021096T183911.v2.0_EVI_cropped.tif,2979,464,7.294233322143555,val
hls_california\HLS.S30.T10SGJ.2021096T183911.v2.0_EVI_cropped.tif,2981,465,27.528209686279297,val
hls_california\HLS.S30.T10SGJ.2021096T183911.v2.0_EVI_cropped.tif,2982,467,17.257335662841797,val
hls_california\HLS.S30.T10SGJ.2021096T183911.v2.0_EVI_cropped.tif,2983,468,65.77717590332031,val
hls_california\HLS.S30.T10SGJ.2021096T183911.v2.0_EVI_cropped.tif,2984,470,16.475910186767578,val
hls_california\HLS.S30.T10SGJ.2021096T183911.v2.0_EVI_cropped.tif,2985,471,1.6303950548171997,val
hls_california\HLS.S30.T10SGJ.2021096T183911.v2.0_EVI_cropped.tif,2986,473,5.244015216827393,val
hls_california\HLS.S30.T10SGJ.2021096T183911.v2.0_EVI_cropped.tif,2987,474,2.772066354751587,val
hls_california\HLS.S30.T10SGJ.2021096T183911.v2.0_EVI_cropped.tif,2989,476,3.013622760772705,val
hls_california\HLS.S30.T10SGJ.2021096T183911.v2.0_EVI_cropped.tif,2990,477,4.615955829620361,val
hls_california\HLS.S30.T10SGJ.2021096T183911.v2.0_EVI_cropped.tif,2991,479,2.6866989135742188,val
hls_california\HLS.S30.T10SGJ.2021096T183911.v2.0_EVI_cropped.tif,2992,480,-9999.0,val
hls_california\HLS.S30.T10SGJ.2021096T183911.v2.0_EVI_cropped.tif,2993,482,1.331116795539856,val
hls_california\HLS.S30.T10SGJ.2021096T183911.v2.0_EVI_cropped.tif,2994,483,1.5007215738296509,val
hls_california\HLS.S30.T10SGJ.2021096T183911.v2.0_EVI_cropped.tif,2996,485,1.8173799514770508,val
hls_california\HLS.S30.T10SGJ.2021096T183911.v2.0_EVI_cropped.tif,2997,486,1.9596763849258423,val
hls_california\HLS.S30.T10SGJ.2021096T183911.v2.0_EVI_cropped.tif,2998,488,1.8173799514770508,val
hls_california\HLS.S30.T10SGJ.2021096T183911.v2.0_EVI_cropped.tif,2999,489,-9999.0,val
hls_california\HLS.S30.T10SGJ.2021096T183911.v2.0_EVI_cropped.tif,3000,491,1.4534664154052734,val
hls_california\HLS.S30.T10SGJ.2021096T183911.v2.0_EVI_cropped.tif,3001,492,1.2719420194625854,val
hls_california\HLS.S30.T10SGJ.2021096T183911.v2.0_EVI_cropped.tif,3002,494,-9999.0,val
hls_california\HLS.S30.T10SGJ.2021096T183911.v2.0_EVI_cropped.tif,3004,495,1.5007215738296509,val
hls_california\HLS.S30.T10SGJ.2021096T183911.v2.0_EVI_cropped.tif,3005,497,0.9703503251075745,val
hls_california\HLS.S30.T10SGJ.2021096T183911.v2.0_EVI_cropped.tif,3006,498,1.5007215738296509,val
hls_california\HLS.S30.T10SGJ.2021096T183911.v2.0_EVI_cropped.tif,3007,500,1.5007215738296509,val
hls_california\HLS.S30.T10SGJ.2021096T183911.v2.0_EVI_cropped.tif,3008,501,1.4534664154052734,val
hls_california\HLS.S30.T10SGJ.2021096T183911.v2.0_EVI_cropped.tif,3009,503,1.4534664154052734,val
hls_california\HLS.S30.T10SGJ.2021096T183911.v2.0_EVI_cropped.tif,3011,504,-9999.0,val
hls_california\HLS.S30.T10SGJ.2021096T183911.v2.0_EVI_cropped.tif,3012,506,1.5007215738296509,val
hls_california\HLS.S30.T10SGJ.2021096T183911.v2.0_EVI_cropped.tif,3013,508,1.0619252920150757,val
hls_california\HLS.S30.T10SGJ.2021096T183911.v2.0_EVI_cropped.tif,3014,509,1.2284363508224487,val
hls_california\HLS.S30.T10SGJ.2021096T183911.v2.0_EVI_cropped.tif,3015,511,1.171596646308899,val
hls_california\HLS.S30.T10SGJ.2021096T183911.v2.0_EVI_cropped.tif,3016,512,1.331116795539856,val
hls_california\HLS.S30.T10SGJ.2021096T183911.v2.0_EVI_cropped.tif,3018,514,1.1160929203033447,val
hls_california\HLS.S30.T10SGJ.2021096T183911.v2.0_EVI_cropped.tif,3019,515,0.9703503251075745,val
hls_california\HLS.S30.T10SGJ.2021096T183911.v2.0_EVI_cropped.tif,3020,517,1.4534664154052734,val
hls_california\HLS.S30.T10SGJ.2021096T183911.v2.0_EVI_cropped.tif,3021,518,2.299227714538574,val
hls_california\HLS.S30.T10SGJ.2021096T183911.v2.0_EVI_cropped.tif,3022,520,3.6241109371185303,val
hls_california\HLS.S30.T10SGJ.2021096T183911.v2.0_EVI_cropped.tif,3023,521,8.221494674682617,val
hls_california\HLS.S30.T10SGJ.2021096T183911.v2.0_EVI_cropped.tif,3025,523,6.784017086029053,val
hls_california\HLS.S30.T10SGJ.2021096T183911.v2.0_EVI_cropped.tif,3026,524,-9999.0,val
hls_california\HLS.S30.T10SGJ.2021096T183911.v2.0_EVI_cropped.tif,3027,526,5.818078994750977,val
hls_california\HLS.S30.T10SGJ.2021096T183911.v2.0_EVI_cropped.tif,3028,527,-9999.0,val
hls_california\HLS.S30.T10SGJ.2021096T183911.v2.0_EVI_cropped.tif,3029,529,1.5007215738296509,val
hls_california\HLS.S30.T10SGJ.2021096T183911.v2.0_EVI_cropped.tif,3030,530,39.99805450439453,val
hls_california\HLS.S30.T10SGJ.2021096T183911.v2.0_EVI_cropped.tif,3031,532,204.53155517578125,val
hls_california\HLS.S30.T10SGJ.2021096T183911.v2.0_EVI_cropped.tif,3033,533,301.4211120605469,val
hls_california\HLS.S30.T10SGJ.2021096T183911.v2.0_EVI_cropped.tif,3034,535,207.57977294921875,val
hls_california\HLS.S30.T10SGJ.2021096T183911.v2.0_EVI_cropped.tif,3035,536,227.70924377441406,val
hls_california\HLS.S30.T10SGJ.2021096T183911.v2.0_EVI_cropped.tif,3036,538,257.9819641113281,val
hls_california\HLS.S30.T10SGJ.2021096T183911.v2.0_EVI_cropped.tif,3037,539,306.68951416015625,val
hls_california\HLS.S30.T10SGJ.2021096T183911.v2.0_EVI_cropped.tif,3038,541,259.90087890625,val
hls_california\HLS.S30.T10SGJ.2021096T183911.v2.0_EVI_cropped.tif,3040,542,294.6933288574219,val
hls_california\HLS.S30.T10SGJ.2021096T183911.v2.0_EVI_cropped.tif,3041,544,250.47222900390625,val
hls_california\HLS.S30.T10SGJ.2021096T183911.v2.0_EVI_cropped.tif,3042,545,84.86791229248047,val
hls_california\HLS.S30.T10SGJ.2021096T183911.v2.0_EVI_cropped.tif,3043,547,29.608701705932617,val
hls_california\HLS.S30.T10SGJ.2021096T183911.v2.0_EVI_cropped.tif,3044,548,-9999.0,val
hls_california\HLS.S30.T10SGJ.2021096T183911.v2.0_EVI_cropped.tif,3045,550,33.917823791503906,val
hls_california\HLS.S30.T10SGJ.2021096T183911.v2.0_EVI_cropped.tif,3047,551,18.1894474029541,val
hls_california\HLS.S30.T10SGJ.2021096T183911.v2.0_EVI_cropped.tif,3048,553,17.37624740600586,val
hls_california\HLS.S30.T10SGJ.2021096T183911.v2.0_EVI_cropped.tif,3050,556,191.51161193847656,val
hls_california\HLS.S30.T10SGJ.2021096T183911.v2.0_EVI_cropped.tif,3051,557,165.13267517089844,val
hls_california\HLS.S30.T10SGJ.2021096T183911.v2.0_EVI_cropped.tif,3052,559,212.18397521972656,val
hls_california\HLS.S30.T10SGJ.2021096T183911.v2.0_EVI_cropped.tif,3054,560,15.251653671264648,val
hls_california\HLS.S30.T10SGJ.2021096T183911.v2.0_EVI_cropped.tif,3055,562,94.18144989013672,val
hls_california\HLS.S30.T10SGJ.2021096T183911.v2.0_EVI_cropped.tif,3056,563,77.53727722167969,val
hls_california\HLS.S30.T10SGJ.2021096T183911.v2.0_EVI_cropped.tif,3057,565,57.18047332763672,val
hls_california\HLS.S30.T10SGJ.2021096T183911.v2.0_EVI_cropped.tif,3058,566,72.64189910888672,val
hls_california\HLS.S30.T10SGJ.2021096T183911.v2.0_EVI_cropped.tif,3059,568,71.87435913085938,val
hls_california\HLS.S30.T10SGJ.2021096T183911.v2.0_EVI_cropped.tif,3061,569,184.4716339111328,val
hls_california\HLS.S30.T10SGJ.2021096T183911.v2.0_EVI_cropped.tif,3062,571,-9999.0,val
hls_california\HLS.S30.T10SGJ.2021096T183911.v2.0_EVI_cropped.tif,3063,572,231.1849365234375,val
hls_california\HLS.S30.T10SGJ.2021096T183911.v2.0_EVI_cropped.tif,3064,574,331.5981750488281,val
hls_california\HLS.S30.T10SGJ.2021096T183911.v2.0_EVI_cropped.tif,3065,575,15.824055671691895,val
hls_california\HLS.S30.T10SGJ.2021096T183911.v2.0_EVI_cropped.tif,3066,577,81.48382568359375,val
hls_california\HLS.S30.T10SGJ.2021096T183911.v2.0_EVI_cropped.tif,3067,578,34.392452239990234,val
hls_california\HLS.S30.T10SGJ.2021096T183911.v2.0_EVI_cropped.tif,3069,580,88.63988494873047,val
hls_california\HLS.S30.T10SGJ.2021096T183911.v2.0_EVI_cropped.tif,3070,581,81.83805084228516,val
hls_california\HLS.S30.T10SGJ.2021096T183911.v2.0_EVI_cropped.tif,3071,583,53.56277847290039,val
hls_california\HLS.S30.T10SGJ.2021096T183911.v2.0_EVI_cropped.tif,3091,609,138.44265747070312,val
hls_california\HLS.S30.T10SGJ.2021096T183911.v2.0_EVI_cropped.tif,3092,610,140.7531280517578,val
hls_california\HLS.S30.T10SGJ.2021096T183911.v2.0_EVI_cropped.tif,3093,612,-9999.0,val
hls_california\HLS.S30.T10SGJ.2021096T183911.v2.0_EVI_cropped.tif,3094,613,28.734464645385742,val
hls_california\HLS.S30.T10SGJ.2021096T183911.v2.0_EVI_cropped.tif,3095,615,155.32008361816406,val
hls_california\HLS.S30.T10SGJ.2021096T183911.v2.0_EVI_cropped.tif,3096,616,19.556381225585938,val
hls_california\HLS.S30.T10SGJ.2021096T183911.v2.0_EVI_cropped.tif,3098,618,108.2711410522461,val
hls_california\HLS.S30.T10SGJ.2021096T183911.v2.0_EVI_cropped.tif,3099,619,122.88849639892578,val
hls_california\HLS.S30.T10SGJ.2021096T183911.v2.0_EVI_cropped.tif,3100,621,167.66871643066406,val
hls_california\HLS.S30.T10SGJ.2021096T183911.v2.0_EVI_cropped.tif,3101,622,52.698768615722656,val
hls_california\HLS.S30.T10SGJ.2021096T183911.v2.0_EVI_cropped.tif,3102,624,-9999.0,val
hls_california\HLS.S30.T10SGJ.2021096T183911.v2.0_EVI_cropped.tif,3103,625,194.24441528320312,val
hls_california\HLS.S30.T10SGJ.2021096T183911.v2.0_EVI_cropped.tif,3105,627,188.1157989501953,val
hls_california\HLS.S30.T10SGJ.2021096T183911.v2.0_EVI_cropped.tif,3106,628,262.08563232421875,val
hls_california\HLS.S30.T10SGJ.2021096T183911.v2.0_EVI_cropped.tif,3107,630,137.7247772216797,val
hls_california\HLS.S30.T10SGJ.2021096T183911.v2.0_EVI_cropped.tif,3108,631,76.28394317626953,val
hls_california\HLS.S30.T10SGJ.2021096T183911.v2.0_EVI_cropped.tif,3109,633,146.05764770507812,val
hls_california\HLS.S30.T10SGJ.2021096T183911.v2.0_EVI_cropped.tif,3110,634,111.9803237915039,val
hls_california\HLS.S30.T10SGJ.2021096T183911.v2.0_EVI_cropped.tif,3119,645,19.7611141204834,val
hls_california\HLS.S30.T10SGJ.2021096T183911.v2.0_EVI_cropped.tif,3120,646,169.05821228027344,val
hls_california\HLS.S30.T10SGJ.2021096T183911.v2.0_EVI_cropped.tif,3121,648,28.95339012145996,val
hls_california\HLS.S30.T10SGJ.2021096T183911.v2.0_EVI_cropped.tif,3144,678,16.69659423828125,val
hls_california\HLS.S30.T10SGJ.2021096T183911.v2.0_EVI_cropped.tif,3145,680,18.01779556274414,val
hls_california\HLS.S30.T10SGJ.2021096T183911.v2.0_EVI_cropped.tif,3147,681,37.73871994018555,val
hls_california\HLS.S30.T10SGJ.2021096T183911.v2.0_EVI_cropped.tif,3148,683,57.65122604370117,val
hls_california\HLS.S30.T10SGJ.2021096T183911.v2.0_EVI_cropped.tif,3149,684,157.78955078125,val
hls_california\HLS.S30.T10SGJ.2021096T183911.v2.0_EVI_cropped.tif,3150,686,208.97808837890625,val
hls_california\HLS.S30.T10SGJ.2021096T183911.v2.0_EVI_cropped.tif,3151,687,404.8755798339844,val
hls_california\HLS.S30.T10SGJ.2021096T183911.v2.0_EVI_cropped.tif,3152,689,134.74191284179688,val
hls_california\HLS.S30.T10SGJ.2021096T183911.v2.0_EVI_cropped.tif,3154,690,120.53133392333984,val
hls_california\HLS.S30.T10SGJ.2021096T183911.v2.0_EVI_cropped.tif,3155,692,120.693359375,val
hls_california\HLS.S30.T10SGJ.2021096T183911.v2.0_EVI_cropped.tif,3156,693,147.15675354003906,val
hls_california\HLS.S30.T10SGJ.2021096T183911.v2.0_EVI_cropped.tif,3157,695,293.6418151855469,val
hls_california\HLS.S30.T10SGJ.2021096T183911.v2.0_EVI_cropped.tif,3158,696,487.1175842285156,val
hls_california\HLS.S30.T10SGJ.2021096T183911.v2.0_EVI_cropped.tif,3159,698,389.7023010253906,val
hls_california\HLS.S30.T10SGJ.2021096T183911.v2.0_EVI_cropped.tif,3161,699,-9999.0,val
hls_california\HLS.S30.T10SGJ.2021096T183911.v2.0_EVI_cropped.tif,3162,701,134.16146850585938,val
hls_california\HLS.S30.T10SGJ.2021096T183911.v2.0_EVI_cropped.tif,3163,702,119.0104751586914,val
hls_california\HLS.S30.T10SGJ.2021096T183911.v2.0_EVI_cropped.tif,3164,704,60.09730911254883,val
hls_california\HLS.S30.T10SGJ.2021096T183911.v2.0_EVI_cropped.tif,3165,705,50.40854263305664,val
hls_california\HLS.S30.T10SGJ.2021096T183911.v2.0_EVI_cropped.tif,3166,707,25.86747932434082,val
hls_california\HLS.S30.T10SGJ.2021096T183911.v2.0_EVI_cropped.tif,3168,708,46.2605094909668,val
hls_california\HLS.S30.T10SGJ.2021096T183911.v2.0_EVI_cropped.tif,3169,710,39.46631622314453,val
hls_california\HLS.S30.T10SGJ.2021096T183911.v2.0_EVI_cropped.tif,3170,712,54.714725494384766,val
hls_california\HLS.S30.T10SGJ.2021096T183911.v2.0_EVI_cropped.tif,3171,713,26.812572479248047,val
hls_california\HLS.S30.T10SGJ.2021096T183911.v2.0_EVI_cropped.tif,3172,715,93.19717407226562,val
hls_california\HLS.S30.T10SGJ.2021096T183911.v2.0_EVI_cropped.tif,3173,716,315.7668151855469,val
hls_california\HLS.S30.T10SGJ.2021096T183911.v2.0_EVI_cropped.tif,3175,718,14.46667194366455,val
hls_california\HLS.S30.T10SGJ.2021096T183911.v2.0_EVI_cropped.tif,3191,739,126.35684967041016,val
hls_california\HLS.S30.T10SGJ.2021096T183911.v2.0_EVI_cropped.tif,3192,740,80.38846588134766,val
hls_california\HLS.S30.T10SGJ.2021096T183911.v2.0_EVI_cropped.tif,3193,742,73.99244689941406,val
hls_california\HLS.S30.T10SGJ.2021096T183911.v2.0_EVI_cropped.tif,3194,743,163.539306640625,val
hls_california\HLS.S30.T10SGJ.2021096T183911.v2.0_EVI_cropped.tif,3195,745,102.90433502197266,val
hls_california\HLS.S30.T10SGJ.2021096T183911.v2.0_EVI_cropped.tif,3197,746,111.06243896484375,val
hls_california\HLS.S30.T10SGJ.2021096T183911.v2.0_EVI_cropped.tif,3198,748,-9999.0,val
hls_california\HLS.S30.T10SGJ.2021096T183911.v2.0_EVI_cropped.tif,3199,749,78.52946472167969,val
hls_california\HLS.S30.T10SGJ.2021096T183911.v2.0_EVI_cropped.tif,3200,751,-9999.0,val
hls_california\HLS.S30.T10SGJ.2021096T183911.v2.0_EVI_cropped.tif,3201,752,95.87311553955078,val
hls_california\HLS.S30.T10SGJ.2021096T183911.v2.0_EVI_cropped.tif,3202,754,-9999.0,val
hls_california\HLS.S30.T10SGJ.2021096T183911.v2.0_EVI_cropped.tif,3204,755,49.27220916748047,val
hls_california\HLS.S30.T10SGJ.2021096T183911.v2.0_EVI_cropped.tif,3205,757,135.730712890625,val
hls_california\HLS.S30.T10SGJ.2021096T183911.v2.0_EVI_cropped.tif,3206,758,126.0329360961914,val
hls_california\HLS.S30.T10SGJ.2021096T183911.v2.0_EVI_cropped.tif,3207,760,149.45526123046875,val
hls_california\HLS.S30.T10SGJ.2021096T183911.v2.0_EVI_cropped.tif,3208,761,144.4980926513672,val
hls_california\HLS.S30.T10SGJ.2021096T183911.v2.0_EVI_cropped.tif,3209,763,-9999.0,val
hls_california\HLS.S30.T10SGJ.2021096T183911.v2.0_EVI_cropped.tif,3211,764,135.5868682861328,val
hls_california\HLS.S30.T10SGJ.2021096T183911.v2.0_EVI_cropped.tif,3212,766,160.97183227539062,val
hls_california\HLS.S30.T10SGJ.2021096T183911.v2.0_EVI_cropped.tif,3213,767,146.00225830078125,val
hls_california\HLS.S30.T10SGJ.2021096T183911.v2.0_EVI_cropped.tif,3214,769,174.1918182373047,val
hls_california\HLS.S30.T10SGJ.2021096T183911.v2.0_EVI_cropped.tif,3215,770,145.0354461669922,val
hls_california\HLS.S30.T10SGJ.2021096T183911.v2.0_EVI_cropped.tif,3216,772,133.46792602539062,val
hls_california\HLS.S30.T10SGJ.2021096T183911.v2.0_EVI_cropped.tif,3218,773,133.49298095703125,val
hls_california\HLS.S30.T10SGJ.2021096T183911.v2.0_EVI_cropped.tif,3219,775,75.10363006591797,val
hls_california\HLS.S30.T10SGJ.2021096T183911.v2.0_EVI_cropped.tif,3220,776,59.51251983642578,val
hls_california\HLS.S30.T10SGJ.2021096T183911.v2.0_EVI_cropped.tif,3221,778,63.59576416015625,val
hls_california\HLS.S30.T10SGJ.2021096T183911.v2.0_EVI_cropped.tif,3222,779,89.87894439697266,val
hls_california\HLS.S30.T10SGJ.2021096T183911.v2.0_EVI_cropped.tif,3223,781,-9999.0,val
hls_california\HLS.S30.T10SGJ.2021096T183911.v2.0_EVI_cropped.tif,3224,782,40.2995719909668,val
hls_california\HLS.S30.T10SGJ.2021096T183911.v2.0_EVI_cropped.tif,3226,784,96.09732818603516,val
hls_california\HLS.S30.T10SGJ.2021096T183911.v2.0_EVI_cropped.tif,3227,785,65.13684844970703,val
hls_california\HLS.S30.T10SGJ.2021096T183911.v2.0_EVI_cropped.tif,3228,787,-9999.0,val
hls_california\HLS.S30.T10SGJ.2021096T183911.v2.0_EVI_cropped.tif,3229,788,-9999.0,val
hls_california\HLS.S30.T10SGJ.2021096T183911.v2.0_EVI_cropped.tif,3230,790,81.193115234375,val
hls_california\HLS.S30.T10SGJ.2021096T183911.v2.0_EVI_cropped.tif,3231,791,64.0675048828125,val
hls_california\HLS.S30.T10SGJ.2021096T183911.v2.0_EVI_cropped.tif,3233,793,-9999.0,val
hls_california\HLS.S30.T10SGJ.2021096T183911.v2.0_EVI_cropped.tif,3234,794,62.45961380004883,val
hls_california\HLS.S30.T10SGJ.2021096T183911.v2.0_EVI_cropped.tif,3235,796,110.49468994140625,val
hls_california\HLS.S30.T10SGJ.2021096T183911.v2.0_EVI_cropped.tif,3236,797,66.62227630615234,val
hls_california\HLS.S30.T10SGJ.2021096T183911.v2.0_EVI_cropped.tif,3237,799,56.210693359375,val
hls_california\HLS.S30.T10SGJ.2021096T183911.v2.0_EVI_cropped.tif,3238,800,33.062679290771484,val
hls_california\HLS.S30.T10SGJ.2021096T183911.v2.0_EVI_cropped.tif,3240,802,65.11271667480469,val
hls_california\HLS.S30.T10SGJ.2021096T183911.v2.0_EVI_cropped.tif,3241,803,120.9256820678711,val
hls_california\HLS.S30.T10SGJ.2021096T183911.v2.0_EVI_cropped.tif,3242,805,44.48728561401367,val
hls_california\HLS.S30.T10SGJ.2021096T183911.v2.0_EVI_cropped.tif,3243,807,34.907955169677734,val
hls_california\HLS.S30.T10SGJ.2021096T183911.v2.0_EVI_cropped.tif,3244,808,64.99126434326172,val
hls_california\HLS.S30.T10SGJ.2021096T183911.v2.0_EVI_cropped.tif,3247,811,106.88507843017578,val
hls_california\HLS.S30.T10SGJ.2021096T183911.v2.0_EVI_cropped.tif,3249,814,-9999.0,val
hls_california\HLS.S30.T10SGJ.2021096T183911.v2.0_EVI_cropped.tif,3266,837,55.41933059692383,val
hls_california\HLS.S30.T10SGJ.2021096T183911.v2.0_EVI_cropped.tif,3267,838,79.16615295410156,val
hls_california\HLS.S30.T10SGJ.2021096T183911.v2.0_EVI_cropped.tif,3269,840,81.0156021118164,val
hls_california\HLS.S30.T10SGJ.2021096T183911.v2.0_EVI_cropped.tif,3270,841,52.159629821777344,val
hls_california\HLS.S30.T10SGJ.2021096T183911.v2.0_EVI_cropped.tif,3271,843,42.58333969116211,val
hls_california\HLS.S30.T10SGJ.2021096T183911.v2.0_EVI_cropped.tif,3272,844,72.64122772216797,val
hls_california\HLS.S30.T10SGJ.2021096T183911.v2.0_EVI_cropped.tif,3273,846,42.40470504760742,val
hls_california\HLS.S30.T10SGJ.2021096T183911.v2.0_EVI_cropped.tif,3274,847,87.57538604736328,val
hls_california\HLS.S30.T10SGJ.2021096T183911.v2.0_EVI_cropped.tif,3276,849,105.15596008300781,val
hls_california\HLS.S30.T10TCL.2021100T190909.v2.0_EVI_cropped.tif,1764,621,68.9692153930664,train
hls_california\HLS.S30.T10TCL.2021100T190909.v2.0_EVI_cropped.tif,1765,622,256.6056823730469,train
hls_california\HLS.S30.T10TCL.2021100T190909.v2.0_EVI_cropped.tif,1766,624,212.4355926513672,train
hls_california\HLS.S30.T10TCL.2021100T190909.v2.0_EVI_cropped.tif,1767,625,283.02886962890625,train
hls_california\HLS.S30.T10TCL.2021100T190909.v2.0_EVI_cropped.tif,1768,627,56.38502883911133,train
hls_california\HLS.S30.T10TCL.2021100T190909.v2.0_EVI_cropped.tif,1769,629,-9999.0,train
hls_california\HLS.L30.T10TDK.2021110T185717.v2.0_EVI_cropped.tif,16,2201,45.232967376708984,train
hls_california\HLS.L30.T10TDK.2021110T185717.v2.0_EVI_cropped.tif,17,2203,72.7721939086914,train
hls_california\HLS.L30.T10TDK.2021110T185717.v2.0_EVI_cropped.tif,19,2204,64.4285659790039,train
hls_california\HLS.L30.T10TDK.2021110T185717.v2.0_EVI_cropped.tif,20,2206,57.44676971435547,train
hls_california\HLS.L30.T10TDK.2021110T185717.v2.0_EVI_cropped.tif,21,2207,20.912809371948242,train
hls_california\HLS.L30.T10TDK.2021110T185717.v2.0_EVI_cropped.tif,22,2209,52.16423416137695,train
hls_california\HLS.L30.T10TDK.2021110T185717.v2.0_EVI_cropped.tif,23,2210,32.53446960449219,train
hls_california\HLS.L30.T10TDK.2021110T185717.v2.0_EVI_cropped.tif,24,2212,66.52305603027344,train
hls_california\HLS.L30.T10TDK.2021110T185717.v2.0_EVI_cropped.tif,26,2213,46.845218658447266,train
hls_california\HLS.L30.T10TDK.2021110T185717.v2.0_EVI_cropped.tif,27,2215,68.8508071899414,train
hls_california\HLS.L30.T10TDK.2021110T185717.v2.0_EVI_cropped.tif,28,2216,50.99618148803711,train
hls_california\HLS.L30.T10TDK.2021110T185717.v2.0_EVI_cropped.tif,29,2218,-9999.0,train
hls_california\HLS.L30.T10TDK.2021110T185717.v2.0_EVI_cropped.tif,30,2220,-9999.0,train
hls_california\HLS.L30.T10TDK.2021110T185717.v2.0_EVI_cropped.tif,31,2221,41.16163635253906,train
hls_california\HLS.L30.T10TDK.2021110T185717.v2.0_EVI_cropped.tif,32,2223,-9999.0,train
hls_california\HLS.L30.T10TDK.2021110T185717.v2.0_EVI_cropped.tif,34,2224,-9999.0,train
hls_california\HLS.L30.T10TDK.2021110T185717.v2.0_EVI_cropped.tif,35,2226,25.988048553466797,train
hls_california\HLS.L30.T10TDK.2021110T185717.v2.0_EVI_cropped.tif,36,2227,24.27484703063965,train
hls_california\HLS.L30.T10TDK.2021110T185717.v2.0_EVI_cropped.tif,37,2229,-9999.0,train
hls_california\HLS.L30.T10TDK.2021110T185717.v2.0_EVI_cropped.tif,38,2230,73.35713195800781,train
hls_california\HLS.L30.T10TDK.2021110T185717.v2.0_EVI_cropped.tif,39,2232,98.38278198242188,train
hls_california\HLS.L30.T10TDK.2021110T185717.v2.0_EVI_cropped.tif,41,2233,-9999.0,train
hls_california\HLS.L30.T10TDK.2021110T185717.v2.0_EVI_cropped.tif,42,2235,-9999.0,train
hls_california\HLS.L30.T10TDK.2021110T185717.v2.0_EVI_cropped.tif,43,2236,46.01707077026367,train
hls_california\HLS.L30.T10TDK.2021110T185717.v2.0_EVI_cropped.tif,44,2238,19.570764541625977,train
hls_california\HLS.L30.T10TDK.2021110T185717.v2.0_EVI_cropped.tif,45,2239,-9999.0,train
hls_california\HLS.L30.T10TDK.2021110T185717.v2.0_EVI_cropped.tif,46,2241,-9999.0,train
hls_california\HLS.L30.T10TDK.2021110T185717.v2.0_EVI_cropped.tif,48,2242,10.68010139465332,train
hls_california\HLS.L30.T10TDK.2021110T185717.v2.0_EVI_cropped.tif,49,2244,51.35702896118164,train
hls_california\HLS.L30.T10TDK.2021110T185717.v2.0_EVI_cropped.tif,50,2245,-9999.0,train
hls_california\HLS.L30.T10TDK.2021110T185717.v2.0_EVI_cropped.tif,51,2247,84.59068298339844,train
hls_california\HLS.L30.T10TDK.2021110T185717.v2.0_EVI_cropped.tif,52,2248,44.29267501831055,train
hls_california\HLS.L30.T10TDK.2021110T185717.v2.0_EVI_cropped.tif,53,2250,-9999.0,train
hls_california\HLS.L30.T10TDK.2021110T185717.v2.0_EVI_cropped.tif,54,2251,74.19609069824219,train
hls_california\HLS.L30.T10TDK.2021110T185717.v2.0_EVI_cropped.tif,56,2253,-9999.0,train
hls_california\HLS.L30.T10TDK.2021110T185717.v2.0_EVI_cropped.tif,57,2254,17.37624740600586,train
hls_california\HLS.L30.T10TDK.2021110T185717.v2.0_EVI_cropped.tif,58,2256,39.76174545288086,train
hls_california\HLS.L30.T10TDK.2021110T185717.v2.0_EVI_cropped.tif,59,2257,61.79541015625,train
hls_california\HLS.L30.T10TDK.2021110T185717.v2.0_EVI_cropped.tif,60,2259,-9999.0,train
hls_california\HLS.L30.T10TDK.2021110T185717.v2.0_EVI_cropped.tif,61,2261,-9999.0,train
hls_california\HLS.L30.T10TDK.2021110T185717.v2.0_EVI_cropped.tif,63,2262,-9999.0,train
hls_california\HLS.L30.T10TDK.2021110T185717.v2.0_EVI_cropped.tif,64,2264,87.76028442382812,train
hls_california\HLS.L30.T10TDK.2021110T185717.v2.0_EVI_cropped.tif,65,2265,228.094970703125,train
hls_california\HLS.L30.T10TDK.2021110T185717.v2.0_EVI_cropped.tif,66,2267,60.89692687988281,train
hls_california\HLS.L30.T10TDK.2021110T185717.v2.0_EVI_cropped.tif,67,2268,-9999.0,train
hls_california\HLS.L30.T10TDK.2021110T185717.v2.0_EVI_cropped.tif,68,2270,122.09170532226562,train
hls_california\HLS.L30.T10TDK.2021110T185717.v2.0_EVI_cropped.tif,70,2271,129.61807250976562,train
hls_california\HLS.L30.T10TDK.2021110T185717.v2.0_EVI_cropped.tif,71,2273,42.93227767944336,train
hls_california\HLS.L30.T10TDK.2021110T185717.v2.0_EVI_cropped.tif,72,2274,-9999.0,train
hls_california\HLS.L30.T10TDK.2021110T185717.v2.0_EVI_cropped.tif,73,2276,406.7559509277344,train
hls_california\HLS.L30.T10TDK.2021110T185717.v2.0_EVI_cropped.tif,74,2277,16.384693145751953,train
hls_california\HLS.L30.T10TDK.2021110T185717.v2.0_EVI_cropped.tif,75,2279,27.78297233581543,train
hls_california\HLS.L30.T10TDK.2021110T185717.v2.0_EVI_cropped.tif,76,2280,26.39118003845215,train
hls_california\HLS.L30.T10TDK.2021110T185717.v2.0_EVI_cropped.tif,78,2282,-9999.0,train
hls_california\HLS.L30.T10TDK.2021110T185717.v2.0_EVI_cropped.tif,79,2283,59.556060791015625,train
hls_california\HLS.L30.T10TDK.2021110T185717.v2.0_EVI_cropped.tif,80,2285,-9999.0,train
hls_california\HLS.L30.T10TDK.2021110T185717.v2.0_EVI_cropped.tif,81,2287,15.057714462280273,train
hls_california\HLS.L30.T10TDK.2021110T185717.v2.0_EVI_cropped.tif,82,2288,186.59576416015625,train
hls_california\HLS.L30.T10TDK.2021110T185717.v2.0_EVI_cropped.tif,83,2290,-9999.0,train
hls_california\HLS.L30.T10TDK.2021110T185717.v2.0_EVI_cropped.tif,85,2291,14.951245307922363,train
hls_california\HLS.L30.T10TDK.2021110T185717.v2.0_EVI_cropped.tif,86,2293,14.381548881530762,train
hls_california\HLS.L30.T10TDK.2021110T185717.v2.0_EVI_cropped.tif,87,2294,14.477603912353516,train
hls_california\HLS.L30.T10TDK.2021110T185717.v2.0_EVI_cropped.tif,88,2296,14.657018661499023,train
hls_california\HLS.L30.T10TDK.2021110T185717.v2.0_EVI_cropped.tif,89,2297,197.02288818359375,train
hls_california\HLS.L30.T10TDK.2021110T185717.v2.0_EVI_cropped.tif,90,2299,-9999.0,train
hls_california\HLS.L30.T10TDK.2021110T185717.v2.0_EVI_cropped.tif,91,2300,-9999.0,train
hls_california\HLS.L30.T10TDK.2021110T185717.v2.0_EVI_cropped.tif,93,2302,-9999.0,train
hls_california\HLS.L30.T10TDK.2021110T185717.v2.0_EVI_cropped.tif,94,2303,66.33264923095703,train
hls_california\HLS.L30.T10TDK.2021110T185717.v2.0_EVI_cropped.tif,95,2305,504.1695556640625,train
hls_california\HLS.L30.T10TDK.2021110T185717.v2.0_EVI_cropped.tif,96,2306,365.6240234375,train
hls_california\HLS.L30.T10TDK.2021110T185717.v2.0_EVI_cropped.tif,97,2308,373.11590576171875,train
hls_california\HLS.L30.T10TDK.2021110T185717.v2.0_EVI_cropped.tif,98,2309,439.8145751953125,train
hls_california\HLS.L30.T10TDK.2021110T185717.v2.0_EVI_cropped.tif,100,2311,188.57496643066406,train
hls_california\HLS.L30.T10TDK.2021110T185717.v2.0_EVI_cropped.tif,101,2312,168.87890625,train
hls_california\HLS.L30.T10TDK.2021110T185717.v2.0_EVI_cropped.tif,102,2314,197.71786499023438,train
hls_california\HLS.L30.T10TDK.2021110T185717.v2.0_EVI_cropped.tif,103,2315,123.86520385742188,train
hls_california\HLS.L30.T10TDK.2021110T185717.v2.0_EVI_cropped.tif,104,2317,150.40206909179688,train
hls_california\HLS.L30.T10TDK.2021110T185717.v2.0_EVI_cropped.tif,105,2318,91.3373031616211,train
hls_california\HLS.L30.T10TDK.2021110T185717.v2.0_EVI_cropped.tif,106,2320,114.33103942871094,train
hls_california\HLS.L30.T10TDK.2021110T185717.v2.0_EVI_cropped.tif,108,2321,215.16043090820312,train
hls_california\HLS.L30.T10TDK.2021110T185717.v2.0_EVI_cropped.tif,109,2323,200.0377197265625,train
hls_california\HLS.L30.T10TDK.2021110T185717.v2.0_EVI_cropped.tif,110,2324,261.83099365234375,train
hls_california\HLS.L30.T10TDK.2021110T185717.v2.0_EVI_cropped.tif,111,2326,114.97852325439453,train
hls_california\HLS.L30.T10TDK.2021110T185717.v2.0_EVI_cropped.tif,112,2327,-9999.0,train
hls_california\HLS.L30.T10TDK.2021110T185717.v2.0_EVI_cropped.tif,113,2329,138.80194091796875,train
hls_california\HLS.L30.T10TDK.2021110T185717.v2.0_EVI_cropped.tif,114,2330,136.2965087890625,train
hls_california\HLS.L30.T10TDK.2021110T185717.v2.0_EVI_cropped.tif,116,2332,629.050048828125,train
hls_california\HLS.L30.T10TDK.2021110T185717.v2.0_EVI_cropped.tif,117,2333,292.26861572265625,train
hls_california\HLS.L30.T10TDK.2021110T185717.v2.0_EVI_cropped.tif,118,2335,551.4052734375,train
hls_california\HLS.L30.T10TDK.2021110T185717.v2.0_EVI_cropped.tif,119,2336,51.88095474243164,train
hls_california\HLS.L30.T10TDK.2021110T185717.v2.0_EVI_cropped.tif,120,2338,338.5599670410156,train
hls_california\HLS.L30.T10TDK.2021110T185717.v2.0_EVI_cropped.tif,121,2339,82.40316009521484,train
hls_california\HLS.L30.T10TDK.2021110T185717.v2.0_EVI_cropped.tif,123,2341,125.89591217041016,train
hls_california\HLS.L30.T10TDK.2021110T185717.v2.0_EVI_cropped.tif,124,2342,94.82665252685547,train
hls_california\HLS.L30.T10TDK.2021110T185717.v2.0_EVI_cropped.tif,125,2344,106.86199951171875,train
hls_california\HLS.L30.T10TDK.2021110T185717.v2.0_EVI_cropped.tif,126,2345,151.89794921875,train
hls_california\HLS.L30.T10TDK.2021110T185717.v2.0_EVI_cropped.tif,127,2347,137.80984497070312,train
hls_california\HLS.L30.T10TDK.2021110T185717.v2.0_EVI_cropped.tif,128,2348,185.7611083984375,train
hls_california\HLS.L30.T10TDK.2021110T185717.v2.0_EVI_cropped.tif,129,2350,231.97496032714844,train
hls_california\HLS.L30.T10TDK.2021110T185717.v2.0_EVI_cropped.tif,131,2352,202.5968475341797,train
hls_california\HLS.L30.T10TDK.2021110T185717.v2.0_EVI_cropped.tif,132,2353,134.14614868164062,train
hls_california\HLS.L30.T10TDK.2021110T185717.v2.0_EVI_cropped.tif,133,2355,304.7499084472656,train
hls_california\HLS.L30.T10TDK.2021110T185717.v2.0_EVI_cropped.tif,134,2356,66.473876953125,train
hls_california\HLS.L30.T10TDK.2021110T185717.v2.0_EVI_cropped.tif,135,2358,123.87332916259766,train
hls_california\HLS.L30.T10TDK.2021110T185717.v2.0_EVI_cropped.tif,136,2359,129.22384643554688,train
hls_california\HLS.L30.T10TDK.2021110T185717.v2.0_EVI_cropped.tif,138,2361,34.262367248535156,train
hls_california\HLS.L30.T10TDK.2021110T185717.v2.0_EVI_cropped.tif,139,2362,56.684749603271484,train
hls_california\HLS.L30.T10TDK.2021110T185717.v2.0_EVI_cropped.tif,140,2364,35.84262466430664,train
hls_california\HLS.L30.T10TDK.2021110T185717.v2.0_EVI_cropped.tif,141,2365,137.71328735351562,train
hls_california\HLS.L30.T10TDK.2021110T185717.v2.0_EVI_cropped.tif,142,2367,67.06768035888672,train
hls_california\HLS.L30.T10TDK.2021110T185717.v2.0_EVI_cropped.tif,143,2368,98.8188247680664,train
hls_california\HLS.L30.T10TDK.2021110T185717.v2.0_EVI_cropped.tif,144,2370,208.93426513671875,train
hls_california\HLS.L30.T10TDK.2021110T185717.v2.0_EVI_cropped.tif,146,2371,60.73772430419922,train
hls_california\HLS.L30.T10TDK.2021110T185717.v2.0_EVI_cropped.tif,147,2373,30.31835174560547,train
hls_california\HLS.L30.T10TDK.2021110T185717.v2.0_EVI_cropped.tif,148,2374,24.234905242919922,train
hls_california\HLS.L30.T10TDK.2021110T185717.v2.0_EVI_cropped.tif,149,2376,37.37385559082031,train
hls_california\HLS.L30.T10TDK.2021110T185717.v2.0_EVI_cropped.tif,150,2377,120.54055786132812,train
hls_california\HLS.L30.T10TDK.2021110T185717.v2.0_EVI_cropped.tif,151,2379,103.6956787109375,train
hls_california\HLS.L30.T10TDK.2021110T185717.v2.0_EVI_cropped.tif,152,2380,114.62541198730469,train
hls_california\HLS.L30.T10TDK.2021110T185717.v2.0_EVI_cropped.tif,154,2382,189.18380737304688,train
hls_california\HLS.L30.T10TDK.2021110T185717.v2.0_EVI_cropped.tif,155,2383,61.11937713623047,train
hls_california\HLS.L30.T10TDK.2021110T185717.v2.0_EVI_cropped.tif,156,2385,46.90141677856445,train
hls_california\HLS.L30.T10TDK.2021110T185717.v2.0_EVI_cropped.tif,157,2386,-9999.0,train
hls_california\HLS.L30.T10TDK.2021110T185717.v2.0_EVI_cropped.tif,158,2388,626.927978515625,train
hls_california\HLS.L30.T10TDK.2021110T185717.v2.0_EVI_cropped.tif,159,2389,-9999.0,train
hls_california\HLS.L30.T10TDK.2021110T185717.v2.0_EVI_cropped.tif,161,2391,694.3333740234375,train
hls_california\HLS.L30.T10TDK.2021110T185717.v2.0_EVI_cropped.tif,162,2392,165.2782440185547,train
hls_california\HLS.L30.T10TDK.2021110T185717.v2.0_EVI_cropped.tif,163,2394,343.33221435546875,train
hls_california\HLS.L30.T10TDK.2021110T185717.v2.0_EVI_cropped.tif,164,2395,220.2496795654297,train
hls_california\HLS.L30.T10TDK.2021110T185717.v2.0_EVI_cropped.tif,165,2397,666.688720703125,train
hls_california\HLS.L30.T10TDK.2021110T185717.v2.0_EVI_cropped.tif,166,2398,638.27783203125,train
hls_california\HLS.L30.T10TDK.2021110T185717.v2.0_EVI_cropped.tif,168,2400,618.496337890625,train
hls_california\HLS.L30.T10TDK.2021110T185717.v2.0_EVI_cropped.tif,169,2401,689.915283203125,train
hls_california\HLS.L30.T10TDK.2021110T185717.v2.0_EVI_cropped.tif,170,2403,229.96424865722656,train
hls_california\HLS.L30.T10TDK.2021110T185717.v2.0_EVI_cropped.tif,171,2404,480.03668212890625,train
hls_california\HLS.L30.T10TDK.2021110T185717.v2.0_EVI_cropped.tif,172,2406,298.21771240234375,train
hls_california\HLS.L30.T10TDK.2021110T185717.v2.0_EVI_cropped.tif,173,2407,265.4057922363281,train
hls_california\HLS.L30.T10TDK.2021110T185717.v2.0_EVI_cropped.tif,174,2409,202.7720184326172,train
hls_california\HLS.L30.T10TDK.2021110T185717.v2.0_EVI_cropped.tif,176,2410,741.9586791992188,train
hls_california\HLS.L30.T10TDK.2021110T185717.v2.0_EVI_cropped.tif,177,2412,315.0028991699219,train
hls_california\HLS.L30.T10TDK.2021110T185717.v2.0_EVI_cropped.tif,178,2413,89.13671875,train
hls_california\HLS.L30.T10TDK.2021110T185717.v2.0_EVI_cropped.tif,179,2415,39.945533752441406,train
hls_california\HLS.L30.T10TDK.2021110T185717.v2.0_EVI_cropped.tif,180,2416,137.83836364746094,train
hls_california\HLS.L30.T10TDK.2021110T185717.v2.0_EVI_cropped.tif,181,2418,113.81621551513672,train
hls_california\HLS.L30.T10TDK.2021110T185717.v2.0_EVI_cropped.tif,182,2419,372.140625,train
hls_california\HLS.L30.T10TDK.2021110T185717.v2.0_EVI_cropped.tif,184,2421,634.6582641601562,train
hls_california\HLS.L30.T10TDK.2021110T185717.v2.0_EVI_cropped.tif,185,2422,-9999.0,train
hls_california\HLS.L30.T10TDK.2021110T185717.v2.0_EVI_cropped.tif,186,2424,176.8204803466797,train
hls_california\HLS.L30.T10TDK.2021110T185717.v2.0_EVI_cropped.tif,187,2425,271.9184875488281,train
hls_california\HLS.L30.T10TDK.2021110T185717.v2.0_EVI_cropped.tif,188,2427,686.1889038085938,train
hls_california\HLS.L30.T10TDK.2021110T185717.v2.0_EVI_cropped.tif,189,2428,280.2029113769531,train
hls_california\HLS.L30.T10TDK.2021110T185717.v2.0_EVI_cropped.tif,190,2430,305.47613525390625,train
hls_california\HLS.L30.T10TDK.2021110T185717.v2.0_EVI_cropped.tif,192,2431,161.8706817626953,train
hls_california\HLS.L30.T10TDK.2021110T185717.v2.0_EVI_cropped.tif,193,2433,174.3646697998047,train
hls_california\HLS.L30.T10TDK.2021110T185717.v2.0_EVI_cropped.tif,194,2434,420.1462707519531,train
hls_california\HLS.L30.T10TDK.2021110T185717.v2.0_EVI_cropped.tif,195,2436,219.29124450683594,train
hls_california\HLS.L30.T10TDK.2021110T185717.v2.0_EVI_cropped.tif,196,2437,303.2852478027344,train
hls_california\HLS.L30.T10TDK.2021110T185717.v2.0_EVI_cropped.tif,197,2439,201.96678161621094,train
hls_california\HLS.L30.T10TDK.2021110T185717.v2.0_EVI_cropped.tif,199,2440,134.40078735351562,train
hls_california\HLS.L30.T10TDK.2021110T185717.v2.0_EVI_cropped.tif,200,2442,227.27389526367188,train
hls_california\HLS.L30.T10TDK.2021110T185717.v2.0_EVI_cropped.tif,201,2444,216.04876708984375,train
hls_california\HLS.L30.T10TDK.2021110T185717.v2.0_EVI_cropped.tif,202,2445,46.123931884765625,train
hls_california\HLS.L30.T10TDK.2021110T185717.v2.0_EVI_cropped.tif,203,2447,177.18478393554688,train
hls_california\HLS.L30.T10TDK.2021110T185717.v2.0_EVI_cropped.tif,204,2448,163.00030517578125,train
hls_california\HLS.L30.T10TDK.2021110T185717.v2.0_EVI_cropped.tif,206,2450,170.3338165283203,train
hls_california\HLS.L30.T10TDK.2021110T185717.v2.0_EVI_cropped.tif,207,2451,367.4513244628906,train
hls_california\HLS.L30.T10TDK.2021110T185717.v2.0_EVI_cropped.tif,208,2453,192.17523193359375,train
hls_california\HLS.L30.T10TDK.2021110T185717.v2.0_EVI_cropped.tif,209,2454,287.1620788574219,train
hls_california\HLS.L30.T10TDK.2021110T185717.v2.0_EVI_cropped.tif,210,2456,268.5299377441406,train
hls_california\HLS.L30.T10TDK.2021110T185717.v2.0_EVI_cropped.tif,211,2457,453.5749206542969,train
hls_california\HLS.L30.T10TDK.2021110T185717.v2.0_EVI_cropped.tif,212,2459,293.94512939453125,train
hls_california\HLS.L30.T10TDK.2021110T185717.v2.0_EVI_cropped.tif,214,2460,357.9683532714844,train
hls_california\HLS.L30.T10TDK.2021110T185717.v2.0_EVI_cropped.tif,215,2462,298.7752990722656,train
hls_california\HLS.L30.T10TDK.2021110T185717.v2.0_EVI_cropped.tif,216,2463,379.3143005371094,train
hls_california\HLS.L30.T10TDK.2021110T185717.v2.0_EVI_cropped.tif,217,2465,-9999.0,train
hls_california\HLS.L30.T10TDK.2021110T185717.v2.0_EVI_cropped.tif,218,2467,330.54254150390625,train
hls_california\HLS.L30.T10TDK.2021110T185717.v2.0_EVI_cropped.tif,219,2468,517.3985595703125,train
hls_california\HLS.L30.T10TDK.2021110T185717.v2.0_EVI_cropped.tif,221,2470,343.7392883300781,train
hls_california\HLS.L30.T10TDK.2021110T185717.v2.0_EVI_cropped.tif,222,2471,407.0967712402344,train
hls_california\HLS.L30.T10TDK.2021110T185717.v2.0_EVI_cropped.tif,223,2473,133.8609161376953,train
hls_california\HLS.L30.T10TDK.2021110T185717.v2.0_EVI_cropped.tif,224,2474,271.4847717285156,train
hls_california\HLS.L30.T10TDK.2021110T185717.v2.0_EVI_cropped.tif,225,2476,166.54513549804688,train
hls_california\HLS.L30.T10TDK.2021110T185717.v2.0_EVI_cropped.tif,226,2477,53.822208404541016,train
hls_california\HLS.L30.T10TDK.2021110T185717.v2.0_EVI_cropped.tif,227,2479,157.61488342285156,train
hls_california\HLS.L30.T10TDK.2021110T185717.v2.0_EVI_cropped.tif,229,2480,300.86517333984375,train
hls_california\HLS.L30.T10TDK.2021110T185717.v2.0_EVI_cropped.tif,230,2482,346.6777038574219,train
hls_california\HLS.L30.T10TDK.2021110T185717.v2.0_EVI_cropped.tif,231,2483,131.8423614501953,train
hls_california\HLS.L30.T10TDK.2021110T185717.v2.0_EVI_cropped.tif,232,2485,354.6805419921875,train
hls_california\HLS.L30.T10TDK.2021110T185717.v2.0_EVI_cropped.tif,233,2486,107.21550750732422,train
hls_california\HLS.L30.T10TDK.2021110T185717.v2.0_EVI_cropped.tif,234,2488,504.6198425292969,train
hls_california\HLS.L30.T10TDK.2021110T185717.v2.0_EVI_cropped.tif,236,2489,347.5058288574219,train
hls_california\HLS.L30.T10TDK.2021110T185717.v2.0_EVI_cropped.tif,237,2491,-9999.0,train
hls_california\HLS.L30.T10TDK.2021110T185717.v2.0_EVI_cropped.tif,238,2492,70.40518188476562,train
hls_california\HLS.L30.T10TDK.2021110T185717.v2.0_EVI_cropped.tif,239,2494,323.2877197265625,train
hls_california\HLS.L30.T10TDK.2021110T185717.v2.0_EVI_cropped.tif,240,2495,289.0206604003906,train
hls_california\HLS.L30.T10TDK.2021110T185717.v2.0_EVI_cropped.tif,241,2497,136.12660217285156,train
hls_california\HLS.L30.T10TDK.2021110T185717.v2.0_EVI_cropped.tif,242,2498,226.41619873046875,train
hls_california\HLS.L30.T10TDK.2021110T185717.v2.0_EVI_cropped.tif,244,2500,194.68565368652344,train
hls_california\HLS.L30.T10TDK.2021110T185717.v2.0_EVI_cropped.tif,245,2501,78.06623077392578,train
hls_california\HLS.L30.T10TDK.2021110T185717.v2.0_EVI_cropped.tif,246,2503,529.0130004882812,train
hls_california\HLS.L30.T10TDK.2021110T185717.v2.0_EVI_cropped.tif,247,2504,403.7171630859375,train
hls_california\HLS.L30.T10TDK.2021110T185717.v2.0_EVI_cropped.tif,249,2507,-9999.0,train
hls_california\HLS.L30.T10TDK.2021110T185717.v2.0_EVI_cropped.tif,251,2509,182.527587890625,train
hls_california\HLS.L30.T10TDK.2021110T185717.v2.0_EVI_cropped.tif,252,2510,-9999.0,train
hls_california\HLS.L30.T10TDK.2021110T185717.v2.0_EVI_cropped.tif,253,2512,170.20193481445312,train
hls_california\HLS.L30.T10TDK.2021110T185717.v2.0_EVI_cropped.tif,254,2513,248.60791015625,train
hls_california\HLS.L30.T10TDK.2021110T185717.v2.0_EVI_cropped.tif,255,2515,182.7324676513672,train
hls_california\HLS.L30.T10TDK.2021110T185717.v2.0_EVI_cropped.tif,256,2516,114.2777328491211,train
hls_california\HLS.L30.T10TDK.2021110T185717.v2.0_EVI_cropped.tif,257,2518,18.63667106628418,train
hls_california\HLS.L30.T10TDK.2021110T185717.v2.0_EVI_cropped.tif,259,2519,164.74879455566406,train
hls_california\HLS.L30.T10TDK.2021110T185717.v2.0_EVI_cropped.tif,260,2521,231.79095458984375,train
hls_california\HLS.L30.T10TDK.2021110T185717.v2.0_EVI_cropped.tif,261,2523,272.57135009765625,train
hls_california\HLS.L30.T10TDK.2021110T185717.v2.0_EVI_cropped.tif,262,2524,176.40016174316406,train
hls_california\HLS.L30.T10TDK.2021110T185717.v2.0_EVI_cropped.tif,263,2526,122.88809204101562,train
hls_california\HLS.L30.T10TDK.2021110T185717.v2.0_EVI_cropped.tif,264,2527,101.7587661743164,train
hls_california\HLS.L30.T10TDK.2021110T185717.v2.0_EVI_cropped.tif,266,2529,168.19204711914062,train
hls_california\HLS.L30.T10TDK.2021110T185717.v2.0_EVI_cropped.tif,267,2530,118.1207046508789,train
hls_california\HLS.L30.T10TDK.2021110T185717.v2.0_EVI_cropped.tif,268,2532,262.7153625488281,train
hls_california\HLS.L30.T10TDK.2021110T185717.v2.0_EVI_cropped.tif,269,2533,117.29412841796875,train
hls_california\HLS.L30.T10TDK.2021110T185717.v2.0_EVI_cropped.tif,270,2535,290.28094482421875,train
hls_california\HLS.L30.T10TDK.2021110T185717.v2.0_EVI_cropped.tif,271,2536,233.08518981933594,train
hls_california\HLS.L30.T10TDK.2021110T185717.v2.0_EVI_cropped.tif,273,2538,784.4295043945312,train
hls_california\HLS.L30.T10TDK.2021110T185717.v2.0_EVI_cropped.tif,274,2539,393.757080078125,train
hls_california\HLS.L30.T10TDK.2021110T185717.v2.0_EVI_cropped.tif,275,2541,433.71771240234375,train
hls_california\HLS.L30.T10TDK.2021110T185717.v2.0_EVI_cropped.tif,276,2542,382.8052673339844,train
hls_california\HLS.L30.T10TDK.2021110T185717.v2.0_EVI_cropped.tif,277,2544,377.06964111328125,train
hls_california\HLS.L30.T10TDK.2021110T185717.v2.0_EVI_cropped.tif,278,2545,560.4417724609375,train
hls_california\HLS.L30.T10TDK.2021110T185717.v2.0_EVI_cropped.tif,279,2547,302.0522766113281,train
hls_california\HLS.L30.T10TDK.2021110T185717.v2.0_EVI_cropped.tif,281,2548,486.982666015625,train
hls_california\HLS.L30.T10TDK.2021110T185717.v2.0_EVI_cropped.tif,282,2550,527.9732055664062,train
hls_california\HLS.L30.T10TDK.2021110T185717.v2.0_EVI_cropped.tif,283,2551,166.49810791015625,train
hls_california\HLS.L30.T10TDK.2021110T185717.v2.0_EVI_cropped.tif,284,2553,324.0899658203125,train
hls_california\HLS.L30.T10TDK.2021110T185717.v2.0_EVI_cropped.tif,285,2554,340.54827880859375,train
hls_california\HLS.L30.T10TDK.2021110T185717.v2.0_EVI_cropped.tif,286,2556,97.11214447021484,train
hls_california\HLS.L30.T10TDK.2021110T185717.v2.0_EVI_cropped.tif,288,2557,375.1660461425781,train
hls_california\HLS.L30.T10TDK.2021110T185717.v2.0_EVI_cropped.tif,289,2559,364.2579650878906,train
hls_california\HLS.L30.T10TDK.2021110T185717.v2.0_EVI_cropped.tif,290,2560,310.5821228027344,train
hls_california\HLS.L30.T10TDK.2021110T185717.v2.0_EVI_cropped.tif,291,2562,222.689697265625,train
hls_california\HLS.L30.T10TDK.2021110T185717.v2.0_EVI_cropped.tif,292,2563,142.36883544921875,train
hls_california\HLS.L30.T10TDK.2021110T185717.v2.0_EVI_cropped.tif,293,2565,93.11894226074219,train
hls_california\HLS.L30.T10TDK.2021110T185717.v2.0_EVI_cropped.tif,294,2566,142.55636596679688,train
hls_california\HLS.L30.T10TDK.2021110T185717.v2.0_EVI_cropped.tif,296,2568,135.78138732910156,train
hls_california\HLS.L30.T10TDK.2021110T185717.v2.0_EVI_cropped.tif,297,2569,205.81358337402344,train
hls_california\HLS.L30.T10TDK.2021110T185717.v2.0_EVI_cropped.tif,298,2571,142.3613739013672,train
hls_california\HLS.L30.T10TDK.2021110T185717.v2.0_EVI_cropped.tif,299,2572,45.6338996887207,train
hls_california\HLS.L30.T10TDK.2021110T185717.v2.0_EVI_cropped.tif,300,2574,101.91067504882812,train
hls_california\HLS.L30.T10TDK.2021110T185717.v2.0_EVI_cropped.tif,301,2575,110.8878402709961,train
hls_california\HLS.L30.T10TDK.2021110T185717.v2.0_EVI_cropped.tif,302,2577,83.00732421875,train
hls_california\HLS.L30.T10TDK.2021110T185717.v2.0_EVI_cropped.tif,304,2578,387.4459228515625,train
hls_california\HLS.L30.T10TDK.2021110T185717.v2.0_EVI_cropped.tif,305,2580,164.3555145263672,train
hls_california\HLS.L30.T10TDK.2021110T185717.v2.0_EVI_cropped.tif,306,2581,162.62493896484375,train
hls_california\HLS.L30.T10TDK.2021110T185717.v2.0_EVI_cropped.tif,307,2583,202.31924438476562,train
hls_california\HLS.L30.T10TDK.2021110T185717.v2.0_EVI_cropped.tif,308,2585,364.2677307128906,train
hls_california\HLS.L30.T10TDK.2021110T185717.v2.0_EVI_cropped.tif,309,2586,388.715576171875,train
hls_california\HLS.L30.T10TDK.2021110T185717.v2.0_EVI_cropped.tif,311,2588,311.70501708984375,train
hls_california\HLS.L30.T10TDK.2021110T185717.v2.0_EVI_cropped.tif,312,2589,416.4645080566406,train
hls_california\HLS.L30.T10TDK.2021110T185717.v2.0_EVI_cropped.tif,313,2591,238.07431030273438,train
hls_california\HLS.L30.T10TDK.2021110T185717.v2.0_EVI_cropped.tif,314,2592,262.4570007324219,train
hls_california\HLS.L30.T10TDK.2021110T185717.v2.0_EVI_cropped.tif,315,2594,60.826438903808594,train
hls_california\HLS.L30.T10TDK.2021110T185717.v2.0_EVI_cropped.tif,316,2595,255.66989135742188,train
hls_california\HLS.L30.T10TDK.2021110T185717.v2.0_EVI_cropped.tif,317,2597,247.0559844970703,train
hls_california\HLS.L30.T10TDK.2021110T185717.v2.0_EVI_cropped.tif,319,2598,289.1004943847656,train
hls_california\HLS.L30.T10TDK.2021110T185717.v2.0_EVI_cropped.tif,320,2600,93.68031311035156,train
hls_california\HLS.L30.T10TDK.2021110T185717.v2.0_EVI_cropped.tif,321,2601,188.3065948486328,train
hls_california\HLS.L30.T10TDK.2021110T185717.v2.0_EVI_cropped.tif,322,2603,385.0318908691406,train
hls_california\HLS.L30.T10TDK.2021110T185717.v2.0_EVI_cropped.tif,323,2604,228.30589294433594,train
hls_california\HLS.L30.T10TDK.2021110T185717.v2.0_EVI_cropped.tif,324,2606,169.5266876220703,train
hls_california\HLS.L30.T10TDK.2021110T185717.v2.0_EVI_cropped.tif,326,2607,211.307861328125,train
hls_california\HLS.L30.T10TDK.2021110T185717.v2.0_EVI_cropped.tif,327,2609,202.18978881835938,train
hls_california\HLS.L30.T10TDK.2021110T185717.v2.0_EVI_cropped.tif,328,2610,142.37857055664062,train
hls_california\HLS.L30.T10TDK.2021110T185717.v2.0_EVI_cropped.tif,330,2613,144.4127960205078,train
hls_california\HLS.L30.T10TDK.2021110T185717.v2.0_EVI_cropped.tif,331,2615,129.03334045410156,train
hls_california\HLS.L30.T10TDK.2021110T185717.v2.0_EVI_cropped.tif,333,2617,307.2254638671875,train
hls_california\HLS.L30.T10TDK.2021110T185717.v2.0_EVI_cropped.tif,334,2618,242.94566345214844,train
hls_california\HLS.L30.T10TDK.2021110T185717.v2.0_EVI_cropped.tif,335,2620,260.2054138183594,train
hls_california\HLS.L30.T10TDK.2021110T185717.v2.0_EVI_cropped.tif,336,2621,230.6693878173828,train
hls_california\HLS.L30.T10TDK.2021110T185717.v2.0_EVI_cropped.tif,337,2623,165.69749450683594,train
hls_california\HLS.L30.T10TDK.2021110T185717.v2.0_EVI_cropped.tif,338,2624,380.5954284667969,train
hls_california\HLS.L30.T10TDK.2021110T185717.v2.0_EVI_cropped.tif,342,2629,330.5944519042969,train
hls_california\HLS.L30.T10TDK.2021110T185717.v2.0_EVI_cropped.tif,343,2630,225.6184539794922,train
hls_california\HLS.L30.T10TDK.2021110T185717.v2.0_EVI_cropped.tif,344,2632,247.51841735839844,train
hls_california\HLS.L30.T10TDK.2021110T185717.v2.0_EVI_cropped.tif,345,2633,131.2403106689453,train
hls_california\HLS.L30.T10TDK.2021110T185717.v2.0_EVI_cropped.tif,346,2635,172.48989868164062,train
hls_california\HLS.L30.T10TDK.2021110T185717.v2.0_EVI_cropped.tif,348,2636,321.4805908203125,train
hls_california\HLS.L30.T10TDK.2021110T185717.v2.0_EVI_cropped.tif,349,2638,290.41082763671875,train
hls_california\HLS.L30.T10TDK.2021110T185717.v2.0_EVI_cropped.tif,350,2639,113.13438415527344,train
hls_california\HLS.L30.T10TDK.2021110T185717.v2.0_EVI_cropped.tif,351,2641,67.87186431884766,train
hls_california\HLS.L30.T10TDK.2021110T185717.v2.0_EVI_cropped.tif,352,2642,202.1986541748047,train
hls_california\HLS.L30.T10TDK.2021110T185717.v2.0_EVI_cropped.tif,353,2644,279.36962890625,train
hls_california\HLS.L30.T10TDK.2021110T185717.v2.0_EVI_cropped.tif,354,2645,169.0639190673828,train
hls_california\HLS.L30.T10TDK.2021110T185717.v2.0_EVI_cropped.tif,356,2647,241.65744018554688,train
hls_california\HLS.L30.T10TDK.2021110T185717.v2.0_EVI_cropped.tif,357,2648,242.56201171875,train
hls_california\HLS.L30.T10TDK.2021110T185717.v2.0_EVI_cropped.tif,358,2650,324.06549072265625,train
hls_california\HLS.L30.T10TDK.2021110T185717.v2.0_EVI_cropped.tif,359,2651,214.64932250976562,train
hls_california\HLS.L30.T10TDK.2021110T185717.v2.0_EVI_cropped.tif,360,2653,238.81690979003906,train
hls_california\HLS.L30.T10TDK.2021110T185717.v2.0_EVI_cropped.tif,361,2654,350.3055725097656,train
hls_california\HLS.L30.T10TDK.2021110T185717.v2.0_EVI_cropped.tif,363,2656,541.0629272460938,train
hls_california\HLS.L30.T10TDK.2021110T185717.v2.0_EVI_cropped.tif,364,2657,277.6256408691406,train
hls_california\HLS.L30.T10TDK.2021110T185717.v2.0_EVI_cropped.tif,365,2659,-9999.0,train
hls_california\HLS.L30.T10TDK.2021110T185717.v2.0_EVI_cropped.tif,366,2660,388.3667297363281,train
hls_california\HLS.L30.T10TDK.2021110T185717.v2.0_EVI_cropped.tif,367,2662,281.0165710449219,train
hls_california\HLS.L30.T10TDK.2021110T185717.v2.0_EVI_cropped.tif,368,2663,225.2406768798828,train
hls_california\HLS.L30.T10TDK.2021110T185717.v2.0_EVI_cropped.tif,369,2665,228.5709686279297,train
hls_california\HLS.L30.T10TDK.2021110T185717.v2.0_EVI_cropped.tif,371,2666,204.93882751464844,train
hls_california\HLS.L30.T10TDK.2021110T185717.v2.0_EVI_cropped.tif,372,2668,120.86717987060547,train
hls_california\HLS.L30.T10TDK.2021110T185717.v2.0_EVI_cropped.tif,373,2670,261.5188293457031,train
hls_california\HLS.L30.T10TDK.2021110T185717.v2.0_EVI_cropped.tif,374,2671,276.462646484375,train
hls_california\HLS.L30.T10TDK.2021110T185717.v2.0_EVI_cropped.tif,375,2673,429.7687683105469,train
hls_california\HLS.L30.T10TDK.2021110T185717.v2.0_EVI_cropped.tif,376,2674,460.37774658203125,train
hls_california\HLS.L30.T10TDK.2021110T185717.v2.0_EVI_cropped.tif,378,2676,322.7378845214844,train
hls_california\HLS.L30.T10TDK.2021110T185717.v2.0_EVI_cropped.tif,379,2677,610.1970825195312,train
hls_california\HLS.L30.T10TDK.2021110T185717.v2.0_EVI_cropped.tif,380,2679,60.84497833251953,train
hls_california\HLS.L30.T10TDK.2021110T185717.v2.0_EVI_cropped.tif,381,2680,478.1274108886719,train
hls_california\HLS.L30.T10TDK.2021110T185717.v2.0_EVI_cropped.tif,382,2682,465.4378356933594,train
hls_california\HLS.L30.T10TDK.2021110T185717.v2.0_EVI_cropped.tif,383,2683,302.1414794921875,train
hls_california\HLS.L30.T10TDK.2021110T185717.v2.0_EVI_cropped.tif,385,2685,292.89788818359375,train
hls_california\HLS.L30.T10TDK.2021110T185717.v2.0_EVI_cropped.tif,386,2686,405.9449462890625,train
hls_california\HLS.L30.T10TDK.2021110T185717.v2.0_EVI_cropped.tif,387,2688,248.16976928710938,train
hls_california\HLS.L30.T10TDK.2021110T185717.v2.0_EVI_cropped.tif,388,2689,74.04058837890625,train
hls_california\HLS.L30.T10TDK.2021110T185717.v2.0_EVI_cropped.tif,389,2691,92.46004486083984,train
hls_california\HLS.L30.T10TDK.2021110T185717.v2.0_EVI_cropped.tif,390,2692,49.91904067993164,train
hls_california\HLS.L30.T10TDK.2021110T185717.v2.0_EVI_cropped.tif,391,2694,18.0865421295166,train
hls_california\HLS.L30.T10TDK.2021110T185717.v2.0_EVI_cropped.tif,393,2695,96.42650604248047,train
hls_california\HLS.L30.T10TDK.2021110T185717.v2.0_EVI_cropped.tif,394,2697,24.293331146240234,train
hls_california\HLS.L30.T10TDK.2021110T185717.v2.0_EVI_cropped.tif,395,2698,20.484848022460938,train
hls_california\HLS.L30.T10TDK.2021110T185717.v2.0_EVI_cropped.tif,396,2700,22.3772029876709,train
hls_california\HLS.L30.T10TDK.2021110T185717.v2.0_EVI_cropped.tif,397,2701,51.3957405090332,train
hls_california\HLS.L30.T10TDK.2021110T185717.v2.0_EVI_cropped.tif,398,2703,32.56877899169922,train
hls_california\HLS.L30.T10TDK.2021110T185717.v2.0_EVI_cropped.tif,400,2705,14.74622631072998,train
hls_california\HLS.L30.T10TDK.2021110T185717.v2.0_EVI_cropped.tif,401,2706,14.432023048400879,train
hls_california\HLS.L30.T10TDK.2021110T185717.v2.0_EVI_cropped.tif,402,2708,14.622005462646484,train
hls_california\HLS.L30.T10TDK.2021110T185717.v2.0_EVI_cropped.tif,403,2709,14.617061614990234,train
hls_california\HLS.L30.T10TDK.2021110T185717.v2.0_EVI_cropped.tif,404,2711,16.27532958984375,train
hls_california\HLS.L30.T10TDK.2021110T185717.v2.0_EVI_cropped.tif,405,2712,14.97862720489502,train
hls_california\HLS.L30.T10TDK.2021110T185717.v2.0_EVI_cropped.tif,406,2714,54.18560791015625,train
hls_california\HLS.L30.T10TDK.2021110T185717.v2.0_EVI_cropped.tif,408,2715,21.59428596496582,train
hls_california\HLS.L30.T10TDK.2021110T185717.v2.0_EVI_cropped.tif,409,2717,33.65447998046875,train
hls_california\HLS.L30.T10TDK.2021110T185717.v2.0_EVI_cropped.tif,410,2718,31.80923080444336,train
hls_california\HLS.L30.T10TDK.2021110T185717.v2.0_EVI_cropped.tif,411,2720,21.819744110107422,train
hls_california\HLS.L30.T10TDK.2021110T185717.v2.0_EVI_cropped.tif,412,2721,15.068740844726562,train
hls_california\HLS.L30.T10TDK.2021110T185717.v2.0_EVI_cropped.tif,413,2723,74.15541076660156,train
hls_california\HLS.L30.T10TDK.2021110T185717.v2.0_EVI_cropped.tif,415,2724,28.159618377685547,train
hls_california\HLS.L30.T10TDK.2021110T185717.v2.0_EVI_cropped.tif,416,2726,16.34457015991211,train
hls_california\HLS.L30.T10TDK.2021110T185717.v2.0_EVI_cropped.tif,417,2727,31.78504180908203,train
hls_california\HLS.L30.T10TDK.2021110T185717.v2.0_EVI_cropped.tif,418,2729,28.92387580871582,train
hls_california\HLS.L30.T10TDK.2021110T185717.v2.0_EVI_cropped.tif,419,2730,53.23041534423828,train
hls_california\HLS.L30.T10TDK.2021110T185717.v2.0_EVI_cropped.tif,420,2732,18.96635627746582,train
hls_california\HLS.L30.T10TDK.2021110T185717.v2.0_EVI_cropped.tif,421,2733,21.16486358642578,train
hls_california\HLS.L30.T10TDK.2021110T185717.v2.0_EVI_cropped.tif,423,2735,19.647136688232422,train
hls_california\HLS.L30.T10TDK.2021110T185717.v2.0_EVI_cropped.tif,424,2736,15.355535507202148,train
hls_california\HLS.L30.T10TDK.2021110T185717.v2.0_EVI_cropped.tif,425,2738,14.331151962280273,train
hls_california\HLS.L30.T10TDK.2021110T185717.v2.0_EVI_cropped.tif,426,2739,14.427038192749023,train
hls_california\HLS.L30.T10TDK.2021110T185717.v2.0_EVI_cropped.tif,427,2741,14.797309875488281,train
hls_california\HLS.L30.T10TDK.2021110T185717.v2.0_EVI_cropped.tif,428,2742,14.477603912353516,train
hls_california\HLS.L30.T10TDK.2021110T185717.v2.0_EVI_cropped.tif,430,2744,14.477603912353516,train
hls_california\HLS.L30.T10TDK.2021110T185717.v2.0_EVI_cropped.tif,431,2745,14.116164207458496,train
hls_california\HLS.L30.T10TDK.2021110T185717.v2.0_EVI_cropped.tif,432,2747,14.657018661499023,train
hls_california\HLS.L30.T10TDK.2021110T185717.v2.0_EVI_cropped.tif,433,2748,31.07956886291504,train
hls_california\HLS.L30.T10TDK.2021110T185717.v2.0_EVI_cropped.tif,434,2750,23.32187271118164,train
hls_california\HLS.L30.T10TDK.2021110T185717.v2.0_EVI_cropped.tif,435,2751,19.117584228515625,train
hls_california\HLS.L30.T10TDK.2021110T185717.v2.0_EVI_cropped.tif,436,2753,20.894702911376953,train
hls_california\HLS.L30.T10TDK.2021110T185717.v2.0_EVI_cropped.tif,438,2754,17.113107681274414,train
hls_california\HLS.L30.T10TDK.2021110T185717.v2.0_EVI_cropped.tif,439,2756,21.774383544921875,train
hls_california\HLS.L30.T10TDK.2021110T185717.v2.0_EVI_cropped.tif,440,2758,18.268579483032227,train
hls_california\HLS.L30.T10TDK.2021110T185717.v2.0_EVI_cropped.tif,441,2759,26.975116729736328,train
hls_california\HLS.L30.T10TDK.2021110T185717.v2.0_EVI_cropped.tif,442,2761,28.243404388427734,train
hls_california\HLS.L30.T10TDK.2021110T185717.v2.0_EVI_cropped.tif,443,2762,28.301801681518555,train
hls_california\HLS.L30.T10TDK.2021110T185717.v2.0_EVI_cropped.tif,445,2764,20.718101501464844,train
hls_california\HLS.L30.T10TDK.2021110T185717.v2.0_EVI_cropped.tif,446,2765,-9999.0,train
hls_california\HLS.L30.T10TDK.2021110T185717.v2.0_EVI_cropped.tif,447,2767,18.160900115966797,train
hls_california\HLS.L30.T10TDK.2021110T185717.v2.0_EVI_cropped.tif,448,2768,18.115901947021484,train
hls_california\HLS.L30.T10TDK.2021110T185717.v2.0_EVI_cropped.tif,449,2770,20.565208435058594,train
hls_california\HLS.L30.T10TDK.2021110T185717.v2.0_EVI_cropped.tif,451,2773,-9999.0,train
hls_california\HLS.L30.T10TDK.2021110T185717.v2.0_EVI_cropped.tif,453,2774,28.475317001342773,train
hls_california\HLS.L30.T10TDK.2021110T185717.v2.0_EVI_cropped.tif,454,2776,16.476198196411133,train
hls_california\HLS.L30.T10TDK.2021110T185717.v2.0_EVI_cropped.tif,455,2777,16.85917854309082,train
hls_california\HLS.L30.T10TDK.2021110T185717.v2.0_EVI_cropped.tif,456,2779,18.575016021728516,train
hls_california\HLS.L30.T10TDK.2021110T185717.v2.0_EVI_cropped.tif,457,2780,93.72547912597656,train
hls_california\HLS.L30.T10TDK.2021110T185717.v2.0_EVI_cropped.tif,458,2782,181.2625274658203,train
hls_california\HLS.L30.T10TDK.2021110T185717.v2.0_EVI_cropped.tif,460,2783,52.9549446105957,train
hls_california\HLS.L30.T10TDK.2021110T185717.v2.0_EVI_cropped.tif,461,2785,-9999.0,train
hls_california\HLS.L30.T10TDK.2021110T185717.v2.0_EVI_cropped.tif,462,2786,68.63324737548828,train
hls_california\HLS.L30.T10TDK.2021110T185717.v2.0_EVI_cropped.tif,463,2788,64.68487548828125,train
hls_california\HLS.L30.T10TDK.2021110T185717.v2.0_EVI_cropped.tif,464,2789,61.89918899536133,train
hls_california\HLS.L30.T10TDK.2021110T185717.v2.0_EVI_cropped.tif,465,2791,164.86508178710938,train
hls_california\HLS.L30.T10TDK.2021110T185717.v2.0_EVI_cropped.tif,466,2792,32.88611602783203,train
hls_california\HLS.L30.T10TDK.2021110T185717.v2.0_EVI_cropped.tif,468,2794,173.14889526367188,train
hls_california\HLS.L30.T10TDK.2021110T185717.v2.0_EVI_cropped.tif,469,2795,39.942710876464844,train
hls_california\HLS.L30.T10TDK.2021110T185717.v2.0_EVI_cropped.tif,470,2797,19.339088439941406,train
hls_california\HLS.L30.T10TDK.2021110T185717.v2.0_EVI_cropped.tif,471,2798,134.27333068847656,train
hls_california\HLS.L30.T10TDK.2021110T185717.v2.0_EVI_cropped.tif,472,2800,224.36474609375,train
hls_california\HLS.L30.T10TDK.2021110T185717.v2.0_EVI_cropped.tif,473,2801,293.71844482421875,train
hls_california\HLS.L30.T10TDK.2021110T185717.v2.0_EVI_cropped.tif,475,2803,15.030091285705566,train
hls_california\HLS.L30.T10TDK.2021110T185717.v2.0_EVI_cropped.tif,476,2804,57.151458740234375,train
hls_california\HLS.L30.T10TDK.2021110T185717.v2.0_EVI_cropped.tif,477,2806,15.69034481048584,train
hls_california\HLS.L30.T10TDK.2021110T185717.v2.0_EVI_cropped.tif,478,2808,16.210861206054688,train
hls_california\HLS.L30.T10TDK.2021110T185717.v2.0_EVI_cropped.tif,479,2809,16.40032958984375,train
hls_california\HLS.L30.T10TDK.2021110T185717.v2.0_EVI_cropped.tif,480,2811,15.394573211669922,train
hls_california\HLS.L30.T10TDK.2021110T185717.v2.0_EVI_cropped.tif,481,2812,220.71102905273438,train
hls_california\HLS.L30.T10TDK.2021110T185717.v2.0_EVI_cropped.tif,483,2814,209.1367950439453,train
hls_california\HLS.L30.T10TDK.2021110T185717.v2.0_EVI_cropped.tif,484,2815,173.0686492919922,train
hls_california\HLS.L30.T10TDK.2021110T185717.v2.0_EVI_cropped.tif,485,2817,145.1342315673828,train
hls_california\HLS.L30.T10TDK.2021110T185717.v2.0_EVI_cropped.tif,486,2818,34.95234680175781,train
hls_california\HLS.L30.T10TDK.2021110T185717.v2.0_EVI_cropped.tif,487,2820,43.28171157836914,train
hls_california\HLS.L30.T10TDK.2021110T185717.v2.0_EVI_cropped.tif,488,2821,26.908370971679688,train
hls_california\HLS.L30.T10TDK.2021110T185717.v2.0_EVI_cropped.tif,490,2823,118.21588897705078,train
hls_california\HLS.L30.T10TDK.2021110T185717.v2.0_EVI_cropped.tif,491,2824,16.27532958984375,train
hls_california\HLS.L30.T10TDK.2021110T185717.v2.0_EVI_cropped.tif,492,2826,15.262645721435547,train
hls_california\HLS.L30.T10TDK.2021110T185717.v2.0_EVI_cropped.tif,493,2827,-9999.0,train
hls_california\HLS.L30.T10TDK.2021110T185717.v2.0_EVI_cropped.tif,494,2829,156.10035705566406,train
hls_california\HLS.L30.T10TDK.2021110T185717.v2.0_EVI_cropped.tif,495,2830,44.894447326660156,train
hls_california\HLS.L30.T10TDK.2021110T185717.v2.0_EVI_cropped.tif,496,2832,23.32465362548828,train
hls_california\HLS.L30.T10TDK.2021110T185717.v2.0_EVI_cropped.tif,498,2833,140.01683044433594,train
hls_california\HLS.L30.T10TDK.2021110T185717.v2.0_EVI_cropped.tif,499,2835,148.6881561279297,train
hls_california\HLS.L30.T10TDK.2021110T185717.v2.0_EVI_cropped.tif,500,2836,274.1022644042969,train
hls_california\HLS.L30.T10TDK.2021110T185717.v2.0_EVI_cropped.tif,501,2838,57.960548400878906,train
hls_california\HLS.L30.T10TDK.2021110T185717.v2.0_EVI_cropped.tif,502,2839,45.75838088989258,train
hls_california\HLS.L30.T10TDK.2021110T185717.v2.0_EVI_cropped.tif,503,2841,242.78782653808594,train
hls_california\HLS.L30.T10TDK.2021110T185717.v2.0_EVI_cropped.tif,505,2842,329.125732421875,train
hls_california\HLS.L30.T10TDK.2021110T185717.v2.0_EVI_cropped.tif,506,2844,169.6885986328125,train
hls_california\HLS.L30.T10TDK.2021110T185717.v2.0_EVI_cropped.tif,507,2845,16.422527313232422,train
hls_california\HLS.L30.T10TDK.2021110T185717.v2.0_EVI_cropped.tif,508,2847,27.246030807495117,train
hls_california\HLS.L30.T10TDK.2021110T185717.v2.0_EVI_cropped.tif,509,2848,21.995933532714844,train
hls_california\HLS.S30.T10TEK.2021092T185921.v2.0_EVI_cropped.tif,1809,1219,-9999.0,train
hls_california\HLS.S30.T10TEK.2021092T185921.v2.0_EVI_cropped.tif,1810,1220,-9999.0,train
hls_california\HLS.S30.T10TEK.2021092T185921.v2.0_EVI_cropped.tif,1811,1222,51.9902229309082,train
hls_california\HLS.S30.T10TEK.2021092T185921.v2.0_EVI_cropped.tif,1813,1223,48.131290435791016,train
hls_california\HLS.S30.T10TEK.2021092T185921.v2.0_EVI_cropped.tif,1814,1225,121.28670501708984,train
hls_california\HLS.S30.T10TEK.2021092T185921.v2.0_EVI_cropped.tif,1815,1226,39.078529357910156,train
hls_california\HLS.S30.T10TEK.2021092T185921.v2.0_EVI_cropped.tif,1816,1228,33.36730194091797,train
hls_california\HLS.S30.T10TEK.2021092T185921.v2.0_EVI_cropped.tif,1817,1229,52.46925354003906,train
hls_california\HLS.S30.T10TEK.2021092T185921.v2.0_EVI_cropped.tif,1818,1231,94.36140441894531,train
hls_california\HLS.S30.T10TEK.2021092T185921.v2.0_EVI_cropped.tif,1819,1232,-9999.0,train
hls_california\HLS.S30.T10TEK.2021092T185921.v2.0_EVI_cropped.tif,1821,1234,22.288715362548828,train
hls_california\HLS.S30.T10TEK.2021092T185921.v2.0_EVI_cropped.tif,1822,1235,-9999.0,train
hls_california\HLS.S30.T10TEK.2021092T185921.v2.0_EVI_cropped.tif,1823,1237,29.784927368164062,train
hls_california\HLS.S30.T10TEK.2021092T185921.v2.0_EVI_cropped.tif,1824,1238,47.052818298339844,train
hls_california\HLS.S30.T10TEK.2021092T185921.v2.0_EVI_cropped.tif,1825,1240,94.74604034423828,train
hls_california\HLS.S30.T10TEK.2021092T185921.v2.0_EVI_cropped.tif,1826,1241,29.591079711914062,train
hls_california\HLS.S30.T10TEK.2021092T185921.v2.0_EVI_cropped.tif,1828,1243,34.350929260253906,train
hls_california\HLS.S30.T10TEK.2021092T185921.v2.0_EVI_cropped.tif,1829,1244,18.212234497070312,train
hls_california\HLS.S30.T10TEK.2021092T185921.v2.0_EVI_cropped.tif,1830,1246,-9999.0,train
hls_california\HLS.S30.T10TEK.2021092T185921.v2.0_EVI_cropped.tif,1831,1247,32.27404022216797,train
hls_california\HLS.S30.T10TEK.2021092T185921.v2.0_EVI_cropped.tif,1832,1249,28.954959869384766,train
hls_california\HLS.S30.T10TEK.2021092T185921.v2.0_EVI_cropped.tif,1833,1250,-9999.0,train
hls_california\HLS.S30.T10TEK.2021092T185921.v2.0_EVI_cropped.tif,1834,1252,23.661048889160156,train
hls_california\HLS.S30.T10TEK.2021092T185921.v2.0_EVI_cropped.tif,1836,1253,17.22479820251465,train
hls_california\HLS.S30.T10TEK.2021092T185921.v2.0_EVI_cropped.tif,1837,1255,34.65345001220703,train
hls_california\HLS.S30.T10TEK.2021092T185921.v2.0_EVI_cropped.tif,1838,1256,37.41416549682617,train
hls_california\HLS.S30.T10TEK.2021092T185921.v2.0_EVI_cropped.tif,1839,1258,29.577226638793945,train
hls_california\HLS.S30.T10TEK.2021092T185921.v2.0_EVI_cropped.tif,1840,1260,87.68510437011719,train
hls_california\HLS.S30.T10TEK.2021092T185921.v2.0_EVI_cropped.tif,1841,1261,33.2542610168457,train
hls_california\HLS.S30.T10TEK.2021092T185921.v2.0_EVI_cropped.tif,1843,1263,46.464168548583984,train
hls_california\HLS.S30.T10TEK.2021092T185921.v2.0_EVI_cropped.tif,1844,1264,26.857376098632812,train
hls_california\HLS.S30.T10TEK.2021092T185921.v2.0_EVI_cropped.tif,1845,1266,-9999.0,train
hls_california\HLS.S30.T10TEK.2021092T185921.v2.0_EVI_cropped.tif,1846,1267,63.384281158447266,train
hls_california\HLS.S30.T10TEK.2021092T185921.v2.0_EVI_cropped.tif,1847,1269,36.87345504760742,train
hls_california\HLS.S30.T10TEK.2021092T185921.v2.0_EVI_cropped.tif,1848,1270,41.00218963623047,train
hls_california\HLS.S30.T10TEK.2021092T185921.v2.0_EVI_cropped.tif,1850,1272,85.70530700683594,train
hls_california\HLS.S30.T10TEK.2021092T185921.v2.0_EVI_cropped.tif,1851,1273,15.418560981750488,train
hls_california\HLS.S30.T10TEK.2021092T185921.v2.0_EVI_cropped.tif,1852,1275,43.6955680847168,train
hls_california\HLS.S30.T10TEK.2021092T185921.v2.0_EVI_cropped.tif,1853,1276,37.679168701171875,train
hls_california\HLS.S30.T10TEK.2021092T185921.v2.0_EVI_cropped.tif,1854,1278,56.00030517578125,train
hls_california\HLS.S30.T10TEK.2021092T185921.v2.0_EVI_cropped.tif,1855,1279,147.18218994140625,train
hls_california\HLS.S30.T10TEK.2021092T185921.v2.0_EVI_cropped.tif,1856,1281,92.14305877685547,train
hls_california\HLS.S30.T10TEK.2021092T185921.v2.0_EVI_cropped.tif,1858,1282,20.313386917114258,train
hls_california\HLS.S30.T10TEK.2021092T185921.v2.0_EVI_cropped.tif,1859,1284,92.23632049560547,train
hls_california\HLS.S30.T10TEK.2021092T185921.v2.0_EVI_cropped.tif,1860,1285,36.82752227783203,train
hls_california\HLS.S30.T10TEK.2021092T185921.v2.0_EVI_cropped.tif,1861,1287,28.65216827392578,train
hls_california\HLS.S30.T10TEK.2021092T185921.v2.0_EVI_cropped.tif,1862,1288,125.1988296508789,train
hls_california\HLS.S30.T10TEK.2021092T185921.v2.0_EVI_cropped.tif,1863,1290,85.0387191772461,train
hls_california\HLS.S30.T10TEK.2021092T185921.v2.0_EVI_cropped.tif,1865,1291,40.295284271240234,train
hls_california\HLS.S30.T10TEK.2021092T185921.v2.0_EVI_cropped.tif,1866,1293,24.570112228393555,train
hls_california\HLS.S30.T10TEK.2021092T185921.v2.0_EVI_cropped.tif,1867,1294,35.558990478515625,train
hls_california\HLS.S30.T10TEK.2021092T185921.v2.0_EVI_cropped.tif,1868,1296,63.01264953613281,train
hls_california\HLS.S30.T10TEK.2021092T185921.v2.0_EVI_cropped.tif,1869,1297,102.85868072509766,train
hls_california\HLS.S30.T10TEK.2021092T185921.v2.0_EVI_cropped.tif,1871,1300,26.269208908081055,train
hls_california\HLS.S30.T10TEK.2021092T185921.v2.0_EVI_cropped.tif,1873,1302,34.641700744628906,train
hls_california\HLS.S30.T10TEK.2021092T185921.v2.0_EVI_cropped.tif,1874,1303,30.730161666870117,train
hls_california\HLS.S30.T10TEK.2021092T185921.v2.0_EVI_cropped.tif,1875,1305,42.0384407043457,train
hls_california\HLS.S30.T10TEK.2021092T185921.v2.0_EVI_cropped.tif,1876,1306,23.886966705322266,train
hls_california\HLS.S30.T10TEK.2021092T185921.v2.0_EVI_cropped.tif,1877,1308,22.6208553314209,train
hls_california\HLS.S30.T10TEK.2021092T185921.v2.0_EVI_cropped.tif,1878,1310,24.629865646362305,train
hls_california\HLS.S30.T10TEK.2021092T185921.v2.0_EVI_cropped.tif,1880,1311,42.72581481933594,train
hls_california\HLS.S30.T10TEK.2021092T185921.v2.0_EVI_cropped.tif,1881,1313,16.761791229248047,train
hls_california\HLS.S30.T10TEK.2021092T185921.v2.0_EVI_cropped.tif,1882,1314,84.40043640136719,train
hls_california\HLS.S30.T10TEK.2021092T185921.v2.0_EVI_cropped.tif,1883,1316,22.288715362548828,train
hls_california\HLS.S30.T10TEK.2021092T185921.v2.0_EVI_cropped.tif,1884,1317,20.296024322509766,train
hls_california\HLS.S30.T10TEK.2021092T185921.v2.0_EVI_cropped.tif,1885,1319,24.7862491607666,train
hls_california\HLS.S30.T10TEK.2021092T185921.v2.0_EVI_cropped.tif,1887,1320,41.92744064331055,train
hls_california\HLS.S30.T10TEK.2021092T185921.v2.0_EVI_cropped.tif,1888,1322,54.49015808105469,train
hls_california\HLS.S30.T10TEK.2021092T185921.v2.0_EVI_cropped.tif,1889,1323,41.745845794677734,train
hls_california\HLS.S30.T10TEK.2021092T185921.v2.0_EVI_cropped.tif,1890,1325,17.301273345947266,train
hls_california\HLS.S30.T10TEK.2021092T185921.v2.0_EVI_cropped.tif,1891,1326,21.8117618560791,train
hls_california\HLS.S30.T10TEK.2021092T185921.v2.0_EVI_cropped.tif,1892,1328,40.68264389038086,train
hls_california\HLS.S30.T10TEK.2021092T185921.v2.0_EVI_cropped.tif,1893,1329,24.68305778503418,train
hls_california\HLS.S30.T10TEK.2021092T185921.v2.0_EVI_cropped.tif,1895,1331,47.14370346069336,train
hls_california\HLS.S30.T10TEK.2021092T185921.v2.0_EVI_cropped.tif,1896,1332,-9999.0,train
hls_california\HLS.S30.T10TEK.2021092T185921.v2.0_EVI_cropped.tif,1897,1334,18.198719024658203,train
hls_california\HLS.S30.T10TEK.2021092T185921.v2.0_EVI_cropped.tif,1898,1335,46.397403717041016,train
hls_california\HLS.S30.T10TEK.2021092T185921.v2.0_EVI_cropped.tif,1899,1337,38.68839645385742,train
hls_california\HLS.S30.T10TEK.2021092T185921.v2.0_EVI_cropped.tif,1900,1338,18.06606101989746,train
hls_california\HLS.S30.T10TEK.2021092T185921.v2.0_EVI_cropped.tif,1902,1340,23.744384765625,train
hls_california\HLS.S30.T10TEK.2021092T185921.v2.0_EVI_cropped.tif,1903,1341,30.02057647705078,train
hls_california\HLS.S30.T10TEK.2021092T185921.v2.0_EVI_cropped.tif,1904,1343,22.925846099853516,train
hls_california\HLS.S30.T10TEK.2021092T185921.v2.0_EVI_cropped.tif,1905,1344,19.62607765197754,train
hls_california\HLS.S30.T10TEK.2021092T185921.v2.0_EVI_cropped.tif,1906,1346,27.380525588989258,train
hls_california\HLS.S30.T10TEK.2021092T185921.v2.0_EVI_cropped.tif,1907,1347,23.91105842590332,train
hls_california\HLS.S30.T10TEK.2021092T185921.v2.0_EVI_cropped.tif,1909,1349,-9999.0,train
hls_california\HLS.S30.T10TEK.2021092T185921.v2.0_EVI_cropped.tif,1910,1350,26.283340454101562,train
hls_california\HLS.S30.T10TEK.2021092T185921.v2.0_EVI_cropped.tif,1911,1352,-9999.0,train
hls_california\HLS.S30.T10TEK.2021092T185921.v2.0_EVI_cropped.tif,1912,1353,83.53311157226562,train
hls_california\HLS.S30.T10TEK.2021092T185921.v2.0_EVI_cropped.tif,1913,1355,218.42506408691406,train
hls_california\HLS.S30.T10TEK.2021092T185921.v2.0_EVI_cropped.tif,1914,1357,15.199830055236816,train
hls_california\HLS.S30.T10TEK.2021092T185921.v2.0_EVI_cropped.tif,1915,1358,165.24693298339844,train
hls_california\HLS.S30.T10TEK.2021092T185921.v2.0_EVI_cropped.tif,1917,1360,32.652801513671875,train
hls_california\HLS.S30.T10TEK.2021092T185921.v2.0_EVI_cropped.tif,1918,1361,57.977020263671875,train
hls_california\HLS.S30.T10TEK.2021092T185921.v2.0_EVI_cropped.tif,1919,1363,35.52495574951172,train
hls_california\HLS.S30.T10TEK.2021092T185921.v2.0_EVI_cropped.tif,1920,1364,18.674341201782227,train
hls_california\HLS.S30.T10TEK.2021092T185921.v2.0_EVI_cropped.tif,1921,1366,36.88548278808594,train
hls_california\HLS.S30.T10TEK.2021092T185921.v2.0_EVI_cropped.tif,1922,1367,26.21054458618164,train
hls_california\HLS.S30.T10TEK.2021092T185921.v2.0_EVI_cropped.tif,1924,1369,56.410274505615234,train
hls_california\HLS.S30.T10TEK.2021092T185921.v2.0_EVI_cropped.tif,1925,1370,18.955371856689453,train
hls_california\HLS.S30.T10TEK.2021092T185921.v2.0_EVI_cropped.tif,1926,1372,46.936485290527344,train
hls_california\HLS.S30.T10TEK.2021092T185921.v2.0_EVI_cropped.tif,1927,1373,83.25814056396484,train
hls_california\HLS.S30.T10TEK.2021092T185921.v2.0_EVI_cropped.tif,1928,1375,27.985519409179688,train
hls_california\HLS.S30.T10TEK.2021092T185921.v2.0_EVI_cropped.tif,1929,1376,22.039323806762695,train
hls_california\HLS.S30.T10TEK.2021092T185921.v2.0_EVI_cropped.tif,1930,1378,-9999.0,train
hls_california\HLS.S30.T10TEK.2021092T185921.v2.0_EVI_cropped.tif,1932,1379,34.7103385925293,train
hls_california\HLS.S30.T10TEK.2021092T185921.v2.0_EVI_cropped.tif,1933,1381,60.54439926147461,train
hls_california\HLS.S30.T10TEK.2021092T185921.v2.0_EVI_cropped.tif,1934,1382,23.721803665161133,train
hls_california\HLS.S30.T10TEK.2021092T185921.v2.0_EVI_cropped.tif,1935,1384,34.587684631347656,train
hls_california\HLS.S30.T10TEK.2021092T185921.v2.0_EVI_cropped.tif,1936,1385,42.566829681396484,train
hls_california\HLS.S30.T10TEK.2021092T185921.v2.0_EVI_cropped.tif,1937,1387,-9999.0,train
hls_california\HLS.S30.T10TEK.2021092T185921.v2.0_EVI_cropped.tif,1939,1388,33.798038482666016,train
hls_california\HLS.S30.T10TEK.2021092T185921.v2.0_EVI_cropped.tif,1940,1390,-9999.0,train
hls_california\HLS.S30.T10TEK.2021092T185921.v2.0_EVI_cropped.tif,1941,1391,18.749069213867188,train
hls_california\HLS.S30.T10TEK.2021092T185921.v2.0_EVI_cropped.tif,1942,1393,20.768564224243164,train
hls_california\HLS.S30.T10TEK.2021092T185921.v2.0_EVI_cropped.tif,1943,1394,30.121166229248047,train
hls_california\HLS.S30.T10TEK.2021092T185921.v2.0_EVI_cropped.tif,1944,1396,35.825401306152344,train
hls_california\HLS.S30.T10TEK.2021092T185921.v2.0_EVI_cropped.tif,1946,1397,40.89014434814453,train
hls_california\HLS.S30.T10TEK.2021092T185921.v2.0_EVI_cropped.tif,1947,1399,21.346097946166992,train
hls_california\HLS.S30.T10TEK.2021092T185921.v2.0_EVI_cropped.tif,1948,1400,22.398996353149414,train
hls_california\HLS.S30.T10TEK.2021092T185921.v2.0_EVI_cropped.tif,1949,1402,20.225893020629883,train
hls_california\HLS.S30.T10TEK.2021092T185921.v2.0_EVI_cropped.tif,1950,1404,-9999.0,train
hls_california\HLS.S30.T10TEK.2021092T185921.v2.0_EVI_cropped.tif,1951,1405,53.62151336669922,train
hls_california\HLS.S30.T10TEK.2021092T185921.v2.0_EVI_cropped.tif,1952,1407,43.15568923950195,train
hls_california\HLS.S30.T10TEK.2021092T185921.v2.0_EVI_cropped.tif,1954,1408,35.4527587890625,train
hls_california\HLS.S30.T10TEK.2021092T185921.v2.0_EVI_cropped.tif,1955,1410,51.57563018798828,train
hls_california\HLS.S30.T10TEK.2021092T185921.v2.0_EVI_cropped.tif,1956,1411,48.506309509277344,train
hls_california\HLS.S30.T10TEK.2021092T185921.v2.0_EVI_cropped.tif,1957,1413,28.146772384643555,train
hls_california\HLS.S30.T10TEK.2021092T185921.v2.0_EVI_cropped.tif,1958,1414,18.565385818481445,train
hls_california\HLS.S30.T10TEK.2021092T185921.v2.0_EVI_cropped.tif,1989,1455,24.051557540893555,train
hls_california\HLS.S30.T10TEK.2021092T185921.v2.0_EVI_cropped.tif,1991,1457,28.21947479248047,train
hls_california\HLS.S30.T10TEK.2021092T185921.v2.0_EVI_cropped.tif,1992,1458,18.850492477416992,train
hls_california\HLS.S30.T10TEK.2021092T185921.v2.0_EVI_cropped.tif,1993,1460,18.160900115966797,train
hls_california\HLS.S30.T10TEK.2021092T185921.v2.0_EVI_cropped.tif,1994,1461,36.30021286010742,train
hls_california\HLS.S30.T10TEK.2021092T185921.v2.0_EVI_cropped.tif,1995,1463,28.307708740234375,train
hls_california\HLS.S30.T10TEK.2021092T185921.v2.0_EVI_cropped.tif,1996,1464,33.90265655517578,train
hls_california\HLS.S30.T10TEK.2021092T185921.v2.0_EVI_cropped.tif,1998,1466,25.03525733947754,train
hls_california\HLS.S30.T10TEK.2021092T185921.v2.0_EVI_cropped.tif,1999,1467,98.54395294189453,train
hls_california\HLS.S30.T10TEK.2021092T185921.v2.0_EVI_cropped.tif,2000,1469,22.112655639648438,train
hls_california\HLS.S30.T10TEK.2021092T185921.v2.0_EVI_cropped.tif,2001,1470,15.068740844726562,train
hls_california\HLS.S30.T10TEK.2021092T185921.v2.0_EVI_cropped.tif,2002,1472,-9999.0,train
hls_california\HLS.S30.T10TEK.2021092T185921.v2.0_EVI_cropped.tif,2003,1473,14.797309875488281,train
hls_california\HLS.S30.T10TEK.2021092T185921.v2.0_EVI_cropped.tif,2004,1475,14.74622631072998,train
hls_california\HLS.S30.T10TEK.2021092T185921.v2.0_EVI_cropped.tif,2006,1476,15.394573211669922,train
hls_california\HLS.S30.T10TEK.2021092T185921.v2.0_EVI_cropped.tif,2007,1478,14.74622631072998,train
hls_california\HLS.S30.T10TEK.2021092T185921.v2.0_EVI_cropped.tif,2008,1479,14.617061614990234,train
hls_california\HLS.S30.T10TEK.2021092T185921.v2.0_EVI_cropped.tif,2010,1482,15.44668960571289,train
hls_california\HLS.S30.T10TEK.2021092T185921.v2.0_EVI_cropped.tif,2011,1484,70.60638427734375,train
hls_california\HLS.S30.T10TEK.2021092T185921.v2.0_EVI_cropped.tif,2013,1485,69.00369262695312,train
hls_california\HLS.S30.T10TEK.2021092T185921.v2.0_EVI_cropped.tif,2014,1487,32.17197799682617,train
hls_california\HLS.S30.T10TEK.2021092T185921.v2.0_EVI_cropped.tif,2015,1488,38.05661392211914,train
hls_california\HLS.S30.T10TEK.2021092T185921.v2.0_EVI_cropped.tif,2016,1490,29.869003295898438,train
hls_california\HLS.S30.T10TEK.2021092T185921.v2.0_EVI_cropped.tif,2017,1491,24.10092544555664,train
hls_california\HLS.S30.T10TEK.2021092T185921.v2.0_EVI_cropped.tif,2018,1493,22.184106826782227,train
hls_california\HLS.S30.T10TEK.2021092T185921.v2.0_EVI_cropped.tif,2020,1494,31.2083740234375,train
hls_california\HLS.S30.T10TEK.2021092T185921.v2.0_EVI_cropped.tif,2021,1496,21.1478214263916,train
hls_california\HLS.S30.T10TEK.2021092T185921.v2.0_EVI_cropped.tif,2022,1497,-9999.0,train
hls_california\HLS.S30.T10TEK.2021092T185921.v2.0_EVI_cropped.tif,2023,1499,67.24102020263672,train
hls_california\HLS.S30.T10TEK.2021092T185921.v2.0_EVI_cropped.tif,2024,1500,41.27047348022461,train
hls_california\HLS.S30.T10TEK.2021092T185921.v2.0_EVI_cropped.tif,2025,1502,19.340173721313477,train
hls_california\HLS.S30.T10TEK.2021092T185921.v2.0_EVI_cropped.tif,2026,1503,22.194869995117188,train
hls_california\HLS.S30.T10TEK.2021092T185921.v2.0_EVI_cropped.tif,2028,1505,30.17568016052246,train
hls_california\HLS.S30.T10TEK.2021092T185921.v2.0_EVI_cropped.tif,2029,1507,38.47258758544922,train
hls_california\HLS.S30.T10TEK.2021092T185921.v2.0_EVI_cropped.tif,2030,1508,32.9574089050293,train
hls_california\HLS.S30.T10TEK.2021092T185921.v2.0_EVI_cropped.tif,2031,1510,-9999.0,train
hls_california\HLS.S30.T10TEK.2021092T185921.v2.0_EVI_cropped.tif,2032,1511,14.192330360412598,train
hls_california\HLS.S30.T10TEK.2021092T185921.v2.0_EVI_cropped.tif,2033,1513,18.482336044311523,train
hls_california\HLS.S30.T10TEK.2021092T185921.v2.0_EVI_cropped.tif,2066,1555,-9999.0,train
hls_california\HLS.S30.T10TEK.2021092T185921.v2.0_EVI_cropped.tif,2067,1556,26.897903442382812,train
hls_california\HLS.S30.T10TEK.2021092T185921.v2.0_EVI_cropped.tif,2068,1558,14.989570617675781,train
hls_california\HLS.S30.T10TEK.2021092T185921.v2.0_EVI_cropped.tif,2069,1560,-9999.0,train
hls_california\HLS.S30.T10TEK.2021092T185921.v2.0_EVI_cropped.tif,2070,1561,48.99612045288086,train
hls_california\HLS.S30.T10TEK.2021092T185921.v2.0_EVI_cropped.tif,2072,1563,16.293176651000977,train
hls_california\HLS.S30.T10TEK.2021092T185921.v2.0_EVI_cropped.tif,2073,1564,39.138580322265625,train
hls_california\HLS.S30.T10TEK.2021092T185921.v2.0_EVI_cropped.tif,2074,1566,23.39811897277832,train
hls_california\HLS.S30.T10TEK.2021092T185921.v2.0_EVI_cropped.tif,2075,1567,58.34263229370117,train
hls_california\HLS.S30.T10TEK.2021092T185921.v2.0_EVI_cropped.tif,2076,1569,26.254032135009766,train
hls_california\HLS.S30.T10TEK.2021092T185921.v2.0_EVI_cropped.tif,2077,1570,71.15654754638672,train
hls_california\HLS.S30.T10TEK.2021092T185921.v2.0_EVI_cropped.tif,2078,1572,44.13349533081055,train
hls_california\HLS.S30.T10TEK.2021092T185921.v2.0_EVI_cropped.tif,2080,1573,30.412105560302734,train
hls_california\HLS.S30.T10TEK.2021092T185921.v2.0_EVI_cropped.tif,2081,1575,81.80973052978516,train
hls_california\HLS.S30.T10TEK.2021092T185921.v2.0_EVI_cropped.tif,2082,1576,65.9087905883789,train
hls_california\HLS.S30.T10TEK.2021092T185921.v2.0_EVI_cropped.tif,2083,1578,-9999.0,train
hls_california\HLS.S30.T10TEK.2021092T185921.v2.0_EVI_cropped.tif,2084,1579,18.367366790771484,train
hls_california\HLS.S30.T10TEK.2021092T185921.v2.0_EVI_cropped.tif,2085,1581,-9999.0,train
hls_california\HLS.S30.T10TEK.2021092T185921.v2.0_EVI_cropped.tif,2087,1582,14.938194274902344,train
hls_california\HLS.S30.T10TEK.2021092T185921.v2.0_EVI_cropped.tif,2088,1584,18.53152084350586,train
hls_california\HLS.S30.T10TEK.2021092T185921.v2.0_EVI_cropped.tif,2089,1585,17.752687454223633,train
hls_california\HLS.S30.T10TEK.2021092T185921.v2.0_EVI_cropped.tif,2090,1587,25.66849136352539,train
hls_california\HLS.S30.T10TEK.2021092T185921.v2.0_EVI_cropped.tif,2091,1588,16.61318588256836,train
hls_california\HLS.S30.T10TEK.2021092T185921.v2.0_EVI_cropped.tif,2092,1590,16.26425552368164,train
hls_california\HLS.S30.T10TEK.2021092T185921.v2.0_EVI_cropped.tif,2093,1591,17.611175537109375,train
hls_california\HLS.S30.T10TEK.2021092T185921.v2.0_EVI_cropped.tif,2095,1593,-9999.0,train
hls_california\HLS.S30.T10TEK.2021092T185921.v2.0_EVI_cropped.tif,2096,1594,18.367366790771484,train
hls_california\HLS.S30.T10TEK.2021092T185921.v2.0_EVI_cropped.tif,2097,1596,5.039907932281494,train
hls_california\HLS.S30.T10TEK.2021092T185921.v2.0_EVI_cropped.tif,2098,1597,13.3862886428833,train
hls_california\HLS.S30.T10TEK.2021092T185921.v2.0_EVI_cropped.tif,2099,1599,26.741628646850586,train
hls_california\HLS.S30.T10TEK.2021092T185921.v2.0_EVI_cropped.tif,2100,1600,51.32864761352539,train
hls_california\HLS.S30.T10TEK.2021092T185921.v2.0_EVI_cropped.tif,2102,1602,64.28606414794922,train
hls_california\HLS.S30.T10TEK.2021092T185921.v2.0_EVI_cropped.tif,2103,1603,1.2719420194625854,train
hls_california\HLS.S30.T10TEK.2021092T185921.v2.0_EVI_cropped.tif,2104,1605,1.6303950548171997,train
hls_california\HLS.S30.T10TEK.2021092T185921.v2.0_EVI_cropped.tif,2122,1629,18.70807647705078,train
hls_california\HLS.S30.T10TEK.2021092T185921.v2.0_EVI_cropped.tif,2124,1631,1.5007215738296509,train
hls_california\HLS.S30.T10TEK.2021092T185921.v2.0_EVI_cropped.tif,2125,1632,-9999.0,train
hls_california\HLS.S30.T10TEK.2021092T185921.v2.0_EVI_cropped.tif,2126,1634,2.5404794216156006,train
hls_california\HLS.S30.T10TEK.2021092T185921.v2.0_EVI_cropped.tif,2127,1635,3.899082899093628,train
hls_california\HLS.S30.T10TEK.2021092T185921.v2.0_EVI_cropped.tif,2128,1637,1.6303950548171997,train
hls_california\HLS.S30.T10TEK.2021092T185921.v2.0_EVI_cropped.tif,2129,1638,3.265131950378418,train
hls_california\HLS.S30.T10TEK.2021092T185921.v2.0_EVI_cropped.tif,2130,1640,2.0144054889678955,train
hls_california\HLS.S30.T10TEK.2021092T185921.v2.0_EVI_cropped.tif,2132,1641,6.291952610015869,train
hls_california\HLS.S30.T10TEK.2021092T185921.v2.0_EVI_cropped.tif,2133,1643,1.8173799514770508,train
hls_california\HLS.S30.T10TEK.2021092T185921.v2.0_EVI_cropped.tif,2134,1644,4.210343837738037,train
hls_california\HLS.S30.T10TEK.2021092T185921.v2.0_EVI_cropped.tif,2135,1646,1.9596763849258423,train
hls_california\HLS.S30.T10TEK.2021092T185921.v2.0_EVI_cropped.tif,2136,1647,3.1039299964904785,train
hls_california\HLS.S30.T10TEK.2021092T185921.v2.0_EVI_cropped.tif,2137,1649,2.772066354751587,train
hls_california\HLS.S30.T10TEK.2021092T185921.v2.0_EVI_cropped.tif,2139,1650,1.8173799514770508,train
hls_california\HLS.S30.T10TEK.2021092T185921.v2.0_EVI_cropped.tif,2140,1652,15.56140422821045,train
hls_california\HLS.S30.T10TEK.2021092T185921.v2.0_EVI_cropped.tif,2141,1653,1.4534664154052734,train
hls_california\HLS.S30.T10TEK.2021092T185921.v2.0_EVI_cropped.tif,2142,1655,4.210343837738037,train
hls_california\HLS.S30.T10TEK.2021092T185921.v2.0_EVI_cropped.tif,2143,1656,1.5007215738296509,train
hls_california\HLS.S30.T10TEK.2021092T185921.v2.0_EVI_cropped.tif,2144,1658,2.240774393081665,train
hls_california\HLS.S30.T10TEK.2021092T185921.v2.0_EVI_cropped.tif,2146,1659,2.4587409496307373,train
hls_california\HLS.S30.T10TEK.2021092T185921.v2.0_EVI_cropped.tif,2147,1661,1.2284363508224487,train
hls_california\HLS.S30.T10TEK.2021092T185921.v2.0_EVI_cropped.tif,2148,1662,1.5007215738296509,train
hls_california\HLS.S30.T10TEK.2021092T185921.v2.0_EVI_cropped.tif,2149,1664,35.69413375854492,train
hls_california\HLS.S30.T10TEK.2021092T185921.v2.0_EVI_cropped.tif,2150,1665,11.848655700683594,train
hls_california\HLS.S30.T10TEK.2021092T185921.v2.0_EVI_cropped.tif,2151,1667,3.3590548038482666,train
hls_california\HLS.S30.T10TEK.2021092T185921.v2.0_EVI_cropped.tif,2152,1668,-9999.0,train
hls_california\HLS.S30.T10TEK.2021092T185921.v2.0_EVI_cropped.tif,2154,1670,6.6510233879089355,train
hls_california\HLS.S30.T10TEK.2021092T185921.v2.0_EVI_cropped.tif,2155,1672,2.5404794216156006,train
hls_california\HLS.S30.T10TEK.2021092T185921.v2.0_EVI_cropped.tif,2156,1673,2.0144054889678955,train
hls_california\HLS.S30.T10TEK.2021092T185921.v2.0_EVI_cropped.tif,2157,1675,1.5648930072784424,train
hls_california\HLS.S30.T10TEK.2021092T185921.v2.0_EVI_cropped.tif,2158,1676,1.6303950548171997,train
hls_california\HLS.S30.T10TEK.2021092T185921.v2.0_EVI_cropped.tif,2159,1678,4.505998134613037,train
hls_california\HLS.S30.T10TEK.2021092T185921.v2.0_EVI_cropped.tif,2161,1679,5.694790363311768,train
hls_california\HLS.S30.T10TEK.2021092T185921.v2.0_EVI_cropped.tif,2162,1681,2.378323554992676,train
hls_california\HLS.S30.T10TEK.2021092T185921.v2.0_EVI_cropped.tif,2163,1682,1.5007215738296509,train
hls_california\HLS.S30.T10TEK.2021092T185921.v2.0_EVI_cropped.tif,2164,1684,3.1039299964904785,train
hls_california\HLS.S30.T10TEK.2021092T185921.v2.0_EVI_cropped.tif,2165,1685,2.9246318340301514,train
hls_california\HLS.S30.T10TEK.2021092T185921.v2.0_EVI_cropped.tif,2166,1687,6.421392917633057,train
hls_california\HLS.S30.T10TEK.2021092T185921.v2.0_EVI_cropped.tif,2167,1688,6.6510233879089355,train
hls_california\HLS.S30.T10TEK.2021092T185921.v2.0_EVI_cropped.tif,2169,1690,3.899082899093628,train
hls_california\HLS.S30.T10TEK.2021092T185921.v2.0_EVI_cropped.tif,2170,1691,-9999.0,train
hls_california\HLS.S30.T10TEK.2021092T185921.v2.0_EVI_cropped.tif,2171,1693,2.6866989135742188,train
hls_california\HLS.S30.T10TEK.2021092T185921.v2.0_EVI_cropped.tif,2172,1694,4.397345066070557,train
hls_california\HLS.S30.T10TEK.2021092T185921.v2.0_EVI_cropped.tif,2173,1696,2.1639935970306396,train
hls_california\HLS.S30.T10TEK.2021092T185921.v2.0_EVI_cropped.tif,2174,1697,2.772066354751587,train
hls_california\HLS.S30.T10TEK.2021092T185921.v2.0_EVI_cropped.tif,2176,1699,3.924572229385376,train
hls_california\HLS.S30.T10TEK.2021092T185921.v2.0_EVI_cropped.tif,2177,1700,3.195552349090576,train
hls_california\HLS.S30.T10TEK.2021092T185921.v2.0_EVI_cropped.tif,2178,1702,3.5508384704589844,train
hls_california\HLS.S30.T10TEK.2021092T185921.v2.0_EVI_cropped.tif,2179,1703,3.265131950378418,train
hls_california\HLS.S30.T10TEK.2021092T185921.v2.0_EVI_cropped.tif,2180,1705,2.1639935970306396,train
hls_california\HLS.S30.T10TEK.2021092T185921.v2.0_EVI_cropped.tif,2181,1706,2.378323554992676,train
hls_california\HLS.S30.T10TEK.2021092T185921.v2.0_EVI_cropped.tif,2183,1708,2.0885369777679443,train
hls_california\HLS.S30.T10TEK.2021092T185921.v2.0_EVI_cropped.tif,2184,1709,1.8173799514770508,train
hls_california\HLS.S30.T10TEK.2021092T185921.v2.0_EVI_cropped.tif,2185,1711,2.1639935970306396,train
hls_california\HLS.S30.T10TEK.2021092T185921.v2.0_EVI_cropped.tif,2186,1712,3.5508384704589844,train
hls_california\HLS.S30.T10TEK.2021092T185921.v2.0_EVI_cropped.tif,2187,1714,22.792613983154297,train
hls_california\HLS.S30.T10TEK.2021092T185921.v2.0_EVI_cropped.tif,2188,1715,1.2719420194625854,train
hls_california\HLS.S30.T10TEK.2021092T185921.v2.0_EVI_cropped.tif,2189,1717,1.9596763849258423,train
hls_california\HLS.S30.T10TEK.2021092T185921.v2.0_EVI_cropped.tif,2191,1718,14.429801940917969,train
hls_california\HLS.S30.T10TEK.2021092T185921.v2.0_EVI_cropped.tif,2192,1720,2.772066354751587,train
hls_california\HLS.S30.T10TEK.2021092T185921.v2.0_EVI_cropped.tif,2193,1722,7.5385355949401855,train
hls_california\HLS.S30.T10TEK.2021092T185921.v2.0_EVI_cropped.tif,2194,1723,3.1039299964904785,train
hls_california\HLS.S30.T10TEK.2021092T185921.v2.0_EVI_cropped.tif,2195,1725,2.9246318340301514,train
hls_california\HLS.S30.T10TEK.2021092T185921.v2.0_EVI_cropped.tif,2196,1726,13.71418285369873,train
hls_california\HLS.S30.T10TEK.2021092T185921.v2.0_EVI_cropped.tif,2198,1728,2.0144054889678955,train
hls_california\HLS.S30.T10TEK.2021092T185921.v2.0_EVI_cropped.tif,2199,1729,3.6241109371185303,train
hls_california\HLS.S30.T10TEK.2021092T185921.v2.0_EVI_cropped.tif,2200,1731,4.925063133239746,train
hls_california\HLS.S30.T10TEK.2021092T185921.v2.0_EVI_cropped.tif,2201,1732,8.933408737182617,train
hls_california\HLS.S30.T10TEK.2021092T185921.v2.0_EVI_cropped.tif,2202,1734,-9999.0,train
hls_california\HLS.S30.T10TEK.2021092T185921.v2.0_EVI_cropped.tif,2203,1735,3.4542903900146484,train
hls_california\HLS.S30.T10TEK.2021092T185921.v2.0_EVI_cropped.tif,2205,1737,1.9596763849258423,train
hls_california\HLS.S30.T10TEK.2021092T185921.v2.0_EVI_cropped.tif,2206,1738,5.362436294555664,train
hls_california\HLS.S30.T10TEK.2021092T185921.v2.0_EVI_cropped.tif,2207,1740,1.697226881980896,train
hls_california\HLS.S30.T10TEK.2021092T185921.v2.0_EVI_cropped.tif,2208,1741,1.887864589691162,train
hls_california\HLS.S30.T10TEK.2021092T185921.v2.0_EVI_cropped.tif,2209,1743,1.887864589691162,train
hls_california\HLS.S30.T10TEK.2021092T185921.v2.0_EVI_cropped.tif,2210,1744,-9999.0,train
hls_california\HLS.S30.T10TEK.2021092T185921.v2.0_EVI_cropped.tif,2211,1746,5.126894950866699,train
hls_california\HLS.S30.T10TEK.2021092T185921.v2.0_EVI_cropped.tif,2213,1747,1.4534664154052734,train
hls_california\HLS.S30.T10TEK.2021092T185921.v2.0_EVI_cropped.tif,2214,1749,-9999.0,train
hls_california\HLS.S30.T10TEK.2021092T185921.v2.0_EVI_cropped.tif,2215,1750,2.0885369777679443,train
hls_california\HLS.S30.T10TEK.2021092T185921.v2.0_EVI_cropped.tif,2216,1752,2.0144054889678955,train
hls_california\HLS.S30.T10TEK.2021092T185921.v2.0_EVI_cropped.tif,2217,1753,6.163807392120361,train
hls_california\HLS.S30.T10TEK.2021092T185921.v2.0_EVI_cropped.tif,2218,1755,1.4534664154052734,train
hls_california\HLS.S30.T10TEK.2021092T185921.v2.0_EVI_cropped.tif,2220,1756,1.2284363508224487,train
hls_california\HLS.S30.T10TEK.2021092T185921.v2.0_EVI_cropped.tif,2221,1758,2.6026499271392822,train
hls_california\HLS.S30.T10TEK.2021092T185921.v2.0_EVI_cropped.tif,2222,1759,1.887864589691162,train
hls_california\HLS.S30.T10TEK.2021092T185921.v2.0_EVI_cropped.tif,2223,1761,1.887864589691162,train
hls_california\HLS.S30.T10TEK.2021092T185921.v2.0_EVI_cropped.tif,2224,1762,2.858752727508545,train
hls_california\HLS.S30.T10TEK.2021092T185921.v2.0_EVI_cropped.tif,2225,1764,1.887864589691162,train
hls_california\HLS.S30.T10TEK.2021092T185921.v2.0_EVI_cropped.tif,2226,1765,3.195552349090576,train
hls_california\HLS.S30.T10TEK.2021092T185921.v2.0_EVI_cropped.tif,2228,1767,2.1639935970306396,train
hls_california\HLS.S30.T10TEK.2021092T185921.v2.0_EVI_cropped.tif,2229,1768,3.6241109371185303,train
hls_california\HLS.S30.T10TEK.2021092T185921.v2.0_EVI_cropped.tif,2230,1770,-9999.0,train
hls_california\HLS.S30.T10TEK.2021092T185921.v2.0_EVI_cropped.tif,2231,1771,1.9596763849258423,train
hls_california\HLS.S30.T10TEK.2021092T185921.v2.0_EVI_cropped.tif,2232,1773,1.887864589691162,train
hls_california\HLS.S30.T10TEK.2021092T185921.v2.0_EVI_cropped.tif,2233,1774,2.9246318340301514,train
hls_california\HLS.S30.T10TEK.2021092T185921.v2.0_EVI_cropped.tif,2235,1776,1.9596763849258423,train
hls_california\HLS.S30.T10TEK.2021092T185921.v2.0_EVI_cropped.tif,2236,1778,1.331116795539856,train
hls_california\HLS.S30.T10TEK.2021092T185921.v2.0_EVI_cropped.tif,2237,1779,3.1039299964904785,train
hls_california\HLS.S30.T10TEK.2021092T185921.v2.0_EVI_cropped.tif,2238,1781,1.697226881980896,train
hls_california\HLS.S30.T10TEK.2021092T185921.v2.0_EVI_cropped.tif,2239,1782,1.697226881980896,train
hls_california\HLS.S30.T10TEK.2021092T185921.v2.0_EVI_cropped.tif,2240,1784,2.6866989135742188,train
hls_california\HLS.S30.T10TEK.2021092T185921.v2.0_EVI_cropped.tif,2241,1785,-9999.0,train
hls_california\HLS.S30.T10TEK.2021092T185921.v2.0_EVI_cropped.tif,2243,1787,1.7482229471206665,train
hls_california\HLS.S30.T10TEK.2021092T185921.v2.0_EVI_cropped.tif,2244,1788,1.5007215738296509,train
hls_california\HLS.S30.T10TEK.2021092T185921.v2.0_EVI_cropped.tif,2245,1790,1.6303950548171997,train
hls_california\HLS.S30.T10TEK.2021092T185921.v2.0_EVI_cropped.tif,2246,1791,1.887864589691162,train
hls_california\HLS.S30.T10TEK.2021092T185921.v2.0_EVI_cropped.tif,2247,1793,1.6303950548171997,train
hls_california\HLS.S30.T10TEK.2021092T185921.v2.0_EVI_cropped.tif,2248,1794,-9999.0,train
hls_california\HLS.S30.T10TEK.2021092T185921.v2.0_EVI_cropped.tif,2250,1796,2.0885369777679443,train
hls_california\HLS.S30.T10TEK.2021092T185921.v2.0_EVI_cropped.tif,2251,1797,1.331116795539856,train
hls_california\HLS.S30.T10TEK.2021092T185921.v2.0_EVI_cropped.tif,2252,1799,4.210343837738037,train
hls_california\HLS.S30.T10TEK.2021092T185921.v2.0_EVI_cropped.tif,2253,1800,1.6303950548171997,train
hls_california\HLS.S30.T10TEK.2021092T185921.v2.0_EVI_cropped.tif,2254,1802,3.6241109371185303,train
hls_california\HLS.S30.T10TEK.2021092T185921.v2.0_EVI_cropped.tif,2255,1803,4.105282306671143,train
hls_california\HLS.S30.T10TEK.2021092T185921.v2.0_EVI_cropped.tif,2256,1805,1.5007215738296509,train
hls_california\HLS.S30.T10TEK.2021092T185921.v2.0_EVI_cropped.tif,2258,1806,1.0619252920150757,train
hls_california\HLS.S30.T10TEK.2021092T185921.v2.0_EVI_cropped.tif,2259,1808,1.4534664154052734,train
hls_california\HLS.S30.T10TEK.2021092T185921.v2.0_EVI_cropped.tif,2260,1809,1.171596646308899,train
hls_california\HLS.S30.T10TEK.2021092T185921.v2.0_EVI_cropped.tif,2261,1811,1.9596763849258423,train
hls_california\HLS.S30.T10TEK.2021092T185921.v2.0_EVI_cropped.tif,2262,1812,4.699281215667725,train
hls_california\HLS.S30.T10TEK.2021092T185921.v2.0_EVI_cropped.tif,2263,1814,2.858752727508545,train
hls_california\HLS.S30.T10TEK.2021092T185921.v2.0_EVI_cropped.tif,2265,1815,2.0144054889678955,train
hls_california\HLS.S30.T10TEK.2021092T185921.v2.0_EVI_cropped.tif,2266,1817,5.244015216827393,train
hls_california\HLS.S30.T10TEK.2021092T185921.v2.0_EVI_cropped.tif,2267,1818,3.013622760772705,train
hls_california\HLS.S30.T10TEK.2021092T185921.v2.0_EVI_cropped.tif,2268,1820,3.6241109371185303,train
hls_california\HLS.S30.T10TEK.2021092T185921.v2.0_EVI_cropped.tif,2269,1821,4.105282306671143,train
hls_california\HLS.S30.T10TEK.2021092T185921.v2.0_EVI_cropped.tif,2270,1823,4.811521530151367,train
hls_california\HLS.S30.T10TEK.2021092T185921.v2.0_EVI_cropped.tif,2272,1824,3.3590548038482666,train
hls_california\HLS.S30.T10TEK.2021092T185921.v2.0_EVI_cropped.tif,2273,1826,2.0885369777679443,train
hls_california\HLS.S30.T10TEK.2021092T185921.v2.0_EVI_cropped.tif,2274,1827,2.4587409496307373,train
hls_california\HLS.S30.T10TEK.2021092T185921.v2.0_EVI_cropped.tif,2275,1829,1.697226881980896,train
hls_california\HLS.S30.T10TEK.2021092T185921.v2.0_EVI_cropped.tif,2276,1830,-9999.0,train
hls_california\HLS.S30.T10TEK.2021092T185921.v2.0_EVI_cropped.tif,2277,1832,1.7482229471206665,train
hls_california\HLS.S30.T10TEK.2021092T185921.v2.0_EVI_cropped.tif,2278,1834,3.722954511642456,train
hls_california\HLS.S30.T10TEK.2021092T185921.v2.0_EVI_cropped.tif,2280,1835,1.8173799514770508,train
hls_california\HLS.S30.T10TEK.2021092T185921.v2.0_EVI_cropped.tif,2281,1837,4.615955829620361,train
hls_california\HLS.S30.T10TEK.2021092T185921.v2.0_EVI_cropped.tif,2282,1838,4.397345066070557,train
hls_california\HLS.S30.T10TEK.2021092T185921.v2.0_EVI_cropped.tif,2283,1840,2.1639935970306396,train
hls_california\HLS.S30.T10TEK.2021092T185921.v2.0_EVI_cropped.tif,2284,1841,2.5404794216156006,train
hls_california\HLS.S30.T10TEK.2021092T185921.v2.0_EVI_cropped.tif,2285,1843,2.5404794216156006,train
hls_california\HLS.S30.T10TEK.2021092T185921.v2.0_EVI_cropped.tif,2287,1844,2.5404794216156006,train
hls_california\HLS.S30.T10TEK.2021092T185921.v2.0_EVI_cropped.tif,2288,1846,2.5404794216156006,train
hls_california\HLS.S30.T10TEK.2021092T185921.v2.0_EVI_cropped.tif,2289,1847,1.8173799514770508,train
hls_california\HLS.S30.T10TEK.2021092T185921.v2.0_EVI_cropped.tif,2290,1849,1.3916254043579102,train
hls_california\HLS.S30.T10TEK.2021092T185921.v2.0_EVI_cropped.tif,2291,1850,4.316711902618408,train
hls_california\HLS.S30.T10TEK.2021092T185921.v2.0_EVI_cropped.tif,2292,1852,-9999.0,train
hls_california\HLS.S30.T10TEK.2021092T185921.v2.0_EVI_cropped.tif,2294,1853,2.378323554992676,train
hls_california\HLS.S30.T10TEK.2021092T185921.v2.0_EVI_cropped.tif,2295,1855,1.4534664154052734,train
hls_california\HLS.S30.T10TEK.2021092T185921.v2.0_EVI_cropped.tif,2296,1856,-9999.0,train
hls_california\HLS.S30.T10TEK.2021092T185921.v2.0_EVI_cropped.tif,2297,1858,2.1639935970306396,train
hls_california\HLS.S30.T10TEK.2021092T185921.v2.0_EVI_cropped.tif,2298,1859,1.887864589691162,train
hls_california\HLS.S30.T10TEK.2021092T185921.v2.0_EVI_cropped.tif,2299,1861,11.848655700683594,train
hls_california\HLS.S30.T10TEK.2021092T185921.v2.0_EVI_cropped.tif,2300,1862,1.6303950548171997,train
hls_california\HLS.S30.T10TEK.2021092T185921.v2.0_EVI_cropped.tif,2302,1864,1.3916254043579102,train
hls_california\HLS.S30.T10TEK.2021092T185921.v2.0_EVI_cropped.tif,2303,1865,1.3916254043579102,train
hls_california\HLS.S30.T10TEK.2021092T185921.v2.0_EVI_cropped.tif,2304,1867,59.241939544677734,train
hls_california\HLS.S30.T10TEK.2021092T185921.v2.0_EVI_cropped.tif,2305,1868,-9999.0,train
hls_california\HLS.S30.T10TEK.2021092T185921.v2.0_EVI_cropped.tif,2306,1870,6.291952610015869,train
hls_california\HLS.S30.T10TEK.2021092T185921.v2.0_EVI_cropped.tif,2307,1871,79.15278625488281,train
hls_california\HLS.S30.T10TEK.2021092T185921.v2.0_EVI_cropped.tif,2309,1873,1.3916254043579102,train
hls_california\HLS.S30.T10TEK.2021092T185921.v2.0_EVI_cropped.tif,2310,1874,-9999.0,train
hls_california\HLS.S30.T10TEK.2021092T185921.v2.0_EVI_cropped.tif,2311,1876,79.91768646240234,train
hls_california\HLS.S30.T10TEK.2021092T185921.v2.0_EVI_cropped.tif,2312,1877,1.331116795539856,train
hls_california\HLS.S30.T10TEK.2021092T185921.v2.0_EVI_cropped.tif,2313,1879,2.0144054889678955,train
hls_california\HLS.S30.T10TEK.2021092T185921.v2.0_EVI_cropped.tif,2314,1880,-9999.0,train
hls_california\HLS.S30.T10TEK.2021092T185921.v2.0_EVI_cropped.tif,2316,1882,1.2284363508224487,train
hls_california\HLS.S30.T10TEK.2021092T185921.v2.0_EVI_cropped.tif,2317,1883,1.4534664154052734,train
hls_california\HLS.S30.T10TEK.2021092T185921.v2.0_EVI_cropped.tif,2318,1885,1.331116795539856,train
hls_california\HLS.S30.T10TEK.2021092T185921.v2.0_EVI_cropped.tif,2319,1886,1.171596646308899,train
hls_california\HLS.S30.T10TEK.2021092T185921.v2.0_EVI_cropped.tif,2320,1888,1.6303950548171997,train
hls_california\HLS.S30.T10TEK.2021092T185921.v2.0_EVI_cropped.tif,2321,1889,1.171596646308899,train
hls_california\HLS.S30.T10TEK.2021092T185921.v2.0_EVI_cropped.tif,2322,1891,0.9703503251075745,train
hls_california\HLS.S30.T10TEK.2021092T185921.v2.0_EVI_cropped.tif,2324,1893,1.2719420194625854,train
hls_california\HLS.S30.T10TEK.2021092T185921.v2.0_EVI_cropped.tif,2325,1894,1.331116795539856,train
hls_california\HLS.S30.T10TEK.2021092T185921.v2.0_EVI_cropped.tif,2326,1896,1.331116795539856,train
hls_california\HLS.S30.T10TEK.2021092T185921.v2.0_EVI_cropped.tif,2327,1897,-9999.0,train
hls_california\HLS.S30.T10TEK.2021092T185921.v2.0_EVI_cropped.tif,2328,1899,1.7482229471206665,train
hls_california\HLS.S30.T10TEK.2021092T185921.v2.0_EVI_cropped.tif,2329,1900,-9999.0,train
hls_california\HLS.S30.T10TEK.2021092T185921.v2.0_EVI_cropped.tif,2331,1902,1.7482229471206665,train
hls_california\HLS.S30.T10TEK.2021092T185921.v2.0_EVI_cropped.tif,2332,1903,3.1039299964904785,train
hls_california\HLS.S30.T10TEK.2021092T185921.v2.0_EVI_cropped.tif,2333,1905,2.6866989135742188,train
hls_california\HLS.S30.T10TEK.2021092T185921.v2.0_EVI_cropped.tif,2334,1906,3.1039299964904785,train
hls_california\HLS.S30.T10TEK.2021092T185921.v2.0_EVI_cropped.tif,2335,1908,1.697226881980896,train
hls_california\HLS.S30.T10TEK.2021092T185921.v2.0_EVI_cropped.tif,2336,1909,1.7482229471206665,train
hls_california\HLS.S30.T10TEK.2021092T185921.v2.0_EVI_cropped.tif,2338,1911,-9999.0,train
hls_california\HLS.S30.T10TEK.2021092T185921.v2.0_EVI_cropped.tif,2339,1912,1.6303950548171997,train
hls_california\HLS.S30.T10TEK.2021092T185921.v2.0_EVI_cropped.tif,2340,1914,1.3916254043579102,train
hls_california\HLS.S30.T10TEK.2021092T185921.v2.0_EVI_cropped.tif,2341,1915,2.1639935970306396,train
hls_california\HLS.S30.T10TEK.2021092T185921.v2.0_EVI_cropped.tif,2342,1917,-9999.0,train
hls_california\HLS.S30.T10TEK.2021092T185921.v2.0_EVI_cropped.tif,2343,1918,2.858752727508545,train
hls_california\HLS.S30.T10TEK.2021092T185921.v2.0_EVI_cropped.tif,2344,1920,1.3916254043579102,train
hls_california\HLS.S30.T10TEK.2021092T185921.v2.0_EVI_cropped.tif,2346,1921,1.2719420194625854,train
hls_california\HLS.S30.T10TEK.2021092T185921.v2.0_EVI_cropped.tif,2347,1923,1.5007215738296509,train
hls_california\HLS.S30.T10TEK.2021092T185921.v2.0_EVI_cropped.tif,2348,1924,1.5007215738296509,train
hls_california\HLS.S30.T10TEK.2021092T185921.v2.0_EVI_cropped.tif,2349,1926,1.9596763849258423,train
hls_california\HLS.S30.T10TEK.2021092T185921.v2.0_EVI_cropped.tif,2350,1927,1.5648930072784424,train
hls_california\HLS.S30.T10TEK.2021092T185921.v2.0_EVI_cropped.tif,2351,1929,2.6026499271392822,train
hls_california\HLS.S30.T10TEK.2021092T185921.v2.0_EVI_cropped.tif,2353,1930,2.0885369777679443,train
hls_california\HLS.S30.T10TEK.2021092T185921.v2.0_EVI_cropped.tif,2354,1932,1.5007215738296509,train
hls_california\HLS.S30.T10TEK.2021092T185921.v2.0_EVI_cropped.tif,2355,1933,1.5648930072784424,train
hls_california\HLS.S30.T10TEK.2021092T185921.v2.0_EVI_cropped.tif,2356,1935,1.8173799514770508,train
hls_california\HLS.S30.T10TEK.2021092T185921.v2.0_EVI_cropped.tif,2357,1936,2.0144054889678955,train
hls_california\HLS.S30.T10TEK.2021092T185921.v2.0_EVI_cropped.tif,2358,1938,2.1639935970306396,train
hls_california\HLS.S30.T10TEK.2021092T185921.v2.0_EVI_cropped.tif,2359,1939,1.4534664154052734,train
hls_california\HLS.S30.T10TEK.2021092T185921.v2.0_EVI_cropped.tif,2361,1941,1.331116795539856,train
hls_california\HLS.S30.T10TEK.2021092T185921.v2.0_EVI_cropped.tif,2362,1943,1.3916254043579102,train
hls_california\HLS.S30.T10TEK.2021092T185921.v2.0_EVI_cropped.tif,2363,1944,2.1639935970306396,train
hls_california\HLS.S30.T10TEK.2021092T185921.v2.0_EVI_cropped.tif,2364,1946,3.3590548038482666,train
hls_california\HLS.S30.T10TEK.2021092T185921.v2.0_EVI_cropped.tif,2365,1947,1.2284363508224487,train
hls_california\HLS.S30.T10TEK.2021092T185921.v2.0_EVI_cropped.tif,2366,1949,1.171596646308899,train
hls_california\HLS.S30.T10TEK.2021092T185921.v2.0_EVI_cropped.tif,2368,1950,1.8173799514770508,train
hls_california\HLS.S30.T10TEK.2021092T185921.v2.0_EVI_cropped.tif,2369,1952,1.331116795539856,train
hls_california\HLS.S30.T10TEK.2021092T185921.v2.0_EVI_cropped.tif,2370,1953,1.3916254043579102,train
hls_california\HLS.S30.T10TEK.2021092T185921.v2.0_EVI_cropped.tif,2371,1955,-9999.0,train
hls_california\HLS.S30.T10TEK.2021092T185921.v2.0_EVI_cropped.tif,2372,1956,1.5007215738296509,train
hls_california\HLS.S30.T10TEK.2021092T185921.v2.0_EVI_cropped.tif,2373,1958,1.7482229471206665,train
hls_california\HLS.S30.T10TEK.2021092T185921.v2.0_EVI_cropped.tif,2374,1959,1.331116795539856,train
hls_california\HLS.S30.T10TEK.2021092T185921.v2.0_EVI_cropped.tif,2376,1961,-9999.0,train
hls_california\HLS.S30.T10TEK.2021092T185921.v2.0_EVI_cropped.tif,2377,1962,-9999.0,train
hls_california\HLS.S30.T10TEK.2021092T185921.v2.0_EVI_cropped.tif,2378,1964,1.331116795539856,train
hls_california\HLS.S30.T10TEK.2021092T185921.v2.0_EVI_cropped.tif,2379,1965,2.0885369777679443,train
hls_california\HLS.S30.T10TEK.2021092T185921.v2.0_EVI_cropped.tif,2380,1967,1.2284363508224487,train
hls_california\HLS.S30.T10TEK.2021092T185921.v2.0_EVI_cropped.tif,2381,1968,1.6303950548171997,train
hls_california\HLS.S30.T10TEK.2021092T185921.v2.0_EVI_cropped.tif,2383,1970,2.6026499271392822,train
hls_california\HLS.S30.T10TEK.2021092T185921.v2.0_EVI_cropped.tif,2384,1971,2.772066354751587,train
hls_california\HLS.S30.T10TEK.2021092T185921.v2.0_EVI_cropped.tif,2385,1973,2.1639935970306396,train
hls_california\HLS.S30.T10TEK.2021092T185921.v2.0_EVI_cropped.tif,2386,1974,1.7482229471206665,train
hls_california\HLS.S30.T10TEK.2021092T185921.v2.0_EVI_cropped.tif,2387,1976,1.5007215738296509,train
hls_california\HLS.S30.T10TEK.2021092T185921.v2.0_EVI_cropped.tif,2388,1977,1.1160929203033447,train
hls_california\HLS.S30.T10TEK.2021092T185921.v2.0_EVI_cropped.tif,2389,1979,2.299227714538574,train
hls_california\HLS.S30.T10TEK.2021092T185921.v2.0_EVI_cropped.tif,2391,1980,1.7482229471206665,train
hls_california\HLS.S30.T10TEK.2021092T185921.v2.0_EVI_cropped.tif,2392,1982,-9999.0,train
hls_california\HLS.S30.T10TEK.2021092T185921.v2.0_EVI_cropped.tif,2393,1983,1.2719420194625854,train
hls_california\HLS.S30.T10TEK.2021092T185921.v2.0_EVI_cropped.tif,2394,1985,1.331116795539856,train
hls_california\HLS.S30.T10TEK.2021092T185921.v2.0_EVI_cropped.tif,2395,1986,1.4534664154052734,train
hls_california\HLS.S30.T10TEK.2021092T185921.v2.0_EVI_cropped.tif,2396,1988,1.5007215738296509,train
hls_california\HLS.S30.T10TEK.2021092T185921.v2.0_EVI_cropped.tif,2398,1990,1.2284363508224487,train
hls_california\HLS.S30.T10TEK.2021092T185921.v2.0_EVI_cropped.tif,2399,1991,1.8173799514770508,train
hls_california\HLS.S30.T10TEK.2021092T185921.v2.0_EVI_cropped.tif,2400,1993,1.5648930072784424,train
hls_california\HLS.S30.T10TEK.2021092T185921.v2.0_EVI_cropped.tif,2401,1994,1.3916254043579102,train
hls_california\HLS.S30.T10TEK.2021092T185921.v2.0_EVI_cropped.tif,2402,1996,1.4534664154052734,train
hls_california\HLS.S30.T10TEK.2021092T185921.v2.0_EVI_cropped.tif,2403,1997,151.71145629882812,train
hls_california\HLS.S30.T10TEK.2021092T185921.v2.0_EVI_cropped.tif,2404,1999,1.887864589691162,train
hls_california\HLS.S30.T10TEK.2021092T185921.v2.0_EVI_cropped.tif,2406,2000,1.887864589691162,train
hls_california\HLS.S30.T10TEK.2021092T185921.v2.0_EVI_cropped.tif,2407,2002,1.7482229471206665,train
hls_california\HLS.S30.T10TEK.2021092T185921.v2.0_EVI_cropped.tif,2408,2003,2.240774393081665,train
hls_california\HLS.S30.T10TEK.2021092T185921.v2.0_EVI_cropped.tif,2409,2005,1.2284363508224487,train
hls_california\HLS.S30.T10TEK.2021092T185921.v2.0_EVI_cropped.tif,2410,2006,4.397345066070557,train
hls_california\HLS.S30.T10TEK.2021092T185921.v2.0_EVI_cropped.tif,2411,2008,1.887864589691162,train
hls_california\HLS.S30.T10TEK.2021092T185921.v2.0_EVI_cropped.tif,2413,2009,1.331116795539856,train
hls_california\HLS.S30.T10TEK.2021092T185921.v2.0_EVI_cropped.tif,2414,2011,1.3916254043579102,train
hls_california\HLS.S30.T10TEK.2021092T185921.v2.0_EVI_cropped.tif,2415,2012,2.1639935970306396,train
hls_california\HLS.S30.T10TEK.2021092T185921.v2.0_EVI_cropped.tif,2416,2014,1.331116795539856,train
hls_california\HLS.S30.T10TEK.2021092T185921.v2.0_EVI_cropped.tif,2417,2015,1.171596646308899,train
hls_california\HLS.S30.T10TEK.2021092T185921.v2.0_EVI_cropped.tif,2418,2017,1.887864589691162,train
hls_california\HLS.S30.T10TEK.2021092T185921.v2.0_EVI_cropped.tif,2420,2018,1.1160929203033447,train
hls_california\HLS.S30.T10TEK.2021092T185921.v2.0_EVI_cropped.tif,2421,2020,1.2284363508224487,train
hls_california\HLS.S30.T10TEK.2021092T185921.v2.0_EVI_cropped.tif,2422,2021,1.5007215738296509,train
hls_california\HLS.S30.T10TEK.2021092T185921.v2.0_EVI_cropped.tif,2423,2023,1.5648930072784424,train
hls_california\HLS.S30.T10TEK.2021092T185921.v2.0_EVI_cropped.tif,2424,2024,1.331116795539856,train
hls_california\HLS.S30.T10TEK.2021092T185921.v2.0_EVI_cropped.tif,2425,2026,1.4534664154052734,train
hls_california\HLS.S30.T10TEK.2021092T185921.v2.0_EVI_cropped.tif,2426,2027,1.2719420194625854,train
hls_california\HLS.S30.T10TEK.2021092T185921.v2.0_EVI_cropped.tif,2428,2029,-9999.0,train
hls_california\HLS.S30.T10TEK.2021092T185921.v2.0_EVI_cropped.tif,2429,2030,1.697226881980896,train
hls_california\HLS.S30.T10TEK.2021092T185921.v2.0_EVI_cropped.tif,2430,2032,-9999.0,train
hls_california\HLS.S30.T10TEK.2021092T185921.v2.0_EVI_cropped.tif,2431,2033,2.0144054889678955,train
hls_california\HLS.S30.T10TEK.2021092T185921.v2.0_EVI_cropped.tif,2432,2035,1.2284363508224487,train
hls_california\HLS.S30.T10TEK.2021092T185921.v2.0_EVI_cropped.tif,2433,2036,1.3916254043579102,train
hls_california\HLS.S30.T10TEK.2021092T185921.v2.0_EVI_cropped.tif,2435,2038,2.0885369777679443,train
hls_california\HLS.S30.T10TEK.2021092T185921.v2.0_EVI_cropped.tif,2436,2039,3.1039299964904785,train
hls_california\HLS.S30.T10TEK.2021092T185921.v2.0_EVI_cropped.tif,2437,2041,1.5007215738296509,train
hls_california\HLS.S30.T10TEK.2021092T185921.v2.0_EVI_cropped.tif,2438,2042,-9999.0,train
hls_california\HLS.S30.T10TEK.2021092T185921.v2.0_EVI_cropped.tif,2439,2044,1.7482229471206665,train
hls_california\HLS.S30.T10TEK.2021092T185921.v2.0_EVI_cropped.tif,2440,2045,1.331116795539856,train
hls_california\HLS.S30.T10TEK.2021092T185921.v2.0_EVI_cropped.tif,2442,2047,1.4534664154052734,train
hls_california\HLS.S30.T10TEK.2021092T185921.v2.0_EVI_cropped.tif,2443,2048,1.8173799514770508,train
hls_california\HLS.S30.T10TEK.2021092T185921.v2.0_EVI_cropped.tif,2444,2050,1.3916254043579102,train
hls_california\HLS.S30.T10TEK.2021092T185921.v2.0_EVI_cropped.tif,2446,2053,1.2284363508224487,train
hls_california\HLS.S30.T10TEK.2021092T185921.v2.0_EVI_cropped.tif,2447,2055,77.09404754638672,train
hls_california\HLS.S30.T10TEK.2021092T185921.v2.0_EVI_cropped.tif,2448,2056,1.2284363508224487,train
hls_california\HLS.S30.T10TEK.2021092T185921.v2.0_EVI_cropped.tif,2450,2058,1.5648930072784424,train
hls_california\HLS.S30.T10TEK.2021092T185921.v2.0_EVI_cropped.tif,2451,2059,1.2719420194625854,train
hls_california\HLS.S30.T10TEK.2021092T185921.v2.0_EVI_cropped.tif,2452,2061,1.2719420194625854,train
hls_california\HLS.S30.T10TEK.2021092T185921.v2.0_EVI_cropped.tif,2453,2062,1.7482229471206665,train
hls_california\HLS.S30.T10TEK.2021092T185921.v2.0_EVI_cropped.tif,2454,2064,2.0144054889678955,train
hls_california\HLS.S30.T10TEK.2021092T185921.v2.0_EVI_cropped.tif,2455,2065,1.2284363508224487,train
hls_california\HLS.S30.T10TEK.2021092T185921.v2.0_EVI_cropped.tif,2457,2067,1.4534664154052734,train
hls_california\HLS.S30.T10TEK.2021092T185921.v2.0_EVI_cropped.tif,2458,2068,1.5007215738296509,train
hls_california\HLS.S30.T10TEK.2021092T185921.v2.0_EVI_cropped.tif,2459,2070,1.2284363508224487,train
hls_california\HLS.S30.T10TEK.2021092T185921.v2.0_EVI_cropped.tif,2460,2071,1.331116795539856,train
hls_california\HLS.S30.T10TEK.2021092T185921.v2.0_EVI_cropped.tif,2461,2073,1.0619252920150757,train
hls_california\HLS.S30.T10TEK.2021092T185921.v2.0_EVI_cropped.tif,2462,2074,1.2284363508224487,train
hls_california\HLS.S30.T10TEK.2021092T185921.v2.0_EVI_cropped.tif,2464,2076,0.9703503251075745,train
hls_california\HLS.S30.T10TEK.2021092T185921.v2.0_EVI_cropped.tif,2465,2077,1.2284363508224487,train
hls_california\HLS.S30.T10TEK.2021092T185921.v2.0_EVI_cropped.tif,2466,2079,-9999.0,train
hls_california\HLS.S30.T10TEK.2021092T185921.v2.0_EVI_cropped.tif,2467,2080,1.4534664154052734,train
hls_california\HLS.S30.T10TEK.2021092T185921.v2.0_EVI_cropped.tif,2468,2082,1.6303950548171997,train
hls_california\HLS.S30.T10TEK.2021092T185921.v2.0_EVI_cropped.tif,2469,2083,1.331116795539856,train
hls_california\HLS.S30.T10TEK.2021092T185921.v2.0_EVI_cropped.tif,2471,2085,-9999.0,train
hls_california\HLS.S30.T10TEK.2021092T185921.v2.0_EVI_cropped.tif,2472,2086,1.3916254043579102,train
hls_california\HLS.S30.T10TEK.2021092T185921.v2.0_EVI_cropped.tif,2473,2088,1.5007215738296509,train
hls_california\HLS.S30.T10TEK.2021092T185921.v2.0_EVI_cropped.tif,2474,2089,1.331116795539856,train
hls_california\HLS.S30.T10TEK.2021092T185921.v2.0_EVI_cropped.tif,2475,2091,1.4534664154052734,train
hls_california\HLS.S30.T10TEK.2021092T185921.v2.0_EVI_cropped.tif,2476,2092,1.3916254043579102,train
hls_california\HLS.S30.T10TEK.2021092T185921.v2.0_EVI_cropped.tif,2477,2094,-9999.0,train
hls_california\HLS.S30.T10TEK.2021092T185921.v2.0_EVI_cropped.tif,2479,2095,1.3916254043579102,train
hls_california\HLS.S30.T10TEK.2021092T185921.v2.0_EVI_cropped.tif,2480,2097,103.9560317993164,train
hls_california\HLS.S30.T10TEK.2021092T185921.v2.0_EVI_cropped.tif,2481,2098,-9999.0,train
hls_california\HLS.S30.T10TEK.2021092T185921.v2.0_EVI_cropped.tif,2482,2100,2.378323554992676,train
hls_california\HLS.S30.T10TEK.2021092T185921.v2.0_EVI_cropped.tif,2483,2101,2.240774393081665,train
hls_california\HLS.S30.T10TEK.2021092T185921.v2.0_EVI_cropped.tif,2484,2103,1.171596646308899,train
hls_california\HLS.S30.T10TEK.2021092T185921.v2.0_EVI_cropped.tif,2486,2104,1.2719420194625854,train
hls_california\HLS.S30.T10TEK.2021092T185921.v2.0_EVI_cropped.tif,2487,2106,1.4534664154052734,train
hls_california\HLS.S30.T10TEK.2021092T185921.v2.0_EVI_cropped.tif,2488,2107,70.34695434570312,train
hls_california\HLS.S30.T10TEK.2021092T185921.v2.0_EVI_cropped.tif,2489,2109,1.6303950548171997,train
hls_california\HLS.S30.T10TEK.2021092T185921.v2.0_EVI_cropped.tif,2490,2111,-9999.0,train
hls_california\HLS.S30.T10TEK.2021092T185921.v2.0_EVI_cropped.tif,2491,2112,1.4534664154052734,train
hls_california\HLS.S30.T10TEK.2021092T185921.v2.0_EVI_cropped.tif,2493,2114,1.2284363508224487,train
hls_california\HLS.S30.T10TEK.2021092T185921.v2.0_EVI_cropped.tif,2494,2115,1.4534664154052734,train
hls_california\HLS.S30.T10TEK.2021092T185921.v2.0_EVI_cropped.tif,2495,2117,1.2284363508224487,train
hls_california\HLS.S30.T10TEK.2021092T185921.v2.0_EVI_cropped.tif,2496,2118,1.5648930072784424,train
hls_california\HLS.S30.T10TEK.2021092T185921.v2.0_EVI_cropped.tif,2497,2120,1.5007215738296509,train
hls_california\HLS.S30.T10TEK.2021092T185921.v2.0_EVI_cropped.tif,2498,2121,1.331116795539856,train
hls_california\HLS.S30.T10TEK.2021092T185921.v2.0_EVI_cropped.tif,2499,2123,1.5007215738296509,train
hls_california\HLS.S30.T10TEK.2021092T185921.v2.0_EVI_cropped.tif,2501,2124,1.3916254043579102,train
hls_california\HLS.S30.T10TEK.2021092T185921.v2.0_EVI_cropped.tif,2502,2126,1.3916254043579102,train
hls_california\HLS.S30.T10TEK.2021092T185921.v2.0_EVI_cropped.tif,2503,2127,1.331116795539856,train
hls_california\HLS.S30.T10TEK.2021092T185921.v2.0_EVI_cropped.tif,2504,2129,1.0619252920150757,train
hls_california\HLS.S30.T10TEK.2021092T185921.v2.0_EVI_cropped.tif,2505,2130,1.697226881980896,train
hls_california\HLS.S30.T10TEK.2021092T185921.v2.0_EVI_cropped.tif,2506,2132,1.3916254043579102,train
hls_california\HLS.S30.T10TEK.2021092T185921.v2.0_EVI_cropped.tif,2508,2133,1.3916254043579102,train
hls_california\HLS.S30.T10TEK.2021092T185921.v2.0_EVI_cropped.tif,2509,2135,1.4534664154052734,train
hls_california\HLS.S30.T10TEK.2021092T185921.v2.0_EVI_cropped.tif,2510,2136,1.5007215738296509,train
hls_california\HLS.S30.T10TEK.2021092T185921.v2.0_EVI_cropped.tif,2511,2138,1.6303950548171997,train
hls_california\HLS.S30.T10TEK.2021092T185921.v2.0_EVI_cropped.tif,2512,2139,1.887864589691162,train
hls_california\HLS.S30.T10TEK.2021092T185921.v2.0_EVI_cropped.tif,2513,2141,1.9596763849258423,train
hls_california\HLS.S30.T10TEK.2021092T185921.v2.0_EVI_cropped.tif,2515,2142,1.8173799514770508,train
hls_california\HLS.S30.T10TEK.2021092T185921.v2.0_EVI_cropped.tif,2516,2144,2.0144054889678955,train
hls_california\HLS.S30.T10TEK.2021092T185921.v2.0_EVI_cropped.tif,2517,2145,1.4534664154052734,train
hls_california\HLS.S30.T10TEK.2021092T185921.v2.0_EVI_cropped.tif,2518,2147,-9999.0,train
hls_california\HLS.S30.T10TEK.2021092T185921.v2.0_EVI_cropped.tif,2519,2148,1.697226881980896,train
hls_california\HLS.S30.T10TEK.2021092T185921.v2.0_EVI_cropped.tif,2520,2150,1.331116795539856,train
hls_california\HLS.S30.T10TEK.2021092T185921.v2.0_EVI_cropped.tif,2522,2151,1.331116795539856,train
hls_california\HLS.S30.T10TEK.2021092T185921.v2.0_EVI_cropped.tif,2523,2153,1.3916254043579102,train
hls_california\HLS.S30.T10TEK.2021092T185921.v2.0_EVI_cropped.tif,2524,2154,1.4534664154052734,train
hls_california\HLS.S30.T10TEK.2021092T185921.v2.0_EVI_cropped.tif,2525,2156,1.331116795539856,train
hls_california\HLS.S30.T10TEK.2021092T185921.v2.0_EVI_cropped.tif,2526,2157,1.2719420194625854,train
hls_california\HLS.S30.T10TEK.2021092T185921.v2.0_EVI_cropped.tif,2527,2159,1.5007215738296509,train
hls_california\HLS.S30.T10TEK.2021092T185921.v2.0_EVI_cropped.tif,2528,2160,2.0144054889678955,train
hls_california\HLS.S30.T10TEK.2021092T185921.v2.0_EVI_cropped.tif,2530,2162,-9999.0,train
hls_california\HLS.S30.T10TEK.2021092T185921.v2.0_EVI_cropped.tif,2531,2163,5.244015216827393,train
hls_california\HLS.S30.T10TEK.2021092T185921.v2.0_EVI_cropped.tif,2532,2165,4.210343837738037,train
hls_california\HLS.S30.T10TEK.2021092T185921.v2.0_EVI_cropped.tif,2533,2166,2.5404794216156006,train
hls_california\HLS.S30.T10TEK.2021092T185921.v2.0_EVI_cropped.tif,2534,2168,-9999.0,train
hls_california\HLS.S30.T10TEK.2021092T185921.v2.0_EVI_cropped.tif,2535,2169,2.1639935970306396,train
hls_california\HLS.S30.T10TEK.2021092T185921.v2.0_EVI_cropped.tif,2537,2171,4.505998134613037,train
hls_california\HLS.S30.T10TEK.2021092T185921.v2.0_EVI_cropped.tif,2538,2173,3.5508384704589844,train
hls_california\HLS.S30.T10TEK.2021092T185921.v2.0_EVI_cropped.tif,2539,2174,4.001528263092041,train
hls_california\HLS.S30.T10TEK.2021092T185921.v2.0_EVI_cropped.tif,2540,2176,2.6026499271392822,train
hls_california\HLS.S30.T10TEK.2021092T185921.v2.0_EVI_cropped.tif,2541,2177,-9999.0,train
hls_california\HLS.S30.T10TEK.2021092T185921.v2.0_EVI_cropped.tif,2542,2179,4.316711902618408,train
hls_california\HLS.S30.T10TEK.2021092T185921.v2.0_EVI_cropped.tif,2544,2180,4.615955829620361,train
hls_california\HLS.S30.T10TEK.2021092T185921.v2.0_EVI_cropped.tif,2545,2182,7.156403541564941,train
hls_california\HLS.S30.T10TEK.2021092T185921.v2.0_EVI_cropped.tif,2546,2183,6.291952610015869,train
hls_california\HLS.S30.T10TEK.2021092T185921.v2.0_EVI_cropped.tif,2547,2185,7.294233322143555,train
hls_california\HLS.S30.T10TEK.2021092T185921.v2.0_EVI_cropped.tif,2548,2186,9.086966514587402,train
hls_california\HLS.S30.T10TEK.2021092T185921.v2.0_EVI_cropped.tif,2549,2188,7.433351993560791,train
hls_california\HLS.S30.T10TEK.2021092T185921.v2.0_EVI_cropped.tif,2550,2189,6.6510233879089355,train
hls_california\HLS.S30.T10TEK.2021092T185921.v2.0_EVI_cropped.tif,2552,2191,4.615955829620361,train
hls_california\HLS.S30.T10TEK.2021092T185921.v2.0_EVI_cropped.tif,2553,2192,22.486173629760742,train
hls_california\HLS.S30.T10TEK.2021092T185921.v2.0_EVI_cropped.tif,2554,2194,25.014368057250977,train
hls_california\HLS.S30.T10TEK.2021092T185921.v2.0_EVI_cropped.tif,2555,2195,19.24275016784668,train
hls_california\HLS.S30.T10TEK.2021092T185921.v2.0_EVI_cropped.tif,2556,2197,20.14128875732422,train
hls_california\HLS.S30.T10TEK.2021092T185921.v2.0_EVI_cropped.tif,2563,2206,13.421670913696289,train
hls_california\HLS.S30.T10TEK.2021092T185921.v2.0_EVI_cropped.tif,2564,2207,36.10322570800781,train
hls_california\HLS.S30.T10TEK.2021092T185921.v2.0_EVI_cropped.tif,2566,2209,-9999.0,train
hls_california\HLS.S30.T10TEK.2021092T185921.v2.0_EVI_cropped.tif,2567,2210,19.796472549438477,train
hls_california\HLS.S30.T10TEK.2021092T185921.v2.0_EVI_cropped.tif,2568,2212,14.74622631072998,train
hls_california\HLS.S30.T10TEK.2021092T185921.v2.0_EVI_cropped.tif,2569,2213,14.427038192749023,train
hls_california\HLS.S30.T10TEK.2021092T185921.v2.0_EVI_cropped.tif,2570,2215,24.015701293945312,train
hls_california\HLS.S30.T10TEK.2021092T185921.v2.0_EVI_cropped.tif,2571,2216,32.65103530883789,train
hls_california\HLS.S30.T10TEK.2021092T185921.v2.0_EVI_cropped.tif,2572,2218,16.144582748413086,train
hls_california\HLS.S30.T10TEK.2021092T185921.v2.0_EVI_cropped.tif,2574,2219,15.120341300964355,train
hls_california\HLS.S30.T10TEK.2021092T185921.v2.0_EVI_cropped.tif,2575,2221,14.927242279052734,train
hls_california\HLS.S30.T10TEK.2021092T185921.v2.0_EVI_cropped.tif,2576,2222,3.823108196258545,train
hls_california\HLS.S30.T10TEK.2021092T185921.v2.0_EVI_cropped.tif,2577,2224,1.331116795539856,train
hls_california\HLS.S30.T10TEK.2021092T185921.v2.0_EVI_cropped.tif,2578,2225,7.966506481170654,train
hls_california\HLS.S30.T10TEK.2021092T185921.v2.0_EVI_cropped.tif,2579,2227,5.9426655769348145,train
hls_california\HLS.S30.T10TEK.2021092T185921.v2.0_EVI_cropped.tif,2581,2229,6.068546295166016,train
hls_california\HLS.S30.T10TEK.2021092T185921.v2.0_EVI_cropped.tif,2582,2230,6.784017086029053,train
hls_california\HLS.S30.T10TEK.2021092T185921.v2.0_EVI_cropped.tif,2583,2232,1.5007215738296509,train
hls_california\HLS.S30.T10TEK.2021092T185921.v2.0_EVI_cropped.tif,2584,2233,1.5648930072784424,train
hls_california\HLS.S30.T10TEK.2021092T185921.v2.0_EVI_cropped.tif,2585,2235,1.5648930072784424,train
hls_california\HLS.S30.T10TEK.2021092T185921.v2.0_EVI_cropped.tif,2586,2236,2.0144054889678955,train
hls_california\HLS.S30.T10TEK.2021092T185921.v2.0_EVI_cropped.tif,2588,2238,1.4534664154052734,train
hls_california\HLS.S30.T10TEK.2021092T185921.v2.0_EVI_cropped.tif,2589,2239,1.697226881980896,train
hls_california\HLS.S30.T10TEK.2021092T185921.v2.0_EVI_cropped.tif,2590,2241,-9999.0,train
hls_california\HLS.S30.T10TEK.2021092T185921.v2.0_EVI_cropped.tif,2591,2242,1.331116795539856,train
hls_california\HLS.S30.T10TEK.2021092T185921.v2.0_EVI_cropped.tif,2592,2244,1.2719420194625854,train
hls_california\HLS.S30.T10TEK.2021092T185921.v2.0_EVI_cropped.tif,2594,2247,-9999.0,train
hls_california\HLS.S30.T10TEK.2021092T185921.v2.0_EVI_cropped.tif,2596,2248,1.2284363508224487,train
hls_california\HLS.S30.T10TEK.2021092T185921.v2.0_EVI_cropped.tif,2702,2387,13.90328311920166,train
hls_california\HLS.S30.T10TEK.2021092T185921.v2.0_EVI_cropped.tif,2703,2389,13.3862886428833,train
hls_california\HLS.S30.T10TEK.2021092T185921.v2.0_EVI_cropped.tif,2704,2391,20.55806541442871,train
hls_california\HLS.S30.T10TEK.2021092T185921.v2.0_EVI_cropped.tif,2705,2392,1.5007215738296509,train
hls_california\HLS.S30.T10TEK.2021092T185921.v2.0_EVI_cropped.tif,2707,2394,1.2719420194625854,train
hls_california\HLS.S30.T10TEK.2021092T185921.v2.0_EVI_cropped.tif,2708,2395,1.2284363508224487,train
hls_california\HLS.S30.T10TEK.2021092T185921.v2.0_EVI_cropped.tif,2709,2397,1.2719420194625854,train
hls_california\HLS.S30.T10TEK.2021092T185921.v2.0_EVI_cropped.tif,2710,2398,1.697226881980896,train
hls_california\HLS.S30.T10TEK.2021092T185921.v2.0_EVI_cropped.tif,2711,2400,15.163097381591797,train
hls_california\HLS.S30.T10TEK.2021092T185921.v2.0_EVI_cropped.tif,2712,2401,8.51772403717041,train
hls_california\HLS.S30.T10TEK.2021092T185921.v2.0_EVI_cropped.tif,2714,2403,-9999.0,train
hls_california\HLS.S30.T10TEK.2021092T185921.v2.0_EVI_cropped.tif,2715,2404,-9999.0,train
hls_california\HLS.S30.T10TEK.2021092T185921.v2.0_EVI_cropped.tif,2716,2406,12.696662902832031,train
hls_california\HLS.S30.T10TEK.2021092T185921.v2.0_EVI_cropped.tif,2717,2407,7.433351993560791,train
hls_california\HLS.S30.T10TEK.2021092T185921.v2.0_EVI_cropped.tif,2718,2409,7.156403541564941,train
hls_california\HLS.S30.T10TEK.2021092T185921.v2.0_EVI_cropped.tif,2719,2410,7.433351993560791,train
hls_california\HLS.S30.T10TEK.2021092T185921.v2.0_EVI_cropped.tif,2720,2412,8.221494674682617,train
hls_california\HLS.S30.T10TEK.2021092T185921.v2.0_EVI_cropped.tif,2722,2413,6.6510233879089355,train
hls_california\HLS.S30.T10TEK.2021092T185921.v2.0_EVI_cropped.tif,2723,2415,7.294233322143555,train
hls_california\HLS.S30.T10TEK.2021092T185921.v2.0_EVI_cropped.tif,2724,2416,6.068546295166016,train
hls_california\HLS.S30.T10TEK.2021092T185921.v2.0_EVI_cropped.tif,2725,2418,7.822563171386719,train
hls_california\HLS.S30.T10TEK.2021092T185921.v2.0_EVI_cropped.tif,2726,2419,8.221494674682617,train
hls_california\HLS.S30.T10TEK.2021092T185921.v2.0_EVI_cropped.tif,2727,2421,1.3916254043579102,train
hls_california\HLS.S30.T10TEK.2021092T185921.v2.0_EVI_cropped.tif,2729,2422,1.331116795539856,train
hls_california\HLS.S30.T10TEK.2021092T185921.v2.0_EVI_cropped.tif,2730,2424,1.6303950548171997,train
hls_california\HLS.S30.T10TEK.2021092T185921.v2.0_EVI_cropped.tif,2731,2425,15.172019958496094,train
hls_california\HLS.S30.T10TEK.2021092T185921.v2.0_EVI_cropped.tif,2732,2427,15.642823219299316,train
hls_california\HLS.S30.T10TEK.2021092T185921.v2.0_EVI_cropped.tif,2733,2428,-9999.0,train
hls_california\HLS.S30.T10TEK.2021092T185921.v2.0_EVI_cropped.tif,2734,2430,7.966506481170654,train
hls_california\HLS.S30.T10TEK.2021092T185921.v2.0_EVI_cropped.tif,2735,2431,-9999.0,train
hls_california\HLS.S30.T10TEK.2021092T185921.v2.0_EVI_cropped.tif,2737,2433,10.402565002441406,train
hls_california\HLS.S30.T10TEK.2021092T185921.v2.0_EVI_cropped.tif,2738,2434,1.697226881980896,train
hls_california\HLS.S30.T10TEK.2021092T185921.v2.0_EVI_cropped.tif,2739,2436,42.399749755859375,train
hls_california\HLS.S30.T10TEK.2021092T185921.v2.0_EVI_cropped.tif,2740,2437,1.4534664154052734,train
hls_california\HLS.S30.T10TEK.2021092T185921.v2.0_EVI_cropped.tif,2741,2439,1.3916254043579102,train
hls_california\HLS.S30.T10TEK.2021092T185921.v2.0_EVI_cropped.tif,2742,2441,1.2719420194625854,train
hls_california\HLS.S30.T10TEK.2021092T185921.v2.0_EVI_cropped.tif,2744,2442,1.5007215738296509,train
hls_california\HLS.S30.T10TEK.2021092T185921.v2.0_EVI_cropped.tif,2745,2444,4.397345066070557,train
hls_california\HLS.S30.T10TEK.2021092T185921.v2.0_EVI_cropped.tif,2746,2445,-9999.0,train
hls_california\HLS.S30.T10TEK.2021092T185921.v2.0_EVI_cropped.tif,2747,2447,1.9596763849258423,train
hls_california\HLS.S30.T10TEK.2021092T185921.v2.0_EVI_cropped.tif,2748,2448,63.59572982788086,train
hls_california\HLS.S30.T10TEK.2021092T185921.v2.0_EVI_cropped.tif,2749,2450,12.515764236450195,train
hls_california\HLS.S30.T10TEK.2021092T185921.v2.0_EVI_cropped.tif,2750,2451,16.321733474731445,train
hls_california\HLS.S30.T10TEK.2021092T185921.v2.0_EVI_cropped.tif,2752,2453,17.310054779052734,train
hls_california\HLS.S30.T10TEK.2021092T185921.v2.0_EVI_cropped.tif,2753,2454,14.429801940917969,train
hls_california\HLS.S30.T10TEK.2021092T185921.v2.0_EVI_cropped.tif,2754,2456,14.62362003326416,train
hls_california\HLS.S30.T10TEK.2021092T185921.v2.0_EVI_cropped.tif,2755,2457,17.099645614624023,train
hls_california\HLS.S30.T10TEK.2021092T185921.v2.0_EVI_cropped.tif,2756,2459,18.872766494750977,train
hls_california\HLS.S30.T10TEK.2021092T185921.v2.0_EVI_cropped.tif,2757,2460,17.950626373291016,train
hls_california\HLS.S30.T10TEK.2021092T185921.v2.0_EVI_cropped.tif,2759,2462,19.968544006347656,train
hls_california\HLS.S30.T10TEK.2021092T185921.v2.0_EVI_cropped.tif,2760,2463,22.00450325012207,train
hls_california\HLS.S30.T10TEK.2021092T185921.v2.0_EVI_cropped.tif,2761,2465,20.61406898498535,train
hls_california\HLS.S30.T10TEK.2021092T185921.v2.0_EVI_cropped.tif,2762,2466,21.23693084716797,train
hls_california\HLS.S30.T10TEK.2021092T185921.v2.0_EVI_cropped.tif,2763,2468,23.437366485595703,train
hls_california\HLS.S30.T10TEK.2021092T185921.v2.0_EVI_cropped.tif,2764,2469,21.83670997619629,train
hls_california\HLS.S30.T10TEK.2021092T185921.v2.0_EVI_cropped.tif,2765,2471,23.92428970336914,train
hls_california\HLS.S30.T10TEK.2021092T185921.v2.0_EVI_cropped.tif,2767,2472,-9999.0,train
hls_california\HLS.S30.T10TEK.2021092T185921.v2.0_EVI_cropped.tif,2768,2474,9.954383850097656,train
hls_california\HLS.S30.T10TEK.2021092T185921.v2.0_EVI_cropped.tif,2769,2475,142.55796813964844,train
hls_california\HLS.S30.T10TEK.2021092T185921.v2.0_EVI_cropped.tif,2770,2477,45.537506103515625,train
hls_california\HLS.S30.T10TEK.2021092T185921.v2.0_EVI_cropped.tif,2771,2478,1.4534664154052734,train
hls_california\HLS.S30.T10TEK.2021092T185921.v2.0_EVI_cropped.tif,2772,2480,6.784017086029053,train
hls_california\HLS.S30.T10TEK.2021092T185921.v2.0_EVI_cropped.tif,2774,2481,26.8067569732666,train
hls_california\HLS.S30.T10TEK.2021092T185921.v2.0_EVI_cropped.tif,2775,2483,-9999.0,train
hls_california\HLS.S30.T10TEK.2021092T185921.v2.0_EVI_cropped.tif,2776,2484,1.331116795539856,train
hls_california\HLS.S30.T10TEK.2021092T185921.v2.0_EVI_cropped.tif,2777,2486,1.3916254043579102,train
hls_california\HLS.S30.T10TEK.2021092T185921.v2.0_EVI_cropped.tif,2778,2487,1.5007215738296509,train
hls_california\HLS.S30.T10TEK.2021092T185921.v2.0_EVI_cropped.tif,2779,2489,1.2719420194625854,train
hls_california\HLS.S30.T10TEK.2021092T185921.v2.0_EVI_cropped.tif,2780,2490,35.47051239013672,train
hls_california\HLS.S30.T10TEK.2021092T185921.v2.0_EVI_cropped.tif,2782,2492,22.69670867919922,train
hls_california\HLS.S30.T10TEK.2021092T185921.v2.0_EVI_cropped.tif,2783,2494,25.167591094970703,train
hls_california\HLS.S30.T10TEK.2021092T185921.v2.0_EVI_cropped.tif,2784,2495,18.750577926635742,train
hls_california\HLS.S30.T10TEK.2021092T185921.v2.0_EVI_cropped.tif,2785,2497,20.50250244140625,train
hls_california\HLS.S30.T10TEK.2021092T185921.v2.0_EVI_cropped.tif,2786,2498,27.17681121826172,train
hls_california\HLS.S30.T10TEK.2021092T185921.v2.0_EVI_cropped.tif,2787,2500,23.7758731842041,train
hls_california\HLS.S30.T10TEK.2021092T185921.v2.0_EVI_cropped.tif,2789,2501,14.46877384185791,train
hls_california\HLS.S30.T10TEK.2021092T185921.v2.0_EVI_cropped.tif,2790,2503,22.557815551757812,train
hls_california\HLS.S30.T10TEK.2021092T185921.v2.0_EVI_cropped.tif,2791,2504,-9999.0,train
hls_california\HLS.S30.T10TEK.2021092T185921.v2.0_EVI_cropped.tif,2792,2506,25.97823143005371,train
hls_california\HLS.S30.T10TEK.2021092T185921.v2.0_EVI_cropped.tif,2793,2507,28.221519470214844,train
hls_california\HLS.S30.T10TEK.2021092T185921.v2.0_EVI_cropped.tif,2794,2509,-9999.0,train
hls_california\HLS.S30.T10TEK.2021092T185921.v2.0_EVI_cropped.tif,2795,2510,19.86652374267578,train
hls_california\HLS.S30.T10TEK.2021092T185921.v2.0_EVI_cropped.tif,2797,2512,22.664491653442383,train
hls_california\HLS.S30.T10TEK.2021092T185921.v2.0_EVI_cropped.tif,2798,2513,25.509063720703125,train
hls_california\HLS.S30.T10TEK.2021092T185921.v2.0_EVI_cropped.tif,2799,2515,26.364057540893555,train
hls_california\HLS.S30.T10TEK.2021092T185921.v2.0_EVI_cropped.tif,2800,2516,24.459333419799805,train
hls_california\HLS.S30.T10TEK.2021092T185921.v2.0_EVI_cropped.tif,2801,2518,14.874932289123535,train
hls_california\HLS.S30.T10TEK.2021092T185921.v2.0_EVI_cropped.tif,2802,2519,15.067376136779785,train
hls_california\HLS.S30.T10TEK.2021092T185921.v2.0_EVI_cropped.tif,2804,2521,28.900203704833984,train
hls_california\HLS.S30.T10TEK.2021092T185921.v2.0_EVI_cropped.tif,2805,2522,-9999.0,train
hls_california\HLS.S30.T10TEK.2021092T185921.v2.0_EVI_cropped.tif,2806,2524,3.3590548038482666,train
hls_california\HLS.S30.T10TEK.2021092T185921.v2.0_EVI_cropped.tif,2807,2525,9.202975273132324,train
hls_california\HLS.S30.T10TEK.2021092T185921.v2.0_EVI_cropped.tif,2808,2527,6.918302059173584,train
hls_california\HLS.S30.T10TEK.2021092T185921.v2.0_EVI_cropped.tif,2809,2528,2.240774393081665,train
hls_california\HLS.S30.T10TEK.2021092T185921.v2.0_EVI_cropped.tif,2811,2530,-9999.0,train
hls_california\HLS.S30.T10TEK.2021092T185921.v2.0_EVI_cropped.tif,2812,2531,2.4587409496307373,train
hls_california\HLS.S30.T10TEK.2021092T185921.v2.0_EVI_cropped.tif,2813,2533,1.9596763849258423,train
hls_california\HLS.S30.T10TEK.2021092T185921.v2.0_EVI_cropped.tif,2814,2534,5.9426655769348145,train
hls_california\HLS.S30.T10TEK.2021092T185921.v2.0_EVI_cropped.tif,2815,2536,4.210343837738037,train
hls_california\HLS.S30.T10TEK.2021092T185921.v2.0_EVI_cropped.tif,2816,2537,6.163807392120361,train
hls_california\HLS.S30.T10TEK.2021092T185921.v2.0_EVI_cropped.tif,2817,2539,5.15605354309082,train
hls_california\HLS.S30.T10TEK.2021092T185921.v2.0_EVI_cropped.tif,2819,2540,-9999.0,train
hls_california\HLS.S30.T10TEK.2021092T185921.v2.0_EVI_cropped.tif,2820,2542,5.9426655769348145,train
hls_california\HLS.S30.T10TEK.2021092T185921.v2.0_EVI_cropped.tif,2821,2543,4.316711902618408,train
hls_california\HLS.S30.T10TEK.2021092T185921.v2.0_EVI_cropped.tif,2822,2545,8.781129837036133,train
hls_california\HLS.S30.T10TEK.2021092T185921.v2.0_EVI_cropped.tif,2823,2547,10.279376983642578,train
hls_california\HLS.S30.T10TEK.2021092T185921.v2.0_EVI_cropped.tif,2824,2548,1.4534664154052734,train
hls_california\HLS.S30.T10TEK.2021092T185921.v2.0_EVI_cropped.tif,2826,2550,-9999.0,train
hls_california\HLS.S30.T10TEK.2021092T185921.v2.0_EVI_cropped.tif,2827,2551,37.66328430175781,train
hls_california\HLS.S30.T10TEK.2021092T185921.v2.0_EVI_cropped.tif,2828,2553,45.537506103515625,train
hls_california\HLS.S30.T10TEK.2021092T185921.v2.0_EVI_cropped.tif,2829,2554,125.3084487915039,train
hls_california\HLS.S30.T10TEK.2021092T185921.v2.0_EVI_cropped.tif,2830,2556,1.331116795539856,train
hls_california\HLS.S30.T10TEK.2021092T185921.v2.0_EVI_cropped.tif,2831,2557,1.2284363508224487,train
hls_california\HLS.S30.T10TEK.2021092T185921.v2.0_EVI_cropped.tif,2832,2559,1.5007215738296509,train
hls_california\HLS.S30.T10TEK.2021092T185921.v2.0_EVI_cropped.tif,2834,2560,1.4534664154052734,train
hls_california\HLS.S30.T10TEK.2021092T185921.v2.0_EVI_cropped.tif,2835,2562,1.2284363508224487,train
hls_california\HLS.S30.T10TEK.2021092T185921.v2.0_EVI_cropped.tif,2836,2563,1.7482229471206665,train
hls_california\HLS.S30.T10TEK.2021092T185921.v2.0_EVI_cropped.tif,2837,2565,1.3916254043579102,train
hls_california\HLS.S30.T10TEK.2021092T185921.v2.0_EVI_cropped.tif,2838,2566,1.2719420194625854,train
hls_california\HLS.S30.T10TEK.2021092T185921.v2.0_EVI_cropped.tif,2839,2568,-9999.0,train
hls_california\HLS.S30.T10TEK.2021092T185921.v2.0_EVI_cropped.tif,2841,2569,1.2719420194625854,train
hls_california\HLS.S30.T10TEK.2021092T185921.v2.0_EVI_cropped.tif,2842,2571,1.3916254043579102,train
hls_california\HLS.S30.T10TEK.2021092T185921.v2.0_EVI_cropped.tif,2843,2572,1.7482229471206665,train
hls_california\HLS.S30.T10TEK.2021092T185921.v2.0_EVI_cropped.tif,2844,2574,1.697226881980896,train
hls_california\HLS.S30.T10TEK.2021092T185921.v2.0_EVI_cropped.tif,2845,2575,1.4534664154052734,train
hls_california\HLS.S30.T10TEK.2021092T185921.v2.0_EVI_cropped.tif,2846,2577,1.697226881980896,train
hls_california\HLS.S30.T10TEK.2021092T185921.v2.0_EVI_cropped.tif,2847,2578,1.7482229471206665,train
hls_california\HLS.S30.T10TEK.2021092T185921.v2.0_EVI_cropped.tif,2849,2580,1.2719420194625854,train
hls_california\HLS.S30.T10TEK.2021092T185921.v2.0_EVI_cropped.tif,2850,2581,1.4534664154052734,train
hls_california\HLS.S30.T10TEK.2021092T185921.v2.0_EVI_cropped.tif,2851,2583,1.6303950548171997,train
hls_california\HLS.S30.T10TEK.2021092T185921.v2.0_EVI_cropped.tif,2852,2584,1.5007215738296509,train
hls_california\HLS.S30.T10TEK.2021092T185921.v2.0_EVI_cropped.tif,2853,2586,25.32809066772461,train
hls_california\HLS.S30.T10TEK.2021092T185921.v2.0_EVI_cropped.tif,2854,2587,71.58992767333984,train
hls_california\HLS.S30.T10TEK.2021092T185921.v2.0_EVI_cropped.tif,2856,2589,6.068546295166016,train
hls_california\HLS.S30.T10TEK.2021092T185921.v2.0_EVI_cropped.tif,2857,2590,1.2284363508224487,train
hls_california\HLS.S30.T10TEK.2021092T185921.v2.0_EVI_cropped.tif,2858,2592,1.331116795539856,train
hls_california\HLS.S30.T10TEK.2021092T185921.v2.0_EVI_cropped.tif,2859,2593,18.872766494750977,train
hls_california\HLS.S30.T10TEK.2021092T185921.v2.0_EVI_cropped.tif,2860,2595,61.44900894165039,train
hls_california\HLS.S30.T10TEK.2021092T185921.v2.0_EVI_cropped.tif,2861,2597,-9999.0,train
hls_california\HLS.S30.T10TEK.2021092T185921.v2.0_EVI_cropped.tif,2862,2598,1.4534664154052734,train
hls_california\HLS.S30.T10TEK.2021092T185921.v2.0_EVI_cropped.tif,2864,2600,-9999.0,train
hls_california\HLS.S30.T10TEK.2021092T185921.v2.0_EVI_cropped.tif,2865,2601,1.331116795539856,train
hls_california\HLS.S30.T10TEK.2021092T185921.v2.0_EVI_cropped.tif,2866,2603,1.3916254043579102,train
hls_california\HLS.S30.T10TEK.2021092T185921.v2.0_EVI_cropped.tif,2867,2604,1.7482229471206665,train
hls_california\HLS.S30.T10TEK.2021092T185921.v2.0_EVI_cropped.tif,2868,2606,1.887864589691162,train
hls_california\HLS.S30.T10TEK.2021092T185921.v2.0_EVI_cropped.tif,2869,2607,1.5007215738296509,train
hls_california\HLS.S30.T10TEK.2021092T185921.v2.0_EVI_cropped.tif,2871,2609,1.4534664154052734,train
hls_california\HLS.S30.T10TEK.2021092T185921.v2.0_EVI_cropped.tif,2872,2610,1.4534664154052734,train
hls_california\HLS.S30.T10TEK.2021092T185921.v2.0_EVI_cropped.tif,2873,2612,1.171596646308899,train
hls_california\HLS.S30.T10TEK.2021092T185921.v2.0_EVI_cropped.tif,2874,2613,1.2284363508224487,train
hls_california\HLS.S30.T10TEK.2021092T185921.v2.0_EVI_cropped.tif,2875,2615,1.4534664154052734,train
hls_california\HLS.S30.T10TEK.2021092T185921.v2.0_EVI_cropped.tif,2876,2616,-9999.0,train
hls_california\HLS.S30.T10TEK.2021092T185921.v2.0_EVI_cropped.tif,2877,2618,1.2719420194625854,train
hls_california\HLS.S30.T10TEK.2021092T185921.v2.0_EVI_cropped.tif,2879,2619,1.7482229471206665,train
hls_california\HLS.S30.T10TEK.2021092T185921.v2.0_EVI_cropped.tif,2880,2621,88.78802490234375,train
hls_california\HLS.S30.T10TEK.2021092T185921.v2.0_EVI_cropped.tif,2881,2622,83.68180847167969,train
hls_california\HLS.S30.T10TEK.2021092T185921.v2.0_EVI_cropped.tif,2882,2624,113.04664611816406,train
hls_california\HLS.S30.T10TEK.2021092T185921.v2.0_EVI_cropped.tif,2883,2625,19.93202781677246,train
hls_california\HLS.S30.T10TEK.2021092T185921.v2.0_EVI_cropped.tif,2884,2627,1.4534664154052734,train
hls_california\HLS.S30.T10TEK.2021092T185921.v2.0_EVI_cropped.tif,2886,2628,1.331116795539856,train
hls_california\HLS.S30.T10TEK.2021092T185921.v2.0_EVI_cropped.tif,2887,2630,40.314422607421875,train
hls_california\HLS.S30.T10TEK.2021092T185921.v2.0_EVI_cropped.tif,2888,2631,47.06097412109375,train
hls_california\HLS.S30.T10TEK.2021092T185921.v2.0_EVI_cropped.tif,2889,2633,40.631980895996094,train
hls_california\HLS.S30.T10TEK.2021092T185921.v2.0_EVI_cropped.tif,2890,2634,-9999.0,train
hls_california\HLS.S30.T10TEK.2021092T185921.v2.0_EVI_cropped.tif,2891,2636,40.314422607421875,train
hls_california\HLS.S30.T10TEK.2021092T185921.v2.0_EVI_cropped.tif,2893,2637,-9999.0,train
hls_california\HLS.S30.T10TEK.2021092T185921.v2.0_EVI_cropped.tif,2894,2639,209.0959930419922,train
hls_california\HLS.S30.T10TEK.2021092T185921.v2.0_EVI_cropped.tif,2895,2640,60.48008346557617,train
hls_california\HLS.S30.T10TEK.2021092T185921.v2.0_EVI_cropped.tif,2896,2642,11.978496551513672,train
hls_california\HLS.S30.T10TEK.2021092T185921.v2.0_EVI_cropped.tif,2897,2643,11.125207901000977,train
hls_california\HLS.S30.T10TEK.2021092T185921.v2.0_EVI_cropped.tif,2898,2645,11.125207901000977,train
hls_california\HLS.S30.T10TEK.2021092T185921.v2.0_EVI_cropped.tif,2899,2646,11.309837341308594,train
hls_california\HLS.S30.T10TEK.2021092T185921.v2.0_EVI_cropped.tif,2901,2648,11.788704872131348,train
hls_california\HLS.S30.T10TEK.2021092T185921.v2.0_EVI_cropped.tif,2902,2650,11.181852340698242,train
hls_california\HLS.S30.T10TEK.2021092T185921.v2.0_EVI_cropped.tif,2904,2653,11.530096054077148,train
hls_california\HLS.S30.T10TEK.2021092T185921.v2.0_EVI_cropped.tif,2905,2654,11.27422046661377,train
hls_california\HLS.S30.T10TEK.2021092T185921.v2.0_EVI_cropped.tif,2906,2656,11.309837341308594,train
hls_california\HLS.S30.T10TEK.2021092T185921.v2.0_EVI_cropped.tif,2908,2657,10.754329681396484,train
hls_california\HLS.S30.T10TEK.2021092T185921.v2.0_EVI_cropped.tif,2909,2659,-9999.0,train
hls_california\HLS.S30.T10TEK.2021092T185921.v2.0_EVI_cropped.tif,2910,2660,70.27320861816406,train
hls_california\HLS.S30.T10TEK.2021092T185921.v2.0_EVI_cropped.tif,2911,2662,203.17022705078125,train
hls_california\HLS.S30.T10TEK.2021092T185921.v2.0_EVI_cropped.tif,2912,2663,59.24949264526367,train
hls_california\HLS.S30.T10TEK.2021092T185921.v2.0_EVI_cropped.tif,2913,2665,74.8349838256836,train
hls_california\HLS.S30.T10TEK.2021092T185921.v2.0_EVI_cropped.tif,2914,2666,61.6996955871582,train
hls_california\HLS.S30.T10TEK.2021092T185921.v2.0_EVI_cropped.tif,2916,2668,48.751251220703125,train
hls_california\HLS.S30.T10TEK.2021092T185921.v2.0_EVI_cropped.tif,2939,2698,1.887864589691162,train
hls_california\HLS.S30.T10TEK.2021092T185921.v2.0_EVI_cropped.tif,2940,2699,1.6303950548171997,train
hls_california\HLS.S30.T10TEK.2021092T185921.v2.0_EVI_cropped.tif,2941,2701,1.697226881980896,train
hls_california\HLS.S30.T10TEK.2021092T185921.v2.0_EVI_cropped.tif,2942,2703,1.7482229471206665,train
hls_california\HLS.S30.T10TEK.2021092T185921.v2.0_EVI_cropped.tif,2943,2704,2.6866989135742188,train
hls_california\HLS.S30.T10TEK.2021092T185921.v2.0_EVI_cropped.tif,2945,2706,2.0144054889678955,train
hls_california\HLS.S30.T10TEK.2021092T185921.v2.0_EVI_cropped.tif,2946,2707,1.9596763849258423,train
hls_california\HLS.S30.T10TEK.2021092T185921.v2.0_EVI_cropped.tif,2947,2709,2.858752727508545,train
hls_california\HLS.S30.T10TEK.2021092T185921.v2.0_EVI_cropped.tif,2948,2710,2.1639935970306396,train
hls_california\HLS.S30.T10TEK.2021092T185921.v2.0_EVI_cropped.tif,2949,2712,1.5648930072784424,train
hls_california\HLS.S30.T10TEK.2021092T185921.v2.0_EVI_cropped.tif,2950,2713,1.8173799514770508,train
hls_california\HLS.S30.T10TEK.2021092T185921.v2.0_EVI_cropped.tif,2951,2715,2.858752727508545,train
hls_california\HLS.S30.T10TEK.2021092T185921.v2.0_EVI_cropped.tif,2953,2716,1.5007215738296509,train
hls_california\HLS.S30.T10TEK.2021092T185921.v2.0_EVI_cropped.tif,2954,2718,1.2719420194625854,train
hls_california\HLS.S30.T10TEK.2021092T185921.v2.0_EVI_cropped.tif,2955,2719,2.240774393081665,train
hls_california\HLS.S30.T10TEK.2021092T185921.v2.0_EVI_cropped.tif,2956,2721,6.291952610015869,train
hls_california\HLS.S30.T10TEK.2021092T185921.v2.0_EVI_cropped.tif,2957,2722,10.902469635009766,train
hls_california\HLS.S30.T10TEK.2021092T185921.v2.0_EVI_cropped.tif,2958,2724,13.71418285369873,train
hls_california\HLS.S30.T10TEK.2021092T185921.v2.0_EVI_cropped.tif,2960,2725,14.62362003326416,train
hls_california\HLS.S30.T10TEK.2021092T185921.v2.0_EVI_cropped.tif,2961,2727,10.902469635009766,train
hls_california\HLS.S30.T10TEK.2021092T185921.v2.0_EVI_cropped.tif,2962,2728,10.279376983642578,train
hls_california\HLS.S30.T10TEK.2021092T185921.v2.0_EVI_cropped.tif,2963,2730,8.933408737182617,train
hls_california\HLS.S30.T10TEK.2021092T185921.v2.0_EVI_cropped.tif,2964,2731,8.075304985046387,train
hls_california\HLS.S30.T10TEK.2021092T185921.v2.0_EVI_cropped.tif,2965,2733,2.378323554992676,train
hls_california\HLS.S30.T10TEK.2021092T185921.v2.0_EVI_cropped.tif,2967,2734,18.489572525024414,train
hls_california\HLS.S30.T10TEK.2021092T185921.v2.0_EVI_cropped.tif,2968,2736,1.4534664154052734,train
hls_california\HLS.S30.T10TEK.2021092T185921.v2.0_EVI_cropped.tif,2969,2737,1.4534664154052734,train
hls_california\HLS.S30.T10TEK.2021092T185921.v2.0_EVI_cropped.tif,2970,2739,1.2284363508224487,train
hls_california\HLS.S30.T10TEK.2021092T185921.v2.0_EVI_cropped.tif,2971,2740,1.6303950548171997,train
hls_california\HLS.S30.T10TEK.2021092T185921.v2.0_EVI_cropped.tif,2972,2742,1.697226881980896,train
hls_california\HLS.S30.T10TEK.2021092T185921.v2.0_EVI_cropped.tif,2973,2743,-9999.0,train
hls_california\HLS.S30.T10TEK.2021092T185921.v2.0_EVI_cropped.tif,2975,2745,1.697226881980896,train
hls_california\HLS.S30.T10TEK.2021092T185921.v2.0_EVI_cropped.tif,2976,2746,1.5007215738296509,train
hls_california\HLS.S30.T10TEK.2021092T185921.v2.0_EVI_cropped.tif,2977,2748,1.3916254043579102,train
hls_california\HLS.S30.T10TEK.2021092T185921.v2.0_EVI_cropped.tif,2978,2749,1.697226881980896,train
hls_california\HLS.S30.T10TEK.2021092T185921.v2.0_EVI_cropped.tif,2979,2751,1.6303950548171997,train
hls_california\HLS.S30.T10TEK.2021092T185921.v2.0_EVI_cropped.tif,2980,2752,1.4534664154052734,train
hls_california\HLS.S30.T10TEK.2021092T185921.v2.0_EVI_cropped.tif,2982,2754,1.697226881980896,train
hls_california\HLS.S30.T10TEK.2021092T185921.v2.0_EVI_cropped.tif,2983,2755,1.331116795539856,train
hls_california\HLS.S30.T10TEK.2021092T185921.v2.0_EVI_cropped.tif,2984,2757,1.697226881980896,train
hls_california\HLS.S30.T10TEK.2021092T185921.v2.0_EVI_cropped.tif,2985,2759,4.105282306671143,train
hls_california\HLS.S30.T10TEK.2021092T185921.v2.0_EVI_cropped.tif,2986,2760,4.397345066070557,train
hls_california\HLS.S30.T10TEK.2021092T185921.v2.0_EVI_cropped.tif,2987,2762,5.9426655769348145,train
hls_california\HLS.S30.T10TEK.2021092T185921.v2.0_EVI_cropped.tif,2988,2763,147.90223693847656,train
hls_california\HLS.S30.T10TEK.2021092T185921.v2.0_EVI_cropped.tif,2990,2765,-9999.0,train
hls_california\HLS.S30.T10TEK.2021092T185921.v2.0_EVI_cropped.tif,2991,2766,161.27626037597656,train
hls_california\HLS.S30.T10TEK.2021092T185921.v2.0_EVI_cropped.tif,2992,2768,156.75953674316406,train
hls_california\HLS.S30.T10TEK.2021092T185921.v2.0_EVI_cropped.tif,2993,2769,155.11807250976562,train
hls_california\HLS.S30.T10TEK.2021092T185921.v2.0_EVI_cropped.tif,2994,2771,14.62362003326416,train
hls_california\HLS.S30.T10TEK.2021092T185921.v2.0_EVI_cropped.tif,2995,2772,13.573183059692383,train
hls_california\HLS.S30.T10TEK.2021092T185921.v2.0_EVI_cropped.tif,2997,2774,25.32809066772461,train
hls_california\HLS.S30.T10TEK.2021092T185921.v2.0_EVI_cropped.tif,2998,2775,26.54669952392578,train
hls_california\HLS.S30.T10TEK.2021092T185921.v2.0_EVI_cropped.tif,2999,2777,-9999.0,train
hls_california\HLS.S30.T10TEK.2021092T185921.v2.0_EVI_cropped.tif,3000,2778,14.285264015197754,train
hls_california\HLS.S30.T10TEK.2021092T185921.v2.0_EVI_cropped.tif,3001,2780,12.024810791015625,train
hls_california\HLS.S30.T10TEK.2021092T185921.v2.0_EVI_cropped.tif,3002,2781,12.878829002380371,train
hls_california\HLS.S30.T10TEK.2021092T185921.v2.0_EVI_cropped.tif,3004,2783,11.199362754821777,train
hls_california\HLS.S30.T10TEK.2021092T185921.v2.0_EVI_cropped.tif,3005,2784,18.872766494750977,train
hls_california\HLS.S30.T10TEK.2021092T185921.v2.0_EVI_cropped.tif,3006,2786,-9999.0,train
hls_california\HLS.S30.T10TEK.2021092T185921.v2.0_EVI_cropped.tif,3007,2787,23.460205078125,train
hls_california\HLS.S30.T10TEK.2021092T185921.v2.0_EVI_cropped.tif,3008,2789,24.130517959594727,train
hls_california\HLS.S30.T10TEK.2021092T185921.v2.0_EVI_cropped.tif,3009,2790,19.152482986450195,train
hls_california\HLS.S30.T10TEK.2021092T185921.v2.0_EVI_cropped.tif,3010,2792,33.248878479003906,train
hls_california\HLS.S30.T10TEK.2021092T185921.v2.0_EVI_cropped.tif,3012,2793,34.15165328979492,train
hls_california\HLS.S30.T10TEK.2021092T185921.v2.0_EVI_cropped.tif,3013,2795,29.571231842041016,train
hls_california\HLS.S30.T10TEK.2021092T185921.v2.0_EVI_cropped.tif,3014,2796,25.761159896850586,train
hls_california\HLS.S30.T10TEK.2021092T185921.v2.0_EVI_cropped.tif,3015,2798,27.708677291870117,train
hls_california\HLS.S30.T10TEK.2021092T185921.v2.0_EVI_cropped.tif,3016,2799,22.739229202270508,train
hls_california\HLS.S30.T10TEK.2021092T185921.v2.0_EVI_cropped.tif,3017,2801,38.005516052246094,train
hls_california\HLS.S30.T10TEK.2021092T185921.v2.0_EVI_cropped.tif,3019,2802,-9999.0,train
hls_california\HLS.S30.T10TEK.2021092T185921.v2.0_EVI_cropped.tif,3020,2804,11.607003211975098,train
hls_california\HLS.S30.T10TEK.2021092T185921.v2.0_EVI_cropped.tif,3021,2805,11.217341423034668,train
hls_california\HLS.S30.T10TEK.2021092T185921.v2.0_EVI_cropped.tif,3022,2807,55.564212799072266,train
hls_california\HLS.S30.T10TEK.2021092T185921.v2.0_EVI_cropped.tif,3023,2808,14.670694351196289,train
hls_california\HLS.S30.T10TEK.2021092T185921.v2.0_EVI_cropped.tif,3024,2810,21.759309768676758,train
hls_california\HLS.S30.T10TEK.2021092T185921.v2.0_EVI_cropped.tif,3025,2811,21.781103134155273,train
hls_california\HLS.S30.T10TEK.2021092T185921.v2.0_EVI_cropped.tif,3027,2813,19.043134689331055,train
hls_california\HLS.S30.T10TEK.2021092T185921.v2.0_EVI_cropped.tif,3028,2815,6.784017086029053,train
hls_california\HLS.S30.T10TEK.2021092T185921.v2.0_EVI_cropped.tif,3029,2816,8.51772403717041,train
hls_california\HLS.S30.T10TEK.2021092T185921.v2.0_EVI_cropped.tif,3030,2818,9.79379940032959,train
hls_california\HLS.S30.T10TEK.2021092T185921.v2.0_EVI_cropped.tif,3031,2819,7.019861698150635,train
hls_california\HLS.S30.T10TEK.2021092T185921.v2.0_EVI_cropped.tif,3032,2821,6.421392917633057,train
hls_california\HLS.S30.T10TEK.2021092T185921.v2.0_EVI_cropped.tif,3034,2822,11.370762825012207,train
hls_california\HLS.S30.T10TEK.2021092T185921.v2.0_EVI_cropped.tif,3035,2824,9.67419719696045,train
hls_california\HLS.S30.T10TEK.2021092T185921.v2.0_EVI_cropped.tif,3036,2825,6.068546295166016,train
hls_california\HLS.S30.T10TEK.2021092T185921.v2.0_EVI_cropped.tif,3037,2827,6.421392917633057,train
hls_california\HLS.S30.T10TEK.2021092T185921.v2.0_EVI_cropped.tif,3038,2828,5.818078994750977,train
hls_california\HLS.S30.T10TEK.2021092T185921.v2.0_EVI_cropped.tif,3039,2830,6.291952610015869,train
hls_california\HLS.S30.T10TEK.2021092T185921.v2.0_EVI_cropped.tif,3041,2831,7.433351993560791,train
hls_california\HLS.S30.T10TEK.2021092T185921.v2.0_EVI_cropped.tif,3042,2833,6.163807392120361,train
hls_california\HLS.S30.T10TEK.2021092T185921.v2.0_EVI_cropped.tif,3043,2834,7.156403541564941,train
hls_california\HLS.S30.T10TEK.2021092T185921.v2.0_EVI_cropped.tif,3044,2836,-9999.0,train
hls_california\HLS.S30.T10TEK.2021092T185921.v2.0_EVI_cropped.tif,3045,2837,9.086966514587402,train
hls_california\HLS.S30.T10TEK.2021092T185921.v2.0_EVI_cropped.tif,3046,2839,7.156403541564941,train
hls_california\HLS.S30.T10TEK.2021092T185921.v2.0_EVI_cropped.tif,3047,2840,8.075304985046387,train
hls_california\HLS.S30.T10TEK.2021092T185921.v2.0_EVI_cropped.tif,3049,2842,7.966506481170654,train
hls_california\HLS.S30.T10TEK.2021092T185921.v2.0_EVI_cropped.tif,3050,2843,7.019861698150635,train
hls_california\HLS.S30.T10TEK.2021092T185921.v2.0_EVI_cropped.tif,3051,2845,7.679906368255615,train
hls_california\HLS.S30.T10TEK.2021092T185921.v2.0_EVI_cropped.tif,3052,2846,-9999.0,train
hls_california\HLS.S30.T10TEK.2021092T185921.v2.0_EVI_cropped.tif,3053,2848,1.4534664154052734,train
hls_california\HLS.S30.T10TEK.2021092T185921.v2.0_EVI_cropped.tif,3054,2849,1.331116795539856,train
hls_california\HLS.S30.T10TEK.2021092T185921.v2.0_EVI_cropped.tif,3056,2851,1.2284363508224487,train
hls_california\HLS.S30.T10TEK.2021092T185921.v2.0_EVI_cropped.tif,3057,2852,1.5648930072784424,train
hls_california\HLS.S30.T10TEK.2021092T185921.v2.0_EVI_cropped.tif,3058,2854,1.3916254043579102,train
hls_california\HLS.S30.T10TEK.2021092T185921.v2.0_EVI_cropped.tif,3059,2855,1.5648930072784424,train
hls_california\HLS.S30.T10TEK.2021092T185921.v2.0_EVI_cropped.tif,3060,2857,1.2719420194625854,train
hls_california\HLS.S30.T10TEK.2021092T185921.v2.0_EVI_cropped.tif,3061,2858,1.1160929203033447,train
hls_california\HLS.S30.T10TEK.2021092T185921.v2.0_EVI_cropped.tif,3063,2860,1.3916254043579102,train
hls_california\HLS.S30.T10TEK.2021092T185921.v2.0_EVI_cropped.tif,3064,2861,19.93202781677246,train
hls_california\HLS.S30.T10TEK.2021092T185921.v2.0_EVI_cropped.tif,3065,2863,28.091796875,train
hls_california\HLS.S30.T10TEK.2021092T185921.v2.0_EVI_cropped.tif,3066,2864,28.96987533569336,train
hls_california\HLS.S30.T10TEK.2021092T185921.v2.0_EVI_cropped.tif,3067,2866,31.871522903442383,train
hls_california\HLS.S30.T10TEK.2021092T185921.v2.0_EVI_cropped.tif,3068,2868,-9999.0,train
hls_california\HLS.S30.T10TEK.2021092T185921.v2.0_EVI_cropped.tif,3069,2869,23.45659828186035,train
hls_california\HLS.S30.T10TEK.2021092T185921.v2.0_EVI_cropped.tif,3071,2871,14.1094331741333,train
hls_california\HLS.S30.T10TEK.2021092T185921.v2.0_EVI_cropped.tif,3072,2872,11.379446983337402,train
hls_california\HLS.S30.T10TEK.2021092T185921.v2.0_EVI_cropped.tif,3073,2874,13.336979866027832,train
hls_california\HLS.S30.T10TEK.2021092T185921.v2.0_EVI_cropped.tif,3074,2875,13.7080078125,train
hls_california\HLS.S30.T10TEK.2021092T185921.v2.0_EVI_cropped.tif,3075,2877,13.739460945129395,train
hls_california\HLS.S30.T10TEK.2021092T185921.v2.0_EVI_cropped.tif,3076,2878,3.013622760772705,train
hls_california\HLS.S30.T10TEK.2021092T185921.v2.0_EVI_cropped.tif,3078,2880,27.264793395996094,train
hls_california\HLS.S30.T10TEK.2021092T185921.v2.0_EVI_cropped.tif,3079,2881,34.581119537353516,train
hls_california\HLS.S30.T10TEK.2021092T185921.v2.0_EVI_cropped.tif,3080,2883,37.3570442199707,train
hls_california\HLS.S30.T10TEK.2021092T185921.v2.0_EVI_cropped.tif,3081,2884,32.90729522705078,train
hls_california\HLS.S30.T10TEK.2021092T185921.v2.0_EVI_cropped.tif,3082,2886,31.907943725585938,train
hls_california\HLS.S30.T10TEK.2021092T185921.v2.0_EVI_cropped.tif,3083,2887,27.99210548400879,train
hls_california\HLS.S30.T10TEK.2021092T185921.v2.0_EVI_cropped.tif,3085,2889,9.79379940032959,train
hls_california\HLS.S30.T10TEK.2021092T185921.v2.0_EVI_cropped.tif,3086,2890,18.272314071655273,train
hls_california\HLS.S30.T10TEK.2021092T185921.v2.0_EVI_cropped.tif,3087,2892,18.05630111694336,train
hls_california\HLS.S30.T10TEK.2021092T185921.v2.0_EVI_cropped.tif,3088,2893,17.468677520751953,train
hls_california\HLS.S30.T10TEK.2021092T185921.v2.0_EVI_cropped.tif,3089,2895,16.682573318481445,train
hls_california\HLS.S30.T10TEK.2021092T185921.v2.0_EVI_cropped.tif,3090,2896,2.299227714538574,train
hls_california\HLS.S30.T10TEK.2021092T185921.v2.0_EVI_cropped.tif,3091,2898,1.2719420194625854,train
hls_california\HLS.S30.T10TEK.2021092T185921.v2.0_EVI_cropped.tif,3093,2899,1.3916254043579102,train
hls_california\HLS.S30.T10TEK.2021092T185921.v2.0_EVI_cropped.tif,3094,2901,1.5648930072784424,train
hls_california\HLS.S30.T10TEK.2021092T185921.v2.0_EVI_cropped.tif,3095,2902,1.1160929203033447,train
hls_california\HLS.S30.T10TEK.2021092T185921.v2.0_EVI_cropped.tif,3096,2904,1.5007215738296509,train
hls_california\HLS.S30.T10TEK.2021092T185921.v2.0_EVI_cropped.tif,3097,2905,35.99378967285156,train
hls_california\HLS.S30.T10TEK.2021092T185921.v2.0_EVI_cropped.tif,3098,2907,1.1160929203033447,train
hls_california\HLS.S30.T10TEK.2021092T185921.v2.0_EVI_cropped.tif,3100,2908,1.5007215738296509,train
hls_california\HLS.S30.T10TEK.2021092T185921.v2.0_EVI_cropped.tif,3101,2910,1.2284363508224487,train
hls_california\HLS.S30.T10TEK.2021092T185921.v2.0_EVI_cropped.tif,3102,2911,1.3916254043579102,train
hls_california\HLS.S30.T10TEK.2021092T185921.v2.0_EVI_cropped.tif,3103,2913,1.331116795539856,train
hls_california\HLS.S30.T10TEK.2021092T185921.v2.0_EVI_cropped.tif,3104,2914,1.3916254043579102,train
hls_california\HLS.S30.T10TEK.2021092T185921.v2.0_EVI_cropped.tif,3105,2916,1.2719420194625854,train
hls_california\HLS.S30.T10TEK.2021092T185921.v2.0_EVI_cropped.tif,3107,2917,1.2719420194625854,train
hls_california\HLS.S30.T10TEK.2021092T185921.v2.0_EVI_cropped.tif,3108,2919,1.4534664154052734,train
hls_california\HLS.S30.T10TEK.2021092T185921.v2.0_EVI_cropped.tif,3113,2927,2.0885369777679443,train
hls_california\HLS.S30.T10TEK.2021092T185921.v2.0_EVI_cropped.tif,3115,2928,5.482156753540039,train
hls_california\HLS.S30.T10TEK.2021092T185921.v2.0_EVI_cropped.tif,3116,2930,2.4587409496307373,train
hls_california\HLS.S30.T10TEK.2021092T185921.v2.0_EVI_cropped.tif,3117,2931,5.818078994750977,train
hls_california\HLS.S30.T10TEK.2021092T185921.v2.0_EVI_cropped.tif,3118,2933,6.918302059173584,train
hls_california\HLS.S30.T10TEK.2021092T185921.v2.0_EVI_cropped.tif,3119,2934,6.784017086029053,train
hls_california\HLS.S30.T10TEK.2021092T185921.v2.0_EVI_cropped.tif,3120,2936,6.421392917633057,train
hls_california\HLS.S30.T10TEK.2021092T185921.v2.0_EVI_cropped.tif,3122,2937,5.9426655769348145,train
hls_california\HLS.S30.T10TEK.2021092T185921.v2.0_EVI_cropped.tif,3123,2939,5.694790363311768,train
hls_california\HLS.S30.T10TEK.2021092T185921.v2.0_EVI_cropped.tif,3124,2940,5.818078994750977,train
hls_california\HLS.S30.T10TEK.2021092T185921.v2.0_EVI_cropped.tif,3125,2942,5.244015216827393,train
hls_california\HLS.S30.T10TEK.2021092T185921.v2.0_EVI_cropped.tif,3126,2943,4.316711902618408,train
hls_california\HLS.S30.T10TEK.2021092T185921.v2.0_EVI_cropped.tif,3127,2945,5.482156753540039,train
hls_california\HLS.S30.T10TEK.2021092T185921.v2.0_EVI_cropped.tif,3129,2946,3.265131950378418,train
hls_california\HLS.S30.T10TEK.2021092T185921.v2.0_EVI_cropped.tif,3130,2948,5.9426655769348145,train
hls_california\HLS.S30.T10TEK.2021092T185921.v2.0_EVI_cropped.tif,3131,2949,6.552125930786133,train
hls_california\HLS.S30.T10TEK.2021092T185921.v2.0_EVI_cropped.tif,3132,2951,5.818078994750977,train
hls_california\HLS.S30.T10TEK.2021092T185921.v2.0_EVI_cropped.tif,3133,2952,6.6510233879089355,train
hls_california\HLS.S30.T10TEK.2021092T185921.v2.0_EVI_cropped.tif,3134,2954,6.918302059173584,train
hls_california\HLS.S30.T10TEK.2021092T185921.v2.0_EVI_cropped.tif,3135,2955,5.694790363311768,train
hls_california\HLS.S30.T10TEK.2021092T185921.v2.0_EVI_cropped.tif,3137,2957,5.9426655769348145,train
hls_california\HLS.S30.T10TEK.2021092T185921.v2.0_EVI_cropped.tif,3138,2958,6.918302059173584,train
hls_california\HLS.S30.T10TEK.2021092T185921.v2.0_EVI_cropped.tif,3139,2960,7.294233322143555,train
hls_california\HLS.S30.T10TEK.2021092T185921.v2.0_EVI_cropped.tif,3140,2961,5.603175163269043,train
hls_california\HLS.S30.T10TEK.2021092T185921.v2.0_EVI_cropped.tif,3141,2963,7.433351993560791,train
hls_california\HLS.S30.T10TEK.2021092T185921.v2.0_EVI_cropped.tif,3142,2964,19.093441009521484,train
hls_california\HLS.S30.T10TEK.2021092T185921.v2.0_EVI_cropped.tif,3144,2966,21.89725685119629,train
hls_california\HLS.S30.T10TEK.2021092T185921.v2.0_EVI_cropped.tif,3145,2967,24.385528564453125,train
hls_california\HLS.S30.T10TEK.2021092T185921.v2.0_EVI_cropped.tif,3146,2969,4.105282306671143,train
hls_california\HLS.S30.T10TEK.2021092T185921.v2.0_EVI_cropped.tif,3147,2970,26.03023910522461,train
hls_california\HLS.S30.T10TEK.2021092T185921.v2.0_EVI_cropped.tif,3148,2972,22.13432502746582,train
hls_california\HLS.S30.T10TEK.2021092T185921.v2.0_EVI_cropped.tif,3149,2973,-9999.0,train
hls_california\HLS.S30.T10TEK.2021092T185921.v2.0_EVI_cropped.tif,3151,2975,53.030677795410156,train
hls_california\HLS.S30.T10TEK.2021092T185921.v2.0_EVI_cropped.tif,3152,2976,-9999.0,train
hls_california\HLS.S30.T10TEK.2021092T185921.v2.0_EVI_cropped.tif,3153,2978,1.2719420194625854,train
hls_california\HLS.S30.T10TEK.2021092T185921.v2.0_EVI_cropped.tif,3154,2980,1.2719420194625854,train
hls_california\HLS.S30.T10TEK.2021092T185921.v2.0_EVI_cropped.tif,3155,2981,1.2284363508224487,train
hls_california\HLS.S30.T10TEK.2021092T185921.v2.0_EVI_cropped.tif,3156,2983,5.244015216827393,train
hls_california\HLS.S30.T10TEK.2021092T185921.v2.0_EVI_cropped.tif,3158,2984,1.2719420194625854,train
hls_california\HLS.S30.T10TEK.2021092T185921.v2.0_EVI_cropped.tif,3159,2986,1.2284363508224487,train
hls_california\HLS.S30.T10TEK.2021092T185921.v2.0_EVI_cropped.tif,3160,2987,1.331116795539856,train
hls_california\HLS.S30.T10TEK.2021092T185921.v2.0_EVI_cropped.tif,3161,2989,1.2719420194625854,train
hls_california\HLS.S30.T10TEK.2021092T185921.v2.0_EVI_cropped.tif,3162,2990,1.9596763849258423,train
hls_california\HLS.S30.T10TEK.2021092T185921.v2.0_EVI_cropped.tif,3163,2992,12.878829002380371,train
hls_california\HLS.S30.T10TEK.2021092T185921.v2.0_EVI_cropped.tif,3164,2993,15.015026092529297,train
hls_california\HLS.S30.T10TEK.2021092T185921.v2.0_EVI_cropped.tif,3166,2995,-9999.0,train
hls_california\HLS.S30.T10TEK.2021092T185921.v2.0_EVI_cropped.tif,3167,2996,-9999.0,train
hls_california\HLS.S30.T10TEK.2021092T185921.v2.0_EVI_cropped.tif,3168,2998,15.76243782043457,train
hls_california\HLS.S30.T10TEK.2021092T185921.v2.0_EVI_cropped.tif,3169,2999,-9999.0,train
hls_california\HLS.S30.T10TEK.2021092T185921.v2.0_EVI_cropped.tif,3170,3001,7.019861698150635,train
hls_california\HLS.S30.T10TEK.2021092T185921.v2.0_EVI_cropped.tif,3171,3002,9.954383850097656,train
hls_california\HLS.S30.T10TEK.2021092T185921.v2.0_EVI_cropped.tif,3173,3004,1.5648930072784424,train
hls_california\HLS.S30.T10TEK.2021092T185921.v2.0_EVI_cropped.tif,3174,3005,17.6812686920166,train
hls_california\HLS.S30.T10TEK.2021092T185921.v2.0_EVI_cropped.tif,3175,3007,-9999.0,train
hls_california\HLS.S30.T10TEK.2021092T185921.v2.0_EVI_cropped.tif,3176,3008,22.552160263061523,train
hls_california\HLS.S30.T10TEK.2021092T185921.v2.0_EVI_cropped.tif,3177,3010,20.55806541442871,train
hls_california\HLS.S30.T10TEK.2021092T185921.v2.0_EVI_cropped.tif,3178,3011,30.575336456298828,train
hls_california\HLS.S30.T10TEK.2021092T185921.v2.0_EVI_cropped.tif,3180,3013,36.52106475830078,train
hls_california\HLS.S30.T10TEK.2021092T185921.v2.0_EVI_cropped.tif,3181,3014,21.25168228149414,train
hls_california\HLS.S30.T10TEK.2021092T185921.v2.0_EVI_cropped.tif,3182,3016,14.62362003326416,train
hls_california\HLS.S30.T10TEK.2021092T185921.v2.0_EVI_cropped.tif,3183,3017,28.258867263793945,train
hls_california\HLS.S30.T10TEK.2021092T185921.v2.0_EVI_cropped.tif,3184,3019,24.137086868286133,train
hls_california\HLS.S30.T10TEK.2021092T185921.v2.0_EVI_cropped.tif,3185,3020,18.489572525024414,train
hls_california\HLS.S30.T10TEK.2021092T185921.v2.0_EVI_cropped.tif,3187,3022,-9999.0,train
hls_california\HLS.S30.T10TEK.2021092T185921.v2.0_EVI_cropped.tif,3188,3023,22.552160263061523,train
hls_california\HLS.S30.T10TEK.2021092T185921.v2.0_EVI_cropped.tif,3189,3025,23.034297943115234,train
hls_california\HLS.S30.T10TEK.2021092T185921.v2.0_EVI_cropped.tif,3190,3026,23.21636962890625,train
hls_california\HLS.S30.T10TEK.2021092T185921.v2.0_EVI_cropped.tif,3191,3028,23.034297943115234,train
hls_california\HLS.S30.T10TEK.2021092T185921.v2.0_EVI_cropped.tif,3192,3029,2.9246318340301514,train
hls_california\HLS.S30.T10TEK.2021092T185921.v2.0_EVI_cropped.tif,3193,3031,16.321733474731445,train
hls_california\HLS.S30.T10TEK.2021092T185921.v2.0_EVI_cropped.tif,3195,3032,20.55806541442871,train
hls_california\HLS.S30.T10TEK.2021092T185921.v2.0_EVI_cropped.tif,3196,3034,25.582347869873047,train
hls_california\HLS.S30.T10TEK.2021092T185921.v2.0_EVI_cropped.tif,3197,3035,23.951562881469727,train
hls_california\HLS.S30.T10TEK.2021092T185921.v2.0_EVI_cropped.tif,3198,3037,21.661420822143555,train
hls_california\HLS.S30.T10TEK.2021092T185921.v2.0_EVI_cropped.tif,3199,3039,28.998722076416016,train
hls_california\HLS.S30.T10TEK.2021092T185921.v2.0_EVI_cropped.tif,3200,3040,28.52684211730957,train
hls_california\HLS.S30.T10TEK.2021092T185921.v2.0_EVI_cropped.tif,3202,3042,33.994407653808594,train
hls_california\HLS.S30.T10TEK.2021092T185921.v2.0_EVI_cropped.tif,3203,3043,27.00260353088379,train
hls_california\HLS.S30.T10TEK.2021092T185921.v2.0_EVI_cropped.tif,3204,3045,16.682573318481445,train
hls_california\HLS.S30.T10TEK.2021092T185921.v2.0_EVI_cropped.tif,3205,3046,22.552160263061523,train
hls_california\HLS.S30.T10TEK.2021092T185921.v2.0_EVI_cropped.tif,3206,3048,19.53851890563965,train
hls_california\HLS.S30.T10TEK.2021092T185921.v2.0_EVI_cropped.tif,3207,3049,22.13432502746582,train
hls_california\HLS.S30.T10TEK.2021092T185921.v2.0_EVI_cropped.tif,3209,3051,19.70669937133789,train
hls_california\HLS.S30.T10TEK.2021092T185921.v2.0_EVI_cropped.tif,3210,3052,15.163097381591797,train
hls_california\HLS.S30.T10TEK.2021092T185921.v2.0_EVI_cropped.tif,3211,3054,6.421392917633057,train
hls_california\HLS.S30.T10TEK.2021092T185921.v2.0_EVI_cropped.tif,3212,3055,4.316711902618408,train
hls_california\HLS.S30.T10TEK.2021092T185921.v2.0_EVI_cropped.tif,3213,3057,6.6510233879089355,train
hls_california\HLS.S30.T10TEK.2021092T185921.v2.0_EVI_cropped.tif,3214,3058,11.029232025146484,train
hls_california\HLS.S30.T10TEK.2021092T185921.v2.0_EVI_cropped.tif,3215,3060,12.878829002380371,train
hls_california\HLS.S30.T10TEK.2021092T185921.v2.0_EVI_cropped.tif,3217,3061,14.429801940917969,train
hls_california\HLS.S30.T10TEK.2021092T185921.v2.0_EVI_cropped.tif,3218,3063,15.163097381591797,train
hls_california\HLS.S30.T10TEK.2021092T185921.v2.0_EVI_cropped.tif,3219,3064,13.200654029846191,train
hls_california\HLS.S30.T10TEK.2021092T185921.v2.0_EVI_cropped.tif,3220,3066,12.202231407165527,train
hls_california\HLS.S30.T10TEK.2021092T185921.v2.0_EVI_cropped.tif,3221,3067,2.0144054889678955,train
hls_california\HLS.S30.T10TEK.2021092T185921.v2.0_EVI_cropped.tif,3222,3069,1.697226881980896,train
hls_california\HLS.S30.T10TEK.2021092T185921.v2.0_EVI_cropped.tif,3224,3070,1.5648930072784424,train
hls_california\HLS.S30.T10SGJ.2021096T183911.v2.0_EVI_cropped.tif,2719,92,86.31454467773438,val
hls_california\HLS.S30.T10SGJ.2021096T183911.v2.0_EVI_cropped.tif,2720,94,115.80562591552734,val
hls_california\HLS.S30.T10SGJ.2021096T183911.v2.0_EVI_cropped.tif,2721,95,143.4774169921875,val
hls_california\HLS.S30.T10SGJ.2021096T183911.v2.0_EVI_cropped.tif,2722,97,48.93855667114258,val
hls_california\HLS.S30.T10SGJ.2021096T183911.v2.0_EVI_cropped.tif,2723,98,81.101806640625,val
hls_california\HLS.S30.T10SGJ.2021096T183911.v2.0_EVI_cropped.tif,2725,100,-9999.0,val
hls_california\HLS.S30.T10SGJ.2021096T183911.v2.0_EVI_cropped.tif,2726,101,56.36144256591797,val
hls_california\HLS.S30.T10SGJ.2021096T183911.v2.0_EVI_cropped.tif,2727,103,127.54164123535156,val
hls_california\HLS.S30.T10SGJ.2021096T183911.v2.0_EVI_cropped.tif,2728,104,173.8097686767578,val
hls_california\HLS.S30.T10SGJ.2021096T183911.v2.0_EVI_cropped.tif,2729,106,161.1002655029297,val
hls_california\HLS.S30.T10SGJ.2021096T183911.v2.0_EVI_cropped.tif,2730,107,216.64999389648438,val
hls_california\HLS.S30.T10SGJ.2021096T183911.v2.0_EVI_cropped.tif,2732,109,175.26312255859375,val
hls_california\HLS.S30.T10SGJ.2021096T183911.v2.0_EVI_cropped.tif,2733,110,139.5555419921875,val
hls_california\HLS.S30.T10SGJ.2021096T183911.v2.0_EVI_cropped.tif,2734,112,123.6056900024414,val
hls_california\HLS.S30.T10SGJ.2021096T183911.v2.0_EVI_cropped.tif,2735,113,138.15231323242188,val
hls_california\HLS.S30.T10SGJ.2021096T183911.v2.0_EVI_cropped.tif,2736,115,178.831787109375,val
hls_california\HLS.S30.T10SGJ.2021096T183911.v2.0_EVI_cropped.tif,2737,116,96.04730987548828,val
hls_california\HLS.S30.T10SGJ.2021096T183911.v2.0_EVI_cropped.tif,2739,118,118.45331573486328,val
hls_california\HLS.S30.T10SGJ.2021096T183911.v2.0_EVI_cropped.tif,2740,119,154.59552001953125,val
hls_california\HLS.S30.T10SGJ.2021096T183911.v2.0_EVI_cropped.tif,2741,121,215.58663940429688,val
hls_california\HLS.S30.T10SGJ.2021096T183911.v2.0_EVI_cropped.tif,2742,122,189.93397521972656,val
hls_california\HLS.S30.T10SGJ.2021096T183911.v2.0_EVI_cropped.tif,2743,124,194.10440063476562,val
hls_california\HLS.S30.T10SGJ.2021096T183911.v2.0_EVI_cropped.tif,2744,125,171.3337860107422,val
hls_california\HLS.S30.T10SGJ.2021096T183911.v2.0_EVI_cropped.tif,2746,127,77.11141967773438,val
hls_california\HLS.S30.T10SGJ.2021096T183911.v2.0_EVI_cropped.tif,2747,128,94.513427734375,val
hls_california\HLS.S30.T10SGJ.2021096T183911.v2.0_EVI_cropped.tif,2748,130,187.6391143798828,val
hls_california\HLS.S30.T10SGJ.2021096T183911.v2.0_EVI_cropped.tif,2750,133,181.76840209960938,val
hls_california\HLS.S30.T10SGJ.2021096T183911.v2.0_EVI_cropped.tif,2751,135,278.27984619140625,val
hls_california\HLS.S30.T10SGJ.2021096T183911.v2.0_EVI_cropped.tif,2753,136,249.7681121826172,val
hls_california\HLS.S30.T10SGJ.2021096T183911.v2.0_EVI_cropped.tif,2754,138,189.46302795410156,val
hls_california\HLS.S30.T10SGJ.2021096T183911.v2.0_EVI_cropped.tif,2755,139,69.29773712158203,val
hls_california\HLS.S30.T10SGJ.2021096T183911.v2.0_EVI_cropped.tif,2756,141,-9999.0,val
hls_california\HLS.S30.T10SGJ.2021096T183911.v2.0_EVI_cropped.tif,2757,142,160.91293334960938,val
hls_california\HLS.S30.T10SGJ.2021096T183911.v2.0_EVI_cropped.tif,2758,144,-9999.0,val
hls_california\HLS.S30.T10SGJ.2021096T183911.v2.0_EVI_cropped.tif,2760,145,102.33028411865234,val
hls_california\HLS.S30.T10SGJ.2021096T183911.v2.0_EVI_cropped.tif,2761,147,213.3731231689453,val
hls_california\HLS.S30.T10SGJ.2021096T183911.v2.0_EVI_cropped.tif,2762,148,76.14466857910156,val
hls_california\HLS.S30.T10SGJ.2021096T183911.v2.0_EVI_cropped.tif,2763,150,230.384765625,val
hls_california\HLS.S30.T10SGJ.2021096T183911.v2.0_EVI_cropped.tif,2764,151,269.1737365722656,val
hls_california\HLS.S30.T10SGJ.2021096T183911.v2.0_EVI_cropped.tif,2765,153,114.7585220336914,val
hls_california\HLS.S30.T10SGJ.2021096T183911.v2.0_EVI_cropped.tif,2766,154,-9999.0,val
hls_california\HLS.S30.T10SGJ.2021096T183911.v2.0_EVI_cropped.tif,2768,156,176.36854553222656,val
hls_california\HLS.S30.T10SGJ.2021096T183911.v2.0_EVI_cropped.tif,2769,157,104.3233642578125,val
hls_california\HLS.S30.T10SGJ.2021096T183911.v2.0_EVI_cropped.tif,2770,159,465.07196044921875,val
hls_california\HLS.S30.T10SGJ.2021096T183911.v2.0_EVI_cropped.tif,2771,160,236.2752685546875,val
hls_california\HLS.S30.T10SGJ.2021096T183911.v2.0_EVI_cropped.tif,2772,162,160.83822631835938,val
hls_california\HLS.S30.T10SGJ.2021096T183911.v2.0_EVI_cropped.tif,2773,163,179.58416748046875,val
hls_california\HLS.S30.T10SGJ.2021096T183911.v2.0_EVI_cropped.tif,2775,165,418.7753601074219,val
hls_california\HLS.S30.T10SGJ.2021096T183911.v2.0_EVI_cropped.tif,2776,166,760.6968994140625,val
hls_california\HLS.S30.T10SGJ.2021096T183911.v2.0_EVI_cropped.tif,2777,168,42.49980926513672,val
hls_california\HLS.S30.T10SGJ.2021096T183911.v2.0_EVI_cropped.tif,2778,169,73.27789306640625,val
hls_california\HLS.S30.T10SGJ.2021096T183911.v2.0_EVI_cropped.tif,2779,171,26.76190185546875,val
hls_california\HLS.S30.T10SGJ.2021096T183911.v2.0_EVI_cropped.tif,2780,172,24.311359405517578,val
hls_california\HLS.S30.T10SGJ.2021096T183911.v2.0_EVI_cropped.tif,2781,174,44.86012268066406,val
hls_california\HLS.S30.T10SGJ.2021096T183911.v2.0_EVI_cropped.tif,2783,175,384.3714599609375,val
hls_california\HLS.S30.T10SGJ.2021096T183911.v2.0_EVI_cropped.tif,2784,177,358.11688232421875,val
hls_california\HLS.S30.T10SGJ.2021096T183911.v2.0_EVI_cropped.tif,2785,178,318.05987548828125,val
hls_california\HLS.S30.T10SGJ.2021096T183911.v2.0_EVI_cropped.tif,2786,180,204.27252197265625,val
hls_california\HLS.S30.T10SGJ.2021096T183911.v2.0_EVI_cropped.tif,2787,181,353.9841613769531,val
hls_california\HLS.S30.T10SGJ.2021096T183911.v2.0_EVI_cropped.tif,2788,183,216.58602905273438,val
hls_california\HLS.S30.T10SGJ.2021096T183911.v2.0_EVI_cropped.tif,2790,184,92.02481842041016,val
hls_california\HLS.S30.T10SGJ.2021096T183911.v2.0_EVI_cropped.tif,2791,186,15.848307609558105,val
hls_california\HLS.S30.T10SGJ.2021096T183911.v2.0_EVI_cropped.tif,2792,187,106.04642486572266,val
hls_california\HLS.S30.T10SGJ.2021096T183911.v2.0_EVI_cropped.tif,2793,189,99.88215637207031,val
hls_california\HLS.S30.T10SGJ.2021096T183911.v2.0_EVI_cropped.tif,2794,190,66.767333984375,val
hls_california\HLS.S30.T10SGJ.2021096T183911.v2.0_EVI_cropped.tif,2795,192,78.5677719116211,val
hls_california\HLS.S30.T10SGJ.2021096T183911.v2.0_EVI_cropped.tif,2796,193,92.58219909667969,val
hls_california\HLS.S30.T10SGJ.2021096T183911.v2.0_EVI_cropped.tif,2798,195,494.67694091796875,val
hls_california\HLS.S30.T10SGJ.2021096T183911.v2.0_EVI_cropped.tif,2799,196,414.2577819824219,val
hls_california\HLS.S30.T10SGJ.2021096T183911.v2.0_EVI_cropped.tif,2800,198,531.3859252929688,val
hls_california\HLS.S30.T10SGJ.2021096T183911.v2.0_EVI_cropped.tif,2801,199,-9999.0,val
hls_california\HLS.S30.T10SGJ.2021096T183911.v2.0_EVI_cropped.tif,2802,201,247.2299041748047,val
hls_california\HLS.S30.T10SGJ.2021096T183911.v2.0_EVI_cropped.tif,2803,202,280.60308837890625,val
hls_california\HLS.S30.T10SGJ.2021096T183911.v2.0_EVI_cropped.tif,2805,204,350.84326171875,val
hls_california\HLS.S30.T10SGJ.2021096T183911.v2.0_EVI_cropped.tif,2806,205,519.4056396484375,val
hls_california\HLS.S30.T10SGJ.2021096T183911.v2.0_EVI_cropped.tif,2807,207,480.8873291015625,val
hls_california\HLS.S30.T10SGJ.2021096T183911.v2.0_EVI_cropped.tif,2808,208,208.41424560546875,val
hls_california\HLS.S30.T10SGJ.2021096T183911.v2.0_EVI_cropped.tif,2809,210,-9999.0,val
hls_california\HLS.S30.T10SGJ.2021096T183911.v2.0_EVI_cropped.tif,2810,211,336.8058776855469,val
hls_california\HLS.S30.T10SGJ.2021096T183911.v2.0_EVI_cropped.tif,2812,213,186.42816162109375,val
hls_california\HLS.S30.T10SGJ.2021096T183911.v2.0_EVI_cropped.tif,2813,214,-9999.0,val
hls_california\HLS.S30.T10SGJ.2021096T183911.v2.0_EVI_cropped.tif,2814,216,190.9680633544922,val
hls_california\HLS.S30.T10SGJ.2021096T183911.v2.0_EVI_cropped.tif,2815,217,288.80145263671875,val
hls_california\HLS.S30.T10SGJ.2021096T183911.v2.0_EVI_cropped.tif,2816,219,473.1728515625,val
hls_california\HLS.S30.T10SGJ.2021096T183911.v2.0_EVI_cropped.tif,2817,220,440.4926452636719,val
hls_california\HLS.S30.T10SGJ.2021096T183911.v2.0_EVI_cropped.tif,2819,222,605.178955078125,val
hls_california\HLS.S30.T10SGJ.2021096T183911.v2.0_EVI_cropped.tif,2820,223,330.4947509765625,val
hls_california\HLS.S30.T10SGJ.2021096T183911.v2.0_EVI_cropped.tif,2821,225,267.3567810058594,val
hls_california\HLS.S30.T10SGJ.2021096T183911.v2.0_EVI_cropped.tif,2822,226,15.251653671264648,val
hls_california\HLS.S30.T10SGJ.2021096T183911.v2.0_EVI_cropped.tif,2823,228,14.606152534484863,val
hls_california\HLS.S30.T10SGJ.2021096T183911.v2.0_EVI_cropped.tif,2824,229,15.068740844726562,val
hls_california\HLS.S30.T10SGJ.2021096T183911.v2.0_EVI_cropped.tif,2825,231,15.650961875915527,val
hls_california\HLS.S30.T10SGJ.2021096T183911.v2.0_EVI_cropped.tif,2827,232,26.574657440185547,val
hls_california\HLS.S30.T10SGJ.2021096T183911.v2.0_EVI_cropped.tif,2828,234,46.13307571411133,val
hls_california\HLS.S30.T10SGJ.2021096T183911.v2.0_EVI_cropped.tif,2829,235,154.4713592529297,val
hls_california\HLS.S30.T10SGJ.2021096T183911.v2.0_EVI_cropped.tif,2830,237,75.2730484008789,val
hls_california\HLS.S30.T10SGJ.2021096T183911.v2.0_EVI_cropped.tif,2831,239,187.1548309326172,val
hls_california\HLS.S30.T10SGJ.2021096T183911.v2.0_EVI_cropped.tif,2832,240,437.4979248046875,val
hls_california\HLS.S30.T10SGJ.2021096T183911.v2.0_EVI_cropped.tif,2834,242,296.8432312011719,val
hls_california\HLS.S30.T10SGJ.2021096T183911.v2.0_EVI_cropped.tif,2835,243,90.5187759399414,val
hls_california\HLS.S30.T10SGJ.2021096T183911.v2.0_EVI_cropped.tif,2836,245,17.415054321289062,val
hls_california\HLS.S30.T10SGJ.2021096T183911.v2.0_EVI_cropped.tif,2837,246,-9999.0,val
hls_california\HLS.S30.T10SGJ.2021096T183911.v2.0_EVI_cropped.tif,2838,248,162.42050170898438,val
hls_california\HLS.S30.T10SGJ.2021096T183911.v2.0_EVI_cropped.tif,2839,249,361.38079833984375,val
hls_california\HLS.S30.T10SGJ.2021096T183911.v2.0_EVI_cropped.tif,2841,251,92.39385986328125,val
hls_california\HLS.S30.T10SGJ.2021096T183911.v2.0_EVI_cropped.tif,2842,252,129.10525512695312,val
hls_california\HLS.S30.T10SGJ.2021096T183911.v2.0_EVI_cropped.tif,2843,254,174.69956970214844,val
hls_california\HLS.S30.T10SGJ.2021096T183911.v2.0_EVI_cropped.tif,2844,255,31.439838409423828,val
hls_california\HLS.S30.T10SGJ.2021096T183911.v2.0_EVI_cropped.tif,2845,257,151.5767364501953,val
hls_california\HLS.S30.T10SGJ.2021096T183911.v2.0_EVI_cropped.tif,2846,258,-9999.0,val
hls_california\HLS.S30.T10SGJ.2021096T183911.v2.0_EVI_cropped.tif,2848,260,166.2076873779297,val
hls_california\HLS.S30.T10SGJ.2021096T183911.v2.0_EVI_cropped.tif,2849,261,332.0311279296875,val
hls_california\HLS.S30.T10SGJ.2021096T183911.v2.0_EVI_cropped.tif,2850,263,450.8793640136719,val
hls_california\HLS.S30.T10SGJ.2021096T183911.v2.0_EVI_cropped.tif,2851,264,386.7255859375,val
hls_california\HLS.S30.T10SGJ.2021096T183911.v2.0_EVI_cropped.tif,2852,266,266.7496032714844,val
hls_california\HLS.S30.T10SGJ.2021096T183911.v2.0_EVI_cropped.tif,2853,267,561.7036743164062,val
hls_california\HLS.S30.T10SGJ.2021096T183911.v2.0_EVI_cropped.tif,2855,269,393.57293701171875,val
hls_california\HLS.S30.T10SGJ.2021096T183911.v2.0_EVI_cropped.tif,2856,270,512.67919921875,val
hls_california\HLS.S30.T10SGJ.2021096T183911.v2.0_EVI_cropped.tif,2857,272,516.2115478515625,val
hls_california\HLS.S30.T10SGJ.2021096T183911.v2.0_EVI_cropped.tif,2858,273,429.9985656738281,val
hls_california\HLS.S30.T10SGJ.2021096T183911.v2.0_EVI_cropped.tif,2859,275,529.2938232421875,val
hls_california\HLS.S30.T10SGJ.2021096T183911.v2.0_EVI_cropped.tif,2860,276,609.2825927734375,val
hls_california\HLS.S30.T10SGJ.2021096T183911.v2.0_EVI_cropped.tif,2862,278,191.62283325195312,val
hls_california\HLS.S30.T10SGJ.2021096T183911.v2.0_EVI_cropped.tif,2863,279,151.4862060546875,val
hls_california\HLS.S30.T10SGJ.2021096T183911.v2.0_EVI_cropped.tif,2864,281,331.7310485839844,val
hls_california\HLS.S30.T10SGJ.2021096T183911.v2.0_EVI_cropped.tif,2865,282,202.612548828125,val
hls_california\HLS.S30.T10SGJ.2021096T183911.v2.0_EVI_cropped.tif,2866,284,-9999.0,val
hls_california\HLS.S30.T10SGJ.2021096T183911.v2.0_EVI_cropped.tif,2867,285,172.4791717529297,val
hls_california\HLS.S30.T10SGJ.2021096T183911.v2.0_EVI_cropped.tif,2868,287,262.49151611328125,val
hls_california\HLS.S30.T10SGJ.2021096T183911.v2.0_EVI_cropped.tif,2870,288,324.38531494140625,val
hls_california\HLS.S30.T10SGJ.2021096T183911.v2.0_EVI_cropped.tif,2871,290,429.6044006347656,val
hls_california\HLS.S30.T10SGJ.2021096T183911.v2.0_EVI_cropped.tif,2872,291,176.89236450195312,val
hls_california\HLS.S30.T10SGJ.2021096T183911.v2.0_EVI_cropped.tif,2874,294,165.62484741210938,val
hls_california\HLS.S30.T10SGJ.2021096T183911.v2.0_EVI_cropped.tif,2875,296,100.1847152709961,val
hls_california\HLS.S30.T10SGJ.2021096T183911.v2.0_EVI_cropped.tif,2877,298,163.82640075683594,val
hls_california\HLS.S30.T10SGJ.2021096T183911.v2.0_EVI_cropped.tif,2878,299,291.0779724121094,val
hls_california\HLS.S30.T10SGJ.2021096T183911.v2.0_EVI_cropped.tif,2879,301,121.23983001708984,val
hls_california\HLS.S30.T10SGJ.2021096T183911.v2.0_EVI_cropped.tif,2880,302,197.3090362548828,val
hls_california\HLS.S30.T10SGJ.2021096T183911.v2.0_EVI_cropped.tif,2881,304,378.2508544921875,val
hls_california\HLS.S30.T10SGJ.2021096T183911.v2.0_EVI_cropped.tif,2882,305,346.1321105957031,val
hls_california\HLS.S30.T10SGJ.2021096T183911.v2.0_EVI_cropped.tif,2884,307,215.7178497314453,val
hls_california\HLS.S30.T10SGJ.2021096T183911.v2.0_EVI_cropped.tif,2885,308,173.97032165527344,val
hls_california\HLS.S30.T10SGJ.2021096T183911.v2.0_EVI_cropped.tif,2886,310,186.62509155273438,val
hls_california\HLS.S30.T10SGJ.2021096T183911.v2.0_EVI_cropped.tif,2887,311,303.6602478027344,val
hls_california\HLS.S30.T10SGJ.2021096T183911.v2.0_EVI_cropped.tif,2888,313,209.61251831054688,val
hls_california\HLS.S30.T10SGJ.2021096T183911.v2.0_EVI_cropped.tif,2889,314,336.70184326171875,val
hls_california\HLS.S30.T10SGJ.2021096T183911.v2.0_EVI_cropped.tif,2891,316,106.90275573730469,val
hls_california\HLS.S30.T10SGJ.2021096T183911.v2.0_EVI_cropped.tif,2892,317,116.8959732055664,val
hls_california\HLS.S30.T10SGJ.2021096T183911.v2.0_EVI_cropped.tif,2893,319,154.59933471679688,val
hls_california\HLS.S30.T10SGJ.2021096T183911.v2.0_EVI_cropped.tif,2894,320,-9999.0,val
hls_california\HLS.S30.T10SGJ.2021096T183911.v2.0_EVI_cropped.tif,2895,322,19.028602600097656,val
hls_california\HLS.S30.T10SGJ.2021096T183911.v2.0_EVI_cropped.tif,2896,323,122.42205810546875,val
hls_california\HLS.S30.T10SGJ.2021096T183911.v2.0_EVI_cropped.tif,2897,325,-9999.0,val
hls_california\HLS.S30.T10SGJ.2021096T183911.v2.0_EVI_cropped.tif,2899,326,221.29425048828125,val
hls_california\HLS.S30.T10SGJ.2021096T183911.v2.0_EVI_cropped.tif,2900,328,319.4476318359375,val
hls_california\HLS.S30.T10SGJ.2021096T183911.v2.0_EVI_cropped.tif,2901,329,423.969970703125,val
hls_california\HLS.S30.T10SGJ.2021096T183911.v2.0_EVI_cropped.tif,2902,331,302.2582702636719,val
hls_california\HLS.S30.T10SGJ.2021096T183911.v2.0_EVI_cropped.tif,2903,332,59.50365447998047,val
hls_california\HLS.S30.T10SGJ.2021096T183911.v2.0_EVI_cropped.tif,2904,334,20.670713424682617,val
hls_california\HLS.S30.T10SGJ.2021096T183911.v2.0_EVI_cropped.tif,2906,335,67.66803741455078,val
hls_california\HLS.S30.T10SGJ.2021096T183911.v2.0_EVI_cropped.tif,2907,337,105.68782806396484,val
hls_california\HLS.S30.T10SGJ.2021096T183911.v2.0_EVI_cropped.tif,2908,338,103.15534210205078,val
hls_california\HLS.S30.T10SGJ.2021096T183911.v2.0_EVI_cropped.tif,2909,340,89.4786148071289,val
hls_california\HLS.S30.T10SGJ.2021096T183911.v2.0_EVI_cropped.tif,2910,341,250.3918914794922,val
hls_california\HLS.S30.T10SGJ.2021096T183911.v2.0_EVI_cropped.tif,2911,343,261.92333984375,val
hls_california\HLS.S30.T10SGJ.2021096T183911.v2.0_EVI_cropped.tif,2913,344,501.5985412597656,val
hls_california\HLS.S30.T10SGJ.2021096T183911.v2.0_EVI_cropped.tif,2914,346,315.4236755371094,val
hls_california\HLS.S30.T10SGJ.2021096T183911.v2.0_EVI_cropped.tif,2915,347,159.4547576904297,val
hls_california\HLS.S30.T10SGJ.2021096T183911.v2.0_EVI_cropped.tif,2916,349,109.33975982666016,val
hls_california\HLS.S30.T10SGJ.2021096T183911.v2.0_EVI_cropped.tif,2917,350,213.02476501464844,val
hls_california\HLS.S30.T10SGJ.2021096T183911.v2.0_EVI_cropped.tif,2918,352,404.8261413574219,val
hls_california\HLS.S30.T10SGJ.2021096T183911.v2.0_EVI_cropped.tif,2920,353,711.8450317382812,val
hls_california\HLS.S30.T10SGJ.2021096T183911.v2.0_EVI_cropped.tif,2921,355,188.59120178222656,val
hls_california\HLS.S30.T10SGJ.2021096T183911.v2.0_EVI_cropped.tif,2922,357,207.46388244628906,val
hls_california\HLS.S30.T10SGJ.2021096T183911.v2.0_EVI_cropped.tif,2923,358,-9999.0,val
hls_california\HLS.S30.T10SGJ.2021096T183911.v2.0_EVI_cropped.tif,2924,359,28.95219612121582,val
hls_california\HLS.S30.T10SGJ.2021096T183911.v2.0_EVI_cropped.tif,2925,361,-9999.0,val
hls_california\HLS.S30.T10SGJ.2021096T183911.v2.0_EVI_cropped.tif,2926,363,17.875234603881836,val
hls_california\HLS.S30.T10SGJ.2021096T183911.v2.0_EVI_cropped.tif,2928,364,19.28132438659668,val
hls_california\HLS.S30.T10SGJ.2021096T183911.v2.0_EVI_cropped.tif,2929,366,16.529949188232422,val
hls_california\HLS.S30.T10SGJ.2021096T183911.v2.0_EVI_cropped.tif,2930,367,17.235681533813477,val
hls_california\HLS.S30.T10SGJ.2021096T183911.v2.0_EVI_cropped.tif,2931,369,18.907691955566406,val
hls_california\HLS.S30.T10SGJ.2021096T183911.v2.0_EVI_cropped.tif,2932,370,80.78160095214844,val
hls_california\HLS.S30.T10SGJ.2021096T183911.v2.0_EVI_cropped.tif,2933,372,17.15904426574707,val
hls_california\HLS.S30.T10SGJ.2021096T183911.v2.0_EVI_cropped.tif,2936,375,34.928653717041016,val
hls_california\HLS.S30.T10SGJ.2021096T183911.v2.0_EVI_cropped.tif,2937,376,-9999.0,val
hls_california\HLS.S30.T10SGJ.2021096T183911.v2.0_EVI_cropped.tif,2938,378,21.9775390625,val
hls_california\HLS.S30.T10SGJ.2021096T183911.v2.0_EVI_cropped.tif,2939,379,24.04592514038086,val
hls_california\HLS.S30.T10SGJ.2021096T183911.v2.0_EVI_cropped.tif,2940,381,46.49721145629883,val
hls_california\HLS.S30.T10SGJ.2021096T183911.v2.0_EVI_cropped.tif,2942,382,17.8083553314209,val
hls_california\HLS.S30.T10SGJ.2021096T183911.v2.0_EVI_cropped.tif,2943,384,89.15745544433594,val
hls_california\HLS.S30.T10SGJ.2021096T183911.v2.0_EVI_cropped.tif,2944,385,23.1220703125,val
hls_california\HLS.S30.T10SGJ.2021096T183911.v2.0_EVI_cropped.tif,2945,387,20.67705726623535,val
hls_california\HLS.S30.T10SGJ.2021096T183911.v2.0_EVI_cropped.tif,2946,388,20.916412353515625,val
hls_california\HLS.S30.T10SGJ.2021096T183911.v2.0_EVI_cropped.tif,2947,390,21.390920639038086,val
hls_california\HLS.S30.T10SGJ.2021096T183911.v2.0_EVI_cropped.tif,2949,391,16.72120475769043,val
hls_california\HLS.S30.T10SGJ.2021096T183911.v2.0_EVI_cropped.tif,2950,393,21.325851440429688,val
hls_california\HLS.S30.T10SGJ.2021096T183911.v2.0_EVI_cropped.tif,2951,394,21.21993064880371,val
hls_california\HLS.S30.T10SGJ.2021096T183911.v2.0_EVI_cropped.tif,2952,396,-9999.0,val
hls_california\HLS.S30.T10SGJ.2021096T183911.v2.0_EVI_cropped.tif,2953,397,16.393280029296875,val
hls_california\HLS.S30.T10SGJ.2021096T183911.v2.0_EVI_cropped.tif,2954,399,19.710634231567383,val
hls_california\HLS.S30.T10SGJ.2021096T183911.v2.0_EVI_cropped.tif,2956,400,18.599843978881836,val
hls_california\HLS.S30.T10SGJ.2021096T183911.v2.0_EVI_cropped.tif,2957,402,-9999.0,val
hls_california\HLS.S30.T10SGJ.2021096T183911.v2.0_EVI_cropped.tif,2958,403,41.03001022338867,val
hls_california\HLS.S30.T10SGJ.2021096T183911.v2.0_EVI_cropped.tif,2959,405,70.35517120361328,val
hls_california\HLS.S30.T10SGJ.2021096T183911.v2.0_EVI_cropped.tif,2960,406,50.65311050415039,val
hls_california\HLS.S30.T10SGJ.2021096T183911.v2.0_EVI_cropped.tif,2961,408,35.5720329284668,val
hls_california\HLS.S30.T10SGJ.2021096T183911.v2.0_EVI_cropped.tif,2963,410,112.90512084960938,val
hls_california\HLS.S30.T10SGJ.2021096T183911.v2.0_EVI_cropped.tif,2964,411,151.71585083007812,val
hls_california\HLS.S30.T10SGJ.2021096T183911.v2.0_EVI_cropped.tif,2965,413,208.35433959960938,val
hls_california\HLS.S30.T10SGJ.2021096T183911.v2.0_EVI_cropped.tif,2966,414,37.37040710449219,val
hls_california\HLS.S30.T10SGJ.2021096T183911.v2.0_EVI_cropped.tif,2967,416,100.47098541259766,val
hls_california\HLS.S30.T10SGJ.2021096T183911.v2.0_EVI_cropped.tif,2968,417,135.665283203125,val
hls_california\HLS.S30.T10SGJ.2021096T183911.v2.0_EVI_cropped.tif,2970,419,151.37962341308594,val
hls_california\HLS.S30.T10SGJ.2021096T183911.v2.0_EVI_cropped.tif,2971,420,167.69052124023438,val
hls_california\HLS.S30.T10SGJ.2021096T183911.v2.0_EVI_cropped.tif,2972,422,287.6317138671875,val
hls_california\HLS.S30.T10SGJ.2021096T183911.v2.0_EVI_cropped.tif,2973,423,34.90693283081055,val
hls_california\HLS.S30.T10SGJ.2021096T183911.v2.0_EVI_cropped.tif,2974,425,327.943359375,val
hls_california\HLS.S30.T10SGJ.2021096T183911.v2.0_EVI_cropped.tif,2975,426,162.03538513183594,val
hls_california\HLS.S30.T10SGJ.2021096T183911.v2.0_EVI_cropped.tif,2977,428,162.0898895263672,val
hls_california\HLS.S30.T10SGJ.2021096T183911.v2.0_EVI_cropped.tif,2978,429,125.7482681274414,val
hls_california\HLS.S30.T10SGJ.2021096T183911.v2.0_EVI_cropped.tif,2979,431,112.89614868164062,val
hls_california\HLS.S30.T10SGJ.2021096T183911.v2.0_EVI_cropped.tif,2980,432,53.71228790283203,val
hls_california\HLS.S30.T10SGJ.2021096T183911.v2.0_EVI_cropped.tif,2981,434,60.27739334106445,val
hls_california\HLS.S30.T10SGJ.2021096T183911.v2.0_EVI_cropped.tif,2982,435,82.67352294921875,val
hls_california\HLS.S30.T10SGJ.2021096T183911.v2.0_EVI_cropped.tif,2983,437,-9999.0,val
hls_california\HLS.S30.T10SGJ.2021096T183911.v2.0_EVI_cropped.tif,2985,438,99.28321838378906,val
hls_california\HLS.S30.T10SGJ.2021096T183911.v2.0_EVI_cropped.tif,2986,440,26.91663360595703,val
hls_california\HLS.S30.T10SGJ.2021096T183911.v2.0_EVI_cropped.tif,2987,441,29.28566551208496,val
hls_california\HLS.S30.T10SGJ.2021096T183911.v2.0_EVI_cropped.tif,2988,443,120.23703002929688,val
hls_california\HLS.S30.T10SGJ.2021096T183911.v2.0_EVI_cropped.tif,2989,444,71.03900909423828,val
hls_california\HLS.S30.T10SGJ.2021096T183911.v2.0_EVI_cropped.tif,2990,446,19.093441009521484,val
hls_california\HLS.S30.T10SGJ.2021096T183911.v2.0_EVI_cropped.tif,2992,447,73.47354125976562,val
hls_california\HLS.S30.T10SGJ.2021096T183911.v2.0_EVI_cropped.tif,2993,449,630.1364135742188,val
hls_california\HLS.S30.T10SGJ.2021096T183911.v2.0_EVI_cropped.tif,2994,450,3.722954511642456,val
hls_california\HLS.S30.T10SGJ.2021096T183911.v2.0_EVI_cropped.tif,2995,452,10.567928314208984,val
hls_california\HLS.S30.T10SGJ.2021096T183911.v2.0_EVI_cropped.tif,2996,453,10.279376983642578,val
hls_california\HLS.S30.T10SGJ.2021096T183911.v2.0_EVI_cropped.tif,2997,455,7.156403541564941,val
hls_california\HLS.S30.T10SGJ.2021096T183911.v2.0_EVI_cropped.tif,2998,456,5.126894950866699,val
hls_california\HLS.S30.T10SGJ.2021096T183911.v2.0_EVI_cropped.tif,3000,458,21.426816940307617,val
hls_california\HLS.S30.T10SGJ.2021096T183911.v2.0_EVI_cropped.tif,3001,459,7.433351993560791,val
hls_california\HLS.S30.T10SGJ.2021096T183911.v2.0_EVI_cropped.tif,3002,461,12.833168983459473,val
hls_california\HLS.S30.T10SGJ.2021096T183911.v2.0_EVI_cropped.tif,3003,462,8.075304985046387,val
hls_california\HLS.S30.T10SGJ.2021096T183911.v2.0_EVI_cropped.tif,3004,464,6.784017086029053,val
hls_california\HLS.S30.T10SGJ.2021096T183911.v2.0_EVI_cropped.tif,3005,465,1.5007215738296509,val
hls_california\HLS.S30.T10SGJ.2021096T183911.v2.0_EVI_cropped.tif,3007,467,8.368968963623047,val
hls_california\HLS.S30.T10SGJ.2021096T183911.v2.0_EVI_cropped.tif,3008,468,5.818078994750977,val
hls_california\HLS.S30.T10SGJ.2021096T183911.v2.0_EVI_cropped.tif,3009,470,9.515846252441406,val
hls_california\HLS.S30.T10SGJ.2021096T183911.v2.0_EVI_cropped.tif,3010,471,11.848655700683594,val
hls_california\HLS.S30.T10SGJ.2021096T183911.v2.0_EVI_cropped.tif,3011,473,8.781129837036133,val
hls_california\HLS.S30.T10SGJ.2021096T183911.v2.0_EVI_cropped.tif,3012,474,48.258338928222656,val
hls_california\HLS.S30.T10SGJ.2021096T183911.v2.0_EVI_cropped.tif,3013,476,76.70804595947266,val
hls_california\HLS.S30.T10SGJ.2021096T183911.v2.0_EVI_cropped.tif,3015,477,20.78803062438965,val
hls_california\HLS.S30.T10SGJ.2021096T183911.v2.0_EVI_cropped.tif,3016,479,11.500146865844727,val
hls_california\HLS.S30.T10SGJ.2021096T183911.v2.0_EVI_cropped.tif,3017,480,4.001528263092041,val
hls_california\HLS.S30.T10SGJ.2021096T183911.v2.0_EVI_cropped.tif,3018,482,3.3590548038482666,val
hls_california\HLS.S30.T10SGJ.2021096T183911.v2.0_EVI_cropped.tif,3019,483,1.5007215738296509,val
hls_california\HLS.S30.T10SGJ.2021096T183911.v2.0_EVI_cropped.tif,3020,485,1.171596646308899,val
hls_california\HLS.S30.T10SGJ.2021096T183911.v2.0_EVI_cropped.tif,3022,486,1.5007215738296509,val
hls_california\HLS.S30.T10SGJ.2021096T183911.v2.0_EVI_cropped.tif,3023,488,1.171596646308899,val
hls_california\HLS.S30.T10SGJ.2021096T183911.v2.0_EVI_cropped.tif,3024,489,1.6303950548171997,val
hls_california\HLS.S30.T10SGJ.2021096T183911.v2.0_EVI_cropped.tif,3025,491,1.5007215738296509,val
hls_california\HLS.S30.T10SGJ.2021096T183911.v2.0_EVI_cropped.tif,3026,492,1.331116795539856,val
hls_california\HLS.S30.T10SGJ.2021096T183911.v2.0_EVI_cropped.tif,3027,494,1.171596646308899,val
hls_california\HLS.S30.T10SGJ.2021096T183911.v2.0_EVI_cropped.tif,3029,495,1.1160929203033447,val
hls_california\HLS.S30.T10SGJ.2021096T183911.v2.0_EVI_cropped.tif,3030,497,1.3916254043579102,val
hls_california\HLS.S30.T10SGJ.2021096T183911.v2.0_EVI_cropped.tif,3031,498,1.331116795539856,val
hls_california\HLS.S30.T10SGJ.2021096T183911.v2.0_EVI_cropped.tif,3032,500,1.331116795539856,val
hls_california\HLS.S30.T10SGJ.2021096T183911.v2.0_EVI_cropped.tif,3033,501,2.240774393081665,val
hls_california\HLS.S30.T10SGJ.2021096T183911.v2.0_EVI_cropped.tif,3034,503,3.823108196258545,val
hls_california\HLS.S30.T10SGJ.2021096T183911.v2.0_EVI_cropped.tif,3035,504,3.6241109371185303,val
hls_california\HLS.S30.T10SGJ.2021096T183911.v2.0_EVI_cropped.tif,3037,506,5.818078994750977,val
hls_california\HLS.S30.T10SGJ.2021096T183911.v2.0_EVI_cropped.tif,3038,507,4.210343837738037,val
hls_california\HLS.S30.T10SGJ.2021096T183911.v2.0_EVI_cropped.tif,3039,509,5.039907932281494,val
hls_california\HLS.S30.T10SGJ.2021096T183911.v2.0_EVI_cropped.tif,3040,511,2.4587409496307373,val
hls_california\HLS.S30.T10SGJ.2021096T183911.v2.0_EVI_cropped.tif,3041,512,2.0885369777679443,val
hls_california\HLS.S30.T10SGJ.2021096T183911.v2.0_EVI_cropped.tif,3042,514,1.4534664154052734,val
hls_california\HLS.S30.T10SGJ.2021096T183911.v2.0_EVI_cropped.tif,3044,515,2.5404794216156006,val
hls_california\HLS.S30.T10SGJ.2021096T183911.v2.0_EVI_cropped.tif,3045,517,18.70807647705078,val
hls_california\HLS.S30.T10SGJ.2021096T183911.v2.0_EVI_cropped.tif,3046,518,2.378323554992676,val
hls_california\HLS.S30.T10SGJ.2021096T183911.v2.0_EVI_cropped.tif,3047,520,17.895105361938477,val
hls_california\HLS.S30.T10SGJ.2021096T183911.v2.0_EVI_cropped.tif,3048,521,24.635196685791016,val
hls_california\HLS.S30.T10SGJ.2021096T183911.v2.0_EVI_cropped.tif,3049,523,1.6303950548171997,val
hls_california\HLS.S30.T10SGJ.2021096T183911.v2.0_EVI_cropped.tif,3051,524,1.2719420194625854,val
hls_california\HLS.S30.T10SGJ.2021096T183911.v2.0_EVI_cropped.tif,3052,526,1.8173799514770508,val
hls_california\HLS.S30.T10SGJ.2021096T183911.v2.0_EVI_cropped.tif,3053,527,3.823108196258545,val
hls_california\HLS.S30.T10SGJ.2021096T183911.v2.0_EVI_cropped.tif,3054,529,1.1160929203033447,val
hls_california\HLS.S30.T10SGJ.2021096T183911.v2.0_EVI_cropped.tif,3055,530,1.6303950548171997,val
hls_california\HLS.S30.T10SGJ.2021096T183911.v2.0_EVI_cropped.tif,3056,532,1.331116795539856,val
hls_california\HLS.S30.T10SGJ.2021096T183911.v2.0_EVI_cropped.tif,3058,533,1.171596646308899,val
hls_california\HLS.S30.T10SGJ.2021096T183911.v2.0_EVI_cropped.tif,3059,535,1.171596646308899,val
hls_california\HLS.S30.T10SGJ.2021096T183911.v2.0_EVI_cropped.tif,3060,536,1.5648930072784424,val
hls_california\HLS.S30.T10SGJ.2021096T183911.v2.0_EVI_cropped.tif,3061,538,16.31772232055664,val
hls_california\HLS.S30.T10SGJ.2021096T183911.v2.0_EVI_cropped.tif,3062,539,16.70511245727539,val
hls_california\HLS.S30.T10SGJ.2021096T183911.v2.0_EVI_cropped.tif,3063,541,30.028148651123047,val
hls_california\HLS.S30.T10SGJ.2021096T183911.v2.0_EVI_cropped.tif,3064,542,18.839290618896484,val
hls_california\HLS.S30.T10SGJ.2021096T183911.v2.0_EVI_cropped.tif,3066,544,17.694673538208008,val
hls_california\HLS.S30.T10SGJ.2021096T183911.v2.0_EVI_cropped.tif,3067,545,125.51447296142578,val
hls_california\HLS.S30.T10SGJ.2021096T183911.v2.0_EVI_cropped.tif,3068,547,115.20255279541016,val
hls_california\HLS.S30.T10SGJ.2021096T183911.v2.0_EVI_cropped.tif,3069,548,123.08722686767578,val
hls_california\HLS.S30.T10SGJ.2021096T183911.v2.0_EVI_cropped.tif,3070,550,63.43693161010742,val
hls_california\HLS.S30.T10SGJ.2021096T183911.v2.0_EVI_cropped.tif,3071,551,78.12582397460938,val
hls_california\HLS.S30.T10SGJ.2021096T183911.v2.0_EVI_cropped.tif,3073,553,18.337940216064453,val
hls_california\HLS.S30.T10SGJ.2021096T183911.v2.0_EVI_cropped.tif,3104,593,16.253076553344727,val
hls_california\HLS.S30.T10SGJ.2021096T183911.v2.0_EVI_cropped.tif,3105,595,18.38707160949707,val
hls_california\HLS.S30.T10SGJ.2021096T183911.v2.0_EVI_cropped.tif,3106,596,70.83943176269531,val
hls_california\HLS.S30.T10SGJ.2021096T183911.v2.0_EVI_cropped.tif,3107,598,99.86631774902344,val
hls_california\HLS.S30.T10SGJ.2021096T183911.v2.0_EVI_cropped.tif,3109,599,164.40159606933594,val
hls_california\HLS.S30.T10SGJ.2021096T183911.v2.0_EVI_cropped.tif,3160,666,230.3478546142578,val
hls_california\HLS.S30.T10SGJ.2021096T183911.v2.0_EVI_cropped.tif,3161,668,78.27071380615234,val
hls_california\HLS.S30.T10SGJ.2021096T183911.v2.0_EVI_cropped.tif,3162,669,17.694673538208008,val
hls_california\HLS.S30.T10SGJ.2021096T183911.v2.0_EVI_cropped.tif,3163,671,20.273900985717773,val
hls_california\HLS.S30.T10SGJ.2021096T183911.v2.0_EVI_cropped.tif,3164,672,-9999.0,val
hls_california\HLS.S30.T10SGJ.2021096T183911.v2.0_EVI_cropped.tif,3166,674,42.80620193481445,val
hls_california\HLS.S30.T10SGJ.2021096T183911.v2.0_EVI_cropped.tif,3171,681,139.31594848632812,val
hls_california\HLS.S30.T10SGJ.2021096T183911.v2.0_EVI_cropped.tif,3173,683,185.9156494140625,val
hls_california\HLS.S30.T10SGJ.2021096T183911.v2.0_EVI_cropped.tif,3174,684,200.3855438232422,val
hls_california\HLS.S30.T10SGJ.2021096T183911.v2.0_EVI_cropped.tif,3175,686,121.64156341552734,val
hls_california\HLS.S30.T10SGJ.2021096T183911.v2.0_EVI_cropped.tif,3176,687,97.72300720214844,val
hls_california\HLS.S30.T10SGJ.2021096T183911.v2.0_EVI_cropped.tif,3177,689,-9999.0,val
hls_california\HLS.S30.T10SGJ.2021096T183911.v2.0_EVI_cropped.tif,3178,690,-9999.0,val
hls_california\HLS.S30.T10SGJ.2021096T183911.v2.0_EVI_cropped.tif,3180,692,43.81916809082031,val
hls_california\HLS.S30.T10SGJ.2021096T183911.v2.0_EVI_cropped.tif,3181,693,20.361268997192383,val
hls_california\HLS.S30.T10SGJ.2021096T183911.v2.0_EVI_cropped.tif,3182,695,84.41480255126953,val
hls_california\HLS.S30.T10SGJ.2021096T183911.v2.0_EVI_cropped.tif,3183,696,136.58287048339844,val
hls_california\HLS.S30.T10SGJ.2021096T183911.v2.0_EVI_cropped.tif,3184,698,110.37230682373047,val
hls_california\HLS.S30.T10SGJ.2021096T183911.v2.0_EVI_cropped.tif,3185,699,57.93706512451172,val
hls_california\HLS.S30.T10SGJ.2021096T183911.v2.0_EVI_cropped.tif,3187,701,26.554689407348633,val
hls_california\HLS.S30.T10SGJ.2021096T183911.v2.0_EVI_cropped.tif,3188,702,195.95361328125,val
hls_california\HLS.S30.T10SGJ.2021096T183911.v2.0_EVI_cropped.tif,3189,704,14.657018661499023,val
hls_california\HLS.S30.T10SGJ.2021096T183911.v2.0_EVI_cropped.tif,3190,705,272.2070007324219,val
hls_california\HLS.S30.T10SGJ.2021096T183911.v2.0_EVI_cropped.tif,3205,725,164.47579956054688,val
hls_california\HLS.S30.T10SGJ.2021096T183911.v2.0_EVI_cropped.tif,3206,727,198.72244262695312,val
hls_california\HLS.S30.T10SGJ.2021096T183911.v2.0_EVI_cropped.tif,3209,730,58.88496398925781,val
hls_california\HLS.S30.T10SGJ.2021096T183911.v2.0_EVI_cropped.tif,3210,731,71.92061614990234,val
hls_california\HLS.S30.T10SGJ.2021096T183911.v2.0_EVI_cropped.tif,3211,733,51.68076705932617,val
hls_california\HLS.S30.T10SGJ.2021096T183911.v2.0_EVI_cropped.tif,3212,734,45.58911895751953,val
hls_california\HLS.S30.T10SGJ.2021096T183911.v2.0_EVI_cropped.tif,3213,736,64.4278335571289,val
hls_california\HLS.S30.T10SGJ.2021096T183911.v2.0_EVI_cropped.tif,3215,737,57.58127212524414,val
hls_california\HLS.S30.T10SGJ.2021096T183911.v2.0_EVI_cropped.tif,3216,739,67.0890121459961,val
hls_california\HLS.S30.T10SGJ.2021096T183911.v2.0_EVI_cropped.tif,3217,740,90.75552368164062,val
hls_california\HLS.S30.T10SGJ.2021096T183911.v2.0_EVI_cropped.tif,3218,742,-9999.0,val
hls_california\HLS.S30.T10SGJ.2021096T183911.v2.0_EVI_cropped.tif,3219,743,30.502883911132812,val
hls_california\HLS.S30.T10SGJ.2021096T183911.v2.0_EVI_cropped.tif,3220,745,74.73762512207031,val
hls_california\HLS.S30.T10SGJ.2021096T183911.v2.0_EVI_cropped.tif,3221,746,56.210693359375,val
hls_california\HLS.S30.T10SGJ.2021096T183911.v2.0_EVI_cropped.tif,3223,748,59.41490173339844,val
hls_california\HLS.S30.T10SGJ.2021096T183911.v2.0_EVI_cropped.tif,3224,749,95.87982177734375,val
hls_california\HLS.S30.T10SGJ.2021096T183911.v2.0_EVI_cropped.tif,3225,751,91.74343872070312,val
hls_california\HLS.S30.T10SGJ.2021096T183911.v2.0_EVI_cropped.tif,3226,752,107.80122375488281,val
hls_california\HLS.S30.T10SGJ.2021096T183911.v2.0_EVI_cropped.tif,3227,754,92.64579772949219,val
hls_california\HLS.S30.T10SGJ.2021096T183911.v2.0_EVI_cropped.tif,3228,755,106.73248291015625,val
hls_california\HLS.S30.T10SGJ.2021096T183911.v2.0_EVI_cropped.tif,3230,757,87.08625793457031,val
hls_california\HLS.S30.T10SGJ.2021096T183911.v2.0_EVI_cropped.tif,3231,758,103.95779418945312,val
hls_california\HLS.S30.T10SGJ.2021096T183911.v2.0_EVI_cropped.tif,3232,760,55.50870132446289,val
hls_california\HLS.S30.T10SGJ.2021096T183911.v2.0_EVI_cropped.tif,3233,761,41.44481658935547,val
hls_california\HLS.S30.T10SGJ.2021096T183911.v2.0_EVI_cropped.tif,3234,763,49.17008972167969,val
hls_california\HLS.S30.T10SGJ.2021096T183911.v2.0_EVI_cropped.tif,3235,764,49.88548278808594,val
hls_california\HLS.S30.T10SGJ.2021096T183911.v2.0_EVI_cropped.tif,3237,766,-9999.0,val
hls_california\HLS.S30.T10SGJ.2021096T183911.v2.0_EVI_cropped.tif,3238,767,72.92637634277344,val
hls_california\HLS.S30.T10SGJ.2021096T183911.v2.0_EVI_cropped.tif,3239,769,82.85175323486328,val
hls_california\HLS.S30.T10SGJ.2021096T183911.v2.0_EVI_cropped.tif,3240,770,157.7216339111328,val
hls_california\HLS.S30.T10SGJ.2021096T183911.v2.0_EVI_cropped.tif,3242,773,-9999.0,val
hls_california\HLS.S30.T10SGJ.2021096T183911.v2.0_EVI_cropped.tif,3242,773,150.3418426513672,val
hls_california\HLS.S30.T10SGJ.2021096T183911.v2.0_EVI_cropped.tif,3244,775,92.07339477539062,val
hls_california\HLS.S30.T10SGJ.2021096T183911.v2.0_EVI_cropped.tif,3245,776,97.6479721069336,val
hls_california\HLS.S30.T10SGJ.2021096T183911.v2.0_EVI_cropped.tif,3246,778,175.7897186279297,val
hls_california\HLS.S30.T10SGJ.2021096T183911.v2.0_EVI_cropped.tif,3247,779,112.41049194335938,val
hls_california\HLS.S30.T10SGJ.2021096T183911.v2.0_EVI_cropped.tif,3248,781,157.15370178222656,val
hls_california\HLS.S30.T10SGJ.2021096T183911.v2.0_EVI_cropped.tif,3249,782,110.86994934082031,val
hls_california\HLS.S30.T10SGJ.2021096T183911.v2.0_EVI_cropped.tif,3251,784,-9999.0,val
hls_california\HLS.S30.T10SGJ.2021096T183911.v2.0_EVI_cropped.tif,3252,785,53.889373779296875,val
hls_california\HLS.S30.T10SGJ.2021096T183911.v2.0_EVI_cropped.tif,3253,787,104.0831298828125,val
hls_california\HLS.S30.T10SGJ.2021096T183911.v2.0_EVI_cropped.tif,3254,788,152.75672912597656,val
hls_california\HLS.S30.T10SGJ.2021096T183911.v2.0_EVI_cropped.tif,3255,790,-9999.0,val
hls_california\HLS.S30.T10SGJ.2021096T183911.v2.0_EVI_cropped.tif,3256,791,154.10623168945312,val
hls_california\HLS.S30.T10SGJ.2021096T183911.v2.0_EVI_cropped.tif,3258,793,121.57058715820312,val
hls_california\HLS.S30.T10SGJ.2021096T183911.v2.0_EVI_cropped.tif,3259,794,97.475830078125,val
hls_california\HLS.S30.T10SGJ.2021096T183911.v2.0_EVI_cropped.tif,3260,796,140.607421875,val
hls_california\HLS.S30.T10SGJ.2021096T183911.v2.0_EVI_cropped.tif,3261,797,130.14212036132812,val
hls_california\HLS.S30.T10SGJ.2021096T183911.v2.0_EVI_cropped.tif,3262,799,93.06591033935547,val
hls_california\HLS.S30.T10SGJ.2021096T183911.v2.0_EVI_cropped.tif,3263,800,113.37541961669922,val
hls_california\HLS.S30.T10SGJ.2021096T183911.v2.0_EVI_cropped.tif,3264,802,48.99164962768555,val
hls_california\HLS.S30.T10SGJ.2021096T183911.v2.0_EVI_cropped.tif,3266,803,80.74996948242188,val
hls_california\HLS.S30.T10SGJ.2021096T183911.v2.0_EVI_cropped.tif,3267,805,102.20268249511719,val
hls_california\HLS.S30.T10SGJ.2021096T183911.v2.0_EVI_cropped.tif,3268,806,72.89448547363281,val
hls_california\HLS.S30.T10SGJ.2021096T183911.v2.0_EVI_cropped.tif,3269,808,121.97789001464844,val
hls_california\HLS.S30.T10SGJ.2021096T183911.v2.0_EVI_cropped.tif,3270,809,152.16273498535156,val
hls_california\HLS.S30.T10SGJ.2021096T183911.v2.0_EVI_cropped.tif,3271,811,74.75543212890625,val
hls_california\HLS.S30.T10SGJ.2021096T183911.v2.0_EVI_cropped.tif,3273,812,57.80777359008789,val
hls_california\HLS.S30.T10SGJ.2021096T183911.v2.0_EVI_cropped.tif,3274,814,160.6225128173828,val
hls_california\HLS.S30.T10SGJ.2021096T183911.v2.0_EVI_cropped.tif,3275,816,44.15986251831055,val
hls_california\HLS.S30.T10SGJ.2021096T183911.v2.0_EVI_cropped.tif,3276,817,39.194950103759766,val
hls_california\HLS.S30.T10SGJ.2021096T183911.v2.0_EVI_cropped.tif,3277,819,55.92721176147461,val
hls_california\HLS.S30.T10SGJ.2021096T183911.v2.0_EVI_cropped.tif,3278,820,101.15473937988281,val
hls_california\HLS.S30.T10SGJ.2021096T183911.v2.0_EVI_cropped.tif,3280,822,147.14895629882812,val
hls_california\HLS.S30.T10SGJ.2021096T183911.v2.0_EVI_cropped.tif,3281,823,93.9010009765625,val
hls_california\HLS.S30.T10SGJ.2021096T183911.v2.0_EVI_cropped.tif,3282,825,95.66184997558594,val
hls_california\HLS.S30.T10TCL.2021100T190909.v2.0_EVI_cropped.tif,1865,708,132.47268676757812,train
hls_california\HLS.S30.T10TCL.2021100T190909.v2.0_EVI_cropped.tif,1866,709,153.81655883789062,train
hls_california\HLS.S30.T10TCL.2021100T190909.v2.0_EVI_cropped.tif,1867,711,296.73565673828125,train
hls_california\HLS.S30.T10TCL.2021100T190909.v2.0_EVI_cropped.tif,1868,712,333.66900634765625,train
hls_california\HLS.S30.T10TCL.2021100T190909.v2.0_EVI_cropped.tif,1869,714,499.70892333984375,train
hls_california\HLS.S30.T10TCL.2021100T190909.v2.0_EVI_cropped.tif,1901,755,601.1512451171875,train
hls_california\HLS.S30.T10TCL.2021100T190909.v2.0_EVI_cropped.tif,1902,756,368.23028564453125,train
hls_california\HLS.S30.T10TCL.2021100T190909.v2.0_EVI_cropped.tif,1903,758,388.01385498046875,train
hls_california\HLS.S30.T10TCL.2021100T190909.v2.0_EVI_cropped.tif,1904,759,436.2467956542969,train
hls_california\HLS.S30.T10TCL.2021100T190909.v2.0_EVI_cropped.tif,1905,761,521.8720092773438,train
hls_california\HLS.S30.T10TCL.2021100T190909.v2.0_EVI_cropped.tif,1906,762,644.085693359375,train
hls_california\HLS.S30.T10TCL.2021100T190909.v2.0_EVI_cropped.tif,1907,764,396.835205078125,train
hls_california\HLS.S30.T10TCL.2021100T190909.v2.0_EVI_cropped.tif,1909,766,496.25567626953125,train
hls_california\HLS.S30.T10TCL.2021100T190909.v2.0_EVI_cropped.tif,1910,767,14.442798614501953,train
hls_california\HLS.S30.T10TCL.2021100T190909.v2.0_EVI_cropped.tif,1911,769,97.18660736083984,train
hls_california\HLS.S30.T10TCL.2021100T190909.v2.0_EVI_cropped.tif,1912,770,143.0503692626953,train
hls_california\HLS.S30.T10TCL.2021100T190909.v2.0_EVI_cropped.tif,1913,772,261.8800048828125,train
hls_california\HLS.S30.T10TCL.2021100T190909.v2.0_EVI_cropped.tif,1914,773,32.28635787963867,train
hls_california\HLS.S30.T10TCL.2021100T190909.v2.0_EVI_cropped.tif,1916,775,440.7808532714844,train
hls_california\HLS.S30.T10TCL.2021100T190909.v2.0_EVI_cropped.tif,1917,776,394.8263244628906,train
hls_california\HLS.S30.T10TCL.2021100T190909.v2.0_EVI_cropped.tif,1918,778,145.03456115722656,train
hls_california\HLS.S30.T10TCL.2021100T190909.v2.0_EVI_cropped.tif,1919,779,438.94622802734375,train
hls_california\HLS.S30.T10TCL.2021100T190909.v2.0_EVI_cropped.tif,1920,781,22.993356704711914,train
hls_california\HLS.S30.T10TCL.2021100T190909.v2.0_EVI_cropped.tif,1921,782,163.1808319091797,train
hls_california\HLS.S30.T10TCL.2021100T190909.v2.0_EVI_cropped.tif,1922,784,16.275270462036133,train
hls_california\HLS.S30.T10TCL.2021100T190909.v2.0_EVI_cropped.tif,1924,785,21.839000701904297,train
hls_california\HLS.S30.T10TCL.2021100T190909.v2.0_EVI_cropped.tif,1925,787,130.5314483642578,train
hls_california\HLS.S30.T10TCL.2021100T190909.v2.0_EVI_cropped.tif,1926,788,222.3795623779297,train
hls_california\HLS.S30.T10TCL.2021100T190909.v2.0_EVI_cropped.tif,1927,790,196.36793518066406,train
hls_california\HLS.S30.T10TCL.2021100T190909.v2.0_EVI_cropped.tif,1928,791,165.16473388671875,train
hls_california\HLS.S30.T10TCL.2021100T190909.v2.0_EVI_cropped.tif,1929,793,95.8171615600586,train
hls_california\HLS.S30.T10TCL.2021100T190909.v2.0_EVI_cropped.tif,1931,794,59.76118087768555,train
hls_california\HLS.S30.T10TCL.2021100T190909.v2.0_EVI_cropped.tif,1932,796,60.46491622924805,train
hls_california\HLS.S30.T10TCL.2021100T190909.v2.0_EVI_cropped.tif,1933,797,44.339839935302734,train
hls_california\HLS.S30.T10TCL.2021100T190909.v2.0_EVI_cropped.tif,1934,799,89.29456329345703,train
hls_california\HLS.S30.T10TCL.2021100T190909.v2.0_EVI_cropped.tif,1935,800,60.564151763916016,train
hls_california\HLS.S30.T10TCL.2021100T190909.v2.0_EVI_cropped.tif,1936,802,57.05845260620117,train
hls_california\HLS.S30.T10TCL.2021100T190909.v2.0_EVI_cropped.tif,1937,803,53.0914421081543,train
hls_california\HLS.S30.T10TCL.2021100T190909.v2.0_EVI_cropped.tif,1939,805,51.49886703491211,train
hls_california\HLS.S30.T10TCL.2021100T190909.v2.0_EVI_cropped.tif,1940,806,58.02219772338867,train
hls_california\HLS.S30.T10TCL.2021100T190909.v2.0_EVI_cropped.tif,1941,808,65.53213500976562,train
hls_california\HLS.S30.T10TCL.2021100T190909.v2.0_EVI_cropped.tif,1942,809,43.2114372253418,train
hls_california\HLS.S30.T10TCL.2021100T190909.v2.0_EVI_cropped.tif,1943,811,203.17076110839844,train
hls_california\HLS.S30.T10TCL.2021100T190909.v2.0_EVI_cropped.tif,1944,812,317.89117431640625,train
hls_california\HLS.S30.T10TCL.2021100T190909.v2.0_EVI_cropped.tif,1945,814,96.47705841064453,train
hls_california\HLS.S30.T10TCL.2021100T190909.v2.0_EVI_cropped.tif,1947,816,264.8092956542969,train
hls_california\HLS.S30.T10TCL.2021100T190909.v2.0_EVI_cropped.tif,1948,817,35.809288024902344,train
hls_california\HLS.L30.T10TDK.2021110T185717.v2.0_EVI_cropped.tif,16,2155,45.593414306640625,train
hls_california\HLS.L30.T10TDK.2021110T185717.v2.0_EVI_cropped.tif,17,2156,357.92010498046875,train
hls_california\HLS.L30.T10TDK.2021110T185717.v2.0_EVI_cropped.tif,18,2158,45.58194351196289,train
hls_california\HLS.L30.T10TDK.2021110T185717.v2.0_EVI_cropped.tif,20,2160,34.98428726196289,train
hls_california\HLS.L30.T10TDK.2021110T185717.v2.0_EVI_cropped.tif,21,2161,136.55465698242188,train
hls_california\HLS.L30.T10TDK.2021110T185717.v2.0_EVI_cropped.tif,22,2163,125.05078125,train
hls_california\HLS.L30.T10TDK.2021110T185717.v2.0_EVI_cropped.tif,23,2164,31.537517547607422,train
hls_california\HLS.L30.T10TDK.2021110T185717.v2.0_EVI_cropped.tif,24,2166,129.49197387695312,train
hls_california\HLS.L30.T10TDK.2021110T185717.v2.0_EVI_cropped.tif,25,2167,178.64031982421875,train
hls_california\HLS.L30.T10TDK.2021110T185717.v2.0_EVI_cropped.tif,27,2169,138.9210968017578,train
hls_california\HLS.L30.T10TDK.2021110T185717.v2.0_EVI_cropped.tif,28,2170,306.8712463378906,train
hls_california\HLS.L30.T10TDK.2021110T185717.v2.0_EVI_cropped.tif,29,2172,133.9234619140625,train
hls_california\HLS.L30.T10TDK.2021110T185717.v2.0_EVI_cropped.tif,30,2173,151.1510772705078,train
hls_california\HLS.L30.T10TDK.2021110T185717.v2.0_EVI_cropped.tif,31,2175,31.94316864013672,train
hls_california\HLS.L30.T10TDK.2021110T185717.v2.0_EVI_cropped.tif,32,2176,72.07887268066406,train
hls_california\HLS.L30.T10TDK.2021110T185717.v2.0_EVI_cropped.tif,34,2178,43.0281867980957,train
hls_california\HLS.L30.T10TDK.2021110T185717.v2.0_EVI_cropped.tif,35,2179,34.10590362548828,train
hls_california\HLS.L30.T10TDK.2021110T185717.v2.0_EVI_cropped.tif,36,2181,124.84578704833984,train
hls_california\HLS.L30.T10TDK.2021110T185717.v2.0_EVI_cropped.tif,37,2182,97.01998901367188,train
hls_california\HLS.L30.T10TDK.2021110T185717.v2.0_EVI_cropped.tif,38,2184,197.8046112060547,train
hls_california\HLS.L30.T10TDK.2021110T185717.v2.0_EVI_cropped.tif,39,2185,208.7705078125,train
hls_california\HLS.L30.T10TDK.2021110T185717.v2.0_EVI_cropped.tif,40,2187,417.8896789550781,train
hls_california\HLS.L30.T10TDK.2021110T185717.v2.0_EVI_cropped.tif,42,2188,470.5880432128906,train
hls_california\HLS.L30.T10TDK.2021110T185717.v2.0_EVI_cropped.tif,43,2190,480.8506164550781,train
hls_california\HLS.L30.T10TDK.2021110T185717.v2.0_EVI_cropped.tif,44,2191,604.0750732421875,train
hls_california\HLS.L30.T10TDK.2021110T185717.v2.0_EVI_cropped.tif,45,2193,-9999.0,train
hls_california\HLS.L30.T10TDK.2021110T185717.v2.0_EVI_cropped.tif,46,2194,48.56763458251953,train
hls_california\HLS.L30.T10TDK.2021110T185717.v2.0_EVI_cropped.tif,47,2196,171.83714294433594,train
hls_california\HLS.L30.T10TDK.2021110T185717.v2.0_EVI_cropped.tif,49,2197,192.67356872558594,train
hls_california\HLS.L30.T10TDK.2021110T185717.v2.0_EVI_cropped.tif,50,2199,285.5445556640625,train
hls_california\HLS.L30.T10TDK.2021110T185717.v2.0_EVI_cropped.tif,51,2201,317.5446472167969,train
hls_california\HLS.L30.T10TDK.2021110T185717.v2.0_EVI_cropped.tif,52,2202,551.5343017578125,train
hls_california\HLS.L30.T10TDK.2021110T185717.v2.0_EVI_cropped.tif,53,2204,649.6615600585938,train
hls_california\HLS.L30.T10TDK.2021110T185717.v2.0_EVI_cropped.tif,54,2205,602.2696533203125,train
hls_california\HLS.L30.T10TDK.2021110T185717.v2.0_EVI_cropped.tif,55,2207,487.4689025878906,train
hls_california\HLS.L30.T10TDK.2021110T185717.v2.0_EVI_cropped.tif,57,2208,245.47142028808594,train
hls_california\HLS.L30.T10TDK.2021110T185717.v2.0_EVI_cropped.tif,58,2210,42.98215103149414,train
hls_california\HLS.L30.T10TDK.2021110T185717.v2.0_EVI_cropped.tif,59,2211,63.16733169555664,train
hls_california\HLS.L30.T10TDK.2021110T185717.v2.0_EVI_cropped.tif,60,2213,66.0493392944336,train
hls_california\HLS.L30.T10TDK.2021110T185717.v2.0_EVI_cropped.tif,61,2214,27.93223762512207,train
hls_california\HLS.L30.T10TDK.2021110T185717.v2.0_EVI_cropped.tif,62,2216,90.20848846435547,train
hls_california\HLS.L30.T10TDK.2021110T185717.v2.0_EVI_cropped.tif,64,2217,37.16222381591797,train
hls_california\HLS.L30.T10TDK.2021110T185717.v2.0_EVI_cropped.tif,65,2219,133.12014770507812,train
hls_california\HLS.L30.T10TDK.2021110T185717.v2.0_EVI_cropped.tif,66,2220,126.57579803466797,train
hls_california\HLS.L30.T10TDK.2021110T185717.v2.0_EVI_cropped.tif,67,2222,35.52873611450195,train
hls_california\HLS.L30.T10TDK.2021110T185717.v2.0_EVI_cropped.tif,68,2223,21.496967315673828,train
hls_california\HLS.L30.T10TDK.2021110T185717.v2.0_EVI_cropped.tif,69,2225,153.6285858154297,train
hls_california\HLS.L30.T10TDK.2021110T185717.v2.0_EVI_cropped.tif,71,2226,199.01881408691406,train
hls_california\HLS.L30.T10TDK.2021110T185717.v2.0_EVI_cropped.tif,72,2228,-9999.0,train
hls_california\HLS.L30.T10TDK.2021110T185717.v2.0_EVI_cropped.tif,73,2229,183.68209838867188,train
hls_california\HLS.L30.T10TDK.2021110T185717.v2.0_EVI_cropped.tif,74,2231,34.6793212890625,train
hls_california\HLS.L30.T10TDK.2021110T185717.v2.0_EVI_cropped.tif,75,2233,397.797119140625,train
hls_california\HLS.L30.T10TDK.2021110T185717.v2.0_EVI_cropped.tif,76,2234,-9999.0,train
hls_california\HLS.L30.T10TDK.2021110T185717.v2.0_EVI_cropped.tif,77,2236,407.1316223144531,train
hls_california\HLS.L30.T10TDK.2021110T185717.v2.0_EVI_cropped.tif,79,2237,268.9245300292969,train
hls_california\HLS.L30.T10TDK.2021110T185717.v2.0_EVI_cropped.tif,80,2239,211.08114624023438,train
hls_california\HLS.L30.T10TDK.2021110T185717.v2.0_EVI_cropped.tif,81,2240,170.97903442382812,train
hls_california\HLS.L30.T10TDK.2021110T185717.v2.0_EVI_cropped.tif,82,2242,305.5408630371094,train
hls_california\HLS.L30.T10TDK.2021110T185717.v2.0_EVI_cropped.tif,83,2243,136.28631591796875,train
hls_california\HLS.L30.T10TDK.2021110T185717.v2.0_EVI_cropped.tif,84,2245,220.454833984375,train
hls_california\HLS.L30.T10TDK.2021110T185717.v2.0_EVI_cropped.tif,86,2246,266.9151916503906,train
hls_california\HLS.L30.T10TDK.2021110T185717.v2.0_EVI_cropped.tif,87,2248,118.28400421142578,train
hls_california\HLS.L30.T10TDK.2021110T185717.v2.0_EVI_cropped.tif,88,2249,248.6917724609375,train
hls_california\HLS.L30.T10TDK.2021110T185717.v2.0_EVI_cropped.tif,89,2251,165.68438720703125,train
hls_california\HLS.L30.T10TDK.2021110T185717.v2.0_EVI_cropped.tif,90,2252,396.8976135253906,train
hls_california\HLS.L30.T10TDK.2021110T185717.v2.0_EVI_cropped.tif,91,2254,156.48350524902344,train
hls_california\HLS.L30.T10TDK.2021110T185717.v2.0_EVI_cropped.tif,92,2255,368.45294189453125,train
hls_california\HLS.L30.T10TDK.2021110T185717.v2.0_EVI_cropped.tif,94,2257,220.60508728027344,train
hls_california\HLS.L30.T10TDK.2021110T185717.v2.0_EVI_cropped.tif,95,2258,24.690439224243164,train
hls_california\HLS.L30.T10TDK.2021110T185717.v2.0_EVI_cropped.tif,96,2260,233.9679718017578,train
hls_california\HLS.L30.T10TDK.2021110T185717.v2.0_EVI_cropped.tif,97,2261,13.965991973876953,train
hls_california\HLS.L30.T10TDK.2021110T185717.v2.0_EVI_cropped.tif,98,2263,22.194869995117188,train
hls_california\HLS.L30.T10TDK.2021110T185717.v2.0_EVI_cropped.tif,99,2264,17.309846878051758,train
hls_california\HLS.L30.T10TDK.2021110T185717.v2.0_EVI_cropped.tif,101,2266,20.654972076416016,train
hls_california\HLS.L30.T10TDK.2021110T185717.v2.0_EVI_cropped.tif,102,2267,138.98912048339844,train
hls_california\HLS.L30.T10TDK.2021110T185717.v2.0_EVI_cropped.tif,103,2269,67.71168518066406,train
hls_california\HLS.L30.T10TDK.2021110T185717.v2.0_EVI_cropped.tif,104,2270,170.68479919433594,train
hls_california\HLS.L30.T10TDK.2021110T185717.v2.0_EVI_cropped.tif,105,2272,26.226455688476562,train
hls_california\HLS.L30.T10TDK.2021110T185717.v2.0_EVI_cropped.tif,106,2273,15.120341300964355,train
hls_california\HLS.L30.T10TDK.2021110T185717.v2.0_EVI_cropped.tif,107,2275,14.253951072692871,train
hls_california\HLS.L30.T10TDK.2021110T185717.v2.0_EVI_cropped.tif,109,2276,101.71453094482422,train
hls_california\HLS.L30.T10TDK.2021110T185717.v2.0_EVI_cropped.tif,110,2278,24.638946533203125,train
hls_california\HLS.L30.T10TDK.2021110T185717.v2.0_EVI_cropped.tif,111,2279,179.80508422851562,train
hls_california\HLS.L30.T10TDK.2021110T185717.v2.0_EVI_cropped.tif,112,2281,62.48788833618164,train
hls_california\HLS.L30.T10TDK.2021110T185717.v2.0_EVI_cropped.tif,113,2282,174.2454833984375,train
hls_california\HLS.L30.T10TDK.2021110T185717.v2.0_EVI_cropped.tif,114,2284,156.71783447265625,train
hls_california\HLS.L30.T10TDK.2021110T185717.v2.0_EVI_cropped.tif,115,2285,250.07713317871094,train
hls_california\HLS.L30.T10TDK.2021110T185717.v2.0_EVI_cropped.tif,117,2287,163.99591064453125,train
hls_california\HLS.L30.T10TDK.2021110T185717.v2.0_EVI_cropped.tif,118,2288,162.1307830810547,train
hls_california\HLS.L30.T10TDK.2021110T185717.v2.0_EVI_cropped.tif,119,2290,288.8701477050781,train
hls_california\HLS.L30.T10TDK.2021110T185717.v2.0_EVI_cropped.tif,120,2292,106.1594467163086,train
hls_california\HLS.L30.T10TDK.2021110T185717.v2.0_EVI_cropped.tif,121,2293,410.04437255859375,train
hls_california\HLS.L30.T10TDK.2021110T185717.v2.0_EVI_cropped.tif,122,2295,-9999.0,train
hls_california\HLS.L30.T10TDK.2021110T185717.v2.0_EVI_cropped.tif,124,2296,500.1683654785156,train
hls_california\HLS.L30.T10TDK.2021110T185717.v2.0_EVI_cropped.tif,125,2298,606.5859985351562,train
hls_california\HLS.L30.T10TDK.2021110T185717.v2.0_EVI_cropped.tif,126,2299,182.5234375,train
hls_california\HLS.L30.T10TDK.2021110T185717.v2.0_EVI_cropped.tif,127,2301,248.01393127441406,train
hls_california\HLS.L30.T10TDK.2021110T185717.v2.0_EVI_cropped.tif,128,2302,218.6543426513672,train
hls_california\HLS.L30.T10TDK.2021110T185717.v2.0_EVI_cropped.tif,129,2304,314.4726867675781,train
hls_california\HLS.L30.T10TDK.2021110T185717.v2.0_EVI_cropped.tif,130,2305,270.92376708984375,train
hls_california\HLS.L30.T10TDK.2021110T185717.v2.0_EVI_cropped.tif,132,2307,317.0458679199219,train
hls_california\HLS.L30.T10TDK.2021110T185717.v2.0_EVI_cropped.tif,133,2308,78.40898132324219,train
hls_california\HLS.L30.T10TDK.2021110T185717.v2.0_EVI_cropped.tif,134,2310,78.68611907958984,train
hls_california\HLS.L30.T10TDK.2021110T185717.v2.0_EVI_cropped.tif,135,2311,72.0016860961914,train
hls_california\HLS.L30.T10TDK.2021110T185717.v2.0_EVI_cropped.tif,136,2313,123.22948455810547,train
hls_california\HLS.L30.T10TDK.2021110T185717.v2.0_EVI_cropped.tif,137,2314,323.49713134765625,train
hls_california\HLS.L30.T10TDK.2021110T185717.v2.0_EVI_cropped.tif,139,2316,79.50487518310547,train
hls_california\HLS.L30.T10TDK.2021110T185717.v2.0_EVI_cropped.tif,140,2317,39.071800231933594,train
hls_california\HLS.L30.T10TDK.2021110T185717.v2.0_EVI_cropped.tif,141,2319,113.56512451171875,train
hls_california\HLS.L30.T10TDK.2021110T185717.v2.0_EVI_cropped.tif,142,2320,90.77931213378906,train
hls_california\HLS.L30.T10TDK.2021110T185717.v2.0_EVI_cropped.tif,143,2322,123.49569702148438,train
hls_california\HLS.L30.T10TDK.2021110T185717.v2.0_EVI_cropped.tif,144,2323,200.8671875,train
hls_california\HLS.L30.T10TDK.2021110T185717.v2.0_EVI_cropped.tif,145,2325,798.6951904296875,train
hls_california\HLS.L30.T10TDK.2021110T185717.v2.0_EVI_cropped.tif,147,2326,379.55560302734375,train
hls_california\HLS.L30.T10TDK.2021110T185717.v2.0_EVI_cropped.tif,148,2328,196.87118530273438,train
hls_california\HLS.L30.T10TDK.2021110T185717.v2.0_EVI_cropped.tif,149,2329,93.04613494873047,train
hls_california\HLS.L30.T10TDK.2021110T185717.v2.0_EVI_cropped.tif,150,2331,62.07890319824219,train
hls_california\HLS.L30.T10TDK.2021110T185717.v2.0_EVI_cropped.tif,151,2332,63.55036163330078,train
hls_california\HLS.L30.T10TDK.2021110T185717.v2.0_EVI_cropped.tif,152,2334,84.35283660888672,train
hls_california\HLS.L30.T10TDK.2021110T185717.v2.0_EVI_cropped.tif,154,2335,299.01116943359375,train
hls_california\HLS.L30.T10TDK.2021110T185717.v2.0_EVI_cropped.tif,155,2337,224.19627380371094,train
hls_california\HLS.L30.T10TDK.2021110T185717.v2.0_EVI_cropped.tif,156,2338,114.12358093261719,train
hls_california\HLS.L30.T10TDK.2021110T185717.v2.0_EVI_cropped.tif,157,2340,186.96707153320312,train
hls_california\HLS.L30.T10TDK.2021110T185717.v2.0_EVI_cropped.tif,158,2341,522.2601928710938,train
hls_california\HLS.L30.T10TDK.2021110T185717.v2.0_EVI_cropped.tif,159,2343,209.64358520507812,train
hls_california\HLS.L30.T10TDK.2021110T185717.v2.0_EVI_cropped.tif,160,2345,93.2673568725586,train
hls_california\HLS.L30.T10TDK.2021110T185717.v2.0_EVI_cropped.tif,162,2346,227.55105590820312,train
hls_california\HLS.L30.T10TDK.2021110T185717.v2.0_EVI_cropped.tif,163,2348,176.48020935058594,train
hls_california\HLS.L30.T10TDK.2021110T185717.v2.0_EVI_cropped.tif,164,2349,204.397705078125,train
hls_california\HLS.L30.T10TDK.2021110T185717.v2.0_EVI_cropped.tif,165,2351,329.5315246582031,train
hls_california\HLS.L30.T10TDK.2021110T185717.v2.0_EVI_cropped.tif,166,2352,55.211212158203125,train
hls_california\HLS.L30.T10TDK.2021110T185717.v2.0_EVI_cropped.tif,167,2353,79.18693542480469,train
hls_california\HLS.L30.T10TDK.2021110T185717.v2.0_EVI_cropped.tif,168,2355,103.4811782836914,train
hls_california\HLS.L30.T10TDK.2021110T185717.v2.0_EVI_cropped.tif,170,2356,129.83326721191406,train
hls_california\HLS.L30.T10TDK.2021110T185717.v2.0_EVI_cropped.tif,171,2358,104.51200866699219,train
hls_california\HLS.L30.T10TDK.2021110T185717.v2.0_EVI_cropped.tif,172,2359,47.48538589477539,train
hls_california\HLS.L30.T10TDK.2021110T185717.v2.0_EVI_cropped.tif,173,2361,37.1075325012207,train
hls_california\HLS.L30.T10TDK.2021110T185717.v2.0_EVI_cropped.tif,174,2362,42.33595657348633,train
hls_california\HLS.L30.T10TDK.2021110T185717.v2.0_EVI_cropped.tif,175,2364,44.12154006958008,train
hls_california\HLS.L30.T10TDK.2021110T185717.v2.0_EVI_cropped.tif,177,2365,89.93984985351562,train
hls_california\HLS.L30.T10TDK.2021110T185717.v2.0_EVI_cropped.tif,178,2367,284.3607177734375,train
hls_california\HLS.L30.T10TDK.2021110T185717.v2.0_EVI_cropped.tif,179,2369,146.35214233398438,train
hls_california\HLS.L30.T10TDK.2021110T185717.v2.0_EVI_cropped.tif,180,2370,173.91445922851562,train
hls_california\HLS.L30.T10TDK.2021110T185717.v2.0_EVI_cropped.tif,181,2372,167.73680114746094,train
hls_california\HLS.L30.T10TDK.2021110T185717.v2.0_EVI_cropped.tif,182,2373,113.0180892944336,train
hls_california\HLS.L30.T10TDK.2021110T185717.v2.0_EVI_cropped.tif,183,2375,65.05494689941406,train
hls_california\HLS.L30.T10TDK.2021110T185717.v2.0_EVI_cropped.tif,185,2376,777.923095703125,train
hls_california\HLS.L30.T10TDK.2021110T185717.v2.0_EVI_cropped.tif,186,2378,37.32982635498047,train
hls_california\HLS.L30.T10TDK.2021110T185717.v2.0_EVI_cropped.tif,187,2379,85.5423812866211,train
hls_california\HLS.L30.T10TDK.2021110T185717.v2.0_EVI_cropped.tif,188,2381,163.81236267089844,train
hls_california\HLS.L30.T10TDK.2021110T185717.v2.0_EVI_cropped.tif,189,2382,193.42044067382812,train
hls_california\HLS.L30.T10TDK.2021110T185717.v2.0_EVI_cropped.tif,190,2384,147.89712524414062,train
hls_california\HLS.L30.T10TDK.2021110T185717.v2.0_EVI_cropped.tif,192,2385,-9999.0,train
hls_california\HLS.L30.T10TDK.2021110T185717.v2.0_EVI_cropped.tif,193,2387,330.4744567871094,train
hls_california\HLS.L30.T10TDK.2021110T185717.v2.0_EVI_cropped.tif,194,2388,244.5833740234375,train
hls_california\HLS.L30.T10TDK.2021110T185717.v2.0_EVI_cropped.tif,195,2390,126.97151184082031,train
hls_california\HLS.L30.T10TDK.2021110T185717.v2.0_EVI_cropped.tif,196,2391,215.69097900390625,train
hls_california\HLS.L30.T10TDK.2021110T185717.v2.0_EVI_cropped.tif,197,2393,540.5400390625,train
hls_california\HLS.L30.T10TDK.2021110T185717.v2.0_EVI_cropped.tif,198,2394,322.1617736816406,train
hls_california\HLS.L30.T10TDK.2021110T185717.v2.0_EVI_cropped.tif,200,2396,619.7713623046875,train
hls_california\HLS.L30.T10TDK.2021110T185717.v2.0_EVI_cropped.tif,201,2397,480.15240478515625,train
hls_california\HLS.L30.T10TDK.2021110T185717.v2.0_EVI_cropped.tif,202,2399,561.7562866210938,train
hls_california\HLS.L30.T10TDK.2021110T185717.v2.0_EVI_cropped.tif,203,2400,226.0080108642578,train
hls_california\HLS.L30.T10TDK.2021110T185717.v2.0_EVI_cropped.tif,204,2402,280.0393981933594,train
hls_california\HLS.L30.T10TDK.2021110T185717.v2.0_EVI_cropped.tif,205,2403,78.08196258544922,train
hls_california\HLS.L30.T10TDK.2021110T185717.v2.0_EVI_cropped.tif,207,2405,46.605594635009766,train
hls_california\HLS.L30.T10TDK.2021110T185717.v2.0_EVI_cropped.tif,208,2406,654.5777587890625,train
hls_california\HLS.L30.T10TDK.2021110T185717.v2.0_EVI_cropped.tif,209,2408,181.44952392578125,train
hls_california\HLS.L30.T10TDK.2021110T185717.v2.0_EVI_cropped.tif,210,2409,48.488216400146484,train
hls_california\HLS.L30.T10TDK.2021110T185717.v2.0_EVI_cropped.tif,211,2411,47.85493469238281,train
hls_california\HLS.L30.T10TDK.2021110T185717.v2.0_EVI_cropped.tif,212,2412,50.774253845214844,train
hls_california\HLS.L30.T10TDK.2021110T185717.v2.0_EVI_cropped.tif,213,2414,139.40542602539062,train
hls_california\HLS.L30.T10TDK.2021110T185717.v2.0_EVI_cropped.tif,215,2415,179.07640075683594,train
hls_california\HLS.L30.T10TDK.2021110T185717.v2.0_EVI_cropped.tif,216,2417,182.2515106201172,train
hls_california\HLS.L30.T10TDK.2021110T185717.v2.0_EVI_cropped.tif,217,2418,273.544677734375,train
hls_california\HLS.L30.T10TDK.2021110T185717.v2.0_EVI_cropped.tif,218,2420,-9999.0,train
hls_california\HLS.L30.T10TDK.2021110T185717.v2.0_EVI_cropped.tif,219,2422,201.3703155517578,train
hls_california\HLS.L30.T10TDK.2021110T185717.v2.0_EVI_cropped.tif,220,2423,106.00215148925781,train
hls_california\HLS.L30.T10TDK.2021110T185717.v2.0_EVI_cropped.tif,221,2425,269.13671875,train
hls_california\HLS.L30.T10TDK.2021110T185717.v2.0_EVI_cropped.tif,223,2426,197.1862030029297,train
hls_california\HLS.L30.T10TDK.2021110T185717.v2.0_EVI_cropped.tif,224,2428,214.62567138671875,train
hls_california\HLS.L30.T10TDK.2021110T185717.v2.0_EVI_cropped.tif,225,2429,253.0763702392578,train
hls_california\HLS.L30.T10TDK.2021110T185717.v2.0_EVI_cropped.tif,226,2431,104.7424087524414,train
hls_california\HLS.L30.T10TDK.2021110T185717.v2.0_EVI_cropped.tif,227,2432,81.3511962890625,train
hls_california\HLS.L30.T10TDK.2021110T185717.v2.0_EVI_cropped.tif,228,2434,176.0551300048828,train
hls_california\HLS.L30.T10TDK.2021110T185717.v2.0_EVI_cropped.tif,230,2435,36.48182678222656,train
hls_california\HLS.L30.T10TDK.2021110T185717.v2.0_EVI_cropped.tif,231,2437,122.51943969726562,train
hls_california\HLS.L30.T10TDK.2021110T185717.v2.0_EVI_cropped.tif,232,2438,104.9900131225586,train
hls_california\HLS.L30.T10TDK.2021110T185717.v2.0_EVI_cropped.tif,233,2440,206.3291778564453,train
hls_california\HLS.L30.T10TDK.2021110T185717.v2.0_EVI_cropped.tif,234,2441,280.0753173828125,train
hls_california\HLS.L30.T10TDK.2021110T185717.v2.0_EVI_cropped.tif,235,2443,949.6964721679688,train
hls_california\HLS.L30.T10TDK.2021110T185717.v2.0_EVI_cropped.tif,237,2444,929.6613159179688,train
hls_california\HLS.L30.T10TDK.2021110T185717.v2.0_EVI_cropped.tif,238,2446,495.52911376953125,train
hls_california\HLS.L30.T10TDK.2021110T185717.v2.0_EVI_cropped.tif,239,2447,203.13076782226562,train
hls_california\HLS.L30.T10TDK.2021110T185717.v2.0_EVI_cropped.tif,240,2449,376.55438232421875,train
hls_california\HLS.L30.T10TDK.2021110T185717.v2.0_EVI_cropped.tif,241,2450,70.10875701904297,train
hls_california\HLS.L30.T10TDK.2021110T185717.v2.0_EVI_cropped.tif,242,2452,29.16572380065918,train
hls_california\HLS.L30.T10TDK.2021110T185717.v2.0_EVI_cropped.tif,243,2453,-9999.0,train
hls_california\HLS.L30.T10TDK.2021110T185717.v2.0_EVI_cropped.tif,245,2455,583.5167236328125,train
hls_california\HLS.L30.T10TDK.2021110T185717.v2.0_EVI_cropped.tif,246,2456,264.76361083984375,train
hls_california\HLS.L30.T10TDK.2021110T185717.v2.0_EVI_cropped.tif,247,2458,249.5504608154297,train
hls_california\HLS.L30.T10TDK.2021110T185717.v2.0_EVI_cropped.tif,248,2459,303.9468994140625,train
hls_california\HLS.L30.T10TDK.2021110T185717.v2.0_EVI_cropped.tif,249,2461,86.36326599121094,train
hls_california\HLS.L30.T10TDK.2021110T185717.v2.0_EVI_cropped.tif,250,2462,161.33619689941406,train
hls_california\HLS.L30.T10TDK.2021110T185717.v2.0_EVI_cropped.tif,252,2464,162.89950561523438,train
hls_california\HLS.L30.T10TDK.2021110T185717.v2.0_EVI_cropped.tif,253,2465,162.63226318359375,train
hls_california\HLS.L30.T10TDK.2021110T185717.v2.0_EVI_cropped.tif,254,2467,267.62518310546875,train
hls_california\HLS.L30.T10TDK.2021110T185717.v2.0_EVI_cropped.tif,255,2469,257.69873046875,train
hls_california\HLS.L30.T10TDK.2021110T185717.v2.0_EVI_cropped.tif,256,2470,133.3643035888672,train
hls_california\HLS.L30.T10TDK.2021110T185717.v2.0_EVI_cropped.tif,257,2472,184.17935180664062,train
hls_california\HLS.L30.T10TDK.2021110T185717.v2.0_EVI_cropped.tif,258,2473,73.46452331542969,train
hls_california\HLS.L30.T10TDK.2021110T185717.v2.0_EVI_cropped.tif,260,2475,138.33001708984375,train
hls_california\HLS.L30.T10TDK.2021110T185717.v2.0_EVI_cropped.tif,261,2476,248.1767578125,train
hls_california\HLS.L30.T10TDK.2021110T185717.v2.0_EVI_cropped.tif,262,2478,227.70997619628906,train
hls_california\HLS.L30.T10TDK.2021110T185717.v2.0_EVI_cropped.tif,263,2479,359.0335388183594,train
hls_california\HLS.L30.T10TDK.2021110T185717.v2.0_EVI_cropped.tif,264,2481,324.3960876464844,train
hls_california\HLS.L30.T10TDK.2021110T185717.v2.0_EVI_cropped.tif,265,2482,184.96420288085938,train
hls_california\HLS.L30.T10TDK.2021110T185717.v2.0_EVI_cropped.tif,267,2484,-9999.0,train
hls_california\HLS.L30.T10TDK.2021110T185717.v2.0_EVI_cropped.tif,268,2485,119.05231475830078,train
hls_california\HLS.L30.T10TDK.2021110T185717.v2.0_EVI_cropped.tif,269,2487,153.5352783203125,train
hls_california\HLS.L30.T10TDK.2021110T185717.v2.0_EVI_cropped.tif,270,2488,188.5955352783203,train
hls_california\HLS.L30.T10TDK.2021110T185717.v2.0_EVI_cropped.tif,271,2490,135.46592712402344,train
hls_california\HLS.L30.T10TDK.2021110T185717.v2.0_EVI_cropped.tif,272,2491,115.4158706665039,train
hls_california\HLS.L30.T10TDK.2021110T185717.v2.0_EVI_cropped.tif,274,2493,105.553955078125,train
hls_california\HLS.L30.T10TDK.2021110T185717.v2.0_EVI_cropped.tif,275,2494,205.50840759277344,train
hls_california\HLS.L30.T10TDK.2021110T185717.v2.0_EVI_cropped.tif,276,2496,122.54986572265625,train
hls_california\HLS.L30.T10TDK.2021110T185717.v2.0_EVI_cropped.tif,277,2497,102.10387420654297,train
hls_california\HLS.L30.T10TDK.2021110T185717.v2.0_EVI_cropped.tif,278,2499,69.98921203613281,train
hls_california\HLS.L30.T10TDK.2021110T185717.v2.0_EVI_cropped.tif,279,2500,34.674354553222656,train
hls_california\HLS.L30.T10TDK.2021110T185717.v2.0_EVI_cropped.tif,280,2502,140.8504180908203,train
hls_california\HLS.L30.T10TDK.2021110T185717.v2.0_EVI_cropped.tif,282,2503,193.37152099609375,train
hls_california\HLS.L30.T10TDK.2021110T185717.v2.0_EVI_cropped.tif,283,2505,380.81292724609375,train
hls_california\HLS.L30.T10TDK.2021110T185717.v2.0_EVI_cropped.tif,284,2507,76.818603515625,train
hls_california\HLS.L30.T10TDK.2021110T185717.v2.0_EVI_cropped.tif,285,2508,96.89191436767578,train
hls_california\HLS.L30.T10TDK.2021110T185717.v2.0_EVI_cropped.tif,286,2510,291.7121887207031,train
hls_california\HLS.L30.T10TDK.2021110T185717.v2.0_EVI_cropped.tif,287,2511,210.975341796875,train
hls_california\HLS.L30.T10TDK.2021110T185717.v2.0_EVI_cropped.tif,289,2513,760.3488159179688,train
hls_california\HLS.L30.T10TDK.2021110T185717.v2.0_EVI_cropped.tif,290,2514,267.1333923339844,train
hls_california\HLS.L30.T10TDK.2021110T185717.v2.0_EVI_cropped.tif,291,2516,249.31085205078125,train
hls_california\HLS.L30.T10TDK.2021110T185717.v2.0_EVI_cropped.tif,292,2517,588.0480346679688,train
hls_california\HLS.L30.T10TDK.2021110T185717.v2.0_EVI_cropped.tif,293,2519,189.969482421875,train
hls_california\HLS.L30.T10TDK.2021110T185717.v2.0_EVI_cropped.tif,294,2520,390.9987487792969,train
hls_california\HLS.L30.T10TDK.2021110T185717.v2.0_EVI_cropped.tif,295,2522,421.1512145996094,train
hls_california\HLS.L30.T10TDK.2021110T185717.v2.0_EVI_cropped.tif,297,2523,734.7227783203125,train
hls_california\HLS.L30.T10TDK.2021110T185717.v2.0_EVI_cropped.tif,298,2525,721.3141479492188,train
hls_california\HLS.L30.T10TDK.2021110T185717.v2.0_EVI_cropped.tif,299,2526,876.8827514648438,train
hls_california\HLS.L30.T10TDK.2021110T185717.v2.0_EVI_cropped.tif,300,2528,236.97836303710938,train
hls_california\HLS.L30.T10TDK.2021110T185717.v2.0_EVI_cropped.tif,301,2529,672.4396362304688,train
hls_california\HLS.L30.T10TDK.2021110T185717.v2.0_EVI_cropped.tif,302,2531,418.9356994628906,train
hls_california\HLS.L30.T10TDK.2021110T185717.v2.0_EVI_cropped.tif,304,2532,288.9761657714844,train
hls_california\HLS.L30.T10TDK.2021110T185717.v2.0_EVI_cropped.tif,305,2534,105.48522186279297,train
hls_california\HLS.L30.T10TDK.2021110T185717.v2.0_EVI_cropped.tif,306,2535,230.5613555908203,train
hls_california\HLS.L30.T10TDK.2021110T185717.v2.0_EVI_cropped.tif,307,2537,240.6077880859375,train
hls_california\HLS.L30.T10TDK.2021110T185717.v2.0_EVI_cropped.tif,308,2538,571.3065795898438,train
hls_california\HLS.L30.T10TDK.2021110T185717.v2.0_EVI_cropped.tif,309,2540,179.83470153808594,train
hls_california\HLS.L30.T10TDK.2021110T185717.v2.0_EVI_cropped.tif,310,2541,105.20997619628906,train
hls_california\HLS.L30.T10TDK.2021110T185717.v2.0_EVI_cropped.tif,312,2543,285.8423767089844,train
hls_california\HLS.L30.T10TDK.2021110T185717.v2.0_EVI_cropped.tif,313,2544,198.81593322753906,train
hls_california\HLS.L30.T10TDK.2021110T185717.v2.0_EVI_cropped.tif,314,2546,54.253421783447266,train
hls_california\HLS.L30.T10TDK.2021110T185717.v2.0_EVI_cropped.tif,315,2547,55.15968322753906,train
hls_california\HLS.L30.T10TDK.2021110T185717.v2.0_EVI_cropped.tif,316,2549,544.8574829101562,train
hls_california\HLS.L30.T10TDK.2021110T185717.v2.0_EVI_cropped.tif,317,2550,678.3787231445312,train
hls_california\HLS.L30.T10TDK.2021110T185717.v2.0_EVI_cropped.tif,318,2552,484.5837097167969,train
hls_california\HLS.L30.T10TDK.2021110T185717.v2.0_EVI_cropped.tif,320,2553,174.07815551757812,train
hls_california\HLS.L30.T10TDK.2021110T185717.v2.0_EVI_cropped.tif,321,2555,368.59088134765625,train
hls_california\HLS.L30.T10TDK.2021110T185717.v2.0_EVI_cropped.tif,322,2556,501.19586181640625,train
hls_california\HLS.L30.T10TDK.2021110T185717.v2.0_EVI_cropped.tif,323,2558,644.42822265625,train
hls_california\HLS.L30.T10TDK.2021110T185717.v2.0_EVI_cropped.tif,324,2559,280.0722961425781,train
hls_california\HLS.L30.T10TDK.2021110T185717.v2.0_EVI_cropped.tif,325,2561,646.7342529296875,train
hls_california\HLS.L30.T10TDK.2021110T185717.v2.0_EVI_cropped.tif,327,2562,27.93062973022461,train
hls_california\HLS.L30.T10TDK.2021110T185717.v2.0_EVI_cropped.tif,328,2564,29.648174285888672,train
hls_california\HLS.L30.T10TDK.2021110T185717.v2.0_EVI_cropped.tif,329,2565,45.76620101928711,train
hls_california\HLS.L30.T10TDK.2021110T185717.v2.0_EVI_cropped.tif,330,2567,26.104351043701172,train
hls_california\HLS.L30.T10TDK.2021110T185717.v2.0_EVI_cropped.tif,331,2568,193.73419189453125,train
hls_california\HLS.L30.T10TDK.2021110T185717.v2.0_EVI_cropped.tif,332,2570,254.1956024169922,train
hls_california\HLS.L30.T10TDK.2021110T185717.v2.0_EVI_cropped.tif,333,2572,158.48648071289062,train
hls_california\HLS.L30.T10TDK.2021110T185717.v2.0_EVI_cropped.tif,335,2573,130.0648651123047,train
hls_california\HLS.L30.T10TDK.2021110T185717.v2.0_EVI_cropped.tif,336,2575,284.8274230957031,train
hls_california\HLS.L30.T10TDK.2021110T185717.v2.0_EVI_cropped.tif,337,2576,423.8531494140625,train
hls_california\HLS.L30.T10TDK.2021110T185717.v2.0_EVI_cropped.tif,338,2578,139.66932678222656,train
hls_california\HLS.L30.T10TDK.2021110T185717.v2.0_EVI_cropped.tif,339,2579,139.7590789794922,train
hls_california\HLS.L30.T10TDK.2021110T185717.v2.0_EVI_cropped.tif,340,2581,308.802978515625,train
hls_california\HLS.L30.T10TDK.2021110T185717.v2.0_EVI_cropped.tif,342,2582,615.226806640625,train
hls_california\HLS.L30.T10TDK.2021110T185717.v2.0_EVI_cropped.tif,343,2584,564.9829711914062,train
hls_california\HLS.L30.T10TDK.2021110T185717.v2.0_EVI_cropped.tif,344,2585,-9999.0,train
hls_california\HLS.L30.T10TDK.2021110T185717.v2.0_EVI_cropped.tif,345,2587,693.0786743164062,train
hls_california\HLS.L30.T10TDK.2021110T185717.v2.0_EVI_cropped.tif,346,2588,737.2947387695312,train
hls_california\HLS.L30.T10TDK.2021110T185717.v2.0_EVI_cropped.tif,347,2590,765.3939208984375,train
hls_california\HLS.L30.T10TDK.2021110T185717.v2.0_EVI_cropped.tif,349,2591,299.8885192871094,train
hls_california\HLS.L30.T10TDK.2021110T185717.v2.0_EVI_cropped.tif,350,2593,223.80111694335938,train
hls_california\HLS.L30.T10TDK.2021110T185717.v2.0_EVI_cropped.tif,351,2594,134.8893585205078,train
hls_california\HLS.L30.T10TDK.2021110T185717.v2.0_EVI_cropped.tif,352,2596,347.4131774902344,train
hls_california\HLS.L30.T10TDK.2021110T185717.v2.0_EVI_cropped.tif,353,2597,237.37875366210938,train
hls_california\HLS.L30.T10TDK.2021110T185717.v2.0_EVI_cropped.tif,354,2599,50.7525634765625,train
hls_california\HLS.L30.T10TDK.2021110T185717.v2.0_EVI_cropped.tif,355,2600,99.52304077148438,train
hls_california\HLS.L30.T10TDK.2021110T185717.v2.0_EVI_cropped.tif,357,2602,39.754737854003906,train
hls_california\HLS.L30.T10TDK.2021110T185717.v2.0_EVI_cropped.tif,358,2603,131.4486846923828,train
hls_california\HLS.L30.T10TDK.2021110T185717.v2.0_EVI_cropped.tif,359,2605,57.651641845703125,train
hls_california\HLS.L30.T10TDK.2021110T185717.v2.0_EVI_cropped.tif,360,2606,358.8955078125,train
hls_california\HLS.L30.T10TDK.2021110T185717.v2.0_EVI_cropped.tif,361,2608,-9999.0,train
hls_california\HLS.L30.T10TDK.2021110T185717.v2.0_EVI_cropped.tif,362,2609,430.9517822265625,train
hls_california\HLS.L30.T10TDK.2021110T185717.v2.0_EVI_cropped.tif,364,2611,267.44842529296875,train
hls_california\HLS.L30.T10TDK.2021110T185717.v2.0_EVI_cropped.tif,365,2613,-9999.0,train
hls_california\HLS.L30.T10TDK.2021110T185717.v2.0_EVI_cropped.tif,366,2614,265.3751220703125,train
hls_california\HLS.L30.T10TDK.2021110T185717.v2.0_EVI_cropped.tif,367,2616,229.49705505371094,train
hls_california\HLS.L30.T10TDK.2021110T185717.v2.0_EVI_cropped.tif,368,2617,249.51083374023438,train
hls_california\HLS.L30.T10TDK.2021110T185717.v2.0_EVI_cropped.tif,369,2619,138.00804138183594,train
hls_california\HLS.L30.T10TDK.2021110T185717.v2.0_EVI_cropped.tif,370,2620,301.2057189941406,train
hls_california\HLS.L30.T10TDK.2021110T185717.v2.0_EVI_cropped.tif,372,2622,111.91790008544922,train
hls_california\HLS.L30.T10TDK.2021110T185717.v2.0_EVI_cropped.tif,373,2623,115.61886596679688,train
hls_california\HLS.L30.T10TDK.2021110T185717.v2.0_EVI_cropped.tif,374,2625,256.2330627441406,train
hls_california\HLS.L30.T10TDK.2021110T185717.v2.0_EVI_cropped.tif,375,2626,219.65480041503906,train
hls_california\HLS.L30.T10TDK.2021110T185717.v2.0_EVI_cropped.tif,376,2628,294.01763916015625,train
hls_california\HLS.L30.T10TDK.2021110T185717.v2.0_EVI_cropped.tif,377,2629,476.4640808105469,train
hls_california\HLS.L30.T10TDK.2021110T185717.v2.0_EVI_cropped.tif,379,2631,300.40087890625,train
hls_california\HLS.L30.T10TDK.2021110T185717.v2.0_EVI_cropped.tif,380,2632,612.5635986328125,train
hls_california\HLS.L30.T10TDK.2021110T185717.v2.0_EVI_cropped.tif,381,2634,420.5133056640625,train
hls_california\HLS.L30.T10TDK.2021110T185717.v2.0_EVI_cropped.tif,382,2635,115.4680404663086,train
hls_california\HLS.L30.T10TDK.2021110T185717.v2.0_EVI_cropped.tif,383,2637,185.84585571289062,train
hls_california\HLS.L30.T10TDK.2021110T185717.v2.0_EVI_cropped.tif,384,2638,92.44052124023438,train
hls_california\HLS.L30.T10TDK.2021110T185717.v2.0_EVI_cropped.tif,385,2640,343.8092041015625,train
hls_california\HLS.L30.T10TDK.2021110T185717.v2.0_EVI_cropped.tif,387,2641,263.29290771484375,train
hls_california\HLS.L30.T10TDK.2021110T185717.v2.0_EVI_cropped.tif,388,2643,249.2373046875,train
hls_california\HLS.L30.T10TDK.2021110T185717.v2.0_EVI_cropped.tif,389,2644,506.7762756347656,train
hls_california\HLS.L30.T10TDK.2021110T185717.v2.0_EVI_cropped.tif,390,2646,628.3704223632812,train
hls_california\HLS.L30.T10TDK.2021110T185717.v2.0_EVI_cropped.tif,391,2647,1205.834228515625,train
hls_california\HLS.L30.T10TDK.2021110T185717.v2.0_EVI_cropped.tif,392,2649,880.88134765625,train
hls_california\HLS.L30.T10TDK.2021110T185717.v2.0_EVI_cropped.tif,394,2650,812.9896240234375,train
hls_california\HLS.L30.T10TDK.2021110T185717.v2.0_EVI_cropped.tif,395,2652,604.7199096679688,train
hls_california\HLS.L30.T10TDK.2021110T185717.v2.0_EVI_cropped.tif,396,2653,677.6463623046875,train
hls_california\HLS.L30.T10TDK.2021110T185717.v2.0_EVI_cropped.tif,397,2655,938.5889282226562,train
hls_california\HLS.L30.T10TDK.2021110T185717.v2.0_EVI_cropped.tif,398,2657,-9999.0,train
hls_california\HLS.L30.T10TDK.2021110T185717.v2.0_EVI_cropped.tif,399,2658,329.79833984375,train
hls_california\HLS.L30.T10TDK.2021110T185717.v2.0_EVI_cropped.tif,400,2660,631.7368774414062,train
hls_california\HLS.L30.T10TDK.2021110T185717.v2.0_EVI_cropped.tif,402,2661,400.3048400878906,train
hls_california\HLS.L30.T10TDK.2021110T185717.v2.0_EVI_cropped.tif,403,2663,335.1376037597656,train
hls_california\HLS.L30.T10TDK.2021110T185717.v2.0_EVI_cropped.tif,404,2664,303.97418212890625,train
hls_california\HLS.L30.T10TDK.2021110T185717.v2.0_EVI_cropped.tif,405,2666,225.38218688964844,train
hls_california\HLS.L30.T10TDK.2021110T185717.v2.0_EVI_cropped.tif,406,2667,421.39324951171875,train
hls_california\HLS.L30.T10TDK.2021110T185717.v2.0_EVI_cropped.tif,407,2669,406.2874755859375,train
hls_california\HLS.L30.T10TDK.2021110T185717.v2.0_EVI_cropped.tif,409,2670,152.84886169433594,train
hls_california\HLS.L30.T10TDK.2021110T185717.v2.0_EVI_cropped.tif,410,2672,98.16249084472656,train
hls_california\HLS.L30.T10TDK.2021110T185717.v2.0_EVI_cropped.tif,411,2673,89.42707824707031,train
hls_california\HLS.L30.T10TDK.2021110T185717.v2.0_EVI_cropped.tif,412,2675,19.24275016784668,train
hls_california\HLS.L30.T10TDK.2021110T185717.v2.0_EVI_cropped.tif,413,2676,212.12350463867188,train
hls_california\HLS.L30.T10TDK.2021110T185717.v2.0_EVI_cropped.tif,414,2678,79.47956848144531,train
hls_california\HLS.L30.T10TDK.2021110T185717.v2.0_EVI_cropped.tif,416,2679,-9999.0,train
hls_california\HLS.L30.T10TDK.2021110T185717.v2.0_EVI_cropped.tif,417,2681,137.2946014404297,train
hls_california\HLS.L30.T10TDK.2021110T185717.v2.0_EVI_cropped.tif,418,2682,16.87240982055664,train
hls_california\HLS.L30.T10TDK.2021110T185717.v2.0_EVI_cropped.tif,419,2684,216.21041870117188,train
hls_california\HLS.L30.T10TDK.2021110T185717.v2.0_EVI_cropped.tif,420,2685,173.99761962890625,train
hls_california\HLS.L30.T10TDK.2021110T185717.v2.0_EVI_cropped.tif,421,2687,-9999.0,train
hls_california\HLS.L30.T10TDK.2021110T185717.v2.0_EVI_cropped.tif,422,2688,96.89546966552734,train
hls_california\HLS.L30.T10TDK.2021110T185717.v2.0_EVI_cropped.tif,424,2690,25.555057525634766,train
hls_california\HLS.L30.T10TDK.2021110T185717.v2.0_EVI_cropped.tif,425,2691,18.450891494750977,train
hls_california\HLS.L30.T10TDK.2021110T185717.v2.0_EVI_cropped.tif,426,2693,22.085893630981445,train
hls_california\HLS.L30.T10TDK.2021110T185717.v2.0_EVI_cropped.tif,427,2695,18.389638900756836,train
hls_california\HLS.L30.T10TDK.2021110T185717.v2.0_EVI_cropped.tif,428,2696,20.847679138183594,train
hls_california\HLS.L30.T10TDK.2021110T185717.v2.0_EVI_cropped.tif,429,2698,26.4979248046875,train
hls_california\HLS.L30.T10TDK.2021110T185717.v2.0_EVI_cropped.tif,431,2699,14.432023048400879,train
hls_california\HLS.L30.T10TDK.2021110T185717.v2.0_EVI_cropped.tif,432,2701,13.939995765686035,train
hls_california\HLS.L30.T10TDK.2021110T185717.v2.0_EVI_cropped.tif,433,2702,14.253951072692871,train
hls_california\HLS.L30.T10TDK.2021110T185717.v2.0_EVI_cropped.tif,434,2704,14.166200637817383,train
hls_california\HLS.L30.T10TDK.2021110T185717.v2.0_EVI_cropped.tif,435,2705,32.14992141723633,train
hls_california\HLS.L30.T10TDK.2021110T185717.v2.0_EVI_cropped.tif,436,2707,19.551025390625,train
hls_california\HLS.L30.T10TDK.2021110T185717.v2.0_EVI_cropped.tif,437,2708,88.4604721069336,train
hls_california\HLS.L30.T10TDK.2021110T185717.v2.0_EVI_cropped.tif,439,2710,28.36882209777832,train
hls_california\HLS.L30.T10TDK.2021110T185717.v2.0_EVI_cropped.tif,440,2711,26.057048797607422,train
hls_california\HLS.L30.T10TDK.2021110T185717.v2.0_EVI_cropped.tif,441,2713,23.493013381958008,train
hls_california\HLS.L30.T10TDK.2021110T185717.v2.0_EVI_cropped.tif,442,2714,14.938194274902344,train
hls_california\HLS.L30.T10TDK.2021110T185717.v2.0_EVI_cropped.tif,443,2716,14.432023048400879,train
hls_california\HLS.L30.T10TDK.2021110T185717.v2.0_EVI_cropped.tif,444,2717,21.09598731994629,train
hls_california\HLS.L30.T10TDK.2021110T185717.v2.0_EVI_cropped.tif,446,2719,20.402971267700195,train
hls_california\HLS.L30.T10TDK.2021110T185717.v2.0_EVI_cropped.tif,447,2720,129.509033203125,train
hls_california\HLS.L30.T10TDK.2021110T185717.v2.0_EVI_cropped.tif,448,2722,14.116164207458496,train
hls_california\HLS.L30.T10TDK.2021110T185717.v2.0_EVI_cropped.tif,449,2723,14.482577323913574,train
hls_california\HLS.L30.T10TDK.2021110T185717.v2.0_EVI_cropped.tif,450,2725,53.99766540527344,train
hls_california\HLS.L30.T10TDK.2021110T185717.v2.0_EVI_cropped.tif,451,2726,23.987886428833008,train
hls_california\HLS.L30.T10TDK.2021110T185717.v2.0_EVI_cropped.tif,453,2728,34.55814743041992,train
hls_california\HLS.L30.T10TDK.2021110T185717.v2.0_EVI_cropped.tif,454,2729,37.86267852783203,train
hls_california\HLS.L30.T10TDK.2021110T185717.v2.0_EVI_cropped.tif,455,2731,86.89344024658203,train
hls_california\HLS.L30.T10TDK.2021110T185717.v2.0_EVI_cropped.tif,456,2732,216.08253479003906,train
hls_california\HLS.L30.T10TDK.2021110T185717.v2.0_EVI_cropped.tif,457,2734,-9999.0,train
hls_california\HLS.L30.T10TDK.2021110T185717.v2.0_EVI_cropped.tif,458,2735,112.7123031616211,train
hls_california\HLS.L30.T10TDK.2021110T185717.v2.0_EVI_cropped.tif,459,2737,49.41940689086914,train
hls_california\HLS.L30.T10TDK.2021110T185717.v2.0_EVI_cropped.tif,461,2738,127.99944305419922,train
hls_california\HLS.L30.T10TDK.2021110T185717.v2.0_EVI_cropped.tif,462,2740,79.22828674316406,train
hls_california\HLS.L30.T10TDK.2021110T185717.v2.0_EVI_cropped.tif,463,2741,134.45318603515625,train
hls_california\HLS.L30.T10TDK.2021110T185717.v2.0_EVI_cropped.tif,464,2743,-9999.0,train
hls_california\HLS.L30.T10TDK.2021110T185717.v2.0_EVI_cropped.tif,465,2744,19.10702896118164,train
hls_california\HLS.L30.T10TDK.2021110T185717.v2.0_EVI_cropped.tif,466,2746,27.478174209594727,train
hls_california\HLS.L30.T10TDK.2021110T185717.v2.0_EVI_cropped.tif,468,2748,34.523494720458984,train
hls_california\HLS.L30.T10TDK.2021110T185717.v2.0_EVI_cropped.tif,469,2749,26.41179084777832,train
hls_california\HLS.L30.T10TDK.2021110T185717.v2.0_EVI_cropped.tif,470,2751,22.781076431274414,train
hls_california\HLS.L30.T10TDK.2021110T185717.v2.0_EVI_cropped.tif,471,2752,114.28600311279297,train
hls_california\HLS.L30.T10TDK.2021110T185717.v2.0_EVI_cropped.tif,472,2754,192.41456604003906,train
hls_california\HLS.L30.T10TDK.2021110T185717.v2.0_EVI_cropped.tif,473,2755,277.26092529296875,train
hls_california\HLS.L30.T10TDK.2021110T185717.v2.0_EVI_cropped.tif,474,2757,14.67285442352295,train
hls_california\HLS.L30.T10TDK.2021110T185717.v2.0_EVI_cropped.tif,476,2758,15.13125991821289,train
hls_california\HLS.L30.T10TDK.2021110T185717.v2.0_EVI_cropped.tif,477,2760,88.70545959472656,train
hls_california\HLS.L30.T10TDK.2021110T185717.v2.0_EVI_cropped.tif,478,2761,45.91029739379883,train
hls_california\HLS.L30.T10TDK.2021110T185717.v2.0_EVI_cropped.tif,479,2763,31.345073699951172,train
hls_california\HLS.L30.T10TDK.2021110T185717.v2.0_EVI_cropped.tif,480,2764,39.40882110595703,train
hls_california\HLS.L30.T10TDK.2021110T185717.v2.0_EVI_cropped.tif,481,2766,248.0055694580078,train
hls_california\HLS.L30.T10TDK.2021110T185717.v2.0_EVI_cropped.tif,483,2767,34.80573272705078,train
hls_california\HLS.L30.T10TDK.2021110T185717.v2.0_EVI_cropped.tif,484,2769,45.273277282714844,train
hls_california\HLS.L30.T10TDK.2021110T185717.v2.0_EVI_cropped.tif,485,2770,23.760215759277344,train
hls_california\HLS.L30.T10TDK.2021110T185717.v2.0_EVI_cropped.tif,486,2772,35.922706604003906,train
hls_california\HLS.L30.T10TDK.2021110T185717.v2.0_EVI_cropped.tif,487,2773,38.1109733581543,train
hls_california\HLS.L30.T10TDK.2021110T185717.v2.0_EVI_cropped.tif,488,2775,36.70020294189453,train
hls_california\HLS.L30.T10TDK.2021110T185717.v2.0_EVI_cropped.tif,489,2776,21.19851303100586,train
hls_california\HLS.L30.T10TDK.2021110T185717.v2.0_EVI_cropped.tif,491,2778,21.487674713134766,train
hls_california\HLS.L30.T10TDK.2021110T185717.v2.0_EVI_cropped.tif,492,2779,126.55498504638672,train
hls_california\HLS.L30.T10TDK.2021110T185717.v2.0_EVI_cropped.tif,493,2781,99.07799530029297,train
hls_california\HLS.L30.T10TDK.2021110T185717.v2.0_EVI_cropped.tif,494,2782,288.45831298828125,train
hls_california\HLS.L30.T10TDK.2021110T185717.v2.0_EVI_cropped.tif,495,2784,79.38213348388672,train
hls_california\HLS.L30.T10TDK.2021110T185717.v2.0_EVI_cropped.tif,496,2785,135.7548065185547,train
hls_california\HLS.L30.T10TDK.2021110T185717.v2.0_EVI_cropped.tif,497,2787,92.65211486816406,train
hls_california\HLS.L30.T10TDK.2021110T185717.v2.0_EVI_cropped.tif,499,2788,47.38806915283203,train
hls_california\HLS.L30.T10TDK.2021110T185717.v2.0_EVI_cropped.tif,500,2790,75.17052459716797,train
hls_california\HLS.L30.T10TDK.2021110T185717.v2.0_EVI_cropped.tif,501,2791,30.486106872558594,train
hls_california\HLS.L30.T10TDK.2021110T185717.v2.0_EVI_cropped.tif,502,2793,28.15096664428711,train
hls_california\HLS.L30.T10TDK.2021110T185717.v2.0_EVI_cropped.tif,503,2794,43.07933044433594,train
hls_california\HLS.L30.T10TDK.2021110T185717.v2.0_EVI_cropped.tif,504,2796,19.90288543701172,train
hls_california\HLS.L30.T10TDK.2021110T185717.v2.0_EVI_cropped.tif,506,2797,42.853397369384766,train
hls_california\HLS.L30.T10TDK.2021110T185717.v2.0_EVI_cropped.tif,507,2799,46.51158905029297,train
hls_california\HLS.L30.T10TDK.2021110T185717.v2.0_EVI_cropped.tif,508,2801,94.77529907226562,train
hls_california\HLS.L30.T10TDK.2021110T185717.v2.0_EVI_cropped.tif,509,2802,45.342166900634766,train
hls_california\HLS.L30.T10TDK.2021110T185717.v2.0_EVI_cropped.tif,510,2804,48.33588790893555,train
hls_california\HLS.L30.T10TDK.2021110T185717.v2.0_EVI_cropped.tif,511,2805,77.97242736816406,train
hls_california\HLS.L30.T10TDK.2021110T185717.v2.0_EVI_cropped.tif,513,2807,38.064979553222656,train
hls_california\HLS.L30.T10TDK.2021110T185717.v2.0_EVI_cropped.tif,514,2808,365.668212890625,train
hls_california\HLS.L30.T10TDK.2021110T185717.v2.0_EVI_cropped.tif,515,2810,422.6274108886719,train
hls_california\HLS.L30.T10TDK.2021110T185717.v2.0_EVI_cropped.tif,516,2811,488.2931823730469,train
hls_california\HLS.L30.T10TDK.2021110T185717.v2.0_EVI_cropped.tif,517,2813,216.4820556640625,train
hls_california\HLS.L30.T10TDK.2021110T185717.v2.0_EVI_cropped.tif,518,2814,16.989917755126953,train
hls_california\HLS.L30.T10TDK.2021110T185717.v2.0_EVI_cropped.tif,519,2816,23.350013732910156,train
hls_california\HLS.L30.T10TDK.2021110T185717.v2.0_EVI_cropped.tif,521,2817,209.63485717773438,train
hls_california\HLS.L30.T10TDK.2021110T185717.v2.0_EVI_cropped.tif,522,2819,194.0292205810547,train
hls_california\HLS.L30.T10TDK.2021110T185717.v2.0_EVI_cropped.tif,523,2820,106.51666259765625,train
hls_california\HLS.L30.T10TDK.2021110T185717.v2.0_EVI_cropped.tif,524,2822,102.8495101928711,train
hls_california\HLS.L30.T10TDK.2021110T185717.v2.0_EVI_cropped.tif,525,2823,84.30229187011719,train
hls_california\HLS.L30.T10TDK.2021110T185717.v2.0_EVI_cropped.tif,526,2825,136.0372314453125,train
hls_california\HLS.L30.T10TDK.2021110T185717.v2.0_EVI_cropped.tif,528,2826,55.68234634399414,train
hls_california\HLS.L30.T10TDK.2021110T185717.v2.0_EVI_cropped.tif,529,2828,135.67149353027344,train
hls_california\HLS.L30.T10TDK.2021110T185717.v2.0_EVI_cropped.tif,530,2829,242.8505401611328,train
hls_california\HLS.L30.T10TDK.2021110T185717.v2.0_EVI_cropped.tif,531,2831,445.0484924316406,train
hls_california\HLS.L30.T10TDK.2021110T185717.v2.0_EVI_cropped.tif,532,2832,30.291706085205078,train
hls_california\HLS.L30.T10TDK.2021110T185717.v2.0_EVI_cropped.tif,533,2834,14.432023048400879,train
hls_california\HLS.L30.T10TDK.2021110T185717.v2.0_EVI_cropped.tif,534,2835,44.33027267456055,train
hls_california\HLS.L30.T10TDK.2021110T185717.v2.0_EVI_cropped.tif,536,2837,15.377045631408691,train
hls_california\HLS.L30.T10TDK.2021110T185717.v2.0_EVI_cropped.tif,537,2838,141.32640075683594,train
hls_california\HLS.L30.T10TDK.2021110T185717.v2.0_EVI_cropped.tif,538,2840,109.27998352050781,train
hls_california\HLS.L30.T10TDK.2021110T185717.v2.0_EVI_cropped.tif,539,2841,87.8060073852539,train
hls_california\HLS.S30.T10TEK.2021092T185921.v2.0_EVI_cropped.tif,1857,1236,23.523574829101562,train
hls_california\HLS.S30.T10TEK.2021092T185921.v2.0_EVI_cropped.tif,1859,1237,81.31188201904297,train
hls_california\HLS.S30.T10TEK.2021092T185921.v2.0_EVI_cropped.tif,1860,1239,85.45504760742188,train
hls_california\HLS.S30.T10TEK.2021092T185921.v2.0_EVI_cropped.tif,1861,1240,38.38243865966797,train
hls_california\HLS.S30.T10TEK.2021092T185921.v2.0_EVI_cropped.tif,1862,1242,34.05039596557617,train
hls_california\HLS.S30.T10TEK.2021092T185921.v2.0_EVI_cropped.tif,1863,1243,40.38984680175781,train
hls_california\HLS.S30.T10TEK.2021092T185921.v2.0_EVI_cropped.tif,1864,1245,17.375782012939453,train
hls_california\HLS.S30.T10TEK.2021092T185921.v2.0_EVI_cropped.tif,1866,1246,18.4617862701416,train
hls_california\HLS.S30.T10TEK.2021092T185921.v2.0_EVI_cropped.tif,1867,1248,15.945684432983398,train
hls_california\HLS.S30.T10TEK.2021092T185921.v2.0_EVI_cropped.tif,1868,1249,17.485952377319336,train
hls_california\HLS.S30.T10TEK.2021092T185921.v2.0_EVI_cropped.tif,1869,1251,24.579587936401367,train
hls_california\HLS.S30.T10TEK.2021092T185921.v2.0_EVI_cropped.tif,1870,1252,32.90839385986328,train
hls_california\HLS.S30.T10TEK.2021092T185921.v2.0_EVI_cropped.tif,1871,1254,47.417503356933594,train
hls_california\HLS.S30.T10TEK.2021092T185921.v2.0_EVI_cropped.tif,1872,1256,27.99653434753418,train
hls_california\HLS.S30.T10TEK.2021092T185921.v2.0_EVI_cropped.tif,1874,1257,28.733369827270508,train
hls_california\HLS.S30.T10TEK.2021092T185921.v2.0_EVI_cropped.tif,1875,1259,23.064054489135742,train
hls_california\HLS.S30.T10TEK.2021092T185921.v2.0_EVI_cropped.tif,1876,1260,34.59807586669922,train
hls_california\HLS.S30.T10TEK.2021092T185921.v2.0_EVI_cropped.tif,1877,1262,57.77333068847656,train
hls_california\HLS.S30.T10TEK.2021092T185921.v2.0_EVI_cropped.tif,1878,1263,70.66748046875,train
hls_california\HLS.S30.T10TEK.2021092T185921.v2.0_EVI_cropped.tif,1879,1265,33.14204025268555,train
hls_california\HLS.S30.T10TEK.2021092T185921.v2.0_EVI_cropped.tif,1881,1266,150.85385131835938,train
hls_california\HLS.S30.T10TEK.2021092T185921.v2.0_EVI_cropped.tif,1882,1268,32.686851501464844,train
hls_california\HLS.S30.T10TEK.2021092T185921.v2.0_EVI_cropped.tif,1883,1269,33.72221755981445,train
hls_california\HLS.S30.T10TEK.2021092T185921.v2.0_EVI_cropped.tif,1884,1271,49.98746871948242,train
hls_california\HLS.S30.T10TEK.2021092T185921.v2.0_EVI_cropped.tif,1885,1272,63.689884185791016,train
hls_california\HLS.S30.T10TEK.2021092T185921.v2.0_EVI_cropped.tif,1886,1274,-9999.0,train
hls_california\HLS.S30.T10TEK.2021092T185921.v2.0_EVI_cropped.tif,1888,1275,50.025245666503906,train
hls_california\HLS.S30.T10TEK.2021092T185921.v2.0_EVI_cropped.tif,1889,1277,106.83301544189453,train
hls_california\HLS.S30.T10TEK.2021092T185921.v2.0_EVI_cropped.tif,1890,1278,44.548587799072266,train
hls_california\HLS.S30.T10TEK.2021092T185921.v2.0_EVI_cropped.tif,1891,1280,156.552978515625,train
hls_california\HLS.S30.T10TEK.2021092T185921.v2.0_EVI_cropped.tif,1892,1281,51.062564849853516,train
hls_california\HLS.S30.T10TEK.2021092T185921.v2.0_EVI_cropped.tif,1893,1283,42.83746337890625,train
hls_california\HLS.S30.T10TEK.2021092T185921.v2.0_EVI_cropped.tif,1894,1284,84.41864776611328,train
hls_california\HLS.S30.T10TEK.2021092T185921.v2.0_EVI_cropped.tif,1896,1286,116.704833984375,train
hls_california\HLS.S30.T10TEK.2021092T185921.v2.0_EVI_cropped.tif,1897,1287,69.75206756591797,train
hls_california\HLS.S30.T10TEK.2021092T185921.v2.0_EVI_cropped.tif,1898,1289,32.26103973388672,train
hls_california\HLS.S30.T10TEK.2021092T185921.v2.0_EVI_cropped.tif,1899,1290,20.529420852661133,train
hls_california\HLS.S30.T10TEK.2021092T185921.v2.0_EVI_cropped.tif,1900,1292,37.11824035644531,train
hls_california\HLS.S30.T10TEK.2021092T185921.v2.0_EVI_cropped.tif,1901,1293,28.530845642089844,train
hls_california\HLS.S30.T10TEK.2021092T185921.v2.0_EVI_cropped.tif,1903,1295,24.77150535583496,train
hls_california\HLS.S30.T10TEK.2021092T185921.v2.0_EVI_cropped.tif,1904,1296,39.997501373291016,train
hls_california\HLS.S30.T10TEK.2021092T185921.v2.0_EVI_cropped.tif,1905,1298,41.1584587097168,train
hls_california\HLS.S30.T10TEK.2021092T185921.v2.0_EVI_cropped.tif,1906,1299,21.381929397583008,train
hls_california\HLS.S30.T10TEK.2021092T185921.v2.0_EVI_cropped.tif,1907,1301,41.102577209472656,train
hls_california\HLS.S30.T10TEK.2021092T185921.v2.0_EVI_cropped.tif,1908,1303,42.834041595458984,train
hls_california\HLS.S30.T10TEK.2021092T185921.v2.0_EVI_cropped.tif,1909,1304,120.39778137207031,train
hls_california\HLS.S30.T10TEK.2021092T185921.v2.0_EVI_cropped.tif,1911,1306,37.40049743652344,train
hls_california\HLS.S30.T10TEK.2021092T185921.v2.0_EVI_cropped.tif,1912,1307,-9999.0,train
hls_california\HLS.S30.T10TEK.2021092T185921.v2.0_EVI_cropped.tif,1913,1309,20.777652740478516,train
hls_california\HLS.S30.T10TEK.2021092T185921.v2.0_EVI_cropped.tif,1914,1310,70.16218566894531,train
hls_california\HLS.S30.T10TEK.2021092T185921.v2.0_EVI_cropped.tif,1915,1312,22.52663803100586,train
hls_california\HLS.S30.T10TEK.2021092T185921.v2.0_EVI_cropped.tif,1916,1313,28.312339782714844,train
hls_california\HLS.S30.T10TEK.2021092T185921.v2.0_EVI_cropped.tif,1918,1315,38.04295349121094,train
hls_california\HLS.S30.T10TEK.2021092T185921.v2.0_EVI_cropped.tif,1919,1316,27.149131774902344,train
hls_california\HLS.S30.T10TEK.2021092T185921.v2.0_EVI_cropped.tif,1920,1318,18.985130310058594,train
hls_california\HLS.S30.T10TEK.2021092T185921.v2.0_EVI_cropped.tif,1921,1319,16.465160369873047,train
hls_california\HLS.S30.T10TEK.2021092T185921.v2.0_EVI_cropped.tif,1922,1321,14.304201126098633,train
hls_california\HLS.S30.T10TEK.2021092T185921.v2.0_EVI_cropped.tif,1923,1322,25.144302368164062,train
hls_california\HLS.S30.T10TEK.2021092T185921.v2.0_EVI_cropped.tif,1925,1324,42.164005279541016,train
hls_california\HLS.S30.T10TEK.2021092T185921.v2.0_EVI_cropped.tif,1926,1325,46.68300247192383,train
hls_california\HLS.S30.T10TEK.2021092T185921.v2.0_EVI_cropped.tif,1927,1327,36.22505187988281,train
hls_california\HLS.S30.T10TEK.2021092T185921.v2.0_EVI_cropped.tif,1928,1328,27.149633407592773,train
hls_california\HLS.S30.T10TEK.2021092T185921.v2.0_EVI_cropped.tif,1929,1330,41.39844512939453,train
hls_california\HLS.S30.T10TEK.2021092T185921.v2.0_EVI_cropped.tif,1930,1331,34.29338455200195,train
hls_california\HLS.S30.T10TEK.2021092T185921.v2.0_EVI_cropped.tif,1931,1333,27.86711311340332,train
hls_california\HLS.S30.T10TEK.2021092T185921.v2.0_EVI_cropped.tif,1933,1334,31.792633056640625,train
hls_california\HLS.S30.T10TEK.2021092T185921.v2.0_EVI_cropped.tif,1934,1336,39.60143280029297,train
hls_california\HLS.S30.T10TEK.2021092T185921.v2.0_EVI_cropped.tif,1935,1337,34.09709930419922,train
hls_california\HLS.S30.T10TEK.2021092T185921.v2.0_EVI_cropped.tif,1936,1339,24.187238693237305,train
hls_california\HLS.S30.T10TEK.2021092T185921.v2.0_EVI_cropped.tif,1937,1340,34.8880729675293,train
hls_california\HLS.S30.T10TEK.2021092T185921.v2.0_EVI_cropped.tif,1938,1342,37.61311340332031,train
hls_california\HLS.S30.T10TEK.2021092T185921.v2.0_EVI_cropped.tif,1940,1343,21.14204216003418,train
hls_california\HLS.S30.T10TEK.2021092T185921.v2.0_EVI_cropped.tif,1941,1345,70.5889663696289,train
hls_california\HLS.S30.T10TEK.2021092T185921.v2.0_EVI_cropped.tif,1942,1346,27.31383514404297,train
hls_california\HLS.S30.T10TEK.2021092T185921.v2.0_EVI_cropped.tif,1943,1348,27.31383514404297,train
hls_california\HLS.S30.T10TEK.2021092T185921.v2.0_EVI_cropped.tif,1944,1349,21.212095260620117,train
hls_california\HLS.S30.T10TEK.2021092T185921.v2.0_EVI_cropped.tif,1945,1351,18.678852081298828,train
hls_california\HLS.S30.T10TEK.2021092T185921.v2.0_EVI_cropped.tif,1947,1353,31.422842025756836,train
hls_california\HLS.S30.T10TEK.2021092T185921.v2.0_EVI_cropped.tif,1948,1354,20.019962310791016,train
hls_california\HLS.S30.T10TEK.2021092T185921.v2.0_EVI_cropped.tif,1949,1356,27.399152755737305,train
hls_california\HLS.S30.T10TEK.2021092T185921.v2.0_EVI_cropped.tif,1950,1357,31.145795822143555,train
hls_california\HLS.S30.T10TEK.2021092T185921.v2.0_EVI_cropped.tif,1951,1359,25.532819747924805,train
hls_california\HLS.S30.T10TEK.2021092T185921.v2.0_EVI_cropped.tif,1952,1360,39.56514358520508,train
hls_california\HLS.S30.T10TEK.2021092T185921.v2.0_EVI_cropped.tif,1953,1362,20.81243133544922,train
hls_california\HLS.S30.T10TEK.2021092T185921.v2.0_EVI_cropped.tif,1955,1363,19.03815269470215,train
hls_california\HLS.S30.T10TEK.2021092T185921.v2.0_EVI_cropped.tif,1956,1365,21.644390106201172,train
hls_california\HLS.S30.T10TEK.2021092T185921.v2.0_EVI_cropped.tif,1957,1366,20.683940887451172,train
hls_california\HLS.S30.T10TEK.2021092T185921.v2.0_EVI_cropped.tif,1958,1368,28.714828491210938,train
hls_california\HLS.S30.T10TEK.2021092T185921.v2.0_EVI_cropped.tif,1959,1369,19.83612632751465,train
hls_california\HLS.S30.T10TEK.2021092T185921.v2.0_EVI_cropped.tif,1960,1371,24.82342529296875,train
hls_california\HLS.S30.T10TEK.2021092T185921.v2.0_EVI_cropped.tif,1962,1372,22.04578399658203,train
hls_california\HLS.S30.T10TEK.2021092T185921.v2.0_EVI_cropped.tif,1963,1374,49.23031997680664,train
hls_california\HLS.S30.T10TEK.2021092T185921.v2.0_EVI_cropped.tif,1964,1375,43.64889144897461,train
hls_california\HLS.S30.T10TEK.2021092T185921.v2.0_EVI_cropped.tif,1965,1377,33.980674743652344,train
hls_california\HLS.S30.T10TEK.2021092T185921.v2.0_EVI_cropped.tif,1966,1378,29.530406951904297,train
hls_california\HLS.S30.T10TEK.2021092T185921.v2.0_EVI_cropped.tif,1967,1380,64.95946502685547,train
hls_california\HLS.S30.T10TEK.2021092T185921.v2.0_EVI_cropped.tif,1968,1381,52.367164611816406,train
hls_california\HLS.S30.T10TEK.2021092T185921.v2.0_EVI_cropped.tif,1970,1383,28.59839630126953,train
hls_california\HLS.S30.T10TEK.2021092T185921.v2.0_EVI_cropped.tif,1971,1384,-9999.0,train
hls_california\HLS.S30.T10TEK.2021092T185921.v2.0_EVI_cropped.tif,1972,1386,28.998537063598633,train
hls_california\HLS.S30.T10TEK.2021092T185921.v2.0_EVI_cropped.tif,1973,1387,24.909269332885742,train
hls_california\HLS.S30.T10TEK.2021092T185921.v2.0_EVI_cropped.tif,1974,1389,26.424762725830078,train
hls_california\HLS.S30.T10TEK.2021092T185921.v2.0_EVI_cropped.tif,1975,1390,29.14283561706543,train
hls_california\HLS.S30.T10TEK.2021092T185921.v2.0_EVI_cropped.tif,1977,1392,20.334035873413086,train
hls_california\HLS.S30.T10TEK.2021092T185921.v2.0_EVI_cropped.tif,1978,1393,15.2346773147583,train
hls_california\HLS.S30.T10TEK.2021092T185921.v2.0_EVI_cropped.tif,1979,1395,-9999.0,train
hls_california\HLS.S30.T10TEK.2021092T185921.v2.0_EVI_cropped.tif,1980,1396,48.11396789550781,train
hls_california\HLS.S30.T10TEK.2021092T185921.v2.0_EVI_cropped.tif,1981,1398,14.03953742980957,train
hls_california\HLS.S30.T10TEK.2021092T185921.v2.0_EVI_cropped.tif,1982,1399,14.432023048400879,train
hls_california\HLS.S30.T10TEK.2021092T185921.v2.0_EVI_cropped.tif,1984,1401,14.253951072692871,train
hls_california\HLS.S30.T10TEK.2021092T185921.v2.0_EVI_cropped.tif,1985,1403,1.0619252920150757,train
hls_california\HLS.S30.T10TEK.2021092T185921.v2.0_EVI_cropped.tif,1986,1404,1.331116795539856,train
hls_california\HLS.S30.T10TEK.2021092T185921.v2.0_EVI_cropped.tif,1987,1406,1.0619252920150757,train
hls_california\HLS.S30.T10TEK.2021092T185921.v2.0_EVI_cropped.tif,1988,1407,1.0221772193908691,train
hls_california\HLS.S30.T10TEK.2021092T185921.v2.0_EVI_cropped.tif,1989,1409,1.1160929203033447,train
hls_california\HLS.S30.T10TEK.2021092T185921.v2.0_EVI_cropped.tif,1990,1410,1.0619252920150757,train
hls_california\HLS.S30.T10TEK.2021092T185921.v2.0_EVI_cropped.tif,1992,1412,0.9703503251075745,train
hls_california\HLS.S30.T10TEK.2021092T185921.v2.0_EVI_cropped.tif,1993,1413,1.1160929203033447,train
hls_california\HLS.S30.T10TEK.2021092T185921.v2.0_EVI_cropped.tif,1994,1415,0.9703503251075745,train
hls_california\HLS.S30.T10TEK.2021092T185921.v2.0_EVI_cropped.tif,1995,1416,0.9703503251075745,train
hls_california\HLS.S30.T10TEK.2021092T185921.v2.0_EVI_cropped.tif,1996,1418,1.3916254043579102,train
hls_california\HLS.S30.T10TEK.2021092T185921.v2.0_EVI_cropped.tif,1997,1419,2.240774393081665,train
hls_california\HLS.S30.T10TEK.2021092T185921.v2.0_EVI_cropped.tif,1999,1421,1.2719420194625854,train
hls_california\HLS.S30.T10TEK.2021092T185921.v2.0_EVI_cropped.tif,2000,1422,1.171596646308899,train
hls_california\HLS.S30.T10TEK.2021092T185921.v2.0_EVI_cropped.tif,2001,1424,1.331116795539856,train
hls_california\HLS.S30.T10TEK.2021092T185921.v2.0_EVI_cropped.tif,2002,1425,61.352256774902344,train
hls_california\HLS.S30.T10TEK.2021092T185921.v2.0_EVI_cropped.tif,2003,1427,40.631980895996094,train
hls_california\HLS.S30.T10TEK.2021092T185921.v2.0_EVI_cropped.tif,2004,1428,63.989776611328125,train
hls_california\HLS.S30.T10TEK.2021092T185921.v2.0_EVI_cropped.tif,2005,1430,1.697226881980896,train
hls_california\HLS.S30.T10TEK.2021092T185921.v2.0_EVI_cropped.tif,2007,1431,1.0221772193908691,train
hls_california\HLS.S30.T10TEK.2021092T185921.v2.0_EVI_cropped.tif,2008,1433,1.2284363508224487,train
hls_california\HLS.S30.T10TEK.2021092T185921.v2.0_EVI_cropped.tif,2009,1434,-9999.0,train
hls_california\HLS.S30.T10TEK.2021092T185921.v2.0_EVI_cropped.tif,2010,1436,1.1160929203033447,train
hls_california\HLS.S30.T10TEK.2021092T185921.v2.0_EVI_cropped.tif,2011,1437,21.426816940307617,train
hls_california\HLS.S30.T10TEK.2021092T185921.v2.0_EVI_cropped.tif,2012,1439,3.013622760772705,train
hls_california\HLS.S30.T10TEK.2021092T185921.v2.0_EVI_cropped.tif,2014,1440,333.0244445800781,train
hls_california\HLS.S30.T10TEK.2021092T185921.v2.0_EVI_cropped.tif,2015,1442,129.38784790039062,train
hls_california\HLS.S30.T10TEK.2021092T185921.v2.0_EVI_cropped.tif,2016,1443,129.93630981445312,train
hls_california\HLS.S30.T10TEK.2021092T185921.v2.0_EVI_cropped.tif,2017,1445,93.09204864501953,train
hls_california\HLS.S30.T10TEK.2021092T185921.v2.0_EVI_cropped.tif,2018,1446,80.3563003540039,train
hls_california\HLS.S30.T10TEK.2021092T185921.v2.0_EVI_cropped.tif,2019,1448,1.2719420194625854,train
hls_california\HLS.S30.T10TEK.2021092T185921.v2.0_EVI_cropped.tif,2020,1449,34.28716278076172,train
hls_california\HLS.S30.T10TEK.2021092T185921.v2.0_EVI_cropped.tif,2022,1451,87.86994171142578,train
hls_california\HLS.S30.T10TEK.2021092T185921.v2.0_EVI_cropped.tif,2023,1453,1.2284363508224487,train
hls_california\HLS.S30.T10TEK.2021092T185921.v2.0_EVI_cropped.tif,2024,1454,16.475910186767578,train
hls_california\HLS.S30.T10TEK.2021092T185921.v2.0_EVI_cropped.tif,2025,1456,35.39568328857422,train
hls_california\HLS.S30.T10TEK.2021092T185921.v2.0_EVI_cropped.tif,2026,1457,20.38640022277832,train
hls_california\HLS.S30.T10TEK.2021092T185921.v2.0_EVI_cropped.tif,2027,1459,22.13432502746582,train
hls_california\HLS.S30.T10TEK.2021092T185921.v2.0_EVI_cropped.tif,2029,1460,9.086966514587402,train
hls_california\HLS.S30.T10TEK.2021092T185921.v2.0_EVI_cropped.tif,2030,1462,9.67419719696045,train
hls_california\HLS.S30.T10TEK.2021092T185921.v2.0_EVI_cropped.tif,2031,1463,17.099645614624023,train
hls_california\HLS.S30.T10TEK.2021092T185921.v2.0_EVI_cropped.tif,2032,1465,23.21636962890625,train
hls_california\HLS.S30.T10TEK.2021092T185921.v2.0_EVI_cropped.tif,2033,1466,25.582347869873047,train
hls_california\HLS.S30.T10TEK.2021092T185921.v2.0_EVI_cropped.tif,2034,1468,31.625131607055664,train
hls_california\HLS.S30.T10TEK.2021092T185921.v2.0_EVI_cropped.tif,2036,1469,35.69413375854492,train
hls_california\HLS.S30.T10TEK.2021092T185921.v2.0_EVI_cropped.tif,2037,1471,5.694790363311768,train
hls_california\HLS.S30.T10TEK.2021092T185921.v2.0_EVI_cropped.tif,2038,1472,16.117258071899414,train
hls_california\HLS.S30.T10TEK.2021092T185921.v2.0_EVI_cropped.tif,2039,1474,20.158594131469727,train
hls_california\HLS.S30.T10TEK.2021092T185921.v2.0_EVI_cropped.tif,2040,1475,36.21931838989258,train
hls_california\HLS.S30.T10TEK.2021092T185921.v2.0_EVI_cropped.tif,2041,1477,26.54669952392578,train
hls_california\HLS.S30.T10TEK.2021092T185921.v2.0_EVI_cropped.tif,2042,1478,42.07566452026367,train
hls_california\HLS.S30.T10TEK.2021092T185921.v2.0_EVI_cropped.tif,2044,1480,29.1994571685791,train
hls_california\HLS.S30.T10TEK.2021092T185921.v2.0_EVI_cropped.tif,2045,1481,21.943424224853516,train
hls_california\HLS.S30.T10TEK.2021092T185921.v2.0_EVI_cropped.tif,2046,1483,29.771480560302734,train
hls_california\HLS.S30.T10TEK.2021092T185921.v2.0_EVI_cropped.tif,2047,1484,31.76654815673828,train
hls_california\HLS.S30.T10TEK.2021092T185921.v2.0_EVI_cropped.tif,2048,1486,32.91777801513672,train
hls_california\HLS.S30.T10TEK.2021092T185921.v2.0_EVI_cropped.tif,2049,1487,38.0723762512207,train
hls_california\HLS.S30.T10TEK.2021092T185921.v2.0_EVI_cropped.tif,2051,1489,35.50785446166992,train
hls_california\HLS.S30.T10TEK.2021092T185921.v2.0_EVI_cropped.tif,2052,1490,21.496967315673828,train
hls_california\HLS.S30.T10TEK.2021092T185921.v2.0_EVI_cropped.tif,2053,1492,23.407907485961914,train
hls_california\HLS.S30.T10TEK.2021092T185921.v2.0_EVI_cropped.tif,2054,1493,13.704468727111816,train
hls_california\HLS.S30.T10TEK.2021092T185921.v2.0_EVI_cropped.tif,2055,1495,14.432023048400879,train
hls_california\HLS.S30.T10TEK.2021092T185921.v2.0_EVI_cropped.tif,2056,1496,38.388633728027344,train
hls_california\HLS.S30.T10TEK.2021092T185921.v2.0_EVI_cropped.tif,2057,1498,27.058181762695312,train
hls_california\HLS.S30.T10TEK.2021092T185921.v2.0_EVI_cropped.tif,2059,1499,21.306928634643555,train
hls_california\HLS.S30.T10TEK.2021092T185921.v2.0_EVI_cropped.tif,2060,1501,30.870948791503906,train
hls_california\HLS.S30.T10TEK.2021092T185921.v2.0_EVI_cropped.tif,2061,1502,26.488176345825195,train
hls_california\HLS.S30.T10TEK.2021092T185921.v2.0_EVI_cropped.tif,2062,1504,37.76860427856445,train
hls_california\HLS.S30.T10TEK.2021092T185921.v2.0_EVI_cropped.tif,2063,1506,21.138229370117188,train
hls_california\HLS.S30.T10TEK.2021092T185921.v2.0_EVI_cropped.tif,2064,1507,14.203778266906738,train
hls_california\HLS.S30.T10TEK.2021092T185921.v2.0_EVI_cropped.tif,2066,1509,14.116164207458496,train
hls_california\HLS.S30.T10TEK.2021092T185921.v2.0_EVI_cropped.tif,2067,1510,13.989727020263672,train
hls_california\HLS.S30.T10TEK.2021092T185921.v2.0_EVI_cropped.tif,2068,1512,14.528246879577637,train
