Using workers=8 (SLURM_CPUS_PER_TASK=18)
Total granules found: 3634
Submitting 3634 granules to the pool...
[1/3634] [3] HLS.L30.T11SLD.2021091T182654.v2.0: SKIP NoDataInBounds (field does not intersect FMASK)
[2/3634] [0] HLS.L30.T11TMF.2021091T182606.v2.0: SKIP NoDataInBounds (field does not intersect FMASK)
[3/3634] [2] HLS.L30.T11TME.2021091T182630.v2.0: SKIP NoDataInBounds (field does not intersect FMASK)
[4/3634] [1] HLS.L30.T11SMD.2021091T182630.v2.0: SKIP NoDataInBounds (field does not intersect FMASK)
[5/3634] [5] HLS.L30.T11SMC.2021091T182654.v2.0: SKIP NoDataInBounds (field does not intersect FMASK)
[6/3634] [9] HLS.S30.T11TLG.2021091T183919.v2.0: SKIP NoDataInBounds (field does not intersect FMASK)
[7/3634] [8] HLS.S30.T11TMG.2021091T183919.v2.0: SKIP NoDataInBounds (field does not intersect FMASK)
[8/3634] [12] HLS.S30.T11TMF.2021091T183919.v2.0: SKIP NoDataInBounds (field does not intersect FMASK)
[9/3634] [13] HLS.S30.T11TLF.2021091T183919.v2.0: SKIP NoDataInBounds (field does not intersect FMASK)
[10/3634] [16] HLS.S30.T11TME.2021091T183919.v2.0: SKIP NoDataInBounds (field does not intersect FMASK)
[11/3634] [17] HLS.S30.T11TLE.2021091T183919.v2.0: SKIP NoDataInBounds (field does not intersect FMASK)
[12/3634] [6] HLS.L30.T11SMB.2021091T182718.v2.0: wrote 8 files
[13/3634] [10] HLS.S30.T10TGM.2021091T183919.v2.0: wrote 8 files
[14/3634] [20] HLS.S30.T11SMD.2021091T183919.v2.0: SKIP NoDataInBounds (field does not intersect FMASK)
[15/3634] [21] HLS.S30.T11SLD.2021091T183919.v2.0: SKIP NoDataInBounds (field does not intersect FMASK)
[16/3634] [11] HLS.S30.T11TKG.2021091T183919.v2.0: wrote 8 files
[17/3634] [4] HLS.L30.T11SLC.2021091T182654.v2.0: wrote 8 files
[18/3634] [14] HLS.S30.T11TKF.2021091T183919.v2.0: wrote 8 files
[19/3634] [24] HLS.S30.T11SMC.2021091T183919.v2.0: SKIP NoDataInBounds (field does not intersect FMASK)
[20/3634] [15] HLS.S30.T10TGL.2021091T183919.v2.0: wrote 8 files
[21/3634] [18] HLS.S30.T11TKE.2021091T183919.v2.0: wrote 8 files
[22/3634] [7] HLS.L30.T11SLB.2021091T182718.v2.0: wrote 8 files
[23/3634] [19] HLS.S30.T10TGK.2021091T183919.v2.0: wrote 8 files
[24/3634] [22] HLS.S30.T11SKD.2021091T183919.v2.0: wrote 8 files
[25/3634] [26] HLS.S30.T11SLC.2021091T183919.v2.0: wrote 8 files
[26/3634] [30] HLS.S30.T11SMB.2021091T183919.v2.0: wrote 8 files
[27/3634] [23] HLS.S30.T10SGJ.2021091T183919.v2.0: wrote 8 files
[28/3634] [25] HLS.S30.T10SFJ.2021091T183919.v2.0: wrote 8 files
[29/3634] [27] HLS.S30.T11SKC.2021091T183919.v2.0: wrote 8 files
[30/3634] [29] HLS.S30.T10SFH.2021091T183919.v2.0: wrote 8 files
[31/3634] [28] HLS.S30.T10SGH.2021091T183919.v2.0: wrote 8 files
[32/3634] [31] HLS.S30.T11SLB.2021091T183919.v2.0: wrote 8 files
[33/3634] [32] HLS.S30.T11SKB.2021091T183919.v2.0: wrote 8 files
[34/3634] [38] HLS.S30.T10TCM.2021092T185921.v2.0: wrote 8 files
[35/3634] [34] HLS.S30.T10SFG.2021091T183919.v2.0: wrote 8 files
[36/3634] [33] HLS.S30.T10SGG.2021091T183919.v2.0: wrote 8 files
[37/3634] [35] HLS.S30.T10TFM.2021092T185921.v2.0: wrote 8 files
[38/3634] [36] HLS.S30.T10TEM.2021092T185921.v2.0: wrote 8 files
[39/3634] [37] HLS.S30.T10TDM.2021092T185921.v2.0: wrote 8 files
[40/3634] [43] HLS.S30.T10TCL.2021092T185921.v2.0: wrote 8 files
[41/3634] [46] HLS.S30.T10TCK.2021092T185921.v2.0: wrote 8 files
[42/3634] [39] HLS.S30.T10TFL.2021092T185921.v2.0: wrote 8 files
[43/3634] [42] HLS.S30.T10TFK.2021092T185921.v2.0: wrote 8 files
[44/3634] [40] HLS.S30.T10TEL.2021092T185921.v2.0: wrote 8 files
[45/3634] [41] HLS.S30.T10TDL.2021092T185921.v2.0: wrote 8 files
[46/3634] [52] HLS.S30.T10SDG.2021092T185921.v2.0: SKIP NoDataInBounds (field does not intersect FMASK)
[47/3634] [53] HLS.S30.T11TMF.2021093T182911.v2.0: SKIP NoDataInBounds (field does not intersect FMASK)
[48/3634] [54] HLS.S30.T11TME.2021093T182911.v2.0: SKIP NoDataInBounds (field does not intersect FMASK)
[49/3634] [55] HLS.S30.T11SMD.2021093T182911.v2.0: SKIP NoDataInBounds (field does not intersect FMASK)
[50/3634] [56] HLS.S30.T11SLD.2021093T182911.v2.0: SKIP NoDataInBounds (field does not intersect FMASK)
[51/3634] [57] HLS.S30.T11SMC.2021093T182911.v2.0: SKIP NoDataInBounds (field does not intersect FMASK)
[52/3634] [44] HLS.S30.T10TEK.2021092T185921.v2.0: wrote 8 files
[53/3634] [45] HLS.S30.T10TDK.2021092T185921.v2.0: wrote 8 files
[54/3634] [59] HLS.S30.T11SMB.2021093T182911.v2.0: wrote 8 files
[55/3634] [47] HLS.S30.T10SEJ.2021092T185921.v2.0: wrote 8 files
[56/3634] [51] HLS.S30.T10SEG.2021092T185921.v2.0: wrote 8 files
[57/3634] [48] HLS.S30.T10SDJ.2021092T185921.v2.0: wrote 8 files
[58/3634] [50] HLS.S30.T10SDH.2021092T185921.v2.0: wrote 8 files
[59/3634] [58] HLS.S30.T11SLC.2021093T182911.v2.0: wrote 8 files
[60/3634] [49] HLS.S30.T10SEH.2021092T185921.v2.0: wrote 8 files
[61/3634] [66] HLS.L30.T10TCM.2021094T185700.v2.0: wrote 8 files
[62/3634] [63] HLS.L30.T10TCL.2021094T185700.v2.0: wrote 8 files
[63/3634] [60] HLS.S30.T11SLB.2021093T182911.v2.0: wrote 8 files
[64/3634] [61] HLS.L30.T10TDM.2021094T185636.v2.0: wrote 8 files
[65/3634] [62] HLS.L30.T10TEM.2021094T185636.v2.0: wrote 8 files
[66/3634] [71] HLS.S30.T11TLG.2021094T184919.v2.0: SKIP NoDataInBounds (field does not intersect FMASK)
[67/3634] [69] HLS.L30.T10TCK.2021094T185724.v2.0: wrote 8 files
[68/3634] [65] HLS.L30.T10TEL.2021094T185700.v2.0: wrote 8 files
[69/3634] [64] HLS.L30.T10TDL.2021094T185700.v2.0: wrote 8 files
[70/3634] [72] HLS.S30.T10TGM.2021094T184919.v2.0: wrote 8 files
[71/3634] [76] HLS.S30.T11TLF.2021094T184919.v2.0: SKIP NoDataInBounds (field does not intersect FMASK)
[72/3634] [67] HLS.L30.T10SDJ.2021094T185724.v2.0: wrote 8 files
[73/3634] [70] HLS.L30.T10SDH.2021094T185747.v2.0: wrote 8 files
[74/3634] [73] HLS.S30.T11TKG.2021094T184919.v2.0: wrote 8 files
[75/3634] [80] HLS.S30.T11TLE.2021094T184919.v2.0: SKIP NoDataInBounds (field does not intersect FMASK)
[76/3634] [68] HLS.L30.T10TDK.2021094T185724.v2.0: wrote 8 files
[77/3634] [74] HLS.S30.T10TFM.2021094T184919.v2.0: wrote 8 files
[78/3634] [75] HLS.S30.T10TEM.2021094T184919.v2.0: wrote 8 files
[79/3634] [77] HLS.S30.T11TKF.2021094T184919.v2.0: wrote 8 files
[80/3634] [78] HLS.S30.T10TGL.2021094T184919.v2.0: wrote 8 files
[81/3634] [82] HLS.S30.T11TKE.2021094T184919.v2.0: wrote 8 files
[82/3634] [83] HLS.S30.T10TGK.2021094T184919.v2.0: wrote 8 files
[83/3634] [81] HLS.S30.T10TEL.2021094T184919.v2.0: wrote 8 files
[84/3634] [79] HLS.S30.T10TFL.2021094T184919.v2.0: wrote 8 files
[85/3634] [86] HLS.S30.T11SKD.2021094T184919.v2.0: wrote 8 files
[86/3634] [84] HLS.S30.T10TFK.2021094T184919.v2.0: wrote 8 files
[87/3634] [87] HLS.S30.T10SGJ.2021094T184919.v2.0: wrote 8 files
[88/3634] [85] HLS.S30.T10TEK.2021094T184919.v2.0: wrote 8 files
[89/3634] [88] HLS.S30.T10SFJ.2021094T184919.v2.0: wrote 8 files
[90/3634] [90] HLS.S30.T10SDJ.2021094T184919.v2.0: wrote 8 files
[91/3634] [89] HLS.S30.T10SEJ.2021094T184919.v2.0: wrote 8 files
[92/3634] [91] HLS.S30.T11SKC.2021094T184919.v2.0: wrote 8 files
[93/3634] [95] HLS.S30.T10SDH.2021094T184919.v2.0: wrote 8 files
[94/3634] [100] HLS.S30.T10SDG.2021094T184919.v2.0: SKIP NoDataInBounds (field does not intersect FMASK)
[95/3634] [92] HLS.S30.T10SGH.2021094T184919.v2.0: wrote 8 files
[96/3634] [96] HLS.S30.T11SKB.2021094T184919.v2.0: wrote 8 files
[97/3634] [93] HLS.S30.T10SFH.2021094T184919.v2.0: wrote 8 files
[98/3634] [102] HLS.S30.T10TCM.2021095T190911.v2.0: wrote 8 files
[99/3634] [94] HLS.S30.T10SEH.2021094T184919.v2.0: wrote 8 files
[100/3634] [97] HLS.S30.T10SGG.2021094T184919.v2.0: wrote 8 files
[101/3634] [99] HLS.S30.T10SEG.2021094T184919.v2.0: wrote 8 files
[102/3634] [98] HLS.S30.T10SFG.2021094T184919.v2.0: wrote 8 files
[103/3634] [104] HLS.S30.T10TCL.2021095T190911.v2.0: wrote 8 files
[104/3634] [106] HLS.S30.T10TCK.2021095T190911.v2.0: wrote 8 files
[105/3634] [101] HLS.S30.T10TDM.2021095T190911.v2.0: wrote 8 files
[106/3634] [107] HLS.L30.T10TGM.2021096T184413.v2.0: wrote 8 files
[107/3634] [108] HLS.L30.T11TKG.2021096T184413.v2.0: wrote 8 files
[108/3634] [103] HLS.S30.T10TDL.2021095T190911.v2.0: wrote 8 files
[109/3634] [105] HLS.S30.T10TDK.2021095T190911.v2.0: wrote 8 files
[110/3634] [111] HLS.L30.T11TKF.2021096T184437.v2.0: wrote 8 files
[111/3634] [110] HLS.L30.T10TFM.2021096T184437.v2.0: wrote 8 files
[112/3634] [113] HLS.L30.T10TGL.2021096T184437.v2.0: wrote 8 files
[113/3634] [109] HLS.L30.T10TFL.2021096T184437.v2.0: wrote 8 files
[114/3634] [114] HLS.L30.T10TEM.2021096T184437.v2.0: wrote 8 files
[115/3634] [115] HLS.L30.T11TKE.2021096T184501.v2.0: wrote 8 files
[116/3634] [112] HLS.L30.T10TEL.2021096T184437.v2.0: wrote 8 files
[117/3634] [116] HLS.L30.T10TGK.2021096T184501.v2.0: wrote 8 files
[118/3634] [119] HLS.L30.T11SKD.2021096T184501.v2.0: wrote 8 files
[119/3634] [118] HLS.L30.T10SGJ.2021096T184501.v2.0: wrote 8 files
[120/3634] [117] HLS.L30.T10SEJ.2021096T184501.v2.0: wrote 8 files
[121/3634] [123] HLS.L30.T10SGH.2021096T184525.v2.0: wrote 8 files
[122/3634] [120] HLS.L30.T10SFJ.2021096T184501.v2.0: wrote 8 files
[123/3634] [129] HLS.L30.T10SDG.2021096T184549.v2.0: SKIP NoDataInBounds (field does not intersect FMASK)
[124/3634] [121] HLS.L30.T10TFK.2021096T184501.v2.0: wrote 8 files
[125/3634] [130] HLS.S30.T11TMG.2021096T183911.v2.0: SKIP NoDataInBounds (field does not intersect FMASK)
[126/3634] [131] HLS.S30.T11TLG.2021096T183911.v2.0: SKIP NoDataInBounds (field does not intersect FMASK)
[127/3634] [122] HLS.L30.T10TEK.2021096T184501.v2.0: wrote 8 files
[128/3634] [134] HLS.S30.T11TMF.2021096T183911.v2.0: SKIP NoDataInBounds (field does not intersect FMASK)
[129/3634] [135] HLS.S30.T11TLF.2021096T183911.v2.0: SKIP NoDataInBounds (field does not intersect FMASK)
[130/3634] [124] HLS.L30.T10SFH.2021096T184525.v2.0: wrote 8 files
[131/3634] [126] HLS.L30.T10SDH.2021096T184525.v2.0: wrote 8 files
[132/3634] [138] HLS.S30.T11TME.2021096T183911.v2.0: SKIP NoDataInBounds (field does not intersect FMASK)
[133/3634] [139] HLS.S30.T11TLE.2021096T183911.v2.0: SKIP NoDataInBounds (field does not intersect FMASK)
[134/3634] [132] HLS.S30.T10TGM.2021096T183911.v2.0: wrote 8 files
[135/3634] [125] HLS.L30.T10SEH.2021096T184525.v2.0: wrote 8 files
[136/3634] [142] HLS.S30.T11SMD.2021096T183911.v2.0: SKIP NoDataInBounds (field does not intersect FMASK)
[137/3634] [143] HLS.S30.T11SLD.2021096T183911.v2.0: SKIP NoDataInBounds (field does not intersect FMASK)
[138/3634] [133] HLS.S30.T11TKG.2021096T183911.v2.0: wrote 8 files
[139/3634] [127] HLS.L30.T10SFG.2021096T184549.v2.0: wrote 8 files
[140/3634] [146] HLS.S30.T11SMC.2021096T183911.v2.0: SKIP NoDataInBounds (field does not intersect FMASK)
[141/3634] [136] HLS.S30.T11TKF.2021096T183911.v2.0: wrote 8 files
[142/3634] [128] HLS.L30.T10SEG.2021096T184549.v2.0: wrote 8 files
[143/3634] [137] HLS.S30.T10TGL.2021096T183911.v2.0: wrote 8 files
[144/3634] [140] HLS.S30.T11TKE.2021096T183911.v2.0: wrote 8 files
[145/3634] [141] HLS.S30.T10TGK.2021096T183911.v2.0: wrote 8 files
[146/3634] [144] HLS.S30.T11SKD.2021096T183911.v2.0: wrote 8 files
[147/3634] [148] HLS.S30.T11SLC.2021096T183911.v2.0: wrote 8 files
[148/3634] [152] HLS.S30.T11SMB.2021096T183911.v2.0: wrote 8 files
[149/3634] [145] HLS.S30.T10SGJ.2021096T183911.v2.0: wrote 8 files
[150/3634] [147] HLS.S30.T10SFJ.2021096T183911.v2.0: wrote 8 files
[151/3634] [149] HLS.S30.T11SKC.2021096T183911.v2.0: wrote 8 files
[152/3634] [150] HLS.S30.T10SGH.2021096T183911.v2.0: wrote 8 files
[153/3634] [151] HLS.S30.T10SFH.2021096T183911.v2.0: wrote 8 files
[154/3634] [153] HLS.S30.T11SLB.2021096T183911.v2.0: wrote 8 files
[155/3634] [154] HLS.S30.T11SKB.2021096T183911.v2.0: wrote 8 files
[156/3634] [155] HLS.S30.T10SGG.2021096T183911.v2.0: wrote 8 files
[157/3634] [157] HLS.S30.T10TFM.2021097T185919.v2.0: wrote 8 files
[158/3634] [156] HLS.S30.T10SFG.2021096T183911.v2.0: wrote 8 files
[159/3634] [158] HLS.S30.T10TEM.2021097T185919.v2.0: wrote 8 files
[160/3634] [159] HLS.S30.T10TDM.2021097T185919.v2.0: wrote 8 files
[161/3634] [166] HLS.S30.T10TCK.2021097T185919.v2.0: wrote 8 files
[162/3634] [160] HLS.S30.T10TFL.2021097T185919.v2.0: wrote 8 files
[163/3634] [163] HLS.S30.T10TFK.2021097T185919.v2.0: wrote 8 files
[164/3634] [161] HLS.S30.T10TEL.2021097T185919.v2.0: wrote 8 files
[165/3634] [162] HLS.S30.T10TDL.2021097T185919.v2.0: wrote 8 files
[166/3634] [172] HLS.S30.T10SDG.2021097T185919.v2.0: SKIP NoDataInBounds (field does not intersect FMASK)
[167/3634] [173] HLS.L30.T11TMG.2021098T183151.v2.0: SKIP NoDataInBounds (field does not intersect FMASK)
[168/3634] [174] HLS.L30.T11TLG.2021098T183215.v2.0: SKIP NoDataInBounds (field does not intersect FMASK)
[169/3634] [175] HLS.L30.T11TLF.2021098T183215.v2.0: SKIP NoDataInBounds (field does not intersect FMASK)
[170/3634] [176] HLS.L30.T11TMF.2021098T183215.v2.0: SKIP NoDataInBounds (field does not intersect FMASK)
[171/3634] [177] HLS.L30.T11SMD.2021098T183239.v2.0: SKIP NoDataInBounds (field does not intersect FMASK)
[172/3634] [178] HLS.L30.T11TLE.2021098T183239.v2.0: SKIP NoDataInBounds (field does not intersect FMASK)
[173/3634] [165] HLS.S30.T10TDK.2021097T185919.v2.0: wrote 8 files
[174/3634] [164] HLS.S30.T10TEK.2021097T185919.v2.0: wrote 8 files
[175/3634] [180] HLS.L30.T11SLD.2021098T183239.v2.0: SKIP NoDataInBounds (field does not intersect FMASK)
[176/3634] [181] HLS.L30.T11TME.2021098T183239.v2.0: SKIP NoDataInBounds (field does not intersect FMASK)
[177/3634] [167] HLS.S30.T10SEJ.2021097T185919.v2.0: wrote 8 files
[178/3634] [171] HLS.S30.T10SEG.2021097T185919.v2.0: wrote 8 files
[179/3634] [168] HLS.S30.T10SDJ.2021097T185919.v2.0: wrote 8 files
[180/3634] [186] HLS.L30.T11SMC.2021098T183303.v2.0: SKIP NoDataInBounds (field does not intersect FMASK)
[181/3634] [170] HLS.S30.T10SDH.2021097T185919.v2.0: wrote 8 files
[182/3634] [179] HLS.L30.T11TKE.2021098T183239.v2.0: wrote 8 files
[183/3634] [182] HLS.L30.T10TGK.2021098T183239.v2.0: wrote 8 files
[184/3634] [183] HLS.L30.T11SKD.2021098T183239.v2.0: wrote 8 files
[185/3634] [169] HLS.S30.T10SEH.2021097T185919.v2.0: wrote 8 files
[186/3634] [190] HLS.L30.T11SMB.2021098T183327.v2.0: wrote 8 files
[187/3634] [193] HLS.S30.T11TMF.2021098T182919.v2.0: SKIP NoDataInBounds (field does not intersect FMASK)
[188/3634] [194] HLS.S30.T11TME.2021098T182919.v2.0: SKIP NoDataInBounds (field does not intersect FMASK)
[189/3634] [195] HLS.S30.T11SMD.2021098T182919.v2.0: SKIP NoDataInBounds (field does not intersect FMASK)
[190/3634] [196] HLS.S30.T11SLD.2021098T182919.v2.0: SKIP NoDataInBounds (field does not intersect FMASK)
[191/3634] [197] HLS.S30.T11SMC.2021098T182919.v2.0: SKIP NoDataInBounds (field does not intersect FMASK)
[192/3634] [184] HLS.L30.T11SLC.2021098T183303.v2.0: wrote 8 files
[193/3634] [189] HLS.L30.T11SLB.2021098T183327.v2.0: wrote 8 files
[194/3634] [187] HLS.L30.T10SGJ.2021098T183303.v2.0: wrote 8 files
[195/3634] [201] HLS.S30.T11TLG.2021099T184911.v2.0: SKIP NoDataInBounds (field does not intersect FMASK)
[196/3634] [199] HLS.S30.T11SMB.2021098T182919.v2.0: wrote 8 files
[197/3634] [192] HLS.L30.T11SKB.2021098T183327.v2.0: wrote 8 files
[198/3634] [185] HLS.L30.T10SGH.2021098T183303.v2.0: wrote 8 files
[199/3634] [191] HLS.L30.T10SGG.2021098T183327.v2.0: wrote 8 files
[200/3634] [206] HLS.S30.T11TLF.2021099T184911.v2.0: SKIP NoDataInBounds (field does not intersect FMASK)
[201/3634] [188] HLS.L30.T11SKC.2021098T183303.v2.0: wrote 8 files
[202/3634] [198] HLS.S30.T11SLC.2021098T182919.v2.0: wrote 8 files
[203/3634] [202] HLS.S30.T10TGM.2021099T184911.v2.0: wrote 8 files
[204/3634] [210] HLS.S30.T11TLE.2021099T184911.v2.0: SKIP NoDataInBounds (field does not intersect FMASK)
[205/3634] [203] HLS.S30.T11TKG.2021099T184911.v2.0: wrote 8 files
[206/3634] [200] HLS.S30.T11SLB.2021098T182919.v2.0: wrote 8 files
[207/3634] [207] HLS.S30.T11TKF.2021099T184911.v2.0: wrote 8 files
[208/3634] [205] HLS.S30.T10TEM.2021099T184911.v2.0: wrote 8 files
[209/3634] [208] HLS.S30.T10TGL.2021099T184911.v2.0: wrote 8 files
[210/3634] [204] HLS.S30.T10TFM.2021099T184911.v2.0: wrote 8 files
[211/3634] [212] HLS.S30.T11TKE.2021099T184911.v2.0: wrote 8 files
[212/3634] [213] HLS.S30.T10TGK.2021099T184911.v2.0: wrote 8 files
[213/3634] [209] HLS.S30.T10TFL.2021099T184911.v2.0: wrote 8 files
[214/3634] [216] HLS.S30.T11SKD.2021099T184911.v2.0: wrote 8 files
[215/3634] [211] HLS.S30.T10TEL.2021099T184911.v2.0: wrote 8 files
[216/3634] [217] HLS.S30.T10SGJ.2021099T184911.v2.0: wrote 8 files
[217/3634] [214] HLS.S30.T10TFK.2021099T184911.v2.0: wrote 8 files
[218/3634] [215] HLS.S30.T10TEK.2021099T184911.v2.0: wrote 8 files
[219/3634] [220] HLS.S30.T10SDJ.2021099T184911.v2.0: wrote 8 files
[220/3634] [218] HLS.S30.T10SFJ.2021099T184911.v2.0: wrote 8 files
[221/3634] [219] HLS.S30.T10SEJ.2021099T184911.v2.0: wrote 8 files
[222/3634] [221] HLS.S30.T11SKC.2021099T184911.v2.0: wrote 8 files
[223/3634] [229] HLS.S30.T10SDG.2021099T184911.v2.0: SKIP NoDataInBounds (field does not intersect FMASK)
[224/3634] [222] HLS.S30.T10SGH.2021099T184911.v2.0: wrote 8 files
[225/3634] [225] HLS.S30.T10SDH.2021099T184911.v2.0: wrote 8 files
[226/3634] [223] HLS.S30.T10SFH.2021099T184911.v2.0: wrote 8 files
[227/3634] [231] HLS.S30.T10TCM.2021100T190909.v2.0: wrote 8 files
[228/3634] [224] HLS.S30.T10SEH.2021099T184911.v2.0: wrote 8 files
[229/3634] [226] HLS.S30.T11SKB.2021099T184911.v2.0: wrote 8 files
[230/3634] [236] HLS.S30.T11TMG.2021101T183919.v2.0: SKIP NoDataInBounds (field does not intersect FMASK)
[231/3634] [237] HLS.S30.T11TLG.2021101T183919.v2.0: SKIP NoDataInBounds (field does not intersect FMASK)
[232/3634] [227] HLS.S30.T10SGG.2021099T184911.v2.0: wrote 8 files
[233/3634] [228] HLS.S30.T10SFG.2021099T184911.v2.0: wrote 8 files
[234/3634] [240] HLS.S30.T11TMF.2021101T183919.v2.0: SKIP NoDataInBounds (field does not intersect FMASK)
[235/3634] [241] HLS.S30.T11TLF.2021101T183919.v2.0: SKIP NoDataInBounds (field does not intersect FMASK)
[236/3634] [230] HLS.S30.T10TDM.2021100T190909.v2.0: wrote 8 files
[237/3634] [235] HLS.S30.T10TCK.2021100T190909.v2.0: wrote 8 files
[238/3634] [244] HLS.S30.T11TME.2021101T183919.v2.0: SKIP NoDataInBounds (field does not intersect FMASK)
[239/3634] [233] HLS.S30.T10TCL.2021100T190909.v2.0: wrote 8 files
[240/3634] [245] HLS.S30.T11TLE.2021101T183919.v2.0: SKIP NoDataInBounds (field does not intersect FMASK)
[241/3634] [238] HLS.S30.T10TGM.2021101T183919.v2.0: wrote 8 files
[242/3634] [248] HLS.S30.T11SMD.2021101T183919.v2.0: SKIP NoDataInBounds (field does not intersect FMASK)
[243/3634] [249] HLS.S30.T11SLD.2021101T183919.v2.0: SKIP NoDataInBounds (field does not intersect FMASK)
[244/3634] [239] HLS.S30.T11TKG.2021101T183919.v2.0: wrote 8 files
[245/3634] [232] HLS.S30.T10TDL.2021100T190909.v2.0: wrote 8 files
[246/3634] [252] HLS.S30.T11SMC.2021101T183919.v2.0: SKIP NoDataInBounds (field does not intersect FMASK)
[247/3634] [242] HLS.S30.T11TKF.2021101T183919.v2.0: wrote 8 files
[248/3634] [243] HLS.S30.T10TGL.2021101T183919.v2.0: wrote 8 files
[249/3634] [234] HLS.S30.T10TDK.2021100T190909.v2.0: wrote 8 files
[250/3634] [247] HLS.S30.T10TGK.2021101T183919.v2.0: wrote 8 files
[251/3634] [246] HLS.S30.T11TKE.2021101T183919.v2.0: wrote 8 files
[252/3634] [250] HLS.S30.T11SKD.2021101T183919.v2.0: wrote 8 files
[253/3634] [258] HLS.S30.T11SMB.2021101T183919.v2.0: wrote 8 files
[254/3634] [254] HLS.S30.T11SLC.2021101T183919.v2.0: wrote 8 files
[255/3634] [251] HLS.S30.T10SGJ.2021101T183919.v2.0: wrote 8 files
[256/3634] [253] HLS.S30.T10SFJ.2021101T183919.v2.0: wrote 8 files
[257/3634] [256] HLS.S30.T10SGH.2021101T183919.v2.0: wrote 8 files
[258/3634] [255] HLS.S30.T11SKC.2021101T183919.v2.0: wrote 8 files
[259/3634] [257] HLS.S30.T10SFH.2021101T183919.v2.0: wrote 8 files
[260/3634] [259] HLS.S30.T11SLB.2021101T183919.v2.0: wrote 8 files
[261/3634] [261] HLS.S30.T10SGG.2021101T183919.v2.0: wrote 8 files
[262/3634] [260] HLS.S30.T11SKB.2021101T183919.v2.0: wrote 8 files
[263/3634] [264] HLS.L30.T10TCM.2021101T190244.v2.0: wrote 8 files
[264/3634] [263] HLS.L30.T10TDM.2021101T190244.v2.0: wrote 8 files
[265/3634] [262] HLS.S30.T10SFG.2021101T183919.v2.0: wrote 8 files
[266/3634] [265] HLS.L30.T10TCL.2021101T190308.v2.0: wrote 8 files
[267/3634] [269] HLS.S30.T10TCM.2021102T185911.v2.0: wrote 8 files
[268/3634] [266] HLS.S30.T10TFM.2021102T185911.v2.0: wrote 8 files
[269/3634] [267] HLS.S30.T10TEM.2021102T185911.v2.0: wrote 8 files
[270/3634] [274] HLS.S30.T10TCL.2021102T185911.v2.0: wrote 8 files
[271/3634] [268] HLS.S30.T10TDM.2021102T185911.v2.0: wrote 8 files
[272/3634] [270] HLS.S30.T10TFL.2021102T185911.v2.0: wrote 8 files
[273/3634] [277] HLS.S30.T10TCK.2021102T185911.v2.0: wrote 8 files
[274/3634] [273] HLS.S30.T10TFK.2021102T185911.v2.0: wrote 8 files
[275/3634] [271] HLS.S30.T10TEL.2021102T185911.v2.0: wrote 8 files
[276/3634] [272] HLS.S30.T10TDL.2021102T185911.v2.0: wrote 8 files
[277/3634] [283] HLS.S30.T10SDG.2021102T185911.v2.0: SKIP NoDataInBounds (field does not intersect FMASK)
[278/3634] [284] HLS.S30.T11TME.2021103T182911.v2.0: SKIP NoDataInBounds (field does not intersect FMASK)
[279/3634] [285] HLS.S30.T11SMD.2021103T182911.v2.0: SKIP NoDataInBounds (field does not intersect FMASK)
[280/3634] [286] HLS.S30.T11SLD.2021103T182911.v2.0: SKIP NoDataInBounds (field does not intersect FMASK)
[281/3634] [287] HLS.S30.T11SMC.2021103T182911.v2.0: SKIP NoDataInBounds (field does not intersect FMASK)
[282/3634] [275] HLS.S30.T10TEK.2021102T185911.v2.0: wrote 8 files
[283/3634] [276] HLS.S30.T10TDK.2021102T185911.v2.0: wrote 8 files
[284/3634] [282] HLS.S30.T10SEG.2021102T185911.v2.0: wrote 8 files
[285/3634] [278] HLS.S30.T10SEJ.2021102T185911.v2.0: wrote 8 files
[286/3634] [281] HLS.S30.T10SDH.2021102T185911.v2.0: wrote 8 files
[287/3634] [288] HLS.S30.T11SLC.2021103T182911.v2.0: wrote 8 files
[288/3634] [289] HLS.S30.T11SMB.2021103T182911.v2.0: wrote 8 files
[289/3634] [279] HLS.S30.T10SDJ.2021102T185911.v2.0: wrote 8 files
[290/3634] [280] HLS.S30.T10SEH.2021102T185911.v2.0: wrote 8 files
[291/3634] [290] HLS.S30.T11SLB.2021103T182911.v2.0: wrote 8 files
[292/3634] [291] HLS.L30.T10TFM.2021103T185022.v2.0: wrote 8 files
[293/3634] [292] HLS.L30.T10TEM.2021103T185022.v2.0: wrote 8 files
[294/3634] [293] HLS.L30.T10TDM.2021103T185045.v2.0: wrote 8 files
[295/3634] [299] HLS.L30.T10TCK.2021103T185109.v2.0: wrote 8 files
[296/3634] [294] HLS.L30.T10TDL.2021103T185045.v2.0: wrote 8 files
[297/3634] [297] HLS.L30.T10TFK.2021103T185109.v2.0: wrote 8 files
[298/3634] [296] HLS.L30.T10TFL.2021103T185045.v2.0: wrote 8 files
[299/3634] [305] HLS.L30.T10SDG.2021103T185157.v2.0: SKIP NoDataInBounds (field does not intersect FMASK)
[300/3634] [295] HLS.L30.T10TEL.2021103T185045.v2.0: wrote 8 files
[301/3634] [307] HLS.S30.T11TLG.2021104T184919.v2.0: SKIP NoDataInBounds (field does not intersect FMASK)
[302/3634] [298] HLS.L30.T10SEJ.2021103T185109.v2.0: wrote 8 files
[303/3634] [308] HLS.S30.T10TGM.2021104T184919.v2.0: wrote 8 files
[304/3634] [301] HLS.L30.T10SDJ.2021103T185109.v2.0: wrote 8 files
[305/3634] [300] HLS.L30.T10TDK.2021103T185109.v2.0: wrote 8 files
[306/3634] [312] HLS.S30.T11TLF.2021104T184919.v2.0: SKIP NoDataInBounds (field does not intersect FMASK)
[307/3634] [306] HLS.L30.T10SEG.2021103T185157.v2.0: wrote 8 files
[308/3634] [304] HLS.L30.T10SDH.2021103T185133.v2.0: wrote 8 files
[309/3634] [302] HLS.L30.T10TEK.2021103T185109.v2.0: wrote 8 files
[310/3634] [316] HLS.S30.T11TLE.2021104T184919.v2.0: SKIP NoDataInBounds (field does not intersect FMASK)
[311/3634] [309] HLS.S30.T11TKG.2021104T184919.v2.0: wrote 8 files
[312/3634] [303] HLS.L30.T10SEH.2021103T185133.v2.0: wrote 8 files
[313/3634] [311] HLS.S30.T10TEM.2021104T184919.v2.0: wrote 8 files
[314/3634] [313] HLS.S30.T11TKF.2021104T184919.v2.0: wrote 8 files
[315/3634] [310] HLS.S30.T10TFM.2021104T184919.v2.0: wrote 8 files
[316/3634] [314] HLS.S30.T10TGL.2021104T184919.v2.0: wrote 8 files
[317/3634] [318] HLS.S30.T11TKE.2021104T184919.v2.0: wrote 8 files
[318/3634] [319] HLS.S30.T10TGK.2021104T184919.v2.0: wrote 8 files
[319/3634] [315] HLS.S30.T10TFL.2021104T184919.v2.0: wrote 8 files
[320/3634] [317] HLS.S30.T10TEL.2021104T184919.v2.0: wrote 8 files
[321/3634] [322] HLS.S30.T11SKD.2021104T184919.v2.0: wrote 8 files
[322/3634] [323] HLS.S30.T10SGJ.2021104T184919.v2.0: wrote 8 files
[323/3634] [320] HLS.S30.T10TFK.2021104T184919.v2.0: wrote 8 files
[324/3634] [321] HLS.S30.T10TEK.2021104T184919.v2.0: wrote 8 files
[325/3634] [324] HLS.S30.T10SFJ.2021104T184919.v2.0: wrote 8 files
[326/3634] [325] HLS.S30.T10SEJ.2021104T184919.v2.0: wrote 8 files
[327/3634] [326] HLS.S30.T10SDJ.2021104T184919.v2.0: wrote 8 files
[328/3634] [327] HLS.S30.T11SKC.2021104T184919.v2.0: wrote 8 files
[329/3634] [328] HLS.S30.T10SGH.2021104T184919.v2.0: wrote 8 files
[330/3634] [336] HLS.S30.T10SDG.2021104T184919.v2.0: SKIP NoDataInBounds (field does not intersect FMASK)
[331/3634] [337] HLS.L30.T11TMG.2021105T183759.v2.0: SKIP NoDataInBounds (field does not intersect FMASK)
[332/3634] [338] HLS.L30.T11TLG.2021105T183759.v2.0: SKIP NoDataInBounds (field does not intersect FMASK)
[333/3634] [331] HLS.S30.T10SDH.2021104T184919.v2.0: wrote 8 files
[334/3634] [332] HLS.S30.T11SKB.2021104T184919.v2.0: wrote 8 files
[335/3634] [329] HLS.S30.T10SFH.2021104T184919.v2.0: wrote 8 files
[336/3634] [330] HLS.S30.T10SEH.2021104T184919.v2.0: wrote 8 files
[337/3634] [343] HLS.L30.T11TLF.2021105T183823.v2.0: SKIP NoDataInBounds (field does not intersect FMASK)
[338/3634] [333] HLS.S30.T10SGG.2021104T184919.v2.0: wrote 8 files
[339/3634] [345] HLS.L30.T11TLE.2021105T183847.v2.0: SKIP NoDataInBounds (field does not intersect FMASK)
[340/3634] [334] HLS.S30.T10SFG.2021104T184919.v2.0: wrote 8 files
[341/3634] [339] HLS.L30.T11TKG.2021105T183823.v2.0: wrote 8 files
[342/3634] [335] HLS.S30.T10SEG.2021104T184919.v2.0: wrote 8 files
[343/3634] [349] HLS.L30.T11SLD.2021105T183847.v2.0: SKIP NoDataInBounds (field does not intersect FMASK)
[344/3634] [340] HLS.L30.T11TKF.2021105T183823.v2.0: wrote 8 files
[345/3634] [341] HLS.L30.T10TGM.2021105T183823.v2.0: wrote 8 files
[346/3634] [344] HLS.L30.T10TGL.2021105T183823.v2.0: wrote 8 files
[347/3634] [350] HLS.L30.T11TKE.2021105T183847.v2.0: wrote 8 files
[348/3634] [348] HLS.L30.T11SKD.2021105T183847.v2.0: wrote 8 files
[349/3634] [342] HLS.L30.T10TFL.2021105T183823.v2.0: wrote 8 files
[350/3634] [352] HLS.L30.T10TGK.2021105T183847.v2.0: wrote 8 files
[351/3634] [346] HLS.L30.T10TFK.2021105T183847.v2.0: wrote 8 files
[352/3634] [347] HLS.L30.T10SGJ.2021105T183847.v2.0: wrote 8 files
[353/3634] [353] HLS.L30.T11SLC.2021105T183911.v2.0: wrote 8 files
[354/3634] [351] HLS.L30.T10SFJ.2021105T183847.v2.0: wrote 8 files
[355/3634] [361] HLS.S30.T10TCM.2021105T190911.v2.0: wrote 8 files
[356/3634] [357] HLS.L30.T11SKB.2021105T183935.v2.0: wrote 8 files
[357/3634] [359] HLS.L30.T10SFG.2021105T183935.v2.0: wrote 8 files
[358/3634] [358] HLS.L30.T10SGG.2021105T183935.v2.0: wrote 8 files
[359/3634] [360] HLS.S30.T10TDM.2021105T190911.v2.0: wrote 8 files
[360/3634] [366] HLS.S30.T11TMG.2021106T183911.v2.0: SKIP NoDataInBounds (field does not intersect FMASK)
[361/3634] [367] HLS.S30.T11TLG.2021106T183911.v2.0: SKIP NoDataInBounds (field does not intersect FMASK)
[362/3634] [355] HLS.L30.T10SFH.2021105T183911.v2.0: wrote 8 files
[363/3634] [354] HLS.L30.T11SKC.2021105T183911.v2.0: wrote 8 files
[364/3634] [370] HLS.S30.T11TMF.2021106T183911.v2.0: SKIP NoDataInBounds (field does not intersect FMASK)
[365/3634] [371] HLS.S30.T11TLF.2021106T183911.v2.0: SKIP NoDataInBounds (field does not intersect FMASK)
[366/3634] [356] HLS.L30.T10SGH.2021105T183911.v2.0: wrote 8 files
[367/3634] [365] HLS.S30.T10TCK.2021105T190911.v2.0: wrote 8 files
[368/3634] [374] HLS.S30.T11TME.2021106T183911.v2.0: SKIP NoDataInBounds (field does not intersect FMASK)
[369/3634] [375] HLS.S30.T11TLE.2021106T183911.v2.0: SKIP NoDataInBounds (field does not intersect FMASK)
[370/3634] [363] HLS.S30.T10TCL.2021105T190911.v2.0: wrote 8 files
[371/3634] [368] HLS.S30.T10TGM.2021106T183911.v2.0: wrote 8 files
[372/3634] [378] HLS.S30.T11SMD.2021106T183911.v2.0: SKIP NoDataInBounds (field does not intersect FMASK)
[373/3634] [379] HLS.S30.T11SLD.2021106T183911.v2.0: SKIP NoDataInBounds (field does not intersect FMASK)
[374/3634] [369] HLS.S30.T11TKG.2021106T183911.v2.0: wrote 8 files
[375/3634] [372] HLS.S30.T11TKF.2021106T183911.v2.0: wrote 8 files
[376/3634] [382] HLS.S30.T11SMC.2021106T183911.v2.0: SKIP NoDataInBounds (field does not intersect FMASK)
[377/3634] [362] HLS.S30.T10TDL.2021105T190911.v2.0: wrote 8 files
[378/3634] [373] HLS.S30.T10TGL.2021106T183911.v2.0: wrote 8 files
[379/3634] [364] HLS.S30.T10TDK.2021105T190911.v2.0: wrote 8 files
[380/3634] [376] HLS.S30.T11TKE.2021106T183911.v2.0: wrote 8 files
[381/3634] [377] HLS.S30.T10TGK.2021106T183911.v2.0: wrote 8 files
[382/3634] [380] HLS.S30.T11SKD.2021106T183911.v2.0: wrote 8 files
[383/3634] [388] HLS.S30.T11SMB.2021106T183911.v2.0: wrote 8 files
[384/3634] [384] HLS.S30.T11SLC.2021106T183911.v2.0: wrote 8 files
[385/3634] [381] HLS.S30.T10SGJ.2021106T183911.v2.0: wrote 8 files
[386/3634] [383] HLS.S30.T10SFJ.2021106T183911.v2.0: wrote 8 files
[387/3634] [393] HLS.L30.T11TMF.2021107T182600.v2.0: SKIP NoDataInBounds (field does not intersect FMASK)
[388/3634] [394] HLS.L30.T11SMD.2021107T182624.v2.0: SKIP NoDataInBounds (field does not intersect FMASK)
[389/3634] [395] HLS.L30.T11TME.2021107T182624.v2.0: SKIP NoDataInBounds (field does not intersect FMASK)
[390/3634] [396] HLS.L30.T11SLD.2021107T182648.v2.0: SKIP NoDataInBounds (field does not intersect FMASK)
[391/3634] [397] HLS.L30.T11SMC.2021107T182648.v2.0: SKIP NoDataInBounds (field does not intersect FMASK)
[392/3634] [385] HLS.S30.T11SKC.2021106T183911.v2.0: wrote 8 files
[393/3634] [386] HLS.S30.T10SGH.2021106T183911.v2.0: wrote 8 files
[394/3634] [387] HLS.S30.T10SFH.2021106T183911.v2.0: wrote 8 files
[395/3634] [389] HLS.S30.T11SLB.2021106T183911.v2.0: wrote 8 files
[396/3634] [390] HLS.S30.T11SKB.2021106T183911.v2.0: wrote 8 files
[397/3634] [391] HLS.S30.T10SGG.2021106T183911.v2.0: wrote 8 files
[398/3634] [392] HLS.S30.T10SFG.2021106T183911.v2.0: wrote 8 files
[399/3634] [400] HLS.L30.T11SMB.2021107T182712.v2.0: wrote 8 files
[400/3634] [398] HLS.L30.T11SLC.2021107T182648.v2.0: wrote 8 files
[401/3634] [404] HLS.S30.T10TCM.2021107T185909.v2.0: wrote 8 files
[402/3634] [401] HLS.S30.T10TFM.2021107T185909.v2.0: wrote 8 files
[403/3634] [399] HLS.L30.T11SLB.2021107T182712.v2.0: wrote 8 files
[404/3634] [402] HLS.S30.T10TEM.2021107T185909.v2.0: wrote 8 files
[405/3634] [403] HLS.S30.T10TDM.2021107T185909.v2.0: wrote 8 files
[406/3634] [409] HLS.S30.T10TCL.2021107T185909.v2.0: wrote 8 files
[407/3634] [412] HLS.S30.T10TCK.2021107T185909.v2.0: wrote 8 files
[408/3634] [405] HLS.S30.T10TFL.2021107T185909.v2.0: wrote 8 files
[409/3634] [408] HLS.S30.T10TFK.2021107T185909.v2.0: wrote 8 files
[410/3634] [406] HLS.S30.T10TEL.2021107T185909.v2.0: wrote 8 files
[411/3634] [407] HLS.S30.T10TDL.2021107T185909.v2.0: wrote 8 files
[412/3634] [418] HLS.S30.T11TMF.2021108T182909.v2.0: SKIP NoDataInBounds (field does not intersect FMASK)
[413/3634] [419] HLS.S30.T11TME.2021108T182909.v2.0: SKIP NoDataInBounds (field does not intersect FMASK)
[414/3634] [420] HLS.S30.T11SMD.2021108T182909.v2.0: SKIP NoDataInBounds (field does not intersect FMASK)
[415/3634] [421] HLS.S30.T11SLD.2021108T182909.v2.0: SKIP NoDataInBounds (field does not intersect FMASK)
[416/3634] [422] HLS.S30.T11SMC.2021108T182909.v2.0: SKIP NoDataInBounds (field does not intersect FMASK)
[417/3634] [410] HLS.S30.T10TEK.2021107T185909.v2.0: wrote 8 files
[418/3634] [411] HLS.S30.T10TDK.2021107T185909.v2.0: wrote 8 files
[419/3634] [417] HLS.S30.T10SEG.2021107T185909.v2.0: wrote 8 files
[420/3634] [426] HLS.S30.T11TLG.2021109T184911.v2.0: SKIP NoDataInBounds (field does not intersect FMASK)
[421/3634] [416] HLS.S30.T10SDH.2021107T185909.v2.0: wrote 8 files
[422/3634] [424] HLS.S30.T11SMB.2021108T182909.v2.0: wrote 8 files
[423/3634] [413] HLS.S30.T10SEJ.2021107T185909.v2.0: wrote 8 files
[424/3634] [414] HLS.S30.T10SDJ.2021107T185909.v2.0: wrote 8 files
[425/3634] [431] HLS.S30.T11TLF.2021109T184911.v2.0: SKIP NoDataInBounds (field does not intersect FMASK)
[426/3634] [423] HLS.S30.T11SLC.2021108T182909.v2.0: wrote 8 files
[427/3634] [415] HLS.S30.T10SEH.2021107T185909.v2.0: wrote 8 files
[428/3634] [427] HLS.S30.T10TGM.2021109T184911.v2.0: wrote 8 files
[429/3634] [435] HLS.S30.T11TLE.2021109T184911.v2.0: SKIP NoDataInBounds (field does not intersect FMASK)
[430/3634] [425] HLS.S30.T11SLB.2021108T182909.v2.0: wrote 8 files
[431/3634] [428] HLS.S30.T11TKG.2021109T184911.v2.0: wrote 8 files
[432/3634] [430] HLS.S30.T10TEM.2021109T184911.v2.0: wrote 8 files
[433/3634] [432] HLS.S30.T11TKF.2021109T184911.v2.0: wrote 8 files
[434/3634] [433] HLS.S30.T10TGL.2021109T184911.v2.0: wrote 8 files
[435/3634] [429] HLS.S30.T10TFM.2021109T184911.v2.0: wrote 8 files
[436/3634] [437] HLS.S30.T11TKE.2021109T184911.v2.0: wrote 8 files
[437/3634] [438] HLS.S30.T10TGK.2021109T184911.v2.0: wrote 8 files
[438/3634] [434] HLS.S30.T10TFL.2021109T184911.v2.0: wrote 8 files
[439/3634] [436] HLS.S30.T10TEL.2021109T184911.v2.0: wrote 8 files
[440/3634] [441] HLS.S30.T11SKD.2021109T184911.v2.0: wrote 8 files
[441/3634] [442] HLS.S30.T10SGJ.2021109T184911.v2.0: wrote 8 files
[442/3634] [440] HLS.S30.T10TEK.2021109T184911.v2.0: wrote 8 files
[443/3634] [439] HLS.S30.T10TFK.2021109T184911.v2.0: wrote 8 files
[444/3634] [443] HLS.S30.T10SFJ.2021109T184911.v2.0: wrote 8 files
[445/3634] [445] HLS.S30.T10SDJ.2021109T184911.v2.0: wrote 8 files
[446/3634] [444] HLS.S30.T10SEJ.2021109T184911.v2.0: wrote 8 files
[447/3634] [446] HLS.S30.T11SKC.2021109T184911.v2.0: wrote 8 files
[448/3634] [447] HLS.S30.T10SGH.2021109T184911.v2.0: wrote 8 files
[449/3634] [455] HLS.S30.T10SDG.2021109T184911.v2.0: SKIP NoDataInBounds (field does not intersect FMASK)
[450/3634] [450] HLS.S30.T10SDH.2021109T184911.v2.0: wrote 8 files
[451/3634] [451] HLS.S30.T11SKB.2021109T184911.v2.0: wrote 8 files
[452/3634] [448] HLS.S30.T10SFH.2021109T184911.v2.0: wrote 8 files
[453/3634] [449] HLS.S30.T10SEH.2021109T184911.v2.0: wrote 8 files
[454/3634] [452] HLS.S30.T10SGG.2021109T184911.v2.0: wrote 8 files
[455/3634] [453] HLS.S30.T10SFG.2021109T184911.v2.0: wrote 8 files
[456/3634] [454] HLS.S30.T10SEG.2021109T184911.v2.0: wrote 8 files
[457/3634] [460] HLS.L30.T10TCM.2021110T185653.v2.0: wrote 8 files
[458/3634] [457] HLS.L30.T10TEM.2021110T185629.v2.0: wrote 8 files
[459/3634] [456] HLS.L30.T10TDM.2021110T185629.v2.0: wrote 8 files
[460/3634] [459] HLS.L30.T10TCL.2021110T185653.v2.0: wrote 8 files
[461/3634] [464] HLS.L30.T10TCK.2021110T185717.v2.0: wrote 8 files
[462/3634] [467] HLS.S30.T10TCM.2021110T190909.v2.0: wrote 8 files
[463/3634] [458] HLS.L30.T10TEL.2021110T185653.v2.0: wrote 8 files
[464/3634] [465] HLS.L30.T10SDH.2021110T185741.v2.0: wrote 8 files
[465/3634] [466] HLS.S30.T10TDM.2021110T190909.v2.0: wrote 8 files
[466/3634] [471] HLS.S30.T11TMG.2021111T183909.v2.0: SKIP NoDataInBounds (field does not intersect FMASK)
[467/3634] [472] HLS.S30.T11TLG.2021111T183909.v2.0: SKIP NoDataInBounds (field does not intersect FMASK)
[468/3634] [461] HLS.L30.T10TDL.2021110T185653.v2.0: wrote 8 files
[469/3634] [475] HLS.S30.T11TMF.2021111T183909.v2.0: SKIP NoDataInBounds (field does not intersect FMASK)
[470/3634] [476] HLS.S30.T11TLF.2021111T183909.v2.0: SKIP NoDataInBounds (field does not intersect FMASK)
[471/3634] [462] HLS.L30.T10TDK.2021110T185717.v2.0: wrote 8 files
[472/3634] [463] HLS.L30.T10SDJ.2021110T185717.v2.0: wrote 8 files
[473/3634] [469] HLS.S30.T10TCL.2021110T190909.v2.0: wrote 8 files
[474/3634] [480] HLS.S30.T11TLE.2021111T183909.v2.0: SKIP NoDataInBounds (field does not intersect FMASK)
[475/3634] [479] HLS.S30.T11TME.2021111T183909.v2.0: SKIP NoDataInBounds (field does not intersect FMASK)
[476/3634] [470] HLS.S30.T10TCK.2021110T190909.v2.0: wrote 8 files
[477/3634] [483] HLS.S30.T11SMD.2021111T183909.v2.0: SKIP NoDataInBounds (field does not intersect FMASK)
[478/3634] [484] HLS.S30.T11SLD.2021111T183909.v2.0: SKIP NoDataInBounds (field does not intersect FMASK)
[479/3634] [473] HLS.S30.T10TGM.2021111T183909.v2.0: wrote 8 files
[480/3634] [474] HLS.S30.T11TKG.2021111T183909.v2.0: wrote 8 files
[481/3634] [487] HLS.S30.T11SMC.2021111T183909.v2.0: SKIP NoDataInBounds (field does not intersect FMASK)
[482/3634] [468] HLS.S30.T10TDL.2021110T190909.v2.0: wrote 8 files
[483/3634] [478] HLS.S30.T10TGL.2021111T183909.v2.0: wrote 8 files
[484/3634] [477] HLS.S30.T11TKF.2021111T183909.v2.0: wrote 8 files
[485/3634] [482] HLS.S30.T10TGK.2021111T183909.v2.0: wrote 8 files
[486/3634] [481] HLS.S30.T11TKE.2021111T183909.v2.0: wrote 8 files
[487/3634] [485] HLS.S30.T11SKD.2021111T183909.v2.0: wrote 8 files
[488/3634] [493] HLS.S30.T11SMB.2021111T183909.v2.0: wrote 8 files
[489/3634] [489] HLS.S30.T11SLC.2021111T183909.v2.0: wrote 8 files
[490/3634] [486] HLS.S30.T10SGJ.2021111T183909.v2.0: wrote 8 files
[491/3634] [488] HLS.S30.T10SFJ.2021111T183909.v2.0: wrote 8 files
[492/3634] [494] HLS.S30.T11SLB.2021111T183909.v2.0: wrote 8 files
[493/3634] [492] HLS.S30.T10SFH.2021111T183909.v2.0: wrote 8 files
[494/3634] [490] HLS.S30.T11SKC.2021111T183909.v2.0: wrote 8 files
[495/3634] [491] HLS.S30.T10SGH.2021111T183909.v2.0: wrote 8 files
[496/3634] [495] HLS.S30.T11SKB.2021111T183909.v2.0: wrote 8 files
[497/3634] [498] HLS.L30.T10TGM.2021112T184406.v2.0: wrote 8 files
[498/3634] [496] HLS.S30.T10SGG.2021111T183909.v2.0: wrote 8 files
[499/3634] [497] HLS.S30.T10SFG.2021111T183909.v2.0: wrote 8 files
[500/3634] [499] HLS.L30.T11TKG.2021112T184406.v2.0: wrote 8 files
[501/3634] [500] HLS.L30.T10TFM.2021112T184430.v2.0: wrote 8 files
[502/3634] [503] HLS.L30.T11TKF.2021112T184430.v2.0: wrote 8 files
[503/3634] [504] HLS.L30.T10TGL.2021112T184430.v2.0: wrote 8 files
[504/3634] [505] HLS.L30.T10TEM.2021112T184430.v2.0: wrote 8 files
[505/3634] [501] HLS.L30.T10TEL.2021112T184430.v2.0: wrote 8 files
[506/3634] [502] HLS.L30.T10TFL.2021112T184430.v2.0: wrote 8 files
[507/3634] [510] HLS.L30.T10TGK.2021112T184454.v2.0: wrote 8 files
[508/3634] [511] HLS.L30.T11SKD.2021112T184454.v2.0: wrote 8 files
[509/3634] [507] HLS.L30.T10SEJ.2021112T184454.v2.0: wrote 8 files
[510/3634] [506] HLS.L30.T10SFJ.2021112T184454.v2.0: wrote 8 files
[511/3634] [508] HLS.L30.T10SGJ.2021112T184454.v2.0: wrote 8 files
[512/3634] [513] HLS.L30.T11TKE.2021112T184454.v2.0: wrote 8 files
[513/3634] [509] HLS.L30.T10TEK.2021112T184454.v2.0: wrote 8 files
[514/3634] [512] HLS.L30.T10TFK.2021112T184454.v2.0: wrote 8 files
[515/3634] [515] HLS.L30.T10SDH.2021112T184518.v2.0: wrote 8 files
[516/3634] [514] HLS.L30.T10SGH.2021112T184518.v2.0: wrote 8 files
[517/3634] [516] HLS.L30.T10SEH.2021112T184518.v2.0: wrote 8 files
[518/3634] [517] HLS.L30.T10SFH.2021112T184518.v2.0: wrote 8 files
[519/3634] [525] HLS.L30.T10SDG.2021112T184542.v2.0: SKIP NoDataInBounds (field does not intersect FMASK)
[520/3634] [518] HLS.L30.T10TEK.2021112T184518.v2.0: wrote 8 files
[521/3634] [519] HLS.L30.T10TFK.2021112T184518.v2.0: wrote 8 files
[522/3634] [523] HLS.L30.T11SKD.2021112T184518.v2.0: wrote 8 files
[523/3634] [520] HLS.L30.T10SEJ.2021112T184518.v2.0: wrote 8 files
[524/3634] [522] HLS.L30.T10SGJ.2021112T184518.v2.0: wrote 8 files
[525/3634] [530] HLS.S30.T10TCM.2021112T185911.v2.0: wrote 8 files
[526/3634] [524] HLS.L30.T10SEG.2021112T184542.v2.0: wrote 8 files
[527/3634] [527] HLS.S30.T10TFM.2021112T185911.v2.0: wrote 8 files
[528/3634] [521] HLS.L30.T10SFJ.2021112T184518.v2.0: wrote 8 files
[529/3634] [526] HLS.L30.T10SFG.2021112T184542.v2.0: wrote 8 files
[530/3634] [528] HLS.S30.T10TEM.2021112T185911.v2.0: wrote 8 files
[531/3634] [529] HLS.S30.T10TDM.2021112T185911.v2.0: wrote 8 files
[532/3634] [535] HLS.S30.T10TCL.2021112T185911.v2.0: wrote 8 files
[533/3634] [538] HLS.S30.T10TCK.2021112T185911.v2.0: wrote 8 files
[534/3634] [531] HLS.S30.T10TFL.2021112T185911.v2.0: wrote 8 files
[535/3634] [534] HLS.S30.T10TFK.2021112T185911.v2.0: wrote 8 files
[536/3634] [532] HLS.S30.T10TEL.2021112T185911.v2.0: wrote 8 files
[537/3634] [543] HLS.S30.T11TMF.2021113T182911.v2.0: SKIP NoDataInBounds (field does not intersect FMASK)
[538/3634] [544] HLS.S30.T11TME.2021113T182911.v2.0: SKIP NoDataInBounds (field does not intersect FMASK)
[539/3634] [533] HLS.S30.T10TDL.2021112T185911.v2.0: wrote 8 files
[540/3634] [546] HLS.S30.T11SLD.2021113T182911.v2.0: SKIP NoDataInBounds (field does not intersect FMASK)
[541/3634] [545] HLS.S30.T11SMD.2021113T182911.v2.0: SKIP NoDataInBounds (field does not intersect FMASK)
[542/3634] [547] HLS.S30.T11SMC.2021113T182911.v2.0: SKIP NoDataInBounds (field does not intersect FMASK)
[543/3634] [536] HLS.S30.T10TEK.2021112T185911.v2.0: wrote 8 files
[544/3634] [537] HLS.S30.T10TDK.2021112T185911.v2.0: wrote 8 files
[545/3634] [551] HLS.L30.T11TMG.2021114T183144.v2.0: SKIP NoDataInBounds (field does not intersect FMASK)
[546/3634] [552] HLS.L30.T11TLG.2021114T183208.v2.0: SKIP NoDataInBounds (field does not intersect FMASK)
[547/3634] [553] HLS.L30.T11TMF.2021114T183208.v2.0: SKIP NoDataInBounds (field does not intersect FMASK)
[548/3634] [549] HLS.S30.T11SMB.2021113T182911.v2.0: wrote 8 files
[549/3634] [554] HLS.L30.T11TLF.2021114T183208.v2.0: SKIP NoDataInBounds (field does not intersect FMASK)
[550/3634] [539] HLS.S30.T10SEJ.2021112T185911.v2.0: wrote 8 files
[551/3634] [557] HLS.L30.T11SLD.2021114T183231.v2.0: SKIP NoDataInBounds (field does not intersect FMASK)
[552/3634] [558] HLS.L30.T11TME.2021114T183231.v2.0: SKIP NoDataInBounds (field does not intersect FMASK)
[553/3634] [559] HLS.L30.T11SMD.2021114T183231.v2.0: SKIP NoDataInBounds (field does not intersect FMASK)
[554/3634] [560] HLS.L30.T11TLE.2021114T183231.v2.0: SKIP NoDataInBounds (field does not intersect FMASK)
[555/3634] [542] HLS.S30.T10SDH.2021112T185911.v2.0: wrote 8 files
[556/3634] [548] HLS.S30.T11SLC.2021113T182911.v2.0: wrote 8 files
[557/3634] [540] HLS.S30.T10SDJ.2021112T185911.v2.0: wrote 8 files
[558/3634] [541] HLS.S30.T10SEH.2021112T185911.v2.0: wrote 8 files
[559/3634] [565] HLS.L30.T11SMC.2021114T183255.v2.0: SKIP NoDataInBounds (field does not intersect FMASK)
[560/3634] [550] HLS.S30.T11SLB.2021113T182911.v2.0: wrote 8 files
[561/3634] [556] HLS.L30.T11TKE.2021114T183231.v2.0: wrote 8 files
[562/3634] [555] HLS.L30.T10TGK.2021114T183231.v2.0: wrote 8 files
[563/3634] [567] HLS.L30.T11SMB.2021114T183319.v2.0: wrote 8 files
[564/3634] [561] HLS.L30.T11SKD.2021114T183231.v2.0: wrote 8 files
[565/3634] [571] HLS.S30.T11TLG.2021114T184909.v2.0: SKIP NoDataInBounds (field does not intersect FMASK)
[566/3634] [564] HLS.L30.T11SLC.2021114T183255.v2.0: wrote 8 files
[567/3634] [562] HLS.L30.T10SGJ.2021114T183255.v2.0: wrote 8 files
[568/3634] [569] HLS.L30.T10SGG.2021114T183319.v2.0: wrote 8 files
[569/3634] [572] HLS.S30.T10TGM.2021114T184909.v2.0: wrote 8 files
[570/3634] [563] HLS.L30.T10SGH.2021114T183255.v2.0: wrote 8 files
[571/3634] [568] HLS.L30.T11SLB.2021114T183319.v2.0: wrote 8 files
[572/3634] [576] HLS.S30.T11TLF.2021114T184909.v2.0: SKIP NoDataInBounds (field does not intersect FMASK)
[573/3634] [566] HLS.L30.T11SKC.2021114T183255.v2.0: wrote 8 files
[574/3634] [580] HLS.S30.T11TLE.2021114T184909.v2.0: SKIP NoDataInBounds (field does not intersect FMASK)
[575/3634] [573] HLS.S30.T11TKG.2021114T184909.v2.0: wrote 8 files
[576/3634] [570] HLS.L30.T11SKB.2021114T183319.v2.0: wrote 8 files
[577/3634] [574] HLS.S30.T10TFM.2021114T184909.v2.0: wrote 8 files
[578/3634] [577] HLS.S30.T11TKF.2021114T184909.v2.0: wrote 8 files
[579/3634] [578] HLS.S30.T10TGL.2021114T184909.v2.0: wrote 8 files
[580/3634] [575] HLS.S30.T10TEM.2021114T184909.v2.0: wrote 8 files
[581/3634] [582] HLS.S30.T11TKE.2021114T184909.v2.0: wrote 8 files
[582/3634] [583] HLS.S30.T10TGK.2021114T184909.v2.0: wrote 8 files
[583/3634] [579] HLS.S30.T10TFL.2021114T184909.v2.0: wrote 8 files
[584/3634] [581] HLS.S30.T10TEL.2021114T184909.v2.0: wrote 8 files
[585/3634] [586] HLS.S30.T11SKD.2021114T184909.v2.0: wrote 8 files
[586/3634] [584] HLS.S30.T10TFK.2021114T184909.v2.0: wrote 8 files
[587/3634] [587] HLS.S30.T10SGJ.2021114T184909.v2.0: wrote 8 files
[588/3634] [585] HLS.S30.T10TEK.2021114T184909.v2.0: wrote 8 files
[589/3634] [588] HLS.S30.T10SFJ.2021114T184909.v2.0: wrote 8 files
[590/3634] [589] HLS.S30.T10SEJ.2021114T184909.v2.0: wrote 8 files
[591/3634] [590] HLS.S30.T10SDJ.2021114T184909.v2.0: wrote 8 files
[592/3634] [591] HLS.S30.T11SKC.2021114T184909.v2.0: wrote 8 files
[593/3634] [595] HLS.S30.T10SDH.2021114T184909.v2.0: wrote 8 files
[594/3634] [592] HLS.S30.T10SGH.2021114T184909.v2.0: wrote 8 files
[595/3634] [600] HLS.S30.T10SDG.2021114T184909.v2.0: SKIP NoDataInBounds (field does not intersect FMASK)
[596/3634] [596] HLS.S30.T11SKB.2021114T184909.v2.0: wrote 8 files
[597/3634] [597] HLS.S30.T10SGG.2021114T184909.v2.0: wrote 8 files
[598/3634] [593] HLS.S30.T10SFH.2021114T184909.v2.0: wrote 8 files
[599/3634] [602] HLS.S30.T10TCM.2021115T190911.v2.0: wrote 8 files
[600/3634] [598] HLS.S30.T10SFG.2021114T184909.v2.0: wrote 8 files
[601/3634] [607] HLS.S30.T11TMG.2021116T183921.v2.0: SKIP NoDataInBounds (field does not intersect FMASK)
[602/3634] [608] HLS.S30.T11TLG.2021116T183921.v2.0: SKIP NoDataInBounds (field does not intersect FMASK)
[603/3634] [594] HLS.S30.T10SEH.2021114T184909.v2.0: wrote 8 files
[604/3634] [599] HLS.S30.T10SEG.2021114T184909.v2.0: wrote 8 files
[605/3634] [611] HLS.S30.T11TMF.2021116T183921.v2.0: SKIP NoDataInBounds (field does not intersect FMASK)
[606/3634] [612] HLS.S30.T11TLF.2021116T183921.v2.0: SKIP NoDataInBounds (field does not intersect FMASK)
[607/3634] [606] HLS.S30.T10TCK.2021115T190911.v2.0: wrote 8 files
[608/3634] [601] HLS.S30.T10TDM.2021115T190911.v2.0: wrote 8 files
[609/3634] [615] HLS.S30.T11TME.2021116T183921.v2.0: SKIP NoDataInBounds (field does not intersect FMASK)
[610/3634] [616] HLS.S30.T11TLE.2021116T183921.v2.0: SKIP NoDataInBounds (field does not intersect FMASK)
[611/3634] [604] HLS.S30.T10TCL.2021115T190911.v2.0: wrote 8 files
[612/3634] [609] HLS.S30.T10TGM.2021116T183921.v2.0: wrote 8 files
[613/3634] [619] HLS.S30.T11SMD.2021116T183921.v2.0: SKIP NoDataInBounds (field does not intersect FMASK)
[614/3634] [620] HLS.S30.T11SLD.2021116T183921.v2.0: SKIP NoDataInBounds (field does not intersect FMASK)
[615/3634] [610] HLS.S30.T11TKG.2021116T183921.v2.0: wrote 8 files
[616/3634] [613] HLS.S30.T11TKF.2021116T183921.v2.0: wrote 8 files
[617/3634] [623] HLS.S30.T11SMC.2021116T183921.v2.0: SKIP NoDataInBounds (field does not intersect FMASK)
[618/3634] [603] HLS.S30.T10TDL.2021115T190911.v2.0: wrote 8 files
[619/3634] [605] HLS.S30.T10TDK.2021115T190911.v2.0: wrote 8 files
[620/3634] [614] HLS.S30.T10TGL.2021116T183921.v2.0: wrote 8 files
[621/3634] [617] HLS.S30.T11TKE.2021116T183921.v2.0: wrote 8 files
[622/3634] [618] HLS.S30.T10TGK.2021116T183921.v2.0: wrote 8 files
[623/3634] [621] HLS.S30.T11SKD.2021116T183921.v2.0: wrote 8 files
[624/3634] [629] HLS.S30.T11SMB.2021116T183921.v2.0: wrote 8 files
[625/3634] [622] HLS.S30.T10SGJ.2021116T183921.v2.0: wrote 8 files
[626/3634] [625] HLS.S30.T11SLC.2021116T183921.v2.0: wrote 8 files
[627/3634] [624] HLS.S30.T10SFJ.2021116T183921.v2.0: wrote 8 files
[628/3634] [626] HLS.S30.T11SKC.2021116T183921.v2.0: wrote 8 files
[629/3634] [630] HLS.S30.T11SLB.2021116T183921.v2.0: wrote 8 files
[630/3634] [627] HLS.S30.T10SGH.2021116T183921.v2.0: wrote 8 files
[631/3634] [628] HLS.S30.T10SFH.2021116T183921.v2.0: wrote 8 files
[632/3634] [631] HLS.S30.T11SKB.2021116T183921.v2.0: wrote 8 files
[633/3634] [635] HLS.L30.T10TCM.2021117T190236.v2.0: wrote 8 files
[634/3634] [633] HLS.S30.T10SFG.2021116T183921.v2.0: wrote 8 files
[635/3634] [632] HLS.S30.T10SGG.2021116T183921.v2.0: wrote 8 files
[636/3634] [634] HLS.L30.T10TDM.2021117T190236.v2.0: wrote 8 files
[637/3634] [636] HLS.L30.T10TCL.2021117T190300.v2.0: wrote 8 files
[638/3634] [640] HLS.S30.T10TCM.2021117T185909.v2.0: wrote 8 files
[639/3634] [637] HLS.S30.T10TFM.2021117T185909.v2.0: wrote 8 files
[640/3634] [638] HLS.S30.T10TEM.2021117T185909.v2.0: wrote 8 files
[641/3634] [645] HLS.S30.T10TCL.2021117T185909.v2.0: wrote 8 files
[642/3634] [639] HLS.S30.T10TDM.2021117T185909.v2.0: wrote 8 files
[643/3634] [641] HLS.S30.T10TFL.2021117T185909.v2.0: wrote 8 files
[644/3634] [648] HLS.S30.T10TCK.2021117T185909.v2.0: wrote 8 files
[645/3634] [644] HLS.S30.T10TFK.2021117T185909.v2.0: wrote 8 files
[646/3634] [642] HLS.S30.T10TEL.2021117T185909.v2.0: wrote 8 files
[647/3634] [643] HLS.S30.T10TDL.2021117T185909.v2.0: wrote 8 files
[648/3634] [654] HLS.S30.T10SDG.2021117T185909.v2.0: SKIP NoDataInBounds (field does not intersect FMASK)
[649/3634] [655] HLS.S30.T11TMF.2021118T182909.v2.0: SKIP NoDataInBounds (field does not intersect FMASK)
[650/3634] [656] HLS.S30.T11TME.2021118T182909.v2.0: SKIP NoDataInBounds (field does not intersect FMASK)
[651/3634] [657] HLS.S30.T11SMD.2021118T182909.v2.0: SKIP NoDataInBounds (field does not intersect FMASK)
[652/3634] [658] HLS.S30.T11SLD.2021118T182909.v2.0: SKIP NoDataInBounds (field does not intersect FMASK)
[653/3634] [659] HLS.S30.T11SMC.2021118T182909.v2.0: SKIP NoDataInBounds (field does not intersect FMASK)
[654/3634] [646] HLS.S30.T10TEK.2021117T185909.v2.0: wrote 8 files
[655/3634] [647] HLS.S30.T10TDK.2021117T185909.v2.0: wrote 8 files
[656/3634] [653] HLS.S30.T10SEG.2021117T185909.v2.0: wrote 8 files
[657/3634] [649] HLS.S30.T10SEJ.2021117T185909.v2.0: wrote 8 files
[658/3634] [652] HLS.S30.T10SDH.2021117T185909.v2.0: wrote 8 files
[659/3634] [650] HLS.S30.T10SDJ.2021117T185909.v2.0: wrote 8 files
[660/3634] [661] HLS.S30.T11SMB.2021118T182909.v2.0: wrote 8 files
[661/3634] [660] HLS.S30.T11SLC.2021118T182909.v2.0: wrote 8 files
[662/3634] [651] HLS.S30.T10SEH.2021117T185909.v2.0: wrote 8 files
[663/3634] [662] HLS.S30.T11SLB.2021118T182909.v2.0: wrote 8 files
[664/3634] [663] HLS.L30.T10TFM.2021119T185013.v2.0: wrote 8 files
[665/3634] [664] HLS.L30.T10TEM.2021119T185013.v2.0: wrote 8 files
[666/3634] [668] HLS.L30.T10TDM.2021119T185037.v2.0: wrote 8 files
[667/3634] [670] HLS.L30.T10TCK.2021119T185101.v2.0: wrote 8 files
[668/3634] [665] HLS.L30.T10TDL.2021119T185037.v2.0: wrote 8 files
[669/3634] [666] HLS.L30.T10TFL.2021119T185037.v2.0: wrote 8 files
[670/3634] [669] HLS.L30.T10TFK.2021119T185101.v2.0: wrote 8 files
[671/3634] [667] HLS.L30.T10TEL.2021119T185037.v2.0: wrote 8 files
[672/3634] [677] HLS.L30.T10SDG.2021119T185149.v2.0: SKIP NoDataInBounds (field does not intersect FMASK)
[673/3634] [679] HLS.S30.T11TLG.2021119T184921.v2.0: SKIP NoDataInBounds (field does not intersect FMASK)
[674/3634] [671] HLS.L30.T10SDJ.2021119T185101.v2.0: wrote 8 files
[675/3634] [680] HLS.S30.T10TGM.2021119T184921.v2.0: wrote 8 files
[676/3634] [672] HLS.L30.T10SEJ.2021119T185101.v2.0: wrote 8 files
[677/3634] [678] HLS.L30.T10SEG.2021119T185149.v2.0: wrote 8 files
[678/3634] [684] HLS.S30.T11TLF.2021119T184921.v2.0: SKIP NoDataInBounds (field does not intersect FMASK)
[679/3634] [676] HLS.L30.T10SDH.2021119T185125.v2.0: wrote 8 files
[680/3634] [673] HLS.L30.T10TDK.2021119T185101.v2.0: wrote 8 files
[681/3634] [674] HLS.L30.T10TEK.2021119T185101.v2.0: wrote 8 files
[682/3634] [688] HLS.S30.T11TLE.2021119T184921.v2.0: SKIP NoDataInBounds (field does not intersect FMASK)
[683/3634] [681] HLS.S30.T11TKG.2021119T184921.v2.0: wrote 8 files
[684/3634] [675] HLS.L30.T10SEH.2021119T185125.v2.0: wrote 8 files
[685/3634] [682] HLS.S30.T10TFM.2021119T184921.v2.0: wrote 8 files
[686/3634] [683] HLS.S30.T10TEM.2021119T184921.v2.0: wrote 8 files
[687/3634] [685] HLS.S30.T11TKF.2021119T184921.v2.0: wrote 8 files
[688/3634] [686] HLS.S30.T10TGL.2021119T184921.v2.0: wrote 8 files
[689/3634] [690] HLS.S30.T11TKE.2021119T184921.v2.0: wrote 8 files
[690/3634] [691] HLS.S30.T10TGK.2021119T184921.v2.0: wrote 8 files
[691/3634] [687] HLS.S30.T10TFL.2021119T184921.v2.0: wrote 8 files
[692/3634] [689] HLS.S30.T10TEL.2021119T184921.v2.0: wrote 8 files
[693/3634] [694] HLS.S30.T11SKD.2021119T184921.v2.0: wrote 8 files
[694/3634] [693] HLS.S30.T10TEK.2021119T184921.v2.0: wrote 8 files
[695/3634] [692] HLS.S30.T10TFK.2021119T184921.v2.0: wrote 8 files
[696/3634] [695] HLS.S30.T10SGJ.2021119T184921.v2.0: wrote 8 files
[697/3634] [696] HLS.S30.T10SFJ.2021119T184921.v2.0: wrote 8 files
[698/3634] [697] HLS.S30.T10SEJ.2021119T184921.v2.0: wrote 8 files
[699/3634] [698] HLS.S30.T10SDJ.2021119T184921.v2.0: wrote 8 files
[700/3634] [699] HLS.S30.T11SKC.2021119T184921.v2.0: wrote 8 files
[701/3634] [700] HLS.S30.T10SGH.2021119T184921.v2.0: wrote 8 files
[702/3634] [703] HLS.S30.T10SDH.2021119T184921.v2.0: wrote 8 files
[703/3634] [708] HLS.S30.T10SDG.2021119T184921.v2.0: SKIP NoDataInBounds (field does not intersect FMASK)
[704/3634] [710] HLS.S30.T10TCM.2021120T190909.v2.0: wrote 8 files
[705/3634] [704] HLS.S30.T11SKB.2021119T184921.v2.0: wrote 8 files
[706/3634] [702] HLS.S30.T10SEH.2021119T184921.v2.0: wrote 8 files
[707/3634] [705] HLS.S30.T10SGG.2021119T184921.v2.0: wrote 8 files
[708/3634] [713] HLS.L30.T11TMG.2021121T183750.v2.0: SKIP NoDataInBounds (field does not intersect FMASK)
[709/3634] [714] HLS.L30.T11TLG.2021121T183750.v2.0: SKIP NoDataInBounds (field does not intersect FMASK)
[710/3634] [701] HLS.S30.T10SFH.2021119T184921.v2.0: wrote 8 files
[711/3634] [706] HLS.S30.T10SFG.2021119T184921.v2.0: wrote 8 files
[712/3634] [707] HLS.S30.T10SEG.2021119T184921.v2.0: wrote 8 files
[713/3634] [719] HLS.L30.T11TLF.2021121T183814.v2.0: SKIP NoDataInBounds (field does not intersect FMASK)
[714/3634] [709] HLS.S30.T10TDM.2021120T190909.v2.0: wrote 8 files
[715/3634] [721] HLS.L30.T11SLD.2021121T183838.v2.0: SKIP NoDataInBounds (field does not intersect FMASK)
[716/3634] [712] HLS.S30.T10TCL.2021120T190909.v2.0: wrote 8 files
[717/3634] [717] HLS.L30.T11TKG.2021121T183814.v2.0: wrote 8 files
[718/3634] [724] HLS.L30.T11TLE.2021121T183838.v2.0: SKIP NoDataInBounds (field does not intersect FMASK)
[719/3634] [715] HLS.L30.T11TKF.2021121T183814.v2.0: wrote 8 files
[720/3634] [720] HLS.L30.T10TGM.2021121T183814.v2.0: wrote 8 files
[721/3634] [718] HLS.L30.T10TGL.2021121T183814.v2.0: wrote 8 files
[722/3634] [711] HLS.S30.T10TDL.2021120T190909.v2.0: wrote 8 files
[723/3634] [716] HLS.L30.T10TFL.2021121T183814.v2.0: wrote 8 files
[724/3634] [723] HLS.L30.T11TKE.2021121T183838.v2.0: wrote 8 files
[725/3634] [722] HLS.L30.T11SKD.2021121T183838.v2.0: wrote 8 files
[726/3634] [726] HLS.L30.T10TGK.2021121T183838.v2.0: wrote 8 files
[727/3634] [729] HLS.L30.T11SLC.2021121T183902.v2.0: wrote 8 files
[728/3634] [725] HLS.L30.T10SFJ.2021121T183838.v2.0: wrote 8 files
[729/3634] [727] HLS.L30.T10SGJ.2021121T183838.v2.0: wrote 8 files
[730/3634] [736] HLS.S30.T11TMG.2021121T183919.v2.0: SKIP NoDataInBounds (field does not intersect FMASK)
[731/3634] [737] HLS.S30.T11TLG.2021121T183919.v2.0: SKIP NoDataInBounds (field does not intersect FMASK)
[732/3634] [728] HLS.L30.T10TFK.2021121T183838.v2.0: wrote 8 files
[733/3634] [733] HLS.L30.T11SKB.2021121T183926.v2.0: wrote 8 files
[734/3634] [738] HLS.S30.T10TGM.2021121T183919.v2.0: wrote 8 files
[735/3634] [740] HLS.S30.T11TMF.2021121T183919.v2.0: SKIP NoDataInBounds (field does not intersect FMASK)
[736/3634] [741] HLS.S30.T11TLF.2021121T183919.v2.0: SKIP NoDataInBounds (field does not intersect FMASK)
[737/3634] [730] HLS.L30.T10SFH.2021121T183902.v2.0: wrote 8 files
[738/3634] [744] HLS.S30.T11TME.2021121T183919.v2.0: SKIP NoDataInBounds (field does not intersect FMASK)
[739/3634] [745] HLS.S30.T11TLE.2021121T183919.v2.0: SKIP NoDataInBounds (field does not intersect FMASK)
[740/3634] [732] HLS.L30.T11SKC.2021121T183902.v2.0: wrote 8 files
[741/3634] [731] HLS.L30.T10SGH.2021121T183902.v2.0: wrote 8 files
[742/3634] [739] HLS.S30.T11TKG.2021121T183919.v2.0: wrote 8 files
[743/3634] [749] HLS.S30.T11SLD.2021121T183919.v2.0: SKIP NoDataInBounds (field does not intersect FMASK)
[744/3634] [748] HLS.S30.T11SMD.2021121T183919.v2.0: SKIP NoDataInBounds (field does not intersect FMASK)
[745/3634] [734] HLS.L30.T10SFG.2021121T183926.v2.0: wrote 8 files
[746/3634] [752] HLS.S30.T11SMC.2021121T183919.v2.0: SKIP NoDataInBounds (field does not intersect FMASK)
[747/3634] [735] HLS.L30.T10SGG.2021121T183926.v2.0: wrote 8 files
[748/3634] [743] HLS.S30.T10TGL.2021121T183919.v2.0: wrote 8 files
[749/3634] [742] HLS.S30.T11TKF.2021121T183919.v2.0: wrote 8 files
[750/3634] [746] HLS.S30.T11TKE.2021121T183919.v2.0: wrote 8 files
[751/3634] [747] HLS.S30.T10TGK.2021121T183919.v2.0: wrote 8 files
[752/3634] [750] HLS.S30.T11SKD.2021121T183919.v2.0: wrote 8 files
[753/3634] [754] HLS.S30.T11SLC.2021121T183919.v2.0: wrote 8 files
[754/3634] [758] HLS.S30.T11SMB.2021121T183919.v2.0: wrote 8 files
[755/3634] [751] HLS.S30.T10SGJ.2021121T183919.v2.0: wrote 8 files
[756/3634] [753] HLS.S30.T10SFJ.2021121T183919.v2.0: wrote 8 files
[757/3634] [759] HLS.S30.T11SLB.2021121T183919.v2.0: wrote 8 files
[758/3634] [755] HLS.S30.T11SKC.2021121T183919.v2.0: wrote 8 files
[759/3634] [756] HLS.S30.T10SGH.2021121T183919.v2.0: wrote 8 files
[760/3634] [757] HLS.S30.T10SFH.2021121T183919.v2.0: wrote 8 files
[761/3634] [760] HLS.S30.T11SKB.2021121T183919.v2.0: wrote 8 files
[762/3634] [763] HLS.S30.T10TFM.2021122T185911.v2.0: wrote 8 files
[763/3634] [762] HLS.S30.T10SFG.2021121T183919.v2.0: wrote 8 files
[764/3634] [761] HLS.S30.T10SGG.2021121T183919.v2.0: wrote 8 files
[765/3634] [766] HLS.S30.T10TCM.2021122T185911.v2.0: wrote 8 files
[766/3634] [771] HLS.S30.T10TCL.2021122T185911.v2.0: wrote 8 files
[767/3634] [764] HLS.S30.T10TEM.2021122T185911.v2.0: wrote 8 files
[768/3634] [765] HLS.S30.T10TDM.2021122T185911.v2.0: wrote 8 files
[769/3634] [767] HLS.S30.T10TFL.2021122T185911.v2.0: wrote 8 files
[770/3634] [774] HLS.S30.T10TCK.2021122T185911.v2.0: wrote 8 files
[771/3634] [770] HLS.S30.T10TFK.2021122T185911.v2.0: wrote 8 files
[772/3634] [768] HLS.S30.T10TEL.2021122T185911.v2.0: wrote 8 files
[773/3634] [769] HLS.S30.T10TDL.2021122T185911.v2.0: wrote 8 files
[774/3634] [780] HLS.S30.T10SDG.2021122T185911.v2.0: SKIP NoDataInBounds (field does not intersect FMASK)
[775/3634] [781] HLS.L30.T11TMF.2021123T182551.v2.0: SKIP NoDataInBounds (field does not intersect FMASK)
[776/3634] [782] HLS.L30.T11SMD.2021123T182615.v2.0: SKIP NoDataInBounds (field does not intersect FMASK)
[777/3634] [783] HLS.L30.T11TME.2021123T182615.v2.0: SKIP NoDataInBounds (field does not intersect FMASK)
[778/3634] [784] HLS.L30.T11SLD.2021123T182639.v2.0: SKIP NoDataInBounds (field does not intersect FMASK)
[779/3634] [772] HLS.S30.T10TEK.2021122T185911.v2.0: wrote 8 files
[780/3634] [786] HLS.L30.T11SMC.2021123T182639.v2.0: SKIP NoDataInBounds (field does not intersect FMASK)
[781/3634] [773] HLS.S30.T10TDK.2021122T185911.v2.0: wrote 8 files
[782/3634] [779] HLS.S30.T10SEG.2021122T185911.v2.0: wrote 8 files
[783/3634] [789] HLS.S30.T11TMF.2021123T182921.v2.0: SKIP NoDataInBounds (field does not intersect FMASK)
[784/3634] [790] HLS.S30.T11TME.2021123T182921.v2.0: SKIP NoDataInBounds (field does not intersect FMASK)
[785/3634] [791] HLS.S30.T11SMD.2021123T182921.v2.0: SKIP NoDataInBounds (field does not intersect FMASK)
[786/3634] [778] HLS.S30.T10SDH.2021122T185911.v2.0: wrote 8 files
[787/3634] [775] HLS.S30.T10SEJ.2021122T185911.v2.0: wrote 8 files
[788/3634] [792] HLS.S30.T11SLD.2021123T182921.v2.0: SKIP NoDataInBounds (field does not intersect FMASK)
[789/3634] [793] HLS.S30.T11SMC.2021123T182921.v2.0: SKIP NoDataInBounds (field does not intersect FMASK)
[790/3634] [785] HLS.L30.T11SLC.2021123T182639.v2.0: wrote 8 files
[791/3634] [776] HLS.S30.T10SDJ.2021122T185911.v2.0: wrote 8 files
[792/3634] [797] HLS.S30.T11TLG.2021124T184919.v2.0: SKIP NoDataInBounds (field does not intersect FMASK)
[793/3634] [787] HLS.L30.T11SLB.2021123T182703.v2.0: wrote 8 files
[794/3634] [777] HLS.S30.T10SEH.2021122T185911.v2.0: wrote 8 files
[795/3634] [788] HLS.L30.T11SMB.2021123T182703.v2.0: wrote 8 files
[796/3634] [802] HLS.S30.T11TLF.2021124T184919.v2.0: SKIP NoDataInBounds (field does not intersect FMASK)
[797/3634] [795] HLS.S30.T11SMB.2021123T182921.v2.0: wrote 8 files
[798/3634] [798] HLS.S30.T10TGM.2021124T184919.v2.0: wrote 8 files
[799/3634] [794] HLS.S30.T11SLC.2021123T182921.v2.0: wrote 8 files
[800/3634] [806] HLS.S30.T11TLE.2021124T184919.v2.0: SKIP NoDataInBounds (field does not intersect FMASK)
[801/3634] [799] HLS.S30.T11TKG.2021124T184919.v2.0: wrote 8 files
[802/3634] [796] HLS.S30.T11SLB.2021123T182921.v2.0: wrote 8 files
[803/3634] [801] HLS.S30.T10TEM.2021124T184919.v2.0: wrote 8 files
[804/3634] [803] HLS.S30.T11TKF.2021124T184919.v2.0: wrote 8 files
[805/3634] [800] HLS.S30.T10TFM.2021124T184919.v2.0: wrote 8 files
[806/3634] [804] HLS.S30.T10TGL.2021124T184919.v2.0: wrote 8 files
[807/3634] [808] HLS.S30.T11TKE.2021124T184919.v2.0: wrote 8 files
[808/3634] [809] HLS.S30.T10TGK.2021124T184919.v2.0: wrote 8 files
[809/3634] [805] HLS.S30.T10TFL.2021124T184919.v2.0: wrote 8 files
[810/3634] [807] HLS.S30.T10TEL.2021124T184919.v2.0: wrote 8 files
[811/3634] [812] HLS.S30.T11SKD.2021124T184919.v2.0: wrote 8 files
[812/3634] [813] HLS.S30.T10SGJ.2021124T184919.v2.0: wrote 8 files
[813/3634] [810] HLS.S30.T10TFK.2021124T184919.v2.0: wrote 8 files
[814/3634] [811] HLS.S30.T10TEK.2021124T184919.v2.0: wrote 8 files
[815/3634] [814] HLS.S30.T10SFJ.2021124T184919.v2.0: wrote 8 files
[816/3634] [815] HLS.S30.T10SEJ.2021124T184919.v2.0: wrote 8 files
[817/3634] [816] HLS.S30.T10SDJ.2021124T184919.v2.0: wrote 8 files
[818/3634] [817] HLS.S30.T11SKC.2021124T184919.v2.0: wrote 8 files
[819/3634] [821] HLS.S30.T10SDH.2021124T184919.v2.0: wrote 8 files
[820/3634] [818] HLS.S30.T10SGH.2021124T184919.v2.0: wrote 8 files
[821/3634] [826] HLS.S30.T10SDG.2021124T184919.v2.0: SKIP NoDataInBounds (field does not intersect FMASK)
[822/3634] [827] HLS.S30.T10TCM.2021125T190911.v2.0: wrote 8 files
[823/3634] [822] HLS.S30.T11SKB.2021124T184919.v2.0: wrote 8 files
[824/3634] [820] HLS.S30.T10SEH.2021124T184919.v2.0: wrote 8 files
[825/3634] [823] HLS.S30.T10SGG.2021124T184919.v2.0: wrote 8 files
[826/3634] [819] HLS.S30.T10SFH.2021124T184919.v2.0: wrote 8 files
[827/3634] [833] HLS.S30.T11TMG.2021126T183921.v2.0: SKIP NoDataInBounds (field does not intersect FMASK)
[828/3634] [834] HLS.S30.T11TLG.2021126T183921.v2.0: SKIP NoDataInBounds (field does not intersect FMASK)
[829/3634] [824] HLS.S30.T10SFG.2021124T184919.v2.0: wrote 8 files
[830/3634] [825] HLS.S30.T10SEG.2021124T184919.v2.0: wrote 8 files
[831/3634] [837] HLS.S30.T11TMF.2021126T183921.v2.0: SKIP NoDataInBounds (field does not intersect FMASK)
[832/3634] [828] HLS.S30.T10TDM.2021125T190911.v2.0: wrote 8 files
[833/3634] [838] HLS.S30.T11TLF.2021126T183921.v2.0: SKIP NoDataInBounds (field does not intersect FMASK)
[834/3634] [832] HLS.S30.T10TCK.2021125T190911.v2.0: wrote 8 files
[835/3634] [841] HLS.S30.T11TME.2021126T183921.v2.0: SKIP NoDataInBounds (field does not intersect FMASK)
[836/3634] [842] HLS.S30.T11TLE.2021126T183921.v2.0: SKIP NoDataInBounds (field does not intersect FMASK)
[837/3634] [830] HLS.S30.T10TCL.2021125T190911.v2.0: wrote 8 files
[838/3634] [835] HLS.S30.T10TGM.2021126T183921.v2.0: wrote 8 files
[839/3634] [845] HLS.S30.T11SMD.2021126T183921.v2.0: SKIP NoDataInBounds (field does not intersect FMASK)
[840/3634] [846] HLS.S30.T11SLD.2021126T183921.v2.0: SKIP NoDataInBounds (field does not intersect FMASK)
[841/3634] [836] HLS.S30.T11TKG.2021126T183921.v2.0: wrote 8 files
[842/3634] [839] HLS.S30.T11TKF.2021126T183921.v2.0: wrote 8 files
[843/3634] [831] HLS.S30.T10TDK.2021125T190911.v2.0: wrote 8 files
[844/3634] [849] HLS.S30.T11SMC.2021126T183921.v2.0: SKIP NoDataInBounds (field does not intersect FMASK)
[845/3634] [840] HLS.S30.T10TGL.2021126T183921.v2.0: wrote 8 files
[846/3634] [829] HLS.S30.T10TDL.2021125T190911.v2.0: wrote 8 files
[847/3634] [844] HLS.S30.T10TGK.2021126T183921.v2.0: wrote 8 files
[848/3634] [843] HLS.S30.T11TKE.2021126T183921.v2.0: wrote 8 files
[849/3634] [847] HLS.S30.T11SKD.2021126T183921.v2.0: wrote 8 files
[850/3634] [855] HLS.S30.T11SMB.2021126T183921.v2.0: wrote 8 files
[851/3634] [851] HLS.S30.T11SLC.2021126T183921.v2.0: wrote 8 files
[852/3634] [848] HLS.S30.T10SGJ.2021126T183921.v2.0: wrote 8 files
[853/3634] [850] HLS.S30.T10SFJ.2021126T183921.v2.0: wrote 8 files
[854/3634] [852] HLS.S30.T11SKC.2021126T183921.v2.0: wrote 8 files
[855/3634] [856] HLS.S30.T11SLB.2021126T183921.v2.0: wrote 8 files
[856/3634] [854] HLS.S30.T10SFH.2021126T183921.v2.0: wrote 8 files
[857/3634] [853] HLS.S30.T10SGH.2021126T183921.v2.0: wrote 8 files
[858/3634] [857] HLS.S30.T11SKB.2021126T183921.v2.0: wrote 8 files
[859/3634] [863] HLS.L30.T10TCM.2021126T185643.v2.0: wrote 8 files
[860/3634] [858] HLS.S30.T10SGG.2021126T183921.v2.0: wrote 8 files
[861/3634] [859] HLS.S30.T10SFG.2021126T183921.v2.0: wrote 8 files
[862/3634] [864] HLS.L30.T10TCL.2021126T185643.v2.0: wrote 8 files
[863/3634] [860] HLS.L30.T10TDM.2021126T185619.v2.0: wrote 8 files
[864/3634] [861] HLS.L30.T10TEM.2021126T185619.v2.0: wrote 8 files
[865/3634] [868] HLS.L30.T10TCK.2021126T185707.v2.0: wrote 8 files
[866/3634] [862] HLS.L30.T10TEL.2021126T185643.v2.0: wrote 8 files
[867/3634] [873] HLS.S30.T10TCM.2021127T185919.v2.0: wrote 8 files
[868/3634] [869] HLS.L30.T10SDH.2021126T185731.v2.0: wrote 8 files
[869/3634] [870] HLS.S30.T10TFM.2021127T185919.v2.0: wrote 8 files
[870/3634] [867] HLS.L30.T10SDJ.2021126T185707.v2.0: wrote 8 files
[871/3634] [865] HLS.L30.T10TDL.2021126T185643.v2.0: wrote 8 files
[872/3634] [866] HLS.L30.T10TDK.2021126T185707.v2.0: wrote 8 files
[873/3634] [871] HLS.S30.T10TEM.2021127T185919.v2.0: wrote 8 files
[874/3634] [872] HLS.S30.T10TDM.2021127T185919.v2.0: wrote 8 files
[875/3634] [878] HLS.S30.T10TCL.2021127T185919.v2.0: wrote 8 files
[876/3634] [881] HLS.S30.T10TCK.2021127T185919.v2.0: wrote 8 files
[877/3634] [877] HLS.S30.T10TFK.2021127T185919.v2.0: wrote 8 files
[878/3634] [874] HLS.S30.T10TFL.2021127T185919.v2.0: wrote 8 files
[879/3634] [876] HLS.S30.T10TDL.2021127T185919.v2.0: wrote 8 files
[880/3634] [875] HLS.S30.T10TEL.2021127T185919.v2.0: wrote 8 files
[881/3634] [887] HLS.S30.T10SDG.2021127T185919.v2.0: SKIP NoDataInBounds (field does not intersect FMASK)
[882/3634] [888] HLS.S30.T11TMF.2021128T182919.v2.0: SKIP NoDataInBounds (field does not intersect FMASK)
[883/3634] [889] HLS.S30.T11TME.2021128T182919.v2.0: SKIP NoDataInBounds (field does not intersect FMASK)
[884/3634] [890] HLS.S30.T11SMD.2021128T182919.v2.0: SKIP NoDataInBounds (field does not intersect FMASK)
[885/3634] [891] HLS.S30.T11SLD.2021128T182919.v2.0: SKIP NoDataInBounds (field does not intersect FMASK)
[886/3634] [892] HLS.S30.T11SMC.2021128T182919.v2.0: SKIP NoDataInBounds (field does not intersect FMASK)
[887/3634] [879] HLS.S30.T10TEK.2021127T185919.v2.0: wrote 8 files
[888/3634] [880] HLS.S30.T10TDK.2021127T185919.v2.0: wrote 8 files
[889/3634] [882] HLS.S30.T10SEJ.2021127T185919.v2.0: wrote 8 files
[890/3634] [894] HLS.S30.T11SMB.2021128T182919.v2.0: wrote 8 files
[891/3634] [883] HLS.S30.T10SDJ.2021127T185919.v2.0: wrote 8 files
[892/3634] [886] HLS.S30.T10SEG.2021127T185919.v2.0: wrote 8 files
[893/3634] [885] HLS.S30.T10SDH.2021127T185919.v2.0: wrote 8 files
[894/3634] [895] HLS.L30.T11TKG.2021128T184359.v2.0: wrote 8 files
[895/3634] [893] HLS.S30.T11SLC.2021128T182919.v2.0: wrote 8 files
[896/3634] [884] HLS.S30.T10SEH.2021127T185919.v2.0: wrote 8 files
[897/3634] [896] HLS.L30.T10TGM.2021128T184359.v2.0: wrote 8 files
[898/3634] [898] HLS.L30.T11TKF.2021128T184423.v2.0: wrote 8 files
[899/3634] [899] HLS.L30.T10TGL.2021128T184423.v2.0: wrote 8 files
[900/3634] [897] HLS.S30.T11SLB.2021128T182919.v2.0: wrote 8 files
[901/3634] [900] HLS.L30.T10TFM.2021128T184423.v2.0: wrote 8 files
[902/3634] [903] HLS.L30.T10TEM.2021128T184423.v2.0: wrote 8 files
[903/3634] [904] HLS.L30.T11TKE.2021128T184447.v2.0: wrote 8 files
[904/3634] [905] HLS.L30.T10TGK.2021128T184447.v2.0: wrote 8 files
[905/3634] [901] HLS.L30.T10TFL.2021128T184423.v2.0: wrote 8 files
[906/3634] [902] HLS.L30.T10TEL.2021128T184423.v2.0: wrote 8 files
[907/3634] [906] HLS.L30.T11SKD.2021128T184447.v2.0: wrote 8 files
[908/3634] [907] HLS.L30.T10SEJ.2021128T184447.v2.0: wrote 8 files
[909/3634] [908] HLS.L30.T10TEK.2021128T184447.v2.0: wrote 8 files
[910/3634] [909] HLS.L30.T10SGJ.2021128T184447.v2.0: wrote 8 files
[911/3634] [917] HLS.L30.T10SDG.2021128T184535.v2.0: SKIP NoDataInBounds (field does not intersect FMASK)
[912/3634] [913] HLS.L30.T10SDH.2021128T184511.v2.0: wrote 8 files
[913/3634] [919] HLS.S30.T11TLG.2021129T184921.v2.0: SKIP NoDataInBounds (field does not intersect FMASK)
[914/3634] [912] HLS.L30.T10SGH.2021128T184511.v2.0: wrote 8 files
[915/3634] [910] HLS.L30.T10TFK.2021128T184447.v2.0: wrote 8 files
[916/3634] [911] HLS.L30.T10SFJ.2021128T184447.v2.0: wrote 8 files
[917/3634] [914] HLS.L30.T10SFH.2021128T184511.v2.0: wrote 8 files
[918/3634] [924] HLS.S30.T11TLF.2021129T184921.v2.0: SKIP NoDataInBounds (field does not intersect FMASK)
[919/3634] [920] HLS.S30.T10TGM.2021129T184921.v2.0: wrote 8 files
[920/3634] [916] HLS.L30.T10SFG.2021128T184535.v2.0: wrote 8 files
[921/3634] [921] HLS.S30.T11TKG.2021129T184921.v2.0: wrote 8 files
[922/3634] [928] HLS.S30.T11TLE.2021129T184921.v2.0: SKIP NoDataInBounds (field does not intersect FMASK)
[923/3634] [918] HLS.L30.T10SEG.2021128T184535.v2.0: wrote 8 files
[924/3634] [922] HLS.S30.T10TFM.2021129T184921.v2.0: wrote 8 files
[925/3634] [915] HLS.L30.T10SEH.2021128T184511.v2.0: wrote 8 files
[926/3634] [923] HLS.S30.T10TEM.2021129T184921.v2.0: wrote 8 files
[927/3634] [925] HLS.S30.T11TKF.2021129T184921.v2.0: wrote 8 files
[928/3634] [926] HLS.S30.T10TGL.2021129T184921.v2.0: wrote 8 files
[929/3634] [930] HLS.S30.T11TKE.2021129T184921.v2.0: wrote 8 files
[930/3634] [931] HLS.S30.T10TGK.2021129T184921.v2.0: wrote 8 files
[931/3634] [927] HLS.S30.T10TFL.2021129T184921.v2.0: wrote 8 files
[932/3634] [929] HLS.S30.T10TEL.2021129T184921.v2.0: wrote 8 files
[933/3634] [934] HLS.S30.T11SKD.2021129T184921.v2.0: wrote 8 files
[934/3634] [932] HLS.S30.T10TFK.2021129T184921.v2.0: wrote 8 files
[935/3634] [933] HLS.S30.T10TEK.2021129T184921.v2.0: wrote 8 files
[936/3634] [935] HLS.S30.T10SGJ.2021129T184921.v2.0: wrote 8 files
[937/3634] [936] HLS.S30.T10SFJ.2021129T184921.v2.0: wrote 8 files
[938/3634] [938] HLS.S30.T10SDJ.2021129T184921.v2.0: wrote 8 files
[939/3634] [937] HLS.S30.T10SEJ.2021129T184921.v2.0: wrote 8 files
[940/3634] [939] HLS.S30.T11SKC.2021129T184921.v2.0: wrote 8 files
[941/3634] [943] HLS.S30.T10SDH.2021129T184921.v2.0: wrote 8 files
[942/3634] [948] HLS.S30.T10SDG.2021129T184921.v2.0: SKIP NoDataInBounds (field does not intersect FMASK)
[943/3634] [940] HLS.S30.T10SGH.2021129T184921.v2.0: wrote 8 files
[944/3634] [949] HLS.L30.T11TMG.2021130T183139.v2.0: SKIP NoDataInBounds (field does not intersect FMASK)
[945/3634] [950] HLS.L30.T11TMF.2021130T183203.v2.0: SKIP NoDataInBounds (field does not intersect FMASK)
[946/3634] [951] HLS.L30.T11TLF.2021130T183203.v2.0: SKIP NoDataInBounds (field does not intersect FMASK)
[947/3634] [952] HLS.L30.T11TLG.2021130T183203.v2.0: SKIP NoDataInBounds (field does not intersect FMASK)
[948/3634] [944] HLS.S30.T11SKB.2021129T184921.v2.0: wrote 8 files
[949/3634] [941] HLS.S30.T10SFH.2021129T184921.v2.0: wrote 8 files
[950/3634] [955] HLS.L30.T11SMD.2021130T183227.v2.0: SKIP NoDataInBounds (field does not intersect FMASK)
[951/3634] [957] HLS.L30.T11TME.2021130T183227.v2.0: SKIP NoDataInBounds (field does not intersect FMASK)
[952/3634] [958] HLS.L30.T11TLE.2021130T183227.v2.0: SKIP NoDataInBounds (field does not intersect FMASK)
[953/3634] [959] HLS.L30.T11SLD.2021130T183227.v2.0: SKIP NoDataInBounds (field does not intersect FMASK)
[954/3634] [942] HLS.S30.T10SEH.2021129T184921.v2.0: wrote 8 files
[955/3634] [961] HLS.L30.T11SMC.2021130T183251.v2.0: SKIP NoDataInBounds (field does not intersect FMASK)
[956/3634] [945] HLS.S30.T10SGG.2021129T184921.v2.0: wrote 8 files
[957/3634] [946] HLS.S30.T10SFG.2021129T184921.v2.0: wrote 8 files
[958/3634] [947] HLS.S30.T10SEG.2021129T184921.v2.0: wrote 8 files
[959/3634] [953] HLS.L30.T11TKE.2021130T183227.v2.0: wrote 8 files
[960/3634] [954] HLS.L30.T11SKD.2021130T183227.v2.0: wrote 8 files
[961/3634] [956] HLS.L30.T10TGK.2021130T183227.v2.0: wrote 8 files
[962/3634] [962] HLS.L30.T11SLC.2021130T183251.v2.0: wrote 8 files
[963/3634] [967] HLS.L30.T11SMB.2021130T183315.v2.0: wrote 8 files
[964/3634] [960] HLS.L30.T10SGJ.2021130T183251.v2.0: wrote 8 files
[965/3634] [965] HLS.L30.T10SGG.2021130T183315.v2.0: wrote 8 files
[966/3634] [966] HLS.L30.T11SLB.2021130T183315.v2.0: wrote 8 files
[967/3634] [970] HLS.S30.T10TCM.2021130T190909.v2.0: wrote 8 files
[968/3634] [963] HLS.L30.T11SKC.2021130T183251.v2.0: wrote 8 files
[969/3634] [975] HLS.S30.T11TMG.2021131T183919.v2.0: SKIP NoDataInBounds (field does not intersect FMASK)
[970/3634] [976] HLS.S30.T11TLG.2021131T183919.v2.0: SKIP NoDataInBounds (field does not intersect FMASK)
[971/3634] [968] HLS.L30.T11SKB.2021130T183315.v2.0: wrote 8 files
[972/3634] [964] HLS.L30.T10SGH.2021130T183251.v2.0: wrote 8 files
[973/3634] [979] HLS.S30.T11TMF.2021131T183919.v2.0: SKIP NoDataInBounds (field does not intersect FMASK)
[974/3634] [980] HLS.S30.T11TLF.2021131T183919.v2.0: SKIP NoDataInBounds (field does not intersect FMASK)
[975/3634] [969] HLS.S30.T10TDM.2021130T190909.v2.0: wrote 8 files
[976/3634] [974] HLS.S30.T10TCK.2021130T190909.v2.0: wrote 8 files
[977/3634] [983] HLS.S30.T11TME.2021131T183919.v2.0: SKIP NoDataInBounds (field does not intersect FMASK)
[978/3634] [984] HLS.S30.T11TLE.2021131T183919.v2.0: SKIP NoDataInBounds (field does not intersect FMASK)
[979/3634] [972] HLS.S30.T10TCL.2021130T190909.v2.0: wrote 8 files
[980/3634] [977] HLS.S30.T10TGM.2021131T183919.v2.0: wrote 8 files
[981/3634] [987] HLS.S30.T11SMD.2021131T183919.v2.0: SKIP NoDataInBounds (field does not intersect FMASK)
[982/3634] [988] HLS.S30.T11SLD.2021131T183919.v2.0: SKIP NoDataInBounds (field does not intersect FMASK)
[983/3634] [978] HLS.S30.T11TKG.2021131T183919.v2.0: wrote 8 files
[984/3634] [971] HLS.S30.T10TDL.2021130T190909.v2.0: wrote 8 files
[985/3634] [981] HLS.S30.T11TKF.2021131T183919.v2.0: wrote 8 files
[986/3634] [991] HLS.S30.T11SMC.2021131T183919.v2.0: SKIP NoDataInBounds (field does not intersect FMASK)
[987/3634] [973] HLS.S30.T10TDK.2021130T190909.v2.0: wrote 8 files
[988/3634] [982] HLS.S30.T10TGL.2021131T183919.v2.0: wrote 8 files
[989/3634] [985] HLS.S30.T11TKE.2021131T183919.v2.0: wrote 8 files
[990/3634] [986] HLS.S30.T10TGK.2021131T183919.v2.0: wrote 8 files
[991/3634] [989] HLS.S30.T11SKD.2021131T183919.v2.0: wrote 8 files
[992/3634] [997] HLS.S30.T11SMB.2021131T183919.v2.0: wrote 8 files
[993/3634] [993] HLS.S30.T11SLC.2021131T183919.v2.0: wrote 8 files
[994/3634] [990] HLS.S30.T10SGJ.2021131T183919.v2.0: wrote 8 files
[995/3634] [992] HLS.S30.T10SFJ.2021131T183919.v2.0: wrote 8 files
[996/3634] [994] HLS.S30.T11SKC.2021131T183919.v2.0: wrote 8 files
[997/3634] [996] HLS.S30.T10SFH.2021131T183919.v2.0: wrote 8 files
[998/3634] [998] HLS.S30.T11SLB.2021131T183919.v2.0: wrote 8 files
[999/3634] [995] HLS.S30.T10SGH.2021131T183919.v2.0: wrote 8 files
[1000/3634] [999] HLS.S30.T11SKB.2021131T183919.v2.0: wrote 8 files
[1001/3634] [1000] HLS.S30.T10SGG.2021131T183919.v2.0: wrote 8 files
[1002/3634] [1005] HLS.S30.T10TCM.2021132T185921.v2.0: wrote 8 files
[1003/3634] [1001] HLS.S30.T10SFG.2021131T183919.v2.0: wrote 8 files
[1004/3634] [1002] HLS.S30.T10TFM.2021132T185921.v2.0: wrote 8 files
[1005/3634] [1003] HLS.S30.T10TEM.2021132T185921.v2.0: wrote 8 files
[1006/3634] [1004] HLS.S30.T10TDM.2021132T185921.v2.0: wrote 8 files
[1007/3634] [1010] HLS.S30.T10TCL.2021132T185921.v2.0: wrote 8 files
[1008/3634] [1006] HLS.S30.T10TFL.2021132T185921.v2.0: wrote 8 files
[1009/3634] [1013] HLS.S30.T10TCK.2021132T185921.v2.0: wrote 8 files
[1010/3634] [1009] HLS.S30.T10TFK.2021132T185921.v2.0: wrote 8 files
[1011/3634] [1007] HLS.S30.T10TEL.2021132T185921.v2.0: wrote 8 files
[1012/3634] [1018] HLS.S30.T11TMF.2021133T182921.v2.0: SKIP NoDataInBounds (field does not intersect FMASK)
[1013/3634] [1019] HLS.S30.T11TME.2021133T182921.v2.0: SKIP NoDataInBounds (field does not intersect FMASK)
[1014/3634] [1020] HLS.S30.T11SMD.2021133T182921.v2.0: SKIP NoDataInBounds (field does not intersect FMASK)
[1015/3634] [1008] HLS.S30.T10TDL.2021132T185921.v2.0: wrote 8 files
[1016/3634] [1021] HLS.S30.T11SLD.2021133T182921.v2.0: SKIP NoDataInBounds (field does not intersect FMASK)
[1017/3634] [1022] HLS.S30.T11SMC.2021133T182921.v2.0: SKIP NoDataInBounds (field does not intersect FMASK)
[1018/3634] [1011] HLS.S30.T10TEK.2021132T185921.v2.0: wrote 8 files
[1019/3634] [1012] HLS.S30.T10TDK.2021132T185921.v2.0: wrote 8 files
[1020/3634] [1024] HLS.S30.T11SMB.2021133T182921.v2.0: wrote 8 files
[1021/3634] [1017] HLS.S30.T10SDH.2021132T185921.v2.0: wrote 8 files
[1022/3634] [1014] HLS.S30.T10SEJ.2021132T185921.v2.0: wrote 8 files
[1023/3634] [1029] HLS.S30.T11TLG.2021134T184919.v2.0: SKIP NoDataInBounds (field does not intersect FMASK)
[1024/3634] [1015] HLS.S30.T10SDJ.2021132T185921.v2.0: wrote 8 files
[1025/3634] [1023] HLS.S30.T11SLC.2021133T182921.v2.0: wrote 8 files
[1026/3634] [1027] HLS.L30.T10TCM.2021133T190235.v2.0: wrote 8 files
[1027/3634] [1016] HLS.S30.T10SEH.2021132T185921.v2.0: wrote 8 files
[1028/3634] [1034] HLS.S30.T11TLF.2021134T184919.v2.0: SKIP NoDataInBounds (field does not intersect FMASK)
[1029/3634] [1025] HLS.S30.T11SLB.2021133T182921.v2.0: wrote 8 files
[1030/3634] [1026] HLS.L30.T10TDM.2021133T190235.v2.0: wrote 8 files
[1031/3634] [1028] HLS.L30.T10TCL.2021133T190259.v2.0: wrote 8 files
[1032/3634] [1038] HLS.S30.T11TLE.2021134T184919.v2.0: SKIP NoDataInBounds (field does not intersect FMASK)
[1033/3634] [1030] HLS.S30.T10TGM.2021134T184919.v2.0: wrote 8 files
[1034/3634] [1031] HLS.S30.T11TKG.2021134T184919.v2.0: wrote 8 files
[1035/3634] [1033] HLS.S30.T10TEM.2021134T184919.v2.0: wrote 8 files
[1036/3634] [1032] HLS.S30.T10TFM.2021134T184919.v2.0: wrote 8 files
[1037/3634] [1035] HLS.S30.T11TKF.2021134T184919.v2.0: wrote 8 files
[1038/3634] [1036] HLS.S30.T10TGL.2021134T184919.v2.0: wrote 8 files
[1039/3634] [1040] HLS.S30.T11TKE.2021134T184919.v2.0: wrote 8 files
[1040/3634] [1041] HLS.S30.T10TGK.2021134T184919.v2.0: wrote 8 files
[1041/3634] [1037] HLS.S30.T10TFL.2021134T184919.v2.0: wrote 8 files
[1042/3634] [1039] HLS.S30.T10TEL.2021134T184919.v2.0: wrote 8 files
[1043/3634] [1044] HLS.S30.T11SKD.2021134T184919.v2.0: wrote 8 files
[1044/3634] [1043] HLS.S30.T10TEK.2021134T184919.v2.0: wrote 8 files
[1045/3634] [1045] HLS.S30.T10SGJ.2021134T184919.v2.0: wrote 8 files
[1046/3634] [1042] HLS.S30.T10TFK.2021134T184919.v2.0: wrote 8 files
[1047/3634] [1046] HLS.S30.T10SFJ.2021134T184919.v2.0: wrote 8 files
[1048/3634] [1047] HLS.S30.T10SEJ.2021134T184919.v2.0: wrote 8 files
[1049/3634] [1048] HLS.S30.T10SDJ.2021134T184919.v2.0: wrote 8 files
[1050/3634] [1049] HLS.S30.T11SKC.2021134T184919.v2.0: wrote 8 files
[1051/3634] [1053] HLS.S30.T10SDH.2021134T184919.v2.0: wrote 8 files
[1052/3634] [1050] HLS.S30.T10SGH.2021134T184919.v2.0: wrote 8 files
[1053/3634] [1054] HLS.S30.T11SKB.2021134T184919.v2.0: wrote 8 files
[1054/3634] [1051] HLS.S30.T10SFH.2021134T184919.v2.0: wrote 8 files
[1055/3634] [1052] HLS.S30.T10SEH.2021134T184919.v2.0: wrote 8 files
[1056/3634] [1055] HLS.S30.T10SGG.2021134T184919.v2.0: wrote 8 files
[1057/3634] [1056] HLS.S30.T10SFG.2021134T184919.v2.0: wrote 8 files
[1058/3634] [1057] HLS.S30.T10SEG.2021134T184919.v2.0: wrote 8 files
[1059/3634] [1058] HLS.L30.T10TFM.2021135T185015.v2.0: wrote 8 files
[1060/3634] [1064] HLS.L30.T10TCK.2021135T185103.v2.0: wrote 8 files
[1061/3634] [1059] HLS.L30.T10TEM.2021135T185015.v2.0: wrote 8 files
[1062/3634] [1063] HLS.L30.T10TDM.2021135T185039.v2.0: wrote 8 files
[1063/3634] [1060] HLS.L30.T10TFL.2021135T185039.v2.0: wrote 8 files
[1064/3634] [1061] HLS.L30.T10TDL.2021135T185039.v2.0: wrote 8 files
[1065/3634] [1062] HLS.L30.T10TEL.2021135T185039.v2.0: wrote 8 files
[1066/3634] [1065] HLS.L30.T10TEK.2021135T185103.v2.0: wrote 8 files
[1067/3634] [1073] HLS.L30.T10SDG.2021135T185150.v2.0: SKIP NoDataInBounds (field does not intersect FMASK)
[1068/3634] [1066] HLS.L30.T10TFK.2021135T185103.v2.0: wrote 8 files
[1069/3634] [1067] HLS.L30.T10SEJ.2021135T185103.v2.0: wrote 8 files
[1070/3634] [1075] HLS.S30.T10TCM.2021135T190911.v2.0: wrote 8 files
[1071/3634] [1068] HLS.L30.T10TDK.2021135T185103.v2.0: wrote 8 files
[1072/3634] [1069] HLS.L30.T10SDJ.2021135T185103.v2.0: wrote 8 files
[1073/3634] [1072] HLS.L30.T10SEG.2021135T185150.v2.0: wrote 8 files
[1074/3634] [1080] HLS.S30.T11TMG.2021136T183921.v2.0: SKIP NoDataInBounds (field does not intersect FMASK)
[1075/3634] [1081] HLS.S30.T11TLG.2021136T183921.v2.0: SKIP NoDataInBounds (field does not intersect FMASK)
[1076/3634] [1071] HLS.L30.T10SDH.2021135T185127.v2.0: wrote 8 files
[1077/3634] [1074] HLS.S30.T10TDM.2021135T190911.v2.0: wrote 8 files
[1078/3634] [1084] HLS.S30.T11TMF.2021136T183921.v2.0: SKIP NoDataInBounds (field does not intersect FMASK)
[1079/3634] [1085] HLS.S30.T11TLF.2021136T183921.v2.0: SKIP NoDataInBounds (field does not intersect FMASK)
[1080/3634] [1070] HLS.L30.T10SEH.2021135T185127.v2.0: wrote 8 files
[1081/3634] [1077] HLS.S30.T10TCL.2021135T190911.v2.0: wrote 8 files
[1082/3634] [1088] HLS.S30.T11TME.2021136T183921.v2.0: SKIP NoDataInBounds (field does not intersect FMASK)
[1083/3634] [1089] HLS.S30.T11TLE.2021136T183921.v2.0: SKIP NoDataInBounds (field does not intersect FMASK)
[1084/3634] [1079] HLS.S30.T10TCK.2021135T190911.v2.0: wrote 8 files
[1085/3634] [1082] HLS.S30.T10TGM.2021136T183921.v2.0: wrote 8 files
[1086/3634] [1092] HLS.S30.T11SMD.2021136T183921.v2.0: SKIP NoDataInBounds (field does not intersect FMASK)
[1087/3634] [1093] HLS.S30.T11SLD.2021136T183921.v2.0: SKIP NoDataInBounds (field does not intersect FMASK)
[1088/3634] [1083] HLS.S30.T11TKG.2021136T183921.v2.0: wrote 8 files
[1089/3634] [1076] HLS.S30.T10TDL.2021135T190911.v2.0: wrote 8 files
[1090/3634] [1096] HLS.S30.T11SMC.2021136T183921.v2.0: SKIP NoDataInBounds (field does not intersect FMASK)
[1091/3634] [1086] HLS.S30.T11TKF.2021136T183921.v2.0: wrote 8 files
[1092/3634] [1087] HLS.S30.T10TGL.2021136T183921.v2.0: wrote 8 files
[1093/3634] [1078] HLS.S30.T10TDK.2021135T190911.v2.0: wrote 8 files
[1094/3634] [1090] HLS.S30.T11TKE.2021136T183921.v2.0: wrote 8 files
[1095/3634] [1091] HLS.S30.T10TGK.2021136T183921.v2.0: wrote 8 files
[1096/3634] [1094] HLS.S30.T11SKD.2021136T183921.v2.0: wrote 8 files
[1097/3634] [1102] HLS.S30.T11SMB.2021136T183921.v2.0: wrote 8 files
[1098/3634] [1098] HLS.S30.T11SLC.2021136T183921.v2.0: wrote 8 files
[1099/3634] [1095] HLS.S30.T10SGJ.2021136T183921.v2.0: wrote 8 files
[1100/3634] [1097] HLS.S30.T10SFJ.2021136T183921.v2.0: wrote 8 files
[1101/3634] [1107] HLS.L30.T11TMG.2021137T183755.v2.0: SKIP NoDataInBounds (field does not intersect FMASK)
[1102/3634] [1108] HLS.L30.T11TLG.2021137T183755.v2.0: SKIP NoDataInBounds (field does not intersect FMASK)
[1103/3634] [1109] HLS.L30.T11TLF.2021137T183818.v2.0: SKIP NoDataInBounds (field does not intersect FMASK)
[1104/3634] [1101] HLS.S30.T10SFH.2021136T183921.v2.0: wrote 8 files
[1105/3634] [1099] HLS.S30.T11SKC.2021136T183921.v2.0: wrote 8 files
[1106/3634] [1103] HLS.S30.T11SLB.2021136T183921.v2.0: wrote 8 files
[1107/3634] [1100] HLS.S30.T10SGH.2021136T183921.v2.0: wrote 8 files
[1108/3634] [1104] HLS.S30.T11SKB.2021136T183921.v2.0: wrote 8 files
[1109/3634] [1115] HLS.L30.T11TLE.2021137T183842.v2.0: SKIP NoDataInBounds (field does not intersect FMASK)
[1110/3634] [1105] HLS.S30.T10SGG.2021136T183921.v2.0: wrote 8 files
[1111/3634] [1106] HLS.S30.T10SFG.2021136T183921.v2.0: wrote 8 files
[1112/3634] [1112] HLS.L30.T10TGM.2021137T183818.v2.0: wrote 8 files
[1113/3634] [1113] HLS.L30.T11TKG.2021137T183818.v2.0: wrote 8 files
[1114/3634] [1111] HLS.L30.T10TGL.2021137T183818.v2.0: wrote 8 files
[1115/3634] [1114] HLS.L30.T11TKF.2021137T183818.v2.0: wrote 8 files
[1116/3634] [1121] HLS.L30.T11SLD.2021137T183842.v2.0: SKIP NoDataInBounds (field does not intersect FMASK)
[1117/3634] [1110] HLS.L30.T10TFL.2021137T183818.v2.0: wrote 8 files
[1118/3634] [1116] HLS.L30.T11SKD.2021137T183842.v2.0: wrote 8 files
[1119/3634] [1119] HLS.L30.T11TKE.2021137T183842.v2.0: wrote 8 files
[1120/3634] [1120] HLS.L30.T10TGK.2021137T183842.v2.0: wrote 8 files
[1121/3634] [1118] HLS.L30.T10SGJ.2021137T183842.v2.0: wrote 8 files
[1122/3634] [1117] HLS.L30.T10TFK.2021137T183842.v2.0: wrote 8 files
[1123/3634] [1125] HLS.L30.T11SLC.2021137T183906.v2.0: wrote 8 files
[1124/3634] [1122] HLS.L30.T10SFJ.2021137T183842.v2.0: wrote 8 files
[1125/3634] [1123] HLS.L30.T10SGH.2021137T183906.v2.0: wrote 8 files
[1126/3634] [1127] HLS.L30.T11SKB.2021137T183930.v2.0: wrote 8 files
[1127/3634] [1124] HLS.L30.T10SFH.2021137T183906.v2.0: wrote 8 files
[1128/3634] [1128] HLS.L30.T10SFG.2021137T183930.v2.0: wrote 8 files
[1129/3634] [1129] HLS.L30.T10SGG.2021137T183930.v2.0: wrote 8 files
[1130/3634] [1133] HLS.S30.T10TCM.2021137T185919.v2.0: wrote 8 files
[1131/3634] [1126] HLS.L30.T11SKC.2021137T183906.v2.0: wrote 8 files
[1132/3634] [1130] HLS.S30.T10TFM.2021137T185919.v2.0: wrote 8 files
[1133/3634] [1131] HLS.S30.T10TEM.2021137T185919.v2.0: wrote 8 files
[1134/3634] [1132] HLS.S30.T10TDM.2021137T185919.v2.0: wrote 8 files
[1135/3634] [1138] HLS.S30.T10TCL.2021137T185919.v2.0: wrote 8 files
[1136/3634] [1141] HLS.S30.T10TCK.2021137T185919.v2.0: wrote 8 files
[1137/3634] [1134] HLS.S30.T10TFL.2021137T185919.v2.0: wrote 8 files
[1138/3634] [1137] HLS.S30.T10TFK.2021137T185919.v2.0: wrote 8 files
[1139/3634] [1135] HLS.S30.T10TEL.2021137T185919.v2.0: wrote 8 files
[1140/3634] [1136] HLS.S30.T10TDL.2021137T185919.v2.0: wrote 8 files
[1141/3634] [1147] HLS.S30.T10SDG.2021137T185919.v2.0: SKIP NoDataInBounds (field does not intersect FMASK)
[1142/3634] [1148] HLS.S30.T11TMF.2021138T182919.v2.0: SKIP NoDataInBounds (field does not intersect FMASK)
[1143/3634] [1149] HLS.S30.T11TME.2021138T182919.v2.0: SKIP NoDataInBounds (field does not intersect FMASK)
[1144/3634] [1150] HLS.S30.T11SMD.2021138T182919.v2.0: SKIP NoDataInBounds (field does not intersect FMASK)
[1145/3634] [1139] HLS.S30.T10TEK.2021137T185919.v2.0: wrote 8 files
[1146/3634] [1152] HLS.S30.T11SMC.2021138T182919.v2.0: SKIP NoDataInBounds (field does not intersect FMASK)
[1147/3634] [1151] HLS.S30.T11SLD.2021138T182919.v2.0: SKIP NoDataInBounds (field does not intersect FMASK)
[1148/3634] [1140] HLS.S30.T10TDK.2021137T185919.v2.0: wrote 8 files
[1149/3634] [1154] HLS.S30.T11SMB.2021138T182919.v2.0: wrote 8 files
[1150/3634] [1142] HLS.S30.T10SEJ.2021137T185919.v2.0: wrote 8 files
[1151/3634] [1156] HLS.L30.T11TMF.2021139T182558.v2.0: SKIP NoDataInBounds (field does not intersect FMASK)
[1152/3634] [1157] HLS.L30.T11TME.2021139T182622.v2.0: SKIP NoDataInBounds (field does not intersect FMASK)
[1153/3634] [1158] HLS.L30.T11SMD.2021139T182622.v2.0: SKIP NoDataInBounds (field does not intersect FMASK)
[1154/3634] [1159] HLS.L30.T11SMC.2021139T182646.v2.0: SKIP NoDataInBounds (field does not intersect FMASK)
[1155/3634] [1161] HLS.L30.T11SLD.2021139T182646.v2.0: SKIP NoDataInBounds (field does not intersect FMASK)
[1156/3634] [1145] HLS.S30.T10SDH.2021137T185919.v2.0: wrote 8 files
[1157/3634] [1143] HLS.S30.T10SDJ.2021137T185919.v2.0: wrote 8 files
[1158/3634] [1164] HLS.S30.T11TLG.2021139T184921.v2.0: SKIP NoDataInBounds (field does not intersect FMASK)
[1159/3634] [1153] HLS.S30.T11SLC.2021138T182919.v2.0: wrote 8 files
[1160/3634] [1146] HLS.S30.T10SEG.2021137T185919.v2.0: wrote 8 files
[1161/3634] [1144] HLS.S30.T10SEH.2021137T185919.v2.0: wrote 8 files
[1162/3634] [1162] HLS.L30.T11SMB.2021139T182710.v2.0: wrote 8 files
[1163/3634] [1169] HLS.S30.T11TLF.2021139T184921.v2.0: SKIP NoDataInBounds (field does not intersect FMASK)
[1164/3634] [1155] HLS.S30.T11SLB.2021138T182919.v2.0: wrote 8 files
[1165/3634] [1165] HLS.S30.T10TGM.2021139T184921.v2.0: wrote 8 files
[1166/3634] [1160] HLS.L30.T11SLC.2021139T182646.v2.0: wrote 8 files
[1167/3634] [1173] HLS.S30.T11TLE.2021139T184921.v2.0: SKIP NoDataInBounds (field does not intersect FMASK)
[1168/3634] [1166] HLS.S30.T11TKG.2021139T184921.v2.0: wrote 8 files
[1169/3634] [1163] HLS.L30.T11SLB.2021139T182710.v2.0: wrote 8 files
[1170/3634] [1168] HLS.S30.T10TEM.2021139T184921.v2.0: wrote 8 files
[1171/3634] [1167] HLS.S30.T10TFM.2021139T184921.v2.0: wrote 8 files
[1172/3634] [1170] HLS.S30.T11TKF.2021139T184921.v2.0: wrote 8 files
[1173/3634] [1171] HLS.S30.T10TGL.2021139T184921.v2.0: wrote 8 files
[1174/3634] [1175] HLS.S30.T11TKE.2021139T184921.v2.0: wrote 8 files
[1175/3634] [1176] HLS.S30.T10TGK.2021139T184921.v2.0: wrote 8 files
[1176/3634] [1172] HLS.S30.T10TFL.2021139T184921.v2.0: wrote 8 files
[1177/3634] [1174] HLS.S30.T10TEL.2021139T184921.v2.0: wrote 8 files
[1178/3634] [1179] HLS.S30.T11SKD.2021139T184921.v2.0: wrote 8 files
[1179/3634] [1178] HLS.S30.T10TEK.2021139T184921.v2.0: wrote 8 files
[1180/3634] [1177] HLS.S30.T10TFK.2021139T184921.v2.0: wrote 8 files
[1181/3634] [1180] HLS.S30.T10SGJ.2021139T184921.v2.0: wrote 8 files
[1182/3634] [1181] HLS.S30.T10SFJ.2021139T184921.v2.0: wrote 8 files
[1183/3634] [1182] HLS.S30.T10SEJ.2021139T184921.v2.0: wrote 8 files
[1184/3634] [1183] HLS.S30.T10SDJ.2021139T184921.v2.0: wrote 8 files
[1185/3634] [1184] HLS.S30.T11SKC.2021139T184921.v2.0: wrote 8 files
[1186/3634] [1185] HLS.S30.T10SGH.2021139T184921.v2.0: wrote 8 files
[1187/3634] [1193] HLS.S30.T10SDG.2021139T184921.v2.0: SKIP NoDataInBounds (field does not intersect FMASK)
[1188/3634] [1188] HLS.S30.T10SDH.2021139T184921.v2.0: wrote 8 files
[1189/3634] [1186] HLS.S30.T10SFH.2021139T184921.v2.0: wrote 8 files
[1190/3634] [1187] HLS.S30.T10SEH.2021139T184921.v2.0: wrote 8 files
[1191/3634] [1189] HLS.S30.T11SKB.2021139T184921.v2.0: wrote 8 files
[1192/3634] [1195] HLS.S30.T10TCM.2021140T190919.v2.0: wrote 8 files
[1193/3634] [1190] HLS.S30.T10SGG.2021139T184921.v2.0: wrote 8 files
[1194/3634] [1191] HLS.S30.T10SFG.2021139T184921.v2.0: wrote 8 files
[1195/3634] [1192] HLS.S30.T10SEG.2021139T184921.v2.0: wrote 8 files
[1196/3634] [1202] HLS.S30.T11TMF.2021141T183919.v2.0: SKIP NoDataInBounds (field does not intersect FMASK)
[1197/3634] [1194] HLS.S30.T10TDM.2021140T190919.v2.0: wrote 8 files
[1198/3634] [1199] HLS.S30.T10TCK.2021140T190919.v2.0: wrote 8 files
[1199/3634] [1205] HLS.S30.T11TLE.2021141T183919.v2.0: SKIP NoDataInBounds (field does not intersect FMASK)
[1200/3634] [1197] HLS.S30.T10TCL.2021140T190919.v2.0: wrote 8 files
[1201/3634] [1200] HLS.S30.T10TGM.2021141T183919.v2.0: wrote 8 files
[1202/3634] [1208] HLS.S30.T11SMD.2021141T183919.v2.0: SKIP NoDataInBounds (field does not intersect FMASK)
[1203/3634] [1209] HLS.S30.T11SLD.2021141T183919.v2.0: SKIP NoDataInBounds (field does not intersect FMASK)
[1204/3634] [1201] HLS.S30.T11TKG.2021141T183919.v2.0: wrote 8 files
[1205/3634] [1203] HLS.S30.T11TKF.2021141T183919.v2.0: wrote 8 files
[1206/3634] [1212] HLS.S30.T11SMC.2021141T183919.v2.0: SKIP NoDataInBounds (field does not intersect FMASK)
[1207/3634] [1198] HLS.S30.T10TDK.2021140T190919.v2.0: wrote 8 files
[1208/3634] [1196] HLS.S30.T10TDL.2021140T190919.v2.0: wrote 8 files
[1209/3634] [1204] HLS.S30.T10TGL.2021141T183919.v2.0: wrote 8 files
[1210/3634] [1206] HLS.S30.T11TKE.2021141T183919.v2.0: wrote 8 files
[1211/3634] [1207] HLS.S30.T10TGK.2021141T183919.v2.0: wrote 8 files
[1212/3634] [1210] HLS.S30.T11SKD.2021141T183919.v2.0: wrote 8 files
[1213/3634] [1214] HLS.S30.T11SLC.2021141T183919.v2.0: wrote 8 files
[1214/3634] [1211] HLS.S30.T10SGJ.2021141T183919.v2.0: wrote 8 files
[1215/3634] [1218] HLS.S30.T11SLB.2021141T183919.v2.0: wrote 8 files
[1216/3634] [1213] HLS.S30.T10SFJ.2021141T183919.v2.0: wrote 8 files
[1217/3634] [1215] HLS.S30.T11SKC.2021141T183919.v2.0: wrote 8 files
[1218/3634] [1217] HLS.S30.T10SFH.2021141T183919.v2.0: wrote 8 files
[1219/3634] [1219] HLS.S30.T11SKB.2021141T183919.v2.0: wrote 8 files
[1220/3634] [1216] HLS.S30.T10SGH.2021141T183919.v2.0: wrote 8 files
[1221/3634] [1227] HLS.L30.T10TCM.2021142T185654.v2.0: wrote 8 files
[1222/3634] [1221] HLS.S30.T10SFG.2021141T183919.v2.0: wrote 8 files
[1223/3634] [1220] HLS.S30.T10SGG.2021141T183919.v2.0: wrote 8 files
[1224/3634] [1225] HLS.L30.T10TCL.2021142T185654.v2.0: wrote 8 files
[1225/3634] [1223] HLS.L30.T10TEM.2021142T185630.v2.0: wrote 8 files
[1226/3634] [1222] HLS.L30.T10TDM.2021142T185630.v2.0: wrote 8 files
[1227/3634] [1230] HLS.L30.T10TCK.2021142T185718.v2.0: wrote 8 files
[1228/3634] [1224] HLS.L30.T10TEL.2021142T185654.v2.0: wrote 8 files
[1229/3634] [1234] HLS.S30.T10TCM.2021142T185921.v2.0: wrote 8 files
[1230/3634] [1226] HLS.L30.T10TDL.2021142T185654.v2.0: wrote 8 files
[1231/3634] [1231] HLS.L30.T10SDH.2021142T185742.v2.0: wrote 8 files
[1232/3634] [1232] HLS.S30.T10TEM.2021142T185921.v2.0: wrote 8 files
[1233/3634] [1229] HLS.L30.T10SDJ.2021142T185718.v2.0: wrote 8 files
[1234/3634] [1233] HLS.S30.T10TDM.2021142T185921.v2.0: wrote 8 files
[1235/3634] [1228] HLS.L30.T10TDK.2021142T185718.v2.0: wrote 8 files
[1236/3634] [1239] HLS.S30.T10TCL.2021142T185921.v2.0: wrote 8 files
[1237/3634] [1242] HLS.S30.T10TCK.2021142T185921.v2.0: wrote 8 files
[1238/3634] [1235] HLS.S30.T10TFL.2021142T185921.v2.0: wrote 8 files
[1239/3634] [1236] HLS.S30.T10TEL.2021142T185921.v2.0: wrote 8 files
[1240/3634] [1238] HLS.S30.T10TFK.2021142T185921.v2.0: wrote 8 files
[1241/3634] [1237] HLS.S30.T10TDL.2021142T185921.v2.0: wrote 8 files
[1242/3634] [1248] HLS.S30.T11TMF.2021143T182921.v2.0: SKIP NoDataInBounds (field does not intersect FMASK)
[1243/3634] [1249] HLS.S30.T11TME.2021143T182921.v2.0: SKIP NoDataInBounds (field does not intersect FMASK)
[1244/3634] [1250] HLS.S30.T11SMD.2021143T182921.v2.0: SKIP NoDataInBounds (field does not intersect FMASK)
[1245/3634] [1251] HLS.S30.T11SLD.2021143T182921.v2.0: SKIP NoDataInBounds (field does not intersect FMASK)
[1246/3634] [1252] HLS.S30.T11SMC.2021143T182921.v2.0: SKIP NoDataInBounds (field does not intersect FMASK)
[1247/3634] [1240] HLS.S30.T10TEK.2021142T185921.v2.0: wrote 8 files
[1248/3634] [1241] HLS.S30.T10TDK.2021142T185921.v2.0: wrote 8 files
[1249/3634] [1247] HLS.S30.T10SEG.2021142T185921.v2.0: wrote 8 files
[1250/3634] [1254] HLS.S30.T11SMB.2021143T182921.v2.0: wrote 8 files
[1251/3634] [1244] HLS.S30.T10SDJ.2021142T185921.v2.0: wrote 8 files
[1252/3634] [1243] HLS.S30.T10SEJ.2021142T185921.v2.0: wrote 8 files
[1253/3634] [1246] HLS.S30.T10SDH.2021142T185921.v2.0: wrote 8 files
[1254/3634] [1253] HLS.S30.T11SLC.2021143T182921.v2.0: wrote 8 files
[1255/3634] [1245] HLS.S30.T10SEH.2021142T185921.v2.0: wrote 8 files
[1256/3634] [1255] HLS.S30.T11SLB.2021143T182921.v2.0: wrote 8 files
[1257/3634] [1257] HLS.L30.T10TGM.2021144T184410.v2.0: wrote 8 files
[1258/3634] [1256] HLS.L30.T11TKG.2021144T184410.v2.0: wrote 8 files
[1259/3634] [1258] HLS.L30.T10TEM.2021144T184433.v2.0: wrote 8 files
[1260/3634] [1259] HLS.L30.T11TKF.2021144T184433.v2.0: wrote 8 files
[1261/3634] [1261] HLS.L30.T10TGL.2021144T184433.v2.0: wrote 8 files
[1262/3634] [1264] HLS.L30.T10TGK.2021144T184457.v2.0: wrote 8 files
[1263/3634] [1265] HLS.L30.T11TKE.2021144T184457.v2.0: wrote 8 files
[1264/3634] [1263] HLS.L30.T10TFM.2021144T184433.v2.0: wrote 8 files
[1265/3634] [1260] HLS.L30.T10TEL.2021144T184433.v2.0: wrote 8 files
[1266/3634] [1268] HLS.L30.T11SKD.2021144T184457.v2.0: wrote 8 files
[1267/3634] [1262] HLS.L30.T10TFL.2021144T184433.v2.0: wrote 8 files
[1268/3634] [1266] HLS.L30.T10TEK.2021144T184457.v2.0: wrote 8 files
[1269/3634] [1267] HLS.L30.T10SFJ.2021144T184457.v2.0: wrote 8 files
[1270/3634] [1276] HLS.L30.T10SDG.2021144T184545.v2.0: SKIP NoDataInBounds (field does not intersect FMASK)
[1271/3634] [1272] HLS.L30.T10SDH.2021144T184521.v2.0: wrote 8 files
[1272/3634] [1271] HLS.L30.T10SGJ.2021144T184457.v2.0: wrote 8 files
[1273/3634] [1279] HLS.S30.T11TLG.2021144T184919.v2.0: SKIP NoDataInBounds (field does not intersect FMASK)
[1274/3634] [1269] HLS.L30.T10TFK.2021144T184457.v2.0: wrote 8 files
[1275/3634] [1270] HLS.L30.T10SEJ.2021144T184457.v2.0: wrote 8 files
[1276/3634] [1280] HLS.S30.T10TGM.2021144T184919.v2.0: wrote 8 files
[1277/3634] [1273] HLS.L30.T10SFH.2021144T184521.v2.0: wrote 8 files
[1278/3634] [1284] HLS.S30.T11TLF.2021144T184919.v2.0: SKIP NoDataInBounds (field does not intersect FMASK)
[1279/3634] [1274] HLS.L30.T10SEH.2021144T184521.v2.0: wrote 8 files
[1280/3634] [1277] HLS.L30.T10SFG.2021144T184545.v2.0: wrote 8 files
[1281/3634] [1278] HLS.L30.T10SEG.2021144T184545.v2.0: wrote 8 files
[1282/3634] [1288] HLS.S30.T11TLE.2021144T184919.v2.0: SKIP NoDataInBounds (field does not intersect FMASK)
[1283/3634] [1281] HLS.S30.T11TKG.2021144T184919.v2.0: wrote 8 files
[1284/3634] [1275] HLS.L30.T10SGH.2021144T184521.v2.0: wrote 8 files
[1285/3634] [1282] HLS.S30.T10TFM.2021144T184919.v2.0: wrote 8 files
[1286/3634] [1285] HLS.S30.T11TKF.2021144T184919.v2.0: wrote 8 files
[1287/3634] [1283] HLS.S30.T10TEM.2021144T184919.v2.0: wrote 8 files
[1288/3634] [1286] HLS.S30.T10TGL.2021144T184919.v2.0: wrote 8 files
[1289/3634] [1290] HLS.S30.T11TKE.2021144T184919.v2.0: wrote 8 files
[1290/3634] [1291] HLS.S30.T10TGK.2021144T184919.v2.0: wrote 8 files
[1291/3634] [1287] HLS.S30.T10TFL.2021144T184919.v2.0: wrote 8 files
[1292/3634] [1289] HLS.S30.T10TEL.2021144T184919.v2.0: wrote 8 files
[1293/3634] [1294] HLS.S30.T11SKD.2021144T184919.v2.0: wrote 8 files
[1294/3634] [1292] HLS.S30.T10TFK.2021144T184919.v2.0: wrote 8 files
[1295/3634] [1295] HLS.S30.T10SGJ.2021144T184919.v2.0: wrote 8 files
[1296/3634] [1293] HLS.S30.T10TEK.2021144T184919.v2.0: wrote 8 files
[1297/3634] [1296] HLS.S30.T10SFJ.2021144T184919.v2.0: wrote 8 files
[1298/3634] [1297] HLS.S30.T10SEJ.2021144T184919.v2.0: wrote 8 files
[1299/3634] [1298] HLS.S30.T10SDJ.2021144T184919.v2.0: wrote 8 files
[1300/3634] [1299] HLS.S30.T11SKC.2021144T184919.v2.0: wrote 8 files
[1301/3634] [1303] HLS.S30.T10SDH.2021144T184919.v2.0: wrote 8 files
[1302/3634] [1308] HLS.S30.T10SDG.2021144T184919.v2.0: SKIP NoDataInBounds (field does not intersect FMASK)
[1303/3634] [1300] HLS.S30.T10SGH.2021144T184919.v2.0: wrote 8 files
[1304/3634] [1301] HLS.S30.T10SFH.2021144T184919.v2.0: wrote 8 files
[1305/3634] [1304] HLS.S30.T11SKB.2021144T184919.v2.0: wrote 8 files
[1306/3634] [1305] HLS.S30.T10SGG.2021144T184919.v2.0: wrote 8 files
[1307/3634] [1302] HLS.S30.T10SEH.2021144T184919.v2.0: wrote 8 files
[1308/3634] [1310] HLS.S30.T10TCM.2021145T190911.v2.0: wrote 8 files
[1309/3634] [1315] HLS.L30.T11TMG.2021146T183149.v2.0: SKIP NoDataInBounds (field does not intersect FMASK)
[1310/3634] [1316] HLS.L30.T11TLG.2021146T183213.v2.0: SKIP NoDataInBounds (field does not intersect FMASK)
[1311/3634] [1317] HLS.L30.T11TLF.2021146T183213.v2.0: SKIP NoDataInBounds (field does not intersect FMASK)
[1312/3634] [1318] HLS.L30.T11TMF.2021146T183213.v2.0: SKIP NoDataInBounds (field does not intersect FMASK)
[1313/3634] [1319] HLS.L30.T11TME.2021146T183237.v2.0: SKIP NoDataInBounds (field does not intersect FMASK)
[1314/3634] [1306] HLS.S30.T10SFG.2021144T184919.v2.0: wrote 8 files
[1315/3634] [1307] HLS.S30.T10SEG.2021144T184919.v2.0: wrote 8 files
[1316/3634] [1312] HLS.S30.T10TCL.2021145T190911.v2.0: wrote 8 files
[1317/3634] [1323] HLS.L30.T11SLD.2021146T183237.v2.0: SKIP NoDataInBounds (field does not intersect FMASK)
[1318/3634] [1324] HLS.L30.T11SMD.2021146T183237.v2.0: SKIP NoDataInBounds (field does not intersect FMASK)
[1319/3634] [1314] HLS.S30.T10TCK.2021145T190911.v2.0: wrote 8 files
[1320/3634] [1325] HLS.L30.T11TLE.2021146T183237.v2.0: SKIP NoDataInBounds (field does not intersect FMASK)
[1321/3634] [1327] HLS.L30.T11SMC.2021146T183301.v2.0: SKIP NoDataInBounds (field does not intersect FMASK)
[1322/3634] [1309] HLS.S30.T10TDM.2021145T190911.v2.0: wrote 8 files
[1323/3634] [1320] HLS.L30.T11TKE.2021146T183237.v2.0: wrote 8 files
[1324/3634] [1321] HLS.L30.T10TGK.2021146T183237.v2.0: wrote 8 files
[1325/3634] [1313] HLS.S30.T10TDK.2021145T190911.v2.0: wrote 8 files
[1326/3634] [1311] HLS.S30.T10TDL.2021145T190911.v2.0: wrote 8 files
[1327/3634] [1322] HLS.L30.T11SKD.2021146T183237.v2.0: wrote 8 files
[1328/3634] [1331] HLS.L30.T11SMB.2021146T183325.v2.0: wrote 8 files
[1329/3634] [1328] HLS.L30.T11SLC.2021146T183301.v2.0: wrote 8 files
[1330/3634] [1335] HLS.S30.T11TMG.2021146T183921.v2.0: SKIP NoDataInBounds (field does not intersect FMASK)
[1331/3634] [1336] HLS.S30.T11TLG.2021146T183921.v2.0: SKIP NoDataInBounds (field does not intersect FMASK)
[1332/3634] [1326] HLS.L30.T10SGJ.2021146T183301.v2.0: wrote 8 files
[1333/3634] [1339] HLS.S30.T11TMF.2021146T183921.v2.0: SKIP NoDataInBounds (field does not intersect FMASK)
[1334/3634] [1340] HLS.S30.T11TLF.2021146T183921.v2.0: SKIP NoDataInBounds (field does not intersect FMASK)
[1335/3634] [1329] HLS.L30.T11SKC.2021146T183301.v2.0: wrote 8 files
[1336/3634] [1337] HLS.S30.T10TGM.2021146T183921.v2.0: wrote 8 files
[1337/3634] [1343] HLS.S30.T11TME.2021146T183921.v2.0: SKIP NoDataInBounds (field does not intersect FMASK)
[1338/3634] [1332] HLS.L30.T11SLB.2021146T183325.v2.0: wrote 8 files
[1339/3634] [1344] HLS.S30.T11TLE.2021146T183921.v2.0: SKIP NoDataInBounds (field does not intersect FMASK)
[1340/3634] [1338] HLS.S30.T11TKG.2021146T183921.v2.0: wrote 8 files
[1341/3634] [1333] HLS.L30.T11SKB.2021146T183325.v2.0: wrote 8 files
[1342/3634] [1347] HLS.S30.T11SMD.2021146T183921.v2.0: SKIP NoDataInBounds (field does not intersect FMASK)
[1343/3634] [1348] HLS.S30.T11SLD.2021146T183921.v2.0: SKIP NoDataInBounds (field does not intersect FMASK)
[1344/3634] [1334] HLS.L30.T10SGG.2021146T183325.v2.0: wrote 8 files
[1345/3634] [1351] HLS.S30.T11SMC.2021146T183921.v2.0: SKIP NoDataInBounds (field does not intersect FMASK)
[1346/3634] [1330] HLS.L30.T10SGH.2021146T183301.v2.0: wrote 8 files
[1347/3634] [1341] HLS.S30.T11TKF.2021146T183921.v2.0: wrote 8 files
[1348/3634] [1342] HLS.S30.T10TGL.2021146T183921.v2.0: wrote 8 files
[1349/3634] [1345] HLS.S30.T11TKE.2021146T183921.v2.0: wrote 8 files
[1350/3634] [1346] HLS.S30.T10TGK.2021146T183921.v2.0: wrote 8 files
[1351/3634] [1349] HLS.S30.T11SKD.2021146T183921.v2.0: wrote 8 files
[1352/3634] [1353] HLS.S30.T11SLC.2021146T183921.v2.0: wrote 8 files
[1353/3634] [1357] HLS.S30.T11SMB.2021146T183921.v2.0: wrote 8 files
[1354/3634] [1350] HLS.S30.T10SGJ.2021146T183921.v2.0: wrote 8 files
[1355/3634] [1352] HLS.S30.T10SFJ.2021146T183921.v2.0: wrote 8 files
[1356/3634] [1354] HLS.S30.T11SKC.2021146T183921.v2.0: wrote 8 files
[1357/3634] [1358] HLS.S30.T11SLB.2021146T183921.v2.0: wrote 8 files
[1358/3634] [1359] HLS.S30.T11SKB.2021146T183921.v2.0: wrote 8 files
[1359/3634] [1356] HLS.S30.T10SFH.2021146T183921.v2.0: wrote 8 files
[1360/3634] [1355] HLS.S30.T10SGH.2021146T183921.v2.0: wrote 8 files
[1361/3634] [1362] HLS.S30.T10TFM.2021147T185919.v2.0: wrote 8 files
[1362/3634] [1361] HLS.S30.T10SFG.2021146T183921.v2.0: wrote 8 files
[1363/3634] [1360] HLS.S30.T10SGG.2021146T183921.v2.0: wrote 8 files
[1364/3634] [1365] HLS.S30.T10TCM.2021147T185919.v2.0: wrote 8 files
[1365/3634] [1363] HLS.S30.T10TEM.2021147T185919.v2.0: wrote 8 files
[1366/3634] [1364] HLS.S30.T10TDM.2021147T185919.v2.0: wrote 8 files
[1367/3634] [1370] HLS.S30.T10TCL.2021147T185919.v2.0: wrote 8 files
[1368/3634] [1373] HLS.S30.T10TCK.2021147T185919.v2.0: wrote 8 files
[1369/3634] [1366] HLS.S30.T10TFL.2021147T185919.v2.0: wrote 8 files
[1370/3634] [1369] HLS.S30.T10TFK.2021147T185919.v2.0: wrote 8 files
[1371/3634] [1367] HLS.S30.T10TEL.2021147T185919.v2.0: wrote 8 files
[1372/3634] [1368] HLS.S30.T10TDL.2021147T185919.v2.0: wrote 8 files
[1373/3634] [1379] HLS.S30.T10SDG.2021147T185919.v2.0: SKIP NoDataInBounds (field does not intersect FMASK)
[1374/3634] [1380] HLS.S30.T11TMF.2021148T182919.v2.0: SKIP NoDataInBounds (field does not intersect FMASK)
[1375/3634] [1381] HLS.S30.T11TME.2021148T182919.v2.0: SKIP NoDataInBounds (field does not intersect FMASK)
[1376/3634] [1382] HLS.S30.T11SMD.2021148T182919.v2.0: SKIP NoDataInBounds (field does not intersect FMASK)
[1377/3634] [1383] HLS.S30.T11SLD.2021148T182919.v2.0: SKIP NoDataInBounds (field does not intersect FMASK)
[1378/3634] [1384] HLS.S30.T11SMC.2021148T182919.v2.0: SKIP NoDataInBounds (field does not intersect FMASK)
[1379/3634] [1371] HLS.S30.T10TEK.2021147T185919.v2.0: wrote 8 files
[1380/3634] [1372] HLS.S30.T10TDK.2021147T185919.v2.0: wrote 8 files
[1381/3634] [1386] HLS.S30.T11SMB.2021148T182919.v2.0: wrote 8 files
[1382/3634] [1378] HLS.S30.T10SEG.2021147T185919.v2.0: wrote 8 files
[1383/3634] [1374] HLS.S30.T10SEJ.2021147T185919.v2.0: wrote 8 files
[1384/3634] [1390] HLS.S30.T11TLG.2021149T184921.v2.0: SKIP NoDataInBounds (field does not intersect FMASK)
[1385/3634] [1377] HLS.S30.T10SDH.2021147T185919.v2.0: wrote 8 files
[1386/3634] [1385] HLS.S30.T11SLC.2021148T182919.v2.0: wrote 8 files
[1387/3634] [1375] HLS.S30.T10SDJ.2021147T185919.v2.0: wrote 8 files
[1388/3634] [1388] HLS.L30.T10TCM.2021149T190245.v2.0: wrote 8 files
[1389/3634] [1395] HLS.S30.T11TLF.2021149T184921.v2.0: SKIP NoDataInBounds (field does not intersect FMASK)
[1390/3634] [1376] HLS.S30.T10SEH.2021147T185919.v2.0: wrote 8 files
[1391/3634] [1391] HLS.S30.T10TGM.2021149T184921.v2.0: wrote 8 files
[1392/3634] [1389] HLS.L30.T10TDM.2021149T190245.v2.0: wrote 8 files
[1393/3634] [1387] HLS.S30.T11SLB.2021148T182919.v2.0: wrote 8 files
[1394/3634] [1400] HLS.S30.T11TLE.2021149T184921.v2.0: SKIP NoDataInBounds (field does not intersect FMASK)
[1395/3634] [1394] HLS.S30.T10TEM.2021149T184921.v2.0: wrote 8 files
[1396/3634] [1393] HLS.S30.T10TFM.2021149T184921.v2.0: wrote 8 files
[1397/3634] [1396] HLS.S30.T11TKF.2021149T184921.v2.0: wrote 8 files
[1398/3634] [1397] HLS.S30.T10TGL.2021149T184921.v2.0: wrote 8 files
[1399/3634] [1399] HLS.L30.T10TCL.2021149T190309.v2.0: wrote 8 files
[1400/3634] [1392] HLS.S30.T11TKG.2021149T184921.v2.0: wrote 8 files
[1401/3634] [1402] HLS.S30.T11TKE.2021149T184921.v2.0: wrote 8 files
[1402/3634] [1403] HLS.S30.T10TGK.2021149T184921.v2.0: wrote 8 files
[1403/3634] [1398] HLS.S30.T10TFL.2021149T184921.v2.0: wrote 8 files
[1404/3634] [1406] HLS.S30.T11SKD.2021149T184921.v2.0: wrote 8 files
[1405/3634] [1401] HLS.S30.T10TEL.2021149T184921.v2.0: wrote 8 files
[1406/3634] [1404] HLS.S30.T10TFK.2021149T184921.v2.0: wrote 8 files
[1407/3634] [1405] HLS.S30.T10TEK.2021149T184921.v2.0: wrote 8 files
[1408/3634] [1410] HLS.S30.T10SDJ.2021149T184921.v2.0: wrote 8 files
[1409/3634] [1409] HLS.S30.T10SEJ.2021149T184921.v2.0: wrote 8 files
[1410/3634] [1408] HLS.S30.T10SFJ.2021149T184921.v2.0: wrote 8 files
[1411/3634] [1411] HLS.S30.T11SKC.2021149T184921.v2.0: wrote 8 files
[1412/3634] [1412] HLS.S30.T10SGH.2021149T184921.v2.0: wrote 8 files
[1413/3634] [1413] HLS.S30.T10SFH.2021149T184921.v2.0: wrote 8 files
[1414/3634] [1414] HLS.S30.T10SEH.2021149T184921.v2.0: wrote 8 files
[1415/3634] [1415] HLS.S30.T10SDH.2021149T184921.v2.0: wrote 8 files
[1416/3634] [1416] HLS.S30.T11SKB.2021149T184921.v2.0: wrote 8 files
[1417/3634] [1417] HLS.S30.T10SGG.2021149T184921.v2.0: wrote 8 files
[1418/3634] [1421] HLS.S30.T10TCM.2021150T190919.v2.0: wrote 8 files
[1419/3634] [1419] HLS.S30.T10SEG.2021149T184921.v2.0: wrote 8 files
[1420/3634] [1418] HLS.S30.T10SFG.2021149T184921.v2.0: wrote 8 files
[1421/3634] [1423] HLS.S30.T10TCL.2021150T190919.v2.0: wrote 8 files
[1422/3634] [1420] HLS.S30.T10TDM.2021150T190919.v2.0: wrote 8 files
[1423/3634] [1425] HLS.S30.T10TCK.2021150T190919.v2.0: wrote 8 files
[1424/3634] [1407] HLS.S30.T10SGJ.2021149T184921.v2.0: wrote 8 files
[1425/3634] [1426] HLS.L30.T10TFM.2021151T185024.v2.0: wrote 8 files
[1426/3634] [1424] HLS.S30.T10TDK.2021150T190919.v2.0: wrote 8 files
[1427/3634] [1422] HLS.S30.T10TDL.2021150T190919.v2.0: wrote 8 files
[1428/3634] [1427] HLS.L30.T10TEM.2021151T185024.v2.0: wrote 8 files
[1429/3634] [1428] HLS.L30.T10TDM.2021151T185048.v2.0: wrote 8 files
[1430/3634] [1432] HLS.L30.T10TCK.2021151T185112.v2.0: wrote 8 files
[1431/3634] [1429] HLS.L30.T10TFL.2021151T185048.v2.0: wrote 8 files
[1432/3634] [1430] HLS.L30.T10TEL.2021151T185048.v2.0: wrote 8 files
[1433/3634] [1435] HLS.L30.T10TFK.2021151T185112.v2.0: wrote 8 files
[1434/3634] [1433] HLS.L30.T10TEK.2021151T185112.v2.0: wrote 8 files
[1435/3634] [1434] HLS.L30.T10TDK.2021151T185112.v2.0: wrote 8 files
[1436/3634] [1441] HLS.L30.T10SDG.2021151T185200.v2.0: SKIP NoDataInBounds (field does not intersect FMASK)
[1437/3634] [1442] HLS.S30.T11TMG.2021151T183919.v2.0: SKIP NoDataInBounds (field does not intersect FMASK)
[1438/3634] [1443] HLS.S30.T11TLG.2021151T183919.v2.0: SKIP NoDataInBounds (field does not intersect FMASK)
[1439/3634] [1436] HLS.L30.T10SDJ.2021151T185112.v2.0: wrote 8 files
[1440/3634] [1446] HLS.S30.T11TMF.2021151T183919.v2.0: SKIP NoDataInBounds (field does not intersect FMASK)
[1441/3634] [1447] HLS.S30.T11TLF.2021151T183919.v2.0: SKIP NoDataInBounds (field does not intersect FMASK)
[1442/3634] [1437] HLS.L30.T10SEJ.2021151T185112.v2.0: wrote 8 files
[1443/3634] [1439] HLS.L30.T10SDH.2021151T185136.v2.0: wrote 8 files
[1444/3634] [1450] HLS.S30.T11TME.2021151T183919.v2.0: SKIP NoDataInBounds (field does not intersect FMASK)
[1445/3634] [1444] HLS.S30.T10TGM.2021151T183919.v2.0: wrote 8 files
[1446/3634] [1451] HLS.S30.T11TLE.2021151T183919.v2.0: SKIP NoDataInBounds (field does not intersect FMASK)
[1447/3634] [1445] HLS.S30.T11TKG.2021151T183919.v2.0: wrote 8 files
[1448/3634] [1454] HLS.S30.T11SMD.2021151T183919.v2.0: SKIP NoDataInBounds (field does not intersect FMASK)
[1449/3634] [1440] HLS.L30.T10SEG.2021151T185200.v2.0: wrote 8 files
[1450/3634] [1455] HLS.S30.T11SLD.2021151T183919.v2.0: SKIP NoDataInBounds (field does not intersect FMASK)
[1451/3634] [1438] HLS.L30.T10SEH.2021151T185136.v2.0: wrote 8 files
[1452/3634] [1458] HLS.S30.T11SMC.2021151T183919.v2.0: SKIP NoDataInBounds (field does not intersect FMASK)
[1453/3634] [1448] HLS.S30.T11TKF.2021151T183919.v2.0: wrote 8 files
[1454/3634] [1449] HLS.S30.T10TGL.2021151T183919.v2.0: wrote 8 files
[1455/3634] [1453] HLS.S30.T10TGK.2021151T183919.v2.0: wrote 8 files
[1456/3634] [1452] HLS.S30.T11TKE.2021151T183919.v2.0: wrote 8 files
[1457/3634] [1456] HLS.S30.T11SKD.2021151T183919.v2.0: wrote 8 files
[1458/3634] [1460] HLS.S30.T11SLC.2021151T183919.v2.0: wrote 8 files
[1459/3634] [1457] HLS.S30.T10SGJ.2021151T183919.v2.0: wrote 8 files
[1460/3634] [1459] HLS.S30.T10SFJ.2021151T183919.v2.0: wrote 8 files
[1461/3634] [1464] HLS.S30.T11SMB.2021151T183919.v2.0: wrote 8 files
[1462/3634] [1431] HLS.L30.T10TDL.2021151T185048.v2.0: wrote 8 files
[1463/3634] [1461] HLS.S30.T11SKC.2021151T183919.v2.0: wrote 8 files
[1464/3634] [1463] HLS.S30.T10SFH.2021151T183919.v2.0: wrote 8 files
[1465/3634] [1462] HLS.S30.T10SGH.2021151T183919.v2.0: wrote 8 files
[1466/3634] [1465] HLS.S30.T11SLB.2021151T183919.v2.0: wrote 8 files
[1467/3634] [1466] HLS.S30.T11SKB.2021151T183919.v2.0: wrote 8 files
[1468/3634] [1468] HLS.S30.T10SFG.2021151T183919.v2.0: wrote 8 files
[1469/3634] [1467] HLS.S30.T10SGG.2021151T183919.v2.0: wrote 8 files
[1470/3634] [1472] HLS.S30.T10TCM.2021152T185921.v2.0: wrote 8 files
[1471/3634] [1470] HLS.S30.T10TEM.2021152T185921.v2.0: wrote 8 files
[1472/3634] [1471] HLS.S30.T10TDM.2021152T185921.v2.0: wrote 8 files
[1473/3634] [1477] HLS.S30.T10TCL.2021152T185921.v2.0: wrote 8 files
[1474/3634] [1473] HLS.S30.T10TFL.2021152T185921.v2.0: wrote 8 files
[1475/3634] [1476] HLS.S30.T10TFK.2021152T185921.v2.0: wrote 8 files
[1476/3634] [1480] HLS.S30.T10TCK.2021152T185921.v2.0: wrote 8 files
[1477/3634] [1469] HLS.S30.T10TFM.2021152T185921.v2.0: wrote 8 files
[1478/3634] [1474] HLS.S30.T10TEL.2021152T185921.v2.0: wrote 8 files
[1479/3634] [1485] HLS.L30.T11TMG.2021153T183803.v2.0: SKIP NoDataInBounds (field does not intersect FMASK)
[1480/3634] [1486] HLS.L30.T11TLG.2021153T183803.v2.0: SKIP NoDataInBounds (field does not intersect FMASK)
[1481/3634] [1487] HLS.L30.T11TLF.2021153T183827.v2.0: SKIP NoDataInBounds (field does not intersect FMASK)
[1482/3634] [1475] HLS.S30.T10TDL.2021152T185921.v2.0: wrote 8 files
[1483/3634] [1478] HLS.S30.T10TEK.2021152T185921.v2.0: wrote 8 files
[1484/3634] [1479] HLS.S30.T10TDK.2021152T185921.v2.0: wrote 8 files
[1485/3634] [1488] HLS.L30.T11TKG.2021153T183827.v2.0: wrote 8 files
[1486/3634] [1482] HLS.S30.T10SDJ.2021152T185921.v2.0: wrote 8 files
[1487/3634] [1493] HLS.L30.T11TLE.2021153T183851.v2.0: SKIP NoDataInBounds (field does not intersect FMASK)
[1488/3634] [1481] HLS.S30.T10SEJ.2021152T185921.v2.0: wrote 8 files
[1489/3634] [1491] HLS.L30.T10TGM.2021153T183827.v2.0: wrote 8 files
[1490/3634] [1483] HLS.S30.T10SEH.2021152T185921.v2.0: wrote 8 files
[1491/3634] [1496] HLS.L30.T11SLD.2021153T183851.v2.0: SKIP NoDataInBounds (field does not intersect FMASK)
[1492/3634] [1490] HLS.L30.T11TKF.2021153T183827.v2.0: wrote 8 files
[1493/3634] [1489] HLS.L30.T10TFL.2021153T183827.v2.0: wrote 8 files
[1494/3634] [1492] HLS.L30.T10TGL.2021153T183827.v2.0: wrote 8 files
[1495/3634] [1497] HLS.L30.T11TKE.2021153T183851.v2.0: wrote 8 files
[1496/3634] [1498] HLS.L30.T10TGK.2021153T183851.v2.0: wrote 8 files
[1497/3634] [1499] HLS.L30.T11SKD.2021153T183851.v2.0: wrote 8 files
[1498/3634] [1494] HLS.L30.T10SGJ.2021153T183851.v2.0: wrote 8 files
[1499/3634] [1495] HLS.L30.T10TFK.2021153T183851.v2.0: wrote 8 files
[1500/3634] [1484] HLS.S30.T10SDH.2021152T185921.v2.0: wrote 8 files
[1501/3634] [1500] HLS.L30.T10SFJ.2021153T183851.v2.0: wrote 8 files
[1502/3634] [1508] HLS.S30.T11TMF.2021153T182921.v2.0: SKIP NoDataInBounds (field does not intersect FMASK)
[1503/3634] [1509] HLS.S30.T11TME.2021153T182921.v2.0: SKIP NoDataInBounds (field does not intersect FMASK)
[1504/3634] [1510] HLS.S30.T11SMD.2021153T182921.v2.0: SKIP NoDataInBounds (field does not intersect FMASK)
[1505/3634] [1511] HLS.S30.T11SLD.2021153T182921.v2.0: SKIP NoDataInBounds (field does not intersect FMASK)
[1506/3634] [1501] HLS.L30.T11SKC.2021153T183915.v2.0: wrote 8 files
[1507/3634] [1512] HLS.S30.T11SMC.2021153T182921.v2.0: SKIP NoDataInBounds (field does not intersect FMASK)
[1508/3634] [1504] HLS.L30.T11SLC.2021153T183915.v2.0: wrote 8 files
[1509/3634] [1505] HLS.L30.T11SKB.2021153T183939.v2.0: wrote 8 files
[1510/3634] [1516] HLS.S30.T11TLG.2021154T184919.v2.0: SKIP NoDataInBounds (field does not intersect FMASK)
[1511/3634] [1502] HLS.L30.T10SFH.2021153T183915.v2.0: wrote 8 files
[1512/3634] [1514] HLS.S30.T11SMB.2021153T182921.v2.0: wrote 8 files
[1513/3634] [1503] HLS.L30.T10SGH.2021153T183915.v2.0: wrote 8 files
[1514/3634] [1506] HLS.L30.T10SFG.2021153T183939.v2.0: wrote 8 files
[1515/3634] [1521] HLS.S30.T11TLF.2021154T184919.v2.0: SKIP NoDataInBounds (field does not intersect FMASK)
[1516/3634] [1513] HLS.S30.T11SLC.2021153T182921.v2.0: wrote 8 files
[1517/3634] [1517] HLS.S30.T10TGM.2021154T184919.v2.0: wrote 8 files
[1518/3634] [1515] HLS.S30.T11SLB.2021153T182921.v2.0: wrote 8 files
[1519/3634] [1525] HLS.S30.T11TLE.2021154T184919.v2.0: SKIP NoDataInBounds (field does not intersect FMASK)
[1520/3634] [1518] HLS.S30.T11TKG.2021154T184919.v2.0: wrote 8 files
[1521/3634] [1522] HLS.S30.T11TKF.2021154T184919.v2.0: wrote 8 files
[1522/3634] [1520] HLS.S30.T10TEM.2021154T184919.v2.0: wrote 8 files
[1523/3634] [1519] HLS.S30.T10TFM.2021154T184919.v2.0: wrote 8 files
[1524/3634] [1523] HLS.S30.T10TGL.2021154T184919.v2.0: wrote 8 files
[1525/3634] [1527] HLS.S30.T11TKE.2021154T184919.v2.0: wrote 8 files
[1526/3634] [1528] HLS.S30.T10TGK.2021154T184919.v2.0: wrote 8 files
[1527/3634] [1526] HLS.S30.T10TEL.2021154T184919.v2.0: wrote 8 files
[1528/3634] [1507] HLS.L30.T10SGG.2021153T183939.v2.0: wrote 8 files
[1529/3634] [1524] HLS.S30.T10TFL.2021154T184919.v2.0: wrote 8 files
[1530/3634] [1531] HLS.S30.T11SKD.2021154T184919.v2.0: wrote 8 files
[1531/3634] [1530] HLS.S30.T10TEK.2021154T184919.v2.0: wrote 8 files
[1532/3634] [1529] HLS.S30.T10TFK.2021154T184919.v2.0: wrote 8 files
[1533/3634] [1532] HLS.S30.T10SGJ.2021154T184919.v2.0: wrote 8 files
[1534/3634] [1533] HLS.S30.T10SFJ.2021154T184919.v2.0: wrote 8 files
[1535/3634] [1536] HLS.S30.T11SKC.2021154T184919.v2.0: wrote 8 files
[1536/3634] [1534] HLS.S30.T10SEJ.2021154T184919.v2.0: wrote 8 files
[1537/3634] [1537] HLS.S30.T10SGH.2021154T184919.v2.0: wrote 8 files
[1538/3634] [1540] HLS.S30.T10SDH.2021154T184919.v2.0: wrote 8 files
[1539/3634] [1538] HLS.S30.T10SFH.2021154T184919.v2.0: wrote 8 files
[1540/3634] [1539] HLS.S30.T10SEH.2021154T184919.v2.0: wrote 8 files
[1541/3634] [1545] HLS.S30.T10SDG.2021154T184919.v2.0: SKIP NoDataInBounds (field does not intersect FMASK)
[1542/3634] [1546] HLS.L30.T11TMF.2021155T182606.v2.0: SKIP NoDataInBounds (field does not intersect FMASK)
[1543/3634] [1547] HLS.L30.T11TME.2021155T182630.v2.0: SKIP NoDataInBounds (field does not intersect FMASK)
[1544/3634] [1548] HLS.L30.T11SMD.2021155T182630.v2.0: SKIP NoDataInBounds (field does not intersect FMASK)
[1545/3634] [1549] HLS.L30.T11SLD.2021155T182654.v2.0: SKIP NoDataInBounds (field does not intersect FMASK)
[1546/3634] [1550] HLS.L30.T11SMC.2021155T182654.v2.0: SKIP NoDataInBounds (field does not intersect FMASK)
[1547/3634] [1541] HLS.S30.T11SKB.2021154T184919.v2.0: wrote 8 files
[1548/3634] [1542] HLS.S30.T10SGG.2021154T184919.v2.0: wrote 8 files
[1549/3634] [1544] HLS.S30.T10SEG.2021154T184919.v2.0: wrote 8 files
[1550/3634] [1553] HLS.L30.T11SMB.2021155T182718.v2.0: wrote 8 files
[1551/3634] [1543] HLS.S30.T10SFG.2021154T184919.v2.0: wrote 8 files
[1552/3634] [1555] HLS.S30.T10TCM.2021155T190911.v2.0: wrote 8 files
[1553/3634] [1551] HLS.L30.T11SLC.2021155T182654.v2.0: wrote 8 files
[1554/3634] [1560] HLS.S30.T11TMG.2021156T183921.v2.0: SKIP NoDataInBounds (field does not intersect FMASK)
[1555/3634] [1561] HLS.S30.T11TLG.2021156T183921.v2.0: SKIP NoDataInBounds (field does not intersect FMASK)
[1556/3634] [1552] HLS.L30.T11SLB.2021155T182718.v2.0: wrote 8 files
[1557/3634] [1535] HLS.S30.T10SDJ.2021154T184919.v2.0: wrote 8 files
[1558/3634] [1564] HLS.S30.T11TMF.2021156T183921.v2.0: SKIP NoDataInBounds (field does not intersect FMASK)
[1559/3634] [1565] HLS.S30.T11TLF.2021156T183921.v2.0: SKIP NoDataInBounds (field does not intersect FMASK)
[1560/3634] [1557] HLS.S30.T10TCL.2021155T190911.v2.0: wrote 8 files
[1561/3634] [1554] HLS.S30.T10TDM.2021155T190911.v2.0: wrote 8 files
[1562/3634] [1568] HLS.S30.T11TME.2021156T183921.v2.0: SKIP NoDataInBounds (field does not intersect FMASK)
[1563/3634] [1569] HLS.S30.T11TLE.2021156T183921.v2.0: SKIP NoDataInBounds (field does not intersect FMASK)
[1564/3634] [1559] HLS.S30.T10TCK.2021155T190911.v2.0: wrote 8 files
[1565/3634] [1562] HLS.S30.T10TGM.2021156T183921.v2.0: wrote 8 files
[1566/3634] [1572] HLS.S30.T11SMD.2021156T183921.v2.0: SKIP NoDataInBounds (field does not intersect FMASK)
[1567/3634] [1573] HLS.S30.T11SLD.2021156T183921.v2.0: SKIP NoDataInBounds (field does not intersect FMASK)
[1568/3634] [1563] HLS.S30.T11TKG.2021156T183921.v2.0: wrote 8 files
[1569/3634] [1558] HLS.S30.T10TDK.2021155T190911.v2.0: wrote 8 files
[1570/3634] [1576] HLS.S30.T11SMC.2021156T183921.v2.0: SKIP NoDataInBounds (field does not intersect FMASK)
[1571/3634] [1556] HLS.S30.T10TDL.2021155T190911.v2.0: wrote 8 files
[1572/3634] [1567] HLS.S30.T10TGL.2021156T183921.v2.0: wrote 8 files
[1573/3634] [1570] HLS.S30.T11TKE.2021156T183921.v2.0: wrote 8 files
[1574/3634] [1571] HLS.S30.T10TGK.2021156T183921.v2.0: wrote 8 files
[1575/3634] [1574] HLS.S30.T11SKD.2021156T183921.v2.0: wrote 8 files
[1576/3634] [1577] HLS.S30.T11SLC.2021156T183921.v2.0: wrote 8 files
[1577/3634] [1575] HLS.S30.T10SGJ.2021156T183921.v2.0: wrote 8 files
[1578/3634] [1566] HLS.S30.T11TKF.2021156T183921.v2.0: wrote 8 files
[1579/3634] [1582] HLS.S30.T11SMB.2021156T183921.v2.0: wrote 8 files
[1580/3634] [1578] HLS.S30.T10SFJ.2021156T183921.v2.0: wrote 8 files
[1581/3634] [1579] HLS.S30.T11SKC.2021156T183921.v2.0: wrote 8 files
[1582/3634] [1581] HLS.S30.T10SFH.2021156T183921.v2.0: wrote 8 files
[1583/3634] [1580] HLS.S30.T10SGH.2021156T183921.v2.0: wrote 8 files
[1584/3634] [1583] HLS.S30.T11SLB.2021156T183921.v2.0: wrote 8 files
[1585/3634] [1590] HLS.S30.T10TCM.2021157T185919.v2.0: wrote 8 files
[1586/3634] [1584] HLS.S30.T11SKB.2021156T183921.v2.0: wrote 8 files
[1587/3634] [1586] HLS.S30.T10SFG.2021156T183921.v2.0: wrote 8 files
[1588/3634] [1587] HLS.S30.T10TFM.2021157T185919.v2.0: wrote 8 files
[1589/3634] [1588] HLS.S30.T10TEM.2021157T185919.v2.0: wrote 8 files
[1590/3634] [1589] HLS.S30.T10TDM.2021157T185919.v2.0: wrote 8 files
[1591/3634] [1595] HLS.S30.T10TCL.2021157T185919.v2.0: wrote 8 files
[1592/3634] [1591] HLS.S30.T10TFL.2021157T185919.v2.0: wrote 8 files
[1593/3634] [1598] HLS.S30.T10TCK.2021157T185919.v2.0: wrote 8 files
[1594/3634] [1594] HLS.S30.T10TFK.2021157T185919.v2.0: wrote 8 files
[1595/3634] [1592] HLS.S30.T10TEL.2021157T185919.v2.0: wrote 8 files
[1596/3634] [1593] HLS.S30.T10TDL.2021157T185919.v2.0: wrote 8 files
[1597/3634] [1585] HLS.S30.T10SGG.2021156T183921.v2.0: wrote 8 files
[1598/3634] [1604] HLS.S30.T10SDG.2021157T185919.v2.0: SKIP NoDataInBounds (field does not intersect FMASK)
[1599/3634] [1596] HLS.S30.T10TEK.2021157T185919.v2.0: wrote 8 files
[1600/3634] [1605] HLS.S30.T11TMF.2021158T182919.v2.0: SKIP NoDataInBounds (field does not intersect FMASK)
[1601/3634] [1606] HLS.S30.T11TME.2021158T182919.v2.0: SKIP NoDataInBounds (field does not intersect FMASK)
[1602/3634] [1607] HLS.S30.T11SMD.2021158T182919.v2.0: SKIP NoDataInBounds (field does not intersect FMASK)
[1603/3634] [1597] HLS.S30.T10TDK.2021157T185919.v2.0: wrote 8 files
[1604/3634] [1608] HLS.S30.T11SLD.2021158T182919.v2.0: SKIP NoDataInBounds (field does not intersect FMASK)
[1605/3634] [1609] HLS.S30.T11SMC.2021158T182919.v2.0: SKIP NoDataInBounds (field does not intersect FMASK)
[1606/3634] [1603] HLS.S30.T10SEG.2021157T185919.v2.0: wrote 8 files
[1607/3634] [1602] HLS.S30.T10SDH.2021157T185919.v2.0: wrote 8 files
[1608/3634] [1611] HLS.S30.T11SMB.2021158T182919.v2.0: wrote 8 files
[1609/3634] [1600] HLS.S30.T10SDJ.2021157T185919.v2.0: wrote 8 files
[1610/3634] [1599] HLS.S30.T10SEJ.2021157T185919.v2.0: wrote 8 files
[1611/3634] [1601] HLS.S30.T10SEH.2021157T185919.v2.0: wrote 8 files
[1612/3634] [1610] HLS.S30.T11SLC.2021158T182919.v2.0: wrote 8 files
[1613/3634] [1618] HLS.L30.T10TCM.2021158T185702.v2.0: wrote 8 files
[1614/3634] [1617] HLS.L30.T10TCL.2021158T185702.v2.0: wrote 8 files
[1615/3634] [1613] HLS.L30.T10TEM.2021158T185638.v2.0: wrote 8 files
[1616/3634] [1614] HLS.L30.T10TDM.2021158T185638.v2.0: wrote 8 files
[1617/3634] [1623] HLS.S30.T11TLG.2021159T184921.v2.0: SKIP NoDataInBounds (field does not intersect FMASK)
[1618/3634] [1620] HLS.L30.T10TCK.2021158T185726.v2.0: wrote 8 files
[1619/3634] [1615] HLS.L30.T10TEL.2021158T185702.v2.0: wrote 8 files
[1620/3634] [1624] HLS.S30.T10TGM.2021159T184921.v2.0: wrote 8 files
[1621/3634] [1616] HLS.L30.T10TDL.2021158T185702.v2.0: wrote 8 files
[1622/3634] [1628] HLS.S30.T11TLF.2021159T184921.v2.0: SKIP NoDataInBounds (field does not intersect FMASK)
[1623/3634] [1625] HLS.S30.T11TKG.2021159T184921.v2.0: wrote 8 files
[1624/3634] [1622] HLS.L30.T10SDH.2021158T185749.v2.0: wrote 8 files
[1625/3634] [1619] HLS.L30.T10TDK.2021158T185726.v2.0: wrote 8 files
[1626/3634] [1632] HLS.S30.T11TLE.2021159T184921.v2.0: SKIP NoDataInBounds (field does not intersect FMASK)
[1627/3634] [1612] HLS.S30.T11SLB.2021158T182919.v2.0: wrote 8 files
[1628/3634] [1621] HLS.L30.T10SDJ.2021158T185726.v2.0: wrote 8 files
[1629/3634] [1626] HLS.S30.T10TFM.2021159T184921.v2.0: wrote 8 files
[1630/3634] [1629] HLS.S30.T11TKF.2021159T184921.v2.0: wrote 8 files
[1631/3634] [1627] HLS.S30.T10TEM.2021159T184921.v2.0: wrote 8 files
[1632/3634] [1630] HLS.S30.T10TGL.2021159T184921.v2.0: wrote 8 files
[1633/3634] [1635] HLS.S30.T10TGK.2021159T184921.v2.0: wrote 8 files
[1634/3634] [1631] HLS.S30.T10TFL.2021159T184921.v2.0: wrote 8 files
[1635/3634] [1633] HLS.S30.T10TEL.2021159T184921.v2.0: wrote 8 files
[1636/3634] [1638] HLS.S30.T11SKD.2021159T184921.v2.0: wrote 8 files
[1637/3634] [1636] HLS.S30.T10TFK.2021159T184921.v2.0: wrote 8 files
[1638/3634] [1637] HLS.S30.T10TEK.2021159T184921.v2.0: wrote 8 files
[1639/3634] [1639] HLS.S30.T10SGJ.2021159T184921.v2.0: wrote 8 files
[1640/3634] [1634] HLS.S30.T11TKE.2021159T184921.v2.0: wrote 8 files
[1641/3634] [1642] HLS.S30.T10SDJ.2021159T184921.v2.0: wrote 8 files
[1642/3634] [1640] HLS.S30.T10SFJ.2021159T184921.v2.0: wrote 8 files
[1643/3634] [1641] HLS.S30.T10SEJ.2021159T184921.v2.0: wrote 8 files
[1644/3634] [1643] HLS.S30.T11SKC.2021159T184921.v2.0: wrote 8 files
[1645/3634] [1644] HLS.S30.T10SGH.2021159T184921.v2.0: wrote 8 files
[1646/3634] [1652] HLS.S30.T10SDG.2021159T184921.v2.0: SKIP NoDataInBounds (field does not intersect FMASK)
[1647/3634] [1645] HLS.S30.T10SFH.2021159T184921.v2.0: wrote 8 files
[1648/3634] [1648] HLS.S30.T11SKB.2021159T184921.v2.0: wrote 8 files
[1649/3634] [1646] HLS.S30.T10SEH.2021159T184921.v2.0: wrote 8 files
[1650/3634] [1649] HLS.S30.T10SGG.2021159T184921.v2.0: wrote 8 files
[1651/3634] [1651] HLS.S30.T10SEG.2021159T184921.v2.0: wrote 8 files
[1652/3634] [1650] HLS.S30.T10SFG.2021159T184921.v2.0: wrote 8 files
[1653/3634] [1653] HLS.L30.T11TKG.2021160T184417.v2.0: wrote 8 files
[1654/3634] [1654] HLS.L30.T10TGM.2021160T184417.v2.0: wrote 8 files
[1655/3634] [1655] HLS.L30.T10TEM.2021160T184441.v2.0: wrote 8 files
[1656/3634] [1657] HLS.L30.T10TFM.2021160T184441.v2.0: wrote 8 files
[1657/3634] [1658] HLS.L30.T10TGL.2021160T184441.v2.0: wrote 8 files
[1658/3634] [1659] HLS.L30.T11TKF.2021160T184441.v2.0: wrote 8 files
[1659/3634] [1656] HLS.L30.T10TFL.2021160T184441.v2.0: wrote 8 files
[1660/3634] [1647] HLS.S30.T10SDH.2021159T184921.v2.0: wrote 8 files
[1661/3634] [1661] HLS.L30.T10SGJ.2021160T184505.v2.0: wrote 8 files
[1662/3634] [1662] HLS.L30.T10TGK.2021160T184505.v2.0: wrote 8 files
[1663/3634] [1660] HLS.L30.T10TEL.2021160T184441.v2.0: wrote 8 files
[1664/3634] [1663] HLS.L30.T11SKD.2021160T184505.v2.0: wrote 8 files
[1665/3634] [1665] HLS.L30.T11TKE.2021160T184505.v2.0: wrote 8 files
[1666/3634] [1664] HLS.L30.T10SFJ.2021160T184505.v2.0: wrote 8 files
[1667/3634] [1673] HLS.L30.T10SDG.2021160T184553.v2.0: SKIP NoDataInBounds (field does not intersect FMASK)
[1668/3634] [1666] HLS.L30.T10TEK.2021160T184505.v2.0: wrote 8 files
[1669/3634] [1672] HLS.L30.T10SDH.2021160T184529.v2.0: wrote 8 files
[1670/3634] [1671] HLS.L30.T10SGH.2021160T184529.v2.0: wrote 8 files
[1671/3634] [1668] HLS.L30.T10SEJ.2021160T184505.v2.0: wrote 8 files
[1672/3634] [1669] HLS.L30.T10SEH.2021160T184529.v2.0: wrote 8 files
[1673/3634] [1670] HLS.L30.T10SFH.2021160T184529.v2.0: wrote 8 files
[1674/3634] [1680] HLS.S30.T11TMG.2021161T183919.v2.0: SKIP NoDataInBounds (field does not intersect FMASK)
[1675/3634] [1681] HLS.S30.T11TLG.2021161T183919.v2.0: SKIP NoDataInBounds (field does not intersect FMASK)
[1676/3634] [1677] HLS.S30.T10TCM.2021160T190919.v2.0: wrote 8 files
[1677/3634] [1674] HLS.L30.T10SEG.2021160T184553.v2.0: wrote 8 files
[1678/3634] [1684] HLS.S30.T11TMF.2021161T183919.v2.0: SKIP NoDataInBounds (field does not intersect FMASK)
[1679/3634] [1685] HLS.S30.T11TLF.2021161T183919.v2.0: SKIP NoDataInBounds (field does not intersect FMASK)
[1680/3634] [1676] HLS.S30.T10TDM.2021160T190919.v2.0: wrote 8 files
[1681/3634] [1682] HLS.S30.T10TGM.2021161T183919.v2.0: wrote 8 files
[1682/3634] [1688] HLS.S30.T11TME.2021161T183919.v2.0: SKIP NoDataInBounds (field does not intersect FMASK)
[1683/3634] [1689] HLS.S30.T11TLE.2021161T183919.v2.0: SKIP NoDataInBounds (field does not intersect FMASK)
[1684/3634] [1675] HLS.L30.T10SFG.2021160T184553.v2.0: wrote 8 files
[1685/3634] [1683] HLS.S30.T11TKG.2021161T183919.v2.0: wrote 8 files
[1686/3634] [1692] HLS.S30.T11SMD.2021161T183919.v2.0: SKIP NoDataInBounds (field does not intersect FMASK)
[1687/3634] [1693] HLS.S30.T11SLD.2021161T183919.v2.0: SKIP NoDataInBounds (field does not intersect FMASK)
[1688/3634] [1679] HLS.S30.T10TDK.2021160T190919.v2.0: wrote 8 files
[1689/3634] [1686] HLS.S30.T11TKF.2021161T183919.v2.0: wrote 8 files
[1690/3634] [1678] HLS.S30.T10TDL.2021160T190919.v2.0: wrote 8 files
[1691/3634] [1696] HLS.S30.T11SMC.2021161T183919.v2.0: SKIP NoDataInBounds (field does not intersect FMASK)
[1692/3634] [1687] HLS.S30.T10TGL.2021161T183919.v2.0: wrote 8 files
[1693/3634] [1691] HLS.S30.T10TGK.2021161T183919.v2.0: wrote 8 files
[1694/3634] [1690] HLS.S30.T11TKE.2021161T183919.v2.0: wrote 8 files
[1695/3634] [1694] HLS.S30.T11SKD.2021161T183919.v2.0: wrote 8 files
[1696/3634] [1698] HLS.S30.T11SLC.2021161T183919.v2.0: wrote 8 files
[1697/3634] [1702] HLS.S30.T11SMB.2021161T183919.v2.0: wrote 8 files
[1698/3634] [1695] HLS.S30.T10SGJ.2021161T183919.v2.0: wrote 8 files
[1699/3634] [1697] HLS.S30.T10SFJ.2021161T183919.v2.0: wrote 8 files
[1700/3634] [1667] HLS.L30.T10TFK.2021160T184505.v2.0: wrote 8 files
[1701/3634] [1707] HLS.L30.T11TMG.2021162T183156.v2.0: SKIP NoDataInBounds (field does not intersect FMASK)
[1702/3634] [1708] HLS.L30.T11TLG.2021162T183220.v2.0: SKIP NoDataInBounds (field does not intersect FMASK)
[1703/3634] [1709] HLS.L30.T11TMF.2021162T183220.v2.0: SKIP NoDataInBounds (field does not intersect FMASK)
[1704/3634] [1710] HLS.L30.T11TLF.2021162T183220.v2.0: SKIP NoDataInBounds (field does not intersect FMASK)
[1705/3634] [1699] HLS.S30.T11SKC.2021161T183919.v2.0: wrote 8 files
[1706/3634] [1701] HLS.S30.T10SFH.2021161T183919.v2.0: wrote 8 files
[1707/3634] [1713] HLS.L30.T11TLE.2021162T183244.v2.0: SKIP NoDataInBounds (field does not intersect FMASK)
[1708/3634] [1714] HLS.L30.T11SMD.2021162T183244.v2.0: SKIP NoDataInBounds (field does not intersect FMASK)
[1709/3634] [1715] HLS.L30.T11TME.2021162T183244.v2.0: SKIP NoDataInBounds (field does not intersect FMASK)
[1710/3634] [1700] HLS.S30.T10SGH.2021161T183919.v2.0: wrote 8 files
[1711/3634] [1717] HLS.L30.T11SLD.2021162T183244.v2.0: SKIP NoDataInBounds (field does not intersect FMASK)
[1712/3634] [1703] HLS.S30.T11SLB.2021161T183919.v2.0: wrote 8 files
[1713/3634] [1719] HLS.L30.T11SMC.2021162T183308.v2.0: SKIP NoDataInBounds (field does not intersect FMASK)
[1714/3634] [1704] HLS.S30.T11SKB.2021161T183919.v2.0: wrote 8 files
[1715/3634] [1706] HLS.S30.T10SFG.2021161T183919.v2.0: wrote 8 files
[1716/3634] [1705] HLS.S30.T10SGG.2021161T183919.v2.0: wrote 8 files
[1717/3634] [1712] HLS.L30.T10TGK.2021162T183244.v2.0: wrote 8 files
[1718/3634] [1716] HLS.L30.T11SKD.2021162T183244.v2.0: wrote 8 files
[1719/3634] [1723] HLS.L30.T11SMB.2021162T183332.v2.0: wrote 8 files
[1720/3634] [1718] HLS.L30.T10SGJ.2021162T183308.v2.0: wrote 8 files
[1721/3634] [1711] HLS.L30.T11TKE.2021162T183244.v2.0: wrote 8 files
[1722/3634] [1721] HLS.L30.T11SLC.2021162T183308.v2.0: wrote 8 files
[1723/3634] [1720] HLS.L30.T10SGH.2021162T183308.v2.0: wrote 8 files
[1724/3634] [1724] HLS.L30.T11SKB.2021162T183332.v2.0: wrote 8 files
[1725/3634] [1725] HLS.L30.T10SGG.2021162T183332.v2.0: wrote 8 files
[1726/3634] [1722] HLS.L30.T11SKC.2021162T183308.v2.0: wrote 8 files
[1727/3634] [1726] HLS.L30.T11SLB.2021162T183332.v2.0: wrote 8 files
[1728/3634] [1727] HLS.S30.T10TFM.2021162T185921.v2.0: wrote 8 files
[1729/3634] [1729] HLS.S30.T10TFL.2021162T185921.v2.0: wrote 8 files
[1730/3634] [1730] HLS.S30.T10TEL.2021162T185921.v2.0: wrote 8 files
[1731/3634] [1731] HLS.S30.T10TDL.2021162T185921.v2.0: wrote 8 files
[1732/3634] [1732] HLS.S30.T10TFK.2021162T185921.v2.0: wrote 8 files
[1733/3634] [1739] HLS.S30.T10SDG.2021162T185921.v2.0: SKIP NoDataInBounds (field does not intersect FMASK)
[1734/3634] [1740] HLS.S30.T11TMF.2021163T182921.v2.0: SKIP NoDataInBounds (field does not intersect FMASK)
[1735/3634] [1741] HLS.S30.T11TME.2021163T182921.v2.0: SKIP NoDataInBounds (field does not intersect FMASK)
[1736/3634] [1742] HLS.S30.T11SMD.2021163T182921.v2.0: SKIP NoDataInBounds (field does not intersect FMASK)
[1737/3634] [1743] HLS.S30.T11SLD.2021163T182921.v2.0: SKIP NoDataInBounds (field does not intersect FMASK)
[1738/3634] [1744] HLS.S30.T11SMC.2021163T182921.v2.0: SKIP NoDataInBounds (field does not intersect FMASK)
[1739/3634] [1733] HLS.S30.T10TEK.2021162T185921.v2.0: wrote 8 files
[1740/3634] [1735] HLS.S30.T10SDJ.2021162T185921.v2.0: wrote 8 files
[1741/3634] [1734] HLS.S30.T10SEJ.2021162T185921.v2.0: wrote 8 files
[1742/3634] [1748] HLS.S30.T11TLG.2021164T184919.v2.0: SKIP NoDataInBounds (field does not intersect FMASK)
[1743/3634] [1746] HLS.S30.T11SMB.2021163T182921.v2.0: wrote 8 files
[1744/3634] [1738] HLS.S30.T10SEG.2021162T185921.v2.0: wrote 8 files
[1745/3634] [1728] HLS.S30.T10TEM.2021162T185921.v2.0: wrote 8 files
[1746/3634] [1737] HLS.S30.T10SDH.2021162T185921.v2.0: wrote 8 files
[1747/3634] [1753] HLS.S30.T11TLF.2021164T184919.v2.0: SKIP NoDataInBounds (field does not intersect FMASK)
[1748/3634] [1745] HLS.S30.T11SLC.2021163T182921.v2.0: wrote 8 files
[1749/3634] [1736] HLS.S30.T10SEH.2021162T185921.v2.0: wrote 8 files
[1750/3634] [1749] HLS.S30.T10TGM.2021164T184919.v2.0: wrote 8 files
[1751/3634] [1757] HLS.S30.T11TLE.2021164T184919.v2.0: SKIP NoDataInBounds (field does not intersect FMASK)
[1752/3634] [1747] HLS.S30.T11SLB.2021163T182921.v2.0: wrote 8 files
[1753/3634] [1750] HLS.S30.T11TKG.2021164T184919.v2.0: wrote 8 files
[1754/3634] [1754] HLS.S30.T11TKF.2021164T184919.v2.0: wrote 8 files
[1755/3634] [1755] HLS.S30.T10TGL.2021164T184919.v2.0: wrote 8 files
[1756/3634] [1751] HLS.S30.T10TFM.2021164T184919.v2.0: wrote 8 files
[1757/3634] [1759] HLS.S30.T11TKE.2021164T184919.v2.0: wrote 8 files
[1758/3634] [1760] HLS.S30.T10TGK.2021164T184919.v2.0: wrote 8 files
[1759/3634] [1752] HLS.S30.T10TEM.2021164T184919.v2.0: wrote 8 files
[1760/3634] [1758] HLS.S30.T10TEL.2021164T184919.v2.0: wrote 8 files
[1761/3634] [1756] HLS.S30.T10TFL.2021164T184919.v2.0: wrote 8 files
[1762/3634] [1763] HLS.S30.T11SKD.2021164T184919.v2.0: wrote 8 files
[1763/3634] [1761] HLS.S30.T10TFK.2021164T184919.v2.0: wrote 8 files
[1764/3634] [1762] HLS.S30.T10TEK.2021164T184919.v2.0: wrote 8 files
[1765/3634] [1764] HLS.S30.T10SGJ.2021164T184919.v2.0: wrote 8 files
[1766/3634] [1767] HLS.S30.T10SDJ.2021164T184919.v2.0: wrote 8 files
[1767/3634] [1765] HLS.S30.T10SFJ.2021164T184919.v2.0: wrote 8 files
[1768/3634] [1768] HLS.S30.T11SKC.2021164T184919.v2.0: wrote 8 files
[1769/3634] [1766] HLS.S30.T10SEJ.2021164T184919.v2.0: wrote 8 files
[1770/3634] [1769] HLS.S30.T10SGH.2021164T184919.v2.0: wrote 8 files
[1771/3634] [1777] HLS.S30.T10SDG.2021164T184919.v2.0: SKIP NoDataInBounds (field does not intersect FMASK)
[1772/3634] [1773] HLS.S30.T11SKB.2021164T184919.v2.0: wrote 8 files
[1773/3634] [1772] HLS.S30.T10SDH.2021164T184919.v2.0: wrote 8 files
[1774/3634] [1770] HLS.S30.T10SFH.2021164T184919.v2.0: wrote 8 files
[1775/3634] [1771] HLS.S30.T10SEH.2021164T184919.v2.0: wrote 8 files
[1776/3634] [1774] HLS.S30.T10SGG.2021164T184919.v2.0: wrote 8 files
[1777/3634] [1776] HLS.S30.T10SEG.2021164T184919.v2.0: wrote 8 files
[1778/3634] [1775] HLS.S30.T10SFG.2021164T184919.v2.0: wrote 8 files
[1779/3634] [1779] HLS.L30.T10TCM.2021165T190251.v2.0: wrote 8 files
[1780/3634] [1778] HLS.L30.T10TDM.2021165T190251.v2.0: wrote 8 files
[1781/3634] [1787] HLS.S30.T11TMG.2021166T183921.v2.0: SKIP NoDataInBounds (field does not intersect FMASK)
[1782/3634] [1788] HLS.S30.T11TLG.2021166T183921.v2.0: SKIP NoDataInBounds (field does not intersect FMASK)
[1783/3634] [1782] HLS.S30.T10TCM.2021165T190911.v2.0: wrote 8 files
[1784/3634] [1780] HLS.L30.T10TCL.2021165T190315.v2.0: wrote 8 files
[1785/3634] [1791] HLS.S30.T11TMF.2021166T183921.v2.0: SKIP NoDataInBounds (field does not intersect FMASK)
[1786/3634] [1792] HLS.S30.T11TLF.2021166T183921.v2.0: SKIP NoDataInBounds (field does not intersect FMASK)
[1787/3634] [1784] HLS.S30.T10TCL.2021165T190911.v2.0: wrote 8 files
[1788/3634] [1786] HLS.S30.T10TCK.2021165T190911.v2.0: wrote 8 files
[1789/3634] [1795] HLS.S30.T11TME.2021166T183921.v2.0: SKIP NoDataInBounds (field does not intersect FMASK)
[1790/3634] [1796] HLS.S30.T11TLE.2021166T183921.v2.0: SKIP NoDataInBounds (field does not intersect FMASK)
[1791/3634] [1789] HLS.S30.T10TGM.2021166T183921.v2.0: wrote 8 files
[1792/3634] [1781] HLS.S30.T10TDM.2021165T190911.v2.0: wrote 8 files
[1793/3634] [1798] HLS.S30.T11SMD.2021166T183921.v2.0: SKIP NoDataInBounds (field does not intersect FMASK)
[1794/3634] [1800] HLS.S30.T11SLD.2021166T183921.v2.0: SKIP NoDataInBounds (field does not intersect FMASK)
[1795/3634] [1790] HLS.S30.T11TKG.2021166T183921.v2.0: wrote 8 files
[1796/3634] [1793] HLS.S30.T11TKF.2021166T183921.v2.0: wrote 8 files
[1797/3634] [1803] HLS.S30.T11SMC.2021166T183921.v2.0: SKIP NoDataInBounds (field does not intersect FMASK)
[1798/3634] [1783] HLS.S30.T10TDL.2021165T190911.v2.0: wrote 8 files
[1799/3634] [1785] HLS.S30.T10TDK.2021165T190911.v2.0: wrote 8 files
[1800/3634] [1794] HLS.S30.T10TGL.2021166T183921.v2.0: wrote 8 files
[1801/3634] [1797] HLS.S30.T10TGK.2021166T183921.v2.0: wrote 8 files
[1802/3634] [1799] HLS.S30.T11TKE.2021166T183921.v2.0: wrote 8 files
[1803/3634] [1801] HLS.S30.T11SKD.2021166T183921.v2.0: wrote 8 files
[1804/3634] [1809] HLS.S30.T11SMB.2021166T183921.v2.0: wrote 8 files
[1805/3634] [1802] HLS.S30.T10SGJ.2021166T183921.v2.0: wrote 8 files
[1806/3634] [1805] HLS.S30.T11SLC.2021166T183921.v2.0: wrote 8 files
[1807/3634] [1804] HLS.S30.T10SFJ.2021166T183921.v2.0: wrote 8 files
[1808/3634] [1806] HLS.S30.T11SKC.2021166T183921.v2.0: wrote 8 files
[1809/3634] [1807] HLS.S30.T10SGH.2021166T183921.v2.0: wrote 8 files
[1810/3634] [1810] HLS.S30.T11SLB.2021166T183921.v2.0: wrote 8 files
[1811/3634] [1808] HLS.S30.T10SFH.2021166T183921.v2.0: wrote 8 files
[1812/3634] [1813] HLS.S30.T10SFG.2021166T183921.v2.0: wrote 8 files
[1813/3634] [1811] HLS.S30.T11SKB.2021166T183921.v2.0: wrote 8 files
[1814/3634] [1812] HLS.S30.T10SGG.2021166T183921.v2.0: wrote 8 files
[1815/3634] [1814] HLS.L30.T10TEM.2021167T185030.v2.0: wrote 8 files
[1816/3634] [1821] HLS.L30.T10TCK.2021167T185118.v2.0: wrote 8 files
[1817/3634] [1815] HLS.L30.T10TFM.2021167T185030.v2.0: wrote 8 files
[1818/3634] [1818] HLS.L30.T10TDM.2021167T185054.v2.0: wrote 8 files
[1819/3634] [1816] HLS.L30.T10TFL.2021167T185054.v2.0: wrote 8 files
[1820/3634] [1817] HLS.L30.T10TDL.2021167T185054.v2.0: wrote 8 files
[1821/3634] [1820] HLS.L30.T10TFK.2021167T185118.v2.0: wrote 8 files
[1822/3634] [1819] HLS.L30.T10TEL.2021167T185054.v2.0: wrote 8 files
[1823/3634] [1829] HLS.L30.T10SDG.2021167T185206.v2.0: SKIP NoDataInBounds (field does not intersect FMASK)
[1824/3634] [1822] HLS.L30.T10TEK.2021167T185118.v2.0: wrote 8 files
[1825/3634] [1823] HLS.L30.T10SDJ.2021167T185118.v2.0: wrote 8 files
[1826/3634] [1824] HLS.L30.T10SEJ.2021167T185118.v2.0: wrote 8 files
[1827/3634] [1828] HLS.L30.T10SEG.2021167T185206.v2.0: wrote 8 files
[1828/3634] [1825] HLS.L30.T10TDK.2021167T185118.v2.0: wrote 8 files
[1829/3634] [1827] HLS.L30.T10SDH.2021167T185142.v2.0: wrote 8 files
[1830/3634] [1833] HLS.S30.T10TCM.2021167T185919.v2.0: wrote 8 files
[1831/3634] [1830] HLS.S30.T10TFM.2021167T185919.v2.0: wrote 8 files
[1832/3634] [1826] HLS.L30.T10SEH.2021167T185142.v2.0: wrote 8 files
[1833/3634] [1831] HLS.S30.T10TEM.2021167T185919.v2.0: wrote 8 files
[1834/3634] [1832] HLS.S30.T10TDM.2021167T185919.v2.0: wrote 8 files
[1835/3634] [1838] HLS.S30.T10TCL.2021167T185919.v2.0: wrote 8 files
[1836/3634] [1841] HLS.S30.T10TCK.2021167T185919.v2.0: wrote 8 files
[1837/3634] [1834] HLS.S30.T10TFL.2021167T185919.v2.0: wrote 8 files
[1838/3634] [1837] HLS.S30.T10TFK.2021167T185919.v2.0: wrote 8 files
[1839/3634] [1835] HLS.S30.T10TEL.2021167T185919.v2.0: wrote 8 files
[1840/3634] [1836] HLS.S30.T10TDL.2021167T185919.v2.0: wrote 8 files
[1841/3634] [1847] HLS.S30.T10SDG.2021167T185919.v2.0: SKIP NoDataInBounds (field does not intersect FMASK)
[1842/3634] [1848] HLS.S30.T11TMF.2021168T182919.v2.0: SKIP NoDataInBounds (field does not intersect FMASK)
[1843/3634] [1849] HLS.S30.T11TME.2021168T182919.v2.0: SKIP NoDataInBounds (field does not intersect FMASK)
[1844/3634] [1850] HLS.S30.T11SMD.2021168T182919.v2.0: SKIP NoDataInBounds (field does not intersect FMASK)
[1845/3634] [1851] HLS.S30.T11SLD.2021168T182919.v2.0: SKIP NoDataInBounds (field does not intersect FMASK)
[1846/3634] [1852] HLS.S30.T11SMC.2021168T182919.v2.0: SKIP NoDataInBounds (field does not intersect FMASK)
[1847/3634] [1839] HLS.S30.T10TEK.2021167T185919.v2.0: wrote 8 files
[1848/3634] [1840] HLS.S30.T10TDK.2021167T185919.v2.0: wrote 8 files
[1849/3634] [1846] HLS.S30.T10SEG.2021167T185919.v2.0: wrote 8 files
[1850/3634] [1856] HLS.L30.T11TMG.2021169T183809.v2.0: SKIP NoDataInBounds (field does not intersect FMASK)
[1851/3634] [1854] HLS.S30.T11SMB.2021168T182919.v2.0: wrote 8 files
[1852/3634] [1857] HLS.L30.T11TLG.2021169T183809.v2.0: SKIP NoDataInBounds (field does not intersect FMASK)
[1853/3634] [1858] HLS.L30.T11TLF.2021169T183833.v2.0: SKIP NoDataInBounds (field does not intersect FMASK)
[1854/3634] [1842] HLS.S30.T10SEJ.2021167T185919.v2.0: wrote 8 files
[1855/3634] [1845] HLS.S30.T10SDH.2021167T185919.v2.0: wrote 8 files
[1856/3634] [1843] HLS.S30.T10SDJ.2021167T185919.v2.0: wrote 8 files
[1857/3634] [1853] HLS.S30.T11SLC.2021168T182919.v2.0: wrote 8 files
[1858/3634] [1864] HLS.L30.T11TLE.2021169T183857.v2.0: SKIP NoDataInBounds (field does not intersect FMASK)
[1859/3634] [1844] HLS.S30.T10SEH.2021167T185919.v2.0: wrote 8 files
[1860/3634] [1866] HLS.L30.T11SLD.2021169T183857.v2.0: SKIP NoDataInBounds (field does not intersect FMASK)
[1861/3634] [1861] HLS.L30.T11TKG.2021169T183833.v2.0: wrote 8 files
[1862/3634] [1863] HLS.L30.T10TGM.2021169T183833.v2.0: wrote 8 files
[1863/3634] [1855] HLS.S30.T11SLB.2021168T182919.v2.0: wrote 8 files
[1864/3634] [1859] HLS.L30.T11TKF.2021169T183833.v2.0: wrote 8 files
[1865/3634] [1860] HLS.L30.T10TGL.2021169T183833.v2.0: wrote 8 files
[1866/3634] [1867] HLS.L30.T11TKE.2021169T183857.v2.0: wrote 8 files
[1867/3634] [1862] HLS.L30.T10TFL.2021169T183833.v2.0: wrote 8 files
[1868/3634] [1872] HLS.L30.T11SLC.2021169T183921.v2.0: wrote 8 files
[1869/3634] [1865] HLS.L30.T10SFJ.2021169T183857.v2.0: wrote 8 files
[1870/3634] [1871] HLS.L30.T10TGK.2021169T183857.v2.0: wrote 8 files
[1871/3634] [1870] HLS.L30.T11SKD.2021169T183857.v2.0: wrote 8 files
[1872/3634] [1868] HLS.L30.T10TFK.2021169T183857.v2.0: wrote 8 files
[1873/3634] [1879] HLS.S30.T11TLG.2021169T184921.v2.0: SKIP NoDataInBounds (field does not intersect FMASK)
[1874/3634] [1869] HLS.L30.T10SGJ.2021169T183857.v2.0: wrote 8 files
[1875/3634] [1880] HLS.S30.T10TGM.2021169T184921.v2.0: wrote 8 files
[1876/3634] [1873] HLS.L30.T11SKC.2021169T183921.v2.0: wrote 8 files
[1877/3634] [1876] HLS.L30.T11SKB.2021169T183945.v2.0: wrote 8 files
[1878/3634] [1884] HLS.S30.T11TLF.2021169T184921.v2.0: SKIP NoDataInBounds (field does not intersect FMASK)
[1879/3634] [1877] HLS.L30.T10SFG.2021169T183945.v2.0: wrote 8 files
[1880/3634] [1881] HLS.S30.T11TKG.2021169T184921.v2.0: wrote 8 files
[1881/3634] [1878] HLS.L30.T10SGG.2021169T183945.v2.0: wrote 8 files
[1882/3634] [1874] HLS.L30.T10SFH.2021169T183921.v2.0: wrote 8 files
[1883/3634] [1888] HLS.S30.T11TLE.2021169T184921.v2.0: SKIP NoDataInBounds (field does not intersect FMASK)
[1884/3634] [1875] HLS.L30.T10SGH.2021169T183921.v2.0: wrote 8 files
[1885/3634] [1885] HLS.S30.T11TKF.2021169T184921.v2.0: wrote 8 files
[1886/3634] [1886] HLS.S30.T10TGL.2021169T184921.v2.0: wrote 8 files
[1887/3634] [1883] HLS.S30.T10TEM.2021169T184921.v2.0: wrote 8 files
[1888/3634] [1882] HLS.S30.T10TFM.2021169T184921.v2.0: wrote 8 files
[1889/3634] [1890] HLS.S30.T11TKE.2021169T184921.v2.0: wrote 8 files
[1890/3634] [1891] HLS.S30.T10TGK.2021169T184921.v2.0: wrote 8 files
[1891/3634] [1887] HLS.S30.T10TFL.2021169T184921.v2.0: wrote 8 files
[1892/3634] [1889] HLS.S30.T10TEL.2021169T184921.v2.0: wrote 8 files
[1893/3634] [1894] HLS.S30.T11SKD.2021169T184921.v2.0: wrote 8 files
[1894/3634] [1895] HLS.S30.T10SGJ.2021169T184921.v2.0: wrote 8 files
[1895/3634] [1893] HLS.S30.T10TEK.2021169T184921.v2.0: wrote 8 files
[1896/3634] [1892] HLS.S30.T10TFK.2021169T184921.v2.0: wrote 8 files
[1897/3634] [1896] HLS.S30.T10SFJ.2021169T184921.v2.0: wrote 8 files
[1898/3634] [1897] HLS.S30.T10SEJ.2021169T184921.v2.0: wrote 8 files
[1899/3634] [1898] HLS.S30.T10SDJ.2021169T184921.v2.0: wrote 8 files
[1900/3634] [1899] HLS.S30.T11SKC.2021169T184921.v2.0: wrote 8 files
[1901/3634] [1900] HLS.S30.T10SGH.2021169T184921.v2.0: wrote 8 files
[1902/3634] [1903] HLS.S30.T10SDH.2021169T184921.v2.0: wrote 8 files
[1903/3634] [1908] HLS.S30.T10SDG.2021169T184921.v2.0: SKIP NoDataInBounds (field does not intersect FMASK)
[1904/3634] [1904] HLS.S30.T11SKB.2021169T184921.v2.0: wrote 8 files
[1905/3634] [1910] HLS.S30.T10TCM.2021170T190919.v2.0: wrote 8 files
[1906/3634] [1905] HLS.S30.T10SGG.2021169T184921.v2.0: wrote 8 files
[1907/3634] [1901] HLS.S30.T10SFH.2021169T184921.v2.0: wrote 8 files
[1908/3634] [1902] HLS.S30.T10SEH.2021169T184921.v2.0: wrote 8 files
[1909/3634] [1906] HLS.S30.T10SFG.2021169T184921.v2.0: wrote 8 files
[1910/3634] [1915] HLS.L30.T11TMF.2021171T182612.v2.0: SKIP NoDataInBounds (field does not intersect FMASK)
[1911/3634] [1916] HLS.L30.T11SMD.2021171T182636.v2.0: SKIP NoDataInBounds (field does not intersect FMASK)
[1912/3634] [1917] HLS.L30.T11TME.2021171T182636.v2.0: SKIP NoDataInBounds (field does not intersect FMASK)
[1913/3634] [1918] HLS.L30.T11SLD.2021171T182700.v2.0: SKIP NoDataInBounds (field does not intersect FMASK)
[1914/3634] [1920] HLS.L30.T11SMC.2021171T182700.v2.0: SKIP NoDataInBounds (field does not intersect FMASK)
[1915/3634] [1907] HLS.S30.T10SEG.2021169T184921.v2.0: wrote 8 files
[1916/3634] [1909] HLS.S30.T10TDM.2021170T190919.v2.0: wrote 8 files
[1917/3634] [1923] HLS.S30.T11TMG.2021171T183919.v2.0: SKIP NoDataInBounds (field does not intersect FMASK)
[1918/3634] [1914] HLS.S30.T10TCK.2021170T190919.v2.0: wrote 8 files
[1919/3634] [1924] HLS.S30.T11TLG.2021171T183919.v2.0: SKIP NoDataInBounds (field does not intersect FMASK)
[1920/3634] [1912] HLS.S30.T10TCL.2021170T190919.v2.0: wrote 8 files
[1921/3634] [1927] HLS.S30.T11TMF.2021171T183919.v2.0: SKIP NoDataInBounds (field does not intersect FMASK)
[1922/3634] [1928] HLS.S30.T11TLF.2021171T183919.v2.0: SKIP NoDataInBounds (field does not intersect FMASK)
[1923/3634] [1922] HLS.L30.T11SMB.2021171T182723.v2.0: wrote 8 files
[1924/3634] [1919] HLS.L30.T11SLC.2021171T182700.v2.0: wrote 8 files
[1925/3634] [1931] HLS.S30.T11TME.2021171T183919.v2.0: SKIP NoDataInBounds (field does not intersect FMASK)
[1926/3634] [1932] HLS.S30.T11TLE.2021171T183919.v2.0: SKIP NoDataInBounds (field does not intersect FMASK)
[1927/3634] [1911] HLS.S30.T10TDL.2021170T190919.v2.0: wrote 8 files
[1928/3634] [1925] HLS.S30.T10TGM.2021171T183919.v2.0: wrote 8 files
[1929/3634] [1921] HLS.L30.T11SLB.2021171T182723.v2.0: wrote 8 files
[1930/3634] [1935] HLS.S30.T11SMD.2021171T183919.v2.0: SKIP NoDataInBounds (field does not intersect FMASK)
[1931/3634] [1936] HLS.S30.T11SLD.2021171T183919.v2.0: SKIP NoDataInBounds (field does not intersect FMASK)
[1932/3634] [1913] HLS.S30.T10TDK.2021170T190919.v2.0: wrote 8 files
[1933/3634] [1939] HLS.S30.T11SMC.2021171T183919.v2.0: SKIP NoDataInBounds (field does not intersect FMASK)
[1934/3634] [1926] HLS.S30.T11TKG.2021171T183919.v2.0: wrote 8 files
[1935/3634] [1929] HLS.S30.T11TKF.2021171T183919.v2.0: wrote 8 files
[1936/3634] [1930] HLS.S30.T10TGL.2021171T183919.v2.0: wrote 8 files
[1937/3634] [1933] HLS.S30.T11TKE.2021171T183919.v2.0: wrote 8 files
[1938/3634] [1934] HLS.S30.T10TGK.2021171T183919.v2.0: wrote 8 files
[1939/3634] [1937] HLS.S30.T11SKD.2021171T183919.v2.0: wrote 8 files
[1940/3634] [1941] HLS.S30.T11SLC.2021171T183919.v2.0: wrote 8 files
[1941/3634] [1938] HLS.S30.T10SGJ.2021171T183919.v2.0: wrote 8 files
[1942/3634] [1945] HLS.S30.T11SMB.2021171T183919.v2.0: wrote 8 files
[1943/3634] [1940] HLS.S30.T10SFJ.2021171T183919.v2.0: wrote 8 files
[1944/3634] [1942] HLS.S30.T11SKC.2021171T183919.v2.0: wrote 8 files
[1945/3634] [1943] HLS.S30.T10SGH.2021171T183919.v2.0: wrote 8 files
[1946/3634] [1946] HLS.S30.T11SLB.2021171T183919.v2.0: wrote 8 files
[1947/3634] [1947] HLS.S30.T11SKB.2021171T183919.v2.0: wrote 8 files
[1948/3634] [1944] HLS.S30.T10SFH.2021171T183919.v2.0: wrote 8 files
[1949/3634] [1950] HLS.S30.T10TFM.2021172T185921.v2.0: wrote 8 files
[1950/3634] [1949] HLS.S30.T10SFG.2021171T183919.v2.0: wrote 8 files
[1951/3634] [1948] HLS.S30.T10SGG.2021171T183919.v2.0: wrote 8 files
[1952/3634] [1953] HLS.S30.T10TCM.2021172T185921.v2.0: wrote 8 files
[1953/3634] [1951] HLS.S30.T10TEM.2021172T185921.v2.0: wrote 8 files
[1954/3634] [1952] HLS.S30.T10TDM.2021172T185921.v2.0: wrote 8 files
[1955/3634] [1958] HLS.S30.T10TCL.2021172T185921.v2.0: wrote 8 files
[1956/3634] [1961] HLS.S30.T10TCK.2021172T185921.v2.0: wrote 8 files
[1957/3634] [1954] HLS.S30.T10TFL.2021172T185921.v2.0: wrote 8 files
[1958/3634] [1957] HLS.S30.T10TFK.2021172T185921.v2.0: wrote 8 files
[1959/3634] [1955] HLS.S30.T10TEL.2021172T185921.v2.0: wrote 8 files
[1960/3634] [1956] HLS.S30.T10TDL.2021172T185921.v2.0: wrote 8 files
[1961/3634] [1967] HLS.S30.T10SDG.2021172T185921.v2.0: SKIP NoDataInBounds (field does not intersect FMASK)
[1962/3634] [1968] HLS.S30.T11TMF.2021173T182921.v2.0: SKIP NoDataInBounds (field does not intersect FMASK)
[1963/3634] [1969] HLS.S30.T11TME.2021173T182921.v2.0: SKIP NoDataInBounds (field does not intersect FMASK)
[1964/3634] [1959] HLS.S30.T10TEK.2021172T185921.v2.0: wrote 8 files
[1965/3634] [1970] HLS.S30.T11SMD.2021173T182921.v2.0: SKIP NoDataInBounds (field does not intersect FMASK)
[1966/3634] [1971] HLS.S30.T11SLD.2021173T182921.v2.0: SKIP NoDataInBounds (field does not intersect FMASK)
[1967/3634] [1972] HLS.S30.T11SMC.2021173T182921.v2.0: SKIP NoDataInBounds (field does not intersect FMASK)
[1968/3634] [1960] HLS.S30.T10TDK.2021172T185921.v2.0: wrote 8 files
[1969/3634] [1966] HLS.S30.T10SEG.2021172T185921.v2.0: wrote 8 files
[1970/3634] [1974] HLS.S30.T11SMB.2021173T182921.v2.0: wrote 8 files
[1971/3634] [1962] HLS.S30.T10SEJ.2021172T185921.v2.0: wrote 8 files
[1972/3634] [1965] HLS.S30.T10SDH.2021172T185921.v2.0: wrote 8 files
[1973/3634] [1963] HLS.S30.T10SDJ.2021172T185921.v2.0: wrote 8 files
[1974/3634] [1973] HLS.S30.T11SLC.2021173T182921.v2.0: wrote 8 files
[1975/3634] [1964] HLS.S30.T10SEH.2021172T185921.v2.0: wrote 8 files
[1976/3634] [1979] HLS.L30.T10TCM.2021174T185707.v2.0: wrote 8 files
[1977/3634] [1975] HLS.S30.T11SLB.2021173T182921.v2.0: wrote 8 files
[1978/3634] [1976] HLS.L30.T10TEM.2021174T185643.v2.0: wrote 8 files
[1979/3634] [1981] HLS.L30.T10TCL.2021174T185707.v2.0: wrote 8 files
[1980/3634] [1986] HLS.S30.T11TLG.2021174T184919.v2.0: SKIP NoDataInBounds (field does not intersect FMASK)
[1981/3634] [1983] HLS.L30.T10TCK.2021174T185731.v2.0: wrote 8 files
[1982/3634] [1977] HLS.L30.T10TDM.2021174T185643.v2.0: wrote 8 files
[1983/3634] [1978] HLS.L30.T10TEL.2021174T185707.v2.0: wrote 8 files
[1984/3634] [1987] HLS.S30.T10TGM.2021174T184919.v2.0: wrote 8 files
[1985/3634] [1991] HLS.S30.T11TLF.2021174T184919.v2.0: SKIP NoDataInBounds (field does not intersect FMASK)
[1986/3634] [1988] HLS.S30.T11TKG.2021174T184919.v2.0: wrote 8 files
[1987/3634] [1980] HLS.L30.T10TDL.2021174T185707.v2.0: wrote 8 files
[1988/3634] [1985] HLS.L30.T10SDH.2021174T185754.v2.0: wrote 8 files
[1989/3634] [1982] HLS.L30.T10TDK.2021174T185731.v2.0: wrote 8 files
[1990/3634] [1996] HLS.S30.T11TLE.2021174T184919.v2.0: SKIP NoDataInBounds (field does not intersect FMASK)
[1991/3634] [1989] HLS.S30.T10TFM.2021174T184919.v2.0: wrote 8 files
[1992/3634] [1984] HLS.L30.T10SDJ.2021174T185731.v2.0: wrote 8 files
[1993/3634] [1990] HLS.S30.T10TEM.2021174T184919.v2.0: wrote 8 files
[1994/3634] [1992] HLS.S30.T11TKF.2021174T184919.v2.0: wrote 8 files
[1995/3634] [1993] HLS.S30.T10TGL.2021174T184919.v2.0: wrote 8 files
[1996/3634] [1997] HLS.S30.T11TKE.2021174T184919.v2.0: wrote 8 files
[1997/3634] [1998] HLS.S30.T10TGK.2021174T184919.v2.0: wrote 8 files
[1998/3634] [1994] HLS.S30.T10TFL.2021174T184919.v2.0: wrote 8 files
[1999/3634] [1995] HLS.S30.T10TEL.2021174T184919.v2.0: wrote 8 files
[2000/3634] [2001] HLS.S30.T11SKD.2021174T184919.v2.0: wrote 8 files
[2001/3634] [1999] HLS.S30.T10TFK.2021174T184919.v2.0: wrote 8 files
[2002/3634] [2000] HLS.S30.T10TEK.2021174T184919.v2.0: wrote 8 files
[2003/3634] [2002] HLS.S30.T10SGJ.2021174T184919.v2.0: wrote 8 files
[2004/3634] [2003] HLS.S30.T10SFJ.2021174T184919.v2.0: wrote 8 files
[2005/3634] [2004] HLS.S30.T10SEJ.2021174T184919.v2.0: wrote 8 files
[2006/3634] [2005] HLS.S30.T10SDJ.2021174T184919.v2.0: wrote 8 files
[2007/3634] [2006] HLS.S30.T11SKC.2021174T184919.v2.0: wrote 8 files
[2008/3634] [2007] HLS.S30.T10SGH.2021174T184919.v2.0: wrote 8 files
[2009/3634] [2010] HLS.S30.T10SDH.2021174T184919.v2.0: wrote 8 files
[2010/3634] [2015] HLS.S30.T10SDG.2021174T184919.v2.0: SKIP NoDataInBounds (field does not intersect FMASK)
[2011/3634] [2008] HLS.S30.T10SFH.2021174T184919.v2.0: wrote 8 files
[2012/3634] [2009] HLS.S30.T10SEH.2021174T184919.v2.0: wrote 8 files
[2013/3634] [2011] HLS.S30.T11SKB.2021174T184919.v2.0: wrote 8 files
[2014/3634] [2017] HLS.S30.T10TCM.2021175T190921.v2.0: wrote 8 files
[2015/3634] [2012] HLS.S30.T10SGG.2021174T184919.v2.0: wrote 8 files
[2016/3634] [2013] HLS.S30.T10SFG.2021174T184919.v2.0: wrote 8 files
[2017/3634] [2014] HLS.S30.T10SEG.2021174T184919.v2.0: wrote 8 files
[2018/3634] [2019] HLS.S30.T10TCL.2021175T190921.v2.0: wrote 8 files
[2019/3634] [2021] HLS.S30.T10TCK.2021175T190921.v2.0: wrote 8 files
[2020/3634] [2016] HLS.S30.T10TDM.2021175T190921.v2.0: wrote 8 files
[2021/3634] [2022] HLS.L30.T11TKG.2021176T184422.v2.0: wrote 8 files
[2022/3634] [2023] HLS.L30.T10TGM.2021176T184422.v2.0: wrote 8 files
[2023/3634] [2018] HLS.S30.T10TDL.2021175T190921.v2.0: wrote 8 files
[2024/3634] [2020] HLS.S30.T10TDK.2021175T190921.v2.0: wrote 8 files
[2025/3634] [2025] HLS.L30.T10TGL.2021176T184445.v2.0: wrote 8 files
[2026/3634] [2024] HLS.L30.T10TEM.2021176T184445.v2.0: wrote 8 files
[2027/3634] [2026] HLS.L30.T11TKF.2021176T184445.v2.0: wrote 8 files
[2028/3634] [2028] HLS.L30.T10TFM.2021176T184445.v2.0: wrote 8 files
[2029/3634] [2030] HLS.L30.T11TKE.2021176T184509.v2.0: wrote 8 files
[2030/3634] [2027] HLS.L30.T10TEL.2021176T184445.v2.0: wrote 8 files
[2031/3634] [2033] HLS.L30.T10TGK.2021176T184509.v2.0: wrote 8 files
[2032/3634] [2029] HLS.L30.T10TFL.2021176T184445.v2.0: wrote 8 files
[2033/3634] [2031] HLS.L30.T10TEK.2021176T184509.v2.0: wrote 8 files
[2034/3634] [2032] HLS.L30.T10SEJ.2021176T184509.v2.0: wrote 8 files
[2035/3634] [2037] HLS.L30.T11SKD.2021176T184509.v2.0: wrote 8 files
[2036/3634] [2034] HLS.L30.T10TFK.2021176T184509.v2.0: wrote 8 files
[2037/3634] [2042] HLS.L30.T10SDG.2021176T184557.v2.0: SKIP NoDataInBounds (field does not intersect FMASK)
[2038/3634] [2035] HLS.L30.T10SGJ.2021176T184509.v2.0: wrote 8 files
[2039/3634] [2045] HLS.S30.T11TMG.2021176T183921.v2.0: SKIP NoDataInBounds (field does not intersect FMASK)
[2040/3634] [2046] HLS.S30.T11TLG.2021176T183921.v2.0: SKIP NoDataInBounds (field does not intersect FMASK)
[2041/3634] [2039] HLS.L30.T10SDH.2021176T184533.v2.0: wrote 8 files
[2042/3634] [2038] HLS.L30.T10SGH.2021176T184533.v2.0: wrote 8 files
[2043/3634] [2049] HLS.S30.T11TMF.2021176T183921.v2.0: SKIP NoDataInBounds (field does not intersect FMASK)
[2044/3634] [2036] HLS.L30.T10SFJ.2021176T184509.v2.0: wrote 8 files
[2045/3634] [2050] HLS.S30.T11TLF.2021176T183921.v2.0: SKIP NoDataInBounds (field does not intersect FMASK)
[2046/3634] [2047] HLS.S30.T10TGM.2021176T183921.v2.0: wrote 8 files
[2047/3634] [2053] HLS.S30.T11TME.2021176T183921.v2.0: SKIP NoDataInBounds (field does not intersect FMASK)
[2048/3634] [2054] HLS.S30.T11TLE.2021176T183921.v2.0: SKIP NoDataInBounds (field does not intersect FMASK)
[2049/3634] [2044] HLS.L30.T10SEG.2021176T184557.v2.0: wrote 8 files
[2050/3634] [2048] HLS.S30.T11TKG.2021176T183921.v2.0: wrote 8 files
[2051/3634] [2057] HLS.S30.T11SMD.2021176T183921.v2.0: SKIP NoDataInBounds (field does not intersect FMASK)
[2052/3634] [2058] HLS.S30.T11SLD.2021176T183921.v2.0: SKIP NoDataInBounds (field does not intersect FMASK)
[2053/3634] [2043] HLS.L30.T10SFG.2021176T184557.v2.0: wrote 8 files
[2054/3634] [2040] HLS.L30.T10SEH.2021176T184533.v2.0: wrote 8 files
[2055/3634] [2061] HLS.S30.T11SMC.2021176T183921.v2.0: SKIP NoDataInBounds (field does not intersect FMASK)
[2056/3634] [2052] HLS.S30.T10TGL.2021176T183921.v2.0: wrote 8 files
[2057/3634] [2051] HLS.S30.T11TKF.2021176T183921.v2.0: wrote 8 files
[2058/3634] [2041] HLS.L30.T10SFH.2021176T184533.v2.0: wrote 8 files
[2059/3634] [2055] HLS.S30.T11TKE.2021176T183921.v2.0: wrote 8 files
[2060/3634] [2056] HLS.S30.T10TGK.2021176T183921.v2.0: wrote 8 files
[2061/3634] [2059] HLS.S30.T11SKD.2021176T183921.v2.0: wrote 8 files
[2062/3634] [2063] HLS.S30.T11SLC.2021176T183921.v2.0: wrote 8 files
[2063/3634] [2067] HLS.S30.T11SMB.2021176T183921.v2.0: wrote 8 files
[2064/3634] [2060] HLS.S30.T10SGJ.2021176T183921.v2.0: wrote 8 files
[2065/3634] [2062] HLS.S30.T10SFJ.2021176T183921.v2.0: wrote 8 files
[2066/3634] [2064] HLS.S30.T11SKC.2021176T183921.v2.0: wrote 8 files
[2067/3634] [2065] HLS.S30.T10SGH.2021176T183921.v2.0: wrote 8 files
[2068/3634] [2066] HLS.S30.T10SFH.2021176T183921.v2.0: wrote 8 files
[2069/3634] [2068] HLS.S30.T11SLB.2021176T183921.v2.0: wrote 8 files
[2070/3634] [2069] HLS.S30.T11SKB.2021176T183921.v2.0: wrote 8 files
[2071/3634] [2075] HLS.S30.T10TCM.2021177T185919.v2.0: wrote 8 files
[2072/3634] [2071] HLS.S30.T10SFG.2021176T183921.v2.0: wrote 8 files
[2073/3634] [2070] HLS.S30.T10SGG.2021176T183921.v2.0: wrote 8 files
[2074/3634] [2072] HLS.S30.T10TFM.2021177T185919.v2.0: wrote 8 files
[2075/3634] [2073] HLS.S30.T10TEM.2021177T185919.v2.0: wrote 8 files
[2076/3634] [2074] HLS.S30.T10TDM.2021177T185919.v2.0: wrote 8 files
[2077/3634] [2080] HLS.S30.T10TCL.2021177T185919.v2.0: wrote 8 files
[2078/3634] [2083] HLS.S30.T10TCK.2021177T185919.v2.0: wrote 8 files
[2079/3634] [2076] HLS.S30.T10TFL.2021177T185919.v2.0: wrote 8 files
[2080/3634] [2079] HLS.S30.T10TFK.2021177T185919.v2.0: wrote 8 files
[2081/3634] [2077] HLS.S30.T10TEL.2021177T185919.v2.0: wrote 8 files
[2082/3634] [2078] HLS.S30.T10TDL.2021177T185919.v2.0: wrote 8 files
[2083/3634] [2089] HLS.S30.T10SDG.2021177T185919.v2.0: SKIP NoDataInBounds (field does not intersect FMASK)
[2084/3634] [2090] HLS.L30.T11TMG.2021178T183200.v2.0: SKIP NoDataInBounds (field does not intersect FMASK)
[2085/3634] [2091] HLS.L30.T11TLG.2021178T183224.v2.0: SKIP NoDataInBounds (field does not intersect FMASK)
[2086/3634] [2081] HLS.S30.T10TEK.2021177T185919.v2.0: wrote 8 files
[2087/3634] [2092] HLS.L30.T11TMF.2021178T183224.v2.0: SKIP NoDataInBounds (field does not intersect FMASK)
[2088/3634] [2093] HLS.L30.T11TLF.2021178T183224.v2.0: SKIP NoDataInBounds (field does not intersect FMASK)
[2089/3634] [2094] HLS.L30.T11TME.2021178T183248.v2.0: SKIP NoDataInBounds (field does not intersect FMASK)
[2090/3634] [2095] HLS.L30.T11SMD.2021178T183248.v2.0: SKIP NoDataInBounds (field does not intersect FMASK)
[2091/3634] [2097] HLS.L30.T11TLE.2021178T183248.v2.0: SKIP NoDataInBounds (field does not intersect FMASK)
[2092/3634] [2082] HLS.S30.T10TDK.2021177T185919.v2.0: wrote 8 files
[2093/3634] [2099] HLS.L30.T11SLD.2021178T183248.v2.0: SKIP NoDataInBounds (field does not intersect FMASK)
[2094/3634] [2084] HLS.S30.T10SEJ.2021177T185919.v2.0: wrote 8 files
[2095/3634] [2087] HLS.S30.T10SDH.2021177T185919.v2.0: wrote 8 files
[2096/3634] [2088] HLS.S30.T10SEG.2021177T185919.v2.0: wrote 8 files
[2097/3634] [2085] HLS.S30.T10SDJ.2021177T185919.v2.0: wrote 8 files
[2098/3634] [2103] HLS.L30.T11SMC.2021178T183312.v2.0: SKIP NoDataInBounds (field does not intersect FMASK)
[2099/3634] [2096] HLS.L30.T11TKE.2021178T183248.v2.0: wrote 8 files
[2100/3634] [2086] HLS.S30.T10SEH.2021177T185919.v2.0: wrote 8 files
[2101/3634] [2098] HLS.L30.T11SKD.2021178T183248.v2.0: wrote 8 files
[2102/3634] [2100] HLS.L30.T10TGK.2021178T183248.v2.0: wrote 8 files
[2103/3634] [2107] HLS.L30.T11SMB.2021178T183336.v2.0: wrote 8 files
[2104/3634] [2110] HLS.S30.T11TMF.2021178T182919.v2.0: SKIP NoDataInBounds (field does not intersect FMASK)
[2105/3634] [2111] HLS.S30.T11TME.2021178T182919.v2.0: SKIP NoDataInBounds (field does not intersect FMASK)
[2106/3634] [2112] HLS.S30.T11SMD.2021178T182919.v2.0: SKIP NoDataInBounds (field does not intersect FMASK)
[2107/3634] [2113] HLS.S30.T11SLD.2021178T182919.v2.0: SKIP NoDataInBounds (field does not intersect FMASK)
[2108/3634] [2114] HLS.S30.T11SMC.2021178T182919.v2.0: SKIP NoDataInBounds (field does not intersect FMASK)
[2109/3634] [2105] HLS.L30.T11SLC.2021178T183312.v2.0: wrote 8 files
[2110/3634] [2101] HLS.L30.T10SGJ.2021178T183312.v2.0: wrote 8 files
[2111/3634] [2106] HLS.L30.T10SGG.2021178T183336.v2.0: wrote 8 files
[2112/3634] [2118] HLS.S30.T11TLG.2021179T184921.v2.0: SKIP NoDataInBounds (field does not intersect FMASK)
[2113/3634] [2108] HLS.L30.T11SLB.2021178T183336.v2.0: wrote 8 files
[2114/3634] [2102] HLS.L30.T10SGH.2021178T183312.v2.0: wrote 8 files
[2115/3634] [2104] HLS.L30.T11SKC.2021178T183312.v2.0: wrote 8 files
[2116/3634] [2116] HLS.S30.T11SMB.2021178T182919.v2.0: wrote 8 files
[2117/3634] [2123] HLS.S30.T11TLF.2021179T184921.v2.0: SKIP NoDataInBounds (field does not intersect FMASK)
[2118/3634] [2109] HLS.L30.T11SKB.2021178T183336.v2.0: wrote 8 files
[2119/3634] [2119] HLS.S30.T10TGM.2021179T184921.v2.0: wrote 8 files
[2120/3634] [2115] HLS.S30.T11SLC.2021178T182919.v2.0: wrote 8 files
[2121/3634] [2127] HLS.S30.T11TLE.2021179T184921.v2.0: SKIP NoDataInBounds (field does not intersect FMASK)
[2122/3634] [2120] HLS.S30.T11TKG.2021179T184921.v2.0: wrote 8 files
[2123/3634] [2117] HLS.S30.T11SLB.2021178T182919.v2.0: wrote 8 files
[2124/3634] [2121] HLS.S30.T10TFM.2021179T184921.v2.0: wrote 8 files
[2125/3634] [2124] HLS.S30.T11TKF.2021179T184921.v2.0: wrote 8 files
[2126/3634] [2122] HLS.S30.T10TEM.2021179T184921.v2.0: wrote 8 files
[2127/3634] [2125] HLS.S30.T10TGL.2021179T184921.v2.0: wrote 8 files
[2128/3634] [2129] HLS.S30.T11TKE.2021179T184921.v2.0: wrote 8 files
[2129/3634] [2130] HLS.S30.T10TGK.2021179T184921.v2.0: wrote 8 files
[2130/3634] [2126] HLS.S30.T10TFL.2021179T184921.v2.0: wrote 8 files
[2131/3634] [2128] HLS.S30.T10TEL.2021179T184921.v2.0: wrote 8 files
[2132/3634] [2133] HLS.S30.T11SKD.2021179T184921.v2.0: wrote 8 files
[2133/3634] [2134] HLS.S30.T10SGJ.2021179T184921.v2.0: wrote 8 files
[2134/3634] [2132] HLS.S30.T10TEK.2021179T184921.v2.0: wrote 8 files
[2135/3634] [2131] HLS.S30.T10TFK.2021179T184921.v2.0: wrote 8 files
[2136/3634] [2137] HLS.S30.T10SDJ.2021179T184921.v2.0: wrote 8 files
[2137/3634] [2135] HLS.S30.T10SFJ.2021179T184921.v2.0: wrote 8 files
[2138/3634] [2136] HLS.S30.T10SEJ.2021179T184921.v2.0: wrote 8 files
[2139/3634] [2138] HLS.S30.T11SKC.2021179T184921.v2.0: wrote 8 files
[2140/3634] [2139] HLS.S30.T10SGH.2021179T184921.v2.0: wrote 8 files
[2141/3634] [2142] HLS.S30.T10SDH.2021179T184921.v2.0: wrote 8 files
[2142/3634] [2148] HLS.S30.T10TCM.2021180T190919.v2.0: wrote 8 files
[2143/3634] [2140] HLS.S30.T10SFH.2021179T184921.v2.0: wrote 8 files
[2144/3634] [2141] HLS.S30.T10SEH.2021179T184921.v2.0: wrote 8 files
[2145/3634] [2143] HLS.S30.T11SKB.2021179T184921.v2.0: wrote 8 files
[2146/3634] [2144] HLS.S30.T10SGG.2021179T184921.v2.0: wrote 8 files
[2147/3634] [2153] HLS.S30.T11TMG.2021181T183919.v2.0: SKIP NoDataInBounds (field does not intersect FMASK)
[2148/3634] [2154] HLS.S30.T11TLG.2021181T183919.v2.0: SKIP NoDataInBounds (field does not intersect FMASK)
[2149/3634] [2145] HLS.S30.T10SFG.2021179T184921.v2.0: wrote 8 files
[2150/3634] [2146] HLS.S30.T10SEG.2021179T184921.v2.0: wrote 8 files
[2151/3634] [2157] HLS.S30.T11TMF.2021181T183919.v2.0: SKIP NoDataInBounds (field does not intersect FMASK)
[2152/3634] [2158] HLS.S30.T11TLF.2021181T183919.v2.0: SKIP NoDataInBounds (field does not intersect FMASK)
[2153/3634] [2147] HLS.S30.T10TDM.2021180T190919.v2.0: wrote 8 files
[2154/3634] [2152] HLS.S30.T10TCK.2021180T190919.v2.0: wrote 8 files
[2155/3634] [2161] HLS.S30.T11TME.2021181T183919.v2.0: SKIP NoDataInBounds (field does not intersect FMASK)
[2156/3634] [2162] HLS.S30.T11TLE.2021181T183919.v2.0: SKIP NoDataInBounds (field does not intersect FMASK)
[2157/3634] [2150] HLS.S30.T10TCL.2021180T190919.v2.0: wrote 8 files
[2158/3634] [2155] HLS.S30.T10TGM.2021181T183919.v2.0: wrote 8 files
[2159/3634] [2165] HLS.S30.T11SMD.2021181T183919.v2.0: SKIP NoDataInBounds (field does not intersect FMASK)
[2160/3634] [2166] HLS.S30.T11SLD.2021181T183919.v2.0: SKIP NoDataInBounds (field does not intersect FMASK)
[2161/3634] [2156] HLS.S30.T11TKG.2021181T183919.v2.0: wrote 8 files
[2162/3634] [2159] HLS.S30.T11TKF.2021181T183919.v2.0: wrote 8 files
[2163/3634] [2169] HLS.S30.T11SMC.2021181T183919.v2.0: SKIP NoDataInBounds (field does not intersect FMASK)
[2164/3634] [2160] HLS.S30.T10TGL.2021181T183919.v2.0: wrote 8 files
[2165/3634] [2151] HLS.S30.T10TDK.2021180T190919.v2.0: wrote 8 files
[2166/3634] [2149] HLS.S30.T10TDL.2021180T190919.v2.0: wrote 8 files
[2167/3634] [2163] HLS.S30.T11TKE.2021181T183919.v2.0: wrote 8 files
[2168/3634] [2164] HLS.S30.T10TGK.2021181T183919.v2.0: wrote 8 files
[2169/3634] [2167] HLS.S30.T11SKD.2021181T183919.v2.0: wrote 8 files
[2170/3634] [2175] HLS.S30.T11SMB.2021181T183919.v2.0: wrote 8 files
[2171/3634] [2171] HLS.S30.T11SLC.2021181T183919.v2.0: wrote 8 files
[2172/3634] [2168] HLS.S30.T10SGJ.2021181T183919.v2.0: wrote 8 files
[2173/3634] [2170] HLS.S30.T10SFJ.2021181T183919.v2.0: wrote 8 files
[2174/3634] [2172] HLS.S30.T11SKC.2021181T183919.v2.0: wrote 8 files
[2175/3634] [2176] HLS.S30.T11SLB.2021181T183919.v2.0: wrote 8 files
[2176/3634] [2174] HLS.S30.T10SFH.2021181T183919.v2.0: wrote 8 files
[2177/3634] [2173] HLS.S30.T10SGH.2021181T183919.v2.0: wrote 8 files
[2178/3634] [2177] HLS.S30.T11SKB.2021181T183919.v2.0: wrote 8 files
[2179/3634] [2181] HLS.L30.T10TCM.2021181T190255.v2.0: wrote 8 files
[2180/3634] [2179] HLS.S30.T10SFG.2021181T183919.v2.0: wrote 8 files
[2181/3634] [2178] HLS.S30.T10SGG.2021181T183919.v2.0: wrote 8 files
[2182/3634] [2180] HLS.L30.T10TDM.2021181T190255.v2.0: wrote 8 files
[2183/3634] [2182] HLS.L30.T10TCL.2021181T190319.v2.0: wrote 8 files
[2184/3634] [2186] HLS.S30.T10TCM.2021182T185921.v2.0: wrote 8 files
[2185/3634] [2183] HLS.S30.T10TFM.2021182T185921.v2.0: wrote 8 files
[2186/3634] [2184] HLS.S30.T10TEM.2021182T185921.v2.0: wrote 8 files
[2187/3634] [2185] HLS.S30.T10TDM.2021182T185921.v2.0: wrote 8 files
[2188/3634] [2191] HLS.S30.T10TCL.2021182T185921.v2.0: wrote 8 files
[2189/3634] [2194] HLS.S30.T10TCK.2021182T185921.v2.0: wrote 8 files
[2190/3634] [2190] HLS.S30.T10TFK.2021182T185921.v2.0: wrote 8 files
[2191/3634] [2187] HLS.S30.T10TFL.2021182T185921.v2.0: wrote 8 files
[2192/3634] [2188] HLS.S30.T10TEL.2021182T185921.v2.0: wrote 8 files
[2193/3634] [2199] HLS.S30.T10SDG.2021182T185921.v2.0: SKIP NoDataInBounds (field does not intersect FMASK)
[2194/3634] [2200] HLS.S30.T11TMF.2021183T182921.v2.0: SKIP NoDataInBounds (field does not intersect FMASK)
[2195/3634] [2189] HLS.S30.T10TDL.2021182T185921.v2.0: wrote 8 files
[2196/3634] [2201] HLS.S30.T11TME.2021183T182921.v2.0: SKIP NoDataInBounds (field does not intersect FMASK)
[2197/3634] [2202] HLS.S30.T11SMD.2021183T182921.v2.0: SKIP NoDataInBounds (field does not intersect FMASK)
[2198/3634] [2203] HLS.S30.T11SLD.2021183T182921.v2.0: SKIP NoDataInBounds (field does not intersect FMASK)
[2199/3634] [2204] HLS.S30.T11SMC.2021183T182921.v2.0: SKIP NoDataInBounds (field does not intersect FMASK)
[2200/3634] [2192] HLS.S30.T10TEK.2021182T185921.v2.0: wrote 8 files
[2201/3634] [2206] HLS.S30.T11SMB.2021183T182921.v2.0: wrote 8 files
[2202/3634] [2193] HLS.S30.T10TDK.2021182T185921.v2.0: wrote 8 files
[2203/3634] [2195] HLS.S30.T10SEJ.2021182T185921.v2.0: wrote 8 files
[2204/3634] [2198] HLS.S30.T10SDH.2021182T185921.v2.0: wrote 8 files
[2205/3634] [2205] HLS.S30.T11SLC.2021183T182921.v2.0: wrote 8 files
[2206/3634] [2196] HLS.S30.T10SDJ.2021182T185921.v2.0: wrote 8 files
[2207/3634] [2197] HLS.S30.T10SEH.2021182T185921.v2.0: wrote 8 files
[2208/3634] [2207] HLS.S30.T11SLB.2021183T182921.v2.0: wrote 8 files
[2209/3634] [2209] HLS.L30.T10TFM.2021183T185033.v2.0: wrote 8 files
[2210/3634] [2208] HLS.L30.T10TEM.2021183T185033.v2.0: wrote 8 files
[2211/3634] [2213] HLS.L30.T10TDM.2021183T185057.v2.0: wrote 8 files
[2212/3634] [2211] HLS.L30.T10TDL.2021183T185057.v2.0: wrote 8 files
[2213/3634] [2210] HLS.L30.T10TFL.2021183T185057.v2.0: wrote 8 files
[2214/3634] [2218] HLS.L30.T10TCK.2021183T185121.v2.0: wrote 8 files
[2215/3634] [2214] HLS.L30.T10TFK.2021183T185121.v2.0: wrote 8 files
[2216/3634] [2212] HLS.L30.T10TEL.2021183T185057.v2.0: wrote 8 files
[2217/3634] [2223] HLS.L30.T10SDG.2021183T185209.v2.0: SKIP NoDataInBounds (field does not intersect FMASK)
[2218/3634] [2224] HLS.L30.T11TLG.2021185T183812.v2.0: SKIP NoDataInBounds (field does not intersect FMASK)
[2219/3634] [2225] HLS.L30.T11TMG.2021185T183812.v2.0: SKIP NoDataInBounds (field does not intersect FMASK)
[2220/3634] [2217] HLS.L30.T10SDJ.2021183T185121.v2.0: wrote 8 files
[2221/3634] [2215] HLS.L30.T10SEJ.2021183T185121.v2.0: wrote 8 files
[2222/3634] [2228] HLS.L30.T11TLF.2021185T183836.v2.0: SKIP NoDataInBounds (field does not intersect FMASK)
[2223/3634] [2216] HLS.L30.T10TEK.2021183T185121.v2.0: wrote 8 files
[2224/3634] [2222] HLS.L30.T10SEG.2021183T185209.v2.0: wrote 8 files
[2225/3634] [2220] HLS.L30.T10SDH.2021183T185145.v2.0: wrote 8 files
[2226/3634] [2229] HLS.L30.T11TKG.2021185T183836.v2.0: wrote 8 files
[2227/3634] [2230] HLS.L30.T10TGM.2021185T183836.v2.0: wrote 8 files
[2228/3634] [2227] HLS.L30.T10TGL.2021185T183836.v2.0: wrote 8 files
[2229/3634] [2235] HLS.L30.T11TLE.2021185T183900.v2.0: SKIP NoDataInBounds (field does not intersect FMASK)
[2230/3634] [2219] HLS.L30.T10TDK.2021183T185121.v2.0: wrote 8 files
[2231/3634] [2221] HLS.L30.T10SEH.2021183T185145.v2.0: wrote 8 files
[2232/3634] [2226] HLS.L30.T10TFL.2021185T183836.v2.0: wrote 8 files
[2233/3634] [2239] HLS.L30.T11SLD.2021185T183900.v2.0: SKIP NoDataInBounds (field does not intersect FMASK)
[2234/3634] [2231] HLS.L30.T11TKF.2021185T183836.v2.0: wrote 8 files
[2235/3634] [2232] HLS.L30.T10TGK.2021185T183900.v2.0: wrote 8 files
[2236/3634] [2234] HLS.L30.T11TKE.2021185T183900.v2.0: wrote 8 files
[2237/3634] [2233] HLS.L30.T11SKD.2021185T183900.v2.0: wrote 8 files
[2238/3634] [2242] HLS.L30.T11SLC.2021185T183924.v2.0: wrote 8 files
[2239/3634] [2236] HLS.L30.T10TFK.2021185T183900.v2.0: wrote 8 files
[2240/3634] [2237] HLS.L30.T10SGJ.2021185T183900.v2.0: wrote 8 files
[2241/3634] [2238] HLS.L30.T10SFJ.2021185T183900.v2.0: wrote 8 files
[2242/3634] [2240] HLS.L30.T11SKC.2021185T183924.v2.0: wrote 8 files
[2243/3634] [2241] HLS.L30.T10SFH.2021185T183924.v2.0: wrote 8 files
[2244/3634] [2244] HLS.L30.T11SKB.2021185T183948.v2.0: wrote 8 files
[2245/3634] [2248] HLS.S30.T10TCM.2021185T190921.v2.0: wrote 8 files
[2246/3634] [2252] HLS.S30.T11TMG.2021186T183921.v2.0: SKIP NoDataInBounds (field does not intersect FMASK)
[2247/3634] [2253] HLS.S30.T11TLG.2021186T183921.v2.0: SKIP NoDataInBounds (field does not intersect FMASK)
[2248/3634] [2243] HLS.L30.T10SGH.2021185T183924.v2.0: wrote 8 files
[2249/3634] [2245] HLS.L30.T10SGG.2021185T183948.v2.0: wrote 8 files
[2250/3634] [2256] HLS.S30.T11TMF.2021186T183921.v2.0: SKIP NoDataInBounds (field does not intersect FMASK)
[2251/3634] [2251] HLS.S30.T10TCK.2021185T190921.v2.0: wrote 8 files
[2252/3634] [2257] HLS.S30.T11TLF.2021186T183921.v2.0: SKIP NoDataInBounds (field does not intersect FMASK)
[2253/3634] [2247] HLS.S30.T10TDM.2021185T190921.v2.0: wrote 8 files
[2254/3634] [2260] HLS.S30.T11TME.2021186T183921.v2.0: SKIP NoDataInBounds (field does not intersect FMASK)
[2255/3634] [2261] HLS.S30.T11TLE.2021186T183921.v2.0: SKIP NoDataInBounds (field does not intersect FMASK)
[2256/3634] [2246] HLS.L30.T10SFG.2021185T183948.v2.0: wrote 8 files
[2257/3634] [2254] HLS.S30.T10TGM.2021186T183921.v2.0: wrote 8 files
[2258/3634] [2264] HLS.S30.T11SMD.2021186T183921.v2.0: SKIP NoDataInBounds (field does not intersect FMASK)
[2259/3634] [2265] HLS.S30.T11SLD.2021186T183921.v2.0: SKIP NoDataInBounds (field does not intersect FMASK)
[2260/3634] [2255] HLS.S30.T11TKG.2021186T183921.v2.0: wrote 8 files
[2261/3634] [2250] HLS.S30.T10TDK.2021185T190921.v2.0: wrote 8 files
[2262/3634] [2268] HLS.S30.T11SMC.2021186T183921.v2.0: SKIP NoDataInBounds (field does not intersect FMASK)
[2263/3634] [2249] HLS.S30.T10TDL.2021185T190921.v2.0: wrote 8 files
[2264/3634] [2259] HLS.S30.T10TGL.2021186T183921.v2.0: wrote 8 files
[2265/3634] [2258] HLS.S30.T11TKF.2021186T183921.v2.0: wrote 8 files
[2266/3634] [2262] HLS.S30.T11TKE.2021186T183921.v2.0: wrote 8 files
[2267/3634] [2263] HLS.S30.T10TGK.2021186T183921.v2.0: wrote 8 files
[2268/3634] [2266] HLS.S30.T11SKD.2021186T183921.v2.0: wrote 8 files
[2269/3634] [2274] HLS.S30.T11SMB.2021186T183921.v2.0: wrote 8 files
[2270/3634] [2270] HLS.S30.T11SLC.2021186T183921.v2.0: wrote 8 files
[2271/3634] [2267] HLS.S30.T10SGJ.2021186T183921.v2.0: wrote 8 files
[2272/3634] [2269] HLS.S30.T10SFJ.2021186T183921.v2.0: wrote 8 files
[2273/3634] [2279] HLS.L30.T11TMF.2021187T182614.v2.0: SKIP NoDataInBounds (field does not intersect FMASK)
[2274/3634] [2280] HLS.L30.T11SMD.2021187T182638.v2.0: SKIP NoDataInBounds (field does not intersect FMASK)
[2275/3634] [2281] HLS.L30.T11TME.2021187T182638.v2.0: SKIP NoDataInBounds (field does not intersect FMASK)
[2276/3634] [2271] HLS.S30.T11SKC.2021186T183921.v2.0: wrote 8 files
[2277/3634] [2275] HLS.S30.T11SLB.2021186T183921.v2.0: wrote 8 files
[2278/3634] [2283] HLS.L30.T11SLD.2021187T182702.v2.0: SKIP NoDataInBounds (field does not intersect FMASK)
[2279/3634] [2272] HLS.S30.T10SGH.2021186T183921.v2.0: wrote 8 files
[2280/3634] [2284] HLS.L30.T11SMC.2021187T182702.v2.0: SKIP NoDataInBounds (field does not intersect FMASK)
[2281/3634] [2273] HLS.S30.T10SFH.2021186T183921.v2.0: wrote 8 files
[2282/3634] [2276] HLS.S30.T11SKB.2021186T183921.v2.0: wrote 8 files
[2283/3634] [2277] HLS.S30.T10SGG.2021186T183921.v2.0: wrote 8 files
[2284/3634] [2278] HLS.S30.T10SFG.2021186T183921.v2.0: wrote 8 files
[2285/3634] [2285] HLS.L30.T11SMB.2021187T182726.v2.0: wrote 8 files
[2286/3634] [2282] HLS.L30.T11SLC.2021187T182702.v2.0: wrote 8 files
[2287/3634] [2290] HLS.S30.T10TCM.2021187T185919.v2.0: wrote 8 files
[2288/3634] [2287] HLS.S30.T10TFM.2021187T185919.v2.0: wrote 8 files
[2289/3634] [2286] HLS.L30.T11SLB.2021187T182726.v2.0: wrote 8 files
[2290/3634] [2288] HLS.S30.T10TEM.2021187T185919.v2.0: wrote 8 files
[2291/3634] [2289] HLS.S30.T10TDM.2021187T185919.v2.0: wrote 8 files
[2292/3634] [2295] HLS.S30.T10TCL.2021187T185919.v2.0: wrote 8 files
[2293/3634] [2298] HLS.S30.T10TCK.2021187T185919.v2.0: wrote 8 files
[2294/3634] [2291] HLS.S30.T10TFL.2021187T185919.v2.0: wrote 8 files
[2295/3634] [2294] HLS.S30.T10TFK.2021187T185919.v2.0: wrote 8 files
[2296/3634] [2292] HLS.S30.T10TEL.2021187T185919.v2.0: wrote 8 files
[2297/3634] [2293] HLS.S30.T10TDL.2021187T185919.v2.0: wrote 8 files
[2298/3634] [2304] HLS.S30.T10SDG.2021187T185919.v2.0: SKIP NoDataInBounds (field does not intersect FMASK)
[2299/3634] [2305] HLS.S30.T11TMF.2021188T182919.v2.0: SKIP NoDataInBounds (field does not intersect FMASK)
[2300/3634] [2306] HLS.S30.T11TME.2021188T182919.v2.0: SKIP NoDataInBounds (field does not intersect FMASK)
[2301/3634] [2307] HLS.S30.T11SMD.2021188T182919.v2.0: SKIP NoDataInBounds (field does not intersect FMASK)
[2302/3634] [2308] HLS.S30.T11SLD.2021188T182919.v2.0: SKIP NoDataInBounds (field does not intersect FMASK)
[2303/3634] [2309] HLS.S30.T11SMC.2021188T182919.v2.0: SKIP NoDataInBounds (field does not intersect FMASK)
[2304/3634] [2296] HLS.S30.T10TEK.2021187T185919.v2.0: wrote 8 files
[2305/3634] [2297] HLS.S30.T10TDK.2021187T185919.v2.0: wrote 8 files
[2306/3634] [2303] HLS.S30.T10SEG.2021187T185919.v2.0: wrote 8 files
[2307/3634] [2313] HLS.S30.T11TLG.2021189T184921.v2.0: SKIP NoDataInBounds (field does not intersect FMASK)
[2308/3634] [2311] HLS.S30.T11SMB.2021188T182919.v2.0: wrote 8 files
[2309/3634] [2302] HLS.S30.T10SDH.2021187T185919.v2.0: wrote 8 files
[2310/3634] [2299] HLS.S30.T10SEJ.2021187T185919.v2.0: wrote 8 files
[2311/3634] [2300] HLS.S30.T10SDJ.2021187T185919.v2.0: wrote 8 files
[2312/3634] [2318] HLS.S30.T11TLF.2021189T184921.v2.0: SKIP NoDataInBounds (field does not intersect FMASK)
[2313/3634] [2310] HLS.S30.T11SLC.2021188T182919.v2.0: wrote 8 files
[2314/3634] [2301] HLS.S30.T10SEH.2021187T185919.v2.0: wrote 8 files
[2315/3634] [2314] HLS.S30.T10TGM.2021189T184921.v2.0: wrote 8 files
[2316/3634] [2322] HLS.S30.T11TLE.2021189T184921.v2.0: SKIP NoDataInBounds (field does not intersect FMASK)
[2317/3634] [2312] HLS.S30.T11SLB.2021188T182919.v2.0: wrote 8 files
[2318/3634] [2315] HLS.S30.T11TKG.2021189T184921.v2.0: wrote 8 files
[2319/3634] [2317] HLS.S30.T10TEM.2021189T184921.v2.0: wrote 8 files
[2320/3634] [2319] HLS.S30.T11TKF.2021189T184921.v2.0: wrote 8 files
[2321/3634] [2316] HLS.S30.T10TFM.2021189T184921.v2.0: wrote 8 files
[2322/3634] [2320] HLS.S30.T10TGL.2021189T184921.v2.0: wrote 8 files
[2323/3634] [2324] HLS.S30.T11TKE.2021189T184921.v2.0: wrote 8 files
[2324/3634] [2325] HLS.S30.T10TGK.2021189T184921.v2.0: wrote 8 files
[2325/3634] [2321] HLS.S30.T10TFL.2021189T184921.v2.0: wrote 8 files
[2326/3634] [2323] HLS.S30.T10TEL.2021189T184921.v2.0: wrote 8 files
[2327/3634] [2328] HLS.S30.T11SKD.2021189T184921.v2.0: wrote 8 files
[2328/3634] [2329] HLS.S30.T10SGJ.2021189T184921.v2.0: wrote 8 files
[2329/3634] [2326] HLS.S30.T10TFK.2021189T184921.v2.0: wrote 8 files
[2330/3634] [2327] HLS.S30.T10TEK.2021189T184921.v2.0: wrote 8 files
[2331/3634] [2330] HLS.S30.T10SFJ.2021189T184921.v2.0: wrote 8 files
[2332/3634] [2332] HLS.S30.T10SDJ.2021189T184921.v2.0: wrote 8 files
[2333/3634] [2331] HLS.S30.T10SEJ.2021189T184921.v2.0: wrote 8 files
[2334/3634] [2333] HLS.S30.T11SKC.2021189T184921.v2.0: wrote 8 files
[2335/3634] [2334] HLS.S30.T10SGH.2021189T184921.v2.0: wrote 8 files
[2336/3634] [2342] HLS.S30.T10SDG.2021189T184921.v2.0: SKIP NoDataInBounds (field does not intersect FMASK)
[2337/3634] [2337] HLS.S30.T10SDH.2021189T184921.v2.0: wrote 8 files
[2338/3634] [2338] HLS.S30.T11SKB.2021189T184921.v2.0: wrote 8 files
[2339/3634] [2335] HLS.S30.T10SFH.2021189T184921.v2.0: wrote 8 files
[2340/3634] [2336] HLS.S30.T10SEH.2021189T184921.v2.0: wrote 8 files
[2341/3634] [2339] HLS.S30.T10SGG.2021189T184921.v2.0: wrote 8 files
[2342/3634] [2340] HLS.S30.T10SFG.2021189T184921.v2.0: wrote 8 files
[2343/3634] [2341] HLS.S30.T10SEG.2021189T184921.v2.0: wrote 8 files
[2344/3634] [2346] HLS.L30.T10TCM.2021190T185709.v2.0: wrote 8 files
[2345/3634] [2343] HLS.L30.T10TEM.2021190T185645.v2.0: wrote 8 files
[2346/3634] [2344] HLS.L30.T10TDM.2021190T185645.v2.0: wrote 8 files
[2347/3634] [2347] HLS.L30.T10TCL.2021190T185709.v2.0: wrote 8 files
[2348/3634] [2351] HLS.L30.T10TCK.2021190T185733.v2.0: wrote 8 files
[2349/3634] [2354] HLS.S30.T10TCM.2021190T190919.v2.0: wrote 8 files
[2350/3634] [2345] HLS.L30.T10TEL.2021190T185709.v2.0: wrote 8 files
[2351/3634] [2352] HLS.L30.T10SDH.2021190T185756.v2.0: wrote 8 files
[2352/3634] [2358] HLS.S30.T11TMG.2021191T183919.v2.0: SKIP NoDataInBounds (field does not intersect FMASK)
[2353/3634] [2359] HLS.S30.T11TLG.2021191T183919.v2.0: SKIP NoDataInBounds (field does not intersect FMASK)
[2354/3634] [2353] HLS.S30.T10TDM.2021190T190919.v2.0: wrote 8 files
[2355/3634] [2350] HLS.L30.T10SDJ.2021190T185733.v2.0: wrote 8 files
[2356/3634] [2362] HLS.S30.T11TMF.2021191T183919.v2.0: SKIP NoDataInBounds (field does not intersect FMASK)
[2357/3634] [2348] HLS.L30.T10TDL.2021190T185709.v2.0: wrote 8 files
[2358/3634] [2349] HLS.L30.T10TDK.2021190T185733.v2.0: wrote 8 files
[2359/3634] [2363] HLS.S30.T11TLF.2021191T183919.v2.0: SKIP NoDataInBounds (field does not intersect FMASK)
[2360/3634] [2366] HLS.S30.T11TME.2021191T183919.v2.0: SKIP NoDataInBounds (field does not intersect FMASK)
[2361/3634] [2367] HLS.S30.T11TLE.2021191T183919.v2.0: SKIP NoDataInBounds (field does not intersect FMASK)
[2362/3634] [2357] HLS.S30.T10TCK.2021190T190919.v2.0: wrote 8 files
[2363/3634] [2360] HLS.S30.T10TGM.2021191T183919.v2.0: wrote 8 files
[2364/3634] [2370] HLS.S30.T11SMD.2021191T183919.v2.0: SKIP NoDataInBounds (field does not intersect FMASK)
[2365/3634] [2371] HLS.S30.T11SLD.2021191T183919.v2.0: SKIP NoDataInBounds (field does not intersect FMASK)
[2366/3634] [2361] HLS.S30.T11TKG.2021191T183919.v2.0: wrote 8 files
[2367/3634] [2355] HLS.S30.T10TDL.2021190T190919.v2.0: wrote 8 files
[2368/3634] [2374] HLS.S30.T11SMC.2021191T183919.v2.0: SKIP NoDataInBounds (field does not intersect FMASK)
[2369/3634] [2356] HLS.S30.T10TDK.2021190T190919.v2.0: wrote 8 files
[2370/3634] [2364] HLS.S30.T11TKF.2021191T183919.v2.0: wrote 8 files
[2371/3634] [2365] HLS.S30.T10TGL.2021191T183919.v2.0: wrote 8 files
[2372/3634] [2368] HLS.S30.T11TKE.2021191T183919.v2.0: wrote 8 files
[2373/3634] [2369] HLS.S30.T10TGK.2021191T183919.v2.0: wrote 8 files
[2374/3634] [2380] HLS.S30.T11SMB.2021191T183919.v2.0: wrote 8 files
[2375/3634] [2372] HLS.S30.T11SKD.2021191T183919.v2.0: wrote 8 files
[2376/3634] [2376] HLS.S30.T11SLC.2021191T183919.v2.0: wrote 8 files
[2377/3634] [2373] HLS.S30.T10SGJ.2021191T183919.v2.0: wrote 8 files
[2378/3634] [2375] HLS.S30.T10SFJ.2021191T183919.v2.0: wrote 8 files
[2379/3634] [2379] HLS.S30.T10SFH.2021191T183919.v2.0: wrote 8 files
[2380/3634] [2377] HLS.S30.T11SKC.2021191T183919.v2.0: wrote 8 files
[2381/3634] [2378] HLS.S30.T10SGH.2021191T183919.v2.0: wrote 8 files
[2382/3634] [2381] HLS.S30.T11SLB.2021191T183919.v2.0: wrote 8 files
[2383/3634] [2382] HLS.S30.T11SKB.2021191T183919.v2.0: wrote 8 files
[2384/3634] [2385] HLS.L30.T10TGM.2021192T184423.v2.0: wrote 8 files
[2385/3634] [2383] HLS.S30.T10SGG.2021191T183919.v2.0: wrote 8 files
[2386/3634] [2384] HLS.S30.T10SFG.2021191T183919.v2.0: wrote 8 files
[2387/3634] [2386] HLS.L30.T11TKG.2021192T184423.v2.0: wrote 8 files
[2388/3634] [2389] HLS.L30.T10TGL.2021192T184447.v2.0: wrote 8 files
[2389/3634] [2387] HLS.L30.T10TFM.2021192T184423.v2.0: wrote 8 files
[2390/3634] [2390] HLS.L30.T11TKF.2021192T184447.v2.0: wrote 8 files
[2391/3634] [2391] HLS.L30.T10TEM.2021192T184447.v2.0: wrote 8 files
[2392/3634] [2388] HLS.L30.T10TEL.2021192T184447.v2.0: wrote 8 files
[2393/3634] [2393] HLS.L30.T10TFM.2021192T184447.v2.0: wrote 8 files
[2394/3634] [2395] HLS.L30.T10TGK.2021192T184511.v2.0: wrote 8 files
[2395/3634] [2394] HLS.L30.T10SGJ.2021192T184511.v2.0: wrote 8 files
[2396/3634] [2392] HLS.L30.T10TFL.2021192T184447.v2.0: wrote 8 files
[2397/3634] [2396] HLS.L30.T11SKD.2021192T184511.v2.0: wrote 8 files
[2398/3634] [2397] HLS.L30.T11TKE.2021192T184511.v2.0: wrote 8 files
[2399/3634] [2398] HLS.L30.T10TEK.2021192T184511.v2.0: wrote 8 files
[2400/3634] [2406] HLS.L30.T10SDG.2021192T184559.v2.0: SKIP NoDataInBounds (field does not intersect FMASK)
[2401/3634] [2404] HLS.L30.T10SDH.2021192T184535.v2.0: wrote 8 files
[2402/3634] [2399] HLS.L30.T10SEJ.2021192T184511.v2.0: wrote 8 files
[2403/3634] [2402] HLS.L30.T10SGH.2021192T184535.v2.0: wrote 8 files
[2404/3634] [2400] HLS.L30.T10TFK.2021192T184511.v2.0: wrote 8 files
[2405/3634] [2401] HLS.L30.T10SFJ.2021192T184511.v2.0: wrote 8 files
[2406/3634] [2403] HLS.L30.T10SFH.2021192T184535.v2.0: wrote 8 files
[2407/3634] [2405] HLS.L30.T10SEH.2021192T184535.v2.0: wrote 8 files
[2408/3634] [2407] HLS.L30.T10SEG.2021192T184559.v2.0: wrote 8 files
[2409/3634] [2412] HLS.S30.T10TCM.2021192T185921.v2.0: wrote 8 files
[2410/3634] [2409] HLS.S30.T10TFM.2021192T185921.v2.0: wrote 8 files
[2411/3634] [2408] HLS.L30.T10SFG.2021192T184559.v2.0: wrote 8 files
[2412/3634] [2410] HLS.S30.T10TEM.2021192T185921.v2.0: wrote 8 files
[2413/3634] [2411] HLS.S30.T10TDM.2021192T185921.v2.0: wrote 8 files
[2414/3634] [2417] HLS.S30.T10TCL.2021192T185921.v2.0: wrote 8 files
[2415/3634] [2420] HLS.S30.T10TCK.2021192T185921.v2.0: wrote 8 files
[2416/3634] [2413] HLS.S30.T10TFL.2021192T185921.v2.0: wrote 8 files
[2417/3634] [2414] HLS.S30.T10TEL.2021192T185921.v2.0: wrote 8 files
[2418/3634] [2416] HLS.S30.T10TFK.2021192T185921.v2.0: wrote 8 files
[2419/3634] [2415] HLS.S30.T10TDL.2021192T185921.v2.0: wrote 8 files
[2420/3634] [2426] HLS.S30.T11TMF.2021193T182921.v2.0: SKIP NoDataInBounds (field does not intersect FMASK)
[2421/3634] [2427] HLS.S30.T11TME.2021193T182921.v2.0: SKIP NoDataInBounds (field does not intersect FMASK)
[2422/3634] [2428] HLS.S30.T11SMD.2021193T182921.v2.0: SKIP NoDataInBounds (field does not intersect FMASK)
[2423/3634] [2429] HLS.S30.T11SLD.2021193T182921.v2.0: SKIP NoDataInBounds (field does not intersect FMASK)
[2424/3634] [2430] HLS.S30.T11SMC.2021193T182921.v2.0: SKIP NoDataInBounds (field does not intersect FMASK)
[2425/3634] [2418] HLS.S30.T10TEK.2021192T185921.v2.0: wrote 8 files
[2426/3634] [2419] HLS.S30.T10TDK.2021192T185921.v2.0: wrote 8 files
[2427/3634] [2425] HLS.S30.T10SEG.2021192T185921.v2.0: wrote 8 files
[2428/3634] [2434] HLS.L30.T11TMG.2021194T183202.v2.0: SKIP NoDataInBounds (field does not intersect FMASK)
[2429/3634] [2435] HLS.L30.T11TLG.2021194T183225.v2.0: SKIP NoDataInBounds (field does not intersect FMASK)
[2430/3634] [2436] HLS.L30.T11TMF.2021194T183225.v2.0: SKIP NoDataInBounds (field does not intersect FMASK)
[2431/3634] [2421] HLS.S30.T10SEJ.2021192T185921.v2.0: wrote 8 files
[2432/3634] [2437] HLS.L30.T11TLF.2021194T183225.v2.0: SKIP NoDataInBounds (field does not intersect FMASK)
[2433/3634] [2432] HLS.S30.T11SMB.2021193T182921.v2.0: wrote 8 files
[2434/3634] [2422] HLS.S30.T10SDJ.2021192T185921.v2.0: wrote 8 files
[2435/3634] [2424] HLS.S30.T10SDH.2021192T185921.v2.0: wrote 8 files
[2436/3634] [2441] HLS.L30.T11TLE.2021194T183249.v2.0: SKIP NoDataInBounds (field does not intersect FMASK)
[2437/3634] [2443] HLS.L30.T11SLD.2021194T183249.v2.0: SKIP NoDataInBounds (field does not intersect FMASK)
[2438/3634] [2442] HLS.L30.T11SMD.2021194T183249.v2.0: SKIP NoDataInBounds (field does not intersect FMASK)
[2439/3634] [2431] HLS.S30.T11SLC.2021193T182921.v2.0: wrote 8 files
[2440/3634] [2445] HLS.L30.T11TME.2021194T183249.v2.0: SKIP NoDataInBounds (field does not intersect FMASK)
[2441/3634] [2423] HLS.S30.T10SEH.2021192T185921.v2.0: wrote 8 files
[2442/3634] [2448] HLS.L30.T11SMC.2021194T183313.v2.0: SKIP NoDataInBounds (field does not intersect FMASK)
[2443/3634] [2433] HLS.S30.T11SLB.2021193T182921.v2.0: wrote 8 files
[2444/3634] [2438] HLS.L30.T10TGK.2021194T183249.v2.0: wrote 8 files
[2445/3634] [2440] HLS.L30.T11TKE.2021194T183249.v2.0: wrote 8 files
[2446/3634] [2444] HLS.L30.T11SKD.2021194T183249.v2.0: wrote 8 files
[2447/3634] [2449] HLS.L30.T11SLC.2021194T183313.v2.0: wrote 8 files
[2448/3634] [2439] HLS.L30.T10SGJ.2021194T183249.v2.0: wrote 8 files
[2449/3634] [2455] HLS.S30.T11TLG.2021194T184919.v2.0: SKIP NoDataInBounds (field does not intersect FMASK)
[2450/3634] [2452] HLS.L30.T11SMB.2021194T183337.v2.0: wrote 8 files
[2451/3634] [2447] HLS.L30.T11SKC.2021194T183313.v2.0: wrote 8 files
[2452/3634] [2446] HLS.L30.T10SGH.2021194T183313.v2.0: wrote 8 files
[2453/3634] [2451] HLS.L30.T10SGG.2021194T183337.v2.0: wrote 8 files
[2454/3634] [2460] HLS.S30.T11TLF.2021194T184919.v2.0: SKIP NoDataInBounds (field does not intersect FMASK)
[2455/3634] [2450] HLS.L30.T10SGJ.2021194T183313.v2.0: wrote 8 files
[2456/3634] [2456] HLS.S30.T10TGM.2021194T184919.v2.0: wrote 8 files
[2457/3634] [2457] HLS.S30.T11TKG.2021194T184919.v2.0: wrote 8 files
[2458/3634] [2464] HLS.S30.T11TLE.2021194T184919.v2.0: SKIP NoDataInBounds (field does not intersect FMASK)
[2459/3634] [2453] HLS.L30.T11SKB.2021194T183337.v2.0: wrote 8 files
[2460/3634] [2454] HLS.L30.T11SLB.2021194T183337.v2.0: wrote 8 files
[2461/3634] [2459] HLS.S30.T10TEM.2021194T184919.v2.0: wrote 8 files
[2462/3634] [2458] HLS.S30.T10TFM.2021194T184919.v2.0: wrote 8 files
[2463/3634] [2461] HLS.S30.T11TKF.2021194T184919.v2.0: wrote 8 files
[2464/3634] [2462] HLS.S30.T10TGL.2021194T184919.v2.0: wrote 8 files
[2465/3634] [2466] HLS.S30.T11TKE.2021194T184919.v2.0: wrote 8 files
[2466/3634] [2467] HLS.S30.T10TGK.2021194T184919.v2.0: wrote 8 files
[2467/3634] [2465] HLS.S30.T10TEL.2021194T184919.v2.0: wrote 8 files
[2468/3634] [2463] HLS.S30.T10TFL.2021194T184919.v2.0: wrote 8 files
[2469/3634] [2470] HLS.S30.T11SKD.2021194T184919.v2.0: wrote 8 files
[2470/3634] [2468] HLS.S30.T10TFK.2021194T184919.v2.0: wrote 8 files
[2471/3634] [2469] HLS.S30.T10TEK.2021194T184919.v2.0: wrote 8 files
[2472/3634] [2471] HLS.S30.T10SGJ.2021194T184919.v2.0: wrote 8 files
[2473/3634] [2472] HLS.S30.T10SFJ.2021194T184919.v2.0: wrote 8 files
[2474/3634] [2473] HLS.S30.T10SEJ.2021194T184919.v2.0: wrote 8 files
[2475/3634] [2474] HLS.S30.T10SDJ.2021194T184919.v2.0: wrote 8 files
[2476/3634] [2475] HLS.S30.T11SKC.2021194T184919.v2.0: wrote 8 files
[2477/3634] [2479] HLS.S30.T10SDH.2021194T184919.v2.0: wrote 8 files
[2478/3634] [2476] HLS.S30.T10SGH.2021194T184919.v2.0: wrote 8 files
[2479/3634] [2480] HLS.S30.T11SKB.2021194T184919.v2.0: wrote 8 files
[2480/3634] [2485] HLS.S30.T10TCM.2021195T190921.v2.0: wrote 8 files
[2481/3634] [2478] HLS.S30.T10SEH.2021194T184919.v2.0: wrote 8 files
[2482/3634] [2477] HLS.S30.T10SFH.2021194T184919.v2.0: wrote 8 files
[2483/3634] [2481] HLS.S30.T10SGG.2021194T184919.v2.0: wrote 8 files
[2484/3634] [2490] HLS.S30.T11TMG.2021196T183921.v2.0: SKIP NoDataInBounds (field does not intersect FMASK)
[2485/3634] [2491] HLS.S30.T11TLG.2021196T183921.v2.0: SKIP NoDataInBounds (field does not intersect FMASK)
[2486/3634] [2482] HLS.S30.T10SFG.2021194T184919.v2.0: wrote 8 files
[2487/3634] [2483] HLS.S30.T10SEG.2021194T184919.v2.0: wrote 8 files
[2488/3634] [2494] HLS.S30.T11TMF.2021196T183921.v2.0: SKIP NoDataInBounds (field does not intersect FMASK)
[2489/3634] [2495] HLS.S30.T11TLF.2021196T183921.v2.0: SKIP NoDataInBounds (field does not intersect FMASK)
[2490/3634] [2489] HLS.S30.T10TCK.2021195T190921.v2.0: wrote 8 files
[2491/3634] [2484] HLS.S30.T10TDM.2021195T190921.v2.0: wrote 8 files
[2492/3634] [2498] HLS.S30.T11TME.2021196T183921.v2.0: SKIP NoDataInBounds (field does not intersect FMASK)
[2493/3634] [2499] HLS.S30.T11TLE.2021196T183921.v2.0: SKIP NoDataInBounds (field does not intersect FMASK)
[2494/3634] [2487] HLS.S30.T10TCL.2021195T190921.v2.0: wrote 8 files
[2495/3634] [2492] HLS.S30.T10TGM.2021196T183921.v2.0: wrote 8 files
[2496/3634] [2502] HLS.S30.T11SMD.2021196T183921.v2.0: SKIP NoDataInBounds (field does not intersect FMASK)
[2497/3634] [2503] HLS.S30.T11SLD.2021196T183921.v2.0: SKIP NoDataInBounds (field does not intersect FMASK)
[2498/3634] [2493] HLS.S30.T11TKG.2021196T183921.v2.0: wrote 8 files
[2499/3634] [2496] HLS.S30.T11TKF.2021196T183921.v2.0: wrote 8 files
[2500/3634] [2488] HLS.S30.T10TDK.2021195T190921.v2.0: wrote 8 files
[2501/3634] [2506] HLS.S30.T11SMC.2021196T183921.v2.0: SKIP NoDataInBounds (field does not intersect FMASK)
[2502/3634] [2486] HLS.S30.T10TDL.2021195T190921.v2.0: wrote 8 files
[2503/3634] [2497] HLS.S30.T10TGL.2021196T183921.v2.0: wrote 8 files
[2504/3634] [2500] HLS.S30.T11TKE.2021196T183921.v2.0: wrote 8 files
[2505/3634] [2501] HLS.S30.T10TGK.2021196T183921.v2.0: wrote 8 files
[2506/3634] [2504] HLS.S30.T11SKD.2021196T183921.v2.0: wrote 8 files
[2507/3634] [2512] HLS.S30.T11SMB.2021196T183921.v2.0: wrote 8 files
[2508/3634] [2508] HLS.S30.T11SLC.2021196T183921.v2.0: wrote 8 files
[2509/3634] [2505] HLS.S30.T10SGJ.2021196T183921.v2.0: wrote 8 files
[2510/3634] [2507] HLS.S30.T10SFJ.2021196T183921.v2.0: wrote 8 files
[2511/3634] [2513] HLS.S30.T11SLB.2021196T183921.v2.0: wrote 8 files
[2512/3634] [2511] HLS.S30.T10SFH.2021196T183921.v2.0: wrote 8 files
[2513/3634] [2509] HLS.S30.T11SKC.2021196T183921.v2.0: wrote 8 files
[2514/3634] [2510] HLS.S30.T10SGH.2021196T183921.v2.0: wrote 8 files
[2515/3634] [2517] HLS.L30.T10TCM.2021197T190256.v2.0: wrote 8 files
[2516/3634] [2514] HLS.S30.T11SKB.2021196T183921.v2.0: wrote 8 files
[2517/3634] [2515] HLS.S30.T10SGG.2021196T183921.v2.0: wrote 8 files
[2518/3634] [2516] HLS.S30.T10SFG.2021196T183921.v2.0: wrote 8 files
[2519/3634] [2523] HLS.S30.T10TCM.2021197T185919.v2.0: wrote 8 files
[2520/3634] [2519] HLS.L30.T10TCL.2021197T190320.v2.0: wrote 8 files
[2521/3634] [2518] HLS.L30.T10TDM.2021197T190256.v2.0: wrote 8 files
[2522/3634] [2520] HLS.S30.T10TFM.2021197T185919.v2.0: wrote 8 files
[2523/3634] [2521] HLS.S30.T10TEM.2021197T185919.v2.0: wrote 8 files
[2524/3634] [2522] HLS.S30.T10TDM.2021197T185919.v2.0: wrote 8 files
[2525/3634] [2528] HLS.S30.T10TCL.2021197T185919.v2.0: wrote 8 files
[2526/3634] [2531] HLS.S30.T10TCK.2021197T185919.v2.0: wrote 8 files
[2527/3634] [2527] HLS.S30.T10TFK.2021197T185919.v2.0: wrote 8 files
[2528/3634] [2524] HLS.S30.T10TFL.2021197T185919.v2.0: wrote 8 files
[2529/3634] [2526] HLS.S30.T10TDL.2021197T185919.v2.0: wrote 8 files
[2530/3634] [2525] HLS.S30.T10TEL.2021197T185919.v2.0: wrote 8 files
[2531/3634] [2536] HLS.S30.T10SDG.2021197T185919.v2.0: SKIP NoDataInBounds (field does not intersect FMASK)
[2532/3634] [2537] HLS.S30.T11TMF.2021198T182919.v2.0: SKIP NoDataInBounds (field does not intersect FMASK)
[2533/3634] [2538] HLS.S30.T11TME.2021198T182919.v2.0: SKIP NoDataInBounds (field does not intersect FMASK)
[2534/3634] [2539] HLS.S30.T11SMD.2021198T182919.v2.0: SKIP NoDataInBounds (field does not intersect FMASK)
[2535/3634] [2540] HLS.S30.T11SLD.2021198T182919.v2.0: SKIP NoDataInBounds (field does not intersect FMASK)
[2536/3634] [2541] HLS.S30.T11SMC.2021198T182919.v2.0: SKIP NoDataInBounds (field does not intersect FMASK)
[2537/3634] [2529] HLS.S30.T10TEK.2021197T185919.v2.0: wrote 8 files
[2538/3634] [2530] HLS.S30.T10TDK.2021197T185919.v2.0: wrote 8 files
[2539/3634] [2543] HLS.S30.T11SMB.2021198T182919.v2.0: wrote 8 files
[2540/3634] [2535] HLS.S30.T10SDH.2021197T185919.v2.0: wrote 8 files
[2541/3634] [2532] HLS.S30.T10SEJ.2021197T185919.v2.0: wrote 8 files
[2542/3634] [2533] HLS.S30.T10SDJ.2021197T185919.v2.0: wrote 8 files
[2543/3634] [2542] HLS.S30.T11SLC.2021198T182919.v2.0: wrote 8 files
[2544/3634] [2534] HLS.S30.T10SEH.2021197T185919.v2.0: wrote 8 files
[2545/3634] [2544] HLS.S30.T11SLB.2021198T182919.v2.0: wrote 8 files
[2546/3634] [2545] HLS.L30.T10TFM.2021199T185036.v2.0: wrote 8 files
[2547/3634] [2546] HLS.L30.T10TEM.2021199T185036.v2.0: wrote 8 files
[2548/3634] [2548] HLS.L30.T10TDM.2021199T185100.v2.0: wrote 8 files
[2549/3634] [2553] HLS.L30.T10TCK.2021199T185124.v2.0: wrote 8 files
[2550/3634] [2547] HLS.L30.T10TFL.2021199T185100.v2.0: wrote 8 files
[2551/3634] [2549] HLS.L30.T10TDL.2021199T185100.v2.0: wrote 8 files
[2552/3634] [2550] HLS.L30.T10TEL.2021199T185100.v2.0: wrote 8 files
[2553/3634] [2551] HLS.L30.T10TFK.2021199T185124.v2.0: wrote 8 files
[2554/3634] [2560] HLS.L30.T10SDG.2021199T185211.v2.0: SKIP NoDataInBounds (field does not intersect FMASK)
[2555/3634] [2561] HLS.S30.T11TLG.2021199T184921.v2.0: SKIP NoDataInBounds (field does not intersect FMASK)
[2556/3634] [2552] HLS.L30.T10SDJ.2021199T185124.v2.0: wrote 8 files
[2557/3634] [2554] HLS.L30.T10SEJ.2021199T185124.v2.0: wrote 8 files
[2558/3634] [2562] HLS.S30.T10TGM.2021199T184921.v2.0: wrote 8 files
[2559/3634] [2559] HLS.L30.T10SEG.2021199T185211.v2.0: wrote 8 files
[2560/3634] [2557] HLS.L30.T10SDH.2021199T185148.v2.0: wrote 8 files
[2561/3634] [2566] HLS.S30.T11TLF.2021199T184921.v2.0: SKIP NoDataInBounds (field does not intersect FMASK)
[2562/3634] [2555] HLS.L30.T10TDK.2021199T185124.v2.0: wrote 8 files
[2563/3634] [2563] HLS.S30.T11TKG.2021199T184921.v2.0: wrote 8 files
[2564/3634] [2570] HLS.S30.T11TLE.2021199T184921.v2.0: SKIP NoDataInBounds (field does not intersect FMASK)
[2565/3634] [2556] HLS.L30.T10TEK.2021199T185124.v2.0: wrote 8 files
[2566/3634] [2558] HLS.L30.T10SEH.2021199T185148.v2.0: wrote 8 files
[2567/3634] [2564] HLS.S30.T10TFM.2021199T184921.v2.0: wrote 8 files
[2568/3634] [2565] HLS.S30.T10TEM.2021199T184921.v2.0: wrote 8 files
[2569/3634] [2567] HLS.S30.T11TKF.2021199T184921.v2.0: wrote 8 files
[2570/3634] [2568] HLS.S30.T10TGL.2021199T184921.v2.0: wrote 8 files
[2571/3634] [2572] HLS.S30.T11TKE.2021199T184921.v2.0: wrote 8 files
[2572/3634] [2573] HLS.S30.T10TGK.2021199T184921.v2.0: wrote 8 files
[2573/3634] [2569] HLS.S30.T10TFL.2021199T184921.v2.0: wrote 8 files
[2574/3634] [2571] HLS.S30.T10TEL.2021199T184921.v2.0: wrote 8 files
[2575/3634] [2576] HLS.S30.T11SKD.2021199T184921.v2.0: wrote 8 files
[2576/3634] [2577] HLS.S30.T10SGJ.2021199T184921.v2.0: wrote 8 files
[2577/3634] [2575] HLS.S30.T10TEK.2021199T184921.v2.0: wrote 8 files
[2578/3634] [2574] HLS.S30.T10TFK.2021199T184921.v2.0: wrote 8 files
[2579/3634] [2578] HLS.S30.T10SFJ.2021199T184921.v2.0: wrote 8 files
[2580/3634] [2580] HLS.S30.T10SDJ.2021199T184921.v2.0: wrote 8 files
[2581/3634] [2579] HLS.S30.T10SEJ.2021199T184921.v2.0: wrote 8 files
[2582/3634] [2581] HLS.S30.T11SKC.2021199T184921.v2.0: wrote 8 files
[2583/3634] [2582] HLS.S30.T10SGH.2021199T184921.v2.0: wrote 8 files
[2584/3634] [2590] HLS.S30.T10SDG.2021199T184921.v2.0: SKIP NoDataInBounds (field does not intersect FMASK)
[2585/3634] [2585] HLS.S30.T10SDH.2021199T184921.v2.0: wrote 8 files
[2586/3634] [2586] HLS.S30.T11SKB.2021199T184921.v2.0: wrote 8 files
[2587/3634] [2592] HLS.S30.T10TCM.2021200T190919.v2.0: wrote 8 files
[2588/3634] [2583] HLS.S30.T10SFH.2021199T184921.v2.0: wrote 8 files
[2589/3634] [2587] HLS.S30.T10SGG.2021199T184921.v2.0: wrote 8 files
[2590/3634] [2584] HLS.S30.T10SEH.2021199T184921.v2.0: wrote 8 files
[2591/3634] [2597] HLS.L30.T11TMG.2021201T183815.v2.0: SKIP NoDataInBounds (field does not intersect FMASK)
[2592/3634] [2598] HLS.L30.T11TLG.2021201T183815.v2.0: SKIP NoDataInBounds (field does not intersect FMASK)
[2593/3634] [2599] HLS.L30.T11TLF.2021201T183839.v2.0: SKIP NoDataInBounds (field does not intersect FMASK)
[2594/3634] [2589] HLS.S30.T10SEG.2021199T184921.v2.0: wrote 8 files
[2595/3634] [2588] HLS.S30.T10SFG.2021199T184921.v2.0: wrote 8 files
[2596/3634] [2591] HLS.S30.T10TDM.2021200T190919.v2.0: wrote 8 files
[2597/3634] [2596] HLS.S30.T10TCK.2021200T190919.v2.0: wrote 8 files
[2598/3634] [2594] HLS.S30.T10TCL.2021200T190919.v2.0: wrote 8 files
[2599/3634] [2605] HLS.L30.T11SLD.2021201T183903.v2.0: SKIP NoDataInBounds (field does not intersect FMASK)
[2600/3634] [2602] HLS.L30.T11TKG.2021201T183839.v2.0: wrote 8 files
[2601/3634] [2601] HLS.L30.T10TGL.2021201T183839.v2.0: wrote 8 files
[2602/3634] [2604] HLS.L30.T10TGM.2021201T183839.v2.0: wrote 8 files
[2603/3634] [2593] HLS.S30.T10TDL.2021200T190919.v2.0: wrote 8 files
[2604/3634] [2595] HLS.S30.T10TDK.2021200T190919.v2.0: wrote 8 files
[2605/3634] [2611] HLS.L30.T11TLE.2021201T183903.v2.0: SKIP NoDataInBounds (field does not intersect FMASK)
[2606/3634] [2603] HLS.L30.T11TKF.2021201T183839.v2.0: wrote 8 files
[2607/3634] [2606] HLS.L30.T11TKE.2021201T183903.v2.0: wrote 8 files
[2608/3634] [2600] HLS.L30.T10TFL.2021201T183839.v2.0: wrote 8 files
[2609/3634] [2612] HLS.L30.T10TGK.2021201T183903.v2.0: wrote 8 files
[2610/3634] [2607] HLS.L30.T10SGJ.2021201T183903.v2.0: wrote 8 files
[2611/3634] [2614] HLS.L30.T11SLC.2021201T183927.v2.0: wrote 8 files
[2612/3634] [2610] HLS.L30.T11SKD.2021201T183903.v2.0: wrote 8 files
[2613/3634] [2608] HLS.L30.T10TFK.2021201T183903.v2.0: wrote 8 files
[2614/3634] [2620] HLS.S30.T11TMG.2021201T183919.v2.0: SKIP NoDataInBounds (field does not intersect FMASK)
[2615/3634] [2621] HLS.S30.T11TLG.2021201T183919.v2.0: SKIP NoDataInBounds (field does not intersect FMASK)
[2616/3634] [2609] HLS.L30.T10SFJ.2021201T183903.v2.0: wrote 8 files
[2617/3634] [2613] HLS.L30.T10SFH.2021201T183927.v2.0: wrote 8 files
[2618/3634] [2624] HLS.S30.T11TMF.2021201T183919.v2.0: SKIP NoDataInBounds (field does not intersect FMASK)
[2619/3634] [2625] HLS.S30.T11TLF.2021201T183919.v2.0: SKIP NoDataInBounds (field does not intersect FMASK)
[2620/3634] [2622] HLS.S30.T10TGM.2021201T183919.v2.0: wrote 8 files
[2621/3634] [2615] HLS.L30.T10SGH.2021201T183927.v2.0: wrote 8 files
[2622/3634] [2628] HLS.S30.T11TME.2021201T183919.v2.0: SKIP NoDataInBounds (field does not intersect FMASK)
[2623/3634] [2629] HLS.S30.T11TLE.2021201T183919.v2.0: SKIP NoDataInBounds (field does not intersect FMASK)
[2624/3634] [2623] HLS.S30.T11TKG.2021201T183919.v2.0: wrote 8 files
[2625/3634] [2617] HLS.L30.T11SKB.2021201T183951.v2.0: wrote 8 files
[2626/3634] [2618] HLS.L30.T10SGG.2021201T183951.v2.0: wrote 8 files
[2627/3634] [2619] HLS.L30.T10SFG.2021201T183951.v2.0: wrote 8 files
[2628/3634] [2632] HLS.S30.T11SMD.2021201T183919.v2.0: SKIP NoDataInBounds (field does not intersect FMASK)
[2629/3634] [2633] HLS.S30.T11SLD.2021201T183919.v2.0: SKIP NoDataInBounds (field does not intersect FMASK)
[2630/3634] [2636] HLS.S30.T11SMC.2021201T183919.v2.0: SKIP NoDataInBounds (field does not intersect FMASK)
[2631/3634] [2626] HLS.S30.T11TKF.2021201T183919.v2.0: wrote 8 files
[2632/3634] [2616] HLS.L30.T11SKC.2021201T183927.v2.0: wrote 8 files
[2633/3634] [2627] HLS.S30.T10TGL.2021201T183919.v2.0: wrote 8 files
[2634/3634] [2630] HLS.S30.T11TKE.2021201T183919.v2.0: wrote 8 files
[2635/3634] [2631] HLS.S30.T10TGK.2021201T183919.v2.0: wrote 8 files
[2636/3634] [2634] HLS.S30.T11SKD.2021201T183919.v2.0: wrote 8 files
[2637/3634] [2642] HLS.S30.T11SMB.2021201T183919.v2.0: wrote 8 files
[2638/3634] [2638] HLS.S30.T11SLC.2021201T183919.v2.0: wrote 8 files
[2639/3634] [2635] HLS.S30.T10SGJ.2021201T183919.v2.0: wrote 8 files
[2640/3634] [2637] HLS.S30.T10SFJ.2021201T183919.v2.0: wrote 8 files
[2641/3634] [2639] HLS.S30.T11SKC.2021201T183919.v2.0: wrote 8 files
[2642/3634] [2641] HLS.S30.T10SFH.2021201T183919.v2.0: wrote 8 files
[2643/3634] [2643] HLS.S30.T11SLB.2021201T183919.v2.0: wrote 8 files
[2644/3634] [2640] HLS.S30.T10SGH.2021201T183919.v2.0: wrote 8 files
[2645/3634] [2646] HLS.S30.T10SFG.2021201T183919.v2.0: wrote 8 files
[2646/3634] [2647] HLS.S30.T10TFM.2021202T185921.v2.0: wrote 8 files
[2647/3634] [2644] HLS.S30.T11SKB.2021201T183919.v2.0: wrote 8 files
[2648/3634] [2645] HLS.S30.T10SGG.2021201T183919.v2.0: wrote 8 files
[2649/3634] [2650] HLS.S30.T10TCM.2021202T185921.v2.0: wrote 8 files
[2650/3634] [2648] HLS.S30.T10TEM.2021202T185921.v2.0: wrote 8 files
[2651/3634] [2649] HLS.S30.T10TDM.2021202T185921.v2.0: wrote 8 files
[2652/3634] [2655] HLS.S30.T10TCL.2021202T185921.v2.0: wrote 8 files
[2653/3634] [2651] HLS.S30.T10TFL.2021202T185921.v2.0: wrote 8 files
[2654/3634] [2658] HLS.S30.T10TCK.2021202T185921.v2.0: wrote 8 files
[2655/3634] [2654] HLS.S30.T10TFK.2021202T185921.v2.0: wrote 8 files
[2656/3634] [2652] HLS.S30.T10TEL.2021202T185921.v2.0: wrote 8 files
[2657/3634] [2653] HLS.S30.T10TDL.2021202T185921.v2.0: wrote 8 files
[2658/3634] [2664] HLS.S30.T10SDG.2021202T185921.v2.0: SKIP NoDataInBounds (field does not intersect FMASK)
[2659/3634] [2665] HLS.L30.T11TMF.2021203T182619.v2.0: SKIP NoDataInBounds (field does not intersect FMASK)
[2660/3634] [2666] HLS.L30.T11SMD.2021203T182643.v2.0: SKIP NoDataInBounds (field does not intersect FMASK)
[2661/3634] [2656] HLS.S30.T10TEK.2021202T185921.v2.0: wrote 8 files
[2662/3634] [2667] HLS.L30.T11TME.2021203T182643.v2.0: SKIP NoDataInBounds (field does not intersect FMASK)
[2663/3634] [2668] HLS.L30.T11SLD.2021203T182707.v2.0: SKIP NoDataInBounds (field does not intersect FMASK)
[2664/3634] [2670] HLS.L30.T11SMC.2021203T182707.v2.0: SKIP NoDataInBounds (field does not intersect FMASK)
[2665/3634] [2659] HLS.S30.T10SEJ.2021202T185921.v2.0: wrote 8 files
[2666/3634] [2657] HLS.S30.T10TDK.2021202T185921.v2.0: wrote 8 files
[2667/3634] [2671] HLS.L30.T11SMB.2021203T182730.v2.0: wrote 8 files
[2668/3634] [2673] HLS.S30.T11TMF.2021203T182921.v2.0: SKIP NoDataInBounds (field does not intersect FMASK)
[2669/3634] [2674] HLS.S30.T11TME.2021203T182921.v2.0: SKIP NoDataInBounds (field does not intersect FMASK)
[2670/3634] [2675] HLS.S30.T11SMD.2021203T182921.v2.0: SKIP NoDataInBounds (field does not intersect FMASK)
[2671/3634] [2662] HLS.S30.T10SDH.2021202T185921.v2.0: wrote 8 files
[2672/3634] [2676] HLS.S30.T11SLD.2021203T182921.v2.0: SKIP NoDataInBounds (field does not intersect FMASK)
[2673/3634] [2677] HLS.S30.T11SMC.2021203T182921.v2.0: SKIP NoDataInBounds (field does not intersect FMASK)
[2674/3634] [2663] HLS.S30.T10SEG.2021202T185921.v2.0: wrote 8 files
[2675/3634] [2681] HLS.S30.T11TLG.2021204T184919.v2.0: SKIP NoDataInBounds (field does not intersect FMASK)
[2676/3634] [2669] HLS.L30.T11SLC.2021203T182707.v2.0: wrote 8 files
[2677/3634] [2660] HLS.S30.T10SDJ.2021202T185921.v2.0: wrote 8 files
[2678/3634] [2661] HLS.S30.T10SEH.2021202T185921.v2.0: wrote 8 files
[2679/3634] [2679] HLS.S30.T11SMB.2021203T182921.v2.0: wrote 8 files
[2680/3634] [2686] HLS.S30.T11TLF.2021204T184919.v2.0: SKIP NoDataInBounds (field does not intersect FMASK)
[2681/3634] [2682] HLS.S30.T10TGM.2021204T184919.v2.0: wrote 8 files
[2682/3634] [2678] HLS.S30.T11SLC.2021203T182921.v2.0: wrote 8 files
[2683/3634] [2683] HLS.S30.T11TKG.2021204T184919.v2.0: wrote 8 files
[2684/3634] [2672] HLS.L30.T11SLB.2021203T182730.v2.0: wrote 8 files
[2685/3634] [2690] HLS.S30.T11TLE.2021204T184919.v2.0: SKIP NoDataInBounds (field does not intersect FMASK)
[2686/3634] [2680] HLS.S30.T11SLB.2021203T182921.v2.0: wrote 8 files
[2687/3634] [2684] HLS.S30.T10TFM.2021204T184919.v2.0: wrote 8 files
[2688/3634] [2685] HLS.S30.T10TEM.2021204T184919.v2.0: wrote 8 files
[2689/3634] [2687] HLS.S30.T11TKF.2021204T184919.v2.0: wrote 8 files
[2690/3634] [2688] HLS.S30.T10TGL.2021204T184919.v2.0: wrote 8 files
[2691/3634] [2692] HLS.S30.T11TKE.2021204T184919.v2.0: wrote 8 files
[2692/3634] [2693] HLS.S30.T10TGK.2021204T184919.v2.0: wrote 8 files
[2693/3634] [2689] HLS.S30.T10TFL.2021204T184919.v2.0: wrote 8 files
[2694/3634] [2691] HLS.S30.T10TEL.2021204T184919.v2.0: wrote 8 files
[2695/3634] [2696] HLS.S30.T11SKD.2021204T184919.v2.0: wrote 8 files
[2696/3634] [2694] HLS.S30.T10TFK.2021204T184919.v2.0: wrote 8 files
[2697/3634] [2695] HLS.S30.T10TEK.2021204T184919.v2.0: wrote 8 files
[2698/3634] [2697] HLS.S30.T10SGJ.2021204T184919.v2.0: wrote 8 files
[2699/3634] [2698] HLS.S30.T10SFJ.2021204T184919.v2.0: wrote 8 files
[2700/3634] [2699] HLS.S30.T10SEJ.2021204T184919.v2.0: wrote 8 files
[2701/3634] [2700] HLS.S30.T10SDJ.2021204T184919.v2.0: wrote 8 files
[2702/3634] [2701] HLS.S30.T11SKC.2021204T184919.v2.0: wrote 8 files
[2703/3634] [2702] HLS.S30.T10SGH.2021204T184919.v2.0: wrote 8 files
[2704/3634] [2710] HLS.S30.T10SDG.2021204T184919.v2.0: SKIP NoDataInBounds (field does not intersect FMASK)
[2705/3634] [2705] HLS.S30.T10SDH.2021204T184919.v2.0: wrote 8 files
[2706/3634] [2703] HLS.S30.T10SFH.2021204T184919.v2.0: wrote 8 files
[2707/3634] [2704] HLS.S30.T10SEH.2021204T184919.v2.0: wrote 8 files
[2708/3634] [2706] HLS.S30.T11SKB.2021204T184919.v2.0: wrote 8 files
[2709/3634] [2712] HLS.S30.T10TCM.2021205T190921.v2.0: wrote 8 files
[2710/3634] [2707] HLS.S30.T10SGG.2021204T184919.v2.0: wrote 8 files
[2711/3634] [2717] HLS.S30.T11TMG.2021206T183921.v2.0: SKIP NoDataInBounds (field does not intersect FMASK)
[2712/3634] [2718] HLS.S30.T11TLG.2021206T183921.v2.0: SKIP NoDataInBounds (field does not intersect FMASK)
[2713/3634] [2708] HLS.S30.T10SFG.2021204T184919.v2.0: wrote 8 files
[2714/3634] [2709] HLS.S30.T10SEG.2021204T184919.v2.0: wrote 8 files
[2715/3634] [2721] HLS.S30.T11TMF.2021206T183921.v2.0: SKIP NoDataInBounds (field does not intersect FMASK)
[2716/3634] [2722] HLS.S30.T11TLF.2021206T183921.v2.0: SKIP NoDataInBounds (field does not intersect FMASK)
[2717/3634] [2716] HLS.S30.T10TCK.2021205T190921.v2.0: wrote 8 files
[2718/3634] [2714] HLS.S30.T10TCL.2021205T190921.v2.0: wrote 8 files
[2719/3634] [2711] HLS.S30.T10TDM.2021205T190921.v2.0: wrote 8 files
[2720/3634] [2725] HLS.S30.T11TME.2021206T183921.v2.0: SKIP NoDataInBounds (field does not intersect FMASK)
[2721/3634] [2726] HLS.S30.T11TLE.2021206T183921.v2.0: SKIP NoDataInBounds (field does not intersect FMASK)
[2722/3634] [2719] HLS.S30.T10TGM.2021206T183921.v2.0: wrote 8 files
[2723/3634] [2729] HLS.S30.T11SMD.2021206T183921.v2.0: SKIP NoDataInBounds (field does not intersect FMASK)
[2724/3634] [2730] HLS.S30.T11SLD.2021206T183921.v2.0: SKIP NoDataInBounds (field does not intersect FMASK)
[2725/3634] [2720] HLS.S30.T11TKG.2021206T183921.v2.0: wrote 8 files
[2726/3634] [2715] HLS.S30.T10TDK.2021205T190921.v2.0: wrote 8 files
[2727/3634] [2733] HLS.S30.T11SMC.2021206T183921.v2.0: SKIP NoDataInBounds (field does not intersect FMASK)
[2728/3634] [2723] HLS.S30.T11TKF.2021206T183921.v2.0: wrote 8 files
[2729/3634] [2713] HLS.S30.T10TDL.2021205T190921.v2.0: wrote 8 files
[2730/3634] [2724] HLS.S30.T10TGL.2021206T183921.v2.0: wrote 8 files
[2731/3634] [2727] HLS.S30.T11TKE.2021206T183921.v2.0: wrote 8 files
[2732/3634] [2728] HLS.S30.T10TGK.2021206T183921.v2.0: wrote 8 files
[2733/3634] [2731] HLS.S30.T11SKD.2021206T183921.v2.0: wrote 8 files
[2734/3634] [2739] HLS.S30.T11SMB.2021206T183921.v2.0: wrote 8 files
[2735/3634] [2732] HLS.S30.T10SGJ.2021206T183921.v2.0: wrote 8 files
[2736/3634] [2735] HLS.S30.T11SLC.2021206T183921.v2.0: wrote 8 files
[2737/3634] [2734] HLS.S30.T10SFJ.2021206T183921.v2.0: wrote 8 files
[2738/3634] [2740] HLS.S30.T11SLB.2021206T183921.v2.0: wrote 8 files
[2739/3634] [2736] HLS.S30.T11SKC.2021206T183921.v2.0: wrote 8 files
[2740/3634] [2738] HLS.S30.T10SFH.2021206T183921.v2.0: wrote 8 files
[2741/3634] [2737] HLS.S30.T10SGH.2021206T183921.v2.0: wrote 8 files
[2742/3634] [2741] HLS.S30.T11SKB.2021206T183921.v2.0: wrote 8 files
[2743/3634] [2746] HLS.L30.T10TCM.2021206T185715.v2.0: wrote 8 files
[2744/3634] [2743] HLS.S30.T10SFG.2021206T183921.v2.0: wrote 8 files
[2745/3634] [2742] HLS.S30.T10SGG.2021206T183921.v2.0: wrote 8 files
[2746/3634] [2748] HLS.L30.T10TCL.2021206T185715.v2.0: wrote 8 files
[2747/3634] [2744] HLS.L30.T10TDM.2021206T185651.v2.0: wrote 8 files
[2748/3634] [2750] HLS.L30.T10TCK.2021206T185738.v2.0: wrote 8 files
[2749/3634] [2745] HLS.L30.T10TEM.2021206T185651.v2.0: wrote 8 files
[2750/3634] [2747] HLS.L30.T10TEL.2021206T185715.v2.0: wrote 8 files
[2751/3634] [2757] HLS.S30.T10TCM.2021207T185919.v2.0: wrote 8 files
[2752/3634] [2753] HLS.L30.T10SDH.2021206T185802.v2.0: wrote 8 files
[2753/3634] [2749] HLS.L30.T10TDL.2021206T185715.v2.0: wrote 8 files
[2754/3634] [2754] HLS.S30.T10TFM.2021207T185919.v2.0: wrote 8 files
[2755/3634] [2752] HLS.L30.T10SDJ.2021206T185738.v2.0: wrote 8 files
[2756/3634] [2755] HLS.S30.T10TEM.2021207T185919.v2.0: wrote 8 files
[2757/3634] [2751] HLS.L30.T10TDK.2021206T185738.v2.0: wrote 8 files
[2758/3634] [2756] HLS.S30.T10TDM.2021207T185919.v2.0: wrote 8 files
[2759/3634] [2762] HLS.S30.T10TCL.2021207T185919.v2.0: wrote 8 files
[2760/3634] [2765] HLS.S30.T10TCK.2021207T185919.v2.0: wrote 8 files
[2761/3634] [2761] HLS.S30.T10TFK.2021207T185919.v2.0: wrote 8 files
[2762/3634] [2758] HLS.S30.T10TFL.2021207T185919.v2.0: wrote 8 files
[2763/3634] [2760] HLS.S30.T10TDL.2021207T185919.v2.0: wrote 8 files
[2764/3634] [2759] HLS.S30.T10TEL.2021207T185919.v2.0: wrote 8 files
[2765/3634] [2770] HLS.S30.T11TMF.2021208T182919.v2.0: SKIP NoDataInBounds (field does not intersect FMASK)
[2766/3634] [2771] HLS.S30.T11TME.2021208T182919.v2.0: SKIP NoDataInBounds (field does not intersect FMASK)
[2767/3634] [2772] HLS.S30.T11SMD.2021208T182919.v2.0: SKIP NoDataInBounds (field does not intersect FMASK)
[2768/3634] [2773] HLS.S30.T11SLD.2021208T182919.v2.0: SKIP NoDataInBounds (field does not intersect FMASK)
[2769/3634] [2774] HLS.S30.T11SMC.2021208T182919.v2.0: SKIP NoDataInBounds (field does not intersect FMASK)
[2770/3634] [2763] HLS.S30.T10TEK.2021207T185919.v2.0: wrote 8 files
[2771/3634] [2764] HLS.S30.T10TDK.2021207T185919.v2.0: wrote 8 files
[2772/3634] [2767] HLS.S30.T10SDJ.2021207T185919.v2.0: wrote 8 files
[2773/3634] [2766] HLS.S30.T10SEJ.2021207T185919.v2.0: wrote 8 files
[2774/3634] [2776] HLS.S30.T11SMB.2021208T182919.v2.0: wrote 8 files
[2775/3634] [2769] HLS.S30.T10SDH.2021207T185919.v2.0: wrote 8 files
[2776/3634] [2775] HLS.S30.T11SLC.2021208T182919.v2.0: wrote 8 files
[2777/3634] [2768] HLS.S30.T10SEH.2021207T185919.v2.0: wrote 8 files
[2778/3634] [2777] HLS.S30.T11SLB.2021208T182919.v2.0: wrote 8 files
[2779/3634] [2779] HLS.L30.T10TGM.2021208T184430.v2.0: wrote 8 files
[2780/3634] [2778] HLS.L30.T10TFM.2021208T184430.v2.0: wrote 8 files
[2781/3634] [2780] HLS.L30.T11TKG.2021208T184430.v2.0: wrote 8 files
[2782/3634] [2781] HLS.L30.T10TEM.2021208T184454.v2.0: wrote 8 files
[2783/3634] [2782] HLS.L30.T11TKF.2021208T184454.v2.0: wrote 8 files
[2784/3634] [2786] HLS.L30.T10TGL.2021208T184454.v2.0: wrote 8 files
[2785/3634] [2784] HLS.L30.T10TFM.2021208T184454.v2.0: wrote 8 files
[2786/3634] [2783] HLS.L30.T10TEL.2021208T184454.v2.0: wrote 8 files
[2787/3634] [2787] HLS.L30.T10SGH.2021208T184542.v2.0: wrote 8 files
[2788/3634] [2785] HLS.L30.T10TFL.2021208T184454.v2.0: wrote 8 files
[2789/3634] [2789] HLS.L30.T10SDH.2021208T184542.v2.0: wrote 8 files
[2790/3634] [2788] HLS.L30.T10SEH.2021208T184542.v2.0: wrote 8 files
[2791/3634] [2792] HLS.L30.T11SKD.2021208T184542.v2.0: wrote 8 files
[2792/3634] [2798] HLS.L30.T10SDG.2021208T184606.v2.0: SKIP NoDataInBounds (field does not intersect FMASK)
[2793/3634] [2790] HLS.L30.T10SFH.2021208T184542.v2.0: wrote 8 files
[2794/3634] [2800] HLS.S30.T11TLG.2021209T184921.v2.0: SKIP NoDataInBounds (field does not intersect FMASK)
[2795/3634] [2791] HLS.L30.T10TFK.2021208T184542.v2.0: wrote 8 files
[2796/3634] [2793] HLS.L30.T10SGJ.2021208T184542.v2.0: wrote 8 files
[2797/3634] [2797] HLS.L30.T10SEG.2021208T184606.v2.0: wrote 8 files
[2798/3634] [2801] HLS.S30.T10TGM.2021209T184921.v2.0: wrote 8 files
[2799/3634] [2795] HLS.L30.T10TEK.2021208T184542.v2.0: wrote 8 files
[2800/3634] [2805] HLS.S30.T11TLF.2021209T184921.v2.0: SKIP NoDataInBounds (field does not intersect FMASK)
[2801/3634] [2794] HLS.L30.T10SEJ.2021208T184542.v2.0: wrote 8 files
[2802/3634] [2802] HLS.S30.T11TKG.2021209T184921.v2.0: wrote 8 files
[2803/3634] [2799] HLS.L30.T10SFG.2021208T184606.v2.0: wrote 8 files
[2804/3634] [2809] HLS.S30.T11TLE.2021209T184921.v2.0: SKIP NoDataInBounds (field does not intersect FMASK)
[2805/3634] [2796] HLS.L30.T10SFJ.2021208T184542.v2.0: wrote 8 files
[2806/3634] [2803] HLS.S30.T10TFM.2021209T184921.v2.0: wrote 8 files
[2807/3634] [2804] HLS.S30.T10TEM.2021209T184921.v2.0: wrote 8 files
[2808/3634] [2806] HLS.S30.T11TKF.2021209T184921.v2.0: wrote 8 files
[2809/3634] [2807] HLS.S30.T10TGL.2021209T184921.v2.0: wrote 8 files
[2810/3634] [2812] HLS.S30.T10TGK.2021209T184921.v2.0: wrote 8 files
[2811/3634] [2811] HLS.S30.T11TKE.2021209T184921.v2.0: wrote 8 files
[2812/3634] [2808] HLS.S30.T10TFL.2021209T184921.v2.0: wrote 8 files
[2813/3634] [2810] HLS.S30.T10TEL.2021209T184921.v2.0: wrote 8 files
[2814/3634] [2815] HLS.S30.T11SKD.2021209T184921.v2.0: wrote 8 files
[2815/3634] [2813] HLS.S30.T10TFK.2021209T184921.v2.0: wrote 8 files
[2816/3634] [2816] HLS.S30.T10SGJ.2021209T184921.v2.0: wrote 8 files
[2817/3634] [2814] HLS.S30.T10TEK.2021209T184921.v2.0: wrote 8 files
[2818/3634] [2817] HLS.S30.T10SFJ.2021209T184921.v2.0: wrote 8 files
[2819/3634] [2818] HLS.S30.T10SEJ.2021209T184921.v2.0: wrote 8 files
[2820/3634] [2819] HLS.S30.T10SDJ.2021209T184921.v2.0: wrote 8 files
[2821/3634] [2820] HLS.S30.T11SKC.2021209T184921.v2.0: wrote 8 files
[2822/3634] [2821] HLS.S30.T10SGH.2021209T184921.v2.0: wrote 8 files
[2823/3634] [2829] HLS.S30.T10SDG.2021209T184921.v2.0: SKIP NoDataInBounds (field does not intersect FMASK)
[2824/3634] [2830] HLS.L30.T11TMG.2021210T183209.v2.0: SKIP NoDataInBounds (field does not intersect FMASK)
[2825/3634] [2831] HLS.L30.T11TLG.2021210T183233.v2.0: SKIP NoDataInBounds (field does not intersect FMASK)
[2826/3634] [2824] HLS.S30.T10SDH.2021209T184921.v2.0: wrote 8 files
[2827/3634] [2832] HLS.L30.T11TMF.2021210T183233.v2.0: SKIP NoDataInBounds (field does not intersect FMASK)
[2828/3634] [2833] HLS.L30.T11TLF.2021210T183233.v2.0: SKIP NoDataInBounds (field does not intersect FMASK)
[2829/3634] [2834] HLS.L30.T11TME.2021210T183257.v2.0: SKIP NoDataInBounds (field does not intersect FMASK)
[2830/3634] [2825] HLS.S30.T11SKB.2021209T184921.v2.0: wrote 8 files
[2831/3634] [2837] HLS.L30.T11TLE.2021210T183257.v2.0: SKIP NoDataInBounds (field does not intersect FMASK)
[2832/3634] [2838] HLS.L30.T11SMD.2021210T183257.v2.0: SKIP NoDataInBounds (field does not intersect FMASK)
[2833/3634] [2822] HLS.S30.T10SFH.2021209T184921.v2.0: wrote 8 files
[2834/3634] [2840] HLS.L30.T11SLD.2021210T183257.v2.0: SKIP NoDataInBounds (field does not intersect FMASK)
[2835/3634] [2826] HLS.S30.T10SGG.2021209T184921.v2.0: wrote 8 files
[2836/3634] [2842] HLS.L30.T11SMC.2021210T183321.v2.0: SKIP NoDataInBounds (field does not intersect FMASK)
[2837/3634] [2823] HLS.S30.T10SEH.2021209T184921.v2.0: wrote 8 files
[2838/3634] [2827] HLS.S30.T10SFG.2021209T184921.v2.0: wrote 8 files
[2839/3634] [2828] HLS.S30.T10SEG.2021209T184921.v2.0: wrote 8 files
[2840/3634] [2836] HLS.L30.T10TGK.2021210T183257.v2.0: wrote 8 files
[2841/3634] [2839] HLS.L30.T11TKE.2021210T183257.v2.0: wrote 8 files
[2842/3634] [2835] HLS.L30.T11SKD.2021210T183257.v2.0: wrote 8 files
[2843/3634] [2844] HLS.L30.T11SLC.2021210T183321.v2.0: wrote 8 files
[2844/3634] [2847] HLS.L30.T11SMB.2021210T183345.v2.0: wrote 8 files
[2845/3634] [2841] HLS.L30.T10SGJ.2021210T183257.v2.0: wrote 8 files
[2846/3634] [2843] HLS.L30.T10SGH.2021210T183321.v2.0: wrote 8 files
[2847/3634] [2852] HLS.S30.T10TCM.2021210T190919.v2.0: wrote 8 files
[2848/3634] [2846] HLS.L30.T10SGJ.2021210T183321.v2.0: wrote 8 files
[2849/3634] [2845] HLS.L30.T11SKC.2021210T183321.v2.0: wrote 8 files
[2850/3634] [2848] HLS.L30.T11SLB.2021210T183345.v2.0: wrote 8 files
[2851/3634] [2857] HLS.S30.T11TMG.2021211T183919.v2.0: SKIP NoDataInBounds (field does not intersect FMASK)
[2852/3634] [2849] HLS.L30.T11SKB.2021210T183345.v2.0: wrote 8 files
[2853/3634] [2858] HLS.S30.T11TLG.2021211T183919.v2.0: SKIP NoDataInBounds (field does not intersect FMASK)
[2854/3634] [2850] HLS.L30.T10SGG.2021210T183345.v2.0: wrote 8 files
[2855/3634] [2851] HLS.S30.T10TDM.2021210T190919.v2.0: wrote 8 files
[2856/3634] [2861] HLS.S30.T11TMF.2021211T183919.v2.0: SKIP NoDataInBounds (field does not intersect FMASK)
[2857/3634] [2862] HLS.S30.T11TLF.2021211T183919.v2.0: SKIP NoDataInBounds (field does not intersect FMASK)
[2858/3634] [2856] HLS.S30.T10TCK.2021210T190919.v2.0: wrote 8 files
[2859/3634] [2865] HLS.S30.T11TME.2021211T183919.v2.0: SKIP NoDataInBounds (field does not intersect FMASK)
[2860/3634] [2854] HLS.S30.T10TCL.2021210T190919.v2.0: wrote 8 files
[2861/3634] [2866] HLS.S30.T11TLE.2021211T183919.v2.0: SKIP NoDataInBounds (field does not intersect FMASK)
[2862/3634] [2859] HLS.S30.T10TGM.2021211T183919.v2.0: wrote 8 files
[2863/3634] [2869] HLS.S30.T11SMD.2021211T183919.v2.0: SKIP NoDataInBounds (field does not intersect FMASK)
[2864/3634] [2870] HLS.S30.T11SLD.2021211T183919.v2.0: SKIP NoDataInBounds (field does not intersect FMASK)
[2865/3634] [2860] HLS.S30.T11TKG.2021211T183919.v2.0: wrote 8 files
[2866/3634] [2855] HLS.S30.T10TDK.2021210T190919.v2.0: wrote 8 files
[2867/3634] [2853] HLS.S30.T10TDL.2021210T190919.v2.0: wrote 8 files
[2868/3634] [2873] HLS.S30.T11SMC.2021211T183919.v2.0: SKIP NoDataInBounds (field does not intersect FMASK)
[2869/3634] [2863] HLS.S30.T11TKF.2021211T183919.v2.0: wrote 8 files
[2870/3634] [2864] HLS.S30.T10TGL.2021211T183919.v2.0: wrote 8 files
[2871/3634] [2867] HLS.S30.T11TKE.2021211T183919.v2.0: wrote 8 files
[2872/3634] [2868] HLS.S30.T10TGK.2021211T183919.v2.0: wrote 8 files
[2873/3634] [2871] HLS.S30.T11SKD.2021211T183919.v2.0: wrote 8 files
[2874/3634] [2879] HLS.S30.T11SMB.2021211T183919.v2.0: wrote 8 files
[2875/3634] [2872] HLS.S30.T10SGJ.2021211T183919.v2.0: wrote 8 files
[2876/3634] [2875] HLS.S30.T11SLC.2021211T183919.v2.0: wrote 8 files
[2877/3634] [2874] HLS.S30.T10SFJ.2021211T183919.v2.0: wrote 8 files
[2878/3634] [2876] HLS.S30.T11SKC.2021211T183919.v2.0: wrote 8 files
[2879/3634] [2877] HLS.S30.T10SGH.2021211T183919.v2.0: wrote 8 files
[2880/3634] [2880] HLS.S30.T11SLB.2021211T183919.v2.0: wrote 8 files
[2881/3634] [2878] HLS.S30.T10SFH.2021211T183919.v2.0: wrote 8 files
[2882/3634] [2881] HLS.S30.T11SKB.2021211T183919.v2.0: wrote 8 files
[2883/3634] [2886] HLS.S30.T10TCM.2021212T185921.v2.0: wrote 8 files
[2884/3634] [2883] HLS.S30.T10SFG.2021211T183919.v2.0: wrote 8 files
[2885/3634] [2882] HLS.S30.T10SGG.2021211T183919.v2.0: wrote 8 files
[2886/3634] [2884] HLS.S30.T10TEM.2021212T185921.v2.0: wrote 8 files
[2887/3634] [2885] HLS.S30.T10TDM.2021212T185921.v2.0: wrote 8 files
[2888/3634] [2891] HLS.S30.T10TCL.2021212T185921.v2.0: wrote 8 files
[2889/3634] [2887] HLS.S30.T10TFL.2021212T185921.v2.0: wrote 8 files
[2890/3634] [2894] HLS.S30.T10TCK.2021212T185921.v2.0: wrote 8 files
[2891/3634] [2888] HLS.S30.T10TEL.2021212T185921.v2.0: wrote 8 files
[2892/3634] [2890] HLS.S30.T10TFK.2021212T185921.v2.0: wrote 8 files
[2893/3634] [2889] HLS.S30.T10TDL.2021212T185921.v2.0: wrote 8 files
[2894/3634] [2892] HLS.S30.T10TEK.2021212T185921.v2.0: wrote 8 files
[2895/3634] [2900] HLS.S30.T10SDG.2021212T185921.v2.0: SKIP NoDataInBounds (field does not intersect FMASK)
[2896/3634] [2901] HLS.S30.T11TMF.2021213T182921.v2.0: SKIP NoDataInBounds (field does not intersect FMASK)
[2897/3634] [2902] HLS.S30.T11TME.2021213T182921.v2.0: SKIP NoDataInBounds (field does not intersect FMASK)
[2898/3634] [2903] HLS.S30.T11SMD.2021213T182921.v2.0: SKIP NoDataInBounds (field does not intersect FMASK)
[2899/3634] [2904] HLS.S30.T11SLD.2021213T182921.v2.0: SKIP NoDataInBounds (field does not intersect FMASK)
[2900/3634] [2905] HLS.S30.T11SMC.2021213T182921.v2.0: SKIP NoDataInBounds (field does not intersect FMASK)
[2901/3634] [2893] HLS.S30.T10TDK.2021212T185921.v2.0: wrote 8 files
[2902/3634] [2899] HLS.S30.T10SEG.2021212T185921.v2.0: wrote 8 files
[2903/3634] [2895] HLS.S30.T10SEJ.2021212T185921.v2.0: wrote 8 files
[2904/3634] [2907] HLS.S30.T11SMB.2021213T182921.v2.0: wrote 8 files
[2905/3634] [2898] HLS.S30.T10SDH.2021212T185921.v2.0: wrote 8 files
[2906/3634] [2912] HLS.S30.T11TLG.2021214T184919.v2.0: SKIP NoDataInBounds (field does not intersect FMASK)
[2907/3634] [2896] HLS.S30.T10SDJ.2021212T185921.v2.0: wrote 8 files
[2908/3634] [2910] HLS.L30.T10TCM.2021213T190305.v2.0: wrote 8 files
[2909/3634] [2906] HLS.S30.T11SLC.2021213T182921.v2.0: wrote 8 files
[2910/3634] [2897] HLS.S30.T10SEH.2021212T185921.v2.0: wrote 8 files
[2911/3634] [2917] HLS.S30.T11TLF.2021214T184919.v2.0: SKIP NoDataInBounds (field does not intersect FMASK)
[2912/3634] [2911] HLS.L30.T10TCL.2021213T190329.v2.0: wrote 8 files
[2913/3634] [2909] HLS.L30.T10TDM.2021213T190305.v2.0: wrote 8 files
[2914/3634] [2913] HLS.S30.T10TGM.2021214T184919.v2.0: wrote 8 files
[2915/3634] [2921] HLS.S30.T11TLE.2021214T184919.v2.0: SKIP NoDataInBounds (field does not intersect FMASK)
[2916/3634] [2908] HLS.S30.T11SLB.2021213T182921.v2.0: wrote 8 files
[2917/3634] [2914] HLS.S30.T11TKG.2021214T184919.v2.0: wrote 8 files
[2918/3634] [2918] HLS.S30.T11TKF.2021214T184919.v2.0: wrote 8 files
[2919/3634] [2915] HLS.S30.T10TFM.2021214T184919.v2.0: wrote 8 files
[2920/3634] [2916] HLS.S30.T10TEM.2021214T184919.v2.0: wrote 8 files
[2921/3634] [2919] HLS.S30.T10TGL.2021214T184919.v2.0: wrote 8 files
[2922/3634] [2923] HLS.S30.T11TKE.2021214T184919.v2.0: wrote 8 files
[2923/3634] [2924] HLS.S30.T10TGK.2021214T184919.v2.0: wrote 8 files
[2924/3634] [2922] HLS.S30.T10TEL.2021214T184919.v2.0: wrote 8 files
[2925/3634] [2920] HLS.S30.T10TFL.2021214T184919.v2.0: wrote 8 files
[2926/3634] [2927] HLS.S30.T11SKD.2021214T184919.v2.0: wrote 8 files
[2927/3634] [2926] HLS.S30.T10TEK.2021214T184919.v2.0: wrote 8 files
[2928/3634] [2925] HLS.S30.T10TFK.2021214T184919.v2.0: wrote 8 files
[2929/3634] [2928] HLS.S30.T10SGJ.2021214T184919.v2.0: wrote 8 files
[2930/3634] [2929] HLS.S30.T10SFJ.2021214T184919.v2.0: wrote 8 files
[2931/3634] [2930] HLS.S30.T10SEJ.2021214T184919.v2.0: wrote 8 files
[2932/3634] [2931] HLS.S30.T10SDJ.2021214T184919.v2.0: wrote 8 files
[2933/3634] [2932] HLS.S30.T11SKC.2021214T184919.v2.0: wrote 8 files
[2934/3634] [2933] HLS.S30.T10SGH.2021214T184919.v2.0: wrote 8 files
[2935/3634] [2936] HLS.S30.T10SDH.2021214T184919.v2.0: wrote 8 files
[2936/3634] [2941] HLS.S30.T10SDG.2021214T184919.v2.0: SKIP NoDataInBounds (field does not intersect FMASK)
[2937/3634] [2937] HLS.S30.T11SKB.2021214T184919.v2.0: wrote 8 files
[2938/3634] [2934] HLS.S30.T10SFH.2021214T184919.v2.0: wrote 8 files
[2939/3634] [2935] HLS.S30.T10SEH.2021214T184919.v2.0: wrote 8 files
[2940/3634] [2938] HLS.S30.T10SGG.2021214T184919.v2.0: wrote 8 files
[2941/3634] [2939] HLS.S30.T10SFG.2021214T184919.v2.0: wrote 8 files
[2942/3634] [2940] HLS.S30.T10SEG.2021214T184919.v2.0: wrote 8 files
[2943/3634] [2942] HLS.L30.T10TFM.2021215T185044.v2.0: wrote 8 files
[2944/3634] [2943] HLS.L30.T10TEM.2021215T185044.v2.0: wrote 8 files
[2945/3634] [2945] HLS.L30.T10TDM.2021215T185108.v2.0: wrote 8 files
[2946/3634] [2951] HLS.L30.T10TCK.2021215T185132.v2.0: wrote 8 files
[2947/3634] [2944] HLS.L30.T10TFL.2021215T185108.v2.0: wrote 8 files
[2948/3634] [2946] HLS.L30.T10TDL.2021215T185108.v2.0: wrote 8 files
[2949/3634] [2948] HLS.L30.T10TFK.2021215T185132.v2.0: wrote 8 files
[2950/3634] [2947] HLS.L30.T10TEL.2021215T185108.v2.0: wrote 8 files
[2951/3634] [2957] HLS.L30.T10SDG.2021215T185220.v2.0: SKIP NoDataInBounds (field does not intersect FMASK)
[2952/3634] [2949] HLS.L30.T10TEK.2021215T185132.v2.0: wrote 8 files
[2953/3634] [2950] HLS.L30.T10SEJ.2021215T185132.v2.0: wrote 8 files
[2954/3634] [2959] HLS.S30.T10TCM.2021215T190921.v2.0: wrote 8 files
[2955/3634] [2952] HLS.L30.T10SDJ.2021215T185132.v2.0: wrote 8 files
[2956/3634] [2956] HLS.L30.T10SEG.2021215T185220.v2.0: wrote 8 files
[2957/3634] [2953] HLS.L30.T10TDK.2021215T185132.v2.0: wrote 8 files
[2958/3634] [2958] HLS.S30.T10TDM.2021215T190921.v2.0: wrote 8 files
[2959/3634] [2964] HLS.S30.T11TMG.2021216T183921.v2.0: SKIP NoDataInBounds (field does not intersect FMASK)
[2960/3634] [2955] HLS.L30.T10SDH.2021215T185156.v2.0: wrote 8 files
[2961/3634] [2965] HLS.S30.T11TLG.2021216T183921.v2.0: SKIP NoDataInBounds (field does not intersect FMASK)
[2962/3634] [2968] HLS.S30.T11TMF.2021216T183921.v2.0: SKIP NoDataInBounds (field does not intersect FMASK)
[2963/3634] [2969] HLS.S30.T11TLF.2021216T183921.v2.0: SKIP NoDataInBounds (field does not intersect FMASK)
[2964/3634] [2954] HLS.L30.T10SEH.2021215T185156.v2.0: wrote 8 files
[2965/3634] [2963] HLS.S30.T10TCK.2021215T190921.v2.0: wrote 8 files
[2966/3634] [2972] HLS.S30.T11TME.2021216T183921.v2.0: SKIP NoDataInBounds (field does not intersect FMASK)
[2967/3634] [2961] HLS.S30.T10TCL.2021215T190921.v2.0: wrote 8 files
[2968/3634] [2973] HLS.S30.T11TLE.2021216T183921.v2.0: SKIP NoDataInBounds (field does not intersect FMASK)
[2969/3634] [2966] HLS.S30.T10TGM.2021216T183921.v2.0: wrote 8 files
[2970/3634] [2976] HLS.S30.T11SMD.2021216T183921.v2.0: SKIP NoDataInBounds (field does not intersect FMASK)
[2971/3634] [2977] HLS.S30.T11SLD.2021216T183921.v2.0: SKIP NoDataInBounds (field does not intersect FMASK)
[2972/3634] [2967] HLS.S30.T11TKG.2021216T183921.v2.0: wrote 8 files
[2973/3634] [2970] HLS.S30.T11TKF.2021216T183921.v2.0: wrote 8 files
[2974/3634] [2980] HLS.S30.T11SMC.2021216T183921.v2.0: SKIP NoDataInBounds (field does not intersect FMASK)
[2975/3634] [2960] HLS.S30.T10TDL.2021215T190921.v2.0: wrote 8 files
[2976/3634] [2962] HLS.S30.T10TDK.2021215T190921.v2.0: wrote 8 files
[2977/3634] [2971] HLS.S30.T10TGL.2021216T183921.v2.0: wrote 8 files
[2978/3634] [2974] HLS.S30.T11TKE.2021216T183921.v2.0: wrote 8 files
[2979/3634] [2975] HLS.S30.T10TGK.2021216T183921.v2.0: wrote 8 files
[2980/3634] [2978] HLS.S30.T11SKD.2021216T183921.v2.0: wrote 8 files
[2981/3634] [2986] HLS.S30.T11SMB.2021216T183921.v2.0: wrote 8 files
[2982/3634] [2982] HLS.S30.T11SLC.2021216T183921.v2.0: wrote 8 files
[2983/3634] [2979] HLS.S30.T10SGJ.2021216T183921.v2.0: wrote 8 files
[2984/3634] [2981] HLS.S30.T10SFJ.2021216T183921.v2.0: wrote 8 files
[2985/3634] [2991] HLS.L30.T11TMG.2021217T183823.v2.0: SKIP NoDataInBounds (field does not intersect FMASK)
[2986/3634] [2992] HLS.L30.T11TLG.2021217T183823.v2.0: SKIP NoDataInBounds (field does not intersect FMASK)
[2987/3634] [2983] HLS.S30.T11SKC.2021216T183921.v2.0: wrote 8 files
[2988/3634] [2984] HLS.S30.T10SGH.2021216T183921.v2.0: wrote 8 files
[2989/3634] [2995] HLS.L30.T11TLF.2021217T183847.v2.0: SKIP NoDataInBounds (field does not intersect FMASK)
[2990/3634] [2985] HLS.S30.T10SFH.2021216T183921.v2.0: wrote 8 files
[2991/3634] [2987] HLS.S30.T11SLB.2021216T183921.v2.0: wrote 8 files
[2992/3634] [2988] HLS.S30.T11SKB.2021216T183921.v2.0: wrote 8 files
[2993/3634] [2999] HLS.L30.T11TLE.2021217T183911.v2.0: SKIP NoDataInBounds (field does not intersect FMASK)
[2994/3634] [3000] HLS.L30.T11SLD.2021217T183911.v2.0: SKIP NoDataInBounds (field does not intersect FMASK)
[2995/3634] [2989] HLS.S30.T10SGG.2021216T183921.v2.0: wrote 8 files
[2996/3634] [2990] HLS.S30.T10SFG.2021216T183921.v2.0: wrote 8 files
[2997/3634] [2998] HLS.L30.T10TGM.2021217T183847.v2.0: wrote 8 files
[2998/3634] [2997] HLS.L30.T11TKG.2021217T183847.v2.0: wrote 8 files
[2999/3634] [2994] HLS.L30.T11TKF.2021217T183847.v2.0: wrote 8 files
[3000/3634] [2996] HLS.L30.T10TGL.2021217T183847.v2.0: wrote 8 files
[3001/3634] [2993] HLS.L30.T10TFL.2021217T183847.v2.0: wrote 8 files
[3002/3634] [3001] HLS.L30.T11SKD.2021217T183911.v2.0: wrote 8 files
[3003/3634] [3005] HLS.L30.T10TGK.2021217T183911.v2.0: wrote 8 files
[3004/3634] [3006] HLS.L30.T11TKE.2021217T183911.v2.0: wrote 8 files
[3005/3634] [3008] HLS.L30.T11SLC.2021217T183935.v2.0: wrote 8 files
[3006/3634] [3003] HLS.L30.T10TFK.2021217T183911.v2.0: wrote 8 files
[3007/3634] [3002] HLS.L30.T10SFJ.2021217T183911.v2.0: wrote 8 files
[3008/3634] [3004] HLS.L30.T10SGJ.2021217T183911.v2.0: wrote 8 files
[3009/3634] [3007] HLS.L30.T10SFH.2021217T183935.v2.0: wrote 8 files
[3010/3634] [3011] HLS.L30.T10SGG.2021217T183959.v2.0: wrote 8 files
[3011/3634] [3012] HLS.L30.T10SFG.2021217T183959.v2.0: wrote 8 files
[3012/3634] [3009] HLS.L30.T11SKC.2021217T183935.v2.0: wrote 8 files
[3013/3634] [3014] HLS.S30.T10TFM.2021217T185919.v2.0: wrote 8 files
[3014/3634] [3013] HLS.L30.T11SKB.2021217T183959.v2.0: wrote 8 files
[3015/3634] [3015] HLS.S30.T10TEM.2021217T185919.v2.0: wrote 8 files
[3016/3634] [3017] HLS.S30.T10TCM.2021217T185919.v2.0: wrote 8 files
[3017/3634] [3010] HLS.L30.T10SGH.2021217T183935.v2.0: wrote 8 files
[3018/3634] [3016] HLS.S30.T10TDM.2021217T185919.v2.0: wrote 8 files
[3019/3634] [3022] HLS.S30.T10TCL.2021217T185919.v2.0: wrote 8 files
[3020/3634] [3025] HLS.S30.T10TCK.2021217T185919.v2.0: wrote 8 files
[3021/3634] [3018] HLS.S30.T10TFL.2021217T185919.v2.0: wrote 8 files
[3022/3634] [3021] HLS.S30.T10TFK.2021217T185919.v2.0: wrote 8 files
[3023/3634] [3020] HLS.S30.T10TDL.2021217T185919.v2.0: wrote 8 files
[3024/3634] [3019] HLS.S30.T10TEL.2021217T185919.v2.0: wrote 8 files
[3025/3634] [3031] HLS.S30.T10SDG.2021217T185919.v2.0: SKIP NoDataInBounds (field does not intersect FMASK)
[3026/3634] [3032] HLS.S30.T11TMF.2021218T182919.v2.0: SKIP NoDataInBounds (field does not intersect FMASK)
[3027/3634] [3033] HLS.S30.T11TME.2021218T182919.v2.0: SKIP NoDataInBounds (field does not intersect FMASK)
[3028/3634] [3034] HLS.S30.T11SMD.2021218T182919.v2.0: SKIP NoDataInBounds (field does not intersect FMASK)
[3029/3634] [3035] HLS.S30.T11SLD.2021218T182919.v2.0: SKIP NoDataInBounds (field does not intersect FMASK)
[3030/3634] [3036] HLS.S30.T11SMC.2021218T182919.v2.0: SKIP NoDataInBounds (field does not intersect FMASK)
[3031/3634] [3023] HLS.S30.T10TEK.2021217T185919.v2.0: wrote 8 files
[3032/3634] [3024] HLS.S30.T10TDK.2021217T185919.v2.0: wrote 8 files
[3033/3634] [3038] HLS.S30.T11SMB.2021218T182919.v2.0: wrote 8 files
[3034/3634] [3040] HLS.L30.T11TMF.2021219T182626.v2.0: SKIP NoDataInBounds (field does not intersect FMASK)
[3035/3634] [3041] HLS.L30.T11SMD.2021219T182650.v2.0: SKIP NoDataInBounds (field does not intersect FMASK)
[3036/3634] [3042] HLS.L30.T11TME.2021219T182650.v2.0: SKIP NoDataInBounds (field does not intersect FMASK)
[3037/3634] [3026] HLS.S30.T10SEJ.2021217T185919.v2.0: wrote 8 files
[3038/3634] [3030] HLS.S30.T10SEG.2021217T185919.v2.0: wrote 8 files
[3039/3634] [3044] HLS.L30.T11SLD.2021219T182714.v2.0: SKIP NoDataInBounds (field does not intersect FMASK)
[3040/3634] [3045] HLS.L30.T11SMC.2021219T182714.v2.0: SKIP NoDataInBounds (field does not intersect FMASK)
[3041/3634] [3029] HLS.S30.T10SDH.2021217T185919.v2.0: wrote 8 files
[3042/3634] [3048] HLS.S30.T11TLG.2021219T184921.v2.0: SKIP NoDataInBounds (field does not intersect FMASK)
[3043/3634] [3027] HLS.S30.T10SDJ.2021217T185919.v2.0: wrote 8 files
[3044/3634] [3037] HLS.S30.T11SLC.2021218T182919.v2.0: wrote 8 files
[3045/3634] [3028] HLS.S30.T10SEH.2021217T185919.v2.0: wrote 8 files
[3046/3634] [3039] HLS.S30.T11SLB.2021218T182919.v2.0: wrote 8 files
[3047/3634] [3053] HLS.S30.T11TLF.2021219T184921.v2.0: SKIP NoDataInBounds (field does not intersect FMASK)
[3048/3634] [3047] HLS.L30.T11SMB.2021219T182738.v2.0: wrote 8 files
[3049/3634] [3049] HLS.S30.T10TGM.2021219T184921.v2.0: wrote 8 files
[3050/3634] [3043] HLS.L30.T11SLC.2021219T182714.v2.0: wrote 8 files
[3051/3634] [3057] HLS.S30.T11TLE.2021219T184921.v2.0: SKIP NoDataInBounds (field does not intersect FMASK)
[3052/3634] [3050] HLS.S30.T11TKG.2021219T184921.v2.0: wrote 8 files
[3053/3634] [3046] HLS.L30.T11SLB.2021219T182738.v2.0: wrote 8 files
[3054/3634] [3051] HLS.S30.T10TFM.2021219T184921.v2.0: wrote 8 files
[3055/3634] [3052] HLS.S30.T10TEM.2021219T184921.v2.0: wrote 8 files
[3056/3634] [3055] HLS.S30.T10TGL.2021219T184921.v2.0: wrote 8 files
[3057/3634] [3054] HLS.S30.T11TKF.2021219T184921.v2.0: wrote 8 files
[3058/3634] [3059] HLS.S30.T11TKE.2021219T184921.v2.0: wrote 8 files
[3059/3634] [3060] HLS.S30.T10TGK.2021219T184921.v2.0: wrote 8 files
[3060/3634] [3056] HLS.S30.T10TFL.2021219T184921.v2.0: wrote 8 files
[3061/3634] [3058] HLS.S30.T10TEL.2021219T184921.v2.0: wrote 8 files
[3062/3634] [3063] HLS.S30.T11SKD.2021219T184921.v2.0: wrote 8 files
[3063/3634] [3061] HLS.S30.T10TFK.2021219T184921.v2.0: wrote 8 files
[3064/3634] [3064] HLS.S30.T10SGJ.2021219T184921.v2.0: wrote 8 files
[3065/3634] [3062] HLS.S30.T10TEK.2021219T184921.v2.0: wrote 8 files
[3066/3634] [3065] HLS.S30.T10SFJ.2021219T184921.v2.0: wrote 8 files
[3067/3634] [3067] HLS.S30.T10SDJ.2021219T184921.v2.0: wrote 8 files
[3068/3634] [3066] HLS.S30.T10SEJ.2021219T184921.v2.0: wrote 8 files
[3069/3634] [3068] HLS.S30.T11SKC.2021219T184921.v2.0: wrote 8 files
[3070/3634] [3069] HLS.S30.T10SGH.2021219T184921.v2.0: wrote 8 files
[3071/3634] [3077] HLS.S30.T10SDG.2021219T184921.v2.0: SKIP NoDataInBounds (field does not intersect FMASK)
[3072/3634] [3072] HLS.S30.T10SDH.2021219T184921.v2.0: wrote 8 files
[3073/3634] [3073] HLS.S30.T11SKB.2021219T184921.v2.0: wrote 8 files
[3074/3634] [3070] HLS.S30.T10SFH.2021219T184921.v2.0: wrote 8 files
[3075/3634] [3071] HLS.S30.T10SEH.2021219T184921.v2.0: wrote 8 files
[3076/3634] [3079] HLS.S30.T10TCM.2021220T190919.v2.0: wrote 8 files
[3077/3634] [3083] HLS.S30.T11TMG.2021221T183919.v2.0: SKIP NoDataInBounds (field does not intersect FMASK)
[3078/3634] [3084] HLS.S30.T11TLG.2021221T183919.v2.0: SKIP NoDataInBounds (field does not intersect FMASK)
[3079/3634] [3074] HLS.S30.T10SGG.2021219T184921.v2.0: wrote 8 files
[3080/3634] [3075] HLS.S30.T10SFG.2021219T184921.v2.0: wrote 8 files
[3081/3634] [3087] HLS.S30.T11TMF.2021221T183919.v2.0: SKIP NoDataInBounds (field does not intersect FMASK)
[3082/3634] [3088] HLS.S30.T11TLF.2021221T183919.v2.0: SKIP NoDataInBounds (field does not intersect FMASK)
[3083/3634] [3076] HLS.S30.T10SEG.2021219T184921.v2.0: wrote 8 files
[3084/3634] [3082] HLS.S30.T10TCK.2021220T190919.v2.0: wrote 8 files
[3085/3634] [3091] HLS.S30.T11TME.2021221T183919.v2.0: SKIP NoDataInBounds (field does not intersect FMASK)
[3086/3634] [3092] HLS.S30.T11TLE.2021221T183919.v2.0: SKIP NoDataInBounds (field does not intersect FMASK)
[3087/3634] [3078] HLS.S30.T10TDM.2021220T190919.v2.0: wrote 8 files
[3088/3634] [3081] HLS.S30.T10TCL.2021220T190919.v2.0: wrote 8 files
[3089/3634] [3095] HLS.S30.T11SMD.2021221T183919.v2.0: SKIP NoDataInBounds (field does not intersect FMASK)
[3090/3634] [3085] HLS.S30.T10TGM.2021221T183919.v2.0: wrote 8 files
[3091/3634] [3096] HLS.S30.T11SLD.2021221T183919.v2.0: SKIP NoDataInBounds (field does not intersect FMASK)
[3092/3634] [3086] HLS.S30.T11TKG.2021221T183919.v2.0: wrote 8 files
[3093/3634] [3099] HLS.S30.T11SMC.2021221T183919.v2.0: SKIP NoDataInBounds (field does not intersect FMASK)
[3094/3634] [3089] HLS.S30.T11TKF.2021221T183919.v2.0: wrote 8 files
[3095/3634] [3090] HLS.S30.T10TGL.2021221T183919.v2.0: wrote 8 files
[3096/3634] [3080] HLS.S30.T10TDL.2021220T190919.v2.0: wrote 8 files
[3097/3634] [3093] HLS.S30.T11TKE.2021221T183919.v2.0: wrote 8 files
[3098/3634] [3094] HLS.S30.T10TGK.2021221T183919.v2.0: wrote 8 files
[3099/3634] [3097] HLS.S30.T11SKD.2021221T183919.v2.0: wrote 8 files
[3100/3634] [3105] HLS.S30.T11SMB.2021221T183919.v2.0: wrote 8 files
[3101/3634] [3098] HLS.S30.T10SGJ.2021221T183919.v2.0: wrote 8 files
[3102/3634] [3101] HLS.S30.T11SLC.2021221T183919.v2.0: wrote 8 files
[3103/3634] [3100] HLS.S30.T10SFJ.2021221T183919.v2.0: wrote 8 files
[3104/3634] [3102] HLS.S30.T11SKC.2021221T183919.v2.0: wrote 8 files
[3105/3634] [3106] HLS.S30.T11SLB.2021221T183919.v2.0: wrote 8 files
[3106/3634] [3104] HLS.S30.T10SFH.2021221T183919.v2.0: wrote 8 files
[3107/3634] [3103] HLS.S30.T10SGH.2021221T183919.v2.0: wrote 8 files
[3108/3634] [3107] HLS.S30.T11SKB.2021221T183919.v2.0: wrote 8 files
[3109/3634] [3109] HLS.S30.T10SFG.2021221T183919.v2.0: wrote 8 files
[3110/3634] [3113] HLS.L30.T10TCM.2021222T185721.v2.0: wrote 8 files
[3111/3634] [3110] HLS.L30.T10TEM.2021222T185658.v2.0: wrote 8 files
[3112/3634] [3108] HLS.S30.T10SGG.2021221T183919.v2.0: wrote 8 files
[3113/3634] [3114] HLS.L30.T10TCL.2021222T185721.v2.0: wrote 8 files
[3114/3634] [3116] HLS.L30.T10TCK.2021222T185745.v2.0: wrote 8 files
[3115/3634] [3111] HLS.L30.T10TDM.2021222T185658.v2.0: wrote 8 files
[3116/3634] [3112] HLS.L30.T10TEL.2021222T185721.v2.0: wrote 8 files
[3117/3634] [3119] HLS.L30.T10SDH.2021222T185809.v2.0: wrote 8 files
[3118/3634] [3123] HLS.S30.T10TCM.2021222T185921.v2.0: wrote 8 files
[3119/3634] [3118] HLS.L30.T10SDJ.2021222T185745.v2.0: wrote 8 files
[3120/3634] [3120] HLS.S30.T10TFM.2021222T185921.v2.0: wrote 8 files
[3121/3634] [3115] HLS.L30.T10TDL.2021222T185721.v2.0: wrote 8 files
[3122/3634] [3121] HLS.S30.T10TEM.2021222T185921.v2.0: wrote 8 files
[3123/3634] [3117] HLS.L30.T10TDK.2021222T185745.v2.0: wrote 8 files
[3124/3634] [3122] HLS.S30.T10TDM.2021222T185921.v2.0: wrote 8 files
[3125/3634] [3128] HLS.S30.T10TCL.2021222T185921.v2.0: wrote 8 files
[3126/3634] [3131] HLS.S30.T10TCK.2021222T185921.v2.0: wrote 8 files
[3127/3634] [3124] HLS.S30.T10TFL.2021222T185921.v2.0: wrote 8 files
[3128/3634] [3127] HLS.S30.T10TFK.2021222T185921.v2.0: wrote 8 files
[3129/3634] [3126] HLS.S30.T10TDL.2021222T185921.v2.0: wrote 8 files
[3130/3634] [3125] HLS.S30.T10TEL.2021222T185921.v2.0: wrote 8 files
[3131/3634] [3137] HLS.S30.T10SDG.2021222T185921.v2.0: SKIP NoDataInBounds (field does not intersect FMASK)
[3132/3634] [3138] HLS.S30.T11TMF.2021223T182921.v2.0: SKIP NoDataInBounds (field does not intersect FMASK)
[3133/3634] [3139] HLS.S30.T11TME.2021223T182921.v2.0: SKIP NoDataInBounds (field does not intersect FMASK)
[3134/3634] [3140] HLS.S30.T11SMD.2021223T182921.v2.0: SKIP NoDataInBounds (field does not intersect FMASK)
[3135/3634] [3141] HLS.S30.T11SLD.2021223T182921.v2.0: SKIP NoDataInBounds (field does not intersect FMASK)
[3136/3634] [3142] HLS.S30.T11SMC.2021223T182921.v2.0: SKIP NoDataInBounds (field does not intersect FMASK)
[3137/3634] [3129] HLS.S30.T10TEK.2021222T185921.v2.0: wrote 8 files
[3138/3634] [3130] HLS.S30.T10TDK.2021222T185921.v2.0: wrote 8 files
[3139/3634] [3144] HLS.S30.T11SMB.2021223T182921.v2.0: wrote 8 files
[3140/3634] [3133] HLS.S30.T10SDJ.2021222T185921.v2.0: wrote 8 files
[3141/3634] [3132] HLS.S30.T10SEJ.2021222T185921.v2.0: wrote 8 files
[3142/3634] [3136] HLS.S30.T10SEG.2021222T185921.v2.0: wrote 8 files
[3143/3634] [3135] HLS.S30.T10SDH.2021222T185921.v2.0: wrote 8 files
[3144/3634] [3143] HLS.S30.T11SLC.2021223T182921.v2.0: wrote 8 files
[3145/3634] [3134] HLS.S30.T10SEH.2021222T185921.v2.0: wrote 8 files
[3146/3634] [3145] HLS.S30.T11SLB.2021223T182921.v2.0: wrote 8 files
[3147/3634] [3147] HLS.L30.T10TGM.2021224T184437.v2.0: wrote 8 files
[3148/3634] [3146] HLS.L30.T11TKG.2021224T184437.v2.0: wrote 8 files
[3149/3634] [3148] HLS.L30.T10TGL.2021224T184501.v2.0: wrote 8 files
[3150/3634] [3150] HLS.L30.T11TKF.2021224T184501.v2.0: wrote 8 files
[3151/3634] [3149] HLS.L30.T10TFM.2021224T184501.v2.0: wrote 8 files
[3152/3634] [3152] HLS.L30.T10TEM.2021224T184501.v2.0: wrote 8 files
[3153/3634] [3154] HLS.L30.T10TGK.2021224T184524.v2.0: wrote 8 files
[3154/3634] [3155] HLS.L30.T11TKE.2021224T184524.v2.0: wrote 8 files
[3155/3634] [3151] HLS.L30.T10TEL.2021224T184501.v2.0: wrote 8 files
[3156/3634] [3153] HLS.L30.T10TFL.2021224T184501.v2.0: wrote 8 files
[3157/3634] [3159] HLS.L30.T11SKD.2021224T184524.v2.0: wrote 8 files
[3158/3634] [3156] HLS.L30.T10SFJ.2021224T184524.v2.0: wrote 8 files
[3159/3634] [3158] HLS.L30.T10SEJ.2021224T184524.v2.0: wrote 8 files
[3160/3634] [3157] HLS.L30.T10TFK.2021224T184524.v2.0: wrote 8 files
[3161/3634] [3166] HLS.L30.T10SDG.2021224T184612.v2.0: SKIP NoDataInBounds (field does not intersect FMASK)
[3162/3634] [3160] HLS.L30.T10SGJ.2021224T184524.v2.0: wrote 8 files
[3163/3634] [3169] HLS.S30.T11TLG.2021224T184919.v2.0: SKIP NoDataInBounds (field does not intersect FMASK)
[3164/3634] [3161] HLS.L30.T10TEK.2021224T184524.v2.0: wrote 8 files
[3165/3634] [3162] HLS.L30.T10SGH.2021224T184548.v2.0: wrote 8 files
[3166/3634] [3163] HLS.L30.T10SDH.2021224T184548.v2.0: wrote 8 files
[3167/3634] [3170] HLS.S30.T10TGM.2021224T184919.v2.0: wrote 8 files
[3168/3634] [3174] HLS.S30.T11TLF.2021224T184919.v2.0: SKIP NoDataInBounds (field does not intersect FMASK)
[3169/3634] [3168] HLS.L30.T10SEG.2021224T184612.v2.0: wrote 8 files
[3170/3634] [3164] HLS.L30.T10SFH.2021224T184548.v2.0: wrote 8 files
[3171/3634] [3167] HLS.L30.T10SFG.2021224T184612.v2.0: wrote 8 files
[3172/3634] [3171] HLS.S30.T11TKG.2021224T184919.v2.0: wrote 8 files
[3173/3634] [3178] HLS.S30.T11TLE.2021224T184919.v2.0: SKIP NoDataInBounds (field does not intersect FMASK)
[3174/3634] [3165] HLS.L30.T10SEH.2021224T184548.v2.0: wrote 8 files
[3175/3634] [3173] HLS.S30.T10TEM.2021224T184919.v2.0: wrote 8 files
[3176/3634] [3172] HLS.S30.T10TFM.2021224T184919.v2.0: wrote 8 files
[3177/3634] [3175] HLS.S30.T11TKF.2021224T184919.v2.0: wrote 8 files
[3178/3634] [3176] HLS.S30.T10TGL.2021224T184919.v2.0: wrote 8 files
[3179/3634] [3180] HLS.S30.T11TKE.2021224T184919.v2.0: wrote 8 files
[3180/3634] [3181] HLS.S30.T10TGK.2021224T184919.v2.0: wrote 8 files
[3181/3634] [3179] HLS.S30.T10TEL.2021224T184919.v2.0: wrote 8 files
[3182/3634] [3177] HLS.S30.T10TFL.2021224T184919.v2.0: wrote 8 files
[3183/3634] [3184] HLS.S30.T11SKD.2021224T184919.v2.0: wrote 8 files
[3184/3634] [3182] HLS.S30.T10TFK.2021224T184919.v2.0: wrote 8 files
[3185/3634] [3183] HLS.S30.T10TEK.2021224T184919.v2.0: wrote 8 files
[3186/3634] [3185] HLS.S30.T10SGJ.2021224T184919.v2.0: wrote 8 files
[3187/3634] [3186] HLS.S30.T10SFJ.2021224T184919.v2.0: wrote 8 files
[3188/3634] [3187] HLS.S30.T10SEJ.2021224T184919.v2.0: wrote 8 files
[3189/3634] [3188] HLS.S30.T10SDJ.2021224T184919.v2.0: wrote 8 files
[3190/3634] [3189] HLS.S30.T11SKC.2021224T184919.v2.0: wrote 8 files
[3191/3634] [3190] HLS.S30.T10SGH.2021224T184919.v2.0: wrote 8 files
[3192/3634] [3193] HLS.S30.T10SDH.2021224T184919.v2.0: wrote 8 files
[3193/3634] [3198] HLS.S30.T10SDG.2021224T184919.v2.0: SKIP NoDataInBounds (field does not intersect FMASK)
[3194/3634] [3191] HLS.S30.T10SFH.2021224T184919.v2.0: wrote 8 files
[3195/3634] [3192] HLS.S30.T10SEH.2021224T184919.v2.0: wrote 8 files
[3196/3634] [3194] HLS.S30.T11SKB.2021224T184919.v2.0: wrote 8 files
[3197/3634] [3200] HLS.S30.T10TCM.2021225T190921.v2.0: wrote 8 files
[3198/3634] [3195] HLS.S30.T10SGG.2021224T184919.v2.0: wrote 8 files
[3199/3634] [3205] HLS.L30.T11TMG.2021226T183216.v2.0: SKIP NoDataInBounds (field does not intersect FMASK)
[3200/3634] [3206] HLS.L30.T11TLG.2021226T183240.v2.0: SKIP NoDataInBounds (field does not intersect FMASK)
[3201/3634] [3207] HLS.L30.T11TLF.2021226T183240.v2.0: SKIP NoDataInBounds (field does not intersect FMASK)
[3202/3634] [3208] HLS.L30.T11TMF.2021226T183240.v2.0: SKIP NoDataInBounds (field does not intersect FMASK)
[3203/3634] [3209] HLS.L30.T11TME.2021226T183303.v2.0: SKIP NoDataInBounds (field does not intersect FMASK)
[3204/3634] [3196] HLS.S30.T10SFG.2021224T184919.v2.0: wrote 8 files
[3205/3634] [3211] HLS.L30.T11SLD.2021226T183303.v2.0: SKIP NoDataInBounds (field does not intersect FMASK)
[3206/3634] [3212] HLS.L30.T11SMD.2021226T183303.v2.0: SKIP NoDataInBounds (field does not intersect FMASK)
[3207/3634] [3197] HLS.S30.T10SEG.2021224T184919.v2.0: wrote 8 files
[3208/3634] [3214] HLS.L30.T11TLE.2021226T183303.v2.0: SKIP NoDataInBounds (field does not intersect FMASK)
[3209/3634] [3204] HLS.S30.T10TCK.2021225T190921.v2.0: wrote 8 files
[3210/3634] [3202] HLS.S30.T10TCL.2021225T190921.v2.0: wrote 8 files
[3211/3634] [3199] HLS.S30.T10TDM.2021225T190921.v2.0: wrote 8 files
[3212/3634] [3210] HLS.L30.T11TKE.2021226T183303.v2.0: wrote 8 files
[3213/3634] [3219] HLS.L30.T11SMC.2021226T183327.v2.0: SKIP NoDataInBounds (field does not intersect FMASK)
[3214/3634] [3213] HLS.L30.T10TGK.2021226T183303.v2.0: wrote 8 files
[3215/3634] [3203] HLS.S30.T10TDK.2021225T190921.v2.0: wrote 8 files
[3216/3634] [3201] HLS.S30.T10TDL.2021225T190921.v2.0: wrote 8 files
[3217/3634] [3215] HLS.L30.T11SKD.2021226T183303.v2.0: wrote 8 files
[3218/3634] [3217] HLS.L30.T11SLC.2021226T183327.v2.0: wrote 8 files
[3219/3634] [3225] HLS.S30.T11TMG.2021226T183921.v2.0: SKIP NoDataInBounds (field does not intersect FMASK)
[3220/3634] [3226] HLS.S30.T11TLG.2021226T183921.v2.0: SKIP NoDataInBounds (field does not intersect FMASK)
[3221/3634] [3221] HLS.L30.T11SMB.2021226T183351.v2.0: wrote 8 files
[3222/3634] [3216] HLS.L30.T10SGJ.2021226T183327.v2.0: wrote 8 files
[3223/3634] [3229] HLS.S30.T11TMF.2021226T183921.v2.0: SKIP NoDataInBounds (field does not intersect FMASK)
[3224/3634] [3230] HLS.S30.T11TLF.2021226T183921.v2.0: SKIP NoDataInBounds (field does not intersect FMASK)
[3225/3634] [3227] HLS.S30.T10TGM.2021226T183921.v2.0: wrote 8 files
[3226/3634] [3218] HLS.L30.T11SKC.2021226T183327.v2.0: wrote 8 files
[3227/3634] [3233] HLS.S30.T11TME.2021226T183921.v2.0: SKIP NoDataInBounds (field does not intersect FMASK)
[3228/3634] [3234] HLS.S30.T11TLE.2021226T183921.v2.0: SKIP NoDataInBounds (field does not intersect FMASK)
[3229/3634] [3228] HLS.S30.T11TKG.2021226T183921.v2.0: wrote 8 files
[3230/3634] [3223] HLS.L30.T11SKB.2021226T183351.v2.0: wrote 8 files
[3231/3634] [3237] HLS.S30.T11SMD.2021226T183921.v2.0: SKIP NoDataInBounds (field does not intersect FMASK)
[3232/3634] [3238] HLS.S30.T11SLD.2021226T183921.v2.0: SKIP NoDataInBounds (field does not intersect FMASK)
[3233/3634] [3222] HLS.L30.T11SLB.2021226T183351.v2.0: wrote 8 files
[3234/3634] [3224] HLS.L30.T10SGG.2021226T183351.v2.0: wrote 8 files
[3235/3634] [3241] HLS.S30.T11SMC.2021226T183921.v2.0: SKIP NoDataInBounds (field does not intersect FMASK)
[3236/3634] [3220] HLS.L30.T10SGH.2021226T183327.v2.0: wrote 8 files
[3237/3634] [3231] HLS.S30.T11TKF.2021226T183921.v2.0: wrote 8 files
[3238/3634] [3232] HLS.S30.T10TGL.2021226T183921.v2.0: wrote 8 files
[3239/3634] [3235] HLS.S30.T11TKE.2021226T183921.v2.0: wrote 8 files
[3240/3634] [3236] HLS.S30.T10TGK.2021226T183921.v2.0: wrote 8 files
[3241/3634] [3239] HLS.S30.T11SKD.2021226T183921.v2.0: wrote 8 files
[3242/3634] [3243] HLS.S30.T11SLC.2021226T183921.v2.0: wrote 8 files
[3243/3634] [3247] HLS.S30.T11SMB.2021226T183921.v2.0: wrote 8 files
[3244/3634] [3240] HLS.S30.T10SGJ.2021226T183921.v2.0: wrote 8 files
[3245/3634] [3242] HLS.S30.T10SFJ.2021226T183921.v2.0: wrote 8 files
[3246/3634] [3244] HLS.S30.T11SKC.2021226T183921.v2.0: wrote 8 files
[3247/3634] [3246] HLS.S30.T10SFH.2021226T183921.v2.0: wrote 8 files
[3248/3634] [3248] HLS.S30.T11SLB.2021226T183921.v2.0: wrote 8 files
[3249/3634] [3245] HLS.S30.T10SGH.2021226T183921.v2.0: wrote 8 files
[3250/3634] [3249] HLS.S30.T11SKB.2021226T183921.v2.0: wrote 8 files
[3251/3634] [3252] HLS.S30.T10TFM.2021227T185919.v2.0: wrote 8 files
[3252/3634] [3251] HLS.S30.T10SFG.2021226T183921.v2.0: wrote 8 files
[3253/3634] [3250] HLS.S30.T10SGG.2021226T183921.v2.0: wrote 8 files
[3254/3634] [3255] HLS.S30.T10TCM.2021227T185919.v2.0: wrote 8 files
[3255/3634] [3253] HLS.S30.T10TEM.2021227T185919.v2.0: wrote 8 files
[3256/3634] [3260] HLS.S30.T10TCL.2021227T185919.v2.0: wrote 8 files
[3257/3634] [3254] HLS.S30.T10TDM.2021227T185919.v2.0: wrote 8 files
[3258/3634] [3256] HLS.S30.T10TFL.2021227T185919.v2.0: wrote 8 files
[3259/3634] [3263] HLS.S30.T10TCK.2021227T185919.v2.0: wrote 8 files
[3260/3634] [3259] HLS.S30.T10TFK.2021227T185919.v2.0: wrote 8 files
[3261/3634] [3257] HLS.S30.T10TEL.2021227T185919.v2.0: wrote 8 files
[3262/3634] [3268] HLS.S30.T10SDG.2021227T185919.v2.0: SKIP NoDataInBounds (field does not intersect FMASK)
[3263/3634] [3269] HLS.S30.T11TMF.2021228T182919.v2.0: SKIP NoDataInBounds (field does not intersect FMASK)
[3264/3634] [3270] HLS.S30.T11TME.2021228T182919.v2.0: SKIP NoDataInBounds (field does not intersect FMASK)
[3265/3634] [3271] HLS.S30.T11SMD.2021228T182919.v2.0: SKIP NoDataInBounds (field does not intersect FMASK)
[3266/3634] [3272] HLS.S30.T11SLD.2021228T182919.v2.0: SKIP NoDataInBounds (field does not intersect FMASK)
[3267/3634] [3273] HLS.S30.T11SMC.2021228T182919.v2.0: SKIP NoDataInBounds (field does not intersect FMASK)
[3268/3634] [3258] HLS.S30.T10TDL.2021227T185919.v2.0: wrote 8 files
[3269/3634] [3261] HLS.S30.T10TEK.2021227T185919.v2.0: wrote 8 files
[3270/3634] [3275] HLS.S30.T11SMB.2021228T182919.v2.0: wrote 8 files
[3271/3634] [3277] HLS.S30.T11TLG.2021229T184921.v2.0: SKIP NoDataInBounds (field does not intersect FMASK)
[3272/3634] [3262] HLS.S30.T10TDK.2021227T185919.v2.0: wrote 8 files
[3273/3634] [3264] HLS.S30.T10SEJ.2021227T185919.v2.0: wrote 8 files
[3274/3634] [3267] HLS.S30.T10SDH.2021227T185919.v2.0: wrote 8 files
[3275/3634] [3274] HLS.S30.T11SLC.2021228T182919.v2.0: wrote 8 files
[3276/3634] [3282] HLS.S30.T11TLF.2021229T184921.v2.0: SKIP NoDataInBounds (field does not intersect FMASK)
[3277/3634] [3265] HLS.S30.T10SDJ.2021227T185919.v2.0: wrote 8 files
[3278/3634] [3276] HLS.S30.T11SLB.2021228T182919.v2.0: wrote 8 files
[3279/3634] [3266] HLS.S30.T10SEH.2021227T185919.v2.0: wrote 8 files
[3280/3634] [3278] HLS.S30.T10TGM.2021229T184921.v2.0: wrote 8 files
[3281/3634] [3279] HLS.S30.T11TKG.2021229T184921.v2.0: wrote 8 files
[3282/3634] [3288] HLS.S30.T11TLE.2021229T184921.v2.0: SKIP NoDataInBounds (field does not intersect FMASK)
[3283/3634] [3287] HLS.L30.T10TCM.2021229T190311.v2.0: wrote 8 files
[3284/3634] [3283] HLS.S30.T11TKF.2021229T184921.v2.0: wrote 8 files
[3285/3634] [3280] HLS.S30.T10TFM.2021229T184921.v2.0: wrote 8 files
[3286/3634] [3281] HLS.S30.T10TEM.2021229T184921.v2.0: wrote 8 files
[3287/3634] [3284] HLS.S30.T10TGL.2021229T184921.v2.0: wrote 8 files
[3288/3634] [3286] HLS.L30.T10TDM.2021229T190311.v2.0: wrote 8 files
[3289/3634] [3290] HLS.S30.T11TKE.2021229T184921.v2.0: wrote 8 files
[3290/3634] [3291] HLS.S30.T10TGK.2021229T184921.v2.0: wrote 8 files
[3291/3634] [3285] HLS.S30.T10TFL.2021229T184921.v2.0: wrote 8 files
[3292/3634] [3294] HLS.S30.T11SKD.2021229T184921.v2.0: wrote 8 files
[3293/3634] [3289] HLS.S30.T10TEL.2021229T184921.v2.0: wrote 8 files
[3294/3634] [3296] HLS.L30.T10TCL.2021229T190334.v2.0: wrote 8 files
[3295/3634] [3292] HLS.S30.T10TFK.2021229T184921.v2.0: wrote 8 files
[3296/3634] [3295] HLS.S30.T10SGJ.2021229T184921.v2.0: wrote 8 files
[3297/3634] [3293] HLS.S30.T10TEK.2021229T184921.v2.0: wrote 8 files
[3298/3634] [3299] HLS.S30.T10SDJ.2021229T184921.v2.0: wrote 8 files
[3299/3634] [3297] HLS.S30.T10SFJ.2021229T184921.v2.0: wrote 8 files
[3300/3634] [3298] HLS.S30.T10SEJ.2021229T184921.v2.0: wrote 8 files
[3301/3634] [3304] HLS.S30.T10SDH.2021229T184921.v2.0: wrote 8 files
[3302/3634] [3300] HLS.S30.T11SKC.2021229T184921.v2.0: wrote 8 files
[3303/3634] [3309] HLS.S30.T10SDG.2021229T184921.v2.0: SKIP NoDataInBounds (field does not intersect FMASK)
[3304/3634] [3301] HLS.S30.T10SGH.2021229T184921.v2.0: wrote 8 files
[3305/3634] [3302] HLS.S30.T10SFH.2021229T184921.v2.0: wrote 8 files
[3306/3634] [3303] HLS.S30.T10SEH.2021229T184921.v2.0: wrote 8 files
[3307/3634] [3311] HLS.S30.T10TCM.2021230T190919.v2.0: wrote 8 files
[3308/3634] [3305] HLS.S30.T11SKB.2021229T184921.v2.0: wrote 8 files
[3309/3634] [3306] HLS.S30.T10SGG.2021229T184921.v2.0: wrote 8 files
[3310/3634] [3308] HLS.S30.T10SEG.2021229T184921.v2.0: wrote 8 files
[3311/3634] [3307] HLS.S30.T10SFG.2021229T184921.v2.0: wrote 8 files
[3312/3634] [3310] HLS.S30.T10TDM.2021230T190919.v2.0: wrote 8 files
[3313/3634] [3313] HLS.S30.T10TCL.2021230T190919.v2.0: wrote 8 files
[3314/3634] [3315] HLS.S30.T10TCK.2021230T190919.v2.0: wrote 8 files
[3315/3634] [3314] HLS.S30.T10TDK.2021230T190919.v2.0: wrote 8 files
[3316/3634] [3316] HLS.L30.T10TFM.2021231T185050.v2.0: wrote 8 files
[3317/3634] [3312] HLS.S30.T10TDL.2021230T190919.v2.0: wrote 8 files
[3318/3634] [3317] HLS.L30.T10TEM.2021231T185050.v2.0: wrote 8 files
[3319/3634] [3320] HLS.L30.T10TDM.2021231T185113.v2.0: wrote 8 files
[3320/3634] [3319] HLS.L30.T10TFL.2021231T185113.v2.0: wrote 8 files
[3321/3634] [3318] HLS.L30.T10TEL.2021231T185113.v2.0: wrote 8 files
[3322/3634] [3321] HLS.L30.T10TDL.2021231T185113.v2.0: wrote 8 files
[3323/3634] [3322] HLS.L30.T10TFK.2021231T185137.v2.0: wrote 8 files
[3324/3634] [3323] HLS.L30.T10TEK.2021231T185137.v2.0: wrote 8 files
[3325/3634] [3331] HLS.L30.T10SDG.2021231T185225.v2.0: SKIP NoDataInBounds (field does not intersect FMASK)
[3326/3634] [3332] HLS.S30.T11TMG.2021231T183919.v2.0: SKIP NoDataInBounds (field does not intersect FMASK)
