Total granules found(the length of results): 335


[['https://data.lpdaac.earthdatacloud.nasa.gov/lp-prod-protected/HLSS30.020/HLS.S30.T10TFM.2021092T185921.v2.0/HLS.S30.T10TFM.2021092T185921.v2.0.B05.tif', 'https://data.lpdaac.earthdatacloud.nasa.gov/lp-prod-protected/HLSS30.020/HLS.S30.T10TFM.2021092T185921.v2.0/HLS.S30.T10TFM.2021092T185921.v2.0.SAA.tif', 'https://data.lpdaac.earthdatacloud.nasa.gov/lp-prod-protected/HLSS30.020/HLS.S30.T10TFM.2021092T185921.v2.0/HLS.S30.T10TFM.2021092T185921.v2.0.B8A.tif', 'https://data.lpdaac.earthdatacloud.nasa.gov/lp-prod-protected/HLSS30.020/HLS.S30.T10TFM.2021092T185921.v2.0/HLS.S30.T10TFM.2021092T185921.v2.0.B12.tif', 'https://data.lpdaac.earthdatacloud.nasa.gov/lp-prod-protected/HLSS30.020/HLS.S30.T10TFM.2021092T185921.v2.0/HLS.S30.T10TFM.2021092T185921.v2.0.B07.tif', 'https://data.lpdaac.earthdatacloud.nasa.gov/lp-prod-protected/HLSS30.020/HLS.S30.T10TFM.2021092T185921.v2.0/HLS.S30.T10TFM.2021092T185921.v2.0.Fmask.tif', 'https://data.lpdaac.earthdatacloud.nasa.gov/lp-prod-protected/HLSS30.020/HLS.S30.T10TFM.2021092T185921.v2.0/HLS.S30.T10TFM.2021092T185921.v2.0.B01.tif', 'https://data.lpdaac.earthdatacloud.nasa.gov/lp-prod-protected/HLSS30.020/HLS.S30.T10TFM.2021092T185921.v2.0/HLS.S30.T10TFM.2021092T185921.v2.0.B04.tif', 'https://data.lpdaac.earthdatacloud.nasa.gov/lp-prod-protected/HLSS30.020/HLS.S30.T10TFM.2021092T185921.v2.0/HLS.S30.T10TFM.2021092T185921.v2.0.B09.tif', 'https://data.lpdaac.earthdatacloud.nasa.gov/lp-prod-protected/HLSS30.020/HLS.S30.T10TFM.2021092T185921.v2.0/HLS.S30.T10TFM.2021092T185921.v2.0.VZA.tif', 'https://data.lpdaac.earthdatacloud.nasa.gov/lp-prod-protected/HLSS30.020/HLS.S30.T10TFM.2021092T185921.v2.0/HLS.S30.T10TFM.2021092T185921.v2.0.B10.tif', 'https://data.lpdaac.earthdatacloud.nasa.gov/lp-prod-protected/HLSS30.020/HLS.S30.T10TFM.2021092T185921.v2.0/HLS.S30.T10TFM.2021092T185921.v2.0.B02.tif', 'https://data.lpdaac.earthdatacloud.nasa.gov/lp-prod-protected/HLSS30.020/HLS.S30.T10TFM.2021092T185921.v2.0/HLS.S30.T10TFM.2021092T185921.v2.0.B11.tif', 'https://data.lpdaac.earthdatacloud.nasa.gov/lp-prod-protected/HLSS30.020/HLS.S30.T10TFM.2021092T185921.v2.0/HLS.S30.T10TFM.2021092T185921.v2.0.B03.tif', 'https://data.lpdaac.earthdatacloud.nasa.gov/lp-prod-protected/HLSS30.020/HLS.S30.T10TFM.2021092T185921.v2.0/HLS.S30.T10TFM.2021092T185921.v2.0.SZA.tif', 'https://data.lpdaac.earthdatacloud.nasa.gov/lp-prod-protected/HLSS30.020/HLS.S30.T10TFM.2021092T185921.v2.0/HLS.S30.T10TFM.2021092T185921.v2.0.B08.tif', 'https://data.lpdaac.earthdatacloud.nasa.gov/lp-prod-protected/HLSS30.020/HLS.S30.T10TFM.2021092T185921.v2.0/HLS.S30.T10TFM.2021092T185921.v2.0.VAA.tif', 'https://data.lpdaac.earthdatacloud.nasa.gov/lp-prod-protected/HLSS30.020/HLS.S30.T10TFM.2021092T185921.v2.0/HLS.S30.T10TFM.2021092T185921.v2.0.B06.tif']]
Check the images by clicking on the links below:

['https://data.lpdaac.earthdatacloud.nasa.gov/lp-prod-public/HLSS30.020/HLS.S30.T10TFM.2021092T185921.v2.0/HLS.S30.T10TFM.2021092T185921.v2.0.jpg', 'https://data.lpdaac.earthdatacloud.nasa.gov/lp-prod-public/HLSS30.020/HLS.S30.T10TEM.2021092T185921.v2.0/HLS.S30.T10TEM.2021092T185921.v2.0.jpg']


True
if True is printed above then you are good to go



HLS.S30.T10TFM.2021092T185921.v2.0_EVI_cropped.tif
https://data.lpdaac.earthdatacloud.nasa.gov/lp-prod-protected/HLSS30.020/HLS.S30.T10TFM.2021092T185921.v2.0/HLS.S30.T10TFM.2021092T185921.v2.0.B8A.tif
https://data.lpdaac.earthdatacloud.nasa.gov/lp-prod-protected/HLSS30.020/HLS.S30.T10TFM.2021092T185921.v2.0/HLS.S30.T10TFM.2021092T185921.v2.0.Fmask.tif
https://data.lpdaac.earthdatacloud.nasa.gov/lp-prod-protected/HLSS30.020/HLS.S30.T10TFM.2021092T185921.v2.0/HLS.S30.T10TFM.2021092T185921.v2.0.B04.tif
https://data.lpdaac.earthdatacloud.nasa.gov/lp-prod-protected/HLSS30.020/HLS.S30.T10TFM.2021092T185921.v2.0/HLS.S30.T10TFM.2021092T185921.v2.0.B02.tif
Cropped
EVI Calculated
File: HLS.S30.T10TFM.2021092T185921.v2.0.B05 was entirely fill values and will not be exported.
HLS.S30.T10TEM.2021092T185921.v2.0_EVI_cropped.tif
HLS.S30.T10TEM.2021092T185921.v2.0_EVI_cropped.tif has already been processed and is available in this directory, moving to next file.
HLS.S30.T10TFL.2021092T185921.v2.0_EVI_cropped.tif
https://data.lpdaac.earthdatacloud.nasa.gov/lp-prod-protected/HLSS30.020/HLS.S30.T10TFL.2021092T185921.v2.0/HLS.S30.T10TFL.2021092T185921.v2.0.Fmask.tif
https://data.lpdaac.earthdatacloud.nasa.gov/lp-prod-protected/HLSS30.020/HLS.S30.T10TFL.2021092T185921.v2.0/HLS.S30.T10TFL.2021092T185921.v2.0.B02.tif
https://data.lpdaac.earthdatacloud.nasa.gov/lp-prod-protected/HLSS30.020/HLS.S30.T10TFL.2021092T185921.v2.0/HLS.S30.T10TFL.2021092T185921.v2.0.B04.tif
https://data.lpdaac.earthdatacloud.nasa.gov/lp-prod-protected/HLSS30.020/HLS.S30.T10TFL.2021092T185921.v2.0/HLS.S30.T10TFL.2021092T185921.v2.0.B8A.tif
Cropped
EVI Calculated
File: HLS.S30.T10TFL.2021092T185921.v2.0.Fmask was entirely fill values and will not be exported.
HLS.S30.T10TEL.2021092T185921.v2.0_EVI_cropped.tif
HLS.S30.T10TEL.2021092T185921.v2.0_EVI_cropped.tif has already been processed and is available in this directory, moving to next file.
HLS.L30.T10TEM.2021094T185636.v2.0_EVI_cropped.tif
HLS.L30.T10TEM.2021094T185636.v2.0_EVI_cropped.tif has already been processed and is available in this directory, moving to next file.
HLS.L30.T10TEL.2021094T185700.v2.0_EVI_cropped.tif
https://data.lpdaac.earthdatacloud.nasa.gov/lp-prod-protected/HLSL30.020/HLS.L30.T10TEL.2021094T185700.v2.0/HLS.L30.T10TEL.2021094T185700.v2.0.B05.tif
https://data.lpdaac.earthdatacloud.nasa.gov/lp-prod-protected/HLSL30.020/HLS.L30.T10TEL.2021094T185700.v2.0/HLS.L30.T10TEL.2021094T185700.v2.0.Fmask.tif
https://data.lpdaac.earthdatacloud.nasa.gov/lp-prod-protected/HLSL30.020/HLS.L30.T10TEL.2021094T185700.v2.0/HLS.L30.T10TEL.2021094T185700.v2.0.B02.tif
https://data.lpdaac.earthdatacloud.nasa.gov/lp-prod-protected/HLSL30.020/HLS.L30.T10TEL.2021094T185700.v2.0/HLS.L30.T10TEL.2021094T185700.v2.0.B04.tif
Cropped
EVI Calculated
File: HLS.L30.T10TEL.2021094T185700.v2.0.B05 was entirely fill values and will not be exported.
HLS.S30.T10TFM.2021094T184919.v2.0_EVI_cropped.tif
HLS.S30.T10TFM.2021094T184919.v2.0_EVI_cropped.tif has already been processed and is available in this directory, moving to next file.
HLS.S30.T10TEM.2021094T184919.v2.0_EVI_cropped.tif
HLS.S30.T10TEM.2021094T184919.v2.0_EVI_cropped.tif has already been processed and is available in this directory, moving to next file.
HLS.S30.T10TFL.2021094T184919.v2.0_EVI_cropped.tif
HLS.S30.T10TFL.2021094T184919.v2.0_EVI_cropped.tif has already been processed and is available in this directory, moving to next file.
HLS.S30.T10TEL.2021094T184919.v2.0_EVI_cropped.tif
HLS.S30.T10TEL.2021094T184919.v2.0_EVI_cropped.tif has already been processed and is available in this directory, moving to next file.
HLS.L30.T10TFL.2021096T184437.v2.0_EVI_cropped.tif
HLS.L30.T10TFL.2021096T184437.v2.0_EVI_cropped.tif has already been processed and is available in this directory, moving to next file.
HLS.L30.T10TFM.2021096T184437.v2.0_EVI_cropped.tif
HLS.L30.T10TFM.2021096T184437.v2.0_EVI_cropped.tif has already been processed and is available in this directory, moving to next file.
HLS.L30.T10TEL.2021096T184437.v2.0_EVI_cropped.tif
HLS.L30.T10TEL.2021096T184437.v2.0_EVI_cropped.tif has already been processed and is available in this directory, moving to next file.
HLS.L30.T10TEM.2021096T184437.v2.0_EVI_cropped.tif
HLS.L30.T10TEM.2021096T184437.v2.0_EVI_cropped.tif has already been processed and is available in this directory, moving to next file.
HLS.S30.T10TFM.2021097T185919.v2.0_EVI_cropped.tif
HLS.S30.T10TFM.2021097T185919.v2.0_EVI_cropped.tif has already been processed and is available in this directory, moving to next file.
HLS.S30.T10TEM.2021097T185919.v2.0_EVI_cropped.tif
HLS.S30.T10TEM.2021097T185919.v2.0_EVI_cropped.tif has already been processed and is available in this directory, moving to next file.
HLS.S30.T10TFL.2021097T185919.v2.0_EVI_cropped.tif
HLS.S30.T10TFL.2021097T185919.v2.0_EVI_cropped.tif has already been processed and is available in this directory, moving to next file.
HLS.S30.T10TEL.2021097T185919.v2.0_EVI_cropped.tif
HLS.S30.T10TEL.2021097T185919.v2.0_EVI_cropped.tif has already been processed and is available in this directory, moving to next file.
HLS.S30.T10TFM.2021099T184911.v2.0_EVI_cropped.tif
HLS.S30.T10TFM.2021099T184911.v2.0_EVI_cropped.tif has already been processed and is available in this directory, moving to next file.
HLS.S30.T10TEM.2021099T184911.v2.0_EVI_cropped.tif
HLS.S30.T10TEM.2021099T184911.v2.0_EVI_cropped.tif has already been processed and is available in this directory, moving to next file.
HLS.S30.T10TFL.2021099T184911.v2.0_EVI_cropped.tif
HLS.S30.T10TFL.2021099T184911.v2.0_EVI_cropped.tif has already been processed and is available in this directory, moving to next file.
HLS.S30.T10TEL.2021099T184911.v2.0_EVI_cropped.tif
HLS.S30.T10TEL.2021099T184911.v2.0_EVI_cropped.tif has already been processed and is available in this directory, moving to next file.
HLS.S30.T10TFM.2021102T185911.v2.0_EVI_cropped.tif
HLS.S30.T10TFM.2021102T185911.v2.0_EVI_cropped.tif has already been processed and is available in this directory, moving to next file.
HLS.S30.T10TEM.2021102T185911.v2.0_EVI_cropped.tif
HLS.S30.T10TEM.2021102T185911.v2.0_EVI_cropped.tif has already been processed and is available in this directory, moving to next file.
HLS.S30.T10TFL.2021102T185911.v2.0_EVI_cropped.tif
HLS.S30.T10TFL.2021102T185911.v2.0_EVI_cropped.tif has already been processed and is available in this directory, moving to next file.
HLS.S30.T10TEL.2021102T185911.v2.0_EVI_cropped.tif
HLS.S30.T10TEL.2021102T185911.v2.0_EVI_cropped.tif has already been processed and is available in this directory, moving to next file.
HLS.L30.T10TFM.2021103T185022.v2.0_EVI_cropped.tif
HLS.L30.T10TFM.2021103T185022.v2.0_EVI_cropped.tif has already been processed and is available in this directory, moving to next file.
HLS.L30.T10TEM.2021103T185022.v2.0_EVI_cropped.tif
HLS.L30.T10TEM.2021103T185022.v2.0_EVI_cropped.tif has already been processed and is available in this directory, moving to next file.
HLS.L30.T10TEL.2021103T185045.v2.0_EVI_cropped.tif
HLS.L30.T10TEL.2021103T185045.v2.0_EVI_cropped.tif has already been processed and is available in this directory, moving to next file.
HLS.L30.T10TFL.2021103T185045.v2.0_EVI_cropped.tif
HLS.L30.T10TFL.2021103T185045.v2.0_EVI_cropped.tif has already been processed and is available in this directory, moving to next file.
HLS.S30.T10TFM.2021104T184919.v2.0_EVI_cropped.tif
HLS.S30.T10TFM.2021104T184919.v2.0_EVI_cropped.tif has already been processed and is available in this directory, moving to next file.
HLS.S30.T10TEM.2021104T184919.v2.0_EVI_cropped.tif
HLS.S30.T10TEM.2021104T184919.v2.0_EVI_cropped.tif has already been processed and is available in this directory, moving to next file.
HLS.S30.T10TFL.2021104T184919.v2.0_EVI_cropped.tif
HLS.S30.T10TFL.2021104T184919.v2.0_EVI_cropped.tif has already been processed and is available in this directory, moving to next file.
HLS.S30.T10TEL.2021104T184919.v2.0_EVI_cropped.tif
HLS.S30.T10TEL.2021104T184919.v2.0_EVI_cropped.tif has already been processed and is available in this directory, moving to next file.
HLS.S30.T10TFM.2021107T185909.v2.0_EVI_cropped.tif
HLS.S30.T10TFM.2021107T185909.v2.0_EVI_cropped.tif has already been processed and is available in this directory, moving to next file.
HLS.S30.T10TEM.2021107T185909.v2.0_EVI_cropped.tif
HLS.S30.T10TEM.2021107T185909.v2.0_EVI_cropped.tif has already been processed and is available in this directory, moving to next file.
HLS.S30.T10TFL.2021107T185909.v2.0_EVI_cropped.tif
HLS.S30.T10TFL.2021107T185909.v2.0_EVI_cropped.tif has already been processed and is available in this directory, moving to next file.
HLS.S30.T10TEL.2021107T185909.v2.0_EVI_cropped.tif
HLS.S30.T10TEL.2021107T185909.v2.0_EVI_cropped.tif has already been processed and is available in this directory, moving to next file.
HLS.S30.T10TFM.2021109T184911.v2.0_EVI_cropped.tif
HLS.S30.T10TFM.2021109T184911.v2.0_EVI_cropped.tif has already been processed and is available in this directory, moving to next file.
HLS.S30.T10TEM.2021109T184911.v2.0_EVI_cropped.tif
HLS.S30.T10TEM.2021109T184911.v2.0_EVI_cropped.tif has already been processed and is available in this directory, moving to next file.
HLS.S30.T10TFL.2021109T184911.v2.0_EVI_cropped.tif
HLS.S30.T10TFL.2021109T184911.v2.0_EVI_cropped.tif has already been processed and is available in this directory, moving to next file.
HLS.S30.T10TEL.2021109T184911.v2.0_EVI_cropped.tif
HLS.S30.T10TEL.2021109T184911.v2.0_EVI_cropped.tif has already been processed and is available in this directory, moving to next file.
HLS.L30.T10TEM.2021110T185629.v2.0_EVI_cropped.tif
https://data.lpdaac.earthdatacloud.nasa.gov/lp-prod-protected/HLSL30.020/HLS.L30.T10TEM.2021110T185629.v2.0/HLS.L30.T10TEM.2021110T185629.v2.0.Fmask.tif
https://data.lpdaac.earthdatacloud.nasa.gov/lp-prod-protected/HLSL30.020/HLS.L30.T10TEM.2021110T185629.v2.0/HLS.L30.T10TEM.2021110T185629.v2.0.B05.tif
https://data.lpdaac.earthdatacloud.nasa.gov/lp-prod-protected/HLSL30.020/HLS.L30.T10TEM.2021110T185629.v2.0/HLS.L30.T10TEM.2021110T185629.v2.0.B04.tif
https://data.lpdaac.earthdatacloud.nasa.gov/lp-prod-protected/HLSL30.020/HLS.L30.T10TEM.2021110T185629.v2.0/HLS.L30.T10TEM.2021110T185629.v2.0.B02.tif
Cropped
EVI Calculated
File: HLS.L30.T10TEM.2021110T185629.v2.0.Fmask was entirely fill values and will not be exported.
HLS.L30.T10TEL.2021110T185653.v2.0_EVI_cropped.tif
https://data.lpdaac.earthdatacloud.nasa.gov/lp-prod-protected/HLSL30.020/HLS.L30.T10TEL.2021110T185653.v2.0/HLS.L30.T10TEL.2021110T185653.v2.0.B02.tif
https://data.lpdaac.earthdatacloud.nasa.gov/lp-prod-protected/HLSL30.020/HLS.L30.T10TEL.2021110T185653.v2.0/HLS.L30.T10TEL.2021110T185653.v2.0.Fmask.tif
https://data.lpdaac.earthdatacloud.nasa.gov/lp-prod-protected/HLSL30.020/HLS.L30.T10TEL.2021110T185653.v2.0/HLS.L30.T10TEL.2021110T185653.v2.0.B04.tif
https://data.lpdaac.earthdatacloud.nasa.gov/lp-prod-protected/HLSL30.020/HLS.L30.T10TEL.2021110T185653.v2.0/HLS.L30.T10TEL.2021110T185653.v2.0.B05.tif
Cropped
EVI Calculated
File: HLS.L30.T10TEL.2021110T185653.v2.0.VAA was entirely fill values and will not be exported.
HLS.L30.T10TFM.2021112T184430.v2.0_EVI_cropped.tif
HLS.L30.T10TFM.2021112T184430.v2.0_EVI_cropped.tif has already been processed and is available in this directory, moving to next file.
HLS.L30.T10TEL.2021112T184430.v2.0_EVI_cropped.tif
HLS.L30.T10TEL.2021112T184430.v2.0_EVI_cropped.tif has already been processed and is available in this directory, moving to next file.
HLS.L30.T10TFL.2021112T184430.v2.0_EVI_cropped.tif
HLS.L30.T10TFL.2021112T184430.v2.0_EVI_cropped.tif has already been processed and is available in this directory, moving to next file.
HLS.L30.T10TEM.2021112T184430.v2.0_EVI_cropped.tif
HLS.L30.T10TEM.2021112T184430.v2.0_EVI_cropped.tif has already been processed and is available in this directory, moving to next file.
HLS.S30.T10TFM.2021112T185911.v2.0_EVI_cropped.tif
HLS.S30.T10TFM.2021112T185911.v2.0_EVI_cropped.tif has already been processed and is available in this directory, moving to next file.
HLS.S30.T10TEM.2021112T185911.v2.0_EVI_cropped.tif
HLS.S30.T10TEM.2021112T185911.v2.0_EVI_cropped.tif has already been processed and is available in this directory, moving to next file.
HLS.S30.T10TFL.2021112T185911.v2.0_EVI_cropped.tif
HLS.S30.T10TFL.2021112T185911.v2.0_EVI_cropped.tif has already been processed and is available in this directory, moving to next file.
HLS.S30.T10TEL.2021112T185911.v2.0_EVI_cropped.tif
HLS.S30.T10TEL.2021112T185911.v2.0_EVI_cropped.tif has already been processed and is available in this directory, moving to next file.
HLS.S30.T10TFM.2021114T184909.v2.0_EVI_cropped.tif
HLS.S30.T10TFM.2021114T184909.v2.0_EVI_cropped.tif has already been processed and is available in this directory, moving to next file.
HLS.S30.T10TEM.2021114T184909.v2.0_EVI_cropped.tif
HLS.S30.T10TEM.2021114T184909.v2.0_EVI_cropped.tif has already been processed and is available in this directory, moving to next file.
HLS.S30.T10TFL.2021114T184909.v2.0_EVI_cropped.tif
HLS.S30.T10TFL.2021114T184909.v2.0_EVI_cropped.tif has already been processed and is available in this directory, moving to next file.
HLS.S30.T10TEL.2021114T184909.v2.0_EVI_cropped.tif
HLS.S30.T10TEL.2021114T184909.v2.0_EVI_cropped.tif has already been processed and is available in this directory, moving to next file.
HLS.S30.T10TFM.2021117T185909.v2.0_EVI_cropped.tif
HLS.S30.T10TFM.2021117T185909.v2.0_EVI_cropped.tif has already been processed and is available in this directory, moving to next file.
HLS.S30.T10TEM.2021117T185909.v2.0_EVI_cropped.tif
HLS.S30.T10TEM.2021117T185909.v2.0_EVI_cropped.tif has already been processed and is available in this directory, moving to next file.
HLS.S30.T10TFL.2021117T185909.v2.0_EVI_cropped.tif
HLS.S30.T10TFL.2021117T185909.v2.0_EVI_cropped.tif has already been processed and is available in this directory, moving to next file.
HLS.S30.T10TEL.2021117T185909.v2.0_EVI_cropped.tif
HLS.S30.T10TEL.2021117T185909.v2.0_EVI_cropped.tif has already been processed and is available in this directory, moving to next file.
HLS.L30.T10TFM.2021119T185013.v2.0_EVI_cropped.tif
HLS.L30.T10TFM.2021119T185013.v2.0_EVI_cropped.tif has already been processed and is available in this directory, moving to next file.
HLS.L30.T10TEM.2021119T185013.v2.0_EVI_cropped.tif
HLS.L30.T10TEM.2021119T185013.v2.0_EVI_cropped.tif has already been processed and is available in this directory, moving to next file.
HLS.L30.T10TFL.2021119T185037.v2.0_EVI_cropped.tif
HLS.L30.T10TFL.2021119T185037.v2.0_EVI_cropped.tif has already been processed and is available in this directory, moving to next file.
HLS.L30.T10TEL.2021119T185037.v2.0_EVI_cropped.tif
HLS.L30.T10TEL.2021119T185037.v2.0_EVI_cropped.tif has already been processed and is available in this directory, moving to next file.
HLS.S30.T10TFM.2021119T184921.v2.0_EVI_cropped.tif
HLS.S30.T10TFM.2021119T184921.v2.0_EVI_cropped.tif has already been processed and is available in this directory, moving to next file.
HLS.S30.T10TEM.2021119T184921.v2.0_EVI_cropped.tif
HLS.S30.T10TEM.2021119T184921.v2.0_EVI_cropped.tif has already been processed and is available in this directory, moving to next file.
HLS.S30.T10TFL.2021119T184921.v2.0_EVI_cropped.tif
HLS.S30.T10TFL.2021119T184921.v2.0_EVI_cropped.tif has already been processed and is available in this directory, moving to next file.
HLS.S30.T10TEL.2021119T184921.v2.0_EVI_cropped.tif
HLS.S30.T10TEL.2021119T184921.v2.0_EVI_cropped.tif has already been processed and is available in this directory, moving to next file.
HLS.S30.T10TFM.2021122T185911.v2.0_EVI_cropped.tif
HLS.S30.T10TFM.2021122T185911.v2.0_EVI_cropped.tif has already been processed and is available in this directory, moving to next file.
HLS.S30.T10TEM.2021122T185911.v2.0_EVI_cropped.tif
HLS.S30.T10TEM.2021122T185911.v2.0_EVI_cropped.tif has already been processed and is available in this directory, moving to next file.
HLS.S30.T10TFL.2021122T185911.v2.0_EVI_cropped.tif
HLS.S30.T10TFL.2021122T185911.v2.0_EVI_cropped.tif has already been processed and is available in this directory, moving to next file.
HLS.S30.T10TEL.2021122T185911.v2.0_EVI_cropped.tif
HLS.S30.T10TEL.2021122T185911.v2.0_EVI_cropped.tif has already been processed and is available in this directory, moving to next file.
HLS.S30.T10TFM.2021124T184919.v2.0_EVI_cropped.tif
HLS.S30.T10TFM.2021124T184919.v2.0_EVI_cropped.tif has already been processed and is available in this directory, moving to next file.
HLS.S30.T10TEM.2021124T184919.v2.0_EVI_cropped.tif
HLS.S30.T10TEM.2021124T184919.v2.0_EVI_cropped.tif has already been processed and is available in this directory, moving to next file.
HLS.S30.T10TFL.2021124T184919.v2.0_EVI_cropped.tif
HLS.S30.T10TFL.2021124T184919.v2.0_EVI_cropped.tif has already been processed and is available in this directory, moving to next file.
HLS.S30.T10TEL.2021124T184919.v2.0_EVI_cropped.tif
HLS.S30.T10TEL.2021124T184919.v2.0_EVI_cropped.tif has already been processed and is available in this directory, moving to next file.
HLS.L30.T10TEM.2021126T185619.v2.0_EVI_cropped.tif
HLS.L30.T10TEM.2021126T185619.v2.0_EVI_cropped.tif has already been processed and is available in this directory, moving to next file.
HLS.L30.T10TEL.2021126T185643.v2.0_EVI_cropped.tif
HLS.L30.T10TEL.2021126T185643.v2.0_EVI_cropped.tif has already been processed and is available in this directory, moving to next file.
HLS.S30.T10TFM.2021127T185919.v2.0_EVI_cropped.tif
HLS.S30.T10TFM.2021127T185919.v2.0_EVI_cropped.tif has already been processed and is available in this directory, moving to next file.
HLS.S30.T10TEM.2021127T185919.v2.0_EVI_cropped.tif
HLS.S30.T10TEM.2021127T185919.v2.0_EVI_cropped.tif has already been processed and is available in this directory, moving to next file.
HLS.S30.T10TFL.2021127T185919.v2.0_EVI_cropped.tif
HLS.S30.T10TFL.2021127T185919.v2.0_EVI_cropped.tif has already been processed and is available in this directory, moving to next file.
HLS.S30.T10TEL.2021127T185919.v2.0_EVI_cropped.tif
HLS.S30.T10TEL.2021127T185919.v2.0_EVI_cropped.tif has already been processed and is available in this directory, moving to next file.
HLS.L30.T10TFM.2021128T184423.v2.0_EVI_cropped.tif
HLS.L30.T10TFM.2021128T184423.v2.0_EVI_cropped.tif has already been processed and is available in this directory, moving to next file.
HLS.L30.T10TFL.2021128T184423.v2.0_EVI_cropped.tif
HLS.L30.T10TFL.2021128T184423.v2.0_EVI_cropped.tif has already been processed and is available in this directory, moving to next file.
HLS.L30.T10TEL.2021128T184423.v2.0_EVI_cropped.tif
HLS.L30.T10TEL.2021128T184423.v2.0_EVI_cropped.tif has already been processed and is available in this directory, moving to next file.
HLS.L30.T10TEM.2021128T184423.v2.0_EVI_cropped.tif
HLS.L30.T10TEM.2021128T184423.v2.0_EVI_cropped.tif has already been processed and is available in this directory, moving to next file.
HLS.S30.T10TFM.2021129T184921.v2.0_EVI_cropped.tif
HLS.S30.T10TFM.2021129T184921.v2.0_EVI_cropped.tif has already been processed and is available in this directory, moving to next file.
HLS.S30.T10TEM.2021129T184921.v2.0_EVI_cropped.tif
HLS.S30.T10TEM.2021129T184921.v2.0_EVI_cropped.tif has already been processed and is available in this directory, moving to next file.
HLS.S30.T10TFL.2021129T184921.v2.0_EVI_cropped.tif
HLS.S30.T10TFL.2021129T184921.v2.0_EVI_cropped.tif has already been processed and is available in this directory, moving to next file.
HLS.S30.T10TEL.2021129T184921.v2.0_EVI_cropped.tif
HLS.S30.T10TEL.2021129T184921.v2.0_EVI_cropped.tif has already been processed and is available in this directory, moving to next file.
HLS.S30.T10TFM.2021132T185921.v2.0_EVI_cropped.tif
HLS.S30.T10TFM.2021132T185921.v2.0_EVI_cropped.tif has already been processed and is available in this directory, moving to next file.
HLS.S30.T10TEM.2021132T185921.v2.0_EVI_cropped.tif
HLS.S30.T10TEM.2021132T185921.v2.0_EVI_cropped.tif has already been processed and is available in this directory, moving to next file.
HLS.S30.T10TFL.2021132T185921.v2.0_EVI_cropped.tif
HLS.S30.T10TFL.2021132T185921.v2.0_EVI_cropped.tif has already been processed and is available in this directory, moving to next file.
HLS.S30.T10TEL.2021132T185921.v2.0_EVI_cropped.tif
HLS.S30.T10TEL.2021132T185921.v2.0_EVI_cropped.tif has already been processed and is available in this directory, moving to next file.
HLS.S30.T10TFM.2021134T184919.v2.0_EVI_cropped.tif
HLS.S30.T10TFM.2021134T184919.v2.0_EVI_cropped.tif has already been processed and is available in this directory, moving to next file.
HLS.S30.T10TEM.2021134T184919.v2.0_EVI_cropped.tif
HLS.S30.T10TEM.2021134T184919.v2.0_EVI_cropped.tif has already been processed and is available in this directory, moving to next file.
HLS.S30.T10TFL.2021134T184919.v2.0_EVI_cropped.tif
HLS.S30.T10TFL.2021134T184919.v2.0_EVI_cropped.tif has already been processed and is available in this directory, moving to next file.
HLS.S30.T10TEL.2021134T184919.v2.0_EVI_cropped.tif
HLS.S30.T10TEL.2021134T184919.v2.0_EVI_cropped.tif has already been processed and is available in this directory, moving to next file.
HLS.L30.T10TFM.2021135T185015.v2.0_EVI_cropped.tif
HLS.L30.T10TFM.2021135T185015.v2.0_EVI_cropped.tif has already been processed and is available in this directory, moving to next file.
HLS.L30.T10TEM.2021135T185015.v2.0_EVI_cropped.tif
HLS.L30.T10TEM.2021135T185015.v2.0_EVI_cropped.tif has already been processed and is available in this directory, moving to next file.
HLS.L30.T10TFL.2021135T185039.v2.0_EVI_cropped.tif
https://data.lpdaac.earthdatacloud.nasa.gov/lp-prod-protected/HLSL30.020/HLS.L30.T10TFL.2021135T185039.v2.0/HLS.L30.T10TFL.2021135T185039.v2.0.B04.tif
https://data.lpdaac.earthdatacloud.nasa.gov/lp-prod-protected/HLSL30.020/HLS.L30.T10TFL.2021135T185039.v2.0/HLS.L30.T10TFL.2021135T185039.v2.0.Fmask.tif
https://data.lpdaac.earthdatacloud.nasa.gov/lp-prod-protected/HLSL30.020/HLS.L30.T10TFL.2021135T185039.v2.0/HLS.L30.T10TFL.2021135T185039.v2.0.B02.tif
https://data.lpdaac.earthdatacloud.nasa.gov/lp-prod-protected/HLSL30.020/HLS.L30.T10TFL.2021135T185039.v2.0/HLS.L30.T10TFL.2021135T185039.v2.0.B05.tif
Cropped
EVI Calculated
File: HLS.L30.T10TFL.2021135T185039.v2.0.VAA was entirely fill values and will not be exported.
HLS.L30.T10TEL.2021135T185039.v2.0_EVI_cropped.tif
HLS.L30.T10TEL.2021135T185039.v2.0_EVI_cropped.tif has already been processed and is available in this directory, moving to next file.
HLS.S30.T10TFM.2021137T185919.v2.0_EVI_cropped.tif
HLS.S30.T10TFM.2021137T185919.v2.0_EVI_cropped.tif has already been processed and is available in this directory, moving to next file.
HLS.S30.T10TEM.2021137T185919.v2.0_EVI_cropped.tif
HLS.S30.T10TEM.2021137T185919.v2.0_EVI_cropped.tif has already been processed and is available in this directory, moving to next file.
HLS.S30.T10TFL.2021137T185919.v2.0_EVI_cropped.tif
HLS.S30.T10TFL.2021137T185919.v2.0_EVI_cropped.tif has already been processed and is available in this directory, moving to next file.
HLS.S30.T10TEL.2021137T185919.v2.0_EVI_cropped.tif
HLS.S30.T10TEL.2021137T185919.v2.0_EVI_cropped.tif has already been processed and is available in this directory, moving to next file.
HLS.S30.T10TFM.2021139T184921.v2.0_EVI_cropped.tif
HLS.S30.T10TFM.2021139T184921.v2.0_EVI_cropped.tif has already been processed and is available in this directory, moving to next file.
HLS.S30.T10TEM.2021139T184921.v2.0_EVI_cropped.tif
HLS.S30.T10TEM.2021139T184921.v2.0_EVI_cropped.tif has already been processed and is available in this directory, moving to next file.
HLS.S30.T10TFL.2021139T184921.v2.0_EVI_cropped.tif
HLS.S30.T10TFL.2021139T184921.v2.0_EVI_cropped.tif has already been processed and is available in this directory, moving to next file.
HLS.S30.T10TEL.2021139T184921.v2.0_EVI_cropped.tif
HLS.S30.T10TEL.2021139T184921.v2.0_EVI_cropped.tif has already been processed and is available in this directory, moving to next file.
HLS.L30.T10TEM.2021142T185630.v2.0_EVI_cropped.tif
HLS.L30.T10TEM.2021142T185630.v2.0_EVI_cropped.tif has already been processed and is available in this directory, moving to next file.
HLS.L30.T10TEL.2021142T185654.v2.0_EVI_cropped.tif
HLS.L30.T10TEL.2021142T185654.v2.0_EVI_cropped.tif has already been processed and is available in this directory, moving to next file.
HLS.S30.T10TEM.2021142T185921.v2.0_EVI_cropped.tif
HLS.S30.T10TEM.2021142T185921.v2.0_EVI_cropped.tif has already been processed and is available in this directory, moving to next file.
HLS.S30.T10TFL.2021142T185921.v2.0_EVI_cropped.tif
HLS.S30.T10TFL.2021142T185921.v2.0_EVI_cropped.tif has already been processed and is available in this directory, moving to next file.
HLS.S30.T10TEL.2021142T185921.v2.0_EVI_cropped.tif
HLS.S30.T10TEL.2021142T185921.v2.0_EVI_cropped.tif has already been processed and is available in this directory, moving to next file.
HLS.L30.T10TEM.2021144T184433.v2.0_EVI_cropped.tif
HLS.L30.T10TEM.2021144T184433.v2.0_EVI_cropped.tif has already been processed and is available in this directory, moving to next file.
HLS.L30.T10TEL.2021144T184433.v2.0_EVI_cropped.tif
HLS.L30.T10TEL.2021144T184433.v2.0_EVI_cropped.tif has already been processed and is available in this directory, moving to next file.
HLS.L30.T10TFL.2021144T184433.v2.0_EVI_cropped.tif
HLS.L30.T10TFL.2021144T184433.v2.0_EVI_cropped.tif has already been processed and is available in this directory, moving to next file.
HLS.L30.T10TFM.2021144T184433.v2.0_EVI_cropped.tif
HLS.L30.T10TFM.2021144T184433.v2.0_EVI_cropped.tif has already been processed and is available in this directory, moving to next file.
HLS.S30.T10TFM.2021144T184919.v2.0_EVI_cropped.tif
HLS.S30.T10TFM.2021144T184919.v2.0_EVI_cropped.tif has already been processed and is available in this directory, moving to next file.
HLS.S30.T10TEM.2021144T184919.v2.0_EVI_cropped.tif
HLS.S30.T10TEM.2021144T184919.v2.0_EVI_cropped.tif has already been processed and is available in this directory, moving to next file.
HLS.S30.T10TFL.2021144T184919.v2.0_EVI_cropped.tif
HLS.S30.T10TFL.2021144T184919.v2.0_EVI_cropped.tif has already been processed and is available in this directory, moving to next file.
HLS.S30.T10TEL.2021144T184919.v2.0_EVI_cropped.tif
HLS.S30.T10TEL.2021144T184919.v2.0_EVI_cropped.tif has already been processed and is available in this directory, moving to next file.
HLS.S30.T10TFM.2021147T185919.v2.0_EVI_cropped.tif
HLS.S30.T10TFM.2021147T185919.v2.0_EVI_cropped.tif has already been processed and is available in this directory, moving to next file.
HLS.S30.T10TEM.2021147T185919.v2.0_EVI_cropped.tif
HLS.S30.T10TEM.2021147T185919.v2.0_EVI_cropped.tif has already been processed and is available in this directory, moving to next file.
HLS.S30.T10TFL.2021147T185919.v2.0_EVI_cropped.tif
HLS.S30.T10TFL.2021147T185919.v2.0_EVI_cropped.tif has already been processed and is available in this directory, moving to next file.
HLS.S30.T10TEL.2021147T185919.v2.0_EVI_cropped.tif
HLS.S30.T10TEL.2021147T185919.v2.0_EVI_cropped.tif has already been processed and is available in this directory, moving to next file.
HLS.S30.T10TFM.2021149T184921.v2.0_EVI_cropped.tif
HLS.S30.T10TFM.2021149T184921.v2.0_EVI_cropped.tif has already been processed and is available in this directory, moving to next file.
HLS.S30.T10TEM.2021149T184921.v2.0_EVI_cropped.tif
HLS.S30.T10TEM.2021149T184921.v2.0_EVI_cropped.tif has already been processed and is available in this directory, moving to next file.
HLS.S30.T10TFL.2021149T184921.v2.0_EVI_cropped.tif
HLS.S30.T10TFL.2021149T184921.v2.0_EVI_cropped.tif has already been processed and is available in this directory, moving to next file.
HLS.S30.T10TEL.2021149T184921.v2.0_EVI_cropped.tif
HLS.S30.T10TEL.2021149T184921.v2.0_EVI_cropped.tif has already been processed and is available in this directory, moving to next file.
HLS.L30.T10TFM.2021151T185024.v2.0_EVI_cropped.tif
HLS.L30.T10TFM.2021151T185024.v2.0_EVI_cropped.tif has already been processed and is available in this directory, moving to next file.
HLS.L30.T10TEM.2021151T185024.v2.0_EVI_cropped.tif
HLS.L30.T10TEM.2021151T185024.v2.0_EVI_cropped.tif has already been processed and is available in this directory, moving to next file.
HLS.L30.T10TFL.2021151T185048.v2.0_EVI_cropped.tif
HLS.L30.T10TFL.2021151T185048.v2.0_EVI_cropped.tif has already been processed and is available in this directory, moving to next file.
HLS.L30.T10TEL.2021151T185048.v2.0_EVI_cropped.tif
HLS.L30.T10TEL.2021151T185048.v2.0_EVI_cropped.tif has already been processed and is available in this directory, moving to next file.
HLS.S30.T10TFM.2021152T185921.v2.0_EVI_cropped.tif
HLS.S30.T10TFM.2021152T185921.v2.0_EVI_cropped.tif has already been processed and is available in this directory, moving to next file.
HLS.S30.T10TEM.2021152T185921.v2.0_EVI_cropped.tif
HLS.S30.T10TEM.2021152T185921.v2.0_EVI_cropped.tif has already been processed and is available in this directory, moving to next file.
HLS.S30.T10TFL.2021152T185921.v2.0_EVI_cropped.tif
HLS.S30.T10TFL.2021152T185921.v2.0_EVI_cropped.tif has already been processed and is available in this directory, moving to next file.
HLS.S30.T10TEL.2021152T185921.v2.0_EVI_cropped.tif
HLS.S30.T10TEL.2021152T185921.v2.0_EVI_cropped.tif has already been processed and is available in this directory, moving to next file.
HLS.S30.T10TFM.2021154T184919.v2.0_EVI_cropped.tif
HLS.S30.T10TFM.2021154T184919.v2.0_EVI_cropped.tif has already been processed and is available in this directory, moving to next file.
HLS.S30.T10TEM.2021154T184919.v2.0_EVI_cropped.tif
HLS.S30.T10TEM.2021154T184919.v2.0_EVI_cropped.tif has already been processed and is available in this directory, moving to next file.
HLS.S30.T10TFL.2021154T184919.v2.0_EVI_cropped.tif
HLS.S30.T10TFL.2021154T184919.v2.0_EVI_cropped.tif has already been processed and is available in this directory, moving to next file.
HLS.S30.T10TEL.2021154T184919.v2.0_EVI_cropped.tif
HLS.S30.T10TEL.2021154T184919.v2.0_EVI_cropped.tif has already been processed and is available in this directory, moving to next file.
HLS.S30.T10TFM.2021157T185919.v2.0_EVI_cropped.tif
HLS.S30.T10TFM.2021157T185919.v2.0_EVI_cropped.tif has already been processed and is available in this directory, moving to next file.
HLS.S30.T10TEM.2021157T185919.v2.0_EVI_cropped.tif
HLS.S30.T10TEM.2021157T185919.v2.0_EVI_cropped.tif has already been processed and is available in this directory, moving to next file.
HLS.S30.T10TFL.2021157T185919.v2.0_EVI_cropped.tif
HLS.S30.T10TFL.2021157T185919.v2.0_EVI_cropped.tif has already been processed and is available in this directory, moving to next file.
HLS.S30.T10TEL.2021157T185919.v2.0_EVI_cropped.tif
HLS.S30.T10TEL.2021157T185919.v2.0_EVI_cropped.tif has already been processed and is available in this directory, moving to next file.
HLS.L30.T10TEM.2021158T185638.v2.0_EVI_cropped.tif
HLS.L30.T10TEM.2021158T185638.v2.0_EVI_cropped.tif has already been processed and is available in this directory, moving to next file.
HLS.L30.T10TEL.2021158T185702.v2.0_EVI_cropped.tif
HLS.L30.T10TEL.2021158T185702.v2.0_EVI_cropped.tif has already been processed and is available in this directory, moving to next file.
HLS.S30.T10TFM.2021159T184921.v2.0_EVI_cropped.tif
HLS.S30.T10TFM.2021159T184921.v2.0_EVI_cropped.tif has already been processed and is available in this directory, moving to next file.
HLS.S30.T10TEM.2021159T184921.v2.0_EVI_cropped.tif
HLS.S30.T10TEM.2021159T184921.v2.0_EVI_cropped.tif has already been processed and is available in this directory, moving to next file.
HLS.S30.T10TFL.2021159T184921.v2.0_EVI_cropped.tif
HLS.S30.T10TFL.2021159T184921.v2.0_EVI_cropped.tif has already been processed and is available in this directory, moving to next file.
HLS.S30.T10TEL.2021159T184921.v2.0_EVI_cropped.tif
HLS.S30.T10TEL.2021159T184921.v2.0_EVI_cropped.tif has already been processed and is available in this directory, moving to next file.
HLS.L30.T10TEM.2021160T184441.v2.0_EVI_cropped.tif
HLS.L30.T10TEM.2021160T184441.v2.0_EVI_cropped.tif has already been processed and is available in this directory, moving to next file.
HLS.L30.T10TFL.2021160T184441.v2.0_EVI_cropped.tif
HLS.L30.T10TFL.2021160T184441.v2.0_EVI_cropped.tif has already been processed and is available in this directory, moving to next file.
HLS.L30.T10TFM.2021160T184441.v2.0_EVI_cropped.tif
HLS.L30.T10TFM.2021160T184441.v2.0_EVI_cropped.tif has already been processed and is available in this directory, moving to next file.
HLS.L30.T10TEL.2021160T184441.v2.0_EVI_cropped.tif
HLS.L30.T10TEL.2021160T184441.v2.0_EVI_cropped.tif has already been processed and is available in this directory, moving to next file.
HLS.S30.T10TFM.2021162T185921.v2.0_EVI_cropped.tif
HLS.S30.T10TFM.2021162T185921.v2.0_EVI_cropped.tif has already been processed and is available in this directory, moving to next file.
HLS.S30.T10TEM.2021162T185921.v2.0_EVI_cropped.tif
HLS.S30.T10TEM.2021162T185921.v2.0_EVI_cropped.tif has already been processed and is available in this directory, moving to next file.
HLS.S30.T10TFL.2021162T185921.v2.0_EVI_cropped.tif
https://data.lpdaac.earthdatacloud.nasa.gov/lp-prod-protected/HLSS30.020/HLS.S30.T10TFL.2021162T185921.v2.0/HLS.S30.T10TFL.2021162T185921.v2.0.B02.tif
https://data.lpdaac.earthdatacloud.nasa.gov/lp-prod-protected/HLSS30.020/HLS.S30.T10TFL.2021162T185921.v2.0/HLS.S30.T10TFL.2021162T185921.v2.0.B8A.tif
https://data.lpdaac.earthdatacloud.nasa.gov/lp-prod-protected/HLSS30.020/HLS.S30.T10TFL.2021162T185921.v2.0/HLS.S30.T10TFL.2021162T185921.v2.0.Fmask.tif
https://data.lpdaac.earthdatacloud.nasa.gov/lp-prod-protected/HLSS30.020/HLS.S30.T10TFL.2021162T185921.v2.0/HLS.S30.T10TFL.2021162T185921.v2.0.B04.tif
Cropped
EVI Calculated
File: HLS.S30.T10TFL.2021162T185921.v2.0.B07 was entirely fill values and will not be exported.
HLS.S30.T10TEL.2021162T185921.v2.0_EVI_cropped.tif
HLS.S30.T10TEL.2021162T185921.v2.0_EVI_cropped.tif has already been processed and is available in this directory, moving to next file.
HLS.S30.T10TFM.2021164T184919.v2.0_EVI_cropped.tif
HLS.S30.T10TFM.2021164T184919.v2.0_EVI_cropped.tif has already been processed and is available in this directory, moving to next file.
HLS.S30.T10TEM.2021164T184919.v2.0_EVI_cropped.tif
HLS.S30.T10TEM.2021164T184919.v2.0_EVI_cropped.tif has already been processed and is available in this directory, moving to next file.
HLS.S30.T10TFL.2021164T184919.v2.0_EVI_cropped.tif
HLS.S30.T10TFL.2021164T184919.v2.0_EVI_cropped.tif has already been processed and is available in this directory, moving to next file.
HLS.S30.T10TEL.2021164T184919.v2.0_EVI_cropped.tif
HLS.S30.T10TEL.2021164T184919.v2.0_EVI_cropped.tif has already been processed and is available in this directory, moving to next file.
HLS.L30.T10TEM.2021167T185030.v2.0_EVI_cropped.tif
HLS.L30.T10TEM.2021167T185030.v2.0_EVI_cropped.tif has already been processed and is available in this directory, moving to next file.
HLS.L30.T10TFM.2021167T185030.v2.0_EVI_cropped.tif
HLS.L30.T10TFM.2021167T185030.v2.0_EVI_cropped.tif has already been processed and is available in this directory, moving to next file.
HLS.L30.T10TFL.2021167T185054.v2.0_EVI_cropped.tif
HLS.L30.T10TFL.2021167T185054.v2.0_EVI_cropped.tif has already been processed and is available in this directory, moving to next file.
HLS.L30.T10TEL.2021167T185054.v2.0_EVI_cropped.tif
HLS.L30.T10TEL.2021167T185054.v2.0_EVI_cropped.tif has already been processed and is available in this directory, moving to next file.
HLS.S30.T10TFM.2021167T185919.v2.0_EVI_cropped.tif
HLS.S30.T10TFM.2021167T185919.v2.0_EVI_cropped.tif has already been processed and is available in this directory, moving to next file.
HLS.S30.T10TEM.2021167T185919.v2.0_EVI_cropped.tif
HLS.S30.T10TEM.2021167T185919.v2.0_EVI_cropped.tif has already been processed and is available in this directory, moving to next file.
HLS.S30.T10TFL.2021167T185919.v2.0_EVI_cropped.tif
HLS.S30.T10TFL.2021167T185919.v2.0_EVI_cropped.tif has already been processed and is available in this directory, moving to next file.
HLS.S30.T10TEL.2021167T185919.v2.0_EVI_cropped.tif
HLS.S30.T10TEL.2021167T185919.v2.0_EVI_cropped.tif has already been processed and is available in this directory, moving to next file.
HLS.S30.T10TFM.2021169T184921.v2.0_EVI_cropped.tif
HLS.S30.T10TFM.2021169T184921.v2.0_EVI_cropped.tif has already been processed and is available in this directory, moving to next file.
HLS.S30.T10TEM.2021169T184921.v2.0_EVI_cropped.tif
HLS.S30.T10TEM.2021169T184921.v2.0_EVI_cropped.tif has already been processed and is available in this directory, moving to next file.
HLS.S30.T10TFL.2021169T184921.v2.0_EVI_cropped.tif
HLS.S30.T10TFL.2021169T184921.v2.0_EVI_cropped.tif has already been processed and is available in this directory, moving to next file.
HLS.S30.T10TEL.2021169T184921.v2.0_EVI_cropped.tif
HLS.S30.T10TEL.2021169T184921.v2.0_EVI_cropped.tif has already been processed and is available in this directory, moving to next file.
HLS.S30.T10TFM.2021172T185921.v2.0_EVI_cropped.tif
HLS.S30.T10TFM.2021172T185921.v2.0_EVI_cropped.tif has already been processed and is available in this directory, moving to next file.
HLS.S30.T10TEM.2021172T185921.v2.0_EVI_cropped.tif
HLS.S30.T10TEM.2021172T185921.v2.0_EVI_cropped.tif has already been processed and is available in this directory, moving to next file.
HLS.S30.T10TFL.2021172T185921.v2.0_EVI_cropped.tif
HLS.S30.T10TFL.2021172T185921.v2.0_EVI_cropped.tif has already been processed and is available in this directory, moving to next file.
HLS.S30.T10TEL.2021172T185921.v2.0_EVI_cropped.tif
HLS.S30.T10TEL.2021172T185921.v2.0_EVI_cropped.tif has already been processed and is available in this directory, moving to next file.
HLS.L30.T10TEM.2021174T185643.v2.0_EVI_cropped.tif
HLS.L30.T10TEM.2021174T185643.v2.0_EVI_cropped.tif has already been processed and is available in this directory, moving to next file.
HLS.L30.T10TEL.2021174T185707.v2.0_EVI_cropped.tif
HLS.L30.T10TEL.2021174T185707.v2.0_EVI_cropped.tif has already been processed and is available in this directory, moving to next file.
HLS.S30.T10TFM.2021174T184919.v2.0_EVI_cropped.tif
HLS.S30.T10TFM.2021174T184919.v2.0_EVI_cropped.tif has already been processed and is available in this directory, moving to next file.
HLS.S30.T10TEM.2021174T184919.v2.0_EVI_cropped.tif
HLS.S30.T10TEM.2021174T184919.v2.0_EVI_cropped.tif has already been processed and is available in this directory, moving to next file.
HLS.S30.T10TFL.2021174T184919.v2.0_EVI_cropped.tif
HLS.S30.T10TFL.2021174T184919.v2.0_EVI_cropped.tif has already been processed and is available in this directory, moving to next file.
HLS.S30.T10TEL.2021174T184919.v2.0_EVI_cropped.tif
HLS.S30.T10TEL.2021174T184919.v2.0_EVI_cropped.tif has already been processed and is available in this directory, moving to next file.
HLS.L30.T10TEM.2021176T184445.v2.0_EVI_cropped.tif
HLS.L30.T10TEM.2021176T184445.v2.0_EVI_cropped.tif has already been processed and is available in this directory, moving to next file.
HLS.L30.T10TEL.2021176T184445.v2.0_EVI_cropped.tif
HLS.L30.T10TEL.2021176T184445.v2.0_EVI_cropped.tif has already been processed and is available in this directory, moving to next file.
HLS.L30.T10TFM.2021176T184445.v2.0_EVI_cropped.tif
HLS.L30.T10TFM.2021176T184445.v2.0_EVI_cropped.tif has already been processed and is available in this directory, moving to next file.
HLS.L30.T10TFL.2021176T184445.v2.0_EVI_cropped.tif
HLS.L30.T10TFL.2021176T184445.v2.0_EVI_cropped.tif has already been processed and is available in this directory, moving to next file.
HLS.S30.T10TFM.2021177T185919.v2.0_EVI_cropped.tif
HLS.S30.T10TFM.2021177T185919.v2.0_EVI_cropped.tif has already been processed and is available in this directory, moving to next file.
HLS.S30.T10TEM.2021177T185919.v2.0_EVI_cropped.tif
HLS.S30.T10TEM.2021177T185919.v2.0_EVI_cropped.tif has already been processed and is available in this directory, moving to next file.
HLS.S30.T10TFL.2021177T185919.v2.0_EVI_cropped.tif
HLS.S30.T10TFL.2021177T185919.v2.0_EVI_cropped.tif has already been processed and is available in this directory, moving to next file.
HLS.S30.T10TEL.2021177T185919.v2.0_EVI_cropped.tif
HLS.S30.T10TEL.2021177T185919.v2.0_EVI_cropped.tif has already been processed and is available in this directory, moving to next file.
HLS.S30.T10TFM.2021179T184921.v2.0_EVI_cropped.tif
HLS.S30.T10TFM.2021179T184921.v2.0_EVI_cropped.tif has already been processed and is available in this directory, moving to next file.
HLS.S30.T10TEM.2021179T184921.v2.0_EVI_cropped.tif
HLS.S30.T10TEM.2021179T184921.v2.0_EVI_cropped.tif has already been processed and is available in this directory, moving to next file.
HLS.S30.T10TFL.2021179T184921.v2.0_EVI_cropped.tif
HLS.S30.T10TFL.2021179T184921.v2.0_EVI_cropped.tif has already been processed and is available in this directory, moving to next file.
HLS.S30.T10TEL.2021179T184921.v2.0_EVI_cropped.tif
HLS.S30.T10TEL.2021179T184921.v2.0_EVI_cropped.tif has already been processed and is available in this directory, moving to next file.
HLS.S30.T10TFM.2021182T185921.v2.0_EVI_cropped.tif
HLS.S30.T10TFM.2021182T185921.v2.0_EVI_cropped.tif has already been processed and is available in this directory, moving to next file.
HLS.S30.T10TEM.2021182T185921.v2.0_EVI_cropped.tif
HLS.S30.T10TEM.2021182T185921.v2.0_EVI_cropped.tif has already been processed and is available in this directory, moving to next file.
HLS.S30.T10TFL.2021182T185921.v2.0_EVI_cropped.tif
HLS.S30.T10TFL.2021182T185921.v2.0_EVI_cropped.tif has already been processed and is available in this directory, moving to next file.
HLS.S30.T10TEL.2021182T185921.v2.0_EVI_cropped.tif
HLS.S30.T10TEL.2021182T185921.v2.0_EVI_cropped.tif has already been processed and is available in this directory, moving to next file.
HLS.L30.T10TEM.2021183T185033.v2.0_EVI_cropped.tif
HLS.L30.T10TEM.2021183T185033.v2.0_EVI_cropped.tif has already been processed and is available in this directory, moving to next file.
HLS.L30.T10TFM.2021183T185033.v2.0_EVI_cropped.tif
HLS.L30.T10TFM.2021183T185033.v2.0_EVI_cropped.tif has already been processed and is available in this directory, moving to next file.
HLS.L30.T10TFL.2021183T185057.v2.0_EVI_cropped.tif
HLS.L30.T10TFL.2021183T185057.v2.0_EVI_cropped.tif has already been processed and is available in this directory, moving to next file.
HLS.L30.T10TEL.2021183T185057.v2.0_EVI_cropped.tif
HLS.L30.T10TEL.2021183T185057.v2.0_EVI_cropped.tif has already been processed and is available in this directory, moving to next file.
HLS.S30.T10TFM.2021187T185919.v2.0_EVI_cropped.tif
HLS.S30.T10TFM.2021187T185919.v2.0_EVI_cropped.tif has already been processed and is available in this directory, moving to next file.
HLS.S30.T10TEM.2021187T185919.v2.0_EVI_cropped.tif
HLS.S30.T10TEM.2021187T185919.v2.0_EVI_cropped.tif has already been processed and is available in this directory, moving to next file.
HLS.S30.T10TFL.2021187T185919.v2.0_EVI_cropped.tif
HLS.S30.T10TFL.2021187T185919.v2.0_EVI_cropped.tif has already been processed and is available in this directory, moving to next file.
HLS.S30.T10TEL.2021187T185919.v2.0_EVI_cropped.tif
HLS.S30.T10TEL.2021187T185919.v2.0_EVI_cropped.tif has already been processed and is available in this directory, moving to next file.
HLS.S30.T10TFM.2021189T184921.v2.0_EVI_cropped.tif
HLS.S30.T10TFM.2021189T184921.v2.0_EVI_cropped.tif has already been processed and is available in this directory, moving to next file.
HLS.S30.T10TEM.2021189T184921.v2.0_EVI_cropped.tif
HLS.S30.T10TEM.2021189T184921.v2.0_EVI_cropped.tif has already been processed and is available in this directory, moving to next file.
HLS.S30.T10TFL.2021189T184921.v2.0_EVI_cropped.tif
HLS.S30.T10TFL.2021189T184921.v2.0_EVI_cropped.tif has already been processed and is available in this directory, moving to next file.
HLS.S30.T10TEL.2021189T184921.v2.0_EVI_cropped.tif
HLS.S30.T10TEL.2021189T184921.v2.0_EVI_cropped.tif has already been processed and is available in this directory, moving to next file.
HLS.L30.T10TEM.2021190T185645.v2.0_EVI_cropped.tif
HLS.L30.T10TEM.2021190T185645.v2.0_EVI_cropped.tif has already been processed and is available in this directory, moving to next file.
HLS.L30.T10TEL.2021190T185709.v2.0_EVI_cropped.tif
HLS.L30.T10TEL.2021190T185709.v2.0_EVI_cropped.tif has already been processed and is available in this directory, moving to next file.
HLS.L30.T10TFM.2021192T184423.v2.0_EVI_cropped.tif
HLS.L30.T10TFM.2021192T184423.v2.0_EVI_cropped.tif has already been processed and is available in this directory, moving to next file.
HLS.L30.T10TEL.2021192T184447.v2.0_EVI_cropped.tif
HLS.L30.T10TEL.2021192T184447.v2.0_EVI_cropped.tif has already been processed and is available in this directory, moving to next file.
HLS.L30.T10TEM.2021192T184447.v2.0_EVI_cropped.tif
HLS.L30.T10TEM.2021192T184447.v2.0_EVI_cropped.tif has already been processed and is available in this directory, moving to next file.
HLS.L30.T10TFL.2021192T184447.v2.0_EVI_cropped.tif
HLS.L30.T10TFL.2021192T184447.v2.0_EVI_cropped.tif has already been processed and is available in this directory, moving to next file.
HLS.L30.T10TFM.2021192T184447.v2.0_EVI_cropped.tif
HLS.L30.T10TFM.2021192T184447.v2.0_EVI_cropped.tif has already been processed and is available in this directory, moving to next file.
HLS.S30.T10TFM.2021192T185921.v2.0_EVI_cropped.tif
HLS.S30.T10TFM.2021192T185921.v2.0_EVI_cropped.tif has already been processed and is available in this directory, moving to next file.
HLS.S30.T10TEM.2021192T185921.v2.0_EVI_cropped.tif
HLS.S30.T10TEM.2021192T185921.v2.0_EVI_cropped.tif has already been processed and is available in this directory, moving to next file.
HLS.S30.T10TFL.2021192T185921.v2.0_EVI_cropped.tif
HLS.S30.T10TFL.2021192T185921.v2.0_EVI_cropped.tif has already been processed and is available in this directory, moving to next file.
HLS.S30.T10TEL.2021192T185921.v2.0_EVI_cropped.tif
HLS.S30.T10TEL.2021192T185921.v2.0_EVI_cropped.tif has already been processed and is available in this directory, moving to next file.
HLS.S30.T10TFM.2021194T184919.v2.0_EVI_cropped.tif
HLS.S30.T10TFM.2021194T184919.v2.0_EVI_cropped.tif has already been processed and is available in this directory, moving to next file.
HLS.S30.T10TEM.2021194T184919.v2.0_EVI_cropped.tif
HLS.S30.T10TEM.2021194T184919.v2.0_EVI_cropped.tif has already been processed and is available in this directory, moving to next file.
HLS.S30.T10TFL.2021194T184919.v2.0_EVI_cropped.tif
HLS.S30.T10TFL.2021194T184919.v2.0_EVI_cropped.tif has already been processed and is available in this directory, moving to next file.
HLS.S30.T10TEL.2021194T184919.v2.0_EVI_cropped.tif
HLS.S30.T10TEL.2021194T184919.v2.0_EVI_cropped.tif has already been processed and is available in this directory, moving to next file.
HLS.S30.T10TFM.2021197T185919.v2.0_EVI_cropped.tif
HLS.S30.T10TFM.2021197T185919.v2.0_EVI_cropped.tif has already been processed and is available in this directory, moving to next file.
HLS.S30.T10TEM.2021197T185919.v2.0_EVI_cropped.tif
HLS.S30.T10TEM.2021197T185919.v2.0_EVI_cropped.tif has already been processed and is available in this directory, moving to next file.
HLS.S30.T10TFL.2021197T185919.v2.0_EVI_cropped.tif
HLS.S30.T10TFL.2021197T185919.v2.0_EVI_cropped.tif has already been processed and is available in this directory, moving to next file.
HLS.S30.T10TEL.2021197T185919.v2.0_EVI_cropped.tif
HLS.S30.T10TEL.2021197T185919.v2.0_EVI_cropped.tif has already been processed and is available in this directory, moving to next file.
HLS.L30.T10TFM.2021199T185036.v2.0_EVI_cropped.tif
HLS.L30.T10TFM.2021199T185036.v2.0_EVI_cropped.tif has already been processed and is available in this directory, moving to next file.
HLS.L30.T10TEM.2021199T185036.v2.0_EVI_cropped.tif
HLS.L30.T10TEM.2021199T185036.v2.0_EVI_cropped.tif has already been processed and is available in this directory, moving to next file.
HLS.L30.T10TFL.2021199T185100.v2.0_EVI_cropped.tif
HLS.L30.T10TFL.2021199T185100.v2.0_EVI_cropped.tif has already been processed and is available in this directory, moving to next file.
HLS.L30.T10TEL.2021199T185100.v2.0_EVI_cropped.tif
HLS.L30.T10TEL.2021199T185100.v2.0_EVI_cropped.tif has already been processed and is available in this directory, moving to next file.
HLS.S30.T10TFM.2021199T184921.v2.0_EVI_cropped.tif
HLS.S30.T10TFM.2021199T184921.v2.0_EVI_cropped.tif has already been processed and is available in this directory, moving to next file.
HLS.S30.T10TEM.2021199T184921.v2.0_EVI_cropped.tif
HLS.S30.T10TEM.2021199T184921.v2.0_EVI_cropped.tif has already been processed and is available in this directory, moving to next file.
HLS.S30.T10TFL.2021199T184921.v2.0_EVI_cropped.tif
HLS.S30.T10TFL.2021199T184921.v2.0_EVI_cropped.tif has already been processed and is available in this directory, moving to next file.
HLS.S30.T10TEL.2021199T184921.v2.0_EVI_cropped.tif
HLS.S30.T10TEL.2021199T184921.v2.0_EVI_cropped.tif has already been processed and is available in this directory, moving to next file.
HLS.S30.T10TFM.2021202T185921.v2.0_EVI_cropped.tif
HLS.S30.T10TFM.2021202T185921.v2.0_EVI_cropped.tif has already been processed and is available in this directory, moving to next file.
HLS.S30.T10TEM.2021202T185921.v2.0_EVI_cropped.tif
HLS.S30.T10TEM.2021202T185921.v2.0_EVI_cropped.tif has already been processed and is available in this directory, moving to next file.
HLS.S30.T10TFL.2021202T185921.v2.0_EVI_cropped.tif
HLS.S30.T10TFL.2021202T185921.v2.0_EVI_cropped.tif has already been processed and is available in this directory, moving to next file.
HLS.S30.T10TEL.2021202T185921.v2.0_EVI_cropped.tif
HLS.S30.T10TEL.2021202T185921.v2.0_EVI_cropped.tif has already been processed and is available in this directory, moving to next file.
HLS.S30.T10TFM.2021204T184919.v2.0_EVI_cropped.tif
HLS.S30.T10TFM.2021204T184919.v2.0_EVI_cropped.tif has already been processed and is available in this directory, moving to next file.
HLS.S30.T10TEM.2021204T184919.v2.0_EVI_cropped.tif
HLS.S30.T10TEM.2021204T184919.v2.0_EVI_cropped.tif has already been processed and is available in this directory, moving to next file.
HLS.S30.T10TFL.2021204T184919.v2.0_EVI_cropped.tif
HLS.S30.T10TFL.2021204T184919.v2.0_EVI_cropped.tif has already been processed and is available in this directory, moving to next file.
HLS.S30.T10TEL.2021204T184919.v2.0_EVI_cropped.tif
HLS.S30.T10TEL.2021204T184919.v2.0_EVI_cropped.tif has already been processed and is available in this directory, moving to next file.
HLS.L30.T10TEM.2021206T185651.v2.0_EVI_cropped.tif
HLS.L30.T10TEM.2021206T185651.v2.0_EVI_cropped.tif has already been processed and is available in this directory, moving to next file.
HLS.L30.T10TEL.2021206T185715.v2.0_EVI_cropped.tif
HLS.L30.T10TEL.2021206T185715.v2.0_EVI_cropped.tif has already been processed and is available in this directory, moving to next file.
HLS.S30.T10TFM.2021207T185919.v2.0_EVI_cropped.tif
HLS.S30.T10TFM.2021207T185919.v2.0_EVI_cropped.tif has already been processed and is available in this directory, moving to next file.
HLS.S30.T10TEM.2021207T185919.v2.0_EVI_cropped.tif
HLS.S30.T10TEM.2021207T185919.v2.0_EVI_cropped.tif has already been processed and is available in this directory, moving to next file.
HLS.S30.T10TFL.2021207T185919.v2.0_EVI_cropped.tif
HLS.S30.T10TFL.2021207T185919.v2.0_EVI_cropped.tif has already been processed and is available in this directory, moving to next file.
HLS.S30.T10TEL.2021207T185919.v2.0_EVI_cropped.tif
HLS.S30.T10TEL.2021207T185919.v2.0_EVI_cropped.tif has already been processed and is available in this directory, moving to next file.
HLS.L30.T10TFM.2021208T184430.v2.0_EVI_cropped.tif
https://data.lpdaac.earthdatacloud.nasa.gov/lp-prod-protected/HLSL30.020/HLS.L30.T10TFM.2021208T184430.v2.0/HLS.L30.T10TFM.2021208T184430.v2.0.B02.tif
https://data.lpdaac.earthdatacloud.nasa.gov/lp-prod-protected/HLSL30.020/HLS.L30.T10TFM.2021208T184430.v2.0/HLS.L30.T10TFM.2021208T184430.v2.0.B05.tif
https://data.lpdaac.earthdatacloud.nasa.gov/lp-prod-protected/HLSL30.020/HLS.L30.T10TFM.2021208T184430.v2.0/HLS.L30.T10TFM.2021208T184430.v2.0.Fmask.tif
https://data.lpdaac.earthdatacloud.nasa.gov/lp-prod-protected/HLSL30.020/HLS.L30.T10TFM.2021208T184430.v2.0/HLS.L30.T10TFM.2021208T184430.v2.0.B04.tif
Cropped
EVI Calculated
File: HLS.L30.T10TFM.2021208T184430.v2.0.B11 was entirely fill values and will not be exported.
HLS.L30.T10TEM.2021208T184454.v2.0_EVI_cropped.tif
https://data.lpdaac.earthdatacloud.nasa.gov/lp-prod-protected/HLSL30.020/HLS.L30.T10TEM.2021208T184454.v2.0/HLS.L30.T10TEM.2021208T184454.v2.0.B05.tif
https://data.lpdaac.earthdatacloud.nasa.gov/lp-prod-protected/HLSL30.020/HLS.L30.T10TEM.2021208T184454.v2.0/HLS.L30.T10TEM.2021208T184454.v2.0.B04.tif
https://data.lpdaac.earthdatacloud.nasa.gov/lp-prod-protected/HLSL30.020/HLS.L30.T10TEM.2021208T184454.v2.0/HLS.L30.T10TEM.2021208T184454.v2.0.Fmask.tif
https://data.lpdaac.earthdatacloud.nasa.gov/lp-prod-protected/HLSL30.020/HLS.L30.T10TEM.2021208T184454.v2.0/HLS.L30.T10TEM.2021208T184454.v2.0.B02.tif
Cropped
EVI Calculated
File: HLS.L30.T10TEM.2021208T184454.v2.0.B11 was entirely fill values and will not be exported.
HLS.L30.T10TEL.2021208T184454.v2.0_EVI_cropped.tif
https://data.lpdaac.earthdatacloud.nasa.gov/lp-prod-protected/HLSL30.020/HLS.L30.T10TEL.2021208T184454.v2.0/HLS.L30.T10TEL.2021208T184454.v2.0.B02.tif
https://data.lpdaac.earthdatacloud.nasa.gov/lp-prod-protected/HLSL30.020/HLS.L30.T10TEL.2021208T184454.v2.0/HLS.L30.T10TEL.2021208T184454.v2.0.Fmask.tif
https://data.lpdaac.earthdatacloud.nasa.gov/lp-prod-protected/HLSL30.020/HLS.L30.T10TEL.2021208T184454.v2.0/HLS.L30.T10TEL.2021208T184454.v2.0.B05.tif
https://data.lpdaac.earthdatacloud.nasa.gov/lp-prod-protected/HLSL30.020/HLS.L30.T10TEL.2021208T184454.v2.0/HLS.L30.T10TEL.2021208T184454.v2.0.B04.tif
Cropped
EVI Calculated
File: HLS.L30.T10TEL.2021208T184454.v2.0.SZA was entirely fill values and will not be exported.
HLS.L30.T10TFM.2021208T184454.v2.0_EVI_cropped.tif
https://data.lpdaac.earthdatacloud.nasa.gov/lp-prod-protected/HLSL30.020/HLS.L30.T10TFM.2021208T184454.v2.0/HLS.L30.T10TFM.2021208T184454.v2.0.B04.tif
https://data.lpdaac.earthdatacloud.nasa.gov/lp-prod-protected/HLSL30.020/HLS.L30.T10TFM.2021208T184454.v2.0/HLS.L30.T10TFM.2021208T184454.v2.0.Fmask.tif
https://data.lpdaac.earthdatacloud.nasa.gov/lp-prod-protected/HLSL30.020/HLS.L30.T10TFM.2021208T184454.v2.0/HLS.L30.T10TFM.2021208T184454.v2.0.B05.tif
https://data.lpdaac.earthdatacloud.nasa.gov/lp-prod-protected/HLSL30.020/HLS.L30.T10TFM.2021208T184454.v2.0/HLS.L30.T10TFM.2021208T184454.v2.0.B02.tif
Cropped
EVI Calculated
File: HLS.L30.T10TFM.2021208T184454.v2.0.B04 was entirely fill values and will not be exported.
HLS.L30.T10TFL.2021208T184454.v2.0_EVI_cropped.tif
https://data.lpdaac.earthdatacloud.nasa.gov/lp-prod-protected/HLSL30.020/HLS.L30.T10TFL.2021208T184454.v2.0/HLS.L30.T10TFL.2021208T184454.v2.0.B02.tif
https://data.lpdaac.earthdatacloud.nasa.gov/lp-prod-protected/HLSL30.020/HLS.L30.T10TFL.2021208T184454.v2.0/HLS.L30.T10TFL.2021208T184454.v2.0.Fmask.tif
https://data.lpdaac.earthdatacloud.nasa.gov/lp-prod-protected/HLSL30.020/HLS.L30.T10TFL.2021208T184454.v2.0/HLS.L30.T10TFL.2021208T184454.v2.0.B05.tif
https://data.lpdaac.earthdatacloud.nasa.gov/lp-prod-protected/HLSL30.020/HLS.L30.T10TFL.2021208T184454.v2.0/HLS.L30.T10TFL.2021208T184454.v2.0.B04.tif
Cropped
EVI Calculated
File: HLS.L30.T10TFL.2021208T184454.v2.0.B06 was entirely fill values and will not be exported.
HLS.S30.T10TFM.2021209T184921.v2.0_EVI_cropped.tif
HLS.S30.T10TFM.2021209T184921.v2.0_EVI_cropped.tif has already been processed and is available in this directory, moving to next file.
HLS.S30.T10TEM.2021209T184921.v2.0_EVI_cropped.tif
HLS.S30.T10TEM.2021209T184921.v2.0_EVI_cropped.tif has already been processed and is available in this directory, moving to next file.
HLS.S30.T10TFL.2021209T184921.v2.0_EVI_cropped.tif
HLS.S30.T10TFL.2021209T184921.v2.0_EVI_cropped.tif has already been processed and is available in this directory, moving to next file.
HLS.S30.T10TEL.2021209T184921.v2.0_EVI_cropped.tif
HLS.S30.T10TEL.2021209T184921.v2.0_EVI_cropped.tif has already been processed and is available in this directory, moving to next file.
HLS.S30.T10TEM.2021212T185921.v2.0_EVI_cropped.tif
HLS.S30.T10TEM.2021212T185921.v2.0_EVI_cropped.tif has already been processed and is available in this directory, moving to next file.
HLS.S30.T10TFL.2021212T185921.v2.0_EVI_cropped.tif
https://data.lpdaac.earthdatacloud.nasa.gov/lp-prod-protected/HLSS30.020/HLS.S30.T10TFL.2021212T185921.v2.0/HLS.S30.T10TFL.2021212T185921.v2.0.B8A.tif
https://data.lpdaac.earthdatacloud.nasa.gov/lp-prod-protected/HLSS30.020/HLS.S30.T10TFL.2021212T185921.v2.0/HLS.S30.T10TFL.2021212T185921.v2.0.B04.tif
https://data.lpdaac.earthdatacloud.nasa.gov/lp-prod-protected/HLSS30.020/HLS.S30.T10TFL.2021212T185921.v2.0/HLS.S30.T10TFL.2021212T185921.v2.0.Fmask.tif
https://data.lpdaac.earthdatacloud.nasa.gov/lp-prod-protected/HLSS30.020/HLS.S30.T10TFL.2021212T185921.v2.0/HLS.S30.T10TFL.2021212T185921.v2.0.B02.tif
Cropped
EVI Calculated
File: HLS.S30.T10TFL.2021212T185921.v2.0.B06 was entirely fill values and will not be exported.
HLS.S30.T10TEL.2021212T185921.v2.0_EVI_cropped.tif
HLS.S30.T10TEL.2021212T185921.v2.0_EVI_cropped.tif has already been processed and is available in this directory, moving to next file.
HLS.S30.T10TFM.2021214T184919.v2.0_EVI_cropped.tif
HLS.S30.T10TFM.2021214T184919.v2.0_EVI_cropped.tif has already been processed and is available in this directory, moving to next file.
HLS.S30.T10TEM.2021214T184919.v2.0_EVI_cropped.tif
HLS.S30.T10TEM.2021214T184919.v2.0_EVI_cropped.tif has already been processed and is available in this directory, moving to next file.
HLS.S30.T10TFL.2021214T184919.v2.0_EVI_cropped.tif
HLS.S30.T10TFL.2021214T184919.v2.0_EVI_cropped.tif has already been processed and is available in this directory, moving to next file.
HLS.S30.T10TEL.2021214T184919.v2.0_EVI_cropped.tif
HLS.S30.T10TEL.2021214T184919.v2.0_EVI_cropped.tif has already been processed and is available in this directory, moving to next file.
HLS.L30.T10TFM.2021215T185044.v2.0_EVI_cropped.tif
HLS.L30.T10TFM.2021215T185044.v2.0_EVI_cropped.tif has already been processed and is available in this directory, moving to next file.
HLS.L30.T10TEM.2021215T185044.v2.0_EVI_cropped.tif
HLS.L30.T10TEM.2021215T185044.v2.0_EVI_cropped.tif has already been processed and is available in this directory, moving to next file.
HLS.L30.T10TFL.2021215T185108.v2.0_EVI_cropped.tif
HLS.L30.T10TFL.2021215T185108.v2.0_EVI_cropped.tif has already been processed and is available in this directory, moving to next file.
HLS.L30.T10TEL.2021215T185108.v2.0_EVI_cropped.tif
HLS.L30.T10TEL.2021215T185108.v2.0_EVI_cropped.tif has already been processed and is available in this directory, moving to next file.
HLS.S30.T10TFM.2021217T185919.v2.0_EVI_cropped.tif
HLS.S30.T10TFM.2021217T185919.v2.0_EVI_cropped.tif has already been processed and is available in this directory, moving to next file.
HLS.S30.T10TEM.2021217T185919.v2.0_EVI_cropped.tif
HLS.S30.T10TEM.2021217T185919.v2.0_EVI_cropped.tif has already been processed and is available in this directory, moving to next file.
HLS.S30.T10TFL.2021217T185919.v2.0_EVI_cropped.tif
HLS.S30.T10TFL.2021217T185919.v2.0_EVI_cropped.tif has already been processed and is available in this directory, moving to next file.
HLS.S30.T10TEL.2021217T185919.v2.0_EVI_cropped.tif
HLS.S30.T10TEL.2021217T185919.v2.0_EVI_cropped.tif has already been processed and is available in this directory, moving to next file.
HLS.S30.T10TFM.2021219T184921.v2.0_EVI_cropped.tif
HLS.S30.T10TFM.2021219T184921.v2.0_EVI_cropped.tif has already been processed and is available in this directory, moving to next file.
HLS.S30.T10TEM.2021219T184921.v2.0_EVI_cropped.tif
HLS.S30.T10TEM.2021219T184921.v2.0_EVI_cropped.tif has already been processed and is available in this directory, moving to next file.
HLS.S30.T10TFL.2021219T184921.v2.0_EVI_cropped.tif
HLS.S30.T10TFL.2021219T184921.v2.0_EVI_cropped.tif has already been processed and is available in this directory, moving to next file.
HLS.S30.T10TEL.2021219T184921.v2.0_EVI_cropped.tif
HLS.S30.T10TEL.2021219T184921.v2.0_EVI_cropped.tif has already been processed and is available in this directory, moving to next file.
HLS.L30.T10TEM.2021222T185658.v2.0_EVI_cropped.tif
HLS.L30.T10TEM.2021222T185658.v2.0_EVI_cropped.tif has already been processed and is available in this directory, moving to next file.
HLS.L30.T10TEL.2021222T185721.v2.0_EVI_cropped.tif
HLS.L30.T10TEL.2021222T185721.v2.0_EVI_cropped.tif has already been processed and is available in this directory, moving to next file.
HLS.S30.T10TFM.2021222T185921.v2.0_EVI_cropped.tif
HLS.S30.T10TFM.2021222T185921.v2.0_EVI_cropped.tif has already been processed and is available in this directory, moving to next file.
HLS.S30.T10TEM.2021222T185921.v2.0_EVI_cropped.tif
HLS.S30.T10TEM.2021222T185921.v2.0_EVI_cropped.tif has already been processed and is available in this directory, moving to next file.
HLS.S30.T10TFL.2021222T185921.v2.0_EVI_cropped.tif
HLS.S30.T10TFL.2021222T185921.v2.0_EVI_cropped.tif has already been processed and is available in this directory, moving to next file.
HLS.S30.T10TEL.2021222T185921.v2.0_EVI_cropped.tif
https://data.lpdaac.earthdatacloud.nasa.gov/lp-prod-protected/HLSS30.020/HLS.S30.T10TEL.2021222T185921.v2.0/HLS.S30.T10TEL.2021222T185921.v2.0.B02.tif
https://data.lpdaac.earthdatacloud.nasa.gov/lp-prod-protected/HLSS30.020/HLS.S30.T10TEL.2021222T185921.v2.0/HLS.S30.T10TEL.2021222T185921.v2.0.Fmask.tif
https://data.lpdaac.earthdatacloud.nasa.gov/lp-prod-protected/HLSS30.020/HLS.S30.T10TEL.2021222T185921.v2.0/HLS.S30.T10TEL.2021222T185921.v2.0.B04.tif
https://data.lpdaac.earthdatacloud.nasa.gov/lp-prod-protected/HLSS30.020/HLS.S30.T10TEL.2021222T185921.v2.0/HLS.S30.T10TEL.2021222T185921.v2.0.B8A.tif
Cropped
EVI Calculated
Processed file 290 of 335
HLS.L30.T10TFM.2021224T184501.v2.0_EVI_cropped.tif
https://data.lpdaac.earthdatacloud.nasa.gov/lp-prod-protected/HLSL30.020/HLS.L30.T10TFM.2021224T184501.v2.0/HLS.L30.T10TFM.2021224T184501.v2.0.Fmask.tif
https://data.lpdaac.earthdatacloud.nasa.gov/lp-prod-protected/HLSL30.020/HLS.L30.T10TFM.2021224T184501.v2.0/HLS.L30.T10TFM.2021224T184501.v2.0.B05.tif
https://data.lpdaac.earthdatacloud.nasa.gov/lp-prod-protected/HLSL30.020/HLS.L30.T10TFM.2021224T184501.v2.0/HLS.L30.T10TFM.2021224T184501.v2.0.B02.tif
https://data.lpdaac.earthdatacloud.nasa.gov/lp-prod-protected/HLSL30.020/HLS.L30.T10TFM.2021224T184501.v2.0/HLS.L30.T10TFM.2021224T184501.v2.0.B04.tif
Cropped
EVI Calculated
Processed file 291 of 335
HLS.L30.T10TEL.2021224T184501.v2.0_EVI_cropped.tif
https://data.lpdaac.earthdatacloud.nasa.gov/lp-prod-protected/HLSL30.020/HLS.L30.T10TEL.2021224T184501.v2.0/HLS.L30.T10TEL.2021224T184501.v2.0.B05.tif
https://data.lpdaac.earthdatacloud.nasa.gov/lp-prod-protected/HLSL30.020/HLS.L30.T10TEL.2021224T184501.v2.0/HLS.L30.T10TEL.2021224T184501.v2.0.B02.tif
https://data.lpdaac.earthdatacloud.nasa.gov/lp-prod-protected/HLSL30.020/HLS.L30.T10TEL.2021224T184501.v2.0/HLS.L30.T10TEL.2021224T184501.v2.0.Fmask.tif
https://data.lpdaac.earthdatacloud.nasa.gov/lp-prod-protected/HLSL30.020/HLS.L30.T10TEL.2021224T184501.v2.0/HLS.L30.T10TEL.2021224T184501.v2.0.B04.tif
Cropped
EVI Calculated
Processed file 292 of 335
HLS.L30.T10TEM.2021224T184501.v2.0_EVI_cropped.tif
https://data.lpdaac.earthdatacloud.nasa.gov/lp-prod-protected/HLSL30.020/HLS.L30.T10TEM.2021224T184501.v2.0/HLS.L30.T10TEM.2021224T184501.v2.0.B02.tif
https://data.lpdaac.earthdatacloud.nasa.gov/lp-prod-protected/HLSL30.020/HLS.L30.T10TEM.2021224T184501.v2.0/HLS.L30.T10TEM.2021224T184501.v2.0.B05.tif
https://data.lpdaac.earthdatacloud.nasa.gov/lp-prod-protected/HLSL30.020/HLS.L30.T10TEM.2021224T184501.v2.0/HLS.L30.T10TEM.2021224T184501.v2.0.Fmask.tif
https://data.lpdaac.earthdatacloud.nasa.gov/lp-prod-protected/HLSL30.020/HLS.L30.T10TEM.2021224T184501.v2.0/HLS.L30.T10TEM.2021224T184501.v2.0.B04.tif
Cropped
EVI Calculated
Processed file 293 of 335
HLS.L30.T10TFL.2021224T184501.v2.0_EVI_cropped.tif
https://data.lpdaac.earthdatacloud.nasa.gov/lp-prod-protected/HLSL30.020/HLS.L30.T10TFL.2021224T184501.v2.0/HLS.L30.T10TFL.2021224T184501.v2.0.B04.tif
https://data.lpdaac.earthdatacloud.nasa.gov/lp-prod-protected/HLSL30.020/HLS.L30.T10TFL.2021224T184501.v2.0/HLS.L30.T10TFL.2021224T184501.v2.0.Fmask.tif
https://data.lpdaac.earthdatacloud.nasa.gov/lp-prod-protected/HLSL30.020/HLS.L30.T10TFL.2021224T184501.v2.0/HLS.L30.T10TFL.2021224T184501.v2.0.B02.tif
https://data.lpdaac.earthdatacloud.nasa.gov/lp-prod-protected/HLSL30.020/HLS.L30.T10TFL.2021224T184501.v2.0/HLS.L30.T10TFL.2021224T184501.v2.0.B05.tif
Cropped
EVI Calculated
Processed file 294 of 335
HLS.S30.T10TFM.2021224T184919.v2.0_EVI_cropped.tif
https://data.lpdaac.earthdatacloud.nasa.gov/lp-prod-protected/HLSS30.020/HLS.S30.T10TFM.2021224T184919.v2.0/HLS.S30.T10TFM.2021224T184919.v2.0.B8A.tif
https://data.lpdaac.earthdatacloud.nasa.gov/lp-prod-protected/HLSS30.020/HLS.S30.T10TFM.2021224T184919.v2.0/HLS.S30.T10TFM.2021224T184919.v2.0.B02.tif
https://data.lpdaac.earthdatacloud.nasa.gov/lp-prod-protected/HLSS30.020/HLS.S30.T10TFM.2021224T184919.v2.0/HLS.S30.T10TFM.2021224T184919.v2.0.Fmask.tif
https://data.lpdaac.earthdatacloud.nasa.gov/lp-prod-protected/HLSS30.020/HLS.S30.T10TFM.2021224T184919.v2.0/HLS.S30.T10TFM.2021224T184919.v2.0.B04.tif
Cropped
EVI Calculated
Processed file 295 of 335
HLS.S30.T10TEM.2021224T184919.v2.0_EVI_cropped.tif
https://data.lpdaac.earthdatacloud.nasa.gov/lp-prod-protected/HLSS30.020/HLS.S30.T10TEM.2021224T184919.v2.0/HLS.S30.T10TEM.2021224T184919.v2.0.B04.tif
https://data.lpdaac.earthdatacloud.nasa.gov/lp-prod-protected/HLSS30.020/HLS.S30.T10TEM.2021224T184919.v2.0/HLS.S30.T10TEM.2021224T184919.v2.0.Fmask.tif
https://data.lpdaac.earthdatacloud.nasa.gov/lp-prod-protected/HLSS30.020/HLS.S30.T10TEM.2021224T184919.v2.0/HLS.S30.T10TEM.2021224T184919.v2.0.B02.tif
https://data.lpdaac.earthdatacloud.nasa.gov/lp-prod-protected/HLSS30.020/HLS.S30.T10TEM.2021224T184919.v2.0/HLS.S30.T10TEM.2021224T184919.v2.0.B8A.tif
Cropped
EVI Calculated
Processed file 296 of 335
HLS.S30.T10TFL.2021224T184919.v2.0_EVI_cropped.tif
https://data.lpdaac.earthdatacloud.nasa.gov/lp-prod-protected/HLSS30.020/HLS.S30.T10TFL.2021224T184919.v2.0/HLS.S30.T10TFL.2021224T184919.v2.0.Fmask.tif
https://data.lpdaac.earthdatacloud.nasa.gov/lp-prod-protected/HLSS30.020/HLS.S30.T10TFL.2021224T184919.v2.0/HLS.S30.T10TFL.2021224T184919.v2.0.B8A.tif
https://data.lpdaac.earthdatacloud.nasa.gov/lp-prod-protected/HLSS30.020/HLS.S30.T10TFL.2021224T184919.v2.0/HLS.S30.T10TFL.2021224T184919.v2.0.B02.tif
https://data.lpdaac.earthdatacloud.nasa.gov/lp-prod-protected/HLSS30.020/HLS.S30.T10TFL.2021224T184919.v2.0/HLS.S30.T10TFL.2021224T184919.v2.0.B04.tif
Cropped
EVI Calculated
Processed file 297 of 335
HLS.S30.T10TEL.2021224T184919.v2.0_EVI_cropped.tif
https://data.lpdaac.earthdatacloud.nasa.gov/lp-prod-protected/HLSS30.020/HLS.S30.T10TEL.2021224T184919.v2.0/HLS.S30.T10TEL.2021224T184919.v2.0.B02.tif
https://data.lpdaac.earthdatacloud.nasa.gov/lp-prod-protected/HLSS30.020/HLS.S30.T10TEL.2021224T184919.v2.0/HLS.S30.T10TEL.2021224T184919.v2.0.Fmask.tif
https://data.lpdaac.earthdatacloud.nasa.gov/lp-prod-protected/HLSS30.020/HLS.S30.T10TEL.2021224T184919.v2.0/HLS.S30.T10TEL.2021224T184919.v2.0.B04.tif
https://data.lpdaac.earthdatacloud.nasa.gov/lp-prod-protected/HLSS30.020/HLS.S30.T10TEL.2021224T184919.v2.0/HLS.S30.T10TEL.2021224T184919.v2.0.B8A.tif
Cropped
EVI Calculated
Processed file 298 of 335
HLS.S30.T10TFM.2021227T185919.v2.0_EVI_cropped.tif
https://data.lpdaac.earthdatacloud.nasa.gov/lp-prod-protected/HLSS30.020/HLS.S30.T10TFM.2021227T185919.v2.0/HLS.S30.T10TFM.2021227T185919.v2.0.B04.tif
https://data.lpdaac.earthdatacloud.nasa.gov/lp-prod-protected/HLSS30.020/HLS.S30.T10TFM.2021227T185919.v2.0/HLS.S30.T10TFM.2021227T185919.v2.0.B8A.tif
https://data.lpdaac.earthdatacloud.nasa.gov/lp-prod-protected/HLSS30.020/HLS.S30.T10TFM.2021227T185919.v2.0/HLS.S30.T10TFM.2021227T185919.v2.0.Fmask.tif
https://data.lpdaac.earthdatacloud.nasa.gov/lp-prod-protected/HLSS30.020/HLS.S30.T10TFM.2021227T185919.v2.0/HLS.S30.T10TFM.2021227T185919.v2.0.B02.tif
Cropped
EVI Calculated
Processed file 299 of 335
HLS.S30.T10TEM.2021227T185919.v2.0_EVI_cropped.tif
https://data.lpdaac.earthdatacloud.nasa.gov/lp-prod-protected/HLSS30.020/HLS.S30.T10TEM.2021227T185919.v2.0/HLS.S30.T10TEM.2021227T185919.v2.0.B04.tif
https://data.lpdaac.earthdatacloud.nasa.gov/lp-prod-protected/HLSS30.020/HLS.S30.T10TEM.2021227T185919.v2.0/HLS.S30.T10TEM.2021227T185919.v2.0.B8A.tif
https://data.lpdaac.earthdatacloud.nasa.gov/lp-prod-protected/HLSS30.020/HLS.S30.T10TEM.2021227T185919.v2.0/HLS.S30.T10TEM.2021227T185919.v2.0.B02.tif
https://data.lpdaac.earthdatacloud.nasa.gov/lp-prod-protected/HLSS30.020/HLS.S30.T10TEM.2021227T185919.v2.0/HLS.S30.T10TEM.2021227T185919.v2.0.Fmask.tif
Cropped
EVI Calculated
Processed file 300 of 335
HLS.S30.T10TFL.2021227T185919.v2.0_EVI_cropped.tif
https://data.lpdaac.earthdatacloud.nasa.gov/lp-prod-protected/HLSS30.020/HLS.S30.T10TFL.2021227T185919.v2.0/HLS.S30.T10TFL.2021227T185919.v2.0.B04.tif
https://data.lpdaac.earthdatacloud.nasa.gov/lp-prod-protected/HLSS30.020/HLS.S30.T10TFL.2021227T185919.v2.0/HLS.S30.T10TFL.2021227T185919.v2.0.Fmask.tif
https://data.lpdaac.earthdatacloud.nasa.gov/lp-prod-protected/HLSS30.020/HLS.S30.T10TFL.2021227T185919.v2.0/HLS.S30.T10TFL.2021227T185919.v2.0.B8A.tif
https://data.lpdaac.earthdatacloud.nasa.gov/lp-prod-protected/HLSS30.020/HLS.S30.T10TFL.2021227T185919.v2.0/HLS.S30.T10TFL.2021227T185919.v2.0.B02.tif
Cropped
EVI Calculated
File: HLS.S30.T10TFL.2021227T185919.v2.0.B04 was entirely fill values and will not be exported.
HLS.S30.T10TEL.2021227T185919.v2.0_EVI_cropped.tif
https://data.lpdaac.earthdatacloud.nasa.gov/lp-prod-protected/HLSS30.020/HLS.S30.T10TEL.2021227T185919.v2.0/HLS.S30.T10TEL.2021227T185919.v2.0.Fmask.tif
https://data.lpdaac.earthdatacloud.nasa.gov/lp-prod-protected/HLSS30.020/HLS.S30.T10TEL.2021227T185919.v2.0/HLS.S30.T10TEL.2021227T185919.v2.0.B8A.tif
https://data.lpdaac.earthdatacloud.nasa.gov/lp-prod-protected/HLSS30.020/HLS.S30.T10TEL.2021227T185919.v2.0/HLS.S30.T10TEL.2021227T185919.v2.0.B02.tif
https://data.lpdaac.earthdatacloud.nasa.gov/lp-prod-protected/HLSS30.020/HLS.S30.T10TEL.2021227T185919.v2.0/HLS.S30.T10TEL.2021227T185919.v2.0.B04.tif
Cropped
EVI Calculated
Processed file 302 of 335
HLS.S30.T10TFM.2021229T184921.v2.0_EVI_cropped.tif
https://data.lpdaac.earthdatacloud.nasa.gov/lp-prod-protected/HLSS30.020/HLS.S30.T10TFM.2021229T184921.v2.0/HLS.S30.T10TFM.2021229T184921.v2.0.B02.tif
https://data.lpdaac.earthdatacloud.nasa.gov/lp-prod-protected/HLSS30.020/HLS.S30.T10TFM.2021229T184921.v2.0/HLS.S30.T10TFM.2021229T184921.v2.0.B04.tif
https://data.lpdaac.earthdatacloud.nasa.gov/lp-prod-protected/HLSS30.020/HLS.S30.T10TFM.2021229T184921.v2.0/HLS.S30.T10TFM.2021229T184921.v2.0.B8A.tif
https://data.lpdaac.earthdatacloud.nasa.gov/lp-prod-protected/HLSS30.020/HLS.S30.T10TFM.2021229T184921.v2.0/HLS.S30.T10TFM.2021229T184921.v2.0.Fmask.tif
Cropped
EVI Calculated
Processed file 303 of 335
HLS.S30.T10TEM.2021229T184921.v2.0_EVI_cropped.tif
https://data.lpdaac.earthdatacloud.nasa.gov/lp-prod-protected/HLSS30.020/HLS.S30.T10TEM.2021229T184921.v2.0/HLS.S30.T10TEM.2021229T184921.v2.0.B8A.tif
https://data.lpdaac.earthdatacloud.nasa.gov/lp-prod-protected/HLSS30.020/HLS.S30.T10TEM.2021229T184921.v2.0/HLS.S30.T10TEM.2021229T184921.v2.0.B04.tif
https://data.lpdaac.earthdatacloud.nasa.gov/lp-prod-protected/HLSS30.020/HLS.S30.T10TEM.2021229T184921.v2.0/HLS.S30.T10TEM.2021229T184921.v2.0.B02.tif
https://data.lpdaac.earthdatacloud.nasa.gov/lp-prod-protected/HLSS30.020/HLS.S30.T10TEM.2021229T184921.v2.0/HLS.S30.T10TEM.2021229T184921.v2.0.Fmask.tif
Cropped
EVI Calculated
Processed file 304 of 335
HLS.S30.T10TFL.2021229T184921.v2.0_EVI_cropped.tif
https://data.lpdaac.earthdatacloud.nasa.gov/lp-prod-protected/HLSS30.020/HLS.S30.T10TFL.2021229T184921.v2.0/HLS.S30.T10TFL.2021229T184921.v2.0.B04.tif
https://data.lpdaac.earthdatacloud.nasa.gov/lp-prod-protected/HLSS30.020/HLS.S30.T10TFL.2021229T184921.v2.0/HLS.S30.T10TFL.2021229T184921.v2.0.Fmask.tif
https://data.lpdaac.earthdatacloud.nasa.gov/lp-prod-protected/HLSS30.020/HLS.S30.T10TFL.2021229T184921.v2.0/HLS.S30.T10TFL.2021229T184921.v2.0.B02.tif
https://data.lpdaac.earthdatacloud.nasa.gov/lp-prod-protected/HLSS30.020/HLS.S30.T10TFL.2021229T184921.v2.0/HLS.S30.T10TFL.2021229T184921.v2.0.B8A.tif
Cropped
EVI Calculated
Processed file 305 of 335
HLS.S30.T10TEL.2021229T184921.v2.0_EVI_cropped.tif
https://data.lpdaac.earthdatacloud.nasa.gov/lp-prod-protected/HLSS30.020/HLS.S30.T10TEL.2021229T184921.v2.0/HLS.S30.T10TEL.2021229T184921.v2.0.B02.tif
https://data.lpdaac.earthdatacloud.nasa.gov/lp-prod-protected/HLSS30.020/HLS.S30.T10TEL.2021229T184921.v2.0/HLS.S30.T10TEL.2021229T184921.v2.0.Fmask.tif
https://data.lpdaac.earthdatacloud.nasa.gov/lp-prod-protected/HLSS30.020/HLS.S30.T10TEL.2021229T184921.v2.0/HLS.S30.T10TEL.2021229T184921.v2.0.B8A.tif
https://data.lpdaac.earthdatacloud.nasa.gov/lp-prod-protected/HLSS30.020/HLS.S30.T10TEL.2021229T184921.v2.0/HLS.S30.T10TEL.2021229T184921.v2.0.B04.tif
Cropped
EVI Calculated
Processed file 306 of 335
HLS.L30.T10TFM.2021231T185050.v2.0_EVI_cropped.tif
https://data.lpdaac.earthdatacloud.nasa.gov/lp-prod-protected/HLSL30.020/HLS.L30.T10TFM.2021231T185050.v2.0/HLS.L30.T10TFM.2021231T185050.v2.0.Fmask.tif
https://data.lpdaac.earthdatacloud.nasa.gov/lp-prod-protected/HLSL30.020/HLS.L30.T10TFM.2021231T185050.v2.0/HLS.L30.T10TFM.2021231T185050.v2.0.B04.tif
https://data.lpdaac.earthdatacloud.nasa.gov/lp-prod-protected/HLSL30.020/HLS.L30.T10TFM.2021231T185050.v2.0/HLS.L30.T10TFM.2021231T185050.v2.0.B02.tif
https://data.lpdaac.earthdatacloud.nasa.gov/lp-prod-protected/HLSL30.020/HLS.L30.T10TFM.2021231T185050.v2.0/HLS.L30.T10TFM.2021231T185050.v2.0.B05.tif
Cropped
EVI Calculated
Processed file 307 of 335
HLS.L30.T10TEM.2021231T185050.v2.0_EVI_cropped.tif
https://data.lpdaac.earthdatacloud.nasa.gov/lp-prod-protected/HLSL30.020/HLS.L30.T10TEM.2021231T185050.v2.0/HLS.L30.T10TEM.2021231T185050.v2.0.B04.tif
https://data.lpdaac.earthdatacloud.nasa.gov/lp-prod-protected/HLSL30.020/HLS.L30.T10TEM.2021231T185050.v2.0/HLS.L30.T10TEM.2021231T185050.v2.0.B02.tif
https://data.lpdaac.earthdatacloud.nasa.gov/lp-prod-protected/HLSL30.020/HLS.L30.T10TEM.2021231T185050.v2.0/HLS.L30.T10TEM.2021231T185050.v2.0.B05.tif
https://data.lpdaac.earthdatacloud.nasa.gov/lp-prod-protected/HLSL30.020/HLS.L30.T10TEM.2021231T185050.v2.0/HLS.L30.T10TEM.2021231T185050.v2.0.Fmask.tif
Cropped
EVI Calculated
Processed file 308 of 335
HLS.L30.T10TEL.2021231T185113.v2.0_EVI_cropped.tif
https://data.lpdaac.earthdatacloud.nasa.gov/lp-prod-protected/HLSL30.020/HLS.L30.T10TEL.2021231T185113.v2.0/HLS.L30.T10TEL.2021231T185113.v2.0.Fmask.tif
https://data.lpdaac.earthdatacloud.nasa.gov/lp-prod-protected/HLSL30.020/HLS.L30.T10TEL.2021231T185113.v2.0/HLS.L30.T10TEL.2021231T185113.v2.0.B02.tif
https://data.lpdaac.earthdatacloud.nasa.gov/lp-prod-protected/HLSL30.020/HLS.L30.T10TEL.2021231T185113.v2.0/HLS.L30.T10TEL.2021231T185113.v2.0.B04.tif
https://data.lpdaac.earthdatacloud.nasa.gov/lp-prod-protected/HLSL30.020/HLS.L30.T10TEL.2021231T185113.v2.0/HLS.L30.T10TEL.2021231T185113.v2.0.B05.tif
Cropped
EVI Calculated
Processed file 309 of 335
HLS.L30.T10TFL.2021231T185113.v2.0_EVI_cropped.tif
https://data.lpdaac.earthdatacloud.nasa.gov/lp-prod-protected/HLSL30.020/HLS.L30.T10TFL.2021231T185113.v2.0/HLS.L30.T10TFL.2021231T185113.v2.0.B02.tif
https://data.lpdaac.earthdatacloud.nasa.gov/lp-prod-protected/HLSL30.020/HLS.L30.T10TFL.2021231T185113.v2.0/HLS.L30.T10TFL.2021231T185113.v2.0.Fmask.tif
https://data.lpdaac.earthdatacloud.nasa.gov/lp-prod-protected/HLSL30.020/HLS.L30.T10TFL.2021231T185113.v2.0/HLS.L30.T10TFL.2021231T185113.v2.0.B04.tif
https://data.lpdaac.earthdatacloud.nasa.gov/lp-prod-protected/HLSL30.020/HLS.L30.T10TFL.2021231T185113.v2.0/HLS.L30.T10TFL.2021231T185113.v2.0.B05.tif
Cropped
EVI Calculated
Processed file 310 of 335
HLS.S30.T10TFM.2021232T185921.v2.0_EVI_cropped.tif
https://data.lpdaac.earthdatacloud.nasa.gov/lp-prod-protected/HLSS30.020/HLS.S30.T10TFM.2021232T185921.v2.0/HLS.S30.T10TFM.2021232T185921.v2.0.B8A.tif
https://data.lpdaac.earthdatacloud.nasa.gov/lp-prod-protected/HLSS30.020/HLS.S30.T10TFM.2021232T185921.v2.0/HLS.S30.T10TFM.2021232T185921.v2.0.B04.tif
https://data.lpdaac.earthdatacloud.nasa.gov/lp-prod-protected/HLSS30.020/HLS.S30.T10TFM.2021232T185921.v2.0/HLS.S30.T10TFM.2021232T185921.v2.0.Fmask.tif
https://data.lpdaac.earthdatacloud.nasa.gov/lp-prod-protected/HLSS30.020/HLS.S30.T10TFM.2021232T185921.v2.0/HLS.S30.T10TFM.2021232T185921.v2.0.B02.tif
Cropped
EVI Calculated
Processed file 311 of 335
HLS.S30.T10TEM.2021232T185921.v2.0_EVI_cropped.tif
https://data.lpdaac.earthdatacloud.nasa.gov/lp-prod-protected/HLSS30.020/HLS.S30.T10TEM.2021232T185921.v2.0/HLS.S30.T10TEM.2021232T185921.v2.0.B04.tif
https://data.lpdaac.earthdatacloud.nasa.gov/lp-prod-protected/HLSS30.020/HLS.S30.T10TEM.2021232T185921.v2.0/HLS.S30.T10TEM.2021232T185921.v2.0.Fmask.tif
https://data.lpdaac.earthdatacloud.nasa.gov/lp-prod-protected/HLSS30.020/HLS.S30.T10TEM.2021232T185921.v2.0/HLS.S30.T10TEM.2021232T185921.v2.0.B02.tif
https://data.lpdaac.earthdatacloud.nasa.gov/lp-prod-protected/HLSS30.020/HLS.S30.T10TEM.2021232T185921.v2.0/HLS.S30.T10TEM.2021232T185921.v2.0.B8A.tif
Cropped
EVI Calculated
Processed file 312 of 335
HLS.S30.T10TFL.2021232T185921.v2.0_EVI_cropped.tif
https://data.lpdaac.earthdatacloud.nasa.gov/lp-prod-protected/HLSS30.020/HLS.S30.T10TFL.2021232T185921.v2.0/HLS.S30.T10TFL.2021232T185921.v2.0.Fmask.tif
https://data.lpdaac.earthdatacloud.nasa.gov/lp-prod-protected/HLSS30.020/HLS.S30.T10TFL.2021232T185921.v2.0/HLS.S30.T10TFL.2021232T185921.v2.0.B8A.tif
https://data.lpdaac.earthdatacloud.nasa.gov/lp-prod-protected/HLSS30.020/HLS.S30.T10TFL.2021232T185921.v2.0/HLS.S30.T10TFL.2021232T185921.v2.0.B04.tif
https://data.lpdaac.earthdatacloud.nasa.gov/lp-prod-protected/HLSS30.020/HLS.S30.T10TFL.2021232T185921.v2.0/HLS.S30.T10TFL.2021232T185921.v2.0.B02.tif
Cropped
EVI Calculated
Processed file 313 of 335
HLS.S30.T10TEL.2021232T185921.v2.0_EVI_cropped.tif
https://data.lpdaac.earthdatacloud.nasa.gov/lp-prod-protected/HLSS30.020/HLS.S30.T10TEL.2021232T185921.v2.0/HLS.S30.T10TEL.2021232T185921.v2.0.Fmask.tif
https://data.lpdaac.earthdatacloud.nasa.gov/lp-prod-protected/HLSS30.020/HLS.S30.T10TEL.2021232T185921.v2.0/HLS.S30.T10TEL.2021232T185921.v2.0.B04.tif
https://data.lpdaac.earthdatacloud.nasa.gov/lp-prod-protected/HLSS30.020/HLS.S30.T10TEL.2021232T185921.v2.0/HLS.S30.T10TEL.2021232T185921.v2.0.B8A.tif
https://data.lpdaac.earthdatacloud.nasa.gov/lp-prod-protected/HLSS30.020/HLS.S30.T10TEL.2021232T185921.v2.0/HLS.S30.T10TEL.2021232T185921.v2.0.B02.tif
Cropped
EVI Calculated
Processed file 314 of 335
HLS.S30.T10TFM.2021234T184919.v2.0_EVI_cropped.tif
https://data.lpdaac.earthdatacloud.nasa.gov/lp-prod-protected/HLSS30.020/HLS.S30.T10TFM.2021234T184919.v2.0/HLS.S30.T10TFM.2021234T184919.v2.0.B8A.tif
https://data.lpdaac.earthdatacloud.nasa.gov/lp-prod-protected/HLSS30.020/HLS.S30.T10TFM.2021234T184919.v2.0/HLS.S30.T10TFM.2021234T184919.v2.0.B02.tif
https://data.lpdaac.earthdatacloud.nasa.gov/lp-prod-protected/HLSS30.020/HLS.S30.T10TFM.2021234T184919.v2.0/HLS.S30.T10TFM.2021234T184919.v2.0.B04.tif
https://data.lpdaac.earthdatacloud.nasa.gov/lp-prod-protected/HLSS30.020/HLS.S30.T10TFM.2021234T184919.v2.0/HLS.S30.T10TFM.2021234T184919.v2.0.Fmask.tif
Cropped
EVI Calculated
Processed file 315 of 335
HLS.S30.T10TEM.2021234T184919.v2.0_EVI_cropped.tif
https://data.lpdaac.earthdatacloud.nasa.gov/lp-prod-protected/HLSS30.020/HLS.S30.T10TEM.2021234T184919.v2.0/HLS.S30.T10TEM.2021234T184919.v2.0.B8A.tif
https://data.lpdaac.earthdatacloud.nasa.gov/lp-prod-protected/HLSS30.020/HLS.S30.T10TEM.2021234T184919.v2.0/HLS.S30.T10TEM.2021234T184919.v2.0.B04.tif
https://data.lpdaac.earthdatacloud.nasa.gov/lp-prod-protected/HLSS30.020/HLS.S30.T10TEM.2021234T184919.v2.0/HLS.S30.T10TEM.2021234T184919.v2.0.Fmask.tif
https://data.lpdaac.earthdatacloud.nasa.gov/lp-prod-protected/HLSS30.020/HLS.S30.T10TEM.2021234T184919.v2.0/HLS.S30.T10TEM.2021234T184919.v2.0.B02.tif
Cropped
EVI Calculated
Processed file 316 of 335
HLS.S30.T10TFL.2021234T184919.v2.0_EVI_cropped.tif
https://data.lpdaac.earthdatacloud.nasa.gov/lp-prod-protected/HLSS30.020/HLS.S30.T10TFL.2021234T184919.v2.0/HLS.S30.T10TFL.2021234T184919.v2.0.B04.tif
https://data.lpdaac.earthdatacloud.nasa.gov/lp-prod-protected/HLSS30.020/HLS.S30.T10TFL.2021234T184919.v2.0/HLS.S30.T10TFL.2021234T184919.v2.0.Fmask.tif
https://data.lpdaac.earthdatacloud.nasa.gov/lp-prod-protected/HLSS30.020/HLS.S30.T10TFL.2021234T184919.v2.0/HLS.S30.T10TFL.2021234T184919.v2.0.B8A.tif
https://data.lpdaac.earthdatacloud.nasa.gov/lp-prod-protected/HLSS30.020/HLS.S30.T10TFL.2021234T184919.v2.0/HLS.S30.T10TFL.2021234T184919.v2.0.B02.tif
Cropped
EVI Calculated
Processed file 317 of 335
HLS.S30.T10TEL.2021234T184919.v2.0_EVI_cropped.tif
https://data.lpdaac.earthdatacloud.nasa.gov/lp-prod-protected/HLSS30.020/HLS.S30.T10TEL.2021234T184919.v2.0/HLS.S30.T10TEL.2021234T184919.v2.0.B04.tif
https://data.lpdaac.earthdatacloud.nasa.gov/lp-prod-protected/HLSS30.020/HLS.S30.T10TEL.2021234T184919.v2.0/HLS.S30.T10TEL.2021234T184919.v2.0.B02.tif
https://data.lpdaac.earthdatacloud.nasa.gov/lp-prod-protected/HLSS30.020/HLS.S30.T10TEL.2021234T184919.v2.0/HLS.S30.T10TEL.2021234T184919.v2.0.Fmask.tif
https://data.lpdaac.earthdatacloud.nasa.gov/lp-prod-protected/HLSS30.020/HLS.S30.T10TEL.2021234T184919.v2.0/HLS.S30.T10TEL.2021234T184919.v2.0.B8A.tif
Cropped
EVI Calculated
Processed file 318 of 335
HLS.S30.T10TFM.2021237T185919.v2.0_EVI_cropped.tif
https://data.lpdaac.earthdatacloud.nasa.gov/lp-prod-protected/HLSS30.020/HLS.S30.T10TFM.2021237T185919.v2.0/HLS.S30.T10TFM.2021237T185919.v2.0.B04.tif
https://data.lpdaac.earthdatacloud.nasa.gov/lp-prod-protected/HLSS30.020/HLS.S30.T10TFM.2021237T185919.v2.0/HLS.S30.T10TFM.2021237T185919.v2.0.Fmask.tif
https://data.lpdaac.earthdatacloud.nasa.gov/lp-prod-protected/HLSS30.020/HLS.S30.T10TFM.2021237T185919.v2.0/HLS.S30.T10TFM.2021237T185919.v2.0.B02.tif
https://data.lpdaac.earthdatacloud.nasa.gov/lp-prod-protected/HLSS30.020/HLS.S30.T10TFM.2021237T185919.v2.0/HLS.S30.T10TFM.2021237T185919.v2.0.B8A.tif
Cropped
EVI Calculated
Processed file 319 of 335
HLS.S30.T10TEM.2021237T185919.v2.0_EVI_cropped.tif
https://data.lpdaac.earthdatacloud.nasa.gov/lp-prod-protected/HLSS30.020/HLS.S30.T10TEM.2021237T185919.v2.0/HLS.S30.T10TEM.2021237T185919.v2.0.B04.tif
https://data.lpdaac.earthdatacloud.nasa.gov/lp-prod-protected/HLSS30.020/HLS.S30.T10TEM.2021237T185919.v2.0/HLS.S30.T10TEM.2021237T185919.v2.0.B8A.tif
https://data.lpdaac.earthdatacloud.nasa.gov/lp-prod-protected/HLSS30.020/HLS.S30.T10TEM.2021237T185919.v2.0/HLS.S30.T10TEM.2021237T185919.v2.0.Fmask.tif
https://data.lpdaac.earthdatacloud.nasa.gov/lp-prod-protected/HLSS30.020/HLS.S30.T10TEM.2021237T185919.v2.0/HLS.S30.T10TEM.2021237T185919.v2.0.B02.tif
Cropped
EVI Calculated
Processed file 320 of 335
HLS.S30.T10TFL.2021237T185919.v2.0_EVI_cropped.tif
https://data.lpdaac.earthdatacloud.nasa.gov/lp-prod-protected/HLSS30.020/HLS.S30.T10TFL.2021237T185919.v2.0/HLS.S30.T10TFL.2021237T185919.v2.0.B8A.tif
https://data.lpdaac.earthdatacloud.nasa.gov/lp-prod-protected/HLSS30.020/HLS.S30.T10TFL.2021237T185919.v2.0/HLS.S30.T10TFL.2021237T185919.v2.0.B02.tif
https://data.lpdaac.earthdatacloud.nasa.gov/lp-prod-protected/HLSS30.020/HLS.S30.T10TFL.2021237T185919.v2.0/HLS.S30.T10TFL.2021237T185919.v2.0.B04.tif
https://data.lpdaac.earthdatacloud.nasa.gov/lp-prod-protected/HLSS30.020/HLS.S30.T10TFL.2021237T185919.v2.0/HLS.S30.T10TFL.2021237T185919.v2.0.Fmask.tif
Cropped
EVI Calculated
Processed file 321 of 335
HLS.S30.T10TEL.2021237T185919.v2.0_EVI_cropped.tif
https://data.lpdaac.earthdatacloud.nasa.gov/lp-prod-protected/HLSS30.020/HLS.S30.T10TEL.2021237T185919.v2.0/HLS.S30.T10TEL.2021237T185919.v2.0.Fmask.tif
https://data.lpdaac.earthdatacloud.nasa.gov/lp-prod-protected/HLSS30.020/HLS.S30.T10TEL.2021237T185919.v2.0/HLS.S30.T10TEL.2021237T185919.v2.0.B8A.tif
https://data.lpdaac.earthdatacloud.nasa.gov/lp-prod-protected/HLSS30.020/HLS.S30.T10TEL.2021237T185919.v2.0/HLS.S30.T10TEL.2021237T185919.v2.0.B04.tif
https://data.lpdaac.earthdatacloud.nasa.gov/lp-prod-protected/HLSS30.020/HLS.S30.T10TEL.2021237T185919.v2.0/HLS.S30.T10TEL.2021237T185919.v2.0.B02.tif
Cropped
EVI Calculated
Processed file 322 of 335
HLS.L30.T10TEM.2021238T185702.v2.0_EVI_cropped.tif
https://data.lpdaac.earthdatacloud.nasa.gov/lp-prod-protected/HLSL30.020/HLS.L30.T10TEM.2021238T185702.v2.0/HLS.L30.T10TEM.2021238T185702.v2.0.B05.tif
https://data.lpdaac.earthdatacloud.nasa.gov/lp-prod-protected/HLSL30.020/HLS.L30.T10TEM.2021238T185702.v2.0/HLS.L30.T10TEM.2021238T185702.v2.0.B02.tif
https://data.lpdaac.earthdatacloud.nasa.gov/lp-prod-protected/HLSL30.020/HLS.L30.T10TEM.2021238T185702.v2.0/HLS.L30.T10TEM.2021238T185702.v2.0.Fmask.tif
https://data.lpdaac.earthdatacloud.nasa.gov/lp-prod-protected/HLSL30.020/HLS.L30.T10TEM.2021238T185702.v2.0/HLS.L30.T10TEM.2021238T185702.v2.0.B04.tif
Cropped
EVI Calculated
Processed file 323 of 335
HLS.L30.T10TEL.2021238T185726.v2.0_EVI_cropped.tif
https://data.lpdaac.earthdatacloud.nasa.gov/lp-prod-protected/HLSL30.020/HLS.L30.T10TEL.2021238T185726.v2.0/HLS.L30.T10TEL.2021238T185726.v2.0.B02.tif
https://data.lpdaac.earthdatacloud.nasa.gov/lp-prod-protected/HLSL30.020/HLS.L30.T10TEL.2021238T185726.v2.0/HLS.L30.T10TEL.2021238T185726.v2.0.Fmask.tif
https://data.lpdaac.earthdatacloud.nasa.gov/lp-prod-protected/HLSL30.020/HLS.L30.T10TEL.2021238T185726.v2.0/HLS.L30.T10TEL.2021238T185726.v2.0.B04.tif
https://data.lpdaac.earthdatacloud.nasa.gov/lp-prod-protected/HLSL30.020/HLS.L30.T10TEL.2021238T185726.v2.0/HLS.L30.T10TEL.2021238T185726.v2.0.B05.tif
Cropped
EVI Calculated
Processed file 324 of 335
HLS.S30.T10TFM.2021239T184921.v2.0_EVI_cropped.tif
https://data.lpdaac.earthdatacloud.nasa.gov/lp-prod-protected/HLSS30.020/HLS.S30.T10TFM.2021239T184921.v2.0/HLS.S30.T10TFM.2021239T184921.v2.0.B02.tif
https://data.lpdaac.earthdatacloud.nasa.gov/lp-prod-protected/HLSS30.020/HLS.S30.T10TFM.2021239T184921.v2.0/HLS.S30.T10TFM.2021239T184921.v2.0.B8A.tif
https://data.lpdaac.earthdatacloud.nasa.gov/lp-prod-protected/HLSS30.020/HLS.S30.T10TFM.2021239T184921.v2.0/HLS.S30.T10TFM.2021239T184921.v2.0.Fmask.tif
https://data.lpdaac.earthdatacloud.nasa.gov/lp-prod-protected/HLSS30.020/HLS.S30.T10TFM.2021239T184921.v2.0/HLS.S30.T10TFM.2021239T184921.v2.0.B04.tif
Cropped
EVI Calculated
Processed file 325 of 335
HLS.S30.T10TEM.2021239T184921.v2.0_EVI_cropped.tif
https://data.lpdaac.earthdatacloud.nasa.gov/lp-prod-protected/HLSS30.020/HLS.S30.T10TEM.2021239T184921.v2.0/HLS.S30.T10TEM.2021239T184921.v2.0.B02.tif
https://data.lpdaac.earthdatacloud.nasa.gov/lp-prod-protected/HLSS30.020/HLS.S30.T10TEM.2021239T184921.v2.0/HLS.S30.T10TEM.2021239T184921.v2.0.Fmask.tif
https://data.lpdaac.earthdatacloud.nasa.gov/lp-prod-protected/HLSS30.020/HLS.S30.T10TEM.2021239T184921.v2.0/HLS.S30.T10TEM.2021239T184921.v2.0.B8A.tif
https://data.lpdaac.earthdatacloud.nasa.gov/lp-prod-protected/HLSS30.020/HLS.S30.T10TEM.2021239T184921.v2.0/HLS.S30.T10TEM.2021239T184921.v2.0.B04.tif
Cropped
EVI Calculated
Processed file 326 of 335
HLS.S30.T10TEL.2021239T184921.v2.0_EVI_cropped.tif
https://data.lpdaac.earthdatacloud.nasa.gov/lp-prod-protected/HLSS30.020/HLS.S30.T10TEL.2021239T184921.v2.0/HLS.S30.T10TEL.2021239T184921.v2.0.B8A.tif
https://data.lpdaac.earthdatacloud.nasa.gov/lp-prod-protected/HLSS30.020/HLS.S30.T10TEL.2021239T184921.v2.0/HLS.S30.T10TEL.2021239T184921.v2.0.Fmask.tif
https://data.lpdaac.earthdatacloud.nasa.gov/lp-prod-protected/HLSS30.020/HLS.S30.T10TEL.2021239T184921.v2.0/HLS.S30.T10TEL.2021239T184921.v2.0.B02.tif
https://data.lpdaac.earthdatacloud.nasa.gov/lp-prod-protected/HLSS30.020/HLS.S30.T10TEL.2021239T184921.v2.0/HLS.S30.T10TEL.2021239T184921.v2.0.B04.tif
Cropped
EVI Calculated
Processed file 327 of 335
HLS.L30.T10TEM.2021240T184505.v2.0_EVI_cropped.tif
https://data.lpdaac.earthdatacloud.nasa.gov/lp-prod-protected/HLSL30.020/HLS.L30.T10TEM.2021240T184505.v2.0/HLS.L30.T10TEM.2021240T184505.v2.0.B05.tif
https://data.lpdaac.earthdatacloud.nasa.gov/lp-prod-protected/HLSL30.020/HLS.L30.T10TEM.2021240T184505.v2.0/HLS.L30.T10TEM.2021240T184505.v2.0.Fmask.tif
https://data.lpdaac.earthdatacloud.nasa.gov/lp-prod-protected/HLSL30.020/HLS.L30.T10TEM.2021240T184505.v2.0/HLS.L30.T10TEM.2021240T184505.v2.0.B04.tif
https://data.lpdaac.earthdatacloud.nasa.gov/lp-prod-protected/HLSL30.020/HLS.L30.T10TEM.2021240T184505.v2.0/HLS.L30.T10TEM.2021240T184505.v2.0.B02.tif
Cropped
EVI Calculated
Processed file 328 of 335
HLS.L30.T10TFM.2021240T184505.v2.0_EVI_cropped.tif
https://data.lpdaac.earthdatacloud.nasa.gov/lp-prod-protected/HLSL30.020/HLS.L30.T10TFM.2021240T184505.v2.0/HLS.L30.T10TFM.2021240T184505.v2.0.Fmask.tif
https://data.lpdaac.earthdatacloud.nasa.gov/lp-prod-protected/HLSL30.020/HLS.L30.T10TFM.2021240T184505.v2.0/HLS.L30.T10TFM.2021240T184505.v2.0.B05.tif
https://data.lpdaac.earthdatacloud.nasa.gov/lp-prod-protected/HLSL30.020/HLS.L30.T10TFM.2021240T184505.v2.0/HLS.L30.T10TFM.2021240T184505.v2.0.B04.tif
https://data.lpdaac.earthdatacloud.nasa.gov/lp-prod-protected/HLSL30.020/HLS.L30.T10TFM.2021240T184505.v2.0/HLS.L30.T10TFM.2021240T184505.v2.0.B02.tif
Cropped
EVI Calculated
Processed file 329 of 335
HLS.L30.T10TFL.2021240T184505.v2.0_EVI_cropped.tif
https://data.lpdaac.earthdatacloud.nasa.gov/lp-prod-protected/HLSL30.020/HLS.L30.T10TFL.2021240T184505.v2.0/HLS.L30.T10TFL.2021240T184505.v2.0.Fmask.tif
https://data.lpdaac.earthdatacloud.nasa.gov/lp-prod-protected/HLSL30.020/HLS.L30.T10TFL.2021240T184505.v2.0/HLS.L30.T10TFL.2021240T184505.v2.0.B05.tif
https://data.lpdaac.earthdatacloud.nasa.gov/lp-prod-protected/HLSL30.020/HLS.L30.T10TFL.2021240T184505.v2.0/HLS.L30.T10TFL.2021240T184505.v2.0.B02.tif
https://data.lpdaac.earthdatacloud.nasa.gov/lp-prod-protected/HLSL30.020/HLS.L30.T10TFL.2021240T184505.v2.0/HLS.L30.T10TFL.2021240T184505.v2.0.B04.tif
Cropped
EVI Calculated
Processed file 330 of 335
HLS.L30.T10TEL.2021240T184505.v2.0_EVI_cropped.tif
https://data.lpdaac.earthdatacloud.nasa.gov/lp-prod-protected/HLSL30.020/HLS.L30.T10TEL.2021240T184505.v2.0/HLS.L30.T10TEL.2021240T184505.v2.0.Fmask.tif
https://data.lpdaac.earthdatacloud.nasa.gov/lp-prod-protected/HLSL30.020/HLS.L30.T10TEL.2021240T184505.v2.0/HLS.L30.T10TEL.2021240T184505.v2.0.B04.tif
https://data.lpdaac.earthdatacloud.nasa.gov/lp-prod-protected/HLSL30.020/HLS.L30.T10TEL.2021240T184505.v2.0/HLS.L30.T10TEL.2021240T184505.v2.0.B05.tif
https://data.lpdaac.earthdatacloud.nasa.gov/lp-prod-protected/HLSL30.020/HLS.L30.T10TEL.2021240T184505.v2.0/HLS.L30.T10TEL.2021240T184505.v2.0.B02.tif
Cropped
EVI Calculated
Processed file 331 of 335
HLS.S30.T10TFM.2021242T185921.v2.0_EVI_cropped.tif
https://data.lpdaac.earthdatacloud.nasa.gov/lp-prod-protected/HLSS30.020/HLS.S30.T10TFM.2021242T185921.v2.0/HLS.S30.T10TFM.2021242T185921.v2.0.B04.tif
https://data.lpdaac.earthdatacloud.nasa.gov/lp-prod-protected/HLSS30.020/HLS.S30.T10TFM.2021242T185921.v2.0/HLS.S30.T10TFM.2021242T185921.v2.0.B02.tif
https://data.lpdaac.earthdatacloud.nasa.gov/lp-prod-protected/HLSS30.020/HLS.S30.T10TFM.2021242T185921.v2.0/HLS.S30.T10TFM.2021242T185921.v2.0.B8A.tif
https://data.lpdaac.earthdatacloud.nasa.gov/lp-prod-protected/HLSS30.020/HLS.S30.T10TFM.2021242T185921.v2.0/HLS.S30.T10TFM.2021242T185921.v2.0.Fmask.tif
Cropped
EVI Calculated
Processed file 332 of 335
HLS.S30.T10TEM.2021242T185921.v2.0_EVI_cropped.tif
https://data.lpdaac.earthdatacloud.nasa.gov/lp-prod-protected/HLSS30.020/HLS.S30.T10TEM.2021242T185921.v2.0/HLS.S30.T10TEM.2021242T185921.v2.0.B02.tif
https://data.lpdaac.earthdatacloud.nasa.gov/lp-prod-protected/HLSS30.020/HLS.S30.T10TEM.2021242T185921.v2.0/HLS.S30.T10TEM.2021242T185921.v2.0.B8A.tif
https://data.lpdaac.earthdatacloud.nasa.gov/lp-prod-protected/HLSS30.020/HLS.S30.T10TEM.2021242T185921.v2.0/HLS.S30.T10TEM.2021242T185921.v2.0.Fmask.tif
https://data.lpdaac.earthdatacloud.nasa.gov/lp-prod-protected/HLSS30.020/HLS.S30.T10TEM.2021242T185921.v2.0/HLS.S30.T10TEM.2021242T185921.v2.0.B04.tif
Cropped
EVI Calculated
Processed file 333 of 335
HLS.S30.T10TFL.2021242T185921.v2.0_EVI_cropped.tif
https://data.lpdaac.earthdatacloud.nasa.gov/lp-prod-protected/HLSS30.020/HLS.S30.T10TFL.2021242T185921.v2.0/HLS.S30.T10TFL.2021242T185921.v2.0.B04.tif
https://data.lpdaac.earthdatacloud.nasa.gov/lp-prod-protected/HLSS30.020/HLS.S30.T10TFL.2021242T185921.v2.0/HLS.S30.T10TFL.2021242T185921.v2.0.Fmask.tif
https://data.lpdaac.earthdatacloud.nasa.gov/lp-prod-protected/HLSS30.020/HLS.S30.T10TFL.2021242T185921.v2.0/HLS.S30.T10TFL.2021242T185921.v2.0.B02.tif
https://data.lpdaac.earthdatacloud.nasa.gov/lp-prod-protected/HLSS30.020/HLS.S30.T10TFL.2021242T185921.v2.0/HLS.S30.T10TFL.2021242T185921.v2.0.B8A.tif
Cropped
EVI Calculated
Processed file 334 of 335
HLS.S30.T10TEL.2021242T185921.v2.0_EVI_cropped.tif
https://data.lpdaac.earthdatacloud.nasa.gov/lp-prod-protected/HLSS30.020/HLS.S30.T10TEL.2021242T185921.v2.0/HLS.S30.T10TEL.2021242T185921.v2.0.Fmask.tif
https://data.lpdaac.earthdatacloud.nasa.gov/lp-prod-protected/HLSS30.020/HLS.S30.T10TEL.2021242T185921.v2.0/HLS.S30.T10TEL.2021242T185921.v2.0.B02.tif
https://data.lpdaac.earthdatacloud.nasa.gov/lp-prod-protected/HLSS30.020/HLS.S30.T10TEL.2021242T185921.v2.0/HLS.S30.T10TEL.2021242T185921.v2.0.B8A.tif
https://data.lpdaac.earthdatacloud.nasa.gov/lp-prod-protected/HLSS30.020/HLS.S30.T10TEL.2021242T185921.v2.0/HLS.S30.T10TEL.2021242T185921.v2.0.B04.tif
Cropped
EVI Calculated
Processed file 335 of 335
HLS.S30.T10TFM.2021092T185921.v2.0_NDVI_cropped.tif
https://data.lpdaac.earthdatacloud.nasa.gov/lp-prod-protected/HLSS30.020/HLS.S30.T10TFM.2021092T185921.v2.0/HLS.S30.T10TFM.2021092T185921.v2.0.B8A.tif
https://data.lpdaac.earthdatacloud.nasa.gov/lp-prod-protected/HLSS30.020/HLS.S30.T10TFM.2021092T185921.v2.0/HLS.S30.T10TFM.2021092T185921.v2.0.Fmask.tif
https://data.lpdaac.earthdatacloud.nasa.gov/lp-prod-protected/HLSS30.020/HLS.S30.T10TFM.2021092T185921.v2.0/HLS.S30.T10TFM.2021092T185921.v2.0.B04.tif
Cropped
NDVI Calculated
File: HLS.S30.T10TFM.2021092T185921.v2.0.B05 was entirely fill values and will not be exported.
HLS.S30.T10TEM.2021092T185921.v2.0_NDVI_cropped.tif
https://data.lpdaac.earthdatacloud.nasa.gov/lp-prod-protected/HLSS30.020/HLS.S30.T10TEM.2021092T185921.v2.0/HLS.S30.T10TEM.2021092T185921.v2.0.B8A.tif
https://data.lpdaac.earthdatacloud.nasa.gov/lp-prod-protected/HLSS30.020/HLS.S30.T10TEM.2021092T185921.v2.0/HLS.S30.T10TEM.2021092T185921.v2.0.B04.tif
https://data.lpdaac.earthdatacloud.nasa.gov/lp-prod-protected/HLSS30.020/HLS.S30.T10TEM.2021092T185921.v2.0/HLS.S30.T10TEM.2021092T185921.v2.0.Fmask.tif
Cropped
NDVI Calculated
Processed file 2 of 335
HLS.S30.T10TFL.2021092T185921.v2.0_NDVI_cropped.tif
https://data.lpdaac.earthdatacloud.nasa.gov/lp-prod-protected/HLSS30.020/HLS.S30.T10TFL.2021092T185921.v2.0/HLS.S30.T10TFL.2021092T185921.v2.0.Fmask.tif
https://data.lpdaac.earthdatacloud.nasa.gov/lp-prod-protected/HLSS30.020/HLS.S30.T10TFL.2021092T185921.v2.0/HLS.S30.T10TFL.2021092T185921.v2.0.B04.tif
https://data.lpdaac.earthdatacloud.nasa.gov/lp-prod-protected/HLSS30.020/HLS.S30.T10TFL.2021092T185921.v2.0/HLS.S30.T10TFL.2021092T185921.v2.0.B8A.tif
Cropped
NDVI Calculated
File: HLS.S30.T10TFL.2021092T185921.v2.0.Fmask was entirely fill values and will not be exported.
HLS.S30.T10TEL.2021092T185921.v2.0_NDVI_cropped.tif
https://data.lpdaac.earthdatacloud.nasa.gov/lp-prod-protected/HLSS30.020/HLS.S30.T10TEL.2021092T185921.v2.0/HLS.S30.T10TEL.2021092T185921.v2.0.Fmask.tif
https://data.lpdaac.earthdatacloud.nasa.gov/lp-prod-protected/HLSS30.020/HLS.S30.T10TEL.2021092T185921.v2.0/HLS.S30.T10TEL.2021092T185921.v2.0.B04.tif
https://data.lpdaac.earthdatacloud.nasa.gov/lp-prod-protected/HLSS30.020/HLS.S30.T10TEL.2021092T185921.v2.0/HLS.S30.T10TEL.2021092T185921.v2.0.B8A.tif
Cropped
NDVI Calculated
Processed file 4 of 335
HLS.L30.T10TEM.2021094T185636.v2.0_NDVI_cropped.tif
https://data.lpdaac.earthdatacloud.nasa.gov/lp-prod-protected/HLSL30.020/HLS.L30.T10TEM.2021094T185636.v2.0/HLS.L30.T10TEM.2021094T185636.v2.0.B04.tif
https://data.lpdaac.earthdatacloud.nasa.gov/lp-prod-protected/HLSL30.020/HLS.L30.T10TEM.2021094T185636.v2.0/HLS.L30.T10TEM.2021094T185636.v2.0.B05.tif
https://data.lpdaac.earthdatacloud.nasa.gov/lp-prod-protected/HLSL30.020/HLS.L30.T10TEM.2021094T185636.v2.0/HLS.L30.T10TEM.2021094T185636.v2.0.Fmask.tif
Cropped
NDVI Calculated
Processed file 5 of 335
HLS.L30.T10TEL.2021094T185700.v2.0_NDVI_cropped.tif
https://data.lpdaac.earthdatacloud.nasa.gov/lp-prod-protected/HLSL30.020/HLS.L30.T10TEL.2021094T185700.v2.0/HLS.L30.T10TEL.2021094T185700.v2.0.B05.tif
https://data.lpdaac.earthdatacloud.nasa.gov/lp-prod-protected/HLSL30.020/HLS.L30.T10TEL.2021094T185700.v2.0/HLS.L30.T10TEL.2021094T185700.v2.0.Fmask.tif
https://data.lpdaac.earthdatacloud.nasa.gov/lp-prod-protected/HLSL30.020/HLS.L30.T10TEL.2021094T185700.v2.0/HLS.L30.T10TEL.2021094T185700.v2.0.B04.tif
Cropped
NDVI Calculated
File: HLS.L30.T10TEL.2021094T185700.v2.0.B05 was entirely fill values and will not be exported.
HLS.S30.T10TFM.2021094T184919.v2.0_NDVI_cropped.tif
https://data.lpdaac.earthdatacloud.nasa.gov/lp-prod-protected/HLSS30.020/HLS.S30.T10TFM.2021094T184919.v2.0/HLS.S30.T10TFM.2021094T184919.v2.0.Fmask.tif
https://data.lpdaac.earthdatacloud.nasa.gov/lp-prod-protected/HLSS30.020/HLS.S30.T10TFM.2021094T184919.v2.0/HLS.S30.T10TFM.2021094T184919.v2.0.B04.tif
https://data.lpdaac.earthdatacloud.nasa.gov/lp-prod-protected/HLSS30.020/HLS.S30.T10TFM.2021094T184919.v2.0/HLS.S30.T10TFM.2021094T184919.v2.0.B8A.tif
Cropped
NDVI Calculated
Processed file 7 of 335
HLS.S30.T10TEM.2021094T184919.v2.0_NDVI_cropped.tif
https://data.lpdaac.earthdatacloud.nasa.gov/lp-prod-protected/HLSS30.020/HLS.S30.T10TEM.2021094T184919.v2.0/HLS.S30.T10TEM.2021094T184919.v2.0.B04.tif
https://data.lpdaac.earthdatacloud.nasa.gov/lp-prod-protected/HLSS30.020/HLS.S30.T10TEM.2021094T184919.v2.0/HLS.S30.T10TEM.2021094T184919.v2.0.Fmask.tif
https://data.lpdaac.earthdatacloud.nasa.gov/lp-prod-protected/HLSS30.020/HLS.S30.T10TEM.2021094T184919.v2.0/HLS.S30.T10TEM.2021094T184919.v2.0.B8A.tif
Cropped
NDVI Calculated
Processed file 8 of 335
HLS.S30.T10TFL.2021094T184919.v2.0_NDVI_cropped.tif
https://data.lpdaac.earthdatacloud.nasa.gov/lp-prod-protected/HLSS30.020/HLS.S30.T10TFL.2021094T184919.v2.0/HLS.S30.T10TFL.2021094T184919.v2.0.B04.tif
https://data.lpdaac.earthdatacloud.nasa.gov/lp-prod-protected/HLSS30.020/HLS.S30.T10TFL.2021094T184919.v2.0/HLS.S30.T10TFL.2021094T184919.v2.0.Fmask.tif
https://data.lpdaac.earthdatacloud.nasa.gov/lp-prod-protected/HLSS30.020/HLS.S30.T10TFL.2021094T184919.v2.0/HLS.S30.T10TFL.2021094T184919.v2.0.B8A.tif
Cropped
NDVI Calculated
Processed file 9 of 335
HLS.S30.T10TEL.2021094T184919.v2.0_NDVI_cropped.tif
https://data.lpdaac.earthdatacloud.nasa.gov/lp-prod-protected/HLSS30.020/HLS.S30.T10TEL.2021094T184919.v2.0/HLS.S30.T10TEL.2021094T184919.v2.0.Fmask.tif
https://data.lpdaac.earthdatacloud.nasa.gov/lp-prod-protected/HLSS30.020/HLS.S30.T10TEL.2021094T184919.v2.0/HLS.S30.T10TEL.2021094T184919.v2.0.B8A.tif
https://data.lpdaac.earthdatacloud.nasa.gov/lp-prod-protected/HLSS30.020/HLS.S30.T10TEL.2021094T184919.v2.0/HLS.S30.T10TEL.2021094T184919.v2.0.B04.tif
Cropped
NDVI Calculated
Processed file 10 of 335
HLS.L30.T10TFL.2021096T184437.v2.0_NDVI_cropped.tif
https://data.lpdaac.earthdatacloud.nasa.gov/lp-prod-protected/HLSL30.020/HLS.L30.T10TFL.2021096T184437.v2.0/HLS.L30.T10TFL.2021096T184437.v2.0.Fmask.tif
https://data.lpdaac.earthdatacloud.nasa.gov/lp-prod-protected/HLSL30.020/HLS.L30.T10TFL.2021096T184437.v2.0/HLS.L30.T10TFL.2021096T184437.v2.0.B05.tif
https://data.lpdaac.earthdatacloud.nasa.gov/lp-prod-protected/HLSL30.020/HLS.L30.T10TFL.2021096T184437.v2.0/HLS.L30.T10TFL.2021096T184437.v2.0.B04.tif
Cropped
NDVI Calculated
Processed file 11 of 335
HLS.L30.T10TFM.2021096T184437.v2.0_NDVI_cropped.tif
https://data.lpdaac.earthdatacloud.nasa.gov/lp-prod-protected/HLSL30.020/HLS.L30.T10TFM.2021096T184437.v2.0/HLS.L30.T10TFM.2021096T184437.v2.0.Fmask.tif
https://data.lpdaac.earthdatacloud.nasa.gov/lp-prod-protected/HLSL30.020/HLS.L30.T10TFM.2021096T184437.v2.0/HLS.L30.T10TFM.2021096T184437.v2.0.B04.tif
https://data.lpdaac.earthdatacloud.nasa.gov/lp-prod-protected/HLSL30.020/HLS.L30.T10TFM.2021096T184437.v2.0/HLS.L30.T10TFM.2021096T184437.v2.0.B05.tif
Cropped
NDVI Calculated
Processed file 12 of 335
HLS.L30.T10TEL.2021096T184437.v2.0_NDVI_cropped.tif
https://data.lpdaac.earthdatacloud.nasa.gov/lp-prod-protected/HLSL30.020/HLS.L30.T10TEL.2021096T184437.v2.0/HLS.L30.T10TEL.2021096T184437.v2.0.Fmask.tif
https://data.lpdaac.earthdatacloud.nasa.gov/lp-prod-protected/HLSL30.020/HLS.L30.T10TEL.2021096T184437.v2.0/HLS.L30.T10TEL.2021096T184437.v2.0.B05.tif
https://data.lpdaac.earthdatacloud.nasa.gov/lp-prod-protected/HLSL30.020/HLS.L30.T10TEL.2021096T184437.v2.0/HLS.L30.T10TEL.2021096T184437.v2.0.B04.tif
Cropped
NDVI Calculated
Processed file 13 of 335
HLS.L30.T10TEM.2021096T184437.v2.0_NDVI_cropped.tif
https://data.lpdaac.earthdatacloud.nasa.gov/lp-prod-protected/HLSL30.020/HLS.L30.T10TEM.2021096T184437.v2.0/HLS.L30.T10TEM.2021096T184437.v2.0.B05.tif
https://data.lpdaac.earthdatacloud.nasa.gov/lp-prod-protected/HLSL30.020/HLS.L30.T10TEM.2021096T184437.v2.0/HLS.L30.T10TEM.2021096T184437.v2.0.Fmask.tif
https://data.lpdaac.earthdatacloud.nasa.gov/lp-prod-protected/HLSL30.020/HLS.L30.T10TEM.2021096T184437.v2.0/HLS.L30.T10TEM.2021096T184437.v2.0.B04.tif
Cropped
NDVI Calculated
Processed file 14 of 335
HLS.S30.T10TFM.2021097T185919.v2.0_NDVI_cropped.tif
https://data.lpdaac.earthdatacloud.nasa.gov/lp-prod-protected/HLSS30.020/HLS.S30.T10TFM.2021097T185919.v2.0/HLS.S30.T10TFM.2021097T185919.v2.0.B8A.tif
https://data.lpdaac.earthdatacloud.nasa.gov/lp-prod-protected/HLSS30.020/HLS.S30.T10TFM.2021097T185919.v2.0/HLS.S30.T10TFM.2021097T185919.v2.0.B04.tif
https://data.lpdaac.earthdatacloud.nasa.gov/lp-prod-protected/HLSS30.020/HLS.S30.T10TFM.2021097T185919.v2.0/HLS.S30.T10TFM.2021097T185919.v2.0.Fmask.tif
Cropped
NDVI Calculated
Processed file 15 of 335
HLS.S30.T10TEM.2021097T185919.v2.0_NDVI_cropped.tif
https://data.lpdaac.earthdatacloud.nasa.gov/lp-prod-protected/HLSS30.020/HLS.S30.T10TEM.2021097T185919.v2.0/HLS.S30.T10TEM.2021097T185919.v2.0.B04.tif
https://data.lpdaac.earthdatacloud.nasa.gov/lp-prod-protected/HLSS30.020/HLS.S30.T10TEM.2021097T185919.v2.0/HLS.S30.T10TEM.2021097T185919.v2.0.B8A.tif
https://data.lpdaac.earthdatacloud.nasa.gov/lp-prod-protected/HLSS30.020/HLS.S30.T10TEM.2021097T185919.v2.0/HLS.S30.T10TEM.2021097T185919.v2.0.Fmask.tif
Cropped
NDVI Calculated
Processed file 16 of 335
HLS.S30.T10TFL.2021097T185919.v2.0_NDVI_cropped.tif
https://data.lpdaac.earthdatacloud.nasa.gov/lp-prod-protected/HLSS30.020/HLS.S30.T10TFL.2021097T185919.v2.0/HLS.S30.T10TFL.2021097T185919.v2.0.B04.tif
https://data.lpdaac.earthdatacloud.nasa.gov/lp-prod-protected/HLSS30.020/HLS.S30.T10TFL.2021097T185919.v2.0/HLS.S30.T10TFL.2021097T185919.v2.0.B8A.tif
https://data.lpdaac.earthdatacloud.nasa.gov/lp-prod-protected/HLSS30.020/HLS.S30.T10TFL.2021097T185919.v2.0/HLS.S30.T10TFL.2021097T185919.v2.0.Fmask.tif
Cropped
NDVI Calculated
Processed file 17 of 335
HLS.S30.T10TEL.2021097T185919.v2.0_NDVI_cropped.tif
https://data.lpdaac.earthdatacloud.nasa.gov/lp-prod-protected/HLSS30.020/HLS.S30.T10TEL.2021097T185919.v2.0/HLS.S30.T10TEL.2021097T185919.v2.0.B04.tif
https://data.lpdaac.earthdatacloud.nasa.gov/lp-prod-protected/HLSS30.020/HLS.S30.T10TEL.2021097T185919.v2.0/HLS.S30.T10TEL.2021097T185919.v2.0.Fmask.tif
https://data.lpdaac.earthdatacloud.nasa.gov/lp-prod-protected/HLSS30.020/HLS.S30.T10TEL.2021097T185919.v2.0/HLS.S30.T10TEL.2021097T185919.v2.0.B8A.tif
Cropped
NDVI Calculated
Processed file 18 of 335
HLS.S30.T10TFM.2021099T184911.v2.0_NDVI_cropped.tif
https://data.lpdaac.earthdatacloud.nasa.gov/lp-prod-protected/HLSS30.020/HLS.S30.T10TFM.2021099T184911.v2.0/HLS.S30.T10TFM.2021099T184911.v2.0.Fmask.tif
https://data.lpdaac.earthdatacloud.nasa.gov/lp-prod-protected/HLSS30.020/HLS.S30.T10TFM.2021099T184911.v2.0/HLS.S30.T10TFM.2021099T184911.v2.0.B8A.tif
https://data.lpdaac.earthdatacloud.nasa.gov/lp-prod-protected/HLSS30.020/HLS.S30.T10TFM.2021099T184911.v2.0/HLS.S30.T10TFM.2021099T184911.v2.0.B04.tif
Cropped
NDVI Calculated
Processed file 19 of 335
HLS.S30.T10TEM.2021099T184911.v2.0_NDVI_cropped.tif
https://data.lpdaac.earthdatacloud.nasa.gov/lp-prod-protected/HLSS30.020/HLS.S30.T10TEM.2021099T184911.v2.0/HLS.S30.T10TEM.2021099T184911.v2.0.B04.tif
https://data.lpdaac.earthdatacloud.nasa.gov/lp-prod-protected/HLSS30.020/HLS.S30.T10TEM.2021099T184911.v2.0/HLS.S30.T10TEM.2021099T184911.v2.0.Fmask.tif
https://data.lpdaac.earthdatacloud.nasa.gov/lp-prod-protected/HLSS30.020/HLS.S30.T10TEM.2021099T184911.v2.0/HLS.S30.T10TEM.2021099T184911.v2.0.B8A.tif
Cropped
NDVI Calculated
Processed file 20 of 335
HLS.S30.T10TFL.2021099T184911.v2.0_NDVI_cropped.tif
https://data.lpdaac.earthdatacloud.nasa.gov/lp-prod-protected/HLSS30.020/HLS.S30.T10TFL.2021099T184911.v2.0/HLS.S30.T10TFL.2021099T184911.v2.0.Fmask.tif
https://data.lpdaac.earthdatacloud.nasa.gov/lp-prod-protected/HLSS30.020/HLS.S30.T10TFL.2021099T184911.v2.0/HLS.S30.T10TFL.2021099T184911.v2.0.B8A.tif
https://data.lpdaac.earthdatacloud.nasa.gov/lp-prod-protected/HLSS30.020/HLS.S30.T10TFL.2021099T184911.v2.0/HLS.S30.T10TFL.2021099T184911.v2.0.B04.tif
Cropped
NDVI Calculated
Processed file 21 of 335
HLS.S30.T10TEL.2021099T184911.v2.0_NDVI_cropped.tif
https://data.lpdaac.earthdatacloud.nasa.gov/lp-prod-protected/HLSS30.020/HLS.S30.T10TEL.2021099T184911.v2.0/HLS.S30.T10TEL.2021099T184911.v2.0.B04.tif
https://data.lpdaac.earthdatacloud.nasa.gov/lp-prod-protected/HLSS30.020/HLS.S30.T10TEL.2021099T184911.v2.0/HLS.S30.T10TEL.2021099T184911.v2.0.Fmask.tif
https://data.lpdaac.earthdatacloud.nasa.gov/lp-prod-protected/HLSS30.020/HLS.S30.T10TEL.2021099T184911.v2.0/HLS.S30.T10TEL.2021099T184911.v2.0.B8A.tif
Cropped
NDVI Calculated
Processed file 22 of 335
HLS.S30.T10TFM.2021102T185911.v2.0_NDVI_cropped.tif
https://data.lpdaac.earthdatacloud.nasa.gov/lp-prod-protected/HLSS30.020/HLS.S30.T10TFM.2021102T185911.v2.0/HLS.S30.T10TFM.2021102T185911.v2.0.B04.tif
https://data.lpdaac.earthdatacloud.nasa.gov/lp-prod-protected/HLSS30.020/HLS.S30.T10TFM.2021102T185911.v2.0/HLS.S30.T10TFM.2021102T185911.v2.0.Fmask.tif
https://data.lpdaac.earthdatacloud.nasa.gov/lp-prod-protected/HLSS30.020/HLS.S30.T10TFM.2021102T185911.v2.0/HLS.S30.T10TFM.2021102T185911.v2.0.B8A.tif
Cropped
NDVI Calculated
Processed file 23 of 335
HLS.S30.T10TEM.2021102T185911.v2.0_NDVI_cropped.tif
https://data.lpdaac.earthdatacloud.nasa.gov/lp-prod-protected/HLSS30.020/HLS.S30.T10TEM.2021102T185911.v2.0/HLS.S30.T10TEM.2021102T185911.v2.0.Fmask.tif
https://data.lpdaac.earthdatacloud.nasa.gov/lp-prod-protected/HLSS30.020/HLS.S30.T10TEM.2021102T185911.v2.0/HLS.S30.T10TEM.2021102T185911.v2.0.B04.tif
https://data.lpdaac.earthdatacloud.nasa.gov/lp-prod-protected/HLSS30.020/HLS.S30.T10TEM.2021102T185911.v2.0/HLS.S30.T10TEM.2021102T185911.v2.0.B8A.tif
Cropped
NDVI Calculated
Processed file 24 of 335
HLS.S30.T10TFL.2021102T185911.v2.0_NDVI_cropped.tif
https://data.lpdaac.earthdatacloud.nasa.gov/lp-prod-protected/HLSS30.020/HLS.S30.T10TFL.2021102T185911.v2.0/HLS.S30.T10TFL.2021102T185911.v2.0.Fmask.tif
https://data.lpdaac.earthdatacloud.nasa.gov/lp-prod-protected/HLSS30.020/HLS.S30.T10TFL.2021102T185911.v2.0/HLS.S30.T10TFL.2021102T185911.v2.0.B8A.tif
https://data.lpdaac.earthdatacloud.nasa.gov/lp-prod-protected/HLSS30.020/HLS.S30.T10TFL.2021102T185911.v2.0/HLS.S30.T10TFL.2021102T185911.v2.0.B04.tif
Cropped
NDVI Calculated
Processed file 25 of 335
HLS.S30.T10TEL.2021102T185911.v2.0_NDVI_cropped.tif
https://data.lpdaac.earthdatacloud.nasa.gov/lp-prod-protected/HLSS30.020/HLS.S30.T10TEL.2021102T185911.v2.0/HLS.S30.T10TEL.2021102T185911.v2.0.B04.tif
https://data.lpdaac.earthdatacloud.nasa.gov/lp-prod-protected/HLSS30.020/HLS.S30.T10TEL.2021102T185911.v2.0/HLS.S30.T10TEL.2021102T185911.v2.0.B8A.tif
https://data.lpdaac.earthdatacloud.nasa.gov/lp-prod-protected/HLSS30.020/HLS.S30.T10TEL.2021102T185911.v2.0/HLS.S30.T10TEL.2021102T185911.v2.0.Fmask.tif
Cropped
NDVI Calculated
Processed file 26 of 335
HLS.L30.T10TFM.2021103T185022.v2.0_NDVI_cropped.tif
https://data.lpdaac.earthdatacloud.nasa.gov/lp-prod-protected/HLSL30.020/HLS.L30.T10TFM.2021103T185022.v2.0/HLS.L30.T10TFM.2021103T185022.v2.0.Fmask.tif
https://data.lpdaac.earthdatacloud.nasa.gov/lp-prod-protected/HLSL30.020/HLS.L30.T10TFM.2021103T185022.v2.0/HLS.L30.T10TFM.2021103T185022.v2.0.B04.tif
https://data.lpdaac.earthdatacloud.nasa.gov/lp-prod-protected/HLSL30.020/HLS.L30.T10TFM.2021103T185022.v2.0/HLS.L30.T10TFM.2021103T185022.v2.0.B05.tif
Cropped
NDVI Calculated
Processed file 27 of 335
HLS.L30.T10TEM.2021103T185022.v2.0_NDVI_cropped.tif
https://data.lpdaac.earthdatacloud.nasa.gov/lp-prod-protected/HLSL30.020/HLS.L30.T10TEM.2021103T185022.v2.0/HLS.L30.T10TEM.2021103T185022.v2.0.B05.tif
https://data.lpdaac.earthdatacloud.nasa.gov/lp-prod-protected/HLSL30.020/HLS.L30.T10TEM.2021103T185022.v2.0/HLS.L30.T10TEM.2021103T185022.v2.0.B04.tif
https://data.lpdaac.earthdatacloud.nasa.gov/lp-prod-protected/HLSL30.020/HLS.L30.T10TEM.2021103T185022.v2.0/HLS.L30.T10TEM.2021103T185022.v2.0.Fmask.tif
Cropped
NDVI Calculated
Processed file 28 of 335
HLS.L30.T10TEL.2021103T185045.v2.0_NDVI_cropped.tif
https://data.lpdaac.earthdatacloud.nasa.gov/lp-prod-protected/HLSL30.020/HLS.L30.T10TEL.2021103T185045.v2.0/HLS.L30.T10TEL.2021103T185045.v2.0.B04.tif
https://data.lpdaac.earthdatacloud.nasa.gov/lp-prod-protected/HLSL30.020/HLS.L30.T10TEL.2021103T185045.v2.0/HLS.L30.T10TEL.2021103T185045.v2.0.B05.tif
https://data.lpdaac.earthdatacloud.nasa.gov/lp-prod-protected/HLSL30.020/HLS.L30.T10TEL.2021103T185045.v2.0/HLS.L30.T10TEL.2021103T185045.v2.0.Fmask.tif
Cropped
NDVI Calculated
Processed file 29 of 335
HLS.L30.T10TFL.2021103T185045.v2.0_NDVI_cropped.tif
https://data.lpdaac.earthdatacloud.nasa.gov/lp-prod-protected/HLSL30.020/HLS.L30.T10TFL.2021103T185045.v2.0/HLS.L30.T10TFL.2021103T185045.v2.0.B05.tif
https://data.lpdaac.earthdatacloud.nasa.gov/lp-prod-protected/HLSL30.020/HLS.L30.T10TFL.2021103T185045.v2.0/HLS.L30.T10TFL.2021103T185045.v2.0.Fmask.tif
https://data.lpdaac.earthdatacloud.nasa.gov/lp-prod-protected/HLSL30.020/HLS.L30.T10TFL.2021103T185045.v2.0/HLS.L30.T10TFL.2021103T185045.v2.0.B04.tif
Cropped
NDVI Calculated
Processed file 30 of 335
HLS.S30.T10TFM.2021104T184919.v2.0_NDVI_cropped.tif
https://data.lpdaac.earthdatacloud.nasa.gov/lp-prod-protected/HLSS30.020/HLS.S30.T10TFM.2021104T184919.v2.0/HLS.S30.T10TFM.2021104T184919.v2.0.B04.tif
https://data.lpdaac.earthdatacloud.nasa.gov/lp-prod-protected/HLSS30.020/HLS.S30.T10TFM.2021104T184919.v2.0/HLS.S30.T10TFM.2021104T184919.v2.0.B8A.tif
https://data.lpdaac.earthdatacloud.nasa.gov/lp-prod-protected/HLSS30.020/HLS.S30.T10TFM.2021104T184919.v2.0/HLS.S30.T10TFM.2021104T184919.v2.0.Fmask.tif
Cropped
NDVI Calculated
Processed file 31 of 335
HLS.S30.T10TEM.2021104T184919.v2.0_NDVI_cropped.tif
https://data.lpdaac.earthdatacloud.nasa.gov/lp-prod-protected/HLSS30.020/HLS.S30.T10TEM.2021104T184919.v2.0/HLS.S30.T10TEM.2021104T184919.v2.0.Fmask.tif
https://data.lpdaac.earthdatacloud.nasa.gov/lp-prod-protected/HLSS30.020/HLS.S30.T10TEM.2021104T184919.v2.0/HLS.S30.T10TEM.2021104T184919.v2.0.B8A.tif
https://data.lpdaac.earthdatacloud.nasa.gov/lp-prod-protected/HLSS30.020/HLS.S30.T10TEM.2021104T184919.v2.0/HLS.S30.T10TEM.2021104T184919.v2.0.B04.tif
Cropped
NDVI Calculated
Processed file 32 of 335
HLS.S30.T10TFL.2021104T184919.v2.0_NDVI_cropped.tif
https://data.lpdaac.earthdatacloud.nasa.gov/lp-prod-protected/HLSS30.020/HLS.S30.T10TFL.2021104T184919.v2.0/HLS.S30.T10TFL.2021104T184919.v2.0.B8A.tif
https://data.lpdaac.earthdatacloud.nasa.gov/lp-prod-protected/HLSS30.020/HLS.S30.T10TFL.2021104T184919.v2.0/HLS.S30.T10TFL.2021104T184919.v2.0.Fmask.tif
https://data.lpdaac.earthdatacloud.nasa.gov/lp-prod-protected/HLSS30.020/HLS.S30.T10TFL.2021104T184919.v2.0/HLS.S30.T10TFL.2021104T184919.v2.0.B04.tif
Cropped
NDVI Calculated
Processed file 33 of 335
HLS.S30.T10TEL.2021104T184919.v2.0_NDVI_cropped.tif
https://data.lpdaac.earthdatacloud.nasa.gov/lp-prod-protected/HLSS30.020/HLS.S30.T10TEL.2021104T184919.v2.0/HLS.S30.T10TEL.2021104T184919.v2.0.B8A.tif
https://data.lpdaac.earthdatacloud.nasa.gov/lp-prod-protected/HLSS30.020/HLS.S30.T10TEL.2021104T184919.v2.0/HLS.S30.T10TEL.2021104T184919.v2.0.Fmask.tif
https://data.lpdaac.earthdatacloud.nasa.gov/lp-prod-protected/HLSS30.020/HLS.S30.T10TEL.2021104T184919.v2.0/HLS.S30.T10TEL.2021104T184919.v2.0.B04.tif
Cropped
NDVI Calculated
Processed file 34 of 335
HLS.S30.T10TFM.2021107T185909.v2.0_NDVI_cropped.tif
https://data.lpdaac.earthdatacloud.nasa.gov/lp-prod-protected/HLSS30.020/HLS.S30.T10TFM.2021107T185909.v2.0/HLS.S30.T10TFM.2021107T185909.v2.0.B04.tif
https://data.lpdaac.earthdatacloud.nasa.gov/lp-prod-protected/HLSS30.020/HLS.S30.T10TFM.2021107T185909.v2.0/HLS.S30.T10TFM.2021107T185909.v2.0.Fmask.tif
https://data.lpdaac.earthdatacloud.nasa.gov/lp-prod-protected/HLSS30.020/HLS.S30.T10TFM.2021107T185909.v2.0/HLS.S30.T10TFM.2021107T185909.v2.0.B8A.tif
Cropped
NDVI Calculated
Processed file 35 of 335
HLS.S30.T10TEM.2021107T185909.v2.0_NDVI_cropped.tif
https://data.lpdaac.earthdatacloud.nasa.gov/lp-prod-protected/HLSS30.020/HLS.S30.T10TEM.2021107T185909.v2.0/HLS.S30.T10TEM.2021107T185909.v2.0.B8A.tif
https://data.lpdaac.earthdatacloud.nasa.gov/lp-prod-protected/HLSS30.020/HLS.S30.T10TEM.2021107T185909.v2.0/HLS.S30.T10TEM.2021107T185909.v2.0.Fmask.tif
https://data.lpdaac.earthdatacloud.nasa.gov/lp-prod-protected/HLSS30.020/HLS.S30.T10TEM.2021107T185909.v2.0/HLS.S30.T10TEM.2021107T185909.v2.0.B04.tif
Cropped
NDVI Calculated
Processed file 36 of 335
HLS.S30.T10TFL.2021107T185909.v2.0_NDVI_cropped.tif
https://data.lpdaac.earthdatacloud.nasa.gov/lp-prod-protected/HLSS30.020/HLS.S30.T10TFL.2021107T185909.v2.0/HLS.S30.T10TFL.2021107T185909.v2.0.Fmask.tif
https://data.lpdaac.earthdatacloud.nasa.gov/lp-prod-protected/HLSS30.020/HLS.S30.T10TFL.2021107T185909.v2.0/HLS.S30.T10TFL.2021107T185909.v2.0.B04.tif
https://data.lpdaac.earthdatacloud.nasa.gov/lp-prod-protected/HLSS30.020/HLS.S30.T10TFL.2021107T185909.v2.0/HLS.S30.T10TFL.2021107T185909.v2.0.B8A.tif
Cropped
NDVI Calculated
Processed file 37 of 335
HLS.S30.T10TEL.2021107T185909.v2.0_NDVI_cropped.tif
https://data.lpdaac.earthdatacloud.nasa.gov/lp-prod-protected/HLSS30.020/HLS.S30.T10TEL.2021107T185909.v2.0/HLS.S30.T10TEL.2021107T185909.v2.0.Fmask.tif
https://data.lpdaac.earthdatacloud.nasa.gov/lp-prod-protected/HLSS30.020/HLS.S30.T10TEL.2021107T185909.v2.0/HLS.S30.T10TEL.2021107T185909.v2.0.B04.tif
https://data.lpdaac.earthdatacloud.nasa.gov/lp-prod-protected/HLSS30.020/HLS.S30.T10TEL.2021107T185909.v2.0/HLS.S30.T10TEL.2021107T185909.v2.0.B8A.tif
Cropped
NDVI Calculated
Processed file 38 of 335
HLS.S30.T10TFM.2021109T184911.v2.0_NDVI_cropped.tif
https://data.lpdaac.earthdatacloud.nasa.gov/lp-prod-protected/HLSS30.020/HLS.S30.T10TFM.2021109T184911.v2.0/HLS.S30.T10TFM.2021109T184911.v2.0.Fmask.tif
https://data.lpdaac.earthdatacloud.nasa.gov/lp-prod-protected/HLSS30.020/HLS.S30.T10TFM.2021109T184911.v2.0/HLS.S30.T10TFM.2021109T184911.v2.0.B8A.tif
https://data.lpdaac.earthdatacloud.nasa.gov/lp-prod-protected/HLSS30.020/HLS.S30.T10TFM.2021109T184911.v2.0/HLS.S30.T10TFM.2021109T184911.v2.0.B04.tif
Cropped
NDVI Calculated
Processed file 39 of 335
HLS.S30.T10TEM.2021109T184911.v2.0_NDVI_cropped.tif
https://data.lpdaac.earthdatacloud.nasa.gov/lp-prod-protected/HLSS30.020/HLS.S30.T10TEM.2021109T184911.v2.0/HLS.S30.T10TEM.2021109T184911.v2.0.B04.tif
https://data.lpdaac.earthdatacloud.nasa.gov/lp-prod-protected/HLSS30.020/HLS.S30.T10TEM.2021109T184911.v2.0/HLS.S30.T10TEM.2021109T184911.v2.0.Fmask.tif
https://data.lpdaac.earthdatacloud.nasa.gov/lp-prod-protected/HLSS30.020/HLS.S30.T10TEM.2021109T184911.v2.0/HLS.S30.T10TEM.2021109T184911.v2.0.B8A.tif
Cropped
NDVI Calculated
Processed file 40 of 335
HLS.S30.T10TFL.2021109T184911.v2.0_NDVI_cropped.tif
https://data.lpdaac.earthdatacloud.nasa.gov/lp-prod-protected/HLSS30.020/HLS.S30.T10TFL.2021109T184911.v2.0/HLS.S30.T10TFL.2021109T184911.v2.0.B04.tif
https://data.lpdaac.earthdatacloud.nasa.gov/lp-prod-protected/HLSS30.020/HLS.S30.T10TFL.2021109T184911.v2.0/HLS.S30.T10TFL.2021109T184911.v2.0.B8A.tif
https://data.lpdaac.earthdatacloud.nasa.gov/lp-prod-protected/HLSS30.020/HLS.S30.T10TFL.2021109T184911.v2.0/HLS.S30.T10TFL.2021109T184911.v2.0.Fmask.tif
Cropped
NDVI Calculated
Processed file 41 of 335
HLS.S30.T10TEL.2021109T184911.v2.0_NDVI_cropped.tif
https://data.lpdaac.earthdatacloud.nasa.gov/lp-prod-protected/HLSS30.020/HLS.S30.T10TEL.2021109T184911.v2.0/HLS.S30.T10TEL.2021109T184911.v2.0.Fmask.tif
https://data.lpdaac.earthdatacloud.nasa.gov/lp-prod-protected/HLSS30.020/HLS.S30.T10TEL.2021109T184911.v2.0/HLS.S30.T10TEL.2021109T184911.v2.0.B04.tif
https://data.lpdaac.earthdatacloud.nasa.gov/lp-prod-protected/HLSS30.020/HLS.S30.T10TEL.2021109T184911.v2.0/HLS.S30.T10TEL.2021109T184911.v2.0.B8A.tif
Cropped
NDVI Calculated
Processed file 42 of 335
HLS.L30.T10TEM.2021110T185629.v2.0_NDVI_cropped.tif
https://data.lpdaac.earthdatacloud.nasa.gov/lp-prod-protected/HLSL30.020/HLS.L30.T10TEM.2021110T185629.v2.0/HLS.L30.T10TEM.2021110T185629.v2.0.Fmask.tif
https://data.lpdaac.earthdatacloud.nasa.gov/lp-prod-protected/HLSL30.020/HLS.L30.T10TEM.2021110T185629.v2.0/HLS.L30.T10TEM.2021110T185629.v2.0.B05.tif
https://data.lpdaac.earthdatacloud.nasa.gov/lp-prod-protected/HLSL30.020/HLS.L30.T10TEM.2021110T185629.v2.0/HLS.L30.T10TEM.2021110T185629.v2.0.B04.tif
Cropped
NDVI Calculated
File: HLS.L30.T10TEM.2021110T185629.v2.0.Fmask was entirely fill values and will not be exported.
HLS.L30.T10TEL.2021110T185653.v2.0_NDVI_cropped.tif
https://data.lpdaac.earthdatacloud.nasa.gov/lp-prod-protected/HLSL30.020/HLS.L30.T10TEL.2021110T185653.v2.0/HLS.L30.T10TEL.2021110T185653.v2.0.Fmask.tif
https://data.lpdaac.earthdatacloud.nasa.gov/lp-prod-protected/HLSL30.020/HLS.L30.T10TEL.2021110T185653.v2.0/HLS.L30.T10TEL.2021110T185653.v2.0.B04.tif
https://data.lpdaac.earthdatacloud.nasa.gov/lp-prod-protected/HLSL30.020/HLS.L30.T10TEL.2021110T185653.v2.0/HLS.L30.T10TEL.2021110T185653.v2.0.B05.tif
Cropped
NDVI Calculated
File: HLS.L30.T10TEL.2021110T185653.v2.0.VAA was entirely fill values and will not be exported.
HLS.L30.T10TFM.2021112T184430.v2.0_NDVI_cropped.tif
https://data.lpdaac.earthdatacloud.nasa.gov/lp-prod-protected/HLSL30.020/HLS.L30.T10TFM.2021112T184430.v2.0/HLS.L30.T10TFM.2021112T184430.v2.0.B04.tif
https://data.lpdaac.earthdatacloud.nasa.gov/lp-prod-protected/HLSL30.020/HLS.L30.T10TFM.2021112T184430.v2.0/HLS.L30.T10TFM.2021112T184430.v2.0.B05.tif
https://data.lpdaac.earthdatacloud.nasa.gov/lp-prod-protected/HLSL30.020/HLS.L30.T10TFM.2021112T184430.v2.0/HLS.L30.T10TFM.2021112T184430.v2.0.Fmask.tif
Cropped
NDVI Calculated
Processed file 45 of 335
HLS.L30.T10TEL.2021112T184430.v2.0_NDVI_cropped.tif
https://data.lpdaac.earthdatacloud.nasa.gov/lp-prod-protected/HLSL30.020/HLS.L30.T10TEL.2021112T184430.v2.0/HLS.L30.T10TEL.2021112T184430.v2.0.B05.tif
https://data.lpdaac.earthdatacloud.nasa.gov/lp-prod-protected/HLSL30.020/HLS.L30.T10TEL.2021112T184430.v2.0/HLS.L30.T10TEL.2021112T184430.v2.0.Fmask.tif
https://data.lpdaac.earthdatacloud.nasa.gov/lp-prod-protected/HLSL30.020/HLS.L30.T10TEL.2021112T184430.v2.0/HLS.L30.T10TEL.2021112T184430.v2.0.B04.tif
Cropped
NDVI Calculated
Processed file 46 of 335
HLS.L30.T10TFL.2021112T184430.v2.0_NDVI_cropped.tif
https://data.lpdaac.earthdatacloud.nasa.gov/lp-prod-protected/HLSL30.020/HLS.L30.T10TFL.2021112T184430.v2.0/HLS.L30.T10TFL.2021112T184430.v2.0.B04.tif
https://data.lpdaac.earthdatacloud.nasa.gov/lp-prod-protected/HLSL30.020/HLS.L30.T10TFL.2021112T184430.v2.0/HLS.L30.T10TFL.2021112T184430.v2.0.Fmask.tif
https://data.lpdaac.earthdatacloud.nasa.gov/lp-prod-protected/HLSL30.020/HLS.L30.T10TFL.2021112T184430.v2.0/HLS.L30.T10TFL.2021112T184430.v2.0.B05.tif
Cropped
NDVI Calculated
Processed file 47 of 335
HLS.L30.T10TEM.2021112T184430.v2.0_NDVI_cropped.tif
https://data.lpdaac.earthdatacloud.nasa.gov/lp-prod-protected/HLSL30.020/HLS.L30.T10TEM.2021112T184430.v2.0/HLS.L30.T10TEM.2021112T184430.v2.0.B04.tif
https://data.lpdaac.earthdatacloud.nasa.gov/lp-prod-protected/HLSL30.020/HLS.L30.T10TEM.2021112T184430.v2.0/HLS.L30.T10TEM.2021112T184430.v2.0.B05.tif
https://data.lpdaac.earthdatacloud.nasa.gov/lp-prod-protected/HLSL30.020/HLS.L30.T10TEM.2021112T184430.v2.0/HLS.L30.T10TEM.2021112T184430.v2.0.Fmask.tif
Cropped
NDVI Calculated
Processed file 48 of 335
HLS.S30.T10TFM.2021112T185911.v2.0_NDVI_cropped.tif
https://data.lpdaac.earthdatacloud.nasa.gov/lp-prod-protected/HLSS30.020/HLS.S30.T10TFM.2021112T185911.v2.0/HLS.S30.T10TFM.2021112T185911.v2.0.B8A.tif
https://data.lpdaac.earthdatacloud.nasa.gov/lp-prod-protected/HLSS30.020/HLS.S30.T10TFM.2021112T185911.v2.0/HLS.S30.T10TFM.2021112T185911.v2.0.Fmask.tif
https://data.lpdaac.earthdatacloud.nasa.gov/lp-prod-protected/HLSS30.020/HLS.S30.T10TFM.2021112T185911.v2.0/HLS.S30.T10TFM.2021112T185911.v2.0.B04.tif
Cropped
NDVI Calculated
Processed file 49 of 335
HLS.S30.T10TEM.2021112T185911.v2.0_NDVI_cropped.tif
https://data.lpdaac.earthdatacloud.nasa.gov/lp-prod-protected/HLSS30.020/HLS.S30.T10TEM.2021112T185911.v2.0/HLS.S30.T10TEM.2021112T185911.v2.0.Fmask.tif
https://data.lpdaac.earthdatacloud.nasa.gov/lp-prod-protected/HLSS30.020/HLS.S30.T10TEM.2021112T185911.v2.0/HLS.S30.T10TEM.2021112T185911.v2.0.B8A.tif
https://data.lpdaac.earthdatacloud.nasa.gov/lp-prod-protected/HLSS30.020/HLS.S30.T10TEM.2021112T185911.v2.0/HLS.S30.T10TEM.2021112T185911.v2.0.B04.tif
Cropped
NDVI Calculated
Processed file 50 of 335
HLS.S30.T10TFL.2021112T185911.v2.0_NDVI_cropped.tif
https://data.lpdaac.earthdatacloud.nasa.gov/lp-prod-protected/HLSS30.020/HLS.S30.T10TFL.2021112T185911.v2.0/HLS.S30.T10TFL.2021112T185911.v2.0.B8A.tif
https://data.lpdaac.earthdatacloud.nasa.gov/lp-prod-protected/HLSS30.020/HLS.S30.T10TFL.2021112T185911.v2.0/HLS.S30.T10TFL.2021112T185911.v2.0.B04.tif
https://data.lpdaac.earthdatacloud.nasa.gov/lp-prod-protected/HLSS30.020/HLS.S30.T10TFL.2021112T185911.v2.0/HLS.S30.T10TFL.2021112T185911.v2.0.Fmask.tif
Cropped
NDVI Calculated
Processed file 51 of 335
HLS.S30.T10TEL.2021112T185911.v2.0_NDVI_cropped.tif
https://data.lpdaac.earthdatacloud.nasa.gov/lp-prod-protected/HLSS30.020/HLS.S30.T10TEL.2021112T185911.v2.0/HLS.S30.T10TEL.2021112T185911.v2.0.B04.tif
https://data.lpdaac.earthdatacloud.nasa.gov/lp-prod-protected/HLSS30.020/HLS.S30.T10TEL.2021112T185911.v2.0/HLS.S30.T10TEL.2021112T185911.v2.0.Fmask.tif
https://data.lpdaac.earthdatacloud.nasa.gov/lp-prod-protected/HLSS30.020/HLS.S30.T10TEL.2021112T185911.v2.0/HLS.S30.T10TEL.2021112T185911.v2.0.B8A.tif
Cropped
NDVI Calculated
Processed file 52 of 335
HLS.S30.T10TFM.2021114T184909.v2.0_NDVI_cropped.tif
https://data.lpdaac.earthdatacloud.nasa.gov/lp-prod-protected/HLSS30.020/HLS.S30.T10TFM.2021114T184909.v2.0/HLS.S30.T10TFM.2021114T184909.v2.0.B8A.tif
https://data.lpdaac.earthdatacloud.nasa.gov/lp-prod-protected/HLSS30.020/HLS.S30.T10TFM.2021114T184909.v2.0/HLS.S30.T10TFM.2021114T184909.v2.0.Fmask.tif
https://data.lpdaac.earthdatacloud.nasa.gov/lp-prod-protected/HLSS30.020/HLS.S30.T10TFM.2021114T184909.v2.0/HLS.S30.T10TFM.2021114T184909.v2.0.B04.tif
Cropped
NDVI Calculated
Processed file 53 of 335
HLS.S30.T10TEM.2021114T184909.v2.0_NDVI_cropped.tif
https://data.lpdaac.earthdatacloud.nasa.gov/lp-prod-protected/HLSS30.020/HLS.S30.T10TEM.2021114T184909.v2.0/HLS.S30.T10TEM.2021114T184909.v2.0.B04.tif
https://data.lpdaac.earthdatacloud.nasa.gov/lp-prod-protected/HLSS30.020/HLS.S30.T10TEM.2021114T184909.v2.0/HLS.S30.T10TEM.2021114T184909.v2.0.Fmask.tif
https://data.lpdaac.earthdatacloud.nasa.gov/lp-prod-protected/HLSS30.020/HLS.S30.T10TEM.2021114T184909.v2.0/HLS.S30.T10TEM.2021114T184909.v2.0.B8A.tif
Cropped
NDVI Calculated
Processed file 54 of 335
HLS.S30.T10TFL.2021114T184909.v2.0_NDVI_cropped.tif
https://data.lpdaac.earthdatacloud.nasa.gov/lp-prod-protected/HLSS30.020/HLS.S30.T10TFL.2021114T184909.v2.0/HLS.S30.T10TFL.2021114T184909.v2.0.B04.tif
https://data.lpdaac.earthdatacloud.nasa.gov/lp-prod-protected/HLSS30.020/HLS.S30.T10TFL.2021114T184909.v2.0/HLS.S30.T10TFL.2021114T184909.v2.0.Fmask.tif
https://data.lpdaac.earthdatacloud.nasa.gov/lp-prod-protected/HLSS30.020/HLS.S30.T10TFL.2021114T184909.v2.0/HLS.S30.T10TFL.2021114T184909.v2.0.B8A.tif
Cropped
NDVI Calculated
Processed file 55 of 335
HLS.S30.T10TEL.2021114T184909.v2.0_NDVI_cropped.tif
https://data.lpdaac.earthdatacloud.nasa.gov/lp-prod-protected/HLSS30.020/HLS.S30.T10TEL.2021114T184909.v2.0/HLS.S30.T10TEL.2021114T184909.v2.0.B8A.tif
https://data.lpdaac.earthdatacloud.nasa.gov/lp-prod-protected/HLSS30.020/HLS.S30.T10TEL.2021114T184909.v2.0/HLS.S30.T10TEL.2021114T184909.v2.0.Fmask.tif
https://data.lpdaac.earthdatacloud.nasa.gov/lp-prod-protected/HLSS30.020/HLS.S30.T10TEL.2021114T184909.v2.0/HLS.S30.T10TEL.2021114T184909.v2.0.B04.tif
Cropped
NDVI Calculated
Processed file 56 of 335
HLS.S30.T10TFM.2021117T185909.v2.0_NDVI_cropped.tif
https://data.lpdaac.earthdatacloud.nasa.gov/lp-prod-protected/HLSS30.020/HLS.S30.T10TFM.2021117T185909.v2.0/HLS.S30.T10TFM.2021117T185909.v2.0.Fmask.tif
https://data.lpdaac.earthdatacloud.nasa.gov/lp-prod-protected/HLSS30.020/HLS.S30.T10TFM.2021117T185909.v2.0/HLS.S30.T10TFM.2021117T185909.v2.0.B8A.tif
https://data.lpdaac.earthdatacloud.nasa.gov/lp-prod-protected/HLSS30.020/HLS.S30.T10TFM.2021117T185909.v2.0/HLS.S30.T10TFM.2021117T185909.v2.0.B04.tif
Cropped
NDVI Calculated
Processed file 57 of 335
HLS.S30.T10TEM.2021117T185909.v2.0_NDVI_cropped.tif
https://data.lpdaac.earthdatacloud.nasa.gov/lp-prod-protected/HLSS30.020/HLS.S30.T10TEM.2021117T185909.v2.0/HLS.S30.T10TEM.2021117T185909.v2.0.Fmask.tif
https://data.lpdaac.earthdatacloud.nasa.gov/lp-prod-protected/HLSS30.020/HLS.S30.T10TEM.2021117T185909.v2.0/HLS.S30.T10TEM.2021117T185909.v2.0.B04.tif
https://data.lpdaac.earthdatacloud.nasa.gov/lp-prod-protected/HLSS30.020/HLS.S30.T10TEM.2021117T185909.v2.0/HLS.S30.T10TEM.2021117T185909.v2.0.B8A.tif
Cropped
NDVI Calculated
Processed file 58 of 335
HLS.S30.T10TFL.2021117T185909.v2.0_NDVI_cropped.tif
https://data.lpdaac.earthdatacloud.nasa.gov/lp-prod-protected/HLSS30.020/HLS.S30.T10TFL.2021117T185909.v2.0/HLS.S30.T10TFL.2021117T185909.v2.0.B04.tif
https://data.lpdaac.earthdatacloud.nasa.gov/lp-prod-protected/HLSS30.020/HLS.S30.T10TFL.2021117T185909.v2.0/HLS.S30.T10TFL.2021117T185909.v2.0.Fmask.tif
https://data.lpdaac.earthdatacloud.nasa.gov/lp-prod-protected/HLSS30.020/HLS.S30.T10TFL.2021117T185909.v2.0/HLS.S30.T10TFL.2021117T185909.v2.0.B8A.tif
Cropped
NDVI Calculated
Processed file 59 of 335
HLS.S30.T10TEL.2021117T185909.v2.0_NDVI_cropped.tif
https://data.lpdaac.earthdatacloud.nasa.gov/lp-prod-protected/HLSS30.020/HLS.S30.T10TEL.2021117T185909.v2.0/HLS.S30.T10TEL.2021117T185909.v2.0.B8A.tif
https://data.lpdaac.earthdatacloud.nasa.gov/lp-prod-protected/HLSS30.020/HLS.S30.T10TEL.2021117T185909.v2.0/HLS.S30.T10TEL.2021117T185909.v2.0.B04.tif
https://data.lpdaac.earthdatacloud.nasa.gov/lp-prod-protected/HLSS30.020/HLS.S30.T10TEL.2021117T185909.v2.0/HLS.S30.T10TEL.2021117T185909.v2.0.Fmask.tif
Cropped
NDVI Calculated
Processed file 60 of 335
HLS.L30.T10TFM.2021119T185013.v2.0_NDVI_cropped.tif
https://data.lpdaac.earthdatacloud.nasa.gov/lp-prod-protected/HLSL30.020/HLS.L30.T10TFM.2021119T185013.v2.0/HLS.L30.T10TFM.2021119T185013.v2.0.B04.tif
https://data.lpdaac.earthdatacloud.nasa.gov/lp-prod-protected/HLSL30.020/HLS.L30.T10TFM.2021119T185013.v2.0/HLS.L30.T10TFM.2021119T185013.v2.0.B05.tif
https://data.lpdaac.earthdatacloud.nasa.gov/lp-prod-protected/HLSL30.020/HLS.L30.T10TFM.2021119T185013.v2.0/HLS.L30.T10TFM.2021119T185013.v2.0.Fmask.tif
Cropped
NDVI Calculated
Processed file 61 of 335
HLS.L30.T10TEM.2021119T185013.v2.0_NDVI_cropped.tif
https://data.lpdaac.earthdatacloud.nasa.gov/lp-prod-protected/HLSL30.020/HLS.L30.T10TEM.2021119T185013.v2.0/HLS.L30.T10TEM.2021119T185013.v2.0.B04.tif
https://data.lpdaac.earthdatacloud.nasa.gov/lp-prod-protected/HLSL30.020/HLS.L30.T10TEM.2021119T185013.v2.0/HLS.L30.T10TEM.2021119T185013.v2.0.B05.tif
https://data.lpdaac.earthdatacloud.nasa.gov/lp-prod-protected/HLSL30.020/HLS.L30.T10TEM.2021119T185013.v2.0/HLS.L30.T10TEM.2021119T185013.v2.0.Fmask.tif
Cropped
NDVI Calculated
Processed file 62 of 335
HLS.L30.T10TFL.2021119T185037.v2.0_NDVI_cropped.tif
https://data.lpdaac.earthdatacloud.nasa.gov/lp-prod-protected/HLSL30.020/HLS.L30.T10TFL.2021119T185037.v2.0/HLS.L30.T10TFL.2021119T185037.v2.0.B05.tif
https://data.lpdaac.earthdatacloud.nasa.gov/lp-prod-protected/HLSL30.020/HLS.L30.T10TFL.2021119T185037.v2.0/HLS.L30.T10TFL.2021119T185037.v2.0.B04.tif
https://data.lpdaac.earthdatacloud.nasa.gov/lp-prod-protected/HLSL30.020/HLS.L30.T10TFL.2021119T185037.v2.0/HLS.L30.T10TFL.2021119T185037.v2.0.Fmask.tif
Cropped
NDVI Calculated
Processed file 63 of 335
HLS.L30.T10TEL.2021119T185037.v2.0_NDVI_cropped.tif
https://data.lpdaac.earthdatacloud.nasa.gov/lp-prod-protected/HLSL30.020/HLS.L30.T10TEL.2021119T185037.v2.0/HLS.L30.T10TEL.2021119T185037.v2.0.Fmask.tif
https://data.lpdaac.earthdatacloud.nasa.gov/lp-prod-protected/HLSL30.020/HLS.L30.T10TEL.2021119T185037.v2.0/HLS.L30.T10TEL.2021119T185037.v2.0.B04.tif
https://data.lpdaac.earthdatacloud.nasa.gov/lp-prod-protected/HLSL30.020/HLS.L30.T10TEL.2021119T185037.v2.0/HLS.L30.T10TEL.2021119T185037.v2.0.B05.tif
Cropped
NDVI Calculated
Processed file 64 of 335
HLS.S30.T10TFM.2021119T184921.v2.0_NDVI_cropped.tif
https://data.lpdaac.earthdatacloud.nasa.gov/lp-prod-protected/HLSS30.020/HLS.S30.T10TFM.2021119T184921.v2.0/HLS.S30.T10TFM.2021119T184921.v2.0.B04.tif
https://data.lpdaac.earthdatacloud.nasa.gov/lp-prod-protected/HLSS30.020/HLS.S30.T10TFM.2021119T184921.v2.0/HLS.S30.T10TFM.2021119T184921.v2.0.B8A.tif
https://data.lpdaac.earthdatacloud.nasa.gov/lp-prod-protected/HLSS30.020/HLS.S30.T10TFM.2021119T184921.v2.0/HLS.S30.T10TFM.2021119T184921.v2.0.Fmask.tif
Cropped
NDVI Calculated
Processed file 65 of 335
HLS.S30.T10TEM.2021119T184921.v2.0_NDVI_cropped.tif
https://data.lpdaac.earthdatacloud.nasa.gov/lp-prod-protected/HLSS30.020/HLS.S30.T10TEM.2021119T184921.v2.0/HLS.S30.T10TEM.2021119T184921.v2.0.B04.tif
https://data.lpdaac.earthdatacloud.nasa.gov/lp-prod-protected/HLSS30.020/HLS.S30.T10TEM.2021119T184921.v2.0/HLS.S30.T10TEM.2021119T184921.v2.0.B8A.tif
https://data.lpdaac.earthdatacloud.nasa.gov/lp-prod-protected/HLSS30.020/HLS.S30.T10TEM.2021119T184921.v2.0/HLS.S30.T10TEM.2021119T184921.v2.0.Fmask.tif
Cropped
NDVI Calculated
Processed file 66 of 335
HLS.S30.T10TFL.2021119T184921.v2.0_NDVI_cropped.tif
https://data.lpdaac.earthdatacloud.nasa.gov/lp-prod-protected/HLSS30.020/HLS.S30.T10TFL.2021119T184921.v2.0/HLS.S30.T10TFL.2021119T184921.v2.0.Fmask.tif
https://data.lpdaac.earthdatacloud.nasa.gov/lp-prod-protected/HLSS30.020/HLS.S30.T10TFL.2021119T184921.v2.0/HLS.S30.T10TFL.2021119T184921.v2.0.B8A.tif
https://data.lpdaac.earthdatacloud.nasa.gov/lp-prod-protected/HLSS30.020/HLS.S30.T10TFL.2021119T184921.v2.0/HLS.S30.T10TFL.2021119T184921.v2.0.B04.tif
Cropped
NDVI Calculated
Processed file 67 of 335
HLS.S30.T10TEL.2021119T184921.v2.0_NDVI_cropped.tif
https://data.lpdaac.earthdatacloud.nasa.gov/lp-prod-protected/HLSS30.020/HLS.S30.T10TEL.2021119T184921.v2.0/HLS.S30.T10TEL.2021119T184921.v2.0.B04.tif
https://data.lpdaac.earthdatacloud.nasa.gov/lp-prod-protected/HLSS30.020/HLS.S30.T10TEL.2021119T184921.v2.0/HLS.S30.T10TEL.2021119T184921.v2.0.Fmask.tif
https://data.lpdaac.earthdatacloud.nasa.gov/lp-prod-protected/HLSS30.020/HLS.S30.T10TEL.2021119T184921.v2.0/HLS.S30.T10TEL.2021119T184921.v2.0.B8A.tif
Cropped
NDVI Calculated
Processed file 68 of 335
HLS.S30.T10TFM.2021122T185911.v2.0_NDVI_cropped.tif
https://data.lpdaac.earthdatacloud.nasa.gov/lp-prod-protected/HLSS30.020/HLS.S30.T10TFM.2021122T185911.v2.0/HLS.S30.T10TFM.2021122T185911.v2.0.B8A.tif
https://data.lpdaac.earthdatacloud.nasa.gov/lp-prod-protected/HLSS30.020/HLS.S30.T10TFM.2021122T185911.v2.0/HLS.S30.T10TFM.2021122T185911.v2.0.Fmask.tif
https://data.lpdaac.earthdatacloud.nasa.gov/lp-prod-protected/HLSS30.020/HLS.S30.T10TFM.2021122T185911.v2.0/HLS.S30.T10TFM.2021122T185911.v2.0.B04.tif
Cropped
NDVI Calculated
Processed file 69 of 335
HLS.S30.T10TEM.2021122T185911.v2.0_NDVI_cropped.tif
https://data.lpdaac.earthdatacloud.nasa.gov/lp-prod-protected/HLSS30.020/HLS.S30.T10TEM.2021122T185911.v2.0/HLS.S30.T10TEM.2021122T185911.v2.0.Fmask.tif
https://data.lpdaac.earthdatacloud.nasa.gov/lp-prod-protected/HLSS30.020/HLS.S30.T10TEM.2021122T185911.v2.0/HLS.S30.T10TEM.2021122T185911.v2.0.B8A.tif
https://data.lpdaac.earthdatacloud.nasa.gov/lp-prod-protected/HLSS30.020/HLS.S30.T10TEM.2021122T185911.v2.0/HLS.S30.T10TEM.2021122T185911.v2.0.B04.tif
Cropped
NDVI Calculated
Processed file 70 of 335
HLS.S30.T10TFL.2021122T185911.v2.0_NDVI_cropped.tif
https://data.lpdaac.earthdatacloud.nasa.gov/lp-prod-protected/HLSS30.020/HLS.S30.T10TFL.2021122T185911.v2.0/HLS.S30.T10TFL.2021122T185911.v2.0.B04.tif
https://data.lpdaac.earthdatacloud.nasa.gov/lp-prod-protected/HLSS30.020/HLS.S30.T10TFL.2021122T185911.v2.0/HLS.S30.T10TFL.2021122T185911.v2.0.Fmask.tif
https://data.lpdaac.earthdatacloud.nasa.gov/lp-prod-protected/HLSS30.020/HLS.S30.T10TFL.2021122T185911.v2.0/HLS.S30.T10TFL.2021122T185911.v2.0.B8A.tif
Cropped
NDVI Calculated
Processed file 71 of 335
HLS.S30.T10TEL.2021122T185911.v2.0_NDVI_cropped.tif
https://data.lpdaac.earthdatacloud.nasa.gov/lp-prod-protected/HLSS30.020/HLS.S30.T10TEL.2021122T185911.v2.0/HLS.S30.T10TEL.2021122T185911.v2.0.B8A.tif
https://data.lpdaac.earthdatacloud.nasa.gov/lp-prod-protected/HLSS30.020/HLS.S30.T10TEL.2021122T185911.v2.0/HLS.S30.T10TEL.2021122T185911.v2.0.B04.tif
https://data.lpdaac.earthdatacloud.nasa.gov/lp-prod-protected/HLSS30.020/HLS.S30.T10TEL.2021122T185911.v2.0/HLS.S30.T10TEL.2021122T185911.v2.0.Fmask.tif
Cropped
NDVI Calculated
Processed file 72 of 335
HLS.S30.T10TFM.2021124T184919.v2.0_NDVI_cropped.tif
https://data.lpdaac.earthdatacloud.nasa.gov/lp-prod-protected/HLSS30.020/HLS.S30.T10TFM.2021124T184919.v2.0/HLS.S30.T10TFM.2021124T184919.v2.0.Fmask.tif
https://data.lpdaac.earthdatacloud.nasa.gov/lp-prod-protected/HLSS30.020/HLS.S30.T10TFM.2021124T184919.v2.0/HLS.S30.T10TFM.2021124T184919.v2.0.B8A.tif
https://data.lpdaac.earthdatacloud.nasa.gov/lp-prod-protected/HLSS30.020/HLS.S30.T10TFM.2021124T184919.v2.0/HLS.S30.T10TFM.2021124T184919.v2.0.B04.tif
Cropped
NDVI Calculated
Processed file 73 of 335
HLS.S30.T10TEM.2021124T184919.v2.0_NDVI_cropped.tif
https://data.lpdaac.earthdatacloud.nasa.gov/lp-prod-protected/HLSS30.020/HLS.S30.T10TEM.2021124T184919.v2.0/HLS.S30.T10TEM.2021124T184919.v2.0.Fmask.tif
https://data.lpdaac.earthdatacloud.nasa.gov/lp-prod-protected/HLSS30.020/HLS.S30.T10TEM.2021124T184919.v2.0/HLS.S30.T10TEM.2021124T184919.v2.0.B04.tif
https://data.lpdaac.earthdatacloud.nasa.gov/lp-prod-protected/HLSS30.020/HLS.S30.T10TEM.2021124T184919.v2.0/HLS.S30.T10TEM.2021124T184919.v2.0.B8A.tif
Cropped
NDVI Calculated
Processed file 74 of 335
HLS.S30.T10TFL.2021124T184919.v2.0_NDVI_cropped.tif
https://data.lpdaac.earthdatacloud.nasa.gov/lp-prod-protected/HLSS30.020/HLS.S30.T10TFL.2021124T184919.v2.0/HLS.S30.T10TFL.2021124T184919.v2.0.Fmask.tif
https://data.lpdaac.earthdatacloud.nasa.gov/lp-prod-protected/HLSS30.020/HLS.S30.T10TFL.2021124T184919.v2.0/HLS.S30.T10TFL.2021124T184919.v2.0.B8A.tif
https://data.lpdaac.earthdatacloud.nasa.gov/lp-prod-protected/HLSS30.020/HLS.S30.T10TFL.2021124T184919.v2.0/HLS.S30.T10TFL.2021124T184919.v2.0.B04.tif
Cropped
NDVI Calculated
Processed file 75 of 335
HLS.S30.T10TEL.2021124T184919.v2.0_NDVI_cropped.tif
https://data.lpdaac.earthdatacloud.nasa.gov/lp-prod-protected/HLSS30.020/HLS.S30.T10TEL.2021124T184919.v2.0/HLS.S30.T10TEL.2021124T184919.v2.0.B8A.tif
https://data.lpdaac.earthdatacloud.nasa.gov/lp-prod-protected/HLSS30.020/HLS.S30.T10TEL.2021124T184919.v2.0/HLS.S30.T10TEL.2021124T184919.v2.0.B04.tif
https://data.lpdaac.earthdatacloud.nasa.gov/lp-prod-protected/HLSS30.020/HLS.S30.T10TEL.2021124T184919.v2.0/HLS.S30.T10TEL.2021124T184919.v2.0.Fmask.tif
Cropped
NDVI Calculated
Processed file 76 of 335
HLS.L30.T10TEM.2021126T185619.v2.0_NDVI_cropped.tif
https://data.lpdaac.earthdatacloud.nasa.gov/lp-prod-protected/HLSL30.020/HLS.L30.T10TEM.2021126T185619.v2.0/HLS.L30.T10TEM.2021126T185619.v2.0.Fmask.tif
https://data.lpdaac.earthdatacloud.nasa.gov/lp-prod-protected/HLSL30.020/HLS.L30.T10TEM.2021126T185619.v2.0/HLS.L30.T10TEM.2021126T185619.v2.0.B05.tif
https://data.lpdaac.earthdatacloud.nasa.gov/lp-prod-protected/HLSL30.020/HLS.L30.T10TEM.2021126T185619.v2.0/HLS.L30.T10TEM.2021126T185619.v2.0.B04.tif
Cropped
NDVI Calculated
Processed file 77 of 335
HLS.L30.T10TEL.2021126T185643.v2.0_NDVI_cropped.tif
https://data.lpdaac.earthdatacloud.nasa.gov/lp-prod-protected/HLSL30.020/HLS.L30.T10TEL.2021126T185643.v2.0/HLS.L30.T10TEL.2021126T185643.v2.0.Fmask.tif
https://data.lpdaac.earthdatacloud.nasa.gov/lp-prod-protected/HLSL30.020/HLS.L30.T10TEL.2021126T185643.v2.0/HLS.L30.T10TEL.2021126T185643.v2.0.B05.tif
https://data.lpdaac.earthdatacloud.nasa.gov/lp-prod-protected/HLSL30.020/HLS.L30.T10TEL.2021126T185643.v2.0/HLS.L30.T10TEL.2021126T185643.v2.0.B04.tif
Cropped
NDVI Calculated
Processed file 78 of 335
HLS.S30.T10TFM.2021127T185919.v2.0_NDVI_cropped.tif
https://data.lpdaac.earthdatacloud.nasa.gov/lp-prod-protected/HLSS30.020/HLS.S30.T10TFM.2021127T185919.v2.0/HLS.S30.T10TFM.2021127T185919.v2.0.B04.tif
https://data.lpdaac.earthdatacloud.nasa.gov/lp-prod-protected/HLSS30.020/HLS.S30.T10TFM.2021127T185919.v2.0/HLS.S30.T10TFM.2021127T185919.v2.0.B8A.tif
https://data.lpdaac.earthdatacloud.nasa.gov/lp-prod-protected/HLSS30.020/HLS.S30.T10TFM.2021127T185919.v2.0/HLS.S30.T10TFM.2021127T185919.v2.0.Fmask.tif
Cropped
NDVI Calculated
Processed file 79 of 335
HLS.S30.T10TEM.2021127T185919.v2.0_NDVI_cropped.tif
https://data.lpdaac.earthdatacloud.nasa.gov/lp-prod-protected/HLSS30.020/HLS.S30.T10TEM.2021127T185919.v2.0/HLS.S30.T10TEM.2021127T185919.v2.0.B04.tif
https://data.lpdaac.earthdatacloud.nasa.gov/lp-prod-protected/HLSS30.020/HLS.S30.T10TEM.2021127T185919.v2.0/HLS.S30.T10TEM.2021127T185919.v2.0.Fmask.tif
https://data.lpdaac.earthdatacloud.nasa.gov/lp-prod-protected/HLSS30.020/HLS.S30.T10TEM.2021127T185919.v2.0/HLS.S30.T10TEM.2021127T185919.v2.0.B8A.tif
Cropped
NDVI Calculated
Processed file 80 of 335
HLS.S30.T10TFL.2021127T185919.v2.0_NDVI_cropped.tif
https://data.lpdaac.earthdatacloud.nasa.gov/lp-prod-protected/HLSS30.020/HLS.S30.T10TFL.2021127T185919.v2.0/HLS.S30.T10TFL.2021127T185919.v2.0.Fmask.tif
https://data.lpdaac.earthdatacloud.nasa.gov/lp-prod-protected/HLSS30.020/HLS.S30.T10TFL.2021127T185919.v2.0/HLS.S30.T10TFL.2021127T185919.v2.0.B04.tif
https://data.lpdaac.earthdatacloud.nasa.gov/lp-prod-protected/HLSS30.020/HLS.S30.T10TFL.2021127T185919.v2.0/HLS.S30.T10TFL.2021127T185919.v2.0.B8A.tif
Cropped
NDVI Calculated
Processed file 81 of 335
HLS.S30.T10TEL.2021127T185919.v2.0_NDVI_cropped.tif
https://data.lpdaac.earthdatacloud.nasa.gov/lp-prod-protected/HLSS30.020/HLS.S30.T10TEL.2021127T185919.v2.0/HLS.S30.T10TEL.2021127T185919.v2.0.Fmask.tif
https://data.lpdaac.earthdatacloud.nasa.gov/lp-prod-protected/HLSS30.020/HLS.S30.T10TEL.2021127T185919.v2.0/HLS.S30.T10TEL.2021127T185919.v2.0.B04.tif
https://data.lpdaac.earthdatacloud.nasa.gov/lp-prod-protected/HLSS30.020/HLS.S30.T10TEL.2021127T185919.v2.0/HLS.S30.T10TEL.2021127T185919.v2.0.B8A.tif
Cropped
NDVI Calculated
Processed file 82 of 335
HLS.L30.T10TFM.2021128T184423.v2.0_NDVI_cropped.tif
https://data.lpdaac.earthdatacloud.nasa.gov/lp-prod-protected/HLSL30.020/HLS.L30.T10TFM.2021128T184423.v2.0/HLS.L30.T10TFM.2021128T184423.v2.0.B05.tif
https://data.lpdaac.earthdatacloud.nasa.gov/lp-prod-protected/HLSL30.020/HLS.L30.T10TFM.2021128T184423.v2.0/HLS.L30.T10TFM.2021128T184423.v2.0.Fmask.tif
https://data.lpdaac.earthdatacloud.nasa.gov/lp-prod-protected/HLSL30.020/HLS.L30.T10TFM.2021128T184423.v2.0/HLS.L30.T10TFM.2021128T184423.v2.0.B04.tif
Cropped
NDVI Calculated
Processed file 83 of 335
HLS.L30.T10TFL.2021128T184423.v2.0_NDVI_cropped.tif
https://data.lpdaac.earthdatacloud.nasa.gov/lp-prod-protected/HLSL30.020/HLS.L30.T10TFL.2021128T184423.v2.0/HLS.L30.T10TFL.2021128T184423.v2.0.B04.tif
https://data.lpdaac.earthdatacloud.nasa.gov/lp-prod-protected/HLSL30.020/HLS.L30.T10TFL.2021128T184423.v2.0/HLS.L30.T10TFL.2021128T184423.v2.0.Fmask.tif
https://data.lpdaac.earthdatacloud.nasa.gov/lp-prod-protected/HLSL30.020/HLS.L30.T10TFL.2021128T184423.v2.0/HLS.L30.T10TFL.2021128T184423.v2.0.B05.tif
Cropped
NDVI Calculated
Processed file 84 of 335
HLS.L30.T10TEL.2021128T184423.v2.0_NDVI_cropped.tif
https://data.lpdaac.earthdatacloud.nasa.gov/lp-prod-protected/HLSL30.020/HLS.L30.T10TEL.2021128T184423.v2.0/HLS.L30.T10TEL.2021128T184423.v2.0.B05.tif
https://data.lpdaac.earthdatacloud.nasa.gov/lp-prod-protected/HLSL30.020/HLS.L30.T10TEL.2021128T184423.v2.0/HLS.L30.T10TEL.2021128T184423.v2.0.B04.tif
https://data.lpdaac.earthdatacloud.nasa.gov/lp-prod-protected/HLSL30.020/HLS.L30.T10TEL.2021128T184423.v2.0/HLS.L30.T10TEL.2021128T184423.v2.0.Fmask.tif
Cropped
NDVI Calculated
Processed file 85 of 335
HLS.L30.T10TEM.2021128T184423.v2.0_NDVI_cropped.tif
https://data.lpdaac.earthdatacloud.nasa.gov/lp-prod-protected/HLSL30.020/HLS.L30.T10TEM.2021128T184423.v2.0/HLS.L30.T10TEM.2021128T184423.v2.0.B05.tif
https://data.lpdaac.earthdatacloud.nasa.gov/lp-prod-protected/HLSL30.020/HLS.L30.T10TEM.2021128T184423.v2.0/HLS.L30.T10TEM.2021128T184423.v2.0.B04.tif
https://data.lpdaac.earthdatacloud.nasa.gov/lp-prod-protected/HLSL30.020/HLS.L30.T10TEM.2021128T184423.v2.0/HLS.L30.T10TEM.2021128T184423.v2.0.Fmask.tif
Cropped
NDVI Calculated
Processed file 86 of 335
HLS.S30.T10TFM.2021129T184921.v2.0_NDVI_cropped.tif
https://data.lpdaac.earthdatacloud.nasa.gov/lp-prod-protected/HLSS30.020/HLS.S30.T10TFM.2021129T184921.v2.0/HLS.S30.T10TFM.2021129T184921.v2.0.Fmask.tif
https://data.lpdaac.earthdatacloud.nasa.gov/lp-prod-protected/HLSS30.020/HLS.S30.T10TFM.2021129T184921.v2.0/HLS.S30.T10TFM.2021129T184921.v2.0.B04.tif
https://data.lpdaac.earthdatacloud.nasa.gov/lp-prod-protected/HLSS30.020/HLS.S30.T10TFM.2021129T184921.v2.0/HLS.S30.T10TFM.2021129T184921.v2.0.B8A.tif
Cropped
NDVI Calculated
Processed file 87 of 335
HLS.S30.T10TEM.2021129T184921.v2.0_NDVI_cropped.tif
https://data.lpdaac.earthdatacloud.nasa.gov/lp-prod-protected/HLSS30.020/HLS.S30.T10TEM.2021129T184921.v2.0/HLS.S30.T10TEM.2021129T184921.v2.0.Fmask.tif
https://data.lpdaac.earthdatacloud.nasa.gov/lp-prod-protected/HLSS30.020/HLS.S30.T10TEM.2021129T184921.v2.0/HLS.S30.T10TEM.2021129T184921.v2.0.B04.tif
https://data.lpdaac.earthdatacloud.nasa.gov/lp-prod-protected/HLSS30.020/HLS.S30.T10TEM.2021129T184921.v2.0/HLS.S30.T10TEM.2021129T184921.v2.0.B8A.tif
Cropped
NDVI Calculated
Processed file 88 of 335
HLS.S30.T10TFL.2021129T184921.v2.0_NDVI_cropped.tif
https://data.lpdaac.earthdatacloud.nasa.gov/lp-prod-protected/HLSS30.020/HLS.S30.T10TFL.2021129T184921.v2.0/HLS.S30.T10TFL.2021129T184921.v2.0.B8A.tif
https://data.lpdaac.earthdatacloud.nasa.gov/lp-prod-protected/HLSS30.020/HLS.S30.T10TFL.2021129T184921.v2.0/HLS.S30.T10TFL.2021129T184921.v2.0.B04.tif
https://data.lpdaac.earthdatacloud.nasa.gov/lp-prod-protected/HLSS30.020/HLS.S30.T10TFL.2021129T184921.v2.0/HLS.S30.T10TFL.2021129T184921.v2.0.Fmask.tif
Cropped
NDVI Calculated
Processed file 89 of 335
HLS.S30.T10TEL.2021129T184921.v2.0_NDVI_cropped.tif
https://data.lpdaac.earthdatacloud.nasa.gov/lp-prod-protected/HLSS30.020/HLS.S30.T10TEL.2021129T184921.v2.0/HLS.S30.T10TEL.2021129T184921.v2.0.Fmask.tif
https://data.lpdaac.earthdatacloud.nasa.gov/lp-prod-protected/HLSS30.020/HLS.S30.T10TEL.2021129T184921.v2.0/HLS.S30.T10TEL.2021129T184921.v2.0.B8A.tif
https://data.lpdaac.earthdatacloud.nasa.gov/lp-prod-protected/HLSS30.020/HLS.S30.T10TEL.2021129T184921.v2.0/HLS.S30.T10TEL.2021129T184921.v2.0.B04.tif
Cropped
NDVI Calculated
Processed file 90 of 335
HLS.S30.T10TFM.2021132T185921.v2.0_NDVI_cropped.tif
https://data.lpdaac.earthdatacloud.nasa.gov/lp-prod-protected/HLSS30.020/HLS.S30.T10TFM.2021132T185921.v2.0/HLS.S30.T10TFM.2021132T185921.v2.0.Fmask.tif
https://data.lpdaac.earthdatacloud.nasa.gov/lp-prod-protected/HLSS30.020/HLS.S30.T10TFM.2021132T185921.v2.0/HLS.S30.T10TFM.2021132T185921.v2.0.B04.tif
https://data.lpdaac.earthdatacloud.nasa.gov/lp-prod-protected/HLSS30.020/HLS.S30.T10TFM.2021132T185921.v2.0/HLS.S30.T10TFM.2021132T185921.v2.0.B8A.tif
Cropped
NDVI Calculated
Processed file 91 of 335
HLS.S30.T10TEM.2021132T185921.v2.0_NDVI_cropped.tif
https://data.lpdaac.earthdatacloud.nasa.gov/lp-prod-protected/HLSS30.020/HLS.S30.T10TEM.2021132T185921.v2.0/HLS.S30.T10TEM.2021132T185921.v2.0.B04.tif
https://data.lpdaac.earthdatacloud.nasa.gov/lp-prod-protected/HLSS30.020/HLS.S30.T10TEM.2021132T185921.v2.0/HLS.S30.T10TEM.2021132T185921.v2.0.Fmask.tif
https://data.lpdaac.earthdatacloud.nasa.gov/lp-prod-protected/HLSS30.020/HLS.S30.T10TEM.2021132T185921.v2.0/HLS.S30.T10TEM.2021132T185921.v2.0.B8A.tif
Cropped
NDVI Calculated
Processed file 92 of 335
HLS.S30.T10TFL.2021132T185921.v2.0_NDVI_cropped.tif
https://data.lpdaac.earthdatacloud.nasa.gov/lp-prod-protected/HLSS30.020/HLS.S30.T10TFL.2021132T185921.v2.0/HLS.S30.T10TFL.2021132T185921.v2.0.Fmask.tif
https://data.lpdaac.earthdatacloud.nasa.gov/lp-prod-protected/HLSS30.020/HLS.S30.T10TFL.2021132T185921.v2.0/HLS.S30.T10TFL.2021132T185921.v2.0.B04.tif
https://data.lpdaac.earthdatacloud.nasa.gov/lp-prod-protected/HLSS30.020/HLS.S30.T10TFL.2021132T185921.v2.0/HLS.S30.T10TFL.2021132T185921.v2.0.B8A.tif
Cropped
NDVI Calculated
Processed file 93 of 335
HLS.S30.T10TEL.2021132T185921.v2.0_NDVI_cropped.tif
https://data.lpdaac.earthdatacloud.nasa.gov/lp-prod-protected/HLSS30.020/HLS.S30.T10TEL.2021132T185921.v2.0/HLS.S30.T10TEL.2021132T185921.v2.0.B8A.tif
https://data.lpdaac.earthdatacloud.nasa.gov/lp-prod-protected/HLSS30.020/HLS.S30.T10TEL.2021132T185921.v2.0/HLS.S30.T10TEL.2021132T185921.v2.0.B04.tif
https://data.lpdaac.earthdatacloud.nasa.gov/lp-prod-protected/HLSS30.020/HLS.S30.T10TEL.2021132T185921.v2.0/HLS.S30.T10TEL.2021132T185921.v2.0.Fmask.tif
Cropped
NDVI Calculated
Processed file 94 of 335
HLS.S30.T10TFM.2021134T184919.v2.0_NDVI_cropped.tif
https://data.lpdaac.earthdatacloud.nasa.gov/lp-prod-protected/HLSS30.020/HLS.S30.T10TFM.2021134T184919.v2.0/HLS.S30.T10TFM.2021134T184919.v2.0.B04.tif
https://data.lpdaac.earthdatacloud.nasa.gov/lp-prod-protected/HLSS30.020/HLS.S30.T10TFM.2021134T184919.v2.0/HLS.S30.T10TFM.2021134T184919.v2.0.B8A.tif
https://data.lpdaac.earthdatacloud.nasa.gov/lp-prod-protected/HLSS30.020/HLS.S30.T10TFM.2021134T184919.v2.0/HLS.S30.T10TFM.2021134T184919.v2.0.Fmask.tif
Cropped
NDVI Calculated
Processed file 95 of 335
HLS.S30.T10TEM.2021134T184919.v2.0_NDVI_cropped.tif
https://data.lpdaac.earthdatacloud.nasa.gov/lp-prod-protected/HLSS30.020/HLS.S30.T10TEM.2021134T184919.v2.0/HLS.S30.T10TEM.2021134T184919.v2.0.Fmask.tif
https://data.lpdaac.earthdatacloud.nasa.gov/lp-prod-protected/HLSS30.020/HLS.S30.T10TEM.2021134T184919.v2.0/HLS.S30.T10TEM.2021134T184919.v2.0.B04.tif
https://data.lpdaac.earthdatacloud.nasa.gov/lp-prod-protected/HLSS30.020/HLS.S30.T10TEM.2021134T184919.v2.0/HLS.S30.T10TEM.2021134T184919.v2.0.B8A.tif
Cropped
NDVI Calculated
Processed file 96 of 335
HLS.S30.T10TFL.2021134T184919.v2.0_NDVI_cropped.tif
https://data.lpdaac.earthdatacloud.nasa.gov/lp-prod-protected/HLSS30.020/HLS.S30.T10TFL.2021134T184919.v2.0/HLS.S30.T10TFL.2021134T184919.v2.0.B04.tif
https://data.lpdaac.earthdatacloud.nasa.gov/lp-prod-protected/HLSS30.020/HLS.S30.T10TFL.2021134T184919.v2.0/HLS.S30.T10TFL.2021134T184919.v2.0.B8A.tif
https://data.lpdaac.earthdatacloud.nasa.gov/lp-prod-protected/HLSS30.020/HLS.S30.T10TFL.2021134T184919.v2.0/HLS.S30.T10TFL.2021134T184919.v2.0.Fmask.tif
Cropped
NDVI Calculated
Processed file 97 of 335
HLS.S30.T10TEL.2021134T184919.v2.0_NDVI_cropped.tif
https://data.lpdaac.earthdatacloud.nasa.gov/lp-prod-protected/HLSS30.020/HLS.S30.T10TEL.2021134T184919.v2.0/HLS.S30.T10TEL.2021134T184919.v2.0.B04.tif
https://data.lpdaac.earthdatacloud.nasa.gov/lp-prod-protected/HLSS30.020/HLS.S30.T10TEL.2021134T184919.v2.0/HLS.S30.T10TEL.2021134T184919.v2.0.B8A.tif
https://data.lpdaac.earthdatacloud.nasa.gov/lp-prod-protected/HLSS30.020/HLS.S30.T10TEL.2021134T184919.v2.0/HLS.S30.T10TEL.2021134T184919.v2.0.Fmask.tif
Cropped
NDVI Calculated
Processed file 98 of 335
HLS.L30.T10TFM.2021135T185015.v2.0_NDVI_cropped.tif
https://data.lpdaac.earthdatacloud.nasa.gov/lp-prod-protected/HLSL30.020/HLS.L30.T10TFM.2021135T185015.v2.0/HLS.L30.T10TFM.2021135T185015.v2.0.B04.tif
https://data.lpdaac.earthdatacloud.nasa.gov/lp-prod-protected/HLSL30.020/HLS.L30.T10TFM.2021135T185015.v2.0/HLS.L30.T10TFM.2021135T185015.v2.0.B05.tif
https://data.lpdaac.earthdatacloud.nasa.gov/lp-prod-protected/HLSL30.020/HLS.L30.T10TFM.2021135T185015.v2.0/HLS.L30.T10TFM.2021135T185015.v2.0.Fmask.tif
Cropped
NDVI Calculated
Processed file 99 of 335
HLS.L30.T10TEM.2021135T185015.v2.0_NDVI_cropped.tif
https://data.lpdaac.earthdatacloud.nasa.gov/lp-prod-protected/HLSL30.020/HLS.L30.T10TEM.2021135T185015.v2.0/HLS.L30.T10TEM.2021135T185015.v2.0.Fmask.tif
https://data.lpdaac.earthdatacloud.nasa.gov/lp-prod-protected/HLSL30.020/HLS.L30.T10TEM.2021135T185015.v2.0/HLS.L30.T10TEM.2021135T185015.v2.0.B04.tif
https://data.lpdaac.earthdatacloud.nasa.gov/lp-prod-protected/HLSL30.020/HLS.L30.T10TEM.2021135T185015.v2.0/HLS.L30.T10TEM.2021135T185015.v2.0.B05.tif
Cropped
NDVI Calculated
Processed file 100 of 335
HLS.L30.T10TFL.2021135T185039.v2.0_NDVI_cropped.tif
https://data.lpdaac.earthdatacloud.nasa.gov/lp-prod-protected/HLSL30.020/HLS.L30.T10TFL.2021135T185039.v2.0/HLS.L30.T10TFL.2021135T185039.v2.0.B04.tif
https://data.lpdaac.earthdatacloud.nasa.gov/lp-prod-protected/HLSL30.020/HLS.L30.T10TFL.2021135T185039.v2.0/HLS.L30.T10TFL.2021135T185039.v2.0.Fmask.tif
https://data.lpdaac.earthdatacloud.nasa.gov/lp-prod-protected/HLSL30.020/HLS.L30.T10TFL.2021135T185039.v2.0/HLS.L30.T10TFL.2021135T185039.v2.0.B05.tif
Cropped
NDVI Calculated
File: HLS.L30.T10TFL.2021135T185039.v2.0.VAA was entirely fill values and will not be exported.
HLS.L30.T10TEL.2021135T185039.v2.0_NDVI_cropped.tif
https://data.lpdaac.earthdatacloud.nasa.gov/lp-prod-protected/HLSL30.020/HLS.L30.T10TEL.2021135T185039.v2.0/HLS.L30.T10TEL.2021135T185039.v2.0.B04.tif
https://data.lpdaac.earthdatacloud.nasa.gov/lp-prod-protected/HLSL30.020/HLS.L30.T10TEL.2021135T185039.v2.0/HLS.L30.T10TEL.2021135T185039.v2.0.B05.tif
https://data.lpdaac.earthdatacloud.nasa.gov/lp-prod-protected/HLSL30.020/HLS.L30.T10TEL.2021135T185039.v2.0/HLS.L30.T10TEL.2021135T185039.v2.0.Fmask.tif
Cropped
NDVI Calculated
Processed file 102 of 335
HLS.S30.T10TFM.2021137T185919.v2.0_NDVI_cropped.tif
https://data.lpdaac.earthdatacloud.nasa.gov/lp-prod-protected/HLSS30.020/HLS.S30.T10TFM.2021137T185919.v2.0/HLS.S30.T10TFM.2021137T185919.v2.0.B8A.tif
https://data.lpdaac.earthdatacloud.nasa.gov/lp-prod-protected/HLSS30.020/HLS.S30.T10TFM.2021137T185919.v2.0/HLS.S30.T10TFM.2021137T185919.v2.0.B04.tif
https://data.lpdaac.earthdatacloud.nasa.gov/lp-prod-protected/HLSS30.020/HLS.S30.T10TFM.2021137T185919.v2.0/HLS.S30.T10TFM.2021137T185919.v2.0.Fmask.tif
Cropped
NDVI Calculated
Processed file 103 of 335
HLS.S30.T10TEM.2021137T185919.v2.0_NDVI_cropped.tif
https://data.lpdaac.earthdatacloud.nasa.gov/lp-prod-protected/HLSS30.020/HLS.S30.T10TEM.2021137T185919.v2.0/HLS.S30.T10TEM.2021137T185919.v2.0.B04.tif
https://data.lpdaac.earthdatacloud.nasa.gov/lp-prod-protected/HLSS30.020/HLS.S30.T10TEM.2021137T185919.v2.0/HLS.S30.T10TEM.2021137T185919.v2.0.B8A.tif
https://data.lpdaac.earthdatacloud.nasa.gov/lp-prod-protected/HLSS30.020/HLS.S30.T10TEM.2021137T185919.v2.0/HLS.S30.T10TEM.2021137T185919.v2.0.Fmask.tif
Cropped
NDVI Calculated
Processed file 104 of 335
HLS.S30.T10TFL.2021137T185919.v2.0_NDVI_cropped.tif
https://data.lpdaac.earthdatacloud.nasa.gov/lp-prod-protected/HLSS30.020/HLS.S30.T10TFL.2021137T185919.v2.0/HLS.S30.T10TFL.2021137T185919.v2.0.B8A.tif
https://data.lpdaac.earthdatacloud.nasa.gov/lp-prod-protected/HLSS30.020/HLS.S30.T10TFL.2021137T185919.v2.0/HLS.S30.T10TFL.2021137T185919.v2.0.Fmask.tif
https://data.lpdaac.earthdatacloud.nasa.gov/lp-prod-protected/HLSS30.020/HLS.S30.T10TFL.2021137T185919.v2.0/HLS.S30.T10TFL.2021137T185919.v2.0.B04.tif
Cropped
NDVI Calculated
Processed file 105 of 335
HLS.S30.T10TEL.2021137T185919.v2.0_NDVI_cropped.tif
https://data.lpdaac.earthdatacloud.nasa.gov/lp-prod-protected/HLSS30.020/HLS.S30.T10TEL.2021137T185919.v2.0/HLS.S30.T10TEL.2021137T185919.v2.0.Fmask.tif
https://data.lpdaac.earthdatacloud.nasa.gov/lp-prod-protected/HLSS30.020/HLS.S30.T10TEL.2021137T185919.v2.0/HLS.S30.T10TEL.2021137T185919.v2.0.B8A.tif
https://data.lpdaac.earthdatacloud.nasa.gov/lp-prod-protected/HLSS30.020/HLS.S30.T10TEL.2021137T185919.v2.0/HLS.S30.T10TEL.2021137T185919.v2.0.B04.tif
Cropped
NDVI Calculated
Processed file 106 of 335
HLS.S30.T10TFM.2021139T184921.v2.0_NDVI_cropped.tif
https://data.lpdaac.earthdatacloud.nasa.gov/lp-prod-protected/HLSS30.020/HLS.S30.T10TFM.2021139T184921.v2.0/HLS.S30.T10TFM.2021139T184921.v2.0.B8A.tif
https://data.lpdaac.earthdatacloud.nasa.gov/lp-prod-protected/HLSS30.020/HLS.S30.T10TFM.2021139T184921.v2.0/HLS.S30.T10TFM.2021139T184921.v2.0.B04.tif
https://data.lpdaac.earthdatacloud.nasa.gov/lp-prod-protected/HLSS30.020/HLS.S30.T10TFM.2021139T184921.v2.0/HLS.S30.T10TFM.2021139T184921.v2.0.Fmask.tif
Cropped
NDVI Calculated
Processed file 107 of 335
HLS.S30.T10TEM.2021139T184921.v2.0_NDVI_cropped.tif
https://data.lpdaac.earthdatacloud.nasa.gov/lp-prod-protected/HLSS30.020/HLS.S30.T10TEM.2021139T184921.v2.0/HLS.S30.T10TEM.2021139T184921.v2.0.B8A.tif
https://data.lpdaac.earthdatacloud.nasa.gov/lp-prod-protected/HLSS30.020/HLS.S30.T10TEM.2021139T184921.v2.0/HLS.S30.T10TEM.2021139T184921.v2.0.B04.tif
https://data.lpdaac.earthdatacloud.nasa.gov/lp-prod-protected/HLSS30.020/HLS.S30.T10TEM.2021139T184921.v2.0/HLS.S30.T10TEM.2021139T184921.v2.0.Fmask.tif
Cropped
NDVI Calculated
Processed file 108 of 335
HLS.S30.T10TFL.2021139T184921.v2.0_NDVI_cropped.tif
https://data.lpdaac.earthdatacloud.nasa.gov/lp-prod-protected/HLSS30.020/HLS.S30.T10TFL.2021139T184921.v2.0/HLS.S30.T10TFL.2021139T184921.v2.0.B8A.tif
https://data.lpdaac.earthdatacloud.nasa.gov/lp-prod-protected/HLSS30.020/HLS.S30.T10TFL.2021139T184921.v2.0/HLS.S30.T10TFL.2021139T184921.v2.0.Fmask.tif
https://data.lpdaac.earthdatacloud.nasa.gov/lp-prod-protected/HLSS30.020/HLS.S30.T10TFL.2021139T184921.v2.0/HLS.S30.T10TFL.2021139T184921.v2.0.B04.tif
Cropped
NDVI Calculated
Processed file 109 of 335
HLS.S30.T10TEL.2021139T184921.v2.0_NDVI_cropped.tif
https://data.lpdaac.earthdatacloud.nasa.gov/lp-prod-protected/HLSS30.020/HLS.S30.T10TEL.2021139T184921.v2.0/HLS.S30.T10TEL.2021139T184921.v2.0.B8A.tif
https://data.lpdaac.earthdatacloud.nasa.gov/lp-prod-protected/HLSS30.020/HLS.S30.T10TEL.2021139T184921.v2.0/HLS.S30.T10TEL.2021139T184921.v2.0.B04.tif
https://data.lpdaac.earthdatacloud.nasa.gov/lp-prod-protected/HLSS30.020/HLS.S30.T10TEL.2021139T184921.v2.0/HLS.S30.T10TEL.2021139T184921.v2.0.Fmask.tif
Cropped
NDVI Calculated
Processed file 110 of 335
HLS.L30.T10TEM.2021142T185630.v2.0_NDVI_cropped.tif
https://data.lpdaac.earthdatacloud.nasa.gov/lp-prod-protected/HLSL30.020/HLS.L30.T10TEM.2021142T185630.v2.0/HLS.L30.T10TEM.2021142T185630.v2.0.B05.tif
https://data.lpdaac.earthdatacloud.nasa.gov/lp-prod-protected/HLSL30.020/HLS.L30.T10TEM.2021142T185630.v2.0/HLS.L30.T10TEM.2021142T185630.v2.0.B04.tif
https://data.lpdaac.earthdatacloud.nasa.gov/lp-prod-protected/HLSL30.020/HLS.L30.T10TEM.2021142T185630.v2.0/HLS.L30.T10TEM.2021142T185630.v2.0.Fmask.tif
Cropped
NDVI Calculated
Processed file 111 of 335
HLS.L30.T10TEL.2021142T185654.v2.0_NDVI_cropped.tif
https://data.lpdaac.earthdatacloud.nasa.gov/lp-prod-protected/HLSL30.020/HLS.L30.T10TEL.2021142T185654.v2.0/HLS.L30.T10TEL.2021142T185654.v2.0.B05.tif
https://data.lpdaac.earthdatacloud.nasa.gov/lp-prod-protected/HLSL30.020/HLS.L30.T10TEL.2021142T185654.v2.0/HLS.L30.T10TEL.2021142T185654.v2.0.B04.tif
https://data.lpdaac.earthdatacloud.nasa.gov/lp-prod-protected/HLSL30.020/HLS.L30.T10TEL.2021142T185654.v2.0/HLS.L30.T10TEL.2021142T185654.v2.0.Fmask.tif
Cropped
NDVI Calculated
Processed file 112 of 335
HLS.S30.T10TEM.2021142T185921.v2.0_NDVI_cropped.tif
https://data.lpdaac.earthdatacloud.nasa.gov/lp-prod-protected/HLSS30.020/HLS.S30.T10TEM.2021142T185921.v2.0/HLS.S30.T10TEM.2021142T185921.v2.0.B8A.tif
https://data.lpdaac.earthdatacloud.nasa.gov/lp-prod-protected/HLSS30.020/HLS.S30.T10TEM.2021142T185921.v2.0/HLS.S30.T10TEM.2021142T185921.v2.0.B04.tif
https://data.lpdaac.earthdatacloud.nasa.gov/lp-prod-protected/HLSS30.020/HLS.S30.T10TEM.2021142T185921.v2.0/HLS.S30.T10TEM.2021142T185921.v2.0.Fmask.tif
Cropped
NDVI Calculated
Processed file 113 of 335
HLS.S30.T10TFL.2021142T185921.v2.0_NDVI_cropped.tif
https://data.lpdaac.earthdatacloud.nasa.gov/lp-prod-protected/HLSS30.020/HLS.S30.T10TFL.2021142T185921.v2.0/HLS.S30.T10TFL.2021142T185921.v2.0.B8A.tif
https://data.lpdaac.earthdatacloud.nasa.gov/lp-prod-protected/HLSS30.020/HLS.S30.T10TFL.2021142T185921.v2.0/HLS.S30.T10TFL.2021142T185921.v2.0.Fmask.tif
https://data.lpdaac.earthdatacloud.nasa.gov/lp-prod-protected/HLSS30.020/HLS.S30.T10TFL.2021142T185921.v2.0/HLS.S30.T10TFL.2021142T185921.v2.0.B04.tif
Cropped
NDVI Calculated
Processed file 114 of 335
HLS.S30.T10TEL.2021142T185921.v2.0_NDVI_cropped.tif
https://data.lpdaac.earthdatacloud.nasa.gov/lp-prod-protected/HLSS30.020/HLS.S30.T10TEL.2021142T185921.v2.0/HLS.S30.T10TEL.2021142T185921.v2.0.Fmask.tif
https://data.lpdaac.earthdatacloud.nasa.gov/lp-prod-protected/HLSS30.020/HLS.S30.T10TEL.2021142T185921.v2.0/HLS.S30.T10TEL.2021142T185921.v2.0.B04.tif
https://data.lpdaac.earthdatacloud.nasa.gov/lp-prod-protected/HLSS30.020/HLS.S30.T10TEL.2021142T185921.v2.0/HLS.S30.T10TEL.2021142T185921.v2.0.B8A.tif
Cropped
NDVI Calculated
Processed file 115 of 335
HLS.L30.T10TEM.2021144T184433.v2.0_NDVI_cropped.tif
https://data.lpdaac.earthdatacloud.nasa.gov/lp-prod-protected/HLSL30.020/HLS.L30.T10TEM.2021144T184433.v2.0/HLS.L30.T10TEM.2021144T184433.v2.0.B05.tif
https://data.lpdaac.earthdatacloud.nasa.gov/lp-prod-protected/HLSL30.020/HLS.L30.T10TEM.2021144T184433.v2.0/HLS.L30.T10TEM.2021144T184433.v2.0.Fmask.tif
https://data.lpdaac.earthdatacloud.nasa.gov/lp-prod-protected/HLSL30.020/HLS.L30.T10TEM.2021144T184433.v2.0/HLS.L30.T10TEM.2021144T184433.v2.0.B04.tif
Cropped
NDVI Calculated
Processed file 116 of 335
HLS.L30.T10TEL.2021144T184433.v2.0_NDVI_cropped.tif
https://data.lpdaac.earthdatacloud.nasa.gov/lp-prod-protected/HLSL30.020/HLS.L30.T10TEL.2021144T184433.v2.0/HLS.L30.T10TEL.2021144T184433.v2.0.Fmask.tif
https://data.lpdaac.earthdatacloud.nasa.gov/lp-prod-protected/HLSL30.020/HLS.L30.T10TEL.2021144T184433.v2.0/HLS.L30.T10TEL.2021144T184433.v2.0.B04.tif
https://data.lpdaac.earthdatacloud.nasa.gov/lp-prod-protected/HLSL30.020/HLS.L30.T10TEL.2021144T184433.v2.0/HLS.L30.T10TEL.2021144T184433.v2.0.B05.tif
Cropped
NDVI Calculated
Processed file 117 of 335
HLS.L30.T10TFL.2021144T184433.v2.0_NDVI_cropped.tif
https://data.lpdaac.earthdatacloud.nasa.gov/lp-prod-protected/HLSL30.020/HLS.L30.T10TFL.2021144T184433.v2.0/HLS.L30.T10TFL.2021144T184433.v2.0.B04.tif
https://data.lpdaac.earthdatacloud.nasa.gov/lp-prod-protected/HLSL30.020/HLS.L30.T10TFL.2021144T184433.v2.0/HLS.L30.T10TFL.2021144T184433.v2.0.Fmask.tif
https://data.lpdaac.earthdatacloud.nasa.gov/lp-prod-protected/HLSL30.020/HLS.L30.T10TFL.2021144T184433.v2.0/HLS.L30.T10TFL.2021144T184433.v2.0.B05.tif
Cropped
NDVI Calculated
Processed file 118 of 335
HLS.L30.T10TFM.2021144T184433.v2.0_NDVI_cropped.tif
https://data.lpdaac.earthdatacloud.nasa.gov/lp-prod-protected/HLSL30.020/HLS.L30.T10TFM.2021144T184433.v2.0/HLS.L30.T10TFM.2021144T184433.v2.0.B05.tif
https://data.lpdaac.earthdatacloud.nasa.gov/lp-prod-protected/HLSL30.020/HLS.L30.T10TFM.2021144T184433.v2.0/HLS.L30.T10TFM.2021144T184433.v2.0.Fmask.tif
https://data.lpdaac.earthdatacloud.nasa.gov/lp-prod-protected/HLSL30.020/HLS.L30.T10TFM.2021144T184433.v2.0/HLS.L30.T10TFM.2021144T184433.v2.0.B04.tif
Cropped
NDVI Calculated
Processed file 119 of 335
HLS.S30.T10TFM.2021144T184919.v2.0_NDVI_cropped.tif
https://data.lpdaac.earthdatacloud.nasa.gov/lp-prod-protected/HLSS30.020/HLS.S30.T10TFM.2021144T184919.v2.0/HLS.S30.T10TFM.2021144T184919.v2.0.B8A.tif
https://data.lpdaac.earthdatacloud.nasa.gov/lp-prod-protected/HLSS30.020/HLS.S30.T10TFM.2021144T184919.v2.0/HLS.S30.T10TFM.2021144T184919.v2.0.Fmask.tif
https://data.lpdaac.earthdatacloud.nasa.gov/lp-prod-protected/HLSS30.020/HLS.S30.T10TFM.2021144T184919.v2.0/HLS.S30.T10TFM.2021144T184919.v2.0.B04.tif
Cropped
NDVI Calculated
Processed file 120 of 335
HLS.S30.T10TEM.2021144T184919.v2.0_NDVI_cropped.tif
https://data.lpdaac.earthdatacloud.nasa.gov/lp-prod-protected/HLSS30.020/HLS.S30.T10TEM.2021144T184919.v2.0/HLS.S30.T10TEM.2021144T184919.v2.0.B8A.tif
https://data.lpdaac.earthdatacloud.nasa.gov/lp-prod-protected/HLSS30.020/HLS.S30.T10TEM.2021144T184919.v2.0/HLS.S30.T10TEM.2021144T184919.v2.0.B04.tif
https://data.lpdaac.earthdatacloud.nasa.gov/lp-prod-protected/HLSS30.020/HLS.S30.T10TEM.2021144T184919.v2.0/HLS.S30.T10TEM.2021144T184919.v2.0.Fmask.tif
Cropped
NDVI Calculated
Processed file 121 of 335
HLS.S30.T10TFL.2021144T184919.v2.0_NDVI_cropped.tif
https://data.lpdaac.earthdatacloud.nasa.gov/lp-prod-protected/HLSS30.020/HLS.S30.T10TFL.2021144T184919.v2.0/HLS.S30.T10TFL.2021144T184919.v2.0.Fmask.tif
https://data.lpdaac.earthdatacloud.nasa.gov/lp-prod-protected/HLSS30.020/HLS.S30.T10TFL.2021144T184919.v2.0/HLS.S30.T10TFL.2021144T184919.v2.0.B8A.tif
https://data.lpdaac.earthdatacloud.nasa.gov/lp-prod-protected/HLSS30.020/HLS.S30.T10TFL.2021144T184919.v2.0/HLS.S30.T10TFL.2021144T184919.v2.0.B04.tif
Cropped
NDVI Calculated
Processed file 122 of 335
HLS.S30.T10TEL.2021144T184919.v2.0_NDVI_cropped.tif
https://data.lpdaac.earthdatacloud.nasa.gov/lp-prod-protected/HLSS30.020/HLS.S30.T10TEL.2021144T184919.v2.0/HLS.S30.T10TEL.2021144T184919.v2.0.Fmask.tif
https://data.lpdaac.earthdatacloud.nasa.gov/lp-prod-protected/HLSS30.020/HLS.S30.T10TEL.2021144T184919.v2.0/HLS.S30.T10TEL.2021144T184919.v2.0.B04.tif
https://data.lpdaac.earthdatacloud.nasa.gov/lp-prod-protected/HLSS30.020/HLS.S30.T10TEL.2021144T184919.v2.0/HLS.S30.T10TEL.2021144T184919.v2.0.B8A.tif
Cropped
NDVI Calculated
Processed file 123 of 335
HLS.S30.T10TFM.2021147T185919.v2.0_NDVI_cropped.tif
https://data.lpdaac.earthdatacloud.nasa.gov/lp-prod-protected/HLSS30.020/HLS.S30.T10TFM.2021147T185919.v2.0/HLS.S30.T10TFM.2021147T185919.v2.0.Fmask.tif
https://data.lpdaac.earthdatacloud.nasa.gov/lp-prod-protected/HLSS30.020/HLS.S30.T10TFM.2021147T185919.v2.0/HLS.S30.T10TFM.2021147T185919.v2.0.B04.tif
https://data.lpdaac.earthdatacloud.nasa.gov/lp-prod-protected/HLSS30.020/HLS.S30.T10TFM.2021147T185919.v2.0/HLS.S30.T10TFM.2021147T185919.v2.0.B8A.tif
Cropped
NDVI Calculated
Processed file 124 of 335
HLS.S30.T10TEM.2021147T185919.v2.0_NDVI_cropped.tif
https://data.lpdaac.earthdatacloud.nasa.gov/lp-prod-protected/HLSS30.020/HLS.S30.T10TEM.2021147T185919.v2.0/HLS.S30.T10TEM.2021147T185919.v2.0.B8A.tif
https://data.lpdaac.earthdatacloud.nasa.gov/lp-prod-protected/HLSS30.020/HLS.S30.T10TEM.2021147T185919.v2.0/HLS.S30.T10TEM.2021147T185919.v2.0.B04.tif
https://data.lpdaac.earthdatacloud.nasa.gov/lp-prod-protected/HLSS30.020/HLS.S30.T10TEM.2021147T185919.v2.0/HLS.S30.T10TEM.2021147T185919.v2.0.Fmask.tif
Cropped
NDVI Calculated
Processed file 125 of 335
HLS.S30.T10TFL.2021147T185919.v2.0_NDVI_cropped.tif
https://data.lpdaac.earthdatacloud.nasa.gov/lp-prod-protected/HLSS30.020/HLS.S30.T10TFL.2021147T185919.v2.0/HLS.S30.T10TFL.2021147T185919.v2.0.B04.tif
https://data.lpdaac.earthdatacloud.nasa.gov/lp-prod-protected/HLSS30.020/HLS.S30.T10TFL.2021147T185919.v2.0/HLS.S30.T10TFL.2021147T185919.v2.0.Fmask.tif
https://data.lpdaac.earthdatacloud.nasa.gov/lp-prod-protected/HLSS30.020/HLS.S30.T10TFL.2021147T185919.v2.0/HLS.S30.T10TFL.2021147T185919.v2.0.B8A.tif
Cropped
NDVI Calculated
Processed file 126 of 335
HLS.S30.T10TEL.2021147T185919.v2.0_NDVI_cropped.tif
https://data.lpdaac.earthdatacloud.nasa.gov/lp-prod-protected/HLSS30.020/HLS.S30.T10TEL.2021147T185919.v2.0/HLS.S30.T10TEL.2021147T185919.v2.0.Fmask.tif
https://data.lpdaac.earthdatacloud.nasa.gov/lp-prod-protected/HLSS30.020/HLS.S30.T10TEL.2021147T185919.v2.0/HLS.S30.T10TEL.2021147T185919.v2.0.B8A.tif
https://data.lpdaac.earthdatacloud.nasa.gov/lp-prod-protected/HLSS30.020/HLS.S30.T10TEL.2021147T185919.v2.0/HLS.S30.T10TEL.2021147T185919.v2.0.B04.tif
Cropped
NDVI Calculated
Processed file 127 of 335
HLS.S30.T10TFM.2021149T184921.v2.0_NDVI_cropped.tif
https://data.lpdaac.earthdatacloud.nasa.gov/lp-prod-protected/HLSS30.020/HLS.S30.T10TFM.2021149T184921.v2.0/HLS.S30.T10TFM.2021149T184921.v2.0.B04.tif
https://data.lpdaac.earthdatacloud.nasa.gov/lp-prod-protected/HLSS30.020/HLS.S30.T10TFM.2021149T184921.v2.0/HLS.S30.T10TFM.2021149T184921.v2.0.B8A.tif
https://data.lpdaac.earthdatacloud.nasa.gov/lp-prod-protected/HLSS30.020/HLS.S30.T10TFM.2021149T184921.v2.0/HLS.S30.T10TFM.2021149T184921.v2.0.Fmask.tif
Cropped
NDVI Calculated
Processed file 128 of 335
HLS.S30.T10TEM.2021149T184921.v2.0_NDVI_cropped.tif
https://data.lpdaac.earthdatacloud.nasa.gov/lp-prod-protected/HLSS30.020/HLS.S30.T10TEM.2021149T184921.v2.0/HLS.S30.T10TEM.2021149T184921.v2.0.B04.tif
https://data.lpdaac.earthdatacloud.nasa.gov/lp-prod-protected/HLSS30.020/HLS.S30.T10TEM.2021149T184921.v2.0/HLS.S30.T10TEM.2021149T184921.v2.0.B8A.tif
https://data.lpdaac.earthdatacloud.nasa.gov/lp-prod-protected/HLSS30.020/HLS.S30.T10TEM.2021149T184921.v2.0/HLS.S30.T10TEM.2021149T184921.v2.0.Fmask.tif
Cropped
NDVI Calculated
Processed file 129 of 335
HLS.S30.T10TFL.2021149T184921.v2.0_NDVI_cropped.tif
https://data.lpdaac.earthdatacloud.nasa.gov/lp-prod-protected/HLSS30.020/HLS.S30.T10TFL.2021149T184921.v2.0/HLS.S30.T10TFL.2021149T184921.v2.0.Fmask.tif
https://data.lpdaac.earthdatacloud.nasa.gov/lp-prod-protected/HLSS30.020/HLS.S30.T10TFL.2021149T184921.v2.0/HLS.S30.T10TFL.2021149T184921.v2.0.B8A.tif
https://data.lpdaac.earthdatacloud.nasa.gov/lp-prod-protected/HLSS30.020/HLS.S30.T10TFL.2021149T184921.v2.0/HLS.S30.T10TFL.2021149T184921.v2.0.B04.tif
Cropped
NDVI Calculated
Processed file 130 of 335
HLS.S30.T10TEL.2021149T184921.v2.0_NDVI_cropped.tif
https://data.lpdaac.earthdatacloud.nasa.gov/lp-prod-protected/HLSS30.020/HLS.S30.T10TEL.2021149T184921.v2.0/HLS.S30.T10TEL.2021149T184921.v2.0.B8A.tif
https://data.lpdaac.earthdatacloud.nasa.gov/lp-prod-protected/HLSS30.020/HLS.S30.T10TEL.2021149T184921.v2.0/HLS.S30.T10TEL.2021149T184921.v2.0.Fmask.tif
https://data.lpdaac.earthdatacloud.nasa.gov/lp-prod-protected/HLSS30.020/HLS.S30.T10TEL.2021149T184921.v2.0/HLS.S30.T10TEL.2021149T184921.v2.0.B04.tif
Cropped
NDVI Calculated
Processed file 131 of 335
HLS.L30.T10TFM.2021151T185024.v2.0_NDVI_cropped.tif
https://data.lpdaac.earthdatacloud.nasa.gov/lp-prod-protected/HLSL30.020/HLS.L30.T10TFM.2021151T185024.v2.0/HLS.L30.T10TFM.2021151T185024.v2.0.B04.tif
https://data.lpdaac.earthdatacloud.nasa.gov/lp-prod-protected/HLSL30.020/HLS.L30.T10TFM.2021151T185024.v2.0/HLS.L30.T10TFM.2021151T185024.v2.0.B05.tif
https://data.lpdaac.earthdatacloud.nasa.gov/lp-prod-protected/HLSL30.020/HLS.L30.T10TFM.2021151T185024.v2.0/HLS.L30.T10TFM.2021151T185024.v2.0.Fmask.tif
Cropped
NDVI Calculated
Processed file 132 of 335
HLS.L30.T10TEM.2021151T185024.v2.0_NDVI_cropped.tif
https://data.lpdaac.earthdatacloud.nasa.gov/lp-prod-protected/HLSL30.020/HLS.L30.T10TEM.2021151T185024.v2.0/HLS.L30.T10TEM.2021151T185024.v2.0.B05.tif
https://data.lpdaac.earthdatacloud.nasa.gov/lp-prod-protected/HLSL30.020/HLS.L30.T10TEM.2021151T185024.v2.0/HLS.L30.T10TEM.2021151T185024.v2.0.Fmask.tif
https://data.lpdaac.earthdatacloud.nasa.gov/lp-prod-protected/HLSL30.020/HLS.L30.T10TEM.2021151T185024.v2.0/HLS.L30.T10TEM.2021151T185024.v2.0.B04.tif
Cropped
NDVI Calculated
Processed file 133 of 335
HLS.L30.T10TFL.2021151T185048.v2.0_NDVI_cropped.tif
https://data.lpdaac.earthdatacloud.nasa.gov/lp-prod-protected/HLSL30.020/HLS.L30.T10TFL.2021151T185048.v2.0/HLS.L30.T10TFL.2021151T185048.v2.0.Fmask.tif
https://data.lpdaac.earthdatacloud.nasa.gov/lp-prod-protected/HLSL30.020/HLS.L30.T10TFL.2021151T185048.v2.0/HLS.L30.T10TFL.2021151T185048.v2.0.B05.tif
https://data.lpdaac.earthdatacloud.nasa.gov/lp-prod-protected/HLSL30.020/HLS.L30.T10TFL.2021151T185048.v2.0/HLS.L30.T10TFL.2021151T185048.v2.0.B04.tif
Cropped
NDVI Calculated
Processed file 134 of 335
HLS.L30.T10TEL.2021151T185048.v2.0_NDVI_cropped.tif
https://data.lpdaac.earthdatacloud.nasa.gov/lp-prod-protected/HLSL30.020/HLS.L30.T10TEL.2021151T185048.v2.0/HLS.L30.T10TEL.2021151T185048.v2.0.Fmask.tif
https://data.lpdaac.earthdatacloud.nasa.gov/lp-prod-protected/HLSL30.020/HLS.L30.T10TEL.2021151T185048.v2.0/HLS.L30.T10TEL.2021151T185048.v2.0.B05.tif
https://data.lpdaac.earthdatacloud.nasa.gov/lp-prod-protected/HLSL30.020/HLS.L30.T10TEL.2021151T185048.v2.0/HLS.L30.T10TEL.2021151T185048.v2.0.B04.tif
Cropped
NDVI Calculated
Processed file 135 of 335
HLS.S30.T10TFM.2021152T185921.v2.0_NDVI_cropped.tif
https://data.lpdaac.earthdatacloud.nasa.gov/lp-prod-protected/HLSS30.020/HLS.S30.T10TFM.2021152T185921.v2.0/HLS.S30.T10TFM.2021152T185921.v2.0.B04.tif
https://data.lpdaac.earthdatacloud.nasa.gov/lp-prod-protected/HLSS30.020/HLS.S30.T10TFM.2021152T185921.v2.0/HLS.S30.T10TFM.2021152T185921.v2.0.B8A.tif
https://data.lpdaac.earthdatacloud.nasa.gov/lp-prod-protected/HLSS30.020/HLS.S30.T10TFM.2021152T185921.v2.0/HLS.S30.T10TFM.2021152T185921.v2.0.Fmask.tif
Cropped
NDVI Calculated
Processed file 136 of 335
HLS.S30.T10TEM.2021152T185921.v2.0_NDVI_cropped.tif
https://data.lpdaac.earthdatacloud.nasa.gov/lp-prod-protected/HLSS30.020/HLS.S30.T10TEM.2021152T185921.v2.0/HLS.S30.T10TEM.2021152T185921.v2.0.Fmask.tif
https://data.lpdaac.earthdatacloud.nasa.gov/lp-prod-protected/HLSS30.020/HLS.S30.T10TEM.2021152T185921.v2.0/HLS.S30.T10TEM.2021152T185921.v2.0.B04.tif
https://data.lpdaac.earthdatacloud.nasa.gov/lp-prod-protected/HLSS30.020/HLS.S30.T10TEM.2021152T185921.v2.0/HLS.S30.T10TEM.2021152T185921.v2.0.B8A.tif
Cropped
NDVI Calculated
Processed file 137 of 335
HLS.S30.T10TFL.2021152T185921.v2.0_NDVI_cropped.tif
https://data.lpdaac.earthdatacloud.nasa.gov/lp-prod-protected/HLSS30.020/HLS.S30.T10TFL.2021152T185921.v2.0/HLS.S30.T10TFL.2021152T185921.v2.0.Fmask.tif
https://data.lpdaac.earthdatacloud.nasa.gov/lp-prod-protected/HLSS30.020/HLS.S30.T10TFL.2021152T185921.v2.0/HLS.S30.T10TFL.2021152T185921.v2.0.B04.tif
https://data.lpdaac.earthdatacloud.nasa.gov/lp-prod-protected/HLSS30.020/HLS.S30.T10TFL.2021152T185921.v2.0/HLS.S30.T10TFL.2021152T185921.v2.0.B8A.tif
Cropped
NDVI Calculated
Processed file 138 of 335
HLS.S30.T10TEL.2021152T185921.v2.0_NDVI_cropped.tif
https://data.lpdaac.earthdatacloud.nasa.gov/lp-prod-protected/HLSS30.020/HLS.S30.T10TEL.2021152T185921.v2.0/HLS.S30.T10TEL.2021152T185921.v2.0.B8A.tif
https://data.lpdaac.earthdatacloud.nasa.gov/lp-prod-protected/HLSS30.020/HLS.S30.T10TEL.2021152T185921.v2.0/HLS.S30.T10TEL.2021152T185921.v2.0.Fmask.tif
https://data.lpdaac.earthdatacloud.nasa.gov/lp-prod-protected/HLSS30.020/HLS.S30.T10TEL.2021152T185921.v2.0/HLS.S30.T10TEL.2021152T185921.v2.0.B04.tif
Cropped
NDVI Calculated
Processed file 139 of 335
HLS.S30.T10TFM.2021154T184919.v2.0_NDVI_cropped.tif
https://data.lpdaac.earthdatacloud.nasa.gov/lp-prod-protected/HLSS30.020/HLS.S30.T10TFM.2021154T184919.v2.0/HLS.S30.T10TFM.2021154T184919.v2.0.Fmask.tif
https://data.lpdaac.earthdatacloud.nasa.gov/lp-prod-protected/HLSS30.020/HLS.S30.T10TFM.2021154T184919.v2.0/HLS.S30.T10TFM.2021154T184919.v2.0.B8A.tif
https://data.lpdaac.earthdatacloud.nasa.gov/lp-prod-protected/HLSS30.020/HLS.S30.T10TFM.2021154T184919.v2.0/HLS.S30.T10TFM.2021154T184919.v2.0.B04.tif
Cropped
NDVI Calculated
Processed file 140 of 335
HLS.S30.T10TEM.2021154T184919.v2.0_NDVI_cropped.tif
https://data.lpdaac.earthdatacloud.nasa.gov/lp-prod-protected/HLSS30.020/HLS.S30.T10TEM.2021154T184919.v2.0/HLS.S30.T10TEM.2021154T184919.v2.0.B8A.tif
https://data.lpdaac.earthdatacloud.nasa.gov/lp-prod-protected/HLSS30.020/HLS.S30.T10TEM.2021154T184919.v2.0/HLS.S30.T10TEM.2021154T184919.v2.0.Fmask.tif
https://data.lpdaac.earthdatacloud.nasa.gov/lp-prod-protected/HLSS30.020/HLS.S30.T10TEM.2021154T184919.v2.0/HLS.S30.T10TEM.2021154T184919.v2.0.B04.tif
Cropped
NDVI Calculated
Processed file 141 of 335
HLS.S30.T10TFL.2021154T184919.v2.0_NDVI_cropped.tif
https://data.lpdaac.earthdatacloud.nasa.gov/lp-prod-protected/HLSS30.020/HLS.S30.T10TFL.2021154T184919.v2.0/HLS.S30.T10TFL.2021154T184919.v2.0.B8A.tif
https://data.lpdaac.earthdatacloud.nasa.gov/lp-prod-protected/HLSS30.020/HLS.S30.T10TFL.2021154T184919.v2.0/HLS.S30.T10TFL.2021154T184919.v2.0.B04.tif
https://data.lpdaac.earthdatacloud.nasa.gov/lp-prod-protected/HLSS30.020/HLS.S30.T10TFL.2021154T184919.v2.0/HLS.S30.T10TFL.2021154T184919.v2.0.Fmask.tif
Cropped
NDVI Calculated
Processed file 142 of 335
HLS.S30.T10TEL.2021154T184919.v2.0_NDVI_cropped.tif
https://data.lpdaac.earthdatacloud.nasa.gov/lp-prod-protected/HLSS30.020/HLS.S30.T10TEL.2021154T184919.v2.0/HLS.S30.T10TEL.2021154T184919.v2.0.Fmask.tif
https://data.lpdaac.earthdatacloud.nasa.gov/lp-prod-protected/HLSS30.020/HLS.S30.T10TEL.2021154T184919.v2.0/HLS.S30.T10TEL.2021154T184919.v2.0.B04.tif
https://data.lpdaac.earthdatacloud.nasa.gov/lp-prod-protected/HLSS30.020/HLS.S30.T10TEL.2021154T184919.v2.0/HLS.S30.T10TEL.2021154T184919.v2.0.B8A.tif
Cropped
NDVI Calculated
Processed file 143 of 335
HLS.S30.T10TFM.2021157T185919.v2.0_NDVI_cropped.tif
https://data.lpdaac.earthdatacloud.nasa.gov/lp-prod-protected/HLSS30.020/HLS.S30.T10TFM.2021157T185919.v2.0/HLS.S30.T10TFM.2021157T185919.v2.0.B8A.tif
https://data.lpdaac.earthdatacloud.nasa.gov/lp-prod-protected/HLSS30.020/HLS.S30.T10TFM.2021157T185919.v2.0/HLS.S30.T10TFM.2021157T185919.v2.0.B04.tif
https://data.lpdaac.earthdatacloud.nasa.gov/lp-prod-protected/HLSS30.020/HLS.S30.T10TFM.2021157T185919.v2.0/HLS.S30.T10TFM.2021157T185919.v2.0.Fmask.tif
Cropped
NDVI Calculated
Processed file 144 of 335
HLS.S30.T10TEM.2021157T185919.v2.0_NDVI_cropped.tif
https://data.lpdaac.earthdatacloud.nasa.gov/lp-prod-protected/HLSS30.020/HLS.S30.T10TEM.2021157T185919.v2.0/HLS.S30.T10TEM.2021157T185919.v2.0.B8A.tif
https://data.lpdaac.earthdatacloud.nasa.gov/lp-prod-protected/HLSS30.020/HLS.S30.T10TEM.2021157T185919.v2.0/HLS.S30.T10TEM.2021157T185919.v2.0.B04.tif
https://data.lpdaac.earthdatacloud.nasa.gov/lp-prod-protected/HLSS30.020/HLS.S30.T10TEM.2021157T185919.v2.0/HLS.S30.T10TEM.2021157T185919.v2.0.Fmask.tif
Cropped
NDVI Calculated
Processed file 145 of 335
HLS.S30.T10TFL.2021157T185919.v2.0_NDVI_cropped.tif
https://data.lpdaac.earthdatacloud.nasa.gov/lp-prod-protected/HLSS30.020/HLS.S30.T10TFL.2021157T185919.v2.0/HLS.S30.T10TFL.2021157T185919.v2.0.B8A.tif
https://data.lpdaac.earthdatacloud.nasa.gov/lp-prod-protected/HLSS30.020/HLS.S30.T10TFL.2021157T185919.v2.0/HLS.S30.T10TFL.2021157T185919.v2.0.Fmask.tif
https://data.lpdaac.earthdatacloud.nasa.gov/lp-prod-protected/HLSS30.020/HLS.S30.T10TFL.2021157T185919.v2.0/HLS.S30.T10TFL.2021157T185919.v2.0.B04.tif
Cropped
NDVI Calculated
Processed file 146 of 335
HLS.S30.T10TEL.2021157T185919.v2.0_NDVI_cropped.tif
https://data.lpdaac.earthdatacloud.nasa.gov/lp-prod-protected/HLSS30.020/HLS.S30.T10TEL.2021157T185919.v2.0/HLS.S30.T10TEL.2021157T185919.v2.0.B04.tif
https://data.lpdaac.earthdatacloud.nasa.gov/lp-prod-protected/HLSS30.020/HLS.S30.T10TEL.2021157T185919.v2.0/HLS.S30.T10TEL.2021157T185919.v2.0.Fmask.tif
https://data.lpdaac.earthdatacloud.nasa.gov/lp-prod-protected/HLSS30.020/HLS.S30.T10TEL.2021157T185919.v2.0/HLS.S30.T10TEL.2021157T185919.v2.0.B8A.tif
Cropped
NDVI Calculated
Processed file 147 of 335
HLS.L30.T10TEM.2021158T185638.v2.0_NDVI_cropped.tif
https://data.lpdaac.earthdatacloud.nasa.gov/lp-prod-protected/HLSL30.020/HLS.L30.T10TEM.2021158T185638.v2.0/HLS.L30.T10TEM.2021158T185638.v2.0.Fmask.tif
https://data.lpdaac.earthdatacloud.nasa.gov/lp-prod-protected/HLSL30.020/HLS.L30.T10TEM.2021158T185638.v2.0/HLS.L30.T10TEM.2021158T185638.v2.0.B05.tif
https://data.lpdaac.earthdatacloud.nasa.gov/lp-prod-protected/HLSL30.020/HLS.L30.T10TEM.2021158T185638.v2.0/HLS.L30.T10TEM.2021158T185638.v2.0.B04.tif
Cropped
NDVI Calculated
Processed file 148 of 335
HLS.L30.T10TEL.2021158T185702.v2.0_NDVI_cropped.tif
https://data.lpdaac.earthdatacloud.nasa.gov/lp-prod-protected/HLSL30.020/HLS.L30.T10TEL.2021158T185702.v2.0/HLS.L30.T10TEL.2021158T185702.v2.0.Fmask.tif
https://data.lpdaac.earthdatacloud.nasa.gov/lp-prod-protected/HLSL30.020/HLS.L30.T10TEL.2021158T185702.v2.0/HLS.L30.T10TEL.2021158T185702.v2.0.B05.tif
https://data.lpdaac.earthdatacloud.nasa.gov/lp-prod-protected/HLSL30.020/HLS.L30.T10TEL.2021158T185702.v2.0/HLS.L30.T10TEL.2021158T185702.v2.0.B04.tif
Cropped
NDVI Calculated
Processed file 149 of 335
HLS.S30.T10TFM.2021159T184921.v2.0_NDVI_cropped.tif
https://data.lpdaac.earthdatacloud.nasa.gov/lp-prod-protected/HLSS30.020/HLS.S30.T10TFM.2021159T184921.v2.0/HLS.S30.T10TFM.2021159T184921.v2.0.Fmask.tif
https://data.lpdaac.earthdatacloud.nasa.gov/lp-prod-protected/HLSS30.020/HLS.S30.T10TFM.2021159T184921.v2.0/HLS.S30.T10TFM.2021159T184921.v2.0.B8A.tif
https://data.lpdaac.earthdatacloud.nasa.gov/lp-prod-protected/HLSS30.020/HLS.S30.T10TFM.2021159T184921.v2.0/HLS.S30.T10TFM.2021159T184921.v2.0.B04.tif
Cropped
NDVI Calculated
Processed file 150 of 335
HLS.S30.T10TEM.2021159T184921.v2.0_NDVI_cropped.tif
https://data.lpdaac.earthdatacloud.nasa.gov/lp-prod-protected/HLSS30.020/HLS.S30.T10TEM.2021159T184921.v2.0/HLS.S30.T10TEM.2021159T184921.v2.0.B8A.tif
https://data.lpdaac.earthdatacloud.nasa.gov/lp-prod-protected/HLSS30.020/HLS.S30.T10TEM.2021159T184921.v2.0/HLS.S30.T10TEM.2021159T184921.v2.0.B04.tif
https://data.lpdaac.earthdatacloud.nasa.gov/lp-prod-protected/HLSS30.020/HLS.S30.T10TEM.2021159T184921.v2.0/HLS.S30.T10TEM.2021159T184921.v2.0.Fmask.tif
Cropped
NDVI Calculated
Processed file 151 of 335
HLS.S30.T10TFL.2021159T184921.v2.0_NDVI_cropped.tif
https://data.lpdaac.earthdatacloud.nasa.gov/lp-prod-protected/HLSS30.020/HLS.S30.T10TFL.2021159T184921.v2.0/HLS.S30.T10TFL.2021159T184921.v2.0.Fmask.tif
https://data.lpdaac.earthdatacloud.nasa.gov/lp-prod-protected/HLSS30.020/HLS.S30.T10TFL.2021159T184921.v2.0/HLS.S30.T10TFL.2021159T184921.v2.0.B8A.tif
https://data.lpdaac.earthdatacloud.nasa.gov/lp-prod-protected/HLSS30.020/HLS.S30.T10TFL.2021159T184921.v2.0/HLS.S30.T10TFL.2021159T184921.v2.0.B04.tif
Cropped
NDVI Calculated
Processed file 152 of 335
HLS.S30.T10TEL.2021159T184921.v2.0_NDVI_cropped.tif
https://data.lpdaac.earthdatacloud.nasa.gov/lp-prod-protected/HLSS30.020/HLS.S30.T10TEL.2021159T184921.v2.0/HLS.S30.T10TEL.2021159T184921.v2.0.B8A.tif
https://data.lpdaac.earthdatacloud.nasa.gov/lp-prod-protected/HLSS30.020/HLS.S30.T10TEL.2021159T184921.v2.0/HLS.S30.T10TEL.2021159T184921.v2.0.Fmask.tif
https://data.lpdaac.earthdatacloud.nasa.gov/lp-prod-protected/HLSS30.020/HLS.S30.T10TEL.2021159T184921.v2.0/HLS.S30.T10TEL.2021159T184921.v2.0.B04.tif
Cropped
NDVI Calculated
Processed file 153 of 335
HLS.L30.T10TEM.2021160T184441.v2.0_NDVI_cropped.tif
https://data.lpdaac.earthdatacloud.nasa.gov/lp-prod-protected/HLSL30.020/HLS.L30.T10TEM.2021160T184441.v2.0/HLS.L30.T10TEM.2021160T184441.v2.0.Fmask.tif
https://data.lpdaac.earthdatacloud.nasa.gov/lp-prod-protected/HLSL30.020/HLS.L30.T10TEM.2021160T184441.v2.0/HLS.L30.T10TEM.2021160T184441.v2.0.B05.tif
https://data.lpdaac.earthdatacloud.nasa.gov/lp-prod-protected/HLSL30.020/HLS.L30.T10TEM.2021160T184441.v2.0/HLS.L30.T10TEM.2021160T184441.v2.0.B04.tif
Cropped
NDVI Calculated
Processed file 154 of 335
HLS.L30.T10TFL.2021160T184441.v2.0_NDVI_cropped.tif
https://data.lpdaac.earthdatacloud.nasa.gov/lp-prod-protected/HLSL30.020/HLS.L30.T10TFL.2021160T184441.v2.0/HLS.L30.T10TFL.2021160T184441.v2.0.Fmask.tif
https://data.lpdaac.earthdatacloud.nasa.gov/lp-prod-protected/HLSL30.020/HLS.L30.T10TFL.2021160T184441.v2.0/HLS.L30.T10TFL.2021160T184441.v2.0.B05.tif
https://data.lpdaac.earthdatacloud.nasa.gov/lp-prod-protected/HLSL30.020/HLS.L30.T10TFL.2021160T184441.v2.0/HLS.L30.T10TFL.2021160T184441.v2.0.B04.tif
Cropped
NDVI Calculated
Processed file 155 of 335
HLS.L30.T10TFM.2021160T184441.v2.0_NDVI_cropped.tif
https://data.lpdaac.earthdatacloud.nasa.gov/lp-prod-protected/HLSL30.020/HLS.L30.T10TFM.2021160T184441.v2.0/HLS.L30.T10TFM.2021160T184441.v2.0.Fmask.tif
https://data.lpdaac.earthdatacloud.nasa.gov/lp-prod-protected/HLSL30.020/HLS.L30.T10TFM.2021160T184441.v2.0/HLS.L30.T10TFM.2021160T184441.v2.0.B04.tif
https://data.lpdaac.earthdatacloud.nasa.gov/lp-prod-protected/HLSL30.020/HLS.L30.T10TFM.2021160T184441.v2.0/HLS.L30.T10TFM.2021160T184441.v2.0.B05.tif
Cropped
NDVI Calculated
Processed file 156 of 335
HLS.L30.T10TEL.2021160T184441.v2.0_NDVI_cropped.tif
https://data.lpdaac.earthdatacloud.nasa.gov/lp-prod-protected/HLSL30.020/HLS.L30.T10TEL.2021160T184441.v2.0/HLS.L30.T10TEL.2021160T184441.v2.0.Fmask.tif
https://data.lpdaac.earthdatacloud.nasa.gov/lp-prod-protected/HLSL30.020/HLS.L30.T10TEL.2021160T184441.v2.0/HLS.L30.T10TEL.2021160T184441.v2.0.B04.tif
https://data.lpdaac.earthdatacloud.nasa.gov/lp-prod-protected/HLSL30.020/HLS.L30.T10TEL.2021160T184441.v2.0/HLS.L30.T10TEL.2021160T184441.v2.0.B05.tif
Cropped
NDVI Calculated
Processed file 157 of 335
HLS.S30.T10TFM.2021162T185921.v2.0_NDVI_cropped.tif
https://data.lpdaac.earthdatacloud.nasa.gov/lp-prod-protected/HLSS30.020/HLS.S30.T10TFM.2021162T185921.v2.0/HLS.S30.T10TFM.2021162T185921.v2.0.B8A.tif
https://data.lpdaac.earthdatacloud.nasa.gov/lp-prod-protected/HLSS30.020/HLS.S30.T10TFM.2021162T185921.v2.0/HLS.S30.T10TFM.2021162T185921.v2.0.Fmask.tif
https://data.lpdaac.earthdatacloud.nasa.gov/lp-prod-protected/HLSS30.020/HLS.S30.T10TFM.2021162T185921.v2.0/HLS.S30.T10TFM.2021162T185921.v2.0.B04.tif
Cropped
NDVI Calculated
Processed file 158 of 335
HLS.S30.T10TEM.2021162T185921.v2.0_NDVI_cropped.tif
https://data.lpdaac.earthdatacloud.nasa.gov/lp-prod-protected/HLSS30.020/HLS.S30.T10TEM.2021162T185921.v2.0/HLS.S30.T10TEM.2021162T185921.v2.0.Fmask.tif
https://data.lpdaac.earthdatacloud.nasa.gov/lp-prod-protected/HLSS30.020/HLS.S30.T10TEM.2021162T185921.v2.0/HLS.S30.T10TEM.2021162T185921.v2.0.B8A.tif
https://data.lpdaac.earthdatacloud.nasa.gov/lp-prod-protected/HLSS30.020/HLS.S30.T10TEM.2021162T185921.v2.0/HLS.S30.T10TEM.2021162T185921.v2.0.B04.tif
Cropped
NDVI Calculated
Processed file 159 of 335
HLS.S30.T10TFL.2021162T185921.v2.0_NDVI_cropped.tif
https://data.lpdaac.earthdatacloud.nasa.gov/lp-prod-protected/HLSS30.020/HLS.S30.T10TFL.2021162T185921.v2.0/HLS.S30.T10TFL.2021162T185921.v2.0.B8A.tif
https://data.lpdaac.earthdatacloud.nasa.gov/lp-prod-protected/HLSS30.020/HLS.S30.T10TFL.2021162T185921.v2.0/HLS.S30.T10TFL.2021162T185921.v2.0.Fmask.tif
https://data.lpdaac.earthdatacloud.nasa.gov/lp-prod-protected/HLSS30.020/HLS.S30.T10TFL.2021162T185921.v2.0/HLS.S30.T10TFL.2021162T185921.v2.0.B04.tif
Cropped
NDVI Calculated
File: HLS.S30.T10TFL.2021162T185921.v2.0.B07 was entirely fill values and will not be exported.
HLS.S30.T10TEL.2021162T185921.v2.0_NDVI_cropped.tif
https://data.lpdaac.earthdatacloud.nasa.gov/lp-prod-protected/HLSS30.020/HLS.S30.T10TEL.2021162T185921.v2.0/HLS.S30.T10TEL.2021162T185921.v2.0.B04.tif
https://data.lpdaac.earthdatacloud.nasa.gov/lp-prod-protected/HLSS30.020/HLS.S30.T10TEL.2021162T185921.v2.0/HLS.S30.T10TEL.2021162T185921.v2.0.B8A.tif
https://data.lpdaac.earthdatacloud.nasa.gov/lp-prod-protected/HLSS30.020/HLS.S30.T10TEL.2021162T185921.v2.0/HLS.S30.T10TEL.2021162T185921.v2.0.Fmask.tif
Cropped
NDVI Calculated
Processed file 161 of 335
HLS.S30.T10TFM.2021164T184919.v2.0_NDVI_cropped.tif
https://data.lpdaac.earthdatacloud.nasa.gov/lp-prod-protected/HLSS30.020/HLS.S30.T10TFM.2021164T184919.v2.0/HLS.S30.T10TFM.2021164T184919.v2.0.Fmask.tif
https://data.lpdaac.earthdatacloud.nasa.gov/lp-prod-protected/HLSS30.020/HLS.S30.T10TFM.2021164T184919.v2.0/HLS.S30.T10TFM.2021164T184919.v2.0.B8A.tif
https://data.lpdaac.earthdatacloud.nasa.gov/lp-prod-protected/HLSS30.020/HLS.S30.T10TFM.2021164T184919.v2.0/HLS.S30.T10TFM.2021164T184919.v2.0.B04.tif
Cropped
NDVI Calculated
Processed file 162 of 335
HLS.S30.T10TEM.2021164T184919.v2.0_NDVI_cropped.tif
https://data.lpdaac.earthdatacloud.nasa.gov/lp-prod-protected/HLSS30.020/HLS.S30.T10TEM.2021164T184919.v2.0/HLS.S30.T10TEM.2021164T184919.v2.0.Fmask.tif
https://data.lpdaac.earthdatacloud.nasa.gov/lp-prod-protected/HLSS30.020/HLS.S30.T10TEM.2021164T184919.v2.0/HLS.S30.T10TEM.2021164T184919.v2.0.B8A.tif
https://data.lpdaac.earthdatacloud.nasa.gov/lp-prod-protected/HLSS30.020/HLS.S30.T10TEM.2021164T184919.v2.0/HLS.S30.T10TEM.2021164T184919.v2.0.B04.tif
Cropped
NDVI Calculated
Processed file 163 of 335
HLS.S30.T10TFL.2021164T184919.v2.0_NDVI_cropped.tif
https://data.lpdaac.earthdatacloud.nasa.gov/lp-prod-protected/HLSS30.020/HLS.S30.T10TFL.2021164T184919.v2.0/HLS.S30.T10TFL.2021164T184919.v2.0.Fmask.tif
https://data.lpdaac.earthdatacloud.nasa.gov/lp-prod-protected/HLSS30.020/HLS.S30.T10TFL.2021164T184919.v2.0/HLS.S30.T10TFL.2021164T184919.v2.0.B04.tif
https://data.lpdaac.earthdatacloud.nasa.gov/lp-prod-protected/HLSS30.020/HLS.S30.T10TFL.2021164T184919.v2.0/HLS.S30.T10TFL.2021164T184919.v2.0.B8A.tif
Cropped
NDVI Calculated
Processed file 164 of 335
HLS.S30.T10TEL.2021164T184919.v2.0_NDVI_cropped.tif
https://data.lpdaac.earthdatacloud.nasa.gov/lp-prod-protected/HLSS30.020/HLS.S30.T10TEL.2021164T184919.v2.0/HLS.S30.T10TEL.2021164T184919.v2.0.Fmask.tif
https://data.lpdaac.earthdatacloud.nasa.gov/lp-prod-protected/HLSS30.020/HLS.S30.T10TEL.2021164T184919.v2.0/HLS.S30.T10TEL.2021164T184919.v2.0.B8A.tif
https://data.lpdaac.earthdatacloud.nasa.gov/lp-prod-protected/HLSS30.020/HLS.S30.T10TEL.2021164T184919.v2.0/HLS.S30.T10TEL.2021164T184919.v2.0.B04.tif
Cropped
NDVI Calculated
Processed file 165 of 335
HLS.L30.T10TEM.2021167T185030.v2.0_NDVI_cropped.tif
https://data.lpdaac.earthdatacloud.nasa.gov/lp-prod-protected/HLSL30.020/HLS.L30.T10TEM.2021167T185030.v2.0/HLS.L30.T10TEM.2021167T185030.v2.0.B04.tif
https://data.lpdaac.earthdatacloud.nasa.gov/lp-prod-protected/HLSL30.020/HLS.L30.T10TEM.2021167T185030.v2.0/HLS.L30.T10TEM.2021167T185030.v2.0.Fmask.tif
https://data.lpdaac.earthdatacloud.nasa.gov/lp-prod-protected/HLSL30.020/HLS.L30.T10TEM.2021167T185030.v2.0/HLS.L30.T10TEM.2021167T185030.v2.0.B05.tif
Cropped
NDVI Calculated
Processed file 166 of 335
HLS.L30.T10TFM.2021167T185030.v2.0_NDVI_cropped.tif
https://data.lpdaac.earthdatacloud.nasa.gov/lp-prod-protected/HLSL30.020/HLS.L30.T10TFM.2021167T185030.v2.0/HLS.L30.T10TFM.2021167T185030.v2.0.B04.tif
https://data.lpdaac.earthdatacloud.nasa.gov/lp-prod-protected/HLSL30.020/HLS.L30.T10TFM.2021167T185030.v2.0/HLS.L30.T10TFM.2021167T185030.v2.0.Fmask.tif
https://data.lpdaac.earthdatacloud.nasa.gov/lp-prod-protected/HLSL30.020/HLS.L30.T10TFM.2021167T185030.v2.0/HLS.L30.T10TFM.2021167T185030.v2.0.B05.tif
Cropped
NDVI Calculated
Processed file 167 of 335
HLS.L30.T10TFL.2021167T185054.v2.0_NDVI_cropped.tif
https://data.lpdaac.earthdatacloud.nasa.gov/lp-prod-protected/HLSL30.020/HLS.L30.T10TFL.2021167T185054.v2.0/HLS.L30.T10TFL.2021167T185054.v2.0.Fmask.tif
https://data.lpdaac.earthdatacloud.nasa.gov/lp-prod-protected/HLSL30.020/HLS.L30.T10TFL.2021167T185054.v2.0/HLS.L30.T10TFL.2021167T185054.v2.0.B04.tif
https://data.lpdaac.earthdatacloud.nasa.gov/lp-prod-protected/HLSL30.020/HLS.L30.T10TFL.2021167T185054.v2.0/HLS.L30.T10TFL.2021167T185054.v2.0.B05.tif
Cropped
NDVI Calculated
Processed file 168 of 335
HLS.L30.T10TEL.2021167T185054.v2.0_NDVI_cropped.tif
https://data.lpdaac.earthdatacloud.nasa.gov/lp-prod-protected/HLSL30.020/HLS.L30.T10TEL.2021167T185054.v2.0/HLS.L30.T10TEL.2021167T185054.v2.0.B04.tif
https://data.lpdaac.earthdatacloud.nasa.gov/lp-prod-protected/HLSL30.020/HLS.L30.T10TEL.2021167T185054.v2.0/HLS.L30.T10TEL.2021167T185054.v2.0.B05.tif
https://data.lpdaac.earthdatacloud.nasa.gov/lp-prod-protected/HLSL30.020/HLS.L30.T10TEL.2021167T185054.v2.0/HLS.L30.T10TEL.2021167T185054.v2.0.Fmask.tif
Cropped
NDVI Calculated
Processed file 169 of 335
HLS.S30.T10TFM.2021167T185919.v2.0_NDVI_cropped.tif
https://data.lpdaac.earthdatacloud.nasa.gov/lp-prod-protected/HLSS30.020/HLS.S30.T10TFM.2021167T185919.v2.0/HLS.S30.T10TFM.2021167T185919.v2.0.B8A.tif
https://data.lpdaac.earthdatacloud.nasa.gov/lp-prod-protected/HLSS30.020/HLS.S30.T10TFM.2021167T185919.v2.0/HLS.S30.T10TFM.2021167T185919.v2.0.Fmask.tif
https://data.lpdaac.earthdatacloud.nasa.gov/lp-prod-protected/HLSS30.020/HLS.S30.T10TFM.2021167T185919.v2.0/HLS.S30.T10TFM.2021167T185919.v2.0.B04.tif
Cropped
NDVI Calculated
Processed file 170 of 335
HLS.S30.T10TEM.2021167T185919.v2.0_NDVI_cropped.tif
https://data.lpdaac.earthdatacloud.nasa.gov/lp-prod-protected/HLSS30.020/HLS.S30.T10TEM.2021167T185919.v2.0/HLS.S30.T10TEM.2021167T185919.v2.0.B04.tif
https://data.lpdaac.earthdatacloud.nasa.gov/lp-prod-protected/HLSS30.020/HLS.S30.T10TEM.2021167T185919.v2.0/HLS.S30.T10TEM.2021167T185919.v2.0.Fmask.tif
https://data.lpdaac.earthdatacloud.nasa.gov/lp-prod-protected/HLSS30.020/HLS.S30.T10TEM.2021167T185919.v2.0/HLS.S30.T10TEM.2021167T185919.v2.0.B8A.tif
Cropped
NDVI Calculated
Processed file 171 of 335
HLS.S30.T10TFL.2021167T185919.v2.0_NDVI_cropped.tif
https://data.lpdaac.earthdatacloud.nasa.gov/lp-prod-protected/HLSS30.020/HLS.S30.T10TFL.2021167T185919.v2.0/HLS.S30.T10TFL.2021167T185919.v2.0.B04.tif
https://data.lpdaac.earthdatacloud.nasa.gov/lp-prod-protected/HLSS30.020/HLS.S30.T10TFL.2021167T185919.v2.0/HLS.S30.T10TFL.2021167T185919.v2.0.Fmask.tif
https://data.lpdaac.earthdatacloud.nasa.gov/lp-prod-protected/HLSS30.020/HLS.S30.T10TFL.2021167T185919.v2.0/HLS.S30.T10TFL.2021167T185919.v2.0.B8A.tif
Cropped
NDVI Calculated
Processed file 172 of 335
HLS.S30.T10TEL.2021167T185919.v2.0_NDVI_cropped.tif
https://data.lpdaac.earthdatacloud.nasa.gov/lp-prod-protected/HLSS30.020/HLS.S30.T10TEL.2021167T185919.v2.0/HLS.S30.T10TEL.2021167T185919.v2.0.B04.tif
https://data.lpdaac.earthdatacloud.nasa.gov/lp-prod-protected/HLSS30.020/HLS.S30.T10TEL.2021167T185919.v2.0/HLS.S30.T10TEL.2021167T185919.v2.0.B8A.tif
https://data.lpdaac.earthdatacloud.nasa.gov/lp-prod-protected/HLSS30.020/HLS.S30.T10TEL.2021167T185919.v2.0/HLS.S30.T10TEL.2021167T185919.v2.0.Fmask.tif
Cropped
NDVI Calculated
Processed file 173 of 335
HLS.S30.T10TFM.2021169T184921.v2.0_NDVI_cropped.tif
https://data.lpdaac.earthdatacloud.nasa.gov/lp-prod-protected/HLSS30.020/HLS.S30.T10TFM.2021169T184921.v2.0/HLS.S30.T10TFM.2021169T184921.v2.0.B04.tif
https://data.lpdaac.earthdatacloud.nasa.gov/lp-prod-protected/HLSS30.020/HLS.S30.T10TFM.2021169T184921.v2.0/HLS.S30.T10TFM.2021169T184921.v2.0.Fmask.tif
https://data.lpdaac.earthdatacloud.nasa.gov/lp-prod-protected/HLSS30.020/HLS.S30.T10TFM.2021169T184921.v2.0/HLS.S30.T10TFM.2021169T184921.v2.0.B8A.tif
Cropped
NDVI Calculated
Processed file 174 of 335
HLS.S30.T10TEM.2021169T184921.v2.0_NDVI_cropped.tif
https://data.lpdaac.earthdatacloud.nasa.gov/lp-prod-protected/HLSS30.020/HLS.S30.T10TEM.2021169T184921.v2.0/HLS.S30.T10TEM.2021169T184921.v2.0.Fmask.tif
https://data.lpdaac.earthdatacloud.nasa.gov/lp-prod-protected/HLSS30.020/HLS.S30.T10TEM.2021169T184921.v2.0/HLS.S30.T10TEM.2021169T184921.v2.0.B8A.tif
https://data.lpdaac.earthdatacloud.nasa.gov/lp-prod-protected/HLSS30.020/HLS.S30.T10TEM.2021169T184921.v2.0/HLS.S30.T10TEM.2021169T184921.v2.0.B04.tif
Cropped
NDVI Calculated
Processed file 175 of 335
HLS.S30.T10TFL.2021169T184921.v2.0_NDVI_cropped.tif
https://data.lpdaac.earthdatacloud.nasa.gov/lp-prod-protected/HLSS30.020/HLS.S30.T10TFL.2021169T184921.v2.0/HLS.S30.T10TFL.2021169T184921.v2.0.B04.tif
https://data.lpdaac.earthdatacloud.nasa.gov/lp-prod-protected/HLSS30.020/HLS.S30.T10TFL.2021169T184921.v2.0/HLS.S30.T10TFL.2021169T184921.v2.0.Fmask.tif
https://data.lpdaac.earthdatacloud.nasa.gov/lp-prod-protected/HLSS30.020/HLS.S30.T10TFL.2021169T184921.v2.0/HLS.S30.T10TFL.2021169T184921.v2.0.B8A.tif
Cropped
NDVI Calculated
Processed file 176 of 335
HLS.S30.T10TEL.2021169T184921.v2.0_NDVI_cropped.tif
https://data.lpdaac.earthdatacloud.nasa.gov/lp-prod-protected/HLSS30.020/HLS.S30.T10TEL.2021169T184921.v2.0/HLS.S30.T10TEL.2021169T184921.v2.0.B8A.tif
https://data.lpdaac.earthdatacloud.nasa.gov/lp-prod-protected/HLSS30.020/HLS.S30.T10TEL.2021169T184921.v2.0/HLS.S30.T10TEL.2021169T184921.v2.0.B04.tif
https://data.lpdaac.earthdatacloud.nasa.gov/lp-prod-protected/HLSS30.020/HLS.S30.T10TEL.2021169T184921.v2.0/HLS.S30.T10TEL.2021169T184921.v2.0.Fmask.tif
Cropped
NDVI Calculated
Processed file 177 of 335
HLS.S30.T10TFM.2021172T185921.v2.0_NDVI_cropped.tif
https://data.lpdaac.earthdatacloud.nasa.gov/lp-prod-protected/HLSS30.020/HLS.S30.T10TFM.2021172T185921.v2.0/HLS.S30.T10TFM.2021172T185921.v2.0.B04.tif
https://data.lpdaac.earthdatacloud.nasa.gov/lp-prod-protected/HLSS30.020/HLS.S30.T10TFM.2021172T185921.v2.0/HLS.S30.T10TFM.2021172T185921.v2.0.Fmask.tif
https://data.lpdaac.earthdatacloud.nasa.gov/lp-prod-protected/HLSS30.020/HLS.S30.T10TFM.2021172T185921.v2.0/HLS.S30.T10TFM.2021172T185921.v2.0.B8A.tif
Cropped
NDVI Calculated
Processed file 178 of 335
HLS.S30.T10TEM.2021172T185921.v2.0_NDVI_cropped.tif
https://data.lpdaac.earthdatacloud.nasa.gov/lp-prod-protected/HLSS30.020/HLS.S30.T10TEM.2021172T185921.v2.0/HLS.S30.T10TEM.2021172T185921.v2.0.Fmask.tif
https://data.lpdaac.earthdatacloud.nasa.gov/lp-prod-protected/HLSS30.020/HLS.S30.T10TEM.2021172T185921.v2.0/HLS.S30.T10TEM.2021172T185921.v2.0.B8A.tif
https://data.lpdaac.earthdatacloud.nasa.gov/lp-prod-protected/HLSS30.020/HLS.S30.T10TEM.2021172T185921.v2.0/HLS.S30.T10TEM.2021172T185921.v2.0.B04.tif
Cropped
NDVI Calculated
Processed file 179 of 335
HLS.S30.T10TFL.2021172T185921.v2.0_NDVI_cropped.tif
https://data.lpdaac.earthdatacloud.nasa.gov/lp-prod-protected/HLSS30.020/HLS.S30.T10TFL.2021172T185921.v2.0/HLS.S30.T10TFL.2021172T185921.v2.0.B8A.tif
https://data.lpdaac.earthdatacloud.nasa.gov/lp-prod-protected/HLSS30.020/HLS.S30.T10TFL.2021172T185921.v2.0/HLS.S30.T10TFL.2021172T185921.v2.0.Fmask.tif
https://data.lpdaac.earthdatacloud.nasa.gov/lp-prod-protected/HLSS30.020/HLS.S30.T10TFL.2021172T185921.v2.0/HLS.S30.T10TFL.2021172T185921.v2.0.B04.tif
Cropped
NDVI Calculated
Processed file 180 of 335
HLS.S30.T10TEL.2021172T185921.v2.0_NDVI_cropped.tif
https://data.lpdaac.earthdatacloud.nasa.gov/lp-prod-protected/HLSS30.020/HLS.S30.T10TEL.2021172T185921.v2.0/HLS.S30.T10TEL.2021172T185921.v2.0.B8A.tif
https://data.lpdaac.earthdatacloud.nasa.gov/lp-prod-protected/HLSS30.020/HLS.S30.T10TEL.2021172T185921.v2.0/HLS.S30.T10TEL.2021172T185921.v2.0.Fmask.tif
https://data.lpdaac.earthdatacloud.nasa.gov/lp-prod-protected/HLSS30.020/HLS.S30.T10TEL.2021172T185921.v2.0/HLS.S30.T10TEL.2021172T185921.v2.0.B04.tif
Cropped
NDVI Calculated
Processed file 181 of 335
HLS.L30.T10TEM.2021174T185643.v2.0_NDVI_cropped.tif
https://data.lpdaac.earthdatacloud.nasa.gov/lp-prod-protected/HLSL30.020/HLS.L30.T10TEM.2021174T185643.v2.0/HLS.L30.T10TEM.2021174T185643.v2.0.B04.tif
https://data.lpdaac.earthdatacloud.nasa.gov/lp-prod-protected/HLSL30.020/HLS.L30.T10TEM.2021174T185643.v2.0/HLS.L30.T10TEM.2021174T185643.v2.0.Fmask.tif
https://data.lpdaac.earthdatacloud.nasa.gov/lp-prod-protected/HLSL30.020/HLS.L30.T10TEM.2021174T185643.v2.0/HLS.L30.T10TEM.2021174T185643.v2.0.B05.tif
Cropped
NDVI Calculated
Processed file 182 of 335
HLS.L30.T10TEL.2021174T185707.v2.0_NDVI_cropped.tif
https://data.lpdaac.earthdatacloud.nasa.gov/lp-prod-protected/HLSL30.020/HLS.L30.T10TEL.2021174T185707.v2.0/HLS.L30.T10TEL.2021174T185707.v2.0.B04.tif
https://data.lpdaac.earthdatacloud.nasa.gov/lp-prod-protected/HLSL30.020/HLS.L30.T10TEL.2021174T185707.v2.0/HLS.L30.T10TEL.2021174T185707.v2.0.Fmask.tif
https://data.lpdaac.earthdatacloud.nasa.gov/lp-prod-protected/HLSL30.020/HLS.L30.T10TEL.2021174T185707.v2.0/HLS.L30.T10TEL.2021174T185707.v2.0.B05.tif
Cropped
NDVI Calculated
Processed file 183 of 335
HLS.S30.T10TFM.2021174T184919.v2.0_NDVI_cropped.tif
https://data.lpdaac.earthdatacloud.nasa.gov/lp-prod-protected/HLSS30.020/HLS.S30.T10TFM.2021174T184919.v2.0/HLS.S30.T10TFM.2021174T184919.v2.0.Fmask.tif
https://data.lpdaac.earthdatacloud.nasa.gov/lp-prod-protected/HLSS30.020/HLS.S30.T10TFM.2021174T184919.v2.0/HLS.S30.T10TFM.2021174T184919.v2.0.B8A.tif
https://data.lpdaac.earthdatacloud.nasa.gov/lp-prod-protected/HLSS30.020/HLS.S30.T10TFM.2021174T184919.v2.0/HLS.S30.T10TFM.2021174T184919.v2.0.B04.tif
Cropped
NDVI Calculated
Processed file 184 of 335
HLS.S30.T10TEM.2021174T184919.v2.0_NDVI_cropped.tif
https://data.lpdaac.earthdatacloud.nasa.gov/lp-prod-protected/HLSS30.020/HLS.S30.T10TEM.2021174T184919.v2.0/HLS.S30.T10TEM.2021174T184919.v2.0.Fmask.tif
https://data.lpdaac.earthdatacloud.nasa.gov/lp-prod-protected/HLSS30.020/HLS.S30.T10TEM.2021174T184919.v2.0/HLS.S30.T10TEM.2021174T184919.v2.0.B04.tif
https://data.lpdaac.earthdatacloud.nasa.gov/lp-prod-protected/HLSS30.020/HLS.S30.T10TEM.2021174T184919.v2.0/HLS.S30.T10TEM.2021174T184919.v2.0.B8A.tif
Cropped
NDVI Calculated
Processed file 185 of 335
HLS.S30.T10TFL.2021174T184919.v2.0_NDVI_cropped.tif
https://data.lpdaac.earthdatacloud.nasa.gov/lp-prod-protected/HLSS30.020/HLS.S30.T10TFL.2021174T184919.v2.0/HLS.S30.T10TFL.2021174T184919.v2.0.B04.tif
https://data.lpdaac.earthdatacloud.nasa.gov/lp-prod-protected/HLSS30.020/HLS.S30.T10TFL.2021174T184919.v2.0/HLS.S30.T10TFL.2021174T184919.v2.0.Fmask.tif
https://data.lpdaac.earthdatacloud.nasa.gov/lp-prod-protected/HLSS30.020/HLS.S30.T10TFL.2021174T184919.v2.0/HLS.S30.T10TFL.2021174T184919.v2.0.B8A.tif
Cropped
NDVI Calculated
Processed file 186 of 335
HLS.S30.T10TEL.2021174T184919.v2.0_NDVI_cropped.tif
https://data.lpdaac.earthdatacloud.nasa.gov/lp-prod-protected/HLSS30.020/HLS.S30.T10TEL.2021174T184919.v2.0/HLS.S30.T10TEL.2021174T184919.v2.0.Fmask.tif
https://data.lpdaac.earthdatacloud.nasa.gov/lp-prod-protected/HLSS30.020/HLS.S30.T10TEL.2021174T184919.v2.0/HLS.S30.T10TEL.2021174T184919.v2.0.B04.tif
https://data.lpdaac.earthdatacloud.nasa.gov/lp-prod-protected/HLSS30.020/HLS.S30.T10TEL.2021174T184919.v2.0/HLS.S30.T10TEL.2021174T184919.v2.0.B8A.tif
Cropped
NDVI Calculated
Processed file 187 of 335
HLS.L30.T10TEM.2021176T184445.v2.0_NDVI_cropped.tif
https://data.lpdaac.earthdatacloud.nasa.gov/lp-prod-protected/HLSL30.020/HLS.L30.T10TEM.2021176T184445.v2.0/HLS.L30.T10TEM.2021176T184445.v2.0.B05.tif
https://data.lpdaac.earthdatacloud.nasa.gov/lp-prod-protected/HLSL30.020/HLS.L30.T10TEM.2021176T184445.v2.0/HLS.L30.T10TEM.2021176T184445.v2.0.Fmask.tif
https://data.lpdaac.earthdatacloud.nasa.gov/lp-prod-protected/HLSL30.020/HLS.L30.T10TEM.2021176T184445.v2.0/HLS.L30.T10TEM.2021176T184445.v2.0.B04.tif
Cropped
NDVI Calculated
Processed file 188 of 335
HLS.L30.T10TEL.2021176T184445.v2.0_NDVI_cropped.tif
https://data.lpdaac.earthdatacloud.nasa.gov/lp-prod-protected/HLSL30.020/HLS.L30.T10TEL.2021176T184445.v2.0/HLS.L30.T10TEL.2021176T184445.v2.0.B05.tif
https://data.lpdaac.earthdatacloud.nasa.gov/lp-prod-protected/HLSL30.020/HLS.L30.T10TEL.2021176T184445.v2.0/HLS.L30.T10TEL.2021176T184445.v2.0.B04.tif
https://data.lpdaac.earthdatacloud.nasa.gov/lp-prod-protected/HLSL30.020/HLS.L30.T10TEL.2021176T184445.v2.0/HLS.L30.T10TEL.2021176T184445.v2.0.Fmask.tif
Cropped
NDVI Calculated
Processed file 189 of 335
HLS.L30.T10TFM.2021176T184445.v2.0_NDVI_cropped.tif
https://data.lpdaac.earthdatacloud.nasa.gov/lp-prod-protected/HLSL30.020/HLS.L30.T10TFM.2021176T184445.v2.0/HLS.L30.T10TFM.2021176T184445.v2.0.B04.tif
https://data.lpdaac.earthdatacloud.nasa.gov/lp-prod-protected/HLSL30.020/HLS.L30.T10TFM.2021176T184445.v2.0/HLS.L30.T10TFM.2021176T184445.v2.0.B05.tif
https://data.lpdaac.earthdatacloud.nasa.gov/lp-prod-protected/HLSL30.020/HLS.L30.T10TFM.2021176T184445.v2.0/HLS.L30.T10TFM.2021176T184445.v2.0.Fmask.tif
Cropped
NDVI Calculated
Processed file 190 of 335
HLS.L30.T10TFL.2021176T184445.v2.0_NDVI_cropped.tif
https://data.lpdaac.earthdatacloud.nasa.gov/lp-prod-protected/HLSL30.020/HLS.L30.T10TFL.2021176T184445.v2.0/HLS.L30.T10TFL.2021176T184445.v2.0.B04.tif
https://data.lpdaac.earthdatacloud.nasa.gov/lp-prod-protected/HLSL30.020/HLS.L30.T10TFL.2021176T184445.v2.0/HLS.L30.T10TFL.2021176T184445.v2.0.Fmask.tif
https://data.lpdaac.earthdatacloud.nasa.gov/lp-prod-protected/HLSL30.020/HLS.L30.T10TFL.2021176T184445.v2.0/HLS.L30.T10TFL.2021176T184445.v2.0.B05.tif
Cropped
NDVI Calculated
Processed file 191 of 335
HLS.S30.T10TFM.2021177T185919.v2.0_NDVI_cropped.tif
https://data.lpdaac.earthdatacloud.nasa.gov/lp-prod-protected/HLSS30.020/HLS.S30.T10TFM.2021177T185919.v2.0/HLS.S30.T10TFM.2021177T185919.v2.0.Fmask.tif
https://data.lpdaac.earthdatacloud.nasa.gov/lp-prod-protected/HLSS30.020/HLS.S30.T10TFM.2021177T185919.v2.0/HLS.S30.T10TFM.2021177T185919.v2.0.B04.tif
https://data.lpdaac.earthdatacloud.nasa.gov/lp-prod-protected/HLSS30.020/HLS.S30.T10TFM.2021177T185919.v2.0/HLS.S30.T10TFM.2021177T185919.v2.0.B8A.tif
Cropped
NDVI Calculated
Processed file 192 of 335
HLS.S30.T10TEM.2021177T185919.v2.0_NDVI_cropped.tif
https://data.lpdaac.earthdatacloud.nasa.gov/lp-prod-protected/HLSS30.020/HLS.S30.T10TEM.2021177T185919.v2.0/HLS.S30.T10TEM.2021177T185919.v2.0.B8A.tif
https://data.lpdaac.earthdatacloud.nasa.gov/lp-prod-protected/HLSS30.020/HLS.S30.T10TEM.2021177T185919.v2.0/HLS.S30.T10TEM.2021177T185919.v2.0.B04.tif
https://data.lpdaac.earthdatacloud.nasa.gov/lp-prod-protected/HLSS30.020/HLS.S30.T10TEM.2021177T185919.v2.0/HLS.S30.T10TEM.2021177T185919.v2.0.Fmask.tif
Cropped
NDVI Calculated
Processed file 193 of 335
HLS.S30.T10TFL.2021177T185919.v2.0_NDVI_cropped.tif
https://data.lpdaac.earthdatacloud.nasa.gov/lp-prod-protected/HLSS30.020/HLS.S30.T10TFL.2021177T185919.v2.0/HLS.S30.T10TFL.2021177T185919.v2.0.B8A.tif
https://data.lpdaac.earthdatacloud.nasa.gov/lp-prod-protected/HLSS30.020/HLS.S30.T10TFL.2021177T185919.v2.0/HLS.S30.T10TFL.2021177T185919.v2.0.B04.tif
https://data.lpdaac.earthdatacloud.nasa.gov/lp-prod-protected/HLSS30.020/HLS.S30.T10TFL.2021177T185919.v2.0/HLS.S30.T10TFL.2021177T185919.v2.0.Fmask.tif
Cropped
NDVI Calculated
Processed file 194 of 335
HLS.S30.T10TEL.2021177T185919.v2.0_NDVI_cropped.tif
https://data.lpdaac.earthdatacloud.nasa.gov/lp-prod-protected/HLSS30.020/HLS.S30.T10TEL.2021177T185919.v2.0/HLS.S30.T10TEL.2021177T185919.v2.0.B8A.tif
https://data.lpdaac.earthdatacloud.nasa.gov/lp-prod-protected/HLSS30.020/HLS.S30.T10TEL.2021177T185919.v2.0/HLS.S30.T10TEL.2021177T185919.v2.0.Fmask.tif
https://data.lpdaac.earthdatacloud.nasa.gov/lp-prod-protected/HLSS30.020/HLS.S30.T10TEL.2021177T185919.v2.0/HLS.S30.T10TEL.2021177T185919.v2.0.B04.tif
Cropped
NDVI Calculated
Processed file 195 of 335
HLS.S30.T10TFM.2021179T184921.v2.0_NDVI_cropped.tif
https://data.lpdaac.earthdatacloud.nasa.gov/lp-prod-protected/HLSS30.020/HLS.S30.T10TFM.2021179T184921.v2.0/HLS.S30.T10TFM.2021179T184921.v2.0.B8A.tif
https://data.lpdaac.earthdatacloud.nasa.gov/lp-prod-protected/HLSS30.020/HLS.S30.T10TFM.2021179T184921.v2.0/HLS.S30.T10TFM.2021179T184921.v2.0.B04.tif
https://data.lpdaac.earthdatacloud.nasa.gov/lp-prod-protected/HLSS30.020/HLS.S30.T10TFM.2021179T184921.v2.0/HLS.S30.T10TFM.2021179T184921.v2.0.Fmask.tif
Cropped
NDVI Calculated
Processed file 196 of 335
HLS.S30.T10TEM.2021179T184921.v2.0_NDVI_cropped.tif
https://data.lpdaac.earthdatacloud.nasa.gov/lp-prod-protected/HLSS30.020/HLS.S30.T10TEM.2021179T184921.v2.0/HLS.S30.T10TEM.2021179T184921.v2.0.B04.tif
https://data.lpdaac.earthdatacloud.nasa.gov/lp-prod-protected/HLSS30.020/HLS.S30.T10TEM.2021179T184921.v2.0/HLS.S30.T10TEM.2021179T184921.v2.0.Fmask.tif
https://data.lpdaac.earthdatacloud.nasa.gov/lp-prod-protected/HLSS30.020/HLS.S30.T10TEM.2021179T184921.v2.0/HLS.S30.T10TEM.2021179T184921.v2.0.B8A.tif
Cropped
NDVI Calculated
Processed file 197 of 335
HLS.S30.T10TFL.2021179T184921.v2.0_NDVI_cropped.tif
https://data.lpdaac.earthdatacloud.nasa.gov/lp-prod-protected/HLSS30.020/HLS.S30.T10TFL.2021179T184921.v2.0/HLS.S30.T10TFL.2021179T184921.v2.0.Fmask.tif
https://data.lpdaac.earthdatacloud.nasa.gov/lp-prod-protected/HLSS30.020/HLS.S30.T10TFL.2021179T184921.v2.0/HLS.S30.T10TFL.2021179T184921.v2.0.B8A.tif
https://data.lpdaac.earthdatacloud.nasa.gov/lp-prod-protected/HLSS30.020/HLS.S30.T10TFL.2021179T184921.v2.0/HLS.S30.T10TFL.2021179T184921.v2.0.B04.tif
Cropped
NDVI Calculated
Processed file 198 of 335
HLS.S30.T10TEL.2021179T184921.v2.0_NDVI_cropped.tif
https://data.lpdaac.earthdatacloud.nasa.gov/lp-prod-protected/HLSS30.020/HLS.S30.T10TEL.2021179T184921.v2.0/HLS.S30.T10TEL.2021179T184921.v2.0.B8A.tif
https://data.lpdaac.earthdatacloud.nasa.gov/lp-prod-protected/HLSS30.020/HLS.S30.T10TEL.2021179T184921.v2.0/HLS.S30.T10TEL.2021179T184921.v2.0.Fmask.tif
https://data.lpdaac.earthdatacloud.nasa.gov/lp-prod-protected/HLSS30.020/HLS.S30.T10TEL.2021179T184921.v2.0/HLS.S30.T10TEL.2021179T184921.v2.0.B04.tif
Cropped
NDVI Calculated
Processed file 199 of 335
HLS.S30.T10TFM.2021182T185921.v2.0_NDVI_cropped.tif
https://data.lpdaac.earthdatacloud.nasa.gov/lp-prod-protected/HLSS30.020/HLS.S30.T10TFM.2021182T185921.v2.0/HLS.S30.T10TFM.2021182T185921.v2.0.Fmask.tif
https://data.lpdaac.earthdatacloud.nasa.gov/lp-prod-protected/HLSS30.020/HLS.S30.T10TFM.2021182T185921.v2.0/HLS.S30.T10TFM.2021182T185921.v2.0.B04.tif
https://data.lpdaac.earthdatacloud.nasa.gov/lp-prod-protected/HLSS30.020/HLS.S30.T10TFM.2021182T185921.v2.0/HLS.S30.T10TFM.2021182T185921.v2.0.B8A.tif
Cropped
NDVI Calculated
Processed file 200 of 335
HLS.S30.T10TEM.2021182T185921.v2.0_NDVI_cropped.tif
https://data.lpdaac.earthdatacloud.nasa.gov/lp-prod-protected/HLSS30.020/HLS.S30.T10TEM.2021182T185921.v2.0/HLS.S30.T10TEM.2021182T185921.v2.0.Fmask.tif
https://data.lpdaac.earthdatacloud.nasa.gov/lp-prod-protected/HLSS30.020/HLS.S30.T10TEM.2021182T185921.v2.0/HLS.S30.T10TEM.2021182T185921.v2.0.B8A.tif
https://data.lpdaac.earthdatacloud.nasa.gov/lp-prod-protected/HLSS30.020/HLS.S30.T10TEM.2021182T185921.v2.0/HLS.S30.T10TEM.2021182T185921.v2.0.B04.tif
Cropped
NDVI Calculated
Processed file 201 of 335
HLS.S30.T10TFL.2021182T185921.v2.0_NDVI_cropped.tif
https://data.lpdaac.earthdatacloud.nasa.gov/lp-prod-protected/HLSS30.020/HLS.S30.T10TFL.2021182T185921.v2.0/HLS.S30.T10TFL.2021182T185921.v2.0.B04.tif
https://data.lpdaac.earthdatacloud.nasa.gov/lp-prod-protected/HLSS30.020/HLS.S30.T10TFL.2021182T185921.v2.0/HLS.S30.T10TFL.2021182T185921.v2.0.B8A.tif
https://data.lpdaac.earthdatacloud.nasa.gov/lp-prod-protected/HLSS30.020/HLS.S30.T10TFL.2021182T185921.v2.0/HLS.S30.T10TFL.2021182T185921.v2.0.Fmask.tif
Cropped
NDVI Calculated
Processed file 202 of 335
HLS.S30.T10TEL.2021182T185921.v2.0_NDVI_cropped.tif
https://data.lpdaac.earthdatacloud.nasa.gov/lp-prod-protected/HLSS30.020/HLS.S30.T10TEL.2021182T185921.v2.0/HLS.S30.T10TEL.2021182T185921.v2.0.B04.tif
https://data.lpdaac.earthdatacloud.nasa.gov/lp-prod-protected/HLSS30.020/HLS.S30.T10TEL.2021182T185921.v2.0/HLS.S30.T10TEL.2021182T185921.v2.0.B8A.tif
https://data.lpdaac.earthdatacloud.nasa.gov/lp-prod-protected/HLSS30.020/HLS.S30.T10TEL.2021182T185921.v2.0/HLS.S30.T10TEL.2021182T185921.v2.0.Fmask.tif
Cropped
NDVI Calculated
Processed file 203 of 335
HLS.L30.T10TEM.2021183T185033.v2.0_NDVI_cropped.tif
https://data.lpdaac.earthdatacloud.nasa.gov/lp-prod-protected/HLSL30.020/HLS.L30.T10TEM.2021183T185033.v2.0/HLS.L30.T10TEM.2021183T185033.v2.0.Fmask.tif
https://data.lpdaac.earthdatacloud.nasa.gov/lp-prod-protected/HLSL30.020/HLS.L30.T10TEM.2021183T185033.v2.0/HLS.L30.T10TEM.2021183T185033.v2.0.B05.tif
https://data.lpdaac.earthdatacloud.nasa.gov/lp-prod-protected/HLSL30.020/HLS.L30.T10TEM.2021183T185033.v2.0/HLS.L30.T10TEM.2021183T185033.v2.0.B04.tif
Cropped
NDVI Calculated
Processed file 204 of 335
HLS.L30.T10TFM.2021183T185033.v2.0_NDVI_cropped.tif
https://data.lpdaac.earthdatacloud.nasa.gov/lp-prod-protected/HLSL30.020/HLS.L30.T10TFM.2021183T185033.v2.0/HLS.L30.T10TFM.2021183T185033.v2.0.B05.tif
https://data.lpdaac.earthdatacloud.nasa.gov/lp-prod-protected/HLSL30.020/HLS.L30.T10TFM.2021183T185033.v2.0/HLS.L30.T10TFM.2021183T185033.v2.0.Fmask.tif
https://data.lpdaac.earthdatacloud.nasa.gov/lp-prod-protected/HLSL30.020/HLS.L30.T10TFM.2021183T185033.v2.0/HLS.L30.T10TFM.2021183T185033.v2.0.B04.tif
Cropped
NDVI Calculated
Processed file 205 of 335
HLS.L30.T10TFL.2021183T185057.v2.0_NDVI_cropped.tif
https://data.lpdaac.earthdatacloud.nasa.gov/lp-prod-protected/HLSL30.020/HLS.L30.T10TFL.2021183T185057.v2.0/HLS.L30.T10TFL.2021183T185057.v2.0.B05.tif
https://data.lpdaac.earthdatacloud.nasa.gov/lp-prod-protected/HLSL30.020/HLS.L30.T10TFL.2021183T185057.v2.0/HLS.L30.T10TFL.2021183T185057.v2.0.B04.tif
https://data.lpdaac.earthdatacloud.nasa.gov/lp-prod-protected/HLSL30.020/HLS.L30.T10TFL.2021183T185057.v2.0/HLS.L30.T10TFL.2021183T185057.v2.0.Fmask.tif
Cropped
NDVI Calculated
Processed file 206 of 335
HLS.L30.T10TEL.2021183T185057.v2.0_NDVI_cropped.tif
https://data.lpdaac.earthdatacloud.nasa.gov/lp-prod-protected/HLSL30.020/HLS.L30.T10TEL.2021183T185057.v2.0/HLS.L30.T10TEL.2021183T185057.v2.0.Fmask.tif
https://data.lpdaac.earthdatacloud.nasa.gov/lp-prod-protected/HLSL30.020/HLS.L30.T10TEL.2021183T185057.v2.0/HLS.L30.T10TEL.2021183T185057.v2.0.B04.tif
https://data.lpdaac.earthdatacloud.nasa.gov/lp-prod-protected/HLSL30.020/HLS.L30.T10TEL.2021183T185057.v2.0/HLS.L30.T10TEL.2021183T185057.v2.0.B05.tif
Cropped
NDVI Calculated
Processed file 207 of 335
HLS.S30.T10TFM.2021187T185919.v2.0_NDVI_cropped.tif
https://data.lpdaac.earthdatacloud.nasa.gov/lp-prod-protected/HLSS30.020/HLS.S30.T10TFM.2021187T185919.v2.0/HLS.S30.T10TFM.2021187T185919.v2.0.Fmask.tif
https://data.lpdaac.earthdatacloud.nasa.gov/lp-prod-protected/HLSS30.020/HLS.S30.T10TFM.2021187T185919.v2.0/HLS.S30.T10TFM.2021187T185919.v2.0.B8A.tif
https://data.lpdaac.earthdatacloud.nasa.gov/lp-prod-protected/HLSS30.020/HLS.S30.T10TFM.2021187T185919.v2.0/HLS.S30.T10TFM.2021187T185919.v2.0.B04.tif
Cropped
NDVI Calculated
Processed file 208 of 335
HLS.S30.T10TEM.2021187T185919.v2.0_NDVI_cropped.tif
https://data.lpdaac.earthdatacloud.nasa.gov/lp-prod-protected/HLSS30.020/HLS.S30.T10TEM.2021187T185919.v2.0/HLS.S30.T10TEM.2021187T185919.v2.0.Fmask.tif
https://data.lpdaac.earthdatacloud.nasa.gov/lp-prod-protected/HLSS30.020/HLS.S30.T10TEM.2021187T185919.v2.0/HLS.S30.T10TEM.2021187T185919.v2.0.B04.tif
https://data.lpdaac.earthdatacloud.nasa.gov/lp-prod-protected/HLSS30.020/HLS.S30.T10TEM.2021187T185919.v2.0/HLS.S30.T10TEM.2021187T185919.v2.0.B8A.tif
Cropped
NDVI Calculated
Processed file 209 of 335
HLS.S30.T10TFL.2021187T185919.v2.0_NDVI_cropped.tif
https://data.lpdaac.earthdatacloud.nasa.gov/lp-prod-protected/HLSS30.020/HLS.S30.T10TFL.2021187T185919.v2.0/HLS.S30.T10TFL.2021187T185919.v2.0.B04.tif
https://data.lpdaac.earthdatacloud.nasa.gov/lp-prod-protected/HLSS30.020/HLS.S30.T10TFL.2021187T185919.v2.0/HLS.S30.T10TFL.2021187T185919.v2.0.Fmask.tif
https://data.lpdaac.earthdatacloud.nasa.gov/lp-prod-protected/HLSS30.020/HLS.S30.T10TFL.2021187T185919.v2.0/HLS.S30.T10TFL.2021187T185919.v2.0.B8A.tif
Cropped
NDVI Calculated
Processed file 210 of 335
HLS.S30.T10TEL.2021187T185919.v2.0_NDVI_cropped.tif
https://data.lpdaac.earthdatacloud.nasa.gov/lp-prod-protected/HLSS30.020/HLS.S30.T10TEL.2021187T185919.v2.0/HLS.S30.T10TEL.2021187T185919.v2.0.Fmask.tif
https://data.lpdaac.earthdatacloud.nasa.gov/lp-prod-protected/HLSS30.020/HLS.S30.T10TEL.2021187T185919.v2.0/HLS.S30.T10TEL.2021187T185919.v2.0.B04.tif
https://data.lpdaac.earthdatacloud.nasa.gov/lp-prod-protected/HLSS30.020/HLS.S30.T10TEL.2021187T185919.v2.0/HLS.S30.T10TEL.2021187T185919.v2.0.B8A.tif
Cropped
NDVI Calculated
Processed file 211 of 335
HLS.S30.T10TFM.2021189T184921.v2.0_NDVI_cropped.tif
https://data.lpdaac.earthdatacloud.nasa.gov/lp-prod-protected/HLSS30.020/HLS.S30.T10TFM.2021189T184921.v2.0/HLS.S30.T10TFM.2021189T184921.v2.0.B04.tif
https://data.lpdaac.earthdatacloud.nasa.gov/lp-prod-protected/HLSS30.020/HLS.S30.T10TFM.2021189T184921.v2.0/HLS.S30.T10TFM.2021189T184921.v2.0.B8A.tif
https://data.lpdaac.earthdatacloud.nasa.gov/lp-prod-protected/HLSS30.020/HLS.S30.T10TFM.2021189T184921.v2.0/HLS.S30.T10TFM.2021189T184921.v2.0.Fmask.tif
Cropped
NDVI Calculated
Processed file 212 of 335
HLS.S30.T10TEM.2021189T184921.v2.0_NDVI_cropped.tif
https://data.lpdaac.earthdatacloud.nasa.gov/lp-prod-protected/HLSS30.020/HLS.S30.T10TEM.2021189T184921.v2.0/HLS.S30.T10TEM.2021189T184921.v2.0.B04.tif
https://data.lpdaac.earthdatacloud.nasa.gov/lp-prod-protected/HLSS30.020/HLS.S30.T10TEM.2021189T184921.v2.0/HLS.S30.T10TEM.2021189T184921.v2.0.Fmask.tif
https://data.lpdaac.earthdatacloud.nasa.gov/lp-prod-protected/HLSS30.020/HLS.S30.T10TEM.2021189T184921.v2.0/HLS.S30.T10TEM.2021189T184921.v2.0.B8A.tif
Cropped
NDVI Calculated
Processed file 213 of 335
HLS.S30.T10TFL.2021189T184921.v2.0_NDVI_cropped.tif
https://data.lpdaac.earthdatacloud.nasa.gov/lp-prod-protected/HLSS30.020/HLS.S30.T10TFL.2021189T184921.v2.0/HLS.S30.T10TFL.2021189T184921.v2.0.Fmask.tif
https://data.lpdaac.earthdatacloud.nasa.gov/lp-prod-protected/HLSS30.020/HLS.S30.T10TFL.2021189T184921.v2.0/HLS.S30.T10TFL.2021189T184921.v2.0.B8A.tif
https://data.lpdaac.earthdatacloud.nasa.gov/lp-prod-protected/HLSS30.020/HLS.S30.T10TFL.2021189T184921.v2.0/HLS.S30.T10TFL.2021189T184921.v2.0.B04.tif
Cropped
NDVI Calculated
Processed file 214 of 335
HLS.S30.T10TEL.2021189T184921.v2.0_NDVI_cropped.tif
https://data.lpdaac.earthdatacloud.nasa.gov/lp-prod-protected/HLSS30.020/HLS.S30.T10TEL.2021189T184921.v2.0/HLS.S30.T10TEL.2021189T184921.v2.0.B8A.tif
https://data.lpdaac.earthdatacloud.nasa.gov/lp-prod-protected/HLSS30.020/HLS.S30.T10TEL.2021189T184921.v2.0/HLS.S30.T10TEL.2021189T184921.v2.0.Fmask.tif
https://data.lpdaac.earthdatacloud.nasa.gov/lp-prod-protected/HLSS30.020/HLS.S30.T10TEL.2021189T184921.v2.0/HLS.S30.T10TEL.2021189T184921.v2.0.B04.tif
Cropped
NDVI Calculated
Processed file 215 of 335
HLS.L30.T10TEM.2021190T185645.v2.0_NDVI_cropped.tif
https://data.lpdaac.earthdatacloud.nasa.gov/lp-prod-protected/HLSL30.020/HLS.L30.T10TEM.2021190T185645.v2.0/HLS.L30.T10TEM.2021190T185645.v2.0.B04.tif
https://data.lpdaac.earthdatacloud.nasa.gov/lp-prod-protected/HLSL30.020/HLS.L30.T10TEM.2021190T185645.v2.0/HLS.L30.T10TEM.2021190T185645.v2.0.Fmask.tif
https://data.lpdaac.earthdatacloud.nasa.gov/lp-prod-protected/HLSL30.020/HLS.L30.T10TEM.2021190T185645.v2.0/HLS.L30.T10TEM.2021190T185645.v2.0.B05.tif
Cropped
NDVI Calculated
Processed file 216 of 335
HLS.L30.T10TEL.2021190T185709.v2.0_NDVI_cropped.tif
https://data.lpdaac.earthdatacloud.nasa.gov/lp-prod-protected/HLSL30.020/HLS.L30.T10TEL.2021190T185709.v2.0/HLS.L30.T10TEL.2021190T185709.v2.0.B05.tif
https://data.lpdaac.earthdatacloud.nasa.gov/lp-prod-protected/HLSL30.020/HLS.L30.T10TEL.2021190T185709.v2.0/HLS.L30.T10TEL.2021190T185709.v2.0.Fmask.tif
https://data.lpdaac.earthdatacloud.nasa.gov/lp-prod-protected/HLSL30.020/HLS.L30.T10TEL.2021190T185709.v2.0/HLS.L30.T10TEL.2021190T185709.v2.0.B04.tif
Cropped
NDVI Calculated
Processed file 217 of 335
HLS.L30.T10TFM.2021192T184423.v2.0_NDVI_cropped.tif
https://data.lpdaac.earthdatacloud.nasa.gov/lp-prod-protected/HLSL30.020/HLS.L30.T10TFM.2021192T184423.v2.0/HLS.L30.T10TFM.2021192T184423.v2.0.B05.tif
https://data.lpdaac.earthdatacloud.nasa.gov/lp-prod-protected/HLSL30.020/HLS.L30.T10TFM.2021192T184423.v2.0/HLS.L30.T10TFM.2021192T184423.v2.0.B04.tif
https://data.lpdaac.earthdatacloud.nasa.gov/lp-prod-protected/HLSL30.020/HLS.L30.T10TFM.2021192T184423.v2.0/HLS.L30.T10TFM.2021192T184423.v2.0.Fmask.tif
Cropped
NDVI Calculated
Processed file 218 of 335
HLS.L30.T10TEL.2021192T184447.v2.0_NDVI_cropped.tif
https://data.lpdaac.earthdatacloud.nasa.gov/lp-prod-protected/HLSL30.020/HLS.L30.T10TEL.2021192T184447.v2.0/HLS.L30.T10TEL.2021192T184447.v2.0.Fmask.tif
https://data.lpdaac.earthdatacloud.nasa.gov/lp-prod-protected/HLSL30.020/HLS.L30.T10TEL.2021192T184447.v2.0/HLS.L30.T10TEL.2021192T184447.v2.0.B04.tif
https://data.lpdaac.earthdatacloud.nasa.gov/lp-prod-protected/HLSL30.020/HLS.L30.T10TEL.2021192T184447.v2.0/HLS.L30.T10TEL.2021192T184447.v2.0.B05.tif
Cropped
NDVI Calculated
Processed file 219 of 335
HLS.L30.T10TEM.2021192T184447.v2.0_NDVI_cropped.tif
https://data.lpdaac.earthdatacloud.nasa.gov/lp-prod-protected/HLSL30.020/HLS.L30.T10TEM.2021192T184447.v2.0/HLS.L30.T10TEM.2021192T184447.v2.0.Fmask.tif
https://data.lpdaac.earthdatacloud.nasa.gov/lp-prod-protected/HLSL30.020/HLS.L30.T10TEM.2021192T184447.v2.0/HLS.L30.T10TEM.2021192T184447.v2.0.B05.tif
https://data.lpdaac.earthdatacloud.nasa.gov/lp-prod-protected/HLSL30.020/HLS.L30.T10TEM.2021192T184447.v2.0/HLS.L30.T10TEM.2021192T184447.v2.0.B04.tif
Cropped
NDVI Calculated
Processed file 220 of 335
HLS.L30.T10TFL.2021192T184447.v2.0_NDVI_cropped.tif
https://data.lpdaac.earthdatacloud.nasa.gov/lp-prod-protected/HLSL30.020/HLS.L30.T10TFL.2021192T184447.v2.0/HLS.L30.T10TFL.2021192T184447.v2.0.B05.tif
https://data.lpdaac.earthdatacloud.nasa.gov/lp-prod-protected/HLSL30.020/HLS.L30.T10TFL.2021192T184447.v2.0/HLS.L30.T10TFL.2021192T184447.v2.0.Fmask.tif
https://data.lpdaac.earthdatacloud.nasa.gov/lp-prod-protected/HLSL30.020/HLS.L30.T10TFL.2021192T184447.v2.0/HLS.L30.T10TFL.2021192T184447.v2.0.B04.tif
Cropped
NDVI Calculated
Processed file 221 of 335
HLS.L30.T10TFM.2021192T184447.v2.0_NDVI_cropped.tif
https://data.lpdaac.earthdatacloud.nasa.gov/lp-prod-protected/HLSL30.020/HLS.L30.T10TFM.2021192T184447.v2.0/HLS.L30.T10TFM.2021192T184447.v2.0.B05.tif
https://data.lpdaac.earthdatacloud.nasa.gov/lp-prod-protected/HLSL30.020/HLS.L30.T10TFM.2021192T184447.v2.0/HLS.L30.T10TFM.2021192T184447.v2.0.Fmask.tif
https://data.lpdaac.earthdatacloud.nasa.gov/lp-prod-protected/HLSL30.020/HLS.L30.T10TFM.2021192T184447.v2.0/HLS.L30.T10TFM.2021192T184447.v2.0.B04.tif
Cropped
NDVI Calculated
Processed file 222 of 335
HLS.S30.T10TFM.2021192T185921.v2.0_NDVI_cropped.tif
https://data.lpdaac.earthdatacloud.nasa.gov/lp-prod-protected/HLSS30.020/HLS.S30.T10TFM.2021192T185921.v2.0/HLS.S30.T10TFM.2021192T185921.v2.0.B04.tif
https://data.lpdaac.earthdatacloud.nasa.gov/lp-prod-protected/HLSS30.020/HLS.S30.T10TFM.2021192T185921.v2.0/HLS.S30.T10TFM.2021192T185921.v2.0.Fmask.tif
https://data.lpdaac.earthdatacloud.nasa.gov/lp-prod-protected/HLSS30.020/HLS.S30.T10TFM.2021192T185921.v2.0/HLS.S30.T10TFM.2021192T185921.v2.0.B8A.tif
Cropped
NDVI Calculated
Processed file 223 of 335
HLS.S30.T10TEM.2021192T185921.v2.0_NDVI_cropped.tif
https://data.lpdaac.earthdatacloud.nasa.gov/lp-prod-protected/HLSS30.020/HLS.S30.T10TEM.2021192T185921.v2.0/HLS.S30.T10TEM.2021192T185921.v2.0.B8A.tif
https://data.lpdaac.earthdatacloud.nasa.gov/lp-prod-protected/HLSS30.020/HLS.S30.T10TEM.2021192T185921.v2.0/HLS.S30.T10TEM.2021192T185921.v2.0.B04.tif
https://data.lpdaac.earthdatacloud.nasa.gov/lp-prod-protected/HLSS30.020/HLS.S30.T10TEM.2021192T185921.v2.0/HLS.S30.T10TEM.2021192T185921.v2.0.Fmask.tif
Cropped
NDVI Calculated
Processed file 224 of 335
HLS.S30.T10TFL.2021192T185921.v2.0_NDVI_cropped.tif
https://data.lpdaac.earthdatacloud.nasa.gov/lp-prod-protected/HLSS30.020/HLS.S30.T10TFL.2021192T185921.v2.0/HLS.S30.T10TFL.2021192T185921.v2.0.Fmask.tif
https://data.lpdaac.earthdatacloud.nasa.gov/lp-prod-protected/HLSS30.020/HLS.S30.T10TFL.2021192T185921.v2.0/HLS.S30.T10TFL.2021192T185921.v2.0.B8A.tif
https://data.lpdaac.earthdatacloud.nasa.gov/lp-prod-protected/HLSS30.020/HLS.S30.T10TFL.2021192T185921.v2.0/HLS.S30.T10TFL.2021192T185921.v2.0.B04.tif
Cropped
NDVI Calculated
Processed file 225 of 335
HLS.S30.T10TEL.2021192T185921.v2.0_NDVI_cropped.tif
https://data.lpdaac.earthdatacloud.nasa.gov/lp-prod-protected/HLSS30.020/HLS.S30.T10TEL.2021192T185921.v2.0/HLS.S30.T10TEL.2021192T185921.v2.0.B8A.tif
https://data.lpdaac.earthdatacloud.nasa.gov/lp-prod-protected/HLSS30.020/HLS.S30.T10TEL.2021192T185921.v2.0/HLS.S30.T10TEL.2021192T185921.v2.0.B04.tif
https://data.lpdaac.earthdatacloud.nasa.gov/lp-prod-protected/HLSS30.020/HLS.S30.T10TEL.2021192T185921.v2.0/HLS.S30.T10TEL.2021192T185921.v2.0.Fmask.tif
Cropped
NDVI Calculated
Processed file 226 of 335
HLS.S30.T10TFM.2021194T184919.v2.0_NDVI_cropped.tif
https://data.lpdaac.earthdatacloud.nasa.gov/lp-prod-protected/HLSS30.020/HLS.S30.T10TFM.2021194T184919.v2.0/HLS.S30.T10TFM.2021194T184919.v2.0.Fmask.tif
https://data.lpdaac.earthdatacloud.nasa.gov/lp-prod-protected/HLSS30.020/HLS.S30.T10TFM.2021194T184919.v2.0/HLS.S30.T10TFM.2021194T184919.v2.0.B8A.tif
https://data.lpdaac.earthdatacloud.nasa.gov/lp-prod-protected/HLSS30.020/HLS.S30.T10TFM.2021194T184919.v2.0/HLS.S30.T10TFM.2021194T184919.v2.0.B04.tif
Cropped
NDVI Calculated
Processed file 227 of 335
HLS.S30.T10TEM.2021194T184919.v2.0_NDVI_cropped.tif
https://data.lpdaac.earthdatacloud.nasa.gov/lp-prod-protected/HLSS30.020/HLS.S30.T10TEM.2021194T184919.v2.0/HLS.S30.T10TEM.2021194T184919.v2.0.B8A.tif
https://data.lpdaac.earthdatacloud.nasa.gov/lp-prod-protected/HLSS30.020/HLS.S30.T10TEM.2021194T184919.v2.0/HLS.S30.T10TEM.2021194T184919.v2.0.B04.tif
https://data.lpdaac.earthdatacloud.nasa.gov/lp-prod-protected/HLSS30.020/HLS.S30.T10TEM.2021194T184919.v2.0/HLS.S30.T10TEM.2021194T184919.v2.0.Fmask.tif
Cropped
NDVI Calculated
Processed file 228 of 335
HLS.S30.T10TFL.2021194T184919.v2.0_NDVI_cropped.tif
https://data.lpdaac.earthdatacloud.nasa.gov/lp-prod-protected/HLSS30.020/HLS.S30.T10TFL.2021194T184919.v2.0/HLS.S30.T10TFL.2021194T184919.v2.0.B8A.tif
https://data.lpdaac.earthdatacloud.nasa.gov/lp-prod-protected/HLSS30.020/HLS.S30.T10TFL.2021194T184919.v2.0/HLS.S30.T10TFL.2021194T184919.v2.0.Fmask.tif
https://data.lpdaac.earthdatacloud.nasa.gov/lp-prod-protected/HLSS30.020/HLS.S30.T10TFL.2021194T184919.v2.0/HLS.S30.T10TFL.2021194T184919.v2.0.B04.tif
Cropped
NDVI Calculated
Processed file 229 of 335
HLS.S30.T10TEL.2021194T184919.v2.0_NDVI_cropped.tif
https://data.lpdaac.earthdatacloud.nasa.gov/lp-prod-protected/HLSS30.020/HLS.S30.T10TEL.2021194T184919.v2.0/HLS.S30.T10TEL.2021194T184919.v2.0.B8A.tif
https://data.lpdaac.earthdatacloud.nasa.gov/lp-prod-protected/HLSS30.020/HLS.S30.T10TEL.2021194T184919.v2.0/HLS.S30.T10TEL.2021194T184919.v2.0.Fmask.tif
https://data.lpdaac.earthdatacloud.nasa.gov/lp-prod-protected/HLSS30.020/HLS.S30.T10TEL.2021194T184919.v2.0/HLS.S30.T10TEL.2021194T184919.v2.0.B04.tif
Cropped
NDVI Calculated
Processed file 230 of 335
HLS.S30.T10TFM.2021197T185919.v2.0_NDVI_cropped.tif
https://data.lpdaac.earthdatacloud.nasa.gov/lp-prod-protected/HLSS30.020/HLS.S30.T10TFM.2021197T185919.v2.0/HLS.S30.T10TFM.2021197T185919.v2.0.Fmask.tif
https://data.lpdaac.earthdatacloud.nasa.gov/lp-prod-protected/HLSS30.020/HLS.S30.T10TFM.2021197T185919.v2.0/HLS.S30.T10TFM.2021197T185919.v2.0.B8A.tif
https://data.lpdaac.earthdatacloud.nasa.gov/lp-prod-protected/HLSS30.020/HLS.S30.T10TFM.2021197T185919.v2.0/HLS.S30.T10TFM.2021197T185919.v2.0.B04.tif
Cropped
NDVI Calculated
Processed file 231 of 335
HLS.S30.T10TEM.2021197T185919.v2.0_NDVI_cropped.tif
https://data.lpdaac.earthdatacloud.nasa.gov/lp-prod-protected/HLSS30.020/HLS.S30.T10TEM.2021197T185919.v2.0/HLS.S30.T10TEM.2021197T185919.v2.0.B8A.tif
https://data.lpdaac.earthdatacloud.nasa.gov/lp-prod-protected/HLSS30.020/HLS.S30.T10TEM.2021197T185919.v2.0/HLS.S30.T10TEM.2021197T185919.v2.0.Fmask.tif
https://data.lpdaac.earthdatacloud.nasa.gov/lp-prod-protected/HLSS30.020/HLS.S30.T10TEM.2021197T185919.v2.0/HLS.S30.T10TEM.2021197T185919.v2.0.B04.tif
Cropped
NDVI Calculated
Processed file 232 of 335
HLS.S30.T10TFL.2021197T185919.v2.0_NDVI_cropped.tif
https://data.lpdaac.earthdatacloud.nasa.gov/lp-prod-protected/HLSS30.020/HLS.S30.T10TFL.2021197T185919.v2.0/HLS.S30.T10TFL.2021197T185919.v2.0.Fmask.tif
https://data.lpdaac.earthdatacloud.nasa.gov/lp-prod-protected/HLSS30.020/HLS.S30.T10TFL.2021197T185919.v2.0/HLS.S30.T10TFL.2021197T185919.v2.0.B8A.tif
https://data.lpdaac.earthdatacloud.nasa.gov/lp-prod-protected/HLSS30.020/HLS.S30.T10TFL.2021197T185919.v2.0/HLS.S30.T10TFL.2021197T185919.v2.0.B04.tif
Cropped
NDVI Calculated
Processed file 233 of 335
HLS.S30.T10TEL.2021197T185919.v2.0_NDVI_cropped.tif
https://data.lpdaac.earthdatacloud.nasa.gov/lp-prod-protected/HLSS30.020/HLS.S30.T10TEL.2021197T185919.v2.0/HLS.S30.T10TEL.2021197T185919.v2.0.B04.tif
https://data.lpdaac.earthdatacloud.nasa.gov/lp-prod-protected/HLSS30.020/HLS.S30.T10TEL.2021197T185919.v2.0/HLS.S30.T10TEL.2021197T185919.v2.0.Fmask.tif
https://data.lpdaac.earthdatacloud.nasa.gov/lp-prod-protected/HLSS30.020/HLS.S30.T10TEL.2021197T185919.v2.0/HLS.S30.T10TEL.2021197T185919.v2.0.B8A.tif
Cropped
NDVI Calculated
Processed file 234 of 335
HLS.L30.T10TFM.2021199T185036.v2.0_NDVI_cropped.tif
https://data.lpdaac.earthdatacloud.nasa.gov/lp-prod-protected/HLSL30.020/HLS.L30.T10TFM.2021199T185036.v2.0/HLS.L30.T10TFM.2021199T185036.v2.0.B05.tif
https://data.lpdaac.earthdatacloud.nasa.gov/lp-prod-protected/HLSL30.020/HLS.L30.T10TFM.2021199T185036.v2.0/HLS.L30.T10TFM.2021199T185036.v2.0.B04.tif
https://data.lpdaac.earthdatacloud.nasa.gov/lp-prod-protected/HLSL30.020/HLS.L30.T10TFM.2021199T185036.v2.0/HLS.L30.T10TFM.2021199T185036.v2.0.Fmask.tif
Cropped
NDVI Calculated
Processed file 235 of 335
HLS.L30.T10TEM.2021199T185036.v2.0_NDVI_cropped.tif
https://data.lpdaac.earthdatacloud.nasa.gov/lp-prod-protected/HLSL30.020/HLS.L30.T10TEM.2021199T185036.v2.0/HLS.L30.T10TEM.2021199T185036.v2.0.B04.tif
https://data.lpdaac.earthdatacloud.nasa.gov/lp-prod-protected/HLSL30.020/HLS.L30.T10TEM.2021199T185036.v2.0/HLS.L30.T10TEM.2021199T185036.v2.0.B05.tif
https://data.lpdaac.earthdatacloud.nasa.gov/lp-prod-protected/HLSL30.020/HLS.L30.T10TEM.2021199T185036.v2.0/HLS.L30.T10TEM.2021199T185036.v2.0.Fmask.tif
Cropped
NDVI Calculated
Processed file 236 of 335
HLS.L30.T10TFL.2021199T185100.v2.0_NDVI_cropped.tif
https://data.lpdaac.earthdatacloud.nasa.gov/lp-prod-protected/HLSL30.020/HLS.L30.T10TFL.2021199T185100.v2.0/HLS.L30.T10TFL.2021199T185100.v2.0.Fmask.tif
https://data.lpdaac.earthdatacloud.nasa.gov/lp-prod-protected/HLSL30.020/HLS.L30.T10TFL.2021199T185100.v2.0/HLS.L30.T10TFL.2021199T185100.v2.0.B04.tif
https://data.lpdaac.earthdatacloud.nasa.gov/lp-prod-protected/HLSL30.020/HLS.L30.T10TFL.2021199T185100.v2.0/HLS.L30.T10TFL.2021199T185100.v2.0.B05.tif
Cropped
NDVI Calculated
Processed file 237 of 335
HLS.L30.T10TEL.2021199T185100.v2.0_NDVI_cropped.tif
https://data.lpdaac.earthdatacloud.nasa.gov/lp-prod-protected/HLSL30.020/HLS.L30.T10TEL.2021199T185100.v2.0/HLS.L30.T10TEL.2021199T185100.v2.0.B04.tif
https://data.lpdaac.earthdatacloud.nasa.gov/lp-prod-protected/HLSL30.020/HLS.L30.T10TEL.2021199T185100.v2.0/HLS.L30.T10TEL.2021199T185100.v2.0.B05.tif
https://data.lpdaac.earthdatacloud.nasa.gov/lp-prod-protected/HLSL30.020/HLS.L30.T10TEL.2021199T185100.v2.0/HLS.L30.T10TEL.2021199T185100.v2.0.Fmask.tif
Cropped
NDVI Calculated
Processed file 238 of 335
HLS.S30.T10TFM.2021199T184921.v2.0_NDVI_cropped.tif
https://data.lpdaac.earthdatacloud.nasa.gov/lp-prod-protected/HLSS30.020/HLS.S30.T10TFM.2021199T184921.v2.0/HLS.S30.T10TFM.2021199T184921.v2.0.Fmask.tif
https://data.lpdaac.earthdatacloud.nasa.gov/lp-prod-protected/HLSS30.020/HLS.S30.T10TFM.2021199T184921.v2.0/HLS.S30.T10TFM.2021199T184921.v2.0.B04.tif
https://data.lpdaac.earthdatacloud.nasa.gov/lp-prod-protected/HLSS30.020/HLS.S30.T10TFM.2021199T184921.v2.0/HLS.S30.T10TFM.2021199T184921.v2.0.B8A.tif
Cropped
NDVI Calculated
Processed file 239 of 335
HLS.S30.T10TEM.2021199T184921.v2.0_NDVI_cropped.tif
https://data.lpdaac.earthdatacloud.nasa.gov/lp-prod-protected/HLSS30.020/HLS.S30.T10TEM.2021199T184921.v2.0/HLS.S30.T10TEM.2021199T184921.v2.0.B04.tif
https://data.lpdaac.earthdatacloud.nasa.gov/lp-prod-protected/HLSS30.020/HLS.S30.T10TEM.2021199T184921.v2.0/HLS.S30.T10TEM.2021199T184921.v2.0.Fmask.tif
https://data.lpdaac.earthdatacloud.nasa.gov/lp-prod-protected/HLSS30.020/HLS.S30.T10TEM.2021199T184921.v2.0/HLS.S30.T10TEM.2021199T184921.v2.0.B8A.tif
Cropped
NDVI Calculated
Processed file 240 of 335
HLS.S30.T10TFL.2021199T184921.v2.0_NDVI_cropped.tif
https://data.lpdaac.earthdatacloud.nasa.gov/lp-prod-protected/HLSS30.020/HLS.S30.T10TFL.2021199T184921.v2.0/HLS.S30.T10TFL.2021199T184921.v2.0.B04.tif
https://data.lpdaac.earthdatacloud.nasa.gov/lp-prod-protected/HLSS30.020/HLS.S30.T10TFL.2021199T184921.v2.0/HLS.S30.T10TFL.2021199T184921.v2.0.Fmask.tif
https://data.lpdaac.earthdatacloud.nasa.gov/lp-prod-protected/HLSS30.020/HLS.S30.T10TFL.2021199T184921.v2.0/HLS.S30.T10TFL.2021199T184921.v2.0.B8A.tif
Cropped
NDVI Calculated
Processed file 241 of 335
HLS.S30.T10TEL.2021199T184921.v2.0_NDVI_cropped.tif
https://data.lpdaac.earthdatacloud.nasa.gov/lp-prod-protected/HLSS30.020/HLS.S30.T10TEL.2021199T184921.v2.0/HLS.S30.T10TEL.2021199T184921.v2.0.Fmask.tif
https://data.lpdaac.earthdatacloud.nasa.gov/lp-prod-protected/HLSS30.020/HLS.S30.T10TEL.2021199T184921.v2.0/HLS.S30.T10TEL.2021199T184921.v2.0.B04.tif
https://data.lpdaac.earthdatacloud.nasa.gov/lp-prod-protected/HLSS30.020/HLS.S30.T10TEL.2021199T184921.v2.0/HLS.S30.T10TEL.2021199T184921.v2.0.B8A.tif
Cropped
NDVI Calculated
Processed file 242 of 335
HLS.S30.T10TFM.2021202T185921.v2.0_NDVI_cropped.tif
https://data.lpdaac.earthdatacloud.nasa.gov/lp-prod-protected/HLSS30.020/HLS.S30.T10TFM.2021202T185921.v2.0/HLS.S30.T10TFM.2021202T185921.v2.0.B8A.tif
https://data.lpdaac.earthdatacloud.nasa.gov/lp-prod-protected/HLSS30.020/HLS.S30.T10TFM.2021202T185921.v2.0/HLS.S30.T10TFM.2021202T185921.v2.0.B04.tif
https://data.lpdaac.earthdatacloud.nasa.gov/lp-prod-protected/HLSS30.020/HLS.S30.T10TFM.2021202T185921.v2.0/HLS.S30.T10TFM.2021202T185921.v2.0.Fmask.tif
Cropped
NDVI Calculated
Processed file 243 of 335
HLS.S30.T10TEM.2021202T185921.v2.0_NDVI_cropped.tif
https://data.lpdaac.earthdatacloud.nasa.gov/lp-prod-protected/HLSS30.020/HLS.S30.T10TEM.2021202T185921.v2.0/HLS.S30.T10TEM.2021202T185921.v2.0.B04.tif
https://data.lpdaac.earthdatacloud.nasa.gov/lp-prod-protected/HLSS30.020/HLS.S30.T10TEM.2021202T185921.v2.0/HLS.S30.T10TEM.2021202T185921.v2.0.B8A.tif
https://data.lpdaac.earthdatacloud.nasa.gov/lp-prod-protected/HLSS30.020/HLS.S30.T10TEM.2021202T185921.v2.0/HLS.S30.T10TEM.2021202T185921.v2.0.Fmask.tif
Cropped
NDVI Calculated
Processed file 244 of 335
HLS.S30.T10TFL.2021202T185921.v2.0_NDVI_cropped.tif
https://data.lpdaac.earthdatacloud.nasa.gov/lp-prod-protected/HLSS30.020/HLS.S30.T10TFL.2021202T185921.v2.0/HLS.S30.T10TFL.2021202T185921.v2.0.B04.tif
https://data.lpdaac.earthdatacloud.nasa.gov/lp-prod-protected/HLSS30.020/HLS.S30.T10TFL.2021202T185921.v2.0/HLS.S30.T10TFL.2021202T185921.v2.0.Fmask.tif
https://data.lpdaac.earthdatacloud.nasa.gov/lp-prod-protected/HLSS30.020/HLS.S30.T10TFL.2021202T185921.v2.0/HLS.S30.T10TFL.2021202T185921.v2.0.B8A.tif
Cropped
NDVI Calculated
Processed file 245 of 335
HLS.S30.T10TEL.2021202T185921.v2.0_NDVI_cropped.tif
https://data.lpdaac.earthdatacloud.nasa.gov/lp-prod-protected/HLSS30.020/HLS.S30.T10TEL.2021202T185921.v2.0/HLS.S30.T10TEL.2021202T185921.v2.0.B04.tif
https://data.lpdaac.earthdatacloud.nasa.gov/lp-prod-protected/HLSS30.020/HLS.S30.T10TEL.2021202T185921.v2.0/HLS.S30.T10TEL.2021202T185921.v2.0.Fmask.tif
https://data.lpdaac.earthdatacloud.nasa.gov/lp-prod-protected/HLSS30.020/HLS.S30.T10TEL.2021202T185921.v2.0/HLS.S30.T10TEL.2021202T185921.v2.0.B8A.tif
Cropped
NDVI Calculated
Processed file 246 of 335
HLS.S30.T10TFM.2021204T184919.v2.0_NDVI_cropped.tif
https://data.lpdaac.earthdatacloud.nasa.gov/lp-prod-protected/HLSS30.020/HLS.S30.T10TFM.2021204T184919.v2.0/HLS.S30.T10TFM.2021204T184919.v2.0.Fmask.tif
https://data.lpdaac.earthdatacloud.nasa.gov/lp-prod-protected/HLSS30.020/HLS.S30.T10TFM.2021204T184919.v2.0/HLS.S30.T10TFM.2021204T184919.v2.0.B8A.tif
https://data.lpdaac.earthdatacloud.nasa.gov/lp-prod-protected/HLSS30.020/HLS.S30.T10TFM.2021204T184919.v2.0/HLS.S30.T10TFM.2021204T184919.v2.0.B04.tif
Cropped
NDVI Calculated
Processed file 247 of 335
HLS.S30.T10TEM.2021204T184919.v2.0_NDVI_cropped.tif
https://data.lpdaac.earthdatacloud.nasa.gov/lp-prod-protected/HLSS30.020/HLS.S30.T10TEM.2021204T184919.v2.0/HLS.S30.T10TEM.2021204T184919.v2.0.B04.tif
https://data.lpdaac.earthdatacloud.nasa.gov/lp-prod-protected/HLSS30.020/HLS.S30.T10TEM.2021204T184919.v2.0/HLS.S30.T10TEM.2021204T184919.v2.0.B8A.tif
https://data.lpdaac.earthdatacloud.nasa.gov/lp-prod-protected/HLSS30.020/HLS.S30.T10TEM.2021204T184919.v2.0/HLS.S30.T10TEM.2021204T184919.v2.0.Fmask.tif
Cropped
NDVI Calculated
Processed file 248 of 335
HLS.S30.T10TFL.2021204T184919.v2.0_NDVI_cropped.tif
https://data.lpdaac.earthdatacloud.nasa.gov/lp-prod-protected/HLSS30.020/HLS.S30.T10TFL.2021204T184919.v2.0/HLS.S30.T10TFL.2021204T184919.v2.0.B8A.tif
https://data.lpdaac.earthdatacloud.nasa.gov/lp-prod-protected/HLSS30.020/HLS.S30.T10TFL.2021204T184919.v2.0/HLS.S30.T10TFL.2021204T184919.v2.0.B04.tif
https://data.lpdaac.earthdatacloud.nasa.gov/lp-prod-protected/HLSS30.020/HLS.S30.T10TFL.2021204T184919.v2.0/HLS.S30.T10TFL.2021204T184919.v2.0.Fmask.tif
Cropped
NDVI Calculated
Processed file 249 of 335
HLS.S30.T10TEL.2021204T184919.v2.0_NDVI_cropped.tif
https://data.lpdaac.earthdatacloud.nasa.gov/lp-prod-protected/HLSS30.020/HLS.S30.T10TEL.2021204T184919.v2.0/HLS.S30.T10TEL.2021204T184919.v2.0.B04.tif
https://data.lpdaac.earthdatacloud.nasa.gov/lp-prod-protected/HLSS30.020/HLS.S30.T10TEL.2021204T184919.v2.0/HLS.S30.T10TEL.2021204T184919.v2.0.Fmask.tif
https://data.lpdaac.earthdatacloud.nasa.gov/lp-prod-protected/HLSS30.020/HLS.S30.T10TEL.2021204T184919.v2.0/HLS.S30.T10TEL.2021204T184919.v2.0.B8A.tif
Cropped
NDVI Calculated
Processed file 250 of 335
HLS.L30.T10TEM.2021206T185651.v2.0_NDVI_cropped.tif
https://data.lpdaac.earthdatacloud.nasa.gov/lp-prod-protected/HLSL30.020/HLS.L30.T10TEM.2021206T185651.v2.0/HLS.L30.T10TEM.2021206T185651.v2.0.B04.tif
https://data.lpdaac.earthdatacloud.nasa.gov/lp-prod-protected/HLSL30.020/HLS.L30.T10TEM.2021206T185651.v2.0/HLS.L30.T10TEM.2021206T185651.v2.0.B05.tif
https://data.lpdaac.earthdatacloud.nasa.gov/lp-prod-protected/HLSL30.020/HLS.L30.T10TEM.2021206T185651.v2.0/HLS.L30.T10TEM.2021206T185651.v2.0.Fmask.tif
Cropped
NDVI Calculated
Processed file 251 of 335
HLS.L30.T10TEL.2021206T185715.v2.0_NDVI_cropped.tif
https://data.lpdaac.earthdatacloud.nasa.gov/lp-prod-protected/HLSL30.020/HLS.L30.T10TEL.2021206T185715.v2.0/HLS.L30.T10TEL.2021206T185715.v2.0.B04.tif
https://data.lpdaac.earthdatacloud.nasa.gov/lp-prod-protected/HLSL30.020/HLS.L30.T10TEL.2021206T185715.v2.0/HLS.L30.T10TEL.2021206T185715.v2.0.B05.tif
https://data.lpdaac.earthdatacloud.nasa.gov/lp-prod-protected/HLSL30.020/HLS.L30.T10TEL.2021206T185715.v2.0/HLS.L30.T10TEL.2021206T185715.v2.0.Fmask.tif
Cropped
NDVI Calculated
Processed file 252 of 335
HLS.S30.T10TFM.2021207T185919.v2.0_NDVI_cropped.tif
https://data.lpdaac.earthdatacloud.nasa.gov/lp-prod-protected/HLSS30.020/HLS.S30.T10TFM.2021207T185919.v2.0/HLS.S30.T10TFM.2021207T185919.v2.0.B8A.tif
https://data.lpdaac.earthdatacloud.nasa.gov/lp-prod-protected/HLSS30.020/HLS.S30.T10TFM.2021207T185919.v2.0/HLS.S30.T10TFM.2021207T185919.v2.0.B04.tif
https://data.lpdaac.earthdatacloud.nasa.gov/lp-prod-protected/HLSS30.020/HLS.S30.T10TFM.2021207T185919.v2.0/HLS.S30.T10TFM.2021207T185919.v2.0.Fmask.tif
Cropped
NDVI Calculated
Processed file 253 of 335
HLS.S30.T10TEM.2021207T185919.v2.0_NDVI_cropped.tif
https://data.lpdaac.earthdatacloud.nasa.gov/lp-prod-protected/HLSS30.020/HLS.S30.T10TEM.2021207T185919.v2.0/HLS.S30.T10TEM.2021207T185919.v2.0.B8A.tif
https://data.lpdaac.earthdatacloud.nasa.gov/lp-prod-protected/HLSS30.020/HLS.S30.T10TEM.2021207T185919.v2.0/HLS.S30.T10TEM.2021207T185919.v2.0.B04.tif
https://data.lpdaac.earthdatacloud.nasa.gov/lp-prod-protected/HLSS30.020/HLS.S30.T10TEM.2021207T185919.v2.0/HLS.S30.T10TEM.2021207T185919.v2.0.Fmask.tif
Cropped
NDVI Calculated
Processed file 254 of 335
HLS.S30.T10TFL.2021207T185919.v2.0_NDVI_cropped.tif
https://data.lpdaac.earthdatacloud.nasa.gov/lp-prod-protected/HLSS30.020/HLS.S30.T10TFL.2021207T185919.v2.0/HLS.S30.T10TFL.2021207T185919.v2.0.B8A.tif
https://data.lpdaac.earthdatacloud.nasa.gov/lp-prod-protected/HLSS30.020/HLS.S30.T10TFL.2021207T185919.v2.0/HLS.S30.T10TFL.2021207T185919.v2.0.B04.tif
https://data.lpdaac.earthdatacloud.nasa.gov/lp-prod-protected/HLSS30.020/HLS.S30.T10TFL.2021207T185919.v2.0/HLS.S30.T10TFL.2021207T185919.v2.0.Fmask.tif
Cropped
NDVI Calculated
Processed file 255 of 335
HLS.S30.T10TEL.2021207T185919.v2.0_NDVI_cropped.tif
https://data.lpdaac.earthdatacloud.nasa.gov/lp-prod-protected/HLSS30.020/HLS.S30.T10TEL.2021207T185919.v2.0/HLS.S30.T10TEL.2021207T185919.v2.0.B8A.tif
https://data.lpdaac.earthdatacloud.nasa.gov/lp-prod-protected/HLSS30.020/HLS.S30.T10TEL.2021207T185919.v2.0/HLS.S30.T10TEL.2021207T185919.v2.0.Fmask.tif
https://data.lpdaac.earthdatacloud.nasa.gov/lp-prod-protected/HLSS30.020/HLS.S30.T10TEL.2021207T185919.v2.0/HLS.S30.T10TEL.2021207T185919.v2.0.B04.tif
Cropped
NDVI Calculated
Processed file 256 of 335
HLS.L30.T10TFM.2021208T184430.v2.0_NDVI_cropped.tif
https://data.lpdaac.earthdatacloud.nasa.gov/lp-prod-protected/HLSL30.020/HLS.L30.T10TFM.2021208T184430.v2.0/HLS.L30.T10TFM.2021208T184430.v2.0.B05.tif
https://data.lpdaac.earthdatacloud.nasa.gov/lp-prod-protected/HLSL30.020/HLS.L30.T10TFM.2021208T184430.v2.0/HLS.L30.T10TFM.2021208T184430.v2.0.Fmask.tif
https://data.lpdaac.earthdatacloud.nasa.gov/lp-prod-protected/HLSL30.020/HLS.L30.T10TFM.2021208T184430.v2.0/HLS.L30.T10TFM.2021208T184430.v2.0.B04.tif
Cropped
NDVI Calculated
File: HLS.L30.T10TFM.2021208T184430.v2.0.B11 was entirely fill values and will not be exported.
HLS.L30.T10TEM.2021208T184454.v2.0_NDVI_cropped.tif
https://data.lpdaac.earthdatacloud.nasa.gov/lp-prod-protected/HLSL30.020/HLS.L30.T10TEM.2021208T184454.v2.0/HLS.L30.T10TEM.2021208T184454.v2.0.B05.tif
https://data.lpdaac.earthdatacloud.nasa.gov/lp-prod-protected/HLSL30.020/HLS.L30.T10TEM.2021208T184454.v2.0/HLS.L30.T10TEM.2021208T184454.v2.0.B04.tif
https://data.lpdaac.earthdatacloud.nasa.gov/lp-prod-protected/HLSL30.020/HLS.L30.T10TEM.2021208T184454.v2.0/HLS.L30.T10TEM.2021208T184454.v2.0.Fmask.tif
Cropped
NDVI Calculated
File: HLS.L30.T10TEM.2021208T184454.v2.0.B11 was entirely fill values and will not be exported.
HLS.L30.T10TEL.2021208T184454.v2.0_NDVI_cropped.tif
https://data.lpdaac.earthdatacloud.nasa.gov/lp-prod-protected/HLSL30.020/HLS.L30.T10TEL.2021208T184454.v2.0/HLS.L30.T10TEL.2021208T184454.v2.0.Fmask.tif
https://data.lpdaac.earthdatacloud.nasa.gov/lp-prod-protected/HLSL30.020/HLS.L30.T10TEL.2021208T184454.v2.0/HLS.L30.T10TEL.2021208T184454.v2.0.B05.tif
https://data.lpdaac.earthdatacloud.nasa.gov/lp-prod-protected/HLSL30.020/HLS.L30.T10TEL.2021208T184454.v2.0/HLS.L30.T10TEL.2021208T184454.v2.0.B04.tif
Cropped
NDVI Calculated
File: HLS.L30.T10TEL.2021208T184454.v2.0.SZA was entirely fill values and will not be exported.
HLS.L30.T10TFM.2021208T184454.v2.0_NDVI_cropped.tif
https://data.lpdaac.earthdatacloud.nasa.gov/lp-prod-protected/HLSL30.020/HLS.L30.T10TFM.2021208T184454.v2.0/HLS.L30.T10TFM.2021208T184454.v2.0.B04.tif
https://data.lpdaac.earthdatacloud.nasa.gov/lp-prod-protected/HLSL30.020/HLS.L30.T10TFM.2021208T184454.v2.0/HLS.L30.T10TFM.2021208T184454.v2.0.Fmask.tif
https://data.lpdaac.earthdatacloud.nasa.gov/lp-prod-protected/HLSL30.020/HLS.L30.T10TFM.2021208T184454.v2.0/HLS.L30.T10TFM.2021208T184454.v2.0.B05.tif
Cropped
NDVI Calculated
File: HLS.L30.T10TFM.2021208T184454.v2.0.B04 was entirely fill values and will not be exported.
HLS.L30.T10TFL.2021208T184454.v2.0_NDVI_cropped.tif
https://data.lpdaac.earthdatacloud.nasa.gov/lp-prod-protected/HLSL30.020/HLS.L30.T10TFL.2021208T184454.v2.0/HLS.L30.T10TFL.2021208T184454.v2.0.Fmask.tif
https://data.lpdaac.earthdatacloud.nasa.gov/lp-prod-protected/HLSL30.020/HLS.L30.T10TFL.2021208T184454.v2.0/HLS.L30.T10TFL.2021208T184454.v2.0.B05.tif
https://data.lpdaac.earthdatacloud.nasa.gov/lp-prod-protected/HLSL30.020/HLS.L30.T10TFL.2021208T184454.v2.0/HLS.L30.T10TFL.2021208T184454.v2.0.B04.tif
Cropped
NDVI Calculated
File: HLS.L30.T10TFL.2021208T184454.v2.0.B06 was entirely fill values and will not be exported.
HLS.S30.T10TFM.2021209T184921.v2.0_NDVI_cropped.tif
https://data.lpdaac.earthdatacloud.nasa.gov/lp-prod-protected/HLSS30.020/HLS.S30.T10TFM.2021209T184921.v2.0/HLS.S30.T10TFM.2021209T184921.v2.0.B04.tif
https://data.lpdaac.earthdatacloud.nasa.gov/lp-prod-protected/HLSS30.020/HLS.S30.T10TFM.2021209T184921.v2.0/HLS.S30.T10TFM.2021209T184921.v2.0.B8A.tif
https://data.lpdaac.earthdatacloud.nasa.gov/lp-prod-protected/HLSS30.020/HLS.S30.T10TFM.2021209T184921.v2.0/HLS.S30.T10TFM.2021209T184921.v2.0.Fmask.tif
Cropped
NDVI Calculated
Processed file 262 of 335
HLS.S30.T10TEM.2021209T184921.v2.0_NDVI_cropped.tif
https://data.lpdaac.earthdatacloud.nasa.gov/lp-prod-protected/HLSS30.020/HLS.S30.T10TEM.2021209T184921.v2.0/HLS.S30.T10TEM.2021209T184921.v2.0.B04.tif
https://data.lpdaac.earthdatacloud.nasa.gov/lp-prod-protected/HLSS30.020/HLS.S30.T10TEM.2021209T184921.v2.0/HLS.S30.T10TEM.2021209T184921.v2.0.Fmask.tif
https://data.lpdaac.earthdatacloud.nasa.gov/lp-prod-protected/HLSS30.020/HLS.S30.T10TEM.2021209T184921.v2.0/HLS.S30.T10TEM.2021209T184921.v2.0.B8A.tif
Cropped
NDVI Calculated
Processed file 263 of 335
HLS.S30.T10TFL.2021209T184921.v2.0_NDVI_cropped.tif
https://data.lpdaac.earthdatacloud.nasa.gov/lp-prod-protected/HLSS30.020/HLS.S30.T10TFL.2021209T184921.v2.0/HLS.S30.T10TFL.2021209T184921.v2.0.B8A.tif
https://data.lpdaac.earthdatacloud.nasa.gov/lp-prod-protected/HLSS30.020/HLS.S30.T10TFL.2021209T184921.v2.0/HLS.S30.T10TFL.2021209T184921.v2.0.Fmask.tif
https://data.lpdaac.earthdatacloud.nasa.gov/lp-prod-protected/HLSS30.020/HLS.S30.T10TFL.2021209T184921.v2.0/HLS.S30.T10TFL.2021209T184921.v2.0.B04.tif
Cropped
NDVI Calculated
Processed file 264 of 335
HLS.S30.T10TEL.2021209T184921.v2.0_NDVI_cropped.tif
https://data.lpdaac.earthdatacloud.nasa.gov/lp-prod-protected/HLSS30.020/HLS.S30.T10TEL.2021209T184921.v2.0/HLS.S30.T10TEL.2021209T184921.v2.0.B8A.tif
https://data.lpdaac.earthdatacloud.nasa.gov/lp-prod-protected/HLSS30.020/HLS.S30.T10TEL.2021209T184921.v2.0/HLS.S30.T10TEL.2021209T184921.v2.0.Fmask.tif
https://data.lpdaac.earthdatacloud.nasa.gov/lp-prod-protected/HLSS30.020/HLS.S30.T10TEL.2021209T184921.v2.0/HLS.S30.T10TEL.2021209T184921.v2.0.B04.tif
Cropped
NDVI Calculated
Processed file 265 of 335
HLS.S30.T10TEM.2021212T185921.v2.0_NDVI_cropped.tif
https://data.lpdaac.earthdatacloud.nasa.gov/lp-prod-protected/HLSS30.020/HLS.S30.T10TEM.2021212T185921.v2.0/HLS.S30.T10TEM.2021212T185921.v2.0.Fmask.tif
https://data.lpdaac.earthdatacloud.nasa.gov/lp-prod-protected/HLSS30.020/HLS.S30.T10TEM.2021212T185921.v2.0/HLS.S30.T10TEM.2021212T185921.v2.0.B8A.tif
https://data.lpdaac.earthdatacloud.nasa.gov/lp-prod-protected/HLSS30.020/HLS.S30.T10TEM.2021212T185921.v2.0/HLS.S30.T10TEM.2021212T185921.v2.0.B04.tif
Cropped
NDVI Calculated
Processed file 266 of 335
HLS.S30.T10TFL.2021212T185921.v2.0_NDVI_cropped.tif
https://data.lpdaac.earthdatacloud.nasa.gov/lp-prod-protected/HLSS30.020/HLS.S30.T10TFL.2021212T185921.v2.0/HLS.S30.T10TFL.2021212T185921.v2.0.B8A.tif
https://data.lpdaac.earthdatacloud.nasa.gov/lp-prod-protected/HLSS30.020/HLS.S30.T10TFL.2021212T185921.v2.0/HLS.S30.T10TFL.2021212T185921.v2.0.B04.tif
https://data.lpdaac.earthdatacloud.nasa.gov/lp-prod-protected/HLSS30.020/HLS.S30.T10TFL.2021212T185921.v2.0/HLS.S30.T10TFL.2021212T185921.v2.0.Fmask.tif
Cropped
NDVI Calculated
File: HLS.S30.T10TFL.2021212T185921.v2.0.B06 was entirely fill values and will not be exported.
HLS.S30.T10TEL.2021212T185921.v2.0_NDVI_cropped.tif
https://data.lpdaac.earthdatacloud.nasa.gov/lp-prod-protected/HLSS30.020/HLS.S30.T10TEL.2021212T185921.v2.0/HLS.S30.T10TEL.2021212T185921.v2.0.B04.tif
https://data.lpdaac.earthdatacloud.nasa.gov/lp-prod-protected/HLSS30.020/HLS.S30.T10TEL.2021212T185921.v2.0/HLS.S30.T10TEL.2021212T185921.v2.0.Fmask.tif
https://data.lpdaac.earthdatacloud.nasa.gov/lp-prod-protected/HLSS30.020/HLS.S30.T10TEL.2021212T185921.v2.0/HLS.S30.T10TEL.2021212T185921.v2.0.B8A.tif
Cropped
NDVI Calculated
Processed file 268 of 335
HLS.S30.T10TFM.2021214T184919.v2.0_NDVI_cropped.tif
https://data.lpdaac.earthdatacloud.nasa.gov/lp-prod-protected/HLSS30.020/HLS.S30.T10TFM.2021214T184919.v2.0/HLS.S30.T10TFM.2021214T184919.v2.0.B8A.tif
https://data.lpdaac.earthdatacloud.nasa.gov/lp-prod-protected/HLSS30.020/HLS.S30.T10TFM.2021214T184919.v2.0/HLS.S30.T10TFM.2021214T184919.v2.0.B04.tif
https://data.lpdaac.earthdatacloud.nasa.gov/lp-prod-protected/HLSS30.020/HLS.S30.T10TFM.2021214T184919.v2.0/HLS.S30.T10TFM.2021214T184919.v2.0.Fmask.tif
Cropped
NDVI Calculated
Processed file 269 of 335
HLS.S30.T10TEM.2021214T184919.v2.0_NDVI_cropped.tif
https://data.lpdaac.earthdatacloud.nasa.gov/lp-prod-protected/HLSS30.020/HLS.S30.T10TEM.2021214T184919.v2.0/HLS.S30.T10TEM.2021214T184919.v2.0.Fmask.tif
https://data.lpdaac.earthdatacloud.nasa.gov/lp-prod-protected/HLSS30.020/HLS.S30.T10TEM.2021214T184919.v2.0/HLS.S30.T10TEM.2021214T184919.v2.0.B04.tif
https://data.lpdaac.earthdatacloud.nasa.gov/lp-prod-protected/HLSS30.020/HLS.S30.T10TEM.2021214T184919.v2.0/HLS.S30.T10TEM.2021214T184919.v2.0.B8A.tif
Cropped
NDVI Calculated
Processed file 270 of 335
HLS.S30.T10TFL.2021214T184919.v2.0_NDVI_cropped.tif
https://data.lpdaac.earthdatacloud.nasa.gov/lp-prod-protected/HLSS30.020/HLS.S30.T10TFL.2021214T184919.v2.0/HLS.S30.T10TFL.2021214T184919.v2.0.B8A.tif
https://data.lpdaac.earthdatacloud.nasa.gov/lp-prod-protected/HLSS30.020/HLS.S30.T10TFL.2021214T184919.v2.0/HLS.S30.T10TFL.2021214T184919.v2.0.B04.tif
https://data.lpdaac.earthdatacloud.nasa.gov/lp-prod-protected/HLSS30.020/HLS.S30.T10TFL.2021214T184919.v2.0/HLS.S30.T10TFL.2021214T184919.v2.0.Fmask.tif
Cropped
NDVI Calculated
Processed file 271 of 335
HLS.S30.T10TEL.2021214T184919.v2.0_NDVI_cropped.tif
https://data.lpdaac.earthdatacloud.nasa.gov/lp-prod-protected/HLSS30.020/HLS.S30.T10TEL.2021214T184919.v2.0/HLS.S30.T10TEL.2021214T184919.v2.0.B8A.tif
https://data.lpdaac.earthdatacloud.nasa.gov/lp-prod-protected/HLSS30.020/HLS.S30.T10TEL.2021214T184919.v2.0/HLS.S30.T10TEL.2021214T184919.v2.0.Fmask.tif
https://data.lpdaac.earthdatacloud.nasa.gov/lp-prod-protected/HLSS30.020/HLS.S30.T10TEL.2021214T184919.v2.0/HLS.S30.T10TEL.2021214T184919.v2.0.B04.tif
Cropped
NDVI Calculated
Processed file 272 of 335
HLS.L30.T10TFM.2021215T185044.v2.0_NDVI_cropped.tif
https://data.lpdaac.earthdatacloud.nasa.gov/lp-prod-protected/HLSL30.020/HLS.L30.T10TFM.2021215T185044.v2.0/HLS.L30.T10TFM.2021215T185044.v2.0.B04.tif
https://data.lpdaac.earthdatacloud.nasa.gov/lp-prod-protected/HLSL30.020/HLS.L30.T10TFM.2021215T185044.v2.0/HLS.L30.T10TFM.2021215T185044.v2.0.Fmask.tif
https://data.lpdaac.earthdatacloud.nasa.gov/lp-prod-protected/HLSL30.020/HLS.L30.T10TFM.2021215T185044.v2.0/HLS.L30.T10TFM.2021215T185044.v2.0.B05.tif
Cropped
NDVI Calculated
Processed file 273 of 335
HLS.L30.T10TEM.2021215T185044.v2.0_NDVI_cropped.tif
https://data.lpdaac.earthdatacloud.nasa.gov/lp-prod-protected/HLSL30.020/HLS.L30.T10TEM.2021215T185044.v2.0/HLS.L30.T10TEM.2021215T185044.v2.0.Fmask.tif
https://data.lpdaac.earthdatacloud.nasa.gov/lp-prod-protected/HLSL30.020/HLS.L30.T10TEM.2021215T185044.v2.0/HLS.L30.T10TEM.2021215T185044.v2.0.B04.tif
https://data.lpdaac.earthdatacloud.nasa.gov/lp-prod-protected/HLSL30.020/HLS.L30.T10TEM.2021215T185044.v2.0/HLS.L30.T10TEM.2021215T185044.v2.0.B05.tif
Cropped
NDVI Calculated
Processed file 274 of 335
HLS.L30.T10TFL.2021215T185108.v2.0_NDVI_cropped.tif
https://data.lpdaac.earthdatacloud.nasa.gov/lp-prod-protected/HLSL30.020/HLS.L30.T10TFL.2021215T185108.v2.0/HLS.L30.T10TFL.2021215T185108.v2.0.B04.tif
https://data.lpdaac.earthdatacloud.nasa.gov/lp-prod-protected/HLSL30.020/HLS.L30.T10TFL.2021215T185108.v2.0/HLS.L30.T10TFL.2021215T185108.v2.0.Fmask.tif
https://data.lpdaac.earthdatacloud.nasa.gov/lp-prod-protected/HLSL30.020/HLS.L30.T10TFL.2021215T185108.v2.0/HLS.L30.T10TFL.2021215T185108.v2.0.B05.tif
Cropped
NDVI Calculated
Processed file 275 of 335
HLS.L30.T10TEL.2021215T185108.v2.0_NDVI_cropped.tif
https://data.lpdaac.earthdatacloud.nasa.gov/lp-prod-protected/HLSL30.020/HLS.L30.T10TEL.2021215T185108.v2.0/HLS.L30.T10TEL.2021215T185108.v2.0.B05.tif
https://data.lpdaac.earthdatacloud.nasa.gov/lp-prod-protected/HLSL30.020/HLS.L30.T10TEL.2021215T185108.v2.0/HLS.L30.T10TEL.2021215T185108.v2.0.B04.tif
https://data.lpdaac.earthdatacloud.nasa.gov/lp-prod-protected/HLSL30.020/HLS.L30.T10TEL.2021215T185108.v2.0/HLS.L30.T10TEL.2021215T185108.v2.0.Fmask.tif
Cropped
NDVI Calculated
Processed file 276 of 335
HLS.S30.T10TFM.2021217T185919.v2.0_NDVI_cropped.tif
https://data.lpdaac.earthdatacloud.nasa.gov/lp-prod-protected/HLSS30.020/HLS.S30.T10TFM.2021217T185919.v2.0/HLS.S30.T10TFM.2021217T185919.v2.0.Fmask.tif
https://data.lpdaac.earthdatacloud.nasa.gov/lp-prod-protected/HLSS30.020/HLS.S30.T10TFM.2021217T185919.v2.0/HLS.S30.T10TFM.2021217T185919.v2.0.B8A.tif
https://data.lpdaac.earthdatacloud.nasa.gov/lp-prod-protected/HLSS30.020/HLS.S30.T10TFM.2021217T185919.v2.0/HLS.S30.T10TFM.2021217T185919.v2.0.B04.tif
Cropped
NDVI Calculated
Processed file 277 of 335
HLS.S30.T10TEM.2021217T185919.v2.0_NDVI_cropped.tif
https://data.lpdaac.earthdatacloud.nasa.gov/lp-prod-protected/HLSS30.020/HLS.S30.T10TEM.2021217T185919.v2.0/HLS.S30.T10TEM.2021217T185919.v2.0.Fmask.tif
https://data.lpdaac.earthdatacloud.nasa.gov/lp-prod-protected/HLSS30.020/HLS.S30.T10TEM.2021217T185919.v2.0/HLS.S30.T10TEM.2021217T185919.v2.0.B04.tif
https://data.lpdaac.earthdatacloud.nasa.gov/lp-prod-protected/HLSS30.020/HLS.S30.T10TEM.2021217T185919.v2.0/HLS.S30.T10TEM.2021217T185919.v2.0.B8A.tif
Cropped
NDVI Calculated
Processed file 278 of 335
HLS.S30.T10TFL.2021217T185919.v2.0_NDVI_cropped.tif
https://data.lpdaac.earthdatacloud.nasa.gov/lp-prod-protected/HLSS30.020/HLS.S30.T10TFL.2021217T185919.v2.0/HLS.S30.T10TFL.2021217T185919.v2.0.B04.tif
https://data.lpdaac.earthdatacloud.nasa.gov/lp-prod-protected/HLSS30.020/HLS.S30.T10TFL.2021217T185919.v2.0/HLS.S30.T10TFL.2021217T185919.v2.0.Fmask.tif
https://data.lpdaac.earthdatacloud.nasa.gov/lp-prod-protected/HLSS30.020/HLS.S30.T10TFL.2021217T185919.v2.0/HLS.S30.T10TFL.2021217T185919.v2.0.B8A.tif
Cropped
NDVI Calculated
Processed file 279 of 335
HLS.S30.T10TEL.2021217T185919.v2.0_NDVI_cropped.tif
https://data.lpdaac.earthdatacloud.nasa.gov/lp-prod-protected/HLSS30.020/HLS.S30.T10TEL.2021217T185919.v2.0/HLS.S30.T10TEL.2021217T185919.v2.0.B04.tif
https://data.lpdaac.earthdatacloud.nasa.gov/lp-prod-protected/HLSS30.020/HLS.S30.T10TEL.2021217T185919.v2.0/HLS.S30.T10TEL.2021217T185919.v2.0.B8A.tif
https://data.lpdaac.earthdatacloud.nasa.gov/lp-prod-protected/HLSS30.020/HLS.S30.T10TEL.2021217T185919.v2.0/HLS.S30.T10TEL.2021217T185919.v2.0.Fmask.tif
Cropped
NDVI Calculated
Processed file 280 of 335
HLS.S30.T10TFM.2021219T184921.v2.0_NDVI_cropped.tif
https://data.lpdaac.earthdatacloud.nasa.gov/lp-prod-protected/HLSS30.020/HLS.S30.T10TFM.2021219T184921.v2.0/HLS.S30.T10TFM.2021219T184921.v2.0.B04.tif
https://data.lpdaac.earthdatacloud.nasa.gov/lp-prod-protected/HLSS30.020/HLS.S30.T10TFM.2021219T184921.v2.0/HLS.S30.T10TFM.2021219T184921.v2.0.Fmask.tif
https://data.lpdaac.earthdatacloud.nasa.gov/lp-prod-protected/HLSS30.020/HLS.S30.T10TFM.2021219T184921.v2.0/HLS.S30.T10TFM.2021219T184921.v2.0.B8A.tif
Cropped
NDVI Calculated
Processed file 281 of 335
HLS.S30.T10TEM.2021219T184921.v2.0_NDVI_cropped.tif
https://data.lpdaac.earthdatacloud.nasa.gov/lp-prod-protected/HLSS30.020/HLS.S30.T10TEM.2021219T184921.v2.0/HLS.S30.T10TEM.2021219T184921.v2.0.B8A.tif
https://data.lpdaac.earthdatacloud.nasa.gov/lp-prod-protected/HLSS30.020/HLS.S30.T10TEM.2021219T184921.v2.0/HLS.S30.T10TEM.2021219T184921.v2.0.B04.tif
https://data.lpdaac.earthdatacloud.nasa.gov/lp-prod-protected/HLSS30.020/HLS.S30.T10TEM.2021219T184921.v2.0/HLS.S30.T10TEM.2021219T184921.v2.0.Fmask.tif
Cropped
NDVI Calculated
Processed file 282 of 335
HLS.S30.T10TFL.2021219T184921.v2.0_NDVI_cropped.tif
https://data.lpdaac.earthdatacloud.nasa.gov/lp-prod-protected/HLSS30.020/HLS.S30.T10TFL.2021219T184921.v2.0/HLS.S30.T10TFL.2021219T184921.v2.0.B04.tif
https://data.lpdaac.earthdatacloud.nasa.gov/lp-prod-protected/HLSS30.020/HLS.S30.T10TFL.2021219T184921.v2.0/HLS.S30.T10TFL.2021219T184921.v2.0.Fmask.tif
https://data.lpdaac.earthdatacloud.nasa.gov/lp-prod-protected/HLSS30.020/HLS.S30.T10TFL.2021219T184921.v2.0/HLS.S30.T10TFL.2021219T184921.v2.0.B8A.tif
Cropped
NDVI Calculated
Processed file 283 of 335
HLS.S30.T10TEL.2021219T184921.v2.0_NDVI_cropped.tif
https://data.lpdaac.earthdatacloud.nasa.gov/lp-prod-protected/HLSS30.020/HLS.S30.T10TEL.2021219T184921.v2.0/HLS.S30.T10TEL.2021219T184921.v2.0.B04.tif
https://data.lpdaac.earthdatacloud.nasa.gov/lp-prod-protected/HLSS30.020/HLS.S30.T10TEL.2021219T184921.v2.0/HLS.S30.T10TEL.2021219T184921.v2.0.Fmask.tif
https://data.lpdaac.earthdatacloud.nasa.gov/lp-prod-protected/HLSS30.020/HLS.S30.T10TEL.2021219T184921.v2.0/HLS.S30.T10TEL.2021219T184921.v2.0.B8A.tif
Cropped
NDVI Calculated
Processed file 284 of 335
HLS.L30.T10TEM.2021222T185658.v2.0_NDVI_cropped.tif
https://data.lpdaac.earthdatacloud.nasa.gov/lp-prod-protected/HLSL30.020/HLS.L30.T10TEM.2021222T185658.v2.0/HLS.L30.T10TEM.2021222T185658.v2.0.Fmask.tif
https://data.lpdaac.earthdatacloud.nasa.gov/lp-prod-protected/HLSL30.020/HLS.L30.T10TEM.2021222T185658.v2.0/HLS.L30.T10TEM.2021222T185658.v2.0.B04.tif
https://data.lpdaac.earthdatacloud.nasa.gov/lp-prod-protected/HLSL30.020/HLS.L30.T10TEM.2021222T185658.v2.0/HLS.L30.T10TEM.2021222T185658.v2.0.B05.tif
Cropped
NDVI Calculated
Processed file 285 of 335
HLS.L30.T10TEL.2021222T185721.v2.0_NDVI_cropped.tif
https://data.lpdaac.earthdatacloud.nasa.gov/lp-prod-protected/HLSL30.020/HLS.L30.T10TEL.2021222T185721.v2.0/HLS.L30.T10TEL.2021222T185721.v2.0.Fmask.tif
https://data.lpdaac.earthdatacloud.nasa.gov/lp-prod-protected/HLSL30.020/HLS.L30.T10TEL.2021222T185721.v2.0/HLS.L30.T10TEL.2021222T185721.v2.0.B04.tif
https://data.lpdaac.earthdatacloud.nasa.gov/lp-prod-protected/HLSL30.020/HLS.L30.T10TEL.2021222T185721.v2.0/HLS.L30.T10TEL.2021222T185721.v2.0.B05.tif
Cropped
NDVI Calculated
Processed file 286 of 335
HLS.S30.T10TFM.2021222T185921.v2.0_NDVI_cropped.tif
https://data.lpdaac.earthdatacloud.nasa.gov/lp-prod-protected/HLSS30.020/HLS.S30.T10TFM.2021222T185921.v2.0/HLS.S30.T10TFM.2021222T185921.v2.0.B8A.tif
https://data.lpdaac.earthdatacloud.nasa.gov/lp-prod-protected/HLSS30.020/HLS.S30.T10TFM.2021222T185921.v2.0/HLS.S30.T10TFM.2021222T185921.v2.0.B04.tif
https://data.lpdaac.earthdatacloud.nasa.gov/lp-prod-protected/HLSS30.020/HLS.S30.T10TFM.2021222T185921.v2.0/HLS.S30.T10TFM.2021222T185921.v2.0.Fmask.tif
Cropped
NDVI Calculated
Processed file 287 of 335
HLS.S30.T10TEM.2021222T185921.v2.0_NDVI_cropped.tif
https://data.lpdaac.earthdatacloud.nasa.gov/lp-prod-protected/HLSS30.020/HLS.S30.T10TEM.2021222T185921.v2.0/HLS.S30.T10TEM.2021222T185921.v2.0.Fmask.tif
https://data.lpdaac.earthdatacloud.nasa.gov/lp-prod-protected/HLSS30.020/HLS.S30.T10TEM.2021222T185921.v2.0/HLS.S30.T10TEM.2021222T185921.v2.0.B04.tif
https://data.lpdaac.earthdatacloud.nasa.gov/lp-prod-protected/HLSS30.020/HLS.S30.T10TEM.2021222T185921.v2.0/HLS.S30.T10TEM.2021222T185921.v2.0.B8A.tif
Cropped
NDVI Calculated
Processed file 288 of 335
HLS.S30.T10TFL.2021222T185921.v2.0_NDVI_cropped.tif
https://data.lpdaac.earthdatacloud.nasa.gov/lp-prod-protected/HLSS30.020/HLS.S30.T10TFL.2021222T185921.v2.0/HLS.S30.T10TFL.2021222T185921.v2.0.B04.tif
https://data.lpdaac.earthdatacloud.nasa.gov/lp-prod-protected/HLSS30.020/HLS.S30.T10TFL.2021222T185921.v2.0/HLS.S30.T10TFL.2021222T185921.v2.0.Fmask.tif
https://data.lpdaac.earthdatacloud.nasa.gov/lp-prod-protected/HLSS30.020/HLS.S30.T10TFL.2021222T185921.v2.0/HLS.S30.T10TFL.2021222T185921.v2.0.B8A.tif
Cropped
NDVI Calculated
Processed file 289 of 335
HLS.S30.T10TEL.2021222T185921.v2.0_NDVI_cropped.tif
https://data.lpdaac.earthdatacloud.nasa.gov/lp-prod-protected/HLSS30.020/HLS.S30.T10TEL.2021222T185921.v2.0/HLS.S30.T10TEL.2021222T185921.v2.0.Fmask.tif
https://data.lpdaac.earthdatacloud.nasa.gov/lp-prod-protected/HLSS30.020/HLS.S30.T10TEL.2021222T185921.v2.0/HLS.S30.T10TEL.2021222T185921.v2.0.B04.tif
https://data.lpdaac.earthdatacloud.nasa.gov/lp-prod-protected/HLSS30.020/HLS.S30.T10TEL.2021222T185921.v2.0/HLS.S30.T10TEL.2021222T185921.v2.0.B8A.tif
Cropped
NDVI Calculated
Processed file 290 of 335
HLS.L30.T10TFM.2021224T184501.v2.0_NDVI_cropped.tif
https://data.lpdaac.earthdatacloud.nasa.gov/lp-prod-protected/HLSL30.020/HLS.L30.T10TFM.2021224T184501.v2.0/HLS.L30.T10TFM.2021224T184501.v2.0.Fmask.tif
https://data.lpdaac.earthdatacloud.nasa.gov/lp-prod-protected/HLSL30.020/HLS.L30.T10TFM.2021224T184501.v2.0/HLS.L30.T10TFM.2021224T184501.v2.0.B05.tif
https://data.lpdaac.earthdatacloud.nasa.gov/lp-prod-protected/HLSL30.020/HLS.L30.T10TFM.2021224T184501.v2.0/HLS.L30.T10TFM.2021224T184501.v2.0.B04.tif
Cropped
NDVI Calculated
Processed file 291 of 335
HLS.L30.T10TEL.2021224T184501.v2.0_NDVI_cropped.tif
https://data.lpdaac.earthdatacloud.nasa.gov/lp-prod-protected/HLSL30.020/HLS.L30.T10TEL.2021224T184501.v2.0/HLS.L30.T10TEL.2021224T184501.v2.0.B05.tif
https://data.lpdaac.earthdatacloud.nasa.gov/lp-prod-protected/HLSL30.020/HLS.L30.T10TEL.2021224T184501.v2.0/HLS.L30.T10TEL.2021224T184501.v2.0.Fmask.tif
https://data.lpdaac.earthdatacloud.nasa.gov/lp-prod-protected/HLSL30.020/HLS.L30.T10TEL.2021224T184501.v2.0/HLS.L30.T10TEL.2021224T184501.v2.0.B04.tif
Cropped
NDVI Calculated
Processed file 292 of 335
HLS.L30.T10TEM.2021224T184501.v2.0_NDVI_cropped.tif
https://data.lpdaac.earthdatacloud.nasa.gov/lp-prod-protected/HLSL30.020/HLS.L30.T10TEM.2021224T184501.v2.0/HLS.L30.T10TEM.2021224T184501.v2.0.B05.tif
https://data.lpdaac.earthdatacloud.nasa.gov/lp-prod-protected/HLSL30.020/HLS.L30.T10TEM.2021224T184501.v2.0/HLS.L30.T10TEM.2021224T184501.v2.0.Fmask.tif
https://data.lpdaac.earthdatacloud.nasa.gov/lp-prod-protected/HLSL30.020/HLS.L30.T10TEM.2021224T184501.v2.0/HLS.L30.T10TEM.2021224T184501.v2.0.B04.tif
Cropped
NDVI Calculated
Processed file 293 of 335
HLS.L30.T10TFL.2021224T184501.v2.0_NDVI_cropped.tif
https://data.lpdaac.earthdatacloud.nasa.gov/lp-prod-protected/HLSL30.020/HLS.L30.T10TFL.2021224T184501.v2.0/HLS.L30.T10TFL.2021224T184501.v2.0.B04.tif
https://data.lpdaac.earthdatacloud.nasa.gov/lp-prod-protected/HLSL30.020/HLS.L30.T10TFL.2021224T184501.v2.0/HLS.L30.T10TFL.2021224T184501.v2.0.Fmask.tif
https://data.lpdaac.earthdatacloud.nasa.gov/lp-prod-protected/HLSL30.020/HLS.L30.T10TFL.2021224T184501.v2.0/HLS.L30.T10TFL.2021224T184501.v2.0.B05.tif
Cropped
NDVI Calculated
Processed file 294 of 335
HLS.S30.T10TFM.2021224T184919.v2.0_NDVI_cropped.tif
https://data.lpdaac.earthdatacloud.nasa.gov/lp-prod-protected/HLSS30.020/HLS.S30.T10TFM.2021224T184919.v2.0/HLS.S30.T10TFM.2021224T184919.v2.0.B8A.tif
https://data.lpdaac.earthdatacloud.nasa.gov/lp-prod-protected/HLSS30.020/HLS.S30.T10TFM.2021224T184919.v2.0/HLS.S30.T10TFM.2021224T184919.v2.0.Fmask.tif
https://data.lpdaac.earthdatacloud.nasa.gov/lp-prod-protected/HLSS30.020/HLS.S30.T10TFM.2021224T184919.v2.0/HLS.S30.T10TFM.2021224T184919.v2.0.B04.tif
Cropped
NDVI Calculated
Processed file 295 of 335
HLS.S30.T10TEM.2021224T184919.v2.0_NDVI_cropped.tif
https://data.lpdaac.earthdatacloud.nasa.gov/lp-prod-protected/HLSS30.020/HLS.S30.T10TEM.2021224T184919.v2.0/HLS.S30.T10TEM.2021224T184919.v2.0.B04.tif
https://data.lpdaac.earthdatacloud.nasa.gov/lp-prod-protected/HLSS30.020/HLS.S30.T10TEM.2021224T184919.v2.0/HLS.S30.T10TEM.2021224T184919.v2.0.Fmask.tif
https://data.lpdaac.earthdatacloud.nasa.gov/lp-prod-protected/HLSS30.020/HLS.S30.T10TEM.2021224T184919.v2.0/HLS.S30.T10TEM.2021224T184919.v2.0.B8A.tif
Cropped
NDVI Calculated
Processed file 296 of 335
HLS.S30.T10TFL.2021224T184919.v2.0_NDVI_cropped.tif
https://data.lpdaac.earthdatacloud.nasa.gov/lp-prod-protected/HLSS30.020/HLS.S30.T10TFL.2021224T184919.v2.0/HLS.S30.T10TFL.2021224T184919.v2.0.Fmask.tif
https://data.lpdaac.earthdatacloud.nasa.gov/lp-prod-protected/HLSS30.020/HLS.S30.T10TFL.2021224T184919.v2.0/HLS.S30.T10TFL.2021224T184919.v2.0.B8A.tif
https://data.lpdaac.earthdatacloud.nasa.gov/lp-prod-protected/HLSS30.020/HLS.S30.T10TFL.2021224T184919.v2.0/HLS.S30.T10TFL.2021224T184919.v2.0.B04.tif
Cropped
NDVI Calculated
Processed file 297 of 335
HLS.S30.T10TEL.2021224T184919.v2.0_NDVI_cropped.tif
https://data.lpdaac.earthdatacloud.nasa.gov/lp-prod-protected/HLSS30.020/HLS.S30.T10TEL.2021224T184919.v2.0/HLS.S30.T10TEL.2021224T184919.v2.0.Fmask.tif
https://data.lpdaac.earthdatacloud.nasa.gov/lp-prod-protected/HLSS30.020/HLS.S30.T10TEL.2021224T184919.v2.0/HLS.S30.T10TEL.2021224T184919.v2.0.B04.tif
https://data.lpdaac.earthdatacloud.nasa.gov/lp-prod-protected/HLSS30.020/HLS.S30.T10TEL.2021224T184919.v2.0/HLS.S30.T10TEL.2021224T184919.v2.0.B8A.tif
Cropped
NDVI Calculated
Processed file 298 of 335
HLS.S30.T10TFM.2021227T185919.v2.0_NDVI_cropped.tif
https://data.lpdaac.earthdatacloud.nasa.gov/lp-prod-protected/HLSS30.020/HLS.S30.T10TFM.2021227T185919.v2.0/HLS.S30.T10TFM.2021227T185919.v2.0.B04.tif
https://data.lpdaac.earthdatacloud.nasa.gov/lp-prod-protected/HLSS30.020/HLS.S30.T10TFM.2021227T185919.v2.0/HLS.S30.T10TFM.2021227T185919.v2.0.B8A.tif
https://data.lpdaac.earthdatacloud.nasa.gov/lp-prod-protected/HLSS30.020/HLS.S30.T10TFM.2021227T185919.v2.0/HLS.S30.T10TFM.2021227T185919.v2.0.Fmask.tif
Cropped
NDVI Calculated
Processed file 299 of 335
HLS.S30.T10TEM.2021227T185919.v2.0_NDVI_cropped.tif
https://data.lpdaac.earthdatacloud.nasa.gov/lp-prod-protected/HLSS30.020/HLS.S30.T10TEM.2021227T185919.v2.0/HLS.S30.T10TEM.2021227T185919.v2.0.B04.tif
https://data.lpdaac.earthdatacloud.nasa.gov/lp-prod-protected/HLSS30.020/HLS.S30.T10TEM.2021227T185919.v2.0/HLS.S30.T10TEM.2021227T185919.v2.0.B8A.tif
https://data.lpdaac.earthdatacloud.nasa.gov/lp-prod-protected/HLSS30.020/HLS.S30.T10TEM.2021227T185919.v2.0/HLS.S30.T10TEM.2021227T185919.v2.0.Fmask.tif
Cropped
NDVI Calculated
Processed file 300 of 335
HLS.S30.T10TFL.2021227T185919.v2.0_NDVI_cropped.tif
https://data.lpdaac.earthdatacloud.nasa.gov/lp-prod-protected/HLSS30.020/HLS.S30.T10TFL.2021227T185919.v2.0/HLS.S30.T10TFL.2021227T185919.v2.0.B04.tif
https://data.lpdaac.earthdatacloud.nasa.gov/lp-prod-protected/HLSS30.020/HLS.S30.T10TFL.2021227T185919.v2.0/HLS.S30.T10TFL.2021227T185919.v2.0.Fmask.tif
https://data.lpdaac.earthdatacloud.nasa.gov/lp-prod-protected/HLSS30.020/HLS.S30.T10TFL.2021227T185919.v2.0/HLS.S30.T10TFL.2021227T185919.v2.0.B8A.tif
Cropped
NDVI Calculated
File: HLS.S30.T10TFL.2021227T185919.v2.0.B04 was entirely fill values and will not be exported.
HLS.S30.T10TEL.2021227T185919.v2.0_NDVI_cropped.tif
https://data.lpdaac.earthdatacloud.nasa.gov/lp-prod-protected/HLSS30.020/HLS.S30.T10TEL.2021227T185919.v2.0/HLS.S30.T10TEL.2021227T185919.v2.0.Fmask.tif
https://data.lpdaac.earthdatacloud.nasa.gov/lp-prod-protected/HLSS30.020/HLS.S30.T10TEL.2021227T185919.v2.0/HLS.S30.T10TEL.2021227T185919.v2.0.B8A.tif
https://data.lpdaac.earthdatacloud.nasa.gov/lp-prod-protected/HLSS30.020/HLS.S30.T10TEL.2021227T185919.v2.0/HLS.S30.T10TEL.2021227T185919.v2.0.B04.tif
Cropped
NDVI Calculated
Processed file 302 of 335
HLS.S30.T10TFM.2021229T184921.v2.0_NDVI_cropped.tif
https://data.lpdaac.earthdatacloud.nasa.gov/lp-prod-protected/HLSS30.020/HLS.S30.T10TFM.2021229T184921.v2.0/HLS.S30.T10TFM.2021229T184921.v2.0.B04.tif
https://data.lpdaac.earthdatacloud.nasa.gov/lp-prod-protected/HLSS30.020/HLS.S30.T10TFM.2021229T184921.v2.0/HLS.S30.T10TFM.2021229T184921.v2.0.B8A.tif
https://data.lpdaac.earthdatacloud.nasa.gov/lp-prod-protected/HLSS30.020/HLS.S30.T10TFM.2021229T184921.v2.0/HLS.S30.T10TFM.2021229T184921.v2.0.Fmask.tif
Cropped
NDVI Calculated
Processed file 303 of 335
HLS.S30.T10TEM.2021229T184921.v2.0_NDVI_cropped.tif
https://data.lpdaac.earthdatacloud.nasa.gov/lp-prod-protected/HLSS30.020/HLS.S30.T10TEM.2021229T184921.v2.0/HLS.S30.T10TEM.2021229T184921.v2.0.B8A.tif
https://data.lpdaac.earthdatacloud.nasa.gov/lp-prod-protected/HLSS30.020/HLS.S30.T10TEM.2021229T184921.v2.0/HLS.S30.T10TEM.2021229T184921.v2.0.B04.tif
https://data.lpdaac.earthdatacloud.nasa.gov/lp-prod-protected/HLSS30.020/HLS.S30.T10TEM.2021229T184921.v2.0/HLS.S30.T10TEM.2021229T184921.v2.0.Fmask.tif
Cropped
NDVI Calculated
Processed file 304 of 335
HLS.S30.T10TFL.2021229T184921.v2.0_NDVI_cropped.tif
https://data.lpdaac.earthdatacloud.nasa.gov/lp-prod-protected/HLSS30.020/HLS.S30.T10TFL.2021229T184921.v2.0/HLS.S30.T10TFL.2021229T184921.v2.0.B04.tif
https://data.lpdaac.earthdatacloud.nasa.gov/lp-prod-protected/HLSS30.020/HLS.S30.T10TFL.2021229T184921.v2.0/HLS.S30.T10TFL.2021229T184921.v2.0.Fmask.tif
https://data.lpdaac.earthdatacloud.nasa.gov/lp-prod-protected/HLSS30.020/HLS.S30.T10TFL.2021229T184921.v2.0/HLS.S30.T10TFL.2021229T184921.v2.0.B8A.tif
Cropped
NDVI Calculated
Processed file 305 of 335
HLS.S30.T10TEL.2021229T184921.v2.0_NDVI_cropped.tif
https://data.lpdaac.earthdatacloud.nasa.gov/lp-prod-protected/HLSS30.020/HLS.S30.T10TEL.2021229T184921.v2.0/HLS.S30.T10TEL.2021229T184921.v2.0.Fmask.tif
https://data.lpdaac.earthdatacloud.nasa.gov/lp-prod-protected/HLSS30.020/HLS.S30.T10TEL.2021229T184921.v2.0/HLS.S30.T10TEL.2021229T184921.v2.0.B8A.tif
https://data.lpdaac.earthdatacloud.nasa.gov/lp-prod-protected/HLSS30.020/HLS.S30.T10TEL.2021229T184921.v2.0/HLS.S30.T10TEL.2021229T184921.v2.0.B04.tif
Cropped
NDVI Calculated
Processed file 306 of 335
HLS.L30.T10TFM.2021231T185050.v2.0_NDVI_cropped.tif
https://data.lpdaac.earthdatacloud.nasa.gov/lp-prod-protected/HLSL30.020/HLS.L30.T10TFM.2021231T185050.v2.0/HLS.L30.T10TFM.2021231T185050.v2.0.Fmask.tif
https://data.lpdaac.earthdatacloud.nasa.gov/lp-prod-protected/HLSL30.020/HLS.L30.T10TFM.2021231T185050.v2.0/HLS.L30.T10TFM.2021231T185050.v2.0.B04.tif
https://data.lpdaac.earthdatacloud.nasa.gov/lp-prod-protected/HLSL30.020/HLS.L30.T10TFM.2021231T185050.v2.0/HLS.L30.T10TFM.2021231T185050.v2.0.B05.tif
Cropped
NDVI Calculated
Processed file 307 of 335
HLS.L30.T10TEM.2021231T185050.v2.0_NDVI_cropped.tif
https://data.lpdaac.earthdatacloud.nasa.gov/lp-prod-protected/HLSL30.020/HLS.L30.T10TEM.2021231T185050.v2.0/HLS.L30.T10TEM.2021231T185050.v2.0.B04.tif
https://data.lpdaac.earthdatacloud.nasa.gov/lp-prod-protected/HLSL30.020/HLS.L30.T10TEM.2021231T185050.v2.0/HLS.L30.T10TEM.2021231T185050.v2.0.B05.tif
https://data.lpdaac.earthdatacloud.nasa.gov/lp-prod-protected/HLSL30.020/HLS.L30.T10TEM.2021231T185050.v2.0/HLS.L30.T10TEM.2021231T185050.v2.0.Fmask.tif
Cropped
NDVI Calculated
Processed file 308 of 335
HLS.L30.T10TEL.2021231T185113.v2.0_NDVI_cropped.tif
https://data.lpdaac.earthdatacloud.nasa.gov/lp-prod-protected/HLSL30.020/HLS.L30.T10TEL.2021231T185113.v2.0/HLS.L30.T10TEL.2021231T185113.v2.0.Fmask.tif
https://data.lpdaac.earthdatacloud.nasa.gov/lp-prod-protected/HLSL30.020/HLS.L30.T10TEL.2021231T185113.v2.0/HLS.L30.T10TEL.2021231T185113.v2.0.B04.tif
https://data.lpdaac.earthdatacloud.nasa.gov/lp-prod-protected/HLSL30.020/HLS.L30.T10TEL.2021231T185113.v2.0/HLS.L30.T10TEL.2021231T185113.v2.0.B05.tif
Cropped
NDVI Calculated
Processed file 309 of 335
HLS.L30.T10TFL.2021231T185113.v2.0_NDVI_cropped.tif
https://data.lpdaac.earthdatacloud.nasa.gov/lp-prod-protected/HLSL30.020/HLS.L30.T10TFL.2021231T185113.v2.0/HLS.L30.T10TFL.2021231T185113.v2.0.Fmask.tif
https://data.lpdaac.earthdatacloud.nasa.gov/lp-prod-protected/HLSL30.020/HLS.L30.T10TFL.2021231T185113.v2.0/HLS.L30.T10TFL.2021231T185113.v2.0.B04.tif
https://data.lpdaac.earthdatacloud.nasa.gov/lp-prod-protected/HLSL30.020/HLS.L30.T10TFL.2021231T185113.v2.0/HLS.L30.T10TFL.2021231T185113.v2.0.B05.tif
Cropped
NDVI Calculated
Processed file 310 of 335
HLS.S30.T10TFM.2021232T185921.v2.0_NDVI_cropped.tif
https://data.lpdaac.earthdatacloud.nasa.gov/lp-prod-protected/HLSS30.020/HLS.S30.T10TFM.2021232T185921.v2.0/HLS.S30.T10TFM.2021232T185921.v2.0.B8A.tif
https://data.lpdaac.earthdatacloud.nasa.gov/lp-prod-protected/HLSS30.020/HLS.S30.T10TFM.2021232T185921.v2.0/HLS.S30.T10TFM.2021232T185921.v2.0.B04.tif
https://data.lpdaac.earthdatacloud.nasa.gov/lp-prod-protected/HLSS30.020/HLS.S30.T10TFM.2021232T185921.v2.0/HLS.S30.T10TFM.2021232T185921.v2.0.Fmask.tif
Cropped
NDVI Calculated
Processed file 311 of 335
HLS.S30.T10TEM.2021232T185921.v2.0_NDVI_cropped.tif
https://data.lpdaac.earthdatacloud.nasa.gov/lp-prod-protected/HLSS30.020/HLS.S30.T10TEM.2021232T185921.v2.0/HLS.S30.T10TEM.2021232T185921.v2.0.B04.tif
https://data.lpdaac.earthdatacloud.nasa.gov/lp-prod-protected/HLSS30.020/HLS.S30.T10TEM.2021232T185921.v2.0/HLS.S30.T10TEM.2021232T185921.v2.0.Fmask.tif
https://data.lpdaac.earthdatacloud.nasa.gov/lp-prod-protected/HLSS30.020/HLS.S30.T10TEM.2021232T185921.v2.0/HLS.S30.T10TEM.2021232T185921.v2.0.B8A.tif
Cropped
NDVI Calculated
Processed file 312 of 335
HLS.S30.T10TFL.2021232T185921.v2.0_NDVI_cropped.tif
https://data.lpdaac.earthdatacloud.nasa.gov/lp-prod-protected/HLSS30.020/HLS.S30.T10TFL.2021232T185921.v2.0/HLS.S30.T10TFL.2021232T185921.v2.0.Fmask.tif
https://data.lpdaac.earthdatacloud.nasa.gov/lp-prod-protected/HLSS30.020/HLS.S30.T10TFL.2021232T185921.v2.0/HLS.S30.T10TFL.2021232T185921.v2.0.B8A.tif
https://data.lpdaac.earthdatacloud.nasa.gov/lp-prod-protected/HLSS30.020/HLS.S30.T10TFL.2021232T185921.v2.0/HLS.S30.T10TFL.2021232T185921.v2.0.B04.tif
Cropped
NDVI Calculated
Processed file 313 of 335
HLS.S30.T10TEL.2021232T185921.v2.0_NDVI_cropped.tif
https://data.lpdaac.earthdatacloud.nasa.gov/lp-prod-protected/HLSS30.020/HLS.S30.T10TEL.2021232T185921.v2.0/HLS.S30.T10TEL.2021232T185921.v2.0.Fmask.tif
https://data.lpdaac.earthdatacloud.nasa.gov/lp-prod-protected/HLSS30.020/HLS.S30.T10TEL.2021232T185921.v2.0/HLS.S30.T10TEL.2021232T185921.v2.0.B04.tif
https://data.lpdaac.earthdatacloud.nasa.gov/lp-prod-protected/HLSS30.020/HLS.S30.T10TEL.2021232T185921.v2.0/HLS.S30.T10TEL.2021232T185921.v2.0.B8A.tif
Cropped
NDVI Calculated
Processed file 314 of 335
HLS.S30.T10TFM.2021234T184919.v2.0_NDVI_cropped.tif
https://data.lpdaac.earthdatacloud.nasa.gov/lp-prod-protected/HLSS30.020/HLS.S30.T10TFM.2021234T184919.v2.0/HLS.S30.T10TFM.2021234T184919.v2.0.B8A.tif
https://data.lpdaac.earthdatacloud.nasa.gov/lp-prod-protected/HLSS30.020/HLS.S30.T10TFM.2021234T184919.v2.0/HLS.S30.T10TFM.2021234T184919.v2.0.B04.tif
https://data.lpdaac.earthdatacloud.nasa.gov/lp-prod-protected/HLSS30.020/HLS.S30.T10TFM.2021234T184919.v2.0/HLS.S30.T10TFM.2021234T184919.v2.0.Fmask.tif
Cropped
NDVI Calculated
Processed file 315 of 335
HLS.S30.T10TEM.2021234T184919.v2.0_NDVI_cropped.tif
https://data.lpdaac.earthdatacloud.nasa.gov/lp-prod-protected/HLSS30.020/HLS.S30.T10TEM.2021234T184919.v2.0/HLS.S30.T10TEM.2021234T184919.v2.0.B8A.tif
https://data.lpdaac.earthdatacloud.nasa.gov/lp-prod-protected/HLSS30.020/HLS.S30.T10TEM.2021234T184919.v2.0/HLS.S30.T10TEM.2021234T184919.v2.0.B04.tif
https://data.lpdaac.earthdatacloud.nasa.gov/lp-prod-protected/HLSS30.020/HLS.S30.T10TEM.2021234T184919.v2.0/HLS.S30.T10TEM.2021234T184919.v2.0.Fmask.tif
Cropped
NDVI Calculated
Processed file 316 of 335
HLS.S30.T10TFL.2021234T184919.v2.0_NDVI_cropped.tif
https://data.lpdaac.earthdatacloud.nasa.gov/lp-prod-protected/HLSS30.020/HLS.S30.T10TFL.2021234T184919.v2.0/HLS.S30.T10TFL.2021234T184919.v2.0.B04.tif
https://data.lpdaac.earthdatacloud.nasa.gov/lp-prod-protected/HLSS30.020/HLS.S30.T10TFL.2021234T184919.v2.0/HLS.S30.T10TFL.2021234T184919.v2.0.Fmask.tif
https://data.lpdaac.earthdatacloud.nasa.gov/lp-prod-protected/HLSS30.020/HLS.S30.T10TFL.2021234T184919.v2.0/HLS.S30.T10TFL.2021234T184919.v2.0.B8A.tif
Cropped
NDVI Calculated
Processed file 317 of 335
HLS.S30.T10TEL.2021234T184919.v2.0_NDVI_cropped.tif
https://data.lpdaac.earthdatacloud.nasa.gov/lp-prod-protected/HLSS30.020/HLS.S30.T10TEL.2021234T184919.v2.0/HLS.S30.T10TEL.2021234T184919.v2.0.B04.tif
https://data.lpdaac.earthdatacloud.nasa.gov/lp-prod-protected/HLSS30.020/HLS.S30.T10TEL.2021234T184919.v2.0/HLS.S30.T10TEL.2021234T184919.v2.0.Fmask.tif
https://data.lpdaac.earthdatacloud.nasa.gov/lp-prod-protected/HLSS30.020/HLS.S30.T10TEL.2021234T184919.v2.0/HLS.S30.T10TEL.2021234T184919.v2.0.B8A.tif
Cropped
NDVI Calculated
Processed file 318 of 335
HLS.S30.T10TFM.2021237T185919.v2.0_NDVI_cropped.tif
https://data.lpdaac.earthdatacloud.nasa.gov/lp-prod-protected/HLSS30.020/HLS.S30.T10TFM.2021237T185919.v2.0/HLS.S30.T10TFM.2021237T185919.v2.0.B04.tif
https://data.lpdaac.earthdatacloud.nasa.gov/lp-prod-protected/HLSS30.020/HLS.S30.T10TFM.2021237T185919.v2.0/HLS.S30.T10TFM.2021237T185919.v2.0.Fmask.tif
https://data.lpdaac.earthdatacloud.nasa.gov/lp-prod-protected/HLSS30.020/HLS.S30.T10TFM.2021237T185919.v2.0/HLS.S30.T10TFM.2021237T185919.v2.0.B8A.tif
Cropped
NDVI Calculated
Processed file 319 of 335
HLS.S30.T10TEM.2021237T185919.v2.0_NDVI_cropped.tif
https://data.lpdaac.earthdatacloud.nasa.gov/lp-prod-protected/HLSS30.020/HLS.S30.T10TEM.2021237T185919.v2.0/HLS.S30.T10TEM.2021237T185919.v2.0.B04.tif
https://data.lpdaac.earthdatacloud.nasa.gov/lp-prod-protected/HLSS30.020/HLS.S30.T10TEM.2021237T185919.v2.0/HLS.S30.T10TEM.2021237T185919.v2.0.B8A.tif
https://data.lpdaac.earthdatacloud.nasa.gov/lp-prod-protected/HLSS30.020/HLS.S30.T10TEM.2021237T185919.v2.0/HLS.S30.T10TEM.2021237T185919.v2.0.Fmask.tif
Cropped
NDVI Calculated
Processed file 320 of 335
HLS.S30.T10TFL.2021237T185919.v2.0_NDVI_cropped.tif
https://data.lpdaac.earthdatacloud.nasa.gov/lp-prod-protected/HLSS30.020/HLS.S30.T10TFL.2021237T185919.v2.0/HLS.S30.T10TFL.2021237T185919.v2.0.B8A.tif
https://data.lpdaac.earthdatacloud.nasa.gov/lp-prod-protected/HLSS30.020/HLS.S30.T10TFL.2021237T185919.v2.0/HLS.S30.T10TFL.2021237T185919.v2.0.B04.tif
https://data.lpdaac.earthdatacloud.nasa.gov/lp-prod-protected/HLSS30.020/HLS.S30.T10TFL.2021237T185919.v2.0/HLS.S30.T10TFL.2021237T185919.v2.0.Fmask.tif
Cropped
NDVI Calculated
Processed file 321 of 335
HLS.S30.T10TEL.2021237T185919.v2.0_NDVI_cropped.tif
https://data.lpdaac.earthdatacloud.nasa.gov/lp-prod-protected/HLSS30.020/HLS.S30.T10TEL.2021237T185919.v2.0/HLS.S30.T10TEL.2021237T185919.v2.0.Fmask.tif
https://data.lpdaac.earthdatacloud.nasa.gov/lp-prod-protected/HLSS30.020/HLS.S30.T10TEL.2021237T185919.v2.0/HLS.S30.T10TEL.2021237T185919.v2.0.B8A.tif
https://data.lpdaac.earthdatacloud.nasa.gov/lp-prod-protected/HLSS30.020/HLS.S30.T10TEL.2021237T185919.v2.0/HLS.S30.T10TEL.2021237T185919.v2.0.B04.tif
Cropped
NDVI Calculated
Processed file 322 of 335
HLS.L30.T10TEM.2021238T185702.v2.0_NDVI_cropped.tif
https://data.lpdaac.earthdatacloud.nasa.gov/lp-prod-protected/HLSL30.020/HLS.L30.T10TEM.2021238T185702.v2.0/HLS.L30.T10TEM.2021238T185702.v2.0.B05.tif
https://data.lpdaac.earthdatacloud.nasa.gov/lp-prod-protected/HLSL30.020/HLS.L30.T10TEM.2021238T185702.v2.0/HLS.L30.T10TEM.2021238T185702.v2.0.Fmask.tif
https://data.lpdaac.earthdatacloud.nasa.gov/lp-prod-protected/HLSL30.020/HLS.L30.T10TEM.2021238T185702.v2.0/HLS.L30.T10TEM.2021238T185702.v2.0.B04.tif
Cropped
NDVI Calculated
Processed file 323 of 335
HLS.L30.T10TEL.2021238T185726.v2.0_NDVI_cropped.tif
https://data.lpdaac.earthdatacloud.nasa.gov/lp-prod-protected/HLSL30.020/HLS.L30.T10TEL.2021238T185726.v2.0/HLS.L30.T10TEL.2021238T185726.v2.0.Fmask.tif
https://data.lpdaac.earthdatacloud.nasa.gov/lp-prod-protected/HLSL30.020/HLS.L30.T10TEL.2021238T185726.v2.0/HLS.L30.T10TEL.2021238T185726.v2.0.B04.tif
https://data.lpdaac.earthdatacloud.nasa.gov/lp-prod-protected/HLSL30.020/HLS.L30.T10TEL.2021238T185726.v2.0/HLS.L30.T10TEL.2021238T185726.v2.0.B05.tif
Cropped
NDVI Calculated
Processed file 324 of 335
HLS.S30.T10TFM.2021239T184921.v2.0_NDVI_cropped.tif
https://data.lpdaac.earthdatacloud.nasa.gov/lp-prod-protected/HLSS30.020/HLS.S30.T10TFM.2021239T184921.v2.0/HLS.S30.T10TFM.2021239T184921.v2.0.B8A.tif
https://data.lpdaac.earthdatacloud.nasa.gov/lp-prod-protected/HLSS30.020/HLS.S30.T10TFM.2021239T184921.v2.0/HLS.S30.T10TFM.2021239T184921.v2.0.Fmask.tif
https://data.lpdaac.earthdatacloud.nasa.gov/lp-prod-protected/HLSS30.020/HLS.S30.T10TFM.2021239T184921.v2.0/HLS.S30.T10TFM.2021239T184921.v2.0.B04.tif
Cropped
NDVI Calculated
Processed file 325 of 335
HLS.S30.T10TEM.2021239T184921.v2.0_NDVI_cropped.tif
https://data.lpdaac.earthdatacloud.nasa.gov/lp-prod-protected/HLSS30.020/HLS.S30.T10TEM.2021239T184921.v2.0/HLS.S30.T10TEM.2021239T184921.v2.0.Fmask.tif
https://data.lpdaac.earthdatacloud.nasa.gov/lp-prod-protected/HLSS30.020/HLS.S30.T10TEM.2021239T184921.v2.0/HLS.S30.T10TEM.2021239T184921.v2.0.B8A.tif
https://data.lpdaac.earthdatacloud.nasa.gov/lp-prod-protected/HLSS30.020/HLS.S30.T10TEM.2021239T184921.v2.0/HLS.S30.T10TEM.2021239T184921.v2.0.B04.tif
Cropped
NDVI Calculated
Processed file 326 of 335
HLS.S30.T10TEL.2021239T184921.v2.0_NDVI_cropped.tif
https://data.lpdaac.earthdatacloud.nasa.gov/lp-prod-protected/HLSS30.020/HLS.S30.T10TEL.2021239T184921.v2.0/HLS.S30.T10TEL.2021239T184921.v2.0.B8A.tif
https://data.lpdaac.earthdatacloud.nasa.gov/lp-prod-protected/HLSS30.020/HLS.S30.T10TEL.2021239T184921.v2.0/HLS.S30.T10TEL.2021239T184921.v2.0.Fmask.tif
https://data.lpdaac.earthdatacloud.nasa.gov/lp-prod-protected/HLSS30.020/HLS.S30.T10TEL.2021239T184921.v2.0/HLS.S30.T10TEL.2021239T184921.v2.0.B04.tif
Cropped
NDVI Calculated
Processed file 327 of 335
HLS.L30.T10TEM.2021240T184505.v2.0_NDVI_cropped.tif
https://data.lpdaac.earthdatacloud.nasa.gov/lp-prod-protected/HLSL30.020/HLS.L30.T10TEM.2021240T184505.v2.0/HLS.L30.T10TEM.2021240T184505.v2.0.B05.tif
https://data.lpdaac.earthdatacloud.nasa.gov/lp-prod-protected/HLSL30.020/HLS.L30.T10TEM.2021240T184505.v2.0/HLS.L30.T10TEM.2021240T184505.v2.0.Fmask.tif
https://data.lpdaac.earthdatacloud.nasa.gov/lp-prod-protected/HLSL30.020/HLS.L30.T10TEM.2021240T184505.v2.0/HLS.L30.T10TEM.2021240T184505.v2.0.B04.tif
Cropped
NDVI Calculated
Processed file 328 of 335
HLS.L30.T10TFM.2021240T184505.v2.0_NDVI_cropped.tif
https://data.lpdaac.earthdatacloud.nasa.gov/lp-prod-protected/HLSL30.020/HLS.L30.T10TFM.2021240T184505.v2.0/HLS.L30.T10TFM.2021240T184505.v2.0.Fmask.tif
https://data.lpdaac.earthdatacloud.nasa.gov/lp-prod-protected/HLSL30.020/HLS.L30.T10TFM.2021240T184505.v2.0/HLS.L30.T10TFM.2021240T184505.v2.0.B05.tif
https://data.lpdaac.earthdatacloud.nasa.gov/lp-prod-protected/HLSL30.020/HLS.L30.T10TFM.2021240T184505.v2.0/HLS.L30.T10TFM.2021240T184505.v2.0.B04.tif
Cropped
NDVI Calculated
Processed file 329 of 335
HLS.L30.T10TFL.2021240T184505.v2.0_NDVI_cropped.tif
https://data.lpdaac.earthdatacloud.nasa.gov/lp-prod-protected/HLSL30.020/HLS.L30.T10TFL.2021240T184505.v2.0/HLS.L30.T10TFL.2021240T184505.v2.0.Fmask.tif
https://data.lpdaac.earthdatacloud.nasa.gov/lp-prod-protected/HLSL30.020/HLS.L30.T10TFL.2021240T184505.v2.0/HLS.L30.T10TFL.2021240T184505.v2.0.B05.tif
https://data.lpdaac.earthdatacloud.nasa.gov/lp-prod-protected/HLSL30.020/HLS.L30.T10TFL.2021240T184505.v2.0/HLS.L30.T10TFL.2021240T184505.v2.0.B04.tif
Cropped
NDVI Calculated
Processed file 330 of 335
HLS.L30.T10TEL.2021240T184505.v2.0_NDVI_cropped.tif
https://data.lpdaac.earthdatacloud.nasa.gov/lp-prod-protected/HLSL30.020/HLS.L30.T10TEL.2021240T184505.v2.0/HLS.L30.T10TEL.2021240T184505.v2.0.Fmask.tif
https://data.lpdaac.earthdatacloud.nasa.gov/lp-prod-protected/HLSL30.020/HLS.L30.T10TEL.2021240T184505.v2.0/HLS.L30.T10TEL.2021240T184505.v2.0.B04.tif
https://data.lpdaac.earthdatacloud.nasa.gov/lp-prod-protected/HLSL30.020/HLS.L30.T10TEL.2021240T184505.v2.0/HLS.L30.T10TEL.2021240T184505.v2.0.B05.tif
Cropped
NDVI Calculated
Processed file 331 of 335
HLS.S30.T10TFM.2021242T185921.v2.0_NDVI_cropped.tif
https://data.lpdaac.earthdatacloud.nasa.gov/lp-prod-protected/HLSS30.020/HLS.S30.T10TFM.2021242T185921.v2.0/HLS.S30.T10TFM.2021242T185921.v2.0.B04.tif
https://data.lpdaac.earthdatacloud.nasa.gov/lp-prod-protected/HLSS30.020/HLS.S30.T10TFM.2021242T185921.v2.0/HLS.S30.T10TFM.2021242T185921.v2.0.B8A.tif
https://data.lpdaac.earthdatacloud.nasa.gov/lp-prod-protected/HLSS30.020/HLS.S30.T10TFM.2021242T185921.v2.0/HLS.S30.T10TFM.2021242T185921.v2.0.Fmask.tif
Cropped
NDVI Calculated
Processed file 332 of 335
HLS.S30.T10TEM.2021242T185921.v2.0_NDVI_cropped.tif
https://data.lpdaac.earthdatacloud.nasa.gov/lp-prod-protected/HLSS30.020/HLS.S30.T10TEM.2021242T185921.v2.0/HLS.S30.T10TEM.2021242T185921.v2.0.B8A.tif
https://data.lpdaac.earthdatacloud.nasa.gov/lp-prod-protected/HLSS30.020/HLS.S30.T10TEM.2021242T185921.v2.0/HLS.S30.T10TEM.2021242T185921.v2.0.Fmask.tif
https://data.lpdaac.earthdatacloud.nasa.gov/lp-prod-protected/HLSS30.020/HLS.S30.T10TEM.2021242T185921.v2.0/HLS.S30.T10TEM.2021242T185921.v2.0.B04.tif
Cropped
NDVI Calculated
Processed file 333 of 335
HLS.S30.T10TFL.2021242T185921.v2.0_NDVI_cropped.tif
https://data.lpdaac.earthdatacloud.nasa.gov/lp-prod-protected/HLSS30.020/HLS.S30.T10TFL.2021242T185921.v2.0/HLS.S30.T10TFL.2021242T185921.v2.0.B04.tif
https://data.lpdaac.earthdatacloud.nasa.gov/lp-prod-protected/HLSS30.020/HLS.S30.T10TFL.2021242T185921.v2.0/HLS.S30.T10TFL.2021242T185921.v2.0.Fmask.tif
https://data.lpdaac.earthdatacloud.nasa.gov/lp-prod-protected/HLSS30.020/HLS.S30.T10TFL.2021242T185921.v2.0/HLS.S30.T10TFL.2021242T185921.v2.0.B8A.tif
Cropped
NDVI Calculated
Processed file 334 of 335
HLS.S30.T10TEL.2021242T185921.v2.0_NDVI_cropped.tif
https://data.lpdaac.earthdatacloud.nasa.gov/lp-prod-protected/HLSS30.020/HLS.S30.T10TEL.2021242T185921.v2.0/HLS.S30.T10TEL.2021242T185921.v2.0.Fmask.tif
https://data.lpdaac.earthdatacloud.nasa.gov/lp-prod-protected/HLSS30.020/HLS.S30.T10TEL.2021242T185921.v2.0/HLS.S30.T10TEL.2021242T185921.v2.0.B8A.tif
https://data.lpdaac.earthdatacloud.nasa.gov/lp-prod-protected/HLSS30.020/HLS.S30.T10TEL.2021242T185921.v2.0/HLS.S30.T10TEL.2021242T185921.v2.0.B04.tif
Cropped
NDVI Calculated
Processed file 335 of 335
