Using workers=8 (SLURM_CPUS_PER_TASK=18)
Total granules found: 8861
Submitting 8861 granules to the pool...
[1/8861] [3] HLS.L30.T11TMF.2021091T182606.v2.0: SKIP NoDataInBounds (field does not intersect FMASK)
[2/8861] [7] HLS.L30.T11TNE.2021091T182630.v2.0: SKIP NoDataInBounds (field does not intersect FMASK)
[3/8861] [6] HLS.L30.T11TPE.2021091T182630.v2.0: SKIP NoDataInBounds (field does not intersect FMASK)
[4/8861] [0] HLS.L30.T11TNG.2021091T182543.v2.0: SKIP NoDataInBounds (field does not intersect FMASK)
[5/8861] [2] HLS.L30.T11TMG.2021091T182606.v2.0: SKIP NoDataInBounds (field does not intersect FMASK)
[6/8861] [1] HLS.L30.T11TPG.2021091T182543.v2.0: SKIP NoDataInBounds (field does not intersect FMASK)
[7/8861] [5] HLS.L30.T11TNF.2021091T182606.v2.0: SKIP NoDataInBounds (field does not intersect FMASK)
[8/8861] [14] all outputs exist; skipping HLS.L30.T11SLC.2021091T182654.v2.0
[9/8861] [4] HLS.L30.T11TPF.2021091T182606.v2.0: SKIP NoDataInBounds (field does not intersect FMASK)
[10/8861] [8] HLS.L30.T11SMD.2021091T182630.v2.0: SKIP NoDataInBounds (field does not intersect FMASK)
[11/8861] [17] all outputs exist; skipping HLS.L30.T11SMB.2021091T182718.v2.0
[12/8861] [18] all outputs exist; skipping HLS.L30.T11SNA.2021091T182718.v2.0
[13/8861] [19] all outputs exist; skipping HLS.L30.T11SMA.2021091T182718.v2.0
[14/8861] [20] all outputs exist; skipping HLS.L30.T11SLA.2021091T182718.v2.0
[15/8861] [21] all outputs exist; skipping HLS.L30.T11SLB.2021091T182718.v2.0
[16/8861] [22] all outputs exist; skipping HLS.L30.T11SNV.2021091T182742.v2.0
[17/8861] [23] all outputs exist; skipping HLS.L30.T11SMU.2021091T182742.v2.0
[18/8861] [24] all outputs exist; skipping HLS.L30.T11SLV.2021091T182742.v2.0
[19/8861] [25] all outputs exist; skipping HLS.L30.T11SKV.2021091T182742.v2.0
[20/8861] [26] all outputs exist; skipping HLS.L30.T11SMV.2021091T182742.v2.0
[21/8861] [27] all outputs exist; skipping HLS.L30.T11SKU.2021091T182806.v2.0
[22/8861] [9] HLS.L30.T11SND.2021091T182630.v2.0: SKIP NoDataInBounds (field does not intersect FMASK)
[23/8861] [28] all outputs exist; skipping HLS.L30.T11SKT.2021091T182806.v2.0
[24/8861] [29] all outputs exist; skipping HLS.L30.T11SMT.2021091T182806.v2.0
[25/8861] [30] all outputs exist; skipping HLS.L30.T11SLU.2021091T182806.v2.0
[26/8861] [31] all outputs exist; skipping HLS.L30.T11SLT.2021091T182806.v2.0
[27/8861] [33] all outputs exist; skipping HLS.L30.T11SLT.2021091T182830.v2.0
[28/8861] [32] all outputs exist; skipping HLS.L30.T11SMS.2021091T182830.v2.0
[29/8861] [34] all outputs exist; skipping HLS.L30.T11SMT.2021091T182830.v2.0
[30/8861] [35] all outputs exist; skipping HLS.L30.T11SMR.2021091T182830.v2.0
[31/8861] [36] all outputs exist; skipping HLS.L30.T11SKT.2021091T182830.v2.0
[32/8861] [10] HLS.L30.T11TME.2021091T182630.v2.0: SKIP NoDataInBounds (field does not intersect FMASK)
[33/8861] [11] HLS.L30.T11SPD.2021091T182630.v2.0: SKIP NoDataInBounds (field does not intersect FMASK)
[34/8861] [12] HLS.L30.T11SLD.2021091T182654.v2.0: SKIP NoDataInBounds (field does not intersect FMASK)
[35/8861] [13] HLS.L30.T11SNC.2021091T182654.v2.0: SKIP NoDataInBounds (field does not intersect FMASK)
[36/8861] [15] HLS.L30.T11SMC.2021091T182654.v2.0: SKIP NoDataInBounds (field does not intersect FMASK)
[37/8861] [43] all outputs exist; skipping HLS.S30.T10TGM.2021091T183919.v2.0
[38/8861] [44] all outputs exist; skipping HLS.S30.T11TKG.2021091T183919.v2.0
[39/8861] [16] HLS.L30.T11SNB.2021091T182718.v2.0: SKIP NoDataInBounds (field does not intersect FMASK)
[40/8861] [37] HLS.L30.T11SKS.2021091T182830.v2.0: SKIP NoDataInBounds (field does not intersect FMASK)
[41/8861] [38] HLS.L30.T11SLS.2021091T182830.v2.0: SKIP NoDataInBounds (field does not intersect FMASK)
[42/8861] [48] all outputs exist; skipping HLS.S30.T11TKF.2021091T183919.v2.0
[43/8861] [49] all outputs exist; skipping HLS.S30.T10TGL.2021091T183919.v2.0
[44/8861] [40] HLS.S30.T11TNG.2021091T183919.v2.0: SKIP NoDataInBounds (field does not intersect FMASK)
[45/8861] [39] HLS.L30.T10SGC.2021091T182830.v2.0: SKIP NoDataInBounds (field does not intersect FMASK)
[46/8861] [45] HLS.S30.T11TNF.2021091T183919.v2.0: SKIP NoDataInBounds (field does not intersect FMASK)
[47/8861] [41] HLS.S30.T11TMG.2021091T183919.v2.0: SKIP NoDataInBounds (field does not intersect FMASK)
[48/8861] [54] all outputs exist; skipping HLS.S30.T11TKE.2021091T183919.v2.0
[49/8861] [55] all outputs exist; skipping HLS.S30.T10TGK.2021091T183919.v2.0
[50/8861] [42] HLS.S30.T11TLG.2021091T183919.v2.0: SKIP NoDataInBounds (field does not intersect FMASK)
[51/8861] [46] HLS.S30.T11TMF.2021091T183919.v2.0: SKIP NoDataInBounds (field does not intersect FMASK)
[52/8861] [58] all outputs exist; skipping HLS.S30.T11SKD.2021091T183919.v2.0
[53/8861] [59] all outputs exist; skipping HLS.S30.T10SGJ.2021091T183919.v2.0
[54/8861] [47] HLS.S30.T11TLF.2021091T183919.v2.0: SKIP NoDataInBounds (field does not intersect FMASK)
[55/8861] [61] all outputs exist; skipping HLS.S30.T10SFJ.2021091T183919.v2.0
[56/8861] [62] all outputs exist; skipping HLS.S30.T11SLC.2021091T183919.v2.0
[57/8861] [63] all outputs exist; skipping HLS.S30.T11SKC.2021091T183919.v2.0
[58/8861] [64] all outputs exist; skipping HLS.S30.T10SGH.2021091T183919.v2.0
[59/8861] [65] all outputs exist; skipping HLS.S30.T10SFH.2021091T183919.v2.0
[60/8861] [66] all outputs exist; skipping HLS.S30.T11SMB.2021091T183919.v2.0
[61/8861] [67] all outputs exist; skipping HLS.S30.T11SLB.2021091T183919.v2.0
[62/8861] [68] all outputs exist; skipping HLS.S30.T11SKB.2021091T183919.v2.0
[63/8861] [69] all outputs exist; skipping HLS.S30.T10SGG.2021091T183919.v2.0
[64/8861] [70] all outputs exist; skipping HLS.S30.T11SMA.2021091T183919.v2.0
[65/8861] [71] all outputs exist; skipping HLS.S30.T10SFG.2021091T183919.v2.0
[66/8861] [72] all outputs exist; skipping HLS.S30.T11SLA.2021091T183919.v2.0
[67/8861] [73] all outputs exist; skipping HLS.S30.T11SKA.2021091T183919.v2.0
[68/8861] [74] all outputs exist; skipping HLS.S30.T10SGF.2021091T183919.v2.0
[69/8861] [75] all outputs exist; skipping HLS.S30.T10SFF.2021091T183919.v2.0
[70/8861] [76] all outputs exist; skipping HLS.S30.T11SLV.2021091T183919.v2.0
[71/8861] [77] all outputs exist; skipping HLS.S30.T11SKV.2021091T183919.v2.0
[72/8861] [78] all outputs exist; skipping HLS.S30.T10SGE.2021091T183919.v2.0
[73/8861] [79] all outputs exist; skipping HLS.S30.T10SFE.2021091T183919.v2.0
[74/8861] [80] all outputs exist; skipping HLS.S30.T11SLU.2021091T183919.v2.0
[75/8861] [81] all outputs exist; skipping HLS.S30.T11SKU.2021091T183919.v2.0
[76/8861] [82] all outputs exist; skipping HLS.S30.T10SGD.2021091T183919.v2.0
[77/8861] [83] all outputs exist; skipping HLS.S30.T10SFD.2021091T183919.v2.0
[78/8861] [84] all outputs exist; skipping HLS.S30.T11SLT.2021091T183919.v2.0
[79/8861] [85] all outputs exist; skipping HLS.S30.T11SKT.2021091T183919.v2.0
[80/8861] [50] HLS.S30.T11TNE.2021091T183919.v2.0: SKIP NoDataInBounds (field does not intersect FMASK)
[81/8861] [51] HLS.S30.T11TME.2021091T183919.v2.0: SKIP NoDataInBounds (field does not intersect FMASK)
[82/8861] [52] HLS.S30.T11TLE.2021091T183919.v2.0: SKIP NoDataInBounds (field does not intersect FMASK)
[83/8861] [56] HLS.S30.T11SMD.2021091T183919.v2.0: SKIP NoDataInBounds (field does not intersect FMASK)
[84/8861] [90] all outputs exist; skipping HLS.S30.T11SQV.2021092T180909.v2.0
[85/8861] [91] all outputs exist; skipping HLS.S30.T12STD.2021092T180909.v2.0
[86/8861] [92] all outputs exist; skipping HLS.S30.T11SQU.2021092T180909.v2.0
[87/8861] [93] all outputs exist; skipping HLS.S30.T12STC.2021092T180909.v2.0
[88/8861] [94] all outputs exist; skipping HLS.S30.T11SQT.2021092T180909.v2.0
[89/8861] [53] HLS.S30.T11SND.2021091T183919.v2.0: SKIP NoDataInBounds (field does not intersect FMASK)
[90/8861] [96] all outputs exist; skipping HLS.S30.T11SQS.2021092T180909.v2.0
[91/8861] [97] all outputs exist; skipping HLS.S30.T11SPS.2021092T180909.v2.0
[92/8861] [98] all outputs exist; skipping HLS.S30.T10TFM.2021092T185921.v2.0
[93/8861] [99] all outputs exist; skipping HLS.S30.T10TEM.2021092T185921.v2.0
[94/8861] [100] all outputs exist; skipping HLS.S30.T10TDM.2021092T185921.v2.0
[95/8861] [101] all outputs exist; skipping HLS.S30.T10TCM.2021092T185921.v2.0
[96/8861] [102] all outputs exist; skipping HLS.S30.T10TFL.2021092T185921.v2.0
[97/8861] [103] all outputs exist; skipping HLS.S30.T10TEL.2021092T185921.v2.0
[98/8861] [104] all outputs exist; skipping HLS.S30.T10TDL.2021092T185921.v2.0
[99/8861] [105] all outputs exist; skipping HLS.S30.T10TFK.2021092T185921.v2.0
[100/8861] [106] all outputs exist; skipping HLS.S30.T10TCL.2021092T185921.v2.0
[101/8861] [107] all outputs exist; skipping HLS.S30.T10TEK.2021092T185921.v2.0
[102/8861] [108] all outputs exist; skipping HLS.S30.T10TDK.2021092T185921.v2.0
[103/8861] [109] all outputs exist; skipping HLS.S30.T10TCK.2021092T185921.v2.0
[104/8861] [110] all outputs exist; skipping HLS.S30.T10SEJ.2021092T185921.v2.0
[105/8861] [111] all outputs exist; skipping HLS.S30.T10SDJ.2021092T185921.v2.0
[106/8861] [112] all outputs exist; skipping HLS.S30.T10SEH.2021092T185921.v2.0
[107/8861] [113] all outputs exist; skipping HLS.S30.T10SDH.2021092T185921.v2.0
[108/8861] [114] all outputs exist; skipping HLS.S30.T10SEG.2021092T185921.v2.0
[109/8861] [60] HLS.S30.T11SMC.2021091T183919.v2.0: SKIP NoDataInBounds (field does not intersect FMASK)
[110/8861] [116] all outputs exist; skipping HLS.S30.T10SEF.2021092T185921.v2.0
[111/8861] [57] HLS.S30.T11SLD.2021091T183919.v2.0: SKIP NoDataInBounds (field does not intersect FMASK)
[112/8861] [86] HLS.S30.T10SGC.2021091T183919.v2.0: SKIP NoDataInBounds (field does not intersect FMASK)
[113/8861] [87] HLS.S30.T11SLS.2021091T183919.v2.0: SKIP NoDataInBounds (field does not intersect FMASK)
[114/8861] [88] HLS.S30.T11SKS.2021091T183919.v2.0: SKIP NoDataInBounds (field does not intersect FMASK)
[115/8861] [89] HLS.S30.T12STE.2021092T180909.v2.0: SKIP NoDataInBounds (field does not intersect FMASK)
[116/8861] [95] HLS.S30.T12STB.2021092T180909.v2.0: SKIP NoDataInBounds (field does not intersect FMASK)
[117/8861] [115] HLS.S30.T10SDG.2021092T185921.v2.0: SKIP NoDataInBounds (field does not intersect FMASK)
[118/8861] [118] HLS.L30.T11TQF.2021093T181344.v2.0: SKIP NoDataInBounds (field does not intersect FMASK)
[119/8861] [117] HLS.L30.T11TQG.2021093T181344.v2.0: SKIP NoDataInBounds (field does not intersect FMASK)
[120/8861] [119] HLS.L30.T12TTL.2021093T181344.v2.0: SKIP NoDataInBounds (field does not intersect FMASK)
[121/8861] [122] HLS.L30.T11SPD.2021093T181408.v2.0: SKIP NoDataInBounds (field does not intersect FMASK)
[122/8861] [120] HLS.L30.T12TTM.2021093T181344.v2.0: SKIP NoDataInBounds (field does not intersect FMASK)
[123/8861] [121] HLS.L30.T11TPF.2021093T181408.v2.0: SKIP NoDataInBounds (field does not intersect FMASK)
[124/8861] [125] HLS.L30.T11SQD.2021093T181408.v2.0: SKIP NoDataInBounds (field does not intersect FMASK)
[125/8861] [123] HLS.L30.T11TQE.2021093T181408.v2.0: SKIP NoDataInBounds (field does not intersect FMASK)
[126/8861] [126] HLS.L30.T12TTK.2021093T181408.v2.0: SKIP NoDataInBounds (field does not intersect FMASK)
[127/8861] [124] HLS.L30.T12STJ.2021093T181408.v2.0: SKIP NoDataInBounds (field does not intersect FMASK)
[128/8861] [127] HLS.L30.T11TPE.2021093T181408.v2.0: SKIP NoDataInBounds (field does not intersect FMASK)
[129/8861] [129] HLS.L30.T11SPC.2021093T181432.v2.0: SKIP NoDataInBounds (field does not intersect FMASK)
[130/8861] [128] HLS.L30.T11SQC.2021093T181432.v2.0: SKIP NoDataInBounds (field does not intersect FMASK)
[131/8861] [131] HLS.L30.T12STG.2021093T181456.v2.0: SKIP NoDataInBounds (field does not intersect FMASK)
[132/8861] [138] all outputs exist; skipping HLS.L30.T11SQV.2021093T181520.v2.0
[133/8861] [139] all outputs exist; skipping HLS.L30.T11SPV.2021093T181520.v2.0
[134/8861] [140] all outputs exist; skipping HLS.L30.T11SNA.2021093T181520.v2.0
[135/8861] [141] all outputs exist; skipping HLS.L30.T12STD.2021093T181520.v2.0
[136/8861] [142] all outputs exist; skipping HLS.L30.T11SQU.2021093T181520.v2.0
[137/8861] [143] all outputs exist; skipping HLS.L30.T11SNV.2021093T181520.v2.0
[138/8861] [144] all outputs exist; skipping HLS.L30.T11SPU.2021093T181544.v2.0
[139/8861] [145] all outputs exist; skipping HLS.L30.T11SPT.2021093T181544.v2.0
[140/8861] [146] all outputs exist; skipping HLS.L30.T11SQT.2021093T181544.v2.0
[141/8861] [147] all outputs exist; skipping HLS.L30.T11SNU.2021093T181544.v2.0
[142/8861] [148] all outputs exist; skipping HLS.L30.T11SNT.2021093T181544.v2.0
[143/8861] [149] all outputs exist; skipping HLS.L30.T11SNS.2021093T181608.v2.0
[144/8861] [150] all outputs exist; skipping HLS.L30.T11SPS.2021093T181608.v2.0
[145/8861] [132] HLS.L30.T11SQB.2021093T181456.v2.0: SKIP NoDataInBounds (field does not intersect FMASK)
[146/8861] [152] all outputs exist; skipping HLS.L30.T11SQS.2021093T181608.v2.0
[147/8861] [130] HLS.L30.T12STH.2021093T181432.v2.0: SKIP NoDataInBounds (field does not intersect FMASK)
[148/8861] [133] HLS.L30.T11SQA.2021093T181456.v2.0: SKIP NoDataInBounds (field does not intersect FMASK)
[149/8861] [134] HLS.L30.T12STF.2021093T181456.v2.0: SKIP NoDataInBounds (field does not intersect FMASK)
[150/8861] [135] HLS.L30.T11SPA.2021093T181456.v2.0: SKIP NoDataInBounds (field does not intersect FMASK)
[151/8861] [137] HLS.L30.T12STE.2021093T181520.v2.0: SKIP NoDataInBounds (field does not intersect FMASK)
[152/8861] [136] HLS.L30.T11SPB.2021093T181456.v2.0: SKIP NoDataInBounds (field does not intersect FMASK)
[153/8861] [151] HLS.L30.T11SNR.2021093T181608.v2.0: SKIP NoDataInBounds (field does not intersect FMASK)
[154/8861] [154] HLS.S30.T12TTM.2021093T182911.v2.0: SKIP NoDataInBounds (field does not intersect FMASK)
[155/8861] [153] HLS.S30.T11TQG.2021093T182911.v2.0: SKIP NoDataInBounds (field does not intersect FMASK)
[156/8861] [155] HLS.S30.T11TPG.2021093T182911.v2.0: SKIP NoDataInBounds (field does not intersect FMASK)
[157/8861] [156] HLS.S30.T11TNG.2021093T182911.v2.0: SKIP NoDataInBounds (field does not intersect FMASK)
[158/8861] [157] HLS.S30.T11TMG.2021093T182911.v2.0: SKIP NoDataInBounds (field does not intersect FMASK)
[159/8861] [158] HLS.S30.T12TTL.2021093T182911.v2.0: SKIP NoDataInBounds (field does not intersect FMASK)
[160/8861] [160] HLS.S30.T11TPF.2021093T182911.v2.0: SKIP NoDataInBounds (field does not intersect FMASK)
[161/8861] [159] HLS.S30.T11TQF.2021093T182911.v2.0: SKIP NoDataInBounds (field does not intersect FMASK)
[162/8861] [161] HLS.S30.T11TNF.2021093T182911.v2.0: SKIP NoDataInBounds (field does not intersect FMASK)
[163/8861] [163] HLS.S30.T11TQE.2021093T182911.v2.0: SKIP NoDataInBounds (field does not intersect FMASK)
[164/8861] [164] HLS.S30.T12TTK.2021093T182911.v2.0: SKIP NoDataInBounds (field does not intersect FMASK)
[165/8861] [162] HLS.S30.T11TMF.2021093T182911.v2.0: SKIP NoDataInBounds (field does not intersect FMASK)
[166/8861] [165] HLS.S30.T11TPE.2021093T182911.v2.0: SKIP NoDataInBounds (field does not intersect FMASK)
[167/8861] [166] HLS.S30.T11TNE.2021093T182911.v2.0: SKIP NoDataInBounds (field does not intersect FMASK)
[168/8861] [168] HLS.S30.T11TME.2021093T182911.v2.0: SKIP NoDataInBounds (field does not intersect FMASK)
[169/8861] [167] HLS.S30.T12STJ.2021093T182911.v2.0: SKIP NoDataInBounds (field does not intersect FMASK)
[170/8861] [169] HLS.S30.T11SQD.2021093T182911.v2.0: SKIP NoDataInBounds (field does not intersect FMASK)
[171/8861] [177] all outputs exist; skipping HLS.S30.T11SLC.2021093T182911.v2.0
[172/8861] [171] HLS.S30.T11SND.2021093T182911.v2.0: SKIP NoDataInBounds (field does not intersect FMASK)
[173/8861] [172] HLS.S30.T11SMD.2021093T182911.v2.0: SKIP NoDataInBounds (field does not intersect FMASK)
[174/8861] [180] all outputs exist; skipping HLS.S30.T11SMB.2021093T182911.v2.0
[175/8861] [181] all outputs exist; skipping HLS.S30.T11SLB.2021093T182911.v2.0
[176/8861] [170] HLS.S30.T11SPD.2021093T182911.v2.0: SKIP NoDataInBounds (field does not intersect FMASK)
[177/8861] [183] all outputs exist; skipping HLS.S30.T11SNA.2021093T182911.v2.0
[178/8861] [184] all outputs exist; skipping HLS.S30.T11SMA.2021093T182911.v2.0
[179/8861] [185] all outputs exist; skipping HLS.S30.T11SLA.2021093T182911.v2.0
[180/8861] [186] all outputs exist; skipping HLS.S30.T11SPV.2021093T182911.v2.0
[181/8861] [187] all outputs exist; skipping HLS.S30.T11SNV.2021093T182911.v2.0
[182/8861] [188] all outputs exist; skipping HLS.S30.T11SPU.2021093T182911.v2.0
[183/8861] [189] all outputs exist; skipping HLS.S30.T11SMV.2021093T182911.v2.0
[184/8861] [190] all outputs exist; skipping HLS.S30.T11SLV.2021093T182911.v2.0
[185/8861] [191] all outputs exist; skipping HLS.S30.T11SNU.2021093T182911.v2.0
[186/8861] [192] all outputs exist; skipping HLS.S30.T11SKV.2021093T182911.v2.0
[187/8861] [193] all outputs exist; skipping HLS.S30.T11SMU.2021093T182911.v2.0
[188/8861] [194] all outputs exist; skipping HLS.S30.T11SLU.2021093T182911.v2.0
[189/8861] [173] HLS.S30.T11SPC.2021093T182911.v2.0: SKIP NoDataInBounds (field does not intersect FMASK)
[190/8861] [195] all outputs exist; skipping HLS.S30.T11SKU.2021093T182911.v2.0
[191/8861] [196] all outputs exist; skipping HLS.S30.T11SNT.2021093T182911.v2.0
[192/8861] [197] all outputs exist; skipping HLS.S30.T11SMT.2021093T182911.v2.0
[193/8861] [198] all outputs exist; skipping HLS.S30.T11SLT.2021093T182911.v2.0
[194/8861] [199] all outputs exist; skipping HLS.S30.T11SKT.2021093T182911.v2.0
[195/8861] [200] all outputs exist; skipping HLS.S30.T11SNS.2021093T182911.v2.0
[196/8861] [201] all outputs exist; skipping HLS.S30.T11SMS.2021093T182911.v2.0
[197/8861] [175] HLS.S30.T11SNC.2021093T182911.v2.0: SKIP NoDataInBounds (field does not intersect FMASK)
[198/8861] [174] HLS.S30.T11SLD.2021093T182911.v2.0: SKIP NoDataInBounds (field does not intersect FMASK)
[199/8861] [205] all outputs exist; skipping HLS.S30.T11SMR.2021093T182911.v2.0
[200/8861] [206] all outputs exist; skipping HLS.L30.T10TDM.2021094T185636.v2.0
[201/8861] [207] all outputs exist; skipping HLS.L30.T10TEM.2021094T185636.v2.0
[202/8861] [208] all outputs exist; skipping HLS.L30.T10TCL.2021094T185700.v2.0
[203/8861] [209] all outputs exist; skipping HLS.L30.T10TDL.2021094T185700.v2.0
[204/8861] [210] all outputs exist; skipping HLS.L30.T10TEL.2021094T185700.v2.0
[205/8861] [211] all outputs exist; skipping HLS.L30.T10TCM.2021094T185700.v2.0
[206/8861] [212] all outputs exist; skipping HLS.L30.T10SDJ.2021094T185724.v2.0
[207/8861] [213] all outputs exist; skipping HLS.L30.T10TDK.2021094T185724.v2.0
[208/8861] [214] all outputs exist; skipping HLS.L30.T10TCK.2021094T185724.v2.0
[209/8861] [215] all outputs exist; skipping HLS.L30.T10SDH.2021094T185747.v2.0
[210/8861] [178] HLS.S30.T11SPB.2021093T182911.v2.0: SKIP NoDataInBounds (field does not intersect FMASK)
[211/8861] [217] all outputs exist; skipping HLS.S30.T10TGM.2021094T184919.v2.0
[212/8861] [218] all outputs exist; skipping HLS.S30.T11TKG.2021094T184919.v2.0
[213/8861] [219] all outputs exist; skipping HLS.S30.T10TFM.2021094T184919.v2.0
[214/8861] [220] all outputs exist; skipping HLS.S30.T10TEM.2021094T184919.v2.0
[215/8861] [176] HLS.S30.T11SMC.2021093T182911.v2.0: SKIP NoDataInBounds (field does not intersect FMASK)
[216/8861] [222] all outputs exist; skipping HLS.S30.T11TKF.2021094T184919.v2.0
[217/8861] [223] all outputs exist; skipping HLS.S30.T10TGL.2021094T184919.v2.0
[218/8861] [224] all outputs exist; skipping HLS.S30.T10TFL.2021094T184919.v2.0
[219/8861] [179] HLS.S30.T11SNB.2021093T182911.v2.0: SKIP NoDataInBounds (field does not intersect FMASK)
[220/8861] [226] all outputs exist; skipping HLS.S30.T10TEL.2021094T184919.v2.0
[221/8861] [227] all outputs exist; skipping HLS.S30.T11TKE.2021094T184919.v2.0
[222/8861] [228] all outputs exist; skipping HLS.S30.T10TGK.2021094T184919.v2.0
[223/8861] [229] all outputs exist; skipping HLS.S30.T10TFK.2021094T184919.v2.0
[224/8861] [230] all outputs exist; skipping HLS.S30.T10TEK.2021094T184919.v2.0
[225/8861] [231] all outputs exist; skipping HLS.S30.T11SKD.2021094T184919.v2.0
[226/8861] [232] all outputs exist; skipping HLS.S30.T10SGJ.2021094T184919.v2.0
[227/8861] [233] all outputs exist; skipping HLS.S30.T10SFJ.2021094T184919.v2.0
[228/8861] [234] all outputs exist; skipping HLS.S30.T10SEJ.2021094T184919.v2.0
[229/8861] [235] all outputs exist; skipping HLS.S30.T10SDJ.2021094T184919.v2.0
[230/8861] [236] all outputs exist; skipping HLS.S30.T11SKC.2021094T184919.v2.0
[231/8861] [237] all outputs exist; skipping HLS.S30.T10SGH.2021094T184919.v2.0
[232/8861] [238] all outputs exist; skipping HLS.S30.T10SFH.2021094T184919.v2.0
[233/8861] [239] all outputs exist; skipping HLS.S30.T10SEH.2021094T184919.v2.0
[234/8861] [240] all outputs exist; skipping HLS.S30.T10SDH.2021094T184919.v2.0
[235/8861] [241] all outputs exist; skipping HLS.S30.T11SKB.2021094T184919.v2.0
[236/8861] [242] all outputs exist; skipping HLS.S30.T10SGG.2021094T184919.v2.0
[237/8861] [243] all outputs exist; skipping HLS.S30.T10SFG.2021094T184919.v2.0
[238/8861] [244] all outputs exist; skipping HLS.S30.T11SKA.2021094T184919.v2.0
[239/8861] [245] all outputs exist; skipping HLS.S30.T10SEG.2021094T184919.v2.0
[240/8861] [203] HLS.S30.T11SKS.2021093T182911.v2.0: SKIP NoDataInBounds (field does not intersect FMASK)
[241/8861] [247] all outputs exist; skipping HLS.S30.T10SGF.2021094T184919.v2.0
[242/8861] [248] all outputs exist; skipping HLS.S30.T10SFF.2021094T184919.v2.0
[243/8861] [249] all outputs exist; skipping HLS.S30.T10SEF.2021094T184919.v2.0
[244/8861] [250] all outputs exist; skipping HLS.S30.T10SGE.2021094T184919.v2.0
[245/8861] [251] all outputs exist; skipping HLS.S30.T10SFE.2021094T184919.v2.0
[246/8861] [252] all outputs exist; skipping HLS.S30.T10SFD.2021094T184919.v2.0
[247/8861] [182] HLS.S30.T11SPA.2021093T182911.v2.0: SKIP NoDataInBounds (field does not intersect FMASK)
[248/8861] [202] HLS.S30.T11SLS.2021093T182911.v2.0: SKIP NoDataInBounds (field does not intersect FMASK)
[249/8861] [204] HLS.S30.T11SNR.2021093T182911.v2.0: SKIP NoDataInBounds (field does not intersect FMASK)
[250/8861] [216] HLS.S30.T11TLG.2021094T184919.v2.0: SKIP NoDataInBounds (field does not intersect FMASK)
[251/8861] [221] HLS.S30.T11TLF.2021094T184919.v2.0: SKIP NoDataInBounds (field does not intersect FMASK)
[252/8861] [225] HLS.S30.T11TLE.2021094T184919.v2.0: SKIP NoDataInBounds (field does not intersect FMASK)
[253/8861] [246] HLS.S30.T10SDG.2021094T184919.v2.0: SKIP NoDataInBounds (field does not intersect FMASK)
[254/8861] [253] HLS.S30.T11TQG.2021095T181919.v2.0: SKIP NoDataInBounds (field does not intersect FMASK)
[255/8861] [255] HLS.S30.T11TPG.2021095T181919.v2.0: SKIP NoDataInBounds (field does not intersect FMASK)
[256/8861] [256] HLS.S30.T12TTL.2021095T181919.v2.0: SKIP NoDataInBounds (field does not intersect FMASK)
[257/8861] [257] HLS.S30.T11TQF.2021095T181919.v2.0: SKIP NoDataInBounds (field does not intersect FMASK)
[258/8861] [258] HLS.S30.T11TPF.2021095T181919.v2.0: SKIP NoDataInBounds (field does not intersect FMASK)
[259/8861] [259] HLS.S30.T12TTK.2021095T181919.v2.0: SKIP NoDataInBounds (field does not intersect FMASK)
[260/8861] [254] HLS.S30.T12TTM.2021095T181919.v2.0: SKIP NoDataInBounds (field does not intersect FMASK)
[261/8861] [260] HLS.S30.T11TQE.2021095T181919.v2.0: SKIP NoDataInBounds (field does not intersect FMASK)
[262/8861] [261] HLS.S30.T11TPE.2021095T181919.v2.0: SKIP NoDataInBounds (field does not intersect FMASK)
[263/8861] [262] HLS.S30.T12STJ.2021095T181919.v2.0: SKIP NoDataInBounds (field does not intersect FMASK)
[264/8861] [263] HLS.S30.T11SQD.2021095T181919.v2.0: SKIP NoDataInBounds (field does not intersect FMASK)
[265/8861] [264] HLS.S30.T11SPD.2021095T181919.v2.0: SKIP NoDataInBounds (field does not intersect FMASK)
[266/8861] [265] HLS.S30.T12STH.2021095T181919.v2.0: SKIP NoDataInBounds (field does not intersect FMASK)
[267/8861] [267] HLS.S30.T11SPC.2021095T181919.v2.0: SKIP NoDataInBounds (field does not intersect FMASK)
[268/8861] [266] HLS.S30.T11SQC.2021095T181919.v2.0: SKIP NoDataInBounds (field does not intersect FMASK)
[269/8861] [268] HLS.S30.T11SNC.2021095T181919.v2.0: SKIP NoDataInBounds (field does not intersect FMASK)
[270/8861] [276] all outputs exist; skipping HLS.S30.T11SNA.2021095T181919.v2.0
[271/8861] [269] HLS.S30.T12STG.2021095T181919.v2.0: SKIP NoDataInBounds (field does not intersect FMASK)
[272/8861] [278] all outputs exist; skipping HLS.S30.T11SQV.2021095T181919.v2.0
[273/8861] [279] all outputs exist; skipping HLS.S30.T11SPV.2021095T181919.v2.0
[274/8861] [280] all outputs exist; skipping HLS.S30.T11SNV.2021095T181919.v2.0
[275/8861] [281] all outputs exist; skipping HLS.S30.T12STD.2021095T181919.v2.0
[276/8861] [282] all outputs exist; skipping HLS.S30.T11SQU.2021095T181919.v2.0
[277/8861] [283] all outputs exist; skipping HLS.S30.T11SPU.2021095T181919.v2.0
[278/8861] [284] all outputs exist; skipping HLS.S30.T11SNU.2021095T181919.v2.0
[279/8861] [285] all outputs exist; skipping HLS.S30.T12STC.2021095T181919.v2.0
[280/8861] [286] all outputs exist; skipping HLS.S30.T11SQT.2021095T181919.v2.0
[281/8861] [287] all outputs exist; skipping HLS.S30.T11SPT.2021095T181919.v2.0
[282/8861] [288] all outputs exist; skipping HLS.S30.T11SNT.2021095T181919.v2.0
[283/8861] [270] HLS.S30.T11SQB.2021095T181919.v2.0: SKIP NoDataInBounds (field does not intersect FMASK)
[284/8861] [290] all outputs exist; skipping HLS.S30.T11SMT.2021095T181919.v2.0
[285/8861] [291] all outputs exist; skipping HLS.S30.T11SQS.2021095T181919.v2.0
[286/8861] [292] all outputs exist; skipping HLS.S30.T11SPS.2021095T181919.v2.0
[287/8861] [293] all outputs exist; skipping HLS.S30.T11SNS.2021095T181919.v2.0
[288/8861] [294] all outputs exist; skipping HLS.S30.T11SMS.2021095T181919.v2.0
[289/8861] [271] HLS.S30.T11SPB.2021095T181919.v2.0: SKIP NoDataInBounds (field does not intersect FMASK)
[290/8861] [296] all outputs exist; skipping HLS.S30.T11SMR.2021095T181919.v2.0
[291/8861] [297] all outputs exist; skipping HLS.S30.T10TDM.2021095T190911.v2.0
[292/8861] [298] all outputs exist; skipping HLS.S30.T10TCM.2021095T190911.v2.0
[293/8861] [299] all outputs exist; skipping HLS.S30.T10TDL.2021095T190911.v2.0
[294/8861] [300] all outputs exist; skipping HLS.S30.T10TCL.2021095T190911.v2.0
[295/8861] [301] all outputs exist; skipping HLS.S30.T10TDK.2021095T190911.v2.0
[296/8861] [302] all outputs exist; skipping HLS.S30.T10TCK.2021095T190911.v2.0
[297/8861] [303] all outputs exist; skipping HLS.L30.T10TGM.2021096T184413.v2.0
[298/8861] [304] all outputs exist; skipping HLS.L30.T11TKG.2021096T184413.v2.0
[299/8861] [305] all outputs exist; skipping HLS.L30.T10TFL.2021096T184437.v2.0
[300/8861] [306] all outputs exist; skipping HLS.L30.T10TFM.2021096T184437.v2.0
[301/8861] [307] all outputs exist; skipping HLS.L30.T11TKF.2021096T184437.v2.0
[302/8861] [308] all outputs exist; skipping HLS.L30.T10TEL.2021096T184437.v2.0
[303/8861] [309] all outputs exist; skipping HLS.L30.T10TGL.2021096T184437.v2.0
[304/8861] [310] all outputs exist; skipping HLS.L30.T10TEM.2021096T184437.v2.0
[305/8861] [311] all outputs exist; skipping HLS.L30.T11TKE.2021096T184501.v2.0
[306/8861] [312] all outputs exist; skipping HLS.L30.T10TGK.2021096T184501.v2.0
[307/8861] [313] all outputs exist; skipping HLS.L30.T10SEJ.2021096T184501.v2.0
[308/8861] [314] all outputs exist; skipping HLS.L30.T10SGJ.2021096T184501.v2.0
[309/8861] [315] all outputs exist; skipping HLS.L30.T11SKD.2021096T184501.v2.0
[310/8861] [316] all outputs exist; skipping HLS.L30.T10SFJ.2021096T184501.v2.0
[311/8861] [317] all outputs exist; skipping HLS.L30.T10TFK.2021096T184501.v2.0
[312/8861] [318] all outputs exist; skipping HLS.L30.T10TEK.2021096T184501.v2.0
[313/8861] [319] all outputs exist; skipping HLS.L30.T10SGH.2021096T184525.v2.0
[314/8861] [320] all outputs exist; skipping HLS.L30.T10SFH.2021096T184525.v2.0
[315/8861] [321] all outputs exist; skipping HLS.L30.T10SEH.2021096T184525.v2.0
[316/8861] [322] all outputs exist; skipping HLS.L30.T10SDH.2021096T184525.v2.0
[317/8861] [323] all outputs exist; skipping HLS.L30.T10SFG.2021096T184549.v2.0
[318/8861] [324] all outputs exist; skipping HLS.L30.T10SEG.2021096T184549.v2.0
[319/8861] [272] HLS.S30.T11SNB.2021095T181919.v2.0: SKIP NoDataInBounds (field does not intersect FMASK)
[320/8861] [326] all outputs exist; skipping HLS.L30.T10SEF.2021096T184549.v2.0
[321/8861] [327] all outputs exist; skipping HLS.L30.T10SFF.2021096T184549.v2.0
[322/8861] [328] all outputs exist; skipping HLS.L30.T10SFD.2021096T184613.v2.0
[323/8861] [329] all outputs exist; skipping HLS.L30.T10SFE.2021096T184613.v2.0
[324/8861] [273] HLS.S30.T12STF.2021095T181919.v2.0: SKIP NoDataInBounds (field does not intersect FMASK)
[325/8861] [274] HLS.S30.T11SQA.2021095T181919.v2.0: SKIP NoDataInBounds (field does not intersect FMASK)
[326/8861] [275] HLS.S30.T11SPA.2021095T181919.v2.0: SKIP NoDataInBounds (field does not intersect FMASK)
[327/8861] [333] all outputs exist; skipping HLS.S30.T10TGM.2021096T183911.v2.0
[328/8861] [334] all outputs exist; skipping HLS.S30.T11TKG.2021096T183911.v2.0
[329/8861] [289] HLS.S30.T12STB.2021095T181919.v2.0: SKIP NoDataInBounds (field does not intersect FMASK)
[330/8861] [277] HLS.S30.T12STE.2021095T181919.v2.0: SKIP NoDataInBounds (field does not intersect FMASK)
[331/8861] [295] HLS.S30.T11SNR.2021095T181919.v2.0: SKIP NoDataInBounds (field does not intersect FMASK)
[332/8861] [338] all outputs exist; skipping HLS.S30.T11TKF.2021096T183911.v2.0
[333/8861] [339] all outputs exist; skipping HLS.S30.T10TGL.2021096T183911.v2.0
[334/8861] [325] HLS.L30.T10SDG.2021096T184549.v2.0: SKIP NoDataInBounds (field does not intersect FMASK)
[335/8861] [330] HLS.S30.T11TNG.2021096T183911.v2.0: SKIP NoDataInBounds (field does not intersect FMASK)
[336/8861] [331] HLS.S30.T11TMG.2021096T183911.v2.0: SKIP NoDataInBounds (field does not intersect FMASK)
[337/8861] [332] HLS.S30.T11TLG.2021096T183911.v2.0: SKIP NoDataInBounds (field does not intersect FMASK)
[338/8861] [344] all outputs exist; skipping HLS.S30.T11TKE.2021096T183911.v2.0
[339/8861] [345] all outputs exist; skipping HLS.S30.T10TGK.2021096T183911.v2.0
[340/8861] [335] HLS.S30.T11TNF.2021096T183911.v2.0: SKIP NoDataInBounds (field does not intersect FMASK)
[341/8861] [336] HLS.S30.T11TMF.2021096T183911.v2.0: SKIP NoDataInBounds (field does not intersect FMASK)
[342/8861] [348] all outputs exist; skipping HLS.S30.T11SKD.2021096T183911.v2.0
[343/8861] [349] all outputs exist; skipping HLS.S30.T10SGJ.2021096T183911.v2.0
[344/8861] [337] HLS.S30.T11TLF.2021096T183911.v2.0: SKIP NoDataInBounds (field does not intersect FMASK)
[345/8861] [351] all outputs exist; skipping HLS.S30.T10SFJ.2021096T183911.v2.0
[346/8861] [352] all outputs exist; skipping HLS.S30.T11SLC.2021096T183911.v2.0
[347/8861] [353] all outputs exist; skipping HLS.S30.T11SKC.2021096T183911.v2.0
[348/8861] [354] all outputs exist; skipping HLS.S30.T10SGH.2021096T183911.v2.0
[349/8861] [355] all outputs exist; skipping HLS.S30.T10SFH.2021096T183911.v2.0
[350/8861] [356] all outputs exist; skipping HLS.S30.T11SMB.2021096T183911.v2.0
[351/8861] [357] all outputs exist; skipping HLS.S30.T11SLB.2021096T183911.v2.0
[352/8861] [358] all outputs exist; skipping HLS.S30.T11SKB.2021096T183911.v2.0
[353/8861] [359] all outputs exist; skipping HLS.S30.T10SGG.2021096T183911.v2.0
[354/8861] [360] all outputs exist; skipping HLS.S30.T11SMA.2021096T183911.v2.0
[355/8861] [361] all outputs exist; skipping HLS.S30.T10SFG.2021096T183911.v2.0
[356/8861] [362] all outputs exist; skipping HLS.S30.T11SLA.2021096T183911.v2.0
[357/8861] [363] all outputs exist; skipping HLS.S30.T11SKA.2021096T183911.v2.0
[358/8861] [364] all outputs exist; skipping HLS.S30.T10SGF.2021096T183911.v2.0
[359/8861] [365] all outputs exist; skipping HLS.S30.T10SFF.2021096T183911.v2.0
[360/8861] [366] all outputs exist; skipping HLS.S30.T11SLV.2021096T183911.v2.0
[361/8861] [367] all outputs exist; skipping HLS.S30.T11SKV.2021096T183911.v2.0
[362/8861] [368] all outputs exist; skipping HLS.S30.T10SGE.2021096T183911.v2.0
[363/8861] [369] all outputs exist; skipping HLS.S30.T10SFE.2021096T183911.v2.0
[364/8861] [370] all outputs exist; skipping HLS.S30.T11SLU.2021096T183911.v2.0
[365/8861] [371] all outputs exist; skipping HLS.S30.T11SKU.2021096T183911.v2.0
[366/8861] [372] all outputs exist; skipping HLS.S30.T10SGD.2021096T183911.v2.0
[367/8861] [373] all outputs exist; skipping HLS.S30.T10SFD.2021096T183911.v2.0
[368/8861] [374] all outputs exist; skipping HLS.S30.T11SLT.2021096T183911.v2.0
[369/8861] [375] all outputs exist; skipping HLS.S30.T11SKT.2021096T183911.v2.0
[370/8861] [340] HLS.S30.T11TNE.2021096T183911.v2.0: SKIP NoDataInBounds (field does not intersect FMASK)
[371/8861] [341] HLS.S30.T11TME.2021096T183911.v2.0: SKIP NoDataInBounds (field does not intersect FMASK)
[372/8861] [343] HLS.S30.T11SND.2021096T183911.v2.0: SKIP NoDataInBounds (field does not intersect FMASK)
[373/8861] [379] all outputs exist; skipping HLS.S30.T11SQV.2021097T180911.v2.0
[374/8861] [380] all outputs exist; skipping HLS.S30.T12STD.2021097T180911.v2.0
[375/8861] [381] all outputs exist; skipping HLS.S30.T11SQU.2021097T180911.v2.0
[376/8861] [382] all outputs exist; skipping HLS.S30.T12STC.2021097T180911.v2.0
[377/8861] [383] all outputs exist; skipping HLS.S30.T11SQT.2021097T180911.v2.0
[378/8861] [342] HLS.S30.T11TLE.2021096T183911.v2.0: SKIP NoDataInBounds (field does not intersect FMASK)
[379/8861] [385] all outputs exist; skipping HLS.S30.T11SQS.2021097T180911.v2.0
[380/8861] [386] all outputs exist; skipping HLS.S30.T11SPS.2021097T180911.v2.0
[381/8861] [387] all outputs exist; skipping HLS.S30.T10TFM.2021097T185919.v2.0
[382/8861] [388] all outputs exist; skipping HLS.S30.T10TEM.2021097T185919.v2.0
[383/8861] [389] all outputs exist; skipping HLS.S30.T10TDM.2021097T185919.v2.0
[384/8861] [390] all outputs exist; skipping HLS.S30.T10TFL.2021097T185919.v2.0
[385/8861] [391] all outputs exist; skipping HLS.S30.T10TEL.2021097T185919.v2.0
[386/8861] [392] all outputs exist; skipping HLS.S30.T10TDL.2021097T185919.v2.0
[387/8861] [393] all outputs exist; skipping HLS.S30.T10TFK.2021097T185919.v2.0
[388/8861] [394] all outputs exist; skipping HLS.S30.T10TEK.2021097T185919.v2.0
[389/8861] [395] all outputs exist; skipping HLS.S30.T10TDK.2021097T185919.v2.0
[390/8861] [396] all outputs exist; skipping HLS.S30.T10TCK.2021097T185919.v2.0
[391/8861] [397] all outputs exist; skipping HLS.S30.T10SEJ.2021097T185919.v2.0
[392/8861] [398] all outputs exist; skipping HLS.S30.T10SDJ.2021097T185919.v2.0
[393/8861] [399] all outputs exist; skipping HLS.S30.T10SEH.2021097T185919.v2.0
[394/8861] [400] all outputs exist; skipping HLS.S30.T10SDH.2021097T185919.v2.0
[395/8861] [401] all outputs exist; skipping HLS.S30.T10SEG.2021097T185919.v2.0
[396/8861] [346] HLS.S30.T11SMD.2021096T183911.v2.0: SKIP NoDataInBounds (field does not intersect FMASK)
[397/8861] [347] HLS.S30.T11SLD.2021096T183911.v2.0: SKIP NoDataInBounds (field does not intersect FMASK)
[398/8861] [350] HLS.S30.T11SMC.2021096T183911.v2.0: SKIP NoDataInBounds (field does not intersect FMASK)
[399/8861] [377] HLS.S30.T11SKS.2021096T183911.v2.0: SKIP NoDataInBounds (field does not intersect FMASK)
[400/8861] [376] HLS.S30.T10SGC.2021096T183911.v2.0: SKIP NoDataInBounds (field does not intersect FMASK)
[401/8861] [378] HLS.S30.T12STE.2021097T180911.v2.0: SKIP NoDataInBounds (field does not intersect FMASK)
[402/8861] [384] HLS.S30.T12STB.2021097T180911.v2.0: SKIP NoDataInBounds (field does not intersect FMASK)
[403/8861] [402] HLS.S30.T10SDG.2021097T185919.v2.0: SKIP NoDataInBounds (field does not intersect FMASK)
[404/8861] [403] HLS.L30.T11TNG.2021098T183151.v2.0: SKIP NoDataInBounds (field does not intersect FMASK)
[405/8861] [411] all outputs exist; skipping HLS.L30.T11TKE.2021098T183239.v2.0
[406/8861] [404] HLS.L30.T11TMG.2021098T183151.v2.0: SKIP NoDataInBounds (field does not intersect FMASK)
[407/8861] [405] HLS.L30.T11TLG.2021098T183215.v2.0: SKIP NoDataInBounds (field does not intersect FMASK)
[408/8861] [414] all outputs exist; skipping HLS.L30.T10TGK.2021098T183239.v2.0
[409/8861] [406] HLS.L30.T11TLF.2021098T183215.v2.0: SKIP NoDataInBounds (field does not intersect FMASK)
[410/8861] [416] all outputs exist; skipping HLS.L30.T11SKD.2021098T183239.v2.0
[411/8861] [417] all outputs exist; skipping HLS.L30.T11SLC.2021098T183303.v2.0
[412/8861] [418] all outputs exist; skipping HLS.L30.T10SGH.2021098T183303.v2.0
[413/8861] [407] HLS.L30.T11TMF.2021098T183215.v2.0: SKIP NoDataInBounds (field does not intersect FMASK)
[414/8861] [420] all outputs exist; skipping HLS.L30.T10SGJ.2021098T183303.v2.0
[415/8861] [421] all outputs exist; skipping HLS.L30.T11SKC.2021098T183303.v2.0
[416/8861] [422] all outputs exist; skipping HLS.L30.T11SLB.2021098T183327.v2.0
[417/8861] [423] all outputs exist; skipping HLS.L30.T11SMB.2021098T183327.v2.0
[418/8861] [424] all outputs exist; skipping HLS.L30.T11SKA.2021098T183327.v2.0
[419/8861] [425] all outputs exist; skipping HLS.L30.T10SGG.2021098T183327.v2.0
[420/8861] [426] all outputs exist; skipping HLS.L30.T11SLA.2021098T183327.v2.0
[421/8861] [427] all outputs exist; skipping HLS.L30.T11SKB.2021098T183327.v2.0
[422/8861] [428] all outputs exist; skipping HLS.L30.T10SGF.2021098T183327.v2.0
[423/8861] [429] all outputs exist; skipping HLS.L30.T11SKU.2021098T183351.v2.0
[424/8861] [430] all outputs exist; skipping HLS.L30.T11SLU.2021098T183351.v2.0
[425/8861] [431] all outputs exist; skipping HLS.L30.T11SLV.2021098T183351.v2.0
[426/8861] [432] all outputs exist; skipping HLS.L30.T10SGE.2021098T183351.v2.0
[427/8861] [433] all outputs exist; skipping HLS.L30.T11SKV.2021098T183351.v2.0
[428/8861] [434] all outputs exist; skipping HLS.L30.T11SLT.2021098T183414.v2.0
[429/8861] [435] all outputs exist; skipping HLS.L30.T11SKT.2021098T183414.v2.0
[430/8861] [436] all outputs exist; skipping HLS.L30.T10SFD.2021098T183414.v2.0
[431/8861] [408] HLS.L30.T11TNF.2021098T183215.v2.0: SKIP NoDataInBounds (field does not intersect FMASK)
[432/8861] [438] all outputs exist; skipping HLS.L30.T10SGD.2021098T183414.v2.0
[433/8861] [439] all outputs exist; skipping HLS.L30.T10SFE.2021098T183414.v2.0
[434/8861] [440] all outputs exist; skipping HLS.L30.T11SLV.2021098T183414.v2.0
[435/8861] [441] all outputs exist; skipping HLS.L30.T11SLU.2021098T183414.v2.0
[436/8861] [442] all outputs exist; skipping HLS.L30.T11SKV.2021098T183414.v2.0
[437/8861] [443] all outputs exist; skipping HLS.L30.T11SKU.2021098T183414.v2.0
[438/8861] [444] all outputs exist; skipping HLS.L30.T10SGE.2021098T183414.v2.0
[439/8861] [409] HLS.L30.T11SMD.2021098T183239.v2.0: SKIP NoDataInBounds (field does not intersect FMASK)
[440/8861] [410] HLS.L30.T11TLE.2021098T183239.v2.0: SKIP NoDataInBounds (field does not intersect FMASK)
[441/8861] [412] HLS.L30.T11SLD.2021098T183239.v2.0: SKIP NoDataInBounds (field does not intersect FMASK)
[442/8861] [413] HLS.L30.T11TME.2021098T183239.v2.0: SKIP NoDataInBounds (field does not intersect FMASK)
[443/8861] [415] HLS.L30.T11TNE.2021098T183239.v2.0: SKIP NoDataInBounds (field does not intersect FMASK)
[444/8861] [419] HLS.L30.T11SMC.2021098T183303.v2.0: SKIP NoDataInBounds (field does not intersect FMASK)
[445/8861] [437] HLS.L30.T10SGC.2021098T183414.v2.0: SKIP NoDataInBounds (field does not intersect FMASK)
[446/8861] [445] HLS.L30.T11SKS.2021098T183438.v2.0: SKIP NoDataInBounds (field does not intersect FMASK)
[447/8861] [446] HLS.S30.T11TQG.2021098T182919.v2.0: SKIP NoDataInBounds (field does not intersect FMASK)
[448/8861] [450] HLS.S30.T11TMG.2021098T182919.v2.0: SKIP NoDataInBounds (field does not intersect FMASK)
[449/8861] [448] HLS.S30.T11TPG.2021098T182919.v2.0: SKIP NoDataInBounds (field does not intersect FMASK)
[450/8861] [447] HLS.S30.T12TTM.2021098T182919.v2.0: SKIP NoDataInBounds (field does not intersect FMASK)
[451/8861] [449] HLS.S30.T11TNG.2021098T182919.v2.0: SKIP NoDataInBounds (field does not intersect FMASK)
[452/8861] [451] HLS.S30.T12TTL.2021098T182919.v2.0: SKIP NoDataInBounds (field does not intersect FMASK)
[453/8861] [452] HLS.S30.T11TQF.2021098T182919.v2.0: SKIP NoDataInBounds (field does not intersect FMASK)
[454/8861] [453] HLS.S30.T11TPF.2021098T182919.v2.0: SKIP NoDataInBounds (field does not intersect FMASK)
[455/8861] [454] HLS.S30.T11TNF.2021098T182919.v2.0: SKIP NoDataInBounds (field does not intersect FMASK)
[456/8861] [456] HLS.S30.T12TTK.2021098T182919.v2.0: SKIP NoDataInBounds (field does not intersect FMASK)
[457/8861] [455] HLS.S30.T11TMF.2021098T182919.v2.0: SKIP NoDataInBounds (field does not intersect FMASK)
[458/8861] [457] HLS.S30.T11TQE.2021098T182919.v2.0: SKIP NoDataInBounds (field does not intersect FMASK)
[459/8861] [458] HLS.S30.T11TPE.2021098T182919.v2.0: SKIP NoDataInBounds (field does not intersect FMASK)
[460/8861] [459] HLS.S30.T11TNE.2021098T182919.v2.0: SKIP NoDataInBounds (field does not intersect FMASK)
[461/8861] [460] HLS.S30.T12STJ.2021098T182919.v2.0: SKIP NoDataInBounds (field does not intersect FMASK)
[462/8861] [461] HLS.S30.T11TME.2021098T182919.v2.0: SKIP NoDataInBounds (field does not intersect FMASK)
[463/8861] [462] HLS.S30.T11SQD.2021098T182919.v2.0: SKIP NoDataInBounds (field does not intersect FMASK)
[464/8861] [470] all outputs exist; skipping HLS.S30.T11SLC.2021098T182919.v2.0
[465/8861] [464] HLS.S30.T11SND.2021098T182919.v2.0: SKIP NoDataInBounds (field does not intersect FMASK)
[466/8861] [463] HLS.S30.T11SPD.2021098T182919.v2.0: SKIP NoDataInBounds (field does not intersect FMASK)
[467/8861] [473] all outputs exist; skipping HLS.S30.T11SMB.2021098T182919.v2.0
[468/8861] [474] all outputs exist; skipping HLS.S30.T11SLB.2021098T182919.v2.0
[469/8861] [465] HLS.S30.T11SMD.2021098T182919.v2.0: SKIP NoDataInBounds (field does not intersect FMASK)
[470/8861] [476] all outputs exist; skipping HLS.S30.T11SNA.2021098T182919.v2.0
[471/8861] [477] all outputs exist; skipping HLS.S30.T11SMA.2021098T182919.v2.0
[472/8861] [478] all outputs exist; skipping HLS.S30.T11SLA.2021098T182919.v2.0
[473/8861] [479] all outputs exist; skipping HLS.S30.T11SPV.2021098T182919.v2.0
[474/8861] [480] all outputs exist; skipping HLS.S30.T11SNV.2021098T182919.v2.0
[475/8861] [481] all outputs exist; skipping HLS.S30.T11SPU.2021098T182919.v2.0
[476/8861] [482] all outputs exist; skipping HLS.S30.T11SMV.2021098T182919.v2.0
[477/8861] [483] all outputs exist; skipping HLS.S30.T11SLV.2021098T182919.v2.0
[478/8861] [484] all outputs exist; skipping HLS.S30.T11SNU.2021098T182919.v2.0
[479/8861] [466] HLS.S30.T11SPC.2021098T182919.v2.0: SKIP NoDataInBounds (field does not intersect FMASK)
[480/8861] [485] all outputs exist; skipping HLS.S30.T11SKV.2021098T182919.v2.0
[481/8861] [486] all outputs exist; skipping HLS.S30.T11SMU.2021098T182919.v2.0
[482/8861] [487] all outputs exist; skipping HLS.S30.T11SLU.2021098T182919.v2.0
[483/8861] [488] all outputs exist; skipping HLS.S30.T11SKU.2021098T182919.v2.0
[484/8861] [489] all outputs exist; skipping HLS.S30.T11SNT.2021098T182919.v2.0
[485/8861] [490] all outputs exist; skipping HLS.S30.T11SMT.2021098T182919.v2.0
[486/8861] [491] all outputs exist; skipping HLS.S30.T11SLT.2021098T182919.v2.0
[487/8861] [492] all outputs exist; skipping HLS.S30.T11SKT.2021098T182919.v2.0
[488/8861] [493] all outputs exist; skipping HLS.S30.T11SNS.2021098T182919.v2.0
[489/8861] [494] all outputs exist; skipping HLS.S30.T11SMS.2021098T182919.v2.0
[490/8861] [467] HLS.S30.T11SLD.2021098T182919.v2.0: SKIP NoDataInBounds (field does not intersect FMASK)
[491/8861] [468] HLS.S30.T11SNC.2021098T182919.v2.0: SKIP NoDataInBounds (field does not intersect FMASK)
[492/8861] [498] all outputs exist; skipping HLS.S30.T11SMR.2021098T182919.v2.0
[493/8861] [469] HLS.S30.T11SMC.2021098T182919.v2.0: SKIP NoDataInBounds (field does not intersect FMASK)
[494/8861] [500] all outputs exist; skipping HLS.S30.T10TGM.2021099T184911.v2.0
[495/8861] [501] all outputs exist; skipping HLS.S30.T11TKG.2021099T184911.v2.0
[496/8861] [502] all outputs exist; skipping HLS.S30.T10TFM.2021099T184911.v2.0
[497/8861] [503] all outputs exist; skipping HLS.S30.T10TEM.2021099T184911.v2.0
[498/8861] [471] HLS.S30.T11SPB.2021098T182919.v2.0: SKIP NoDataInBounds (field does not intersect FMASK)
[499/8861] [505] all outputs exist; skipping HLS.S30.T11TKF.2021099T184911.v2.0
[500/8861] [506] all outputs exist; skipping HLS.S30.T10TGL.2021099T184911.v2.0
[501/8861] [507] all outputs exist; skipping HLS.S30.T10TFL.2021099T184911.v2.0
[502/8861] [495] HLS.S30.T11SLS.2021098T182919.v2.0: SKIP NoDataInBounds (field does not intersect FMASK)
[503/8861] [509] all outputs exist; skipping HLS.S30.T10TEL.2021099T184911.v2.0
[504/8861] [510] all outputs exist; skipping HLS.S30.T11TKE.2021099T184911.v2.0
[505/8861] [472] HLS.S30.T11SNB.2021098T182919.v2.0: SKIP NoDataInBounds (field does not intersect FMASK)
[506/8861] [511] all outputs exist; skipping HLS.S30.T10TGK.2021099T184911.v2.0
[507/8861] [512] all outputs exist; skipping HLS.S30.T10TFK.2021099T184911.v2.0
[508/8861] [513] all outputs exist; skipping HLS.S30.T10TEK.2021099T184911.v2.0
[509/8861] [514] all outputs exist; skipping HLS.S30.T11SKD.2021099T184911.v2.0
[510/8861] [515] all outputs exist; skipping HLS.S30.T10SGJ.2021099T184911.v2.0
[511/8861] [516] all outputs exist; skipping HLS.S30.T10SFJ.2021099T184911.v2.0
[512/8861] [517] all outputs exist; skipping HLS.S30.T10SEJ.2021099T184911.v2.0
[513/8861] [518] all outputs exist; skipping HLS.S30.T10SDJ.2021099T184911.v2.0
[514/8861] [519] all outputs exist; skipping HLS.S30.T11SKC.2021099T184911.v2.0
[515/8861] [520] all outputs exist; skipping HLS.S30.T10SGH.2021099T184911.v2.0
[516/8861] [521] all outputs exist; skipping HLS.S30.T10SFH.2021099T184911.v2.0
[517/8861] [522] all outputs exist; skipping HLS.S30.T10SEH.2021099T184911.v2.0
[518/8861] [523] all outputs exist; skipping HLS.S30.T10SDH.2021099T184911.v2.0
[519/8861] [524] all outputs exist; skipping HLS.S30.T11SKB.2021099T184911.v2.0
[520/8861] [525] all outputs exist; skipping HLS.S30.T10SGG.2021099T184911.v2.0
[521/8861] [526] all outputs exist; skipping HLS.S30.T10SFG.2021099T184911.v2.0
[522/8861] [527] all outputs exist; skipping HLS.S30.T11SKA.2021099T184911.v2.0
[523/8861] [529] all outputs exist; skipping HLS.S30.T10SGF.2021099T184911.v2.0
[524/8861] [530] all outputs exist; skipping HLS.S30.T10SFF.2021099T184911.v2.0
[525/8861] [531] all outputs exist; skipping HLS.S30.T10SEG.2021099T184911.v2.0
[526/8861] [532] all outputs exist; skipping HLS.S30.T10SEF.2021099T184911.v2.0
[527/8861] [533] all outputs exist; skipping HLS.S30.T10SGE.2021099T184911.v2.0
[528/8861] [534] all outputs exist; skipping HLS.S30.T10SFE.2021099T184911.v2.0
[529/8861] [535] all outputs exist; skipping HLS.S30.T10SFD.2021099T184911.v2.0
[530/8861] [496] HLS.S30.T11SKS.2021098T182919.v2.0: SKIP NoDataInBounds (field does not intersect FMASK)
[531/8861] [475] HLS.S30.T11SPA.2021098T182919.v2.0: SKIP NoDataInBounds (field does not intersect FMASK)
[532/8861] [497] HLS.S30.T11SNR.2021098T182919.v2.0: SKIP NoDataInBounds (field does not intersect FMASK)
[533/8861] [499] HLS.S30.T11TLG.2021099T184911.v2.0: SKIP NoDataInBounds (field does not intersect FMASK)
[534/8861] [504] HLS.S30.T11TLF.2021099T184911.v2.0: SKIP NoDataInBounds (field does not intersect FMASK)
[535/8861] [508] HLS.S30.T11TLE.2021099T184911.v2.0: SKIP NoDataInBounds (field does not intersect FMASK)
[536/8861] [528] HLS.S30.T10SDG.2021099T184911.v2.0: SKIP NoDataInBounds (field does not intersect FMASK)
[537/8861] [537] HLS.L30.T12TTM.2021100T181929.v2.0: SKIP NoDataInBounds (field does not intersect FMASK)
[538/8861] [539] HLS.L30.T11TPG.2021100T181953.v2.0: SKIP NoDataInBounds (field does not intersect FMASK)
[539/8861] [538] HLS.L30.T11TNG.2021100T181953.v2.0: SKIP NoDataInBounds (field does not intersect FMASK)
[540/8861] [536] HLS.L30.T11TQG.2021100T181929.v2.0: SKIP NoDataInBounds (field does not intersect FMASK)
[541/8861] [540] HLS.L30.T12TTL.2021100T181953.v2.0: SKIP NoDataInBounds (field does not intersect FMASK)
[542/8861] [541] HLS.L30.T11TNF.2021100T181953.v2.0: SKIP NoDataInBounds (field does not intersect FMASK)
[543/8861] [542] HLS.L30.T11TQF.2021100T181953.v2.0: SKIP NoDataInBounds (field does not intersect FMASK)
[544/8861] [544] HLS.L30.T11TPE.2021100T182017.v2.0: SKIP NoDataInBounds (field does not intersect FMASK)
[545/8861] [546] HLS.L30.T11TNE.2021100T182017.v2.0: SKIP NoDataInBounds (field does not intersect FMASK)
[546/8861] [543] HLS.L30.T11TPF.2021100T181953.v2.0: SKIP NoDataInBounds (field does not intersect FMASK)
[547/8861] [548] HLS.L30.T11SND.2021100T182017.v2.0: SKIP NoDataInBounds (field does not intersect FMASK)
[548/8861] [545] HLS.L30.T12STJ.2021100T182017.v2.0: SKIP NoDataInBounds (field does not intersect FMASK)
[549/8861] [555] all outputs exist; skipping HLS.L30.T11SNA.2021100T182104.v2.0
[550/8861] [556] all outputs exist; skipping HLS.L30.T11SMA.2021100T182104.v2.0
[551/8861] [547] HLS.L30.T12TTK.2021100T182017.v2.0: SKIP NoDataInBounds (field does not intersect FMASK)
[552/8861] [558] all outputs exist; skipping HLS.L30.T11SMB.2021100T182104.v2.0
[553/8861] [549] HLS.L30.T11TQE.2021100T182017.v2.0: SKIP NoDataInBounds (field does not intersect FMASK)
[554/8861] [550] HLS.L30.T11SPD.2021100T182017.v2.0: SKIP NoDataInBounds (field does not intersect FMASK)
[555/8861] [551] HLS.L30.T11SQD.2021100T182017.v2.0: SKIP NoDataInBounds (field does not intersect FMASK)
[556/8861] [562] all outputs exist; skipping HLS.L30.T11SPV.2021100T182128.v2.0
[557/8861] [563] all outputs exist; skipping HLS.L30.T11SNU.2021100T182128.v2.0
[558/8861] [564] all outputs exist; skipping HLS.L30.T11SPU.2021100T182128.v2.0
[559/8861] [565] all outputs exist; skipping HLS.L30.T11SNV.2021100T182128.v2.0
[560/8861] [566] all outputs exist; skipping HLS.L30.T11SMV.2021100T182128.v2.0
[561/8861] [567] all outputs exist; skipping HLS.L30.T11SPT.2021100T182152.v2.0
[562/8861] [568] all outputs exist; skipping HLS.L30.T11SMU.2021100T182152.v2.0
[563/8861] [569] all outputs exist; skipping HLS.L30.T11SMT.2021100T182152.v2.0
[564/8861] [570] all outputs exist; skipping HLS.L30.T11SNT.2021100T182152.v2.0
[565/8861] [571] all outputs exist; skipping HLS.L30.T11SNS.2021100T182216.v2.0
[566/8861] [572] all outputs exist; skipping HLS.L30.T11SLT.2021100T182216.v2.0
[567/8861] [573] all outputs exist; skipping HLS.L30.T11SMS.2021100T182216.v2.0
[568/8861] [574] all outputs exist; skipping HLS.L30.T11SMR.2021100T182216.v2.0
[569/8861] [552] HLS.L30.T11SQC.2021100T182040.v2.0: SKIP NoDataInBounds (field does not intersect FMASK)
[570/8861] [554] HLS.L30.T11SPC.2021100T182040.v2.0: SKIP NoDataInBounds (field does not intersect FMASK)
[571/8861] [553] HLS.L30.T11SNC.2021100T182040.v2.0: SKIP NoDataInBounds (field does not intersect FMASK)
[572/8861] [557] HLS.L30.T11SPA.2021100T182104.v2.0: SKIP NoDataInBounds (field does not intersect FMASK)
[573/8861] [559] HLS.L30.T11SPB.2021100T182104.v2.0: SKIP NoDataInBounds (field does not intersect FMASK)
[574/8861] [560] HLS.L30.T11SNB.2021100T182104.v2.0: SKIP NoDataInBounds (field does not intersect FMASK)
[575/8861] [561] HLS.L30.T11SMC.2021100T182104.v2.0: SKIP NoDataInBounds (field does not intersect FMASK)
[576/8861] [575] HLS.L30.T11SLS.2021100T182216.v2.0: SKIP NoDataInBounds (field does not intersect FMASK)
[577/8861] [576] HLS.L30.T11SNR.2021100T182216.v2.0: SKIP NoDataInBounds (field does not intersect FMASK)
[578/8861] [577] HLS.S30.T11TQG.2021100T181921.v2.0: SKIP NoDataInBounds (field does not intersect FMASK)
[579/8861] [578] HLS.S30.T12TTM.2021100T181921.v2.0: SKIP NoDataInBounds (field does not intersect FMASK)
[580/8861] [579] HLS.S30.T11TPG.2021100T181921.v2.0: SKIP NoDataInBounds (field does not intersect FMASK)
[581/8861] [581] HLS.S30.T11TQF.2021100T181921.v2.0: SKIP NoDataInBounds (field does not intersect FMASK)
[582/8861] [580] HLS.S30.T12TTL.2021100T181921.v2.0: SKIP NoDataInBounds (field does not intersect FMASK)
[583/8861] [582] HLS.S30.T11TPF.2021100T181921.v2.0: SKIP NoDataInBounds (field does not intersect FMASK)
[584/8861] [583] HLS.S30.T12TTK.2021100T181921.v2.0: SKIP NoDataInBounds (field does not intersect FMASK)
[585/8861] [585] HLS.S30.T11TPE.2021100T181921.v2.0: SKIP NoDataInBounds (field does not intersect FMASK)
[586/8861] [584] HLS.S30.T11TQE.2021100T181921.v2.0: SKIP NoDataInBounds (field does not intersect FMASK)
[587/8861] [586] HLS.S30.T12STJ.2021100T181921.v2.0: SKIP NoDataInBounds (field does not intersect FMASK)
[588/8861] [587] HLS.S30.T11SQD.2021100T181921.v2.0: SKIP NoDataInBounds (field does not intersect FMASK)
[589/8861] [589] HLS.S30.T12STH.2021100T181921.v2.0: SKIP NoDataInBounds (field does not intersect FMASK)
[590/8861] [588] HLS.S30.T11SPD.2021100T181921.v2.0: SKIP NoDataInBounds (field does not intersect FMASK)
[591/8861] [590] HLS.S30.T11SQC.2021100T181921.v2.0: SKIP NoDataInBounds (field does not intersect FMASK)
[592/8861] [591] HLS.S30.T11SPC.2021100T181921.v2.0: SKIP NoDataInBounds (field does not intersect FMASK)
[593/8861] [593] HLS.S30.T12STG.2021100T181921.v2.0: SKIP NoDataInBounds (field does not intersect FMASK)
[594/8861] [600] all outputs exist; skipping HLS.S30.T11SNA.2021100T181921.v2.0
[595/8861] [592] HLS.S30.T11SNC.2021100T181921.v2.0: SKIP NoDataInBounds (field does not intersect FMASK)
[596/8861] [602] all outputs exist; skipping HLS.S30.T11SQV.2021100T181921.v2.0
[597/8861] [603] all outputs exist; skipping HLS.S30.T11SPV.2021100T181921.v2.0
[598/8861] [604] all outputs exist; skipping HLS.S30.T11SNV.2021100T181921.v2.0
[599/8861] [605] all outputs exist; skipping HLS.S30.T12STD.2021100T181921.v2.0
[600/8861] [606] all outputs exist; skipping HLS.S30.T11SQU.2021100T181921.v2.0
[601/8861] [607] all outputs exist; skipping HLS.S30.T11SPU.2021100T181921.v2.0
[602/8861] [608] all outputs exist; skipping HLS.S30.T11SNU.2021100T181921.v2.0
[603/8861] [609] all outputs exist; skipping HLS.S30.T12STC.2021100T181921.v2.0
[604/8861] [610] all outputs exist; skipping HLS.S30.T11SQT.2021100T181921.v2.0
[605/8861] [611] all outputs exist; skipping HLS.S30.T11SPT.2021100T181921.v2.0
[606/8861] [612] all outputs exist; skipping HLS.S30.T11SNT.2021100T181921.v2.0
[607/8861] [594] HLS.S30.T11SQB.2021100T181921.v2.0: SKIP NoDataInBounds (field does not intersect FMASK)
[608/8861] [614] all outputs exist; skipping HLS.S30.T11SMT.2021100T181921.v2.0
[609/8861] [615] all outputs exist; skipping HLS.S30.T11SQS.2021100T181921.v2.0
[610/8861] [616] all outputs exist; skipping HLS.S30.T11SPS.2021100T181921.v2.0
[611/8861] [617] all outputs exist; skipping HLS.S30.T11SNS.2021100T181921.v2.0
[612/8861] [618] all outputs exist; skipping HLS.S30.T11SMS.2021100T181921.v2.0
[613/8861] [598] HLS.S30.T11SQA.2021100T181921.v2.0: SKIP NoDataInBounds (field does not intersect FMASK)
[614/8861] [620] all outputs exist; skipping HLS.S30.T11SMR.2021100T181921.v2.0
[615/8861] [595] HLS.S30.T11SPB.2021100T181921.v2.0: SKIP NoDataInBounds (field does not intersect FMASK)
[616/8861] [621] all outputs exist; skipping HLS.S30.T10TDM.2021100T190909.v2.0
[617/8861] [623] all outputs exist; skipping HLS.S30.T10TDL.2021100T190909.v2.0
[618/8861] [622] all outputs exist; skipping HLS.S30.T10TCM.2021100T190909.v2.0
[619/8861] [624] all outputs exist; skipping HLS.S30.T10TCL.2021100T190909.v2.0
[620/8861] [625] all outputs exist; skipping HLS.S30.T10TDK.2021100T190909.v2.0
[621/8861] [626] all outputs exist; skipping HLS.S30.T10TCK.2021100T190909.v2.0
[622/8861] [597] HLS.S30.T12STF.2021100T181921.v2.0: SKIP NoDataInBounds (field does not intersect FMASK)
[623/8861] [596] HLS.S30.T11SNB.2021100T181921.v2.0: SKIP NoDataInBounds (field does not intersect FMASK)
[624/8861] [630] all outputs exist; skipping HLS.S30.T10TGM.2021101T183919.v2.0
[625/8861] [631] all outputs exist; skipping HLS.S30.T11TKG.2021101T183919.v2.0
[626/8861] [599] HLS.S30.T11SPA.2021100T181921.v2.0: SKIP NoDataInBounds (field does not intersect FMASK)
[627/8861] [601] HLS.S30.T12STE.2021100T181921.v2.0: SKIP NoDataInBounds (field does not intersect FMASK)
[628/8861] [613] HLS.S30.T12STB.2021100T181921.v2.0: SKIP NoDataInBounds (field does not intersect FMASK)
[629/8861] [635] all outputs exist; skipping HLS.S30.T11TKF.2021101T183919.v2.0
[630/8861] [636] all outputs exist; skipping HLS.S30.T10TGL.2021101T183919.v2.0
[631/8861] [619] HLS.S30.T11SNR.2021100T181921.v2.0: SKIP NoDataInBounds (field does not intersect FMASK)
[632/8861] [628] HLS.S30.T11TMG.2021101T183919.v2.0: SKIP NoDataInBounds (field does not intersect FMASK)
[633/8861] [629] HLS.S30.T11TLG.2021101T183919.v2.0: SKIP NoDataInBounds (field does not intersect FMASK)
[634/8861] [627] HLS.S30.T11TNG.2021101T183919.v2.0: SKIP NoDataInBounds (field does not intersect FMASK)
[635/8861] [641] all outputs exist; skipping HLS.S30.T11TKE.2021101T183919.v2.0
[636/8861] [642] all outputs exist; skipping HLS.S30.T10TGK.2021101T183919.v2.0
[637/8861] [632] HLS.S30.T11TNF.2021101T183919.v2.0: SKIP NoDataInBounds (field does not intersect FMASK)
[638/8861] [633] HLS.S30.T11TMF.2021101T183919.v2.0: SKIP NoDataInBounds (field does not intersect FMASK)
[639/8861] [645] all outputs exist; skipping HLS.S30.T11SKD.2021101T183919.v2.0
[640/8861] [646] all outputs exist; skipping HLS.S30.T10SGJ.2021101T183919.v2.0
[641/8861] [634] HLS.S30.T11TLF.2021101T183919.v2.0: SKIP NoDataInBounds (field does not intersect FMASK)
[642/8861] [648] all outputs exist; skipping HLS.S30.T10SFJ.2021101T183919.v2.0
[643/8861] [649] all outputs exist; skipping HLS.S30.T11SLC.2021101T183919.v2.0
[644/8861] [650] all outputs exist; skipping HLS.S30.T11SKC.2021101T183919.v2.0
[645/8861] [651] all outputs exist; skipping HLS.S30.T10SGH.2021101T183919.v2.0
[646/8861] [652] all outputs exist; skipping HLS.S30.T10SFH.2021101T183919.v2.0
[647/8861] [653] all outputs exist; skipping HLS.S30.T11SMB.2021101T183919.v2.0
[648/8861] [654] all outputs exist; skipping HLS.S30.T11SLB.2021101T183919.v2.0
[649/8861] [655] all outputs exist; skipping HLS.S30.T11SKB.2021101T183919.v2.0
[650/8861] [656] all outputs exist; skipping HLS.S30.T10SGG.2021101T183919.v2.0
[651/8861] [657] all outputs exist; skipping HLS.S30.T11SMA.2021101T183919.v2.0
[652/8861] [658] all outputs exist; skipping HLS.S30.T10SFG.2021101T183919.v2.0
[653/8861] [659] all outputs exist; skipping HLS.S30.T11SLA.2021101T183919.v2.0
[654/8861] [660] all outputs exist; skipping HLS.S30.T11SKA.2021101T183919.v2.0
[655/8861] [661] all outputs exist; skipping HLS.S30.T10SGF.2021101T183919.v2.0
[656/8861] [662] all outputs exist; skipping HLS.S30.T10SFF.2021101T183919.v2.0
[657/8861] [663] all outputs exist; skipping HLS.S30.T11SLV.2021101T183919.v2.0
[658/8861] [664] all outputs exist; skipping HLS.S30.T11SKV.2021101T183919.v2.0
[659/8861] [665] all outputs exist; skipping HLS.S30.T10SGE.2021101T183919.v2.0
[660/8861] [666] all outputs exist; skipping HLS.S30.T10SFE.2021101T183919.v2.0
[661/8861] [667] all outputs exist; skipping HLS.S30.T11SLU.2021101T183919.v2.0
[662/8861] [668] all outputs exist; skipping HLS.S30.T11SKU.2021101T183919.v2.0
[663/8861] [669] all outputs exist; skipping HLS.S30.T10SGD.2021101T183919.v2.0
[664/8861] [637] HLS.S30.T11TNE.2021101T183919.v2.0: SKIP NoDataInBounds (field does not intersect FMASK)
[665/8861] [670] all outputs exist; skipping HLS.S30.T10SFD.2021101T183919.v2.0
[666/8861] [671] all outputs exist; skipping HLS.S30.T11SLT.2021101T183919.v2.0
[667/8861] [672] all outputs exist; skipping HLS.S30.T11SKT.2021101T183919.v2.0
[668/8861] [638] HLS.S30.T11TME.2021101T183919.v2.0: SKIP NoDataInBounds (field does not intersect FMASK)
[669/8861] [639] HLS.S30.T11TLE.2021101T183919.v2.0: SKIP NoDataInBounds (field does not intersect FMASK)
[670/8861] [676] all outputs exist; skipping HLS.L30.T10TDM.2021101T190244.v2.0
[671/8861] [677] all outputs exist; skipping HLS.L30.T10TCM.2021101T190244.v2.0
[672/8861] [678] all outputs exist; skipping HLS.L30.T10TCL.2021101T190308.v2.0
[673/8861] [640] HLS.S30.T11SND.2021101T183919.v2.0: SKIP NoDataInBounds (field does not intersect FMASK)
[674/8861] [643] HLS.S30.T11SMD.2021101T183919.v2.0: SKIP NoDataInBounds (field does not intersect FMASK)
[675/8861] [681] all outputs exist; skipping HLS.L30.T11SQV.2021102T180906.v2.0
[676/8861] [644] HLS.S30.T11SLD.2021101T183919.v2.0: SKIP NoDataInBounds (field does not intersect FMASK)
[677/8861] [683] all outputs exist; skipping HLS.L30.T11SPT.2021102T180930.v2.0
[678/8861] [684] all outputs exist; skipping HLS.L30.T11SPU.2021102T180930.v2.0
[679/8861] [685] all outputs exist; skipping HLS.L30.T12STC.2021102T180930.v2.0
[680/8861] [686] all outputs exist; skipping HLS.L30.T12STD.2021102T180930.v2.0
[681/8861] [687] all outputs exist; skipping HLS.L30.T11SQT.2021102T180930.v2.0
[682/8861] [688] all outputs exist; skipping HLS.L30.T11SQU.2021102T180930.v2.0
[683/8861] [689] all outputs exist; skipping HLS.L30.T11SQS.2021102T180954.v2.0
[684/8861] [690] all outputs exist; skipping HLS.L30.T11SPS.2021102T180954.v2.0
[685/8861] [647] HLS.S30.T11SMC.2021101T183919.v2.0: SKIP NoDataInBounds (field does not intersect FMASK)
[686/8861] [674] HLS.S30.T11SLS.2021101T183919.v2.0: SKIP NoDataInBounds (field does not intersect FMASK)
[687/8861] [693] all outputs exist; skipping HLS.S30.T11SQV.2021102T180909.v2.0
[688/8861] [694] all outputs exist; skipping HLS.S30.T12STD.2021102T180909.v2.0
[689/8861] [695] all outputs exist; skipping HLS.S30.T11SQU.2021102T180909.v2.0
[690/8861] [696] all outputs exist; skipping HLS.S30.T12STC.2021102T180909.v2.0
[691/8861] [697] all outputs exist; skipping HLS.S30.T11SQT.2021102T180909.v2.0
[692/8861] [675] HLS.S30.T11SKS.2021101T183919.v2.0: SKIP NoDataInBounds (field does not intersect FMASK)
[693/8861] [699] all outputs exist; skipping HLS.S30.T11SQS.2021102T180909.v2.0
[694/8861] [700] all outputs exist; skipping HLS.S30.T11SPS.2021102T180909.v2.0
[695/8861] [701] all outputs exist; skipping HLS.S30.T10TFM.2021102T185911.v2.0
[696/8861] [702] all outputs exist; skipping HLS.S30.T10TEM.2021102T185911.v2.0
[697/8861] [703] all outputs exist; skipping HLS.S30.T10TDM.2021102T185911.v2.0
[698/8861] [673] HLS.S30.T10SGC.2021101T183919.v2.0: SKIP NoDataInBounds (field does not intersect FMASK)
[699/8861] [704] all outputs exist; skipping HLS.S30.T10TCM.2021102T185911.v2.0
[700/8861] [705] all outputs exist; skipping HLS.S30.T10TFL.2021102T185911.v2.0
[701/8861] [706] all outputs exist; skipping HLS.S30.T10TEL.2021102T185911.v2.0
[702/8861] [707] all outputs exist; skipping HLS.S30.T10TDL.2021102T185911.v2.0
[703/8861] [708] all outputs exist; skipping HLS.S30.T10TFK.2021102T185911.v2.0
[704/8861] [709] all outputs exist; skipping HLS.S30.T10TCL.2021102T185911.v2.0
[705/8861] [710] all outputs exist; skipping HLS.S30.T10TEK.2021102T185911.v2.0
[706/8861] [711] all outputs exist; skipping HLS.S30.T10TDK.2021102T185911.v2.0
[707/8861] [712] all outputs exist; skipping HLS.S30.T10TCK.2021102T185911.v2.0
[708/8861] [713] all outputs exist; skipping HLS.S30.T10SEJ.2021102T185911.v2.0
[709/8861] [714] all outputs exist; skipping HLS.S30.T10SDJ.2021102T185911.v2.0
[710/8861] [715] all outputs exist; skipping HLS.S30.T10SEH.2021102T185911.v2.0
[711/8861] [716] all outputs exist; skipping HLS.S30.T10SDH.2021102T185911.v2.0
[712/8861] [717] all outputs exist; skipping HLS.S30.T10SEG.2021102T185911.v2.0
[713/8861] [719] all outputs exist; skipping HLS.S30.T10SEF.2021102T185911.v2.0
[714/8861] [679] HLS.L30.T12STF.2021102T180842.v2.0: SKIP NoDataInBounds (field does not intersect FMASK)
[715/8861] [682] HLS.L30.T12STE.2021102T180906.v2.0: SKIP NoDataInBounds (field does not intersect FMASK)
[716/8861] [680] HLS.L30.T11SQA.2021102T180842.v2.0: SKIP NoDataInBounds (field does not intersect FMASK)
[717/8861] [691] HLS.L30.T12STB.2021102T180954.v2.0: SKIP NoDataInBounds (field does not intersect FMASK)
[718/8861] [692] HLS.S30.T12STE.2021102T180909.v2.0: SKIP NoDataInBounds (field does not intersect FMASK)
[719/8861] [698] HLS.S30.T12STB.2021102T180909.v2.0: SKIP NoDataInBounds (field does not intersect FMASK)
[720/8861] [720] HLS.S30.T11TQG.2021103T182911.v2.0: SKIP NoDataInBounds (field does not intersect FMASK)
[721/8861] [718] HLS.S30.T10SDG.2021102T185911.v2.0: SKIP NoDataInBounds (field does not intersect FMASK)
[722/8861] [721] HLS.S30.T12TTM.2021103T182911.v2.0: SKIP NoDataInBounds (field does not intersect FMASK)
[723/8861] [722] HLS.S30.T11TPG.2021103T182911.v2.0: SKIP NoDataInBounds (field does not intersect FMASK)
[724/8861] [723] HLS.S30.T11TNG.2021103T182911.v2.0: SKIP NoDataInBounds (field does not intersect FMASK)
[725/8861] [724] HLS.S30.T11TMG.2021103T182911.v2.0: SKIP NoDataInBounds (field does not intersect FMASK)
[726/8861] [725] HLS.S30.T12TTL.2021103T182911.v2.0: SKIP NoDataInBounds (field does not intersect FMASK)
[727/8861] [726] HLS.S30.T11TQF.2021103T182911.v2.0: SKIP NoDataInBounds (field does not intersect FMASK)
[728/8861] [727] HLS.S30.T11TPF.2021103T182911.v2.0: SKIP NoDataInBounds (field does not intersect FMASK)
[729/8861] [728] HLS.S30.T11TNF.2021103T182911.v2.0: SKIP NoDataInBounds (field does not intersect FMASK)
[730/8861] [729] HLS.S30.T12TTK.2021103T182911.v2.0: SKIP NoDataInBounds (field does not intersect FMASK)
[731/8861] [730] HLS.S30.T11TQE.2021103T182911.v2.0: SKIP NoDataInBounds (field does not intersect FMASK)
[732/8861] [731] HLS.S30.T11TPE.2021103T182911.v2.0: SKIP NoDataInBounds (field does not intersect FMASK)
[733/8861] [732] HLS.S30.T11TNE.2021103T182911.v2.0: SKIP NoDataInBounds (field does not intersect FMASK)
[734/8861] [733] HLS.S30.T12STJ.2021103T182911.v2.0: SKIP NoDataInBounds (field does not intersect FMASK)
[735/8861] [735] HLS.S30.T11SQD.2021103T182911.v2.0: SKIP NoDataInBounds (field does not intersect FMASK)
[736/8861] [734] HLS.S30.T11TME.2021103T182911.v2.0: SKIP NoDataInBounds (field does not intersect FMASK)
[737/8861] [743] all outputs exist; skipping HLS.S30.T11SLC.2021103T182911.v2.0
[738/8861] [736] HLS.S30.T11SPD.2021103T182911.v2.0: SKIP NoDataInBounds (field does not intersect FMASK)
[739/8861] [737] HLS.S30.T11SND.2021103T182911.v2.0: SKIP NoDataInBounds (field does not intersect FMASK)
[740/8861] [746] all outputs exist; skipping HLS.S30.T11SMB.2021103T182911.v2.0
[741/8861] [747] all outputs exist; skipping HLS.S30.T11SLB.2021103T182911.v2.0
[742/8861] [738] HLS.S30.T11SMD.2021103T182911.v2.0: SKIP NoDataInBounds (field does not intersect FMASK)
[743/8861] [749] all outputs exist; skipping HLS.S30.T11SNA.2021103T182911.v2.0
[744/8861] [750] all outputs exist; skipping HLS.S30.T11SMA.2021103T182911.v2.0
[745/8861] [751] all outputs exist; skipping HLS.S30.T11SLA.2021103T182911.v2.0
[746/8861] [752] all outputs exist; skipping HLS.S30.T11SPV.2021103T182911.v2.0
[747/8861] [753] all outputs exist; skipping HLS.S30.T11SNV.2021103T182911.v2.0
[748/8861] [754] all outputs exist; skipping HLS.S30.T11SMV.2021103T182911.v2.0
[749/8861] [755] all outputs exist; skipping HLS.S30.T11SPU.2021103T182911.v2.0
[750/8861] [756] all outputs exist; skipping HLS.S30.T11SLV.2021103T182911.v2.0
[751/8861] [757] all outputs exist; skipping HLS.S30.T11SNU.2021103T182911.v2.0
[752/8861] [758] all outputs exist; skipping HLS.S30.T11SKV.2021103T182911.v2.0
[753/8861] [759] all outputs exist; skipping HLS.S30.T11SMU.2021103T182911.v2.0
[754/8861] [760] all outputs exist; skipping HLS.S30.T11SLU.2021103T182911.v2.0
[755/8861] [761] all outputs exist; skipping HLS.S30.T11SKU.2021103T182911.v2.0
[756/8861] [762] all outputs exist; skipping HLS.S30.T11SNT.2021103T182911.v2.0
[757/8861] [763] all outputs exist; skipping HLS.S30.T11SMT.2021103T182911.v2.0
[758/8861] [764] all outputs exist; skipping HLS.S30.T11SLT.2021103T182911.v2.0
[759/8861] [765] all outputs exist; skipping HLS.S30.T11SKT.2021103T182911.v2.0
[760/8861] [766] all outputs exist; skipping HLS.S30.T11SNS.2021103T182911.v2.0
[761/8861] [767] all outputs exist; skipping HLS.L30.T10TFM.2021103T185022.v2.0
[762/8861] [768] all outputs exist; skipping HLS.L30.T10TEM.2021103T185022.v2.0
[763/8861] [769] all outputs exist; skipping HLS.L30.T10TDM.2021103T185045.v2.0
[764/8861] [770] all outputs exist; skipping HLS.L30.T10TDL.2021103T185045.v2.0
[765/8861] [771] all outputs exist; skipping HLS.L30.T10TEL.2021103T185045.v2.0
[766/8861] [772] all outputs exist; skipping HLS.L30.T10TFL.2021103T185045.v2.0
[767/8861] [773] all outputs exist; skipping HLS.L30.T10TFK.2021103T185109.v2.0
[768/8861] [774] all outputs exist; skipping HLS.L30.T10SEJ.2021103T185109.v2.0
[769/8861] [739] HLS.S30.T11SPC.2021103T182911.v2.0: SKIP NoDataInBounds (field does not intersect FMASK)
[770/8861] [775] all outputs exist; skipping HLS.L30.T10TCK.2021103T185109.v2.0
[771/8861] [776] all outputs exist; skipping HLS.L30.T10TDK.2021103T185109.v2.0
[772/8861] [777] all outputs exist; skipping HLS.L30.T10SDJ.2021103T185109.v2.0
[773/8861] [778] all outputs exist; skipping HLS.L30.T10TEK.2021103T185109.v2.0
[774/8861] [779] all outputs exist; skipping HLS.L30.T10SEH.2021103T185133.v2.0
[775/8861] [780] all outputs exist; skipping HLS.L30.T10SDH.2021103T185133.v2.0
[776/8861] [782] all outputs exist; skipping HLS.L30.T10SEG.2021103T185157.v2.0
[777/8861] [783] all outputs exist; skipping HLS.L30.T10SEF.2021103T185157.v2.0
[778/8861] [740] HLS.S30.T11SLD.2021103T182911.v2.0: SKIP NoDataInBounds (field does not intersect FMASK)
[779/8861] [785] all outputs exist; skipping HLS.S30.T10TGM.2021104T184919.v2.0
[780/8861] [786] all outputs exist; skipping HLS.S30.T11TKG.2021104T184919.v2.0
[781/8861] [787] all outputs exist; skipping HLS.S30.T10TFM.2021104T184919.v2.0
[782/8861] [788] all outputs exist; skipping HLS.S30.T10TEM.2021104T184919.v2.0
[783/8861] [741] HLS.S30.T11SNC.2021103T182911.v2.0: SKIP NoDataInBounds (field does not intersect FMASK)
[784/8861] [790] all outputs exist; skipping HLS.S30.T11TKF.2021104T184919.v2.0
[785/8861] [791] all outputs exist; skipping HLS.S30.T10TGL.2021104T184919.v2.0
[786/8861] [792] all outputs exist; skipping HLS.S30.T10TFL.2021104T184919.v2.0
[787/8861] [742] HLS.S30.T11SMC.2021103T182911.v2.0: SKIP NoDataInBounds (field does not intersect FMASK)
[788/8861] [794] all outputs exist; skipping HLS.S30.T10TEL.2021104T184919.v2.0
[789/8861] [795] all outputs exist; skipping HLS.S30.T11TKE.2021104T184919.v2.0
[790/8861] [796] all outputs exist; skipping HLS.S30.T10TGK.2021104T184919.v2.0
[791/8861] [797] all outputs exist; skipping HLS.S30.T10TFK.2021104T184919.v2.0
[792/8861] [798] all outputs exist; skipping HLS.S30.T10TEK.2021104T184919.v2.0
[793/8861] [799] all outputs exist; skipping HLS.S30.T11SKD.2021104T184919.v2.0
[794/8861] [800] all outputs exist; skipping HLS.S30.T10SGJ.2021104T184919.v2.0
[795/8861] [801] all outputs exist; skipping HLS.S30.T10SFJ.2021104T184919.v2.0
[796/8861] [802] all outputs exist; skipping HLS.S30.T10SEJ.2021104T184919.v2.0
[797/8861] [803] all outputs exist; skipping HLS.S30.T10SDJ.2021104T184919.v2.0
[798/8861] [804] all outputs exist; skipping HLS.S30.T11SKC.2021104T184919.v2.0
[799/8861] [805] all outputs exist; skipping HLS.S30.T10SGH.2021104T184919.v2.0
[800/8861] [806] all outputs exist; skipping HLS.S30.T10SFH.2021104T184919.v2.0
[801/8861] [807] all outputs exist; skipping HLS.S30.T10SEH.2021104T184919.v2.0
[802/8861] [808] all outputs exist; skipping HLS.S30.T10SDH.2021104T184919.v2.0
[803/8861] [809] all outputs exist; skipping HLS.S30.T11SKB.2021104T184919.v2.0
[804/8861] [744] HLS.S30.T11SPB.2021103T182911.v2.0: SKIP NoDataInBounds (field does not intersect FMASK)
[805/8861] [810] all outputs exist; skipping HLS.S30.T10SGG.2021104T184919.v2.0
[806/8861] [811] all outputs exist; skipping HLS.S30.T10SFG.2021104T184919.v2.0
[807/8861] [812] all outputs exist; skipping HLS.S30.T11SKA.2021104T184919.v2.0
[808/8861] [813] all outputs exist; skipping HLS.S30.T10SEG.2021104T184919.v2.0
[809/8861] [815] all outputs exist; skipping HLS.S30.T10SGF.2021104T184919.v2.0
[810/8861] [816] all outputs exist; skipping HLS.S30.T10SFF.2021104T184919.v2.0
[811/8861] [817] all outputs exist; skipping HLS.S30.T10SEF.2021104T184919.v2.0
[812/8861] [818] all outputs exist; skipping HLS.S30.T10SGE.2021104T184919.v2.0
[813/8861] [819] all outputs exist; skipping HLS.S30.T10SFE.2021104T184919.v2.0
[814/8861] [748] HLS.S30.T11SPA.2021103T182911.v2.0: SKIP NoDataInBounds (field does not intersect FMASK)
[815/8861] [745] HLS.S30.T11SNB.2021103T182911.v2.0: SKIP NoDataInBounds (field does not intersect FMASK)
[816/8861] [784] HLS.S30.T11TLG.2021104T184919.v2.0: SKIP NoDataInBounds (field does not intersect FMASK)
[817/8861] [781] HLS.L30.T10SDG.2021103T185157.v2.0: SKIP NoDataInBounds (field does not intersect FMASK)
[818/8861] [789] HLS.S30.T11TLF.2021104T184919.v2.0: SKIP NoDataInBounds (field does not intersect FMASK)
[819/8861] [793] HLS.S30.T11TLE.2021104T184919.v2.0: SKIP NoDataInBounds (field does not intersect FMASK)
[820/8861] [814] HLS.S30.T10SDG.2021104T184919.v2.0: SKIP NoDataInBounds (field does not intersect FMASK)
[821/8861] [821] HLS.S30.T12TTM.2021105T181909.v2.0: SKIP NoDataInBounds (field does not intersect FMASK)
[822/8861] [820] HLS.S30.T11TQG.2021105T181909.v2.0: SKIP NoDataInBounds (field does not intersect FMASK)
[823/8861] [822] HLS.S30.T11TPG.2021105T181909.v2.0: SKIP NoDataInBounds (field does not intersect FMASK)
[824/8861] [823] HLS.S30.T12TTL.2021105T181909.v2.0: SKIP NoDataInBounds (field does not intersect FMASK)
[825/8861] [824] HLS.S30.T11TQF.2021105T181909.v2.0: SKIP NoDataInBounds (field does not intersect FMASK)
[826/8861] [825] HLS.S30.T11TPF.2021105T181909.v2.0: SKIP NoDataInBounds (field does not intersect FMASK)
[827/8861] [826] HLS.S30.T12TTK.2021105T181909.v2.0: SKIP NoDataInBounds (field does not intersect FMASK)
[828/8861] [827] HLS.S30.T11TQE.2021105T181909.v2.0: SKIP NoDataInBounds (field does not intersect FMASK)
[829/8861] [828] HLS.S30.T11TPE.2021105T181909.v2.0: SKIP NoDataInBounds (field does not intersect FMASK)
[830/8861] [830] HLS.S30.T11SQD.2021105T181909.v2.0: SKIP NoDataInBounds (field does not intersect FMASK)
[831/8861] [829] HLS.S30.T12STJ.2021105T181909.v2.0: SKIP NoDataInBounds (field does not intersect FMASK)
[832/8861] [831] HLS.S30.T11SPD.2021105T181909.v2.0: SKIP NoDataInBounds (field does not intersect FMASK)
[833/8861] [832] HLS.S30.T12STH.2021105T181909.v2.0: SKIP NoDataInBounds (field does not intersect FMASK)
[834/8861] [833] HLS.S30.T11SQC.2021105T181909.v2.0: SKIP NoDataInBounds (field does not intersect FMASK)
[835/8861] [834] HLS.S30.T11SPC.2021105T181909.v2.0: SKIP NoDataInBounds (field does not intersect FMASK)
[836/8861] [835] HLS.S30.T11SNC.2021105T181909.v2.0: SKIP NoDataInBounds (field does not intersect FMASK)
[837/8861] [843] all outputs exist; skipping HLS.S30.T11SNA.2021105T181909.v2.0
[838/8861] [836] HLS.S30.T12STG.2021105T181909.v2.0: SKIP NoDataInBounds (field does not intersect FMASK)
[839/8861] [845] all outputs exist; skipping HLS.S30.T11SQV.2021105T181909.v2.0
[840/8861] [846] all outputs exist; skipping HLS.S30.T11SPV.2021105T181909.v2.0
[841/8861] [847] all outputs exist; skipping HLS.S30.T11SNV.2021105T181909.v2.0
[842/8861] [848] all outputs exist; skipping HLS.S30.T12STD.2021105T181909.v2.0
[843/8861] [849] all outputs exist; skipping HLS.S30.T11SQU.2021105T181909.v2.0
[844/8861] [850] all outputs exist; skipping HLS.S30.T11SPU.2021105T181909.v2.0
[845/8861] [851] all outputs exist; skipping HLS.S30.T11SNU.2021105T181909.v2.0
[846/8861] [852] all outputs exist; skipping HLS.S30.T12STC.2021105T181909.v2.0
[847/8861] [853] all outputs exist; skipping HLS.S30.T11SQT.2021105T181909.v2.0
[848/8861] [854] all outputs exist; skipping HLS.S30.T11SPT.2021105T181909.v2.0
[849/8861] [855] all outputs exist; skipping HLS.S30.T11SNT.2021105T181909.v2.0
[850/8861] [837] HLS.S30.T11SQB.2021105T181909.v2.0: SKIP NoDataInBounds (field does not intersect FMASK)
[851/8861] [857] all outputs exist; skipping HLS.S30.T11SMT.2021105T181909.v2.0
[852/8861] [858] all outputs exist; skipping HLS.S30.T11SQS.2021105T181909.v2.0
[853/8861] [859] all outputs exist; skipping HLS.S30.T11SPS.2021105T181909.v2.0
[854/8861] [860] all outputs exist; skipping HLS.S30.T11SNS.2021105T181909.v2.0
[855/8861] [861] all outputs exist; skipping HLS.S30.T11SMS.2021105T181909.v2.0
[856/8861] [838] HLS.S30.T11SPB.2021105T181909.v2.0: SKIP NoDataInBounds (field does not intersect FMASK)
[857/8861] [863] all outputs exist; skipping HLS.S30.T11SMR.2021105T181909.v2.0
[858/8861] [839] HLS.S30.T11SNB.2021105T181909.v2.0: SKIP NoDataInBounds (field does not intersect FMASK)
[859/8861] [840] HLS.S30.T12STF.2021105T181909.v2.0: SKIP NoDataInBounds (field does not intersect FMASK)
[860/8861] [866] all outputs exist; skipping HLS.L30.T11TKG.2021105T183823.v2.0
[861/8861] [867] all outputs exist; skipping HLS.L30.T11TKF.2021105T183823.v2.0
[862/8861] [868] all outputs exist; skipping HLS.L30.T10TGM.2021105T183823.v2.0
[863/8861] [869] all outputs exist; skipping HLS.L30.T10TFL.2021105T183823.v2.0
[864/8861] [841] HLS.S30.T11SQA.2021105T181909.v2.0: SKIP NoDataInBounds (field does not intersect FMASK)
[865/8861] [871] all outputs exist; skipping HLS.L30.T10TGL.2021105T183823.v2.0
[866/8861] [842] HLS.S30.T11SPA.2021105T181909.v2.0: SKIP NoDataInBounds (field does not intersect FMASK)
[867/8861] [873] all outputs exist; skipping HLS.L30.T10TFK.2021105T183847.v2.0
[868/8861] [874] all outputs exist; skipping HLS.L30.T10SGJ.2021105T183847.v2.0
[869/8861] [875] all outputs exist; skipping HLS.L30.T11SKD.2021105T183847.v2.0
[870/8861] [844] HLS.S30.T12STE.2021105T181909.v2.0: SKIP NoDataInBounds (field does not intersect FMASK)
[871/8861] [877] all outputs exist; skipping HLS.L30.T11TKE.2021105T183847.v2.0
[872/8861] [878] all outputs exist; skipping HLS.L30.T10SFJ.2021105T183847.v2.0
[873/8861] [879] all outputs exist; skipping HLS.L30.T10TGK.2021105T183847.v2.0
[874/8861] [880] all outputs exist; skipping HLS.L30.T11SLC.2021105T183911.v2.0
[875/8861] [881] all outputs exist; skipping HLS.L30.T11SKC.2021105T183911.v2.0
[876/8861] [882] all outputs exist; skipping HLS.L30.T10SFH.2021105T183911.v2.0
[877/8861] [883] all outputs exist; skipping HLS.L30.T10SGH.2021105T183911.v2.0
[878/8861] [884] all outputs exist; skipping HLS.L30.T10SFF.2021105T183935.v2.0
[879/8861] [885] all outputs exist; skipping HLS.L30.T10SGF.2021105T183935.v2.0
[880/8861] [886] all outputs exist; skipping HLS.L30.T11SKA.2021105T183935.v2.0
[881/8861] [887] all outputs exist; skipping HLS.L30.T11SKB.2021105T183935.v2.0
[882/8861] [888] all outputs exist; skipping HLS.L30.T10SEG.2021105T183935.v2.0
[883/8861] [889] all outputs exist; skipping HLS.L30.T10SGG.2021105T183935.v2.0
[884/8861] [890] all outputs exist; skipping HLS.L30.T10SFG.2021105T183935.v2.0
[885/8861] [891] all outputs exist; skipping HLS.L30.T10SEF.2021105T183935.v2.0
[886/8861] [892] all outputs exist; skipping HLS.L30.T10SGD.2021105T183959.v2.0
[887/8861] [893] all outputs exist; skipping HLS.L30.T10SGE.2021105T183959.v2.0
[888/8861] [894] all outputs exist; skipping HLS.L30.T11SKV.2021105T183959.v2.0
[889/8861] [895] all outputs exist; skipping HLS.L30.T11SKU.2021105T183959.v2.0
[890/8861] [896] all outputs exist; skipping HLS.L30.T10SFE.2021105T183959.v2.0
[891/8861] [897] all outputs exist; skipping HLS.L30.T10SFD.2021105T184022.v2.0
[892/8861] [856] HLS.S30.T12STB.2021105T181909.v2.0: SKIP NoDataInBounds (field does not intersect FMASK)
[893/8861] [899] all outputs exist; skipping HLS.S30.T10TDM.2021105T190911.v2.0
[894/8861] [900] all outputs exist; skipping HLS.S30.T10TCM.2021105T190911.v2.0
[895/8861] [901] all outputs exist; skipping HLS.S30.T10TDL.2021105T190911.v2.0
[896/8861] [902] all outputs exist; skipping HLS.S30.T10TCL.2021105T190911.v2.0
[897/8861] [903] all outputs exist; skipping HLS.S30.T10TDK.2021105T190911.v2.0
[898/8861] [904] all outputs exist; skipping HLS.S30.T10TCK.2021105T190911.v2.0
[899/8861] [864] HLS.L30.T11TMG.2021105T183759.v2.0: SKIP NoDataInBounds (field does not intersect FMASK)
[900/8861] [862] HLS.S30.T11SNR.2021105T181909.v2.0: SKIP NoDataInBounds (field does not intersect FMASK)
[901/8861] [865] HLS.L30.T11TLG.2021105T183759.v2.0: SKIP NoDataInBounds (field does not intersect FMASK)
[902/8861] [908] all outputs exist; skipping HLS.S30.T10TGM.2021106T183911.v2.0
[903/8861] [909] all outputs exist; skipping HLS.S30.T11TKG.2021106T183911.v2.0
[904/8861] [870] HLS.L30.T11TLF.2021105T183823.v2.0: SKIP NoDataInBounds (field does not intersect FMASK)
[905/8861] [872] HLS.L30.T11TLE.2021105T183847.v2.0: SKIP NoDataInBounds (field does not intersect FMASK)
[906/8861] [876] HLS.L30.T11SLD.2021105T183847.v2.0: SKIP NoDataInBounds (field does not intersect FMASK)
[907/8861] [913] all outputs exist; skipping HLS.S30.T11TKF.2021106T183911.v2.0
[908/8861] [914] all outputs exist; skipping HLS.S30.T10TGL.2021106T183911.v2.0
[909/8861] [898] HLS.L30.T10SGC.2021105T184022.v2.0: SKIP NoDataInBounds (field does not intersect FMASK)
[910/8861] [905] HLS.S30.T11TNG.2021106T183911.v2.0: SKIP NoDataInBounds (field does not intersect FMASK)
[911/8861] [907] HLS.S30.T11TLG.2021106T183911.v2.0: SKIP NoDataInBounds (field does not intersect FMASK)
[912/8861] [906] HLS.S30.T11TMG.2021106T183911.v2.0: SKIP NoDataInBounds (field does not intersect FMASK)
[913/8861] [919] all outputs exist; skipping HLS.S30.T11TKE.2021106T183911.v2.0
[914/8861] [920] all outputs exist; skipping HLS.S30.T10TGK.2021106T183911.v2.0
[915/8861] [910] HLS.S30.T11TNF.2021106T183911.v2.0: SKIP NoDataInBounds (field does not intersect FMASK)
[916/8861] [911] HLS.S30.T11TMF.2021106T183911.v2.0: SKIP NoDataInBounds (field does not intersect FMASK)
[917/8861] [923] all outputs exist; skipping HLS.S30.T11SKD.2021106T183911.v2.0
[918/8861] [924] all outputs exist; skipping HLS.S30.T10SGJ.2021106T183911.v2.0
[919/8861] [912] HLS.S30.T11TLF.2021106T183911.v2.0: SKIP NoDataInBounds (field does not intersect FMASK)
[920/8861] [926] all outputs exist; skipping HLS.S30.T10SFJ.2021106T183911.v2.0
[921/8861] [927] all outputs exist; skipping HLS.S30.T11SLC.2021106T183911.v2.0
[922/8861] [928] all outputs exist; skipping HLS.S30.T11SKC.2021106T183911.v2.0
[923/8861] [929] all outputs exist; skipping HLS.S30.T10SGH.2021106T183911.v2.0
[924/8861] [930] all outputs exist; skipping HLS.S30.T10SFH.2021106T183911.v2.0
[925/8861] [931] all outputs exist; skipping HLS.S30.T11SMB.2021106T183911.v2.0
[926/8861] [932] all outputs exist; skipping HLS.S30.T11SLB.2021106T183911.v2.0
[927/8861] [933] all outputs exist; skipping HLS.S30.T11SKB.2021106T183911.v2.0
[928/8861] [934] all outputs exist; skipping HLS.S30.T10SGG.2021106T183911.v2.0
[929/8861] [935] all outputs exist; skipping HLS.S30.T11SMA.2021106T183911.v2.0
[930/8861] [936] all outputs exist; skipping HLS.S30.T10SFG.2021106T183911.v2.0
[931/8861] [937] all outputs exist; skipping HLS.S30.T11SLA.2021106T183911.v2.0
[932/8861] [938] all outputs exist; skipping HLS.S30.T11SKA.2021106T183911.v2.0
[933/8861] [915] HLS.S30.T11TNE.2021106T183911.v2.0: SKIP NoDataInBounds (field does not intersect FMASK)
[934/8861] [939] all outputs exist; skipping HLS.S30.T10SGF.2021106T183911.v2.0
[935/8861] [940] all outputs exist; skipping HLS.S30.T10SFF.2021106T183911.v2.0
[936/8861] [941] all outputs exist; skipping HLS.S30.T11SLV.2021106T183911.v2.0
[937/8861] [942] all outputs exist; skipping HLS.S30.T11SKV.2021106T183911.v2.0
[938/8861] [943] all outputs exist; skipping HLS.S30.T10SGE.2021106T183911.v2.0
[939/8861] [944] all outputs exist; skipping HLS.S30.T10SFE.2021106T183911.v2.0
[940/8861] [945] all outputs exist; skipping HLS.S30.T11SLU.2021106T183911.v2.0
[941/8861] [946] all outputs exist; skipping HLS.S30.T11SKU.2021106T183911.v2.0
[942/8861] [947] all outputs exist; skipping HLS.S30.T10SGD.2021106T183911.v2.0
[943/8861] [948] all outputs exist; skipping HLS.S30.T10SFD.2021106T183911.v2.0
[944/8861] [949] all outputs exist; skipping HLS.S30.T11SLT.2021106T183911.v2.0
[945/8861] [950] all outputs exist; skipping HLS.S30.T11SKT.2021106T183911.v2.0
[946/8861] [917] HLS.S30.T11TLE.2021106T183911.v2.0: SKIP NoDataInBounds (field does not intersect FMASK)
[947/8861] [916] HLS.S30.T11TME.2021106T183911.v2.0: SKIP NoDataInBounds (field does not intersect FMASK)
[948/8861] [918] HLS.S30.T11SND.2021106T183911.v2.0: SKIP NoDataInBounds (field does not intersect FMASK)
[949/8861] [955] all outputs exist; skipping HLS.S30.T11SQV.2021107T180911.v2.0
[950/8861] [956] all outputs exist; skipping HLS.S30.T12STD.2021107T180911.v2.0
[951/8861] [957] all outputs exist; skipping HLS.S30.T11SQU.2021107T180911.v2.0
[952/8861] [958] all outputs exist; skipping HLS.S30.T12STC.2021107T180911.v2.0
[953/8861] [959] all outputs exist; skipping HLS.S30.T11SQT.2021107T180911.v2.0
[954/8861] [921] HLS.S30.T11SMD.2021106T183911.v2.0: SKIP NoDataInBounds (field does not intersect FMASK)
[955/8861] [961] all outputs exist; skipping HLS.S30.T11SQS.2021107T180911.v2.0
[956/8861] [962] all outputs exist; skipping HLS.S30.T11SPS.2021107T180911.v2.0
[957/8861] [922] HLS.S30.T11SLD.2021106T183911.v2.0: SKIP NoDataInBounds (field does not intersect FMASK)
[958/8861] [925] HLS.S30.T11SMC.2021106T183911.v2.0: SKIP NoDataInBounds (field does not intersect FMASK)
[959/8861] [952] HLS.S30.T11SLS.2021106T183911.v2.0: SKIP NoDataInBounds (field does not intersect FMASK)
[960/8861] [951] HLS.S30.T10SGC.2021106T183911.v2.0: SKIP NoDataInBounds (field does not intersect FMASK)
[961/8861] [953] HLS.S30.T11SKS.2021106T183911.v2.0: SKIP NoDataInBounds (field does not intersect FMASK)
[962/8861] [954] HLS.S30.T12STE.2021107T180911.v2.0: SKIP NoDataInBounds (field does not intersect FMASK)
[963/8861] [960] HLS.S30.T12STB.2021107T180911.v2.0: SKIP NoDataInBounds (field does not intersect FMASK)
[964/8861] [963] HLS.L30.T11TPG.2021107T182537.v2.0: SKIP NoDataInBounds (field does not intersect FMASK)
[965/8861] [964] HLS.L30.T11TNG.2021107T182537.v2.0: SKIP NoDataInBounds (field does not intersect FMASK)
[966/8861] [966] HLS.L30.T11TNF.2021107T182600.v2.0: SKIP NoDataInBounds (field does not intersect FMASK)
[967/8861] [965] HLS.L30.T11TPF.2021107T182600.v2.0: SKIP NoDataInBounds (field does not intersect FMASK)
[968/8861] [967] HLS.L30.T11TMF.2021107T182600.v2.0: SKIP NoDataInBounds (field does not intersect FMASK)
[969/8861] [968] HLS.L30.T11TMG.2021107T182600.v2.0: SKIP NoDataInBounds (field does not intersect FMASK)
[970/8861] [969] HLS.L30.T11TPE.2021107T182624.v2.0: SKIP NoDataInBounds (field does not intersect FMASK)
[971/8861] [977] all outputs exist; skipping HLS.L30.T11SLC.2021107T182648.v2.0
[972/8861] [970] HLS.L30.T11TNE.2021107T182624.v2.0: SKIP NoDataInBounds (field does not intersect FMASK)
[973/8861] [971] HLS.L30.T11SPD.2021107T182624.v2.0: SKIP NoDataInBounds (field does not intersect FMASK)
[974/8861] [980] all outputs exist; skipping HLS.L30.T11SLA.2021107T182712.v2.0
[975/8861] [981] all outputs exist; skipping HLS.L30.T11SNA.2021107T182712.v2.0
[976/8861] [982] all outputs exist; skipping HLS.L30.T11SMA.2021107T182712.v2.0
[977/8861] [983] all outputs exist; skipping HLS.L30.T11SLB.2021107T182712.v2.0
[978/8861] [984] all outputs exist; skipping HLS.L30.T11SMB.2021107T182712.v2.0
[979/8861] [985] all outputs exist; skipping HLS.L30.T11SNV.2021107T182736.v2.0
[980/8861] [986] all outputs exist; skipping HLS.L30.T11SLV.2021107T182736.v2.0
[981/8861] [987] all outputs exist; skipping HLS.L30.T11SMV.2021107T182736.v2.0
[982/8861] [988] all outputs exist; skipping HLS.L30.T11SMU.2021107T182736.v2.0
[983/8861] [989] all outputs exist; skipping HLS.L30.T11SKV.2021107T182736.v2.0
[984/8861] [990] all outputs exist; skipping HLS.L30.T11SKU.2021107T182800.v2.0
[985/8861] [991] all outputs exist; skipping HLS.L30.T11SLU.2021107T182800.v2.0
[986/8861] [992] all outputs exist; skipping HLS.L30.T11SKT.2021107T182800.v2.0
[987/8861] [993] all outputs exist; skipping HLS.L30.T11SMT.2021107T182800.v2.0
[988/8861] [994] all outputs exist; skipping HLS.L30.T11SLT.2021107T182800.v2.0
[989/8861] [972] HLS.L30.T11SMD.2021107T182624.v2.0: SKIP NoDataInBounds (field does not intersect FMASK)
[990/8861] [996] all outputs exist; skipping HLS.L30.T11SMS.2021107T182824.v2.0
[991/8861] [973] HLS.L30.T11TME.2021107T182624.v2.0: SKIP NoDataInBounds (field does not intersect FMASK)
[992/8861] [975] HLS.L30.T11SLD.2021107T182648.v2.0: SKIP NoDataInBounds (field does not intersect FMASK)
[993/8861] [999] all outputs exist; skipping HLS.S30.T10TFM.2021107T185909.v2.0
[994/8861] [1000] all outputs exist; skipping HLS.S30.T10TEM.2021107T185909.v2.0
[995/8861] [1001] all outputs exist; skipping HLS.S30.T10TDM.2021107T185909.v2.0
[996/8861] [1002] all outputs exist; skipping HLS.S30.T10TCM.2021107T185909.v2.0
[997/8861] [1003] all outputs exist; skipping HLS.S30.T10TFL.2021107T185909.v2.0
[998/8861] [1004] all outputs exist; skipping HLS.S30.T10TEL.2021107T185909.v2.0
[999/8861] [1005] all outputs exist; skipping HLS.S30.T10TDL.2021107T185909.v2.0
[1000/8861] [1006] all outputs exist; skipping HLS.S30.T10TFK.2021107T185909.v2.0
[1001/8861] [1007] all outputs exist; skipping HLS.S30.T10TCL.2021107T185909.v2.0
[1002/8861] [1008] all outputs exist; skipping HLS.S30.T10TEK.2021107T185909.v2.0
[1003/8861] [1009] all outputs exist; skipping HLS.S30.T10TDK.2021107T185909.v2.0
[1004/8861] [1010] all outputs exist; skipping HLS.S30.T10TCK.2021107T185909.v2.0
[1005/8861] [1011] all outputs exist; skipping HLS.S30.T10SEJ.2021107T185909.v2.0
[1006/8861] [1012] all outputs exist; skipping HLS.S30.T10SDJ.2021107T185909.v2.0
[1007/8861] [974] HLS.L30.T11SND.2021107T182624.v2.0: SKIP NoDataInBounds (field does not intersect FMASK)
[1008/8861] [1013] all outputs exist; skipping HLS.S30.T10SEH.2021107T185909.v2.0
[1009/8861] [1014] all outputs exist; skipping HLS.S30.T10SDH.2021107T185909.v2.0
[1010/8861] [1015] all outputs exist; skipping HLS.S30.T10SEG.2021107T185909.v2.0
[1011/8861] [976] HLS.L30.T11SMC.2021107T182648.v2.0: SKIP NoDataInBounds (field does not intersect FMASK)
[1012/8861] [978] HLS.L30.T11SNC.2021107T182648.v2.0: SKIP NoDataInBounds (field does not intersect FMASK)
[1013/8861] [979] HLS.L30.T11SNB.2021107T182712.v2.0: SKIP NoDataInBounds (field does not intersect FMASK)
[1014/8861] [995] HLS.L30.T10SGC.2021107T182824.v2.0: SKIP NoDataInBounds (field does not intersect FMASK)
[1015/8861] [997] HLS.L30.T11SLS.2021107T182824.v2.0: SKIP NoDataInBounds (field does not intersect FMASK)
[1016/8861] [998] HLS.L30.T11SKS.2021107T182824.v2.0: SKIP NoDataInBounds (field does not intersect FMASK)
[1017/8861] [1017] HLS.S30.T12TTM.2021108T182909.v2.0: SKIP NoDataInBounds (field does not intersect FMASK)
[1018/8861] [1016] HLS.S30.T11TQG.2021108T182909.v2.0: SKIP NoDataInBounds (field does not intersect FMASK)
[1019/8861] [1019] HLS.S30.T11TNG.2021108T182909.v2.0: SKIP NoDataInBounds (field does not intersect FMASK)
[1020/8861] [1018] HLS.S30.T11TPG.2021108T182909.v2.0: SKIP NoDataInBounds (field does not intersect FMASK)
[1021/8861] [1020] HLS.S30.T11TMG.2021108T182909.v2.0: SKIP NoDataInBounds (field does not intersect FMASK)
[1022/8861] [1021] HLS.S30.T12TTL.2021108T182909.v2.0: SKIP NoDataInBounds (field does not intersect FMASK)
[1023/8861] [1022] HLS.S30.T11TQF.2021108T182909.v2.0: SKIP NoDataInBounds (field does not intersect FMASK)
[1024/8861] [1023] HLS.S30.T11TPF.2021108T182909.v2.0: SKIP NoDataInBounds (field does not intersect FMASK)
[1025/8861] [1024] HLS.S30.T11TNF.2021108T182909.v2.0: SKIP NoDataInBounds (field does not intersect FMASK)
[1026/8861] [1025] HLS.S30.T11TMF.2021108T182909.v2.0: SKIP NoDataInBounds (field does not intersect FMASK)
[1027/8861] [1028] HLS.S30.T11TPE.2021108T182909.v2.0: SKIP NoDataInBounds (field does not intersect FMASK)
[1028/8861] [1026] HLS.S30.T12TTK.2021108T182909.v2.0: SKIP NoDataInBounds (field does not intersect FMASK)
[1029/8861] [1027] HLS.S30.T11TQE.2021108T182909.v2.0: SKIP NoDataInBounds (field does not intersect FMASK)
[1030/8861] [1029] HLS.S30.T11TNE.2021108T182909.v2.0: SKIP NoDataInBounds (field does not intersect FMASK)
[1031/8861] [1030] HLS.S30.T12STJ.2021108T182909.v2.0: SKIP NoDataInBounds (field does not intersect FMASK)
[1032/8861] [1031] HLS.S30.T11TME.2021108T182909.v2.0: SKIP NoDataInBounds (field does not intersect FMASK)
[1033/8861] [1032] HLS.S30.T11SQD.2021108T182909.v2.0: SKIP NoDataInBounds (field does not intersect FMASK)
[1034/8861] [1040] all outputs exist; skipping HLS.S30.T11SLC.2021108T182909.v2.0
[1035/8861] [1033] HLS.S30.T11SPD.2021108T182909.v2.0: SKIP NoDataInBounds (field does not intersect FMASK)
[1036/8861] [1034] HLS.S30.T11SND.2021108T182909.v2.0: SKIP NoDataInBounds (field does not intersect FMASK)
[1037/8861] [1035] HLS.S30.T11SMD.2021108T182909.v2.0: SKIP NoDataInBounds (field does not intersect FMASK)
[1038/8861] [1043] all outputs exist; skipping HLS.S30.T11SMB.2021108T182909.v2.0
[1039/8861] [1044] all outputs exist; skipping HLS.S30.T11SLB.2021108T182909.v2.0
[1040/8861] [1046] all outputs exist; skipping HLS.S30.T11SNA.2021108T182909.v2.0
[1041/8861] [1047] all outputs exist; skipping HLS.S30.T11SMA.2021108T182909.v2.0
[1042/8861] [1048] all outputs exist; skipping HLS.S30.T11SLA.2021108T182909.v2.0
[1043/8861] [1049] all outputs exist; skipping HLS.S30.T11SPV.2021108T182909.v2.0
[1044/8861] [1050] all outputs exist; skipping HLS.S30.T11SNV.2021108T182909.v2.0
[1045/8861] [1051] all outputs exist; skipping HLS.S30.T11SMV.2021108T182909.v2.0
[1046/8861] [1052] all outputs exist; skipping HLS.S30.T11SPU.2021108T182909.v2.0
[1047/8861] [1053] all outputs exist; skipping HLS.S30.T11SLV.2021108T182909.v2.0
[1048/8861] [1054] all outputs exist; skipping HLS.S30.T11SNU.2021108T182909.v2.0
[1049/8861] [1055] all outputs exist; skipping HLS.S30.T11SKV.2021108T182909.v2.0
[1050/8861] [1056] all outputs exist; skipping HLS.S30.T11SMU.2021108T182909.v2.0
[1051/8861] [1057] all outputs exist; skipping HLS.S30.T11SLU.2021108T182909.v2.0
[1052/8861] [1058] all outputs exist; skipping HLS.S30.T11SKU.2021108T182909.v2.0
[1053/8861] [1059] all outputs exist; skipping HLS.S30.T11SNT.2021108T182909.v2.0
[1054/8861] [1060] all outputs exist; skipping HLS.S30.T11SMT.2021108T182909.v2.0
[1055/8861] [1061] all outputs exist; skipping HLS.S30.T11SLT.2021108T182909.v2.0
[1056/8861] [1062] all outputs exist; skipping HLS.S30.T11SKT.2021108T182909.v2.0
[1057/8861] [1063] all outputs exist; skipping HLS.S30.T11SNS.2021108T182909.v2.0
[1058/8861] [1064] all outputs exist; skipping HLS.S30.T11SMS.2021108T182909.v2.0
[1059/8861] [1036] HLS.S30.T11SPC.2021108T182909.v2.0: SKIP NoDataInBounds (field does not intersect FMASK)
[1060/8861] [1037] HLS.S30.T11SLD.2021108T182909.v2.0: SKIP NoDataInBounds (field does not intersect FMASK)
[1061/8861] [1038] HLS.S30.T11SNC.2021108T182909.v2.0: SKIP NoDataInBounds (field does not intersect FMASK)
[1062/8861] [1068] all outputs exist; skipping HLS.S30.T11SMR.2021108T182909.v2.0
[1063/8861] [1039] HLS.S30.T11SMC.2021108T182909.v2.0: SKIP NoDataInBounds (field does not intersect FMASK)
[1064/8861] [1042] HLS.S30.T11SNB.2021108T182909.v2.0: SKIP NoDataInBounds (field does not intersect FMASK)
[1065/8861] [1041] HLS.S30.T11SPB.2021108T182909.v2.0: SKIP NoDataInBounds (field does not intersect FMASK)
[1066/8861] [1045] HLS.S30.T11SPA.2021108T182909.v2.0: SKIP NoDataInBounds (field does not intersect FMASK)
[1067/8861] [1066] HLS.S30.T11SKS.2021108T182909.v2.0: SKIP NoDataInBounds (field does not intersect FMASK)
[1068/8861] [1065] HLS.S30.T11SLS.2021108T182909.v2.0: SKIP NoDataInBounds (field does not intersect FMASK)
[1069/8861] [1067] HLS.S30.T11SNR.2021108T182909.v2.0: SKIP NoDataInBounds (field does not intersect FMASK)
[1070/8861] [1069] HLS.L30.T11TQF.2021109T181338.v2.0: SKIP NoDataInBounds (field does not intersect FMASK)
[1071/8861] [1070] HLS.L30.T11TQG.2021109T181338.v2.0: SKIP NoDataInBounds (field does not intersect FMASK)
[1072/8861] [1071] HLS.L30.T12TTL.2021109T181338.v2.0: SKIP NoDataInBounds (field does not intersect FMASK)
[1073/8861] [1072] HLS.L30.T12TTM.2021109T181338.v2.0: SKIP NoDataInBounds (field does not intersect FMASK)
[1074/8861] [1074] HLS.L30.T11SQD.2021109T181402.v2.0: SKIP NoDataInBounds (field does not intersect FMASK)
[1075/8861] [1073] HLS.L30.T11TPF.2021109T181402.v2.0: SKIP NoDataInBounds (field does not intersect FMASK)
[1076/8861] [1075] HLS.L30.T11TQE.2021109T181402.v2.0: SKIP NoDataInBounds (field does not intersect FMASK)
[1077/8861] [1076] HLS.L30.T11TPE.2021109T181402.v2.0: SKIP NoDataInBounds (field does not intersect FMASK)
[1078/8861] [1078] HLS.L30.T12STJ.2021109T181402.v2.0: SKIP NoDataInBounds (field does not intersect FMASK)
[1079/8861] [1077] HLS.L30.T12TTK.2021109T181402.v2.0: SKIP NoDataInBounds (field does not intersect FMASK)
[1080/8861] [1079] HLS.L30.T11SPD.2021109T181402.v2.0: SKIP NoDataInBounds (field does not intersect FMASK)
[1081/8861] [1080] HLS.L30.T11SPC.2021109T181426.v2.0: SKIP NoDataInBounds (field does not intersect FMASK)
[1082/8861] [1081] HLS.L30.T11SQC.2021109T181426.v2.0: SKIP NoDataInBounds (field does not intersect FMASK)
[1083/8861] [1089] all outputs exist; skipping HLS.L30.T11SNV.2021109T181513.v2.0
[1084/8861] [1082] HLS.L30.T12STH.2021109T181426.v2.0: SKIP NoDataInBounds (field does not intersect FMASK)
[1085/8861] [1091] all outputs exist; skipping HLS.L30.T12STD.2021109T181513.v2.0
[1086/8861] [1092] all outputs exist; skipping HLS.L30.T11SQU.2021109T181513.v2.0
[1087/8861] [1093] all outputs exist; skipping HLS.L30.T11SPV.2021109T181513.v2.0
[1088/8861] [1094] all outputs exist; skipping HLS.L30.T11SQV.2021109T181513.v2.0
[1089/8861] [1095] all outputs exist; skipping HLS.L30.T11SNA.2021109T181513.v2.0
[1090/8861] [1096] all outputs exist; skipping HLS.L30.T11SNU.2021109T181537.v2.0
[1091/8861] [1097] all outputs exist; skipping HLS.L30.T11SPT.2021109T181537.v2.0
[1092/8861] [1098] all outputs exist; skipping HLS.L30.T11SPU.2021109T181537.v2.0
[1093/8861] [1099] all outputs exist; skipping HLS.L30.T11SNT.2021109T181537.v2.0
[1094/8861] [1100] all outputs exist; skipping HLS.L30.T11SQT.2021109T181537.v2.0
[1095/8861] [1083] HLS.L30.T11SPB.2021109T181449.v2.0: SKIP NoDataInBounds (field does not intersect FMASK)
[1096/8861] [1102] all outputs exist; skipping HLS.L30.T11SPS.2021109T181601.v2.0
[1097/8861] [1103] all outputs exist; skipping HLS.L30.T11SNS.2021109T181601.v2.0
[1098/8861] [1104] all outputs exist; skipping HLS.L30.T11SQS.2021109T181601.v2.0
[1099/8861] [1084] HLS.L30.T12STG.2021109T181449.v2.0: SKIP NoDataInBounds (field does not intersect FMASK)
[1100/8861] [1106] all outputs exist; skipping HLS.S30.T10TGM.2021109T184911.v2.0
[1101/8861] [1107] all outputs exist; skipping HLS.S30.T11TKG.2021109T184911.v2.0
[1102/8861] [1108] all outputs exist; skipping HLS.S30.T10TFM.2021109T184911.v2.0
[1103/8861] [1109] all outputs exist; skipping HLS.S30.T10TEM.2021109T184911.v2.0
[1104/8861] [1085] HLS.L30.T11SQB.2021109T181449.v2.0: SKIP NoDataInBounds (field does not intersect FMASK)
[1105/8861] [1111] all outputs exist; skipping HLS.S30.T11TKF.2021109T184911.v2.0
[1106/8861] [1112] all outputs exist; skipping HLS.S30.T10TGL.2021109T184911.v2.0
[1107/8861] [1113] all outputs exist; skipping HLS.S30.T10TFL.2021109T184911.v2.0
[1108/8861] [1086] HLS.L30.T11SQA.2021109T181449.v2.0: SKIP NoDataInBounds (field does not intersect FMASK)
[1109/8861] [1115] all outputs exist; skipping HLS.S30.T10TEL.2021109T184911.v2.0
[1110/8861] [1116] all outputs exist; skipping HLS.S30.T11TKE.2021109T184911.v2.0
[1111/8861] [1117] all outputs exist; skipping HLS.S30.T10TGK.2021109T184911.v2.0
[1112/8861] [1118] all outputs exist; skipping HLS.S30.T10TFK.2021109T184911.v2.0
[1113/8861] [1119] all outputs exist; skipping HLS.S30.T10TEK.2021109T184911.v2.0
[1114/8861] [1120] all outputs exist; skipping HLS.S30.T11SKD.2021109T184911.v2.0
[1115/8861] [1121] all outputs exist; skipping HLS.S30.T10SGJ.2021109T184911.v2.0
[1116/8861] [1122] all outputs exist; skipping HLS.S30.T10SFJ.2021109T184911.v2.0
[1117/8861] [1123] all outputs exist; skipping HLS.S30.T10SEJ.2021109T184911.v2.0
[1118/8861] [1124] all outputs exist; skipping HLS.S30.T10SDJ.2021109T184911.v2.0
[1119/8861] [1125] all outputs exist; skipping HLS.S30.T11SKC.2021109T184911.v2.0
[1120/8861] [1126] all outputs exist; skipping HLS.S30.T10SGH.2021109T184911.v2.0
[1121/8861] [1127] all outputs exist; skipping HLS.S30.T10SFH.2021109T184911.v2.0
[1122/8861] [1128] all outputs exist; skipping HLS.S30.T10SEH.2021109T184911.v2.0
[1123/8861] [1129] all outputs exist; skipping HLS.S30.T10SDH.2021109T184911.v2.0
[1124/8861] [1130] all outputs exist; skipping HLS.S30.T11SKB.2021109T184911.v2.0
[1125/8861] [1131] all outputs exist; skipping HLS.S30.T10SGG.2021109T184911.v2.0
[1126/8861] [1132] all outputs exist; skipping HLS.S30.T10SFG.2021109T184911.v2.0
[1127/8861] [1133] all outputs exist; skipping HLS.S30.T11SKA.2021109T184911.v2.0
[1128/8861] [1134] all outputs exist; skipping HLS.S30.T10SEG.2021109T184911.v2.0
[1129/8861] [1087] HLS.L30.T12STF.2021109T181449.v2.0: SKIP NoDataInBounds (field does not intersect FMASK)
[1130/8861] [1136] all outputs exist; skipping HLS.S30.T10SGF.2021109T184911.v2.0
[1131/8861] [1137] all outputs exist; skipping HLS.S30.T10SFF.2021109T184911.v2.0
[1132/8861] [1138] all outputs exist; skipping HLS.S30.T10SEF.2021109T184911.v2.0
[1133/8861] [1139] all outputs exist; skipping HLS.S30.T10SGE.2021109T184911.v2.0
[1134/8861] [1140] all outputs exist; skipping HLS.S30.T10SFE.2021109T184911.v2.0
[1135/8861] [1141] all outputs exist; skipping HLS.S30.T10SFD.2021109T184911.v2.0
[1136/8861] [1088] HLS.L30.T11SPA.2021109T181449.v2.0: SKIP NoDataInBounds (field does not intersect FMASK)
[1137/8861] [1090] HLS.L30.T12STE.2021109T181513.v2.0: SKIP NoDataInBounds (field does not intersect FMASK)
[1138/8861] [1101] HLS.L30.T11SNR.2021109T181601.v2.0: SKIP NoDataInBounds (field does not intersect FMASK)
[1139/8861] [1110] HLS.S30.T11TLF.2021109T184911.v2.0: SKIP NoDataInBounds (field does not intersect FMASK)
[1140/8861] [1105] HLS.S30.T11TLG.2021109T184911.v2.0: SKIP NoDataInBounds (field does not intersect FMASK)
[1141/8861] [1114] HLS.S30.T11TLE.2021109T184911.v2.0: SKIP NoDataInBounds (field does not intersect FMASK)
[1142/8861] [1135] HLS.S30.T10SDG.2021109T184911.v2.0: SKIP NoDataInBounds (field does not intersect FMASK)
[1143/8861] [1142] HLS.S30.T11TQG.2021110T181921.v2.0: SKIP NoDataInBounds (field does not intersect FMASK)
[1144/8861] [1143] HLS.S30.T12TTM.2021110T181921.v2.0: SKIP NoDataInBounds (field does not intersect FMASK)
[1145/8861] [1144] HLS.S30.T11TPG.2021110T181921.v2.0: SKIP NoDataInBounds (field does not intersect FMASK)
[1146/8861] [1145] HLS.S30.T12TTL.2021110T181921.v2.0: SKIP NoDataInBounds (field does not intersect FMASK)
[1147/8861] [1147] HLS.S30.T11TPF.2021110T181921.v2.0: SKIP NoDataInBounds (field does not intersect FMASK)
[1148/8861] [1146] HLS.S30.T11TQF.2021110T181921.v2.0: SKIP NoDataInBounds (field does not intersect FMASK)
[1149/8861] [1148] HLS.S30.T12TTK.2021110T181921.v2.0: SKIP NoDataInBounds (field does not intersect FMASK)
[1150/8861] [1149] HLS.S30.T11TQE.2021110T181921.v2.0: SKIP NoDataInBounds (field does not intersect FMASK)
[1151/8861] [1150] HLS.S30.T11TPE.2021110T181921.v2.0: SKIP NoDataInBounds (field does not intersect FMASK)
[1152/8861] [1151] HLS.S30.T12STJ.2021110T181921.v2.0: SKIP NoDataInBounds (field does not intersect FMASK)
[1153/8861] [1152] HLS.S30.T11SQD.2021110T181921.v2.0: SKIP NoDataInBounds (field does not intersect FMASK)
[1154/8861] [1153] HLS.S30.T11SPD.2021110T181921.v2.0: SKIP NoDataInBounds (field does not intersect FMASK)
[1155/8861] [1155] HLS.S30.T11SQC.2021110T181921.v2.0: SKIP NoDataInBounds (field does not intersect FMASK)
[1156/8861] [1154] HLS.S30.T12STH.2021110T181921.v2.0: SKIP NoDataInBounds (field does not intersect FMASK)
[1157/8861] [1156] HLS.S30.T11SPC.2021110T181921.v2.0: SKIP NoDataInBounds (field does not intersect FMASK)
[1158/8861] [1157] HLS.S30.T11SNC.2021110T181921.v2.0: SKIP NoDataInBounds (field does not intersect FMASK)
[1159/8861] [1165] all outputs exist; skipping HLS.S30.T11SNA.2021110T181921.v2.0
[1160/8861] [1158] HLS.S30.T12STG.2021110T181921.v2.0: SKIP NoDataInBounds (field does not intersect FMASK)
[1161/8861] [1167] all outputs exist; skipping HLS.S30.T11SQV.2021110T181921.v2.0
[1162/8861] [1168] all outputs exist; skipping HLS.S30.T11SPV.2021110T181921.v2.0
[1163/8861] [1169] all outputs exist; skipping HLS.S30.T11SNV.2021110T181921.v2.0
[1164/8861] [1170] all outputs exist; skipping HLS.S30.T12STD.2021110T181921.v2.0
[1165/8861] [1171] all outputs exist; skipping HLS.S30.T11SQU.2021110T181921.v2.0
[1166/8861] [1172] all outputs exist; skipping HLS.S30.T11SPU.2021110T181921.v2.0
[1167/8861] [1173] all outputs exist; skipping HLS.S30.T11SNU.2021110T181921.v2.0
[1168/8861] [1174] all outputs exist; skipping HLS.S30.T12STC.2021110T181921.v2.0
[1169/8861] [1175] all outputs exist; skipping HLS.S30.T11SQT.2021110T181921.v2.0
[1170/8861] [1176] all outputs exist; skipping HLS.S30.T11SPT.2021110T181921.v2.0
[1171/8861] [1177] all outputs exist; skipping HLS.S30.T11SNT.2021110T181921.v2.0
[1172/8861] [1159] HLS.S30.T11SQB.2021110T181921.v2.0: SKIP NoDataInBounds (field does not intersect FMASK)
[1173/8861] [1179] all outputs exist; skipping HLS.S30.T11SMT.2021110T181921.v2.0
[1174/8861] [1180] all outputs exist; skipping HLS.S30.T11SQS.2021110T181921.v2.0
[1175/8861] [1181] all outputs exist; skipping HLS.S30.T11SPS.2021110T181921.v2.0
[1176/8861] [1182] all outputs exist; skipping HLS.S30.T11SNS.2021110T181921.v2.0
[1177/8861] [1183] all outputs exist; skipping HLS.S30.T11SMS.2021110T181921.v2.0
[1178/8861] [1160] HLS.S30.T11SPB.2021110T181921.v2.0: SKIP NoDataInBounds (field does not intersect FMASK)
[1179/8861] [1185] all outputs exist; skipping HLS.S30.T11SMR.2021110T181921.v2.0
[1180/8861] [1186] all outputs exist; skipping HLS.L30.T10TDM.2021110T185629.v2.0
[1181/8861] [1187] all outputs exist; skipping HLS.L30.T10TEM.2021110T185629.v2.0
[1182/8861] [1188] all outputs exist; skipping HLS.L30.T10TEL.2021110T185653.v2.0
[1183/8861] [1189] all outputs exist; skipping HLS.L30.T10TCL.2021110T185653.v2.0
[1184/8861] [1190] all outputs exist; skipping HLS.L30.T10TCM.2021110T185653.v2.0
[1185/8861] [1191] all outputs exist; skipping HLS.L30.T10TDL.2021110T185653.v2.0
[1186/8861] [1192] all outputs exist; skipping HLS.L30.T10TDK.2021110T185717.v2.0
[1187/8861] [1193] all outputs exist; skipping HLS.L30.T10SDJ.2021110T185717.v2.0
[1188/8861] [1194] all outputs exist; skipping HLS.L30.T10TCK.2021110T185717.v2.0
[1189/8861] [1195] all outputs exist; skipping HLS.L30.T10SDH.2021110T185741.v2.0
[1190/8861] [1161] HLS.S30.T11SNB.2021110T181921.v2.0: SKIP NoDataInBounds (field does not intersect FMASK)
[1191/8861] [1196] all outputs exist; skipping HLS.S30.T10TDM.2021110T190909.v2.0
[1192/8861] [1197] all outputs exist; skipping HLS.S30.T10TCM.2021110T190909.v2.0
[1193/8861] [1198] all outputs exist; skipping HLS.S30.T10TDL.2021110T190909.v2.0
[1194/8861] [1199] all outputs exist; skipping HLS.S30.T10TCL.2021110T190909.v2.0
[1195/8861] [1200] all outputs exist; skipping HLS.S30.T10TCK.2021110T190909.v2.0
[1196/8861] [1162] HLS.S30.T12STF.2021110T181921.v2.0: SKIP NoDataInBounds (field does not intersect FMASK)
[1197/8861] [1163] HLS.S30.T11SQA.2021110T181921.v2.0: SKIP NoDataInBounds (field does not intersect FMASK)
[1198/8861] [1204] all outputs exist; skipping HLS.S30.T10TGM.2021111T183909.v2.0
[1199/8861] [1205] all outputs exist; skipping HLS.S30.T11TKG.2021111T183909.v2.0
[1200/8861] [1164] HLS.S30.T11SPA.2021110T181921.v2.0: SKIP NoDataInBounds (field does not intersect FMASK)
[1201/8861] [1166] HLS.S30.T12STE.2021110T181921.v2.0: SKIP NoDataInBounds (field does not intersect FMASK)
[1202/8861] [1178] HLS.S30.T12STB.2021110T181921.v2.0: SKIP NoDataInBounds (field does not intersect FMASK)
[1203/8861] [1209] all outputs exist; skipping HLS.S30.T11TKF.2021111T183909.v2.0
[1204/8861] [1210] all outputs exist; skipping HLS.S30.T10TGL.2021111T183909.v2.0
[1205/8861] [1184] HLS.S30.T11SNR.2021110T181921.v2.0: SKIP NoDataInBounds (field does not intersect FMASK)
[1206/8861] [1201] HLS.S30.T11TNG.2021111T183909.v2.0: SKIP NoDataInBounds (field does not intersect FMASK)
[1207/8861] [1202] HLS.S30.T11TMG.2021111T183909.v2.0: SKIP NoDataInBounds (field does not intersect FMASK)
[1208/8861] [1214] all outputs exist; skipping HLS.S30.T11TKE.2021111T183909.v2.0
[1209/8861] [1215] all outputs exist; skipping HLS.S30.T10TGK.2021111T183909.v2.0
[1210/8861] [1203] HLS.S30.T11TLG.2021111T183909.v2.0: SKIP NoDataInBounds (field does not intersect FMASK)
[1211/8861] [1206] HLS.S30.T11TNF.2021111T183909.v2.0: SKIP NoDataInBounds (field does not intersect FMASK)
[1212/8861] [1218] all outputs exist; skipping HLS.S30.T11SKD.2021111T183909.v2.0
[1213/8861] [1219] all outputs exist; skipping HLS.S30.T10SGJ.2021111T183909.v2.0
[1214/8861] [1207] HLS.S30.T11TMF.2021111T183909.v2.0: SKIP NoDataInBounds (field does not intersect FMASK)
[1215/8861] [1221] all outputs exist; skipping HLS.S30.T10SFJ.2021111T183909.v2.0
[1216/8861] [1222] all outputs exist; skipping HLS.S30.T11SLC.2021111T183909.v2.0
[1217/8861] [1223] all outputs exist; skipping HLS.S30.T11SKC.2021111T183909.v2.0
[1218/8861] [1224] all outputs exist; skipping HLS.S30.T10SGH.2021111T183909.v2.0
[1219/8861] [1225] all outputs exist; skipping HLS.S30.T10SFH.2021111T183909.v2.0
[1220/8861] [1226] all outputs exist; skipping HLS.S30.T11SMB.2021111T183909.v2.0
[1221/8861] [1227] all outputs exist; skipping HLS.S30.T11SLB.2021111T183909.v2.0
[1222/8861] [1228] all outputs exist; skipping HLS.S30.T11SKB.2021111T183909.v2.0
[1223/8861] [1229] all outputs exist; skipping HLS.S30.T10SGG.2021111T183909.v2.0
[1224/8861] [1230] all outputs exist; skipping HLS.S30.T11SMA.2021111T183909.v2.0
[1225/8861] [1231] all outputs exist; skipping HLS.S30.T10SFG.2021111T183909.v2.0
[1226/8861] [1232] all outputs exist; skipping HLS.S30.T11SLA.2021111T183909.v2.0
[1227/8861] [1233] all outputs exist; skipping HLS.S30.T11SKA.2021111T183909.v2.0
[1228/8861] [1234] all outputs exist; skipping HLS.S30.T10SGF.2021111T183909.v2.0
[1229/8861] [1235] all outputs exist; skipping HLS.S30.T10SFF.2021111T183909.v2.0
[1230/8861] [1236] all outputs exist; skipping HLS.S30.T11SLV.2021111T183909.v2.0
[1231/8861] [1237] all outputs exist; skipping HLS.S30.T11SKV.2021111T183909.v2.0
[1232/8861] [1238] all outputs exist; skipping HLS.S30.T10SGE.2021111T183909.v2.0
[1233/8861] [1239] all outputs exist; skipping HLS.S30.T10SFE.2021111T183909.v2.0
[1234/8861] [1240] all outputs exist; skipping HLS.S30.T11SLU.2021111T183909.v2.0
[1235/8861] [1241] all outputs exist; skipping HLS.S30.T11SKU.2021111T183909.v2.0
[1236/8861] [1242] all outputs exist; skipping HLS.S30.T10SGD.2021111T183909.v2.0
[1237/8861] [1243] all outputs exist; skipping HLS.S30.T11SLT.2021111T183909.v2.0
[1238/8861] [1244] all outputs exist; skipping HLS.S30.T11SKT.2021111T183909.v2.0
[1239/8861] [1208] HLS.S30.T11TLF.2021111T183909.v2.0: SKIP NoDataInBounds (field does not intersect FMASK)
[1240/8861] [1211] HLS.S30.T11TNE.2021111T183909.v2.0: SKIP NoDataInBounds (field does not intersect FMASK)
[1241/8861] [1212] HLS.S30.T11TME.2021111T183909.v2.0: SKIP NoDataInBounds (field does not intersect FMASK)
[1242/8861] [1248] all outputs exist; skipping HLS.S30.T11SQV.2021112T180909.v2.0
[1243/8861] [1249] all outputs exist; skipping HLS.S30.T12STD.2021112T180909.v2.0
[1244/8861] [1250] all outputs exist; skipping HLS.S30.T11SQU.2021112T180909.v2.0
[1245/8861] [1251] all outputs exist; skipping HLS.S30.T12STC.2021112T180909.v2.0
[1246/8861] [1252] all outputs exist; skipping HLS.S30.T11SQT.2021112T180909.v2.0
[1247/8861] [1213] HLS.S30.T11TLE.2021111T183909.v2.0: SKIP NoDataInBounds (field does not intersect FMASK)
[1248/8861] [1254] all outputs exist; skipping HLS.S30.T11SQS.2021112T180909.v2.0
[1249/8861] [1255] all outputs exist; skipping HLS.S30.T11SPS.2021112T180909.v2.0
[1250/8861] [1256] all outputs exist; skipping HLS.L30.T10TGM.2021112T184406.v2.0
[1251/8861] [1257] all outputs exist; skipping HLS.L30.T11TKG.2021112T184406.v2.0
[1252/8861] [1258] all outputs exist; skipping HLS.L30.T10TFM.2021112T184430.v2.0
[1253/8861] [1259] all outputs exist; skipping HLS.L30.T10TEL.2021112T184430.v2.0
[1254/8861] [1260] all outputs exist; skipping HLS.L30.T10TFL.2021112T184430.v2.0
[1255/8861] [1261] all outputs exist; skipping HLS.L30.T11TKF.2021112T184430.v2.0
[1256/8861] [1262] all outputs exist; skipping HLS.L30.T10TGL.2021112T184430.v2.0
[1257/8861] [1263] all outputs exist; skipping HLS.L30.T10TEM.2021112T184430.v2.0
[1258/8861] [1264] all outputs exist; skipping HLS.L30.T10SFJ.2021112T184454.v2.0
[1259/8861] [1265] all outputs exist; skipping HLS.L30.T10SEJ.2021112T184454.v2.0
[1260/8861] [1266] all outputs exist; skipping HLS.L30.T10SGJ.2021112T184454.v2.0
[1261/8861] [1267] all outputs exist; skipping HLS.L30.T10TEK.2021112T184454.v2.0
[1262/8861] [1268] all outputs exist; skipping HLS.L30.T10TGK.2021112T184454.v2.0
[1263/8861] [1269] all outputs exist; skipping HLS.L30.T11SKD.2021112T184454.v2.0
[1264/8861] [1270] all outputs exist; skipping HLS.L30.T10TFK.2021112T184454.v2.0
[1265/8861] [1271] all outputs exist; skipping HLS.L30.T11TKE.2021112T184454.v2.0
[1266/8861] [1272] all outputs exist; skipping HLS.L30.T10SGH.2021112T184518.v2.0
[1267/8861] [1216] HLS.S30.T11SMD.2021111T183909.v2.0: SKIP NoDataInBounds (field does not intersect FMASK)
[1268/8861] [1273] all outputs exist; skipping HLS.L30.T10SDH.2021112T184518.v2.0
[1269/8861] [1274] all outputs exist; skipping HLS.L30.T10SEH.2021112T184518.v2.0
[1270/8861] [1275] all outputs exist; skipping HLS.L30.T10SFH.2021112T184518.v2.0
[1271/8861] [1276] all outputs exist; skipping HLS.L30.T10TEK.2021112T184518.v2.0
[1272/8861] [1277] all outputs exist; skipping HLS.L30.T10TFK.2021112T184518.v2.0
[1273/8861] [1278] all outputs exist; skipping HLS.L30.T10SEJ.2021112T184518.v2.0
[1274/8861] [1279] all outputs exist; skipping HLS.L30.T10SFJ.2021112T184518.v2.0
[1275/8861] [1281] all outputs exist; skipping HLS.L30.T11SKD.2021112T184518.v2.0
[1276/8861] [1280] all outputs exist; skipping HLS.L30.T10SGJ.2021112T184518.v2.0
[1277/8861] [1282] all outputs exist; skipping HLS.L30.T10SEG.2021112T184542.v2.0
[1278/8861] [1284] all outputs exist; skipping HLS.L30.T10SFG.2021112T184542.v2.0
[1279/8861] [1285] all outputs exist; skipping HLS.L30.T10SFF.2021112T184542.v2.0
[1280/8861] [1286] all outputs exist; skipping HLS.L30.T10SEF.2021112T184542.v2.0
[1281/8861] [1287] all outputs exist; skipping HLS.L30.T10SFE.2021112T184606.v2.0
[1282/8861] [1288] all outputs exist; skipping HLS.L30.T10SFD.2021112T184606.v2.0
[1283/8861] [1289] all outputs exist; skipping HLS.S30.T10TFM.2021112T185911.v2.0
[1284/8861] [1290] all outputs exist; skipping HLS.S30.T10TEM.2021112T185911.v2.0
[1285/8861] [1291] all outputs exist; skipping HLS.S30.T10TDM.2021112T185911.v2.0
[1286/8861] [1292] all outputs exist; skipping HLS.S30.T10TCM.2021112T185911.v2.0
[1287/8861] [1293] all outputs exist; skipping HLS.S30.T10TFL.2021112T185911.v2.0
[1288/8861] [1294] all outputs exist; skipping HLS.S30.T10TEL.2021112T185911.v2.0
[1289/8861] [1295] all outputs exist; skipping HLS.S30.T10TDL.2021112T185911.v2.0
[1290/8861] [1296] all outputs exist; skipping HLS.S30.T10TFK.2021112T185911.v2.0
[1291/8861] [1297] all outputs exist; skipping HLS.S30.T10TCL.2021112T185911.v2.0
[1292/8861] [1298] all outputs exist; skipping HLS.S30.T10TEK.2021112T185911.v2.0
[1293/8861] [1299] all outputs exist; skipping HLS.S30.T10TDK.2021112T185911.v2.0
[1294/8861] [1300] all outputs exist; skipping HLS.S30.T10TCK.2021112T185911.v2.0
[1295/8861] [1301] all outputs exist; skipping HLS.S30.T10SEJ.2021112T185911.v2.0
[1296/8861] [1302] all outputs exist; skipping HLS.S30.T10SDJ.2021112T185911.v2.0
[1297/8861] [1303] all outputs exist; skipping HLS.S30.T10SEH.2021112T185911.v2.0
[1298/8861] [1304] all outputs exist; skipping HLS.S30.T10SDH.2021112T185911.v2.0
[1299/8861] [1220] HLS.S30.T11SMC.2021111T183909.v2.0: SKIP NoDataInBounds (field does not intersect FMASK)
[1300/8861] [1217] HLS.S30.T11SLD.2021111T183909.v2.0: SKIP NoDataInBounds (field does not intersect FMASK)
[1301/8861] [1245] HLS.S30.T10SGC.2021111T183909.v2.0: SKIP NoDataInBounds (field does not intersect FMASK)
[1302/8861] [1246] HLS.S30.T11SLS.2021111T183909.v2.0: SKIP NoDataInBounds (field does not intersect FMASK)
[1303/8861] [1253] HLS.S30.T12STB.2021112T180909.v2.0: SKIP NoDataInBounds (field does not intersect FMASK)
[1304/8861] [1247] HLS.S30.T12STE.2021112T180909.v2.0: SKIP NoDataInBounds (field does not intersect FMASK)
[1305/8861] [1283] HLS.L30.T10SDG.2021112T184542.v2.0: SKIP NoDataInBounds (field does not intersect FMASK)
[1306/8861] [1305] HLS.S30.T11TQG.2021113T182911.v2.0: SKIP NoDataInBounds (field does not intersect FMASK)
[1307/8861] [1306] HLS.S30.T12TTM.2021113T182911.v2.0: SKIP NoDataInBounds (field does not intersect FMASK)
[1308/8861] [1307] HLS.S30.T11TPG.2021113T182911.v2.0: SKIP NoDataInBounds (field does not intersect FMASK)
[1309/8861] [1308] HLS.S30.T11TNG.2021113T182911.v2.0: SKIP NoDataInBounds (field does not intersect FMASK)
[1310/8861] [1309] HLS.S30.T11TMG.2021113T182911.v2.0: SKIP NoDataInBounds (field does not intersect FMASK)
[1311/8861] [1310] HLS.S30.T12TTL.2021113T182911.v2.0: SKIP NoDataInBounds (field does not intersect FMASK)
[1312/8861] [1311] HLS.S30.T11TQF.2021113T182911.v2.0: SKIP NoDataInBounds (field does not intersect FMASK)
[1313/8861] [1312] HLS.S30.T11TPF.2021113T182911.v2.0: SKIP NoDataInBounds (field does not intersect FMASK)
[1314/8861] [1313] HLS.S30.T11TNF.2021113T182911.v2.0: SKIP NoDataInBounds (field does not intersect FMASK)
[1315/8861] [1314] HLS.S30.T11TMF.2021113T182911.v2.0: SKIP NoDataInBounds (field does not intersect FMASK)
[1316/8861] [1315] HLS.S30.T12TTK.2021113T182911.v2.0: SKIP NoDataInBounds (field does not intersect FMASK)
[1317/8861] [1316] HLS.S30.T11TQE.2021113T182911.v2.0: SKIP NoDataInBounds (field does not intersect FMASK)
[1318/8861] [1317] HLS.S30.T11TPE.2021113T182911.v2.0: SKIP NoDataInBounds (field does not intersect FMASK)
[1319/8861] [1318] HLS.S30.T11TNE.2021113T182911.v2.0: SKIP NoDataInBounds (field does not intersect FMASK)
[1320/8861] [1321] HLS.S30.T11SQD.2021113T182911.v2.0: SKIP NoDataInBounds (field does not intersect FMASK)
[1321/8861] [1322] HLS.S30.T11SPD.2021113T182911.v2.0: SKIP NoDataInBounds (field does not intersect FMASK)
[1322/8861] [1319] HLS.S30.T12STJ.2021113T182911.v2.0: SKIP NoDataInBounds (field does not intersect FMASK)
[1323/8861] [1329] all outputs exist; skipping HLS.S30.T11SLC.2021113T182911.v2.0
[1324/8861] [1320] HLS.S30.T11TME.2021113T182911.v2.0: SKIP NoDataInBounds (field does not intersect FMASK)
[1325/8861] [1323] HLS.S30.T11SND.2021113T182911.v2.0: SKIP NoDataInBounds (field does not intersect FMASK)
[1326/8861] [1332] all outputs exist; skipping HLS.S30.T11SMB.2021113T182911.v2.0
[1327/8861] [1333] all outputs exist; skipping HLS.S30.T11SLB.2021113T182911.v2.0
[1328/8861] [1324] HLS.S30.T11SMD.2021113T182911.v2.0: SKIP NoDataInBounds (field does not intersect FMASK)
[1329/8861] [1335] all outputs exist; skipping HLS.S30.T11SNA.2021113T182911.v2.0
[1330/8861] [1336] all outputs exist; skipping HLS.S30.T11SMA.2021113T182911.v2.0
[1331/8861] [1337] all outputs exist; skipping HLS.S30.T11SLA.2021113T182911.v2.0
[1332/8861] [1338] all outputs exist; skipping HLS.S30.T11SPV.2021113T182911.v2.0
[1333/8861] [1339] all outputs exist; skipping HLS.S30.T11SNV.2021113T182911.v2.0
[1334/8861] [1340] all outputs exist; skipping HLS.S30.T11SMV.2021113T182911.v2.0
[1335/8861] [1341] all outputs exist; skipping HLS.S30.T11SPU.2021113T182911.v2.0
[1336/8861] [1342] all outputs exist; skipping HLS.S30.T11SLV.2021113T182911.v2.0
[1337/8861] [1343] all outputs exist; skipping HLS.S30.T11SNU.2021113T182911.v2.0
[1338/8861] [1344] all outputs exist; skipping HLS.S30.T11SKV.2021113T182911.v2.0
[1339/8861] [1345] all outputs exist; skipping HLS.S30.T11SMU.2021113T182911.v2.0
[1340/8861] [1346] all outputs exist; skipping HLS.S30.T11SLU.2021113T182911.v2.0
[1341/8861] [1347] all outputs exist; skipping HLS.S30.T11SKU.2021113T182911.v2.0
[1342/8861] [1348] all outputs exist; skipping HLS.S30.T11SNT.2021113T182911.v2.0
[1343/8861] [1349] all outputs exist; skipping HLS.S30.T11SMT.2021113T182911.v2.0
[1344/8861] [1350] all outputs exist; skipping HLS.S30.T11SLT.2021113T182911.v2.0
[1345/8861] [1351] all outputs exist; skipping HLS.S30.T11SKT.2021113T182911.v2.0
[1346/8861] [1352] all outputs exist; skipping HLS.S30.T11SNS.2021113T182911.v2.0
[1347/8861] [1353] all outputs exist; skipping HLS.S30.T11SMS.2021113T182911.v2.0
[1348/8861] [1325] HLS.S30.T11SPC.2021113T182911.v2.0: SKIP NoDataInBounds (field does not intersect FMASK)
[1349/8861] [1355] all outputs exist; skipping HLS.S30.T11SMR.2021113T182911.v2.0
[1350/8861] [1326] HLS.S30.T11SLD.2021113T182911.v2.0: SKIP NoDataInBounds (field does not intersect FMASK)
[1351/8861] [1328] HLS.S30.T11SMC.2021113T182911.v2.0: SKIP NoDataInBounds (field does not intersect FMASK)
[1352/8861] [1327] HLS.S30.T11SNC.2021113T182911.v2.0: SKIP NoDataInBounds (field does not intersect FMASK)
[1353/8861] [1330] HLS.S30.T11SPB.2021113T182911.v2.0: SKIP NoDataInBounds (field does not intersect FMASK)
[1354/8861] [1331] HLS.S30.T11SNB.2021113T182911.v2.0: SKIP NoDataInBounds (field does not intersect FMASK)
[1355/8861] [1334] HLS.S30.T11SPA.2021113T182911.v2.0: SKIP NoDataInBounds (field does not intersect FMASK)
[1356/8861] [1362] all outputs exist; skipping HLS.L30.T10TGK.2021114T183231.v2.0
[1357/8861] [1363] all outputs exist; skipping HLS.L30.T11TKE.2021114T183231.v2.0
[1358/8861] [1354] HLS.S30.T11SNR.2021113T182911.v2.0: SKIP NoDataInBounds (field does not intersect FMASK)
[1359/8861] [1356] HLS.L30.T11TMG.2021114T183144.v2.0: SKIP NoDataInBounds (field does not intersect FMASK)
[1360/8861] [1357] HLS.L30.T11TNG.2021114T183144.v2.0: SKIP NoDataInBounds (field does not intersect FMASK)
[1361/8861] [1358] HLS.L30.T11TLG.2021114T183208.v2.0: SKIP NoDataInBounds (field does not intersect FMASK)
[1362/8861] [1361] HLS.L30.T11TNF.2021114T183208.v2.0: SKIP NoDataInBounds (field does not intersect FMASK)
[1363/8861] [1369] all outputs exist; skipping HLS.L30.T11SKD.2021114T183231.v2.0
[1364/8861] [1370] all outputs exist; skipping HLS.L30.T10SGJ.2021114T183255.v2.0
[1365/8861] [1371] all outputs exist; skipping HLS.L30.T10SGH.2021114T183255.v2.0
[1366/8861] [1372] all outputs exist; skipping HLS.L30.T11SLC.2021114T183255.v2.0
[1367/8861] [1359] HLS.L30.T11TMF.2021114T183208.v2.0: SKIP NoDataInBounds (field does not intersect FMASK)
[1368/8861] [1374] all outputs exist; skipping HLS.L30.T11SKC.2021114T183255.v2.0
[1369/8861] [1375] all outputs exist; skipping HLS.L30.T11SMB.2021114T183319.v2.0
[1370/8861] [1376] all outputs exist; skipping HLS.L30.T11SLB.2021114T183319.v2.0
[1371/8861] [1377] all outputs exist; skipping HLS.L30.T10SGG.2021114T183319.v2.0
[1372/8861] [1378] all outputs exist; skipping HLS.L30.T11SKA.2021114T183319.v2.0
[1373/8861] [1379] all outputs exist; skipping HLS.L30.T11SLA.2021114T183319.v2.0
[1374/8861] [1380] all outputs exist; skipping HLS.L30.T11SKB.2021114T183319.v2.0
[1375/8861] [1381] all outputs exist; skipping HLS.L30.T10SGF.2021114T183319.v2.0
[1376/8861] [1382] all outputs exist; skipping HLS.L30.T11SKV.2021114T183343.v2.0
[1377/8861] [1383] all outputs exist; skipping HLS.L30.T11SLV.2021114T183343.v2.0
[1378/8861] [1384] all outputs exist; skipping HLS.L30.T11SKU.2021114T183343.v2.0
[1379/8861] [1385] all outputs exist; skipping HLS.L30.T10SGE.2021114T183343.v2.0
[1380/8861] [1386] all outputs exist; skipping HLS.L30.T11SLU.2021114T183343.v2.0
[1381/8861] [1387] all outputs exist; skipping HLS.L30.T11SLT.2021114T183407.v2.0
[1382/8861] [1388] all outputs exist; skipping HLS.L30.T11SKT.2021114T183407.v2.0
[1383/8861] [1360] HLS.L30.T11TLF.2021114T183208.v2.0: SKIP NoDataInBounds (field does not intersect FMASK)
[1384/8861] [1390] all outputs exist; skipping HLS.L30.T10SFE.2021114T183407.v2.0
[1385/8861] [1391] all outputs exist; skipping HLS.L30.T10SFD.2021114T183407.v2.0
[1386/8861] [1392] all outputs exist; skipping HLS.L30.T10SGD.2021114T183407.v2.0
[1387/8861] [1364] HLS.L30.T11SLD.2021114T183231.v2.0: SKIP NoDataInBounds (field does not intersect FMASK)
[1388/8861] [1365] HLS.L30.T11TME.2021114T183231.v2.0: SKIP NoDataInBounds (field does not intersect FMASK)
[1389/8861] [1395] all outputs exist; skipping HLS.S30.T10TGM.2021114T184909.v2.0
[1390/8861] [1396] all outputs exist; skipping HLS.S30.T11TKG.2021114T184909.v2.0
[1391/8861] [1397] all outputs exist; skipping HLS.S30.T10TFM.2021114T184909.v2.0
[1392/8861] [1398] all outputs exist; skipping HLS.S30.T10TEM.2021114T184909.v2.0
[1393/8861] [1366] HLS.L30.T11TNE.2021114T183231.v2.0: SKIP NoDataInBounds (field does not intersect FMASK)
[1394/8861] [1400] all outputs exist; skipping HLS.S30.T11TKF.2021114T184909.v2.0
[1395/8861] [1401] all outputs exist; skipping HLS.S30.T10TGL.2021114T184909.v2.0
[1396/8861] [1402] all outputs exist; skipping HLS.S30.T10TFL.2021114T184909.v2.0
[1397/8861] [1373] HLS.L30.T11SMC.2021114T183255.v2.0: SKIP NoDataInBounds (field does not intersect FMASK)
[1398/8861] [1404] all outputs exist; skipping HLS.S30.T10TEL.2021114T184909.v2.0
[1399/8861] [1405] all outputs exist; skipping HLS.S30.T11TKE.2021114T184909.v2.0
[1400/8861] [1406] all outputs exist; skipping HLS.S30.T10TGK.2021114T184909.v2.0
[1401/8861] [1407] all outputs exist; skipping HLS.S30.T10TFK.2021114T184909.v2.0
[1402/8861] [1408] all outputs exist; skipping HLS.S30.T10TEK.2021114T184909.v2.0
[1403/8861] [1409] all outputs exist; skipping HLS.S30.T11SKD.2021114T184909.v2.0
[1404/8861] [1410] all outputs exist; skipping HLS.S30.T10SGJ.2021114T184909.v2.0
[1405/8861] [1411] all outputs exist; skipping HLS.S30.T10SFJ.2021114T184909.v2.0
[1406/8861] [1368] HLS.L30.T11TLE.2021114T183231.v2.0: SKIP NoDataInBounds (field does not intersect FMASK)
[1407/8861] [1412] all outputs exist; skipping HLS.S30.T10SEJ.2021114T184909.v2.0
[1408/8861] [1413] all outputs exist; skipping HLS.S30.T10SDJ.2021114T184909.v2.0
[1409/8861] [1414] all outputs exist; skipping HLS.S30.T11SKC.2021114T184909.v2.0
[1410/8861] [1415] all outputs exist; skipping HLS.S30.T10SGH.2021114T184909.v2.0
[1411/8861] [1416] all outputs exist; skipping HLS.S30.T10SFH.2021114T184909.v2.0
[1412/8861] [1417] all outputs exist; skipping HLS.S30.T10SEH.2021114T184909.v2.0
[1413/8861] [1418] all outputs exist; skipping HLS.S30.T10SDH.2021114T184909.v2.0
[1414/8861] [1419] all outputs exist; skipping HLS.S30.T11SKB.2021114T184909.v2.0
[1415/8861] [1420] all outputs exist; skipping HLS.S30.T10SGG.2021114T184909.v2.0
[1416/8861] [1421] all outputs exist; skipping HLS.S30.T10SFG.2021114T184909.v2.0
[1417/8861] [1422] all outputs exist; skipping HLS.S30.T11SKA.2021114T184909.v2.0
[1418/8861] [1367] HLS.L30.T11SMD.2021114T183231.v2.0: SKIP NoDataInBounds (field does not intersect FMASK)
[1419/8861] [1423] all outputs exist; skipping HLS.S30.T10SEG.2021114T184909.v2.0
[1420/8861] [1426] all outputs exist; skipping HLS.S30.T10SFF.2021114T184909.v2.0
[1421/8861] [1425] all outputs exist; skipping HLS.S30.T10SGF.2021114T184909.v2.0
[1422/8861] [1427] all outputs exist; skipping HLS.S30.T10SEF.2021114T184909.v2.0
[1423/8861] [1428] all outputs exist; skipping HLS.S30.T10SGE.2021114T184909.v2.0
[1424/8861] [1429] all outputs exist; skipping HLS.S30.T10SFE.2021114T184909.v2.0
[1425/8861] [1393] HLS.L30.T11SKS.2021114T183431.v2.0: SKIP NoDataInBounds (field does not intersect FMASK)
[1426/8861] [1389] HLS.L30.T10SGC.2021114T183407.v2.0: SKIP NoDataInBounds (field does not intersect FMASK)
[1427/8861] [1394] HLS.S30.T11TLG.2021114T184909.v2.0: SKIP NoDataInBounds (field does not intersect FMASK)
[1428/8861] [1399] HLS.S30.T11TLF.2021114T184909.v2.0: SKIP NoDataInBounds (field does not intersect FMASK)
[1429/8861] [1403] HLS.S30.T11TLE.2021114T184909.v2.0: SKIP NoDataInBounds (field does not intersect FMASK)
[1430/8861] [1430] HLS.S30.T11TPG.2021115T181909.v2.0: SKIP NoDataInBounds (field does not intersect FMASK)
[1431/8861] [1424] HLS.S30.T10SDG.2021114T184909.v2.0: SKIP NoDataInBounds (field does not intersect FMASK)
[1432/8861] [1431] HLS.S30.T11TPF.2021115T181909.v2.0: SKIP NoDataInBounds (field does not intersect FMASK)
[1433/8861] [1432] HLS.S30.T12TTK.2021115T181909.v2.0: SKIP NoDataInBounds (field does not intersect FMASK)
[1434/8861] [1433] HLS.S30.T11TQE.2021115T181909.v2.0: SKIP NoDataInBounds (field does not intersect FMASK)
[1435/8861] [1434] HLS.S30.T11SPD.2021115T181909.v2.0: SKIP NoDataInBounds (field does not intersect FMASK)
[1436/8861] [1435] HLS.S30.T12STH.2021115T181909.v2.0: SKIP NoDataInBounds (field does not intersect FMASK)
[1437/8861] [1443] all outputs exist; skipping HLS.S30.T11SNA.2021115T181909.v2.0
[1438/8861] [1436] HLS.S30.T11SQC.2021115T181909.v2.0: SKIP NoDataInBounds (field does not intersect FMASK)
[1439/8861] [1445] all outputs exist; skipping HLS.S30.T11SQV.2021115T181909.v2.0
[1440/8861] [1446] all outputs exist; skipping HLS.S30.T11SPV.2021115T181909.v2.0
[1441/8861] [1447] all outputs exist; skipping HLS.S30.T11SNV.2021115T181909.v2.0
[1442/8861] [1448] all outputs exist; skipping HLS.S30.T12STD.2021115T181909.v2.0
[1443/8861] [1449] all outputs exist; skipping HLS.S30.T11SQU.2021115T181909.v2.0
[1444/8861] [1450] all outputs exist; skipping HLS.S30.T11SPU.2021115T181909.v2.0
[1445/8861] [1451] all outputs exist; skipping HLS.S30.T11SNU.2021115T181909.v2.0
[1446/8861] [1452] all outputs exist; skipping HLS.S30.T12STC.2021115T181909.v2.0
[1447/8861] [1453] all outputs exist; skipping HLS.S30.T11SQT.2021115T181909.v2.0
[1448/8861] [1454] all outputs exist; skipping HLS.S30.T11SPT.2021115T181909.v2.0
[1449/8861] [1455] all outputs exist; skipping HLS.S30.T11SNT.2021115T181909.v2.0
[1450/8861] [1437] HLS.S30.T11SPC.2021115T181909.v2.0: SKIP NoDataInBounds (field does not intersect FMASK)
[1451/8861] [1457] all outputs exist; skipping HLS.S30.T11SMT.2021115T181909.v2.0
[1452/8861] [1458] all outputs exist; skipping HLS.S30.T11SQS.2021115T181909.v2.0
[1453/8861] [1459] all outputs exist; skipping HLS.S30.T11SPS.2021115T181909.v2.0
[1454/8861] [1460] all outputs exist; skipping HLS.S30.T11SNS.2021115T181909.v2.0
[1455/8861] [1461] all outputs exist; skipping HLS.S30.T11SMS.2021115T181909.v2.0
[1456/8861] [1438] HLS.S30.T12STG.2021115T181909.v2.0: SKIP NoDataInBounds (field does not intersect FMASK)
[1457/8861] [1463] all outputs exist; skipping HLS.S30.T11SMR.2021115T181909.v2.0
[1458/8861] [1464] all outputs exist; skipping HLS.S30.T10TDM.2021115T190911.v2.0
[1459/8861] [1465] all outputs exist; skipping HLS.S30.T10TCM.2021115T190911.v2.0
[1460/8861] [1466] all outputs exist; skipping HLS.S30.T10TDL.2021115T190911.v2.0
[1461/8861] [1467] all outputs exist; skipping HLS.S30.T10TCL.2021115T190911.v2.0
[1462/8861] [1468] all outputs exist; skipping HLS.S30.T10TDK.2021115T190911.v2.0
[1463/8861] [1469] all outputs exist; skipping HLS.S30.T10TCK.2021115T190911.v2.0
[1464/8861] [1440] HLS.S30.T12STF.2021115T181909.v2.0: SKIP NoDataInBounds (field does not intersect FMASK)
[1465/8861] [1439] HLS.S30.T11SQB.2021115T181909.v2.0: SKIP NoDataInBounds (field does not intersect FMASK)
[1466/8861] [1441] HLS.S30.T11SQA.2021115T181909.v2.0: SKIP NoDataInBounds (field does not intersect FMASK)
[1467/8861] [1442] HLS.S30.T11SPA.2021115T181909.v2.0: SKIP NoDataInBounds (field does not intersect FMASK)
[1468/8861] [1444] HLS.S30.T12STE.2021115T181909.v2.0: SKIP NoDataInBounds (field does not intersect FMASK)
[1469/8861] [1456] HLS.S30.T12STB.2021115T181909.v2.0: SKIP NoDataInBounds (field does not intersect FMASK)
[1470/8861] [1462] HLS.S30.T11SNR.2021115T181909.v2.0: SKIP NoDataInBounds (field does not intersect FMASK)
[1471/8861] [1470] HLS.L30.T11SQC.2021116T182033.v2.0: SKIP NoDataInBounds (field does not intersect FMASK)
[1472/8861] [1471] HLS.L30.T11SNC.2021116T182033.v2.0: SKIP NoDataInBounds (field does not intersect FMASK)
[1473/8861] [1473] HLS.L30.T11SND.2021116T182033.v2.0: SKIP NoDataInBounds (field does not intersect FMASK)
[1474/8861] [1480] all outputs exist; skipping HLS.L30.T11SMB.2021116T182056.v2.0
[1475/8861] [1472] HLS.L30.T11TPE.2021116T182033.v2.0: SKIP NoDataInBounds (field does not intersect FMASK)
[1476/8861] [1474] HLS.L30.T11TNE.2021116T182033.v2.0: SKIP NoDataInBounds (field does not intersect FMASK)
[1477/8861] [1483] all outputs exist; skipping HLS.L30.T11SMA.2021116T182056.v2.0
[1478/8861] [1484] all outputs exist; skipping HLS.L30.T11SNA.2021116T182056.v2.0
[1479/8861] [1475] HLS.L30.T12STJ.2021116T182033.v2.0: SKIP NoDataInBounds (field does not intersect FMASK)
[1480/8861] [1486] all outputs exist; skipping HLS.L30.T11SPV.2021116T182120.v2.0
[1481/8861] [1487] all outputs exist; skipping HLS.L30.T11SMV.2021116T182120.v2.0
[1482/8861] [1488] all outputs exist; skipping HLS.L30.T11SPU.2021116T182120.v2.0
[1483/8861] [1489] all outputs exist; skipping HLS.L30.T11SNU.2021116T182120.v2.0
[1484/8861] [1490] all outputs exist; skipping HLS.L30.T11SNV.2021116T182120.v2.0
[1485/8861] [1491] all outputs exist; skipping HLS.L30.T11SPT.2021116T182144.v2.0
[1486/8861] [1492] all outputs exist; skipping HLS.L30.T11SMU.2021116T182144.v2.0
[1487/8861] [1493] all outputs exist; skipping HLS.L30.T11SNT.2021116T182144.v2.0
[1488/8861] [1494] all outputs exist; skipping HLS.L30.T11SMT.2021116T182144.v2.0
[1489/8861] [1495] all outputs exist; skipping HLS.L30.T11SLT.2021116T182208.v2.0
[1490/8861] [1496] all outputs exist; skipping HLS.L30.T11SNS.2021116T182208.v2.0
[1491/8861] [1497] all outputs exist; skipping HLS.L30.T11SMR.2021116T182208.v2.0
[1492/8861] [1476] HLS.L30.T11SPD.2021116T182033.v2.0: SKIP NoDataInBounds (field does not intersect FMASK)
[1493/8861] [1477] HLS.L30.T11SQD.2021116T182033.v2.0: SKIP NoDataInBounds (field does not intersect FMASK)
[1494/8861] [1500] all outputs exist; skipping HLS.L30.T11SMS.2021116T182208.v2.0
[1495/8861] [1478] HLS.L30.T11SPC.2021116T182033.v2.0: SKIP NoDataInBounds (field does not intersect FMASK)
[1496/8861] [1479] HLS.L30.T11SMC.2021116T182056.v2.0: SKIP NoDataInBounds (field does not intersect FMASK)
[1497/8861] [1481] HLS.L30.T11SPB.2021116T182056.v2.0: SKIP NoDataInBounds (field does not intersect FMASK)
[1498/8861] [1504] all outputs exist; skipping HLS.S30.T10TGM.2021116T183921.v2.0
[1499/8861] [1505] all outputs exist; skipping HLS.S30.T11TKG.2021116T183921.v2.0
[1500/8861] [1482] HLS.L30.T11SNB.2021116T182056.v2.0: SKIP NoDataInBounds (field does not intersect FMASK)
[1501/8861] [1485] HLS.L30.T11SPA.2021116T182056.v2.0: SKIP NoDataInBounds (field does not intersect FMASK)
[1502/8861] [1498] HLS.L30.T11SNR.2021116T182208.v2.0: SKIP NoDataInBounds (field does not intersect FMASK)
[1503/8861] [1509] all outputs exist; skipping HLS.S30.T11TKF.2021116T183921.v2.0
[1504/8861] [1510] all outputs exist; skipping HLS.S30.T10TGL.2021116T183921.v2.0
[1505/8861] [1499] HLS.L30.T11SLS.2021116T182208.v2.0: SKIP NoDataInBounds (field does not intersect FMASK)
[1506/8861] [1501] HLS.S30.T11TNG.2021116T183921.v2.0: SKIP NoDataInBounds (field does not intersect FMASK)
[1507/8861] [1502] HLS.S30.T11TMG.2021116T183921.v2.0: SKIP NoDataInBounds (field does not intersect FMASK)
[1508/8861] [1506] HLS.S30.T11TNF.2021116T183921.v2.0: SKIP NoDataInBounds (field does not intersect FMASK)
[1509/8861] [1515] all outputs exist; skipping HLS.S30.T11TKE.2021116T183921.v2.0
[1510/8861] [1516] all outputs exist; skipping HLS.S30.T10TGK.2021116T183921.v2.0
[1511/8861] [1503] HLS.S30.T11TLG.2021116T183921.v2.0: SKIP NoDataInBounds (field does not intersect FMASK)
[1512/8861] [1507] HLS.S30.T11TMF.2021116T183921.v2.0: SKIP NoDataInBounds (field does not intersect FMASK)
[1513/8861] [1519] all outputs exist; skipping HLS.S30.T11SKD.2021116T183921.v2.0
[1514/8861] [1520] all outputs exist; skipping HLS.S30.T10SGJ.2021116T183921.v2.0
[1515/8861] [1508] HLS.S30.T11TLF.2021116T183921.v2.0: SKIP NoDataInBounds (field does not intersect FMASK)
[1516/8861] [1522] all outputs exist; skipping HLS.S30.T10SFJ.2021116T183921.v2.0
[1517/8861] [1523] all outputs exist; skipping HLS.S30.T11SLC.2021116T183921.v2.0
[1518/8861] [1524] all outputs exist; skipping HLS.S30.T11SKC.2021116T183921.v2.0
[1519/8861] [1525] all outputs exist; skipping HLS.S30.T10SGH.2021116T183921.v2.0
[1520/8861] [1526] all outputs exist; skipping HLS.S30.T10SFH.2021116T183921.v2.0
[1521/8861] [1527] all outputs exist; skipping HLS.S30.T11SMB.2021116T183921.v2.0
[1522/8861] [1528] all outputs exist; skipping HLS.S30.T11SLB.2021116T183921.v2.0
[1523/8861] [1529] all outputs exist; skipping HLS.S30.T11SKB.2021116T183921.v2.0
[1524/8861] [1530] all outputs exist; skipping HLS.S30.T10SGG.2021116T183921.v2.0
[1525/8861] [1531] all outputs exist; skipping HLS.S30.T11SMA.2021116T183921.v2.0
[1526/8861] [1532] all outputs exist; skipping HLS.S30.T10SFG.2021116T183921.v2.0
[1527/8861] [1533] all outputs exist; skipping HLS.S30.T11SLA.2021116T183921.v2.0
[1528/8861] [1534] all outputs exist; skipping HLS.S30.T11SKA.2021116T183921.v2.0
[1529/8861] [1535] all outputs exist; skipping HLS.S30.T10SGF.2021116T183921.v2.0
[1530/8861] [1536] all outputs exist; skipping HLS.S30.T10SFF.2021116T183921.v2.0
[1531/8861] [1537] all outputs exist; skipping HLS.S30.T11SLV.2021116T183921.v2.0
[1532/8861] [1538] all outputs exist; skipping HLS.S30.T11SKV.2021116T183921.v2.0
[1533/8861] [1539] all outputs exist; skipping HLS.S30.T10SGE.2021116T183921.v2.0
[1534/8861] [1540] all outputs exist; skipping HLS.S30.T10SFE.2021116T183921.v2.0
[1535/8861] [1541] all outputs exist; skipping HLS.S30.T11SLU.2021116T183921.v2.0
[1536/8861] [1542] all outputs exist; skipping HLS.S30.T11SKU.2021116T183921.v2.0
[1537/8861] [1543] all outputs exist; skipping HLS.S30.T10SGD.2021116T183921.v2.0
[1538/8861] [1544] all outputs exist; skipping HLS.S30.T10SFD.2021116T183921.v2.0
[1539/8861] [1545] all outputs exist; skipping HLS.S30.T11SLT.2021116T183921.v2.0
[1540/8861] [1546] all outputs exist; skipping HLS.S30.T11SKT.2021116T183921.v2.0
[1541/8861] [1511] HLS.S30.T11TNE.2021116T183921.v2.0: SKIP NoDataInBounds (field does not intersect FMASK)
[1542/8861] [1512] HLS.S30.T11TME.2021116T183921.v2.0: SKIP NoDataInBounds (field does not intersect FMASK)
[1543/8861] [1513] HLS.S30.T11TLE.2021116T183921.v2.0: SKIP NoDataInBounds (field does not intersect FMASK)
[1544/8861] [1514] HLS.S30.T11SND.2021116T183921.v2.0: SKIP NoDataInBounds (field does not intersect FMASK)
[1545/8861] [1551] all outputs exist; skipping HLS.S30.T11SQV.2021117T180911.v2.0
[1546/8861] [1552] all outputs exist; skipping HLS.S30.T12STD.2021117T180911.v2.0
[1547/8861] [1553] all outputs exist; skipping HLS.S30.T11SQU.2021117T180911.v2.0
[1548/8861] [1554] all outputs exist; skipping HLS.S30.T12STC.2021117T180911.v2.0
[1549/8861] [1555] all outputs exist; skipping HLS.S30.T11SQT.2021117T180911.v2.0
[1550/8861] [1517] HLS.S30.T11SMD.2021116T183921.v2.0: SKIP NoDataInBounds (field does not intersect FMASK)
[1551/8861] [1557] all outputs exist; skipping HLS.S30.T11SQS.2021117T180911.v2.0
[1552/8861] [1558] all outputs exist; skipping HLS.S30.T11SPS.2021117T180911.v2.0
[1553/8861] [1559] all outputs exist; skipping HLS.L30.T10TDM.2021117T190236.v2.0
[1554/8861] [1560] all outputs exist; skipping HLS.L30.T10TCM.2021117T190236.v2.0
[1555/8861] [1561] all outputs exist; skipping HLS.L30.T10TCL.2021117T190300.v2.0
[1556/8861] [1562] all outputs exist; skipping HLS.S30.T10TFM.2021117T185909.v2.0
[1557/8861] [1563] all outputs exist; skipping HLS.S30.T10TEM.2021117T185909.v2.0
[1558/8861] [1564] all outputs exist; skipping HLS.S30.T10TDM.2021117T185909.v2.0
[1559/8861] [1565] all outputs exist; skipping HLS.S30.T10TCM.2021117T185909.v2.0
[1560/8861] [1566] all outputs exist; skipping HLS.S30.T10TFL.2021117T185909.v2.0
[1561/8861] [1518] HLS.S30.T11SLD.2021116T183921.v2.0: SKIP NoDataInBounds (field does not intersect FMASK)
[1562/8861] [1567] all outputs exist; skipping HLS.S30.T10TEL.2021117T185909.v2.0
[1563/8861] [1568] all outputs exist; skipping HLS.S30.T10TDL.2021117T185909.v2.0
[1564/8861] [1569] all outputs exist; skipping HLS.S30.T10TFK.2021117T185909.v2.0
[1565/8861] [1570] all outputs exist; skipping HLS.S30.T10TCL.2021117T185909.v2.0
[1566/8861] [1571] all outputs exist; skipping HLS.S30.T10TEK.2021117T185909.v2.0
[1567/8861] [1572] all outputs exist; skipping HLS.S30.T10TDK.2021117T185909.v2.0
[1568/8861] [1573] all outputs exist; skipping HLS.S30.T10TCK.2021117T185909.v2.0
[1569/8861] [1574] all outputs exist; skipping HLS.S30.T10SEJ.2021117T185909.v2.0
[1570/8861] [1575] all outputs exist; skipping HLS.S30.T10SDJ.2021117T185909.v2.0
[1571/8861] [1576] all outputs exist; skipping HLS.S30.T10SEH.2021117T185909.v2.0
[1572/8861] [1577] all outputs exist; skipping HLS.S30.T10SDH.2021117T185909.v2.0
[1573/8861] [1578] all outputs exist; skipping HLS.S30.T10SEG.2021117T185909.v2.0
[1574/8861] [1580] all outputs exist; skipping HLS.S30.T10SEF.2021117T185909.v2.0
[1575/8861] [1521] HLS.S30.T11SMC.2021116T183921.v2.0: SKIP NoDataInBounds (field does not intersect FMASK)
[1576/8861] [1547] HLS.S30.T10SGC.2021116T183921.v2.0: SKIP NoDataInBounds (field does not intersect FMASK)
[1577/8861] [1548] HLS.S30.T11SLS.2021116T183921.v2.0: SKIP NoDataInBounds (field does not intersect FMASK)
[1578/8861] [1584] all outputs exist; skipping HLS.L30.T11SQV.2021118T180857.v2.0
[1579/8861] [1585] all outputs exist; skipping HLS.L30.T11SPU.2021118T180921.v2.0
[1580/8861] [1586] all outputs exist; skipping HLS.L30.T11SQU.2021118T180921.v2.0
[1581/8861] [1587] all outputs exist; skipping HLS.L30.T11SPT.2021118T180921.v2.0
[1582/8861] [1588] all outputs exist; skipping HLS.L30.T11SQT.2021118T180921.v2.0
[1583/8861] [1589] all outputs exist; skipping HLS.L30.T12STD.2021118T180921.v2.0
[1584/8861] [1590] all outputs exist; skipping HLS.L30.T12STC.2021118T180921.v2.0
[1585/8861] [1591] all outputs exist; skipping HLS.L30.T11SQS.2021118T180945.v2.0
[1586/8861] [1592] all outputs exist; skipping HLS.L30.T11SPS.2021118T180945.v2.0
[1587/8861] [1549] HLS.S30.T11SKS.2021116T183921.v2.0: SKIP NoDataInBounds (field does not intersect FMASK)
[1588/8861] [1550] HLS.S30.T12STE.2021117T180911.v2.0: SKIP NoDataInBounds (field does not intersect FMASK)
[1589/8861] [1579] HLS.S30.T10SDG.2021117T185909.v2.0: SKIP NoDataInBounds (field does not intersect FMASK)
[1590/8861] [1581] HLS.L30.T11SQA.2021118T180834.v2.0: SKIP NoDataInBounds (field does not intersect FMASK)
[1591/8861] [1582] HLS.L30.T12STF.2021118T180834.v2.0: SKIP NoDataInBounds (field does not intersect FMASK)
[1592/8861] [1556] HLS.S30.T12STB.2021117T180911.v2.0: SKIP NoDataInBounds (field does not intersect FMASK)
[1593/8861] [1583] HLS.L30.T12STE.2021118T180857.v2.0: SKIP NoDataInBounds (field does not intersect FMASK)
[1594/8861] [1593] HLS.L30.T12STB.2021118T180945.v2.0: SKIP NoDataInBounds (field does not intersect FMASK)
[1595/8861] [1594] HLS.S30.T11TQG.2021118T182909.v2.0: SKIP NoDataInBounds (field does not intersect FMASK)
[1596/8861] [1595] HLS.S30.T12TTM.2021118T182909.v2.0: SKIP NoDataInBounds (field does not intersect FMASK)
[1597/8861] [1596] HLS.S30.T11TPG.2021118T182909.v2.0: SKIP NoDataInBounds (field does not intersect FMASK)
[1598/8861] [1598] HLS.S30.T11TMG.2021118T182909.v2.0: SKIP NoDataInBounds (field does not intersect FMASK)
[1599/8861] [1597] HLS.S30.T11TNG.2021118T182909.v2.0: SKIP NoDataInBounds (field does not intersect FMASK)
[1600/8861] [1599] HLS.S30.T12TTL.2021118T182909.v2.0: SKIP NoDataInBounds (field does not intersect FMASK)
[1601/8861] [1600] HLS.S30.T11TQF.2021118T182909.v2.0: SKIP NoDataInBounds (field does not intersect FMASK)
[1602/8861] [1601] HLS.S30.T11TPF.2021118T182909.v2.0: SKIP NoDataInBounds (field does not intersect FMASK)
[1603/8861] [1602] HLS.S30.T11TNF.2021118T182909.v2.0: SKIP NoDataInBounds (field does not intersect FMASK)
[1604/8861] [1603] HLS.S30.T11TMF.2021118T182909.v2.0: SKIP NoDataInBounds (field does not intersect FMASK)
[1605/8861] [1604] HLS.S30.T12TTK.2021118T182909.v2.0: SKIP NoDataInBounds (field does not intersect FMASK)
[1606/8861] [1605] HLS.S30.T11TQE.2021118T182909.v2.0: SKIP NoDataInBounds (field does not intersect FMASK)
[1607/8861] [1606] HLS.S30.T11TPE.2021118T182909.v2.0: SKIP NoDataInBounds (field does not intersect FMASK)
[1608/8861] [1607] HLS.S30.T11TNE.2021118T182909.v2.0: SKIP NoDataInBounds (field does not intersect FMASK)
[1609/8861] [1608] HLS.S30.T12STJ.2021118T182909.v2.0: SKIP NoDataInBounds (field does not intersect FMASK)
[1610/8861] [1609] HLS.S30.T11TME.2021118T182909.v2.0: SKIP NoDataInBounds (field does not intersect FMASK)
[1611/8861] [1610] HLS.S30.T11SQD.2021118T182909.v2.0: SKIP NoDataInBounds (field does not intersect FMASK)
[1612/8861] [1618] all outputs exist; skipping HLS.S30.T11SLC.2021118T182909.v2.0
[1613/8861] [1611] HLS.S30.T11SPD.2021118T182909.v2.0: SKIP NoDataInBounds (field does not intersect FMASK)
[1614/8861] [1612] HLS.S30.T11SND.2021118T182909.v2.0: SKIP NoDataInBounds (field does not intersect FMASK)
[1615/8861] [1621] all outputs exist; skipping HLS.S30.T11SMB.2021118T182909.v2.0
[1616/8861] [1622] all outputs exist; skipping HLS.S30.T11SLB.2021118T182909.v2.0
[1617/8861] [1613] HLS.S30.T11SMD.2021118T182909.v2.0: SKIP NoDataInBounds (field does not intersect FMASK)
[1618/8861] [1624] all outputs exist; skipping HLS.S30.T11SNA.2021118T182909.v2.0
[1619/8861] [1625] all outputs exist; skipping HLS.S30.T11SMA.2021118T182909.v2.0
[1620/8861] [1626] all outputs exist; skipping HLS.S30.T11SLA.2021118T182909.v2.0
[1621/8861] [1627] all outputs exist; skipping HLS.S30.T11SPV.2021118T182909.v2.0
[1622/8861] [1628] all outputs exist; skipping HLS.S30.T11SNV.2021118T182909.v2.0
[1623/8861] [1629] all outputs exist; skipping HLS.S30.T11SPU.2021118T182909.v2.0
[1624/8861] [1630] all outputs exist; skipping HLS.S30.T11SMV.2021118T182909.v2.0
[1625/8861] [1631] all outputs exist; skipping HLS.S30.T11SLV.2021118T182909.v2.0
[1626/8861] [1614] HLS.S30.T11SPC.2021118T182909.v2.0: SKIP NoDataInBounds (field does not intersect FMASK)
[1627/8861] [1632] all outputs exist; skipping HLS.S30.T11SNU.2021118T182909.v2.0
[1628/8861] [1633] all outputs exist; skipping HLS.S30.T11SKV.2021118T182909.v2.0
[1629/8861] [1634] all outputs exist; skipping HLS.S30.T11SMU.2021118T182909.v2.0
[1630/8861] [1635] all outputs exist; skipping HLS.S30.T11SLU.2021118T182909.v2.0
[1631/8861] [1636] all outputs exist; skipping HLS.S30.T11SKU.2021118T182909.v2.0
[1632/8861] [1637] all outputs exist; skipping HLS.S30.T11SNT.2021118T182909.v2.0
[1633/8861] [1638] all outputs exist; skipping HLS.S30.T11SMT.2021118T182909.v2.0
[1634/8861] [1639] all outputs exist; skipping HLS.S30.T11SLT.2021118T182909.v2.0
[1635/8861] [1640] all outputs exist; skipping HLS.S30.T11SKT.2021118T182909.v2.0
[1636/8861] [1641] all outputs exist; skipping HLS.S30.T11SNS.2021118T182909.v2.0
[1637/8861] [1642] all outputs exist; skipping HLS.S30.T11SMS.2021118T182909.v2.0
[1638/8861] [1615] HLS.S30.T11SLD.2021118T182909.v2.0: SKIP NoDataInBounds (field does not intersect FMASK)
[1639/8861] [1616] HLS.S30.T11SNC.2021118T182909.v2.0: SKIP NoDataInBounds (field does not intersect FMASK)
[1640/8861] [1646] all outputs exist; skipping HLS.L30.T10TFM.2021119T185013.v2.0
[1641/8861] [1647] all outputs exist; skipping HLS.L30.T10TEM.2021119T185013.v2.0
[1642/8861] [1648] all outputs exist; skipping HLS.L30.T10TDL.2021119T185037.v2.0
[1643/8861] [1649] all outputs exist; skipping HLS.L30.T10TFL.2021119T185037.v2.0
[1644/8861] [1650] all outputs exist; skipping HLS.L30.T10TEL.2021119T185037.v2.0
[1645/8861] [1651] all outputs exist; skipping HLS.L30.T10TDM.2021119T185037.v2.0
[1646/8861] [1652] all outputs exist; skipping HLS.L30.T10TFK.2021119T185101.v2.0
[1647/8861] [1653] all outputs exist; skipping HLS.L30.T10TCK.2021119T185101.v2.0
[1648/8861] [1654] all outputs exist; skipping HLS.L30.T10SDJ.2021119T185101.v2.0
[1649/8861] [1655] all outputs exist; skipping HLS.L30.T10SEJ.2021119T185101.v2.0
[1650/8861] [1656] all outputs exist; skipping HLS.L30.T10TDK.2021119T185101.v2.0
[1651/8861] [1657] all outputs exist; skipping HLS.L30.T10TEK.2021119T185101.v2.0
[1652/8861] [1658] all outputs exist; skipping HLS.L30.T10SEH.2021119T185125.v2.0
[1653/8861] [1659] all outputs exist; skipping HLS.L30.T10SDH.2021119T185125.v2.0
[1654/8861] [1617] HLS.S30.T11SMC.2021118T182909.v2.0: SKIP NoDataInBounds (field does not intersect FMASK)
[1655/8861] [1661] all outputs exist; skipping HLS.L30.T10SEF.2021119T185149.v2.0
[1656/8861] [1662] all outputs exist; skipping HLS.L30.T10SEG.2021119T185149.v2.0
[1657/8861] [1619] HLS.S30.T11SPB.2021118T182909.v2.0: SKIP NoDataInBounds (field does not intersect FMASK)
[1658/8861] [1664] all outputs exist; skipping HLS.S30.T10TGM.2021119T184921.v2.0
[1659/8861] [1665] all outputs exist; skipping HLS.S30.T11TKG.2021119T184921.v2.0
[1660/8861] [1666] all outputs exist; skipping HLS.S30.T10TFM.2021119T184921.v2.0
[1661/8861] [1667] all outputs exist; skipping HLS.S30.T10TEM.2021119T184921.v2.0
[1662/8861] [1620] HLS.S30.T11SNB.2021118T182909.v2.0: SKIP NoDataInBounds (field does not intersect FMASK)
[1663/8861] [1669] all outputs exist; skipping HLS.S30.T11TKF.2021119T184921.v2.0
[1664/8861] [1670] all outputs exist; skipping HLS.S30.T10TGL.2021119T184921.v2.0
[1665/8861] [1671] all outputs exist; skipping HLS.S30.T10TFL.2021119T184921.v2.0
[1666/8861] [1643] HLS.S30.T11SLS.2021118T182909.v2.0: SKIP NoDataInBounds (field does not intersect FMASK)
[1667/8861] [1673] all outputs exist; skipping HLS.S30.T10TEL.2021119T184921.v2.0
[1668/8861] [1674] all outputs exist; skipping HLS.S30.T11TKE.2021119T184921.v2.0
[1669/8861] [1675] all outputs exist; skipping HLS.S30.T10TGK.2021119T184921.v2.0
[1670/8861] [1676] all outputs exist; skipping HLS.S30.T10TFK.2021119T184921.v2.0
[1671/8861] [1677] all outputs exist; skipping HLS.S30.T10TEK.2021119T184921.v2.0
[1672/8861] [1623] HLS.S30.T11SPA.2021118T182909.v2.0: SKIP NoDataInBounds (field does not intersect FMASK)
[1673/8861] [1678] all outputs exist; skipping HLS.S30.T11SKD.2021119T184921.v2.0
[1674/8861] [1679] all outputs exist; skipping HLS.S30.T10SGJ.2021119T184921.v2.0
[1675/8861] [1680] all outputs exist; skipping HLS.S30.T10SFJ.2021119T184921.v2.0
[1676/8861] [1681] all outputs exist; skipping HLS.S30.T10SEJ.2021119T184921.v2.0
[1677/8861] [1682] all outputs exist; skipping HLS.S30.T10SDJ.2021119T184921.v2.0
[1678/8861] [1683] all outputs exist; skipping HLS.S30.T11SKC.2021119T184921.v2.0
[1679/8861] [1684] all outputs exist; skipping HLS.S30.T10SGH.2021119T184921.v2.0
[1680/8861] [1685] all outputs exist; skipping HLS.S30.T10SFH.2021119T184921.v2.0
[1681/8861] [1686] all outputs exist; skipping HLS.S30.T10SEH.2021119T184921.v2.0
[1682/8861] [1687] all outputs exist; skipping HLS.S30.T10SDH.2021119T184921.v2.0
[1683/8861] [1688] all outputs exist; skipping HLS.S30.T11SKB.2021119T184921.v2.0
[1684/8861] [1689] all outputs exist; skipping HLS.S30.T10SGG.2021119T184921.v2.0
[1685/8861] [1690] all outputs exist; skipping HLS.S30.T10SFG.2021119T184921.v2.0
[1686/8861] [1691] all outputs exist; skipping HLS.S30.T11SKA.2021119T184921.v2.0
[1687/8861] [1692] all outputs exist; skipping HLS.S30.T10SEG.2021119T184921.v2.0
[1688/8861] [1694] all outputs exist; skipping HLS.S30.T10SGF.2021119T184921.v2.0
[1689/8861] [1695] all outputs exist; skipping HLS.S30.T10SFF.2021119T184921.v2.0
[1690/8861] [1696] all outputs exist; skipping HLS.S30.T10SEF.2021119T184921.v2.0
[1691/8861] [1697] all outputs exist; skipping HLS.S30.T10SGE.2021119T184921.v2.0
[1692/8861] [1698] all outputs exist; skipping HLS.S30.T10SFE.2021119T184921.v2.0
[1693/8861] [1699] all outputs exist; skipping HLS.S30.T10SFD.2021119T184921.v2.0
[1694/8861] [1644] HLS.S30.T11SKS.2021118T182909.v2.0: SKIP NoDataInBounds (field does not intersect FMASK)
[1695/8861] [1645] HLS.S30.T11SNR.2021118T182909.v2.0: SKIP NoDataInBounds (field does not intersect FMASK)
[1696/8861] [1660] HLS.L30.T10SDG.2021119T185149.v2.0: SKIP NoDataInBounds (field does not intersect FMASK)
[1697/8861] [1663] HLS.S30.T11TLG.2021119T184921.v2.0: SKIP NoDataInBounds (field does not intersect FMASK)
[1698/8861] [1668] HLS.S30.T11TLF.2021119T184921.v2.0: SKIP NoDataInBounds (field does not intersect FMASK)
[1699/8861] [1672] HLS.S30.T11TLE.2021119T184921.v2.0: SKIP NoDataInBounds (field does not intersect FMASK)
[1700/8861] [1693] HLS.S30.T10SDG.2021119T184921.v2.0: SKIP NoDataInBounds (field does not intersect FMASK)
[1701/8861] [1700] HLS.S30.T11TQG.2021120T181921.v2.0: SKIP NoDataInBounds (field does not intersect FMASK)
[1702/8861] [1701] HLS.S30.T12TTM.2021120T181921.v2.0: SKIP NoDataInBounds (field does not intersect FMASK)
[1703/8861] [1702] HLS.S30.T11TPG.2021120T181921.v2.0: SKIP NoDataInBounds (field does not intersect FMASK)
[1704/8861] [1703] HLS.S30.T12TTL.2021120T181921.v2.0: SKIP NoDataInBounds (field does not intersect FMASK)
[1705/8861] [1704] HLS.S30.T11TQF.2021120T181921.v2.0: SKIP NoDataInBounds (field does not intersect FMASK)
[1706/8861] [1705] HLS.S30.T11TPF.2021120T181921.v2.0: SKIP NoDataInBounds (field does not intersect FMASK)
[1707/8861] [1706] HLS.S30.T12TTK.2021120T181921.v2.0: SKIP NoDataInBounds (field does not intersect FMASK)
[1708/8861] [1707] HLS.S30.T11TQE.2021120T181921.v2.0: SKIP NoDataInBounds (field does not intersect FMASK)
[1709/8861] [1708] HLS.S30.T11TPE.2021120T181921.v2.0: SKIP NoDataInBounds (field does not intersect FMASK)
[1710/8861] [1710] HLS.S30.T11SQD.2021120T181921.v2.0: SKIP NoDataInBounds (field does not intersect FMASK)
[1711/8861] [1709] HLS.S30.T12STJ.2021120T181921.v2.0: SKIP NoDataInBounds (field does not intersect FMASK)
[1712/8861] [1711] HLS.S30.T11SPD.2021120T181921.v2.0: SKIP NoDataInBounds (field does not intersect FMASK)
[1713/8861] [1712] HLS.S30.T12STH.2021120T181921.v2.0: SKIP NoDataInBounds (field does not intersect FMASK)
[1714/8861] [1713] HLS.S30.T11SQC.2021120T181921.v2.0: SKIP NoDataInBounds (field does not intersect FMASK)
[1715/8861] [1714] HLS.S30.T11SPC.2021120T181921.v2.0: SKIP NoDataInBounds (field does not intersect FMASK)
[1716/8861] [1716] HLS.S30.T12STG.2021120T181921.v2.0: SKIP NoDataInBounds (field does not intersect FMASK)
[1717/8861] [1723] all outputs exist; skipping HLS.S30.T11SNA.2021120T181921.v2.0
[1718/8861] [1717] HLS.S30.T11SQB.2021120T181921.v2.0: SKIP NoDataInBounds (field does not intersect FMASK)
[1719/8861] [1725] all outputs exist; skipping HLS.S30.T11SQV.2021120T181921.v2.0
[1720/8861] [1726] all outputs exist; skipping HLS.S30.T11SPV.2021120T181921.v2.0
[1721/8861] [1727] all outputs exist; skipping HLS.S30.T11SNV.2021120T181921.v2.0
[1722/8861] [1728] all outputs exist; skipping HLS.S30.T12STD.2021120T181921.v2.0
[1723/8861] [1729] all outputs exist; skipping HLS.S30.T11SQU.2021120T181921.v2.0
[1724/8861] [1730] all outputs exist; skipping HLS.S30.T11SPU.2021120T181921.v2.0
[1725/8861] [1731] all outputs exist; skipping HLS.S30.T11SNU.2021120T181921.v2.0
[1726/8861] [1732] all outputs exist; skipping HLS.S30.T12STC.2021120T181921.v2.0
[1727/8861] [1733] all outputs exist; skipping HLS.S30.T11SQT.2021120T181921.v2.0
[1728/8861] [1734] all outputs exist; skipping HLS.S30.T11SPT.2021120T181921.v2.0
[1729/8861] [1735] all outputs exist; skipping HLS.S30.T11SNT.2021120T181921.v2.0
[1730/8861] [1715] HLS.S30.T11SNC.2021120T181921.v2.0: SKIP NoDataInBounds (field does not intersect FMASK)
[1731/8861] [1737] all outputs exist; skipping HLS.S30.T11SMT.2021120T181921.v2.0
[1732/8861] [1738] all outputs exist; skipping HLS.S30.T11SQS.2021120T181921.v2.0
[1733/8861] [1739] all outputs exist; skipping HLS.S30.T11SPS.2021120T181921.v2.0
[1734/8861] [1740] all outputs exist; skipping HLS.S30.T11SNS.2021120T181921.v2.0
[1735/8861] [1741] all outputs exist; skipping HLS.S30.T11SMS.2021120T181921.v2.0
[1736/8861] [1718] HLS.S30.T11SPB.2021120T181921.v2.0: SKIP NoDataInBounds (field does not intersect FMASK)
[1737/8861] [1743] all outputs exist; skipping HLS.S30.T11SMR.2021120T181921.v2.0
[1738/8861] [1744] all outputs exist; skipping HLS.S30.T10TDM.2021120T190909.v2.0
[1739/8861] [1745] all outputs exist; skipping HLS.S30.T10TCM.2021120T190909.v2.0
[1740/8861] [1746] all outputs exist; skipping HLS.S30.T10TDL.2021120T190909.v2.0
[1741/8861] [1747] all outputs exist; skipping HLS.S30.T10TCL.2021120T190909.v2.0
[1742/8861] [1719] HLS.S30.T11SNB.2021120T181921.v2.0: SKIP NoDataInBounds (field does not intersect FMASK)
[1743/8861] [1720] HLS.S30.T12STF.2021120T181921.v2.0: SKIP NoDataInBounds (field does not intersect FMASK)
[1744/8861] [1750] all outputs exist; skipping HLS.L30.T11TKF.2021121T183814.v2.0
[1745/8861] [1751] all outputs exist; skipping HLS.L30.T10TFL.2021121T183814.v2.0
[1746/8861] [1752] all outputs exist; skipping HLS.L30.T11TKG.2021121T183814.v2.0
[1747/8861] [1753] all outputs exist; skipping HLS.L30.T10TGL.2021121T183814.v2.0
[1748/8861] [1721] HLS.S30.T11SQA.2021120T181921.v2.0: SKIP NoDataInBounds (field does not intersect FMASK)
[1749/8861] [1755] all outputs exist; skipping HLS.L30.T10TGM.2021121T183814.v2.0
[1750/8861] [1722] HLS.S30.T11SPA.2021120T181921.v2.0: SKIP NoDataInBounds (field does not intersect FMASK)
[1751/8861] [1757] all outputs exist; skipping HLS.L30.T11SKD.2021121T183838.v2.0
[1752/8861] [1758] all outputs exist; skipping HLS.L30.T11TKE.2021121T183838.v2.0
[1753/8861] [1736] HLS.S30.T12STB.2021120T181921.v2.0: SKIP NoDataInBounds (field does not intersect FMASK)
[1754/8861] [1760] all outputs exist; skipping HLS.L30.T10SFJ.2021121T183838.v2.0
[1755/8861] [1761] all outputs exist; skipping HLS.L30.T10TGK.2021121T183838.v2.0
[1756/8861] [1762] all outputs exist; skipping HLS.L30.T10SGJ.2021121T183838.v2.0
[1757/8861] [1763] all outputs exist; skipping HLS.L30.T10TFK.2021121T183838.v2.0
[1758/8861] [1764] all outputs exist; skipping HLS.L30.T11SLC.2021121T183902.v2.0
[1759/8861] [1765] all outputs exist; skipping HLS.L30.T10SFH.2021121T183902.v2.0
[1760/8861] [1766] all outputs exist; skipping HLS.L30.T10SGH.2021121T183902.v2.0
[1761/8861] [1767] all outputs exist; skipping HLS.L30.T11SKC.2021121T183902.v2.0
[1762/8861] [1768] all outputs exist; skipping HLS.L30.T10SEG.2021121T183926.v2.0
[1763/8861] [1769] all outputs exist; skipping HLS.L30.T10SFF.2021121T183926.v2.0
[1764/8861] [1770] all outputs exist; skipping HLS.L30.T10SEF.2021121T183926.v2.0
[1765/8861] [1771] all outputs exist; skipping HLS.L30.T11SKA.2021121T183926.v2.0
[1766/8861] [1772] all outputs exist; skipping HLS.L30.T11SKB.2021121T183926.v2.0
[1767/8861] [1773] all outputs exist; skipping HLS.L30.T10SFG.2021121T183926.v2.0
[1768/8861] [1774] all outputs exist; skipping HLS.L30.T10SGF.2021121T183926.v2.0
[1769/8861] [1775] all outputs exist; skipping HLS.L30.T10SGG.2021121T183926.v2.0
[1770/8861] [1776] all outputs exist; skipping HLS.L30.T10SGE.2021121T183950.v2.0
[1771/8861] [1777] all outputs exist; skipping HLS.L30.T10SFE.2021121T183950.v2.0
[1772/8861] [1724] HLS.S30.T12STE.2021120T181921.v2.0: SKIP NoDataInBounds (field does not intersect FMASK)
[1773/8861] [1778] all outputs exist; skipping HLS.L30.T11SKV.2021121T183950.v2.0
[1774/8861] [1779] all outputs exist; skipping HLS.L30.T10SGD.2021121T183950.v2.0
[1775/8861] [1780] all outputs exist; skipping HLS.L30.T11SKU.2021121T183950.v2.0
[1776/8861] [1781] all outputs exist; skipping HLS.L30.T10SFD.2021121T184013.v2.0
[1777/8861] [1748] HLS.L30.T11TMG.2021121T183750.v2.0: SKIP NoDataInBounds (field does not intersect FMASK)
[1778/8861] [1742] HLS.S30.T11SNR.2021120T181921.v2.0: SKIP NoDataInBounds (field does not intersect FMASK)
[1779/8861] [1749] HLS.L30.T11TLG.2021121T183750.v2.0: SKIP NoDataInBounds (field does not intersect FMASK)
[1780/8861] [1786] all outputs exist; skipping HLS.S30.T10TGM.2021121T183919.v2.0
[1781/8861] [1787] all outputs exist; skipping HLS.S30.T11TKG.2021121T183919.v2.0
[1782/8861] [1754] HLS.L30.T11TLF.2021121T183814.v2.0: SKIP NoDataInBounds (field does not intersect FMASK)
[1783/8861] [1756] HLS.L30.T11SLD.2021121T183838.v2.0: SKIP NoDataInBounds (field does not intersect FMASK)
[1784/8861] [1759] HLS.L30.T11TLE.2021121T183838.v2.0: SKIP NoDataInBounds (field does not intersect FMASK)
[1785/8861] [1791] all outputs exist; skipping HLS.S30.T11TKF.2021121T183919.v2.0
[1786/8861] [1792] all outputs exist; skipping HLS.S30.T10TGL.2021121T183919.v2.0
[1787/8861] [1783] HLS.S30.T11TNG.2021121T183919.v2.0: SKIP NoDataInBounds (field does not intersect FMASK)
[1788/8861] [1782] HLS.L30.T10SGC.2021121T184013.v2.0: SKIP NoDataInBounds (field does not intersect FMASK)
[1789/8861] [1784] HLS.S30.T11TMG.2021121T183919.v2.0: SKIP NoDataInBounds (field does not intersect FMASK)
[1790/8861] [1785] HLS.S30.T11TLG.2021121T183919.v2.0: SKIP NoDataInBounds (field does not intersect FMASK)
[1791/8861] [1797] all outputs exist; skipping HLS.S30.T11TKE.2021121T183919.v2.0
[1792/8861] [1798] all outputs exist; skipping HLS.S30.T10TGK.2021121T183919.v2.0
[1793/8861] [1788] HLS.S30.T11TNF.2021121T183919.v2.0: SKIP NoDataInBounds (field does not intersect FMASK)
[1794/8861] [1789] HLS.S30.T11TMF.2021121T183919.v2.0: SKIP NoDataInBounds (field does not intersect FMASK)
[1795/8861] [1801] all outputs exist; skipping HLS.S30.T11SKD.2021121T183919.v2.0
[1796/8861] [1802] all outputs exist; skipping HLS.S30.T10SGJ.2021121T183919.v2.0
[1797/8861] [1790] HLS.S30.T11TLF.2021121T183919.v2.0: SKIP NoDataInBounds (field does not intersect FMASK)
[1798/8861] [1804] all outputs exist; skipping HLS.S30.T10SFJ.2021121T183919.v2.0
[1799/8861] [1805] all outputs exist; skipping HLS.S30.T11SLC.2021121T183919.v2.0
[1800/8861] [1806] all outputs exist; skipping HLS.S30.T11SKC.2021121T183919.v2.0
[1801/8861] [1807] all outputs exist; skipping HLS.S30.T10SGH.2021121T183919.v2.0
[1802/8861] [1808] all outputs exist; skipping HLS.S30.T10SFH.2021121T183919.v2.0
[1803/8861] [1809] all outputs exist; skipping HLS.S30.T11SMB.2021121T183919.v2.0
[1804/8861] [1810] all outputs exist; skipping HLS.S30.T11SLB.2021121T183919.v2.0
[1805/8861] [1811] all outputs exist; skipping HLS.S30.T11SKB.2021121T183919.v2.0
[1806/8861] [1812] all outputs exist; skipping HLS.S30.T10SGG.2021121T183919.v2.0
[1807/8861] [1813] all outputs exist; skipping HLS.S30.T11SMA.2021121T183919.v2.0
[1808/8861] [1814] all outputs exist; skipping HLS.S30.T10SFG.2021121T183919.v2.0
[1809/8861] [1815] all outputs exist; skipping HLS.S30.T11SLA.2021121T183919.v2.0
[1810/8861] [1816] all outputs exist; skipping HLS.S30.T11SKA.2021121T183919.v2.0
[1811/8861] [1817] all outputs exist; skipping HLS.S30.T10SGF.2021121T183919.v2.0
[1812/8861] [1818] all outputs exist; skipping HLS.S30.T10SFF.2021121T183919.v2.0
[1813/8861] [1793] HLS.S30.T11TNE.2021121T183919.v2.0: SKIP NoDataInBounds (field does not intersect FMASK)
[1814/8861] [1819] all outputs exist; skipping HLS.S30.T11SLV.2021121T183919.v2.0
[1815/8861] [1821] all outputs exist; skipping HLS.S30.T10SGE.2021121T183919.v2.0
[1816/8861] [1820] all outputs exist; skipping HLS.S30.T11SKV.2021121T183919.v2.0
[1817/8861] [1822] all outputs exist; skipping HLS.S30.T10SFE.2021121T183919.v2.0
[1818/8861] [1823] all outputs exist; skipping HLS.S30.T11SLU.2021121T183919.v2.0
[1819/8861] [1824] all outputs exist; skipping HLS.S30.T11SKU.2021121T183919.v2.0
[1820/8861] [1825] all outputs exist; skipping HLS.S30.T10SGD.2021121T183919.v2.0
[1821/8861] [1826] all outputs exist; skipping HLS.S30.T10SFD.2021121T183919.v2.0
[1822/8861] [1827] all outputs exist; skipping HLS.S30.T11SLT.2021121T183919.v2.0
[1823/8861] [1828] all outputs exist; skipping HLS.S30.T11SKT.2021121T183919.v2.0
[1824/8861] [1794] HLS.S30.T11TME.2021121T183919.v2.0: SKIP NoDataInBounds (field does not intersect FMASK)
[1825/8861] [1795] HLS.S30.T11TLE.2021121T183919.v2.0: SKIP NoDataInBounds (field does not intersect FMASK)
[1826/8861] [1832] all outputs exist; skipping HLS.S30.T11SQV.2021122T180909.v2.0
[1827/8861] [1833] all outputs exist; skipping HLS.S30.T12STD.2021122T180909.v2.0
[1828/8861] [1834] all outputs exist; skipping HLS.S30.T11SQU.2021122T180909.v2.0
[1829/8861] [1835] all outputs exist; skipping HLS.S30.T12STC.2021122T180909.v2.0
[1830/8861] [1836] all outputs exist; skipping HLS.S30.T11SQT.2021122T180909.v2.0
[1831/8861] [1796] HLS.S30.T11SND.2021121T183919.v2.0: SKIP NoDataInBounds (field does not intersect FMASK)
[1832/8861] [1838] all outputs exist; skipping HLS.S30.T11SQS.2021122T180909.v2.0
[1833/8861] [1839] all outputs exist; skipping HLS.S30.T11SPS.2021122T180909.v2.0
[1834/8861] [1840] all outputs exist; skipping HLS.S30.T10TFM.2021122T185911.v2.0
[1835/8861] [1841] all outputs exist; skipping HLS.S30.T10TEM.2021122T185911.v2.0
[1836/8861] [1842] all outputs exist; skipping HLS.S30.T10TDM.2021122T185911.v2.0
[1837/8861] [1843] all outputs exist; skipping HLS.S30.T10TCM.2021122T185911.v2.0
[1838/8861] [1844] all outputs exist; skipping HLS.S30.T10TFL.2021122T185911.v2.0
[1839/8861] [1845] all outputs exist; skipping HLS.S30.T10TEL.2021122T185911.v2.0
[1840/8861] [1846] all outputs exist; skipping HLS.S30.T10TDL.2021122T185911.v2.0
[1841/8861] [1847] all outputs exist; skipping HLS.S30.T10TFK.2021122T185911.v2.0
[1842/8861] [1848] all outputs exist; skipping HLS.S30.T10TCL.2021122T185911.v2.0
[1843/8861] [1849] all outputs exist; skipping HLS.S30.T10TEK.2021122T185911.v2.0
[1844/8861] [1850] all outputs exist; skipping HLS.S30.T10TDK.2021122T185911.v2.0
[1845/8861] [1851] all outputs exist; skipping HLS.S30.T10TCK.2021122T185911.v2.0
[1846/8861] [1852] all outputs exist; skipping HLS.S30.T10SEJ.2021122T185911.v2.0
[1847/8861] [1853] all outputs exist; skipping HLS.S30.T10SDJ.2021122T185911.v2.0
[1848/8861] [1854] all outputs exist; skipping HLS.S30.T10SEH.2021122T185911.v2.0
[1849/8861] [1855] all outputs exist; skipping HLS.S30.T10SDH.2021122T185911.v2.0
[1850/8861] [1856] all outputs exist; skipping HLS.S30.T10SEG.2021122T185911.v2.0
[1851/8861] [1799] HLS.S30.T11SMD.2021121T183919.v2.0: SKIP NoDataInBounds (field does not intersect FMASK)
[1852/8861] [1858] all outputs exist; skipping HLS.S30.T10SEF.2021122T185911.v2.0
[1853/8861] [1800] HLS.S30.T11SLD.2021121T183919.v2.0: SKIP NoDataInBounds (field does not intersect FMASK)
[1854/8861] [1803] HLS.S30.T11SMC.2021121T183919.v2.0: SKIP NoDataInBounds (field does not intersect FMASK)
[1855/8861] [1829] HLS.S30.T10SGC.2021121T183919.v2.0: SKIP NoDataInBounds (field does not intersect FMASK)
[1856/8861] [1830] HLS.S30.T11SKS.2021121T183919.v2.0: SKIP NoDataInBounds (field does not intersect FMASK)
[1857/8861] [1837] HLS.S30.T12STB.2021122T180909.v2.0: SKIP NoDataInBounds (field does not intersect FMASK)
[1858/8861] [1831] HLS.S30.T12STE.2021122T180909.v2.0: SKIP NoDataInBounds (field does not intersect FMASK)
[1859/8861] [1857] HLS.S30.T10SDG.2021122T185911.v2.0: SKIP NoDataInBounds (field does not intersect FMASK)
[1860/8861] [1860] HLS.L30.T11TPG.2021123T182527.v2.0: SKIP NoDataInBounds (field does not intersect FMASK)
[1861/8861] [1859] HLS.L30.T11TNG.2021123T182527.v2.0: SKIP NoDataInBounds (field does not intersect FMASK)
[1862/8861] [1861] HLS.L30.T11TMG.2021123T182551.v2.0: SKIP NoDataInBounds (field does not intersect FMASK)
[1863/8861] [1863] HLS.L30.T11TNF.2021123T182551.v2.0: SKIP NoDataInBounds (field does not intersect FMASK)
[1864/8861] [1862] HLS.L30.T11TPF.2021123T182551.v2.0: SKIP NoDataInBounds (field does not intersect FMASK)
[1865/8861] [1865] HLS.L30.T11TNE.2021123T182615.v2.0: SKIP NoDataInBounds (field does not intersect FMASK)
[1866/8861] [1864] HLS.L30.T11TMF.2021123T182551.v2.0: SKIP NoDataInBounds (field does not intersect FMASK)
[1867/8861] [1873] all outputs exist; skipping HLS.L30.T11SLC.2021123T182639.v2.0
[1868/8861] [1867] HLS.L30.T11SPD.2021123T182615.v2.0: SKIP NoDataInBounds (field does not intersect FMASK)
[1869/8861] [1866] HLS.L30.T11SMD.2021123T182615.v2.0: SKIP NoDataInBounds (field does not intersect FMASK)
[1870/8861] [1876] all outputs exist; skipping HLS.L30.T11SLB.2021123T182703.v2.0
[1871/8861] [1877] all outputs exist; skipping HLS.L30.T11SLA.2021123T182703.v2.0
[1872/8861] [1878] all outputs exist; skipping HLS.L30.T11SMB.2021123T182703.v2.0
[1873/8861] [1879] all outputs exist; skipping HLS.L30.T11SMA.2021123T182703.v2.0
[1874/8861] [1880] all outputs exist; skipping HLS.L30.T11SNA.2021123T182703.v2.0
[1875/8861] [1881] all outputs exist; skipping HLS.L30.T11SNV.2021123T182727.v2.0
[1876/8861] [1882] all outputs exist; skipping HLS.L30.T11SKV.2021123T182727.v2.0
[1877/8861] [1883] all outputs exist; skipping HLS.L30.T11SMU.2021123T182727.v2.0
[1878/8861] [1884] all outputs exist; skipping HLS.L30.T11SMV.2021123T182727.v2.0
[1879/8861] [1885] all outputs exist; skipping HLS.L30.T11SLV.2021123T182727.v2.0
[1880/8861] [1886] all outputs exist; skipping HLS.L30.T11SKU.2021123T182750.v2.0
[1881/8861] [1887] all outputs exist; skipping HLS.L30.T11SLU.2021123T182750.v2.0
[1882/8861] [1888] all outputs exist; skipping HLS.L30.T11SMT.2021123T182750.v2.0
[1883/8861] [1889] all outputs exist; skipping HLS.L30.T11SKT.2021123T182750.v2.0
[1884/8861] [1890] all outputs exist; skipping HLS.L30.T11SLT.2021123T182750.v2.0
[1885/8861] [1868] HLS.L30.T11TME.2021123T182615.v2.0: SKIP NoDataInBounds (field does not intersect FMASK)
[1886/8861] [1892] all outputs exist; skipping HLS.L30.T11SMS.2021123T182814.v2.0
[1887/8861] [1869] HLS.L30.T11SND.2021123T182615.v2.0: SKIP NoDataInBounds (field does not intersect FMASK)
[1888/8861] [1870] HLS.L30.T11TPE.2021123T182615.v2.0: SKIP NoDataInBounds (field does not intersect FMASK)
[1889/8861] [1874] HLS.L30.T11SMC.2021123T182639.v2.0: SKIP NoDataInBounds (field does not intersect FMASK)
[1890/8861] [1871] HLS.L30.T11SLD.2021123T182639.v2.0: SKIP NoDataInBounds (field does not intersect FMASK)
[1891/8861] [1872] HLS.L30.T11SNC.2021123T182639.v2.0: SKIP NoDataInBounds (field does not intersect FMASK)
[1892/8861] [1875] HLS.L30.T11SNB.2021123T182703.v2.0: SKIP NoDataInBounds (field does not intersect FMASK)
[1893/8861] [1891] HLS.L30.T10SGC.2021123T182814.v2.0: SKIP NoDataInBounds (field does not intersect FMASK)
[1894/8861] [1893] HLS.L30.T11SLS.2021123T182814.v2.0: SKIP NoDataInBounds (field does not intersect FMASK)
[1895/8861] [1894] HLS.L30.T11SKS.2021123T182814.v2.0: SKIP NoDataInBounds (field does not intersect FMASK)
[1896/8861] [1895] HLS.S30.T11TQG.2021123T182921.v2.0: SKIP NoDataInBounds (field does not intersect FMASK)
[1897/8861] [1896] HLS.S30.T12TTM.2021123T182921.v2.0: SKIP NoDataInBounds (field does not intersect FMASK)
[1898/8861] [1898] HLS.S30.T11TNG.2021123T182921.v2.0: SKIP NoDataInBounds (field does not intersect FMASK)
[1899/8861] [1897] HLS.S30.T11TPG.2021123T182921.v2.0: SKIP NoDataInBounds (field does not intersect FMASK)
[1900/8861] [1900] HLS.S30.T12TTL.2021123T182921.v2.0: SKIP NoDataInBounds (field does not intersect FMASK)
[1901/8861] [1899] HLS.S30.T11TMG.2021123T182921.v2.0: SKIP NoDataInBounds (field does not intersect FMASK)
[1902/8861] [1903] HLS.S30.T11TNF.2021123T182921.v2.0: SKIP NoDataInBounds (field does not intersect FMASK)
[1903/8861] [1901] HLS.S30.T11TQF.2021123T182921.v2.0: SKIP NoDataInBounds (field does not intersect FMASK)
[1904/8861] [1902] HLS.S30.T11TPF.2021123T182921.v2.0: SKIP NoDataInBounds (field does not intersect FMASK)
[1905/8861] [1904] HLS.S30.T11TMF.2021123T182921.v2.0: SKIP NoDataInBounds (field does not intersect FMASK)
[1906/8861] [1905] HLS.S30.T12TTK.2021123T182921.v2.0: SKIP NoDataInBounds (field does not intersect FMASK)
[1907/8861] [1906] HLS.S30.T11TQE.2021123T182921.v2.0: SKIP NoDataInBounds (field does not intersect FMASK)
[1908/8861] [1908] HLS.S30.T11TNE.2021123T182921.v2.0: SKIP NoDataInBounds (field does not intersect FMASK)
[1909/8861] [1907] HLS.S30.T11TPE.2021123T182921.v2.0: SKIP NoDataInBounds (field does not intersect FMASK)
[1910/8861] [1909] HLS.S30.T12STJ.2021123T182921.v2.0: SKIP NoDataInBounds (field does not intersect FMASK)
[1911/8861] [1911] HLS.S30.T11SQD.2021123T182921.v2.0: SKIP NoDataInBounds (field does not intersect FMASK)
[1912/8861] [1910] HLS.S30.T11TME.2021123T182921.v2.0: SKIP NoDataInBounds (field does not intersect FMASK)
[1913/8861] [1919] all outputs exist; skipping HLS.S30.T11SLC.2021123T182921.v2.0
[1914/8861] [1912] HLS.S30.T11SPD.2021123T182921.v2.0: SKIP NoDataInBounds (field does not intersect FMASK)
[1915/8861] [1913] HLS.S30.T11SND.2021123T182921.v2.0: SKIP NoDataInBounds (field does not intersect FMASK)
[1916/8861] [1922] all outputs exist; skipping HLS.S30.T11SMB.2021123T182921.v2.0
[1917/8861] [1923] all outputs exist; skipping HLS.S30.T11SLB.2021123T182921.v2.0
[1918/8861] [1914] HLS.S30.T11SMD.2021123T182921.v2.0: SKIP NoDataInBounds (field does not intersect FMASK)
[1919/8861] [1925] all outputs exist; skipping HLS.S30.T11SNA.2021123T182921.v2.0
[1920/8861] [1926] all outputs exist; skipping HLS.S30.T11SMA.2021123T182921.v2.0
[1921/8861] [1927] all outputs exist; skipping HLS.S30.T11SLA.2021123T182921.v2.0
[1922/8861] [1928] all outputs exist; skipping HLS.S30.T11SPV.2021123T182921.v2.0
[1923/8861] [1929] all outputs exist; skipping HLS.S30.T11SNV.2021123T182921.v2.0
[1924/8861] [1930] all outputs exist; skipping HLS.S30.T11SPU.2021123T182921.v2.0
[1925/8861] [1931] all outputs exist; skipping HLS.S30.T11SMV.2021123T182921.v2.0
[1926/8861] [1932] all outputs exist; skipping HLS.S30.T11SLV.2021123T182921.v2.0
[1927/8861] [1933] all outputs exist; skipping HLS.S30.T11SNU.2021123T182921.v2.0
[1928/8861] [1934] all outputs exist; skipping HLS.S30.T11SKV.2021123T182921.v2.0
[1929/8861] [1935] all outputs exist; skipping HLS.S30.T11SMU.2021123T182921.v2.0
[1930/8861] [1936] all outputs exist; skipping HLS.S30.T11SLU.2021123T182921.v2.0
[1931/8861] [1937] all outputs exist; skipping HLS.S30.T11SKU.2021123T182921.v2.0
[1932/8861] [1938] all outputs exist; skipping HLS.S30.T11SNT.2021123T182921.v2.0
[1933/8861] [1939] all outputs exist; skipping HLS.S30.T11SMT.2021123T182921.v2.0
[1934/8861] [1940] all outputs exist; skipping HLS.S30.T11SLT.2021123T182921.v2.0
[1935/8861] [1941] all outputs exist; skipping HLS.S30.T11SKT.2021123T182921.v2.0
[1936/8861] [1942] all outputs exist; skipping HLS.S30.T11SNS.2021123T182921.v2.0
[1937/8861] [1943] all outputs exist; skipping HLS.S30.T11SMS.2021123T182921.v2.0
[1938/8861] [1916] HLS.S30.T11SLD.2021123T182921.v2.0: SKIP NoDataInBounds (field does not intersect FMASK)
[1939/8861] [1915] HLS.S30.T11SPC.2021123T182921.v2.0: SKIP NoDataInBounds (field does not intersect FMASK)
[1940/8861] [1918] HLS.S30.T11SMC.2021123T182921.v2.0: SKIP NoDataInBounds (field does not intersect FMASK)
[1941/8861] [1947] all outputs exist; skipping HLS.S30.T11SMR.2021123T182921.v2.0
[1942/8861] [1917] HLS.S30.T11SNC.2021123T182921.v2.0: SKIP NoDataInBounds (field does not intersect FMASK)
[1943/8861] [1949] all outputs exist; skipping HLS.S30.T10TGM.2021124T184919.v2.0
[1944/8861] [1950] all outputs exist; skipping HLS.S30.T11TKG.2021124T184919.v2.0
[1945/8861] [1951] all outputs exist; skipping HLS.S30.T10TFM.2021124T184919.v2.0
[1946/8861] [1952] all outputs exist; skipping HLS.S30.T10TEM.2021124T184919.v2.0
[1947/8861] [1920] HLS.S30.T11SPB.2021123T182921.v2.0: SKIP NoDataInBounds (field does not intersect FMASK)
[1948/8861] [1954] all outputs exist; skipping HLS.S30.T11TKF.2021124T184919.v2.0
[1949/8861] [1955] all outputs exist; skipping HLS.S30.T10TGL.2021124T184919.v2.0
[1950/8861] [1956] all outputs exist; skipping HLS.S30.T10TFL.2021124T184919.v2.0
[1951/8861] [1921] HLS.S30.T11SNB.2021123T182921.v2.0: SKIP NoDataInBounds (field does not intersect FMASK)
[1952/8861] [1958] all outputs exist; skipping HLS.S30.T10TEL.2021124T184919.v2.0
[1953/8861] [1959] all outputs exist; skipping HLS.S30.T11TKE.2021124T184919.v2.0
[1954/8861] [1960] all outputs exist; skipping HLS.S30.T10TGK.2021124T184919.v2.0
[1955/8861] [1961] all outputs exist; skipping HLS.S30.T10TFK.2021124T184919.v2.0
[1956/8861] [1962] all outputs exist; skipping HLS.S30.T10TEK.2021124T184919.v2.0
[1957/8861] [1963] all outputs exist; skipping HLS.S30.T11SKD.2021124T184919.v2.0
[1958/8861] [1964] all outputs exist; skipping HLS.S30.T10SGJ.2021124T184919.v2.0
[1959/8861] [1965] all outputs exist; skipping HLS.S30.T10SFJ.2021124T184919.v2.0
[1960/8861] [1966] all outputs exist; skipping HLS.S30.T10SEJ.2021124T184919.v2.0
[1961/8861] [1967] all outputs exist; skipping HLS.S30.T10SDJ.2021124T184919.v2.0
[1962/8861] [1968] all outputs exist; skipping HLS.S30.T11SKC.2021124T184919.v2.0
[1963/8861] [1969] all outputs exist; skipping HLS.S30.T10SGH.2021124T184919.v2.0
[1964/8861] [1970] all outputs exist; skipping HLS.S30.T10SFH.2021124T184919.v2.0
[1965/8861] [1971] all outputs exist; skipping HLS.S30.T10SEH.2021124T184919.v2.0
[1966/8861] [1972] all outputs exist; skipping HLS.S30.T10SDH.2021124T184919.v2.0
[1967/8861] [1973] all outputs exist; skipping HLS.S30.T11SKB.2021124T184919.v2.0
[1968/8861] [1974] all outputs exist; skipping HLS.S30.T10SGG.2021124T184919.v2.0
[1969/8861] [1975] all outputs exist; skipping HLS.S30.T10SFG.2021124T184919.v2.0
[1970/8861] [1976] all outputs exist; skipping HLS.S30.T11SKA.2021124T184919.v2.0
[1971/8861] [1977] all outputs exist; skipping HLS.S30.T10SEG.2021124T184919.v2.0
[1972/8861] [1924] HLS.S30.T11SPA.2021123T182921.v2.0: SKIP NoDataInBounds (field does not intersect FMASK)
[1973/8861] [1979] all outputs exist; skipping HLS.S30.T10SGF.2021124T184919.v2.0
[1974/8861] [1980] all outputs exist; skipping HLS.S30.T10SFF.2021124T184919.v2.0
[1975/8861] [1981] all outputs exist; skipping HLS.S30.T10SEF.2021124T184919.v2.0
[1976/8861] [1982] all outputs exist; skipping HLS.S30.T10SGE.2021124T184919.v2.0
[1977/8861] [1983] all outputs exist; skipping HLS.S30.T10SFE.2021124T184919.v2.0
[1978/8861] [1984] all outputs exist; skipping HLS.S30.T10SFD.2021124T184919.v2.0
[1979/8861] [1944] HLS.S30.T11SLS.2021123T182921.v2.0: SKIP NoDataInBounds (field does not intersect FMASK)
[1980/8861] [1946] HLS.S30.T11SNR.2021123T182921.v2.0: SKIP NoDataInBounds (field does not intersect FMASK)
[1981/8861] [1945] HLS.S30.T11SKS.2021123T182921.v2.0: SKIP NoDataInBounds (field does not intersect FMASK)
[1982/8861] [1948] HLS.S30.T11TLG.2021124T184919.v2.0: SKIP NoDataInBounds (field does not intersect FMASK)
[1983/8861] [1957] HLS.S30.T11TLE.2021124T184919.v2.0: SKIP NoDataInBounds (field does not intersect FMASK)
[1984/8861] [1985] HLS.L30.T11TQG.2021125T181328.v2.0: SKIP NoDataInBounds (field does not intersect FMASK)
[1985/8861] [1978] HLS.S30.T10SDG.2021124T184919.v2.0: SKIP NoDataInBounds (field does not intersect FMASK)
[1986/8861] [1986] HLS.L30.T12TTM.2021125T181328.v2.0: SKIP NoDataInBounds (field does not intersect FMASK)
[1987/8861] [1988] HLS.L30.T12TTL.2021125T181328.v2.0: SKIP NoDataInBounds (field does not intersect FMASK)
[1988/8861] [1987] HLS.L30.T11TQF.2021125T181328.v2.0: SKIP NoDataInBounds (field does not intersect FMASK)
[1989/8861] [1953] HLS.S30.T11TLF.2021124T184919.v2.0: SKIP NoDataInBounds (field does not intersect FMASK)
[1990/8861] [1989] HLS.L30.T11TPF.2021125T181352.v2.0: SKIP NoDataInBounds (field does not intersect FMASK)
[1991/8861] [1990] HLS.L30.T11SQD.2021125T181352.v2.0: SKIP NoDataInBounds (field does not intersect FMASK)
[1992/8861] [1991] HLS.L30.T12TTK.2021125T181352.v2.0: SKIP NoDataInBounds (field does not intersect FMASK)
[1993/8861] [1993] HLS.L30.T11TPE.2021125T181352.v2.0: SKIP NoDataInBounds (field does not intersect FMASK)
[1994/8861] [1992] HLS.L30.T12STJ.2021125T181352.v2.0: SKIP NoDataInBounds (field does not intersect FMASK)
[1995/8861] [1995] HLS.L30.T11SPD.2021125T181352.v2.0: SKIP NoDataInBounds (field does not intersect FMASK)
[1996/8861] [1994] HLS.L30.T11TQE.2021125T181352.v2.0: SKIP NoDataInBounds (field does not intersect FMASK)
[1997/8861] [1997] HLS.L30.T11SQC.2021125T181416.v2.0: SKIP NoDataInBounds (field does not intersect FMASK)
[1998/8861] [1996] HLS.L30.T11SPC.2021125T181416.v2.0: SKIP NoDataInBounds (field does not intersect FMASK)
[1999/8861] [1998] HLS.L30.T12STH.2021125T181416.v2.0: SKIP NoDataInBounds (field does not intersect FMASK)
[2000/8861] [2006] all outputs exist; skipping HLS.L30.T11SQU.2021125T181503.v2.0
[2001/8861] [2007] all outputs exist; skipping HLS.L30.T11SNA.2021125T181503.v2.0
[2002/8861] [2008] all outputs exist; skipping HLS.L30.T11SQV.2021125T181503.v2.0
[2003/8861] [2009] all outputs exist; skipping HLS.L30.T11SNV.2021125T181503.v2.0
[2004/8861] [2010] all outputs exist; skipping HLS.L30.T12STD.2021125T181503.v2.0
[2005/8861] [2011] all outputs exist; skipping HLS.L30.T11SPV.2021125T181503.v2.0
[2006/8861] [2012] all outputs exist; skipping HLS.L30.T11SQT.2021125T181527.v2.0
[2007/8861] [2013] all outputs exist; skipping HLS.L30.T11SNU.2021125T181527.v2.0
[2008/8861] [2014] all outputs exist; skipping HLS.L30.T11SPU.2021125T181527.v2.0
[2009/8861] [2015] all outputs exist; skipping HLS.L30.T11SPT.2021125T181527.v2.0
[2010/8861] [2016] all outputs exist; skipping HLS.L30.T11SNT.2021125T181527.v2.0
[2011/8861] [2017] all outputs exist; skipping HLS.L30.T11SQS.2021125T181551.v2.0
[2012/8861] [2018] all outputs exist; skipping HLS.L30.T11SNS.2021125T181551.v2.0
[2013/8861] [2019] all outputs exist; skipping HLS.L30.T11SPS.2021125T181551.v2.0
[2014/8861] [1999] HLS.L30.T11SQB.2021125T181440.v2.0: SKIP NoDataInBounds (field does not intersect FMASK)
[2015/8861] [2000] HLS.L30.T11SPB.2021125T181440.v2.0: SKIP NoDataInBounds (field does not intersect FMASK)
[2016/8861] [2003] HLS.L30.T12STF.2021125T181440.v2.0: SKIP NoDataInBounds (field does not intersect FMASK)
[2017/8861] [2001] HLS.L30.T11SPA.2021125T181440.v2.0: SKIP NoDataInBounds (field does not intersect FMASK)
[2018/8861] [2002] HLS.L30.T11SQA.2021125T181440.v2.0: SKIP NoDataInBounds (field does not intersect FMASK)
[2019/8861] [2004] HLS.L30.T12STG.2021125T181440.v2.0: SKIP NoDataInBounds (field does not intersect FMASK)
[2020/8861] [2005] HLS.L30.T12STE.2021125T181503.v2.0: SKIP NoDataInBounds (field does not intersect FMASK)
[2021/8861] [2021] HLS.S30.T11TQG.2021125T181909.v2.0: SKIP NoDataInBounds (field does not intersect FMASK)
[2022/8861] [2020] HLS.L30.T11SNR.2021125T181551.v2.0: SKIP NoDataInBounds (field does not intersect FMASK)
[2023/8861] [2023] HLS.S30.T11TPG.2021125T181909.v2.0: SKIP NoDataInBounds (field does not intersect FMASK)
[2024/8861] [2022] HLS.S30.T12TTM.2021125T181909.v2.0: SKIP NoDataInBounds (field does not intersect FMASK)
[2025/8861] [2024] HLS.S30.T12TTL.2021125T181909.v2.0: SKIP NoDataInBounds (field does not intersect FMASK)
[2026/8861] [2025] HLS.S30.T11TQF.2021125T181909.v2.0: SKIP NoDataInBounds (field does not intersect FMASK)
[2027/8861] [2026] HLS.S30.T11TPF.2021125T181909.v2.0: SKIP NoDataInBounds (field does not intersect FMASK)
[2028/8861] [2027] HLS.S30.T12TTK.2021125T181909.v2.0: SKIP NoDataInBounds (field does not intersect FMASK)
[2029/8861] [2029] HLS.S30.T11TPE.2021125T181909.v2.0: SKIP NoDataInBounds (field does not intersect FMASK)
[2030/8861] [2028] HLS.S30.T11TQE.2021125T181909.v2.0: SKIP NoDataInBounds (field does not intersect FMASK)
[2031/8861] [2031] HLS.S30.T11SQD.2021125T181909.v2.0: SKIP NoDataInBounds (field does not intersect FMASK)
[2032/8861] [2030] HLS.S30.T12STJ.2021125T181909.v2.0: SKIP NoDataInBounds (field does not intersect FMASK)
[2033/8861] [2032] HLS.S30.T11SPD.2021125T181909.v2.0: SKIP NoDataInBounds (field does not intersect FMASK)
[2034/8861] [2033] HLS.S30.T12STH.2021125T181909.v2.0: SKIP NoDataInBounds (field does not intersect FMASK)
[2035/8861] [2034] HLS.S30.T11SQC.2021125T181909.v2.0: SKIP NoDataInBounds (field does not intersect FMASK)
[2036/8861] [2035] HLS.S30.T11SPC.2021125T181909.v2.0: SKIP NoDataInBounds (field does not intersect FMASK)
[2037/8861] [2036] HLS.S30.T11SNC.2021125T181909.v2.0: SKIP NoDataInBounds (field does not intersect FMASK)
[2038/8861] [2044] all outputs exist; skipping HLS.S30.T11SNA.2021125T181909.v2.0
[2039/8861] [2037] HLS.S30.T12STG.2021125T181909.v2.0: SKIP NoDataInBounds (field does not intersect FMASK)
[2040/8861] [2046] all outputs exist; skipping HLS.S30.T11SQV.2021125T181909.v2.0
[2041/8861] [2047] all outputs exist; skipping HLS.S30.T11SPV.2021125T181909.v2.0
[2042/8861] [2048] all outputs exist; skipping HLS.S30.T11SNV.2021125T181909.v2.0
[2043/8861] [2049] all outputs exist; skipping HLS.S30.T12STD.2021125T181909.v2.0
[2044/8861] [2050] all outputs exist; skipping HLS.S30.T11SQU.2021125T181909.v2.0
[2045/8861] [2051] all outputs exist; skipping HLS.S30.T11SPU.2021125T181909.v2.0
[2046/8861] [2052] all outputs exist; skipping HLS.S30.T11SNU.2021125T181909.v2.0
[2047/8861] [2053] all outputs exist; skipping HLS.S30.T12STC.2021125T181909.v2.0
[2048/8861] [2054] all outputs exist; skipping HLS.S30.T11SQT.2021125T181909.v2.0
[2049/8861] [2055] all outputs exist; skipping HLS.S30.T11SPT.2021125T181909.v2.0
[2050/8861] [2056] all outputs exist; skipping HLS.S30.T11SNT.2021125T181909.v2.0
[2051/8861] [2038] HLS.S30.T11SQB.2021125T181909.v2.0: SKIP NoDataInBounds (field does not intersect FMASK)
[2052/8861] [2058] all outputs exist; skipping HLS.S30.T11SMT.2021125T181909.v2.0
[2053/8861] [2059] all outputs exist; skipping HLS.S30.T11SQS.2021125T181909.v2.0
[2054/8861] [2060] all outputs exist; skipping HLS.S30.T11SPS.2021125T181909.v2.0
[2055/8861] [2061] all outputs exist; skipping HLS.S30.T11SNS.2021125T181909.v2.0
[2056/8861] [2062] all outputs exist; skipping HLS.S30.T11SMS.2021125T181909.v2.0
[2057/8861] [2039] HLS.S30.T11SPB.2021125T181909.v2.0: SKIP NoDataInBounds (field does not intersect FMASK)
[2058/8861] [2064] all outputs exist; skipping HLS.S30.T11SMR.2021125T181909.v2.0
[2059/8861] [2065] all outputs exist; skipping HLS.S30.T10TCM.2021125T190911.v2.0
[2060/8861] [2066] all outputs exist; skipping HLS.S30.T10TDM.2021125T190911.v2.0
[2061/8861] [2067] all outputs exist; skipping HLS.S30.T10TDL.2021125T190911.v2.0
[2062/8861] [2068] all outputs exist; skipping HLS.S30.T10TCL.2021125T190911.v2.0
[2063/8861] [2069] all outputs exist; skipping HLS.S30.T10TDK.2021125T190911.v2.0
[2064/8861] [2070] all outputs exist; skipping HLS.S30.T10TCK.2021125T190911.v2.0
[2065/8861] [2040] HLS.S30.T11SNB.2021125T181909.v2.0: SKIP NoDataInBounds (field does not intersect FMASK)
[2066/8861] [2041] HLS.S30.T12STF.2021125T181909.v2.0: SKIP NoDataInBounds (field does not intersect FMASK)
[2067/8861] [2042] HLS.S30.T11SQA.2021125T181909.v2.0: SKIP NoDataInBounds (field does not intersect FMASK)
[2068/8861] [2074] all outputs exist; skipping HLS.S30.T10TGM.2021126T183921.v2.0
[2069/8861] [2075] all outputs exist; skipping HLS.S30.T11TKG.2021126T183921.v2.0
[2070/8861] [2043] HLS.S30.T11SPA.2021125T181909.v2.0: SKIP NoDataInBounds (field does not intersect FMASK)
[2071/8861] [2045] HLS.S30.T12STE.2021125T181909.v2.0: SKIP NoDataInBounds (field does not intersect FMASK)
[2072/8861] [2057] HLS.S30.T12STB.2021125T181909.v2.0: SKIP NoDataInBounds (field does not intersect FMASK)
[2073/8861] [2079] all outputs exist; skipping HLS.S30.T11TKF.2021126T183921.v2.0
[2074/8861] [2080] all outputs exist; skipping HLS.S30.T10TGL.2021126T183921.v2.0
[2075/8861] [2063] HLS.S30.T11SNR.2021125T181909.v2.0: SKIP NoDataInBounds (field does not intersect FMASK)
[2076/8861] [2071] HLS.S30.T11TNG.2021126T183921.v2.0: SKIP NoDataInBounds (field does not intersect FMASK)
[2077/8861] [2076] HLS.S30.T11TNF.2021126T183921.v2.0: SKIP NoDataInBounds (field does not intersect FMASK)
[2078/8861] [2073] HLS.S30.T11TLG.2021126T183921.v2.0: SKIP NoDataInBounds (field does not intersect FMASK)
[2079/8861] [2085] all outputs exist; skipping HLS.S30.T11TKE.2021126T183921.v2.0
[2080/8861] [2086] all outputs exist; skipping HLS.S30.T10TGK.2021126T183921.v2.0
[2081/8861] [2072] HLS.S30.T11TMG.2021126T183921.v2.0: SKIP NoDataInBounds (field does not intersect FMASK)
[2082/8861] [2077] HLS.S30.T11TMF.2021126T183921.v2.0: SKIP NoDataInBounds (field does not intersect FMASK)
[2083/8861] [2089] all outputs exist; skipping HLS.S30.T11SKD.2021126T183921.v2.0
[2084/8861] [2090] all outputs exist; skipping HLS.S30.T10SGJ.2021126T183921.v2.0
[2085/8861] [2081] HLS.S30.T11TNE.2021126T183921.v2.0: SKIP NoDataInBounds (field does not intersect FMASK)
[2086/8861] [2092] all outputs exist; skipping HLS.S30.T10SFJ.2021126T183921.v2.0
[2087/8861] [2093] all outputs exist; skipping HLS.S30.T11SLC.2021126T183921.v2.0
[2088/8861] [2094] all outputs exist; skipping HLS.S30.T11SKC.2021126T183921.v2.0
[2089/8861] [2095] all outputs exist; skipping HLS.S30.T10SGH.2021126T183921.v2.0
[2090/8861] [2096] all outputs exist; skipping HLS.S30.T10SFH.2021126T183921.v2.0
[2091/8861] [2097] all outputs exist; skipping HLS.S30.T11SMB.2021126T183921.v2.0
[2092/8861] [2098] all outputs exist; skipping HLS.S30.T11SLB.2021126T183921.v2.0
[2093/8861] [2099] all outputs exist; skipping HLS.S30.T11SKB.2021126T183921.v2.0
[2094/8861] [2100] all outputs exist; skipping HLS.S30.T10SGG.2021126T183921.v2.0
[2095/8861] [2101] all outputs exist; skipping HLS.S30.T11SMA.2021126T183921.v2.0
[2096/8861] [2102] all outputs exist; skipping HLS.S30.T10SFG.2021126T183921.v2.0
[2097/8861] [2103] all outputs exist; skipping HLS.S30.T11SLA.2021126T183921.v2.0
[2098/8861] [2104] all outputs exist; skipping HLS.S30.T11SKA.2021126T183921.v2.0
[2099/8861] [2105] all outputs exist; skipping HLS.S30.T10SGF.2021126T183921.v2.0
[2100/8861] [2106] all outputs exist; skipping HLS.S30.T10SFF.2021126T183921.v2.0
[2101/8861] [2107] all outputs exist; skipping HLS.S30.T11SLV.2021126T183921.v2.0
[2102/8861] [2078] HLS.S30.T11TLF.2021126T183921.v2.0: SKIP NoDataInBounds (field does not intersect FMASK)
[2103/8861] [2108] all outputs exist; skipping HLS.S30.T11SKV.2021126T183921.v2.0
[2104/8861] [2109] all outputs exist; skipping HLS.S30.T10SGE.2021126T183921.v2.0
[2105/8861] [2111] all outputs exist; skipping HLS.S30.T11SLU.2021126T183921.v2.0
[2106/8861] [2110] all outputs exist; skipping HLS.S30.T10SFE.2021126T183921.v2.0
[2107/8861] [2112] all outputs exist; skipping HLS.S30.T11SKU.2021126T183921.v2.0
[2108/8861] [2113] all outputs exist; skipping HLS.S30.T10SGD.2021126T183921.v2.0
[2109/8861] [2114] all outputs exist; skipping HLS.S30.T10SFD.2021126T183921.v2.0
[2110/8861] [2115] all outputs exist; skipping HLS.S30.T11SLT.2021126T183921.v2.0
[2111/8861] [2116] all outputs exist; skipping HLS.S30.T11SKT.2021126T183921.v2.0
[2112/8861] [2082] HLS.S30.T11TME.2021126T183921.v2.0: SKIP NoDataInBounds (field does not intersect FMASK)
[2113/8861] [2119] all outputs exist; skipping HLS.L30.T10TDM.2021126T185619.v2.0
[2114/8861] [2120] all outputs exist; skipping HLS.L30.T10TEM.2021126T185619.v2.0
[2115/8861] [2121] all outputs exist; skipping HLS.L30.T10TEL.2021126T185643.v2.0
[2116/8861] [2122] all outputs exist; skipping HLS.L30.T10TCM.2021126T185643.v2.0
[2117/8861] [2123] all outputs exist; skipping HLS.L30.T10TCL.2021126T185643.v2.0
[2118/8861] [2124] all outputs exist; skipping HLS.L30.T10TDL.2021126T185643.v2.0
[2119/8861] [2125] all outputs exist; skipping HLS.L30.T10TDK.2021126T185707.v2.0
[2120/8861] [2126] all outputs exist; skipping HLS.L30.T10SDJ.2021126T185707.v2.0
[2121/8861] [2127] all outputs exist; skipping HLS.L30.T10TCK.2021126T185707.v2.0
[2122/8861] [2128] all outputs exist; skipping HLS.L30.T10SDH.2021126T185731.v2.0
[2123/8861] [2083] HLS.S30.T11TLE.2021126T183921.v2.0: SKIP NoDataInBounds (field does not intersect FMASK)
[2124/8861] [2130] all outputs exist; skipping HLS.S30.T11SQV.2021127T180921.v2.0
[2125/8861] [2131] all outputs exist; skipping HLS.S30.T12STD.2021127T180921.v2.0
[2126/8861] [2132] all outputs exist; skipping HLS.S30.T11SQU.2021127T180921.v2.0
[2127/8861] [2133] all outputs exist; skipping HLS.S30.T12STC.2021127T180921.v2.0
[2128/8861] [2134] all outputs exist; skipping HLS.S30.T11SQT.2021127T180921.v2.0
[2129/8861] [2084] HLS.S30.T11SND.2021126T183921.v2.0: SKIP NoDataInBounds (field does not intersect FMASK)
[2130/8861] [2136] all outputs exist; skipping HLS.S30.T11SQS.2021127T180921.v2.0
[2131/8861] [2137] all outputs exist; skipping HLS.S30.T11SPS.2021127T180921.v2.0
[2132/8861] [2138] all outputs exist; skipping HLS.S30.T10TFM.2021127T185919.v2.0
[2133/8861] [2139] all outputs exist; skipping HLS.S30.T10TEM.2021127T185919.v2.0
[2134/8861] [2140] all outputs exist; skipping HLS.S30.T10TDM.2021127T185919.v2.0
[2135/8861] [2141] all outputs exist; skipping HLS.S30.T10TCM.2021127T185919.v2.0
[2136/8861] [2142] all outputs exist; skipping HLS.S30.T10TFL.2021127T185919.v2.0
[2137/8861] [2143] all outputs exist; skipping HLS.S30.T10TEL.2021127T185919.v2.0
[2138/8861] [2144] all outputs exist; skipping HLS.S30.T10TDL.2021127T185919.v2.0
[2139/8861] [2087] HLS.S30.T11SMD.2021126T183921.v2.0: SKIP NoDataInBounds (field does not intersect FMASK)
[2140/8861] [2145] all outputs exist; skipping HLS.S30.T10TFK.2021127T185919.v2.0
[2141/8861] [2146] all outputs exist; skipping HLS.S30.T10TCL.2021127T185919.v2.0
[2142/8861] [2147] all outputs exist; skipping HLS.S30.T10TEK.2021127T185919.v2.0
[2143/8861] [2148] all outputs exist; skipping HLS.S30.T10TDK.2021127T185919.v2.0
[2144/8861] [2149] all outputs exist; skipping HLS.S30.T10TCK.2021127T185919.v2.0
[2145/8861] [2150] all outputs exist; skipping HLS.S30.T10SEJ.2021127T185919.v2.0
[2146/8861] [2151] all outputs exist; skipping HLS.S30.T10SDJ.2021127T185919.v2.0
[2147/8861] [2153] all outputs exist; skipping HLS.S30.T10SDH.2021127T185919.v2.0
[2148/8861] [2152] all outputs exist; skipping HLS.S30.T10SEH.2021127T185919.v2.0
[2149/8861] [2154] all outputs exist; skipping HLS.S30.T10SEG.2021127T185919.v2.0
[2150/8861] [2156] all outputs exist; skipping HLS.S30.T10SEF.2021127T185919.v2.0
[2151/8861] [2088] HLS.S30.T11SLD.2021126T183921.v2.0: SKIP NoDataInBounds (field does not intersect FMASK)
[2152/8861] [2091] HLS.S30.T11SMC.2021126T183921.v2.0: SKIP NoDataInBounds (field does not intersect FMASK)
[2153/8861] [2117] HLS.S30.T10SGC.2021126T183921.v2.0: SKIP NoDataInBounds (field does not intersect FMASK)
[2154/8861] [2118] HLS.S30.T11SLS.2021126T183921.v2.0: SKIP NoDataInBounds (field does not intersect FMASK)
[2155/8861] [2135] HLS.S30.T12STB.2021127T180921.v2.0: SKIP NoDataInBounds (field does not intersect FMASK)
[2156/8861] [2129] HLS.S30.T12STE.2021127T180921.v2.0: SKIP NoDataInBounds (field does not intersect FMASK)
[2157/8861] [2157] HLS.S30.T11TQG.2021128T182919.v2.0: SKIP NoDataInBounds (field does not intersect FMASK)
[2158/8861] [2155] HLS.S30.T10SDG.2021127T185919.v2.0: SKIP NoDataInBounds (field does not intersect FMASK)
[2159/8861] [2158] HLS.S30.T12TTM.2021128T182919.v2.0: SKIP NoDataInBounds (field does not intersect FMASK)
[2160/8861] [2159] HLS.S30.T11TPG.2021128T182919.v2.0: SKIP NoDataInBounds (field does not intersect FMASK)
[2161/8861] [2160] HLS.S30.T11TNG.2021128T182919.v2.0: SKIP NoDataInBounds (field does not intersect FMASK)
[2162/8861] [2161] HLS.S30.T11TMG.2021128T182919.v2.0: SKIP NoDataInBounds (field does not intersect FMASK)
[2163/8861] [2162] HLS.S30.T12TTL.2021128T182919.v2.0: SKIP NoDataInBounds (field does not intersect FMASK)
[2164/8861] [2163] HLS.S30.T11TQF.2021128T182919.v2.0: SKIP NoDataInBounds (field does not intersect FMASK)
[2165/8861] [2164] HLS.S30.T11TPF.2021128T182919.v2.0: SKIP NoDataInBounds (field does not intersect FMASK)
[2166/8861] [2165] HLS.S30.T11TNF.2021128T182919.v2.0: SKIP NoDataInBounds (field does not intersect FMASK)
[2167/8861] [2166] HLS.S30.T11TMF.2021128T182919.v2.0: SKIP NoDataInBounds (field does not intersect FMASK)
[2168/8861] [2167] HLS.S30.T12TTK.2021128T182919.v2.0: SKIP NoDataInBounds (field does not intersect FMASK)
[2169/8861] [2168] HLS.S30.T11TQE.2021128T182919.v2.0: SKIP NoDataInBounds (field does not intersect FMASK)
[2170/8861] [2170] HLS.S30.T11TNE.2021128T182919.v2.0: SKIP NoDataInBounds (field does not intersect FMASK)
[2171/8861] [2171] HLS.S30.T12STJ.2021128T182919.v2.0: SKIP NoDataInBounds (field does not intersect FMASK)
[2172/8861] [2169] HLS.S30.T11TPE.2021128T182919.v2.0: SKIP NoDataInBounds (field does not intersect FMASK)
[2173/8861] [2172] HLS.S30.T11TME.2021128T182919.v2.0: SKIP NoDataInBounds (field does not intersect FMASK)
[2174/8861] [2173] HLS.S30.T11SQD.2021128T182919.v2.0: SKIP NoDataInBounds (field does not intersect FMASK)
[2175/8861] [2181] all outputs exist; skipping HLS.S30.T11SLC.2021128T182919.v2.0
[2176/8861] [2174] HLS.S30.T11SPD.2021128T182919.v2.0: SKIP NoDataInBounds (field does not intersect FMASK)
[2177/8861] [2175] HLS.S30.T11SND.2021128T182919.v2.0: SKIP NoDataInBounds (field does not intersect FMASK)
[2178/8861] [2184] all outputs exist; skipping HLS.S30.T11SMB.2021128T182919.v2.0
[2179/8861] [2185] all outputs exist; skipping HLS.L30.T11TKG.2021128T184359.v2.0
[2180/8861] [2186] all outputs exist; skipping HLS.L30.T10TGM.2021128T184359.v2.0
[2181/8861] [2187] all outputs exist; skipping HLS.S30.T11SLB.2021128T182919.v2.0
[2182/8861] [2176] HLS.S30.T11SMD.2021128T182919.v2.0: SKIP NoDataInBounds (field does not intersect FMASK)
[2183/8861] [2189] all outputs exist; skipping HLS.S30.T11SNA.2021128T182919.v2.0
[2184/8861] [2190] all outputs exist; skipping HLS.S30.T11SMA.2021128T182919.v2.0
[2185/8861] [2191] all outputs exist; skipping HLS.S30.T11SLA.2021128T182919.v2.0
[2186/8861] [2192] all outputs exist; skipping HLS.S30.T11SPV.2021128T182919.v2.0
[2187/8861] [2193] all outputs exist; skipping HLS.L30.T11TKF.2021128T184423.v2.0
[2188/8861] [2194] all outputs exist; skipping HLS.L30.T10TGL.2021128T184423.v2.0
[2189/8861] [2195] all outputs exist; skipping HLS.L30.T10TFM.2021128T184423.v2.0
[2190/8861] [2196] all outputs exist; skipping HLS.L30.T10TFL.2021128T184423.v2.0
[2191/8861] [2197] all outputs exist; skipping HLS.L30.T10TEL.2021128T184423.v2.0
[2192/8861] [2198] all outputs exist; skipping HLS.L30.T10TEM.2021128T184423.v2.0
[2193/8861] [2199] all outputs exist; skipping HLS.S30.T11SNV.2021128T182919.v2.0
[2194/8861] [2200] all outputs exist; skipping HLS.S30.T11SPU.2021128T182919.v2.0
[2195/8861] [2201] all outputs exist; skipping HLS.S30.T11SMV.2021128T182919.v2.0
[2196/8861] [2202] all outputs exist; skipping HLS.S30.T11SLV.2021128T182919.v2.0
[2197/8861] [2203] all outputs exist; skipping HLS.S30.T11SNU.2021128T182919.v2.0
[2198/8861] [2204] all outputs exist; skipping HLS.S30.T11SKV.2021128T182919.v2.0
[2199/8861] [2205] all outputs exist; skipping HLS.S30.T11SMU.2021128T182919.v2.0
[2200/8861] [2206] all outputs exist; skipping HLS.S30.T11SLU.2021128T182919.v2.0
[2201/8861] [2207] all outputs exist; skipping HLS.L30.T11TKE.2021128T184447.v2.0
[2202/8861] [2208] all outputs exist; skipping HLS.L30.T10TGK.2021128T184447.v2.0
[2203/8861] [2209] all outputs exist; skipping HLS.L30.T11SKD.2021128T184447.v2.0
[2204/8861] [2210] all outputs exist; skipping HLS.L30.T10SEJ.2021128T184447.v2.0
[2205/8861] [2211] all outputs exist; skipping HLS.L30.T10TEK.2021128T184447.v2.0
[2206/8861] [2212] all outputs exist; skipping HLS.L30.T10SGJ.2021128T184447.v2.0
[2207/8861] [2213] all outputs exist; skipping HLS.L30.T10TFK.2021128T184447.v2.0
[2208/8861] [2214] all outputs exist; skipping HLS.L30.T10SFJ.2021128T184447.v2.0
[2209/8861] [2215] all outputs exist; skipping HLS.S30.T11SKU.2021128T182919.v2.0
[2210/8861] [2216] all outputs exist; skipping HLS.S30.T11SNT.2021128T182919.v2.0
[2211/8861] [2217] all outputs exist; skipping HLS.S30.T11SMT.2021128T182919.v2.0
[2212/8861] [2218] all outputs exist; skipping HLS.S30.T11SLT.2021128T182919.v2.0
[2213/8861] [2219] all outputs exist; skipping HLS.S30.T11SKT.2021128T182919.v2.0
[2214/8861] [2220] all outputs exist; skipping HLS.S30.T11SNS.2021128T182919.v2.0
[2215/8861] [2221] all outputs exist; skipping HLS.L30.T10SGH.2021128T184511.v2.0
[2216/8861] [2222] all outputs exist; skipping HLS.L30.T10SDH.2021128T184511.v2.0
[2217/8861] [2223] all outputs exist; skipping HLS.L30.T10SFH.2021128T184511.v2.0
[2218/8861] [2224] all outputs exist; skipping HLS.L30.T10SEH.2021128T184511.v2.0
[2219/8861] [2225] all outputs exist; skipping HLS.S30.T11SMS.2021128T182919.v2.0
[2220/8861] [2178] HLS.S30.T11SLD.2021128T182919.v2.0: SKIP NoDataInBounds (field does not intersect FMASK)
[2221/8861] [2179] HLS.S30.T11SNC.2021128T182919.v2.0: SKIP NoDataInBounds (field does not intersect FMASK)
[2222/8861] [2177] HLS.S30.T11SPC.2021128T182919.v2.0: SKIP NoDataInBounds (field does not intersect FMASK)
[2223/8861] [2229] all outputs exist; skipping HLS.S30.T11SMR.2021128T182919.v2.0
[2224/8861] [2230] all outputs exist; skipping HLS.L30.T10SFG.2021128T184535.v2.0
[2225/8861] [2182] HLS.S30.T11SPB.2021128T182919.v2.0: SKIP NoDataInBounds (field does not intersect FMASK)
[2226/8861] [2232] all outputs exist; skipping HLS.L30.T10SEF.2021128T184535.v2.0
[2227/8861] [2233] all outputs exist; skipping HLS.L30.T10SEG.2021128T184535.v2.0
[2228/8861] [2234] all outputs exist; skipping HLS.L30.T10SFF.2021128T184535.v2.0
[2229/8861] [2235] all outputs exist; skipping HLS.L30.T10SFE.2021128T184559.v2.0
[2230/8861] [2236] all outputs exist; skipping HLS.L30.T10SFD.2021128T184559.v2.0
[2231/8861] [2183] HLS.S30.T11SNB.2021128T182919.v2.0: SKIP NoDataInBounds (field does not intersect FMASK)
[2232/8861] [2238] all outputs exist; skipping HLS.S30.T10TGM.2021129T184921.v2.0
[2233/8861] [2239] all outputs exist; skipping HLS.S30.T11TKG.2021129T184921.v2.0
[2234/8861] [2240] all outputs exist; skipping HLS.S30.T10TFM.2021129T184921.v2.0
[2235/8861] [2241] all outputs exist; skipping HLS.S30.T10TEM.2021129T184921.v2.0
[2236/8861] [2180] HLS.S30.T11SMC.2021128T182919.v2.0: SKIP NoDataInBounds (field does not intersect FMASK)
[2237/8861] [2243] all outputs exist; skipping HLS.S30.T11TKF.2021129T184921.v2.0
[2238/8861] [2244] all outputs exist; skipping HLS.S30.T10TGL.2021129T184921.v2.0
[2239/8861] [2245] all outputs exist; skipping HLS.S30.T10TFL.2021129T184921.v2.0
[2240/8861] [2188] HLS.S30.T11SPA.2021128T182919.v2.0: SKIP NoDataInBounds (field does not intersect FMASK)
[2241/8861] [2247] all outputs exist; skipping HLS.S30.T10TEL.2021129T184921.v2.0
[2242/8861] [2248] all outputs exist; skipping HLS.S30.T11TKE.2021129T184921.v2.0
[2243/8861] [2249] all outputs exist; skipping HLS.S30.T10TGK.2021129T184921.v2.0
[2244/8861] [2250] all outputs exist; skipping HLS.S30.T10TFK.2021129T184921.v2.0
[2245/8861] [2251] all outputs exist; skipping HLS.S30.T10TEK.2021129T184921.v2.0
[2246/8861] [2252] all outputs exist; skipping HLS.S30.T11SKD.2021129T184921.v2.0
[2247/8861] [2253] all outputs exist; skipping HLS.S30.T10SGJ.2021129T184921.v2.0
[2248/8861] [2254] all outputs exist; skipping HLS.S30.T10SFJ.2021129T184921.v2.0
[2249/8861] [2255] all outputs exist; skipping HLS.S30.T10SEJ.2021129T184921.v2.0
[2250/8861] [2256] all outputs exist; skipping HLS.S30.T10SDJ.2021129T184921.v2.0
[2251/8861] [2257] all outputs exist; skipping HLS.S30.T11SKC.2021129T184921.v2.0
[2252/8861] [2258] all outputs exist; skipping HLS.S30.T10SGH.2021129T184921.v2.0
[2253/8861] [2259] all outputs exist; skipping HLS.S30.T10SFH.2021129T184921.v2.0
[2254/8861] [2260] all outputs exist; skipping HLS.S30.T10SEH.2021129T184921.v2.0
[2255/8861] [2261] all outputs exist; skipping HLS.S30.T10SDH.2021129T184921.v2.0
[2256/8861] [2262] all outputs exist; skipping HLS.S30.T11SKB.2021129T184921.v2.0
[2257/8861] [2263] all outputs exist; skipping HLS.S30.T10SGG.2021129T184921.v2.0
[2258/8861] [2264] all outputs exist; skipping HLS.S30.T10SFG.2021129T184921.v2.0
[2259/8861] [2265] all outputs exist; skipping HLS.S30.T11SKA.2021129T184921.v2.0
[2260/8861] [2266] all outputs exist; skipping HLS.S30.T10SEG.2021129T184921.v2.0
[2261/8861] [2226] HLS.S30.T11SLS.2021128T182919.v2.0: SKIP NoDataInBounds (field does not intersect FMASK)
[2262/8861] [2268] all outputs exist; skipping HLS.S30.T10SGF.2021129T184921.v2.0
[2263/8861] [2269] all outputs exist; skipping HLS.S30.T10SFF.2021129T184921.v2.0
[2264/8861] [2270] all outputs exist; skipping HLS.S30.T10SEF.2021129T184921.v2.0
[2265/8861] [2271] all outputs exist; skipping HLS.S30.T10SGE.2021129T184921.v2.0
[2266/8861] [2272] all outputs exist; skipping HLS.S30.T10SFE.2021129T184921.v2.0
[2267/8861] [2273] all outputs exist; skipping HLS.S30.T10SFD.2021129T184921.v2.0
[2268/8861] [2227] HLS.S30.T11SKS.2021128T182919.v2.0: SKIP NoDataInBounds (field does not intersect FMASK)
[2269/8861] [2228] HLS.S30.T11SNR.2021128T182919.v2.0: SKIP NoDataInBounds (field does not intersect FMASK)
[2270/8861] [2231] HLS.L30.T10SDG.2021128T184535.v2.0: SKIP NoDataInBounds (field does not intersect FMASK)
[2271/8861] [2237] HLS.S30.T11TLG.2021129T184921.v2.0: SKIP NoDataInBounds (field does not intersect FMASK)
[2272/8861] [2242] HLS.S30.T11TLF.2021129T184921.v2.0: SKIP NoDataInBounds (field does not intersect FMASK)
[2273/8861] [2246] HLS.S30.T11TLE.2021129T184921.v2.0: SKIP NoDataInBounds (field does not intersect FMASK)
[2274/8861] [2280] all outputs exist; skipping HLS.L30.T11TKE.2021130T183227.v2.0
[2275/8861] [2281] all outputs exist; skipping HLS.L30.T11SKD.2021130T183227.v2.0
[2276/8861] [2267] HLS.S30.T10SDG.2021129T184921.v2.0: SKIP NoDataInBounds (field does not intersect FMASK)
[2277/8861] [2283] all outputs exist; skipping HLS.L30.T10TGK.2021130T183227.v2.0
[2278/8861] [2274] HLS.L30.T11TNG.2021130T183139.v2.0: SKIP NoDataInBounds (field does not intersect FMASK)
[2279/8861] [2275] HLS.L30.T11TMG.2021130T183139.v2.0: SKIP NoDataInBounds (field does not intersect FMASK)
[2280/8861] [2276] HLS.L30.T11TMF.2021130T183203.v2.0: SKIP NoDataInBounds (field does not intersect FMASK)
[2281/8861] [2277] HLS.L30.T11TLF.2021130T183203.v2.0: SKIP NoDataInBounds (field does not intersect FMASK)
[2282/8861] [2278] HLS.L30.T11TNF.2021130T183203.v2.0: SKIP NoDataInBounds (field does not intersect FMASK)
[2283/8861] [2282] HLS.L30.T11SMD.2021130T183227.v2.0: SKIP NoDataInBounds (field does not intersect FMASK)
[2284/8861] [2279] HLS.L30.T11TLG.2021130T183203.v2.0: SKIP NoDataInBounds (field does not intersect FMASK)
[2285/8861] [2291] all outputs exist; skipping HLS.L30.T10SGJ.2021130T183251.v2.0
[2286/8861] [2284] HLS.L30.T11TME.2021130T183227.v2.0: SKIP NoDataInBounds (field does not intersect FMASK)
[2287/8861] [2293] all outputs exist; skipping HLS.L30.T11SLC.2021130T183251.v2.0
[2288/8861] [2294] all outputs exist; skipping HLS.L30.T11SKC.2021130T183251.v2.0
[2289/8861] [2295] all outputs exist; skipping HLS.L30.T10SGH.2021130T183251.v2.0
[2290/8861] [2285] HLS.L30.T11TNE.2021130T183227.v2.0: SKIP NoDataInBounds (field does not intersect FMASK)
[2291/8861] [2286] HLS.L30.T11TLE.2021130T183227.v2.0: SKIP NoDataInBounds (field does not intersect FMASK)
[2292/8861] [2287] HLS.L30.T11SLD.2021130T183227.v2.0: SKIP NoDataInBounds (field does not intersect FMASK)
[2293/8861] [2288] HLS.S30.T11TQG.2021130T181921.v2.0: SKIP NoDataInBounds (field does not intersect FMASK)
[2294/8861] [2289] HLS.S30.T12TTM.2021130T181921.v2.0: SKIP NoDataInBounds (field does not intersect FMASK)
[2295/8861] [2292] HLS.L30.T11SMC.2021130T183251.v2.0: SKIP NoDataInBounds (field does not intersect FMASK)
[2296/8861] [2302] all outputs exist; skipping HLS.L30.T10SGG.2021130T183315.v2.0
[2297/8861] [2303] all outputs exist; skipping HLS.L30.T10SGF.2021130T183315.v2.0
[2298/8861] [2304] all outputs exist; skipping HLS.L30.T11SLB.2021130T183315.v2.0
[2299/8861] [2305] all outputs exist; skipping HLS.L30.T11SLA.2021130T183315.v2.0
[2300/8861] [2306] all outputs exist; skipping HLS.L30.T11SMB.2021130T183315.v2.0
[2301/8861] [2307] all outputs exist; skipping HLS.L30.T11SKA.2021130T183315.v2.0
[2302/8861] [2308] all outputs exist; skipping HLS.L30.T11SKB.2021130T183315.v2.0
[2303/8861] [2290] HLS.S30.T11TPG.2021130T181921.v2.0: SKIP NoDataInBounds (field does not intersect FMASK)
[2304/8861] [2296] HLS.S30.T12TTL.2021130T181921.v2.0: SKIP NoDataInBounds (field does not intersect FMASK)
[2305/8861] [2297] HLS.S30.T11TQF.2021130T181921.v2.0: SKIP NoDataInBounds (field does not intersect FMASK)
[2306/8861] [2312] all outputs exist; skipping HLS.L30.T11SLV.2021130T183338.v2.0
[2307/8861] [2313] all outputs exist; skipping HLS.L30.T10SGE.2021130T183338.v2.0
[2308/8861] [2314] all outputs exist; skipping HLS.L30.T11SKU.2021130T183338.v2.0
[2309/8861] [2315] all outputs exist; skipping HLS.L30.T11SKV.2021130T183338.v2.0
[2310/8861] [2316] all outputs exist; skipping HLS.L30.T11SLU.2021130T183338.v2.0
[2311/8861] [2298] HLS.S30.T11TPF.2021130T181921.v2.0: SKIP NoDataInBounds (field does not intersect FMASK)
[2312/8861] [2300] HLS.S30.T11TQE.2021130T181921.v2.0: SKIP NoDataInBounds (field does not intersect FMASK)
[2313/8861] [2299] HLS.S30.T12TTK.2021130T181921.v2.0: SKIP NoDataInBounds (field does not intersect FMASK)
[2314/8861] [2301] HLS.S30.T11TPE.2021130T181921.v2.0: SKIP NoDataInBounds (field does not intersect FMASK)
[2315/8861] [2309] HLS.S30.T12STJ.2021130T181921.v2.0: SKIP NoDataInBounds (field does not intersect FMASK)
[2316/8861] [2310] HLS.S30.T11SQD.2021130T181921.v2.0: SKIP NoDataInBounds (field does not intersect FMASK)
[2317/8861] [2311] HLS.S30.T11SPD.2021130T181921.v2.0: SKIP NoDataInBounds (field does not intersect FMASK)
[2318/8861] [2317] HLS.S30.T12STH.2021130T181921.v2.0: SKIP NoDataInBounds (field does not intersect FMASK)
[2319/8861] [2325] all outputs exist; skipping HLS.L30.T10SFD.2021130T183402.v2.0
[2320/8861] [2326] all outputs exist; skipping HLS.L30.T10SFE.2021130T183402.v2.0
[2321/8861] [2318] HLS.S30.T11SQC.2021130T181921.v2.0: SKIP NoDataInBounds (field does not intersect FMASK)
[2322/8861] [2328] all outputs exist; skipping HLS.L30.T11SKT.2021130T183402.v2.0
[2323/8861] [2329] all outputs exist; skipping HLS.L30.T10SGD.2021130T183402.v2.0
[2324/8861] [2330] all outputs exist; skipping HLS.L30.T11SLT.2021130T183402.v2.0
[2325/8861] [2319] HLS.S30.T11SPC.2021130T181921.v2.0: SKIP NoDataInBounds (field does not intersect FMASK)
[2326/8861] [2320] HLS.S30.T11SNC.2021130T181921.v2.0: SKIP NoDataInBounds (field does not intersect FMASK)
[2327/8861] [2321] HLS.S30.T12STG.2021130T181921.v2.0: SKIP NoDataInBounds (field does not intersect FMASK)
[2328/8861] [2334] all outputs exist; skipping HLS.S30.T11SNA.2021130T181921.v2.0
[2329/8861] [2323] HLS.S30.T11SPB.2021130T181921.v2.0: SKIP NoDataInBounds (field does not intersect FMASK)
[2330/8861] [2336] all outputs exist; skipping HLS.S30.T11SQV.2021130T181921.v2.0
[2331/8861] [2322] HLS.S30.T11SQB.2021130T181921.v2.0: SKIP NoDataInBounds (field does not intersect FMASK)
[2332/8861] [2338] all outputs exist; skipping HLS.S30.T11SPV.2021130T181921.v2.0
[2333/8861] [2339] all outputs exist; skipping HLS.S30.T11SNV.2021130T181921.v2.0
[2334/8861] [2340] all outputs exist; skipping HLS.S30.T12STD.2021130T181921.v2.0
[2335/8861] [2341] all outputs exist; skipping HLS.S30.T11SQU.2021130T181921.v2.0
[2336/8861] [2342] all outputs exist; skipping HLS.S30.T11SPU.2021130T181921.v2.0
[2337/8861] [2343] all outputs exist; skipping HLS.S30.T11SNU.2021130T181921.v2.0
[2338/8861] [2344] all outputs exist; skipping HLS.S30.T12STC.2021130T181921.v2.0
[2339/8861] [2345] all outputs exist; skipping HLS.S30.T11SQT.2021130T181921.v2.0
[2340/8861] [2346] all outputs exist; skipping HLS.S30.T11SPT.2021130T181921.v2.0
[2341/8861] [2347] all outputs exist; skipping HLS.S30.T11SNT.2021130T181921.v2.0
[2342/8861] [2324] HLS.S30.T11SNB.2021130T181921.v2.0: SKIP NoDataInBounds (field does not intersect FMASK)
[2343/8861] [2349] all outputs exist; skipping HLS.S30.T11SMT.2021130T181921.v2.0
[2344/8861] [2350] all outputs exist; skipping HLS.S30.T11SQS.2021130T181921.v2.0
[2345/8861] [2351] all outputs exist; skipping HLS.S30.T11SPS.2021130T181921.v2.0
[2346/8861] [2352] all outputs exist; skipping HLS.S30.T11SNS.2021130T181921.v2.0
[2347/8861] [2353] all outputs exist; skipping HLS.S30.T11SMS.2021130T181921.v2.0
[2348/8861] [2327] HLS.L30.T10SGC.2021130T183402.v2.0: SKIP NoDataInBounds (field does not intersect FMASK)
[2349/8861] [2355] all outputs exist; skipping HLS.S30.T11SMR.2021130T181921.v2.0
[2350/8861] [2356] all outputs exist; skipping HLS.S30.T10TDM.2021130T190909.v2.0
[2351/8861] [2357] all outputs exist; skipping HLS.S30.T10TCM.2021130T190909.v2.0
[2352/8861] [2358] all outputs exist; skipping HLS.S30.T10TDL.2021130T190909.v2.0
[2353/8861] [2359] all outputs exist; skipping HLS.S30.T10TCL.2021130T190909.v2.0
[2354/8861] [2360] all outputs exist; skipping HLS.S30.T10TDK.2021130T190909.v2.0
[2355/8861] [2361] all outputs exist; skipping HLS.S30.T10TCK.2021130T190909.v2.0
[2356/8861] [2331] HLS.S30.T12STF.2021130T181921.v2.0: SKIP NoDataInBounds (field does not intersect FMASK)
[2357/8861] [2332] HLS.S30.T11SQA.2021130T181921.v2.0: SKIP NoDataInBounds (field does not intersect FMASK)
[2358/8861] [2333] HLS.S30.T11SPA.2021130T181921.v2.0: SKIP NoDataInBounds (field does not intersect FMASK)
[2359/8861] [2365] all outputs exist; skipping HLS.S30.T10TGM.2021131T183919.v2.0
[2360/8861] [2366] all outputs exist; skipping HLS.S30.T11TKG.2021131T183919.v2.0
[2361/8861] [2335] HLS.S30.T12STE.2021130T181921.v2.0: SKIP NoDataInBounds (field does not intersect FMASK)
[2362/8861] [2337] HLS.L30.T11SKS.2021130T183426.v2.0: SKIP NoDataInBounds (field does not intersect FMASK)
[2363/8861] [2348] HLS.S30.T12STB.2021130T181921.v2.0: SKIP NoDataInBounds (field does not intersect FMASK)
[2364/8861] [2370] all outputs exist; skipping HLS.S30.T11TKF.2021131T183919.v2.0
[2365/8861] [2371] all outputs exist; skipping HLS.S30.T10TGL.2021131T183919.v2.0
[2366/8861] [2362] HLS.S30.T11TNG.2021131T183919.v2.0: SKIP NoDataInBounds (field does not intersect FMASK)
[2367/8861] [2354] HLS.S30.T11SNR.2021130T181921.v2.0: SKIP NoDataInBounds (field does not intersect FMASK)
[2368/8861] [2363] HLS.S30.T11TMG.2021131T183919.v2.0: SKIP NoDataInBounds (field does not intersect FMASK)
[2369/8861] [2364] HLS.S30.T11TLG.2021131T183919.v2.0: SKIP NoDataInBounds (field does not intersect FMASK)
[2370/8861] [2376] all outputs exist; skipping HLS.S30.T11TKE.2021131T183919.v2.0
[2371/8861] [2377] all outputs exist; skipping HLS.S30.T10TGK.2021131T183919.v2.0
[2372/8861] [2368] HLS.S30.T11TMF.2021131T183919.v2.0: SKIP NoDataInBounds (field does not intersect FMASK)
[2373/8861] [2367] HLS.S30.T11TNF.2021131T183919.v2.0: SKIP NoDataInBounds (field does not intersect FMASK)
[2374/8861] [2380] all outputs exist; skipping HLS.S30.T11SKD.2021131T183919.v2.0
[2375/8861] [2381] all outputs exist; skipping HLS.S30.T10SGJ.2021131T183919.v2.0
[2376/8861] [2369] HLS.S30.T11TLF.2021131T183919.v2.0: SKIP NoDataInBounds (field does not intersect FMASK)
[2377/8861] [2383] all outputs exist; skipping HLS.S30.T10SFJ.2021131T183919.v2.0
[2378/8861] [2384] all outputs exist; skipping HLS.S30.T11SLC.2021131T183919.v2.0
[2379/8861] [2385] all outputs exist; skipping HLS.S30.T11SKC.2021131T183919.v2.0
[2380/8861] [2386] all outputs exist; skipping HLS.S30.T10SGH.2021131T183919.v2.0
[2381/8861] [2387] all outputs exist; skipping HLS.S30.T10SFH.2021131T183919.v2.0
[2382/8861] [2388] all outputs exist; skipping HLS.S30.T11SMB.2021131T183919.v2.0
[2383/8861] [2389] all outputs exist; skipping HLS.S30.T11SLB.2021131T183919.v2.0
[2384/8861] [2390] all outputs exist; skipping HLS.S30.T11SKB.2021131T183919.v2.0
[2385/8861] [2391] all outputs exist; skipping HLS.S30.T10SGG.2021131T183919.v2.0
[2386/8861] [2392] all outputs exist; skipping HLS.S30.T11SMA.2021131T183919.v2.0
[2387/8861] [2393] all outputs exist; skipping HLS.S30.T10SFG.2021131T183919.v2.0
[2388/8861] [2394] all outputs exist; skipping HLS.S30.T11SLA.2021131T183919.v2.0
[2389/8861] [2395] all outputs exist; skipping HLS.S30.T11SKA.2021131T183919.v2.0
[2390/8861] [2396] all outputs exist; skipping HLS.S30.T10SGF.2021131T183919.v2.0
[2391/8861] [2397] all outputs exist; skipping HLS.S30.T10SFF.2021131T183919.v2.0
[2392/8861] [2398] all outputs exist; skipping HLS.S30.T11SLV.2021131T183919.v2.0
[2393/8861] [2399] all outputs exist; skipping HLS.S30.T11SKV.2021131T183919.v2.0
[2394/8861] [2400] all outputs exist; skipping HLS.S30.T10SGE.2021131T183919.v2.0
[2395/8861] [2401] all outputs exist; skipping HLS.S30.T10SFE.2021131T183919.v2.0
[2396/8861] [2402] all outputs exist; skipping HLS.S30.T11SLU.2021131T183919.v2.0
[2397/8861] [2403] all outputs exist; skipping HLS.S30.T11SKU.2021131T183919.v2.0
[2398/8861] [2404] all outputs exist; skipping HLS.S30.T10SGD.2021131T183919.v2.0
[2399/8861] [2405] all outputs exist; skipping HLS.S30.T11SLT.2021131T183919.v2.0
[2400/8861] [2406] all outputs exist; skipping HLS.S30.T11SKT.2021131T183919.v2.0
[2401/8861] [2374] HLS.S30.T11TLE.2021131T183919.v2.0: SKIP NoDataInBounds (field does not intersect FMASK)
[2402/8861] [2373] HLS.S30.T11TME.2021131T183919.v2.0: SKIP NoDataInBounds (field does not intersect FMASK)
[2403/8861] [2372] HLS.S30.T11TNE.2021131T183919.v2.0: SKIP NoDataInBounds (field does not intersect FMASK)
[2404/8861] [2375] HLS.S30.T11SND.2021131T183919.v2.0: SKIP NoDataInBounds (field does not intersect FMASK)
[2405/8861] [2378] HLS.S30.T11SMD.2021131T183919.v2.0: SKIP NoDataInBounds (field does not intersect FMASK)
[2406/8861] [2379] HLS.S30.T11SLD.2021131T183919.v2.0: SKIP NoDataInBounds (field does not intersect FMASK)
[2407/8861] [2382] HLS.S30.T11SMC.2021131T183919.v2.0: SKIP NoDataInBounds (field does not intersect FMASK)
[2408/8861] [2407] HLS.S30.T10SGC.2021131T183919.v2.0: SKIP NoDataInBounds (field does not intersect FMASK)
[2409/8861] [2409] HLS.L30.T12TTM.2021132T181919.v2.0: SKIP NoDataInBounds (field does not intersect FMASK)
[2410/8861] [2408] HLS.S30.T11SKS.2021131T183919.v2.0: SKIP NoDataInBounds (field does not intersect FMASK)
[2411/8861] [2410] HLS.L30.T11TQG.2021132T181919.v2.0: SKIP NoDataInBounds (field does not intersect FMASK)
[2412/8861] [2411] HLS.L30.T11TNF.2021132T181943.v2.0: SKIP NoDataInBounds (field does not intersect FMASK)
[2413/8861] [2413] HLS.L30.T11TPF.2021132T181943.v2.0: SKIP NoDataInBounds (field does not intersect FMASK)
[2414/8861] [2412] HLS.L30.T11TQF.2021132T181943.v2.0: SKIP NoDataInBounds (field does not intersect FMASK)
[2415/8861] [2414] HLS.L30.T11TNG.2021132T181943.v2.0: SKIP NoDataInBounds (field does not intersect FMASK)
[2416/8861] [2415] HLS.L30.T12TTL.2021132T181943.v2.0: SKIP NoDataInBounds (field does not intersect FMASK)
[2417/8861] [2417] HLS.L30.T12TTK.2021132T182007.v2.0: SKIP NoDataInBounds (field does not intersect FMASK)
[2418/8861] [2416] HLS.L30.T11TPG.2021132T181943.v2.0: SKIP NoDataInBounds (field does not intersect FMASK)
[2419/8861] [2421] HLS.L30.T11SPD.2021132T182007.v2.0: SKIP NoDataInBounds (field does not intersect FMASK)
[2420/8861] [2419] HLS.L30.T11TNE.2021132T182007.v2.0: SKIP NoDataInBounds (field does not intersect FMASK)
[2421/8861] [2418] HLS.L30.T11TPE.2021132T182007.v2.0: SKIP NoDataInBounds (field does not intersect FMASK)
[2422/8861] [2420] HLS.L30.T11TQE.2021132T182007.v2.0: SKIP NoDataInBounds (field does not intersect FMASK)
[2423/8861] [2422] HLS.L30.T11SND.2021132T182007.v2.0: SKIP NoDataInBounds (field does not intersect FMASK)
[2424/8861] [2423] HLS.L30.T12STJ.2021132T182007.v2.0: SKIP NoDataInBounds (field does not intersect FMASK)
[2425/8861] [2424] HLS.L30.T11SQD.2021132T182007.v2.0: SKIP NoDataInBounds (field does not intersect FMASK)
[2426/8861] [2432] all outputs exist; skipping HLS.L30.T11SMB.2021132T182054.v2.0
[2427/8861] [2433] all outputs exist; skipping HLS.L30.T11SNA.2021132T182054.v2.0
[2428/8861] [2434] all outputs exist; skipping HLS.L30.T11SMA.2021132T182054.v2.0
[2429/8861] [2435] all outputs exist; skipping HLS.L30.T11SPU.2021132T182118.v2.0
[2430/8861] [2436] all outputs exist; skipping HLS.L30.T11SNV.2021132T182118.v2.0
[2431/8861] [2437] all outputs exist; skipping HLS.L30.T11SMV.2021132T182118.v2.0
[2432/8861] [2438] all outputs exist; skipping HLS.L30.T11SPV.2021132T182118.v2.0
[2433/8861] [2439] all outputs exist; skipping HLS.L30.T11SNU.2021132T182118.v2.0
[2434/8861] [2440] all outputs exist; skipping HLS.L30.T11SMU.2021132T182142.v2.0
[2435/8861] [2441] all outputs exist; skipping HLS.L30.T11SPT.2021132T182142.v2.0
[2436/8861] [2442] all outputs exist; skipping HLS.L30.T11SMT.2021132T182142.v2.0
[2437/8861] [2443] all outputs exist; skipping HLS.L30.T11SNT.2021132T182142.v2.0
[2438/8861] [2444] all outputs exist; skipping HLS.L30.T11SNS.2021132T182206.v2.0
[2439/8861] [2445] all outputs exist; skipping HLS.L30.T11SLT.2021132T182206.v2.0
[2440/8861] [2426] HLS.L30.T11SNC.2021132T182030.v2.0: SKIP NoDataInBounds (field does not intersect FMASK)
[2441/8861] [2447] all outputs exist; skipping HLS.L30.T11SMS.2021132T182206.v2.0
[2442/8861] [2429] HLS.L30.T11SNB.2021132T182054.v2.0: SKIP NoDataInBounds (field does not intersect FMASK)
[2443/8861] [2449] all outputs exist; skipping HLS.L30.T11SMR.2021132T182206.v2.0
[2444/8861] [2425] HLS.L30.T11SPC.2021132T182030.v2.0: SKIP NoDataInBounds (field does not intersect FMASK)
[2445/8861] [2451] all outputs exist; skipping HLS.S30.T11SQV.2021132T180909.v2.0
[2446/8861] [2452] all outputs exist; skipping HLS.S30.T12STD.2021132T180909.v2.0
[2447/8861] [2453] all outputs exist; skipping HLS.S30.T11SQU.2021132T180909.v2.0
[2448/8861] [2454] all outputs exist; skipping HLS.S30.T12STC.2021132T180909.v2.0
[2449/8861] [2455] all outputs exist; skipping HLS.S30.T11SQT.2021132T180909.v2.0
[2450/8861] [2427] HLS.L30.T11SQC.2021132T182030.v2.0: SKIP NoDataInBounds (field does not intersect FMASK)
[2451/8861] [2457] all outputs exist; skipping HLS.S30.T11SQS.2021132T180909.v2.0
[2452/8861] [2428] HLS.L30.T11SMC.2021132T182054.v2.0: SKIP NoDataInBounds (field does not intersect FMASK)
[2453/8861] [2458] all outputs exist; skipping HLS.S30.T11SPS.2021132T180909.v2.0
[2454/8861] [2459] all outputs exist; skipping HLS.S30.T10TFM.2021132T185921.v2.0
[2455/8861] [2460] all outputs exist; skipping HLS.S30.T10TEM.2021132T185921.v2.0
[2456/8861] [2461] all outputs exist; skipping HLS.S30.T10TDM.2021132T185921.v2.0
[2457/8861] [2462] all outputs exist; skipping HLS.S30.T10TCM.2021132T185921.v2.0
[2458/8861] [2463] all outputs exist; skipping HLS.S30.T10TFL.2021132T185921.v2.0
[2459/8861] [2464] all outputs exist; skipping HLS.S30.T10TEL.2021132T185921.v2.0
[2460/8861] [2465] all outputs exist; skipping HLS.S30.T10TDL.2021132T185921.v2.0
[2461/8861] [2466] all outputs exist; skipping HLS.S30.T10TFK.2021132T185921.v2.0
[2462/8861] [2467] all outputs exist; skipping HLS.S30.T10TCL.2021132T185921.v2.0
[2463/8861] [2468] all outputs exist; skipping HLS.S30.T10TEK.2021132T185921.v2.0
[2464/8861] [2469] all outputs exist; skipping HLS.S30.T10TDK.2021132T185921.v2.0
[2465/8861] [2470] all outputs exist; skipping HLS.S30.T10TCK.2021132T185921.v2.0
[2466/8861] [2471] all outputs exist; skipping HLS.S30.T10SEJ.2021132T185921.v2.0
[2467/8861] [2472] all outputs exist; skipping HLS.S30.T10SDJ.2021132T185921.v2.0
[2468/8861] [2473] all outputs exist; skipping HLS.S30.T10SEH.2021132T185921.v2.0
[2469/8861] [2474] all outputs exist; skipping HLS.S30.T10SDH.2021132T185921.v2.0
[2470/8861] [2430] HLS.L30.T11SPA.2021132T182054.v2.0: SKIP NoDataInBounds (field does not intersect FMASK)
[2471/8861] [2431] HLS.L30.T11SPB.2021132T182054.v2.0: SKIP NoDataInBounds (field does not intersect FMASK)
[2472/8861] [2448] HLS.L30.T11SNR.2021132T182206.v2.0: SKIP NoDataInBounds (field does not intersect FMASK)
[2473/8861] [2446] HLS.L30.T11SLS.2021132T182206.v2.0: SKIP NoDataInBounds (field does not intersect FMASK)
[2474/8861] [2475] HLS.S30.T11TQG.2021133T182921.v2.0: SKIP NoDataInBounds (field does not intersect FMASK)
[2475/8861] [2450] HLS.S30.T12STE.2021132T180909.v2.0: SKIP NoDataInBounds (field does not intersect FMASK)
[2476/8861] [2456] HLS.S30.T12STB.2021132T180909.v2.0: SKIP NoDataInBounds (field does not intersect FMASK)
[2477/8861] [2476] HLS.S30.T12TTM.2021133T182921.v2.0: SKIP NoDataInBounds (field does not intersect FMASK)
[2478/8861] [2477] HLS.S30.T11TPG.2021133T182921.v2.0: SKIP NoDataInBounds (field does not intersect FMASK)
[2479/8861] [2478] HLS.S30.T11TNG.2021133T182921.v2.0: SKIP NoDataInBounds (field does not intersect FMASK)
[2480/8861] [2479] HLS.S30.T11TMG.2021133T182921.v2.0: SKIP NoDataInBounds (field does not intersect FMASK)
[2481/8861] [2480] HLS.S30.T12TTL.2021133T182921.v2.0: SKIP NoDataInBounds (field does not intersect FMASK)
[2482/8861] [2482] HLS.S30.T11TPF.2021133T182921.v2.0: SKIP NoDataInBounds (field does not intersect FMASK)
[2483/8861] [2481] HLS.S30.T11TQF.2021133T182921.v2.0: SKIP NoDataInBounds (field does not intersect FMASK)
[2484/8861] [2483] HLS.S30.T11TNF.2021133T182921.v2.0: SKIP NoDataInBounds (field does not intersect FMASK)
[2485/8861] [2484] HLS.S30.T11TMF.2021133T182921.v2.0: SKIP NoDataInBounds (field does not intersect FMASK)
[2486/8861] [2485] HLS.S30.T12TTK.2021133T182921.v2.0: SKIP NoDataInBounds (field does not intersect FMASK)
[2487/8861] [2486] HLS.S30.T11TQE.2021133T182921.v2.0: SKIP NoDataInBounds (field does not intersect FMASK)
[2488/8861] [2487] HLS.S30.T11TPE.2021133T182921.v2.0: SKIP NoDataInBounds (field does not intersect FMASK)
[2489/8861] [2488] HLS.S30.T11TNE.2021133T182921.v2.0: SKIP NoDataInBounds (field does not intersect FMASK)
[2490/8861] [2490] HLS.S30.T11TME.2021133T182921.v2.0: SKIP NoDataInBounds (field does not intersect FMASK)
[2491/8861] [2489] HLS.S30.T12STJ.2021133T182921.v2.0: SKIP NoDataInBounds (field does not intersect FMASK)
[2492/8861] [2491] HLS.S30.T11SQD.2021133T182921.v2.0: SKIP NoDataInBounds (field does not intersect FMASK)
[2493/8861] [2499] all outputs exist; skipping HLS.S30.T11SLC.2021133T182921.v2.0
[2494/8861] [2492] HLS.S30.T11SPD.2021133T182921.v2.0: SKIP NoDataInBounds (field does not intersect FMASK)
[2495/8861] [2493] HLS.S30.T11SND.2021133T182921.v2.0: SKIP NoDataInBounds (field does not intersect FMASK)
[2496/8861] [2502] all outputs exist; skipping HLS.S30.T11SMB.2021133T182921.v2.0
[2497/8861] [2503] all outputs exist; skipping HLS.S30.T11SLB.2021133T182921.v2.0
[2498/8861] [2494] HLS.S30.T11SMD.2021133T182921.v2.0: SKIP NoDataInBounds (field does not intersect FMASK)
[2499/8861] [2505] all outputs exist; skipping HLS.S30.T11SNA.2021133T182921.v2.0
[2500/8861] [2506] all outputs exist; skipping HLS.S30.T11SMA.2021133T182921.v2.0
[2501/8861] [2507] all outputs exist; skipping HLS.S30.T11SLA.2021133T182921.v2.0
[2502/8861] [2508] all outputs exist; skipping HLS.S30.T11SPV.2021133T182921.v2.0
[2503/8861] [2509] all outputs exist; skipping HLS.S30.T11SNV.2021133T182921.v2.0
[2504/8861] [2510] all outputs exist; skipping HLS.S30.T11SPU.2021133T182921.v2.0
[2505/8861] [2511] all outputs exist; skipping HLS.S30.T11SMV.2021133T182921.v2.0
[2506/8861] [2512] all outputs exist; skipping HLS.S30.T11SLV.2021133T182921.v2.0
[2507/8861] [2513] all outputs exist; skipping HLS.S30.T11SNU.2021133T182921.v2.0
[2508/8861] [2514] all outputs exist; skipping HLS.S30.T11SKV.2021133T182921.v2.0
[2509/8861] [2515] all outputs exist; skipping HLS.S30.T11SMU.2021133T182921.v2.0
[2510/8861] [2516] all outputs exist; skipping HLS.S30.T11SLU.2021133T182921.v2.0
[2511/8861] [2517] all outputs exist; skipping HLS.S30.T11SKU.2021133T182921.v2.0
[2512/8861] [2518] all outputs exist; skipping HLS.S30.T11SNT.2021133T182921.v2.0
[2513/8861] [2519] all outputs exist; skipping HLS.S30.T11SMT.2021133T182921.v2.0
[2514/8861] [2520] all outputs exist; skipping HLS.S30.T11SLT.2021133T182921.v2.0
[2515/8861] [2521] all outputs exist; skipping HLS.S30.T11SNS.2021133T182921.v2.0
[2516/8861] [2522] all outputs exist; skipping HLS.S30.T11SMS.2021133T182921.v2.0
[2517/8861] [2496] HLS.S30.T11SLD.2021133T182921.v2.0: SKIP NoDataInBounds (field does not intersect FMASK)
[2518/8861] [2495] HLS.S30.T11SPC.2021133T182921.v2.0: SKIP NoDataInBounds (field does not intersect FMASK)
[2519/8861] [2525] all outputs exist; skipping HLS.S30.T11SMR.2021133T182921.v2.0
[2520/8861] [2526] all outputs exist; skipping HLS.L30.T10TDM.2021133T190235.v2.0
[2521/8861] [2527] all outputs exist; skipping HLS.L30.T10TCM.2021133T190235.v2.0
[2522/8861] [2528] all outputs exist; skipping HLS.L30.T10TCL.2021133T190259.v2.0
[2523/8861] [2498] HLS.S30.T11SMC.2021133T182921.v2.0: SKIP NoDataInBounds (field does not intersect FMASK)
[2524/8861] [2500] HLS.S30.T11SPB.2021133T182921.v2.0: SKIP NoDataInBounds (field does not intersect FMASK)
[2525/8861] [2497] HLS.S30.T11SNC.2021133T182921.v2.0: SKIP NoDataInBounds (field does not intersect FMASK)
[2526/8861] [2532] all outputs exist; skipping HLS.L30.T11SQV.2021134T180858.v2.0
[2527/8861] [2533] all outputs exist; skipping HLS.L30.T12STD.2021134T180922.v2.0
[2528/8861] [2534] all outputs exist; skipping HLS.L30.T11SQU.2021134T180922.v2.0
[2529/8861] [2535] all outputs exist; skipping HLS.L30.T11SPT.2021134T180922.v2.0
[2530/8861] [2536] all outputs exist; skipping HLS.L30.T12STC.2021134T180922.v2.0
[2531/8861] [2537] all outputs exist; skipping HLS.L30.T11SQT.2021134T180922.v2.0
[2532/8861] [2538] all outputs exist; skipping HLS.L30.T11SPU.2021134T180922.v2.0
[2533/8861] [2539] all outputs exist; skipping HLS.L30.T11SPS.2021134T180946.v2.0
[2534/8861] [2540] all outputs exist; skipping HLS.L30.T11SQS.2021134T180946.v2.0
[2535/8861] [2501] HLS.S30.T11SNB.2021133T182921.v2.0: SKIP NoDataInBounds (field does not intersect FMASK)
[2536/8861] [2504] HLS.S30.T11SPA.2021133T182921.v2.0: SKIP NoDataInBounds (field does not intersect FMASK)
[2537/8861] [2543] all outputs exist; skipping HLS.S30.T10TGM.2021134T184919.v2.0
[2538/8861] [2544] all outputs exist; skipping HLS.S30.T11TKG.2021134T184919.v2.0
[2539/8861] [2545] all outputs exist; skipping HLS.S30.T10TFM.2021134T184919.v2.0
[2540/8861] [2546] all outputs exist; skipping HLS.S30.T10TEM.2021134T184919.v2.0
[2541/8861] [2523] HLS.S30.T11SLS.2021133T182921.v2.0: SKIP NoDataInBounds (field does not intersect FMASK)
[2542/8861] [2548] all outputs exist; skipping HLS.S30.T11TKF.2021134T184919.v2.0
[2543/8861] [2549] all outputs exist; skipping HLS.S30.T10TGL.2021134T184919.v2.0
[2544/8861] [2550] all outputs exist; skipping HLS.S30.T10TFL.2021134T184919.v2.0
[2545/8861] [2524] HLS.S30.T11SNR.2021133T182921.v2.0: SKIP NoDataInBounds (field does not intersect FMASK)
[2546/8861] [2529] HLS.L30.T12STF.2021134T180834.v2.0: SKIP NoDataInBounds (field does not intersect FMASK)
[2547/8861] [2552] all outputs exist; skipping HLS.S30.T10TEL.2021134T184919.v2.0
[2548/8861] [2553] all outputs exist; skipping HLS.S30.T11TKE.2021134T184919.v2.0
[2549/8861] [2555] all outputs exist; skipping HLS.S30.T10TFK.2021134T184919.v2.0
[2550/8861] [2554] all outputs exist; skipping HLS.S30.T10TGK.2021134T184919.v2.0
[2551/8861] [2556] all outputs exist; skipping HLS.S30.T10TEK.2021134T184919.v2.0
[2552/8861] [2557] all outputs exist; skipping HLS.S30.T11SKD.2021134T184919.v2.0
[2553/8861] [2559] all outputs exist; skipping HLS.S30.T10SFJ.2021134T184919.v2.0
[2554/8861] [2558] all outputs exist; skipping HLS.S30.T10SGJ.2021134T184919.v2.0
[2555/8861] [2561] all outputs exist; skipping HLS.S30.T10SDJ.2021134T184919.v2.0
[2556/8861] [2560] all outputs exist; skipping HLS.S30.T10SEJ.2021134T184919.v2.0
[2557/8861] [2562] all outputs exist; skipping HLS.S30.T11SKC.2021134T184919.v2.0
[2558/8861] [2563] all outputs exist; skipping HLS.S30.T10SGH.2021134T184919.v2.0
[2559/8861] [2564] all outputs exist; skipping HLS.S30.T10SFH.2021134T184919.v2.0
[2560/8861] [2565] all outputs exist; skipping HLS.S30.T10SEH.2021134T184919.v2.0
[2561/8861] [2566] all outputs exist; skipping HLS.S30.T10SDH.2021134T184919.v2.0
[2562/8861] [2567] all outputs exist; skipping HLS.S30.T11SKB.2021134T184919.v2.0
[2563/8861] [2568] all outputs exist; skipping HLS.S30.T10SGG.2021134T184919.v2.0
[2564/8861] [2569] all outputs exist; skipping HLS.S30.T10SFG.2021134T184919.v2.0
[2565/8861] [2570] all outputs exist; skipping HLS.S30.T11SKA.2021134T184919.v2.0
[2566/8861] [2571] all outputs exist; skipping HLS.S30.T10SEG.2021134T184919.v2.0
[2567/8861] [2572] all outputs exist; skipping HLS.S30.T10SGF.2021134T184919.v2.0
[2568/8861] [2573] all outputs exist; skipping HLS.S30.T10SFF.2021134T184919.v2.0
[2569/8861] [2574] all outputs exist; skipping HLS.S30.T10SGE.2021134T184919.v2.0
[2570/8861] [2575] all outputs exist; skipping HLS.S30.T10SFE.2021134T184919.v2.0
[2571/8861] [2530] HLS.L30.T11SQA.2021134T180834.v2.0: SKIP NoDataInBounds (field does not intersect FMASK)
[2572/8861] [2531] HLS.L30.T12STE.2021134T180858.v2.0: SKIP NoDataInBounds (field does not intersect FMASK)
[2573/8861] [2541] HLS.L30.T12STB.2021134T180946.v2.0: SKIP NoDataInBounds (field does not intersect FMASK)
[2574/8861] [2542] HLS.S30.T11TLG.2021134T184919.v2.0: SKIP NoDataInBounds (field does not intersect FMASK)
[2575/8861] [2547] HLS.S30.T11TLF.2021134T184919.v2.0: SKIP NoDataInBounds (field does not intersect FMASK)
[2576/8861] [2551] HLS.S30.T11TLE.2021134T184919.v2.0: SKIP NoDataInBounds (field does not intersect FMASK)
[2577/8861] [2577] HLS.S30.T11TPG.2021135T181919.v2.0: SKIP NoDataInBounds (field does not intersect FMASK)
[2578/8861] [2576] HLS.S30.T12TTM.2021135T181919.v2.0: SKIP NoDataInBounds (field does not intersect FMASK)
[2579/8861] [2578] HLS.S30.T12TTL.2021135T181919.v2.0: SKIP NoDataInBounds (field does not intersect FMASK)
[2580/8861] [2579] HLS.S30.T11TQF.2021135T181919.v2.0: SKIP NoDataInBounds (field does not intersect FMASK)
[2581/8861] [2580] HLS.S30.T11TPF.2021135T181919.v2.0: SKIP NoDataInBounds (field does not intersect FMASK)
[2582/8861] [2581] HLS.S30.T12TTK.2021135T181919.v2.0: SKIP NoDataInBounds (field does not intersect FMASK)
[2583/8861] [2582] HLS.S30.T11TQE.2021135T181919.v2.0: SKIP NoDataInBounds (field does not intersect FMASK)
[2584/8861] [2583] HLS.S30.T11TPE.2021135T181919.v2.0: SKIP NoDataInBounds (field does not intersect FMASK)
[2585/8861] [2584] HLS.S30.T12STJ.2021135T181919.v2.0: SKIP NoDataInBounds (field does not intersect FMASK)
[2586/8861] [2585] HLS.S30.T11SQD.2021135T181919.v2.0: SKIP NoDataInBounds (field does not intersect FMASK)
[2587/8861] [2586] HLS.S30.T11SPD.2021135T181919.v2.0: SKIP NoDataInBounds (field does not intersect FMASK)
[2588/8861] [2587] HLS.S30.T12STH.2021135T181919.v2.0: SKIP NoDataInBounds (field does not intersect FMASK)
[2589/8861] [2589] HLS.S30.T11SPC.2021135T181919.v2.0: SKIP NoDataInBounds (field does not intersect FMASK)
[2590/8861] [2588] HLS.S30.T11SQC.2021135T181919.v2.0: SKIP NoDataInBounds (field does not intersect FMASK)
[2591/8861] [2590] HLS.S30.T11SNC.2021135T181919.v2.0: SKIP NoDataInBounds (field does not intersect FMASK)
[2592/8861] [2598] all outputs exist; skipping HLS.S30.T11SNA.2021135T181919.v2.0
[2593/8861] [2591] HLS.S30.T12STG.2021135T181919.v2.0: SKIP NoDataInBounds (field does not intersect FMASK)
[2594/8861] [2600] all outputs exist; skipping HLS.S30.T11SQV.2021135T181919.v2.0
[2595/8861] [2601] all outputs exist; skipping HLS.S30.T11SPV.2021135T181919.v2.0
[2596/8861] [2602] all outputs exist; skipping HLS.S30.T11SNV.2021135T181919.v2.0
[2597/8861] [2603] all outputs exist; skipping HLS.S30.T12STD.2021135T181919.v2.0
[2598/8861] [2604] all outputs exist; skipping HLS.S30.T11SQU.2021135T181919.v2.0
[2599/8861] [2605] all outputs exist; skipping HLS.S30.T11SPU.2021135T181919.v2.0
[2600/8861] [2606] all outputs exist; skipping HLS.S30.T11SNU.2021135T181919.v2.0
[2601/8861] [2607] all outputs exist; skipping HLS.S30.T12STC.2021135T181919.v2.0
[2602/8861] [2608] all outputs exist; skipping HLS.S30.T11SQT.2021135T181919.v2.0
[2603/8861] [2609] all outputs exist; skipping HLS.S30.T11SPT.2021135T181919.v2.0
[2604/8861] [2610] all outputs exist; skipping HLS.S30.T11SNT.2021135T181919.v2.0
[2605/8861] [2592] HLS.S30.T11SQB.2021135T181919.v2.0: SKIP NoDataInBounds (field does not intersect FMASK)
[2606/8861] [2612] all outputs exist; skipping HLS.S30.T11SMT.2021135T181919.v2.0
[2607/8861] [2613] all outputs exist; skipping HLS.S30.T11SQS.2021135T181919.v2.0
[2608/8861] [2614] all outputs exist; skipping HLS.S30.T11SPS.2021135T181919.v2.0
[2609/8861] [2615] all outputs exist; skipping HLS.S30.T11SNS.2021135T181919.v2.0
[2610/8861] [2616] all outputs exist; skipping HLS.S30.T11SMS.2021135T181919.v2.0
[2611/8861] [2594] HLS.S30.T11SNB.2021135T181919.v2.0: SKIP NoDataInBounds (field does not intersect FMASK)
[2612/8861] [2618] all outputs exist; skipping HLS.S30.T11SMR.2021135T181919.v2.0
[2613/8861] [2619] all outputs exist; skipping HLS.L30.T10TFM.2021135T185015.v2.0
[2614/8861] [2593] HLS.S30.T11SPB.2021135T181919.v2.0: SKIP NoDataInBounds (field does not intersect FMASK)
[2615/8861] [2620] all outputs exist; skipping HLS.L30.T10TEM.2021135T185015.v2.0
[2616/8861] [2621] all outputs exist; skipping HLS.L30.T10TFL.2021135T185039.v2.0
[2617/8861] [2622] all outputs exist; skipping HLS.L30.T10TDL.2021135T185039.v2.0
[2618/8861] [2623] all outputs exist; skipping HLS.L30.T10TEL.2021135T185039.v2.0
[2619/8861] [2624] all outputs exist; skipping HLS.L30.T10TDM.2021135T185039.v2.0
[2620/8861] [2625] all outputs exist; skipping HLS.L30.T10TCK.2021135T185103.v2.0
[2621/8861] [2626] all outputs exist; skipping HLS.L30.T10TEK.2021135T185103.v2.0
[2622/8861] [2627] all outputs exist; skipping HLS.L30.T10TFK.2021135T185103.v2.0
[2623/8861] [2628] all outputs exist; skipping HLS.L30.T10SEJ.2021135T185103.v2.0
[2624/8861] [2629] all outputs exist; skipping HLS.L30.T10TDK.2021135T185103.v2.0
[2625/8861] [2630] all outputs exist; skipping HLS.L30.T10SDJ.2021135T185103.v2.0
[2626/8861] [2631] all outputs exist; skipping HLS.L30.T10SEH.2021135T185127.v2.0
[2627/8861] [2632] all outputs exist; skipping HLS.L30.T10SDH.2021135T185127.v2.0
[2628/8861] [2633] all outputs exist; skipping HLS.L30.T10SEG.2021135T185150.v2.0
[2629/8861] [2635] all outputs exist; skipping HLS.L30.T10SEF.2021135T185150.v2.0
[2630/8861] [2636] all outputs exist; skipping HLS.S30.T10TDM.2021135T190911.v2.0
[2631/8861] [2637] all outputs exist; skipping HLS.S30.T10TCM.2021135T190911.v2.0
[2632/8861] [2638] all outputs exist; skipping HLS.S30.T10TDL.2021135T190911.v2.0
[2633/8861] [2639] all outputs exist; skipping HLS.S30.T10TCL.2021135T190911.v2.0
[2634/8861] [2640] all outputs exist; skipping HLS.S30.T10TDK.2021135T190911.v2.0
[2635/8861] [2641] all outputs exist; skipping HLS.S30.T10TCK.2021135T190911.v2.0
[2636/8861] [2595] HLS.S30.T12STF.2021135T181919.v2.0: SKIP NoDataInBounds (field does not intersect FMASK)
[2637/8861] [2596] HLS.S30.T11SQA.2021135T181919.v2.0: SKIP NoDataInBounds (field does not intersect FMASK)
[2638/8861] [2597] HLS.S30.T11SPA.2021135T181919.v2.0: SKIP NoDataInBounds (field does not intersect FMASK)
[2639/8861] [2645] all outputs exist; skipping HLS.S30.T10TGM.2021136T183921.v2.0
[2640/8861] [2646] all outputs exist; skipping HLS.S30.T11TKG.2021136T183921.v2.0
[2641/8861] [2611] HLS.S30.T12STB.2021135T181919.v2.0: SKIP NoDataInBounds (field does not intersect FMASK)
[2642/8861] [2599] HLS.S30.T12STE.2021135T181919.v2.0: SKIP NoDataInBounds (field does not intersect FMASK)
[2643/8861] [2617] HLS.S30.T11SNR.2021135T181919.v2.0: SKIP NoDataInBounds (field does not intersect FMASK)
[2644/8861] [2650] all outputs exist; skipping HLS.S30.T11TKF.2021136T183921.v2.0
[2645/8861] [2651] all outputs exist; skipping HLS.S30.T10TGL.2021136T183921.v2.0
[2646/8861] [2634] HLS.L30.T10SDG.2021135T185150.v2.0: SKIP NoDataInBounds (field does not intersect FMASK)
[2647/8861] [2642] HLS.S30.T11TNG.2021136T183921.v2.0: SKIP NoDataInBounds (field does not intersect FMASK)
[2648/8861] [2643] HLS.S30.T11TMG.2021136T183921.v2.0: SKIP NoDataInBounds (field does not intersect FMASK)
[2649/8861] [2655] all outputs exist; skipping HLS.S30.T11TKE.2021136T183921.v2.0
[2650/8861] [2656] all outputs exist; skipping HLS.S30.T10TGK.2021136T183921.v2.0
[2651/8861] [2647] HLS.S30.T11TNF.2021136T183921.v2.0: SKIP NoDataInBounds (field does not intersect FMASK)
[2652/8861] [2644] HLS.S30.T11TLG.2021136T183921.v2.0: SKIP NoDataInBounds (field does not intersect FMASK)
[2653/8861] [2659] all outputs exist; skipping HLS.S30.T11SKD.2021136T183921.v2.0
[2654/8861] [2660] all outputs exist; skipping HLS.S30.T10SGJ.2021136T183921.v2.0
[2655/8861] [2649] HLS.S30.T11TLF.2021136T183921.v2.0: SKIP NoDataInBounds (field does not intersect FMASK)
[2656/8861] [2662] all outputs exist; skipping HLS.S30.T10SFJ.2021136T183921.v2.0
[2657/8861] [2663] all outputs exist; skipping HLS.S30.T11SLC.2021136T183921.v2.0
[2658/8861] [2664] all outputs exist; skipping HLS.S30.T11SKC.2021136T183921.v2.0
[2659/8861] [2665] all outputs exist; skipping HLS.S30.T10SGH.2021136T183921.v2.0
[2660/8861] [2666] all outputs exist; skipping HLS.S30.T10SFH.2021136T183921.v2.0
[2661/8861] [2667] all outputs exist; skipping HLS.S30.T11SMB.2021136T183921.v2.0
[2662/8861] [2668] all outputs exist; skipping HLS.S30.T11SLB.2021136T183921.v2.0
[2663/8861] [2669] all outputs exist; skipping HLS.S30.T11SKB.2021136T183921.v2.0
[2664/8861] [2670] all outputs exist; skipping HLS.S30.T10SGG.2021136T183921.v2.0
[2665/8861] [2671] all outputs exist; skipping HLS.S30.T11SMA.2021136T183921.v2.0
[2666/8861] [2672] all outputs exist; skipping HLS.S30.T10SFG.2021136T183921.v2.0
[2667/8861] [2673] all outputs exist; skipping HLS.S30.T11SLA.2021136T183921.v2.0
[2668/8861] [2674] all outputs exist; skipping HLS.S30.T11SKA.2021136T183921.v2.0
[2669/8861] [2675] all outputs exist; skipping HLS.S30.T10SGF.2021136T183921.v2.0
[2670/8861] [2676] all outputs exist; skipping HLS.S30.T10SFF.2021136T183921.v2.0
[2671/8861] [2677] all outputs exist; skipping HLS.S30.T11SLV.2021136T183921.v2.0
[2672/8861] [2678] all outputs exist; skipping HLS.S30.T11SKV.2021136T183921.v2.0
[2673/8861] [2679] all outputs exist; skipping HLS.S30.T10SGE.2021136T183921.v2.0
[2674/8861] [2680] all outputs exist; skipping HLS.S30.T10SFE.2021136T183921.v2.0
[2675/8861] [2681] all outputs exist; skipping HLS.S30.T11SLU.2021136T183921.v2.0
[2676/8861] [2682] all outputs exist; skipping HLS.S30.T11SKU.2021136T183921.v2.0
[2677/8861] [2683] all outputs exist; skipping HLS.S30.T10SGD.2021136T183921.v2.0
[2678/8861] [2684] all outputs exist; skipping HLS.S30.T10SFD.2021136T183921.v2.0
[2679/8861] [2685] all outputs exist; skipping HLS.S30.T11SLT.2021136T183921.v2.0
[2680/8861] [2686] all outputs exist; skipping HLS.S30.T11SKT.2021136T183921.v2.0
[2681/8861] [2648] HLS.S30.T11TMF.2021136T183921.v2.0: SKIP NoDataInBounds (field does not intersect FMASK)
[2682/8861] [2652] HLS.S30.T11TME.2021136T183921.v2.0: SKIP NoDataInBounds (field does not intersect FMASK)
[2683/8861] [2653] HLS.S30.T11TLE.2021136T183921.v2.0: SKIP NoDataInBounds (field does not intersect FMASK)
[2684/8861] [2654] HLS.S30.T11SND.2021136T183921.v2.0: SKIP NoDataInBounds (field does not intersect FMASK)
[2685/8861] [2691] all outputs exist; skipping HLS.S30.T11SQV.2021137T180921.v2.0
[2686/8861] [2692] all outputs exist; skipping HLS.S30.T12STD.2021137T180921.v2.0
[2687/8861] [2693] all outputs exist; skipping HLS.S30.T11SQU.2021137T180921.v2.0
[2688/8861] [2694] all outputs exist; skipping HLS.S30.T12STC.2021137T180921.v2.0
[2689/8861] [2695] all outputs exist; skipping HLS.S30.T11SQT.2021137T180921.v2.0
[2690/8861] [2657] HLS.S30.T11SMD.2021136T183921.v2.0: SKIP NoDataInBounds (field does not intersect FMASK)
[2691/8861] [2697] all outputs exist; skipping HLS.S30.T11SQS.2021137T180921.v2.0
[2692/8861] [2698] all outputs exist; skipping HLS.S30.T11SPS.2021137T180921.v2.0
[2693/8861] [2658] HLS.S30.T11SLD.2021136T183921.v2.0: SKIP NoDataInBounds (field does not intersect FMASK)
[2694/8861] [2661] HLS.S30.T11SMC.2021136T183921.v2.0: SKIP NoDataInBounds (field does not intersect FMASK)
[2695/8861] [2687] HLS.S30.T10SGC.2021136T183921.v2.0: SKIP NoDataInBounds (field does not intersect FMASK)
[2696/8861] [2702] all outputs exist; skipping HLS.L30.T10TFL.2021137T183818.v2.0
[2697/8861] [2703] all outputs exist; skipping HLS.L30.T10TGL.2021137T183818.v2.0
[2698/8861] [2704] all outputs exist; skipping HLS.L30.T10TGM.2021137T183818.v2.0
[2699/8861] [2705] all outputs exist; skipping HLS.L30.T11TKG.2021137T183818.v2.0
[2700/8861] [2706] all outputs exist; skipping HLS.L30.T11TKF.2021137T183818.v2.0
[2701/8861] [2688] HLS.S30.T11SLS.2021136T183921.v2.0: SKIP NoDataInBounds (field does not intersect FMASK)
[2702/8861] [2708] all outputs exist; skipping HLS.L30.T11SKD.2021137T183842.v2.0
[2703/8861] [2709] all outputs exist; skipping HLS.L30.T10TFK.2021137T183842.v2.0
[2704/8861] [2710] all outputs exist; skipping HLS.L30.T10SGJ.2021137T183842.v2.0
[2705/8861] [2711] all outputs exist; skipping HLS.L30.T11TKE.2021137T183842.v2.0
[2706/8861] [2712] all outputs exist; skipping HLS.L30.T10TGK.2021137T183842.v2.0
[2707/8861] [2690] HLS.S30.T12STE.2021137T180921.v2.0: SKIP NoDataInBounds (field does not intersect FMASK)
[2708/8861] [2696] HLS.S30.T12STB.2021137T180921.v2.0: SKIP NoDataInBounds (field does not intersect FMASK)
[2709/8861] [2714] all outputs exist; skipping HLS.L30.T10SFJ.2021137T183842.v2.0
[2710/8861] [2715] all outputs exist; skipping HLS.L30.T10SGH.2021137T183906.v2.0
[2711/8861] [2716] all outputs exist; skipping HLS.L30.T10SFH.2021137T183906.v2.0
[2712/8861] [2717] all outputs exist; skipping HLS.L30.T11SLC.2021137T183906.v2.0
[2713/8861] [2719] all outputs exist; skipping HLS.L30.T11SKB.2021137T183930.v2.0
[2714/8861] [2718] all outputs exist; skipping HLS.L30.T11SKC.2021137T183906.v2.0
[2715/8861] [2720] all outputs exist; skipping HLS.L30.T10SFG.2021137T183930.v2.0
[2716/8861] [2721] all outputs exist; skipping HLS.L30.T10SEG.2021137T183930.v2.0
[2717/8861] [2722] all outputs exist; skipping HLS.L30.T10SEF.2021137T183930.v2.0
[2718/8861] [2723] all outputs exist; skipping HLS.L30.T11SKA.2021137T183930.v2.0
[2719/8861] [2724] all outputs exist; skipping HLS.L30.T10SFF.2021137T183930.v2.0
[2720/8861] [2725] all outputs exist; skipping HLS.L30.T10SGG.2021137T183930.v2.0
[2721/8861] [2726] all outputs exist; skipping HLS.L30.T10SGF.2021137T183930.v2.0
[2722/8861] [2727] all outputs exist; skipping HLS.L30.T11SKV.2021137T183954.v2.0
[2723/8861] [2689] HLS.S30.T11SKS.2021136T183921.v2.0: SKIP NoDataInBounds (field does not intersect FMASK)
[2724/8861] [2728] all outputs exist; skipping HLS.L30.T10SGE.2021137T183954.v2.0
[2725/8861] [2729] all outputs exist; skipping HLS.L30.T11SKU.2021137T183954.v2.0
[2726/8861] [2731] all outputs exist; skipping HLS.L30.T10SFE.2021137T183954.v2.0
[2727/8861] [2732] all outputs exist; skipping HLS.L30.T10SFD.2021137T184018.v2.0
[2728/8861] [2730] all outputs exist; skipping HLS.L30.T10SGD.2021137T183954.v2.0
[2729/8861] [2734] all outputs exist; skipping HLS.S30.T10TFM.2021137T185919.v2.0
[2730/8861] [2735] all outputs exist; skipping HLS.S30.T10TEM.2021137T185919.v2.0
[2731/8861] [2736] all outputs exist; skipping HLS.S30.T10TDM.2021137T185919.v2.0
[2732/8861] [2737] all outputs exist; skipping HLS.S30.T10TCM.2021137T185919.v2.0
[2733/8861] [2738] all outputs exist; skipping HLS.S30.T10TFL.2021137T185919.v2.0
[2734/8861] [2740] all outputs exist; skipping HLS.S30.T10TDL.2021137T185919.v2.0
[2735/8861] [2739] all outputs exist; skipping HLS.S30.T10TEL.2021137T185919.v2.0
[2736/8861] [2741] all outputs exist; skipping HLS.S30.T10TFK.2021137T185919.v2.0
[2737/8861] [2742] all outputs exist; skipping HLS.S30.T10TCL.2021137T185919.v2.0
[2738/8861] [2743] all outputs exist; skipping HLS.S30.T10TEK.2021137T185919.v2.0
[2739/8861] [2744] all outputs exist; skipping HLS.S30.T10TDK.2021137T185919.v2.0
[2740/8861] [2745] all outputs exist; skipping HLS.S30.T10TCK.2021137T185919.v2.0
[2741/8861] [2746] all outputs exist; skipping HLS.S30.T10SEJ.2021137T185919.v2.0
[2742/8861] [2747] all outputs exist; skipping HLS.S30.T10SDJ.2021137T185919.v2.0
[2743/8861] [2748] all outputs exist; skipping HLS.S30.T10SEH.2021137T185919.v2.0
[2744/8861] [2749] all outputs exist; skipping HLS.S30.T10SDH.2021137T185919.v2.0
[2745/8861] [2750] all outputs exist; skipping HLS.S30.T10SEG.2021137T185919.v2.0
[2746/8861] [2752] all outputs exist; skipping HLS.S30.T10SEF.2021137T185919.v2.0
[2747/8861] [2699] HLS.L30.T11TMG.2021137T183755.v2.0: SKIP NoDataInBounds (field does not intersect FMASK)
[2748/8861] [2700] HLS.L30.T11TLG.2021137T183755.v2.0: SKIP NoDataInBounds (field does not intersect FMASK)
[2749/8861] [2701] HLS.L30.T11TLF.2021137T183818.v2.0: SKIP NoDataInBounds (field does not intersect FMASK)
[2750/8861] [2707] HLS.L30.T11TLE.2021137T183842.v2.0: SKIP NoDataInBounds (field does not intersect FMASK)
[2751/8861] [2713] HLS.L30.T11SLD.2021137T183842.v2.0: SKIP NoDataInBounds (field does not intersect FMASK)
[2752/8861] [2751] HLS.S30.T10SDG.2021137T185919.v2.0: SKIP NoDataInBounds (field does not intersect FMASK)
[2753/8861] [2753] HLS.S30.T11TQG.2021138T182919.v2.0: SKIP NoDataInBounds (field does not intersect FMASK)
[2754/8861] [2733] HLS.L30.T10SGC.2021137T184018.v2.0: SKIP NoDataInBounds (field does not intersect FMASK)
[2755/8861] [2754] HLS.S30.T12TTM.2021138T182919.v2.0: SKIP NoDataInBounds (field does not intersect FMASK)
[2756/8861] [2755] HLS.S30.T11TPG.2021138T182919.v2.0: SKIP NoDataInBounds (field does not intersect FMASK)
[2757/8861] [2756] HLS.S30.T11TNG.2021138T182919.v2.0: SKIP NoDataInBounds (field does not intersect FMASK)
[2758/8861] [2758] HLS.S30.T12TTL.2021138T182919.v2.0: SKIP NoDataInBounds (field does not intersect FMASK)
[2759/8861] [2757] HLS.S30.T11TMG.2021138T182919.v2.0: SKIP NoDataInBounds (field does not intersect FMASK)
[2760/8861] [2759] HLS.S30.T11TQF.2021138T182919.v2.0: SKIP NoDataInBounds (field does not intersect FMASK)
[2761/8861] [2761] HLS.S30.T11TNF.2021138T182919.v2.0: SKIP NoDataInBounds (field does not intersect FMASK)
[2762/8861] [2760] HLS.S30.T11TPF.2021138T182919.v2.0: SKIP NoDataInBounds (field does not intersect FMASK)
[2763/8861] [2762] HLS.S30.T11TMF.2021138T182919.v2.0: SKIP NoDataInBounds (field does not intersect FMASK)
[2764/8861] [2764] HLS.S30.T11TQE.2021138T182919.v2.0: SKIP NoDataInBounds (field does not intersect FMASK)
[2765/8861] [2763] HLS.S30.T12TTK.2021138T182919.v2.0: SKIP NoDataInBounds (field does not intersect FMASK)
[2766/8861] [2766] HLS.S30.T11TNE.2021138T182919.v2.0: SKIP NoDataInBounds (field does not intersect FMASK)
[2767/8861] [2765] HLS.S30.T11TPE.2021138T182919.v2.0: SKIP NoDataInBounds (field does not intersect FMASK)
[2768/8861] [2768] HLS.S30.T11TME.2021138T182919.v2.0: SKIP NoDataInBounds (field does not intersect FMASK)
[2769/8861] [2769] HLS.S30.T11SQD.2021138T182919.v2.0: SKIP NoDataInBounds (field does not intersect FMASK)
[2770/8861] [2767] HLS.S30.T12STJ.2021138T182919.v2.0: SKIP NoDataInBounds (field does not intersect FMASK)
[2771/8861] [2777] all outputs exist; skipping HLS.S30.T11SLC.2021138T182919.v2.0
[2772/8861] [2770] HLS.S30.T11SPD.2021138T182919.v2.0: SKIP NoDataInBounds (field does not intersect FMASK)
[2773/8861] [2771] HLS.S30.T11SND.2021138T182919.v2.0: SKIP NoDataInBounds (field does not intersect FMASK)
[2774/8861] [2780] all outputs exist; skipping HLS.S30.T11SMB.2021138T182919.v2.0
[2775/8861] [2781] all outputs exist; skipping HLS.S30.T11SLB.2021138T182919.v2.0
[2776/8861] [2772] HLS.S30.T11SMD.2021138T182919.v2.0: SKIP NoDataInBounds (field does not intersect FMASK)
[2777/8861] [2783] all outputs exist; skipping HLS.S30.T11SNA.2021138T182919.v2.0
[2778/8861] [2784] all outputs exist; skipping HLS.S30.T11SMA.2021138T182919.v2.0
[2779/8861] [2785] all outputs exist; skipping HLS.S30.T11SLA.2021138T182919.v2.0
[2780/8861] [2786] all outputs exist; skipping HLS.S30.T11SPV.2021138T182919.v2.0
[2781/8861] [2787] all outputs exist; skipping HLS.S30.T11SNV.2021138T182919.v2.0
[2782/8861] [2788] all outputs exist; skipping HLS.S30.T11SPU.2021138T182919.v2.0
[2783/8861] [2789] all outputs exist; skipping HLS.S30.T11SMV.2021138T182919.v2.0
[2784/8861] [2790] all outputs exist; skipping HLS.S30.T11SLV.2021138T182919.v2.0
[2785/8861] [2791] all outputs exist; skipping HLS.S30.T11SNU.2021138T182919.v2.0
[2786/8861] [2792] all outputs exist; skipping HLS.S30.T11SKV.2021138T182919.v2.0
[2787/8861] [2793] all outputs exist; skipping HLS.S30.T11SMU.2021138T182919.v2.0
[2788/8861] [2794] all outputs exist; skipping HLS.S30.T11SLU.2021138T182919.v2.0
[2789/8861] [2795] all outputs exist; skipping HLS.S30.T11SKU.2021138T182919.v2.0
[2790/8861] [2796] all outputs exist; skipping HLS.S30.T11SNT.2021138T182919.v2.0
[2791/8861] [2797] all outputs exist; skipping HLS.S30.T11SMT.2021138T182919.v2.0
[2792/8861] [2798] all outputs exist; skipping HLS.S30.T11SLT.2021138T182919.v2.0
[2793/8861] [2799] all outputs exist; skipping HLS.S30.T11SKT.2021138T182919.v2.0
[2794/8861] [2800] all outputs exist; skipping HLS.S30.T11SNS.2021138T182919.v2.0
[2795/8861] [2801] all outputs exist; skipping HLS.S30.T11SMS.2021138T182919.v2.0
[2796/8861] [2773] HLS.S30.T11SPC.2021138T182919.v2.0: SKIP NoDataInBounds (field does not intersect FMASK)
[2797/8861] [2774] HLS.S30.T11SLD.2021138T182919.v2.0: SKIP NoDataInBounds (field does not intersect FMASK)
[2798/8861] [2776] HLS.S30.T11SMC.2021138T182919.v2.0: SKIP NoDataInBounds (field does not intersect FMASK)
[2799/8861] [2805] all outputs exist; skipping HLS.S30.T11SMR.2021138T182919.v2.0
[2800/8861] [2775] HLS.S30.T11SNC.2021138T182919.v2.0: SKIP NoDataInBounds (field does not intersect FMASK)
[2801/8861] [2779] HLS.S30.T11SNB.2021138T182919.v2.0: SKIP NoDataInBounds (field does not intersect FMASK)
[2802/8861] [2778] HLS.S30.T11SPB.2021138T182919.v2.0: SKIP NoDataInBounds (field does not intersect FMASK)
[2803/8861] [2782] HLS.S30.T11SPA.2021138T182919.v2.0: SKIP NoDataInBounds (field does not intersect FMASK)
[2804/8861] [2802] HLS.S30.T11SLS.2021138T182919.v2.0: SKIP NoDataInBounds (field does not intersect FMASK)
[2805/8861] [2803] HLS.S30.T11SKS.2021138T182919.v2.0: SKIP NoDataInBounds (field does not intersect FMASK)
[2806/8861] [2804] HLS.S30.T11SNR.2021138T182919.v2.0: SKIP NoDataInBounds (field does not intersect FMASK)
[2807/8861] [2806] HLS.L30.T11TPG.2021139T182534.v2.0: SKIP NoDataInBounds (field does not intersect FMASK)
[2808/8861] [2807] HLS.L30.T11TNG.2021139T182534.v2.0: SKIP NoDataInBounds (field does not intersect FMASK)
[2809/8861] [2809] HLS.L30.T11TPF.2021139T182558.v2.0: SKIP NoDataInBounds (field does not intersect FMASK)
[2810/8861] [2808] HLS.L30.T11TMG.2021139T182558.v2.0: SKIP NoDataInBounds (field does not intersect FMASK)
[2811/8861] [2810] HLS.L30.T11TNF.2021139T182558.v2.0: SKIP NoDataInBounds (field does not intersect FMASK)
[2812/8861] [2811] HLS.L30.T11TMF.2021139T182558.v2.0: SKIP NoDataInBounds (field does not intersect FMASK)
[2813/8861] [2814] HLS.L30.T11TME.2021139T182622.v2.0: SKIP NoDataInBounds (field does not intersect FMASK)
[2814/8861] [2820] all outputs exist; skipping HLS.L30.T11SLC.2021139T182646.v2.0
[2815/8861] [2813] HLS.L30.T11TNE.2021139T182622.v2.0: SKIP NoDataInBounds (field does not intersect FMASK)
[2816/8861] [2822] all outputs exist; skipping HLS.L30.T11SMB.2021139T182710.v2.0
[2817/8861] [2812] HLS.L30.T11TPE.2021139T182622.v2.0: SKIP NoDataInBounds (field does not intersect FMASK)
[2818/8861] [2824] all outputs exist; skipping HLS.L30.T11SLB.2021139T182710.v2.0
[2819/8861] [2825] all outputs exist; skipping HLS.L30.T11SNA.2021139T182710.v2.0
[2820/8861] [2826] all outputs exist; skipping HLS.L30.T11SMA.2021139T182710.v2.0
[2821/8861] [2827] all outputs exist; skipping HLS.L30.T11SLA.2021139T182710.v2.0
[2822/8861] [2828] all outputs exist; skipping HLS.L30.T11SLV.2021139T182734.v2.0
[2823/8861] [2829] all outputs exist; skipping HLS.L30.T11SNV.2021139T182734.v2.0
[2824/8861] [2830] all outputs exist; skipping HLS.L30.T11SMU.2021139T182734.v2.0
[2825/8861] [2831] all outputs exist; skipping HLS.L30.T11SKV.2021139T182734.v2.0
[2826/8861] [2832] all outputs exist; skipping HLS.L30.T11SMV.2021139T182734.v2.0
[2827/8861] [2833] all outputs exist; skipping HLS.L30.T11SLU.2021139T182758.v2.0
[2828/8861] [2834] all outputs exist; skipping HLS.L30.T11SMT.2021139T182758.v2.0
[2829/8861] [2835] all outputs exist; skipping HLS.L30.T11SKU.2021139T182758.v2.0
[2830/8861] [2836] all outputs exist; skipping HLS.L30.T11SKT.2021139T182758.v2.0
[2831/8861] [2837] all outputs exist; skipping HLS.L30.T11SLT.2021139T182758.v2.0
[2832/8861] [2838] all outputs exist; skipping HLS.L30.T11SMS.2021139T182821.v2.0
[2833/8861] [2815] HLS.L30.T11SMD.2021139T182622.v2.0: SKIP NoDataInBounds (field does not intersect FMASK)
[2834/8861] [2816] HLS.L30.T11SND.2021139T182622.v2.0: SKIP NoDataInBounds (field does not intersect FMASK)
[2835/8861] [2817] HLS.L30.T11SPD.2021139T182622.v2.0: SKIP NoDataInBounds (field does not intersect FMASK)
[2836/8861] [2842] all outputs exist; skipping HLS.L30.T11SMR.2021139T182821.v2.0
[2837/8861] [2818] HLS.L30.T11SNC.2021139T182646.v2.0: SKIP NoDataInBounds (field does not intersect FMASK)
[2838/8861] [2844] all outputs exist; skipping HLS.S30.T10TGM.2021139T184921.v2.0
[2839/8861] [2845] all outputs exist; skipping HLS.S30.T11TKG.2021139T184921.v2.0
[2840/8861] [2846] all outputs exist; skipping HLS.S30.T10TFM.2021139T184921.v2.0
[2841/8861] [2847] all outputs exist; skipping HLS.S30.T10TEM.2021139T184921.v2.0
[2842/8861] [2819] HLS.L30.T11SMC.2021139T182646.v2.0: SKIP NoDataInBounds (field does not intersect FMASK)
[2843/8861] [2849] all outputs exist; skipping HLS.S30.T11TKF.2021139T184921.v2.0
[2844/8861] [2850] all outputs exist; skipping HLS.S30.T10TGL.2021139T184921.v2.0
[2845/8861] [2851] all outputs exist; skipping HLS.S30.T10TFL.2021139T184921.v2.0
[2846/8861] [2821] HLS.L30.T11SLD.2021139T182646.v2.0: SKIP NoDataInBounds (field does not intersect FMASK)
[2847/8861] [2853] all outputs exist; skipping HLS.S30.T10TEL.2021139T184921.v2.0
[2848/8861] [2854] all outputs exist; skipping HLS.S30.T11TKE.2021139T184921.v2.0
[2849/8861] [2855] all outputs exist; skipping HLS.S30.T10TGK.2021139T184921.v2.0
[2850/8861] [2856] all outputs exist; skipping HLS.S30.T10TFK.2021139T184921.v2.0
[2851/8861] [2857] all outputs exist; skipping HLS.S30.T10TEK.2021139T184921.v2.0
[2852/8861] [2858] all outputs exist; skipping HLS.S30.T11SKD.2021139T184921.v2.0
[2853/8861] [2859] all outputs exist; skipping HLS.S30.T10SGJ.2021139T184921.v2.0
[2854/8861] [2860] all outputs exist; skipping HLS.S30.T10SFJ.2021139T184921.v2.0
[2855/8861] [2861] all outputs exist; skipping HLS.S30.T10SEJ.2021139T184921.v2.0
[2856/8861] [2862] all outputs exist; skipping HLS.S30.T10SDJ.2021139T184921.v2.0
[2857/8861] [2863] all outputs exist; skipping HLS.S30.T11SKC.2021139T184921.v2.0
[2858/8861] [2864] all outputs exist; skipping HLS.S30.T10SGH.2021139T184921.v2.0
[2859/8861] [2865] all outputs exist; skipping HLS.S30.T10SFH.2021139T184921.v2.0
[2860/8861] [2866] all outputs exist; skipping HLS.S30.T10SEH.2021139T184921.v2.0
[2861/8861] [2867] all outputs exist; skipping HLS.S30.T10SDH.2021139T184921.v2.0
[2862/8861] [2868] all outputs exist; skipping HLS.S30.T11SKB.2021139T184921.v2.0
[2863/8861] [2869] all outputs exist; skipping HLS.S30.T10SGG.2021139T184921.v2.0
[2864/8861] [2870] all outputs exist; skipping HLS.S30.T10SFG.2021139T184921.v2.0
[2865/8861] [2871] all outputs exist; skipping HLS.S30.T11SKA.2021139T184921.v2.0
[2866/8861] [2872] all outputs exist; skipping HLS.S30.T10SEG.2021139T184921.v2.0
[2867/8861] [2823] HLS.L30.T11SNB.2021139T182710.v2.0: SKIP NoDataInBounds (field does not intersect FMASK)
[2868/8861] [2874] all outputs exist; skipping HLS.S30.T10SGF.2021139T184921.v2.0
[2869/8861] [2875] all outputs exist; skipping HLS.S30.T10SFF.2021139T184921.v2.0
[2870/8861] [2876] all outputs exist; skipping HLS.S30.T10SEF.2021139T184921.v2.0
[2871/8861] [2877] all outputs exist; skipping HLS.S30.T10SGE.2021139T184921.v2.0
[2872/8861] [2878] all outputs exist; skipping HLS.S30.T10SFE.2021139T184921.v2.0
[2873/8861] [2879] all outputs exist; skipping HLS.S30.T10SFD.2021139T184921.v2.0
[2874/8861] [2839] HLS.L30.T10SGC.2021139T182821.v2.0: SKIP NoDataInBounds (field does not intersect FMASK)
[2875/8861] [2840] HLS.L30.T11SLS.2021139T182821.v2.0: SKIP NoDataInBounds (field does not intersect FMASK)
[2876/8861] [2841] HLS.L30.T11SKS.2021139T182821.v2.0: SKIP NoDataInBounds (field does not intersect FMASK)
[2877/8861] [2843] HLS.S30.T11TLG.2021139T184921.v2.0: SKIP NoDataInBounds (field does not intersect FMASK)
[2878/8861] [2848] HLS.S30.T11TLF.2021139T184921.v2.0: SKIP NoDataInBounds (field does not intersect FMASK)
[2879/8861] [2852] HLS.S30.T11TLE.2021139T184921.v2.0: SKIP NoDataInBounds (field does not intersect FMASK)
[2880/8861] [2880] HLS.S30.T11TQG.2021140T181921.v2.0: SKIP NoDataInBounds (field does not intersect FMASK)
[2881/8861] [2873] HLS.S30.T10SDG.2021139T184921.v2.0: SKIP NoDataInBounds (field does not intersect FMASK)
[2882/8861] [2881] HLS.S30.T12TTM.2021140T181921.v2.0: SKIP NoDataInBounds (field does not intersect FMASK)
[2883/8861] [2883] HLS.S30.T12TTL.2021140T181921.v2.0: SKIP NoDataInBounds (field does not intersect FMASK)
[2884/8861] [2882] HLS.S30.T11TPG.2021140T181921.v2.0: SKIP NoDataInBounds (field does not intersect FMASK)
[2885/8861] [2884] HLS.S30.T11TQF.2021140T181921.v2.0: SKIP NoDataInBounds (field does not intersect FMASK)
[2886/8861] [2885] HLS.S30.T11TPF.2021140T181921.v2.0: SKIP NoDataInBounds (field does not intersect FMASK)
[2887/8861] [2886] HLS.S30.T12TTK.2021140T181921.v2.0: SKIP NoDataInBounds (field does not intersect FMASK)
[2888/8861] [2887] HLS.S30.T11TQE.2021140T181921.v2.0: SKIP NoDataInBounds (field does not intersect FMASK)
[2889/8861] [2888] HLS.S30.T11TPE.2021140T181921.v2.0: SKIP NoDataInBounds (field does not intersect FMASK)
[2890/8861] [2889] HLS.S30.T12STJ.2021140T181921.v2.0: SKIP NoDataInBounds (field does not intersect FMASK)
[2891/8861] [2890] HLS.S30.T11SQD.2021140T181921.v2.0: SKIP NoDataInBounds (field does not intersect FMASK)
[2892/8861] [2891] HLS.S30.T11SPD.2021140T181921.v2.0: SKIP NoDataInBounds (field does not intersect FMASK)
[2893/8861] [2893] HLS.S30.T11SQC.2021140T181921.v2.0: SKIP NoDataInBounds (field does not intersect FMASK)
[2894/8861] [2892] HLS.S30.T12STH.2021140T181921.v2.0: SKIP NoDataInBounds (field does not intersect FMASK)
[2895/8861] [2894] HLS.S30.T11SPC.2021140T181921.v2.0: SKIP NoDataInBounds (field does not intersect FMASK)
[2896/8861] [2895] HLS.S30.T11SNC.2021140T181921.v2.0: SKIP NoDataInBounds (field does not intersect FMASK)
[2897/8861] [2903] all outputs exist; skipping HLS.S30.T11SNA.2021140T181921.v2.0
[2898/8861] [2896] HLS.S30.T12STG.2021140T181921.v2.0: SKIP NoDataInBounds (field does not intersect FMASK)
[2899/8861] [2897] HLS.S30.T11SQB.2021140T181921.v2.0: SKIP NoDataInBounds (field does not intersect FMASK)
[2900/8861] [2905] all outputs exist; skipping HLS.S30.T11SQV.2021140T181921.v2.0
[2901/8861] [2906] all outputs exist; skipping HLS.S30.T11SPV.2021140T181921.v2.0
[2902/8861] [2908] all outputs exist; skipping HLS.S30.T12STD.2021140T181921.v2.0
[2903/8861] [2907] all outputs exist; skipping HLS.S30.T11SNV.2021140T181921.v2.0
[2904/8861] [2909] all outputs exist; skipping HLS.S30.T11SQU.2021140T181921.v2.0
[2905/8861] [2910] all outputs exist; skipping HLS.S30.T11SPU.2021140T181921.v2.0
[2906/8861] [2911] all outputs exist; skipping HLS.S30.T11SNU.2021140T181921.v2.0
[2907/8861] [2912] all outputs exist; skipping HLS.S30.T12STC.2021140T181921.v2.0
[2908/8861] [2913] all outputs exist; skipping HLS.S30.T11SQT.2021140T181921.v2.0
[2909/8861] [2914] all outputs exist; skipping HLS.S30.T11SPT.2021140T181921.v2.0
[2910/8861] [2915] all outputs exist; skipping HLS.S30.T11SNT.2021140T181921.v2.0
[2911/8861] [2917] all outputs exist; skipping HLS.S30.T11SMT.2021140T181921.v2.0
[2912/8861] [2918] all outputs exist; skipping HLS.S30.T11SQS.2021140T181921.v2.0
[2913/8861] [2919] all outputs exist; skipping HLS.S30.T11SPS.2021140T181921.v2.0
[2914/8861] [2920] all outputs exist; skipping HLS.S30.T11SNS.2021140T181921.v2.0
[2915/8861] [2921] all outputs exist; skipping HLS.S30.T11SMS.2021140T181921.v2.0
[2916/8861] [2898] HLS.S30.T11SPB.2021140T181921.v2.0: SKIP NoDataInBounds (field does not intersect FMASK)
[2917/8861] [2923] all outputs exist; skipping HLS.S30.T11SMR.2021140T181921.v2.0
[2918/8861] [2924] all outputs exist; skipping HLS.S30.T10TDM.2021140T190919.v2.0
[2919/8861] [2925] all outputs exist; skipping HLS.S30.T10TCM.2021140T190919.v2.0
[2920/8861] [2926] all outputs exist; skipping HLS.S30.T10TDL.2021140T190919.v2.0
[2921/8861] [2927] all outputs exist; skipping HLS.S30.T10TCL.2021140T190919.v2.0
[2922/8861] [2928] all outputs exist; skipping HLS.S30.T10TDK.2021140T190919.v2.0
[2923/8861] [2929] all outputs exist; skipping HLS.S30.T10TCK.2021140T190919.v2.0
[2924/8861] [2899] HLS.S30.T11SNB.2021140T181921.v2.0: SKIP NoDataInBounds (field does not intersect FMASK)
[2925/8861] [2901] HLS.S30.T11SQA.2021140T181921.v2.0: SKIP NoDataInBounds (field does not intersect FMASK)
[2926/8861] [2900] HLS.S30.T12STF.2021140T181921.v2.0: SKIP NoDataInBounds (field does not intersect FMASK)
[2927/8861] [2902] HLS.S30.T11SPA.2021140T181921.v2.0: SKIP NoDataInBounds (field does not intersect FMASK)
[2928/8861] [2904] HLS.S30.T12STE.2021140T181921.v2.0: SKIP NoDataInBounds (field does not intersect FMASK)
[2929/8861] [2922] HLS.S30.T11SNR.2021140T181921.v2.0: SKIP NoDataInBounds (field does not intersect FMASK)
[2930/8861] [2916] HLS.S30.T12STB.2021140T181921.v2.0: SKIP NoDataInBounds (field does not intersect FMASK)
[2931/8861] [2930] HLS.L30.T12TTM.2021141T181338.v2.0: SKIP NoDataInBounds (field does not intersect FMASK)
[2932/8861] [2931] HLS.L30.T11TQF.2021141T181338.v2.0: SKIP NoDataInBounds (field does not intersect FMASK)
[2933/8861] [2933] HLS.L30.T11TQG.2021141T181338.v2.0: SKIP NoDataInBounds (field does not intersect FMASK)
[2934/8861] [2932] HLS.L30.T12TTL.2021141T181338.v2.0: SKIP NoDataInBounds (field does not intersect FMASK)
[2935/8861] [2934] HLS.L30.T12STJ.2021141T181402.v2.0: SKIP NoDataInBounds (field does not intersect FMASK)
[2936/8861] [2935] HLS.L30.T12TTK.2021141T181402.v2.0: SKIP NoDataInBounds (field does not intersect FMASK)
[2937/8861] [2937] HLS.L30.T11TQE.2021141T181402.v2.0: SKIP NoDataInBounds (field does not intersect FMASK)
[2938/8861] [2936] HLS.L30.T11TPF.2021141T181402.v2.0: SKIP NoDataInBounds (field does not intersect FMASK)
[2939/8861] [2938] HLS.L30.T11SQD.2021141T181402.v2.0: SKIP NoDataInBounds (field does not intersect FMASK)
[2940/8861] [2939] HLS.L30.T11TPE.2021141T181402.v2.0: SKIP NoDataInBounds (field does not intersect FMASK)
[2941/8861] [2940] HLS.L30.T11SPD.2021141T181402.v2.0: SKIP NoDataInBounds (field does not intersect FMASK)
[2942/8861] [2942] HLS.L30.T11SQC.2021141T181425.v2.0: SKIP NoDataInBounds (field does not intersect FMASK)
[2943/8861] [2943] HLS.L30.T12STH.2021141T181425.v2.0: SKIP NoDataInBounds (field does not intersect FMASK)
[2944/8861] [2950] all outputs exist; skipping HLS.L30.T11SPV.2021141T181513.v2.0
[2945/8861] [2951] all outputs exist; skipping HLS.L30.T11SQV.2021141T181513.v2.0
[2946/8861] [2945] HLS.L30.T12STG.2021141T181449.v2.0: SKIP NoDataInBounds (field does not intersect FMASK)
[2947/8861] [2953] all outputs exist; skipping HLS.L30.T11SNV.2021141T181513.v2.0
[2948/8861] [2954] all outputs exist; skipping HLS.L30.T11SQU.2021141T181513.v2.0
[2949/8861] [2955] all outputs exist; skipping HLS.L30.T12STD.2021141T181513.v2.0
[2950/8861] [2956] all outputs exist; skipping HLS.L30.T11SNA.2021141T181513.v2.0
[2951/8861] [2957] all outputs exist; skipping HLS.L30.T11SNU.2021141T181537.v2.0
[2952/8861] [2958] all outputs exist; skipping HLS.L30.T11SQT.2021141T181537.v2.0
[2953/8861] [2959] all outputs exist; skipping HLS.L30.T11SPT.2021141T181537.v2.0
[2954/8861] [2960] all outputs exist; skipping HLS.L30.T11SNT.2021141T181537.v2.0
[2955/8861] [2961] all outputs exist; skipping HLS.L30.T11SPU.2021141T181537.v2.0
[2956/8861] [2962] all outputs exist; skipping HLS.L30.T11SNS.2021141T181601.v2.0
[2957/8861] [2944] HLS.L30.T11SQB.2021141T181449.v2.0: SKIP NoDataInBounds (field does not intersect FMASK)
[2958/8861] [2964] all outputs exist; skipping HLS.L30.T11SQS.2021141T181601.v2.0
[2959/8861] [2965] all outputs exist; skipping HLS.L30.T11SPS.2021141T181601.v2.0
[2960/8861] [2946] HLS.L30.T11SPA.2021141T181449.v2.0: SKIP NoDataInBounds (field does not intersect FMASK)
[2961/8861] [2967] all outputs exist; skipping HLS.S30.T10TGM.2021141T183919.v2.0
[2962/8861] [2968] all outputs exist; skipping HLS.S30.T11TKG.2021141T183919.v2.0
[2963/8861] [2948] HLS.L30.T11SPB.2021141T181449.v2.0: SKIP NoDataInBounds (field does not intersect FMASK)
[2964/8861] [2947] HLS.L30.T12STF.2021141T181449.v2.0: SKIP NoDataInBounds (field does not intersect FMASK)
[2965/8861] [2971] all outputs exist; skipping HLS.S30.T11TKF.2021141T183919.v2.0
[2966/8861] [2972] all outputs exist; skipping HLS.S30.T10TGL.2021141T183919.v2.0
[2967/8861] [2949] HLS.L30.T11SQA.2021141T181449.v2.0: SKIP NoDataInBounds (field does not intersect FMASK)
[2968/8861] [2952] HLS.L30.T12STE.2021141T181513.v2.0: SKIP NoDataInBounds (field does not intersect FMASK)
[2969/8861] [2941] HLS.L30.T11SPC.2021141T181425.v2.0: SKIP NoDataInBounds (field does not intersect FMASK)
[2970/8861] [2976] all outputs exist; skipping HLS.S30.T11TKE.2021141T183919.v2.0
[2971/8861] [2977] all outputs exist; skipping HLS.S30.T10TGK.2021141T183919.v2.0
[2972/8861] [2966] HLS.S30.T11TNG.2021141T183919.v2.0: SKIP NoDataInBounds (field does not intersect FMASK)
[2973/8861] [2963] HLS.L30.T11SNR.2021141T181601.v2.0: SKIP NoDataInBounds (field does not intersect FMASK)
[2974/8861] [2980] all outputs exist; skipping HLS.S30.T11SKD.2021141T183919.v2.0
[2975/8861] [2981] all outputs exist; skipping HLS.S30.T10SGJ.2021141T183919.v2.0
[2976/8861] [2973] HLS.S30.T11TNE.2021141T183919.v2.0: SKIP NoDataInBounds (field does not intersect FMASK)
[2977/8861] [2983] all outputs exist; skipping HLS.S30.T10SFJ.2021141T183919.v2.0
[2978/8861] [2984] all outputs exist; skipping HLS.S30.T11SLC.2021141T183919.v2.0
[2979/8861] [2985] all outputs exist; skipping HLS.S30.T11SKC.2021141T183919.v2.0
[2980/8861] [2986] all outputs exist; skipping HLS.S30.T10SGH.2021141T183919.v2.0
[2981/8861] [2987] all outputs exist; skipping HLS.S30.T10SFH.2021141T183919.v2.0
[2982/8861] [2988] all outputs exist; skipping HLS.S30.T11SLB.2021141T183919.v2.0
[2983/8861] [2989] all outputs exist; skipping HLS.S30.T11SKB.2021141T183919.v2.0
[2984/8861] [2990] all outputs exist; skipping HLS.S30.T10SGG.2021141T183919.v2.0
[2985/8861] [2969] HLS.S30.T11TNF.2021141T183919.v2.0: SKIP NoDataInBounds (field does not intersect FMASK)
[2986/8861] [2991] all outputs exist; skipping HLS.S30.T11SMA.2021141T183919.v2.0
[2987/8861] [2993] all outputs exist; skipping HLS.S30.T11SLA.2021141T183919.v2.0
[2988/8861] [2992] all outputs exist; skipping HLS.S30.T10SFG.2021141T183919.v2.0
[2989/8861] [2994] all outputs exist; skipping HLS.S30.T11SKA.2021141T183919.v2.0
[2990/8861] [2995] all outputs exist; skipping HLS.S30.T10SGF.2021141T183919.v2.0
[2991/8861] [2996] all outputs exist; skipping HLS.S30.T10SFF.2021141T183919.v2.0
[2992/8861] [2997] all outputs exist; skipping HLS.S30.T11SLV.2021141T183919.v2.0
[2993/8861] [2998] all outputs exist; skipping HLS.S30.T11SKV.2021141T183919.v2.0
[2994/8861] [2999] all outputs exist; skipping HLS.S30.T10SGE.2021141T183919.v2.0
[2995/8861] [3000] all outputs exist; skipping HLS.S30.T10SFE.2021141T183919.v2.0
[2996/8861] [3001] all outputs exist; skipping HLS.S30.T11SLU.2021141T183919.v2.0
[2997/8861] [3002] all outputs exist; skipping HLS.S30.T11SKU.2021141T183919.v2.0
[2998/8861] [3003] all outputs exist; skipping HLS.S30.T10SGD.2021141T183919.v2.0
[2999/8861] [3004] all outputs exist; skipping HLS.S30.T10SFD.2021141T183919.v2.0
[3000/8861] [3005] all outputs exist; skipping HLS.S30.T11SLT.2021141T183919.v2.0
[3001/8861] [3006] all outputs exist; skipping HLS.S30.T11SKT.2021141T183919.v2.0
[3002/8861] [2970] HLS.S30.T11TMF.2021141T183919.v2.0: SKIP NoDataInBounds (field does not intersect FMASK)
[3003/8861] [2974] HLS.S30.T11TLE.2021141T183919.v2.0: SKIP NoDataInBounds (field does not intersect FMASK)
[3004/8861] [2975] HLS.S30.T11SND.2021141T183919.v2.0: SKIP NoDataInBounds (field does not intersect FMASK)
[3005/8861] [3011] all outputs exist; skipping HLS.S30.T11SQV.2021142T180919.v2.0
[3006/8861] [3012] all outputs exist; skipping HLS.S30.T12STD.2021142T180919.v2.0
[3007/8861] [3013] all outputs exist; skipping HLS.S30.T11SQU.2021142T180919.v2.0
[3008/8861] [3014] all outputs exist; skipping HLS.S30.T12STC.2021142T180919.v2.0
[3009/8861] [3015] all outputs exist; skipping HLS.S30.T11SQT.2021142T180919.v2.0
[3010/8861] [2978] HLS.S30.T11SMD.2021141T183919.v2.0: SKIP NoDataInBounds (field does not intersect FMASK)
[3011/8861] [3017] all outputs exist; skipping HLS.S30.T11SQS.2021142T180919.v2.0
[3012/8861] [3018] all outputs exist; skipping HLS.S30.T11SPS.2021142T180919.v2.0
[3013/8861] [3019] all outputs exist; skipping HLS.L30.T10TDM.2021142T185630.v2.0
[3014/8861] [3020] all outputs exist; skipping HLS.L30.T10TEM.2021142T185630.v2.0
[3015/8861] [3021] all outputs exist; skipping HLS.L30.T10TEL.2021142T185654.v2.0
[3016/8861] [3022] all outputs exist; skipping HLS.L30.T10TCL.2021142T185654.v2.0
[3017/8861] [3023] all outputs exist; skipping HLS.L30.T10TDL.2021142T185654.v2.0
[3018/8861] [3024] all outputs exist; skipping HLS.L30.T10TCM.2021142T185654.v2.0
[3019/8861] [3025] all outputs exist; skipping HLS.L30.T10TDK.2021142T185718.v2.0
[3020/8861] [3026] all outputs exist; skipping HLS.L30.T10SDJ.2021142T185718.v2.0
[3021/8861] [3027] all outputs exist; skipping HLS.L30.T10TCK.2021142T185718.v2.0
[3022/8861] [3028] all outputs exist; skipping HLS.L30.T10SDH.2021142T185742.v2.0
[3023/8861] [3029] all outputs exist; skipping HLS.S30.T10TEM.2021142T185921.v2.0
[3024/8861] [3030] all outputs exist; skipping HLS.S30.T10TDM.2021142T185921.v2.0
[3025/8861] [3031] all outputs exist; skipping HLS.S30.T10TCM.2021142T185921.v2.0
[3026/8861] [3032] all outputs exist; skipping HLS.S30.T10TFL.2021142T185921.v2.0
[3027/8861] [3033] all outputs exist; skipping HLS.S30.T10TEL.2021142T185921.v2.0
[3028/8861] [3034] all outputs exist; skipping HLS.S30.T10TDL.2021142T185921.v2.0
[3029/8861] [3035] all outputs exist; skipping HLS.S30.T10TFK.2021142T185921.v2.0
[3030/8861] [3036] all outputs exist; skipping HLS.S30.T10TCL.2021142T185921.v2.0
[3031/8861] [3037] all outputs exist; skipping HLS.S30.T10TEK.2021142T185921.v2.0
[3032/8861] [3038] all outputs exist; skipping HLS.S30.T10TDK.2021142T185921.v2.0
[3033/8861] [3039] all outputs exist; skipping HLS.S30.T10TCK.2021142T185921.v2.0
[3034/8861] [3040] all outputs exist; skipping HLS.S30.T10SEJ.2021142T185921.v2.0
[3035/8861] [3041] all outputs exist; skipping HLS.S30.T10SDJ.2021142T185921.v2.0
[3036/8861] [3042] all outputs exist; skipping HLS.S30.T10SEH.2021142T185921.v2.0
[3037/8861] [3043] all outputs exist; skipping HLS.S30.T10SDH.2021142T185921.v2.0
[3038/8861] [3044] all outputs exist; skipping HLS.S30.T10SEG.2021142T185921.v2.0
[3039/8861] [3045] all outputs exist; skipping HLS.S30.T10SEF.2021142T185921.v2.0
[3040/8861] [2979] HLS.S30.T11SLD.2021141T183919.v2.0: SKIP NoDataInBounds (field does not intersect FMASK)
[3041/8861] [2982] HLS.S30.T11SMC.2021141T183919.v2.0: SKIP NoDataInBounds (field does not intersect FMASK)
[3042/8861] [3008] HLS.S30.T11SLS.2021141T183919.v2.0: SKIP NoDataInBounds (field does not intersect FMASK)
[3043/8861] [3007] HLS.S30.T10SGC.2021141T183919.v2.0: SKIP NoDataInBounds (field does not intersect FMASK)
[3044/8861] [3009] HLS.S30.T11SKS.2021141T183919.v2.0: SKIP NoDataInBounds (field does not intersect FMASK)
[3045/8861] [3010] HLS.S30.T12STE.2021142T180919.v2.0: SKIP NoDataInBounds (field does not intersect FMASK)
[3046/8861] [3046] HLS.S30.T11TQG.2021143T182921.v2.0: SKIP NoDataInBounds (field does not intersect FMASK)
[3047/8861] [3048] HLS.S30.T11TPG.2021143T182921.v2.0: SKIP NoDataInBounds (field does not intersect FMASK)
[3048/8861] [3049] HLS.S30.T11TNG.2021143T182921.v2.0: SKIP NoDataInBounds (field does not intersect FMASK)
[3049/8861] [3050] HLS.S30.T11TPF.2021143T182921.v2.0: SKIP NoDataInBounds (field does not intersect FMASK)
[3050/8861] [3051] HLS.S30.T11TNF.2021143T182921.v2.0: SKIP NoDataInBounds (field does not intersect FMASK)
[3051/8861] [3047] HLS.S30.T12TTM.2021143T182921.v2.0: SKIP NoDataInBounds (field does not intersect FMASK)
[3052/8861] [3052] HLS.S30.T11TMF.2021143T182921.v2.0: SKIP NoDataInBounds (field does not intersect FMASK)
[3053/8861] [3053] HLS.S30.T12TTK.2021143T182921.v2.0: SKIP NoDataInBounds (field does not intersect FMASK)
[3054/8861] [3016] HLS.S30.T12STB.2021142T180919.v2.0: SKIP NoDataInBounds (field does not intersect FMASK)
[3055/8861] [3054] HLS.S30.T11TQE.2021143T182921.v2.0: SKIP NoDataInBounds (field does not intersect FMASK)
[3056/8861] [3055] HLS.S30.T11TPE.2021143T182921.v2.0: SKIP NoDataInBounds (field does not intersect FMASK)
[3057/8861] [3056] HLS.S30.T11TNE.2021143T182921.v2.0: SKIP NoDataInBounds (field does not intersect FMASK)
[3058/8861] [3059] HLS.S30.T11SND.2021143T182921.v2.0: SKIP NoDataInBounds (field does not intersect FMASK)
[3059/8861] [3065] all outputs exist; skipping HLS.S30.T11SLC.2021143T182921.v2.0
[3060/8861] [3057] HLS.S30.T11TME.2021143T182921.v2.0: SKIP NoDataInBounds (field does not intersect FMASK)
[3061/8861] [3058] HLS.S30.T11SQD.2021143T182921.v2.0: SKIP NoDataInBounds (field does not intersect FMASK)
[3062/8861] [3068] all outputs exist; skipping HLS.S30.T11SMB.2021143T182921.v2.0
[3063/8861] [3069] all outputs exist; skipping HLS.S30.T11SLB.2021143T182921.v2.0
[3064/8861] [3060] HLS.S30.T11SMD.2021143T182921.v2.0: SKIP NoDataInBounds (field does not intersect FMASK)
[3065/8861] [3071] all outputs exist; skipping HLS.S30.T11SNA.2021143T182921.v2.0
[3066/8861] [3072] all outputs exist; skipping HLS.S30.T11SMA.2021143T182921.v2.0
[3067/8861] [3073] all outputs exist; skipping HLS.S30.T11SLA.2021143T182921.v2.0
[3068/8861] [3074] all outputs exist; skipping HLS.S30.T11SPV.2021143T182921.v2.0
[3069/8861] [3075] all outputs exist; skipping HLS.S30.T11SNV.2021143T182921.v2.0
[3070/8861] [3076] all outputs exist; skipping HLS.S30.T11SPU.2021143T182921.v2.0
[3071/8861] [3077] all outputs exist; skipping HLS.S30.T11SMV.2021143T182921.v2.0
[3072/8861] [3078] all outputs exist; skipping HLS.S30.T11SLV.2021143T182921.v2.0
[3073/8861] [3079] all outputs exist; skipping HLS.S30.T11SNU.2021143T182921.v2.0
[3074/8861] [3080] all outputs exist; skipping HLS.S30.T11SKV.2021143T182921.v2.0
[3075/8861] [3081] all outputs exist; skipping HLS.S30.T11SMU.2021143T182921.v2.0
[3076/8861] [3082] all outputs exist; skipping HLS.S30.T11SLU.2021143T182921.v2.0
[3077/8861] [3083] all outputs exist; skipping HLS.S30.T11SKU.2021143T182921.v2.0
[3078/8861] [3084] all outputs exist; skipping HLS.S30.T11SNT.2021143T182921.v2.0
[3079/8861] [3085] all outputs exist; skipping HLS.S30.T11SMT.2021143T182921.v2.0
[3080/8861] [3086] all outputs exist; skipping HLS.S30.T11SLT.2021143T182921.v2.0
[3081/8861] [3087] all outputs exist; skipping HLS.S30.T11SKT.2021143T182921.v2.0
[3082/8861] [3088] all outputs exist; skipping HLS.S30.T11SNS.2021143T182921.v2.0
[3083/8861] [3061] HLS.S30.T11SPC.2021143T182921.v2.0: SKIP NoDataInBounds (field does not intersect FMASK)
[3084/8861] [3062] HLS.S30.T11SLD.2021143T182921.v2.0: SKIP NoDataInBounds (field does not intersect FMASK)
[3085/8861] [3063] HLS.S30.T11SNC.2021143T182921.v2.0: SKIP NoDataInBounds (field does not intersect FMASK)
[3086/8861] [3092] all outputs exist; skipping HLS.S30.T11SMR.2021143T182921.v2.0
[3087/8861] [3093] all outputs exist; skipping HLS.L30.T11TKG.2021144T184410.v2.0
[3088/8861] [3094] all outputs exist; skipping HLS.L30.T10TGM.2021144T184410.v2.0
[3089/8861] [3095] all outputs exist; skipping HLS.L30.T10TEM.2021144T184433.v2.0
[3090/8861] [3096] all outputs exist; skipping HLS.L30.T11TKF.2021144T184433.v2.0
[3091/8861] [3097] all outputs exist; skipping HLS.L30.T10TEL.2021144T184433.v2.0
[3092/8861] [3098] all outputs exist; skipping HLS.L30.T10TGL.2021144T184433.v2.0
[3093/8861] [3099] all outputs exist; skipping HLS.L30.T10TFL.2021144T184433.v2.0
[3094/8861] [3100] all outputs exist; skipping HLS.L30.T10TFM.2021144T184433.v2.0
[3095/8861] [3101] all outputs exist; skipping HLS.L30.T10TGK.2021144T184457.v2.0
[3096/8861] [3102] all outputs exist; skipping HLS.L30.T11TKE.2021144T184457.v2.0
[3097/8861] [3103] all outputs exist; skipping HLS.L30.T10TEK.2021144T184457.v2.0
[3098/8861] [3104] all outputs exist; skipping HLS.L30.T10SFJ.2021144T184457.v2.0
[3099/8861] [3105] all outputs exist; skipping HLS.L30.T11SKD.2021144T184457.v2.0
[3100/8861] [3106] all outputs exist; skipping HLS.L30.T10TFK.2021144T184457.v2.0
[3101/8861] [3107] all outputs exist; skipping HLS.L30.T10SEJ.2021144T184457.v2.0
[3102/8861] [3108] all outputs exist; skipping HLS.L30.T10SGJ.2021144T184457.v2.0
[3103/8861] [3109] all outputs exist; skipping HLS.L30.T10SDH.2021144T184521.v2.0
[3104/8861] [3110] all outputs exist; skipping HLS.L30.T10SFH.2021144T184521.v2.0
[3105/8861] [3111] all outputs exist; skipping HLS.L30.T10SEH.2021144T184521.v2.0
[3106/8861] [3112] all outputs exist; skipping HLS.L30.T10SGH.2021144T184521.v2.0
[3107/8861] [3066] HLS.S30.T11SPB.2021143T182921.v2.0: SKIP NoDataInBounds (field does not intersect FMASK)
[3108/8861] [3114] all outputs exist; skipping HLS.L30.T10SFG.2021144T184545.v2.0
[3109/8861] [3115] all outputs exist; skipping HLS.L30.T10SEF.2021144T184545.v2.0
[3110/8861] [3116] all outputs exist; skipping HLS.L30.T10SFF.2021144T184545.v2.0
[3111/8861] [3117] all outputs exist; skipping HLS.L30.T10SEG.2021144T184545.v2.0
[3112/8861] [3118] all outputs exist; skipping HLS.L30.T10SFE.2021144T184609.v2.0
[3113/8861] [3119] all outputs exist; skipping HLS.L30.T10SFD.2021144T184609.v2.0
[3114/8861] [3064] HLS.S30.T11SMC.2021143T182921.v2.0: SKIP NoDataInBounds (field does not intersect FMASK)
[3115/8861] [3121] all outputs exist; skipping HLS.S30.T10TGM.2021144T184919.v2.0
[3116/8861] [3122] all outputs exist; skipping HLS.S30.T11TKG.2021144T184919.v2.0
[3117/8861] [3123] all outputs exist; skipping HLS.S30.T10TFM.2021144T184919.v2.0
[3118/8861] [3124] all outputs exist; skipping HLS.S30.T10TEM.2021144T184919.v2.0
[3119/8861] [3070] HLS.S30.T11SPA.2021143T182921.v2.0: SKIP NoDataInBounds (field does not intersect FMASK)
[3120/8861] [3126] all outputs exist; skipping HLS.S30.T11TKF.2021144T184919.v2.0
[3121/8861] [3127] all outputs exist; skipping HLS.S30.T10TGL.2021144T184919.v2.0
[3122/8861] [3128] all outputs exist; skipping HLS.S30.T10TFL.2021144T184919.v2.0
[3123/8861] [3067] HLS.S30.T11SNB.2021143T182921.v2.0: SKIP NoDataInBounds (field does not intersect FMASK)
[3124/8861] [3130] all outputs exist; skipping HLS.S30.T10TEL.2021144T184919.v2.0
[3125/8861] [3131] all outputs exist; skipping HLS.S30.T11TKE.2021144T184919.v2.0
[3126/8861] [3132] all outputs exist; skipping HLS.S30.T10TGK.2021144T184919.v2.0
[3127/8861] [3133] all outputs exist; skipping HLS.S30.T10TFK.2021144T184919.v2.0
[3128/8861] [3134] all outputs exist; skipping HLS.S30.T10TEK.2021144T184919.v2.0
[3129/8861] [3135] all outputs exist; skipping HLS.S30.T11SKD.2021144T184919.v2.0
[3130/8861] [3136] all outputs exist; skipping HLS.S30.T10SGJ.2021144T184919.v2.0
[3131/8861] [3137] all outputs exist; skipping HLS.S30.T10SFJ.2021144T184919.v2.0
[3132/8861] [3138] all outputs exist; skipping HLS.S30.T10SEJ.2021144T184919.v2.0
[3133/8861] [3139] all outputs exist; skipping HLS.S30.T10SDJ.2021144T184919.v2.0
[3134/8861] [3140] all outputs exist; skipping HLS.S30.T11SKC.2021144T184919.v2.0
[3135/8861] [3141] all outputs exist; skipping HLS.S30.T10SGH.2021144T184919.v2.0
[3136/8861] [3142] all outputs exist; skipping HLS.S30.T10SFH.2021144T184919.v2.0
[3137/8861] [3143] all outputs exist; skipping HLS.S30.T10SEH.2021144T184919.v2.0
[3138/8861] [3144] all outputs exist; skipping HLS.S30.T10SDH.2021144T184919.v2.0
[3139/8861] [3089] HLS.S30.T11SLS.2021143T182921.v2.0: SKIP NoDataInBounds (field does not intersect FMASK)
[3140/8861] [3145] all outputs exist; skipping HLS.S30.T11SKB.2021144T184919.v2.0
[3141/8861] [3146] all outputs exist; skipping HLS.S30.T10SGG.2021144T184919.v2.0
[3142/8861] [3147] all outputs exist; skipping HLS.S30.T10SFG.2021144T184919.v2.0
[3143/8861] [3148] all outputs exist; skipping HLS.S30.T11SKA.2021144T184919.v2.0
[3144/8861] [3149] all outputs exist; skipping HLS.S30.T10SEG.2021144T184919.v2.0
[3145/8861] [3151] all outputs exist; skipping HLS.S30.T10SGF.2021144T184919.v2.0
[3146/8861] [3152] all outputs exist; skipping HLS.S30.T10SFF.2021144T184919.v2.0
[3147/8861] [3153] all outputs exist; skipping HLS.S30.T10SEF.2021144T184919.v2.0
[3148/8861] [3154] all outputs exist; skipping HLS.S30.T10SGE.2021144T184919.v2.0
[3149/8861] [3155] all outputs exist; skipping HLS.S30.T10SFE.2021144T184919.v2.0
[3150/8861] [3156] all outputs exist; skipping HLS.S30.T10SFD.2021144T184919.v2.0
[3151/8861] [3090] HLS.S30.T11SKS.2021143T182921.v2.0: SKIP NoDataInBounds (field does not intersect FMASK)
[3152/8861] [3091] HLS.S30.T11SNR.2021143T182921.v2.0: SKIP NoDataInBounds (field does not intersect FMASK)
[3153/8861] [3113] HLS.L30.T10SDG.2021144T184545.v2.0: SKIP NoDataInBounds (field does not intersect FMASK)
[3154/8861] [3120] HLS.S30.T11TLG.2021144T184919.v2.0: SKIP NoDataInBounds (field does not intersect FMASK)
[3155/8861] [3125] HLS.S30.T11TLF.2021144T184919.v2.0: SKIP NoDataInBounds (field does not intersect FMASK)
[3156/8861] [3129] HLS.S30.T11TLE.2021144T184919.v2.0: SKIP NoDataInBounds (field does not intersect FMASK)
[3157/8861] [3157] HLS.S30.T11TQG.2021145T181919.v2.0: SKIP NoDataInBounds (field does not intersect FMASK)
[3158/8861] [3150] HLS.S30.T10SDG.2021144T184919.v2.0: SKIP NoDataInBounds (field does not intersect FMASK)
[3159/8861] [3158] HLS.S30.T12TTM.2021145T181919.v2.0: SKIP NoDataInBounds (field does not intersect FMASK)
[3160/8861] [3159] HLS.S30.T11TPG.2021145T181919.v2.0: SKIP NoDataInBounds (field does not intersect FMASK)
[3161/8861] [3160] HLS.S30.T12TTL.2021145T181919.v2.0: SKIP NoDataInBounds (field does not intersect FMASK)
[3162/8861] [3161] HLS.S30.T11TQF.2021145T181919.v2.0: SKIP NoDataInBounds (field does not intersect FMASK)
[3163/8861] [3162] HLS.S30.T11TPF.2021145T181919.v2.0: SKIP NoDataInBounds (field does not intersect FMASK)
[3164/8861] [3163] HLS.S30.T12TTK.2021145T181919.v2.0: SKIP NoDataInBounds (field does not intersect FMASK)
[3165/8861] [3165] HLS.S30.T11TPE.2021145T181919.v2.0: SKIP NoDataInBounds (field does not intersect FMASK)
[3166/8861] [3164] HLS.S30.T11TQE.2021145T181919.v2.0: SKIP NoDataInBounds (field does not intersect FMASK)
[3167/8861] [3166] HLS.S30.T12STJ.2021145T181919.v2.0: SKIP NoDataInBounds (field does not intersect FMASK)
[3168/8861] [3167] HLS.S30.T11SQD.2021145T181919.v2.0: SKIP NoDataInBounds (field does not intersect FMASK)
[3169/8861] [3168] HLS.S30.T11SPD.2021145T181919.v2.0: SKIP NoDataInBounds (field does not intersect FMASK)
[3170/8861] [3170] HLS.S30.T11SQC.2021145T181919.v2.0: SKIP NoDataInBounds (field does not intersect FMASK)
[3171/8861] [3171] HLS.S30.T11SPC.2021145T181919.v2.0: SKIP NoDataInBounds (field does not intersect FMASK)
[3172/8861] [3169] HLS.S30.T12STH.2021145T181919.v2.0: SKIP NoDataInBounds (field does not intersect FMASK)
[3173/8861] [3172] HLS.S30.T11SNC.2021145T181919.v2.0: SKIP NoDataInBounds (field does not intersect FMASK)
[3174/8861] [3180] all outputs exist; skipping HLS.S30.T11SNA.2021145T181919.v2.0
[3175/8861] [3173] HLS.S30.T12STG.2021145T181919.v2.0: SKIP NoDataInBounds (field does not intersect FMASK)
[3176/8861] [3182] all outputs exist; skipping HLS.S30.T11SQV.2021145T181919.v2.0
[3177/8861] [3183] all outputs exist; skipping HLS.S30.T11SPV.2021145T181919.v2.0
[3178/8861] [3184] all outputs exist; skipping HLS.S30.T11SNV.2021145T181919.v2.0
[3179/8861] [3185] all outputs exist; skipping HLS.S30.T12STD.2021145T181919.v2.0
[3180/8861] [3186] all outputs exist; skipping HLS.S30.T11SQU.2021145T181919.v2.0
[3181/8861] [3187] all outputs exist; skipping HLS.S30.T11SPU.2021145T181919.v2.0
[3182/8861] [3188] all outputs exist; skipping HLS.S30.T11SNU.2021145T181919.v2.0
[3183/8861] [3189] all outputs exist; skipping HLS.S30.T12STC.2021145T181919.v2.0
[3184/8861] [3190] all outputs exist; skipping HLS.S30.T11SQT.2021145T181919.v2.0
[3185/8861] [3191] all outputs exist; skipping HLS.S30.T11SPT.2021145T181919.v2.0
[3186/8861] [3192] all outputs exist; skipping HLS.S30.T11SNT.2021145T181919.v2.0
[3187/8861] [3174] HLS.S30.T11SQB.2021145T181919.v2.0: SKIP NoDataInBounds (field does not intersect FMASK)
[3188/8861] [3194] all outputs exist; skipping HLS.S30.T11SMT.2021145T181919.v2.0
[3189/8861] [3195] all outputs exist; skipping HLS.S30.T11SQS.2021145T181919.v2.0
[3190/8861] [3196] all outputs exist; skipping HLS.S30.T11SPS.2021145T181919.v2.0
[3191/8861] [3197] all outputs exist; skipping HLS.S30.T11SNS.2021145T181919.v2.0
[3192/8861] [3198] all outputs exist; skipping HLS.S30.T11SMS.2021145T181919.v2.0
[3193/8861] [3175] HLS.S30.T11SPB.2021145T181919.v2.0: SKIP NoDataInBounds (field does not intersect FMASK)
[3194/8861] [3200] all outputs exist; skipping HLS.S30.T11SMR.2021145T181919.v2.0
[3195/8861] [3201] all outputs exist; skipping HLS.S30.T10TDM.2021145T190911.v2.0
[3196/8861] [3202] all outputs exist; skipping HLS.S30.T10TCM.2021145T190911.v2.0
[3197/8861] [3203] all outputs exist; skipping HLS.S30.T10TDL.2021145T190911.v2.0
[3198/8861] [3204] all outputs exist; skipping HLS.S30.T10TCL.2021145T190911.v2.0
[3199/8861] [3205] all outputs exist; skipping HLS.S30.T10TDK.2021145T190911.v2.0
[3200/8861] [3206] all outputs exist; skipping HLS.S30.T10TCK.2021145T190911.v2.0
[3201/8861] [3176] HLS.S30.T11SNB.2021145T181919.v2.0: SKIP NoDataInBounds (field does not intersect FMASK)
[3202/8861] [3178] HLS.S30.T11SQA.2021145T181919.v2.0: SKIP NoDataInBounds (field does not intersect FMASK)
[3203/8861] [3177] HLS.S30.T12STF.2021145T181919.v2.0: SKIP NoDataInBounds (field does not intersect FMASK)
[3204/8861] [3179] HLS.S30.T11SPA.2021145T181919.v2.0: SKIP NoDataInBounds (field does not intersect FMASK)
[3205/8861] [3181] HLS.S30.T12STE.2021145T181919.v2.0: SKIP NoDataInBounds (field does not intersect FMASK)
[3206/8861] [3193] HLS.S30.T12STB.2021145T181919.v2.0: SKIP NoDataInBounds (field does not intersect FMASK)
[3207/8861] [3199] HLS.S30.T11SNR.2021145T181919.v2.0: SKIP NoDataInBounds (field does not intersect FMASK)
[3208/8861] [3207] HLS.L30.T11TMG.2021146T183149.v2.0: SKIP NoDataInBounds (field does not intersect FMASK)
[3209/8861] [3215] all outputs exist; skipping HLS.L30.T11TKE.2021146T183237.v2.0
[3210/8861] [3216] all outputs exist; skipping HLS.L30.T10TGK.2021146T183237.v2.0
[3211/8861] [3217] all outputs exist; skipping HLS.L30.T11SKD.2021146T183237.v2.0
[3212/8861] [3208] HLS.L30.T11TNG.2021146T183149.v2.0: SKIP NoDataInBounds (field does not intersect FMASK)
[3213/8861] [3209] HLS.L30.T11TLG.2021146T183213.v2.0: SKIP NoDataInBounds (field does not intersect FMASK)
[3214/8861] [3211] HLS.L30.T11TLF.2021146T183213.v2.0: SKIP NoDataInBounds (field does not intersect FMASK)
[3215/8861] [3221] all outputs exist; skipping HLS.L30.T10SGJ.2021146T183301.v2.0
[3216/8861] [3210] HLS.L30.T11TNF.2021146T183213.v2.0: SKIP NoDataInBounds (field does not intersect FMASK)
[3217/8861] [3223] all outputs exist; skipping HLS.L30.T11SLC.2021146T183301.v2.0
[3218/8861] [3224] all outputs exist; skipping HLS.L30.T11SKC.2021146T183301.v2.0
[3219/8861] [3225] all outputs exist; skipping HLS.L30.T10SGH.2021146T183301.v2.0
[3220/8861] [3226] all outputs exist; skipping HLS.L30.T11SMB.2021146T183325.v2.0
[3221/8861] [3227] all outputs exist; skipping HLS.L30.T11SLB.2021146T183325.v2.0
[3222/8861] [3228] all outputs exist; skipping HLS.L30.T11SKB.2021146T183325.v2.0
[3223/8861] [3229] all outputs exist; skipping HLS.L30.T11SKA.2021146T183325.v2.0
[3224/8861] [3230] all outputs exist; skipping HLS.L30.T10SGF.2021146T183325.v2.0
[3225/8861] [3231] all outputs exist; skipping HLS.L30.T11SLA.2021146T183325.v2.0
[3226/8861] [3232] all outputs exist; skipping HLS.L30.T10SGG.2021146T183325.v2.0
[3227/8861] [3233] all outputs exist; skipping HLS.L30.T11SLV.2021146T183348.v2.0
[3228/8861] [3234] all outputs exist; skipping HLS.L30.T11SKV.2021146T183348.v2.0
[3229/8861] [3235] all outputs exist; skipping HLS.L30.T11SKU.2021146T183348.v2.0
[3230/8861] [3236] all outputs exist; skipping HLS.L30.T10SGE.2021146T183348.v2.0
[3231/8861] [3237] all outputs exist; skipping HLS.L30.T11SLU.2021146T183348.v2.0
[3232/8861] [3238] all outputs exist; skipping HLS.L30.T10SGD.2021146T183412.v2.0
[3233/8861] [3213] HLS.L30.T11TME.2021146T183237.v2.0: SKIP NoDataInBounds (field does not intersect FMASK)
[3234/8861] [3240] all outputs exist; skipping HLS.L30.T11SLT.2021146T183412.v2.0
[3235/8861] [3241] all outputs exist; skipping HLS.L30.T10SFD.2021146T183412.v2.0
[3236/8861] [3242] all outputs exist; skipping HLS.L30.T10SFE.2021146T183412.v2.0
[3237/8861] [3243] all outputs exist; skipping HLS.L30.T11SKT.2021146T183412.v2.0
[3238/8861] [3214] HLS.L30.T11TNE.2021146T183237.v2.0: SKIP NoDataInBounds (field does not intersect FMASK)
[3239/8861] [3218] HLS.L30.T11SLD.2021146T183237.v2.0: SKIP NoDataInBounds (field does not intersect FMASK)
[3240/8861] [3219] HLS.L30.T11SMD.2021146T183237.v2.0: SKIP NoDataInBounds (field does not intersect FMASK)
[3241/8861] [3220] HLS.L30.T11TLE.2021146T183237.v2.0: SKIP NoDataInBounds (field does not intersect FMASK)
[3242/8861] [3248] all outputs exist; skipping HLS.S30.T10TGM.2021146T183921.v2.0
[3243/8861] [3249] all outputs exist; skipping HLS.S30.T11TKG.2021146T183921.v2.0
[3244/8861] [3239] HLS.L30.T10SGC.2021146T183412.v2.0: SKIP NoDataInBounds (field does not intersect FMASK)
[3245/8861] [3222] HLS.L30.T11SMC.2021146T183301.v2.0: SKIP NoDataInBounds (field does not intersect FMASK)
[3246/8861] [3212] HLS.L30.T11TMF.2021146T183213.v2.0: SKIP NoDataInBounds (field does not intersect FMASK)
[3247/8861] [3253] all outputs exist; skipping HLS.S30.T11TKF.2021146T183921.v2.0
[3248/8861] [3254] all outputs exist; skipping HLS.S30.T10TGL.2021146T183921.v2.0
[3249/8861] [3244] HLS.L30.T11SKS.2021146T183436.v2.0: SKIP NoDataInBounds (field does not intersect FMASK)
[3250/8861] [3245] HLS.S30.T11TNG.2021146T183921.v2.0: SKIP NoDataInBounds (field does not intersect FMASK)
[3251/8861] [3246] HLS.S30.T11TMG.2021146T183921.v2.0: SKIP NoDataInBounds (field does not intersect FMASK)
[3252/8861] [3247] HLS.S30.T11TLG.2021146T183921.v2.0: SKIP NoDataInBounds (field does not intersect FMASK)
[3253/8861] [3259] all outputs exist; skipping HLS.S30.T11TKE.2021146T183921.v2.0
[3254/8861] [3260] all outputs exist; skipping HLS.S30.T10TGK.2021146T183921.v2.0
[3255/8861] [3250] HLS.S30.T11TNF.2021146T183921.v2.0: SKIP NoDataInBounds (field does not intersect FMASK)
[3256/8861] [3252] HLS.S30.T11TLF.2021146T183921.v2.0: SKIP NoDataInBounds (field does not intersect FMASK)
[3257/8861] [3263] all outputs exist; skipping HLS.S30.T11SKD.2021146T183921.v2.0
[3258/8861] [3264] all outputs exist; skipping HLS.S30.T10SGJ.2021146T183921.v2.0
[3259/8861] [3251] HLS.S30.T11TMF.2021146T183921.v2.0: SKIP NoDataInBounds (field does not intersect FMASK)
[3260/8861] [3266] all outputs exist; skipping HLS.S30.T10SFJ.2021146T183921.v2.0
[3261/8861] [3267] all outputs exist; skipping HLS.S30.T11SLC.2021146T183921.v2.0
[3262/8861] [3268] all outputs exist; skipping HLS.S30.T11SKC.2021146T183921.v2.0
[3263/8861] [3269] all outputs exist; skipping HLS.S30.T10SGH.2021146T183921.v2.0
[3264/8861] [3270] all outputs exist; skipping HLS.S30.T10SFH.2021146T183921.v2.0
[3265/8861] [3271] all outputs exist; skipping HLS.S30.T11SMB.2021146T183921.v2.0
[3266/8861] [3272] all outputs exist; skipping HLS.S30.T11SLB.2021146T183921.v2.0
[3267/8861] [3273] all outputs exist; skipping HLS.S30.T11SKB.2021146T183921.v2.0
[3268/8861] [3274] all outputs exist; skipping HLS.S30.T10SGG.2021146T183921.v2.0
[3269/8861] [3275] all outputs exist; skipping HLS.S30.T11SMA.2021146T183921.v2.0
[3270/8861] [3276] all outputs exist; skipping HLS.S30.T10SFG.2021146T183921.v2.0
[3271/8861] [3277] all outputs exist; skipping HLS.S30.T11SLA.2021146T183921.v2.0
[3272/8861] [3278] all outputs exist; skipping HLS.S30.T11SKA.2021146T183921.v2.0
[3273/8861] [3279] all outputs exist; skipping HLS.S30.T10SGF.2021146T183921.v2.0
[3274/8861] [3280] all outputs exist; skipping HLS.S30.T10SFF.2021146T183921.v2.0
[3275/8861] [3281] all outputs exist; skipping HLS.S30.T11SLV.2021146T183921.v2.0
[3276/8861] [3282] all outputs exist; skipping HLS.S30.T11SKV.2021146T183921.v2.0
[3277/8861] [3283] all outputs exist; skipping HLS.S30.T10SGE.2021146T183921.v2.0
[3278/8861] [3284] all outputs exist; skipping HLS.S30.T10SFE.2021146T183921.v2.0
[3279/8861] [3285] all outputs exist; skipping HLS.S30.T11SLU.2021146T183921.v2.0
[3280/8861] [3286] all outputs exist; skipping HLS.S30.T11SKU.2021146T183921.v2.0
[3281/8861] [3287] all outputs exist; skipping HLS.S30.T10SGD.2021146T183921.v2.0
[3282/8861] [3288] all outputs exist; skipping HLS.S30.T10SFD.2021146T183921.v2.0
[3283/8861] [3289] all outputs exist; skipping HLS.S30.T11SLT.2021146T183921.v2.0
[3284/8861] [3290] all outputs exist; skipping HLS.S30.T11SKT.2021146T183921.v2.0
[3285/8861] [3255] HLS.S30.T11TNE.2021146T183921.v2.0: SKIP NoDataInBounds (field does not intersect FMASK)
[3286/8861] [3256] HLS.S30.T11TME.2021146T183921.v2.0: SKIP NoDataInBounds (field does not intersect FMASK)
[3287/8861] [3257] HLS.S30.T11TLE.2021146T183921.v2.0: SKIP NoDataInBounds (field does not intersect FMASK)
[3288/8861] [3258] HLS.S30.T11SND.2021146T183921.v2.0: SKIP NoDataInBounds (field does not intersect FMASK)
[3289/8861] [3295] all outputs exist; skipping HLS.S30.T11SQV.2021147T180921.v2.0
[3290/8861] [3296] all outputs exist; skipping HLS.S30.T12STD.2021147T180921.v2.0
[3291/8861] [3297] all outputs exist; skipping HLS.S30.T11SQU.2021147T180921.v2.0
[3292/8861] [3298] all outputs exist; skipping HLS.S30.T12STC.2021147T180921.v2.0
[3293/8861] [3299] all outputs exist; skipping HLS.S30.T11SQT.2021147T180921.v2.0
[3294/8861] [3262] HLS.S30.T11SLD.2021146T183921.v2.0: SKIP NoDataInBounds (field does not intersect FMASK)
[3295/8861] [3301] all outputs exist; skipping HLS.S30.T11SQS.2021147T180921.v2.0
[3296/8861] [3302] all outputs exist; skipping HLS.S30.T11SPS.2021147T180921.v2.0
[3297/8861] [3303] all outputs exist; skipping HLS.S30.T10TFM.2021147T185919.v2.0
[3298/8861] [3304] all outputs exist; skipping HLS.S30.T10TEM.2021147T185919.v2.0
[3299/8861] [3305] all outputs exist; skipping HLS.S30.T10TDM.2021147T185919.v2.0
[3300/8861] [3306] all outputs exist; skipping HLS.S30.T10TCM.2021147T185919.v2.0
[3301/8861] [3307] all outputs exist; skipping HLS.S30.T10TFL.2021147T185919.v2.0
[3302/8861] [3308] all outputs exist; skipping HLS.S30.T10TEL.2021147T185919.v2.0
[3303/8861] [3309] all outputs exist; skipping HLS.S30.T10TDL.2021147T185919.v2.0
[3304/8861] [3310] all outputs exist; skipping HLS.S30.T10TFK.2021147T185919.v2.0
[3305/8861] [3311] all outputs exist; skipping HLS.S30.T10TCL.2021147T185919.v2.0
[3306/8861] [3261] HLS.S30.T11SMD.2021146T183921.v2.0: SKIP NoDataInBounds (field does not intersect FMASK)
[3307/8861] [3312] all outputs exist; skipping HLS.S30.T10TEK.2021147T185919.v2.0
[3308/8861] [3313] all outputs exist; skipping HLS.S30.T10TDK.2021147T185919.v2.0
[3309/8861] [3314] all outputs exist; skipping HLS.S30.T10TCK.2021147T185919.v2.0
[3310/8861] [3315] all outputs exist; skipping HLS.S30.T10SEJ.2021147T185919.v2.0
[3311/8861] [3316] all outputs exist; skipping HLS.S30.T10SDJ.2021147T185919.v2.0
[3312/8861] [3317] all outputs exist; skipping HLS.S30.T10SEH.2021147T185919.v2.0
[3313/8861] [3318] all outputs exist; skipping HLS.S30.T10SDH.2021147T185919.v2.0
[3314/8861] [3319] all outputs exist; skipping HLS.S30.T10SEG.2021147T185919.v2.0
[3315/8861] [3321] all outputs exist; skipping HLS.S30.T10SEF.2021147T185919.v2.0
[3316/8861] [3265] HLS.S30.T11SMC.2021146T183921.v2.0: SKIP NoDataInBounds (field does not intersect FMASK)
[3317/8861] [3291] HLS.S30.T10SGC.2021146T183921.v2.0: SKIP NoDataInBounds (field does not intersect FMASK)
[3318/8861] [3292] HLS.S30.T11SLS.2021146T183921.v2.0: SKIP NoDataInBounds (field does not intersect FMASK)
[3319/8861] [3293] HLS.S30.T11SKS.2021146T183921.v2.0: SKIP NoDataInBounds (field does not intersect FMASK)
[3320/8861] [3294] HLS.S30.T12STE.2021147T180921.v2.0: SKIP NoDataInBounds (field does not intersect FMASK)
[3321/8861] [3300] HLS.S30.T12STB.2021147T180921.v2.0: SKIP NoDataInBounds (field does not intersect FMASK)
[3322/8861] [3320] HLS.S30.T10SDG.2021147T185919.v2.0: SKIP NoDataInBounds (field does not intersect FMASK)
[3323/8861] [3322] HLS.L30.T12TTM.2021148T181928.v2.0: SKIP NoDataInBounds (field does not intersect FMASK)
[3324/8861] [3323] HLS.L30.T11TQG.2021148T181928.v2.0: SKIP NoDataInBounds (field does not intersect FMASK)
[3325/8861] [3324] HLS.L30.T11TPG.2021148T181952.v2.0: SKIP NoDataInBounds (field does not intersect FMASK)
[3326/8861] [3325] HLS.L30.T11TNG.2021148T181952.v2.0: SKIP NoDataInBounds (field does not intersect FMASK)
[3327/8861] [3326] HLS.L30.T12TTL.2021148T181952.v2.0: SKIP NoDataInBounds (field does not intersect FMASK)
[3328/8861] [3327] HLS.L30.T11TQF.2021148T181952.v2.0: SKIP NoDataInBounds (field does not intersect FMASK)
[3329/8861] [3328] HLS.L30.T11TPF.2021148T181952.v2.0: SKIP NoDataInBounds (field does not intersect FMASK)
[3330/8861] [3329] HLS.L30.T11TNF.2021148T181952.v2.0: SKIP NoDataInBounds (field does not intersect FMASK)
[3331/8861] [3331] HLS.L30.T11SND.2021148T182016.v2.0: SKIP NoDataInBounds (field does not intersect FMASK)
[3332/8861] [3330] HLS.L30.T11TQE.2021148T182016.v2.0: SKIP NoDataInBounds (field does not intersect FMASK)
[3333/8861] [3332] HLS.L30.T11SPD.2021148T182016.v2.0: SKIP NoDataInBounds (field does not intersect FMASK)
[3334/8861] [3333] HLS.L30.T12STJ.2021148T182016.v2.0: SKIP NoDataInBounds (field does not intersect FMASK)
[3335/8861] [3334] HLS.L30.T12TTK.2021148T182016.v2.0: SKIP NoDataInBounds (field does not intersect FMASK)
[3336/8861] [3335] HLS.L30.T11TPE.2021148T182016.v2.0: SKIP NoDataInBounds (field does not intersect FMASK)
[3337/8861] [3343] all outputs exist; skipping HLS.L30.T11SMA.2021148T182104.v2.0
[3338/8861] [3336] HLS.L30.T11SQD.2021148T182016.v2.0: SKIP NoDataInBounds (field does not intersect FMASK)
[3339/8861] [3337] HLS.L30.T11TNE.2021148T182016.v2.0: SKIP NoDataInBounds (field does not intersect FMASK)
[3340/8861] [3346] all outputs exist; skipping HLS.L30.T11SNA.2021148T182104.v2.0
[3341/8861] [3347] all outputs exist; skipping HLS.L30.T11SMB.2021148T182104.v2.0
[3342/8861] [3348] all outputs exist; skipping HLS.L30.T11SNU.2021148T182128.v2.0
[3343/8861] [3349] all outputs exist; skipping HLS.L30.T11SMV.2021148T182128.v2.0
[3344/8861] [3350] all outputs exist; skipping HLS.L30.T11SPU.2021148T182128.v2.0
[3345/8861] [3351] all outputs exist; skipping HLS.L30.T11SPV.2021148T182128.v2.0
[3346/8861] [3352] all outputs exist; skipping HLS.L30.T11SNV.2021148T182128.v2.0
[3347/8861] [3353] all outputs exist; skipping HLS.L30.T11SNT.2021148T182152.v2.0
[3348/8861] [3354] all outputs exist; skipping HLS.L30.T11SMT.2021148T182152.v2.0
[3349/8861] [3355] all outputs exist; skipping HLS.L30.T11SPT.2021148T182152.v2.0
[3350/8861] [3356] all outputs exist; skipping HLS.L30.T11SMU.2021148T182152.v2.0
[3351/8861] [3357] all outputs exist; skipping HLS.L30.T11SLT.2021148T182216.v2.0
[3352/8861] [3358] all outputs exist; skipping HLS.L30.T11SNS.2021148T182216.v2.0
[3353/8861] [3338] HLS.L30.T11SQC.2021148T182040.v2.0: SKIP NoDataInBounds (field does not intersect FMASK)
[3354/8861] [3360] all outputs exist; skipping HLS.L30.T11SMS.2021148T182216.v2.0
[3355/8861] [3339] HLS.L30.T11SPC.2021148T182040.v2.0: SKIP NoDataInBounds (field does not intersect FMASK)
[3356/8861] [3362] all outputs exist; skipping HLS.L30.T11SMR.2021148T182216.v2.0
[3357/8861] [3340] HLS.L30.T11SNC.2021148T182040.v2.0: SKIP NoDataInBounds (field does not intersect FMASK)
[3358/8861] [3341] HLS.L30.T11SMC.2021148T182104.v2.0: SKIP NoDataInBounds (field does not intersect FMASK)
[3359/8861] [3342] HLS.L30.T11SPA.2021148T182104.v2.0: SKIP NoDataInBounds (field does not intersect FMASK)
[3360/8861] [3344] HLS.L30.T11SNB.2021148T182104.v2.0: SKIP NoDataInBounds (field does not intersect FMASK)
[3361/8861] [3345] HLS.L30.T11SPB.2021148T182104.v2.0: SKIP NoDataInBounds (field does not intersect FMASK)
[3362/8861] [3359] HLS.L30.T11SLS.2021148T182216.v2.0: SKIP NoDataInBounds (field does not intersect FMASK)
[3363/8861] [3361] HLS.L30.T11SNR.2021148T182216.v2.0: SKIP NoDataInBounds (field does not intersect FMASK)
[3364/8861] [3363] HLS.S30.T11TQG.2021148T182919.v2.0: SKIP NoDataInBounds (field does not intersect FMASK)
[3365/8861] [3364] HLS.S30.T12TTM.2021148T182919.v2.0: SKIP NoDataInBounds (field does not intersect FMASK)
[3366/8861] [3365] HLS.S30.T11TPG.2021148T182919.v2.0: SKIP NoDataInBounds (field does not intersect FMASK)
[3367/8861] [3366] HLS.S30.T11TNG.2021148T182919.v2.0: SKIP NoDataInBounds (field does not intersect FMASK)
[3368/8861] [3367] HLS.S30.T11TMG.2021148T182919.v2.0: SKIP NoDataInBounds (field does not intersect FMASK)
[3369/8861] [3368] HLS.S30.T12TTL.2021148T182919.v2.0: SKIP NoDataInBounds (field does not intersect FMASK)
[3370/8861] [3369] HLS.S30.T11TQF.2021148T182919.v2.0: SKIP NoDataInBounds (field does not intersect FMASK)
[3371/8861] [3370] HLS.S30.T11TPF.2021148T182919.v2.0: SKIP NoDataInBounds (field does not intersect FMASK)
[3372/8861] [3371] HLS.S30.T11TNF.2021148T182919.v2.0: SKIP NoDataInBounds (field does not intersect FMASK)
[3373/8861] [3373] HLS.S30.T12TTK.2021148T182919.v2.0: SKIP NoDataInBounds (field does not intersect FMASK)
[3374/8861] [3372] HLS.S30.T11TMF.2021148T182919.v2.0: SKIP NoDataInBounds (field does not intersect FMASK)
[3375/8861] [3374] HLS.S30.T11TQE.2021148T182919.v2.0: SKIP NoDataInBounds (field does not intersect FMASK)
[3376/8861] [3376] HLS.S30.T11TNE.2021148T182919.v2.0: SKIP NoDataInBounds (field does not intersect FMASK)
[3377/8861] [3375] HLS.S30.T11TPE.2021148T182919.v2.0: SKIP NoDataInBounds (field does not intersect FMASK)
[3378/8861] [3377] HLS.S30.T12STJ.2021148T182919.v2.0: SKIP NoDataInBounds (field does not intersect FMASK)
[3379/8861] [3378] HLS.S30.T11TME.2021148T182919.v2.0: SKIP NoDataInBounds (field does not intersect FMASK)
[3380/8861] [3379] HLS.S30.T11SQD.2021148T182919.v2.0: SKIP NoDataInBounds (field does not intersect FMASK)
[3381/8861] [3387] all outputs exist; skipping HLS.S30.T11SLC.2021148T182919.v2.0
[3382/8861] [3380] HLS.S30.T11SPD.2021148T182919.v2.0: SKIP NoDataInBounds (field does not intersect FMASK)
[3383/8861] [3381] HLS.S30.T11SND.2021148T182919.v2.0: SKIP NoDataInBounds (field does not intersect FMASK)
[3384/8861] [3390] all outputs exist; skipping HLS.S30.T11SMB.2021148T182919.v2.0
[3385/8861] [3391] all outputs exist; skipping HLS.S30.T11SLB.2021148T182919.v2.0
[3386/8861] [3382] HLS.S30.T11SMD.2021148T182919.v2.0: SKIP NoDataInBounds (field does not intersect FMASK)
[3387/8861] [3393] all outputs exist; skipping HLS.S30.T11SNA.2021148T182919.v2.0
[3388/8861] [3394] all outputs exist; skipping HLS.S30.T11SMA.2021148T182919.v2.0
[3389/8861] [3395] all outputs exist; skipping HLS.S30.T11SLA.2021148T182919.v2.0
[3390/8861] [3396] all outputs exist; skipping HLS.S30.T11SPV.2021148T182919.v2.0
[3391/8861] [3397] all outputs exist; skipping HLS.S30.T11SNV.2021148T182919.v2.0
[3392/8861] [3398] all outputs exist; skipping HLS.S30.T11SMV.2021148T182919.v2.0
[3393/8861] [3399] all outputs exist; skipping HLS.S30.T11SLV.2021148T182919.v2.0
[3394/8861] [3400] all outputs exist; skipping HLS.S30.T11SNU.2021148T182919.v2.0
[3395/8861] [3401] all outputs exist; skipping HLS.S30.T11SKV.2021148T182919.v2.0
[3396/8861] [3402] all outputs exist; skipping HLS.S30.T11SMU.2021148T182919.v2.0
[3397/8861] [3403] all outputs exist; skipping HLS.S30.T11SLU.2021148T182919.v2.0
[3398/8861] [3404] all outputs exist; skipping HLS.S30.T11SKU.2021148T182919.v2.0
[3399/8861] [3405] all outputs exist; skipping HLS.S30.T11SNT.2021148T182919.v2.0
[3400/8861] [3406] all outputs exist; skipping HLS.S30.T11SMT.2021148T182919.v2.0
[3401/8861] [3407] all outputs exist; skipping HLS.S30.T11SLT.2021148T182919.v2.0
[3402/8861] [3408] all outputs exist; skipping HLS.S30.T11SKT.2021148T182919.v2.0
[3403/8861] [3409] all outputs exist; skipping HLS.S30.T11SNS.2021148T182919.v2.0
[3404/8861] [3410] all outputs exist; skipping HLS.S30.T11SMS.2021148T182919.v2.0
[3405/8861] [3383] HLS.S30.T11SPC.2021148T182919.v2.0: SKIP NoDataInBounds (field does not intersect FMASK)
[3406/8861] [3384] HLS.S30.T11SLD.2021148T182919.v2.0: SKIP NoDataInBounds (field does not intersect FMASK)
[3407/8861] [3385] HLS.S30.T11SNC.2021148T182919.v2.0: SKIP NoDataInBounds (field does not intersect FMASK)
[3408/8861] [3414] all outputs exist; skipping HLS.S30.T11SMR.2021148T182919.v2.0
[3409/8861] [3415] all outputs exist; skipping HLS.L30.T10TCM.2021149T190245.v2.0
[3410/8861] [3416] all outputs exist; skipping HLS.L30.T10TDM.2021149T190245.v2.0
[3411/8861] [3386] HLS.S30.T11SMC.2021148T182919.v2.0: SKIP NoDataInBounds (field does not intersect FMASK)
[3412/8861] [3418] all outputs exist; skipping HLS.S30.T10TGM.2021149T184921.v2.0
[3413/8861] [3419] all outputs exist; skipping HLS.S30.T11TKG.2021149T184921.v2.0
[3414/8861] [3420] all outputs exist; skipping HLS.S30.T10TFM.2021149T184921.v2.0
[3415/8861] [3421] all outputs exist; skipping HLS.S30.T10TEM.2021149T184921.v2.0
[3416/8861] [3388] HLS.S30.T11SPB.2021148T182919.v2.0: SKIP NoDataInBounds (field does not intersect FMASK)
[3417/8861] [3423] all outputs exist; skipping HLS.S30.T11TKF.2021149T184921.v2.0
[3418/8861] [3424] all outputs exist; skipping HLS.S30.T10TGL.2021149T184921.v2.0
[3419/8861] [3425] all outputs exist; skipping HLS.S30.T10TFL.2021149T184921.v2.0
[3420/8861] [3426] all outputs exist; skipping HLS.L30.T10TCL.2021149T190309.v2.0
[3421/8861] [3389] HLS.S30.T11SNB.2021148T182919.v2.0: SKIP NoDataInBounds (field does not intersect FMASK)
[3422/8861] [3428] all outputs exist; skipping HLS.S30.T10TEL.2021149T184921.v2.0
[3423/8861] [3429] all outputs exist; skipping HLS.S30.T11TKE.2021149T184921.v2.0
[3424/8861] [3430] all outputs exist; skipping HLS.S30.T10TGK.2021149T184921.v2.0
[3425/8861] [3431] all outputs exist; skipping HLS.S30.T10TFK.2021149T184921.v2.0
[3426/8861] [3432] all outputs exist; skipping HLS.S30.T10TEK.2021149T184921.v2.0
[3427/8861] [3433] all outputs exist; skipping HLS.S30.T11SKD.2021149T184921.v2.0
[3428/8861] [3434] all outputs exist; skipping HLS.S30.T10SGJ.2021149T184921.v2.0
[3429/8861] [3435] all outputs exist; skipping HLS.S30.T10SFJ.2021149T184921.v2.0
[3430/8861] [3436] all outputs exist; skipping HLS.S30.T10SEJ.2021149T184921.v2.0
[3431/8861] [3437] all outputs exist; skipping HLS.S30.T10SDJ.2021149T184921.v2.0
[3432/8861] [3438] all outputs exist; skipping HLS.S30.T11SKC.2021149T184921.v2.0
[3433/8861] [3439] all outputs exist; skipping HLS.S30.T10SGH.2021149T184921.v2.0
[3434/8861] [3440] all outputs exist; skipping HLS.S30.T10SFH.2021149T184921.v2.0
[3435/8861] [3441] all outputs exist; skipping HLS.S30.T10SEH.2021149T184921.v2.0
[3436/8861] [3442] all outputs exist; skipping HLS.S30.T10SDH.2021149T184921.v2.0
[3437/8861] [3443] all outputs exist; skipping HLS.S30.T11SKB.2021149T184921.v2.0
[3438/8861] [3444] all outputs exist; skipping HLS.S30.T10SGG.2021149T184921.v2.0
[3439/8861] [3445] all outputs exist; skipping HLS.S30.T10SFG.2021149T184921.v2.0
[3440/8861] [3446] all outputs exist; skipping HLS.S30.T11SKA.2021149T184921.v2.0
[3441/8861] [3447] all outputs exist; skipping HLS.S30.T10SEG.2021149T184921.v2.0
[3442/8861] [3448] all outputs exist; skipping HLS.S30.T10SGF.2021149T184921.v2.0
[3443/8861] [3449] all outputs exist; skipping HLS.S30.T10SFF.2021149T184921.v2.0
[3444/8861] [3450] all outputs exist; skipping HLS.S30.T10SEF.2021149T184921.v2.0
[3445/8861] [3451] all outputs exist; skipping HLS.S30.T10SGE.2021149T184921.v2.0
[3446/8861] [3452] all outputs exist; skipping HLS.S30.T10SFE.2021149T184921.v2.0
[3447/8861] [3392] HLS.S30.T11SPA.2021148T182919.v2.0: SKIP NoDataInBounds (field does not intersect FMASK)
[3448/8861] [3411] HLS.S30.T11SLS.2021148T182919.v2.0: SKIP NoDataInBounds (field does not intersect FMASK)
[3449/8861] [3455] all outputs exist; skipping HLS.L30.T11SQV.2021150T180907.v2.0
[3450/8861] [3412] HLS.S30.T11SKS.2021148T182919.v2.0: SKIP NoDataInBounds (field does not intersect FMASK)
[3451/8861] [3457] all outputs exist; skipping HLS.L30.T11SQU.2021150T180931.v2.0
[3452/8861] [3458] all outputs exist; skipping HLS.L30.T11SPU.2021150T180931.v2.0
[3453/8861] [3459] all outputs exist; skipping HLS.L30.T11SPT.2021150T180931.v2.0
[3454/8861] [3460] all outputs exist; skipping HLS.L30.T12STD.2021150T180931.v2.0
[3455/8861] [3461] all outputs exist; skipping HLS.L30.T12STC.2021150T180931.v2.0
[3456/8861] [3462] all outputs exist; skipping HLS.L30.T11SQT.2021150T180931.v2.0
[3457/8861] [3463] all outputs exist; skipping HLS.L30.T11SPS.2021150T180955.v2.0
[3458/8861] [3413] HLS.S30.T11SNR.2021148T182919.v2.0: SKIP NoDataInBounds (field does not intersect FMASK)
[3459/8861] [3465] all outputs exist; skipping HLS.L30.T11SQS.2021150T180955.v2.0
[3460/8861] [3417] HLS.S30.T11TLG.2021149T184921.v2.0: SKIP NoDataInBounds (field does not intersect FMASK)
[3461/8861] [3422] HLS.S30.T11TLF.2021149T184921.v2.0: SKIP NoDataInBounds (field does not intersect FMASK)
[3462/8861] [3453] HLS.L30.T12STF.2021150T180843.v2.0: SKIP NoDataInBounds (field does not intersect FMASK)
[3463/8861] [3427] HLS.S30.T11TLE.2021149T184921.v2.0: SKIP NoDataInBounds (field does not intersect FMASK)
[3464/8861] [3454] HLS.L30.T11SQA.2021150T180843.v2.0: SKIP NoDataInBounds (field does not intersect FMASK)
[3465/8861] [3456] HLS.L30.T12STE.2021150T180907.v2.0: SKIP NoDataInBounds (field does not intersect FMASK)
[3466/8861] [3466] HLS.S30.T11TQG.2021150T181921.v2.0: SKIP NoDataInBounds (field does not intersect FMASK)
[3467/8861] [3464] HLS.L30.T12STB.2021150T180955.v2.0: SKIP NoDataInBounds (field does not intersect FMASK)
[3468/8861] [3467] HLS.S30.T12TTM.2021150T181921.v2.0: SKIP NoDataInBounds (field does not intersect FMASK)
[3469/8861] [3468] HLS.S30.T11TPG.2021150T181921.v2.0: SKIP NoDataInBounds (field does not intersect FMASK)
[3470/8861] [3469] HLS.S30.T12TTL.2021150T181921.v2.0: SKIP NoDataInBounds (field does not intersect FMASK)
[3471/8861] [3470] HLS.S30.T11TQF.2021150T181921.v2.0: SKIP NoDataInBounds (field does not intersect FMASK)
[3472/8861] [3471] HLS.S30.T11TPF.2021150T181921.v2.0: SKIP NoDataInBounds (field does not intersect FMASK)
[3473/8861] [3472] HLS.S30.T12TTK.2021150T181921.v2.0: SKIP NoDataInBounds (field does not intersect FMASK)
[3474/8861] [3474] HLS.S30.T11TPE.2021150T181921.v2.0: SKIP NoDataInBounds (field does not intersect FMASK)
[3475/8861] [3473] HLS.S30.T11TQE.2021150T181921.v2.0: SKIP NoDataInBounds (field does not intersect FMASK)
[3476/8861] [3475] HLS.S30.T12STJ.2021150T181921.v2.0: SKIP NoDataInBounds (field does not intersect FMASK)
[3477/8861] [3476] HLS.S30.T11SQD.2021150T181921.v2.0: SKIP NoDataInBounds (field does not intersect FMASK)
[3478/8861] [3477] HLS.S30.T11SPD.2021150T181921.v2.0: SKIP NoDataInBounds (field does not intersect FMASK)
[3479/8861] [3478] HLS.S30.T12STH.2021150T181921.v2.0: SKIP NoDataInBounds (field does not intersect FMASK)
[3480/8861] [3480] HLS.S30.T11SPC.2021150T181921.v2.0: SKIP NoDataInBounds (field does not intersect FMASK)
[3481/8861] [3479] HLS.S30.T11SQC.2021150T181921.v2.0: SKIP NoDataInBounds (field does not intersect FMASK)
[3482/8861] [3481] HLS.S30.T11SNC.2021150T181921.v2.0: SKIP NoDataInBounds (field does not intersect FMASK)
[3483/8861] [3489] all outputs exist; skipping HLS.S30.T11SNA.2021150T181921.v2.0
[3484/8861] [3482] HLS.S30.T12STG.2021150T181921.v2.0: SKIP NoDataInBounds (field does not intersect FMASK)
[3485/8861] [3491] all outputs exist; skipping HLS.S30.T11SQV.2021150T181921.v2.0
[3486/8861] [3492] all outputs exist; skipping HLS.S30.T11SPV.2021150T181921.v2.0
[3487/8861] [3493] all outputs exist; skipping HLS.S30.T11SNV.2021150T181921.v2.0
[3488/8861] [3494] all outputs exist; skipping HLS.S30.T12STD.2021150T181921.v2.0
[3489/8861] [3495] all outputs exist; skipping HLS.S30.T11SQU.2021150T181921.v2.0
[3490/8861] [3496] all outputs exist; skipping HLS.S30.T11SPU.2021150T181921.v2.0
[3491/8861] [3497] all outputs exist; skipping HLS.S30.T11SNU.2021150T181921.v2.0
[3492/8861] [3498] all outputs exist; skipping HLS.S30.T12STC.2021150T181921.v2.0
[3493/8861] [3499] all outputs exist; skipping HLS.S30.T11SQT.2021150T181921.v2.0
[3494/8861] [3500] all outputs exist; skipping HLS.S30.T11SPT.2021150T181921.v2.0
[3495/8861] [3501] all outputs exist; skipping HLS.S30.T11SNT.2021150T181921.v2.0
[3496/8861] [3483] HLS.S30.T11SQB.2021150T181921.v2.0: SKIP NoDataInBounds (field does not intersect FMASK)
[3497/8861] [3503] all outputs exist; skipping HLS.S30.T11SMT.2021150T181921.v2.0
[3498/8861] [3504] all outputs exist; skipping HLS.S30.T11SQS.2021150T181921.v2.0
[3499/8861] [3505] all outputs exist; skipping HLS.S30.T11SPS.2021150T181921.v2.0
[3500/8861] [3506] all outputs exist; skipping HLS.S30.T11SNS.2021150T181921.v2.0
[3501/8861] [3507] all outputs exist; skipping HLS.S30.T11SMS.2021150T181921.v2.0
[3502/8861] [3484] HLS.S30.T11SPB.2021150T181921.v2.0: SKIP NoDataInBounds (field does not intersect FMASK)
[3503/8861] [3509] all outputs exist; skipping HLS.S30.T10TDM.2021150T190919.v2.0
[3504/8861] [3510] all outputs exist; skipping HLS.S30.T10TCM.2021150T190919.v2.0
[3505/8861] [3511] all outputs exist; skipping HLS.S30.T10TDL.2021150T190919.v2.0
[3506/8861] [3512] all outputs exist; skipping HLS.S30.T10TCL.2021150T190919.v2.0
[3507/8861] [3513] all outputs exist; skipping HLS.S30.T10TDK.2021150T190919.v2.0
[3508/8861] [3514] all outputs exist; skipping HLS.S30.T10TCK.2021150T190919.v2.0
[3509/8861] [3515] all outputs exist; skipping HLS.L30.T10TFM.2021151T185024.v2.0
[3510/8861] [3516] all outputs exist; skipping HLS.L30.T10TEM.2021151T185024.v2.0
[3511/8861] [3517] all outputs exist; skipping HLS.L30.T10TDM.2021151T185048.v2.0
[3512/8861] [3518] all outputs exist; skipping HLS.L30.T10TFL.2021151T185048.v2.0
[3513/8861] [3519] all outputs exist; skipping HLS.L30.T10TEL.2021151T185048.v2.0
[3514/8861] [3520] all outputs exist; skipping HLS.L30.T10TDL.2021151T185048.v2.0
[3515/8861] [3521] all outputs exist; skipping HLS.L30.T10TCK.2021151T185112.v2.0
[3516/8861] [3522] all outputs exist; skipping HLS.L30.T10TEK.2021151T185112.v2.0
[3517/8861] [3523] all outputs exist; skipping HLS.L30.T10TDK.2021151T185112.v2.0
[3518/8861] [3524] all outputs exist; skipping HLS.L30.T10TFK.2021151T185112.v2.0
[3519/8861] [3525] all outputs exist; skipping HLS.L30.T10SDJ.2021151T185112.v2.0
[3520/8861] [3526] all outputs exist; skipping HLS.L30.T10SEJ.2021151T185112.v2.0
[3521/8861] [3527] all outputs exist; skipping HLS.L30.T10SEH.2021151T185136.v2.0
[3522/8861] [3528] all outputs exist; skipping HLS.L30.T10SDH.2021151T185136.v2.0
[3523/8861] [3529] all outputs exist; skipping HLS.L30.T10SEG.2021151T185200.v2.0
[3524/8861] [3485] HLS.S30.T11SNB.2021150T181921.v2.0: SKIP NoDataInBounds (field does not intersect FMASK)
[3525/8861] [3531] all outputs exist; skipping HLS.L30.T10SEF.2021151T185200.v2.0
[3526/8861] [3486] HLS.S30.T12STF.2021150T181921.v2.0: SKIP NoDataInBounds (field does not intersect FMASK)
[3527/8861] [3487] HLS.S30.T11SQA.2021150T181921.v2.0: SKIP NoDataInBounds (field does not intersect FMASK)
[3528/8861] [3488] HLS.S30.T11SPA.2021150T181921.v2.0: SKIP NoDataInBounds (field does not intersect FMASK)
[3529/8861] [3535] all outputs exist; skipping HLS.S30.T10TGM.2021151T183919.v2.0
[3530/8861] [3536] all outputs exist; skipping HLS.S30.T11TKG.2021151T183919.v2.0
[3531/8861] [3490] HLS.S30.T12STE.2021150T181921.v2.0: SKIP NoDataInBounds (field does not intersect FMASK)
[3532/8861] [3502] HLS.S30.T12STB.2021150T181921.v2.0: SKIP NoDataInBounds (field does not intersect FMASK)
[3533/8861] [3508] HLS.S30.T11SNR.2021150T181921.v2.0: SKIP NoDataInBounds (field does not intersect FMASK)
[3534/8861] [3540] all outputs exist; skipping HLS.S30.T11TKF.2021151T183919.v2.0
[3535/8861] [3541] all outputs exist; skipping HLS.S30.T10TGL.2021151T183919.v2.0
[3536/8861] [3530] HLS.L30.T10SDG.2021151T185200.v2.0: SKIP NoDataInBounds (field does not intersect FMASK)
[3537/8861] [3532] HLS.S30.T11TNG.2021151T183919.v2.0: SKIP NoDataInBounds (field does not intersect FMASK)
[3538/8861] [3533] HLS.S30.T11TMG.2021151T183919.v2.0: SKIP NoDataInBounds (field does not intersect FMASK)
[3539/8861] [3534] HLS.S30.T11TLG.2021151T183919.v2.0: SKIP NoDataInBounds (field does not intersect FMASK)
[3540/8861] [3546] all outputs exist; skipping HLS.S30.T11TKE.2021151T183919.v2.0
[3541/8861] [3547] all outputs exist; skipping HLS.S30.T10TGK.2021151T183919.v2.0
[3542/8861] [3539] HLS.S30.T11TLF.2021151T183919.v2.0: SKIP NoDataInBounds (field does not intersect FMASK)
[3543/8861] [3537] HLS.S30.T11TNF.2021151T183919.v2.0: SKIP NoDataInBounds (field does not intersect FMASK)
[3544/8861] [3550] all outputs exist; skipping HLS.S30.T11SKD.2021151T183919.v2.0
[3545/8861] [3551] all outputs exist; skipping HLS.S30.T10SGJ.2021151T183919.v2.0
[3546/8861] [3538] HLS.S30.T11TMF.2021151T183919.v2.0: SKIP NoDataInBounds (field does not intersect FMASK)
[3547/8861] [3553] all outputs exist; skipping HLS.S30.T10SFJ.2021151T183919.v2.0
[3548/8861] [3554] all outputs exist; skipping HLS.S30.T11SLC.2021151T183919.v2.0
[3549/8861] [3555] all outputs exist; skipping HLS.S30.T11SKC.2021151T183919.v2.0
[3550/8861] [3556] all outputs exist; skipping HLS.S30.T10SGH.2021151T183919.v2.0
[3551/8861] [3557] all outputs exist; skipping HLS.S30.T10SFH.2021151T183919.v2.0
[3552/8861] [3558] all outputs exist; skipping HLS.S30.T11SMB.2021151T183919.v2.0
[3553/8861] [3559] all outputs exist; skipping HLS.S30.T11SLB.2021151T183919.v2.0
[3554/8861] [3560] all outputs exist; skipping HLS.S30.T11SKB.2021151T183919.v2.0
[3555/8861] [3561] all outputs exist; skipping HLS.S30.T10SGG.2021151T183919.v2.0
[3556/8861] [3562] all outputs exist; skipping HLS.S30.T11SMA.2021151T183919.v2.0
[3557/8861] [3563] all outputs exist; skipping HLS.S30.T10SFG.2021151T183919.v2.0
[3558/8861] [3564] all outputs exist; skipping HLS.S30.T11SLA.2021151T183919.v2.0
[3559/8861] [3565] all outputs exist; skipping HLS.S30.T11SKA.2021151T183919.v2.0
[3560/8861] [3566] all outputs exist; skipping HLS.S30.T10SGF.2021151T183919.v2.0
[3561/8861] [3567] all outputs exist; skipping HLS.S30.T10SFF.2021151T183919.v2.0
[3562/8861] [3568] all outputs exist; skipping HLS.S30.T11SLV.2021151T183919.v2.0
[3563/8861] [3569] all outputs exist; skipping HLS.S30.T11SKV.2021151T183919.v2.0
[3564/8861] [3570] all outputs exist; skipping HLS.S30.T10SGE.2021151T183919.v2.0
[3565/8861] [3571] all outputs exist; skipping HLS.S30.T10SFE.2021151T183919.v2.0
[3566/8861] [3572] all outputs exist; skipping HLS.S30.T11SLU.2021151T183919.v2.0
[3567/8861] [3573] all outputs exist; skipping HLS.S30.T11SKU.2021151T183919.v2.0
[3568/8861] [3574] all outputs exist; skipping HLS.S30.T10SGD.2021151T183919.v2.0
[3569/8861] [3575] all outputs exist; skipping HLS.S30.T10SFD.2021151T183919.v2.0
[3570/8861] [3576] all outputs exist; skipping HLS.S30.T11SLT.2021151T183919.v2.0
[3571/8861] [3543] HLS.S30.T11TME.2021151T183919.v2.0: SKIP NoDataInBounds (field does not intersect FMASK)
[3572/8861] [3578] all outputs exist; skipping HLS.S30.T11SQV.2021152T180919.v2.0
[3573/8861] [3579] all outputs exist; skipping HLS.S30.T12STD.2021152T180919.v2.0
[3574/8861] [3580] all outputs exist; skipping HLS.S30.T11SQU.2021152T180919.v2.0
[3575/8861] [3542] HLS.S30.T11TNE.2021151T183919.v2.0: SKIP NoDataInBounds (field does not intersect FMASK)
[3576/8861] [3581] all outputs exist; skipping HLS.S30.T12STC.2021152T180919.v2.0
[3577/8861] [3582] all outputs exist; skipping HLS.S30.T11SQT.2021152T180919.v2.0
[3578/8861] [3584] all outputs exist; skipping HLS.S30.T11SQS.2021152T180919.v2.0
[3579/8861] [3585] all outputs exist; skipping HLS.S30.T11SPS.2021152T180919.v2.0
[3580/8861] [3586] all outputs exist; skipping HLS.S30.T10TFM.2021152T185921.v2.0
[3581/8861] [3587] all outputs exist; skipping HLS.S30.T10TEM.2021152T185921.v2.0
[3582/8861] [3588] all outputs exist; skipping HLS.S30.T10TDM.2021152T185921.v2.0
[3583/8861] [3589] all outputs exist; skipping HLS.S30.T10TCM.2021152T185921.v2.0
[3584/8861] [3590] all outputs exist; skipping HLS.S30.T10TFL.2021152T185921.v2.0
[3585/8861] [3591] all outputs exist; skipping HLS.S30.T10TEL.2021152T185921.v2.0
[3586/8861] [3592] all outputs exist; skipping HLS.S30.T10TDL.2021152T185921.v2.0
[3587/8861] [3593] all outputs exist; skipping HLS.S30.T10TFK.2021152T185921.v2.0
[3588/8861] [3594] all outputs exist; skipping HLS.S30.T10TCL.2021152T185921.v2.0
[3589/8861] [3595] all outputs exist; skipping HLS.S30.T10TEK.2021152T185921.v2.0
[3590/8861] [3596] all outputs exist; skipping HLS.S30.T10TDK.2021152T185921.v2.0
[3591/8861] [3597] all outputs exist; skipping HLS.S30.T10TCK.2021152T185921.v2.0
[3592/8861] [3598] all outputs exist; skipping HLS.S30.T10SEJ.2021152T185921.v2.0
[3593/8861] [3599] all outputs exist; skipping HLS.S30.T10SDJ.2021152T185921.v2.0
[3594/8861] [3600] all outputs exist; skipping HLS.S30.T10SEH.2021152T185921.v2.0
[3595/8861] [3601] all outputs exist; skipping HLS.S30.T10SDH.2021152T185921.v2.0
[3596/8861] [3545] HLS.S30.T11SND.2021151T183919.v2.0: SKIP NoDataInBounds (field does not intersect FMASK)
[3597/8861] [3544] HLS.S30.T11TLE.2021151T183919.v2.0: SKIP NoDataInBounds (field does not intersect FMASK)
[3598/8861] [3548] HLS.S30.T11SMD.2021151T183919.v2.0: SKIP NoDataInBounds (field does not intersect FMASK)
[3599/8861] [3605] all outputs exist; skipping HLS.L30.T11TKG.2021153T183827.v2.0
[3600/8861] [3606] all outputs exist; skipping HLS.L30.T10TFL.2021153T183827.v2.0
[3601/8861] [3607] all outputs exist; skipping HLS.L30.T11TKF.2021153T183827.v2.0
[3602/8861] [3608] all outputs exist; skipping HLS.L30.T10TGM.2021153T183827.v2.0
[3603/8861] [3609] all outputs exist; skipping HLS.L30.T10TGL.2021153T183827.v2.0
[3604/8861] [3549] HLS.S30.T11SLD.2021151T183919.v2.0: SKIP NoDataInBounds (field does not intersect FMASK)
[3605/8861] [3611] all outputs exist; skipping HLS.L30.T10SGJ.2021153T183851.v2.0
[3606/8861] [3612] all outputs exist; skipping HLS.L30.T10TFK.2021153T183851.v2.0
[3607/8861] [3552] HLS.S30.T11SMC.2021151T183919.v2.0: SKIP NoDataInBounds (field does not intersect FMASK)
[3608/8861] [3614] all outputs exist; skipping HLS.L30.T11TKE.2021153T183851.v2.0
[3609/8861] [3615] all outputs exist; skipping HLS.L30.T10TGK.2021153T183851.v2.0
[3610/8861] [3616] all outputs exist; skipping HLS.L30.T11SKD.2021153T183851.v2.0
[3611/8861] [3617] all outputs exist; skipping HLS.L30.T10SFJ.2021153T183851.v2.0
[3612/8861] [3618] all outputs exist; skipping HLS.L30.T11SKC.2021153T183915.v2.0
[3613/8861] [3619] all outputs exist; skipping HLS.L30.T10SFH.2021153T183915.v2.0
[3614/8861] [3620] all outputs exist; skipping HLS.L30.T10SGH.2021153T183915.v2.0
[3615/8861] [3621] all outputs exist; skipping HLS.L30.T11SLC.2021153T183915.v2.0
[3616/8861] [3622] all outputs exist; skipping HLS.L30.T10SEF.2021153T183939.v2.0
[3617/8861] [3623] all outputs exist; skipping HLS.L30.T11SKB.2021153T183939.v2.0
[3618/8861] [3624] all outputs exist; skipping HLS.L30.T10SGF.2021153T183939.v2.0
[3619/8861] [3625] all outputs exist; skipping HLS.L30.T10SFF.2021153T183939.v2.0
[3620/8861] [3626] all outputs exist; skipping HLS.L30.T10SEG.2021153T183939.v2.0
[3621/8861] [3627] all outputs exist; skipping HLS.L30.T10SFG.2021153T183939.v2.0
[3622/8861] [3628] all outputs exist; skipping HLS.L30.T10SGG.2021153T183939.v2.0
[3623/8861] [3629] all outputs exist; skipping HLS.L30.T11SKA.2021153T183939.v2.0
[3624/8861] [3630] all outputs exist; skipping HLS.L30.T11SKV.2021153T184003.v2.0
[3625/8861] [3631] all outputs exist; skipping HLS.L30.T10SGD.2021153T184003.v2.0
[3626/8861] [3632] all outputs exist; skipping HLS.L30.T10SGE.2021153T184003.v2.0
[3627/8861] [3633] all outputs exist; skipping HLS.L30.T10SFE.2021153T184003.v2.0
[3628/8861] [3634] all outputs exist; skipping HLS.L30.T11SKU.2021153T184003.v2.0
[3629/8861] [3577] HLS.S30.T12STE.2021152T180919.v2.0: SKIP NoDataInBounds (field does not intersect FMASK)
[3630/8861] [3636] all outputs exist; skipping HLS.L30.T10SFD.2021153T184027.v2.0
[3631/8861] [3604] HLS.L30.T11TLF.2021153T183827.v2.0: SKIP NoDataInBounds (field does not intersect FMASK)
[3632/8861] [3602] HLS.L30.T11TMG.2021153T183803.v2.0: SKIP NoDataInBounds (field does not intersect FMASK)
[3633/8861] [3583] HLS.S30.T12STB.2021152T180919.v2.0: SKIP NoDataInBounds (field does not intersect FMASK)
[3634/8861] [3603] HLS.L30.T11TLG.2021153T183803.v2.0: SKIP NoDataInBounds (field does not intersect FMASK)
[3635/8861] [3610] HLS.L30.T11TLE.2021153T183851.v2.0: SKIP NoDataInBounds (field does not intersect FMASK)
[3636/8861] [3613] HLS.L30.T11SLD.2021153T183851.v2.0: SKIP NoDataInBounds (field does not intersect FMASK)
[3637/8861] [3635] HLS.L30.T10SGC.2021153T184027.v2.0: SKIP NoDataInBounds (field does not intersect FMASK)
[3638/8861] [3637] HLS.S30.T11TQG.2021153T182921.v2.0: SKIP NoDataInBounds (field does not intersect FMASK)
[3639/8861] [3639] HLS.S30.T11TPG.2021153T182921.v2.0: SKIP NoDataInBounds (field does not intersect FMASK)
[3640/8861] [3638] HLS.S30.T12TTM.2021153T182921.v2.0: SKIP NoDataInBounds (field does not intersect FMASK)
[3641/8861] [3640] HLS.S30.T11TNG.2021153T182921.v2.0: SKIP NoDataInBounds (field does not intersect FMASK)
[3642/8861] [3641] HLS.S30.T11TMG.2021153T182921.v2.0: SKIP NoDataInBounds (field does not intersect FMASK)
[3643/8861] [3642] HLS.S30.T12TTL.2021153T182921.v2.0: SKIP NoDataInBounds (field does not intersect FMASK)
[3644/8861] [3644] HLS.S30.T11TPF.2021153T182921.v2.0: SKIP NoDataInBounds (field does not intersect FMASK)
[3645/8861] [3643] HLS.S30.T11TQF.2021153T182921.v2.0: SKIP NoDataInBounds (field does not intersect FMASK)
[3646/8861] [3645] HLS.S30.T11TNF.2021153T182921.v2.0: SKIP NoDataInBounds (field does not intersect FMASK)
[3647/8861] [3649] HLS.S30.T11TPE.2021153T182921.v2.0: SKIP NoDataInBounds (field does not intersect FMASK)
[3648/8861] [3646] HLS.S30.T11TMF.2021153T182921.v2.0: SKIP NoDataInBounds (field does not intersect FMASK)
[3649/8861] [3647] HLS.S30.T12TTK.2021153T182921.v2.0: SKIP NoDataInBounds (field does not intersect FMASK)
[3650/8861] [3648] HLS.S30.T11TQE.2021153T182921.v2.0: SKIP NoDataInBounds (field does not intersect FMASK)
[3651/8861] [3650] HLS.S30.T11TNE.2021153T182921.v2.0: SKIP NoDataInBounds (field does not intersect FMASK)
[3652/8861] [3652] HLS.S30.T11TME.2021153T182921.v2.0: SKIP NoDataInBounds (field does not intersect FMASK)
[3653/8861] [3651] HLS.S30.T12STJ.2021153T182921.v2.0: SKIP NoDataInBounds (field does not intersect FMASK)
[3654/8861] [3656] HLS.S30.T11SMD.2021153T182921.v2.0: SKIP NoDataInBounds (field does not intersect FMASK)
[3655/8861] [3661] all outputs exist; skipping HLS.S30.T11SLC.2021153T182921.v2.0
[3656/8861] [3654] HLS.S30.T11SPD.2021153T182921.v2.0: SKIP NoDataInBounds (field does not intersect FMASK)
[3657/8861] [3655] HLS.S30.T11SND.2021153T182921.v2.0: SKIP NoDataInBounds (field does not intersect FMASK)
[3658/8861] [3664] all outputs exist; skipping HLS.S30.T11SMB.2021153T182921.v2.0
[3659/8861] [3665] all outputs exist; skipping HLS.S30.T11SLB.2021153T182921.v2.0
[3660/8861] [3653] HLS.S30.T11SQD.2021153T182921.v2.0: SKIP NoDataInBounds (field does not intersect FMASK)
[3661/8861] [3667] all outputs exist; skipping HLS.S30.T11SNA.2021153T182921.v2.0
[3662/8861] [3668] all outputs exist; skipping HLS.S30.T11SMA.2021153T182921.v2.0
[3663/8861] [3669] all outputs exist; skipping HLS.S30.T11SLA.2021153T182921.v2.0
[3664/8861] [3670] all outputs exist; skipping HLS.S30.T11SPV.2021153T182921.v2.0
[3665/8861] [3671] all outputs exist; skipping HLS.S30.T11SNV.2021153T182921.v2.0
[3666/8861] [3672] all outputs exist; skipping HLS.S30.T11SPU.2021153T182921.v2.0
[3667/8861] [3673] all outputs exist; skipping HLS.S30.T11SMV.2021153T182921.v2.0
[3668/8861] [3674] all outputs exist; skipping HLS.S30.T11SLV.2021153T182921.v2.0
[3669/8861] [3675] all outputs exist; skipping HLS.S30.T11SNU.2021153T182921.v2.0
[3670/8861] [3676] all outputs exist; skipping HLS.S30.T11SKV.2021153T182921.v2.0
[3671/8861] [3677] all outputs exist; skipping HLS.S30.T11SMU.2021153T182921.v2.0
[3672/8861] [3678] all outputs exist; skipping HLS.S30.T11SLU.2021153T182921.v2.0
[3673/8861] [3679] all outputs exist; skipping HLS.S30.T11SKU.2021153T182921.v2.0
[3674/8861] [3680] all outputs exist; skipping HLS.S30.T11SNT.2021153T182921.v2.0
[3675/8861] [3681] all outputs exist; skipping HLS.S30.T11SMT.2021153T182921.v2.0
[3676/8861] [3682] all outputs exist; skipping HLS.S30.T11SLT.2021153T182921.v2.0
[3677/8861] [3683] all outputs exist; skipping HLS.S30.T11SKT.2021153T182921.v2.0
[3678/8861] [3684] all outputs exist; skipping HLS.S30.T11SNS.2021153T182921.v2.0
[3679/8861] [3685] all outputs exist; skipping HLS.S30.T11SMS.2021153T182921.v2.0
[3680/8861] [3658] HLS.S30.T11SLD.2021153T182921.v2.0: SKIP NoDataInBounds (field does not intersect FMASK)
[3681/8861] [3687] all outputs exist; skipping HLS.S30.T11SMR.2021153T182921.v2.0
[3682/8861] [3657] HLS.S30.T11SPC.2021153T182921.v2.0: SKIP NoDataInBounds (field does not intersect FMASK)
[3683/8861] [3689] all outputs exist; skipping HLS.S30.T10TGM.2021154T184919.v2.0
[3684/8861] [3690] all outputs exist; skipping HLS.S30.T11TKG.2021154T184919.v2.0
[3685/8861] [3691] all outputs exist; skipping HLS.S30.T10TFM.2021154T184919.v2.0
[3686/8861] [3692] all outputs exist; skipping HLS.S30.T10TEM.2021154T184919.v2.0
[3687/8861] [3659] HLS.S30.T11SNC.2021153T182921.v2.0: SKIP NoDataInBounds (field does not intersect FMASK)
[3688/8861] [3694] all outputs exist; skipping HLS.S30.T11TKF.2021154T184919.v2.0
[3689/8861] [3695] all outputs exist; skipping HLS.S30.T10TGL.2021154T184919.v2.0
[3690/8861] [3696] all outputs exist; skipping HLS.S30.T10TFL.2021154T184919.v2.0
[3691/8861] [3660] HLS.S30.T11SMC.2021153T182921.v2.0: SKIP NoDataInBounds (field does not intersect FMASK)
[3692/8861] [3698] all outputs exist; skipping HLS.S30.T10TEL.2021154T184919.v2.0
[3693/8861] [3699] all outputs exist; skipping HLS.S30.T11TKE.2021154T184919.v2.0
[3694/8861] [3700] all outputs exist; skipping HLS.S30.T10TGK.2021154T184919.v2.0
[3695/8861] [3701] all outputs exist; skipping HLS.S30.T10TFK.2021154T184919.v2.0
[3696/8861] [3702] all outputs exist; skipping HLS.S30.T10TEK.2021154T184919.v2.0
[3697/8861] [3703] all outputs exist; skipping HLS.S30.T11SKD.2021154T184919.v2.0
[3698/8861] [3704] all outputs exist; skipping HLS.S30.T10SGJ.2021154T184919.v2.0
[3699/8861] [3705] all outputs exist; skipping HLS.S30.T10SFJ.2021154T184919.v2.0
[3700/8861] [3706] all outputs exist; skipping HLS.S30.T10SEJ.2021154T184919.v2.0
[3701/8861] [3707] all outputs exist; skipping HLS.S30.T10SDJ.2021154T184919.v2.0
[3702/8861] [3708] all outputs exist; skipping HLS.S30.T11SKC.2021154T184919.v2.0
[3703/8861] [3709] all outputs exist; skipping HLS.S30.T10SGH.2021154T184919.v2.0
[3704/8861] [3710] all outputs exist; skipping HLS.S30.T10SFH.2021154T184919.v2.0
[3705/8861] [3711] all outputs exist; skipping HLS.S30.T10SEH.2021154T184919.v2.0
[3706/8861] [3712] all outputs exist; skipping HLS.S30.T10SDH.2021154T184919.v2.0
[3707/8861] [3713] all outputs exist; skipping HLS.S30.T11SKB.2021154T184919.v2.0
[3708/8861] [3714] all outputs exist; skipping HLS.S30.T10SGG.2021154T184919.v2.0
[3709/8861] [3715] all outputs exist; skipping HLS.S30.T10SFG.2021154T184919.v2.0
[3710/8861] [3716] all outputs exist; skipping HLS.S30.T11SKA.2021154T184919.v2.0
[3711/8861] [3717] all outputs exist; skipping HLS.S30.T10SEG.2021154T184919.v2.0
[3712/8861] [3662] HLS.S30.T11SPB.2021153T182921.v2.0: SKIP NoDataInBounds (field does not intersect FMASK)
[3713/8861] [3719] all outputs exist; skipping HLS.S30.T10SGF.2021154T184919.v2.0
[3714/8861] [3720] all outputs exist; skipping HLS.S30.T10SFF.2021154T184919.v2.0
[3715/8861] [3721] all outputs exist; skipping HLS.S30.T10SEF.2021154T184919.v2.0
[3716/8861] [3722] all outputs exist; skipping HLS.S30.T10SGE.2021154T184919.v2.0
[3717/8861] [3723] all outputs exist; skipping HLS.S30.T10SFE.2021154T184919.v2.0
[3718/8861] [3724] all outputs exist; skipping HLS.S30.T10SFD.2021154T184919.v2.0
[3719/8861] [3663] HLS.S30.T11SNB.2021153T182921.v2.0: SKIP NoDataInBounds (field does not intersect FMASK)
[3720/8861] [3688] HLS.S30.T11TLG.2021154T184919.v2.0: SKIP NoDataInBounds (field does not intersect FMASK)
[3721/8861] [3666] HLS.S30.T11SPA.2021153T182921.v2.0: SKIP NoDataInBounds (field does not intersect FMASK)
[3722/8861] [3686] HLS.S30.T11SNR.2021153T182921.v2.0: SKIP NoDataInBounds (field does not intersect FMASK)
[3723/8861] [3693] HLS.S30.T11TLF.2021154T184919.v2.0: SKIP NoDataInBounds (field does not intersect FMASK)
[3724/8861] [3697] HLS.S30.T11TLE.2021154T184919.v2.0: SKIP NoDataInBounds (field does not intersect FMASK)
[3725/8861] [3718] HLS.S30.T10SDG.2021154T184919.v2.0: SKIP NoDataInBounds (field does not intersect FMASK)
[3726/8861] [3725] HLS.L30.T11TPG.2021155T182542.v2.0: SKIP NoDataInBounds (field does not intersect FMASK)
[3727/8861] [3726] HLS.L30.T11TNG.2021155T182542.v2.0: SKIP NoDataInBounds (field does not intersect FMASK)
[3728/8861] [3727] HLS.L30.T11TPF.2021155T182606.v2.0: SKIP NoDataInBounds (field does not intersect FMASK)
[3729/8861] [3730] HLS.L30.T11TMG.2021155T182606.v2.0: SKIP NoDataInBounds (field does not intersect FMASK)
[3730/8861] [3728] HLS.L30.T11TNF.2021155T182606.v2.0: SKIP NoDataInBounds (field does not intersect FMASK)
[3731/8861] [3729] HLS.L30.T11TMF.2021155T182606.v2.0: SKIP NoDataInBounds (field does not intersect FMASK)
[3732/8861] [3731] HLS.L30.T11SPD.2021155T182630.v2.0: SKIP NoDataInBounds (field does not intersect FMASK)
[3733/8861] [3732] HLS.L30.T11TNE.2021155T182630.v2.0: SKIP NoDataInBounds (field does not intersect FMASK)
[3734/8861] [3740] all outputs exist; skipping HLS.L30.T11SLC.2021155T182654.v2.0
[3735/8861] [3741] all outputs exist; skipping HLS.L30.T11SNA.2021155T182718.v2.0
[3736/8861] [3742] all outputs exist; skipping HLS.L30.T11SLA.2021155T182718.v2.0
[3737/8861] [3743] all outputs exist; skipping HLS.L30.T11SMA.2021155T182718.v2.0
[3738/8861] [3744] all outputs exist; skipping HLS.L30.T11SLB.2021155T182718.v2.0
[3739/8861] [3733] HLS.L30.T11TME.2021155T182630.v2.0: SKIP NoDataInBounds (field does not intersect FMASK)
[3740/8861] [3746] all outputs exist; skipping HLS.L30.T11SMB.2021155T182718.v2.0
[3741/8861] [3747] all outputs exist; skipping HLS.L30.T11SNV.2021155T182742.v2.0
[3742/8861] [3748] all outputs exist; skipping HLS.L30.T11SKV.2021155T182742.v2.0
[3743/8861] [3749] all outputs exist; skipping HLS.L30.T11SMU.2021155T182742.v2.0
[3744/8861] [3750] all outputs exist; skipping HLS.L30.T11SMV.2021155T182742.v2.0
[3745/8861] [3751] all outputs exist; skipping HLS.L30.T11SLV.2021155T182742.v2.0
[3746/8861] [3752] all outputs exist; skipping HLS.L30.T11SKT.2021155T182806.v2.0
[3747/8861] [3753] all outputs exist; skipping HLS.L30.T11SMT.2021155T182806.v2.0
[3748/8861] [3754] all outputs exist; skipping HLS.L30.T11SLT.2021155T182806.v2.0
[3749/8861] [3755] all outputs exist; skipping HLS.L30.T11SKU.2021155T182806.v2.0
[3750/8861] [3756] all outputs exist; skipping HLS.L30.T11SLU.2021155T182806.v2.0
[3751/8861] [3734] HLS.L30.T11SND.2021155T182630.v2.0: SKIP NoDataInBounds (field does not intersect FMASK)
[3752/8861] [3758] all outputs exist; skipping HLS.L30.T11SMS.2021155T182830.v2.0
[3753/8861] [3735] HLS.L30.T11SMD.2021155T182630.v2.0: SKIP NoDataInBounds (field does not intersect FMASK)
[3754/8861] [3736] HLS.L30.T11TPE.2021155T182630.v2.0: SKIP NoDataInBounds (field does not intersect FMASK)
[3755/8861] [3761] all outputs exist; skipping HLS.L30.T11SMR.2021155T182830.v2.0
[3756/8861] [3737] HLS.L30.T11SLD.2021155T182654.v2.0: SKIP NoDataInBounds (field does not intersect FMASK)
[3757/8861] [3738] HLS.L30.T11SMC.2021155T182654.v2.0: SKIP NoDataInBounds (field does not intersect FMASK)
[3758/8861] [3739] HLS.L30.T11SNC.2021155T182654.v2.0: SKIP NoDataInBounds (field does not intersect FMASK)
[3759/8861] [3745] HLS.L30.T11SNB.2021155T182718.v2.0: SKIP NoDataInBounds (field does not intersect FMASK)
[3760/8861] [3757] HLS.L30.T10SGC.2021155T182830.v2.0: SKIP NoDataInBounds (field does not intersect FMASK)
[3761/8861] [3759] HLS.L30.T11SLS.2021155T182830.v2.0: SKIP NoDataInBounds (field does not intersect FMASK)
[3762/8861] [3760] HLS.L30.T11SKS.2021155T182830.v2.0: SKIP NoDataInBounds (field does not intersect FMASK)
[3763/8861] [3762] HLS.S30.T11TQG.2021155T181919.v2.0: SKIP NoDataInBounds (field does not intersect FMASK)
[3764/8861] [3763] HLS.S30.T12TTM.2021155T181919.v2.0: SKIP NoDataInBounds (field does not intersect FMASK)
[3765/8861] [3764] HLS.S30.T11TPG.2021155T181919.v2.0: SKIP NoDataInBounds (field does not intersect FMASK)
[3766/8861] [3765] HLS.S30.T12TTL.2021155T181919.v2.0: SKIP NoDataInBounds (field does not intersect FMASK)
[3767/8861] [3766] HLS.S30.T11TQF.2021155T181919.v2.0: SKIP NoDataInBounds (field does not intersect FMASK)
[3768/8861] [3767] HLS.S30.T11TPF.2021155T181919.v2.0: SKIP NoDataInBounds (field does not intersect FMASK)
[3769/8861] [3768] HLS.S30.T11TQE.2021155T181919.v2.0: SKIP NoDataInBounds (field does not intersect FMASK)
[3770/8861] [3769] HLS.S30.T11TPE.2021155T181919.v2.0: SKIP NoDataInBounds (field does not intersect FMASK)
[3771/8861] [3770] HLS.S30.T12TTK.2021155T181919.v2.0: SKIP NoDataInBounds (field does not intersect FMASK)
[3772/8861] [3772] HLS.S30.T11SQD.2021155T181919.v2.0: SKIP NoDataInBounds (field does not intersect FMASK)
[3773/8861] [3771] HLS.S30.T12STJ.2021155T181919.v2.0: SKIP NoDataInBounds (field does not intersect FMASK)
[3774/8861] [3773] HLS.S30.T11SPD.2021155T181919.v2.0: SKIP NoDataInBounds (field does not intersect FMASK)
[3775/8861] [3774] HLS.S30.T12STH.2021155T181919.v2.0: SKIP NoDataInBounds (field does not intersect FMASK)
[3776/8861] [3775] HLS.S30.T11SQC.2021155T181919.v2.0: SKIP NoDataInBounds (field does not intersect FMASK)
[3777/8861] [3776] HLS.S30.T11SPC.2021155T181919.v2.0: SKIP NoDataInBounds (field does not intersect FMASK)
[3778/8861] [3777] HLS.S30.T11SNC.2021155T181919.v2.0: SKIP NoDataInBounds (field does not intersect FMASK)
[3779/8861] [3785] all outputs exist; skipping HLS.S30.T11SNA.2021155T181919.v2.0
[3780/8861] [3778] HLS.S30.T12STG.2021155T181919.v2.0: SKIP NoDataInBounds (field does not intersect FMASK)
[3781/8861] [3787] all outputs exist; skipping HLS.S30.T11SQV.2021155T181919.v2.0
[3782/8861] [3788] all outputs exist; skipping HLS.S30.T11SPV.2021155T181919.v2.0
[3783/8861] [3789] all outputs exist; skipping HLS.S30.T11SNV.2021155T181919.v2.0
[3784/8861] [3790] all outputs exist; skipping HLS.S30.T12STD.2021155T181919.v2.0
[3785/8861] [3791] all outputs exist; skipping HLS.S30.T11SQU.2021155T181919.v2.0
[3786/8861] [3792] all outputs exist; skipping HLS.S30.T11SPU.2021155T181919.v2.0
[3787/8861] [3793] all outputs exist; skipping HLS.S30.T11SNU.2021155T181919.v2.0
[3788/8861] [3794] all outputs exist; skipping HLS.S30.T12STC.2021155T181919.v2.0
[3789/8861] [3795] all outputs exist; skipping HLS.S30.T11SQT.2021155T181919.v2.0
[3790/8861] [3796] all outputs exist; skipping HLS.S30.T11SPT.2021155T181919.v2.0
[3791/8861] [3797] all outputs exist; skipping HLS.S30.T11SNT.2021155T181919.v2.0
[3792/8861] [3780] HLS.S30.T11SPB.2021155T181919.v2.0: SKIP NoDataInBounds (field does not intersect FMASK)
[3793/8861] [3799] all outputs exist; skipping HLS.S30.T11SMT.2021155T181919.v2.0
[3794/8861] [3800] all outputs exist; skipping HLS.S30.T11SQS.2021155T181919.v2.0
[3795/8861] [3801] all outputs exist; skipping HLS.S30.T11SPS.2021155T181919.v2.0
[3796/8861] [3802] all outputs exist; skipping HLS.S30.T11SNS.2021155T181919.v2.0
[3797/8861] [3803] all outputs exist; skipping HLS.S30.T11SMS.2021155T181919.v2.0
[3798/8861] [3779] HLS.S30.T11SQB.2021155T181919.v2.0: SKIP NoDataInBounds (field does not intersect FMASK)
[3799/8861] [3805] all outputs exist; skipping HLS.S30.T11SMR.2021155T181919.v2.0
[3800/8861] [3806] all outputs exist; skipping HLS.S30.T10TDM.2021155T190911.v2.0
[3801/8861] [3807] all outputs exist; skipping HLS.S30.T10TCM.2021155T190911.v2.0
[3802/8861] [3808] all outputs exist; skipping HLS.S30.T10TDL.2021155T190911.v2.0
[3803/8861] [3809] all outputs exist; skipping HLS.S30.T10TCL.2021155T190911.v2.0
[3804/8861] [3810] all outputs exist; skipping HLS.S30.T10TDK.2021155T190911.v2.0
[3805/8861] [3811] all outputs exist; skipping HLS.S30.T10TCK.2021155T190911.v2.0
[3806/8861] [3781] HLS.S30.T11SNB.2021155T181919.v2.0: SKIP NoDataInBounds (field does not intersect FMASK)
[3807/8861] [3782] HLS.S30.T12STF.2021155T181919.v2.0: SKIP NoDataInBounds (field does not intersect FMASK)
[3808/8861] [3783] HLS.S30.T11SQA.2021155T181919.v2.0: SKIP NoDataInBounds (field does not intersect FMASK)
[3809/8861] [3815] all outputs exist; skipping HLS.S30.T10TGM.2021156T183921.v2.0
[3810/8861] [3816] all outputs exist; skipping HLS.S30.T11TKG.2021156T183921.v2.0
[3811/8861] [3784] HLS.S30.T11SPA.2021155T181919.v2.0: SKIP NoDataInBounds (field does not intersect FMASK)
[3812/8861] [3786] HLS.S30.T12STE.2021155T181919.v2.0: SKIP NoDataInBounds (field does not intersect FMASK)
[3813/8861] [3798] HLS.S30.T12STB.2021155T181919.v2.0: SKIP NoDataInBounds (field does not intersect FMASK)
[3814/8861] [3820] all outputs exist; skipping HLS.S30.T11TKF.2021156T183921.v2.0
[3815/8861] [3821] all outputs exist; skipping HLS.S30.T10TGL.2021156T183921.v2.0
[3816/8861] [3812] HLS.S30.T11TNG.2021156T183921.v2.0: SKIP NoDataInBounds (field does not intersect FMASK)
[3817/8861] [3813] HLS.S30.T11TMG.2021156T183921.v2.0: SKIP NoDataInBounds (field does not intersect FMASK)
[3818/8861] [3814] HLS.S30.T11TLG.2021156T183921.v2.0: SKIP NoDataInBounds (field does not intersect FMASK)
[3819/8861] [3804] HLS.S30.T11SNR.2021155T181919.v2.0: SKIP NoDataInBounds (field does not intersect FMASK)
[3820/8861] [3826] all outputs exist; skipping HLS.S30.T11TKE.2021156T183921.v2.0
[3821/8861] [3827] all outputs exist; skipping HLS.S30.T10TGK.2021156T183921.v2.0
[3822/8861] [3817] HLS.S30.T11TNF.2021156T183921.v2.0: SKIP NoDataInBounds (field does not intersect FMASK)
[3823/8861] [3818] HLS.S30.T11TMF.2021156T183921.v2.0: SKIP NoDataInBounds (field does not intersect FMASK)
[3824/8861] [3830] all outputs exist; skipping HLS.S30.T11SKD.2021156T183921.v2.0
[3825/8861] [3831] all outputs exist; skipping HLS.S30.T10SGJ.2021156T183921.v2.0
[3826/8861] [3819] HLS.S30.T11TLF.2021156T183921.v2.0: SKIP NoDataInBounds (field does not intersect FMASK)
[3827/8861] [3833] all outputs exist; skipping HLS.S30.T11SLC.2021156T183921.v2.0
[3828/8861] [3834] all outputs exist; skipping HLS.S30.T10SFJ.2021156T183921.v2.0
[3829/8861] [3835] all outputs exist; skipping HLS.S30.T11SKC.2021156T183921.v2.0
[3830/8861] [3836] all outputs exist; skipping HLS.S30.T10SGH.2021156T183921.v2.0
[3831/8861] [3837] all outputs exist; skipping HLS.S30.T10SFH.2021156T183921.v2.0
[3832/8861] [3838] all outputs exist; skipping HLS.S30.T11SMB.2021156T183921.v2.0
[3833/8861] [3839] all outputs exist; skipping HLS.S30.T11SLB.2021156T183921.v2.0
[3834/8861] [3840] all outputs exist; skipping HLS.S30.T11SKB.2021156T183921.v2.0
[3835/8861] [3841] all outputs exist; skipping HLS.S30.T10SGG.2021156T183921.v2.0
[3836/8861] [3842] all outputs exist; skipping HLS.S30.T11SMA.2021156T183921.v2.0
[3837/8861] [3843] all outputs exist; skipping HLS.S30.T10SFG.2021156T183921.v2.0
[3838/8861] [3844] all outputs exist; skipping HLS.S30.T11SLA.2021156T183921.v2.0
[3839/8861] [3845] all outputs exist; skipping HLS.S30.T11SKA.2021156T183921.v2.0
[3840/8861] [3846] all outputs exist; skipping HLS.S30.T10SGF.2021156T183921.v2.0
[3841/8861] [3847] all outputs exist; skipping HLS.S30.T10SFF.2021156T183921.v2.0
[3842/8861] [3848] all outputs exist; skipping HLS.S30.T11SLV.2021156T183921.v2.0
[3843/8861] [3849] all outputs exist; skipping HLS.S30.T11SKV.2021156T183921.v2.0
[3844/8861] [3850] all outputs exist; skipping HLS.S30.T10SGE.2021156T183921.v2.0
[3845/8861] [3851] all outputs exist; skipping HLS.S30.T10SFE.2021156T183921.v2.0
[3846/8861] [3852] all outputs exist; skipping HLS.S30.T11SLU.2021156T183921.v2.0
[3847/8861] [3853] all outputs exist; skipping HLS.S30.T11SKU.2021156T183921.v2.0
[3848/8861] [3854] all outputs exist; skipping HLS.S30.T10SGD.2021156T183921.v2.0
[3849/8861] [3855] all outputs exist; skipping HLS.S30.T10SFD.2021156T183921.v2.0
[3850/8861] [3856] all outputs exist; skipping HLS.S30.T11SLT.2021156T183921.v2.0
[3851/8861] [3857] all outputs exist; skipping HLS.S30.T11SKT.2021156T183921.v2.0
[3852/8861] [3822] HLS.S30.T11TNE.2021156T183921.v2.0: SKIP NoDataInBounds (field does not intersect FMASK)
[3853/8861] [3823] HLS.S30.T11TME.2021156T183921.v2.0: SKIP NoDataInBounds (field does not intersect FMASK)
[3854/8861] [3824] HLS.S30.T11TLE.2021156T183921.v2.0: SKIP NoDataInBounds (field does not intersect FMASK)
[3855/8861] [3825] HLS.S30.T11SND.2021156T183921.v2.0: SKIP NoDataInBounds (field does not intersect FMASK)
[3856/8861] [3828] HLS.S30.T11SMD.2021156T183921.v2.0: SKIP NoDataInBounds (field does not intersect FMASK)
[3857/8861] [3829] HLS.S30.T11SLD.2021156T183921.v2.0: SKIP NoDataInBounds (field does not intersect FMASK)
[3858/8861] [3832] HLS.S30.T11SMC.2021156T183921.v2.0: SKIP NoDataInBounds (field does not intersect FMASK)
[3859/8861] [3858] HLS.S30.T10SGC.2021156T183921.v2.0: SKIP NoDataInBounds (field does not intersect FMASK)
[3860/8861] [3859] HLS.L30.T11TQF.2021157T181346.v2.0: SKIP NoDataInBounds (field does not intersect FMASK)
[3861/8861] [3860] HLS.L30.T12TTM.2021157T181346.v2.0: SKIP NoDataInBounds (field does not intersect FMASK)
[3862/8861] [3862] HLS.L30.T12TTL.2021157T181346.v2.0: SKIP NoDataInBounds (field does not intersect FMASK)
[3863/8861] [3861] HLS.L30.T11TQG.2021157T181346.v2.0: SKIP NoDataInBounds (field does not intersect FMASK)
[3864/8861] [3864] HLS.L30.T11TPE.2021157T181409.v2.0: SKIP NoDataInBounds (field does not intersect FMASK)
[3865/8861] [3863] HLS.L30.T11TPF.2021157T181409.v2.0: SKIP NoDataInBounds (field does not intersect FMASK)
[3866/8861] [3865] HLS.L30.T11SPD.2021157T181409.v2.0: SKIP NoDataInBounds (field does not intersect FMASK)
[3867/8861] [3866] HLS.L30.T12TTK.2021157T181409.v2.0: SKIP NoDataInBounds (field does not intersect FMASK)
[3868/8861] [3867] HLS.L30.T11SQD.2021157T181409.v2.0: SKIP NoDataInBounds (field does not intersect FMASK)
[3869/8861] [3868] HLS.L30.T12STJ.2021157T181409.v2.0: SKIP NoDataInBounds (field does not intersect FMASK)
[3870/8861] [3869] HLS.L30.T11TQE.2021157T181409.v2.0: SKIP NoDataInBounds (field does not intersect FMASK)
[3871/8861] [3870] HLS.L30.T11SQC.2021157T181433.v2.0: SKIP NoDataInBounds (field does not intersect FMASK)
[3872/8861] [3871] HLS.L30.T12STH.2021157T181433.v2.0: SKIP NoDataInBounds (field does not intersect FMASK)
[3873/8861] [3879] all outputs exist; skipping HLS.L30.T12STD.2021157T181521.v2.0
[3874/8861] [3880] all outputs exist; skipping HLS.L30.T11SQU.2021157T181521.v2.0
[3875/8861] [3881] all outputs exist; skipping HLS.L30.T11SNA.2021157T181521.v2.0
[3876/8861] [3874] HLS.L30.T11SQA.2021157T181457.v2.0: SKIP NoDataInBounds (field does not intersect FMASK)
[3877/8861] [3883] all outputs exist; skipping HLS.L30.T11SQV.2021157T181521.v2.0
[3878/8861] [3872] HLS.L30.T11SPC.2021157T181433.v2.0: SKIP NoDataInBounds (field does not intersect FMASK)
[3879/8861] [3884] all outputs exist; skipping HLS.L30.T11SPV.2021157T181521.v2.0
[3880/8861] [3885] all outputs exist; skipping HLS.L30.T11SNV.2021157T181521.v2.0
[3881/8861] [3886] all outputs exist; skipping HLS.L30.T11SQT.2021157T181545.v2.0
[3882/8861] [3887] all outputs exist; skipping HLS.L30.T11SPU.2021157T181545.v2.0
[3883/8861] [3888] all outputs exist; skipping HLS.L30.T11SPT.2021157T181545.v2.0
[3884/8861] [3890] all outputs exist; skipping HLS.L30.T11SNT.2021157T181545.v2.0
[3885/8861] [3889] all outputs exist; skipping HLS.L30.T11SNU.2021157T181545.v2.0
[3886/8861] [3891] all outputs exist; skipping HLS.L30.T11SQS.2021157T181609.v2.0
[3887/8861] [3893] all outputs exist; skipping HLS.L30.T11SPS.2021157T181609.v2.0
[3888/8861] [3894] all outputs exist; skipping HLS.L30.T11SNS.2021157T181609.v2.0
[3889/8861] [3873] HLS.L30.T11SQB.2021157T181457.v2.0: SKIP NoDataInBounds (field does not intersect FMASK)
[3890/8861] [3896] all outputs exist; skipping HLS.S30.T11SQV.2021157T180921.v2.0
[3891/8861] [3897] all outputs exist; skipping HLS.S30.T12STD.2021157T180921.v2.0
[3892/8861] [3898] all outputs exist; skipping HLS.S30.T11SQU.2021157T180921.v2.0
[3893/8861] [3899] all outputs exist; skipping HLS.S30.T12STC.2021157T180921.v2.0
[3894/8861] [3900] all outputs exist; skipping HLS.S30.T11SQT.2021157T180921.v2.0
[3895/8861] [3875] HLS.L30.T12STF.2021157T181457.v2.0: SKIP NoDataInBounds (field does not intersect FMASK)
[3896/8861] [3902] all outputs exist; skipping HLS.S30.T11SQS.2021157T180921.v2.0
[3897/8861] [3903] all outputs exist; skipping HLS.S30.T11SPS.2021157T180921.v2.0
[3898/8861] [3904] all outputs exist; skipping HLS.S30.T10TFM.2021157T185919.v2.0
[3899/8861] [3905] all outputs exist; skipping HLS.S30.T10TEM.2021157T185919.v2.0
[3900/8861] [3906] all outputs exist; skipping HLS.S30.T10TDM.2021157T185919.v2.0
[3901/8861] [3907] all outputs exist; skipping HLS.S30.T10TCM.2021157T185919.v2.0
[3902/8861] [3908] all outputs exist; skipping HLS.S30.T10TFL.2021157T185919.v2.0
[3903/8861] [3909] all outputs exist; skipping HLS.S30.T10TEL.2021157T185919.v2.0
[3904/8861] [3910] all outputs exist; skipping HLS.S30.T10TDL.2021157T185919.v2.0
[3905/8861] [3911] all outputs exist; skipping HLS.S30.T10TFK.2021157T185919.v2.0
[3906/8861] [3912] all outputs exist; skipping HLS.S30.T10TCL.2021157T185919.v2.0
[3907/8861] [3913] all outputs exist; skipping HLS.S30.T10TEK.2021157T185919.v2.0
[3908/8861] [3914] all outputs exist; skipping HLS.S30.T10TDK.2021157T185919.v2.0
[3909/8861] [3915] all outputs exist; skipping HLS.S30.T10TCK.2021157T185919.v2.0
[3910/8861] [3916] all outputs exist; skipping HLS.S30.T10SEJ.2021157T185919.v2.0
[3911/8861] [3917] all outputs exist; skipping HLS.S30.T10SDJ.2021157T185919.v2.0
[3912/8861] [3918] all outputs exist; skipping HLS.S30.T10SEH.2021157T185919.v2.0
[3913/8861] [3919] all outputs exist; skipping HLS.S30.T10SDH.2021157T185919.v2.0
[3914/8861] [3920] all outputs exist; skipping HLS.S30.T10SEG.2021157T185919.v2.0
[3915/8861] [3876] HLS.L30.T11SPB.2021157T181457.v2.0: SKIP NoDataInBounds (field does not intersect FMASK)
[3916/8861] [3922] all outputs exist; skipping HLS.S30.T10SEF.2021157T185919.v2.0
[3917/8861] [3882] HLS.L30.T12STE.2021157T181521.v2.0: SKIP NoDataInBounds (field does not intersect FMASK)
[3918/8861] [3877] HLS.L30.T11SPA.2021157T181457.v2.0: SKIP NoDataInBounds (field does not intersect FMASK)
[3919/8861] [3878] HLS.L30.T12STG.2021157T181457.v2.0: SKIP NoDataInBounds (field does not intersect FMASK)
[3920/8861] [3895] HLS.S30.T12STE.2021157T180921.v2.0: SKIP NoDataInBounds (field does not intersect FMASK)
[3921/8861] [3892] HLS.L30.T11SNR.2021157T181609.v2.0: SKIP NoDataInBounds (field does not intersect FMASK)
[3922/8861] [3901] HLS.S30.T12STB.2021157T180921.v2.0: SKIP NoDataInBounds (field does not intersect FMASK)
[3923/8861] [3921] HLS.S30.T10SDG.2021157T185919.v2.0: SKIP NoDataInBounds (field does not intersect FMASK)
[3924/8861] [3923] HLS.S30.T11TQG.2021158T182919.v2.0: SKIP NoDataInBounds (field does not intersect FMASK)
[3925/8861] [3924] HLS.S30.T12TTM.2021158T182919.v2.0: SKIP NoDataInBounds (field does not intersect FMASK)
[3926/8861] [3926] HLS.S30.T11TNG.2021158T182919.v2.0: SKIP NoDataInBounds (field does not intersect FMASK)
[3927/8861] [3925] HLS.S30.T11TPG.2021158T182919.v2.0: SKIP NoDataInBounds (field does not intersect FMASK)
[3928/8861] [3927] HLS.S30.T11TMG.2021158T182919.v2.0: SKIP NoDataInBounds (field does not intersect FMASK)
[3929/8861] [3928] HLS.S30.T12TTL.2021158T182919.v2.0: SKIP NoDataInBounds (field does not intersect FMASK)
[3930/8861] [3929] HLS.S30.T11TQF.2021158T182919.v2.0: SKIP NoDataInBounds (field does not intersect FMASK)
[3931/8861] [3930] HLS.S30.T11TPF.2021158T182919.v2.0: SKIP NoDataInBounds (field does not intersect FMASK)
[3932/8861] [3931] HLS.S30.T11TNF.2021158T182919.v2.0: SKIP NoDataInBounds (field does not intersect FMASK)
[3933/8861] [3933] HLS.S30.T12TTK.2021158T182919.v2.0: SKIP NoDataInBounds (field does not intersect FMASK)
[3934/8861] [3932] HLS.S30.T11TMF.2021158T182919.v2.0: SKIP NoDataInBounds (field does not intersect FMASK)
[3935/8861] [3934] HLS.S30.T11TQE.2021158T182919.v2.0: SKIP NoDataInBounds (field does not intersect FMASK)
[3936/8861] [3935] HLS.S30.T11TPE.2021158T182919.v2.0: SKIP NoDataInBounds (field does not intersect FMASK)
[3937/8861] [3937] HLS.S30.T12STJ.2021158T182919.v2.0: SKIP NoDataInBounds (field does not intersect FMASK)
[3938/8861] [3936] HLS.S30.T11TNE.2021158T182919.v2.0: SKIP NoDataInBounds (field does not intersect FMASK)
[3939/8861] [3938] HLS.S30.T11TME.2021158T182919.v2.0: SKIP NoDataInBounds (field does not intersect FMASK)
[3940/8861] [3939] HLS.S30.T11SQD.2021158T182919.v2.0: SKIP NoDataInBounds (field does not intersect FMASK)
[3941/8861] [3947] all outputs exist; skipping HLS.S30.T11SLC.2021158T182919.v2.0
[3942/8861] [3940] HLS.S30.T11SPD.2021158T182919.v2.0: SKIP NoDataInBounds (field does not intersect FMASK)
[3943/8861] [3941] HLS.S30.T11SND.2021158T182919.v2.0: SKIP NoDataInBounds (field does not intersect FMASK)
[3944/8861] [3950] all outputs exist; skipping HLS.S30.T11SMB.2021158T182919.v2.0
[3945/8861] [3951] all outputs exist; skipping HLS.S30.T11SLB.2021158T182919.v2.0
[3946/8861] [3942] HLS.S30.T11SMD.2021158T182919.v2.0: SKIP NoDataInBounds (field does not intersect FMASK)
[3947/8861] [3953] all outputs exist; skipping HLS.S30.T11SNA.2021158T182919.v2.0
[3948/8861] [3954] all outputs exist; skipping HLS.S30.T11SMA.2021158T182919.v2.0
[3949/8861] [3955] all outputs exist; skipping HLS.S30.T11SLA.2021158T182919.v2.0
[3950/8861] [3956] all outputs exist; skipping HLS.S30.T11SPV.2021158T182919.v2.0
[3951/8861] [3957] all outputs exist; skipping HLS.S30.T11SNV.2021158T182919.v2.0
[3952/8861] [3958] all outputs exist; skipping HLS.S30.T11SNU.2021158T182919.v2.0
[3953/8861] [3959] all outputs exist; skipping HLS.S30.T11SLU.2021158T182919.v2.0
[3954/8861] [3960] all outputs exist; skipping HLS.S30.T11SKU.2021158T182919.v2.0
[3955/8861] [3961] all outputs exist; skipping HLS.S30.T11SNT.2021158T182919.v2.0
[3956/8861] [3962] all outputs exist; skipping HLS.S30.T11SKT.2021158T182919.v2.0
[3957/8861] [3963] all outputs exist; skipping HLS.S30.T11SNS.2021158T182919.v2.0
[3958/8861] [3943] HLS.S30.T11SPC.2021158T182919.v2.0: SKIP NoDataInBounds (field does not intersect FMASK)
[3959/8861] [3965] all outputs exist; skipping HLS.L30.T10TEM.2021158T185638.v2.0
[3960/8861] [3966] all outputs exist; skipping HLS.L30.T10TDM.2021158T185638.v2.0
[3961/8861] [3967] all outputs exist; skipping HLS.L30.T10TEL.2021158T185702.v2.0
[3962/8861] [3968] all outputs exist; skipping HLS.L30.T10TDL.2021158T185702.v2.0
[3963/8861] [3969] all outputs exist; skipping HLS.L30.T10TCL.2021158T185702.v2.0
[3964/8861] [3970] all outputs exist; skipping HLS.L30.T10TCM.2021158T185702.v2.0
[3965/8861] [3971] all outputs exist; skipping HLS.L30.T10TDK.2021158T185726.v2.0
[3966/8861] [3972] all outputs exist; skipping HLS.L30.T10TCK.2021158T185726.v2.0
[3967/8861] [3973] all outputs exist; skipping HLS.L30.T10SDJ.2021158T185726.v2.0
[3968/8861] [3974] all outputs exist; skipping HLS.L30.T10SDH.2021158T185749.v2.0
[3969/8861] [3944] HLS.S30.T11SLD.2021158T182919.v2.0: SKIP NoDataInBounds (field does not intersect FMASK)
[3970/8861] [3976] all outputs exist; skipping HLS.S30.T10TGM.2021159T184921.v2.0
[3971/8861] [3977] all outputs exist; skipping HLS.S30.T11TKG.2021159T184921.v2.0
[3972/8861] [3978] all outputs exist; skipping HLS.S30.T10TFM.2021159T184921.v2.0
[3973/8861] [3979] all outputs exist; skipping HLS.S30.T10TEM.2021159T184921.v2.0
[3974/8861] [3945] HLS.S30.T11SNC.2021158T182919.v2.0: SKIP NoDataInBounds (field does not intersect FMASK)
[3975/8861] [3981] all outputs exist; skipping HLS.S30.T11TKF.2021159T184921.v2.0
[3976/8861] [3982] all outputs exist; skipping HLS.S30.T10TGL.2021159T184921.v2.0
[3977/8861] [3983] all outputs exist; skipping HLS.S30.T10TFL.2021159T184921.v2.0
[3978/8861] [3946] HLS.S30.T11SMC.2021158T182919.v2.0: SKIP NoDataInBounds (field does not intersect FMASK)
[3979/8861] [3985] all outputs exist; skipping HLS.S30.T10TEL.2021159T184921.v2.0
[3980/8861] [3986] all outputs exist; skipping HLS.S30.T11TKE.2021159T184921.v2.0
[3981/8861] [3987] all outputs exist; skipping HLS.S30.T10TGK.2021159T184921.v2.0
[3982/8861] [3988] all outputs exist; skipping HLS.S30.T10TFK.2021159T184921.v2.0
[3983/8861] [3989] all outputs exist; skipping HLS.S30.T10TEK.2021159T184921.v2.0
[3984/8861] [3990] all outputs exist; skipping HLS.S30.T11SKD.2021159T184921.v2.0
[3985/8861] [3991] all outputs exist; skipping HLS.S30.T10SGJ.2021159T184921.v2.0
[3986/8861] [3992] all outputs exist; skipping HLS.S30.T10SFJ.2021159T184921.v2.0
[3987/8861] [3993] all outputs exist; skipping HLS.S30.T10SEJ.2021159T184921.v2.0
[3988/8861] [3994] all outputs exist; skipping HLS.S30.T10SDJ.2021159T184921.v2.0
[3989/8861] [3995] all outputs exist; skipping HLS.S30.T11SKC.2021159T184921.v2.0
[3990/8861] [3996] all outputs exist; skipping HLS.S30.T10SGH.2021159T184921.v2.0
[3991/8861] [3997] all outputs exist; skipping HLS.S30.T10SFH.2021159T184921.v2.0
[3992/8861] [3998] all outputs exist; skipping HLS.S30.T10SEH.2021159T184921.v2.0
[3993/8861] [3999] all outputs exist; skipping HLS.S30.T10SDH.2021159T184921.v2.0
[3994/8861] [4000] all outputs exist; skipping HLS.S30.T11SKB.2021159T184921.v2.0
[3995/8861] [4001] all outputs exist; skipping HLS.S30.T10SGG.2021159T184921.v2.0
[3996/8861] [4002] all outputs exist; skipping HLS.S30.T10SFG.2021159T184921.v2.0
[3997/8861] [4003] all outputs exist; skipping HLS.S30.T11SKA.2021159T184921.v2.0
[3998/8861] [4004] all outputs exist; skipping HLS.S30.T10SEG.2021159T184921.v2.0
[3999/8861] [3948] HLS.S30.T11SPB.2021158T182919.v2.0: SKIP NoDataInBounds (field does not intersect FMASK)
[4000/8861] [4006] all outputs exist; skipping HLS.S30.T10SGF.2021159T184921.v2.0
[4001/8861] [4007] all outputs exist; skipping HLS.S30.T10SFF.2021159T184921.v2.0
[4002/8861] [4008] all outputs exist; skipping HLS.S30.T10SEF.2021159T184921.v2.0
[4003/8861] [4009] all outputs exist; skipping HLS.S30.T10SGE.2021159T184921.v2.0
[4004/8861] [4010] all outputs exist; skipping HLS.S30.T10SFE.2021159T184921.v2.0
[4005/8861] [4011] all outputs exist; skipping HLS.S30.T10SFD.2021159T184921.v2.0
[4006/8861] [3949] HLS.S30.T11SNB.2021158T182919.v2.0: SKIP NoDataInBounds (field does not intersect FMASK)
[4007/8861] [3952] HLS.S30.T11SPA.2021158T182919.v2.0: SKIP NoDataInBounds (field does not intersect FMASK)
[4008/8861] [3964] HLS.S30.T11SLS.2021158T182919.v2.0: SKIP NoDataInBounds (field does not intersect FMASK)
[4009/8861] [3980] HLS.S30.T11TLF.2021159T184921.v2.0: SKIP NoDataInBounds (field does not intersect FMASK)
[4010/8861] [3975] HLS.S30.T11TLG.2021159T184921.v2.0: SKIP NoDataInBounds (field does not intersect FMASK)
[4011/8861] [3984] HLS.S30.T11TLE.2021159T184921.v2.0: SKIP NoDataInBounds (field does not intersect FMASK)
[4012/8861] [4005] HLS.S30.T10SDG.2021159T184921.v2.0: SKIP NoDataInBounds (field does not intersect FMASK)
[4013/8861] [4012] HLS.S30.T11TQG.2021160T181921.v2.0: SKIP NoDataInBounds (field does not intersect FMASK)
[4014/8861] [4013] HLS.S30.T12TTM.2021160T181921.v2.0: SKIP NoDataInBounds (field does not intersect FMASK)
[4015/8861] [4014] HLS.S30.T11TPG.2021160T181921.v2.0: SKIP NoDataInBounds (field does not intersect FMASK)
[4016/8861] [4015] HLS.S30.T12TTL.2021160T181921.v2.0: SKIP NoDataInBounds (field does not intersect FMASK)
[4017/8861] [4017] HLS.S30.T11TPF.2021160T181921.v2.0: SKIP NoDataInBounds (field does not intersect FMASK)
[4018/8861] [4016] HLS.S30.T11TQF.2021160T181921.v2.0: SKIP NoDataInBounds (field does not intersect FMASK)
[4019/8861] [4019] HLS.S30.T11TQE.2021160T181921.v2.0: SKIP NoDataInBounds (field does not intersect FMASK)
[4020/8861] [4018] HLS.S30.T12TTK.2021160T181921.v2.0: SKIP NoDataInBounds (field does not intersect FMASK)
[4021/8861] [4020] HLS.S30.T11TPE.2021160T181921.v2.0: SKIP NoDataInBounds (field does not intersect FMASK)
[4022/8861] [4021] HLS.S30.T12STJ.2021160T181921.v2.0: SKIP NoDataInBounds (field does not intersect FMASK)
[4023/8861] [4022] HLS.S30.T11SQD.2021160T181921.v2.0: SKIP NoDataInBounds (field does not intersect FMASK)
[4024/8861] [4023] HLS.S30.T11SPD.2021160T181921.v2.0: SKIP NoDataInBounds (field does not intersect FMASK)
[4025/8861] [4024] HLS.S30.T12STH.2021160T181921.v2.0: SKIP NoDataInBounds (field does not intersect FMASK)
[4026/8861] [4025] HLS.S30.T11SQC.2021160T181921.v2.0: SKIP NoDataInBounds (field does not intersect FMASK)
[4027/8861] [4027] HLS.S30.T11SNC.2021160T181921.v2.0: SKIP NoDataInBounds (field does not intersect FMASK)
[4028/8861] [4026] HLS.S30.T11SPC.2021160T181921.v2.0: SKIP NoDataInBounds (field does not intersect FMASK)
[4029/8861] [4035] all outputs exist; skipping HLS.S30.T11SNA.2021160T181921.v2.0
[4030/8861] [4028] HLS.S30.T12STG.2021160T181921.v2.0: SKIP NoDataInBounds (field does not intersect FMASK)
[4031/8861] [4037] all outputs exist; skipping HLS.S30.T11SQV.2021160T181921.v2.0
[4032/8861] [4038] all outputs exist; skipping HLS.S30.T11SPV.2021160T181921.v2.0
[4033/8861] [4039] all outputs exist; skipping HLS.S30.T11SNV.2021160T181921.v2.0
[4034/8861] [4040] all outputs exist; skipping HLS.S30.T12STD.2021160T181921.v2.0
[4035/8861] [4041] all outputs exist; skipping HLS.S30.T11SQU.2021160T181921.v2.0
[4036/8861] [4042] all outputs exist; skipping HLS.S30.T11SPU.2021160T181921.v2.0
[4037/8861] [4043] all outputs exist; skipping HLS.S30.T11SNU.2021160T181921.v2.0
[4038/8861] [4044] all outputs exist; skipping HLS.S30.T12STC.2021160T181921.v2.0
[4039/8861] [4045] all outputs exist; skipping HLS.S30.T11SQT.2021160T181921.v2.0
[4040/8861] [4046] all outputs exist; skipping HLS.S30.T11SPT.2021160T181921.v2.0
[4041/8861] [4047] all outputs exist; skipping HLS.S30.T11SNT.2021160T181921.v2.0
[4042/8861] [4029] HLS.S30.T11SQB.2021160T181921.v2.0: SKIP NoDataInBounds (field does not intersect FMASK)
[4043/8861] [4049] all outputs exist; skipping HLS.S30.T11SMT.2021160T181921.v2.0
[4044/8861] [4050] all outputs exist; skipping HLS.S30.T11SQS.2021160T181921.v2.0
[4045/8861] [4051] all outputs exist; skipping HLS.S30.T11SPS.2021160T181921.v2.0
[4046/8861] [4052] all outputs exist; skipping HLS.S30.T11SNS.2021160T181921.v2.0
[4047/8861] [4053] all outputs exist; skipping HLS.S30.T11SMS.2021160T181921.v2.0
[4048/8861] [4030] HLS.S30.T11SPB.2021160T181921.v2.0: SKIP NoDataInBounds (field does not intersect FMASK)
[4049/8861] [4055] all outputs exist; skipping HLS.S30.T11SMR.2021160T181921.v2.0
[4050/8861] [4056] all outputs exist; skipping HLS.L30.T11TKG.2021160T184417.v2.0
[4051/8861] [4057] all outputs exist; skipping HLS.L30.T10TGM.2021160T184417.v2.0
[4052/8861] [4058] all outputs exist; skipping HLS.L30.T10TEM.2021160T184441.v2.0
[4053/8861] [4059] all outputs exist; skipping HLS.L30.T10TFL.2021160T184441.v2.0
[4054/8861] [4060] all outputs exist; skipping HLS.L30.T10TFM.2021160T184441.v2.0
[4055/8861] [4061] all outputs exist; skipping HLS.L30.T10TGL.2021160T184441.v2.0
[4056/8861] [4062] all outputs exist; skipping HLS.L30.T11TKF.2021160T184441.v2.0
[4057/8861] [4063] all outputs exist; skipping HLS.L30.T10TEL.2021160T184441.v2.0
[4058/8861] [4064] all outputs exist; skipping HLS.L30.T10SGJ.2021160T184505.v2.0
[4059/8861] [4065] all outputs exist; skipping HLS.L30.T10TGK.2021160T184505.v2.0
[4060/8861] [4066] all outputs exist; skipping HLS.L30.T11SKD.2021160T184505.v2.0
[4061/8861] [4067] all outputs exist; skipping HLS.L30.T10SFJ.2021160T184505.v2.0
[4062/8861] [4068] all outputs exist; skipping HLS.L30.T11TKE.2021160T184505.v2.0
[4063/8861] [4069] all outputs exist; skipping HLS.L30.T10TEK.2021160T184505.v2.0
[4064/8861] [4070] all outputs exist; skipping HLS.L30.T10TFK.2021160T184505.v2.0
[4065/8861] [4071] all outputs exist; skipping HLS.L30.T10SEJ.2021160T184505.v2.0
[4066/8861] [4072] all outputs exist; skipping HLS.L30.T10SEH.2021160T184529.v2.0
[4067/8861] [4073] all outputs exist; skipping HLS.L30.T10SFH.2021160T184529.v2.0
[4068/8861] [4074] all outputs exist; skipping HLS.L30.T10SGH.2021160T184529.v2.0
[4069/8861] [4075] all outputs exist; skipping HLS.L30.T10SDH.2021160T184529.v2.0
[4070/8861] [4031] HLS.S30.T11SNB.2021160T181921.v2.0: SKIP NoDataInBounds (field does not intersect FMASK)
[4071/8861] [4077] all outputs exist; skipping HLS.L30.T10SEG.2021160T184553.v2.0
[4072/8861] [4078] all outputs exist; skipping HLS.L30.T10SFF.2021160T184553.v2.0
[4073/8861] [4079] all outputs exist; skipping HLS.L30.T10SEF.2021160T184553.v2.0
[4074/8861] [4080] all outputs exist; skipping HLS.L30.T10SFG.2021160T184553.v2.0
[4075/8861] [4081] all outputs exist; skipping HLS.L30.T10SFD.2021160T184616.v2.0
[4076/8861] [4082] all outputs exist; skipping HLS.L30.T10SFE.2021160T184616.v2.0
[4077/8861] [4083] all outputs exist; skipping HLS.S30.T10TDM.2021160T190919.v2.0
[4078/8861] [4084] all outputs exist; skipping HLS.S30.T10TCM.2021160T190919.v2.0
[4079/8861] [4085] all outputs exist; skipping HLS.S30.T10TDL.2021160T190919.v2.0
[4080/8861] [4086] all outputs exist; skipping HLS.S30.T10TDK.2021160T190919.v2.0
[4081/8861] [4032] HLS.S30.T12STF.2021160T181921.v2.0: SKIP NoDataInBounds (field does not intersect FMASK)
[4082/8861] [4033] HLS.S30.T11SQA.2021160T181921.v2.0: SKIP NoDataInBounds (field does not intersect FMASK)
[4083/8861] [4036] HLS.S30.T12STE.2021160T181921.v2.0: SKIP NoDataInBounds (field does not intersect FMASK)
[4084/8861] [4090] all outputs exist; skipping HLS.S30.T10TGM.2021161T183919.v2.0
[4085/8861] [4034] HLS.S30.T11SPA.2021160T181921.v2.0: SKIP NoDataInBounds (field does not intersect FMASK)
[4086/8861] [4091] all outputs exist; skipping HLS.S30.T11TKG.2021161T183919.v2.0
[4087/8861] [4048] HLS.S30.T12STB.2021160T181921.v2.0: SKIP NoDataInBounds (field does not intersect FMASK)
[4088/8861] [4054] HLS.S30.T11SNR.2021160T181921.v2.0: SKIP NoDataInBounds (field does not intersect FMASK)
[4089/8861] [4095] all outputs exist; skipping HLS.S30.T11TKF.2021161T183919.v2.0
[4090/8861] [4096] all outputs exist; skipping HLS.S30.T10TGL.2021161T183919.v2.0
[4091/8861] [4076] HLS.L30.T10SDG.2021160T184553.v2.0: SKIP NoDataInBounds (field does not intersect FMASK)
[4092/8861] [4087] HLS.S30.T11TNG.2021161T183919.v2.0: SKIP NoDataInBounds (field does not intersect FMASK)
[4093/8861] [4088] HLS.S30.T11TMG.2021161T183919.v2.0: SKIP NoDataInBounds (field does not intersect FMASK)
[4094/8861] [4092] HLS.S30.T11TNF.2021161T183919.v2.0: SKIP NoDataInBounds (field does not intersect FMASK)
[4095/8861] [4101] all outputs exist; skipping HLS.S30.T11TKE.2021161T183919.v2.0
[4096/8861] [4102] all outputs exist; skipping HLS.S30.T10TGK.2021161T183919.v2.0
[4097/8861] [4089] HLS.S30.T11TLG.2021161T183919.v2.0: SKIP NoDataInBounds (field does not intersect FMASK)
[4098/8861] [4093] HLS.S30.T11TMF.2021161T183919.v2.0: SKIP NoDataInBounds (field does not intersect FMASK)
[4099/8861] [4105] all outputs exist; skipping HLS.S30.T11SKD.2021161T183919.v2.0
[4100/8861] [4106] all outputs exist; skipping HLS.S30.T10SGJ.2021161T183919.v2.0
[4101/8861] [4094] HLS.S30.T11TLF.2021161T183919.v2.0: SKIP NoDataInBounds (field does not intersect FMASK)
[4102/8861] [4108] all outputs exist; skipping HLS.S30.T10SFJ.2021161T183919.v2.0
[4103/8861] [4109] all outputs exist; skipping HLS.S30.T11SLC.2021161T183919.v2.0
[4104/8861] [4110] all outputs exist; skipping HLS.S30.T11SKC.2021161T183919.v2.0
[4105/8861] [4111] all outputs exist; skipping HLS.S30.T10SGH.2021161T183919.v2.0
[4106/8861] [4112] all outputs exist; skipping HLS.S30.T10SFH.2021161T183919.v2.0
[4107/8861] [4113] all outputs exist; skipping HLS.S30.T11SMB.2021161T183919.v2.0
[4108/8861] [4114] all outputs exist; skipping HLS.S30.T11SLB.2021161T183919.v2.0
[4109/8861] [4115] all outputs exist; skipping HLS.S30.T11SKB.2021161T183919.v2.0
[4110/8861] [4116] all outputs exist; skipping HLS.S30.T10SGG.2021161T183919.v2.0
[4111/8861] [4117] all outputs exist; skipping HLS.S30.T11SMA.2021161T183919.v2.0
[4112/8861] [4118] all outputs exist; skipping HLS.S30.T10SFG.2021161T183919.v2.0
[4113/8861] [4119] all outputs exist; skipping HLS.S30.T11SLA.2021161T183919.v2.0
[4114/8861] [4120] all outputs exist; skipping HLS.S30.T11SKA.2021161T183919.v2.0
[4115/8861] [4121] all outputs exist; skipping HLS.S30.T10SGF.2021161T183919.v2.0
[4116/8861] [4122] all outputs exist; skipping HLS.S30.T10SFF.2021161T183919.v2.0
[4117/8861] [4123] all outputs exist; skipping HLS.S30.T11SLV.2021161T183919.v2.0
[4118/8861] [4124] all outputs exist; skipping HLS.S30.T11SKV.2021161T183919.v2.0
[4119/8861] [4125] all outputs exist; skipping HLS.S30.T10SGE.2021161T183919.v2.0
[4120/8861] [4126] all outputs exist; skipping HLS.S30.T10SFE.2021161T183919.v2.0
[4121/8861] [4127] all outputs exist; skipping HLS.S30.T11SLU.2021161T183919.v2.0
[4122/8861] [4128] all outputs exist; skipping HLS.S30.T11SKU.2021161T183919.v2.0
[4123/8861] [4129] all outputs exist; skipping HLS.S30.T10SGD.2021161T183919.v2.0
[4124/8861] [4130] all outputs exist; skipping HLS.S30.T10SFD.2021161T183919.v2.0
[4125/8861] [4131] all outputs exist; skipping HLS.S30.T11SLT.2021161T183919.v2.0
[4126/8861] [4132] all outputs exist; skipping HLS.S30.T11SKT.2021161T183919.v2.0
[4127/8861] [4097] HLS.S30.T11TNE.2021161T183919.v2.0: SKIP NoDataInBounds (field does not intersect FMASK)
[4128/8861] [4098] HLS.S30.T11TME.2021161T183919.v2.0: SKIP NoDataInBounds (field does not intersect FMASK)
[4129/8861] [4099] HLS.S30.T11TLE.2021161T183919.v2.0: SKIP NoDataInBounds (field does not intersect FMASK)
[4130/8861] [4100] HLS.S30.T11SND.2021161T183919.v2.0: SKIP NoDataInBounds (field does not intersect FMASK)
[4131/8861] [4137] all outputs exist; skipping HLS.S30.T11SQV.2021162T180919.v2.0
[4132/8861] [4138] all outputs exist; skipping HLS.S30.T12STD.2021162T180919.v2.0
[4133/8861] [4139] all outputs exist; skipping HLS.S30.T11SQU.2021162T180919.v2.0
[4134/8861] [4140] all outputs exist; skipping HLS.S30.T12STC.2021162T180919.v2.0
[4135/8861] [4141] all outputs exist; skipping HLS.S30.T11SQT.2021162T180919.v2.0
[4136/8861] [4103] HLS.S30.T11SMD.2021161T183919.v2.0: SKIP NoDataInBounds (field does not intersect FMASK)
[4137/8861] [4143] all outputs exist; skipping HLS.S30.T11SQS.2021162T180919.v2.0
[4138/8861] [4144] all outputs exist; skipping HLS.S30.T11SPS.2021162T180919.v2.0
[4139/8861] [4104] HLS.S30.T11SLD.2021161T183919.v2.0: SKIP NoDataInBounds (field does not intersect FMASK)
[4140/8861] [4107] HLS.S30.T11SMC.2021161T183919.v2.0: SKIP NoDataInBounds (field does not intersect FMASK)
[4141/8861] [4134] HLS.S30.T11SLS.2021161T183919.v2.0: SKIP NoDataInBounds (field does not intersect FMASK)
[4142/8861] [4133] HLS.S30.T10SGC.2021161T183919.v2.0: SKIP NoDataInBounds (field does not intersect FMASK)
[4143/8861] [4135] HLS.S30.T11SKS.2021161T183919.v2.0: SKIP NoDataInBounds (field does not intersect FMASK)
[4144/8861] [4136] HLS.S30.T12STE.2021162T180919.v2.0: SKIP NoDataInBounds (field does not intersect FMASK)
[4145/8861] [4151] all outputs exist; skipping HLS.L30.T11TKE.2021162T183244.v2.0
[4146/8861] [4152] all outputs exist; skipping HLS.L30.T10TGK.2021162T183244.v2.0
[4147/8861] [4142] HLS.S30.T12STB.2021162T180919.v2.0: SKIP NoDataInBounds (field does not intersect FMASK)
[4148/8861] [4145] HLS.L30.T11TNG.2021162T183156.v2.0: SKIP NoDataInBounds (field does not intersect FMASK)
[4149/8861] [4146] HLS.L30.T11TMG.2021162T183156.v2.0: SKIP NoDataInBounds (field does not intersect FMASK)
[4150/8861] [4147] HLS.L30.T11TNF.2021162T183220.v2.0: SKIP NoDataInBounds (field does not intersect FMASK)
[4151/8861] [4157] all outputs exist; skipping HLS.L30.T11SKD.2021162T183244.v2.0
[4152/8861] [4148] HLS.L30.T11TLG.2021162T183220.v2.0: SKIP NoDataInBounds (field does not intersect FMASK)
[4153/8861] [4159] all outputs exist; skipping HLS.L30.T10SGJ.2021162T183308.v2.0
[4154/8861] [4149] HLS.L30.T11TMF.2021162T183220.v2.0: SKIP NoDataInBounds (field does not intersect FMASK)
[4155/8861] [4161] all outputs exist; skipping HLS.L30.T10SGH.2021162T183308.v2.0
[4156/8861] [4162] all outputs exist; skipping HLS.L30.T11SLC.2021162T183308.v2.0
[4157/8861] [4163] all outputs exist; skipping HLS.L30.T11SKC.2021162T183308.v2.0
[4158/8861] [4164] all outputs exist; skipping HLS.L30.T11SKA.2021162T183332.v2.0
[4159/8861] [4165] all outputs exist; skipping HLS.L30.T11SMB.2021162T183332.v2.0
[4160/8861] [4166] all outputs exist; skipping HLS.L30.T11SKB.2021162T183332.v2.0
[4161/8861] [4167] all outputs exist; skipping HLS.L30.T10SGG.2021162T183332.v2.0
[4162/8861] [4168] all outputs exist; skipping HLS.L30.T10SGF.2021162T183332.v2.0
[4163/8861] [4169] all outputs exist; skipping HLS.L30.T11SLA.2021162T183332.v2.0
[4164/8861] [4170] all outputs exist; skipping HLS.L30.T11SLB.2021162T183332.v2.0
[4165/8861] [4171] all outputs exist; skipping HLS.L30.T11SKV.2021162T183356.v2.0
[4166/8861] [4172] all outputs exist; skipping HLS.L30.T10SGE.2021162T183356.v2.0
[4167/8861] [4173] all outputs exist; skipping HLS.L30.T11SLU.2021162T183356.v2.0
[4168/8861] [4174] all outputs exist; skipping HLS.L30.T11SLV.2021162T183356.v2.0
[4169/8861] [4175] all outputs exist; skipping HLS.L30.T11SKU.2021162T183356.v2.0
[4170/8861] [4176] all outputs exist; skipping HLS.L30.T11SLT.2021162T183419.v2.0
[4171/8861] [4177] all outputs exist; skipping HLS.L30.T10SFE.2021162T183419.v2.0
[4172/8861] [4178] all outputs exist; skipping HLS.L30.T10SGD.2021162T183419.v2.0
[4173/8861] [4179] all outputs exist; skipping HLS.L30.T11SKT.2021162T183419.v2.0
[4174/8861] [4180] all outputs exist; skipping HLS.L30.T10SFD.2021162T183419.v2.0
[4175/8861] [4153] HLS.L30.T11TLE.2021162T183244.v2.0: SKIP NoDataInBounds (field does not intersect FMASK)
[4176/8861] [4150] HLS.L30.T11TLF.2021162T183220.v2.0: SKIP NoDataInBounds (field does not intersect FMASK)
[4177/8861] [4183] all outputs exist; skipping HLS.S30.T10TFM.2021162T185921.v2.0
[4178/8861] [4184] all outputs exist; skipping HLS.S30.T10TEM.2021162T185921.v2.0
[4179/8861] [4185] all outputs exist; skipping HLS.S30.T10TFL.2021162T185921.v2.0
[4180/8861] [4186] all outputs exist; skipping HLS.S30.T10TEL.2021162T185921.v2.0
[4181/8861] [4187] all outputs exist; skipping HLS.S30.T10TDL.2021162T185921.v2.0
[4182/8861] [4188] all outputs exist; skipping HLS.S30.T10TFK.2021162T185921.v2.0
[4183/8861] [4189] all outputs exist; skipping HLS.S30.T10TEK.2021162T185921.v2.0
[4184/8861] [4190] all outputs exist; skipping HLS.S30.T10SEJ.2021162T185921.v2.0
[4185/8861] [4191] all outputs exist; skipping HLS.S30.T10SDJ.2021162T185921.v2.0
[4186/8861] [4192] all outputs exist; skipping HLS.S30.T10SEH.2021162T185921.v2.0
[4187/8861] [4193] all outputs exist; skipping HLS.S30.T10SDH.2021162T185921.v2.0
[4188/8861] [4194] all outputs exist; skipping HLS.S30.T10SEG.2021162T185921.v2.0
[4189/8861] [4154] HLS.L30.T11SMD.2021162T183244.v2.0: SKIP NoDataInBounds (field does not intersect FMASK)
[4190/8861] [4196] all outputs exist; skipping HLS.S30.T10SEF.2021162T185921.v2.0
[4191/8861] [4155] HLS.L30.T11TME.2021162T183244.v2.0: SKIP NoDataInBounds (field does not intersect FMASK)
[4192/8861] [4156] HLS.L30.T11TNE.2021162T183244.v2.0: SKIP NoDataInBounds (field does not intersect FMASK)
[4193/8861] [4158] HLS.L30.T11SLD.2021162T183244.v2.0: SKIP NoDataInBounds (field does not intersect FMASK)
[4194/8861] [4160] HLS.L30.T11SMC.2021162T183308.v2.0: SKIP NoDataInBounds (field does not intersect FMASK)
[4195/8861] [4181] HLS.L30.T10SGC.2021162T183419.v2.0: SKIP NoDataInBounds (field does not intersect FMASK)
[4196/8861] [4182] HLS.L30.T11SKS.2021162T183443.v2.0: SKIP NoDataInBounds (field does not intersect FMASK)
[4197/8861] [4195] HLS.S30.T10SDG.2021162T185921.v2.0: SKIP NoDataInBounds (field does not intersect FMASK)
[4198/8861] [4197] HLS.S30.T11TQG.2021163T182921.v2.0: SKIP NoDataInBounds (field does not intersect FMASK)
[4199/8861] [4198] HLS.S30.T12TTM.2021163T182921.v2.0: SKIP NoDataInBounds (field does not intersect FMASK)
[4200/8861] [4199] HLS.S30.T11TPG.2021163T182921.v2.0: SKIP NoDataInBounds (field does not intersect FMASK)
[4201/8861] [4200] HLS.S30.T11TNG.2021163T182921.v2.0: SKIP NoDataInBounds (field does not intersect FMASK)
[4202/8861] [4202] HLS.S30.T12TTL.2021163T182921.v2.0: SKIP NoDataInBounds (field does not intersect FMASK)
[4203/8861] [4201] HLS.S30.T11TMG.2021163T182921.v2.0: SKIP NoDataInBounds (field does not intersect FMASK)
[4204/8861] [4203] HLS.S30.T11TQF.2021163T182921.v2.0: SKIP NoDataInBounds (field does not intersect FMASK)
[4205/8861] [4204] HLS.S30.T11TPF.2021163T182921.v2.0: SKIP NoDataInBounds (field does not intersect FMASK)
[4206/8861] [4205] HLS.S30.T11TNF.2021163T182921.v2.0: SKIP NoDataInBounds (field does not intersect FMASK)
[4207/8861] [4206] HLS.S30.T11TMF.2021163T182921.v2.0: SKIP NoDataInBounds (field does not intersect FMASK)
[4208/8861] [4207] HLS.S30.T12TTK.2021163T182921.v2.0: SKIP NoDataInBounds (field does not intersect FMASK)
[4209/8861] [4208] HLS.S30.T11TQE.2021163T182921.v2.0: SKIP NoDataInBounds (field does not intersect FMASK)
[4210/8861] [4210] HLS.S30.T11TNE.2021163T182921.v2.0: SKIP NoDataInBounds (field does not intersect FMASK)
[4211/8861] [4209] HLS.S30.T11TPE.2021163T182921.v2.0: SKIP NoDataInBounds (field does not intersect FMASK)
[4212/8861] [4211] HLS.S30.T12STJ.2021163T182921.v2.0: SKIP NoDataInBounds (field does not intersect FMASK)
[4213/8861] [4212] HLS.S30.T11TME.2021163T182921.v2.0: SKIP NoDataInBounds (field does not intersect FMASK)
[4214/8861] [4213] HLS.S30.T11SQD.2021163T182921.v2.0: SKIP NoDataInBounds (field does not intersect FMASK)
[4215/8861] [4221] all outputs exist; skipping HLS.S30.T11SLC.2021163T182921.v2.0
[4216/8861] [4214] HLS.S30.T11SPD.2021163T182921.v2.0: SKIP NoDataInBounds (field does not intersect FMASK)
[4217/8861] [4215] HLS.S30.T11SND.2021163T182921.v2.0: SKIP NoDataInBounds (field does not intersect FMASK)
[4218/8861] [4224] all outputs exist; skipping HLS.S30.T11SMB.2021163T182921.v2.0
[4219/8861] [4225] all outputs exist; skipping HLS.S30.T11SLB.2021163T182921.v2.0
[4220/8861] [4216] HLS.S30.T11SMD.2021163T182921.v2.0: SKIP NoDataInBounds (field does not intersect FMASK)
[4221/8861] [4227] all outputs exist; skipping HLS.S30.T11SNA.2021163T182921.v2.0
[4222/8861] [4228] all outputs exist; skipping HLS.S30.T11SMA.2021163T182921.v2.0
[4223/8861] [4229] all outputs exist; skipping HLS.S30.T11SLA.2021163T182921.v2.0
[4224/8861] [4230] all outputs exist; skipping HLS.S30.T11SPV.2021163T182921.v2.0
[4225/8861] [4231] all outputs exist; skipping HLS.S30.T11SNV.2021163T182921.v2.0
[4226/8861] [4232] all outputs exist; skipping HLS.S30.T11SPU.2021163T182921.v2.0
[4227/8861] [4233] all outputs exist; skipping HLS.S30.T11SMV.2021163T182921.v2.0
[4228/8861] [4234] all outputs exist; skipping HLS.S30.T11SLV.2021163T182921.v2.0
[4229/8861] [4235] all outputs exist; skipping HLS.S30.T11SNU.2021163T182921.v2.0
[4230/8861] [4236] all outputs exist; skipping HLS.S30.T11SKV.2021163T182921.v2.0
[4231/8861] [4237] all outputs exist; skipping HLS.S30.T11SMU.2021163T182921.v2.0
[4232/8861] [4238] all outputs exist; skipping HLS.S30.T11SLU.2021163T182921.v2.0
[4233/8861] [4239] all outputs exist; skipping HLS.S30.T11SKU.2021163T182921.v2.0
[4234/8861] [4240] all outputs exist; skipping HLS.S30.T11SNT.2021163T182921.v2.0
[4235/8861] [4241] all outputs exist; skipping HLS.S30.T11SMT.2021163T182921.v2.0
[4236/8861] [4242] all outputs exist; skipping HLS.S30.T11SLT.2021163T182921.v2.0
[4237/8861] [4243] all outputs exist; skipping HLS.S30.T11SKT.2021163T182921.v2.0
[4238/8861] [4244] all outputs exist; skipping HLS.S30.T11SNS.2021163T182921.v2.0
[4239/8861] [4217] HLS.S30.T11SPC.2021163T182921.v2.0: SKIP NoDataInBounds (field does not intersect FMASK)
[4240/8861] [4218] HLS.S30.T11SLD.2021163T182921.v2.0: SKIP NoDataInBounds (field does not intersect FMASK)
[4241/8861] [4219] HLS.S30.T11SNC.2021163T182921.v2.0: SKIP NoDataInBounds (field does not intersect FMASK)
[4242/8861] [4248] all outputs exist; skipping HLS.S30.T11SMR.2021163T182921.v2.0
[4243/8861] [4220] HLS.S30.T11SMC.2021163T182921.v2.0: SKIP NoDataInBounds (field does not intersect FMASK)
[4244/8861] [4222] HLS.S30.T11SPB.2021163T182921.v2.0: SKIP NoDataInBounds (field does not intersect FMASK)
[4245/8861] [4226] HLS.S30.T11SPA.2021163T182921.v2.0: SKIP NoDataInBounds (field does not intersect FMASK)
[4246/8861] [4223] HLS.S30.T11SNB.2021163T182921.v2.0: SKIP NoDataInBounds (field does not intersect FMASK)
[4247/8861] [4245] HLS.S30.T11SLS.2021163T182921.v2.0: SKIP NoDataInBounds (field does not intersect FMASK)
[4248/8861] [4246] HLS.S30.T11SKS.2021163T182921.v2.0: SKIP NoDataInBounds (field does not intersect FMASK)
[4249/8861] [4247] HLS.S30.T11SNR.2021163T182921.v2.0: SKIP NoDataInBounds (field does not intersect FMASK)
[4250/8861] [4249] HLS.L30.T11TQG.2021164T181935.v2.0: SKIP NoDataInBounds (field does not intersect FMASK)
[4251/8861] [4250] HLS.L30.T12TTM.2021164T181935.v2.0: SKIP NoDataInBounds (field does not intersect FMASK)
[4252/8861] [4251] HLS.L30.T11TPG.2021164T181959.v2.0: SKIP NoDataInBounds (field does not intersect FMASK)
[4253/8861] [4253] HLS.L30.T11TNG.2021164T181959.v2.0: SKIP NoDataInBounds (field does not intersect FMASK)
[4254/8861] [4252] HLS.L30.T11TQF.2021164T181959.v2.0: SKIP NoDataInBounds (field does not intersect FMASK)
[4255/8861] [4254] HLS.L30.T11TPF.2021164T181959.v2.0: SKIP NoDataInBounds (field does not intersect FMASK)
[4256/8861] [4255] HLS.L30.T11TNF.2021164T181959.v2.0: SKIP NoDataInBounds (field does not intersect FMASK)
[4257/8861] [4256] HLS.L30.T12TTL.2021164T181959.v2.0: SKIP NoDataInBounds (field does not intersect FMASK)
[4258/8861] [4257] HLS.L30.T11TQE.2021164T182023.v2.0: SKIP NoDataInBounds (field does not intersect FMASK)
[4259/8861] [4259] HLS.L30.T11TNE.2021164T182023.v2.0: SKIP NoDataInBounds (field does not intersect FMASK)
[4260/8861] [4258] HLS.L30.T11SQD.2021164T182023.v2.0: SKIP NoDataInBounds (field does not intersect FMASK)
[4261/8861] [4260] HLS.L30.T12STJ.2021164T182023.v2.0: SKIP NoDataInBounds (field does not intersect FMASK)
[4262/8861] [4262] HLS.L30.T12TTK.2021164T182023.v2.0: SKIP NoDataInBounds (field does not intersect FMASK)
[4263/8861] [4261] HLS.L30.T11TPE.2021164T182023.v2.0: SKIP NoDataInBounds (field does not intersect FMASK)
[4264/8861] [4270] all outputs exist; skipping HLS.L30.T11SMB.2021164T182111.v2.0
[4265/8861] [4271] all outputs exist; skipping HLS.L30.T11SNA.2021164T182111.v2.0
[4266/8861] [4272] all outputs exist; skipping HLS.L30.T11SMA.2021164T182111.v2.0
[4267/8861] [4263] HLS.L30.T11SND.2021164T182023.v2.0: SKIP NoDataInBounds (field does not intersect FMASK)
[4268/8861] [4264] HLS.L30.T11SPD.2021164T182023.v2.0: SKIP NoDataInBounds (field does not intersect FMASK)
[4269/8861] [4275] all outputs exist; skipping HLS.L30.T11SPU.2021164T182135.v2.0
[4270/8861] [4276] all outputs exist; skipping HLS.L30.T11SPV.2021164T182135.v2.0
[4271/8861] [4277] all outputs exist; skipping HLS.L30.T11SNU.2021164T182135.v2.0
[4272/8861] [4278] all outputs exist; skipping HLS.L30.T11SNV.2021164T182135.v2.0
[4273/8861] [4279] all outputs exist; skipping HLS.L30.T11SMV.2021164T182135.v2.0
[4274/8861] [4280] all outputs exist; skipping HLS.L30.T11SMU.2021164T182158.v2.0
[4275/8861] [4281] all outputs exist; skipping HLS.L30.T11SPT.2021164T182158.v2.0
[4276/8861] [4282] all outputs exist; skipping HLS.L30.T11SMT.2021164T182158.v2.0
[4277/8861] [4283] all outputs exist; skipping HLS.L30.T11SNT.2021164T182158.v2.0
[4278/8861] [4284] all outputs exist; skipping HLS.L30.T11SNS.2021164T182222.v2.0
[4279/8861] [4265] HLS.L30.T11SQC.2021164T182047.v2.0: SKIP NoDataInBounds (field does not intersect FMASK)
[4280/8861] [4286] all outputs exist; skipping HLS.L30.T11SMR.2021164T182222.v2.0
[4281/8861] [4287] all outputs exist; skipping HLS.L30.T11SLT.2021164T182222.v2.0
[4282/8861] [4288] all outputs exist; skipping HLS.L30.T11SMS.2021164T182222.v2.0
[4283/8861] [4266] HLS.L30.T11SNC.2021164T182047.v2.0: SKIP NoDataInBounds (field does not intersect FMASK)
[4284/8861] [4267] HLS.L30.T11SPC.2021164T182047.v2.0: SKIP NoDataInBounds (field does not intersect FMASK)
[4285/8861] [4291] all outputs exist; skipping HLS.S30.T10TGM.2021164T184919.v2.0
[4286/8861] [4292] all outputs exist; skipping HLS.S30.T11TKG.2021164T184919.v2.0
[4287/8861] [4293] all outputs exist; skipping HLS.S30.T10TFM.2021164T184919.v2.0
[4288/8861] [4294] all outputs exist; skipping HLS.S30.T10TEM.2021164T184919.v2.0
[4289/8861] [4269] HLS.L30.T11SPB.2021164T182111.v2.0: SKIP NoDataInBounds (field does not intersect FMASK)
[4290/8861] [4296] all outputs exist; skipping HLS.S30.T11TKF.2021164T184919.v2.0
[4291/8861] [4297] all outputs exist; skipping HLS.S30.T10TGL.2021164T184919.v2.0
[4292/8861] [4298] all outputs exist; skipping HLS.S30.T10TFL.2021164T184919.v2.0
[4293/8861] [4268] HLS.L30.T11SNB.2021164T182111.v2.0: SKIP NoDataInBounds (field does not intersect FMASK)
[4294/8861] [4300] all outputs exist; skipping HLS.S30.T10TEL.2021164T184919.v2.0
[4295/8861] [4301] all outputs exist; skipping HLS.S30.T11TKE.2021164T184919.v2.0
[4296/8861] [4302] all outputs exist; skipping HLS.S30.T10TGK.2021164T184919.v2.0
[4297/8861] [4303] all outputs exist; skipping HLS.S30.T10TFK.2021164T184919.v2.0
[4298/8861] [4304] all outputs exist; skipping HLS.S30.T10TEK.2021164T184919.v2.0
[4299/8861] [4305] all outputs exist; skipping HLS.S30.T11SKD.2021164T184919.v2.0
[4300/8861] [4306] all outputs exist; skipping HLS.S30.T10SGJ.2021164T184919.v2.0
[4301/8861] [4307] all outputs exist; skipping HLS.S30.T10SFJ.2021164T184919.v2.0
[4302/8861] [4308] all outputs exist; skipping HLS.S30.T10SEJ.2021164T184919.v2.0
[4303/8861] [4309] all outputs exist; skipping HLS.S30.T10SDJ.2021164T184919.v2.0
[4304/8861] [4310] all outputs exist; skipping HLS.S30.T11SKC.2021164T184919.v2.0
[4305/8861] [4311] all outputs exist; skipping HLS.S30.T10SGH.2021164T184919.v2.0
[4306/8861] [4312] all outputs exist; skipping HLS.S30.T10SFH.2021164T184919.v2.0
[4307/8861] [4313] all outputs exist; skipping HLS.S30.T10SEH.2021164T184919.v2.0
[4308/8861] [4314] all outputs exist; skipping HLS.S30.T10SDH.2021164T184919.v2.0
[4309/8861] [4315] all outputs exist; skipping HLS.S30.T11SKB.2021164T184919.v2.0
[4310/8861] [4316] all outputs exist; skipping HLS.S30.T10SGG.2021164T184919.v2.0
[4311/8861] [4317] all outputs exist; skipping HLS.S30.T10SFG.2021164T184919.v2.0
[4312/8861] [4318] all outputs exist; skipping HLS.S30.T11SKA.2021164T184919.v2.0
[4313/8861] [4319] all outputs exist; skipping HLS.S30.T10SEG.2021164T184919.v2.0
[4314/8861] [4273] HLS.L30.T11SMC.2021164T182111.v2.0: SKIP NoDataInBounds (field does not intersect FMASK)
[4315/8861] [4321] all outputs exist; skipping HLS.S30.T10SGF.2021164T184919.v2.0
[4316/8861] [4322] all outputs exist; skipping HLS.S30.T10SFF.2021164T184919.v2.0
[4317/8861] [4323] all outputs exist; skipping HLS.S30.T10SEF.2021164T184919.v2.0
[4318/8861] [4324] all outputs exist; skipping HLS.S30.T10SGE.2021164T184919.v2.0
[4319/8861] [4325] all outputs exist; skipping HLS.S30.T10SFE.2021164T184919.v2.0
[4320/8861] [4326] all outputs exist; skipping HLS.S30.T10SFD.2021164T184919.v2.0
[4321/8861] [4274] HLS.L30.T11SPA.2021164T182111.v2.0: SKIP NoDataInBounds (field does not intersect FMASK)
[4322/8861] [4285] HLS.L30.T11SNR.2021164T182222.v2.0: SKIP NoDataInBounds (field does not intersect FMASK)
[4323/8861] [4290] HLS.S30.T11TLG.2021164T184919.v2.0: SKIP NoDataInBounds (field does not intersect FMASK)
[4324/8861] [4289] HLS.L30.T11SLS.2021164T182222.v2.0: SKIP NoDataInBounds (field does not intersect FMASK)
[4325/8861] [4295] HLS.S30.T11TLF.2021164T184919.v2.0: SKIP NoDataInBounds (field does not intersect FMASK)
[4326/8861] [4299] HLS.S30.T11TLE.2021164T184919.v2.0: SKIP NoDataInBounds (field does not intersect FMASK)
[4327/8861] [4320] HLS.S30.T10SDG.2021164T184919.v2.0: SKIP NoDataInBounds (field does not intersect FMASK)
[4328/8861] [4327] HLS.S30.T11TQG.2021165T181919.v2.0: SKIP NoDataInBounds (field does not intersect FMASK)
[4329/8861] [4328] HLS.S30.T12TTM.2021165T181919.v2.0: SKIP NoDataInBounds (field does not intersect FMASK)
[4330/8861] [4329] HLS.S30.T11TPG.2021165T181919.v2.0: SKIP NoDataInBounds (field does not intersect FMASK)
[4331/8861] [4330] HLS.S30.T12TTL.2021165T181919.v2.0: SKIP NoDataInBounds (field does not intersect FMASK)
[4332/8861] [4331] HLS.S30.T11TQF.2021165T181919.v2.0: SKIP NoDataInBounds (field does not intersect FMASK)
[4333/8861] [4332] HLS.S30.T11TPF.2021165T181919.v2.0: SKIP NoDataInBounds (field does not intersect FMASK)
[4334/8861] [4333] HLS.S30.T12TTK.2021165T181919.v2.0: SKIP NoDataInBounds (field does not intersect FMASK)
[4335/8861] [4334] HLS.S30.T11TQE.2021165T181919.v2.0: SKIP NoDataInBounds (field does not intersect FMASK)
[4336/8861] [4335] HLS.S30.T11TPE.2021165T181919.v2.0: SKIP NoDataInBounds (field does not intersect FMASK)
[4337/8861] [4336] HLS.S30.T12STJ.2021165T181919.v2.0: SKIP NoDataInBounds (field does not intersect FMASK)
[4338/8861] [4337] HLS.S30.T11SQD.2021165T181919.v2.0: SKIP NoDataInBounds (field does not intersect FMASK)
[4339/8861] [4338] HLS.S30.T11SPD.2021165T181919.v2.0: SKIP NoDataInBounds (field does not intersect FMASK)
[4340/8861] [4340] HLS.S30.T11SQC.2021165T181919.v2.0: SKIP NoDataInBounds (field does not intersect FMASK)
[4341/8861] [4339] HLS.S30.T12STH.2021165T181919.v2.0: SKIP NoDataInBounds (field does not intersect FMASK)
[4342/8861] [4341] HLS.S30.T11SPC.2021165T181919.v2.0: SKIP NoDataInBounds (field does not intersect FMASK)
[4343/8861] [4342] HLS.S30.T11SNC.2021165T181919.v2.0: SKIP NoDataInBounds (field does not intersect FMASK)
[4344/8861] [4350] all outputs exist; skipping HLS.S30.T11SNA.2021165T181919.v2.0
[4345/8861] [4343] HLS.S30.T12STG.2021165T181919.v2.0: SKIP NoDataInBounds (field does not intersect FMASK)
[4346/8861] [4352] all outputs exist; skipping HLS.S30.T11SQV.2021165T181919.v2.0
[4347/8861] [4353] all outputs exist; skipping HLS.S30.T11SPV.2021165T181919.v2.0
[4348/8861] [4354] all outputs exist; skipping HLS.S30.T11SNV.2021165T181919.v2.0
[4349/8861] [4355] all outputs exist; skipping HLS.S30.T12STD.2021165T181919.v2.0
[4350/8861] [4356] all outputs exist; skipping HLS.S30.T11SQU.2021165T181919.v2.0
[4351/8861] [4357] all outputs exist; skipping HLS.S30.T11SPU.2021165T181919.v2.0
[4352/8861] [4344] HLS.S30.T11SQB.2021165T181919.v2.0: SKIP NoDataInBounds (field does not intersect FMASK)
[4353/8861] [4358] all outputs exist; skipping HLS.S30.T11SNU.2021165T181919.v2.0
[4354/8861] [4359] all outputs exist; skipping HLS.S30.T12STC.2021165T181919.v2.0
[4355/8861] [4360] all outputs exist; skipping HLS.S30.T11SQT.2021165T181919.v2.0
[4356/8861] [4362] all outputs exist; skipping HLS.S30.T11SNT.2021165T181919.v2.0
[4357/8861] [4361] all outputs exist; skipping HLS.S30.T11SPT.2021165T181919.v2.0
[4358/8861] [4364] all outputs exist; skipping HLS.S30.T11SMT.2021165T181919.v2.0
[4359/8861] [4365] all outputs exist; skipping HLS.S30.T11SQS.2021165T181919.v2.0
[4360/8861] [4366] all outputs exist; skipping HLS.S30.T11SPS.2021165T181919.v2.0
[4361/8861] [4367] all outputs exist; skipping HLS.S30.T11SNS.2021165T181919.v2.0
[4362/8861] [4368] all outputs exist; skipping HLS.S30.T11SMS.2021165T181919.v2.0
[4363/8861] [4345] HLS.S30.T11SPB.2021165T181919.v2.0: SKIP NoDataInBounds (field does not intersect FMASK)
[4364/8861] [4370] all outputs exist; skipping HLS.S30.T11SMR.2021165T181919.v2.0
[4365/8861] [4371] all outputs exist; skipping HLS.L30.T10TDM.2021165T190251.v2.0
[4366/8861] [4372] all outputs exist; skipping HLS.L30.T10TCM.2021165T190251.v2.0
[4367/8861] [4373] all outputs exist; skipping HLS.L30.T10TCL.2021165T190315.v2.0
[4368/8861] [4374] all outputs exist; skipping HLS.S30.T10TDM.2021165T190911.v2.0
[4369/8861] [4375] all outputs exist; skipping HLS.S30.T10TCM.2021165T190911.v2.0
[4370/8861] [4376] all outputs exist; skipping HLS.S30.T10TDL.2021165T190911.v2.0
[4371/8861] [4377] all outputs exist; skipping HLS.S30.T10TCL.2021165T190911.v2.0
[4372/8861] [4378] all outputs exist; skipping HLS.S30.T10TDK.2021165T190911.v2.0
[4373/8861] [4379] all outputs exist; skipping HLS.S30.T10TCK.2021165T190911.v2.0
[4374/8861] [4346] HLS.S30.T11SNB.2021165T181919.v2.0: SKIP NoDataInBounds (field does not intersect FMASK)
[4375/8861] [4348] HLS.S30.T11SQA.2021165T181919.v2.0: SKIP NoDataInBounds (field does not intersect FMASK)
[4376/8861] [4382] all outputs exist; skipping HLS.L30.T11SQV.2021166T180914.v2.0
[4377/8861] [4347] HLS.S30.T12STF.2021165T181919.v2.0: SKIP NoDataInBounds (field does not intersect FMASK)
[4378/8861] [4384] all outputs exist; skipping HLS.L30.T11SPT.2021166T180937.v2.0
[4379/8861] [4385] all outputs exist; skipping HLS.L30.T12STC.2021166T180937.v2.0
[4380/8861] [4386] all outputs exist; skipping HLS.L30.T11SPU.2021166T180937.v2.0
[4381/8861] [4387] all outputs exist; skipping HLS.L30.T11SQU.2021166T180937.v2.0
[4382/8861] [4388] all outputs exist; skipping HLS.L30.T12STD.2021166T180937.v2.0
[4383/8861] [4389] all outputs exist; skipping HLS.L30.T11SQT.2021166T180937.v2.0
[4384/8861] [4390] all outputs exist; skipping HLS.L30.T11SPS.2021166T181001.v2.0
[4385/8861] [4391] all outputs exist; skipping HLS.L30.T11SQS.2021166T181001.v2.0
[4386/8861] [4349] HLS.S30.T11SPA.2021165T181919.v2.0: SKIP NoDataInBounds (field does not intersect FMASK)
[4387/8861] [4363] HLS.S30.T12STB.2021165T181919.v2.0: SKIP NoDataInBounds (field does not intersect FMASK)
[4388/8861] [4351] HLS.S30.T12STE.2021165T181919.v2.0: SKIP NoDataInBounds (field does not intersect FMASK)
[4389/8861] [4369] HLS.S30.T11SNR.2021165T181919.v2.0: SKIP NoDataInBounds (field does not intersect FMASK)
[4390/8861] [4396] all outputs exist; skipping HLS.S30.T10TGM.2021166T183921.v2.0
[4391/8861] [4397] all outputs exist; skipping HLS.S30.T11TKG.2021166T183921.v2.0
[4392/8861] [4380] HLS.L30.T12STF.2021166T180850.v2.0: SKIP NoDataInBounds (field does not intersect FMASK)
[4393/8861] [4383] HLS.L30.T12STE.2021166T180914.v2.0: SKIP NoDataInBounds (field does not intersect FMASK)
[4394/8861] [4381] HLS.L30.T11SQA.2021166T180850.v2.0: SKIP NoDataInBounds (field does not intersect FMASK)
[4395/8861] [4401] all outputs exist; skipping HLS.S30.T11TKF.2021166T183921.v2.0
[4396/8861] [4402] all outputs exist; skipping HLS.S30.T10TGL.2021166T183921.v2.0
[4397/8861] [4392] HLS.L30.T12STB.2021166T181001.v2.0: SKIP NoDataInBounds (field does not intersect FMASK)
[4398/8861] [4393] HLS.S30.T11TNG.2021166T183921.v2.0: SKIP NoDataInBounds (field does not intersect FMASK)
[4399/8861] [4394] HLS.S30.T11TMG.2021166T183921.v2.0: SKIP NoDataInBounds (field does not intersect FMASK)
[4400/8861] [4406] all outputs exist; skipping HLS.S30.T10TGK.2021166T183921.v2.0
[4401/8861] [4395] HLS.S30.T11TLG.2021166T183921.v2.0: SKIP NoDataInBounds (field does not intersect FMASK)
[4402/8861] [4398] HLS.S30.T11TNF.2021166T183921.v2.0: SKIP NoDataInBounds (field does not intersect FMASK)
[4403/8861] [4409] all outputs exist; skipping HLS.S30.T11TKE.2021166T183921.v2.0
[4404/8861] [4399] HLS.S30.T11TMF.2021166T183921.v2.0: SKIP NoDataInBounds (field does not intersect FMASK)
[4405/8861] [4411] all outputs exist; skipping HLS.S30.T11SKD.2021166T183921.v2.0
[4406/8861] [4412] all outputs exist; skipping HLS.S30.T10SGJ.2021166T183921.v2.0
[4407/8861] [4400] HLS.S30.T11TLF.2021166T183921.v2.0: SKIP NoDataInBounds (field does not intersect FMASK)
[4408/8861] [4414] all outputs exist; skipping HLS.S30.T10SFJ.2021166T183921.v2.0
[4409/8861] [4415] all outputs exist; skipping HLS.S30.T11SLC.2021166T183921.v2.0
[4410/8861] [4416] all outputs exist; skipping HLS.S30.T11SKC.2021166T183921.v2.0
[4411/8861] [4417] all outputs exist; skipping HLS.S30.T10SGH.2021166T183921.v2.0
[4412/8861] [4418] all outputs exist; skipping HLS.S30.T10SFH.2021166T183921.v2.0
[4413/8861] [4419] all outputs exist; skipping HLS.S30.T11SMB.2021166T183921.v2.0
[4414/8861] [4420] all outputs exist; skipping HLS.S30.T11SLB.2021166T183921.v2.0
[4415/8861] [4421] all outputs exist; skipping HLS.S30.T11SKB.2021166T183921.v2.0
[4416/8861] [4403] HLS.S30.T11TNE.2021166T183921.v2.0: SKIP NoDataInBounds (field does not intersect FMASK)
[4417/8861] [4422] all outputs exist; skipping HLS.S30.T10SGG.2021166T183921.v2.0
[4418/8861] [4423] all outputs exist; skipping HLS.S30.T11SMA.2021166T183921.v2.0
[4419/8861] [4424] all outputs exist; skipping HLS.S30.T10SFG.2021166T183921.v2.0
[4420/8861] [4425] all outputs exist; skipping HLS.S30.T11SLA.2021166T183921.v2.0
[4421/8861] [4426] all outputs exist; skipping HLS.S30.T11SKA.2021166T183921.v2.0
[4422/8861] [4427] all outputs exist; skipping HLS.S30.T10SGF.2021166T183921.v2.0
[4423/8861] [4428] all outputs exist; skipping HLS.S30.T10SFF.2021166T183921.v2.0
[4424/8861] [4429] all outputs exist; skipping HLS.S30.T11SLV.2021166T183921.v2.0
[4425/8861] [4430] all outputs exist; skipping HLS.S30.T11SKV.2021166T183921.v2.0
[4426/8861] [4431] all outputs exist; skipping HLS.S30.T10SGE.2021166T183921.v2.0
[4427/8861] [4432] all outputs exist; skipping HLS.S30.T10SFE.2021166T183921.v2.0
[4428/8861] [4433] all outputs exist; skipping HLS.S30.T11SLU.2021166T183921.v2.0
[4429/8861] [4434] all outputs exist; skipping HLS.S30.T11SKU.2021166T183921.v2.0
[4430/8861] [4435] all outputs exist; skipping HLS.S30.T10SGD.2021166T183921.v2.0
[4431/8861] [4436] all outputs exist; skipping HLS.S30.T10SFD.2021166T183921.v2.0
[4432/8861] [4437] all outputs exist; skipping HLS.S30.T11SLT.2021166T183921.v2.0
[4433/8861] [4438] all outputs exist; skipping HLS.S30.T11SKT.2021166T183921.v2.0
[4434/8861] [4404] HLS.S30.T11TME.2021166T183921.v2.0: SKIP NoDataInBounds (field does not intersect FMASK)
[4435/8861] [4405] HLS.S30.T11TLE.2021166T183921.v2.0: SKIP NoDataInBounds (field does not intersect FMASK)
[4436/8861] [4407] HLS.S30.T11SND.2021166T183921.v2.0: SKIP NoDataInBounds (field does not intersect FMASK)
[4437/8861] [4443] all outputs exist; skipping HLS.S30.T11SQV.2021167T180921.v2.0
[4438/8861] [4444] all outputs exist; skipping HLS.S30.T12STD.2021167T180921.v2.0
[4439/8861] [4410] HLS.S30.T11SLD.2021166T183921.v2.0: SKIP NoDataInBounds (field does not intersect FMASK)
[4440/8861] [4445] all outputs exist; skipping HLS.S30.T11SQU.2021167T180921.v2.0
[4441/8861] [4446] all outputs exist; skipping HLS.S30.T12STC.2021167T180921.v2.0
[4442/8861] [4447] all outputs exist; skipping HLS.S30.T11SQT.2021167T180921.v2.0
[4443/8861] [4449] all outputs exist; skipping HLS.S30.T11SQS.2021167T180921.v2.0
[4444/8861] [4450] all outputs exist; skipping HLS.S30.T11SPS.2021167T180921.v2.0
[4445/8861] [4451] all outputs exist; skipping HLS.L30.T10TEM.2021167T185030.v2.0
[4446/8861] [4452] all outputs exist; skipping HLS.L30.T10TFM.2021167T185030.v2.0
[4447/8861] [4453] all outputs exist; skipping HLS.L30.T10TFL.2021167T185054.v2.0
[4448/8861] [4454] all outputs exist; skipping HLS.L30.T10TDL.2021167T185054.v2.0
[4449/8861] [4455] all outputs exist; skipping HLS.L30.T10TDM.2021167T185054.v2.0
[4450/8861] [4456] all outputs exist; skipping HLS.L30.T10TEL.2021167T185054.v2.0
[4451/8861] [4457] all outputs exist; skipping HLS.L30.T10TFK.2021167T185118.v2.0
[4452/8861] [4458] all outputs exist; skipping HLS.L30.T10TCK.2021167T185118.v2.0
[4453/8861] [4459] all outputs exist; skipping HLS.L30.T10TEK.2021167T185118.v2.0
[4454/8861] [4460] all outputs exist; skipping HLS.L30.T10SDJ.2021167T185118.v2.0
[4455/8861] [4461] all outputs exist; skipping HLS.L30.T10SEJ.2021167T185118.v2.0
[4456/8861] [4462] all outputs exist; skipping HLS.L30.T10TDK.2021167T185118.v2.0
[4457/8861] [4463] all outputs exist; skipping HLS.L30.T10SEH.2021167T185142.v2.0
[4458/8861] [4464] all outputs exist; skipping HLS.L30.T10SDH.2021167T185142.v2.0
[4459/8861] [4465] all outputs exist; skipping HLS.L30.T10SEG.2021167T185206.v2.0
[4460/8861] [4408] HLS.S30.T11SMD.2021166T183921.v2.0: SKIP NoDataInBounds (field does not intersect FMASK)
[4461/8861] [4467] all outputs exist; skipping HLS.L30.T10SEF.2021167T185206.v2.0
[4462/8861] [4468] all outputs exist; skipping HLS.S30.T10TFM.2021167T185919.v2.0
[4463/8861] [4469] all outputs exist; skipping HLS.S30.T10TEM.2021167T185919.v2.0
[4464/8861] [4470] all outputs exist; skipping HLS.S30.T10TDM.2021167T185919.v2.0
[4465/8861] [4471] all outputs exist; skipping HLS.S30.T10TCM.2021167T185919.v2.0
[4466/8861] [4472] all outputs exist; skipping HLS.S30.T10TFL.2021167T185919.v2.0
[4467/8861] [4473] all outputs exist; skipping HLS.S30.T10TEL.2021167T185919.v2.0
[4468/8861] [4474] all outputs exist; skipping HLS.S30.T10TDL.2021167T185919.v2.0
[4469/8861] [4475] all outputs exist; skipping HLS.S30.T10TFK.2021167T185919.v2.0
[4470/8861] [4476] all outputs exist; skipping HLS.S30.T10TCL.2021167T185919.v2.0
[4471/8861] [4477] all outputs exist; skipping HLS.S30.T10TEK.2021167T185919.v2.0
[4472/8861] [4478] all outputs exist; skipping HLS.S30.T10TDK.2021167T185919.v2.0
[4473/8861] [4479] all outputs exist; skipping HLS.S30.T10TCK.2021167T185919.v2.0
[4474/8861] [4480] all outputs exist; skipping HLS.S30.T10SEJ.2021167T185919.v2.0
[4475/8861] [4481] all outputs exist; skipping HLS.S30.T10SDJ.2021167T185919.v2.0
[4476/8861] [4482] all outputs exist; skipping HLS.S30.T10SEH.2021167T185919.v2.0
[4477/8861] [4483] all outputs exist; skipping HLS.S30.T10SDH.2021167T185919.v2.0
[4478/8861] [4484] all outputs exist; skipping HLS.S30.T10SEG.2021167T185919.v2.0
[4479/8861] [4413] HLS.S30.T11SMC.2021166T183921.v2.0: SKIP NoDataInBounds (field does not intersect FMASK)
[4480/8861] [4440] HLS.S30.T11SLS.2021166T183921.v2.0: SKIP NoDataInBounds (field does not intersect FMASK)
[4481/8861] [4439] HLS.S30.T10SGC.2021166T183921.v2.0: SKIP NoDataInBounds (field does not intersect FMASK)
[4482/8861] [4442] HLS.S30.T12STE.2021167T180921.v2.0: SKIP NoDataInBounds (field does not intersect FMASK)
[4483/8861] [4441] HLS.S30.T11SKS.2021166T183921.v2.0: SKIP NoDataInBounds (field does not intersect FMASK)
[4484/8861] [4448] HLS.S30.T12STB.2021167T180921.v2.0: SKIP NoDataInBounds (field does not intersect FMASK)
[4485/8861] [4466] HLS.L30.T10SDG.2021167T185206.v2.0: SKIP NoDataInBounds (field does not intersect FMASK)
[4486/8861] [4485] HLS.S30.T10SDG.2021167T185919.v2.0: SKIP NoDataInBounds (field does not intersect FMASK)
[4487/8861] [4486] HLS.S30.T11TQG.2021168T182919.v2.0: SKIP NoDataInBounds (field does not intersect FMASK)
[4488/8861] [4487] HLS.S30.T12TTM.2021168T182919.v2.0: SKIP NoDataInBounds (field does not intersect FMASK)
[4489/8861] [4489] HLS.S30.T11TNG.2021168T182919.v2.0: SKIP NoDataInBounds (field does not intersect FMASK)
[4490/8861] [4488] HLS.S30.T11TPG.2021168T182919.v2.0: SKIP NoDataInBounds (field does not intersect FMASK)
[4491/8861] [4490] HLS.S30.T11TMG.2021168T182919.v2.0: SKIP NoDataInBounds (field does not intersect FMASK)
[4492/8861] [4492] HLS.S30.T11TQF.2021168T182919.v2.0: SKIP NoDataInBounds (field does not intersect FMASK)
[4493/8861] [4491] HLS.S30.T12TTL.2021168T182919.v2.0: SKIP NoDataInBounds (field does not intersect FMASK)
[4494/8861] [4494] HLS.S30.T11TNF.2021168T182919.v2.0: SKIP NoDataInBounds (field does not intersect FMASK)
[4495/8861] [4493] HLS.S30.T11TPF.2021168T182919.v2.0: SKIP NoDataInBounds (field does not intersect FMASK)
[4496/8861] [4495] HLS.S30.T11TMF.2021168T182919.v2.0: SKIP NoDataInBounds (field does not intersect FMASK)
[4497/8861] [4497] HLS.S30.T11TQE.2021168T182919.v2.0: SKIP NoDataInBounds (field does not intersect FMASK)
[4498/8861] [4496] HLS.S30.T12TTK.2021168T182919.v2.0: SKIP NoDataInBounds (field does not intersect FMASK)
[4499/8861] [4499] HLS.S30.T11TNE.2021168T182919.v2.0: SKIP NoDataInBounds (field does not intersect FMASK)
[4500/8861] [4498] HLS.S30.T11TPE.2021168T182919.v2.0: SKIP NoDataInBounds (field does not intersect FMASK)
[4501/8861] [4500] HLS.S30.T12STJ.2021168T182919.v2.0: SKIP NoDataInBounds (field does not intersect FMASK)
[4502/8861] [4501] HLS.S30.T11TME.2021168T182919.v2.0: SKIP NoDataInBounds (field does not intersect FMASK)
[4503/8861] [4502] HLS.S30.T11SQD.2021168T182919.v2.0: SKIP NoDataInBounds (field does not intersect FMASK)
[4504/8861] [4510] all outputs exist; skipping HLS.S30.T11SLC.2021168T182919.v2.0
[4505/8861] [4503] HLS.S30.T11SPD.2021168T182919.v2.0: SKIP NoDataInBounds (field does not intersect FMASK)
[4506/8861] [4505] HLS.S30.T11SMD.2021168T182919.v2.0: SKIP NoDataInBounds (field does not intersect FMASK)
[4507/8861] [4513] all outputs exist; skipping HLS.S30.T11SMB.2021168T182919.v2.0
[4508/8861] [4514] all outputs exist; skipping HLS.S30.T11SLB.2021168T182919.v2.0
[4509/8861] [4504] HLS.S30.T11SND.2021168T182919.v2.0: SKIP NoDataInBounds (field does not intersect FMASK)
[4510/8861] [4516] all outputs exist; skipping HLS.S30.T11SNA.2021168T182919.v2.0
[4511/8861] [4517] all outputs exist; skipping HLS.S30.T11SMA.2021168T182919.v2.0
[4512/8861] [4518] all outputs exist; skipping HLS.S30.T11SLA.2021168T182919.v2.0
[4513/8861] [4519] all outputs exist; skipping HLS.S30.T11SPV.2021168T182919.v2.0
[4514/8861] [4520] all outputs exist; skipping HLS.S30.T11SNV.2021168T182919.v2.0
[4515/8861] [4521] all outputs exist; skipping HLS.S30.T11SPU.2021168T182919.v2.0
[4516/8861] [4522] all outputs exist; skipping HLS.S30.T11SMV.2021168T182919.v2.0
[4517/8861] [4523] all outputs exist; skipping HLS.S30.T11SLV.2021168T182919.v2.0
[4518/8861] [4524] all outputs exist; skipping HLS.S30.T11SNU.2021168T182919.v2.0
[4519/8861] [4525] all outputs exist; skipping HLS.S30.T11SKV.2021168T182919.v2.0
[4520/8861] [4526] all outputs exist; skipping HLS.S30.T11SMU.2021168T182919.v2.0
[4521/8861] [4527] all outputs exist; skipping HLS.S30.T11SLU.2021168T182919.v2.0
[4522/8861] [4528] all outputs exist; skipping HLS.S30.T11SKU.2021168T182919.v2.0
[4523/8861] [4529] all outputs exist; skipping HLS.S30.T11SNT.2021168T182919.v2.0
[4524/8861] [4530] all outputs exist; skipping HLS.S30.T11SMT.2021168T182919.v2.0
[4525/8861] [4531] all outputs exist; skipping HLS.S30.T11SLT.2021168T182919.v2.0
[4526/8861] [4532] all outputs exist; skipping HLS.S30.T11SKT.2021168T182919.v2.0
[4527/8861] [4533] all outputs exist; skipping HLS.S30.T11SNS.2021168T182919.v2.0
[4528/8861] [4534] all outputs exist; skipping HLS.S30.T11SMS.2021168T182919.v2.0
[4529/8861] [4507] HLS.S30.T11SLD.2021168T182919.v2.0: SKIP NoDataInBounds (field does not intersect FMASK)
[4530/8861] [4508] HLS.S30.T11SNC.2021168T182919.v2.0: SKIP NoDataInBounds (field does not intersect FMASK)
[4531/8861] [4537] all outputs exist; skipping HLS.S30.T11SMR.2021168T182919.v2.0
[4532/8861] [4506] HLS.S30.T11SPC.2021168T182919.v2.0: SKIP NoDataInBounds (field does not intersect FMASK)
[4533/8861] [4511] HLS.S30.T11SPB.2021168T182919.v2.0: SKIP NoDataInBounds (field does not intersect FMASK)
[4534/8861] [4509] HLS.S30.T11SMC.2021168T182919.v2.0: SKIP NoDataInBounds (field does not intersect FMASK)
[4535/8861] [4541] all outputs exist; skipping HLS.L30.T11TKF.2021169T183833.v2.0
[4536/8861] [4542] all outputs exist; skipping HLS.L30.T10TGL.2021169T183833.v2.0
[4537/8861] [4543] all outputs exist; skipping HLS.L30.T11TKG.2021169T183833.v2.0
[4538/8861] [4544] all outputs exist; skipping HLS.L30.T10TFL.2021169T183833.v2.0
[4539/8861] [4545] all outputs exist; skipping HLS.L30.T10TGM.2021169T183833.v2.0
[4540/8861] [4515] HLS.S30.T11SPA.2021168T182919.v2.0: SKIP NoDataInBounds (field does not intersect FMASK)
[4541/8861] [4547] all outputs exist; skipping HLS.L30.T10SFJ.2021169T183857.v2.0
[4542/8861] [4512] HLS.S30.T11SNB.2021168T182919.v2.0: SKIP NoDataInBounds (field does not intersect FMASK)
[4543/8861] [4549] all outputs exist; skipping HLS.L30.T11TKE.2021169T183857.v2.0
[4544/8861] [4550] all outputs exist; skipping HLS.L30.T10TFK.2021169T183857.v2.0
[4545/8861] [4551] all outputs exist; skipping HLS.L30.T10SGJ.2021169T183857.v2.0
[4546/8861] [4552] all outputs exist; skipping HLS.L30.T11SKD.2021169T183857.v2.0
[4547/8861] [4553] all outputs exist; skipping HLS.L30.T10TGK.2021169T183857.v2.0
[4548/8861] [4554] all outputs exist; skipping HLS.L30.T11SLC.2021169T183921.v2.0
[4549/8861] [4555] all outputs exist; skipping HLS.L30.T11SKC.2021169T183921.v2.0
[4550/8861] [4556] all outputs exist; skipping HLS.L30.T10SFH.2021169T183921.v2.0
[4551/8861] [4557] all outputs exist; skipping HLS.L30.T10SGH.2021169T183921.v2.0
[4552/8861] [4558] all outputs exist; skipping HLS.L30.T10SEG.2021169T183945.v2.0
[4553/8861] [4559] all outputs exist; skipping HLS.L30.T11SKB.2021169T183945.v2.0
[4554/8861] [4560] all outputs exist; skipping HLS.L30.T10SGF.2021169T183945.v2.0
[4555/8861] [4561] all outputs exist; skipping HLS.L30.T10SEF.2021169T183945.v2.0
[4556/8861] [4562] all outputs exist; skipping HLS.L30.T11SKA.2021169T183945.v2.0
[4557/8861] [4563] all outputs exist; skipping HLS.L30.T10SFG.2021169T183945.v2.0
[4558/8861] [4564] all outputs exist; skipping HLS.L30.T10SFF.2021169T183945.v2.0
[4559/8861] [4565] all outputs exist; skipping HLS.L30.T10SGG.2021169T183945.v2.0
[4560/8861] [4566] all outputs exist; skipping HLS.L30.T10SGE.2021169T184008.v2.0
[4561/8861] [4567] all outputs exist; skipping HLS.L30.T11SKV.2021169T184008.v2.0
[4562/8861] [4568] all outputs exist; skipping HLS.L30.T10SGD.2021169T184008.v2.0
[4563/8861] [4535] HLS.S30.T11SLS.2021168T182919.v2.0: SKIP NoDataInBounds (field does not intersect FMASK)
[4564/8861] [4569] all outputs exist; skipping HLS.L30.T11SKU.2021169T184008.v2.0
[4565/8861] [4570] all outputs exist; skipping HLS.L30.T10SFE.2021169T184008.v2.0
[4566/8861] [4571] all outputs exist; skipping HLS.L30.T10SFD.2021169T184032.v2.0
[4567/8861] [4536] HLS.S30.T11SNR.2021168T182919.v2.0: SKIP NoDataInBounds (field does not intersect FMASK)
[4568/8861] [4574] all outputs exist; skipping HLS.S30.T10TGM.2021169T184921.v2.0
[4569/8861] [4575] all outputs exist; skipping HLS.S30.T11TKG.2021169T184921.v2.0
[4570/8861] [4576] all outputs exist; skipping HLS.S30.T10TFM.2021169T184921.v2.0
[4571/8861] [4577] all outputs exist; skipping HLS.S30.T10TEM.2021169T184921.v2.0
[4572/8861] [4538] HLS.L30.T11TMG.2021169T183809.v2.0: SKIP NoDataInBounds (field does not intersect FMASK)
[4573/8861] [4579] all outputs exist; skipping HLS.S30.T11TKF.2021169T184921.v2.0
[4574/8861] [4580] all outputs exist; skipping HLS.S30.T10TGL.2021169T184921.v2.0
[4575/8861] [4581] all outputs exist; skipping HLS.S30.T10TFL.2021169T184921.v2.0
[4576/8861] [4539] HLS.L30.T11TLG.2021169T183809.v2.0: SKIP NoDataInBounds (field does not intersect FMASK)
[4577/8861] [4583] all outputs exist; skipping HLS.S30.T10TEL.2021169T184921.v2.0
[4578/8861] [4584] all outputs exist; skipping HLS.S30.T11TKE.2021169T184921.v2.0
[4579/8861] [4585] all outputs exist; skipping HLS.S30.T10TGK.2021169T184921.v2.0
[4580/8861] [4586] all outputs exist; skipping HLS.S30.T10TFK.2021169T184921.v2.0
[4581/8861] [4587] all outputs exist; skipping HLS.S30.T10TEK.2021169T184921.v2.0
[4582/8861] [4588] all outputs exist; skipping HLS.S30.T11SKD.2021169T184921.v2.0
[4583/8861] [4589] all outputs exist; skipping HLS.S30.T10SGJ.2021169T184921.v2.0
[4584/8861] [4590] all outputs exist; skipping HLS.S30.T10SFJ.2021169T184921.v2.0
[4585/8861] [4591] all outputs exist; skipping HLS.S30.T10SEJ.2021169T184921.v2.0
[4586/8861] [4592] all outputs exist; skipping HLS.S30.T10SDJ.2021169T184921.v2.0
[4587/8861] [4593] all outputs exist; skipping HLS.S30.T11SKC.2021169T184921.v2.0
[4588/8861] [4594] all outputs exist; skipping HLS.S30.T10SGH.2021169T184921.v2.0
[4589/8861] [4595] all outputs exist; skipping HLS.S30.T10SFH.2021169T184921.v2.0
[4590/8861] [4596] all outputs exist; skipping HLS.S30.T10SEH.2021169T184921.v2.0
[4591/8861] [4597] all outputs exist; skipping HLS.S30.T10SDH.2021169T184921.v2.0
[4592/8861] [4598] all outputs exist; skipping HLS.S30.T11SKB.2021169T184921.v2.0
[4593/8861] [4599] all outputs exist; skipping HLS.S30.T10SGG.2021169T184921.v2.0
[4594/8861] [4600] all outputs exist; skipping HLS.S30.T10SFG.2021169T184921.v2.0
[4595/8861] [4601] all outputs exist; skipping HLS.S30.T11SKA.2021169T184921.v2.0
[4596/8861] [4602] all outputs exist; skipping HLS.S30.T10SEG.2021169T184921.v2.0
[4597/8861] [4546] HLS.L30.T11TLE.2021169T183857.v2.0: SKIP NoDataInBounds (field does not intersect FMASK)
[4598/8861] [4604] all outputs exist; skipping HLS.S30.T10SGF.2021169T184921.v2.0
[4599/8861] [4605] all outputs exist; skipping HLS.S30.T10SFF.2021169T184921.v2.0
[4600/8861] [4606] all outputs exist; skipping HLS.S30.T10SEF.2021169T184921.v2.0
[4601/8861] [4607] all outputs exist; skipping HLS.S30.T10SGE.2021169T184921.v2.0
[4602/8861] [4608] all outputs exist; skipping HLS.S30.T10SFE.2021169T184921.v2.0
[4603/8861] [4609] all outputs exist; skipping HLS.S30.T10SFD.2021169T184921.v2.0
[4604/8861] [4540] HLS.L30.T11TLF.2021169T183833.v2.0: SKIP NoDataInBounds (field does not intersect FMASK)
[4605/8861] [4548] HLS.L30.T11SLD.2021169T183857.v2.0: SKIP NoDataInBounds (field does not intersect FMASK)
[4606/8861] [4572] HLS.L30.T10SGC.2021169T184032.v2.0: SKIP NoDataInBounds (field does not intersect FMASK)
[4607/8861] [4578] HLS.S30.T11TLF.2021169T184921.v2.0: SKIP NoDataInBounds (field does not intersect FMASK)
[4608/8861] [4573] HLS.S30.T11TLG.2021169T184921.v2.0: SKIP NoDataInBounds (field does not intersect FMASK)
[4609/8861] [4582] HLS.S30.T11TLE.2021169T184921.v2.0: SKIP NoDataInBounds (field does not intersect FMASK)
[4610/8861] [4610] HLS.S30.T11TQG.2021170T181921.v2.0: SKIP NoDataInBounds (field does not intersect FMASK)
[4611/8861] [4603] HLS.S30.T10SDG.2021169T184921.v2.0: SKIP NoDataInBounds (field does not intersect FMASK)
[4612/8861] [4611] HLS.S30.T12TTM.2021170T181921.v2.0: SKIP NoDataInBounds (field does not intersect FMASK)
[4613/8861] [4612] HLS.S30.T11TPG.2021170T181921.v2.0: SKIP NoDataInBounds (field does not intersect FMASK)
[4614/8861] [4614] HLS.S30.T11TQF.2021170T181921.v2.0: SKIP NoDataInBounds (field does not intersect FMASK)
[4615/8861] [4613] HLS.S30.T12TTL.2021170T181921.v2.0: SKIP NoDataInBounds (field does not intersect FMASK)
[4616/8861] [4615] HLS.S30.T11TPF.2021170T181921.v2.0: SKIP NoDataInBounds (field does not intersect FMASK)
[4617/8861] [4616] HLS.S30.T12TTK.2021170T181921.v2.0: SKIP NoDataInBounds (field does not intersect FMASK)
[4618/8861] [4619] HLS.S30.T12STJ.2021170T181921.v2.0: SKIP NoDataInBounds (field does not intersect FMASK)
[4619/8861] [4618] HLS.S30.T11TPE.2021170T181921.v2.0: SKIP NoDataInBounds (field does not intersect FMASK)
[4620/8861] [4617] HLS.S30.T11TQE.2021170T181921.v2.0: SKIP NoDataInBounds (field does not intersect FMASK)
[4621/8861] [4620] HLS.S30.T11SQD.2021170T181921.v2.0: SKIP NoDataInBounds (field does not intersect FMASK)
[4622/8861] [4621] HLS.S30.T11SPD.2021170T181921.v2.0: SKIP NoDataInBounds (field does not intersect FMASK)
[4623/8861] [4622] HLS.S30.T12STH.2021170T181921.v2.0: SKIP NoDataInBounds (field does not intersect FMASK)
[4624/8861] [4623] HLS.S30.T11SQC.2021170T181921.v2.0: SKIP NoDataInBounds (field does not intersect FMASK)
[4625/8861] [4624] HLS.S30.T11SPC.2021170T181921.v2.0: SKIP NoDataInBounds (field does not intersect FMASK)
[4626/8861] [4625] HLS.S30.T12STG.2021170T181921.v2.0: SKIP NoDataInBounds (field does not intersect FMASK)
[4627/8861] [4633] all outputs exist; skipping HLS.S30.T11SNA.2021170T181921.v2.0
[4628/8861] [4627] HLS.S30.T11SNC.2021170T181921.v2.0: SKIP NoDataInBounds (field does not intersect FMASK)
[4629/8861] [4635] all outputs exist; skipping HLS.S30.T11SQV.2021170T181921.v2.0
[4630/8861] [4636] all outputs exist; skipping HLS.S30.T11SPV.2021170T181921.v2.0
[4631/8861] [4637] all outputs exist; skipping HLS.S30.T11SNV.2021170T181921.v2.0
[4632/8861] [4638] all outputs exist; skipping HLS.S30.T12STD.2021170T181921.v2.0
[4633/8861] [4639] all outputs exist; skipping HLS.S30.T11SQU.2021170T181921.v2.0
[4634/8861] [4640] all outputs exist; skipping HLS.S30.T11SPU.2021170T181921.v2.0
[4635/8861] [4641] all outputs exist; skipping HLS.S30.T11SNU.2021170T181921.v2.0
[4636/8861] [4642] all outputs exist; skipping HLS.S30.T12STC.2021170T181921.v2.0
[4637/8861] [4643] all outputs exist; skipping HLS.S30.T11SQT.2021170T181921.v2.0
[4638/8861] [4644] all outputs exist; skipping HLS.S30.T11SPT.2021170T181921.v2.0
[4639/8861] [4645] all outputs exist; skipping HLS.S30.T11SNT.2021170T181921.v2.0
[4640/8861] [4626] HLS.S30.T11SQB.2021170T181921.v2.0: SKIP NoDataInBounds (field does not intersect FMASK)
[4641/8861] [4647] all outputs exist; skipping HLS.S30.T11SMT.2021170T181921.v2.0
[4642/8861] [4648] all outputs exist; skipping HLS.S30.T11SQS.2021170T181921.v2.0
[4643/8861] [4649] all outputs exist; skipping HLS.S30.T11SPS.2021170T181921.v2.0
[4644/8861] [4650] all outputs exist; skipping HLS.S30.T11SNS.2021170T181921.v2.0
[4645/8861] [4651] all outputs exist; skipping HLS.S30.T11SMS.2021170T181921.v2.0
[4646/8861] [4628] HLS.S30.T11SPB.2021170T181921.v2.0: SKIP NoDataInBounds (field does not intersect FMASK)
[4647/8861] [4653] all outputs exist; skipping HLS.S30.T11SMR.2021170T181921.v2.0
[4648/8861] [4654] all outputs exist; skipping HLS.S30.T10TDM.2021170T190919.v2.0
[4649/8861] [4655] all outputs exist; skipping HLS.S30.T10TCM.2021170T190919.v2.0
[4650/8861] [4656] all outputs exist; skipping HLS.S30.T10TDL.2021170T190919.v2.0
[4651/8861] [4657] all outputs exist; skipping HLS.S30.T10TCL.2021170T190919.v2.0
[4652/8861] [4658] all outputs exist; skipping HLS.S30.T10TDK.2021170T190919.v2.0
[4653/8861] [4659] all outputs exist; skipping HLS.S30.T10TCK.2021170T190919.v2.0
[4654/8861] [4629] HLS.S30.T11SNB.2021170T181921.v2.0: SKIP NoDataInBounds (field does not intersect FMASK)
[4655/8861] [4630] HLS.S30.T12STF.2021170T181921.v2.0: SKIP NoDataInBounds (field does not intersect FMASK)
[4656/8861] [4631] HLS.S30.T11SQA.2021170T181921.v2.0: SKIP NoDataInBounds (field does not intersect FMASK)
[4657/8861] [4632] HLS.S30.T11SPA.2021170T181921.v2.0: SKIP NoDataInBounds (field does not intersect FMASK)
[4658/8861] [4634] HLS.S30.T12STE.2021170T181921.v2.0: SKIP NoDataInBounds (field does not intersect FMASK)
[4659/8861] [4646] HLS.S30.T12STB.2021170T181921.v2.0: SKIP NoDataInBounds (field does not intersect FMASK)
[4660/8861] [4652] HLS.S30.T11SNR.2021170T181921.v2.0: SKIP NoDataInBounds (field does not intersect FMASK)
[4661/8861] [4660] HLS.L30.T11TNG.2021171T182548.v2.0: SKIP NoDataInBounds (field does not intersect FMASK)
[4662/8861] [4661] HLS.L30.T11TPG.2021171T182548.v2.0: SKIP NoDataInBounds (field does not intersect FMASK)
[4663/8861] [4662] HLS.L30.T11TMG.2021171T182612.v2.0: SKIP NoDataInBounds (field does not intersect FMASK)
[4664/8861] [4663] HLS.L30.T11TMF.2021171T182612.v2.0: SKIP NoDataInBounds (field does not intersect FMASK)
[4665/8861] [4664] HLS.L30.T11TNF.2021171T182612.v2.0: SKIP NoDataInBounds (field does not intersect FMASK)
[4666/8861] [4665] HLS.L30.T11TPF.2021171T182612.v2.0: SKIP NoDataInBounds (field does not intersect FMASK)
[4667/8861] [4673] all outputs exist; skipping HLS.L30.T11SLC.2021171T182700.v2.0
[4668/8861] [4666] HLS.L30.T11SND.2021171T182636.v2.0: SKIP NoDataInBounds (field does not intersect FMASK)
[4669/8861] [4667] HLS.L30.T11SMD.2021171T182636.v2.0: SKIP NoDataInBounds (field does not intersect FMASK)
[4670/8861] [4676] all outputs exist; skipping HLS.L30.T11SLB.2021171T182723.v2.0
[4671/8861] [4677] all outputs exist; skipping HLS.L30.T11SLA.2021171T182723.v2.0
[4672/8861] [4678] all outputs exist; skipping HLS.L30.T11SNA.2021171T182723.v2.0
[4673/8861] [4679] all outputs exist; skipping HLS.L30.T11SMA.2021171T182723.v2.0
[4674/8861] [4680] all outputs exist; skipping HLS.L30.T11SMB.2021171T182723.v2.0
[4675/8861] [4668] HLS.L30.T11SPD.2021171T182636.v2.0: SKIP NoDataInBounds (field does not intersect FMASK)
[4676/8861] [4682] all outputs exist; skipping HLS.L30.T11SKV.2021171T182747.v2.0
[4677/8861] [4683] all outputs exist; skipping HLS.L30.T11SLV.2021171T182747.v2.0
[4678/8861] [4684] all outputs exist; skipping HLS.L30.T11SMV.2021171T182747.v2.0
[4679/8861] [4685] all outputs exist; skipping HLS.L30.T11SMU.2021171T182747.v2.0
[4680/8861] [4686] all outputs exist; skipping HLS.L30.T11SNV.2021171T182747.v2.0
[4681/8861] [4687] all outputs exist; skipping HLS.L30.T11SKU.2021171T182811.v2.0
[4682/8861] [4688] all outputs exist; skipping HLS.L30.T11SLU.2021171T182811.v2.0
[4683/8861] [4689] all outputs exist; skipping HLS.L30.T11SLT.2021171T182811.v2.0
[4684/8861] [4690] all outputs exist; skipping HLS.L30.T11SMT.2021171T182811.v2.0
[4685/8861] [4691] all outputs exist; skipping HLS.L30.T11SKT.2021171T182811.v2.0
[4686/8861] [4669] HLS.L30.T11TPE.2021171T182636.v2.0: SKIP NoDataInBounds (field does not intersect FMASK)
[4687/8861] [4693] all outputs exist; skipping HLS.L30.T11SMS.2021171T182835.v2.0
[4688/8861] [4694] all outputs exist; skipping HLS.L30.T11SMR.2021171T182835.v2.0
[4689/8861] [4670] HLS.L30.T11TME.2021171T182636.v2.0: SKIP NoDataInBounds (field does not intersect FMASK)
[4690/8861] [4674] HLS.L30.T11SNC.2021171T182700.v2.0: SKIP NoDataInBounds (field does not intersect FMASK)
[4691/8861] [4672] HLS.L30.T11SLD.2021171T182700.v2.0: SKIP NoDataInBounds (field does not intersect FMASK)
[4692/8861] [4671] HLS.L30.T11TNE.2021171T182636.v2.0: SKIP NoDataInBounds (field does not intersect FMASK)
[4693/8861] [4675] HLS.L30.T11SMC.2021171T182700.v2.0: SKIP NoDataInBounds (field does not intersect FMASK)
[4694/8861] [4700] all outputs exist; skipping HLS.S30.T10TGM.2021171T183919.v2.0
[4695/8861] [4701] all outputs exist; skipping HLS.S30.T11TKG.2021171T183919.v2.0
[4696/8861] [4692] HLS.L30.T10SGC.2021171T182835.v2.0: SKIP NoDataInBounds (field does not intersect FMASK)
[4697/8861] [4681] HLS.L30.T11SNB.2021171T182723.v2.0: SKIP NoDataInBounds (field does not intersect FMASK)
[4698/8861] [4695] HLS.L30.T11SKS.2021171T182835.v2.0: SKIP NoDataInBounds (field does not intersect FMASK)
[4699/8861] [4705] all outputs exist; skipping HLS.S30.T11TKF.2021171T183919.v2.0
[4700/8861] [4706] all outputs exist; skipping HLS.S30.T10TGL.2021171T183919.v2.0
[4701/8861] [4696] HLS.L30.T11SLS.2021171T182835.v2.0: SKIP NoDataInBounds (field does not intersect FMASK)
[4702/8861] [4698] HLS.S30.T11TMG.2021171T183919.v2.0: SKIP NoDataInBounds (field does not intersect FMASK)
[4703/8861] [4697] HLS.S30.T11TNG.2021171T183919.v2.0: SKIP NoDataInBounds (field does not intersect FMASK)
[4704/8861] [4699] HLS.S30.T11TLG.2021171T183919.v2.0: SKIP NoDataInBounds (field does not intersect FMASK)
[4705/8861] [4711] all outputs exist; skipping HLS.S30.T11TKE.2021171T183919.v2.0
[4706/8861] [4712] all outputs exist; skipping HLS.S30.T10TGK.2021171T183919.v2.0
[4707/8861] [4702] HLS.S30.T11TNF.2021171T183919.v2.0: SKIP NoDataInBounds (field does not intersect FMASK)
[4708/8861] [4703] HLS.S30.T11TMF.2021171T183919.v2.0: SKIP NoDataInBounds (field does not intersect FMASK)
[4709/8861] [4715] all outputs exist; skipping HLS.S30.T11SKD.2021171T183919.v2.0
[4710/8861] [4716] all outputs exist; skipping HLS.S30.T10SGJ.2021171T183919.v2.0
[4711/8861] [4707] HLS.S30.T11TNE.2021171T183919.v2.0: SKIP NoDataInBounds (field does not intersect FMASK)
[4712/8861] [4718] all outputs exist; skipping HLS.S30.T10SFJ.2021171T183919.v2.0
[4713/8861] [4719] all outputs exist; skipping HLS.S30.T11SLC.2021171T183919.v2.0
[4714/8861] [4720] all outputs exist; skipping HLS.S30.T11SKC.2021171T183919.v2.0
[4715/8861] [4721] all outputs exist; skipping HLS.S30.T10SGH.2021171T183919.v2.0
[4716/8861] [4722] all outputs exist; skipping HLS.S30.T10SFH.2021171T183919.v2.0
[4717/8861] [4723] all outputs exist; skipping HLS.S30.T11SMB.2021171T183919.v2.0
[4718/8861] [4724] all outputs exist; skipping HLS.S30.T11SLB.2021171T183919.v2.0
[4719/8861] [4725] all outputs exist; skipping HLS.S30.T11SKB.2021171T183919.v2.0
[4720/8861] [4726] all outputs exist; skipping HLS.S30.T10SGG.2021171T183919.v2.0
[4721/8861] [4727] all outputs exist; skipping HLS.S30.T11SMA.2021171T183919.v2.0
[4722/8861] [4728] all outputs exist; skipping HLS.S30.T10SFG.2021171T183919.v2.0
[4723/8861] [4729] all outputs exist; skipping HLS.S30.T11SLA.2021171T183919.v2.0
[4724/8861] [4730] all outputs exist; skipping HLS.S30.T11SKA.2021171T183919.v2.0
[4725/8861] [4731] all outputs exist; skipping HLS.S30.T10SGF.2021171T183919.v2.0
[4726/8861] [4732] all outputs exist; skipping HLS.S30.T10SFF.2021171T183919.v2.0
[4727/8861] [4733] all outputs exist; skipping HLS.S30.T11SLV.2021171T183919.v2.0
[4728/8861] [4734] all outputs exist; skipping HLS.S30.T11SKV.2021171T183919.v2.0
[4729/8861] [4704] HLS.S30.T11TLF.2021171T183919.v2.0: SKIP NoDataInBounds (field does not intersect FMASK)
[4730/8861] [4735] all outputs exist; skipping HLS.S30.T10SGE.2021171T183919.v2.0
[4731/8861] [4736] all outputs exist; skipping HLS.S30.T10SFE.2021171T183919.v2.0
[4732/8861] [4737] all outputs exist; skipping HLS.S30.T11SLU.2021171T183919.v2.0
[4733/8861] [4738] all outputs exist; skipping HLS.S30.T11SKU.2021171T183919.v2.0
[4734/8861] [4739] all outputs exist; skipping HLS.S30.T10SGD.2021171T183919.v2.0
[4735/8861] [4740] all outputs exist; skipping HLS.S30.T11SLT.2021171T183919.v2.0
[4736/8861] [4741] all outputs exist; skipping HLS.S30.T11SKT.2021171T183919.v2.0
[4737/8861] [4708] HLS.S30.T11TME.2021171T183919.v2.0: SKIP NoDataInBounds (field does not intersect FMASK)
[4738/8861] [4744] all outputs exist; skipping HLS.S30.T11SQV.2021172T180919.v2.0
[4739/8861] [4745] all outputs exist; skipping HLS.S30.T11SQU.2021172T180919.v2.0
[4740/8861] [4746] all outputs exist; skipping HLS.S30.T12STD.2021172T180919.v2.0
[4741/8861] [4747] all outputs exist; skipping HLS.S30.T12STC.2021172T180919.v2.0
[4742/8861] [4748] all outputs exist; skipping HLS.S30.T11SQT.2021172T180919.v2.0
[4743/8861] [4710] HLS.S30.T11SND.2021171T183919.v2.0: SKIP NoDataInBounds (field does not intersect FMASK)
[4744/8861] [4750] all outputs exist; skipping HLS.S30.T11SQS.2021172T180919.v2.0
[4745/8861] [4751] all outputs exist; skipping HLS.S30.T11SPS.2021172T180919.v2.0
[4746/8861] [4752] all outputs exist; skipping HLS.S30.T10TFM.2021172T185921.v2.0
[4747/8861] [4753] all outputs exist; skipping HLS.S30.T10TEM.2021172T185921.v2.0
[4748/8861] [4754] all outputs exist; skipping HLS.S30.T10TDM.2021172T185921.v2.0
[4749/8861] [4755] all outputs exist; skipping HLS.S30.T10TCM.2021172T185921.v2.0
[4750/8861] [4756] all outputs exist; skipping HLS.S30.T10TFL.2021172T185921.v2.0
[4751/8861] [4757] all outputs exist; skipping HLS.S30.T10TEL.2021172T185921.v2.0
[4752/8861] [4758] all outputs exist; skipping HLS.S30.T10TDL.2021172T185921.v2.0
[4753/8861] [4759] all outputs exist; skipping HLS.S30.T10TFK.2021172T185921.v2.0
[4754/8861] [4709] HLS.S30.T11TLE.2021171T183919.v2.0: SKIP NoDataInBounds (field does not intersect FMASK)
[4755/8861] [4760] all outputs exist; skipping HLS.S30.T10TCL.2021172T185921.v2.0
[4756/8861] [4761] all outputs exist; skipping HLS.S30.T10TEK.2021172T185921.v2.0
[4757/8861] [4762] all outputs exist; skipping HLS.S30.T10TDK.2021172T185921.v2.0
[4758/8861] [4764] all outputs exist; skipping HLS.S30.T10SEJ.2021172T185921.v2.0
[4759/8861] [4763] all outputs exist; skipping HLS.S30.T10TCK.2021172T185921.v2.0
[4760/8861] [4765] all outputs exist; skipping HLS.S30.T10SDJ.2021172T185921.v2.0
[4761/8861] [4766] all outputs exist; skipping HLS.S30.T10SEH.2021172T185921.v2.0
[4762/8861] [4767] all outputs exist; skipping HLS.S30.T10SDH.2021172T185921.v2.0
[4763/8861] [4768] all outputs exist; skipping HLS.S30.T10SEG.2021172T185921.v2.0
[4764/8861] [4770] all outputs exist; skipping HLS.S30.T10SEF.2021172T185921.v2.0
[4765/8861] [4714] HLS.S30.T11SLD.2021171T183919.v2.0: SKIP NoDataInBounds (field does not intersect FMASK)
[4766/8861] [4713] HLS.S30.T11SMD.2021171T183919.v2.0: SKIP NoDataInBounds (field does not intersect FMASK)
[4767/8861] [4717] HLS.S30.T11SMC.2021171T183919.v2.0: SKIP NoDataInBounds (field does not intersect FMASK)
[4768/8861] [4743] HLS.S30.T12STE.2021172T180919.v2.0: SKIP NoDataInBounds (field does not intersect FMASK)
[4769/8861] [4742] HLS.S30.T10SGC.2021171T183919.v2.0: SKIP NoDataInBounds (field does not intersect FMASK)
[4770/8861] [4749] HLS.S30.T12STB.2021172T180919.v2.0: SKIP NoDataInBounds (field does not intersect FMASK)
[4771/8861] [4771] HLS.L30.T12TTM.2021173T181351.v2.0: SKIP NoDataInBounds (field does not intersect FMASK)
[4772/8861] [4769] HLS.S30.T10SDG.2021172T185921.v2.0: SKIP NoDataInBounds (field does not intersect FMASK)
[4773/8861] [4772] HLS.L30.T11TQF.2021173T181351.v2.0: SKIP NoDataInBounds (field does not intersect FMASK)
[4774/8861] [4773] HLS.L30.T11TQG.2021173T181351.v2.0: SKIP NoDataInBounds (field does not intersect FMASK)
[4775/8861] [4774] HLS.L30.T12TTL.2021173T181351.v2.0: SKIP NoDataInBounds (field does not intersect FMASK)
[4776/8861] [4775] HLS.L30.T11SPD.2021173T181415.v2.0: SKIP NoDataInBounds (field does not intersect FMASK)
[4777/8861] [4777] HLS.L30.T12TTK.2021173T181415.v2.0: SKIP NoDataInBounds (field does not intersect FMASK)
[4778/8861] [4776] HLS.L30.T11TPE.2021173T181415.v2.0: SKIP NoDataInBounds (field does not intersect FMASK)
[4779/8861] [4778] HLS.L30.T11SQD.2021173T181415.v2.0: SKIP NoDataInBounds (field does not intersect FMASK)
[4780/8861] [4779] HLS.L30.T11TPF.2021173T181415.v2.0: SKIP NoDataInBounds (field does not intersect FMASK)
[4781/8861] [4780] HLS.L30.T12STJ.2021173T181415.v2.0: SKIP NoDataInBounds (field does not intersect FMASK)
[4782/8861] [4782] HLS.L30.T12STH.2021173T181438.v2.0: SKIP NoDataInBounds (field does not intersect FMASK)
[4783/8861] [4781] HLS.L30.T11TQE.2021173T181415.v2.0: SKIP NoDataInBounds (field does not intersect FMASK)
[4784/8861] [4783] HLS.L30.T11SPC.2021173T181438.v2.0: SKIP NoDataInBounds (field does not intersect FMASK)
[4785/8861] [4791] all outputs exist; skipping HLS.L30.T11SNV.2021173T181526.v2.0
[4786/8861] [4792] all outputs exist; skipping HLS.L30.T11SNA.2021173T181526.v2.0
[4787/8861] [4793] all outputs exist; skipping HLS.L30.T11SQU.2021173T181526.v2.0
[4788/8861] [4794] all outputs exist; skipping HLS.L30.T11SPV.2021173T181526.v2.0
[4789/8861] [4795] all outputs exist; skipping HLS.L30.T12STD.2021173T181526.v2.0
[4790/8861] [4796] all outputs exist; skipping HLS.L30.T11SQV.2021173T181526.v2.0
[4791/8861] [4784] HLS.L30.T11SQC.2021173T181438.v2.0: SKIP NoDataInBounds (field does not intersect FMASK)
[4792/8861] [4798] all outputs exist; skipping HLS.L30.T11SPU.2021173T181550.v2.0
[4793/8861] [4799] all outputs exist; skipping HLS.L30.T11SNU.2021173T181550.v2.0
[4794/8861] [4800] all outputs exist; skipping HLS.L30.T11SPT.2021173T181550.v2.0
[4795/8861] [4801] all outputs exist; skipping HLS.L30.T11SNT.2021173T181550.v2.0
[4796/8861] [4802] all outputs exist; skipping HLS.L30.T11SQT.2021173T181550.v2.0
[4797/8861] [4803] all outputs exist; skipping HLS.L30.T11SQS.2021173T181614.v2.0
[4798/8861] [4804] all outputs exist; skipping HLS.L30.T11SPS.2021173T181614.v2.0
[4799/8861] [4785] HLS.L30.T11SPA.2021173T181502.v2.0: SKIP NoDataInBounds (field does not intersect FMASK)
[4800/8861] [4806] all outputs exist; skipping HLS.L30.T11SNS.2021173T181614.v2.0
[4801/8861] [4786] HLS.L30.T11SPB.2021173T181502.v2.0: SKIP NoDataInBounds (field does not intersect FMASK)
[4802/8861] [4787] HLS.L30.T12STG.2021173T181502.v2.0: SKIP NoDataInBounds (field does not intersect FMASK)
[4803/8861] [4788] HLS.L30.T11SQB.2021173T181502.v2.0: SKIP NoDataInBounds (field does not intersect FMASK)
[4804/8861] [4789] HLS.L30.T12STF.2021173T181502.v2.0: SKIP NoDataInBounds (field does not intersect FMASK)
[4805/8861] [4790] HLS.L30.T11SQA.2021173T181502.v2.0: SKIP NoDataInBounds (field does not intersect FMASK)
[4806/8861] [4797] HLS.L30.T12STE.2021173T181526.v2.0: SKIP NoDataInBounds (field does not intersect FMASK)
[4807/8861] [4807] HLS.S30.T11TQG.2021173T182921.v2.0: SKIP NoDataInBounds (field does not intersect FMASK)
[4808/8861] [4805] HLS.L30.T11SNR.2021173T181614.v2.0: SKIP NoDataInBounds (field does not intersect FMASK)
[4809/8861] [4808] HLS.S30.T12TTM.2021173T182921.v2.0: SKIP NoDataInBounds (field does not intersect FMASK)
[4810/8861] [4810] HLS.S30.T11TNG.2021173T182921.v2.0: SKIP NoDataInBounds (field does not intersect FMASK)
[4811/8861] [4809] HLS.S30.T11TPG.2021173T182921.v2.0: SKIP NoDataInBounds (field does not intersect FMASK)
[4812/8861] [4811] HLS.S30.T11TMG.2021173T182921.v2.0: SKIP NoDataInBounds (field does not intersect FMASK)
[4813/8861] [4813] HLS.S30.T11TQF.2021173T182921.v2.0: SKIP NoDataInBounds (field does not intersect FMASK)
[4814/8861] [4812] HLS.S30.T12TTL.2021173T182921.v2.0: SKIP NoDataInBounds (field does not intersect FMASK)
[4815/8861] [4815] HLS.S30.T11TNF.2021173T182921.v2.0: SKIP NoDataInBounds (field does not intersect FMASK)
[4816/8861] [4814] HLS.S30.T11TPF.2021173T182921.v2.0: SKIP NoDataInBounds (field does not intersect FMASK)
[4817/8861] [4816] HLS.S30.T11TMF.2021173T182921.v2.0: SKIP NoDataInBounds (field does not intersect FMASK)
[4818/8861] [4817] HLS.S30.T12TTK.2021173T182921.v2.0: SKIP NoDataInBounds (field does not intersect FMASK)
[4819/8861] [4818] HLS.S30.T11TQE.2021173T182921.v2.0: SKIP NoDataInBounds (field does not intersect FMASK)
[4820/8861] [4819] HLS.S30.T11TPE.2021173T182921.v2.0: SKIP NoDataInBounds (field does not intersect FMASK)
[4821/8861] [4822] HLS.S30.T11TME.2021173T182921.v2.0: SKIP NoDataInBounds (field does not intersect FMASK)
[4822/8861] [4823] HLS.S30.T11SQD.2021173T182921.v2.0: SKIP NoDataInBounds (field does not intersect FMASK)
[4823/8861] [4820] HLS.S30.T11TNE.2021173T182921.v2.0: SKIP NoDataInBounds (field does not intersect FMASK)
[4824/8861] [4821] HLS.S30.T12STJ.2021173T182921.v2.0: SKIP NoDataInBounds (field does not intersect FMASK)
[4825/8861] [4831] all outputs exist; skipping HLS.S30.T11SLC.2021173T182921.v2.0
[4826/8861] [4824] HLS.S30.T11SPD.2021173T182921.v2.0: SKIP NoDataInBounds (field does not intersect FMASK)
[4827/8861] [4825] HLS.S30.T11SND.2021173T182921.v2.0: SKIP NoDataInBounds (field does not intersect FMASK)
[4828/8861] [4834] all outputs exist; skipping HLS.S30.T11SMB.2021173T182921.v2.0
[4829/8861] [4835] all outputs exist; skipping HLS.S30.T11SLB.2021173T182921.v2.0
[4830/8861] [4826] HLS.S30.T11SMD.2021173T182921.v2.0: SKIP NoDataInBounds (field does not intersect FMASK)
[4831/8861] [4837] all outputs exist; skipping HLS.S30.T11SNA.2021173T182921.v2.0
[4832/8861] [4838] all outputs exist; skipping HLS.S30.T11SMA.2021173T182921.v2.0
[4833/8861] [4839] all outputs exist; skipping HLS.S30.T11SLA.2021173T182921.v2.0
[4834/8861] [4840] all outputs exist; skipping HLS.S30.T11SPV.2021173T182921.v2.0
[4835/8861] [4841] all outputs exist; skipping HLS.S30.T11SNV.2021173T182921.v2.0
[4836/8861] [4842] all outputs exist; skipping HLS.S30.T11SMV.2021173T182921.v2.0
[4837/8861] [4843] all outputs exist; skipping HLS.S30.T11SLV.2021173T182921.v2.0
[4838/8861] [4844] all outputs exist; skipping HLS.S30.T11SNU.2021173T182921.v2.0
[4839/8861] [4845] all outputs exist; skipping HLS.S30.T11SKV.2021173T182921.v2.0
[4840/8861] [4846] all outputs exist; skipping HLS.S30.T11SMU.2021173T182921.v2.0
[4841/8861] [4847] all outputs exist; skipping HLS.S30.T11SLU.2021173T182921.v2.0
[4842/8861] [4848] all outputs exist; skipping HLS.S30.T11SKU.2021173T182921.v2.0
[4843/8861] [4849] all outputs exist; skipping HLS.S30.T11SNT.2021173T182921.v2.0
[4844/8861] [4850] all outputs exist; skipping HLS.S30.T11SMT.2021173T182921.v2.0
[4845/8861] [4851] all outputs exist; skipping HLS.S30.T11SLT.2021173T182921.v2.0
[4846/8861] [4852] all outputs exist; skipping HLS.S30.T11SKT.2021173T182921.v2.0
[4847/8861] [4853] all outputs exist; skipping HLS.S30.T11SNS.2021173T182921.v2.0
[4848/8861] [4854] all outputs exist; skipping HLS.S30.T11SMS.2021173T182921.v2.0
[4849/8861] [4827] HLS.S30.T11SPC.2021173T182921.v2.0: SKIP NoDataInBounds (field does not intersect FMASK)
[4850/8861] [4828] HLS.S30.T11SLD.2021173T182921.v2.0: SKIP NoDataInBounds (field does not intersect FMASK)
[4851/8861] [4829] HLS.S30.T11SNC.2021173T182921.v2.0: SKIP NoDataInBounds (field does not intersect FMASK)
[4852/8861] [4858] all outputs exist; skipping HLS.L30.T10TEM.2021174T185643.v2.0
[4853/8861] [4857] all outputs exist; skipping HLS.S30.T11SMR.2021173T182921.v2.0
[4854/8861] [4859] all outputs exist; skipping HLS.L30.T10TDM.2021174T185643.v2.0
[4855/8861] [4861] all outputs exist; skipping HLS.L30.T10TCM.2021174T185707.v2.0
[4856/8861] [4860] all outputs exist; skipping HLS.L30.T10TEL.2021174T185707.v2.0
[4857/8861] [4862] all outputs exist; skipping HLS.L30.T10TDL.2021174T185707.v2.0
[4858/8861] [4863] all outputs exist; skipping HLS.L30.T10TCL.2021174T185707.v2.0
[4859/8861] [4864] all outputs exist; skipping HLS.L30.T10TDK.2021174T185731.v2.0
[4860/8861] [4865] all outputs exist; skipping HLS.L30.T10TCK.2021174T185731.v2.0
[4861/8861] [4866] all outputs exist; skipping HLS.L30.T10SDJ.2021174T185731.v2.0
[4862/8861] [4867] all outputs exist; skipping HLS.L30.T10SDH.2021174T185754.v2.0
[4863/8861] [4869] all outputs exist; skipping HLS.S30.T10TGM.2021174T184919.v2.0
[4864/8861] [4870] all outputs exist; skipping HLS.S30.T11TKG.2021174T184919.v2.0
[4865/8861] [4871] all outputs exist; skipping HLS.S30.T10TFM.2021174T184919.v2.0
[4866/8861] [4872] all outputs exist; skipping HLS.S30.T10TEM.2021174T184919.v2.0
[4867/8861] [4832] HLS.S30.T11SPB.2021173T182921.v2.0: SKIP NoDataInBounds (field does not intersect FMASK)
[4868/8861] [4874] all outputs exist; skipping HLS.S30.T11TKF.2021174T184919.v2.0
[4869/8861] [4875] all outputs exist; skipping HLS.S30.T10TGL.2021174T184919.v2.0
[4870/8861] [4876] all outputs exist; skipping HLS.S30.T10TFL.2021174T184919.v2.0
[4871/8861] [4877] all outputs exist; skipping HLS.S30.T10TEL.2021174T184919.v2.0
[4872/8861] [4830] HLS.S30.T11SMC.2021173T182921.v2.0: SKIP NoDataInBounds (field does not intersect FMASK)
[4873/8861] [4879] all outputs exist; skipping HLS.S30.T11TKE.2021174T184919.v2.0
[4874/8861] [4880] all outputs exist; skipping HLS.S30.T10TGK.2021174T184919.v2.0
[4875/8861] [4881] all outputs exist; skipping HLS.S30.T10TFK.2021174T184919.v2.0
[4876/8861] [4882] all outputs exist; skipping HLS.S30.T10TEK.2021174T184919.v2.0
[4877/8861] [4883] all outputs exist; skipping HLS.S30.T11SKD.2021174T184919.v2.0
[4878/8861] [4884] all outputs exist; skipping HLS.S30.T10SGJ.2021174T184919.v2.0
[4879/8861] [4885] all outputs exist; skipping HLS.S30.T10SFJ.2021174T184919.v2.0
[4880/8861] [4833] HLS.S30.T11SNB.2021173T182921.v2.0: SKIP NoDataInBounds (field does not intersect FMASK)
[4881/8861] [4886] all outputs exist; skipping HLS.S30.T10SEJ.2021174T184919.v2.0
[4882/8861] [4887] all outputs exist; skipping HLS.S30.T10SDJ.2021174T184919.v2.0
[4883/8861] [4888] all outputs exist; skipping HLS.S30.T11SKC.2021174T184919.v2.0
[4884/8861] [4889] all outputs exist; skipping HLS.S30.T10SGH.2021174T184919.v2.0
[4885/8861] [4891] all outputs exist; skipping HLS.S30.T10SEH.2021174T184919.v2.0
[4886/8861] [4890] all outputs exist; skipping HLS.S30.T10SFH.2021174T184919.v2.0
[4887/8861] [4892] all outputs exist; skipping HLS.S30.T10SDH.2021174T184919.v2.0
[4888/8861] [4893] all outputs exist; skipping HLS.S30.T11SKB.2021174T184919.v2.0
[4889/8861] [4894] all outputs exist; skipping HLS.S30.T10SGG.2021174T184919.v2.0
[4890/8861] [4895] all outputs exist; skipping HLS.S30.T10SFG.2021174T184919.v2.0
[4891/8861] [4896] all outputs exist; skipping HLS.S30.T11SKA.2021174T184919.v2.0
[4892/8861] [4897] all outputs exist; skipping HLS.S30.T10SEG.2021174T184919.v2.0
[4893/8861] [4899] all outputs exist; skipping HLS.S30.T10SGF.2021174T184919.v2.0
[4894/8861] [4900] all outputs exist; skipping HLS.S30.T10SFF.2021174T184919.v2.0
[4895/8861] [4901] all outputs exist; skipping HLS.S30.T10SEF.2021174T184919.v2.0
[4896/8861] [4902] all outputs exist; skipping HLS.S30.T10SGE.2021174T184919.v2.0
[4897/8861] [4903] all outputs exist; skipping HLS.S30.T10SFE.2021174T184919.v2.0
[4898/8861] [4904] all outputs exist; skipping HLS.S30.T10SFD.2021174T184919.v2.0
[4899/8861] [4836] HLS.S30.T11SPA.2021173T182921.v2.0: SKIP NoDataInBounds (field does not intersect FMASK)
[4900/8861] [4855] HLS.S30.T11SLS.2021173T182921.v2.0: SKIP NoDataInBounds (field does not intersect FMASK)
[4901/8861] [4856] HLS.S30.T11SKS.2021173T182921.v2.0: SKIP NoDataInBounds (field does not intersect FMASK)
[4902/8861] [4873] HLS.S30.T11TLF.2021174T184919.v2.0: SKIP NoDataInBounds (field does not intersect FMASK)
[4903/8861] [4868] HLS.S30.T11TLG.2021174T184919.v2.0: SKIP NoDataInBounds (field does not intersect FMASK)
[4904/8861] [4878] HLS.S30.T11TLE.2021174T184919.v2.0: SKIP NoDataInBounds (field does not intersect FMASK)
[4905/8861] [4905] HLS.S30.T11TQG.2021175T181919.v2.0: SKIP NoDataInBounds (field does not intersect FMASK)
[4906/8861] [4898] HLS.S30.T10SDG.2021174T184919.v2.0: SKIP NoDataInBounds (field does not intersect FMASK)
[4907/8861] [4907] HLS.S30.T11TPG.2021175T181919.v2.0: SKIP NoDataInBounds (field does not intersect FMASK)
[4908/8861] [4906] HLS.S30.T12TTM.2021175T181919.v2.0: SKIP NoDataInBounds (field does not intersect FMASK)
[4909/8861] [4908] HLS.S30.T11TQF.2021175T181919.v2.0: SKIP NoDataInBounds (field does not intersect FMASK)
[4910/8861] [4909] HLS.S30.T11TPF.2021175T181919.v2.0: SKIP NoDataInBounds (field does not intersect FMASK)
[4911/8861] [4910] HLS.S30.T12TTK.2021175T181919.v2.0: SKIP NoDataInBounds (field does not intersect FMASK)
[4912/8861] [4911] HLS.S30.T11TQE.2021175T181919.v2.0: SKIP NoDataInBounds (field does not intersect FMASK)
[4913/8861] [4914] HLS.S30.T11SQD.2021175T181919.v2.0: SKIP NoDataInBounds (field does not intersect FMASK)
[4914/8861] [4913] HLS.S30.T12STJ.2021175T181919.v2.0: SKIP NoDataInBounds (field does not intersect FMASK)
[4915/8861] [4915] HLS.S30.T11SPD.2021175T181919.v2.0: SKIP NoDataInBounds (field does not intersect FMASK)
[4916/8861] [4912] HLS.S30.T11TPE.2021175T181919.v2.0: SKIP NoDataInBounds (field does not intersect FMASK)
[4917/8861] [4916] HLS.S30.T12STH.2021175T181919.v2.0: SKIP NoDataInBounds (field does not intersect FMASK)
[4918/8861] [4917] HLS.S30.T11SQC.2021175T181919.v2.0: SKIP NoDataInBounds (field does not intersect FMASK)
[4919/8861] [4918] HLS.S30.T11SPC.2021175T181919.v2.0: SKIP NoDataInBounds (field does not intersect FMASK)
[4920/8861] [4919] HLS.S30.T11SNC.2021175T181919.v2.0: SKIP NoDataInBounds (field does not intersect FMASK)
[4921/8861] [4927] all outputs exist; skipping HLS.S30.T11SNA.2021175T181919.v2.0
[4922/8861] [4921] HLS.S30.T11SQB.2021175T181919.v2.0: SKIP NoDataInBounds (field does not intersect FMASK)
[4923/8861] [4929] all outputs exist; skipping HLS.S30.T11SQV.2021175T181919.v2.0
[4924/8861] [4930] all outputs exist; skipping HLS.S30.T11SPV.2021175T181919.v2.0
[4925/8861] [4931] all outputs exist; skipping HLS.S30.T11SNV.2021175T181919.v2.0
[4926/8861] [4932] all outputs exist; skipping HLS.S30.T12STD.2021175T181919.v2.0
[4927/8861] [4933] all outputs exist; skipping HLS.S30.T11SQU.2021175T181919.v2.0
[4928/8861] [4934] all outputs exist; skipping HLS.S30.T11SPU.2021175T181919.v2.0
[4929/8861] [4935] all outputs exist; skipping HLS.S30.T11SNU.2021175T181919.v2.0
[4930/8861] [4936] all outputs exist; skipping HLS.S30.T12STC.2021175T181919.v2.0
[4931/8861] [4937] all outputs exist; skipping HLS.S30.T11SQT.2021175T181919.v2.0
[4932/8861] [4938] all outputs exist; skipping HLS.S30.T11SPT.2021175T181919.v2.0
[4933/8861] [4920] HLS.S30.T12STG.2021175T181919.v2.0: SKIP NoDataInBounds (field does not intersect FMASK)
[4934/8861] [4939] all outputs exist; skipping HLS.S30.T11SNT.2021175T181919.v2.0
[4935/8861] [4941] all outputs exist; skipping HLS.S30.T11SMT.2021175T181919.v2.0
[4936/8861] [4942] all outputs exist; skipping HLS.S30.T11SQS.2021175T181919.v2.0
[4937/8861] [4943] all outputs exist; skipping HLS.S30.T11SPS.2021175T181919.v2.0
[4938/8861] [4944] all outputs exist; skipping HLS.S30.T11SNS.2021175T181919.v2.0
[4939/8861] [4945] all outputs exist; skipping HLS.S30.T11SMS.2021175T181919.v2.0
[4940/8861] [4923] HLS.S30.T11SNB.2021175T181919.v2.0: SKIP NoDataInBounds (field does not intersect FMASK)
[4941/8861] [4947] all outputs exist; skipping HLS.S30.T11SMR.2021175T181919.v2.0
[4942/8861] [4948] all outputs exist; skipping HLS.S30.T10TDM.2021175T190921.v2.0
[4943/8861] [4949] all outputs exist; skipping HLS.S30.T10TCM.2021175T190921.v2.0
[4944/8861] [4950] all outputs exist; skipping HLS.S30.T10TDL.2021175T190921.v2.0
[4945/8861] [4951] all outputs exist; skipping HLS.S30.T10TCL.2021175T190921.v2.0
[4946/8861] [4952] all outputs exist; skipping HLS.S30.T10TDK.2021175T190921.v2.0
[4947/8861] [4953] all outputs exist; skipping HLS.S30.T10TCK.2021175T190921.v2.0
[4948/8861] [4954] all outputs exist; skipping HLS.L30.T11TKG.2021176T184422.v2.0
[4949/8861] [4955] all outputs exist; skipping HLS.L30.T10TGM.2021176T184422.v2.0
[4950/8861] [4956] all outputs exist; skipping HLS.L30.T10TEM.2021176T184445.v2.0
[4951/8861] [4957] all outputs exist; skipping HLS.L30.T10TGL.2021176T184445.v2.0
[4952/8861] [4958] all outputs exist; skipping HLS.L30.T11TKF.2021176T184445.v2.0
[4953/8861] [4959] all outputs exist; skipping HLS.L30.T10TEL.2021176T184445.v2.0
[4954/8861] [4960] all outputs exist; skipping HLS.L30.T10TFM.2021176T184445.v2.0
[4955/8861] [4961] all outputs exist; skipping HLS.L30.T10TFL.2021176T184445.v2.0
[4956/8861] [4962] all outputs exist; skipping HLS.L30.T11TKE.2021176T184509.v2.0
[4957/8861] [4963] all outputs exist; skipping HLS.L30.T10TEK.2021176T184509.v2.0
[4958/8861] [4964] all outputs exist; skipping HLS.L30.T10SEJ.2021176T184509.v2.0
[4959/8861] [4965] all outputs exist; skipping HLS.L30.T10TGK.2021176T184509.v2.0
[4960/8861] [4966] all outputs exist; skipping HLS.L30.T10TFK.2021176T184509.v2.0
[4961/8861] [4967] all outputs exist; skipping HLS.L30.T10SGJ.2021176T184509.v2.0
[4962/8861] [4968] all outputs exist; skipping HLS.L30.T10SFJ.2021176T184509.v2.0
[4963/8861] [4969] all outputs exist; skipping HLS.L30.T11SKD.2021176T184509.v2.0
[4964/8861] [4970] all outputs exist; skipping HLS.L30.T10SGH.2021176T184533.v2.0
[4965/8861] [4971] all outputs exist; skipping HLS.L30.T10SDH.2021176T184533.v2.0
[4966/8861] [4972] all outputs exist; skipping HLS.L30.T10SEH.2021176T184533.v2.0
[4967/8861] [4973] all outputs exist; skipping HLS.L30.T10SFH.2021176T184533.v2.0
[4968/8861] [4922] HLS.S30.T11SPB.2021175T181919.v2.0: SKIP NoDataInBounds (field does not intersect FMASK)
[4969/8861] [4975] all outputs exist; skipping HLS.L30.T10SFG.2021176T184557.v2.0
[4970/8861] [4976] all outputs exist; skipping HLS.L30.T10SEG.2021176T184557.v2.0
[4971/8861] [4977] all outputs exist; skipping HLS.L30.T10SFF.2021176T184557.v2.0
[4972/8861] [4978] all outputs exist; skipping HLS.L30.T10SEF.2021176T184557.v2.0
[4973/8861] [4979] all outputs exist; skipping HLS.L30.T10SFD.2021176T184621.v2.0
[4974/8861] [4980] all outputs exist; skipping HLS.L30.T10SFE.2021176T184621.v2.0
[4975/8861] [4924] HLS.S30.T12STF.2021175T181919.v2.0: SKIP NoDataInBounds (field does not intersect FMASK)
[4976/8861] [4925] HLS.S30.T11SQA.2021175T181919.v2.0: SKIP NoDataInBounds (field does not intersect FMASK)
[4977/8861] [4926] HLS.S30.T11SPA.2021175T181919.v2.0: SKIP NoDataInBounds (field does not intersect FMASK)
[4978/8861] [4984] all outputs exist; skipping HLS.S30.T10TGM.2021176T183921.v2.0
[4979/8861] [4985] all outputs exist; skipping HLS.S30.T11TKG.2021176T183921.v2.0
[4980/8861] [4928] HLS.S30.T12STE.2021175T181919.v2.0: SKIP NoDataInBounds (field does not intersect FMASK)
[4981/8861] [4940] HLS.S30.T12STB.2021175T181919.v2.0: SKIP NoDataInBounds (field does not intersect FMASK)
[4982/8861] [4946] HLS.S30.T11SNR.2021175T181919.v2.0: SKIP NoDataInBounds (field does not intersect FMASK)
[4983/8861] [4989] all outputs exist; skipping HLS.S30.T11TKF.2021176T183921.v2.0
[4984/8861] [4990] all outputs exist; skipping HLS.S30.T10TGL.2021176T183921.v2.0
[4985/8861] [4974] HLS.L30.T10SDG.2021176T184557.v2.0: SKIP NoDataInBounds (field does not intersect FMASK)
[4986/8861] [4981] HLS.S30.T11TNG.2021176T183921.v2.0: SKIP NoDataInBounds (field does not intersect FMASK)
[4987/8861] [4982] HLS.S30.T11TMG.2021176T183921.v2.0: SKIP NoDataInBounds (field does not intersect FMASK)
[4988/8861] [4983] HLS.S30.T11TLG.2021176T183921.v2.0: SKIP NoDataInBounds (field does not intersect FMASK)
[4989/8861] [4995] all outputs exist; skipping HLS.S30.T11TKE.2021176T183921.v2.0
[4990/8861] [4996] all outputs exist; skipping HLS.S30.T10TGK.2021176T183921.v2.0
[4991/8861] [4987] HLS.S30.T11TMF.2021176T183921.v2.0: SKIP NoDataInBounds (field does not intersect FMASK)
[4992/8861] [4986] HLS.S30.T11TNF.2021176T183921.v2.0: SKIP NoDataInBounds (field does not intersect FMASK)
[4993/8861] [4999] all outputs exist; skipping HLS.S30.T11SKD.2021176T183921.v2.0
[4994/8861] [5000] all outputs exist; skipping HLS.S30.T10SGJ.2021176T183921.v2.0
[4995/8861] [4988] HLS.S30.T11TLF.2021176T183921.v2.0: SKIP NoDataInBounds (field does not intersect FMASK)
[4996/8861] [5002] all outputs exist; skipping HLS.S30.T10SFJ.2021176T183921.v2.0
[4997/8861] [5003] all outputs exist; skipping HLS.S30.T11SLC.2021176T183921.v2.0
[4998/8861] [5004] all outputs exist; skipping HLS.S30.T11SKC.2021176T183921.v2.0
[4999/8861] [5005] all outputs exist; skipping HLS.S30.T10SGH.2021176T183921.v2.0
[5000/8861] [5006] all outputs exist; skipping HLS.S30.T10SFH.2021176T183921.v2.0
[5001/8861] [5007] all outputs exist; skipping HLS.S30.T11SMB.2021176T183921.v2.0
[5002/8861] [5008] all outputs exist; skipping HLS.S30.T11SLB.2021176T183921.v2.0
[5003/8861] [5009] all outputs exist; skipping HLS.S30.T11SKB.2021176T183921.v2.0
[5004/8861] [5010] all outputs exist; skipping HLS.S30.T10SGG.2021176T183921.v2.0
[5005/8861] [5011] all outputs exist; skipping HLS.S30.T11SMA.2021176T183921.v2.0
[5006/8861] [5012] all outputs exist; skipping HLS.S30.T10SFG.2021176T183921.v2.0
[5007/8861] [5013] all outputs exist; skipping HLS.S30.T11SLA.2021176T183921.v2.0
[5008/8861] [5014] all outputs exist; skipping HLS.S30.T11SKA.2021176T183921.v2.0
[5009/8861] [4991] HLS.S30.T11TNE.2021176T183921.v2.0: SKIP NoDataInBounds (field does not intersect FMASK)
[5010/8861] [5015] all outputs exist; skipping HLS.S30.T10SGF.2021176T183921.v2.0
[5011/8861] [5016] all outputs exist; skipping HLS.S30.T10SFF.2021176T183921.v2.0
[5012/8861] [5017] all outputs exist; skipping HLS.S30.T11SLV.2021176T183921.v2.0
[5013/8861] [5018] all outputs exist; skipping HLS.S30.T11SKV.2021176T183921.v2.0
[5014/8861] [5019] all outputs exist; skipping HLS.S30.T10SGE.2021176T183921.v2.0
[5015/8861] [5020] all outputs exist; skipping HLS.S30.T10SFE.2021176T183921.v2.0
[5016/8861] [5021] all outputs exist; skipping HLS.S30.T11SLU.2021176T183921.v2.0
[5017/8861] [5023] all outputs exist; skipping HLS.S30.T10SGD.2021176T183921.v2.0
[5018/8861] [5022] all outputs exist; skipping HLS.S30.T11SKU.2021176T183921.v2.0
[5019/8861] [5024] all outputs exist; skipping HLS.S30.T10SFD.2021176T183921.v2.0
[5020/8861] [5025] all outputs exist; skipping HLS.S30.T11SLT.2021176T183921.v2.0
[5021/8861] [5026] all outputs exist; skipping HLS.S30.T11SKT.2021176T183921.v2.0
[5022/8861] [4992] HLS.S30.T11TME.2021176T183921.v2.0: SKIP NoDataInBounds (field does not intersect FMASK)
[5023/8861] [4993] HLS.S30.T11TLE.2021176T183921.v2.0: SKIP NoDataInBounds (field does not intersect FMASK)
[5024/8861] [4994] HLS.S30.T11SND.2021176T183921.v2.0: SKIP NoDataInBounds (field does not intersect FMASK)
[5025/8861] [5031] all outputs exist; skipping HLS.S30.T11SQV.2021177T180921.v2.0
[5026/8861] [5032] all outputs exist; skipping HLS.S30.T12STD.2021177T180921.v2.0
[5027/8861] [5033] all outputs exist; skipping HLS.S30.T11SQU.2021177T180921.v2.0
[5028/8861] [5034] all outputs exist; skipping HLS.S30.T12STC.2021177T180921.v2.0
[5029/8861] [5035] all outputs exist; skipping HLS.S30.T11SQT.2021177T180921.v2.0
[5030/8861] [4997] HLS.S30.T11SMD.2021176T183921.v2.0: SKIP NoDataInBounds (field does not intersect FMASK)
[5031/8861] [5037] all outputs exist; skipping HLS.S30.T11SQS.2021177T180921.v2.0
[5032/8861] [5038] all outputs exist; skipping HLS.S30.T11SPS.2021177T180921.v2.0
[5033/8861] [5039] all outputs exist; skipping HLS.S30.T10TFM.2021177T185919.v2.0
[5034/8861] [5040] all outputs exist; skipping HLS.S30.T10TEM.2021177T185919.v2.0
[5035/8861] [5041] all outputs exist; skipping HLS.S30.T10TDM.2021177T185919.v2.0
[5036/8861] [5042] all outputs exist; skipping HLS.S30.T10TCM.2021177T185919.v2.0
[5037/8861] [5043] all outputs exist; skipping HLS.S30.T10TFL.2021177T185919.v2.0
[5038/8861] [5044] all outputs exist; skipping HLS.S30.T10TEL.2021177T185919.v2.0
[5039/8861] [5045] all outputs exist; skipping HLS.S30.T10TDL.2021177T185919.v2.0
[5040/8861] [5046] all outputs exist; skipping HLS.S30.T10TFK.2021177T185919.v2.0
[5041/8861] [5047] all outputs exist; skipping HLS.S30.T10TCL.2021177T185919.v2.0
[5042/8861] [5048] all outputs exist; skipping HLS.S30.T10TEK.2021177T185919.v2.0
[5043/8861] [5049] all outputs exist; skipping HLS.S30.T10TDK.2021177T185919.v2.0
[5044/8861] [5050] all outputs exist; skipping HLS.S30.T10TCK.2021177T185919.v2.0
[5045/8861] [5051] all outputs exist; skipping HLS.S30.T10SEJ.2021177T185919.v2.0
[5046/8861] [5052] all outputs exist; skipping HLS.S30.T10SDJ.2021177T185919.v2.0
[5047/8861] [5053] all outputs exist; skipping HLS.S30.T10SEH.2021177T185919.v2.0
[5048/8861] [5054] all outputs exist; skipping HLS.S30.T10SDH.2021177T185919.v2.0
[5049/8861] [5055] all outputs exist; skipping HLS.S30.T10SEG.2021177T185919.v2.0
[5050/8861] [4998] HLS.S30.T11SLD.2021176T183921.v2.0: SKIP NoDataInBounds (field does not intersect FMASK)
[5051/8861] [5057] all outputs exist; skipping HLS.S30.T10SEF.2021177T185919.v2.0
[5052/8861] [5001] HLS.S30.T11SMC.2021176T183921.v2.0: SKIP NoDataInBounds (field does not intersect FMASK)
[5053/8861] [5028] HLS.S30.T11SLS.2021176T183921.v2.0: SKIP NoDataInBounds (field does not intersect FMASK)
[5054/8861] [5027] HLS.S30.T10SGC.2021176T183921.v2.0: SKIP NoDataInBounds (field does not intersect FMASK)
[5055/8861] [5029] HLS.S30.T11SKS.2021176T183921.v2.0: SKIP NoDataInBounds (field does not intersect FMASK)
[5056/8861] [5030] HLS.S30.T12STE.2021177T180921.v2.0: SKIP NoDataInBounds (field does not intersect FMASK)
[5057/8861] [5036] HLS.S30.T12STB.2021177T180921.v2.0: SKIP NoDataInBounds (field does not intersect FMASK)
[5058/8861] [5056] HLS.S30.T10SDG.2021177T185919.v2.0: SKIP NoDataInBounds (field does not intersect FMASK)
[5059/8861] [5058] HLS.L30.T11TMG.2021178T183200.v2.0: SKIP NoDataInBounds (field does not intersect FMASK)
[5060/8861] [5059] HLS.L30.T11TNG.2021178T183200.v2.0: SKIP NoDataInBounds (field does not intersect FMASK)
[5061/8861] [5067] all outputs exist; skipping HLS.L30.T11TKE.2021178T183248.v2.0
[5062/8861] [5061] HLS.L30.T11TLG.2021178T183224.v2.0: SKIP NoDataInBounds (field does not intersect FMASK)
[5063/8861] [5069] all outputs exist; skipping HLS.L30.T11SKD.2021178T183248.v2.0
[5064/8861] [5060] HLS.L30.T11TNF.2021178T183224.v2.0: SKIP NoDataInBounds (field does not intersect FMASK)
[5065/8861] [5071] all outputs exist; skipping HLS.L30.T10TGK.2021178T183248.v2.0
[5066/8861] [5072] all outputs exist; skipping HLS.L30.T10SGJ.2021178T183312.v2.0
[5067/8861] [5073] all outputs exist; skipping HLS.L30.T10SGH.2021178T183312.v2.0
[5068/8861] [5062] HLS.L30.T11TMF.2021178T183224.v2.0: SKIP NoDataInBounds (field does not intersect FMASK)
[5069/8861] [5075] all outputs exist; skipping HLS.L30.T11SKC.2021178T183312.v2.0
[5070/8861] [5076] all outputs exist; skipping HLS.L30.T11SLC.2021178T183312.v2.0
[5071/8861] [5077] all outputs exist; skipping HLS.L30.T10SGF.2021178T183336.v2.0
[5072/8861] [5078] all outputs exist; skipping HLS.L30.T10SGG.2021178T183336.v2.0
[5073/8861] [5079] all outputs exist; skipping HLS.L30.T11SKA.2021178T183336.v2.0
[5074/8861] [5080] all outputs exist; skipping HLS.L30.T11SMB.2021178T183336.v2.0
[5075/8861] [5081] all outputs exist; skipping HLS.L30.T11SLB.2021178T183336.v2.0
[5076/8861] [5082] all outputs exist; skipping HLS.L30.T11SLA.2021178T183336.v2.0
[5077/8861] [5083] all outputs exist; skipping HLS.L30.T11SKB.2021178T183336.v2.0
[5078/8861] [5084] all outputs exist; skipping HLS.L30.T11SKU.2021178T183400.v2.0
[5079/8861] [5085] all outputs exist; skipping HLS.L30.T11SLU.2021178T183400.v2.0
[5080/8861] [5086] all outputs exist; skipping HLS.L30.T10SGE.2021178T183400.v2.0
[5081/8861] [5087] all outputs exist; skipping HLS.L30.T11SKV.2021178T183400.v2.0
[5082/8861] [5088] all outputs exist; skipping HLS.L30.T11SLV.2021178T183400.v2.0
[5083/8861] [5089] all outputs exist; skipping HLS.L30.T10SFE.2021178T183424.v2.0
[5084/8861] [5064] HLS.L30.T11TNE.2021178T183248.v2.0: SKIP NoDataInBounds (field does not intersect FMASK)
[5085/8861] [5091] all outputs exist; skipping HLS.L30.T11SLT.2021178T183424.v2.0
[5086/8861] [5092] all outputs exist; skipping HLS.L30.T10SFD.2021178T183424.v2.0
[5087/8861] [5093] all outputs exist; skipping HLS.L30.T11SKT.2021178T183424.v2.0
[5088/8861] [5094] all outputs exist; skipping HLS.L30.T10SGD.2021178T183424.v2.0
[5089/8861] [5063] HLS.L30.T11TLF.2021178T183224.v2.0: SKIP NoDataInBounds (field does not intersect FMASK)
[5090/8861] [5065] HLS.L30.T11TME.2021178T183248.v2.0: SKIP NoDataInBounds (field does not intersect FMASK)
[5091/8861] [5066] HLS.L30.T11SMD.2021178T183248.v2.0: SKIP NoDataInBounds (field does not intersect FMASK)
[5092/8861] [5070] HLS.L30.T11SLD.2021178T183248.v2.0: SKIP NoDataInBounds (field does not intersect FMASK)
[5093/8861] [5068] HLS.L30.T11TLE.2021178T183248.v2.0: SKIP NoDataInBounds (field does not intersect FMASK)
[5094/8861] [5090] HLS.L30.T10SGC.2021178T183424.v2.0: SKIP NoDataInBounds (field does not intersect FMASK)
[5095/8861] [5074] HLS.L30.T11SMC.2021178T183312.v2.0: SKIP NoDataInBounds (field does not intersect FMASK)
[5096/8861] [5096] HLS.S30.T11TQG.2021178T182919.v2.0: SKIP NoDataInBounds (field does not intersect FMASK)
[5097/8861] [5095] HLS.L30.T11SKS.2021178T183447.v2.0: SKIP NoDataInBounds (field does not intersect FMASK)
[5098/8861] [5097] HLS.S30.T12TTM.2021178T182919.v2.0: SKIP NoDataInBounds (field does not intersect FMASK)
[5099/8861] [5098] HLS.S30.T11TPG.2021178T182919.v2.0: SKIP NoDataInBounds (field does not intersect FMASK)
[5100/8861] [5099] HLS.S30.T11TNG.2021178T182919.v2.0: SKIP NoDataInBounds (field does not intersect FMASK)
[5101/8861] [5100] HLS.S30.T11TMG.2021178T182919.v2.0: SKIP NoDataInBounds (field does not intersect FMASK)
[5102/8861] [5102] HLS.S30.T11TQF.2021178T182919.v2.0: SKIP NoDataInBounds (field does not intersect FMASK)
[5103/8861] [5101] HLS.S30.T12TTL.2021178T182919.v2.0: SKIP NoDataInBounds (field does not intersect FMASK)
[5104/8861] [5103] HLS.S30.T11TPF.2021178T182919.v2.0: SKIP NoDataInBounds (field does not intersect FMASK)
[5105/8861] [5104] HLS.S30.T11TNF.2021178T182919.v2.0: SKIP NoDataInBounds (field does not intersect FMASK)
[5106/8861] [5105] HLS.S30.T11TMF.2021178T182919.v2.0: SKIP NoDataInBounds (field does not intersect FMASK)
[5107/8861] [5107] HLS.S30.T11TQE.2021178T182919.v2.0: SKIP NoDataInBounds (field does not intersect FMASK)
[5108/8861] [5106] HLS.S30.T12TTK.2021178T182919.v2.0: SKIP NoDataInBounds (field does not intersect FMASK)
[5109/8861] [5108] HLS.S30.T11TPE.2021178T182919.v2.0: SKIP NoDataInBounds (field does not intersect FMASK)
[5110/8861] [5109] HLS.S30.T11TNE.2021178T182919.v2.0: SKIP NoDataInBounds (field does not intersect FMASK)
[5111/8861] [5110] HLS.S30.T12STJ.2021178T182919.v2.0: SKIP NoDataInBounds (field does not intersect FMASK)
[5112/8861] [5111] HLS.S30.T11TME.2021178T182919.v2.0: SKIP NoDataInBounds (field does not intersect FMASK)
[5113/8861] [5112] HLS.S30.T11SQD.2021178T182919.v2.0: SKIP NoDataInBounds (field does not intersect FMASK)
[5114/8861] [5120] all outputs exist; skipping HLS.S30.T11SLC.2021178T182919.v2.0
[5115/8861] [5113] HLS.S30.T11SPD.2021178T182919.v2.0: SKIP NoDataInBounds (field does not intersect FMASK)
[5116/8861] [5114] HLS.S30.T11SND.2021178T182919.v2.0: SKIP NoDataInBounds (field does not intersect FMASK)
[5117/8861] [5123] all outputs exist; skipping HLS.S30.T11SMB.2021178T182919.v2.0
[5118/8861] [5124] all outputs exist; skipping HLS.S30.T11SLB.2021178T182919.v2.0
[5119/8861] [5115] HLS.S30.T11SMD.2021178T182919.v2.0: SKIP NoDataInBounds (field does not intersect FMASK)
[5120/8861] [5126] all outputs exist; skipping HLS.S30.T11SNA.2021178T182919.v2.0
[5121/8861] [5127] all outputs exist; skipping HLS.S30.T11SMA.2021178T182919.v2.0
[5122/8861] [5128] all outputs exist; skipping HLS.S30.T11SLA.2021178T182919.v2.0
[5123/8861] [5129] all outputs exist; skipping HLS.S30.T11SPV.2021178T182919.v2.0
[5124/8861] [5130] all outputs exist; skipping HLS.S30.T11SNV.2021178T182919.v2.0
[5125/8861] [5131] all outputs exist; skipping HLS.S30.T11SPU.2021178T182919.v2.0
[5126/8861] [5132] all outputs exist; skipping HLS.S30.T11SMV.2021178T182919.v2.0
[5127/8861] [5133] all outputs exist; skipping HLS.S30.T11SLV.2021178T182919.v2.0
[5128/8861] [5134] all outputs exist; skipping HLS.S30.T11SNU.2021178T182919.v2.0
[5129/8861] [5135] all outputs exist; skipping HLS.S30.T11SKV.2021178T182919.v2.0
[5130/8861] [5136] all outputs exist; skipping HLS.S30.T11SMU.2021178T182919.v2.0
[5131/8861] [5137] all outputs exist; skipping HLS.S30.T11SLU.2021178T182919.v2.0
[5132/8861] [5138] all outputs exist; skipping HLS.S30.T11SKU.2021178T182919.v2.0
[5133/8861] [5139] all outputs exist; skipping HLS.S30.T11SNT.2021178T182919.v2.0
[5134/8861] [5140] all outputs exist; skipping HLS.S30.T11SMT.2021178T182919.v2.0
[5135/8861] [5141] all outputs exist; skipping HLS.S30.T11SLT.2021178T182919.v2.0
[5136/8861] [5142] all outputs exist; skipping HLS.S30.T11SKT.2021178T182919.v2.0
[5137/8861] [5143] all outputs exist; skipping HLS.S30.T11SNS.2021178T182919.v2.0
[5138/8861] [5144] all outputs exist; skipping HLS.S30.T11SMS.2021178T182919.v2.0
[5139/8861] [5116] HLS.S30.T11SPC.2021178T182919.v2.0: SKIP NoDataInBounds (field does not intersect FMASK)
[5140/8861] [5117] HLS.S30.T11SLD.2021178T182919.v2.0: SKIP NoDataInBounds (field does not intersect FMASK)
[5141/8861] [5118] HLS.S30.T11SNC.2021178T182919.v2.0: SKIP NoDataInBounds (field does not intersect FMASK)
[5142/8861] [5148] all outputs exist; skipping HLS.S30.T11SMR.2021178T182919.v2.0
[5143/8861] [5119] HLS.S30.T11SMC.2021178T182919.v2.0: SKIP NoDataInBounds (field does not intersect FMASK)
[5144/8861] [5150] all outputs exist; skipping HLS.S30.T10TGM.2021179T184921.v2.0
[5145/8861] [5151] all outputs exist; skipping HLS.S30.T11TKG.2021179T184921.v2.0
[5146/8861] [5152] all outputs exist; skipping HLS.S30.T10TFM.2021179T184921.v2.0
[5147/8861] [5153] all outputs exist; skipping HLS.S30.T10TEM.2021179T184921.v2.0
[5148/8861] [5121] HLS.S30.T11SPB.2021178T182919.v2.0: SKIP NoDataInBounds (field does not intersect FMASK)
[5149/8861] [5155] all outputs exist; skipping HLS.S30.T11TKF.2021179T184921.v2.0
[5150/8861] [5156] all outputs exist; skipping HLS.S30.T10TGL.2021179T184921.v2.0
[5151/8861] [5157] all outputs exist; skipping HLS.S30.T10TFL.2021179T184921.v2.0
[5152/8861] [5122] HLS.S30.T11SNB.2021178T182919.v2.0: SKIP NoDataInBounds (field does not intersect FMASK)
[5153/8861] [5159] all outputs exist; skipping HLS.S30.T10TEL.2021179T184921.v2.0
[5154/8861] [5160] all outputs exist; skipping HLS.S30.T11TKE.2021179T184921.v2.0
[5155/8861] [5161] all outputs exist; skipping HLS.S30.T10TGK.2021179T184921.v2.0
[5156/8861] [5162] all outputs exist; skipping HLS.S30.T10TFK.2021179T184921.v2.0
[5157/8861] [5163] all outputs exist; skipping HLS.S30.T10TEK.2021179T184921.v2.0
[5158/8861] [5164] all outputs exist; skipping HLS.S30.T11SKD.2021179T184921.v2.0
[5159/8861] [5165] all outputs exist; skipping HLS.S30.T10SGJ.2021179T184921.v2.0
[5160/8861] [5166] all outputs exist; skipping HLS.S30.T10SFJ.2021179T184921.v2.0
[5161/8861] [5167] all outputs exist; skipping HLS.S30.T10SEJ.2021179T184921.v2.0
[5162/8861] [5168] all outputs exist; skipping HLS.S30.T10SDJ.2021179T184921.v2.0
[5163/8861] [5169] all outputs exist; skipping HLS.S30.T11SKC.2021179T184921.v2.0
[5164/8861] [5170] all outputs exist; skipping HLS.S30.T10SGH.2021179T184921.v2.0
[5165/8861] [5171] all outputs exist; skipping HLS.S30.T10SFH.2021179T184921.v2.0
[5166/8861] [5172] all outputs exist; skipping HLS.S30.T10SEH.2021179T184921.v2.0
[5167/8861] [5173] all outputs exist; skipping HLS.S30.T10SDH.2021179T184921.v2.0
[5168/8861] [5174] all outputs exist; skipping HLS.S30.T11SKB.2021179T184921.v2.0
[5169/8861] [5175] all outputs exist; skipping HLS.S30.T10SGG.2021179T184921.v2.0
[5170/8861] [5176] all outputs exist; skipping HLS.S30.T10SFG.2021179T184921.v2.0
[5171/8861] [5177] all outputs exist; skipping HLS.S30.T11SKA.2021179T184921.v2.0
[5172/8861] [5178] all outputs exist; skipping HLS.S30.T10SEG.2021179T184921.v2.0
[5173/8861] [5179] all outputs exist; skipping HLS.S30.T10SGF.2021179T184921.v2.0
[5174/8861] [5180] all outputs exist; skipping HLS.S30.T10SFF.2021179T184921.v2.0
[5175/8861] [5181] all outputs exist; skipping HLS.S30.T10SEF.2021179T184921.v2.0
[5176/8861] [5182] all outputs exist; skipping HLS.S30.T10SGE.2021179T184921.v2.0
[5177/8861] [5183] all outputs exist; skipping HLS.S30.T10SFE.2021179T184921.v2.0
[5178/8861] [5184] all outputs exist; skipping HLS.S30.T10SFD.2021179T184921.v2.0
[5179/8861] [5125] HLS.S30.T11SPA.2021178T182919.v2.0: SKIP NoDataInBounds (field does not intersect FMASK)
[5180/8861] [5145] HLS.S30.T11SLS.2021178T182919.v2.0: SKIP NoDataInBounds (field does not intersect FMASK)
[5181/8861] [5146] HLS.S30.T11SKS.2021178T182919.v2.0: SKIP NoDataInBounds (field does not intersect FMASK)
[5182/8861] [5147] HLS.S30.T11SNR.2021178T182919.v2.0: SKIP NoDataInBounds (field does not intersect FMASK)
[5183/8861] [5154] HLS.S30.T11TLF.2021179T184921.v2.0: SKIP NoDataInBounds (field does not intersect FMASK)
[5184/8861] [5149] HLS.S30.T11TLG.2021179T184921.v2.0: SKIP NoDataInBounds (field does not intersect FMASK)
[5185/8861] [5158] HLS.S30.T11TLE.2021179T184921.v2.0: SKIP NoDataInBounds (field does not intersect FMASK)
[5186/8861] [5185] HLS.L30.T12TTM.2021180T181939.v2.0: SKIP NoDataInBounds (field does not intersect FMASK)
[5187/8861] [5186] HLS.L30.T11TQG.2021180T181939.v2.0: SKIP NoDataInBounds (field does not intersect FMASK)
[5188/8861] [5187] HLS.L30.T11TQF.2021180T182003.v2.0: SKIP NoDataInBounds (field does not intersect FMASK)
[5189/8861] [5188] HLS.L30.T11TNG.2021180T182003.v2.0: SKIP NoDataInBounds (field does not intersect FMASK)
[5190/8861] [5189] HLS.L30.T11TPF.2021180T182003.v2.0: SKIP NoDataInBounds (field does not intersect FMASK)
[5191/8861] [5190] HLS.L30.T12TTL.2021180T182003.v2.0: SKIP NoDataInBounds (field does not intersect FMASK)
[5192/8861] [5191] HLS.L30.T11TPG.2021180T182003.v2.0: SKIP NoDataInBounds (field does not intersect FMASK)
[5193/8861] [5192] HLS.L30.T11TNF.2021180T182003.v2.0: SKIP NoDataInBounds (field does not intersect FMASK)
[5194/8861] [5193] HLS.L30.T12TTK.2021180T182027.v2.0: SKIP NoDataInBounds (field does not intersect FMASK)
[5195/8861] [5194] HLS.L30.T11TQE.2021180T182027.v2.0: SKIP NoDataInBounds (field does not intersect FMASK)
[5196/8861] [5195] HLS.L30.T11SND.2021180T182027.v2.0: SKIP NoDataInBounds (field does not intersect FMASK)
[5197/8861] [5196] HLS.L30.T11TPE.2021180T182027.v2.0: SKIP NoDataInBounds (field does not intersect FMASK)
[5198/8861] [5204] all outputs exist; skipping HLS.L30.T11SNA.2021180T182115.v2.0
[5199/8861] [5197] HLS.L30.T11SQD.2021180T182027.v2.0: SKIP NoDataInBounds (field does not intersect FMASK)
[5200/8861] [5206] all outputs exist; skipping HLS.L30.T11SMB.2021180T182115.v2.0
[5201/8861] [5198] HLS.L30.T11SPD.2021180T182027.v2.0: SKIP NoDataInBounds (field does not intersect FMASK)
[5202/8861] [5208] all outputs exist; skipping HLS.L30.T11SMA.2021180T182115.v2.0
[5203/8861] [5199] HLS.L30.T12STJ.2021180T182027.v2.0: SKIP NoDataInBounds (field does not intersect FMASK)
[5204/8861] [5200] HLS.L30.T11TNE.2021180T182027.v2.0: SKIP NoDataInBounds (field does not intersect FMASK)
[5205/8861] [5211] all outputs exist; skipping HLS.L30.T11SPV.2021180T182138.v2.0
[5206/8861] [5212] all outputs exist; skipping HLS.L30.T11SNV.2021180T182138.v2.0
[5207/8861] [5213] all outputs exist; skipping HLS.L30.T11SNU.2021180T182138.v2.0
[5208/8861] [5214] all outputs exist; skipping HLS.L30.T11SPU.2021180T182138.v2.0
[5209/8861] [5215] all outputs exist; skipping HLS.L30.T11SMV.2021180T182138.v2.0
[5210/8861] [5216] all outputs exist; skipping HLS.L30.T11SMU.2021180T182202.v2.0
[5211/8861] [5217] all outputs exist; skipping HLS.L30.T11SNT.2021180T182202.v2.0
[5212/8861] [5218] all outputs exist; skipping HLS.L30.T11SPT.2021180T182202.v2.0
[5213/8861] [5219] all outputs exist; skipping HLS.L30.T11SMT.2021180T182202.v2.0
[5214/8861] [5220] all outputs exist; skipping HLS.L30.T11SLT.2021180T182226.v2.0
[5215/8861] [5221] all outputs exist; skipping HLS.L30.T11SMS.2021180T182226.v2.0
[5216/8861] [5222] all outputs exist; skipping HLS.L30.T11SNS.2021180T182226.v2.0
[5217/8861] [5223] all outputs exist; skipping HLS.L30.T11SMR.2021180T182226.v2.0
[5218/8861] [5201] HLS.L30.T11SQC.2021180T182051.v2.0: SKIP NoDataInBounds (field does not intersect FMASK)
[5219/8861] [5202] HLS.L30.T11SPC.2021180T182051.v2.0: SKIP NoDataInBounds (field does not intersect FMASK)
[5220/8861] [5203] HLS.L30.T11SNC.2021180T182051.v2.0: SKIP NoDataInBounds (field does not intersect FMASK)
[5221/8861] [5205] HLS.L30.T11SNB.2021180T182115.v2.0: SKIP NoDataInBounds (field does not intersect FMASK)
[5222/8861] [5207] HLS.L30.T11SPB.2021180T182115.v2.0: SKIP NoDataInBounds (field does not intersect FMASK)
[5223/8861] [5209] HLS.L30.T11SPA.2021180T182115.v2.0: SKIP NoDataInBounds (field does not intersect FMASK)
[5224/8861] [5210] HLS.L30.T11SMC.2021180T182115.v2.0: SKIP NoDataInBounds (field does not intersect FMASK)
[5225/8861] [5225] HLS.L30.T11SLS.2021180T182226.v2.0: SKIP NoDataInBounds (field does not intersect FMASK)
[5226/8861] [5224] HLS.L30.T11SNR.2021180T182226.v2.0: SKIP NoDataInBounds (field does not intersect FMASK)
[5227/8861] [5226] HLS.S30.T11TQG.2021180T181921.v2.0: SKIP NoDataInBounds (field does not intersect FMASK)
[5228/8861] [5227] HLS.S30.T12TTM.2021180T181921.v2.0: SKIP NoDataInBounds (field does not intersect FMASK)
[5229/8861] [5228] HLS.S30.T11TPG.2021180T181921.v2.0: SKIP NoDataInBounds (field does not intersect FMASK)
[5230/8861] [5229] HLS.S30.T12TTL.2021180T181921.v2.0: SKIP NoDataInBounds (field does not intersect FMASK)
[5231/8861] [5232] HLS.S30.T12TTK.2021180T181921.v2.0: SKIP NoDataInBounds (field does not intersect FMASK)
[5232/8861] [5231] HLS.S30.T11TPF.2021180T181921.v2.0: SKIP NoDataInBounds (field does not intersect FMASK)
[5233/8861] [5230] HLS.S30.T11TQF.2021180T181921.v2.0: SKIP NoDataInBounds (field does not intersect FMASK)
[5234/8861] [5233] HLS.S30.T11TQE.2021180T181921.v2.0: SKIP NoDataInBounds (field does not intersect FMASK)
[5235/8861] [5234] HLS.S30.T11TPE.2021180T181921.v2.0: SKIP NoDataInBounds (field does not intersect FMASK)
[5236/8861] [5235] HLS.S30.T12STJ.2021180T181921.v2.0: SKIP NoDataInBounds (field does not intersect FMASK)
[5237/8861] [5236] HLS.S30.T11SQD.2021180T181921.v2.0: SKIP NoDataInBounds (field does not intersect FMASK)
[5238/8861] [5237] HLS.S30.T11SPD.2021180T181921.v2.0: SKIP NoDataInBounds (field does not intersect FMASK)
[5239/8861] [5238] HLS.S30.T12STH.2021180T181921.v2.0: SKIP NoDataInBounds (field does not intersect FMASK)
[5240/8861] [5240] HLS.S30.T11SPC.2021180T181921.v2.0: SKIP NoDataInBounds (field does not intersect FMASK)
[5241/8861] [5239] HLS.S30.T11SQC.2021180T181921.v2.0: SKIP NoDataInBounds (field does not intersect FMASK)
[5242/8861] [5241] HLS.S30.T11SNC.2021180T181921.v2.0: SKIP NoDataInBounds (field does not intersect FMASK)
[5243/8861] [5249] all outputs exist; skipping HLS.S30.T11SNA.2021180T181921.v2.0
[5244/8861] [5242] HLS.S30.T12STG.2021180T181921.v2.0: SKIP NoDataInBounds (field does not intersect FMASK)
[5245/8861] [5251] all outputs exist; skipping HLS.S30.T11SQV.2021180T181921.v2.0
[5246/8861] [5252] all outputs exist; skipping HLS.S30.T11SPV.2021180T181921.v2.0
[5247/8861] [5253] all outputs exist; skipping HLS.S30.T11SNV.2021180T181921.v2.0
[5248/8861] [5254] all outputs exist; skipping HLS.S30.T12STD.2021180T181921.v2.0
[5249/8861] [5255] all outputs exist; skipping HLS.S30.T11SQU.2021180T181921.v2.0
[5250/8861] [5256] all outputs exist; skipping HLS.S30.T11SPU.2021180T181921.v2.0
[5251/8861] [5257] all outputs exist; skipping HLS.S30.T12STC.2021180T181921.v2.0
[5252/8861] [5258] all outputs exist; skipping HLS.S30.T11SQT.2021180T181921.v2.0
[5253/8861] [5259] all outputs exist; skipping HLS.S30.T11SPT.2021180T181921.v2.0
[5254/8861] [5260] all outputs exist; skipping HLS.S30.T11SNT.2021180T181921.v2.0
[5255/8861] [5243] HLS.S30.T11SQB.2021180T181921.v2.0: SKIP NoDataInBounds (field does not intersect FMASK)
[5256/8861] [5262] all outputs exist; skipping HLS.S30.T11SMT.2021180T181921.v2.0
[5257/8861] [5263] all outputs exist; skipping HLS.S30.T11SQS.2021180T181921.v2.0
[5258/8861] [5264] all outputs exist; skipping HLS.S30.T11SPS.2021180T181921.v2.0
[5259/8861] [5265] all outputs exist; skipping HLS.S30.T11SNS.2021180T181921.v2.0
[5260/8861] [5266] all outputs exist; skipping HLS.S30.T11SMS.2021180T181921.v2.0
[5261/8861] [5244] HLS.S30.T11SPB.2021180T181921.v2.0: SKIP NoDataInBounds (field does not intersect FMASK)
[5262/8861] [5268] all outputs exist; skipping HLS.S30.T11SMR.2021180T181921.v2.0
[5263/8861] [5269] all outputs exist; skipping HLS.S30.T10TDM.2021180T190919.v2.0
[5264/8861] [5270] all outputs exist; skipping HLS.S30.T10TCM.2021180T190919.v2.0
[5265/8861] [5271] all outputs exist; skipping HLS.S30.T10TDL.2021180T190919.v2.0
[5266/8861] [5272] all outputs exist; skipping HLS.S30.T10TCL.2021180T190919.v2.0
[5267/8861] [5273] all outputs exist; skipping HLS.S30.T10TDK.2021180T190919.v2.0
[5268/8861] [5274] all outputs exist; skipping HLS.S30.T10TCK.2021180T190919.v2.0
[5269/8861] [5246] HLS.S30.T12STF.2021180T181921.v2.0: SKIP NoDataInBounds (field does not intersect FMASK)
[5270/8861] [5245] HLS.S30.T11SNB.2021180T181921.v2.0: SKIP NoDataInBounds (field does not intersect FMASK)
[5271/8861] [5247] HLS.S30.T11SQA.2021180T181921.v2.0: SKIP NoDataInBounds (field does not intersect FMASK)
[5272/8861] [5278] all outputs exist; skipping HLS.S30.T10TGM.2021181T183919.v2.0
[5273/8861] [5279] all outputs exist; skipping HLS.S30.T11TKG.2021181T183919.v2.0
[5274/8861] [5250] HLS.S30.T12STE.2021180T181921.v2.0: SKIP NoDataInBounds (field does not intersect FMASK)
[5275/8861] [5248] HLS.S30.T11SPA.2021180T181921.v2.0: SKIP NoDataInBounds (field does not intersect FMASK)
[5276/8861] [5261] HLS.S30.T12STB.2021180T181921.v2.0: SKIP NoDataInBounds (field does not intersect FMASK)
[5277/8861] [5283] all outputs exist; skipping HLS.S30.T11TKF.2021181T183919.v2.0
[5278/8861] [5284] all outputs exist; skipping HLS.S30.T10TGL.2021181T183919.v2.0
[5279/8861] [5267] HLS.S30.T11SNR.2021180T181921.v2.0: SKIP NoDataInBounds (field does not intersect FMASK)
[5280/8861] [5275] HLS.S30.T11TNG.2021181T183919.v2.0: SKIP NoDataInBounds (field does not intersect FMASK)
[5281/8861] [5277] HLS.S30.T11TLG.2021181T183919.v2.0: SKIP NoDataInBounds (field does not intersect FMASK)
[5282/8861] [5276] HLS.S30.T11TMG.2021181T183919.v2.0: SKIP NoDataInBounds (field does not intersect FMASK)
[5283/8861] [5289] all outputs exist; skipping HLS.S30.T11TKE.2021181T183919.v2.0
[5284/8861] [5290] all outputs exist; skipping HLS.S30.T10TGK.2021181T183919.v2.0
[5285/8861] [5280] HLS.S30.T11TNF.2021181T183919.v2.0: SKIP NoDataInBounds (field does not intersect FMASK)
[5286/8861] [5281] HLS.S30.T11TMF.2021181T183919.v2.0: SKIP NoDataInBounds (field does not intersect FMASK)
[5287/8861] [5293] all outputs exist; skipping HLS.S30.T11SKD.2021181T183919.v2.0
[5288/8861] [5294] all outputs exist; skipping HLS.S30.T10SGJ.2021181T183919.v2.0
[5289/8861] [5282] HLS.S30.T11TLF.2021181T183919.v2.0: SKIP NoDataInBounds (field does not intersect FMASK)
[5290/8861] [5296] all outputs exist; skipping HLS.S30.T10SFJ.2021181T183919.v2.0
[5291/8861] [5297] all outputs exist; skipping HLS.S30.T11SLC.2021181T183919.v2.0
[5292/8861] [5298] all outputs exist; skipping HLS.S30.T11SKC.2021181T183919.v2.0
[5293/8861] [5299] all outputs exist; skipping HLS.S30.T10SGH.2021181T183919.v2.0
[5294/8861] [5300] all outputs exist; skipping HLS.S30.T10SFH.2021181T183919.v2.0
[5295/8861] [5301] all outputs exist; skipping HLS.S30.T11SMB.2021181T183919.v2.0
[5296/8861] [5302] all outputs exist; skipping HLS.S30.T11SLB.2021181T183919.v2.0
[5297/8861] [5303] all outputs exist; skipping HLS.S30.T11SKB.2021181T183919.v2.0
[5298/8861] [5304] all outputs exist; skipping HLS.S30.T10SGG.2021181T183919.v2.0
[5299/8861] [5305] all outputs exist; skipping HLS.S30.T11SMA.2021181T183919.v2.0
[5300/8861] [5306] all outputs exist; skipping HLS.S30.T10SFG.2021181T183919.v2.0
[5301/8861] [5307] all outputs exist; skipping HLS.S30.T11SLA.2021181T183919.v2.0
[5302/8861] [5308] all outputs exist; skipping HLS.S30.T11SKA.2021181T183919.v2.0
[5303/8861] [5309] all outputs exist; skipping HLS.S30.T10SGF.2021181T183919.v2.0
[5304/8861] [5310] all outputs exist; skipping HLS.S30.T10SFF.2021181T183919.v2.0
[5305/8861] [5311] all outputs exist; skipping HLS.S30.T11SKV.2021181T183919.v2.0
[5306/8861] [5312] all outputs exist; skipping HLS.S30.T10SGE.2021181T183919.v2.0
[5307/8861] [5313] all outputs exist; skipping HLS.S30.T10SFE.2021181T183919.v2.0
[5308/8861] [5314] all outputs exist; skipping HLS.S30.T11SLV.2021181T183919.v2.0
[5309/8861] [5315] all outputs exist; skipping HLS.S30.T11SLU.2021181T183919.v2.0
[5310/8861] [5316] all outputs exist; skipping HLS.S30.T11SKU.2021181T183919.v2.0
[5311/8861] [5317] all outputs exist; skipping HLS.S30.T10SGD.2021181T183919.v2.0
[5312/8861] [5318] all outputs exist; skipping HLS.S30.T10SFD.2021181T183919.v2.0
[5313/8861] [5319] all outputs exist; skipping HLS.S30.T11SLT.2021181T183919.v2.0
[5314/8861] [5320] all outputs exist; skipping HLS.S30.T11SKT.2021181T183919.v2.0
[5315/8861] [5285] HLS.S30.T11TNE.2021181T183919.v2.0: SKIP NoDataInBounds (field does not intersect FMASK)
[5316/8861] [5286] HLS.S30.T11TME.2021181T183919.v2.0: SKIP NoDataInBounds (field does not intersect FMASK)
[5317/8861] [5288] HLS.S30.T11SND.2021181T183919.v2.0: SKIP NoDataInBounds (field does not intersect FMASK)
[5318/8861] [5324] all outputs exist; skipping HLS.L30.T10TDM.2021181T190255.v2.0
[5319/8861] [5325] all outputs exist; skipping HLS.L30.T10TCM.2021181T190255.v2.0
[5320/8861] [5326] all outputs exist; skipping HLS.L30.T10TCL.2021181T190319.v2.0
[5321/8861] [5287] HLS.S30.T11TLE.2021181T183919.v2.0: SKIP NoDataInBounds (field does not intersect FMASK)
[5322/8861] [5291] HLS.S30.T11SMD.2021181T183919.v2.0: SKIP NoDataInBounds (field does not intersect FMASK)
[5323/8861] [5329] all outputs exist; skipping HLS.L30.T11SQV.2021182T180917.v2.0
[5324/8861] [5292] HLS.S30.T11SLD.2021181T183919.v2.0: SKIP NoDataInBounds (field does not intersect FMASK)
[5325/8861] [5331] all outputs exist; skipping HLS.L30.T12STC.2021182T180941.v2.0
[5326/8861] [5332] all outputs exist; skipping HLS.L30.T11SQU.2021182T180941.v2.0
[5327/8861] [5333] all outputs exist; skipping HLS.L30.T11SQT.2021182T180941.v2.0
[5328/8861] [5334] all outputs exist; skipping HLS.L30.T11SPU.2021182T180941.v2.0
[5329/8861] [5335] all outputs exist; skipping HLS.L30.T11SPT.2021182T180941.v2.0
[5330/8861] [5336] all outputs exist; skipping HLS.L30.T12STD.2021182T180941.v2.0
[5331/8861] [5295] HLS.S30.T11SMC.2021181T183919.v2.0: SKIP NoDataInBounds (field does not intersect FMASK)
[5332/8861] [5337] all outputs exist; skipping HLS.L30.T11SQS.2021182T181005.v2.0
[5333/8861] [5339] all outputs exist; skipping HLS.L30.T11SPS.2021182T181005.v2.0
[5334/8861] [5321] HLS.S30.T10SGC.2021181T183919.v2.0: SKIP NoDataInBounds (field does not intersect FMASK)
[5335/8861] [5341] all outputs exist; skipping HLS.S30.T11SQV.2021182T180919.v2.0
[5336/8861] [5342] all outputs exist; skipping HLS.S30.T12STD.2021182T180919.v2.0
[5337/8861] [5343] all outputs exist; skipping HLS.S30.T11SQU.2021182T180919.v2.0
[5338/8861] [5344] all outputs exist; skipping HLS.S30.T12STC.2021182T180919.v2.0
[5339/8861] [5345] all outputs exist; skipping HLS.S30.T11SQT.2021182T180919.v2.0
[5340/8861] [5322] HLS.S30.T11SLS.2021181T183919.v2.0: SKIP NoDataInBounds (field does not intersect FMASK)
[5341/8861] [5347] all outputs exist; skipping HLS.S30.T11SQS.2021182T180919.v2.0
[5342/8861] [5348] all outputs exist; skipping HLS.S30.T11SPS.2021182T180919.v2.0
[5343/8861] [5349] all outputs exist; skipping HLS.S30.T10TFM.2021182T185921.v2.0
[5344/8861] [5350] all outputs exist; skipping HLS.S30.T10TEM.2021182T185921.v2.0
[5345/8861] [5351] all outputs exist; skipping HLS.S30.T10TDM.2021182T185921.v2.0
[5346/8861] [5352] all outputs exist; skipping HLS.S30.T10TCM.2021182T185921.v2.0
[5347/8861] [5353] all outputs exist; skipping HLS.S30.T10TFL.2021182T185921.v2.0
[5348/8861] [5354] all outputs exist; skipping HLS.S30.T10TEL.2021182T185921.v2.0
[5349/8861] [5355] all outputs exist; skipping HLS.S30.T10TDL.2021182T185921.v2.0
[5350/8861] [5356] all outputs exist; skipping HLS.S30.T10TFK.2021182T185921.v2.0
[5351/8861] [5357] all outputs exist; skipping HLS.S30.T10TCL.2021182T185921.v2.0
[5352/8861] [5358] all outputs exist; skipping HLS.S30.T10TEK.2021182T185921.v2.0
[5353/8861] [5359] all outputs exist; skipping HLS.S30.T10TDK.2021182T185921.v2.0
[5354/8861] [5360] all outputs exist; skipping HLS.S30.T10TCK.2021182T185921.v2.0
[5355/8861] [5361] all outputs exist; skipping HLS.S30.T10SEJ.2021182T185921.v2.0
[5356/8861] [5362] all outputs exist; skipping HLS.S30.T10SDJ.2021182T185921.v2.0
[5357/8861] [5363] all outputs exist; skipping HLS.S30.T10SEH.2021182T185921.v2.0
[5358/8861] [5364] all outputs exist; skipping HLS.S30.T10SDH.2021182T185921.v2.0
[5359/8861] [5323] HLS.S30.T11SKS.2021181T183919.v2.0: SKIP NoDataInBounds (field does not intersect FMASK)
[5360/8861] [5366] all outputs exist; skipping HLS.S30.T10SEF.2021182T185921.v2.0
[5361/8861] [5327] HLS.L30.T12STF.2021182T180853.v2.0: SKIP NoDataInBounds (field does not intersect FMASK)
[5362/8861] [5328] HLS.L30.T11SQA.2021182T180853.v2.0: SKIP NoDataInBounds (field does not intersect FMASK)
[5363/8861] [5330] HLS.L30.T12STE.2021182T180917.v2.0: SKIP NoDataInBounds (field does not intersect FMASK)
[5364/8861] [5365] HLS.S30.T10SDG.2021182T185921.v2.0: SKIP NoDataInBounds (field does not intersect FMASK)
[5365/8861] [5338] HLS.L30.T12STB.2021182T181005.v2.0: SKIP NoDataInBounds (field does not intersect FMASK)
[5366/8861] [5340] HLS.S30.T12STE.2021182T180919.v2.0: SKIP NoDataInBounds (field does not intersect FMASK)
[5367/8861] [5346] HLS.S30.T12STB.2021182T180919.v2.0: SKIP NoDataInBounds (field does not intersect FMASK)
[5368/8861] [5367] HLS.S30.T11TQG.2021183T182921.v2.0: SKIP NoDataInBounds (field does not intersect FMASK)
[5369/8861] [5368] HLS.S30.T12TTM.2021183T182921.v2.0: SKIP NoDataInBounds (field does not intersect FMASK)
[5370/8861] [5369] HLS.S30.T11TPG.2021183T182921.v2.0: SKIP NoDataInBounds (field does not intersect FMASK)
[5371/8861] [5370] HLS.S30.T11TNG.2021183T182921.v2.0: SKIP NoDataInBounds (field does not intersect FMASK)
[5372/8861] [5373] HLS.S30.T11TQF.2021183T182921.v2.0: SKIP NoDataInBounds (field does not intersect FMASK)
[5373/8861] [5372] HLS.S30.T12TTL.2021183T182921.v2.0: SKIP NoDataInBounds (field does not intersect FMASK)
[5374/8861] [5374] HLS.S30.T11TPF.2021183T182921.v2.0: SKIP NoDataInBounds (field does not intersect FMASK)
[5375/8861] [5371] HLS.S30.T11TMG.2021183T182921.v2.0: SKIP NoDataInBounds (field does not intersect FMASK)
[5376/8861] [5375] HLS.S30.T11TNF.2021183T182921.v2.0: SKIP NoDataInBounds (field does not intersect FMASK)
[5377/8861] [5376] HLS.S30.T11TMF.2021183T182921.v2.0: SKIP NoDataInBounds (field does not intersect FMASK)
[5378/8861] [5377] HLS.S30.T12TTK.2021183T182921.v2.0: SKIP NoDataInBounds (field does not intersect FMASK)
[5379/8861] [5378] HLS.S30.T11TQE.2021183T182921.v2.0: SKIP NoDataInBounds (field does not intersect FMASK)
[5380/8861] [5381] HLS.S30.T12STJ.2021183T182921.v2.0: SKIP NoDataInBounds (field does not intersect FMASK)
[5381/8861] [5380] HLS.S30.T11TNE.2021183T182921.v2.0: SKIP NoDataInBounds (field does not intersect FMASK)
[5382/8861] [5379] HLS.S30.T11TPE.2021183T182921.v2.0: SKIP NoDataInBounds (field does not intersect FMASK)
[5383/8861] [5382] HLS.S30.T11TME.2021183T182921.v2.0: SKIP NoDataInBounds (field does not intersect FMASK)
[5384/8861] [5383] HLS.S30.T11SQD.2021183T182921.v2.0: SKIP NoDataInBounds (field does not intersect FMASK)
[5385/8861] [5391] all outputs exist; skipping HLS.S30.T11SLC.2021183T182921.v2.0
[5386/8861] [5384] HLS.S30.T11SPD.2021183T182921.v2.0: SKIP NoDataInBounds (field does not intersect FMASK)
[5387/8861] [5386] HLS.S30.T11SMD.2021183T182921.v2.0: SKIP NoDataInBounds (field does not intersect FMASK)
[5388/8861] [5394] all outputs exist; skipping HLS.S30.T11SMB.2021183T182921.v2.0
[5389/8861] [5395] all outputs exist; skipping HLS.S30.T11SLB.2021183T182921.v2.0
[5390/8861] [5385] HLS.S30.T11SND.2021183T182921.v2.0: SKIP NoDataInBounds (field does not intersect FMASK)
[5391/8861] [5397] all outputs exist; skipping HLS.S30.T11SNA.2021183T182921.v2.0
[5392/8861] [5398] all outputs exist; skipping HLS.S30.T11SMA.2021183T182921.v2.0
[5393/8861] [5399] all outputs exist; skipping HLS.S30.T11SLA.2021183T182921.v2.0
[5394/8861] [5400] all outputs exist; skipping HLS.S30.T11SPV.2021183T182921.v2.0
[5395/8861] [5401] all outputs exist; skipping HLS.S30.T11SNV.2021183T182921.v2.0
[5396/8861] [5402] all outputs exist; skipping HLS.S30.T11SPU.2021183T182921.v2.0
[5397/8861] [5403] all outputs exist; skipping HLS.S30.T11SMV.2021183T182921.v2.0
[5398/8861] [5404] all outputs exist; skipping HLS.S30.T11SLV.2021183T182921.v2.0
[5399/8861] [5405] all outputs exist; skipping HLS.S30.T11SNU.2021183T182921.v2.0
[5400/8861] [5406] all outputs exist; skipping HLS.S30.T11SKV.2021183T182921.v2.0
[5401/8861] [5407] all outputs exist; skipping HLS.S30.T11SMU.2021183T182921.v2.0
[5402/8861] [5408] all outputs exist; skipping HLS.S30.T11SLU.2021183T182921.v2.0
[5403/8861] [5409] all outputs exist; skipping HLS.S30.T11SKU.2021183T182921.v2.0
[5404/8861] [5410] all outputs exist; skipping HLS.S30.T11SNT.2021183T182921.v2.0
[5405/8861] [5411] all outputs exist; skipping HLS.S30.T11SMT.2021183T182921.v2.0
[5406/8861] [5412] all outputs exist; skipping HLS.S30.T11SLT.2021183T182921.v2.0
[5407/8861] [5413] all outputs exist; skipping HLS.S30.T11SKT.2021183T182921.v2.0
[5408/8861] [5414] all outputs exist; skipping HLS.S30.T11SNS.2021183T182921.v2.0
[5409/8861] [5415] all outputs exist; skipping HLS.S30.T11SMS.2021183T182921.v2.0
[5410/8861] [5387] HLS.S30.T11SPC.2021183T182921.v2.0: SKIP NoDataInBounds (field does not intersect FMASK)
[5411/8861] [5388] HLS.S30.T11SLD.2021183T182921.v2.0: SKIP NoDataInBounds (field does not intersect FMASK)
[5412/8861] [5390] HLS.S30.T11SMC.2021183T182921.v2.0: SKIP NoDataInBounds (field does not intersect FMASK)
[5413/8861] [5419] all outputs exist; skipping HLS.S30.T11SMR.2021183T182921.v2.0
[5414/8861] [5420] all outputs exist; skipping HLS.L30.T10TEM.2021183T185033.v2.0
[5415/8861] [5421] all outputs exist; skipping HLS.L30.T10TFM.2021183T185033.v2.0
[5416/8861] [5422] all outputs exist; skipping HLS.L30.T10TFL.2021183T185057.v2.0
[5417/8861] [5423] all outputs exist; skipping HLS.L30.T10TDL.2021183T185057.v2.0
[5418/8861] [5424] all outputs exist; skipping HLS.L30.T10TEL.2021183T185057.v2.0
[5419/8861] [5425] all outputs exist; skipping HLS.L30.T10TDM.2021183T185057.v2.0
[5420/8861] [5389] HLS.S30.T11SNC.2021183T182921.v2.0: SKIP NoDataInBounds (field does not intersect FMASK)
[5421/8861] [5426] all outputs exist; skipping HLS.L30.T10TFK.2021183T185121.v2.0
[5422/8861] [5427] all outputs exist; skipping HLS.L30.T10SEJ.2021183T185121.v2.0
[5423/8861] [5428] all outputs exist; skipping HLS.L30.T10TEK.2021183T185121.v2.0
[5424/8861] [5429] all outputs exist; skipping HLS.L30.T10SDJ.2021183T185121.v2.0
[5425/8861] [5430] all outputs exist; skipping HLS.L30.T10TCK.2021183T185121.v2.0
[5426/8861] [5431] all outputs exist; skipping HLS.L30.T10TDK.2021183T185121.v2.0
[5427/8861] [5432] all outputs exist; skipping HLS.L30.T10SDH.2021183T185145.v2.0
[5428/8861] [5433] all outputs exist; skipping HLS.L30.T10SEH.2021183T185145.v2.0
[5429/8861] [5434] all outputs exist; skipping HLS.L30.T10SEG.2021183T185209.v2.0
[5430/8861] [5436] all outputs exist; skipping HLS.L30.T10SEF.2021183T185209.v2.0
[5431/8861] [5392] HLS.S30.T11SPB.2021183T182921.v2.0: SKIP NoDataInBounds (field does not intersect FMASK)
[5432/8861] [5393] HLS.S30.T11SNB.2021183T182921.v2.0: SKIP NoDataInBounds (field does not intersect FMASK)
[5433/8861] [5396] HLS.S30.T11SPA.2021183T182921.v2.0: SKIP NoDataInBounds (field does not intersect FMASK)
[5434/8861] [5416] HLS.S30.T11SLS.2021183T182921.v2.0: SKIP NoDataInBounds (field does not intersect FMASK)
[5435/8861] [5418] HLS.S30.T11SNR.2021183T182921.v2.0: SKIP NoDataInBounds (field does not intersect FMASK)
[5436/8861] [5417] HLS.S30.T11SKS.2021183T182921.v2.0: SKIP NoDataInBounds (field does not intersect FMASK)
[5437/8861] [5435] HLS.L30.T10SDG.2021183T185209.v2.0: SKIP NoDataInBounds (field does not intersect FMASK)
[5438/8861] [5437] HLS.S30.T11TQG.2021185T181919.v2.0: SKIP NoDataInBounds (field does not intersect FMASK)
[5439/8861] [5439] HLS.S30.T11TPG.2021185T181919.v2.0: SKIP NoDataInBounds (field does not intersect FMASK)
[5440/8861] [5438] HLS.S30.T12TTM.2021185T181919.v2.0: SKIP NoDataInBounds (field does not intersect FMASK)
[5441/8861] [5440] HLS.S30.T12TTL.2021185T181919.v2.0: SKIP NoDataInBounds (field does not intersect FMASK)
[5442/8861] [5441] HLS.S30.T11TQF.2021185T181919.v2.0: SKIP NoDataInBounds (field does not intersect FMASK)
[5443/8861] [5442] HLS.S30.T11TPF.2021185T181919.v2.0: SKIP NoDataInBounds (field does not intersect FMASK)
[5444/8861] [5443] HLS.S30.T12TTK.2021185T181919.v2.0: SKIP NoDataInBounds (field does not intersect FMASK)
[5445/8861] [5444] HLS.S30.T11TQE.2021185T181919.v2.0: SKIP NoDataInBounds (field does not intersect FMASK)
[5446/8861] [5445] HLS.S30.T11TPE.2021185T181919.v2.0: SKIP NoDataInBounds (field does not intersect FMASK)
[5447/8861] [5447] HLS.S30.T11SQD.2021185T181919.v2.0: SKIP NoDataInBounds (field does not intersect FMASK)
[5448/8861] [5446] HLS.S30.T12STJ.2021185T181919.v2.0: SKIP NoDataInBounds (field does not intersect FMASK)
[5449/8861] [5448] HLS.S30.T11SPD.2021185T181919.v2.0: SKIP NoDataInBounds (field does not intersect FMASK)
[5450/8861] [5449] HLS.S30.T12STH.2021185T181919.v2.0: SKIP NoDataInBounds (field does not intersect FMASK)
[5451/8861] [5450] HLS.S30.T11SQC.2021185T181919.v2.0: SKIP NoDataInBounds (field does not intersect FMASK)
[5452/8861] [5451] HLS.S30.T11SPC.2021185T181919.v2.0: SKIP NoDataInBounds (field does not intersect FMASK)
[5453/8861] [5454] HLS.S30.T11SQB.2021185T181919.v2.0: SKIP NoDataInBounds (field does not intersect FMASK)
[5454/8861] [5460] all outputs exist; skipping HLS.S30.T11SNA.2021185T181919.v2.0
[5455/8861] [5453] HLS.S30.T12STG.2021185T181919.v2.0: SKIP NoDataInBounds (field does not intersect FMASK)
[5456/8861] [5462] all outputs exist; skipping HLS.S30.T11SQV.2021185T181919.v2.0
[5457/8861] [5463] all outputs exist; skipping HLS.S30.T11SPV.2021185T181919.v2.0
[5458/8861] [5464] all outputs exist; skipping HLS.S30.T11SNV.2021185T181919.v2.0
[5459/8861] [5465] all outputs exist; skipping HLS.S30.T12STD.2021185T181919.v2.0
[5460/8861] [5466] all outputs exist; skipping HLS.S30.T11SQU.2021185T181919.v2.0
[5461/8861] [5467] all outputs exist; skipping HLS.S30.T11SPU.2021185T181919.v2.0
[5462/8861] [5468] all outputs exist; skipping HLS.S30.T11SNU.2021185T181919.v2.0
[5463/8861] [5469] all outputs exist; skipping HLS.S30.T12STC.2021185T181919.v2.0
[5464/8861] [5470] all outputs exist; skipping HLS.S30.T11SQT.2021185T181919.v2.0
[5465/8861] [5471] all outputs exist; skipping HLS.S30.T11SPT.2021185T181919.v2.0
[5466/8861] [5472] all outputs exist; skipping HLS.S30.T11SNT.2021185T181919.v2.0
[5467/8861] [5455] HLS.S30.T11SPB.2021185T181919.v2.0: SKIP NoDataInBounds (field does not intersect FMASK)
[5468/8861] [5474] all outputs exist; skipping HLS.S30.T11SMT.2021185T181919.v2.0
[5469/8861] [5475] all outputs exist; skipping HLS.S30.T11SQS.2021185T181919.v2.0
[5470/8861] [5476] all outputs exist; skipping HLS.S30.T11SPS.2021185T181919.v2.0
[5471/8861] [5477] all outputs exist; skipping HLS.S30.T11SNS.2021185T181919.v2.0
[5472/8861] [5478] all outputs exist; skipping HLS.S30.T11SMS.2021185T181919.v2.0
[5473/8861] [5452] HLS.S30.T11SNC.2021185T181919.v2.0: SKIP NoDataInBounds (field does not intersect FMASK)
[5474/8861] [5480] all outputs exist; skipping HLS.S30.T11SMR.2021185T181919.v2.0
[5475/8861] [5456] HLS.S30.T11SNB.2021185T181919.v2.0: SKIP NoDataInBounds (field does not intersect FMASK)
[5476/8861] [5457] HLS.S30.T12STF.2021185T181919.v2.0: SKIP NoDataInBounds (field does not intersect FMASK)
[5477/8861] [5483] all outputs exist; skipping HLS.L30.T10TFL.2021185T183836.v2.0
[5478/8861] [5484] all outputs exist; skipping HLS.L30.T10TGL.2021185T183836.v2.0
[5479/8861] [5458] HLS.S30.T11SQA.2021185T181919.v2.0: SKIP NoDataInBounds (field does not intersect FMASK)
[5480/8861] [5486] all outputs exist; skipping HLS.L30.T11TKG.2021185T183836.v2.0
[5481/8861] [5487] all outputs exist; skipping HLS.L30.T10TGM.2021185T183836.v2.0
[5482/8861] [5488] all outputs exist; skipping HLS.L30.T11TKF.2021185T183836.v2.0
[5483/8861] [5489] all outputs exist; skipping HLS.L30.T10TGK.2021185T183900.v2.0
[5484/8861] [5490] all outputs exist; skipping HLS.L30.T11SKD.2021185T183900.v2.0
[5485/8861] [5491] all outputs exist; skipping HLS.L30.T11TKE.2021185T183900.v2.0
[5486/8861] [5461] HLS.S30.T12STE.2021185T181919.v2.0: SKIP NoDataInBounds (field does not intersect FMASK)
[5487/8861] [5493] all outputs exist; skipping HLS.L30.T10TFK.2021185T183900.v2.0
[5488/8861] [5494] all outputs exist; skipping HLS.L30.T10SGJ.2021185T183900.v2.0
[5489/8861] [5495] all outputs exist; skipping HLS.L30.T10SFJ.2021185T183900.v2.0
[5490/8861] [5479] HLS.S30.T11SNR.2021185T181919.v2.0: SKIP NoDataInBounds (field does not intersect FMASK)
[5491/8861] [5497] all outputs exist; skipping HLS.L30.T11SKC.2021185T183924.v2.0
[5492/8861] [5498] all outputs exist; skipping HLS.L30.T10SFH.2021185T183924.v2.0
[5493/8861] [5499] all outputs exist; skipping HLS.L30.T11SLC.2021185T183924.v2.0
[5494/8861] [5500] all outputs exist; skipping HLS.L30.T10SGH.2021185T183924.v2.0
[5495/8861] [5501] all outputs exist; skipping HLS.L30.T11SKB.2021185T183948.v2.0
[5496/8861] [5502] all outputs exist; skipping HLS.L30.T11SKA.2021185T183948.v2.0
[5497/8861] [5503] all outputs exist; skipping HLS.L30.T10SGG.2021185T183948.v2.0
[5498/8861] [5504] all outputs exist; skipping HLS.L30.T10SEG.2021185T183948.v2.0
[5499/8861] [5505] all outputs exist; skipping HLS.L30.T10SFG.2021185T183948.v2.0
[5500/8861] [5506] all outputs exist; skipping HLS.L30.T10SFF.2021185T183948.v2.0
[5501/8861] [5507] all outputs exist; skipping HLS.L30.T10SEF.2021185T183948.v2.0
[5502/8861] [5508] all outputs exist; skipping HLS.L30.T10SGF.2021185T183948.v2.0
[5503/8861] [5509] all outputs exist; skipping HLS.L30.T11SKU.2021185T184011.v2.0
[5504/8861] [5510] all outputs exist; skipping HLS.L30.T10SGE.2021185T184011.v2.0
[5505/8861] [5511] all outputs exist; skipping HLS.L30.T10SFE.2021185T184011.v2.0
[5506/8861] [5512] all outputs exist; skipping HLS.L30.T10SGD.2021185T184011.v2.0
[5507/8861] [5513] all outputs exist; skipping HLS.L30.T11SKV.2021185T184011.v2.0
[5508/8861] [5514] all outputs exist; skipping HLS.L30.T10SFD.2021185T184035.v2.0
[5509/8861] [5481] HLS.L30.T11TLG.2021185T183812.v2.0: SKIP NoDataInBounds (field does not intersect FMASK)
[5510/8861] [5516] all outputs exist; skipping HLS.S30.T10TDM.2021185T190921.v2.0
[5511/8861] [5459] HLS.S30.T11SPA.2021185T181919.v2.0: SKIP NoDataInBounds (field does not intersect FMASK)
[5512/8861] [5517] all outputs exist; skipping HLS.S30.T10TCM.2021185T190921.v2.0
[5513/8861] [5519] all outputs exist; skipping HLS.S30.T10TDK.2021185T190921.v2.0
[5514/8861] [5518] all outputs exist; skipping HLS.S30.T10TDL.2021185T190921.v2.0
[5515/8861] [5520] all outputs exist; skipping HLS.S30.T10TCK.2021185T190921.v2.0
[5516/8861] [5473] HLS.S30.T12STB.2021185T181919.v2.0: SKIP NoDataInBounds (field does not intersect FMASK)
[5517/8861] [5482] HLS.L30.T11TMG.2021185T183812.v2.0: SKIP NoDataInBounds (field does not intersect FMASK)
[5518/8861] [5524] all outputs exist; skipping HLS.S30.T10TGM.2021186T183921.v2.0
[5519/8861] [5485] HLS.L30.T11TLF.2021185T183836.v2.0: SKIP NoDataInBounds (field does not intersect FMASK)
[5520/8861] [5526] all outputs exist; skipping HLS.S30.T11TKG.2021186T183921.v2.0
[5521/8861] [5492] HLS.L30.T11TLE.2021185T183900.v2.0: SKIP NoDataInBounds (field does not intersect FMASK)
[5522/8861] [5496] HLS.L30.T11SLD.2021185T183900.v2.0: SKIP NoDataInBounds (field does not intersect FMASK)
[5523/8861] [5529] all outputs exist; skipping HLS.S30.T11TKF.2021186T183921.v2.0
[5524/8861] [5530] all outputs exist; skipping HLS.S30.T10TGL.2021186T183921.v2.0
[5525/8861] [5515] HLS.L30.T10SGC.2021185T184035.v2.0: SKIP NoDataInBounds (field does not intersect FMASK)
[5526/8861] [5525] HLS.S30.T11TNF.2021186T183921.v2.0: SKIP NoDataInBounds (field does not intersect FMASK)
[5527/8861] [5521] HLS.S30.T11TNG.2021186T183921.v2.0: SKIP NoDataInBounds (field does not intersect FMASK)
[5528/8861] [5522] HLS.S30.T11TMG.2021186T183921.v2.0: SKIP NoDataInBounds (field does not intersect FMASK)
[5529/8861] [5535] all outputs exist; skipping HLS.S30.T11TKE.2021186T183921.v2.0
[5530/8861] [5536] all outputs exist; skipping HLS.S30.T10TGK.2021186T183921.v2.0
[5531/8861] [5523] HLS.S30.T11TLG.2021186T183921.v2.0: SKIP NoDataInBounds (field does not intersect FMASK)
[5532/8861] [5527] HLS.S30.T11TMF.2021186T183921.v2.0: SKIP NoDataInBounds (field does not intersect FMASK)
[5533/8861] [5539] all outputs exist; skipping HLS.S30.T11SKD.2021186T183921.v2.0
[5534/8861] [5540] all outputs exist; skipping HLS.S30.T10SGJ.2021186T183921.v2.0
[5535/8861] [5528] HLS.S30.T11TLF.2021186T183921.v2.0: SKIP NoDataInBounds (field does not intersect FMASK)
[5536/8861] [5542] all outputs exist; skipping HLS.S30.T10SFJ.2021186T183921.v2.0
[5537/8861] [5543] all outputs exist; skipping HLS.S30.T11SLC.2021186T183921.v2.0
[5538/8861] [5544] all outputs exist; skipping HLS.S30.T11SKC.2021186T183921.v2.0
[5539/8861] [5545] all outputs exist; skipping HLS.S30.T10SGH.2021186T183921.v2.0
[5540/8861] [5546] all outputs exist; skipping HLS.S30.T10SFH.2021186T183921.v2.0
[5541/8861] [5547] all outputs exist; skipping HLS.S30.T11SMB.2021186T183921.v2.0
[5542/8861] [5548] all outputs exist; skipping HLS.S30.T11SLB.2021186T183921.v2.0
[5543/8861] [5549] all outputs exist; skipping HLS.S30.T11SKB.2021186T183921.v2.0
[5544/8861] [5550] all outputs exist; skipping HLS.S30.T10SGG.2021186T183921.v2.0
[5545/8861] [5551] all outputs exist; skipping HLS.S30.T11SMA.2021186T183921.v2.0
[5546/8861] [5552] all outputs exist; skipping HLS.S30.T10SFG.2021186T183921.v2.0
[5547/8861] [5553] all outputs exist; skipping HLS.S30.T11SLA.2021186T183921.v2.0
[5548/8861] [5554] all outputs exist; skipping HLS.S30.T11SKA.2021186T183921.v2.0
[5549/8861] [5555] all outputs exist; skipping HLS.S30.T10SGF.2021186T183921.v2.0
[5550/8861] [5556] all outputs exist; skipping HLS.S30.T10SFF.2021186T183921.v2.0
[5551/8861] [5557] all outputs exist; skipping HLS.S30.T11SLV.2021186T183921.v2.0
[5552/8861] [5558] all outputs exist; skipping HLS.S30.T11SKV.2021186T183921.v2.0
[5553/8861] [5559] all outputs exist; skipping HLS.S30.T10SGE.2021186T183921.v2.0
[5554/8861] [5560] all outputs exist; skipping HLS.S30.T10SFE.2021186T183921.v2.0
[5555/8861] [5561] all outputs exist; skipping HLS.S30.T11SLU.2021186T183921.v2.0
[5556/8861] [5562] all outputs exist; skipping HLS.S30.T11SKU.2021186T183921.v2.0
[5557/8861] [5563] all outputs exist; skipping HLS.S30.T10SGD.2021186T183921.v2.0
[5558/8861] [5564] all outputs exist; skipping HLS.S30.T10SFD.2021186T183921.v2.0
[5559/8861] [5565] all outputs exist; skipping HLS.S30.T11SLT.2021186T183921.v2.0
[5560/8861] [5566] all outputs exist; skipping HLS.S30.T11SKT.2021186T183921.v2.0
[5561/8861] [5531] HLS.S30.T11TNE.2021186T183921.v2.0: SKIP NoDataInBounds (field does not intersect FMASK)
[5562/8861] [5532] HLS.S30.T11TME.2021186T183921.v2.0: SKIP NoDataInBounds (field does not intersect FMASK)
[5563/8861] [5533] HLS.S30.T11TLE.2021186T183921.v2.0: SKIP NoDataInBounds (field does not intersect FMASK)
[5564/8861] [5570] all outputs exist; skipping HLS.S30.T11SQV.2021187T180921.v2.0
[5565/8861] [5571] all outputs exist; skipping HLS.S30.T12STD.2021187T180921.v2.0
[5566/8861] [5572] all outputs exist; skipping HLS.S30.T11SQU.2021187T180921.v2.0
[5567/8861] [5573] all outputs exist; skipping HLS.S30.T12STC.2021187T180921.v2.0
[5568/8861] [5574] all outputs exist; skipping HLS.S30.T11SQT.2021187T180921.v2.0
[5569/8861] [5538] HLS.S30.T11SLD.2021186T183921.v2.0: SKIP NoDataInBounds (field does not intersect FMASK)
[5570/8861] [5576] all outputs exist; skipping HLS.S30.T11SQS.2021187T180921.v2.0
[5571/8861] [5577] all outputs exist; skipping HLS.S30.T11SPS.2021187T180921.v2.0
[5572/8861] [5537] HLS.S30.T11SMD.2021186T183921.v2.0: SKIP NoDataInBounds (field does not intersect FMASK)
[5573/8861] [5534] HLS.S30.T11SND.2021186T183921.v2.0: SKIP NoDataInBounds (field does not intersect FMASK)
[5574/8861] [5541] HLS.S30.T11SMC.2021186T183921.v2.0: SKIP NoDataInBounds (field does not intersect FMASK)
[5575/8861] [5567] HLS.S30.T10SGC.2021186T183921.v2.0: SKIP NoDataInBounds (field does not intersect FMASK)
[5576/8861] [5568] HLS.S30.T11SKS.2021186T183921.v2.0: SKIP NoDataInBounds (field does not intersect FMASK)
[5577/8861] [5569] HLS.S30.T12STE.2021187T180921.v2.0: SKIP NoDataInBounds (field does not intersect FMASK)
[5578/8861] [5575] HLS.S30.T12STB.2021187T180921.v2.0: SKIP NoDataInBounds (field does not intersect FMASK)
[5579/8861] [5578] HLS.L30.T11TPG.2021187T182551.v2.0: SKIP NoDataInBounds (field does not intersect FMASK)
[5580/8861] [5579] HLS.L30.T11TNG.2021187T182551.v2.0: SKIP NoDataInBounds (field does not intersect FMASK)
[5581/8861] [5580] HLS.L30.T11TMG.2021187T182614.v2.0: SKIP NoDataInBounds (field does not intersect FMASK)
[5582/8861] [5581] HLS.L30.T11TMF.2021187T182614.v2.0: SKIP NoDataInBounds (field does not intersect FMASK)
[5583/8861] [5582] HLS.L30.T11TNF.2021187T182614.v2.0: SKIP NoDataInBounds (field does not intersect FMASK)
[5584/8861] [5590] all outputs exist; skipping HLS.L30.T11SLC.2021187T182702.v2.0
[5585/8861] [5584] HLS.L30.T11TNE.2021187T182638.v2.0: SKIP NoDataInBounds (field does not intersect FMASK)
[5586/8861] [5583] HLS.L30.T11TPF.2021187T182614.v2.0: SKIP NoDataInBounds (field does not intersect FMASK)
[5587/8861] [5586] HLS.L30.T11SMD.2021187T182638.v2.0: SKIP NoDataInBounds (field does not intersect FMASK)
[5588/8861] [5594] all outputs exist; skipping HLS.L30.T11SNA.2021187T182726.v2.0
[5589/8861] [5595] all outputs exist; skipping HLS.L30.T11SLA.2021187T182726.v2.0
[5590/8861] [5596] all outputs exist; skipping HLS.L30.T11SMA.2021187T182726.v2.0
[5591/8861] [5585] HLS.L30.T11SND.2021187T182638.v2.0: SKIP NoDataInBounds (field does not intersect FMASK)
[5592/8861] [5598] all outputs exist; skipping HLS.L30.T11SMB.2021187T182726.v2.0
[5593/8861] [5599] all outputs exist; skipping HLS.L30.T11SLB.2021187T182726.v2.0
[5594/8861] [5600] all outputs exist; skipping HLS.L30.T11SMV.2021187T182750.v2.0
[5595/8861] [5601] all outputs exist; skipping HLS.L30.T11SNV.2021187T182750.v2.0
[5596/8861] [5602] all outputs exist; skipping HLS.L30.T11SKV.2021187T182750.v2.0
[5597/8861] [5603] all outputs exist; skipping HLS.L30.T11SLV.2021187T182750.v2.0
[5598/8861] [5604] all outputs exist; skipping HLS.L30.T11SLU.2021187T182750.v2.0
[5599/8861] [5605] all outputs exist; skipping HLS.L30.T11SMU.2021187T182750.v2.0
[5600/8861] [5606] all outputs exist; skipping HLS.L30.T11SLT.2021187T182814.v2.0
[5601/8861] [5607] all outputs exist; skipping HLS.L30.T11SKU.2021187T182814.v2.0
[5602/8861] [5608] all outputs exist; skipping HLS.L30.T11SMT.2021187T182814.v2.0
[5603/8861] [5609] all outputs exist; skipping HLS.L30.T11SKT.2021187T182814.v2.0
[5604/8861] [5610] all outputs exist; skipping HLS.L30.T11SLU.2021187T182814.v2.0
[5605/8861] [5587] HLS.L30.T11TPE.2021187T182638.v2.0: SKIP NoDataInBounds (field does not intersect FMASK)
[5606/8861] [5612] all outputs exist; skipping HLS.L30.T11SMS.2021187T182838.v2.0
[5607/8861] [5588] HLS.L30.T11TME.2021187T182638.v2.0: SKIP NoDataInBounds (field does not intersect FMASK)
[5608/8861] [5614] all outputs exist; skipping HLS.L30.T11SMR.2021187T182838.v2.0
[5609/8861] [5589] HLS.L30.T11SPD.2021187T182638.v2.0: SKIP NoDataInBounds (field does not intersect FMASK)
[5610/8861] [5616] all outputs exist; skipping HLS.S30.T10TFM.2021187T185919.v2.0
[5611/8861] [5617] all outputs exist; skipping HLS.S30.T10TEM.2021187T185919.v2.0
[5612/8861] [5618] all outputs exist; skipping HLS.S30.T10TDM.2021187T185919.v2.0
[5613/8861] [5619] all outputs exist; skipping HLS.S30.T10TCM.2021187T185919.v2.0
[5614/8861] [5620] all outputs exist; skipping HLS.S30.T10TFL.2021187T185919.v2.0
[5615/8861] [5621] all outputs exist; skipping HLS.S30.T10TEL.2021187T185919.v2.0
[5616/8861] [5622] all outputs exist; skipping HLS.S30.T10TDL.2021187T185919.v2.0
[5617/8861] [5623] all outputs exist; skipping HLS.S30.T10TFK.2021187T185919.v2.0
[5618/8861] [5624] all outputs exist; skipping HLS.S30.T10TCL.2021187T185919.v2.0
[5619/8861] [5625] all outputs exist; skipping HLS.S30.T10TEK.2021187T185919.v2.0
[5620/8861] [5626] all outputs exist; skipping HLS.S30.T10TDK.2021187T185919.v2.0
[5621/8861] [5627] all outputs exist; skipping HLS.S30.T10TCK.2021187T185919.v2.0
[5622/8861] [5628] all outputs exist; skipping HLS.S30.T10SEJ.2021187T185919.v2.0
[5623/8861] [5629] all outputs exist; skipping HLS.S30.T10SDJ.2021187T185919.v2.0
[5624/8861] [5630] all outputs exist; skipping HLS.S30.T10SEH.2021187T185919.v2.0
[5625/8861] [5631] all outputs exist; skipping HLS.S30.T10SDH.2021187T185919.v2.0
[5626/8861] [5632] all outputs exist; skipping HLS.S30.T10SEG.2021187T185919.v2.0
[5627/8861] [5591] HLS.L30.T11SLD.2021187T182702.v2.0: SKIP NoDataInBounds (field does not intersect FMASK)
[5628/8861] [5634] all outputs exist; skipping HLS.S30.T10SEF.2021187T185919.v2.0
[5629/8861] [5593] HLS.L30.T11SNC.2021187T182702.v2.0: SKIP NoDataInBounds (field does not intersect FMASK)
[5630/8861] [5592] HLS.L30.T11SMC.2021187T182702.v2.0: SKIP NoDataInBounds (field does not intersect FMASK)
[5631/8861] [5611] HLS.L30.T10SGC.2021187T182838.v2.0: SKIP NoDataInBounds (field does not intersect FMASK)
[5632/8861] [5597] HLS.L30.T11SNB.2021187T182726.v2.0: SKIP NoDataInBounds (field does not intersect FMASK)
[5633/8861] [5613] HLS.L30.T11SLS.2021187T182838.v2.0: SKIP NoDataInBounds (field does not intersect FMASK)
[5634/8861] [5615] HLS.L30.T11SKS.2021187T182838.v2.0: SKIP NoDataInBounds (field does not intersect FMASK)
[5635/8861] [5633] HLS.S30.T10SDG.2021187T185919.v2.0: SKIP NoDataInBounds (field does not intersect FMASK)
[5636/8861] [5635] HLS.S30.T11TQG.2021188T182919.v2.0: SKIP NoDataInBounds (field does not intersect FMASK)
[5637/8861] [5636] HLS.S30.T12TTM.2021188T182919.v2.0: SKIP NoDataInBounds (field does not intersect FMASK)
[5638/8861] [5637] HLS.S30.T11TPG.2021188T182919.v2.0: SKIP NoDataInBounds (field does not intersect FMASK)
[5639/8861] [5638] HLS.S30.T11TNG.2021188T182919.v2.0: SKIP NoDataInBounds (field does not intersect FMASK)
[5640/8861] [5640] HLS.S30.T12TTL.2021188T182919.v2.0: SKIP NoDataInBounds (field does not intersect FMASK)
[5641/8861] [5639] HLS.S30.T11TMG.2021188T182919.v2.0: SKIP NoDataInBounds (field does not intersect FMASK)
[5642/8861] [5641] HLS.S30.T11TQF.2021188T182919.v2.0: SKIP NoDataInBounds (field does not intersect FMASK)
[5643/8861] [5643] HLS.S30.T11TNF.2021188T182919.v2.0: SKIP NoDataInBounds (field does not intersect FMASK)
[5644/8861] [5642] HLS.S30.T11TPF.2021188T182919.v2.0: SKIP NoDataInBounds (field does not intersect FMASK)
[5645/8861] [5644] HLS.S30.T11TMF.2021188T182919.v2.0: SKIP NoDataInBounds (field does not intersect FMASK)
[5646/8861] [5645] HLS.S30.T12TTK.2021188T182919.v2.0: SKIP NoDataInBounds (field does not intersect FMASK)
[5647/8861] [5647] HLS.S30.T11TPE.2021188T182919.v2.0: SKIP NoDataInBounds (field does not intersect FMASK)
[5648/8861] [5646] HLS.S30.T11TQE.2021188T182919.v2.0: SKIP NoDataInBounds (field does not intersect FMASK)
[5649/8861] [5648] HLS.S30.T11TNE.2021188T182919.v2.0: SKIP NoDataInBounds (field does not intersect FMASK)
[5650/8861] [5649] HLS.S30.T12STJ.2021188T182919.v2.0: SKIP NoDataInBounds (field does not intersect FMASK)
[5651/8861] [5650] HLS.S30.T11TME.2021188T182919.v2.0: SKIP NoDataInBounds (field does not intersect FMASK)
[5652/8861] [5651] HLS.S30.T11SQD.2021188T182919.v2.0: SKIP NoDataInBounds (field does not intersect FMASK)
[5653/8861] [5659] all outputs exist; skipping HLS.S30.T11SLC.2021188T182919.v2.0
[5654/8861] [5653] HLS.S30.T11SND.2021188T182919.v2.0: SKIP NoDataInBounds (field does not intersect FMASK)
[5655/8861] [5652] HLS.S30.T11SPD.2021188T182919.v2.0: SKIP NoDataInBounds (field does not intersect FMASK)
[5656/8861] [5662] all outputs exist; skipping HLS.S30.T11SMB.2021188T182919.v2.0
[5657/8861] [5663] all outputs exist; skipping HLS.S30.T11SLB.2021188T182919.v2.0
[5658/8861] [5654] HLS.S30.T11SMD.2021188T182919.v2.0: SKIP NoDataInBounds (field does not intersect FMASK)
[5659/8861] [5665] all outputs exist; skipping HLS.S30.T11SNA.2021188T182919.v2.0
[5660/8861] [5666] all outputs exist; skipping HLS.S30.T11SMA.2021188T182919.v2.0
[5661/8861] [5667] all outputs exist; skipping HLS.S30.T11SLA.2021188T182919.v2.0
[5662/8861] [5668] all outputs exist; skipping HLS.S30.T11SPV.2021188T182919.v2.0
[5663/8861] [5669] all outputs exist; skipping HLS.S30.T11SNV.2021188T182919.v2.0
[5664/8861] [5670] all outputs exist; skipping HLS.S30.T11SPU.2021188T182919.v2.0
[5665/8861] [5671] all outputs exist; skipping HLS.S30.T11SMV.2021188T182919.v2.0
[5666/8861] [5672] all outputs exist; skipping HLS.S30.T11SLV.2021188T182919.v2.0
[5667/8861] [5673] all outputs exist; skipping HLS.S30.T11SNU.2021188T182919.v2.0
[5668/8861] [5674] all outputs exist; skipping HLS.S30.T11SKV.2021188T182919.v2.0
[5669/8861] [5675] all outputs exist; skipping HLS.S30.T11SMU.2021188T182919.v2.0
[5670/8861] [5676] all outputs exist; skipping HLS.S30.T11SLU.2021188T182919.v2.0
[5671/8861] [5677] all outputs exist; skipping HLS.S30.T11SKU.2021188T182919.v2.0
[5672/8861] [5678] all outputs exist; skipping HLS.S30.T11SNT.2021188T182919.v2.0
[5673/8861] [5679] all outputs exist; skipping HLS.S30.T11SMT.2021188T182919.v2.0
[5674/8861] [5680] all outputs exist; skipping HLS.S30.T11SLT.2021188T182919.v2.0
[5675/8861] [5681] all outputs exist; skipping HLS.S30.T11SKT.2021188T182919.v2.0
[5676/8861] [5682] all outputs exist; skipping HLS.S30.T11SNS.2021188T182919.v2.0
[5677/8861] [5683] all outputs exist; skipping HLS.S30.T11SMS.2021188T182919.v2.0
[5678/8861] [5655] HLS.S30.T11SPC.2021188T182919.v2.0: SKIP NoDataInBounds (field does not intersect FMASK)
[5679/8861] [5656] HLS.S30.T11SLD.2021188T182919.v2.0: SKIP NoDataInBounds (field does not intersect FMASK)
[5680/8861] [5657] HLS.S30.T11SNC.2021188T182919.v2.0: SKIP NoDataInBounds (field does not intersect FMASK)
[5681/8861] [5658] HLS.S30.T11SMC.2021188T182919.v2.0: SKIP NoDataInBounds (field does not intersect FMASK)
[5682/8861] [5661] HLS.S30.T11SNB.2021188T182919.v2.0: SKIP NoDataInBounds (field does not intersect FMASK)
[5683/8861] [5660] HLS.S30.T11SPB.2021188T182919.v2.0: SKIP NoDataInBounds (field does not intersect FMASK)
[5684/8861] [5664] HLS.S30.T11SPA.2021188T182919.v2.0: SKIP NoDataInBounds (field does not intersect FMASK)
[5685/8861] [5684] HLS.S30.T11SLS.2021188T182919.v2.0: SKIP NoDataInBounds (field does not intersect FMASK)
[5686/8861] [5685] HLS.S30.T11SKS.2021188T182919.v2.0: SKIP NoDataInBounds (field does not intersect FMASK)
[5687/8861] [5686] HLS.S30.T11SNR.2021188T182919.v2.0: SKIP NoDataInBounds (field does not intersect FMASK)
[5688/8861] [5687] HLS.L30.T12TTL.2021189T181353.v2.0: SKIP NoDataInBounds (field does not intersect FMASK)
[5689/8861] [5689] HLS.L30.T12TTM.2021189T181353.v2.0: SKIP NoDataInBounds (field does not intersect FMASK)
[5690/8861] [5688] HLS.L30.T11TQF.2021189T181353.v2.0: SKIP NoDataInBounds (field does not intersect FMASK)
[5691/8861] [5691] HLS.L30.T11SPD.2021189T181417.v2.0: SKIP NoDataInBounds (field does not intersect FMASK)
[5692/8861] [5690] HLS.L30.T11TQG.2021189T181353.v2.0: SKIP NoDataInBounds (field does not intersect FMASK)
[5693/8861] [5692] HLS.L30.T11SQD.2021189T181417.v2.0: SKIP NoDataInBounds (field does not intersect FMASK)
[5694/8861] [5693] HLS.L30.T11TPE.2021189T181417.v2.0: SKIP NoDataInBounds (field does not intersect FMASK)
[5695/8861] [5694] HLS.L30.T11TQE.2021189T181417.v2.0: SKIP NoDataInBounds (field does not intersect FMASK)
[5696/8861] [5696] HLS.L30.T12STJ.2021189T181417.v2.0: SKIP NoDataInBounds (field does not intersect FMASK)
[5697/8861] [5695] HLS.L30.T11TPF.2021189T181417.v2.0: SKIP NoDataInBounds (field does not intersect FMASK)
[5698/8861] [5697] HLS.L30.T12TTK.2021189T181417.v2.0: SKIP NoDataInBounds (field does not intersect FMASK)
[5699/8861] [5698] HLS.L30.T11SQC.2021189T181441.v2.0: SKIP NoDataInBounds (field does not intersect FMASK)
[5700/8861] [5699] HLS.L30.T11SPC.2021189T181441.v2.0: SKIP NoDataInBounds (field does not intersect FMASK)
[5701/8861] [5707] all outputs exist; skipping HLS.L30.T11SNV.2021189T181528.v2.0
[5702/8861] [5708] all outputs exist; skipping HLS.L30.T11SPV.2021189T181528.v2.0
[5703/8861] [5709] all outputs exist; skipping HLS.L30.T11SNA.2021189T181528.v2.0
[5704/8861] [5710] all outputs exist; skipping HLS.L30.T11SPU.2021189T181528.v2.0
[5705/8861] [5711] all outputs exist; skipping HLS.L30.T12STD.2021189T181528.v2.0
[5706/8861] [5700] HLS.L30.T12STH.2021189T181441.v2.0: SKIP NoDataInBounds (field does not intersect FMASK)
[5707/8861] [5713] all outputs exist; skipping HLS.L30.T11SQV.2021189T181528.v2.0
[5708/8861] [5714] all outputs exist; skipping HLS.L30.T11SQU.2021189T181528.v2.0
[5709/8861] [5715] all outputs exist; skipping HLS.L30.T11SNT.2021189T181552.v2.0
[5710/8861] [5716] all outputs exist; skipping HLS.L30.T11SNU.2021189T181552.v2.0
[5711/8861] [5717] all outputs exist; skipping HLS.L30.T11SQT.2021189T181552.v2.0
[5712/8861] [5718] all outputs exist; skipping HLS.L30.T11SPT.2021189T181552.v2.0
[5713/8861] [5719] all outputs exist; skipping HLS.L30.T11SPU.2021189T181552.v2.0
[5714/8861] [5720] all outputs exist; skipping HLS.L30.T11SNS.2021189T181616.v2.0
[5715/8861] [5721] all outputs exist; skipping HLS.L30.T11SQS.2021189T181616.v2.0
[5716/8861] [5722] all outputs exist; skipping HLS.L30.T11SPS.2021189T181616.v2.0
[5717/8861] [5701] HLS.L30.T11SQB.2021189T181505.v2.0: SKIP NoDataInBounds (field does not intersect FMASK)
[5718/8861] [5702] HLS.L30.T11SPA.2021189T181505.v2.0: SKIP NoDataInBounds (field does not intersect FMASK)
[5719/8861] [5725] all outputs exist; skipping HLS.S30.T10TGM.2021189T184921.v2.0
[5720/8861] [5726] all outputs exist; skipping HLS.S30.T11TKG.2021189T184921.v2.0
[5721/8861] [5727] all outputs exist; skipping HLS.S30.T10TFM.2021189T184921.v2.0
[5722/8861] [5728] all outputs exist; skipping HLS.S30.T10TEM.2021189T184921.v2.0
[5723/8861] [5703] HLS.L30.T11SPB.2021189T181505.v2.0: SKIP NoDataInBounds (field does not intersect FMASK)
[5724/8861] [5730] all outputs exist; skipping HLS.S30.T11TKF.2021189T184921.v2.0
[5725/8861] [5731] all outputs exist; skipping HLS.S30.T10TGL.2021189T184921.v2.0
[5726/8861] [5732] all outputs exist; skipping HLS.S30.T10TFL.2021189T184921.v2.0
[5727/8861] [5704] HLS.L30.T11SQA.2021189T181505.v2.0: SKIP NoDataInBounds (field does not intersect FMASK)
[5728/8861] [5734] all outputs exist; skipping HLS.S30.T10TEL.2021189T184921.v2.0
[5729/8861] [5735] all outputs exist; skipping HLS.S30.T11TKE.2021189T184921.v2.0
[5730/8861] [5736] all outputs exist; skipping HLS.S30.T10TGK.2021189T184921.v2.0
[5731/8861] [5737] all outputs exist; skipping HLS.S30.T10TFK.2021189T184921.v2.0
[5732/8861] [5738] all outputs exist; skipping HLS.S30.T10TEK.2021189T184921.v2.0
[5733/8861] [5739] all outputs exist; skipping HLS.S30.T11SKD.2021189T184921.v2.0
[5734/8861] [5740] all outputs exist; skipping HLS.S30.T10SGJ.2021189T184921.v2.0
[5735/8861] [5741] all outputs exist; skipping HLS.S30.T10SFJ.2021189T184921.v2.0
[5736/8861] [5742] all outputs exist; skipping HLS.S30.T10SEJ.2021189T184921.v2.0
[5737/8861] [5743] all outputs exist; skipping HLS.S30.T10SDJ.2021189T184921.v2.0
[5738/8861] [5744] all outputs exist; skipping HLS.S30.T11SKC.2021189T184921.v2.0
[5739/8861] [5745] all outputs exist; skipping HLS.S30.T10SGH.2021189T184921.v2.0
[5740/8861] [5746] all outputs exist; skipping HLS.S30.T10SFH.2021189T184921.v2.0
[5741/8861] [5747] all outputs exist; skipping HLS.S30.T10SEH.2021189T184921.v2.0
[5742/8861] [5748] all outputs exist; skipping HLS.S30.T10SDH.2021189T184921.v2.0
[5743/8861] [5749] all outputs exist; skipping HLS.S30.T11SKB.2021189T184921.v2.0
[5744/8861] [5750] all outputs exist; skipping HLS.S30.T10SGG.2021189T184921.v2.0
[5745/8861] [5751] all outputs exist; skipping HLS.S30.T10SFG.2021189T184921.v2.0
[5746/8861] [5752] all outputs exist; skipping HLS.S30.T11SKA.2021189T184921.v2.0
[5747/8861] [5753] all outputs exist; skipping HLS.S30.T10SEG.2021189T184921.v2.0
[5748/8861] [5705] HLS.L30.T12STF.2021189T181505.v2.0: SKIP NoDataInBounds (field does not intersect FMASK)
[5749/8861] [5755] all outputs exist; skipping HLS.S30.T10SGF.2021189T184921.v2.0
[5750/8861] [5756] all outputs exist; skipping HLS.S30.T10SFF.2021189T184921.v2.0
[5751/8861] [5757] all outputs exist; skipping HLS.S30.T10SEF.2021189T184921.v2.0
[5752/8861] [5758] all outputs exist; skipping HLS.S30.T10SGE.2021189T184921.v2.0
[5753/8861] [5759] all outputs exist; skipping HLS.S30.T10SFE.2021189T184921.v2.0
[5754/8861] [5760] all outputs exist; skipping HLS.S30.T10SFD.2021189T184921.v2.0
[5755/8861] [5706] HLS.L30.T12STG.2021189T181505.v2.0: SKIP NoDataInBounds (field does not intersect FMASK)
[5756/8861] [5712] HLS.L30.T12STE.2021189T181528.v2.0: SKIP NoDataInBounds (field does not intersect FMASK)
[5757/8861] [5724] HLS.S30.T11TLG.2021189T184921.v2.0: SKIP NoDataInBounds (field does not intersect FMASK)
[5758/8861] [5723] HLS.L30.T11SNR.2021189T181616.v2.0: SKIP NoDataInBounds (field does not intersect FMASK)
[5759/8861] [5729] HLS.S30.T11TLF.2021189T184921.v2.0: SKIP NoDataInBounds (field does not intersect FMASK)
[5760/8861] [5733] HLS.S30.T11TLE.2021189T184921.v2.0: SKIP NoDataInBounds (field does not intersect FMASK)
[5761/8861] [5754] HLS.S30.T10SDG.2021189T184921.v2.0: SKIP NoDataInBounds (field does not intersect FMASK)
[5762/8861] [5761] HLS.S30.T11TQG.2021190T181921.v2.0: SKIP NoDataInBounds (field does not intersect FMASK)
[5763/8861] [5762] HLS.S30.T12TTM.2021190T181921.v2.0: SKIP NoDataInBounds (field does not intersect FMASK)
[5764/8861] [5764] HLS.S30.T12TTL.2021190T181921.v2.0: SKIP NoDataInBounds (field does not intersect FMASK)
[5765/8861] [5765] HLS.S30.T11TQF.2021190T181921.v2.0: SKIP NoDataInBounds (field does not intersect FMASK)
[5766/8861] [5763] HLS.S30.T11TPG.2021190T181921.v2.0: SKIP NoDataInBounds (field does not intersect FMASK)
[5767/8861] [5766] HLS.S30.T11TPF.2021190T181921.v2.0: SKIP NoDataInBounds (field does not intersect FMASK)
[5768/8861] [5767] HLS.S30.T12TTK.2021190T181921.v2.0: SKIP NoDataInBounds (field does not intersect FMASK)
[5769/8861] [5768] HLS.S30.T11TQE.2021190T181921.v2.0: SKIP NoDataInBounds (field does not intersect FMASK)
[5770/8861] [5769] HLS.S30.T11TPE.2021190T181921.v2.0: SKIP NoDataInBounds (field does not intersect FMASK)
[5771/8861] [5770] HLS.S30.T12STJ.2021190T181921.v2.0: SKIP NoDataInBounds (field does not intersect FMASK)
[5772/8861] [5771] HLS.S30.T11SQD.2021190T181921.v2.0: SKIP NoDataInBounds (field does not intersect FMASK)
[5773/8861] [5772] HLS.S30.T11SPD.2021190T181921.v2.0: SKIP NoDataInBounds (field does not intersect FMASK)
[5774/8861] [5773] HLS.S30.T12STH.2021190T181921.v2.0: SKIP NoDataInBounds (field does not intersect FMASK)
[5775/8861] [5775] HLS.S30.T11SPC.2021190T181921.v2.0: SKIP NoDataInBounds (field does not intersect FMASK)
[5776/8861] [5774] HLS.S30.T11SQC.2021190T181921.v2.0: SKIP NoDataInBounds (field does not intersect FMASK)
[5777/8861] [5777] HLS.S30.T12STG.2021190T181921.v2.0: SKIP NoDataInBounds (field does not intersect FMASK)
[5778/8861] [5784] all outputs exist; skipping HLS.S30.T11SNA.2021190T181921.v2.0
[5779/8861] [5776] HLS.S30.T11SNC.2021190T181921.v2.0: SKIP NoDataInBounds (field does not intersect FMASK)
[5780/8861] [5786] all outputs exist; skipping HLS.S30.T11SQV.2021190T181921.v2.0
[5781/8861] [5787] all outputs exist; skipping HLS.S30.T11SPV.2021190T181921.v2.0
[5782/8861] [5788] all outputs exist; skipping HLS.S30.T11SNV.2021190T181921.v2.0
[5783/8861] [5789] all outputs exist; skipping HLS.S30.T12STD.2021190T181921.v2.0
[5784/8861] [5790] all outputs exist; skipping HLS.S30.T11SQU.2021190T181921.v2.0
[5785/8861] [5791] all outputs exist; skipping HLS.S30.T11SPU.2021190T181921.v2.0
[5786/8861] [5792] all outputs exist; skipping HLS.S30.T11SNU.2021190T181921.v2.0
[5787/8861] [5793] all outputs exist; skipping HLS.S30.T12STC.2021190T181921.v2.0
[5788/8861] [5794] all outputs exist; skipping HLS.S30.T11SQT.2021190T181921.v2.0
[5789/8861] [5795] all outputs exist; skipping HLS.S30.T11SPT.2021190T181921.v2.0
[5790/8861] [5796] all outputs exist; skipping HLS.S30.T11SNT.2021190T181921.v2.0
[5791/8861] [5778] HLS.S30.T11SQB.2021190T181921.v2.0: SKIP NoDataInBounds (field does not intersect FMASK)
[5792/8861] [5798] all outputs exist; skipping HLS.S30.T11SMT.2021190T181921.v2.0
[5793/8861] [5799] all outputs exist; skipping HLS.S30.T11SQS.2021190T181921.v2.0
[5794/8861] [5800] all outputs exist; skipping HLS.S30.T11SPS.2021190T181921.v2.0
[5795/8861] [5801] all outputs exist; skipping HLS.S30.T11SNS.2021190T181921.v2.0
[5796/8861] [5802] all outputs exist; skipping HLS.S30.T11SMS.2021190T181921.v2.0
[5797/8861] [5779] HLS.S30.T11SPB.2021190T181921.v2.0: SKIP NoDataInBounds (field does not intersect FMASK)
[5798/8861] [5804] all outputs exist; skipping HLS.S30.T11SMR.2021190T181921.v2.0
[5799/8861] [5805] all outputs exist; skipping HLS.L30.T10TEM.2021190T185645.v2.0
[5800/8861] [5806] all outputs exist; skipping HLS.L30.T10TDM.2021190T185645.v2.0
[5801/8861] [5807] all outputs exist; skipping HLS.L30.T10TEL.2021190T185709.v2.0
[5802/8861] [5808] all outputs exist; skipping HLS.L30.T10TCM.2021190T185709.v2.0
[5803/8861] [5809] all outputs exist; skipping HLS.L30.T10TCL.2021190T185709.v2.0
[5804/8861] [5810] all outputs exist; skipping HLS.L30.T10TDL.2021190T185709.v2.0
[5805/8861] [5811] all outputs exist; skipping HLS.L30.T10TDK.2021190T185733.v2.0
[5806/8861] [5812] all outputs exist; skipping HLS.L30.T10SDJ.2021190T185733.v2.0
[5807/8861] [5813] all outputs exist; skipping HLS.L30.T10TCK.2021190T185733.v2.0
[5808/8861] [5814] all outputs exist; skipping HLS.L30.T10SDH.2021190T185756.v2.0
[5809/8861] [5815] all outputs exist; skipping HLS.S30.T10TDM.2021190T190919.v2.0
[5810/8861] [5816] all outputs exist; skipping HLS.S30.T10TCM.2021190T190919.v2.0
[5811/8861] [5817] all outputs exist; skipping HLS.S30.T10TDL.2021190T190919.v2.0
[5812/8861] [5818] all outputs exist; skipping HLS.S30.T10TDK.2021190T190919.v2.0
[5813/8861] [5819] all outputs exist; skipping HLS.S30.T10TCK.2021190T190919.v2.0
[5814/8861] [5780] HLS.S30.T11SNB.2021190T181921.v2.0: SKIP NoDataInBounds (field does not intersect FMASK)
[5815/8861] [5781] HLS.S30.T12STF.2021190T181921.v2.0: SKIP NoDataInBounds (field does not intersect FMASK)
[5816/8861] [5782] HLS.S30.T11SQA.2021190T181921.v2.0: SKIP NoDataInBounds (field does not intersect FMASK)
[5817/8861] [5823] all outputs exist; skipping HLS.S30.T10TGM.2021191T183919.v2.0
[5818/8861] [5824] all outputs exist; skipping HLS.S30.T11TKG.2021191T183919.v2.0
[5819/8861] [5785] HLS.S30.T12STE.2021190T181921.v2.0: SKIP NoDataInBounds (field does not intersect FMASK)
[5820/8861] [5783] HLS.S30.T11SPA.2021190T181921.v2.0: SKIP NoDataInBounds (field does not intersect FMASK)
[5821/8861] [5803] HLS.S30.T11SNR.2021190T181921.v2.0: SKIP NoDataInBounds (field does not intersect FMASK)
[5822/8861] [5828] all outputs exist; skipping HLS.S30.T11TKF.2021191T183919.v2.0
[5823/8861] [5829] all outputs exist; skipping HLS.S30.T10TGL.2021191T183919.v2.0
[5824/8861] [5797] HLS.S30.T12STB.2021190T181921.v2.0: SKIP NoDataInBounds (field does not intersect FMASK)
[5825/8861] [5820] HLS.S30.T11TNG.2021191T183919.v2.0: SKIP NoDataInBounds (field does not intersect FMASK)
[5826/8861] [5821] HLS.S30.T11TMG.2021191T183919.v2.0: SKIP NoDataInBounds (field does not intersect FMASK)
[5827/8861] [5822] HLS.S30.T11TLG.2021191T183919.v2.0: SKIP NoDataInBounds (field does not intersect FMASK)
[5828/8861] [5834] all outputs exist; skipping HLS.S30.T11TKE.2021191T183919.v2.0
[5829/8861] [5835] all outputs exist; skipping HLS.S30.T10TGK.2021191T183919.v2.0
[5830/8861] [5825] HLS.S30.T11TNF.2021191T183919.v2.0: SKIP NoDataInBounds (field does not intersect FMASK)
[5831/8861] [5826] HLS.S30.T11TMF.2021191T183919.v2.0: SKIP NoDataInBounds (field does not intersect FMASK)
[5832/8861] [5838] all outputs exist; skipping HLS.S30.T11SKD.2021191T183919.v2.0
[5833/8861] [5839] all outputs exist; skipping HLS.S30.T10SGJ.2021191T183919.v2.0
[5834/8861] [5827] HLS.S30.T11TLF.2021191T183919.v2.0: SKIP NoDataInBounds (field does not intersect FMASK)
[5835/8861] [5841] all outputs exist; skipping HLS.S30.T10SFJ.2021191T183919.v2.0
[5836/8861] [5842] all outputs exist; skipping HLS.S30.T11SLC.2021191T183919.v2.0
[5837/8861] [5843] all outputs exist; skipping HLS.S30.T11SKC.2021191T183919.v2.0
[5838/8861] [5844] all outputs exist; skipping HLS.S30.T10SGH.2021191T183919.v2.0
[5839/8861] [5830] HLS.S30.T11TNE.2021191T183919.v2.0: SKIP NoDataInBounds (field does not intersect FMASK)
[5840/8861] [5845] all outputs exist; skipping HLS.S30.T10SFH.2021191T183919.v2.0
[5841/8861] [5846] all outputs exist; skipping HLS.S30.T11SMB.2021191T183919.v2.0
[5842/8861] [5847] all outputs exist; skipping HLS.S30.T11SLB.2021191T183919.v2.0
[5843/8861] [5848] all outputs exist; skipping HLS.S30.T11SKB.2021191T183919.v2.0
[5844/8861] [5850] all outputs exist; skipping HLS.S30.T11SMA.2021191T183919.v2.0
[5845/8861] [5849] all outputs exist; skipping HLS.S30.T10SGG.2021191T183919.v2.0
[5846/8861] [5851] all outputs exist; skipping HLS.S30.T10SFG.2021191T183919.v2.0
[5847/8861] [5852] all outputs exist; skipping HLS.S30.T11SLA.2021191T183919.v2.0
[5848/8861] [5853] all outputs exist; skipping HLS.S30.T11SKA.2021191T183919.v2.0
[5849/8861] [5854] all outputs exist; skipping HLS.S30.T10SGF.2021191T183919.v2.0
[5850/8861] [5855] all outputs exist; skipping HLS.S30.T10SFF.2021191T183919.v2.0
[5851/8861] [5857] all outputs exist; skipping HLS.S30.T11SKV.2021191T183919.v2.0
[5852/8861] [5856] all outputs exist; skipping HLS.S30.T11SLV.2021191T183919.v2.0
[5853/8861] [5858] all outputs exist; skipping HLS.S30.T10SGE.2021191T183919.v2.0
[5854/8861] [5859] all outputs exist; skipping HLS.S30.T10SFE.2021191T183919.v2.0
[5855/8861] [5860] all outputs exist; skipping HLS.S30.T11SLU.2021191T183919.v2.0
[5856/8861] [5861] all outputs exist; skipping HLS.S30.T11SKU.2021191T183919.v2.0
[5857/8861] [5862] all outputs exist; skipping HLS.S30.T10SGD.2021191T183919.v2.0
[5858/8861] [5863] all outputs exist; skipping HLS.S30.T10SFD.2021191T183919.v2.0
[5859/8861] [5864] all outputs exist; skipping HLS.S30.T11SLT.2021191T183919.v2.0
[5860/8861] [5865] all outputs exist; skipping HLS.S30.T11SKT.2021191T183919.v2.0
[5861/8861] [5831] HLS.S30.T11TME.2021191T183919.v2.0: SKIP NoDataInBounds (field does not intersect FMASK)
[5862/8861] [5833] HLS.S30.T11SND.2021191T183919.v2.0: SKIP NoDataInBounds (field does not intersect FMASK)
[5863/8861] [5832] HLS.S30.T11TLE.2021191T183919.v2.0: SKIP NoDataInBounds (field does not intersect FMASK)
[5864/8861] [5870] all outputs exist; skipping HLS.S30.T11SQV.2021192T180919.v2.0
[5865/8861] [5871] all outputs exist; skipping HLS.S30.T12STD.2021192T180919.v2.0
[5866/8861] [5872] all outputs exist; skipping HLS.S30.T11SQU.2021192T180919.v2.0
[5867/8861] [5873] all outputs exist; skipping HLS.S30.T12STC.2021192T180919.v2.0
[5868/8861] [5874] all outputs exist; skipping HLS.S30.T11SQT.2021192T180919.v2.0
[5869/8861] [5836] HLS.S30.T11SMD.2021191T183919.v2.0: SKIP NoDataInBounds (field does not intersect FMASK)
[5870/8861] [5876] all outputs exist; skipping HLS.S30.T11SQS.2021192T180919.v2.0
[5871/8861] [5877] all outputs exist; skipping HLS.S30.T11SPS.2021192T180919.v2.0
[5872/8861] [5878] all outputs exist; skipping HLS.L30.T10TGM.2021192T184423.v2.0
[5873/8861] [5879] all outputs exist; skipping HLS.L30.T11TKG.2021192T184423.v2.0
[5874/8861] [5880] all outputs exist; skipping HLS.L30.T10TFM.2021192T184423.v2.0
[5875/8861] [5881] all outputs exist; skipping HLS.L30.T10TEL.2021192T184447.v2.0
[5876/8861] [5837] HLS.S30.T11SLD.2021191T183919.v2.0: SKIP NoDataInBounds (field does not intersect FMASK)
[5877/8861] [5882] all outputs exist; skipping HLS.L30.T10TGL.2021192T184447.v2.0
[5878/8861] [5883] all outputs exist; skipping HLS.L30.T11TKF.2021192T184447.v2.0
[5879/8861] [5884] all outputs exist; skipping HLS.L30.T10TEM.2021192T184447.v2.0
[5880/8861] [5885] all outputs exist; skipping HLS.L30.T10TFL.2021192T184447.v2.0
[5881/8861] [5886] all outputs exist; skipping HLS.L30.T10TFM.2021192T184447.v2.0
[5882/8861] [5887] all outputs exist; skipping HLS.L30.T10SGJ.2021192T184511.v2.0
[5883/8861] [5888] all outputs exist; skipping HLS.L30.T10TGK.2021192T184511.v2.0
[5884/8861] [5889] all outputs exist; skipping HLS.L30.T11SKD.2021192T184511.v2.0
[5885/8861] [5890] all outputs exist; skipping HLS.L30.T11TKE.2021192T184511.v2.0
[5886/8861] [5891] all outputs exist; skipping HLS.L30.T10TEK.2021192T184511.v2.0
[5887/8861] [5892] all outputs exist; skipping HLS.L30.T10SEJ.2021192T184511.v2.0
[5888/8861] [5893] all outputs exist; skipping HLS.L30.T10TFK.2021192T184511.v2.0
[5889/8861] [5894] all outputs exist; skipping HLS.L30.T10SFJ.2021192T184511.v2.0
[5890/8861] [5896] all outputs exist; skipping HLS.L30.T10SFH.2021192T184535.v2.0
[5891/8861] [5895] all outputs exist; skipping HLS.L30.T10SGH.2021192T184535.v2.0
[5892/8861] [5898] all outputs exist; skipping HLS.L30.T10SEH.2021192T184535.v2.0
[5893/8861] [5897] all outputs exist; skipping HLS.L30.T10SDH.2021192T184535.v2.0
[5894/8861] [5900] all outputs exist; skipping HLS.L30.T10SFF.2021192T184559.v2.0
[5895/8861] [5901] all outputs exist; skipping HLS.L30.T10SEG.2021192T184559.v2.0
[5896/8861] [5902] all outputs exist; skipping HLS.L30.T10SEF.2021192T184559.v2.0
[5897/8861] [5903] all outputs exist; skipping HLS.L30.T10SFG.2021192T184559.v2.0
[5898/8861] [5904] all outputs exist; skipping HLS.L30.T10SFD.2021192T184623.v2.0
[5899/8861] [5905] all outputs exist; skipping HLS.L30.T10SFE.2021192T184623.v2.0
[5900/8861] [5906] all outputs exist; skipping HLS.S30.T10TFM.2021192T185921.v2.0
[5901/8861] [5907] all outputs exist; skipping HLS.S30.T10TEM.2021192T185921.v2.0
[5902/8861] [5908] all outputs exist; skipping HLS.S30.T10TDM.2021192T185921.v2.0
[5903/8861] [5909] all outputs exist; skipping HLS.S30.T10TCM.2021192T185921.v2.0
[5904/8861] [5910] all outputs exist; skipping HLS.S30.T10TFL.2021192T185921.v2.0
[5905/8861] [5911] all outputs exist; skipping HLS.S30.T10TEL.2021192T185921.v2.0
[5906/8861] [5912] all outputs exist; skipping HLS.S30.T10TDL.2021192T185921.v2.0
[5907/8861] [5913] all outputs exist; skipping HLS.S30.T10TFK.2021192T185921.v2.0
[5908/8861] [5914] all outputs exist; skipping HLS.S30.T10TCL.2021192T185921.v2.0
[5909/8861] [5915] all outputs exist; skipping HLS.S30.T10TEK.2021192T185921.v2.0
[5910/8861] [5916] all outputs exist; skipping HLS.S30.T10TDK.2021192T185921.v2.0
[5911/8861] [5917] all outputs exist; skipping HLS.S30.T10TCK.2021192T185921.v2.0
[5912/8861] [5918] all outputs exist; skipping HLS.S30.T10SEJ.2021192T185921.v2.0
[5913/8861] [5919] all outputs exist; skipping HLS.S30.T10SDJ.2021192T185921.v2.0
[5914/8861] [5920] all outputs exist; skipping HLS.S30.T10SEH.2021192T185921.v2.0
[5915/8861] [5921] all outputs exist; skipping HLS.S30.T10SDH.2021192T185921.v2.0
[5916/8861] [5922] all outputs exist; skipping HLS.S30.T10SEG.2021192T185921.v2.0
[5917/8861] [5840] HLS.S30.T11SMC.2021191T183919.v2.0: SKIP NoDataInBounds (field does not intersect FMASK)
[5918/8861] [5867] HLS.S30.T11SLS.2021191T183919.v2.0: SKIP NoDataInBounds (field does not intersect FMASK)
[5919/8861] [5866] HLS.S30.T10SGC.2021191T183919.v2.0: SKIP NoDataInBounds (field does not intersect FMASK)
[5920/8861] [5868] HLS.S30.T11SKS.2021191T183919.v2.0: SKIP NoDataInBounds (field does not intersect FMASK)
[5921/8861] [5869] HLS.S30.T12STE.2021192T180919.v2.0: SKIP NoDataInBounds (field does not intersect FMASK)
[5922/8861] [5875] HLS.S30.T12STB.2021192T180919.v2.0: SKIP NoDataInBounds (field does not intersect FMASK)
[5923/8861] [5899] HLS.L30.T10SDG.2021192T184559.v2.0: SKIP NoDataInBounds (field does not intersect FMASK)
[5924/8861] [5923] HLS.S30.T11TQG.2021193T182921.v2.0: SKIP NoDataInBounds (field does not intersect FMASK)
[5925/8861] [5924] HLS.S30.T12TTM.2021193T182921.v2.0: SKIP NoDataInBounds (field does not intersect FMASK)
[5926/8861] [5925] HLS.S30.T11TPG.2021193T182921.v2.0: SKIP NoDataInBounds (field does not intersect FMASK)
[5927/8861] [5926] HLS.S30.T11TNG.2021193T182921.v2.0: SKIP NoDataInBounds (field does not intersect FMASK)
[5928/8861] [5927] HLS.S30.T11TMG.2021193T182921.v2.0: SKIP NoDataInBounds (field does not intersect FMASK)
[5929/8861] [5929] HLS.S30.T11TQF.2021193T182921.v2.0: SKIP NoDataInBounds (field does not intersect FMASK)
[5930/8861] [5928] HLS.S30.T12TTL.2021193T182921.v2.0: SKIP NoDataInBounds (field does not intersect FMASK)
[5931/8861] [5930] HLS.S30.T11TPF.2021193T182921.v2.0: SKIP NoDataInBounds (field does not intersect FMASK)
[5932/8861] [5931] HLS.S30.T11TNF.2021193T182921.v2.0: SKIP NoDataInBounds (field does not intersect FMASK)
[5933/8861] [5932] HLS.S30.T11TMF.2021193T182921.v2.0: SKIP NoDataInBounds (field does not intersect FMASK)
[5934/8861] [5933] HLS.S30.T12TTK.2021193T182921.v2.0: SKIP NoDataInBounds (field does not intersect FMASK)
[5935/8861] [5934] HLS.S30.T11TQE.2021193T182921.v2.0: SKIP NoDataInBounds (field does not intersect FMASK)
[5936/8861] [5935] HLS.S30.T11TPE.2021193T182921.v2.0: SKIP NoDataInBounds (field does not intersect FMASK)
[5937/8861] [5936] HLS.S30.T11TNE.2021193T182921.v2.0: SKIP NoDataInBounds (field does not intersect FMASK)
[5938/8861] [5937] HLS.S30.T12STJ.2021193T182921.v2.0: SKIP NoDataInBounds (field does not intersect FMASK)
[5939/8861] [5938] HLS.S30.T11TME.2021193T182921.v2.0: SKIP NoDataInBounds (field does not intersect FMASK)
[5940/8861] [5939] HLS.S30.T11SQD.2021193T182921.v2.0: SKIP NoDataInBounds (field does not intersect FMASK)
[5941/8861] [5947] all outputs exist; skipping HLS.S30.T11SLC.2021193T182921.v2.0
[5942/8861] [5940] HLS.S30.T11SPD.2021193T182921.v2.0: SKIP NoDataInBounds (field does not intersect FMASK)
[5943/8861] [5942] HLS.S30.T11SMD.2021193T182921.v2.0: SKIP NoDataInBounds (field does not intersect FMASK)
[5944/8861] [5950] all outputs exist; skipping HLS.S30.T11SMB.2021193T182921.v2.0
[5945/8861] [5951] all outputs exist; skipping HLS.S30.T11SLB.2021193T182921.v2.0
[5946/8861] [5941] HLS.S30.T11SND.2021193T182921.v2.0: SKIP NoDataInBounds (field does not intersect FMASK)
[5947/8861] [5953] all outputs exist; skipping HLS.S30.T11SNA.2021193T182921.v2.0
[5948/8861] [5954] all outputs exist; skipping HLS.S30.T11SMA.2021193T182921.v2.0
[5949/8861] [5955] all outputs exist; skipping HLS.S30.T11SLA.2021193T182921.v2.0
[5950/8861] [5956] all outputs exist; skipping HLS.S30.T11SPV.2021193T182921.v2.0
[5951/8861] [5957] all outputs exist; skipping HLS.S30.T11SNV.2021193T182921.v2.0
[5952/8861] [5958] all outputs exist; skipping HLS.S30.T11SPU.2021193T182921.v2.0
[5953/8861] [5959] all outputs exist; skipping HLS.S30.T11SMV.2021193T182921.v2.0
[5954/8861] [5960] all outputs exist; skipping HLS.S30.T11SLV.2021193T182921.v2.0
[5955/8861] [5961] all outputs exist; skipping HLS.S30.T11SNU.2021193T182921.v2.0
[5956/8861] [5962] all outputs exist; skipping HLS.S30.T11SKV.2021193T182921.v2.0
[5957/8861] [5963] all outputs exist; skipping HLS.S30.T11SMU.2021193T182921.v2.0
[5958/8861] [5964] all outputs exist; skipping HLS.S30.T11SLU.2021193T182921.v2.0
[5959/8861] [5965] all outputs exist; skipping HLS.S30.T11SKU.2021193T182921.v2.0
[5960/8861] [5966] all outputs exist; skipping HLS.S30.T11SNT.2021193T182921.v2.0
[5961/8861] [5967] all outputs exist; skipping HLS.S30.T11SMT.2021193T182921.v2.0
[5962/8861] [5968] all outputs exist; skipping HLS.S30.T11SLT.2021193T182921.v2.0
[5963/8861] [5969] all outputs exist; skipping HLS.S30.T11SKT.2021193T182921.v2.0
[5964/8861] [5970] all outputs exist; skipping HLS.S30.T11SNS.2021193T182921.v2.0
[5965/8861] [5971] all outputs exist; skipping HLS.S30.T11SMS.2021193T182921.v2.0
[5966/8861] [5943] HLS.S30.T11SPC.2021193T182921.v2.0: SKIP NoDataInBounds (field does not intersect FMASK)
[5967/8861] [5944] HLS.S30.T11SLD.2021193T182921.v2.0: SKIP NoDataInBounds (field does not intersect FMASK)
[5968/8861] [5974] all outputs exist; skipping HLS.S30.T11SMR.2021193T182921.v2.0
[5969/8861] [5945] HLS.S30.T11SNC.2021193T182921.v2.0: SKIP NoDataInBounds (field does not intersect FMASK)
[5970/8861] [5946] HLS.S30.T11SMC.2021193T182921.v2.0: SKIP NoDataInBounds (field does not intersect FMASK)
[5971/8861] [5948] HLS.S30.T11SPB.2021193T182921.v2.0: SKIP NoDataInBounds (field does not intersect FMASK)
[5972/8861] [5949] HLS.S30.T11SNB.2021193T182921.v2.0: SKIP NoDataInBounds (field does not intersect FMASK)
[5973/8861] [5972] HLS.S30.T11SLS.2021193T182921.v2.0: SKIP NoDataInBounds (field does not intersect FMASK)
[5974/8861] [5952] HLS.S30.T11SPA.2021193T182921.v2.0: SKIP NoDataInBounds (field does not intersect FMASK)
[5975/8861] [5981] all outputs exist; skipping HLS.L30.T10TGK.2021194T183249.v2.0
[5976/8861] [5982] all outputs exist; skipping HLS.L30.T10SGJ.2021194T183249.v2.0
[5977/8861] [5983] all outputs exist; skipping HLS.L30.T11TKE.2021194T183249.v2.0
[5978/8861] [5975] HLS.L30.T11TNG.2021194T183202.v2.0: SKIP NoDataInBounds (field does not intersect FMASK)
[5979/8861] [5973] HLS.S30.T11SNR.2021193T182921.v2.0: SKIP NoDataInBounds (field does not intersect FMASK)
[5980/8861] [5976] HLS.L30.T11TMG.2021194T183202.v2.0: SKIP NoDataInBounds (field does not intersect FMASK)
[5981/8861] [5987] all outputs exist; skipping HLS.L30.T11SKD.2021194T183249.v2.0
[5982/8861] [5977] HLS.L30.T11TLG.2021194T183225.v2.0: SKIP NoDataInBounds (field does not intersect FMASK)
[5983/8861] [5978] HLS.L30.T11TNF.2021194T183225.v2.0: SKIP NoDataInBounds (field does not intersect FMASK)
[5984/8861] [5990] all outputs exist; skipping HLS.L30.T10SGH.2021194T183313.v2.0
[5985/8861] [5991] all outputs exist; skipping HLS.L30.T11SKC.2021194T183313.v2.0
[5986/8861] [5979] HLS.L30.T11TMF.2021194T183225.v2.0: SKIP NoDataInBounds (field does not intersect FMASK)
[5987/8861] [5993] all outputs exist; skipping HLS.L30.T11SLC.2021194T183313.v2.0
[5988/8861] [5994] all outputs exist; skipping HLS.L30.T10SGJ.2021194T183313.v2.0
[5989/8861] [5995] all outputs exist; skipping HLS.L30.T10SGF.2021194T183337.v2.0
[5990/8861] [5996] all outputs exist; skipping HLS.L30.T10SGG.2021194T183337.v2.0
[5991/8861] [5997] all outputs exist; skipping HLS.L30.T11SMB.2021194T183337.v2.0
[5992/8861] [5998] all outputs exist; skipping HLS.L30.T11SMA.2021194T183337.v2.0
[5993/8861] [5999] all outputs exist; skipping HLS.L30.T11SKA.2021194T183337.v2.0
[5994/8861] [6000] all outputs exist; skipping HLS.L30.T11SKB.2021194T183337.v2.0
[5995/8861] [6001] all outputs exist; skipping HLS.L30.T11SLA.2021194T183337.v2.0
[5996/8861] [6002] all outputs exist; skipping HLS.L30.T11SLB.2021194T183337.v2.0
[5997/8861] [6003] all outputs exist; skipping HLS.L30.T10SGE.2021194T183401.v2.0
[5998/8861] [6004] all outputs exist; skipping HLS.L30.T11SKV.2021194T183401.v2.0
[5999/8861] [6005] all outputs exist; skipping HLS.L30.T11SLU.2021194T183401.v2.0
[6000/8861] [6006] all outputs exist; skipping HLS.L30.T11SLV.2021194T183401.v2.0
[6001/8861] [6007] all outputs exist; skipping HLS.L30.T11SKU.2021194T183401.v2.0
[6002/8861] [6008] all outputs exist; skipping HLS.L30.T10SFD.2021194T183425.v2.0
[6003/8861] [6009] all outputs exist; skipping HLS.L30.T10SFE.2021194T183401.v2.0
[6004/8861] [5980] HLS.L30.T11TLF.2021194T183225.v2.0: SKIP NoDataInBounds (field does not intersect FMASK)
[6005/8861] [6011] all outputs exist; skipping HLS.L30.T10SGD.2021194T183425.v2.0
[6006/8861] [6012] all outputs exist; skipping HLS.L30.T11SLT.2021194T183425.v2.0
[6007/8861] [6013] all outputs exist; skipping HLS.L30.T11SKT.2021194T183425.v2.0
[6008/8861] [6014] all outputs exist; skipping HLS.L30.T10SFE.2021194T183425.v2.0
[6009/8861] [5984] HLS.L30.T11TLE.2021194T183249.v2.0: SKIP NoDataInBounds (field does not intersect FMASK)
[6010/8861] [5985] HLS.L30.T11SMD.2021194T183249.v2.0: SKIP NoDataInBounds (field does not intersect FMASK)
[6011/8861] [6017] all outputs exist; skipping HLS.S30.T10TGM.2021194T184919.v2.0
[6012/8861] [6018] all outputs exist; skipping HLS.S30.T11TKG.2021194T184919.v2.0
[6013/8861] [6019] all outputs exist; skipping HLS.S30.T10TFM.2021194T184919.v2.0
[6014/8861] [6020] all outputs exist; skipping HLS.S30.T10TEM.2021194T184919.v2.0
[6015/8861] [5986] HLS.L30.T11SLD.2021194T183249.v2.0: SKIP NoDataInBounds (field does not intersect FMASK)
[6016/8861] [6022] all outputs exist; skipping HLS.S30.T11TKF.2021194T184919.v2.0
[6017/8861] [6023] all outputs exist; skipping HLS.S30.T10TGL.2021194T184919.v2.0
[6018/8861] [6024] all outputs exist; skipping HLS.S30.T10TFL.2021194T184919.v2.0
[6019/8861] [5989] HLS.L30.T11TNE.2021194T183249.v2.0: SKIP NoDataInBounds (field does not intersect FMASK)
[6020/8861] [6026] all outputs exist; skipping HLS.S30.T10TEL.2021194T184919.v2.0
[6021/8861] [6027] all outputs exist; skipping HLS.S30.T11TKE.2021194T184919.v2.0
[6022/8861] [6028] all outputs exist; skipping HLS.S30.T10TGK.2021194T184919.v2.0
[6023/8861] [6029] all outputs exist; skipping HLS.S30.T10TFK.2021194T184919.v2.0
[6024/8861] [6030] all outputs exist; skipping HLS.S30.T10TEK.2021194T184919.v2.0
[6025/8861] [6031] all outputs exist; skipping HLS.S30.T11SKD.2021194T184919.v2.0
[6026/8861] [6032] all outputs exist; skipping HLS.S30.T10SGJ.2021194T184919.v2.0
[6027/8861] [6033] all outputs exist; skipping HLS.S30.T10SFJ.2021194T184919.v2.0
[6028/8861] [6034] all outputs exist; skipping HLS.S30.T10SEJ.2021194T184919.v2.0
[6029/8861] [6035] all outputs exist; skipping HLS.S30.T10SDJ.2021194T184919.v2.0
[6030/8861] [6036] all outputs exist; skipping HLS.S30.T11SKC.2021194T184919.v2.0
[6031/8861] [6037] all outputs exist; skipping HLS.S30.T10SGH.2021194T184919.v2.0
[6032/8861] [6038] all outputs exist; skipping HLS.S30.T10SFH.2021194T184919.v2.0
[6033/8861] [6039] all outputs exist; skipping HLS.S30.T10SEH.2021194T184919.v2.0
[6034/8861] [6040] all outputs exist; skipping HLS.S30.T10SDH.2021194T184919.v2.0
[6035/8861] [6041] all outputs exist; skipping HLS.S30.T11SKB.2021194T184919.v2.0
[6036/8861] [6042] all outputs exist; skipping HLS.S30.T10SGG.2021194T184919.v2.0
[6037/8861] [6043] all outputs exist; skipping HLS.S30.T10SFG.2021194T184919.v2.0
[6038/8861] [6044] all outputs exist; skipping HLS.S30.T11SKA.2021194T184919.v2.0
[6039/8861] [6045] all outputs exist; skipping HLS.S30.T10SEG.2021194T184919.v2.0
[6040/8861] [6046] all outputs exist; skipping HLS.S30.T10SGF.2021194T184919.v2.0
[6041/8861] [6047] all outputs exist; skipping HLS.S30.T10SFF.2021194T184919.v2.0
[6042/8861] [6048] all outputs exist; skipping HLS.S30.T10SEF.2021194T184919.v2.0
[6043/8861] [6049] all outputs exist; skipping HLS.S30.T10SGE.2021194T184919.v2.0
[6044/8861] [5988] HLS.L30.T11TME.2021194T183249.v2.0: SKIP NoDataInBounds (field does not intersect FMASK)
[6045/8861] [6050] all outputs exist; skipping HLS.S30.T10SFE.2021194T184919.v2.0
[6046/8861] [5992] HLS.L30.T11SMC.2021194T183313.v2.0: SKIP NoDataInBounds (field does not intersect FMASK)
[6047/8861] [6010] HLS.L30.T10SGC.2021194T183425.v2.0: SKIP NoDataInBounds (field does not intersect FMASK)
[6048/8861] [6016] HLS.S30.T11TLG.2021194T184919.v2.0: SKIP NoDataInBounds (field does not intersect FMASK)
[6049/8861] [6015] HLS.L30.T11SKS.2021194T183449.v2.0: SKIP NoDataInBounds (field does not intersect FMASK)
[6050/8861] [6021] HLS.S30.T11TLF.2021194T184919.v2.0: SKIP NoDataInBounds (field does not intersect FMASK)
[6051/8861] [6025] HLS.S30.T11TLE.2021194T184919.v2.0: SKIP NoDataInBounds (field does not intersect FMASK)
[6052/8861] [6052] HLS.S30.T12TTM.2021195T181919.v2.0: SKIP NoDataInBounds (field does not intersect FMASK)
[6053/8861] [6051] HLS.S30.T11TQG.2021195T181919.v2.0: SKIP NoDataInBounds (field does not intersect FMASK)
[6054/8861] [6054] HLS.S30.T12TTL.2021195T181919.v2.0: SKIP NoDataInBounds (field does not intersect FMASK)
[6055/8861] [6053] HLS.S30.T11TPG.2021195T181919.v2.0: SKIP NoDataInBounds (field does not intersect FMASK)
[6056/8861] [6055] HLS.S30.T11TQF.2021195T181919.v2.0: SKIP NoDataInBounds (field does not intersect FMASK)
[6057/8861] [6057] HLS.S30.T12TTK.2021195T181919.v2.0: SKIP NoDataInBounds (field does not intersect FMASK)
[6058/8861] [6056] HLS.S30.T11TPF.2021195T181919.v2.0: SKIP NoDataInBounds (field does not intersect FMASK)
[6059/8861] [6058] HLS.S30.T11TQE.2021195T181919.v2.0: SKIP NoDataInBounds (field does not intersect FMASK)
[6060/8861] [6059] HLS.S30.T11TPE.2021195T181919.v2.0: SKIP NoDataInBounds (field does not intersect FMASK)
[6061/8861] [6061] HLS.S30.T11SQD.2021195T181919.v2.0: SKIP NoDataInBounds (field does not intersect FMASK)
[6062/8861] [6060] HLS.S30.T12STJ.2021195T181919.v2.0: SKIP NoDataInBounds (field does not intersect FMASK)
[6063/8861] [6062] HLS.S30.T11SPD.2021195T181919.v2.0: SKIP NoDataInBounds (field does not intersect FMASK)
[6064/8861] [6063] HLS.S30.T12STH.2021195T181919.v2.0: SKIP NoDataInBounds (field does not intersect FMASK)
[6065/8861] [6064] HLS.S30.T11SQC.2021195T181919.v2.0: SKIP NoDataInBounds (field does not intersect FMASK)
[6066/8861] [6065] HLS.S30.T11SPC.2021195T181919.v2.0: SKIP NoDataInBounds (field does not intersect FMASK)
[6067/8861] [6067] HLS.S30.T12STG.2021195T181919.v2.0: SKIP NoDataInBounds (field does not intersect FMASK)
[6068/8861] [6066] HLS.S30.T11SNC.2021195T181919.v2.0: SKIP NoDataInBounds (field does not intersect FMASK)
[6069/8861] [6074] all outputs exist; skipping HLS.S30.T11SNA.2021195T181919.v2.0
[6070/8861] [6076] all outputs exist; skipping HLS.S30.T11SQV.2021195T181919.v2.0
[6071/8861] [6077] all outputs exist; skipping HLS.S30.T11SPV.2021195T181919.v2.0
[6072/8861] [6078] all outputs exist; skipping HLS.S30.T11SNV.2021195T181919.v2.0
[6073/8861] [6079] all outputs exist; skipping HLS.S30.T12STD.2021195T181919.v2.0
[6074/8861] [6080] all outputs exist; skipping HLS.S30.T11SQU.2021195T181919.v2.0
[6075/8861] [6081] all outputs exist; skipping HLS.S30.T11SPU.2021195T181919.v2.0
[6076/8861] [6082] all outputs exist; skipping HLS.S30.T11SNU.2021195T181919.v2.0
[6077/8861] [6083] all outputs exist; skipping HLS.S30.T12STC.2021195T181919.v2.0
[6078/8861] [6084] all outputs exist; skipping HLS.S30.T11SQT.2021195T181919.v2.0
[6079/8861] [6085] all outputs exist; skipping HLS.S30.T11SPT.2021195T181919.v2.0
[6080/8861] [6086] all outputs exist; skipping HLS.S30.T11SNT.2021195T181919.v2.0
[6081/8861] [6068] HLS.S30.T11SQB.2021195T181919.v2.0: SKIP NoDataInBounds (field does not intersect FMASK)
[6082/8861] [6088] all outputs exist; skipping HLS.S30.T11SMT.2021195T181919.v2.0
[6083/8861] [6089] all outputs exist; skipping HLS.S30.T11SQS.2021195T181919.v2.0
[6084/8861] [6090] all outputs exist; skipping HLS.S30.T11SPS.2021195T181919.v2.0
[6085/8861] [6091] all outputs exist; skipping HLS.S30.T11SNS.2021195T181919.v2.0
[6086/8861] [6092] all outputs exist; skipping HLS.S30.T11SMS.2021195T181919.v2.0
[6087/8861] [6069] HLS.S30.T11SPB.2021195T181919.v2.0: SKIP NoDataInBounds (field does not intersect FMASK)
[6088/8861] [6094] all outputs exist; skipping HLS.S30.T11SMR.2021195T181919.v2.0
[6089/8861] [6095] all outputs exist; skipping HLS.S30.T10TDM.2021195T190921.v2.0
[6090/8861] [6096] all outputs exist; skipping HLS.S30.T10TCM.2021195T190921.v2.0
[6091/8861] [6097] all outputs exist; skipping HLS.S30.T10TDL.2021195T190921.v2.0
[6092/8861] [6098] all outputs exist; skipping HLS.S30.T10TCL.2021195T190921.v2.0
[6093/8861] [6099] all outputs exist; skipping HLS.S30.T10TDK.2021195T190921.v2.0
[6094/8861] [6100] all outputs exist; skipping HLS.S30.T10TCK.2021195T190921.v2.0
[6095/8861] [6070] HLS.S30.T11SNB.2021195T181919.v2.0: SKIP NoDataInBounds (field does not intersect FMASK)
[6096/8861] [6071] HLS.S30.T12STF.2021195T181919.v2.0: SKIP NoDataInBounds (field does not intersect FMASK)
[6097/8861] [6072] HLS.S30.T11SQA.2021195T181919.v2.0: SKIP NoDataInBounds (field does not intersect FMASK)
[6098/8861] [6073] HLS.S30.T11SPA.2021195T181919.v2.0: SKIP NoDataInBounds (field does not intersect FMASK)
[6099/8861] [6093] HLS.S30.T11SNR.2021195T181919.v2.0: SKIP NoDataInBounds (field does not intersect FMASK)
[6100/8861] [6101] HLS.L30.T11TQG.2021196T181940.v2.0: SKIP NoDataInBounds (field does not intersect FMASK)
[6101/8861] [6103] HLS.L30.T12TTM.2021196T181940.v2.0: SKIP NoDataInBounds (field does not intersect FMASK)
[6102/8861] [6087] HLS.S30.T12STB.2021195T181919.v2.0: SKIP NoDataInBounds (field does not intersect FMASK)
[6103/8861] [6104] HLS.L30.T11TNG.2021196T182004.v2.0: SKIP NoDataInBounds (field does not intersect FMASK)
[6104/8861] [6105] HLS.L30.T11TNF.2021196T182004.v2.0: SKIP NoDataInBounds (field does not intersect FMASK)
[6105/8861] [6106] HLS.L30.T11TQF.2021196T182004.v2.0: SKIP NoDataInBounds (field does not intersect FMASK)
[6106/8861] [6102] HLS.L30.T11TPG.2021196T181940.v2.0: SKIP NoDataInBounds (field does not intersect FMASK)
[6107/8861] [6107] HLS.L30.T12TTL.2021196T182004.v2.0: SKIP NoDataInBounds (field does not intersect FMASK)
[6108/8861] [6108] HLS.L30.T11TPF.2021196T182004.v2.0: SKIP NoDataInBounds (field does not intersect FMASK)
[6109/8861] [6109] HLS.L30.T11TPG.2021196T182004.v2.0: SKIP NoDataInBounds (field does not intersect FMASK)
[6110/8861] [6110] HLS.L30.T11SPD.2021196T182028.v2.0: SKIP NoDataInBounds (field does not intersect FMASK)
[6111/8861] [6112] HLS.L30.T11TPE.2021196T182028.v2.0: SKIP NoDataInBounds (field does not intersect FMASK)
[6112/8861] [6113] HLS.L30.T11TNE.2021196T182028.v2.0: SKIP NoDataInBounds (field does not intersect FMASK)
[6113/8861] [6114] HLS.L30.T12STJ.2021196T182028.v2.0: SKIP NoDataInBounds (field does not intersect FMASK)
[6114/8861] [6115] HLS.L30.T11TQE.2021196T182028.v2.0: SKIP NoDataInBounds (field does not intersect FMASK)
[6115/8861] [6075] HLS.S30.T12STE.2021195T181919.v2.0: SKIP NoDataInBounds (field does not intersect FMASK)
[6116/8861] [6111] HLS.L30.T11SQD.2021196T182028.v2.0: SKIP NoDataInBounds (field does not intersect FMASK)
[6117/8861] [6123] all outputs exist; skipping HLS.L30.T11SNA.2021196T182115.v2.0
[6118/8861] [6116] HLS.L30.T12TTK.2021196T182028.v2.0: SKIP NoDataInBounds (field does not intersect FMASK)
[6119/8861] [6117] HLS.L30.T11SND.2021196T182028.v2.0: SKIP NoDataInBounds (field does not intersect FMASK)
[6120/8861] [6126] all outputs exist; skipping HLS.L30.T11SMA.2021196T182115.v2.0
[6121/8861] [6127] all outputs exist; skipping HLS.L30.T11SMB.2021196T182115.v2.0
[6122/8861] [6118] HLS.L30.T11SQC.2021196T182052.v2.0: SKIP NoDataInBounds (field does not intersect FMASK)
[6123/8861] [6129] all outputs exist; skipping HLS.L30.T11SPV.2021196T182139.v2.0
[6124/8861] [6130] all outputs exist; skipping HLS.L30.T11SPU.2021196T182139.v2.0
[6125/8861] [6131] all outputs exist; skipping HLS.L30.T11SMV.2021196T182139.v2.0
[6126/8861] [6132] all outputs exist; skipping HLS.L30.T11SNV.2021196T182139.v2.0
[6127/8861] [6133] all outputs exist; skipping HLS.L30.T11SNU.2021196T182139.v2.0
[6128/8861] [6134] all outputs exist; skipping HLS.L30.T11SPT.2021196T182203.v2.0
[6129/8861] [6135] all outputs exist; skipping HLS.L30.T11SMT.2021196T182203.v2.0
[6130/8861] [6136] all outputs exist; skipping HLS.L30.T11SNT.2021196T182203.v2.0
[6131/8861] [6137] all outputs exist; skipping HLS.L30.T11SMU.2021196T182203.v2.0
[6132/8861] [6120] HLS.L30.T12STH.2021196T182052.v2.0: SKIP NoDataInBounds (field does not intersect FMASK)
[6133/8861] [6139] all outputs exist; skipping HLS.L30.T11SMR.2021196T182227.v2.0
[6134/8861] [6121] HLS.L30.T11SPC.2021196T182052.v2.0: SKIP NoDataInBounds (field does not intersect FMASK)
[6135/8861] [6141] all outputs exist; skipping HLS.L30.T11SLT.2021196T182203.v2.0
[6136/8861] [6142] all outputs exist; skipping HLS.L30.T11SMS.2021196T182227.v2.0
[6137/8861] [6143] all outputs exist; skipping HLS.L30.T11SNS.2021196T182227.v2.0
[6138/8861] [6144] all outputs exist; skipping HLS.L30.T11SLT.2021196T182227.v2.0
[6139/8861] [6119] HLS.L30.T11SNC.2021196T182052.v2.0: SKIP NoDataInBounds (field does not intersect FMASK)
[6140/8861] [6122] HLS.L30.T11SQB.2021196T182115.v2.0: SKIP NoDataInBounds (field does not intersect FMASK)
[6141/8861] [6125] HLS.L30.T11SNB.2021196T182115.v2.0: SKIP NoDataInBounds (field does not intersect FMASK)
[6142/8861] [6148] all outputs exist; skipping HLS.S30.T10TGM.2021196T183921.v2.0
[6143/8861] [6149] all outputs exist; skipping HLS.S30.T11TKG.2021196T183921.v2.0
[6144/8861] [6124] HLS.L30.T11SPB.2021196T182115.v2.0: SKIP NoDataInBounds (field does not intersect FMASK)
[6145/8861] [6128] HLS.L30.T11SPA.2021196T182115.v2.0: SKIP NoDataInBounds (field does not intersect FMASK)
[6146/8861] [6145] HLS.S30.T11TNG.2021196T183921.v2.0: SKIP NoDataInBounds (field does not intersect FMASK)
[6147/8861] [6153] all outputs exist; skipping HLS.S30.T11TKF.2021196T183921.v2.0
[6148/8861] [6154] all outputs exist; skipping HLS.S30.T10TGL.2021196T183921.v2.0
[6149/8861] [6138] HLS.L30.T11SLS.2021196T182227.v2.0: SKIP NoDataInBounds (field does not intersect FMASK)
[6150/8861] [6140] HLS.L30.T11SNR.2021196T182227.v2.0: SKIP NoDataInBounds (field does not intersect FMASK)
[6151/8861] [6147] HLS.S30.T11TLG.2021196T183921.v2.0: SKIP NoDataInBounds (field does not intersect FMASK)
[6152/8861] [6146] HLS.S30.T11TMG.2021196T183921.v2.0: SKIP NoDataInBounds (field does not intersect FMASK)
[6153/8861] [6159] all outputs exist; skipping HLS.S30.T11TKE.2021196T183921.v2.0
[6154/8861] [6160] all outputs exist; skipping HLS.S30.T10TGK.2021196T183921.v2.0
[6155/8861] [6152] HLS.S30.T11TLF.2021196T183921.v2.0: SKIP NoDataInBounds (field does not intersect FMASK)
[6156/8861] [6150] HLS.S30.T11TNF.2021196T183921.v2.0: SKIP NoDataInBounds (field does not intersect FMASK)
[6157/8861] [6163] all outputs exist; skipping HLS.S30.T11SKD.2021196T183921.v2.0
[6158/8861] [6164] all outputs exist; skipping HLS.S30.T10SGJ.2021196T183921.v2.0
[6159/8861] [6151] HLS.S30.T11TMF.2021196T183921.v2.0: SKIP NoDataInBounds (field does not intersect FMASK)
[6160/8861] [6166] all outputs exist; skipping HLS.S30.T10SFJ.2021196T183921.v2.0
[6161/8861] [6167] all outputs exist; skipping HLS.S30.T11SLC.2021196T183921.v2.0
[6162/8861] [6168] all outputs exist; skipping HLS.S30.T11SKC.2021196T183921.v2.0
[6163/8861] [6169] all outputs exist; skipping HLS.S30.T10SGH.2021196T183921.v2.0
[6164/8861] [6170] all outputs exist; skipping HLS.S30.T10SFH.2021196T183921.v2.0
[6165/8861] [6171] all outputs exist; skipping HLS.S30.T11SMB.2021196T183921.v2.0
[6166/8861] [6172] all outputs exist; skipping HLS.S30.T11SLB.2021196T183921.v2.0
[6167/8861] [6173] all outputs exist; skipping HLS.S30.T11SKB.2021196T183921.v2.0
[6168/8861] [6174] all outputs exist; skipping HLS.S30.T10SGG.2021196T183921.v2.0
[6169/8861] [6175] all outputs exist; skipping HLS.S30.T11SMA.2021196T183921.v2.0
[6170/8861] [6176] all outputs exist; skipping HLS.S30.T10SFG.2021196T183921.v2.0
[6171/8861] [6177] all outputs exist; skipping HLS.S30.T11SLA.2021196T183921.v2.0
[6172/8861] [6178] all outputs exist; skipping HLS.S30.T11SKA.2021196T183921.v2.0
[6173/8861] [6179] all outputs exist; skipping HLS.S30.T10SGF.2021196T183921.v2.0
[6174/8861] [6180] all outputs exist; skipping HLS.S30.T10SFF.2021196T183921.v2.0
[6175/8861] [6181] all outputs exist; skipping HLS.S30.T11SKV.2021196T183921.v2.0
[6176/8861] [6182] all outputs exist; skipping HLS.S30.T10SGE.2021196T183921.v2.0
[6177/8861] [6183] all outputs exist; skipping HLS.S30.T10SFE.2021196T183921.v2.0
[6178/8861] [6184] all outputs exist; skipping HLS.S30.T11SLV.2021196T183921.v2.0
[6179/8861] [6185] all outputs exist; skipping HLS.S30.T11SLU.2021196T183921.v2.0
[6180/8861] [6186] all outputs exist; skipping HLS.S30.T10SGD.2021196T183921.v2.0
[6181/8861] [6187] all outputs exist; skipping HLS.S30.T11SKU.2021196T183921.v2.0
[6182/8861] [6188] all outputs exist; skipping HLS.S30.T10SFD.2021196T183921.v2.0
[6183/8861] [6189] all outputs exist; skipping HLS.S30.T11SLT.2021196T183921.v2.0
[6184/8861] [6190] all outputs exist; skipping HLS.S30.T11SKT.2021196T183921.v2.0
[6185/8861] [6157] HLS.S30.T11TLE.2021196T183921.v2.0: SKIP NoDataInBounds (field does not intersect FMASK)
[6186/8861] [6155] HLS.S30.T11TNE.2021196T183921.v2.0: SKIP NoDataInBounds (field does not intersect FMASK)
[6187/8861] [6156] HLS.S30.T11TME.2021196T183921.v2.0: SKIP NoDataInBounds (field does not intersect FMASK)
[6188/8861] [6158] HLS.S30.T11SND.2021196T183921.v2.0: SKIP NoDataInBounds (field does not intersect FMASK)
[6189/8861] [6195] all outputs exist; skipping HLS.S30.T11SQV.2021197T180921.v2.0
[6190/8861] [6196] all outputs exist; skipping HLS.S30.T12STD.2021197T180921.v2.0
[6191/8861] [6197] all outputs exist; skipping HLS.S30.T11SQU.2021197T180921.v2.0
[6192/8861] [6198] all outputs exist; skipping HLS.S30.T12STC.2021197T180921.v2.0
[6193/8861] [6199] all outputs exist; skipping HLS.S30.T11SQT.2021197T180921.v2.0
[6194/8861] [6161] HLS.S30.T11SMD.2021196T183921.v2.0: SKIP NoDataInBounds (field does not intersect FMASK)
[6195/8861] [6201] all outputs exist; skipping HLS.S30.T11SQS.2021197T180921.v2.0
[6196/8861] [6202] all outputs exist; skipping HLS.S30.T11SPS.2021197T180921.v2.0
[6197/8861] [6203] all outputs exist; skipping HLS.L30.T10TCM.2021197T190256.v2.0
[6198/8861] [6204] all outputs exist; skipping HLS.L30.T10TDM.2021197T190256.v2.0
[6199/8861] [6205] all outputs exist; skipping HLS.L30.T10TCL.2021197T190320.v2.0
[6200/8861] [6206] all outputs exist; skipping HLS.S30.T10TFM.2021197T185919.v2.0
[6201/8861] [6207] all outputs exist; skipping HLS.S30.T10TEM.2021197T185919.v2.0
[6202/8861] [6208] all outputs exist; skipping HLS.S30.T10TDM.2021197T185919.v2.0
[6203/8861] [6209] all outputs exist; skipping HLS.S30.T10TCM.2021197T185919.v2.0
[6204/8861] [6210] all outputs exist; skipping HLS.S30.T10TFL.2021197T185919.v2.0
[6205/8861] [6211] all outputs exist; skipping HLS.S30.T10TEL.2021197T185919.v2.0
[6206/8861] [6212] all outputs exist; skipping HLS.S30.T10TDL.2021197T185919.v2.0
[6207/8861] [6213] all outputs exist; skipping HLS.S30.T10TFK.2021197T185919.v2.0
[6208/8861] [6214] all outputs exist; skipping HLS.S30.T10TCL.2021197T185919.v2.0
[6209/8861] [6215] all outputs exist; skipping HLS.S30.T10TEK.2021197T185919.v2.0
[6210/8861] [6216] all outputs exist; skipping HLS.S30.T10TDK.2021197T185919.v2.0
[6211/8861] [6217] all outputs exist; skipping HLS.S30.T10TCK.2021197T185919.v2.0
[6212/8861] [6218] all outputs exist; skipping HLS.S30.T10SEJ.2021197T185919.v2.0
[6213/8861] [6219] all outputs exist; skipping HLS.S30.T10SDJ.2021197T185919.v2.0
[6214/8861] [6220] all outputs exist; skipping HLS.S30.T10SEH.2021197T185919.v2.0
[6215/8861] [6221] all outputs exist; skipping HLS.S30.T10SDH.2021197T185919.v2.0
[6216/8861] [6162] HLS.S30.T11SLD.2021196T183921.v2.0: SKIP NoDataInBounds (field does not intersect FMASK)
[6217/8861] [6191] HLS.S30.T10SGC.2021196T183921.v2.0: SKIP NoDataInBounds (field does not intersect FMASK)
[6218/8861] [6165] HLS.S30.T11SMC.2021196T183921.v2.0: SKIP NoDataInBounds (field does not intersect FMASK)
[6219/8861] [6225] all outputs exist; skipping HLS.L30.T11SQV.2021198T180919.v2.0
[6220/8861] [6192] HLS.S30.T11SLS.2021196T183921.v2.0: SKIP NoDataInBounds (field does not intersect FMASK)
[6221/8861] [6227] all outputs exist; skipping HLS.L30.T12STD.2021198T180919.v2.0
[6222/8861] [6228] all outputs exist; skipping HLS.L30.T11SQT.2021198T180943.v2.0
[6223/8861] [6229] all outputs exist; skipping HLS.L30.T11SPT.2021198T180943.v2.0
[6224/8861] [6230] all outputs exist; skipping HLS.L30.T11SQU.2021198T180943.v2.0
[6225/8861] [6231] all outputs exist; skipping HLS.L30.T11SPU.2021198T180943.v2.0
[6226/8861] [6232] all outputs exist; skipping HLS.L30.T12STC.2021198T180943.v2.0
[6227/8861] [6233] all outputs exist; skipping HLS.L30.T12STD.2021198T180943.v2.0
[6228/8861] [6234] all outputs exist; skipping HLS.L30.T11SQS.2021198T181007.v2.0
[6229/8861] [6235] all outputs exist; skipping HLS.L30.T11SPS.2021198T181007.v2.0
[6230/8861] [6194] HLS.S30.T12STE.2021197T180921.v2.0: SKIP NoDataInBounds (field does not intersect FMASK)
[6231/8861] [6200] HLS.S30.T12STB.2021197T180921.v2.0: SKIP NoDataInBounds (field does not intersect FMASK)
[6232/8861] [6193] HLS.S30.T11SKS.2021196T183921.v2.0: SKIP NoDataInBounds (field does not intersect FMASK)
[6233/8861] [6222] HLS.S30.T10SDG.2021197T185919.v2.0: SKIP NoDataInBounds (field does not intersect FMASK)
[6234/8861] [6223] HLS.L30.T11SQA.2021198T180855.v2.0: SKIP NoDataInBounds (field does not intersect FMASK)
[6235/8861] [6224] HLS.L30.T12STF.2021198T180855.v2.0: SKIP NoDataInBounds (field does not intersect FMASK)
[6236/8861] [6226] HLS.L30.T12STE.2021198T180919.v2.0: SKIP NoDataInBounds (field does not intersect FMASK)
[6237/8861] [6236] HLS.L30.T12STB.2021198T181007.v2.0: SKIP NoDataInBounds (field does not intersect FMASK)
[6238/8861] [6237] HLS.S30.T11TQG.2021198T182919.v2.0: SKIP NoDataInBounds (field does not intersect FMASK)
[6239/8861] [6238] HLS.S30.T12TTM.2021198T182919.v2.0: SKIP NoDataInBounds (field does not intersect FMASK)
[6240/8861] [6239] HLS.S30.T11TPG.2021198T182919.v2.0: SKIP NoDataInBounds (field does not intersect FMASK)
[6241/8861] [6240] HLS.S30.T11TNG.2021198T182919.v2.0: SKIP NoDataInBounds (field does not intersect FMASK)
[6242/8861] [6241] HLS.S30.T11TMG.2021198T182919.v2.0: SKIP NoDataInBounds (field does not intersect FMASK)
[6243/8861] [6242] HLS.S30.T12TTL.2021198T182919.v2.0: SKIP NoDataInBounds (field does not intersect FMASK)
[6244/8861] [6243] HLS.S30.T11TQF.2021198T182919.v2.0: SKIP NoDataInBounds (field does not intersect FMASK)
[6245/8861] [6244] HLS.S30.T11TPF.2021198T182919.v2.0: SKIP NoDataInBounds (field does not intersect FMASK)
[6246/8861] [6246] HLS.S30.T11TMF.2021198T182919.v2.0: SKIP NoDataInBounds (field does not intersect FMASK)
[6247/8861] [6248] HLS.S30.T11TQE.2021198T182919.v2.0: SKIP NoDataInBounds (field does not intersect FMASK)
[6248/8861] [6247] HLS.S30.T12TTK.2021198T182919.v2.0: SKIP NoDataInBounds (field does not intersect FMASK)
[6249/8861] [6245] HLS.S30.T11TNF.2021198T182919.v2.0: SKIP NoDataInBounds (field does not intersect FMASK)
[6250/8861] [6249] HLS.S30.T11TPE.2021198T182919.v2.0: SKIP NoDataInBounds (field does not intersect FMASK)
[6251/8861] [6250] HLS.S30.T11TNE.2021198T182919.v2.0: SKIP NoDataInBounds (field does not intersect FMASK)
[6252/8861] [6252] HLS.S30.T11TME.2021198T182919.v2.0: SKIP NoDataInBounds (field does not intersect FMASK)
[6253/8861] [6251] HLS.S30.T12STJ.2021198T182919.v2.0: SKIP NoDataInBounds (field does not intersect FMASK)
[6254/8861] [6253] HLS.S30.T11SQD.2021198T182919.v2.0: SKIP NoDataInBounds (field does not intersect FMASK)
[6255/8861] [6261] all outputs exist; skipping HLS.S30.T11SLC.2021198T182919.v2.0
[6256/8861] [6254] HLS.S30.T11SPD.2021198T182919.v2.0: SKIP NoDataInBounds (field does not intersect FMASK)
[6257/8861] [6255] HLS.S30.T11SND.2021198T182919.v2.0: SKIP NoDataInBounds (field does not intersect FMASK)
[6258/8861] [6264] all outputs exist; skipping HLS.S30.T11SMB.2021198T182919.v2.0
[6259/8861] [6265] all outputs exist; skipping HLS.S30.T11SLB.2021198T182919.v2.0
[6260/8861] [6256] HLS.S30.T11SMD.2021198T182919.v2.0: SKIP NoDataInBounds (field does not intersect FMASK)
[6261/8861] [6267] all outputs exist; skipping HLS.S30.T11SNA.2021198T182919.v2.0
[6262/8861] [6268] all outputs exist; skipping HLS.S30.T11SMA.2021198T182919.v2.0
[6263/8861] [6269] all outputs exist; skipping HLS.S30.T11SLA.2021198T182919.v2.0
[6264/8861] [6270] all outputs exist; skipping HLS.S30.T11SPV.2021198T182919.v2.0
[6265/8861] [6271] all outputs exist; skipping HLS.S30.T11SNV.2021198T182919.v2.0
[6266/8861] [6272] all outputs exist; skipping HLS.S30.T11SMV.2021198T182919.v2.0
[6267/8861] [6273] all outputs exist; skipping HLS.S30.T11SLV.2021198T182919.v2.0
[6268/8861] [6274] all outputs exist; skipping HLS.S30.T11SNU.2021198T182919.v2.0
[6269/8861] [6275] all outputs exist; skipping HLS.S30.T11SKV.2021198T182919.v2.0
[6270/8861] [6276] all outputs exist; skipping HLS.S30.T11SMU.2021198T182919.v2.0
[6271/8861] [6277] all outputs exist; skipping HLS.S30.T11SLU.2021198T182919.v2.0
[6272/8861] [6278] all outputs exist; skipping HLS.S30.T11SKU.2021198T182919.v2.0
[6273/8861] [6279] all outputs exist; skipping HLS.S30.T11SNT.2021198T182919.v2.0
[6274/8861] [6280] all outputs exist; skipping HLS.S30.T11SMT.2021198T182919.v2.0
[6275/8861] [6281] all outputs exist; skipping HLS.S30.T11SLT.2021198T182919.v2.0
[6276/8861] [6282] all outputs exist; skipping HLS.S30.T11SKT.2021198T182919.v2.0
[6277/8861] [6283] all outputs exist; skipping HLS.S30.T11SNS.2021198T182919.v2.0
[6278/8861] [6284] all outputs exist; skipping HLS.S30.T11SMS.2021198T182919.v2.0
[6279/8861] [6257] HLS.S30.T11SPC.2021198T182919.v2.0: SKIP NoDataInBounds (field does not intersect FMASK)
[6280/8861] [6258] HLS.S30.T11SLD.2021198T182919.v2.0: SKIP NoDataInBounds (field does not intersect FMASK)
[6281/8861] [6260] HLS.S30.T11SMC.2021198T182919.v2.0: SKIP NoDataInBounds (field does not intersect FMASK)
[6282/8861] [6288] all outputs exist; skipping HLS.S30.T11SMR.2021198T182919.v2.0
[6283/8861] [6289] all outputs exist; skipping HLS.L30.T10TFM.2021199T185036.v2.0
[6284/8861] [6290] all outputs exist; skipping HLS.L30.T10TEM.2021199T185036.v2.0
[6285/8861] [6291] all outputs exist; skipping HLS.L30.T10TFL.2021199T185100.v2.0
[6286/8861] [6292] all outputs exist; skipping HLS.L30.T10TDM.2021199T185100.v2.0
[6287/8861] [6293] all outputs exist; skipping HLS.L30.T10TDL.2021199T185100.v2.0
[6288/8861] [6294] all outputs exist; skipping HLS.L30.T10TEL.2021199T185100.v2.0
[6289/8861] [6295] all outputs exist; skipping HLS.L30.T10TFK.2021199T185124.v2.0
[6290/8861] [6296] all outputs exist; skipping HLS.L30.T10SDJ.2021199T185124.v2.0
[6291/8861] [6297] all outputs exist; skipping HLS.L30.T10TCK.2021199T185124.v2.0
[6292/8861] [6298] all outputs exist; skipping HLS.L30.T10SEJ.2021199T185124.v2.0
[6293/8861] [6299] all outputs exist; skipping HLS.L30.T10TDK.2021199T185124.v2.0
[6294/8861] [6300] all outputs exist; skipping HLS.L30.T10TEK.2021199T185124.v2.0
[6295/8861] [6301] all outputs exist; skipping HLS.L30.T10SDH.2021199T185148.v2.0
[6296/8861] [6302] all outputs exist; skipping HLS.L30.T10SEH.2021199T185148.v2.0
[6297/8861] [6259] HLS.S30.T11SNC.2021198T182919.v2.0: SKIP NoDataInBounds (field does not intersect FMASK)
[6298/8861] [6303] all outputs exist; skipping HLS.L30.T10SEG.2021199T185211.v2.0
[6299/8861] [6305] all outputs exist; skipping HLS.L30.T10SEF.2021199T185211.v2.0
[6300/8861] [6262] HLS.S30.T11SPB.2021198T182919.v2.0: SKIP NoDataInBounds (field does not intersect FMASK)
[6301/8861] [6307] all outputs exist; skipping HLS.S30.T10TGM.2021199T184921.v2.0
[6302/8861] [6308] all outputs exist; skipping HLS.S30.T11TKG.2021199T184921.v2.0
[6303/8861] [6309] all outputs exist; skipping HLS.S30.T10TFM.2021199T184921.v2.0
[6304/8861] [6310] all outputs exist; skipping HLS.S30.T10TEM.2021199T184921.v2.0
[6305/8861] [6266] HLS.S30.T11SPA.2021198T182919.v2.0: SKIP NoDataInBounds (field does not intersect FMASK)
[6306/8861] [6312] all outputs exist; skipping HLS.S30.T11TKF.2021199T184921.v2.0
[6307/8861] [6313] all outputs exist; skipping HLS.S30.T10TGL.2021199T184921.v2.0
[6308/8861] [6314] all outputs exist; skipping HLS.S30.T10TFL.2021199T184921.v2.0
[6309/8861] [6263] HLS.S30.T11SNB.2021198T182919.v2.0: SKIP NoDataInBounds (field does not intersect FMASK)
[6310/8861] [6316] all outputs exist; skipping HLS.S30.T10TEL.2021199T184921.v2.0
[6311/8861] [6317] all outputs exist; skipping HLS.S30.T11TKE.2021199T184921.v2.0
[6312/8861] [6318] all outputs exist; skipping HLS.S30.T10TGK.2021199T184921.v2.0
[6313/8861] [6319] all outputs exist; skipping HLS.S30.T10TFK.2021199T184921.v2.0
[6314/8861] [6320] all outputs exist; skipping HLS.S30.T10TEK.2021199T184921.v2.0
[6315/8861] [6321] all outputs exist; skipping HLS.S30.T11SKD.2021199T184921.v2.0
[6316/8861] [6322] all outputs exist; skipping HLS.S30.T10SGJ.2021199T184921.v2.0
[6317/8861] [6323] all outputs exist; skipping HLS.S30.T10SFJ.2021199T184921.v2.0
[6318/8861] [6324] all outputs exist; skipping HLS.S30.T10SEJ.2021199T184921.v2.0
[6319/8861] [6325] all outputs exist; skipping HLS.S30.T10SDJ.2021199T184921.v2.0
[6320/8861] [6326] all outputs exist; skipping HLS.S30.T11SKC.2021199T184921.v2.0
[6321/8861] [6327] all outputs exist; skipping HLS.S30.T10SGH.2021199T184921.v2.0
[6322/8861] [6328] all outputs exist; skipping HLS.S30.T10SFH.2021199T184921.v2.0
[6323/8861] [6329] all outputs exist; skipping HLS.S30.T10SEH.2021199T184921.v2.0
[6324/8861] [6330] all outputs exist; skipping HLS.S30.T10SDH.2021199T184921.v2.0
[6325/8861] [6331] all outputs exist; skipping HLS.S30.T11SKB.2021199T184921.v2.0
[6326/8861] [6332] all outputs exist; skipping HLS.S30.T10SGG.2021199T184921.v2.0
[6327/8861] [6333] all outputs exist; skipping HLS.S30.T10SFG.2021199T184921.v2.0
[6328/8861] [6334] all outputs exist; skipping HLS.S30.T11SKA.2021199T184921.v2.0
[6329/8861] [6335] all outputs exist; skipping HLS.S30.T10SEG.2021199T184921.v2.0
[6330/8861] [6285] HLS.S30.T11SLS.2021198T182919.v2.0: SKIP NoDataInBounds (field does not intersect FMASK)
[6331/8861] [6337] all outputs exist; skipping HLS.S30.T10SGF.2021199T184921.v2.0
[6332/8861] [6338] all outputs exist; skipping HLS.S30.T10SFF.2021199T184921.v2.0
[6333/8861] [6339] all outputs exist; skipping HLS.S30.T10SEF.2021199T184921.v2.0
[6334/8861] [6340] all outputs exist; skipping HLS.S30.T10SGE.2021199T184921.v2.0
[6335/8861] [6341] all outputs exist; skipping HLS.S30.T10SFE.2021199T184921.v2.0
[6336/8861] [6342] all outputs exist; skipping HLS.S30.T10SFD.2021199T184921.v2.0
[6337/8861] [6286] HLS.S30.T11SKS.2021198T182919.v2.0: SKIP NoDataInBounds (field does not intersect FMASK)
[6338/8861] [6287] HLS.S30.T11SNR.2021198T182919.v2.0: SKIP NoDataInBounds (field does not intersect FMASK)
[6339/8861] [6306] HLS.S30.T11TLG.2021199T184921.v2.0: SKIP NoDataInBounds (field does not intersect FMASK)
[6340/8861] [6304] HLS.L30.T10SDG.2021199T185211.v2.0: SKIP NoDataInBounds (field does not intersect FMASK)
[6341/8861] [6311] HLS.S30.T11TLF.2021199T184921.v2.0: SKIP NoDataInBounds (field does not intersect FMASK)
[6342/8861] [6315] HLS.S30.T11TLE.2021199T184921.v2.0: SKIP NoDataInBounds (field does not intersect FMASK)
[6343/8861] [6336] HLS.S30.T10SDG.2021199T184921.v2.0: SKIP NoDataInBounds (field does not intersect FMASK)
[6344/8861] [6343] HLS.S30.T11TQG.2021200T181921.v2.0: SKIP NoDataInBounds (field does not intersect FMASK)
[6345/8861] [6344] HLS.S30.T12TTM.2021200T181921.v2.0: SKIP NoDataInBounds (field does not intersect FMASK)
[6346/8861] [6345] HLS.S30.T11TPG.2021200T181921.v2.0: SKIP NoDataInBounds (field does not intersect FMASK)
[6347/8861] [6346] HLS.S30.T12TTL.2021200T181921.v2.0: SKIP NoDataInBounds (field does not intersect FMASK)
[6348/8861] [6347] HLS.S30.T11TQF.2021200T181921.v2.0: SKIP NoDataInBounds (field does not intersect FMASK)
[6349/8861] [6348] HLS.S30.T11TPF.2021200T181921.v2.0: SKIP NoDataInBounds (field does not intersect FMASK)
[6350/8861] [6349] HLS.S30.T12TTK.2021200T181921.v2.0: SKIP NoDataInBounds (field does not intersect FMASK)
[6351/8861] [6350] HLS.S30.T11TQE.2021200T181921.v2.0: SKIP NoDataInBounds (field does not intersect FMASK)
[6352/8861] [6351] HLS.S30.T11TPE.2021200T181921.v2.0: SKIP NoDataInBounds (field does not intersect FMASK)
[6353/8861] [6352] HLS.S30.T12STJ.2021200T181921.v2.0: SKIP NoDataInBounds (field does not intersect FMASK)
[6354/8861] [6353] HLS.S30.T11SQD.2021200T181921.v2.0: SKIP NoDataInBounds (field does not intersect FMASK)
[6355/8861] [6354] HLS.S30.T11SPD.2021200T181921.v2.0: SKIP NoDataInBounds (field does not intersect FMASK)
[6356/8861] [6355] HLS.S30.T12STH.2021200T181921.v2.0: SKIP NoDataInBounds (field does not intersect FMASK)
[6357/8861] [6356] HLS.S30.T11SQC.2021200T181921.v2.0: SKIP NoDataInBounds (field does not intersect FMASK)
[6358/8861] [6357] HLS.S30.T11SPC.2021200T181921.v2.0: SKIP NoDataInBounds (field does not intersect FMASK)
[6359/8861] [6365] all outputs exist; skipping HLS.S30.T11SNA.2021200T181921.v2.0
[6360/8861] [6358] HLS.S30.T12STG.2021200T181921.v2.0: SKIP NoDataInBounds (field does not intersect FMASK)
[6361/8861] [6367] all outputs exist; skipping HLS.S30.T11SQV.2021200T181921.v2.0
[6362/8861] [6368] all outputs exist; skipping HLS.S30.T11SPV.2021200T181921.v2.0
[6363/8861] [6369] all outputs exist; skipping HLS.S30.T11SNV.2021200T181921.v2.0
[6364/8861] [6370] all outputs exist; skipping HLS.S30.T12STD.2021200T181921.v2.0
[6365/8861] [6371] all outputs exist; skipping HLS.S30.T11SQU.2021200T181921.v2.0
[6366/8861] [6372] all outputs exist; skipping HLS.S30.T11SPU.2021200T181921.v2.0
[6367/8861] [6373] all outputs exist; skipping HLS.S30.T11SNU.2021200T181921.v2.0
[6368/8861] [6374] all outputs exist; skipping HLS.S30.T12STC.2021200T181921.v2.0
[6369/8861] [6375] all outputs exist; skipping HLS.S30.T11SQT.2021200T181921.v2.0
[6370/8861] [6376] all outputs exist; skipping HLS.S30.T11SPT.2021200T181921.v2.0
[6371/8861] [6377] all outputs exist; skipping HLS.S30.T11SNT.2021200T181921.v2.0
[6372/8861] [6360] HLS.S30.T11SPB.2021200T181921.v2.0: SKIP NoDataInBounds (field does not intersect FMASK)
[6373/8861] [6379] all outputs exist; skipping HLS.S30.T11SMT.2021200T181921.v2.0
[6374/8861] [6380] all outputs exist; skipping HLS.S30.T11SQS.2021200T181921.v2.0
[6375/8861] [6381] all outputs exist; skipping HLS.S30.T11SPS.2021200T181921.v2.0
[6376/8861] [6382] all outputs exist; skipping HLS.S30.T11SNS.2021200T181921.v2.0
[6377/8861] [6383] all outputs exist; skipping HLS.S30.T11SMS.2021200T181921.v2.0
[6378/8861] [6359] HLS.S30.T11SQB.2021200T181921.v2.0: SKIP NoDataInBounds (field does not intersect FMASK)
[6379/8861] [6385] all outputs exist; skipping HLS.S30.T11SMR.2021200T181921.v2.0
[6380/8861] [6386] all outputs exist; skipping HLS.S30.T10TDM.2021200T190919.v2.0
[6381/8861] [6387] all outputs exist; skipping HLS.S30.T10TCM.2021200T190919.v2.0
[6382/8861] [6388] all outputs exist; skipping HLS.S30.T10TDL.2021200T190919.v2.0
[6383/8861] [6389] all outputs exist; skipping HLS.S30.T10TCL.2021200T190919.v2.0
[6384/8861] [6390] all outputs exist; skipping HLS.S30.T10TDK.2021200T190919.v2.0
[6385/8861] [6391] all outputs exist; skipping HLS.S30.T10TCK.2021200T190919.v2.0
[6386/8861] [6361] HLS.S30.T11SNB.2021200T181921.v2.0: SKIP NoDataInBounds (field does not intersect FMASK)
[6387/8861] [6362] HLS.S30.T12STF.2021200T181921.v2.0: SKIP NoDataInBounds (field does not intersect FMASK)
[6388/8861] [6363] HLS.S30.T11SQA.2021200T181921.v2.0: SKIP NoDataInBounds (field does not intersect FMASK)
[6389/8861] [6395] all outputs exist; skipping HLS.L30.T10TFL.2021201T183839.v2.0
[6390/8861] [6396] all outputs exist; skipping HLS.L30.T10TGL.2021201T183839.v2.0
[6391/8861] [6397] all outputs exist; skipping HLS.L30.T11TKG.2021201T183839.v2.0
[6392/8861] [6398] all outputs exist; skipping HLS.L30.T11TKF.2021201T183839.v2.0
[6393/8861] [6399] all outputs exist; skipping HLS.L30.T10TGM.2021201T183839.v2.0
[6394/8861] [6364] HLS.S30.T11SPA.2021200T181921.v2.0: SKIP NoDataInBounds (field does not intersect FMASK)
[6395/8861] [6401] all outputs exist; skipping HLS.L30.T11TKE.2021201T183903.v2.0
[6396/8861] [6402] all outputs exist; skipping HLS.L30.T10SGJ.2021201T183903.v2.0
[6397/8861] [6403] all outputs exist; skipping HLS.L30.T10TFK.2021201T183903.v2.0
[6398/8861] [6404] all outputs exist; skipping HLS.L30.T10SFJ.2021201T183903.v2.0
[6399/8861] [6405] all outputs exist; skipping HLS.L30.T11SKD.2021201T183903.v2.0
[6400/8861] [6366] HLS.S30.T12STE.2021200T181921.v2.0: SKIP NoDataInBounds (field does not intersect FMASK)
[6401/8861] [6407] all outputs exist; skipping HLS.L30.T10TGK.2021201T183903.v2.0
[6402/8861] [6408] all outputs exist; skipping HLS.L30.T10SFH.2021201T183927.v2.0
[6403/8861] [6409] all outputs exist; skipping HLS.L30.T11SLC.2021201T183927.v2.0
[6404/8861] [6410] all outputs exist; skipping HLS.L30.T10SGH.2021201T183927.v2.0
[6405/8861] [6411] all outputs exist; skipping HLS.L30.T11SKC.2021201T183927.v2.0
[6406/8861] [6412] all outputs exist; skipping HLS.L30.T11SKB.2021201T183951.v2.0
[6407/8861] [6413] all outputs exist; skipping HLS.L30.T10SEF.2021201T183951.v2.0
[6408/8861] [6414] all outputs exist; skipping HLS.L30.T11SKA.2021201T183951.v2.0
[6409/8861] [6415] all outputs exist; skipping HLS.L30.T10SGF.2021201T183951.v2.0
[6410/8861] [6416] all outputs exist; skipping HLS.L30.T10SEG.2021201T183951.v2.0
[6411/8861] [6417] all outputs exist; skipping HLS.L30.T10SFF.2021201T183951.v2.0
[6412/8861] [6418] all outputs exist; skipping HLS.L30.T10SGG.2021201T183951.v2.0
[6413/8861] [6419] all outputs exist; skipping HLS.L30.T10SFG.2021201T183951.v2.0
[6414/8861] [6420] all outputs exist; skipping HLS.L30.T10SGD.2021201T184015.v2.0
[6415/8861] [6421] all outputs exist; skipping HLS.L30.T11SKU.2021201T184015.v2.0
[6416/8861] [6422] all outputs exist; skipping HLS.L30.T10SFE.2021201T184015.v2.0
[6417/8861] [6423] all outputs exist; skipping HLS.L30.T10SGE.2021201T184015.v2.0
[6418/8861] [6424] all outputs exist; skipping HLS.L30.T11SKV.2021201T184015.v2.0
[6419/8861] [6425] all outputs exist; skipping HLS.L30.T10SFD.2021201T184039.v2.0
[6420/8861] [6378] HLS.S30.T12STB.2021200T181921.v2.0: SKIP NoDataInBounds (field does not intersect FMASK)
[6421/8861] [6384] HLS.S30.T11SNR.2021200T181921.v2.0: SKIP NoDataInBounds (field does not intersect FMASK)
[6422/8861] [6392] HLS.L30.T11TMG.2021201T183815.v2.0: SKIP NoDataInBounds (field does not intersect FMASK)
[6423/8861] [6393] HLS.L30.T11TLG.2021201T183815.v2.0: SKIP NoDataInBounds (field does not intersect FMASK)
[6424/8861] [6430] all outputs exist; skipping HLS.S30.T10TGM.2021201T183919.v2.0
[6425/8861] [6431] all outputs exist; skipping HLS.S30.T11TKG.2021201T183919.v2.0
[6426/8861] [6394] HLS.L30.T11TLF.2021201T183839.v2.0: SKIP NoDataInBounds (field does not intersect FMASK)
[6427/8861] [6400] HLS.L30.T11SLD.2021201T183903.v2.0: SKIP NoDataInBounds (field does not intersect FMASK)
[6428/8861] [6426] HLS.L30.T10SGC.2021201T184039.v2.0: SKIP NoDataInBounds (field does not intersect FMASK)
[6429/8861] [6435] all outputs exist; skipping HLS.S30.T11TKF.2021201T183919.v2.0
[6430/8861] [6436] all outputs exist; skipping HLS.S30.T10TGL.2021201T183919.v2.0
[6431/8861] [6406] HLS.L30.T11TLE.2021201T183903.v2.0: SKIP NoDataInBounds (field does not intersect FMASK)
[6432/8861] [6427] HLS.S30.T11TNG.2021201T183919.v2.0: SKIP NoDataInBounds (field does not intersect FMASK)
[6433/8861] [6428] HLS.S30.T11TMG.2021201T183919.v2.0: SKIP NoDataInBounds (field does not intersect FMASK)
[6434/8861] [6429] HLS.S30.T11TLG.2021201T183919.v2.0: SKIP NoDataInBounds (field does not intersect FMASK)
[6435/8861] [6441] all outputs exist; skipping HLS.S30.T11TKE.2021201T183919.v2.0
[6436/8861] [6442] all outputs exist; skipping HLS.S30.T10TGK.2021201T183919.v2.0
[6437/8861] [6432] HLS.S30.T11TNF.2021201T183919.v2.0: SKIP NoDataInBounds (field does not intersect FMASK)
[6438/8861] [6433] HLS.S30.T11TMF.2021201T183919.v2.0: SKIP NoDataInBounds (field does not intersect FMASK)
[6439/8861] [6445] all outputs exist; skipping HLS.S30.T11SKD.2021201T183919.v2.0
[6440/8861] [6446] all outputs exist; skipping HLS.S30.T10SGJ.2021201T183919.v2.0
[6441/8861] [6434] HLS.S30.T11TLF.2021201T183919.v2.0: SKIP NoDataInBounds (field does not intersect FMASK)
[6442/8861] [6448] all outputs exist; skipping HLS.S30.T10SFJ.2021201T183919.v2.0
[6443/8861] [6449] all outputs exist; skipping HLS.S30.T11SLC.2021201T183919.v2.0
[6444/8861] [6450] all outputs exist; skipping HLS.S30.T11SKC.2021201T183919.v2.0
[6445/8861] [6451] all outputs exist; skipping HLS.S30.T10SGH.2021201T183919.v2.0
[6446/8861] [6452] all outputs exist; skipping HLS.S30.T10SFH.2021201T183919.v2.0
[6447/8861] [6453] all outputs exist; skipping HLS.S30.T11SMB.2021201T183919.v2.0
[6448/8861] [6454] all outputs exist; skipping HLS.S30.T11SLB.2021201T183919.v2.0
[6449/8861] [6455] all outputs exist; skipping HLS.S30.T11SKB.2021201T183919.v2.0
[6450/8861] [6456] all outputs exist; skipping HLS.S30.T10SGG.2021201T183919.v2.0
[6451/8861] [6457] all outputs exist; skipping HLS.S30.T11SMA.2021201T183919.v2.0
[6452/8861] [6458] all outputs exist; skipping HLS.S30.T10SFG.2021201T183919.v2.0
[6453/8861] [6459] all outputs exist; skipping HLS.S30.T11SLA.2021201T183919.v2.0
[6454/8861] [6460] all outputs exist; skipping HLS.S30.T11SKA.2021201T183919.v2.0
[6455/8861] [6461] all outputs exist; skipping HLS.S30.T10SGF.2021201T183919.v2.0
[6456/8861] [6462] all outputs exist; skipping HLS.S30.T10SFF.2021201T183919.v2.0
[6457/8861] [6463] all outputs exist; skipping HLS.S30.T11SLV.2021201T183919.v2.0
[6458/8861] [6464] all outputs exist; skipping HLS.S30.T11SKV.2021201T183919.v2.0
[6459/8861] [6465] all outputs exist; skipping HLS.S30.T10SGE.2021201T183919.v2.0
[6460/8861] [6466] all outputs exist; skipping HLS.S30.T10SFE.2021201T183919.v2.0
[6461/8861] [6467] all outputs exist; skipping HLS.S30.T11SLU.2021201T183919.v2.0
[6462/8861] [6468] all outputs exist; skipping HLS.S30.T11SKU.2021201T183919.v2.0
[6463/8861] [6469] all outputs exist; skipping HLS.S30.T10SGD.2021201T183919.v2.0
[6464/8861] [6470] all outputs exist; skipping HLS.S30.T10SFD.2021201T183919.v2.0
[6465/8861] [6471] all outputs exist; skipping HLS.S30.T11SLT.2021201T183919.v2.0
[6466/8861] [6472] all outputs exist; skipping HLS.S30.T11SKT.2021201T183919.v2.0
[6467/8861] [6438] HLS.S30.T11TME.2021201T183919.v2.0: SKIP NoDataInBounds (field does not intersect FMASK)
[6468/8861] [6437] HLS.S30.T11TNE.2021201T183919.v2.0: SKIP NoDataInBounds (field does not intersect FMASK)
[6469/8861] [6440] HLS.S30.T11SND.2021201T183919.v2.0: SKIP NoDataInBounds (field does not intersect FMASK)
[6470/8861] [6439] HLS.S30.T11TLE.2021201T183919.v2.0: SKIP NoDataInBounds (field does not intersect FMASK)
[6471/8861] [6477] all outputs exist; skipping HLS.S30.T11SQV.2021202T180919.v2.0
[6472/8861] [6478] all outputs exist; skipping HLS.S30.T12STD.2021202T180919.v2.0
[6473/8861] [6479] all outputs exist; skipping HLS.S30.T11SQU.2021202T180919.v2.0
[6474/8861] [6480] all outputs exist; skipping HLS.S30.T12STC.2021202T180919.v2.0
[6475/8861] [6481] all outputs exist; skipping HLS.S30.T11SQT.2021202T180919.v2.0
[6476/8861] [6444] HLS.S30.T11SLD.2021201T183919.v2.0: SKIP NoDataInBounds (field does not intersect FMASK)
[6477/8861] [6483] all outputs exist; skipping HLS.S30.T11SQS.2021202T180919.v2.0
[6478/8861] [6484] all outputs exist; skipping HLS.S30.T11SPS.2021202T180919.v2.0
[6479/8861] [6485] all outputs exist; skipping HLS.S30.T10TFM.2021202T185921.v2.0
[6480/8861] [6486] all outputs exist; skipping HLS.S30.T10TEM.2021202T185921.v2.0
[6481/8861] [6487] all outputs exist; skipping HLS.S30.T10TDM.2021202T185921.v2.0
[6482/8861] [6488] all outputs exist; skipping HLS.S30.T10TCM.2021202T185921.v2.0
[6483/8861] [6489] all outputs exist; skipping HLS.S30.T10TFL.2021202T185921.v2.0
[6484/8861] [6490] all outputs exist; skipping HLS.S30.T10TEL.2021202T185921.v2.0
[6485/8861] [6491] all outputs exist; skipping HLS.S30.T10TDL.2021202T185921.v2.0
[6486/8861] [6492] all outputs exist; skipping HLS.S30.T10TFK.2021202T185921.v2.0
[6487/8861] [6493] all outputs exist; skipping HLS.S30.T10TCL.2021202T185921.v2.0
[6488/8861] [6494] all outputs exist; skipping HLS.S30.T10TEK.2021202T185921.v2.0
[6489/8861] [6495] all outputs exist; skipping HLS.S30.T10TDK.2021202T185921.v2.0
[6490/8861] [6496] all outputs exist; skipping HLS.S30.T10TCK.2021202T185921.v2.0
[6491/8861] [6497] all outputs exist; skipping HLS.S30.T10SEJ.2021202T185921.v2.0
[6492/8861] [6498] all outputs exist; skipping HLS.S30.T10SDJ.2021202T185921.v2.0
[6493/8861] [6499] all outputs exist; skipping HLS.S30.T10SEH.2021202T185921.v2.0
[6494/8861] [6500] all outputs exist; skipping HLS.S30.T10SDH.2021202T185921.v2.0
[6495/8861] [6501] all outputs exist; skipping HLS.S30.T10SEG.2021202T185921.v2.0
[6496/8861] [6443] HLS.S30.T11SMD.2021201T183919.v2.0: SKIP NoDataInBounds (field does not intersect FMASK)
[6497/8861] [6503] all outputs exist; skipping HLS.S30.T10SEF.2021202T185921.v2.0
[6498/8861] [6447] HLS.S30.T11SMC.2021201T183919.v2.0: SKIP NoDataInBounds (field does not intersect FMASK)
[6499/8861] [6474] HLS.S30.T11SLS.2021201T183919.v2.0: SKIP NoDataInBounds (field does not intersect FMASK)
[6500/8861] [6473] HLS.S30.T10SGC.2021201T183919.v2.0: SKIP NoDataInBounds (field does not intersect FMASK)
[6501/8861] [6475] HLS.S30.T11SKS.2021201T183919.v2.0: SKIP NoDataInBounds (field does not intersect FMASK)
[6502/8861] [6476] HLS.S30.T12STE.2021202T180919.v2.0: SKIP NoDataInBounds (field does not intersect FMASK)
[6503/8861] [6482] HLS.S30.T12STB.2021202T180919.v2.0: SKIP NoDataInBounds (field does not intersect FMASK)
[6504/8861] [6502] HLS.S30.T10SDG.2021202T185921.v2.0: SKIP NoDataInBounds (field does not intersect FMASK)
[6505/8861] [6504] HLS.L30.T11TNG.2021203T182555.v2.0: SKIP NoDataInBounds (field does not intersect FMASK)
[6506/8861] [6506] HLS.L30.T11TMG.2021203T182619.v2.0: SKIP NoDataInBounds (field does not intersect FMASK)
[6507/8861] [6508] HLS.L30.T11TMF.2021203T182619.v2.0: SKIP NoDataInBounds (field does not intersect FMASK)
[6508/8861] [6507] HLS.L30.T11TPF.2021203T182619.v2.0: SKIP NoDataInBounds (field does not intersect FMASK)
[6509/8861] [6505] HLS.L30.T11TPG.2021203T182555.v2.0: SKIP NoDataInBounds (field does not intersect FMASK)
[6510/8861] [6509] HLS.L30.T11TNF.2021203T182619.v2.0: SKIP NoDataInBounds (field does not intersect FMASK)
[6511/8861] [6517] all outputs exist; skipping HLS.L30.T11SLC.2021203T182707.v2.0
[6512/8861] [6510] HLS.L30.T11TPE.2021203T182643.v2.0: SKIP NoDataInBounds (field does not intersect FMASK)
[6513/8861] [6511] HLS.L30.T11SMD.2021203T182643.v2.0: SKIP NoDataInBounds (field does not intersect FMASK)
[6514/8861] [6520] all outputs exist; skipping HLS.L30.T11SMB.2021203T182730.v2.0
[6515/8861] [6512] HLS.L30.T11SPD.2021203T182643.v2.0: SKIP NoDataInBounds (field does not intersect FMASK)
[6516/8861] [6522] all outputs exist; skipping HLS.L30.T11SNA.2021203T182730.v2.0
[6517/8861] [6523] all outputs exist; skipping HLS.L30.T11SMA.2021203T182730.v2.0
[6518/8861] [6524] all outputs exist; skipping HLS.L30.T11SLB.2021203T182730.v2.0
[6519/8861] [6525] all outputs exist; skipping HLS.L30.T11SLA.2021203T182730.v2.0
[6520/8861] [6526] all outputs exist; skipping HLS.L30.T11SKV.2021203T182754.v2.0
[6521/8861] [6527] all outputs exist; skipping HLS.L30.T11SMU.2021203T182754.v2.0
[6522/8861] [6528] all outputs exist; skipping HLS.L30.T11SMV.2021203T182754.v2.0
[6523/8861] [6529] all outputs exist; skipping HLS.L30.T11SLV.2021203T182754.v2.0
[6524/8861] [6530] all outputs exist; skipping HLS.L30.T11SLU.2021203T182754.v2.0
[6525/8861] [6531] all outputs exist; skipping HLS.L30.T11SNV.2021203T182754.v2.0
[6526/8861] [6532] all outputs exist; skipping HLS.L30.T11SKU.2021203T182818.v2.0
[6527/8861] [6533] all outputs exist; skipping HLS.L30.T11SMT.2021203T182818.v2.0
[6528/8861] [6534] all outputs exist; skipping HLS.L30.T11SLT.2021203T182818.v2.0
[6529/8861] [6535] all outputs exist; skipping HLS.L30.T11SKT.2021203T182818.v2.0
[6530/8861] [6536] all outputs exist; skipping HLS.L30.T11SLU.2021203T182818.v2.0
[6531/8861] [6513] HLS.L30.T11TME.2021203T182643.v2.0: SKIP NoDataInBounds (field does not intersect FMASK)
[6532/8861] [6538] all outputs exist; skipping HLS.L30.T11SMS.2021203T182842.v2.0
[6533/8861] [6514] HLS.L30.T11TNE.2021203T182643.v2.0: SKIP NoDataInBounds (field does not intersect FMASK)
[6534/8861] [6540] all outputs exist; skipping HLS.L30.T11SMR.2021203T182842.v2.0
[6535/8861] [6515] HLS.L30.T11SND.2021203T182643.v2.0: SKIP NoDataInBounds (field does not intersect FMASK)
[6536/8861] [6516] HLS.L30.T11SLD.2021203T182707.v2.0: SKIP NoDataInBounds (field does not intersect FMASK)
[6537/8861] [6518] HLS.L30.T11SNC.2021203T182707.v2.0: SKIP NoDataInBounds (field does not intersect FMASK)
[6538/8861] [6519] HLS.L30.T11SMC.2021203T182707.v2.0: SKIP NoDataInBounds (field does not intersect FMASK)
[6539/8861] [6521] HLS.L30.T11SNB.2021203T182730.v2.0: SKIP NoDataInBounds (field does not intersect FMASK)
[6540/8861] [6537] HLS.L30.T10SGC.2021203T182842.v2.0: SKIP NoDataInBounds (field does not intersect FMASK)
[6541/8861] [6539] HLS.L30.T11SKS.2021203T182842.v2.0: SKIP NoDataInBounds (field does not intersect FMASK)
[6542/8861] [6541] HLS.L30.T11SLS.2021203T182842.v2.0: SKIP NoDataInBounds (field does not intersect FMASK)
[6543/8861] [6542] HLS.S30.T11TQG.2021203T182921.v2.0: SKIP NoDataInBounds (field does not intersect FMASK)
[6544/8861] [6543] HLS.S30.T12TTM.2021203T182921.v2.0: SKIP NoDataInBounds (field does not intersect FMASK)
[6545/8861] [6544] HLS.S30.T11TPG.2021203T182921.v2.0: SKIP NoDataInBounds (field does not intersect FMASK)
[6546/8861] [6545] HLS.S30.T11TNG.2021203T182921.v2.0: SKIP NoDataInBounds (field does not intersect FMASK)
[6547/8861] [6546] HLS.S30.T11TMG.2021203T182921.v2.0: SKIP NoDataInBounds (field does not intersect FMASK)
[6548/8861] [6547] HLS.S30.T12TTL.2021203T182921.v2.0: SKIP NoDataInBounds (field does not intersect FMASK)
[6549/8861] [6548] HLS.S30.T11TQF.2021203T182921.v2.0: SKIP NoDataInBounds (field does not intersect FMASK)
[6550/8861] [6549] HLS.S30.T11TPF.2021203T182921.v2.0: SKIP NoDataInBounds (field does not intersect FMASK)
[6551/8861] [6550] HLS.S30.T11TNF.2021203T182921.v2.0: SKIP NoDataInBounds (field does not intersect FMASK)
[6552/8861] [6551] HLS.S30.T11TMF.2021203T182921.v2.0: SKIP NoDataInBounds (field does not intersect FMASK)
[6553/8861] [6553] HLS.S30.T11TQE.2021203T182921.v2.0: SKIP NoDataInBounds (field does not intersect FMASK)
[6554/8861] [6552] HLS.S30.T12TTK.2021203T182921.v2.0: SKIP NoDataInBounds (field does not intersect FMASK)
[6555/8861] [6554] HLS.S30.T11TPE.2021203T182921.v2.0: SKIP NoDataInBounds (field does not intersect FMASK)
[6556/8861] [6555] HLS.S30.T11TNE.2021203T182921.v2.0: SKIP NoDataInBounds (field does not intersect FMASK)
[6557/8861] [6556] HLS.S30.T12STJ.2021203T182921.v2.0: SKIP NoDataInBounds (field does not intersect FMASK)
[6558/8861] [6557] HLS.S30.T11TME.2021203T182921.v2.0: SKIP NoDataInBounds (field does not intersect FMASK)
[6559/8861] [6558] HLS.S30.T11SQD.2021203T182921.v2.0: SKIP NoDataInBounds (field does not intersect FMASK)
[6560/8861] [6566] all outputs exist; skipping HLS.S30.T11SLC.2021203T182921.v2.0
[6561/8861] [6560] HLS.S30.T11SND.2021203T182921.v2.0: SKIP NoDataInBounds (field does not intersect FMASK)
[6562/8861] [6559] HLS.S30.T11SPD.2021203T182921.v2.0: SKIP NoDataInBounds (field does not intersect FMASK)
[6563/8861] [6569] all outputs exist; skipping HLS.S30.T11SMB.2021203T182921.v2.0
[6564/8861] [6570] all outputs exist; skipping HLS.S30.T11SLB.2021203T182921.v2.0
[6565/8861] [6561] HLS.S30.T11SMD.2021203T182921.v2.0: SKIP NoDataInBounds (field does not intersect FMASK)
[6566/8861] [6572] all outputs exist; skipping HLS.S30.T11SNA.2021203T182921.v2.0
[6567/8861] [6573] all outputs exist; skipping HLS.S30.T11SMA.2021203T182921.v2.0
[6568/8861] [6574] all outputs exist; skipping HLS.S30.T11SLA.2021203T182921.v2.0
[6569/8861] [6575] all outputs exist; skipping HLS.S30.T11SPV.2021203T182921.v2.0
[6570/8861] [6576] all outputs exist; skipping HLS.S30.T11SNV.2021203T182921.v2.0
[6571/8861] [6577] all outputs exist; skipping HLS.S30.T11SPU.2021203T182921.v2.0
[6572/8861] [6578] all outputs exist; skipping HLS.S30.T11SMV.2021203T182921.v2.0
[6573/8861] [6579] all outputs exist; skipping HLS.S30.T11SLV.2021203T182921.v2.0
[6574/8861] [6580] all outputs exist; skipping HLS.S30.T11SNU.2021203T182921.v2.0
[6575/8861] [6581] all outputs exist; skipping HLS.S30.T11SKV.2021203T182921.v2.0
[6576/8861] [6582] all outputs exist; skipping HLS.S30.T11SMU.2021203T182921.v2.0
[6577/8861] [6583] all outputs exist; skipping HLS.S30.T11SLU.2021203T182921.v2.0
[6578/8861] [6584] all outputs exist; skipping HLS.S30.T11SKU.2021203T182921.v2.0
[6579/8861] [6585] all outputs exist; skipping HLS.S30.T11SNT.2021203T182921.v2.0
[6580/8861] [6586] all outputs exist; skipping HLS.S30.T11SMT.2021203T182921.v2.0
[6581/8861] [6587] all outputs exist; skipping HLS.S30.T11SLT.2021203T182921.v2.0
[6582/8861] [6588] all outputs exist; skipping HLS.S30.T11SKT.2021203T182921.v2.0
[6583/8861] [6589] all outputs exist; skipping HLS.S30.T11SNS.2021203T182921.v2.0
[6584/8861] [6590] all outputs exist; skipping HLS.S30.T11SMS.2021203T182921.v2.0
[6585/8861] [6562] HLS.S30.T11SPC.2021203T182921.v2.0: SKIP NoDataInBounds (field does not intersect FMASK)
[6586/8861] [6563] HLS.S30.T11SLD.2021203T182921.v2.0: SKIP NoDataInBounds (field does not intersect FMASK)
[6587/8861] [6593] all outputs exist; skipping HLS.S30.T11SMR.2021203T182921.v2.0
[6588/8861] [6564] HLS.S30.T11SNC.2021203T182921.v2.0: SKIP NoDataInBounds (field does not intersect FMASK)
[6589/8861] [6595] all outputs exist; skipping HLS.S30.T10TGM.2021204T184919.v2.0
[6590/8861] [6596] all outputs exist; skipping HLS.S30.T11TKG.2021204T184919.v2.0
[6591/8861] [6597] all outputs exist; skipping HLS.S30.T10TFM.2021204T184919.v2.0
[6592/8861] [6598] all outputs exist; skipping HLS.S30.T10TEM.2021204T184919.v2.0
[6593/8861] [6565] HLS.S30.T11SMC.2021203T182921.v2.0: SKIP NoDataInBounds (field does not intersect FMASK)
[6594/8861] [6600] all outputs exist; skipping HLS.S30.T11TKF.2021204T184919.v2.0
[6595/8861] [6601] all outputs exist; skipping HLS.S30.T10TGL.2021204T184919.v2.0
[6596/8861] [6602] all outputs exist; skipping HLS.S30.T10TFL.2021204T184919.v2.0
[6597/8861] [6567] HLS.S30.T11SPB.2021203T182921.v2.0: SKIP NoDataInBounds (field does not intersect FMASK)
[6598/8861] [6604] all outputs exist; skipping HLS.S30.T10TEL.2021204T184919.v2.0
[6599/8861] [6605] all outputs exist; skipping HLS.S30.T11TKE.2021204T184919.v2.0
[6600/8861] [6606] all outputs exist; skipping HLS.S30.T10TGK.2021204T184919.v2.0
[6601/8861] [6607] all outputs exist; skipping HLS.S30.T10TFK.2021204T184919.v2.0
[6602/8861] [6608] all outputs exist; skipping HLS.S30.T10TEK.2021204T184919.v2.0
[6603/8861] [6609] all outputs exist; skipping HLS.S30.T11SKD.2021204T184919.v2.0
[6604/8861] [6610] all outputs exist; skipping HLS.S30.T10SGJ.2021204T184919.v2.0
[6605/8861] [6611] all outputs exist; skipping HLS.S30.T10SFJ.2021204T184919.v2.0
[6606/8861] [6612] all outputs exist; skipping HLS.S30.T10SEJ.2021204T184919.v2.0
[6607/8861] [6613] all outputs exist; skipping HLS.S30.T10SDJ.2021204T184919.v2.0
[6608/8861] [6614] all outputs exist; skipping HLS.S30.T11SKC.2021204T184919.v2.0
[6609/8861] [6615] all outputs exist; skipping HLS.S30.T10SGH.2021204T184919.v2.0
[6610/8861] [6616] all outputs exist; skipping HLS.S30.T10SFH.2021204T184919.v2.0
[6611/8861] [6617] all outputs exist; skipping HLS.S30.T10SEH.2021204T184919.v2.0
[6612/8861] [6618] all outputs exist; skipping HLS.S30.T10SDH.2021204T184919.v2.0
[6613/8861] [6619] all outputs exist; skipping HLS.S30.T11SKB.2021204T184919.v2.0
[6614/8861] [6620] all outputs exist; skipping HLS.S30.T10SGG.2021204T184919.v2.0
[6615/8861] [6621] all outputs exist; skipping HLS.S30.T10SFG.2021204T184919.v2.0
[6616/8861] [6622] all outputs exist; skipping HLS.S30.T11SKA.2021204T184919.v2.0
[6617/8861] [6623] all outputs exist; skipping HLS.S30.T10SEG.2021204T184919.v2.0
[6618/8861] [6571] HLS.S30.T11SPA.2021203T182921.v2.0: SKIP NoDataInBounds (field does not intersect FMASK)
[6619/8861] [6625] all outputs exist; skipping HLS.S30.T10SGF.2021204T184919.v2.0
[6620/8861] [6626] all outputs exist; skipping HLS.S30.T10SFF.2021204T184919.v2.0
[6621/8861] [6627] all outputs exist; skipping HLS.S30.T10SEF.2021204T184919.v2.0
[6622/8861] [6628] all outputs exist; skipping HLS.S30.T10SGE.2021204T184919.v2.0
[6623/8861] [6629] all outputs exist; skipping HLS.S30.T10SFE.2021204T184919.v2.0
[6624/8861] [6568] HLS.S30.T11SNB.2021203T182921.v2.0: SKIP NoDataInBounds (field does not intersect FMASK)
[6625/8861] [6591] HLS.S30.T11SLS.2021203T182921.v2.0: SKIP NoDataInBounds (field does not intersect FMASK)
[6626/8861] [6592] HLS.S30.T11SNR.2021203T182921.v2.0: SKIP NoDataInBounds (field does not intersect FMASK)
[6627/8861] [6594] HLS.S30.T11TLG.2021204T184919.v2.0: SKIP NoDataInBounds (field does not intersect FMASK)
[6628/8861] [6599] HLS.S30.T11TLF.2021204T184919.v2.0: SKIP NoDataInBounds (field does not intersect FMASK)
[6629/8861] [6603] HLS.S30.T11TLE.2021204T184919.v2.0: SKIP NoDataInBounds (field does not intersect FMASK)
[6630/8861] [6630] HLS.L30.T11TQG.2021205T181358.v2.0: SKIP NoDataInBounds (field does not intersect FMASK)
[6631/8861] [6624] HLS.S30.T10SDG.2021204T184919.v2.0: SKIP NoDataInBounds (field does not intersect FMASK)
[6632/8861] [6631] HLS.L30.T12TTM.2021205T181358.v2.0: SKIP NoDataInBounds (field does not intersect FMASK)
[6633/8861] [6632] HLS.L30.T12TTL.2021205T181358.v2.0: SKIP NoDataInBounds (field does not intersect FMASK)
[6634/8861] [6633] HLS.L30.T11TQF.2021205T181358.v2.0: SKIP NoDataInBounds (field does not intersect FMASK)
[6635/8861] [6634] HLS.L30.T11TPF.2021205T181422.v2.0: SKIP NoDataInBounds (field does not intersect FMASK)
[6636/8861] [6635] HLS.L30.T11TPE.2021205T181422.v2.0: SKIP NoDataInBounds (field does not intersect FMASK)
[6637/8861] [6636] HLS.L30.T11TQE.2021205T181422.v2.0: SKIP NoDataInBounds (field does not intersect FMASK)
[6638/8861] [6637] HLS.L30.T11SPD.2021205T181422.v2.0: SKIP NoDataInBounds (field does not intersect FMASK)
[6639/8861] [6638] HLS.L30.T12TTK.2021205T181422.v2.0: SKIP NoDataInBounds (field does not intersect FMASK)
[6640/8861] [6639] HLS.L30.T11SQD.2021205T181422.v2.0: SKIP NoDataInBounds (field does not intersect FMASK)
[6641/8861] [6641] HLS.L30.T12STH.2021205T181446.v2.0: SKIP NoDataInBounds (field does not intersect FMASK)
[6642/8861] [6640] HLS.L30.T12STJ.2021205T181422.v2.0: SKIP NoDataInBounds (field does not intersect FMASK)
[6643/8861] [6642] HLS.L30.T11SQC.2021205T181446.v2.0: SKIP NoDataInBounds (field does not intersect FMASK)
[6644/8861] [6650] all outputs exist; skipping HLS.L30.T11SNA.2021205T181534.v2.0
[6645/8861] [6651] all outputs exist; skipping HLS.L30.T11SPV.2021205T181534.v2.0
[6646/8861] [6652] all outputs exist; skipping HLS.L30.T11SNV.2021205T181534.v2.0
[6647/8861] [6644] HLS.L30.T12STG.2021205T181510.v2.0: SKIP NoDataInBounds (field does not intersect FMASK)
[6648/8861] [6654] all outputs exist; skipping HLS.L30.T11SPU.2021205T181534.v2.0
[6649/8861] [6655] all outputs exist; skipping HLS.L30.T12STD.2021205T181534.v2.0
[6650/8861] [6656] all outputs exist; skipping HLS.L30.T11SQU.2021205T181534.v2.0
[6651/8861] [6657] all outputs exist; skipping HLS.L30.T11SQV.2021205T181534.v2.0
[6652/8861] [6658] all outputs exist; skipping HLS.L30.T11SNT.2021205T181558.v2.0
[6653/8861] [6659] all outputs exist; skipping HLS.L30.T11SPT.2021205T181558.v2.0
[6654/8861] [6660] all outputs exist; skipping HLS.L30.T11SQT.2021205T181558.v2.0
[6655/8861] [6661] all outputs exist; skipping HLS.L30.T11SNU.2021205T181558.v2.0
[6656/8861] [6662] all outputs exist; skipping HLS.L30.T11SPU.2021205T181558.v2.0
[6657/8861] [6663] all outputs exist; skipping HLS.L30.T11SNS.2021205T181622.v2.0
[6658/8861] [6643] HLS.L30.T11SPC.2021205T181446.v2.0: SKIP NoDataInBounds (field does not intersect FMASK)
[6659/8861] [6665] all outputs exist; skipping HLS.L30.T11SQS.2021205T181622.v2.0
[6660/8861] [6666] all outputs exist; skipping HLS.L30.T11SPS.2021205T181622.v2.0
[6661/8861] [6645] HLS.L30.T11SQB.2021205T181510.v2.0: SKIP NoDataInBounds (field does not intersect FMASK)
[6662/8861] [6646] HLS.L30.T12STF.2021205T181510.v2.0: SKIP NoDataInBounds (field does not intersect FMASK)
[6663/8861] [6648] HLS.L30.T11SPA.2021205T181510.v2.0: SKIP NoDataInBounds (field does not intersect FMASK)
[6664/8861] [6647] HLS.L30.T11SQA.2021205T181510.v2.0: SKIP NoDataInBounds (field does not intersect FMASK)
[6665/8861] [6649] HLS.L30.T11SPB.2021205T181510.v2.0: SKIP NoDataInBounds (field does not intersect FMASK)
[6666/8861] [6664] HLS.L30.T11SNR.2021205T181622.v2.0: SKIP NoDataInBounds (field does not intersect FMASK)
[6667/8861] [6653] HLS.L30.T12STE.2021205T181534.v2.0: SKIP NoDataInBounds (field does not intersect FMASK)
[6668/8861] [6667] HLS.S30.T11TQG.2021205T181919.v2.0: SKIP NoDataInBounds (field does not intersect FMASK)
[6669/8861] [6668] HLS.S30.T12TTM.2021205T181919.v2.0: SKIP NoDataInBounds (field does not intersect FMASK)
[6670/8861] [6669] HLS.S30.T11TPG.2021205T181919.v2.0: SKIP NoDataInBounds (field does not intersect FMASK)
[6671/8861] [6671] HLS.S30.T11TQF.2021205T181919.v2.0: SKIP NoDataInBounds (field does not intersect FMASK)
[6672/8861] [6670] HLS.S30.T12TTL.2021205T181919.v2.0: SKIP NoDataInBounds (field does not intersect FMASK)
[6673/8861] [6672] HLS.S30.T11TPF.2021205T181919.v2.0: SKIP NoDataInBounds (field does not intersect FMASK)
[6674/8861] [6674] HLS.S30.T11TQE.2021205T181919.v2.0: SKIP NoDataInBounds (field does not intersect FMASK)
[6675/8861] [6673] HLS.S30.T12TTK.2021205T181919.v2.0: SKIP NoDataInBounds (field does not intersect FMASK)
[6676/8861] [6675] HLS.S30.T11TPE.2021205T181919.v2.0: SKIP NoDataInBounds (field does not intersect FMASK)
[6677/8861] [6676] HLS.S30.T12STJ.2021205T181919.v2.0: SKIP NoDataInBounds (field does not intersect FMASK)
[6678/8861] [6677] HLS.S30.T11SQD.2021205T181919.v2.0: SKIP NoDataInBounds (field does not intersect FMASK)
[6679/8861] [6678] HLS.S30.T11SPD.2021205T181919.v2.0: SKIP NoDataInBounds (field does not intersect FMASK)
[6680/8861] [6679] HLS.S30.T12STH.2021205T181919.v2.0: SKIP NoDataInBounds (field does not intersect FMASK)
[6681/8861] [6680] HLS.S30.T11SQC.2021205T181919.v2.0: SKIP NoDataInBounds (field does not intersect FMASK)
[6682/8861] [6682] HLS.S30.T11SNC.2021205T181919.v2.0: SKIP NoDataInBounds (field does not intersect FMASK)
[6683/8861] [6681] HLS.S30.T11SPC.2021205T181919.v2.0: SKIP NoDataInBounds (field does not intersect FMASK)
[6684/8861] [6690] all outputs exist; skipping HLS.S30.T11SNA.2021205T181919.v2.0
[6685/8861] [6683] HLS.S30.T12STG.2021205T181919.v2.0: SKIP NoDataInBounds (field does not intersect FMASK)
[6686/8861] [6692] all outputs exist; skipping HLS.S30.T11SQV.2021205T181919.v2.0
[6687/8861] [6693] all outputs exist; skipping HLS.S30.T11SPV.2021205T181919.v2.0
[6688/8861] [6694] all outputs exist; skipping HLS.S30.T11SNV.2021205T181919.v2.0
[6689/8861] [6695] all outputs exist; skipping HLS.S30.T11SPU.2021205T181919.v2.0
[6690/8861] [6696] all outputs exist; skipping HLS.S30.T11SNU.2021205T181919.v2.0
[6691/8861] [6697] all outputs exist; skipping HLS.S30.T11SNT.2021205T181919.v2.0
[6692/8861] [6698] all outputs exist; skipping HLS.S30.T11SMT.2021205T181919.v2.0
[6693/8861] [6699] all outputs exist; skipping HLS.S30.T11SPS.2021205T181919.v2.0
[6694/8861] [6700] all outputs exist; skipping HLS.S30.T11SNS.2021205T181919.v2.0
[6695/8861] [6684] HLS.S30.T11SQB.2021205T181919.v2.0: SKIP NoDataInBounds (field does not intersect FMASK)
[6696/8861] [6702] all outputs exist; skipping HLS.S30.T11SMR.2021205T181919.v2.0
[6697/8861] [6703] all outputs exist; skipping HLS.S30.T10TDM.2021205T190921.v2.0
[6698/8861] [6704] all outputs exist; skipping HLS.S30.T10TCM.2021205T190921.v2.0
[6699/8861] [6705] all outputs exist; skipping HLS.S30.T10TDL.2021205T190921.v2.0
[6700/8861] [6706] all outputs exist; skipping HLS.S30.T10TCL.2021205T190921.v2.0
[6701/8861] [6707] all outputs exist; skipping HLS.S30.T10TDK.2021205T190921.v2.0
[6702/8861] [6708] all outputs exist; skipping HLS.S30.T10TCK.2021205T190921.v2.0
[6703/8861] [6686] HLS.S30.T11SNB.2021205T181919.v2.0: SKIP NoDataInBounds (field does not intersect FMASK)
[6704/8861] [6685] HLS.S30.T11SPB.2021205T181919.v2.0: SKIP NoDataInBounds (field does not intersect FMASK)
[6705/8861] [6688] HLS.S30.T11SQA.2021205T181919.v2.0: SKIP NoDataInBounds (field does not intersect FMASK)
[6706/8861] [6712] all outputs exist; skipping HLS.S30.T10TGM.2021206T183921.v2.0
[6707/8861] [6713] all outputs exist; skipping HLS.S30.T11TKG.2021206T183921.v2.0
[6708/8861] [6687] HLS.S30.T12STF.2021205T181919.v2.0: SKIP NoDataInBounds (field does not intersect FMASK)
[6709/8861] [6691] HLS.S30.T12STE.2021205T181919.v2.0: SKIP NoDataInBounds (field does not intersect FMASK)
[6710/8861] [6689] HLS.S30.T11SPA.2021205T181919.v2.0: SKIP NoDataInBounds (field does not intersect FMASK)
[6711/8861] [6717] all outputs exist; skipping HLS.S30.T11TKF.2021206T183921.v2.0
[6712/8861] [6718] all outputs exist; skipping HLS.S30.T10TGL.2021206T183921.v2.0
[6713/8861] [6701] HLS.S30.T11SNR.2021205T181919.v2.0: SKIP NoDataInBounds (field does not intersect FMASK)
[6714/8861] [6709] HLS.S30.T11TNG.2021206T183921.v2.0: SKIP NoDataInBounds (field does not intersect FMASK)
[6715/8861] [6710] HLS.S30.T11TMG.2021206T183921.v2.0: SKIP NoDataInBounds (field does not intersect FMASK)
[6716/8861] [6711] HLS.S30.T11TLG.2021206T183921.v2.0: SKIP NoDataInBounds (field does not intersect FMASK)
[6717/8861] [6723] all outputs exist; skipping HLS.S30.T11TKE.2021206T183921.v2.0
[6718/8861] [6724] all outputs exist; skipping HLS.S30.T10TGK.2021206T183921.v2.0
[6719/8861] [6714] HLS.S30.T11TNF.2021206T183921.v2.0: SKIP NoDataInBounds (field does not intersect FMASK)
[6720/8861] [6716] HLS.S30.T11TLF.2021206T183921.v2.0: SKIP NoDataInBounds (field does not intersect FMASK)
[6721/8861] [6727] all outputs exist; skipping HLS.S30.T11SKD.2021206T183921.v2.0
[6722/8861] [6728] all outputs exist; skipping HLS.S30.T10SGJ.2021206T183921.v2.0
[6723/8861] [6715] HLS.S30.T11TMF.2021206T183921.v2.0: SKIP NoDataInBounds (field does not intersect FMASK)
[6724/8861] [6730] all outputs exist; skipping HLS.S30.T10SFJ.2021206T183921.v2.0
[6725/8861] [6731] all outputs exist; skipping HLS.S30.T11SLC.2021206T183921.v2.0
[6726/8861] [6732] all outputs exist; skipping HLS.S30.T11SKC.2021206T183921.v2.0
[6727/8861] [6733] all outputs exist; skipping HLS.S30.T10SGH.2021206T183921.v2.0
[6728/8861] [6734] all outputs exist; skipping HLS.S30.T10SFH.2021206T183921.v2.0
[6729/8861] [6735] all outputs exist; skipping HLS.S30.T11SMB.2021206T183921.v2.0
[6730/8861] [6736] all outputs exist; skipping HLS.S30.T11SLB.2021206T183921.v2.0
[6731/8861] [6737] all outputs exist; skipping HLS.S30.T11SKB.2021206T183921.v2.0
[6732/8861] [6738] all outputs exist; skipping HLS.S30.T10SGG.2021206T183921.v2.0
[6733/8861] [6739] all outputs exist; skipping HLS.S30.T11SMA.2021206T183921.v2.0
[6734/8861] [6740] all outputs exist; skipping HLS.S30.T10SFG.2021206T183921.v2.0
[6735/8861] [6741] all outputs exist; skipping HLS.S30.T11SLA.2021206T183921.v2.0
[6736/8861] [6742] all outputs exist; skipping HLS.S30.T11SKA.2021206T183921.v2.0
[6737/8861] [6743] all outputs exist; skipping HLS.S30.T10SGF.2021206T183921.v2.0
[6738/8861] [6744] all outputs exist; skipping HLS.S30.T10SFF.2021206T183921.v2.0
[6739/8861] [6745] all outputs exist; skipping HLS.S30.T11SLV.2021206T183921.v2.0
[6740/8861] [6746] all outputs exist; skipping HLS.S30.T11SKV.2021206T183921.v2.0
[6741/8861] [6747] all outputs exist; skipping HLS.S30.T10SGE.2021206T183921.v2.0
[6742/8861] [6748] all outputs exist; skipping HLS.S30.T10SFE.2021206T183921.v2.0
[6743/8861] [6749] all outputs exist; skipping HLS.S30.T11SLU.2021206T183921.v2.0
[6744/8861] [6750] all outputs exist; skipping HLS.S30.T11SKU.2021206T183921.v2.0
[6745/8861] [6751] all outputs exist; skipping HLS.S30.T10SGD.2021206T183921.v2.0
[6746/8861] [6752] all outputs exist; skipping HLS.S30.T11SLT.2021206T183921.v2.0
[6747/8861] [6753] all outputs exist; skipping HLS.S30.T11SKT.2021206T183921.v2.0
[6748/8861] [6719] HLS.S30.T11TNE.2021206T183921.v2.0: SKIP NoDataInBounds (field does not intersect FMASK)
[6749/8861] [6720] HLS.S30.T11TME.2021206T183921.v2.0: SKIP NoDataInBounds (field does not intersect FMASK)
[6750/8861] [6721] HLS.S30.T11TLE.2021206T183921.v2.0: SKIP NoDataInBounds (field does not intersect FMASK)
[6751/8861] [6757] all outputs exist; skipping HLS.L30.T10TDM.2021206T185651.v2.0
[6752/8861] [6758] all outputs exist; skipping HLS.L30.T10TEM.2021206T185651.v2.0
[6753/8861] [6759] all outputs exist; skipping HLS.L30.T10TCM.2021206T185715.v2.0
[6754/8861] [6760] all outputs exist; skipping HLS.L30.T10TEL.2021206T185715.v2.0
[6755/8861] [6761] all outputs exist; skipping HLS.L30.T10TCL.2021206T185715.v2.0
[6756/8861] [6762] all outputs exist; skipping HLS.L30.T10TDL.2021206T185715.v2.0
[6757/8861] [6763] all outputs exist; skipping HLS.L30.T10TCK.2021206T185738.v2.0
[6758/8861] [6764] all outputs exist; skipping HLS.L30.T10TDK.2021206T185738.v2.0
[6759/8861] [6765] all outputs exist; skipping HLS.L30.T10SDJ.2021206T185738.v2.0
[6760/8861] [6766] all outputs exist; skipping HLS.L30.T10SDH.2021206T185802.v2.0
[6761/8861] [6722] HLS.S30.T11SND.2021206T183921.v2.0: SKIP NoDataInBounds (field does not intersect FMASK)
[6762/8861] [6768] all outputs exist; skipping HLS.S30.T11SQV.2021207T180921.v2.0
[6763/8861] [6769] all outputs exist; skipping HLS.S30.T12STD.2021207T180921.v2.0
[6764/8861] [6770] all outputs exist; skipping HLS.S30.T11SQU.2021207T180921.v2.0
[6765/8861] [6771] all outputs exist; skipping HLS.S30.T12STC.2021207T180921.v2.0
[6766/8861] [6772] all outputs exist; skipping HLS.S30.T11SQT.2021207T180921.v2.0
[6767/8861] [6725] HLS.S30.T11SMD.2021206T183921.v2.0: SKIP NoDataInBounds (field does not intersect FMASK)
[6768/8861] [6774] all outputs exist; skipping HLS.S30.T11SQS.2021207T180921.v2.0
[6769/8861] [6775] all outputs exist; skipping HLS.S30.T11SPS.2021207T180921.v2.0
[6770/8861] [6776] all outputs exist; skipping HLS.S30.T10TFM.2021207T185919.v2.0
[6771/8861] [6777] all outputs exist; skipping HLS.S30.T10TEM.2021207T185919.v2.0
[6772/8861] [6778] all outputs exist; skipping HLS.S30.T10TDM.2021207T185919.v2.0
[6773/8861] [6779] all outputs exist; skipping HLS.S30.T10TCM.2021207T185919.v2.0
[6774/8861] [6780] all outputs exist; skipping HLS.S30.T10TFL.2021207T185919.v2.0
[6775/8861] [6781] all outputs exist; skipping HLS.S30.T10TEL.2021207T185919.v2.0
[6776/8861] [6782] all outputs exist; skipping HLS.S30.T10TDL.2021207T185919.v2.0
[6777/8861] [6783] all outputs exist; skipping HLS.S30.T10TFK.2021207T185919.v2.0
[6778/8861] [6784] all outputs exist; skipping HLS.S30.T10TCL.2021207T185919.v2.0
[6779/8861] [6785] all outputs exist; skipping HLS.S30.T10TEK.2021207T185919.v2.0
[6780/8861] [6786] all outputs exist; skipping HLS.S30.T10TDK.2021207T185919.v2.0
[6781/8861] [6787] all outputs exist; skipping HLS.S30.T10TCK.2021207T185919.v2.0
[6782/8861] [6788] all outputs exist; skipping HLS.S30.T10SEJ.2021207T185919.v2.0
[6783/8861] [6789] all outputs exist; skipping HLS.S30.T10SDJ.2021207T185919.v2.0
[6784/8861] [6790] all outputs exist; skipping HLS.S30.T10SEH.2021207T185919.v2.0
[6785/8861] [6791] all outputs exist; skipping HLS.S30.T10SDH.2021207T185919.v2.0
[6786/8861] [6726] HLS.S30.T11SLD.2021206T183921.v2.0: SKIP NoDataInBounds (field does not intersect FMASK)
[6787/8861] [6729] HLS.S30.T11SMC.2021206T183921.v2.0: SKIP NoDataInBounds (field does not intersect FMASK)
[6788/8861] [6754] HLS.S30.T10SGC.2021206T183921.v2.0: SKIP NoDataInBounds (field does not intersect FMASK)
[6789/8861] [6755] HLS.S30.T11SLS.2021206T183921.v2.0: SKIP NoDataInBounds (field does not intersect FMASK)
[6790/8861] [6756] HLS.S30.T11SKS.2021206T183921.v2.0: SKIP NoDataInBounds (field does not intersect FMASK)
[6791/8861] [6773] HLS.S30.T12STB.2021207T180921.v2.0: SKIP NoDataInBounds (field does not intersect FMASK)
[6792/8861] [6767] HLS.S30.T12STE.2021207T180921.v2.0: SKIP NoDataInBounds (field does not intersect FMASK)
[6793/8861] [6792] HLS.S30.T11TQG.2021208T182919.v2.0: SKIP NoDataInBounds (field does not intersect FMASK)
[6794/8861] [6793] HLS.S30.T12TTM.2021208T182919.v2.0: SKIP NoDataInBounds (field does not intersect FMASK)
[6795/8861] [6794] HLS.S30.T11TPG.2021208T182919.v2.0: SKIP NoDataInBounds (field does not intersect FMASK)
[6796/8861] [6795] HLS.S30.T11TNG.2021208T182919.v2.0: SKIP NoDataInBounds (field does not intersect FMASK)
[6797/8861] [6796] HLS.S30.T11TMG.2021208T182919.v2.0: SKIP NoDataInBounds (field does not intersect FMASK)
[6798/8861] [6797] HLS.S30.T12TTL.2021208T182919.v2.0: SKIP NoDataInBounds (field does not intersect FMASK)
[6799/8861] [6798] HLS.S30.T11TQF.2021208T182919.v2.0: SKIP NoDataInBounds (field does not intersect FMASK)
[6800/8861] [6799] HLS.S30.T11TPF.2021208T182919.v2.0: SKIP NoDataInBounds (field does not intersect FMASK)
[6801/8861] [6800] HLS.S30.T11TNF.2021208T182919.v2.0: SKIP NoDataInBounds (field does not intersect FMASK)
[6802/8861] [6801] HLS.S30.T11TMF.2021208T182919.v2.0: SKIP NoDataInBounds (field does not intersect FMASK)
[6803/8861] [6802] HLS.S30.T12TTK.2021208T182919.v2.0: SKIP NoDataInBounds (field does not intersect FMASK)
[6804/8861] [6803] HLS.S30.T11TQE.2021208T182919.v2.0: SKIP NoDataInBounds (field does not intersect FMASK)
[6805/8861] [6804] HLS.S30.T11TPE.2021208T182919.v2.0: SKIP NoDataInBounds (field does not intersect FMASK)
[6806/8861] [6805] HLS.S30.T11TNE.2021208T182919.v2.0: SKIP NoDataInBounds (field does not intersect FMASK)
[6807/8861] [6806] HLS.S30.T12STJ.2021208T182919.v2.0: SKIP NoDataInBounds (field does not intersect FMASK)
[6808/8861] [6807] HLS.S30.T11TME.2021208T182919.v2.0: SKIP NoDataInBounds (field does not intersect FMASK)
[6809/8861] [6808] HLS.S30.T11SQD.2021208T182919.v2.0: SKIP NoDataInBounds (field does not intersect FMASK)
[6810/8861] [6816] all outputs exist; skipping HLS.S30.T11SLC.2021208T182919.v2.0
[6811/8861] [6809] HLS.S30.T11SPD.2021208T182919.v2.0: SKIP NoDataInBounds (field does not intersect FMASK)
[6812/8861] [6810] HLS.S30.T11SND.2021208T182919.v2.0: SKIP NoDataInBounds (field does not intersect FMASK)
[6813/8861] [6819] all outputs exist; skipping HLS.S30.T11SMB.2021208T182919.v2.0
[6814/8861] [6820] all outputs exist; skipping HLS.S30.T11SLB.2021208T182919.v2.0
[6815/8861] [6811] HLS.S30.T11SMD.2021208T182919.v2.0: SKIP NoDataInBounds (field does not intersect FMASK)
[6816/8861] [6822] all outputs exist; skipping HLS.S30.T11SNA.2021208T182919.v2.0
[6817/8861] [6823] all outputs exist; skipping HLS.S30.T11SMA.2021208T182919.v2.0
[6818/8861] [6824] all outputs exist; skipping HLS.S30.T11SLA.2021208T182919.v2.0
[6819/8861] [6825] all outputs exist; skipping HLS.S30.T11SPV.2021208T182919.v2.0
[6820/8861] [6826] all outputs exist; skipping HLS.S30.T11SNV.2021208T182919.v2.0
[6821/8861] [6827] all outputs exist; skipping HLS.L30.T10TFM.2021208T184430.v2.0
[6822/8861] [6828] all outputs exist; skipping HLS.L30.T10TGM.2021208T184430.v2.0
[6823/8861] [6829] all outputs exist; skipping HLS.L30.T11TKG.2021208T184430.v2.0
[6824/8861] [6830] all outputs exist; skipping HLS.S30.T11SMV.2021208T182919.v2.0
[6825/8861] [6831] all outputs exist; skipping HLS.S30.T11SLV.2021208T182919.v2.0
[6826/8861] [6832] all outputs exist; skipping HLS.S30.T11SNU.2021208T182919.v2.0
[6827/8861] [6833] all outputs exist; skipping HLS.S30.T11SKV.2021208T182919.v2.0
[6828/8861] [6834] all outputs exist; skipping HLS.S30.T11SMU.2021208T182919.v2.0
[6829/8861] [6835] all outputs exist; skipping HLS.S30.T11SLU.2021208T182919.v2.0
[6830/8861] [6836] all outputs exist; skipping HLS.L30.T10TEM.2021208T184454.v2.0
[6831/8861] [6837] all outputs exist; skipping HLS.L30.T11TKF.2021208T184454.v2.0
[6832/8861] [6838] all outputs exist; skipping HLS.L30.T10TEL.2021208T184454.v2.0
[6833/8861] [6839] all outputs exist; skipping HLS.L30.T10TFM.2021208T184454.v2.0
[6834/8861] [6840] all outputs exist; skipping HLS.L30.T10TFL.2021208T184454.v2.0
[6835/8861] [6841] all outputs exist; skipping HLS.L30.T10TGL.2021208T184454.v2.0
[6836/8861] [6842] all outputs exist; skipping HLS.S30.T11SKU.2021208T182919.v2.0
[6837/8861] [6843] all outputs exist; skipping HLS.S30.T11SNT.2021208T182919.v2.0
[6838/8861] [6844] all outputs exist; skipping HLS.S30.T11SMT.2021208T182919.v2.0
[6839/8861] [6845] all outputs exist; skipping HLS.S30.T11SLT.2021208T182919.v2.0
[6840/8861] [6846] all outputs exist; skipping HLS.S30.T11SKT.2021208T182919.v2.0
[6841/8861] [6847] all outputs exist; skipping HLS.S30.T11SNS.2021208T182919.v2.0
[6842/8861] [6848] all outputs exist; skipping HLS.S30.T11SMS.2021208T182919.v2.0
[6843/8861] [6812] HLS.S30.T11SPC.2021208T182919.v2.0: SKIP NoDataInBounds (field does not intersect FMASK)
[6844/8861] [6813] HLS.S30.T11SLD.2021208T182919.v2.0: SKIP NoDataInBounds (field does not intersect FMASK)
[6845/8861] [6814] HLS.S30.T11SNC.2021208T182919.v2.0: SKIP NoDataInBounds (field does not intersect FMASK)
[6846/8861] [6852] all outputs exist; skipping HLS.S30.T11SMR.2021208T182919.v2.0
[6847/8861] [6853] all outputs exist; skipping HLS.L30.T10SGH.2021208T184542.v2.0
[6848/8861] [6854] all outputs exist; skipping HLS.L30.T10SEH.2021208T184542.v2.0
[6849/8861] [6855] all outputs exist; skipping HLS.L30.T10SDH.2021208T184542.v2.0
[6850/8861] [6856] all outputs exist; skipping HLS.L30.T10SFH.2021208T184542.v2.0
[6851/8861] [6857] all outputs exist; skipping HLS.L30.T10TFK.2021208T184542.v2.0
[6852/8861] [6858] all outputs exist; skipping HLS.L30.T11SKD.2021208T184542.v2.0
[6853/8861] [6859] all outputs exist; skipping HLS.L30.T10SGJ.2021208T184542.v2.0
[6854/8861] [6860] all outputs exist; skipping HLS.L30.T10SEJ.2021208T184542.v2.0
[6855/8861] [6861] all outputs exist; skipping HLS.L30.T10TEK.2021208T184542.v2.0
[6856/8861] [6862] all outputs exist; skipping HLS.L30.T10SFJ.2021208T184542.v2.0
[6857/8861] [6863] all outputs exist; skipping HLS.L30.T10SEF.2021208T184606.v2.0
[6858/8861] [6864] all outputs exist; skipping HLS.L30.T10SEG.2021208T184606.v2.0
[6859/8861] [6865] all outputs exist; skipping HLS.L30.T10SFF.2021208T184606.v2.0
[6860/8861] [6815] HLS.S30.T11SMC.2021208T182919.v2.0: SKIP NoDataInBounds (field does not intersect FMASK)
[6861/8861] [6867] all outputs exist; skipping HLS.L30.T10SFG.2021208T184606.v2.0
[6862/8861] [6868] all outputs exist; skipping HLS.L30.T10SFD.2021208T184629.v2.0
[6863/8861] [6869] all outputs exist; skipping HLS.L30.T10SFE.2021208T184629.v2.0
[6864/8861] [6817] HLS.S30.T11SPB.2021208T182919.v2.0: SKIP NoDataInBounds (field does not intersect FMASK)
[6865/8861] [6871] all outputs exist; skipping HLS.S30.T10TGM.2021209T184921.v2.0
[6866/8861] [6872] all outputs exist; skipping HLS.S30.T11TKG.2021209T184921.v2.0
[6867/8861] [6873] all outputs exist; skipping HLS.S30.T10TFM.2021209T184921.v2.0
[6868/8861] [6874] all outputs exist; skipping HLS.S30.T10TEM.2021209T184921.v2.0
[6869/8861] [6818] HLS.S30.T11SNB.2021208T182919.v2.0: SKIP NoDataInBounds (field does not intersect FMASK)
[6870/8861] [6876] all outputs exist; skipping HLS.S30.T11TKF.2021209T184921.v2.0
[6871/8861] [6877] all outputs exist; skipping HLS.S30.T10TGL.2021209T184921.v2.0
[6872/8861] [6878] all outputs exist; skipping HLS.S30.T10TFL.2021209T184921.v2.0
[6873/8861] [6821] HLS.S30.T11SPA.2021208T182919.v2.0: SKIP NoDataInBounds (field does not intersect FMASK)
[6874/8861] [6880] all outputs exist; skipping HLS.S30.T10TEL.2021209T184921.v2.0
[6875/8861] [6881] all outputs exist; skipping HLS.S30.T11TKE.2021209T184921.v2.0
[6876/8861] [6882] all outputs exist; skipping HLS.S30.T10TGK.2021209T184921.v2.0
[6877/8861] [6883] all outputs exist; skipping HLS.S30.T10TFK.2021209T184921.v2.0
[6878/8861] [6884] all outputs exist; skipping HLS.S30.T10TEK.2021209T184921.v2.0
[6879/8861] [6885] all outputs exist; skipping HLS.S30.T11SKD.2021209T184921.v2.0
[6880/8861] [6886] all outputs exist; skipping HLS.S30.T10SGJ.2021209T184921.v2.0
[6881/8861] [6887] all outputs exist; skipping HLS.S30.T10SFJ.2021209T184921.v2.0
[6882/8861] [6888] all outputs exist; skipping HLS.S30.T10SEJ.2021209T184921.v2.0
[6883/8861] [6889] all outputs exist; skipping HLS.S30.T10SDJ.2021209T184921.v2.0
[6884/8861] [6890] all outputs exist; skipping HLS.S30.T11SKC.2021209T184921.v2.0
[6885/8861] [6891] all outputs exist; skipping HLS.S30.T10SGH.2021209T184921.v2.0
[6886/8861] [6892] all outputs exist; skipping HLS.S30.T10SFH.2021209T184921.v2.0
[6887/8861] [6893] all outputs exist; skipping HLS.S30.T10SEH.2021209T184921.v2.0
[6888/8861] [6894] all outputs exist; skipping HLS.S30.T10SDH.2021209T184921.v2.0
[6889/8861] [6895] all outputs exist; skipping HLS.S30.T11SKB.2021209T184921.v2.0
[6890/8861] [6896] all outputs exist; skipping HLS.S30.T10SGG.2021209T184921.v2.0
[6891/8861] [6897] all outputs exist; skipping HLS.S30.T10SFG.2021209T184921.v2.0
[6892/8861] [6898] all outputs exist; skipping HLS.S30.T11SKA.2021209T184921.v2.0
[6893/8861] [6899] all outputs exist; skipping HLS.S30.T10SEG.2021209T184921.v2.0
[6894/8861] [6850] HLS.S30.T11SKS.2021208T182919.v2.0: SKIP NoDataInBounds (field does not intersect FMASK)
[6895/8861] [6901] all outputs exist; skipping HLS.S30.T10SGF.2021209T184921.v2.0
[6896/8861] [6902] all outputs exist; skipping HLS.S30.T10SFF.2021209T184921.v2.0
[6897/8861] [6903] all outputs exist; skipping HLS.S30.T10SEF.2021209T184921.v2.0
[6898/8861] [6904] all outputs exist; skipping HLS.S30.T10SGE.2021209T184921.v2.0
[6899/8861] [6905] all outputs exist; skipping HLS.S30.T10SFE.2021209T184921.v2.0
[6900/8861] [6849] HLS.S30.T11SLS.2021208T182919.v2.0: SKIP NoDataInBounds (field does not intersect FMASK)
[6901/8861] [6851] HLS.S30.T11SNR.2021208T182919.v2.0: SKIP NoDataInBounds (field does not intersect FMASK)
[6902/8861] [6866] HLS.L30.T10SDG.2021208T184606.v2.0: SKIP NoDataInBounds (field does not intersect FMASK)
[6903/8861] [6870] HLS.S30.T11TLG.2021209T184921.v2.0: SKIP NoDataInBounds (field does not intersect FMASK)
[6904/8861] [6875] HLS.S30.T11TLF.2021209T184921.v2.0: SKIP NoDataInBounds (field does not intersect FMASK)
[6905/8861] [6879] HLS.S30.T11TLE.2021209T184921.v2.0: SKIP NoDataInBounds (field does not intersect FMASK)
[6906/8861] [6900] HLS.S30.T10SDG.2021209T184921.v2.0: SKIP NoDataInBounds (field does not intersect FMASK)
[6907/8861] [6906] HLS.L30.T11TNG.2021210T183209.v2.0: SKIP NoDataInBounds (field does not intersect FMASK)
[6908/8861] [6907] HLS.L30.T11TMG.2021210T183209.v2.0: SKIP NoDataInBounds (field does not intersect FMASK)
[6909/8861] [6908] HLS.L30.T11TLG.2021210T183233.v2.0: SKIP NoDataInBounds (field does not intersect FMASK)
[6910/8861] [6909] HLS.L30.T11TNF.2021210T183233.v2.0: SKIP NoDataInBounds (field does not intersect FMASK)
[6911/8861] [6917] all outputs exist; skipping HLS.L30.T11SKD.2021210T183257.v2.0
[6912/8861] [6918] all outputs exist; skipping HLS.L30.T10TGK.2021210T183257.v2.0
[6913/8861] [6910] HLS.L30.T11TMF.2021210T183233.v2.0: SKIP NoDataInBounds (field does not intersect FMASK)
[6914/8861] [6911] HLS.L30.T11TLF.2021210T183233.v2.0: SKIP NoDataInBounds (field does not intersect FMASK)
[6915/8861] [6921] all outputs exist; skipping HLS.L30.T11TKE.2021210T183257.v2.0
[6916/8861] [6912] HLS.S30.T11TQG.2021210T181921.v2.0: SKIP NoDataInBounds (field does not intersect FMASK)
[6917/8861] [6923] all outputs exist; skipping HLS.L30.T10SGJ.2021210T183257.v2.0
[6918/8861] [6913] HLS.S30.T12TTM.2021210T181921.v2.0: SKIP NoDataInBounds (field does not intersect FMASK)
[6919/8861] [6914] HLS.S30.T11TPG.2021210T181921.v2.0: SKIP NoDataInBounds (field does not intersect FMASK)
[6920/8861] [6915] HLS.L30.T11TNE.2021210T183257.v2.0: SKIP NoDataInBounds (field does not intersect FMASK)
[6921/8861] [6919] HLS.L30.T11TLE.2021210T183257.v2.0: SKIP NoDataInBounds (field does not intersect FMASK)
[6922/8861] [6916] HLS.L30.T11TME.2021210T183257.v2.0: SKIP NoDataInBounds (field does not intersect FMASK)
[6923/8861] [6920] HLS.L30.T11SMD.2021210T183257.v2.0: SKIP NoDataInBounds (field does not intersect FMASK)
[6924/8861] [6922] HLS.L30.T11SLD.2021210T183257.v2.0: SKIP NoDataInBounds (field does not intersect FMASK)
[6925/8861] [6931] all outputs exist; skipping HLS.L30.T10SGH.2021210T183321.v2.0
[6926/8861] [6932] all outputs exist; skipping HLS.L30.T11SLC.2021210T183321.v2.0
[6927/8861] [6933] all outputs exist; skipping HLS.L30.T11SKC.2021210T183321.v2.0
[6928/8861] [6934] all outputs exist; skipping HLS.L30.T10SGJ.2021210T183321.v2.0
[6929/8861] [6924] HLS.S30.T12TTL.2021210T181921.v2.0: SKIP NoDataInBounds (field does not intersect FMASK)
[6930/8861] [6925] HLS.S30.T11TQF.2021210T181921.v2.0: SKIP NoDataInBounds (field does not intersect FMASK)
[6931/8861] [6926] HLS.S30.T11TPF.2021210T181921.v2.0: SKIP NoDataInBounds (field does not intersect FMASK)
[6932/8861] [6927] HLS.S30.T12TTK.2021210T181921.v2.0: SKIP NoDataInBounds (field does not intersect FMASK)
[6933/8861] [6929] HLS.S30.T11TPE.2021210T181921.v2.0: SKIP NoDataInBounds (field does not intersect FMASK)
[6934/8861] [6940] all outputs exist; skipping HLS.L30.T11SMB.2021210T183345.v2.0
[6935/8861] [6941] all outputs exist; skipping HLS.L30.T11SMA.2021210T183345.v2.0
[6936/8861] [6942] all outputs exist; skipping HLS.L30.T11SKA.2021210T183345.v2.0
[6937/8861] [6943] all outputs exist; skipping HLS.L30.T11SLB.2021210T183345.v2.0
[6938/8861] [6944] all outputs exist; skipping HLS.L30.T11SKB.2021210T183345.v2.0
[6939/8861] [6945] all outputs exist; skipping HLS.L30.T11SLA.2021210T183345.v2.0
[6940/8861] [6946] all outputs exist; skipping HLS.L30.T10SGF.2021210T183345.v2.0
[6941/8861] [6947] all outputs exist; skipping HLS.L30.T10SGG.2021210T183345.v2.0
[6942/8861] [6928] HLS.S30.T11TQE.2021210T181921.v2.0: SKIP NoDataInBounds (field does not intersect FMASK)
[6943/8861] [6930] HLS.L30.T11SMC.2021210T183321.v2.0: SKIP NoDataInBounds (field does not intersect FMASK)
[6944/8861] [6936] HLS.S30.T11SQD.2021210T181921.v2.0: SKIP NoDataInBounds (field does not intersect FMASK)
[6945/8861] [6935] HLS.S30.T12STJ.2021210T181921.v2.0: SKIP NoDataInBounds (field does not intersect FMASK)
[6946/8861] [6937] HLS.S30.T11SPD.2021210T181921.v2.0: SKIP NoDataInBounds (field does not intersect FMASK)
[6947/8861] [6938] HLS.S30.T12STH.2021210T181921.v2.0: SKIP NoDataInBounds (field does not intersect FMASK)
[6948/8861] [6954] all outputs exist; skipping HLS.L30.T11SLV.2021210T183409.v2.0
[6949/8861] [6955] all outputs exist; skipping HLS.L30.T11SKU.2021210T183409.v2.0
[6950/8861] [6956] all outputs exist; skipping HLS.L30.T11SLU.2021210T183409.v2.0
[6951/8861] [6957] all outputs exist; skipping HLS.L30.T11SKV.2021210T183409.v2.0
[6952/8861] [6958] all outputs exist; skipping HLS.L30.T10SGE.2021210T183409.v2.0
[6953/8861] [6949] HLS.S30.T11SNC.2021210T181921.v2.0: SKIP NoDataInBounds (field does not intersect FMASK)
[6954/8861] [6939] HLS.S30.T11SQC.2021210T181921.v2.0: SKIP NoDataInBounds (field does not intersect FMASK)
[6955/8861] [6948] HLS.S30.T11SPC.2021210T181921.v2.0: SKIP NoDataInBounds (field does not intersect FMASK)
[6956/8861] [6962] all outputs exist; skipping HLS.S30.T11SNA.2021210T181921.v2.0
[6957/8861] [6950] HLS.S30.T12STG.2021210T181921.v2.0: SKIP NoDataInBounds (field does not intersect FMASK)
[6958/8861] [6964] all outputs exist; skipping HLS.S30.T11SQV.2021210T181921.v2.0
[6959/8861] [6965] all outputs exist; skipping HLS.S30.T11SPV.2021210T181921.v2.0
[6960/8861] [6966] all outputs exist; skipping HLS.L30.T10SFD.2021210T183433.v2.0
[6961/8861] [6967] all outputs exist; skipping HLS.L30.T10SFE.2021210T183409.v2.0
[6962/8861] [6968] all outputs exist; skipping HLS.L30.T11SLT.2021210T183433.v2.0
[6963/8861] [6969] all outputs exist; skipping HLS.L30.T10SGD.2021210T183433.v2.0
[6964/8861] [6951] HLS.S30.T11SQB.2021210T181921.v2.0: SKIP NoDataInBounds (field does not intersect FMASK)
[6965/8861] [6971] all outputs exist; skipping HLS.L30.T11SKT.2021210T183433.v2.0
[6966/8861] [6972] all outputs exist; skipping HLS.L30.T10SFE.2021210T183433.v2.0
[6967/8861] [6973] all outputs exist; skipping HLS.S30.T11SNV.2021210T181921.v2.0
[6968/8861] [6974] all outputs exist; skipping HLS.S30.T12STD.2021210T181921.v2.0
[6969/8861] [6975] all outputs exist; skipping HLS.S30.T11SQU.2021210T181921.v2.0
[6970/8861] [6976] all outputs exist; skipping HLS.S30.T11SPU.2021210T181921.v2.0
[6971/8861] [6977] all outputs exist; skipping HLS.S30.T11SNU.2021210T181921.v2.0
[6972/8861] [6978] all outputs exist; skipping HLS.S30.T12STC.2021210T181921.v2.0
[6973/8861] [6979] all outputs exist; skipping HLS.S30.T11SQT.2021210T181921.v2.0
[6974/8861] [6952] HLS.S30.T11SPB.2021210T181921.v2.0: SKIP NoDataInBounds (field does not intersect FMASK)
[6975/8861] [6981] all outputs exist; skipping HLS.S30.T11SPT.2021210T181921.v2.0
[6976/8861] [6982] all outputs exist; skipping HLS.S30.T11SNT.2021210T181921.v2.0
[6977/8861] [6953] HLS.S30.T11SNB.2021210T181921.v2.0: SKIP NoDataInBounds (field does not intersect FMASK)
[6978/8861] [6984] all outputs exist; skipping HLS.S30.T11SMT.2021210T181921.v2.0
[6979/8861] [6985] all outputs exist; skipping HLS.S30.T11SQS.2021210T181921.v2.0
[6980/8861] [6986] all outputs exist; skipping HLS.S30.T11SPS.2021210T181921.v2.0
[6981/8861] [6987] all outputs exist; skipping HLS.S30.T11SNS.2021210T181921.v2.0
[6982/8861] [6988] all outputs exist; skipping HLS.S30.T11SMS.2021210T181921.v2.0
[6983/8861] [6959] HLS.S30.T12STF.2021210T181921.v2.0: SKIP NoDataInBounds (field does not intersect FMASK)
[6984/8861] [6990] all outputs exist; skipping HLS.S30.T11SMR.2021210T181921.v2.0
[6985/8861] [6991] all outputs exist; skipping HLS.S30.T10TDM.2021210T190919.v2.0
[6986/8861] [6992] all outputs exist; skipping HLS.S30.T10TCM.2021210T190919.v2.0
[6987/8861] [6993] all outputs exist; skipping HLS.S30.T10TDL.2021210T190919.v2.0
[6988/8861] [6994] all outputs exist; skipping HLS.S30.T10TCL.2021210T190919.v2.0
[6989/8861] [6995] all outputs exist; skipping HLS.S30.T10TDK.2021210T190919.v2.0
[6990/8861] [6996] all outputs exist; skipping HLS.S30.T10TCK.2021210T190919.v2.0
[6991/8861] [6960] HLS.S30.T11SQA.2021210T181921.v2.0: SKIP NoDataInBounds (field does not intersect FMASK)
[6992/8861] [6970] HLS.L30.T10SGC.2021210T183433.v2.0: SKIP NoDataInBounds (field does not intersect FMASK)
[6993/8861] [6963] HLS.S30.T12STE.2021210T181921.v2.0: SKIP NoDataInBounds (field does not intersect FMASK)
[6994/8861] [7000] all outputs exist; skipping HLS.S30.T10TGM.2021211T183919.v2.0
[6995/8861] [7001] all outputs exist; skipping HLS.S30.T11TKG.2021211T183919.v2.0
[6996/8861] [6961] HLS.S30.T11SPA.2021210T181921.v2.0: SKIP NoDataInBounds (field does not intersect FMASK)
[6997/8861] [6980] HLS.L30.T11SKS.2021210T183457.v2.0: SKIP NoDataInBounds (field does not intersect FMASK)
[6998/8861] [6983] HLS.S30.T12STB.2021210T181921.v2.0: SKIP NoDataInBounds (field does not intersect FMASK)
[6999/8861] [7005] all outputs exist; skipping HLS.S30.T11TKF.2021211T183919.v2.0
[7000/8861] [7006] all outputs exist; skipping HLS.S30.T10TGL.2021211T183919.v2.0
[7001/8861] [6989] HLS.S30.T11SNR.2021210T181921.v2.0: SKIP NoDataInBounds (field does not intersect FMASK)
[7002/8861] [6997] HLS.S30.T11TNG.2021211T183919.v2.0: SKIP NoDataInBounds (field does not intersect FMASK)
[7003/8861] [7002] HLS.S30.T11TNF.2021211T183919.v2.0: SKIP NoDataInBounds (field does not intersect FMASK)
[7004/8861] [6998] HLS.S30.T11TMG.2021211T183919.v2.0: SKIP NoDataInBounds (field does not intersect FMASK)
[7005/8861] [7011] all outputs exist; skipping HLS.S30.T11TKE.2021211T183919.v2.0
[7006/8861] [7012] all outputs exist; skipping HLS.S30.T10TGK.2021211T183919.v2.0
[7007/8861] [6999] HLS.S30.T11TLG.2021211T183919.v2.0: SKIP NoDataInBounds (field does not intersect FMASK)
[7008/8861] [7003] HLS.S30.T11TMF.2021211T183919.v2.0: SKIP NoDataInBounds (field does not intersect FMASK)
[7009/8861] [7015] all outputs exist; skipping HLS.S30.T11SKD.2021211T183919.v2.0
[7010/8861] [7016] all outputs exist; skipping HLS.S30.T10SGJ.2021211T183919.v2.0
[7011/8861] [7004] HLS.S30.T11TLF.2021211T183919.v2.0: SKIP NoDataInBounds (field does not intersect FMASK)
[7012/8861] [7018] all outputs exist; skipping HLS.S30.T10SFJ.2021211T183919.v2.0
[7013/8861] [7019] all outputs exist; skipping HLS.S30.T11SLC.2021211T183919.v2.0
[7014/8861] [7020] all outputs exist; skipping HLS.S30.T11SKC.2021211T183919.v2.0
[7015/8861] [7021] all outputs exist; skipping HLS.S30.T10SGH.2021211T183919.v2.0
[7016/8861] [7022] all outputs exist; skipping HLS.S30.T10SFH.2021211T183919.v2.0
[7017/8861] [7023] all outputs exist; skipping HLS.S30.T11SMB.2021211T183919.v2.0
[7018/8861] [7024] all outputs exist; skipping HLS.S30.T11SLB.2021211T183919.v2.0
[7019/8861] [7025] all outputs exist; skipping HLS.S30.T11SKB.2021211T183919.v2.0
[7020/8861] [7026] all outputs exist; skipping HLS.S30.T10SGG.2021211T183919.v2.0
[7021/8861] [7027] all outputs exist; skipping HLS.S30.T11SMA.2021211T183919.v2.0
[7022/8861] [7028] all outputs exist; skipping HLS.S30.T10SFG.2021211T183919.v2.0
[7023/8861] [7029] all outputs exist; skipping HLS.S30.T11SLA.2021211T183919.v2.0
[7024/8861] [7030] all outputs exist; skipping HLS.S30.T11SKA.2021211T183919.v2.0
[7025/8861] [7031] all outputs exist; skipping HLS.S30.T10SGF.2021211T183919.v2.0
[7026/8861] [7032] all outputs exist; skipping HLS.S30.T10SFF.2021211T183919.v2.0
[7027/8861] [7033] all outputs exist; skipping HLS.S30.T11SLV.2021211T183919.v2.0
[7028/8861] [7034] all outputs exist; skipping HLS.S30.T11SKV.2021211T183919.v2.0
[7029/8861] [7035] all outputs exist; skipping HLS.S30.T10SGE.2021211T183919.v2.0
[7030/8861] [7036] all outputs exist; skipping HLS.S30.T10SFE.2021211T183919.v2.0
[7031/8861] [7037] all outputs exist; skipping HLS.S30.T11SLU.2021211T183919.v2.0
[7032/8861] [7038] all outputs exist; skipping HLS.S30.T11SKU.2021211T183919.v2.0
[7033/8861] [7039] all outputs exist; skipping HLS.S30.T10SGD.2021211T183919.v2.0
[7034/8861] [7040] all outputs exist; skipping HLS.S30.T10SFD.2021211T183919.v2.0
[7035/8861] [7041] all outputs exist; skipping HLS.S30.T11SLT.2021211T183919.v2.0
[7036/8861] [7042] all outputs exist; skipping HLS.S30.T11SKT.2021211T183919.v2.0
[7037/8861] [7007] HLS.S30.T11TNE.2021211T183919.v2.0: SKIP NoDataInBounds (field does not intersect FMASK)
[7038/8861] [7008] HLS.S30.T11TME.2021211T183919.v2.0: SKIP NoDataInBounds (field does not intersect FMASK)
[7039/8861] [7009] HLS.S30.T11TLE.2021211T183919.v2.0: SKIP NoDataInBounds (field does not intersect FMASK)
[7040/8861] [7010] HLS.S30.T11SND.2021211T183919.v2.0: SKIP NoDataInBounds (field does not intersect FMASK)
[7041/8861] [7013] HLS.S30.T11SMD.2021211T183919.v2.0: SKIP NoDataInBounds (field does not intersect FMASK)
[7042/8861] [7014] HLS.S30.T11SLD.2021211T183919.v2.0: SKIP NoDataInBounds (field does not intersect FMASK)
[7043/8861] [7043] HLS.S30.T10SGC.2021211T183919.v2.0: SKIP NoDataInBounds (field does not intersect FMASK)
[7044/8861] [7017] HLS.S30.T11SMC.2021211T183919.v2.0: SKIP NoDataInBounds (field does not intersect FMASK)
[7045/8861] [7044] HLS.S30.T11SKS.2021211T183919.v2.0: SKIP NoDataInBounds (field does not intersect FMASK)
[7046/8861] [7045] HLS.L30.T11TQG.2021212T181949.v2.0: SKIP NoDataInBounds (field does not intersect FMASK)
[7047/8861] [7046] HLS.L30.T11TPG.2021212T181949.v2.0: SKIP NoDataInBounds (field does not intersect FMASK)
[7048/8861] [7048] HLS.L30.T11TPF.2021212T182013.v2.0: SKIP NoDataInBounds (field does not intersect FMASK)
[7049/8861] [7047] HLS.L30.T12TTM.2021212T181949.v2.0: SKIP NoDataInBounds (field does not intersect FMASK)
[7050/8861] [7049] HLS.L30.T11TNG.2021212T182013.v2.0: SKIP NoDataInBounds (field does not intersect FMASK)
[7051/8861] [7050] HLS.L30.T11TNF.2021212T182013.v2.0: SKIP NoDataInBounds (field does not intersect FMASK)
[7052/8861] [7051] HLS.L30.T11TQF.2021212T182013.v2.0: SKIP NoDataInBounds (field does not intersect FMASK)
[7053/8861] [7052] HLS.L30.T12TTL.2021212T182013.v2.0: SKIP NoDataInBounds (field does not intersect FMASK)
[7054/8861] [7053] HLS.L30.T11TPG.2021212T182013.v2.0: SKIP NoDataInBounds (field does not intersect FMASK)
[7055/8861] [7054] HLS.L30.T11TQE.2021212T182036.v2.0: SKIP NoDataInBounds (field does not intersect FMASK)
[7056/8861] [7055] HLS.L30.T12TTK.2021212T182036.v2.0: SKIP NoDataInBounds (field does not intersect FMASK)
[7057/8861] [7057] HLS.L30.T11TPE.2021212T182036.v2.0: SKIP NoDataInBounds (field does not intersect FMASK)
[7058/8861] [7056] HLS.L30.T11SQD.2021212T182036.v2.0: SKIP NoDataInBounds (field does not intersect FMASK)
[7059/8861] [7058] HLS.L30.T11SND.2021212T182036.v2.0: SKIP NoDataInBounds (field does not intersect FMASK)
[7060/8861] [7060] HLS.L30.T11TNE.2021212T182036.v2.0: SKIP NoDataInBounds (field does not intersect FMASK)
[7061/8861] [7059] HLS.L30.T11SPD.2021212T182036.v2.0: SKIP NoDataInBounds (field does not intersect FMASK)
[7062/8861] [7068] all outputs exist; skipping HLS.L30.T11SMB.2021212T182124.v2.0
[7063/8861] [7062] HLS.L30.T11SQC.2021212T182100.v2.0: SKIP NoDataInBounds (field does not intersect FMASK)
[7064/8861] [7061] HLS.L30.T12STJ.2021212T182036.v2.0: SKIP NoDataInBounds (field does not intersect FMASK)
[7065/8861] [7065] HLS.L30.T11SPC.2021212T182100.v2.0: SKIP NoDataInBounds (field does not intersect FMASK)
[7066/8861] [7072] all outputs exist; skipping HLS.L30.T11SMA.2021212T182124.v2.0
[7067/8861] [7073] all outputs exist; skipping HLS.L30.T11SNA.2021212T182124.v2.0
[7068/8861] [7074] all outputs exist; skipping HLS.L30.T11SMV.2021212T182148.v2.0
[7069/8861] [7075] all outputs exist; skipping HLS.L30.T11SNV.2021212T182148.v2.0
[7070/8861] [7076] all outputs exist; skipping HLS.L30.T11SNU.2021212T182148.v2.0
[7071/8861] [7077] all outputs exist; skipping HLS.L30.T11SPU.2021212T182148.v2.0
[7072/8861] [7078] all outputs exist; skipping HLS.L30.T11SPV.2021212T182148.v2.0
[7073/8861] [7079] all outputs exist; skipping HLS.L30.T11SPT.2021212T182212.v2.0
[7074/8861] [7080] all outputs exist; skipping HLS.L30.T11SLT.2021212T182212.v2.0
[7075/8861] [7081] all outputs exist; skipping HLS.L30.T11SMU.2021212T182212.v2.0
[7076/8861] [7082] all outputs exist; skipping HLS.L30.T11SNT.2021212T182212.v2.0
[7077/8861] [7083] all outputs exist; skipping HLS.L30.T11SMT.2021212T182212.v2.0
[7078/8861] [7063] HLS.L30.T12STH.2021212T182100.v2.0: SKIP NoDataInBounds (field does not intersect FMASK)
[7079/8861] [7085] all outputs exist; skipping HLS.L30.T11SMS.2021212T182236.v2.0
[7080/8861] [7086] all outputs exist; skipping HLS.L30.T11SNS.2021212T182236.v2.0
[7081/8861] [7064] HLS.L30.T11SNC.2021212T182100.v2.0: SKIP NoDataInBounds (field does not intersect FMASK)
[7082/8861] [7088] all outputs exist; skipping HLS.L30.T11SMR.2021212T182236.v2.0
[7083/8861] [7089] all outputs exist; skipping HLS.L30.T11SLT.2021212T182236.v2.0
[7084/8861] [7066] HLS.L30.T11SPB.2021212T182124.v2.0: SKIP NoDataInBounds (field does not intersect FMASK)
[7085/8861] [7091] all outputs exist; skipping HLS.S30.T11SQV.2021212T180919.v2.0
[7086/8861] [7092] all outputs exist; skipping HLS.S30.T12STD.2021212T180919.v2.0
[7087/8861] [7093] all outputs exist; skipping HLS.S30.T11SQU.2021212T180919.v2.0
[7088/8861] [7094] all outputs exist; skipping HLS.S30.T12STC.2021212T180919.v2.0
[7089/8861] [7095] all outputs exist; skipping HLS.S30.T11SQT.2021212T180919.v2.0
[7090/8861] [7069] HLS.L30.T11SNB.2021212T182124.v2.0: SKIP NoDataInBounds (field does not intersect FMASK)
[7091/8861] [7097] all outputs exist; skipping HLS.S30.T11SQS.2021212T180919.v2.0
[7092/8861] [7098] all outputs exist; skipping HLS.S30.T11SPS.2021212T180919.v2.0
[7093/8861] [7099] all outputs exist; skipping HLS.S30.T10TEM.2021212T185921.v2.0
[7094/8861] [7100] all outputs exist; skipping HLS.S30.T10TDM.2021212T185921.v2.0
[7095/8861] [7101] all outputs exist; skipping HLS.S30.T10TCM.2021212T185921.v2.0
[7096/8861] [7102] all outputs exist; skipping HLS.S30.T10TFL.2021212T185921.v2.0
[7097/8861] [7103] all outputs exist; skipping HLS.S30.T10TEL.2021212T185921.v2.0
[7098/8861] [7104] all outputs exist; skipping HLS.S30.T10TDL.2021212T185921.v2.0
[7099/8861] [7105] all outputs exist; skipping HLS.S30.T10TFK.2021212T185921.v2.0
[7100/8861] [7106] all outputs exist; skipping HLS.S30.T10TCL.2021212T185921.v2.0
[7101/8861] [7107] all outputs exist; skipping HLS.S30.T10TEK.2021212T185921.v2.0
[7102/8861] [7108] all outputs exist; skipping HLS.S30.T10TDK.2021212T185921.v2.0
[7103/8861] [7109] all outputs exist; skipping HLS.S30.T10TCK.2021212T185921.v2.0
[7104/8861] [7110] all outputs exist; skipping HLS.S30.T10SEJ.2021212T185921.v2.0
[7105/8861] [7111] all outputs exist; skipping HLS.S30.T10SDJ.2021212T185921.v2.0
[7106/8861] [7112] all outputs exist; skipping HLS.S30.T10SEH.2021212T185921.v2.0
[7107/8861] [7113] all outputs exist; skipping HLS.S30.T10SDH.2021212T185921.v2.0
[7108/8861] [7114] all outputs exist; skipping HLS.S30.T10SEG.2021212T185921.v2.0
[7109/8861] [7067] HLS.L30.T11SPA.2021212T182124.v2.0: SKIP NoDataInBounds (field does not intersect FMASK)
[7110/8861] [7116] all outputs exist; skipping HLS.S30.T10SEF.2021212T185921.v2.0
[7111/8861] [7071] HLS.L30.T11SQB.2021212T182124.v2.0: SKIP NoDataInBounds (field does not intersect FMASK)
[7112/8861] [7070] HLS.L30.T11SMC.2021212T182124.v2.0: SKIP NoDataInBounds (field does not intersect FMASK)
[7113/8861] [7087] HLS.L30.T11SLS.2021212T182236.v2.0: SKIP NoDataInBounds (field does not intersect FMASK)
[7114/8861] [7084] HLS.L30.T11SNR.2021212T182236.v2.0: SKIP NoDataInBounds (field does not intersect FMASK)
[7115/8861] [7090] HLS.S30.T12STE.2021212T180919.v2.0: SKIP NoDataInBounds (field does not intersect FMASK)
[7116/8861] [7096] HLS.S30.T12STB.2021212T180919.v2.0: SKIP NoDataInBounds (field does not intersect FMASK)
[7117/8861] [7115] HLS.S30.T10SDG.2021212T185921.v2.0: SKIP NoDataInBounds (field does not intersect FMASK)
[7118/8861] [7117] HLS.S30.T11TQG.2021213T182921.v2.0: SKIP NoDataInBounds (field does not intersect FMASK)
[7119/8861] [7118] HLS.S30.T12TTM.2021213T182921.v2.0: SKIP NoDataInBounds (field does not intersect FMASK)
[7120/8861] [7119] HLS.S30.T11TPG.2021213T182921.v2.0: SKIP NoDataInBounds (field does not intersect FMASK)
[7121/8861] [7120] HLS.S30.T11TNG.2021213T182921.v2.0: SKIP NoDataInBounds (field does not intersect FMASK)
[7122/8861] [7122] HLS.S30.T12TTL.2021213T182921.v2.0: SKIP NoDataInBounds (field does not intersect FMASK)
[7123/8861] [7121] HLS.S30.T11TMG.2021213T182921.v2.0: SKIP NoDataInBounds (field does not intersect FMASK)
[7124/8861] [7123] HLS.S30.T11TQF.2021213T182921.v2.0: SKIP NoDataInBounds (field does not intersect FMASK)
[7125/8861] [7124] HLS.S30.T11TPF.2021213T182921.v2.0: SKIP NoDataInBounds (field does not intersect FMASK)
[7126/8861] [7125] HLS.S30.T11TNF.2021213T182921.v2.0: SKIP NoDataInBounds (field does not intersect FMASK)
[7127/8861] [7126] HLS.S30.T11TMF.2021213T182921.v2.0: SKIP NoDataInBounds (field does not intersect FMASK)
[7128/8861] [7127] HLS.S30.T12TTK.2021213T182921.v2.0: SKIP NoDataInBounds (field does not intersect FMASK)
[7129/8861] [7130] HLS.S30.T11TNE.2021213T182921.v2.0: SKIP NoDataInBounds (field does not intersect FMASK)
[7130/8861] [7128] HLS.S30.T11TQE.2021213T182921.v2.0: SKIP NoDataInBounds (field does not intersect FMASK)
[7131/8861] [7129] HLS.S30.T11TPE.2021213T182921.v2.0: SKIP NoDataInBounds (field does not intersect FMASK)
[7132/8861] [7132] HLS.S30.T11TME.2021213T182921.v2.0: SKIP NoDataInBounds (field does not intersect FMASK)
[7133/8861] [7131] HLS.S30.T12STJ.2021213T182921.v2.0: SKIP NoDataInBounds (field does not intersect FMASK)
[7134/8861] [7133] HLS.S30.T11SQD.2021213T182921.v2.0: SKIP NoDataInBounds (field does not intersect FMASK)
[7135/8861] [7141] all outputs exist; skipping HLS.S30.T11SLC.2021213T182921.v2.0
[7136/8861] [7134] HLS.S30.T11SPD.2021213T182921.v2.0: SKIP NoDataInBounds (field does not intersect FMASK)
[7137/8861] [7135] HLS.S30.T11SND.2021213T182921.v2.0: SKIP NoDataInBounds (field does not intersect FMASK)
[7138/8861] [7144] all outputs exist; skipping HLS.S30.T11SMB.2021213T182921.v2.0
[7139/8861] [7145] all outputs exist; skipping HLS.S30.T11SLB.2021213T182921.v2.0
[7140/8861] [7138] HLS.S30.T11SLD.2021213T182921.v2.0: SKIP NoDataInBounds (field does not intersect FMASK)
[7141/8861] [7147] all outputs exist; skipping HLS.S30.T11SNA.2021213T182921.v2.0
[7142/8861] [7148] all outputs exist; skipping HLS.S30.T11SMA.2021213T182921.v2.0
[7143/8861] [7149] all outputs exist; skipping HLS.S30.T11SLA.2021213T182921.v2.0
[7144/8861] [7150] all outputs exist; skipping HLS.S30.T11SPV.2021213T182921.v2.0
[7145/8861] [7151] all outputs exist; skipping HLS.S30.T11SNV.2021213T182921.v2.0
[7146/8861] [7152] all outputs exist; skipping HLS.S30.T11SPU.2021213T182921.v2.0
[7147/8861] [7153] all outputs exist; skipping HLS.S30.T11SMV.2021213T182921.v2.0
[7148/8861] [7154] all outputs exist; skipping HLS.S30.T11SLV.2021213T182921.v2.0
[7149/8861] [7155] all outputs exist; skipping HLS.S30.T11SNU.2021213T182921.v2.0
[7150/8861] [7156] all outputs exist; skipping HLS.S30.T11SKV.2021213T182921.v2.0
[7151/8861] [7157] all outputs exist; skipping HLS.S30.T11SMU.2021213T182921.v2.0
[7152/8861] [7158] all outputs exist; skipping HLS.S30.T11SLU.2021213T182921.v2.0
[7153/8861] [7159] all outputs exist; skipping HLS.S30.T11SKU.2021213T182921.v2.0
[7154/8861] [7160] all outputs exist; skipping HLS.S30.T11SNT.2021213T182921.v2.0
[7155/8861] [7161] all outputs exist; skipping HLS.S30.T11SMT.2021213T182921.v2.0
[7156/8861] [7162] all outputs exist; skipping HLS.S30.T11SLT.2021213T182921.v2.0
[7157/8861] [7163] all outputs exist; skipping HLS.S30.T11SKT.2021213T182921.v2.0
[7158/8861] [7164] all outputs exist; skipping HLS.S30.T11SNS.2021213T182921.v2.0
[7159/8861] [7165] all outputs exist; skipping HLS.S30.T11SMS.2021213T182921.v2.0
[7160/8861] [7136] HLS.S30.T11SMD.2021213T182921.v2.0: SKIP NoDataInBounds (field does not intersect FMASK)
[7161/8861] [7137] HLS.S30.T11SPC.2021213T182921.v2.0: SKIP NoDataInBounds (field does not intersect FMASK)
[7162/8861] [7139] HLS.S30.T11SNC.2021213T182921.v2.0: SKIP NoDataInBounds (field does not intersect FMASK)
[7163/8861] [7169] all outputs exist; skipping HLS.S30.T11SMR.2021213T182921.v2.0
[7164/8861] [7170] all outputs exist; skipping HLS.L30.T10TDM.2021213T190305.v2.0
[7165/8861] [7171] all outputs exist; skipping HLS.L30.T10TCM.2021213T190305.v2.0
[7166/8861] [7172] all outputs exist; skipping HLS.L30.T10TCL.2021213T190329.v2.0
[7167/8861] [7140] HLS.S30.T11SMC.2021213T182921.v2.0: SKIP NoDataInBounds (field does not intersect FMASK)
[7168/8861] [7142] HLS.S30.T11SPB.2021213T182921.v2.0: SKIP NoDataInBounds (field does not intersect FMASK)
[7169/8861] [7143] HLS.S30.T11SNB.2021213T182921.v2.0: SKIP NoDataInBounds (field does not intersect FMASK)
[7170/8861] [7176] all outputs exist; skipping HLS.L30.T12STD.2021214T180927.v2.0
[7171/8861] [7177] all outputs exist; skipping HLS.L30.T11SQV.2021214T180927.v2.0
[7172/8861] [7178] all outputs exist; skipping HLS.L30.T11SQU.2021214T180951.v2.0
[7173/8861] [7179] all outputs exist; skipping HLS.L30.T11SPU.2021214T180951.v2.0
[7174/8861] [7180] all outputs exist; skipping HLS.L30.T11SQT.2021214T180951.v2.0
[7175/8861] [7181] all outputs exist; skipping HLS.L30.T12STC.2021214T180951.v2.0
[7176/8861] [7182] all outputs exist; skipping HLS.L30.T11SPT.2021214T180951.v2.0
[7177/8861] [7183] all outputs exist; skipping HLS.L30.T12STD.2021214T180951.v2.0
[7178/8861] [7184] all outputs exist; skipping HLS.L30.T11SQS.2021214T181015.v2.0
[7179/8861] [7146] HLS.S30.T11SPA.2021213T182921.v2.0: SKIP NoDataInBounds (field does not intersect FMASK)
[7180/8861] [7186] all outputs exist; skipping HLS.L30.T11SPS.2021214T181015.v2.0
[7181/8861] [7173] HLS.L30.T11SQA.2021214T180903.v2.0: SKIP NoDataInBounds (field does not intersect FMASK)
[7182/8861] [7188] all outputs exist; skipping HLS.S30.T10TGM.2021214T184919.v2.0
[7183/8861] [7189] all outputs exist; skipping HLS.S30.T11TKG.2021214T184919.v2.0
[7184/8861] [7190] all outputs exist; skipping HLS.S30.T10TFM.2021214T184919.v2.0
[7185/8861] [7191] all outputs exist; skipping HLS.S30.T10TEM.2021214T184919.v2.0
[7186/8861] [7166] HLS.S30.T11SLS.2021213T182921.v2.0: SKIP NoDataInBounds (field does not intersect FMASK)
[7187/8861] [7193] all outputs exist; skipping HLS.S30.T11TKF.2021214T184919.v2.0
[7188/8861] [7194] all outputs exist; skipping HLS.S30.T10TGL.2021214T184919.v2.0
[7189/8861] [7195] all outputs exist; skipping HLS.S30.T10TFL.2021214T184919.v2.0
[7190/8861] [7167] HLS.S30.T11SKS.2021213T182921.v2.0: SKIP NoDataInBounds (field does not intersect FMASK)
[7191/8861] [7197] all outputs exist; skipping HLS.S30.T10TEL.2021214T184919.v2.0
[7192/8861] [7198] all outputs exist; skipping HLS.S30.T11TKE.2021214T184919.v2.0
[7193/8861] [7199] all outputs exist; skipping HLS.S30.T10TGK.2021214T184919.v2.0
[7194/8861] [7200] all outputs exist; skipping HLS.S30.T10TFK.2021214T184919.v2.0
[7195/8861] [7201] all outputs exist; skipping HLS.S30.T10TEK.2021214T184919.v2.0
[7196/8861] [7202] all outputs exist; skipping HLS.S30.T11SKD.2021214T184919.v2.0
[7197/8861] [7203] all outputs exist; skipping HLS.S30.T10SGJ.2021214T184919.v2.0
[7198/8861] [7204] all outputs exist; skipping HLS.S30.T10SFJ.2021214T184919.v2.0
[7199/8861] [7205] all outputs exist; skipping HLS.S30.T10SEJ.2021214T184919.v2.0
[7200/8861] [7206] all outputs exist; skipping HLS.S30.T10SDJ.2021214T184919.v2.0
[7201/8861] [7207] all outputs exist; skipping HLS.S30.T11SKC.2021214T184919.v2.0
[7202/8861] [7208] all outputs exist; skipping HLS.S30.T10SGH.2021214T184919.v2.0
[7203/8861] [7209] all outputs exist; skipping HLS.S30.T10SFH.2021214T184919.v2.0
[7204/8861] [7210] all outputs exist; skipping HLS.S30.T10SEH.2021214T184919.v2.0
[7205/8861] [7211] all outputs exist; skipping HLS.S30.T10SDH.2021214T184919.v2.0
[7206/8861] [7212] all outputs exist; skipping HLS.S30.T11SKB.2021214T184919.v2.0
[7207/8861] [7213] all outputs exist; skipping HLS.S30.T10SGG.2021214T184919.v2.0
[7208/8861] [7214] all outputs exist; skipping HLS.S30.T10SFG.2021214T184919.v2.0
[7209/8861] [7215] all outputs exist; skipping HLS.S30.T11SKA.2021214T184919.v2.0
[7210/8861] [7216] all outputs exist; skipping HLS.S30.T10SEG.2021214T184919.v2.0
[7211/8861] [7174] HLS.L30.T12STF.2021214T180903.v2.0: SKIP NoDataInBounds (field does not intersect FMASK)
[7212/8861] [7218] all outputs exist; skipping HLS.S30.T10SGF.2021214T184919.v2.0
[7213/8861] [7168] HLS.S30.T11SNR.2021213T182921.v2.0: SKIP NoDataInBounds (field does not intersect FMASK)
[7214/8861] [7219] all outputs exist; skipping HLS.S30.T10SFF.2021214T184919.v2.0
[7215/8861] [7220] all outputs exist; skipping HLS.S30.T10SEF.2021214T184919.v2.0
[7216/8861] [7221] all outputs exist; skipping HLS.S30.T10SGE.2021214T184919.v2.0
[7217/8861] [7222] all outputs exist; skipping HLS.S30.T10SFE.2021214T184919.v2.0
[7218/8861] [7223] all outputs exist; skipping HLS.S30.T10SFD.2021214T184919.v2.0
[7219/8861] [7175] HLS.L30.T12STE.2021214T180927.v2.0: SKIP NoDataInBounds (field does not intersect FMASK)
[7220/8861] [7185] HLS.L30.T12STB.2021214T181015.v2.0: SKIP NoDataInBounds (field does not intersect FMASK)
[7221/8861] [7187] HLS.S30.T11TLG.2021214T184919.v2.0: SKIP NoDataInBounds (field does not intersect FMASK)
[7222/8861] [7196] HLS.S30.T11TLE.2021214T184919.v2.0: SKIP NoDataInBounds (field does not intersect FMASK)
[7223/8861] [7192] HLS.S30.T11TLF.2021214T184919.v2.0: SKIP NoDataInBounds (field does not intersect FMASK)
[7224/8861] [7217] HLS.S30.T10SDG.2021214T184919.v2.0: SKIP NoDataInBounds (field does not intersect FMASK)
[7225/8861] [7225] HLS.S30.T12TTM.2021215T181919.v2.0: SKIP NoDataInBounds (field does not intersect FMASK)
[7226/8861] [7224] HLS.S30.T11TQG.2021215T181919.v2.0: SKIP NoDataInBounds (field does not intersect FMASK)
[7227/8861] [7226] HLS.S30.T11TPG.2021215T181919.v2.0: SKIP NoDataInBounds (field does not intersect FMASK)
[7228/8861] [7227] HLS.S30.T12TTL.2021215T181919.v2.0: SKIP NoDataInBounds (field does not intersect FMASK)
[7229/8861] [7228] HLS.S30.T11TQF.2021215T181919.v2.0: SKIP NoDataInBounds (field does not intersect FMASK)
[7230/8861] [7229] HLS.S30.T11TPF.2021215T181919.v2.0: SKIP NoDataInBounds (field does not intersect FMASK)
[7231/8861] [7230] HLS.S30.T12TTK.2021215T181919.v2.0: SKIP NoDataInBounds (field does not intersect FMASK)
[7232/8861] [7231] HLS.S30.T11TQE.2021215T181919.v2.0: SKIP NoDataInBounds (field does not intersect FMASK)
[7233/8861] [7235] HLS.S30.T11SPD.2021215T181919.v2.0: SKIP NoDataInBounds (field does not intersect FMASK)
[7234/8861] [7234] HLS.S30.T11SQD.2021215T181919.v2.0: SKIP NoDataInBounds (field does not intersect FMASK)
[7235/8861] [7232] HLS.S30.T11TPE.2021215T181919.v2.0: SKIP NoDataInBounds (field does not intersect FMASK)
[7236/8861] [7233] HLS.S30.T12STJ.2021215T181919.v2.0: SKIP NoDataInBounds (field does not intersect FMASK)
[7237/8861] [7236] HLS.S30.T12STH.2021215T181919.v2.0: SKIP NoDataInBounds (field does not intersect FMASK)
[7238/8861] [7238] HLS.S30.T11SPC.2021215T181919.v2.0: SKIP NoDataInBounds (field does not intersect FMASK)
[7239/8861] [7237] HLS.S30.T11SQC.2021215T181919.v2.0: SKIP NoDataInBounds (field does not intersect FMASK)
[7240/8861] [7239] HLS.S30.T11SNC.2021215T181919.v2.0: SKIP NoDataInBounds (field does not intersect FMASK)
[7241/8861] [7247] all outputs exist; skipping HLS.S30.T11SNA.2021215T181919.v2.0
[7242/8861] [7240] HLS.S30.T12STG.2021215T181919.v2.0: SKIP NoDataInBounds (field does not intersect FMASK)
[7243/8861] [7249] all outputs exist; skipping HLS.S30.T11SQV.2021215T181919.v2.0
[7244/8861] [7250] all outputs exist; skipping HLS.S30.T11SPV.2021215T181919.v2.0
[7245/8861] [7251] all outputs exist; skipping HLS.S30.T11SNV.2021215T181919.v2.0
[7246/8861] [7252] all outputs exist; skipping HLS.S30.T12STD.2021215T181919.v2.0
[7247/8861] [7253] all outputs exist; skipping HLS.S30.T11SQU.2021215T181919.v2.0
[7248/8861] [7254] all outputs exist; skipping HLS.S30.T11SPU.2021215T181919.v2.0
[7249/8861] [7255] all outputs exist; skipping HLS.S30.T11SNU.2021215T181919.v2.0
[7250/8861] [7256] all outputs exist; skipping HLS.S30.T12STC.2021215T181919.v2.0
[7251/8861] [7257] all outputs exist; skipping HLS.S30.T11SQT.2021215T181919.v2.0
[7252/8861] [7258] all outputs exist; skipping HLS.S30.T11SPT.2021215T181919.v2.0
[7253/8861] [7259] all outputs exist; skipping HLS.S30.T11SNT.2021215T181919.v2.0
[7254/8861] [7242] HLS.S30.T11SPB.2021215T181919.v2.0: SKIP NoDataInBounds (field does not intersect FMASK)
[7255/8861] [7261] all outputs exist; skipping HLS.S30.T11SMT.2021215T181919.v2.0
[7256/8861] [7262] all outputs exist; skipping HLS.S30.T11SQS.2021215T181919.v2.0
[7257/8861] [7263] all outputs exist; skipping HLS.S30.T11SPS.2021215T181919.v2.0
[7258/8861] [7264] all outputs exist; skipping HLS.S30.T11SNS.2021215T181919.v2.0
[7259/8861] [7265] all outputs exist; skipping HLS.S30.T11SMS.2021215T181919.v2.0
[7260/8861] [7243] HLS.S30.T11SNB.2021215T181919.v2.0: SKIP NoDataInBounds (field does not intersect FMASK)
[7261/8861] [7267] all outputs exist; skipping HLS.S30.T11SMR.2021215T181919.v2.0
[7262/8861] [7268] all outputs exist; skipping HLS.L30.T10TFM.2021215T185044.v2.0
[7263/8861] [7269] all outputs exist; skipping HLS.L30.T10TEM.2021215T185044.v2.0
[7264/8861] [7270] all outputs exist; skipping HLS.L30.T10TFL.2021215T185108.v2.0
[7265/8861] [7271] all outputs exist; skipping HLS.L30.T10TDM.2021215T185108.v2.0
[7266/8861] [7272] all outputs exist; skipping HLS.L30.T10TDL.2021215T185108.v2.0
[7267/8861] [7273] all outputs exist; skipping HLS.L30.T10TEL.2021215T185108.v2.0
[7268/8861] [7274] all outputs exist; skipping HLS.L30.T10TFK.2021215T185132.v2.0
[7269/8861] [7275] all outputs exist; skipping HLS.L30.T10TEK.2021215T185132.v2.0
[7270/8861] [7276] all outputs exist; skipping HLS.L30.T10SEJ.2021215T185132.v2.0
[7271/8861] [7277] all outputs exist; skipping HLS.L30.T10TCK.2021215T185132.v2.0
[7272/8861] [7278] all outputs exist; skipping HLS.L30.T10SDJ.2021215T185132.v2.0
[7273/8861] [7279] all outputs exist; skipping HLS.L30.T10TDK.2021215T185132.v2.0
[7274/8861] [7280] all outputs exist; skipping HLS.L30.T10SEH.2021215T185156.v2.0
[7275/8861] [7281] all outputs exist; skipping HLS.L30.T10SDH.2021215T185156.v2.0
[7276/8861] [7282] all outputs exist; skipping HLS.L30.T10SEG.2021215T185220.v2.0
[7277/8861] [7241] HLS.S30.T11SQB.2021215T181919.v2.0: SKIP NoDataInBounds (field does not intersect FMASK)
[7278/8861] [7284] all outputs exist; skipping HLS.L30.T10SEF.2021215T185220.v2.0
[7279/8861] [7285] all outputs exist; skipping HLS.S30.T10TDM.2021215T190921.v2.0
[7280/8861] [7286] all outputs exist; skipping HLS.S30.T10TCM.2021215T190921.v2.0
[7281/8861] [7287] all outputs exist; skipping HLS.S30.T10TDL.2021215T190921.v2.0
[7282/8861] [7288] all outputs exist; skipping HLS.S30.T10TCL.2021215T190921.v2.0
[7283/8861] [7289] all outputs exist; skipping HLS.S30.T10TDK.2021215T190921.v2.0
[7284/8861] [7290] all outputs exist; skipping HLS.S30.T10TCK.2021215T190921.v2.0
[7285/8861] [7244] HLS.S30.T12STF.2021215T181919.v2.0: SKIP NoDataInBounds (field does not intersect FMASK)
[7286/8861] [7245] HLS.S30.T11SQA.2021215T181919.v2.0: SKIP NoDataInBounds (field does not intersect FMASK)
[7287/8861] [7246] HLS.S30.T11SPA.2021215T181919.v2.0: SKIP NoDataInBounds (field does not intersect FMASK)
[7288/8861] [7294] all outputs exist; skipping HLS.S30.T10TGM.2021216T183921.v2.0
[7289/8861] [7295] all outputs exist; skipping HLS.S30.T11TKG.2021216T183921.v2.0
[7290/8861] [7248] HLS.S30.T12STE.2021215T181919.v2.0: SKIP NoDataInBounds (field does not intersect FMASK)
[7291/8861] [7283] HLS.L30.T10SDG.2021215T185220.v2.0: SKIP NoDataInBounds (field does not intersect FMASK)
[7292/8861] [7266] HLS.S30.T11SNR.2021215T181919.v2.0: SKIP NoDataInBounds (field does not intersect FMASK)
[7293/8861] [7299] all outputs exist; skipping HLS.S30.T11TKF.2021216T183921.v2.0
[7294/8861] [7300] all outputs exist; skipping HLS.S30.T10TGL.2021216T183921.v2.0
[7295/8861] [7260] HLS.S30.T12STB.2021215T181919.v2.0: SKIP NoDataInBounds (field does not intersect FMASK)
[7296/8861] [7291] HLS.S30.T11TNG.2021216T183921.v2.0: SKIP NoDataInBounds (field does not intersect FMASK)
[7297/8861] [7292] HLS.S30.T11TMG.2021216T183921.v2.0: SKIP NoDataInBounds (field does not intersect FMASK)
[7298/8861] [7296] HLS.S30.T11TNF.2021216T183921.v2.0: SKIP NoDataInBounds (field does not intersect FMASK)
[7299/8861] [7305] all outputs exist; skipping HLS.S30.T11TKE.2021216T183921.v2.0
[7300/8861] [7306] all outputs exist; skipping HLS.S30.T10TGK.2021216T183921.v2.0
[7301/8861] [7293] HLS.S30.T11TLG.2021216T183921.v2.0: SKIP NoDataInBounds (field does not intersect FMASK)
[7302/8861] [7297] HLS.S30.T11TMF.2021216T183921.v2.0: SKIP NoDataInBounds (field does not intersect FMASK)
[7303/8861] [7309] all outputs exist; skipping HLS.S30.T11SKD.2021216T183921.v2.0
[7304/8861] [7310] all outputs exist; skipping HLS.S30.T10SGJ.2021216T183921.v2.0
[7305/8861] [7298] HLS.S30.T11TLF.2021216T183921.v2.0: SKIP NoDataInBounds (field does not intersect FMASK)
[7306/8861] [7312] all outputs exist; skipping HLS.S30.T10SFJ.2021216T183921.v2.0
[7307/8861] [7313] all outputs exist; skipping HLS.S30.T11SLC.2021216T183921.v2.0
[7308/8861] [7314] all outputs exist; skipping HLS.S30.T11SKC.2021216T183921.v2.0
[7309/8861] [7315] all outputs exist; skipping HLS.S30.T10SGH.2021216T183921.v2.0
[7310/8861] [7316] all outputs exist; skipping HLS.S30.T10SFH.2021216T183921.v2.0
[7311/8861] [7317] all outputs exist; skipping HLS.S30.T11SMB.2021216T183921.v2.0
[7312/8861] [7318] all outputs exist; skipping HLS.S30.T11SLB.2021216T183921.v2.0
[7313/8861] [7319] all outputs exist; skipping HLS.S30.T11SKB.2021216T183921.v2.0
[7314/8861] [7302] HLS.S30.T11TME.2021216T183921.v2.0: SKIP NoDataInBounds (field does not intersect FMASK)
[7315/8861] [7320] all outputs exist; skipping HLS.S30.T10SGG.2021216T183921.v2.0
[7316/8861] [7321] all outputs exist; skipping HLS.S30.T11SMA.2021216T183921.v2.0
[7317/8861] [7322] all outputs exist; skipping HLS.S30.T10SFG.2021216T183921.v2.0
[7318/8861] [7301] HLS.S30.T11TNE.2021216T183921.v2.0: SKIP NoDataInBounds (field does not intersect FMASK)
[7319/8861] [7323] all outputs exist; skipping HLS.S30.T11SLA.2021216T183921.v2.0
[7320/8861] [7324] all outputs exist; skipping HLS.S30.T11SKA.2021216T183921.v2.0
[7321/8861] [7325] all outputs exist; skipping HLS.S30.T10SGF.2021216T183921.v2.0
[7322/8861] [7326] all outputs exist; skipping HLS.S30.T10SFF.2021216T183921.v2.0
[7323/8861] [7327] all outputs exist; skipping HLS.S30.T11SLV.2021216T183921.v2.0
[7324/8861] [7328] all outputs exist; skipping HLS.S30.T11SKV.2021216T183921.v2.0
[7325/8861] [7330] all outputs exist; skipping HLS.S30.T10SFE.2021216T183921.v2.0
[7326/8861] [7329] all outputs exist; skipping HLS.S30.T10SGE.2021216T183921.v2.0
[7327/8861] [7331] all outputs exist; skipping HLS.S30.T11SLU.2021216T183921.v2.0
[7328/8861] [7332] all outputs exist; skipping HLS.S30.T11SKU.2021216T183921.v2.0
[7329/8861] [7333] all outputs exist; skipping HLS.S30.T10SGD.2021216T183921.v2.0
[7330/8861] [7334] all outputs exist; skipping HLS.S30.T11SLT.2021216T183921.v2.0
[7331/8861] [7335] all outputs exist; skipping HLS.S30.T11SKT.2021216T183921.v2.0
[7332/8861] [7303] HLS.S30.T11TLE.2021216T183921.v2.0: SKIP NoDataInBounds (field does not intersect FMASK)
[7333/8861] [7304] HLS.S30.T11SND.2021216T183921.v2.0: SKIP NoDataInBounds (field does not intersect FMASK)
[7334/8861] [7340] all outputs exist; skipping HLS.S30.T11SQV.2021217T180921.v2.0
[7335/8861] [7341] all outputs exist; skipping HLS.S30.T12STD.2021217T180921.v2.0
[7336/8861] [7342] all outputs exist; skipping HLS.S30.T11SQU.2021217T180921.v2.0
[7337/8861] [7343] all outputs exist; skipping HLS.S30.T12STC.2021217T180921.v2.0
[7338/8861] [7344] all outputs exist; skipping HLS.S30.T11SQT.2021217T180921.v2.0
[7339/8861] [7307] HLS.S30.T11SMD.2021216T183921.v2.0: SKIP NoDataInBounds (field does not intersect FMASK)
[7340/8861] [7346] all outputs exist; skipping HLS.S30.T11SQS.2021217T180921.v2.0
[7341/8861] [7347] all outputs exist; skipping HLS.S30.T11SPS.2021217T180921.v2.0
[7342/8861] [7308] HLS.S30.T11SLD.2021216T183921.v2.0: SKIP NoDataInBounds (field does not intersect FMASK)
[7343/8861] [7338] HLS.S30.T11SKS.2021216T183921.v2.0: SKIP NoDataInBounds (field does not intersect FMASK)
[7344/8861] [7350] all outputs exist; skipping HLS.L30.T10TFL.2021217T183847.v2.0
[7345/8861] [7351] all outputs exist; skipping HLS.L30.T11TKF.2021217T183847.v2.0
[7346/8861] [7339] HLS.S30.T12STE.2021217T180921.v2.0: SKIP NoDataInBounds (field does not intersect FMASK)
[7347/8861] [7353] all outputs exist; skipping HLS.L30.T10TGL.2021217T183847.v2.0
[7348/8861] [7354] all outputs exist; skipping HLS.L30.T11TKG.2021217T183847.v2.0
[7349/8861] [7355] all outputs exist; skipping HLS.L30.T10TGM.2021217T183847.v2.0
[7350/8861] [7336] HLS.S30.T10SGC.2021216T183921.v2.0: SKIP NoDataInBounds (field does not intersect FMASK)
[7351/8861] [7337] HLS.S30.T11SLS.2021216T183921.v2.0: SKIP NoDataInBounds (field does not intersect FMASK)
[7352/8861] [7358] all outputs exist; skipping HLS.L30.T11SKD.2021217T183911.v2.0
[7353/8861] [7359] all outputs exist; skipping HLS.L30.T10SFJ.2021217T183911.v2.0
[7354/8861] [7360] all outputs exist; skipping HLS.L30.T10TFK.2021217T183911.v2.0
[7355/8861] [7361] all outputs exist; skipping HLS.L30.T10SGJ.2021217T183911.v2.0
[7356/8861] [7362] all outputs exist; skipping HLS.L30.T10TGK.2021217T183911.v2.0
[7357/8861] [7363] all outputs exist; skipping HLS.L30.T11TKE.2021217T183911.v2.0
[7358/8861] [7364] all outputs exist; skipping HLS.L30.T10SFH.2021217T183935.v2.0
[7359/8861] [7365] all outputs exist; skipping HLS.L30.T11SLC.2021217T183935.v2.0
[7360/8861] [7366] all outputs exist; skipping HLS.L30.T11SKC.2021217T183935.v2.0
[7361/8861] [7367] all outputs exist; skipping HLS.L30.T10SGH.2021217T183935.v2.0
[7362/8861] [7368] all outputs exist; skipping HLS.L30.T10SEF.2021217T183959.v2.0
[7363/8861] [7369] all outputs exist; skipping HLS.L30.T10SEG.2021217T183959.v2.0
[7364/8861] [7348] HLS.L30.T11TMG.2021217T183823.v2.0: SKIP NoDataInBounds (field does not intersect FMASK)
[7365/8861] [7370] all outputs exist; skipping HLS.L30.T10SGG.2021217T183959.v2.0
[7366/8861] [7371] all outputs exist; skipping HLS.L30.T11SKA.2021217T183959.v2.0
[7367/8861] [7372] all outputs exist; skipping HLS.L30.T10SFG.2021217T183959.v2.0
[7368/8861] [7373] all outputs exist; skipping HLS.L30.T10SFF.2021217T183959.v2.0
[7369/8861] [7374] all outputs exist; skipping HLS.L30.T11SKB.2021217T183959.v2.0
[7370/8861] [7375] all outputs exist; skipping HLS.L30.T10SGF.2021217T183959.v2.0
[7371/8861] [7376] all outputs exist; skipping HLS.L30.T11SKU.2021217T184023.v2.0
[7372/8861] [7377] all outputs exist; skipping HLS.L30.T11SKV.2021217T184023.v2.0
[7373/8861] [7378] all outputs exist; skipping HLS.L30.T10SGD.2021217T184023.v2.0
[7374/8861] [7380] all outputs exist; skipping HLS.L30.T10SFE.2021217T184023.v2.0
[7375/8861] [7379] all outputs exist; skipping HLS.L30.T10SGE.2021217T184023.v2.0
[7376/8861] [7381] all outputs exist; skipping HLS.L30.T10SFD.2021217T184047.v2.0
[7377/8861] [7383] all outputs exist; skipping HLS.S30.T10TFM.2021217T185919.v2.0
[7378/8861] [7384] all outputs exist; skipping HLS.S30.T10TEM.2021217T185919.v2.0
[7379/8861] [7345] HLS.S30.T12STB.2021217T180921.v2.0: SKIP NoDataInBounds (field does not intersect FMASK)
[7380/8861] [7385] all outputs exist; skipping HLS.S30.T10TDM.2021217T185919.v2.0
[7381/8861] [7387] all outputs exist; skipping HLS.S30.T10TFL.2021217T185919.v2.0
[7382/8861] [7386] all outputs exist; skipping HLS.S30.T10TCM.2021217T185919.v2.0
[7383/8861] [7388] all outputs exist; skipping HLS.S30.T10TEL.2021217T185919.v2.0
[7384/8861] [7389] all outputs exist; skipping HLS.S30.T10TDL.2021217T185919.v2.0
[7385/8861] [7311] HLS.S30.T11SMC.2021216T183921.v2.0: SKIP NoDataInBounds (field does not intersect FMASK)
[7386/8861] [7390] all outputs exist; skipping HLS.S30.T10TFK.2021217T185919.v2.0
[7387/8861] [7391] all outputs exist; skipping HLS.S30.T10TCL.2021217T185919.v2.0
[7388/8861] [7392] all outputs exist; skipping HLS.S30.T10TEK.2021217T185919.v2.0
[7389/8861] [7394] all outputs exist; skipping HLS.S30.T10TCK.2021217T185919.v2.0
[7390/8861] [7393] all outputs exist; skipping HLS.S30.T10TDK.2021217T185919.v2.0
[7391/8861] [7395] all outputs exist; skipping HLS.S30.T10SEJ.2021217T185919.v2.0
[7392/8861] [7396] all outputs exist; skipping HLS.S30.T10SDJ.2021217T185919.v2.0
[7393/8861] [7397] all outputs exist; skipping HLS.S30.T10SEH.2021217T185919.v2.0
[7394/8861] [7398] all outputs exist; skipping HLS.S30.T10SDH.2021217T185919.v2.0
[7395/8861] [7399] all outputs exist; skipping HLS.S30.T10SEG.2021217T185919.v2.0
[7396/8861] [7401] all outputs exist; skipping HLS.S30.T10SEF.2021217T185919.v2.0
[7397/8861] [7349] HLS.L30.T11TLG.2021217T183823.v2.0: SKIP NoDataInBounds (field does not intersect FMASK)
[7398/8861] [7356] HLS.L30.T11TLE.2021217T183911.v2.0: SKIP NoDataInBounds (field does not intersect FMASK)
[7399/8861] [7357] HLS.L30.T11SLD.2021217T183911.v2.0: SKIP NoDataInBounds (field does not intersect FMASK)
[7400/8861] [7352] HLS.L30.T11TLF.2021217T183847.v2.0: SKIP NoDataInBounds (field does not intersect FMASK)
[7401/8861] [7402] HLS.S30.T11TQG.2021218T182919.v2.0: SKIP NoDataInBounds (field does not intersect FMASK)
[7402/8861] [7400] HLS.S30.T10SDG.2021217T185919.v2.0: SKIP NoDataInBounds (field does not intersect FMASK)
[7403/8861] [7382] HLS.L30.T10SGC.2021217T184047.v2.0: SKIP NoDataInBounds (field does not intersect FMASK)
[7404/8861] [7403] HLS.S30.T12TTM.2021218T182919.v2.0: SKIP NoDataInBounds (field does not intersect FMASK)
[7405/8861] [7404] HLS.S30.T11TPG.2021218T182919.v2.0: SKIP NoDataInBounds (field does not intersect FMASK)
[7406/8861] [7405] HLS.S30.T11TNG.2021218T182919.v2.0: SKIP NoDataInBounds (field does not intersect FMASK)
[7407/8861] [7406] HLS.S30.T11TMG.2021218T182919.v2.0: SKIP NoDataInBounds (field does not intersect FMASK)
[7408/8861] [7408] HLS.S30.T11TQF.2021218T182919.v2.0: SKIP NoDataInBounds (field does not intersect FMASK)
[7409/8861] [7409] HLS.S30.T11TPF.2021218T182919.v2.0: SKIP NoDataInBounds (field does not intersect FMASK)
[7410/8861] [7407] HLS.S30.T12TTL.2021218T182919.v2.0: SKIP NoDataInBounds (field does not intersect FMASK)
[7411/8861] [7410] HLS.S30.T11TNF.2021218T182919.v2.0: SKIP NoDataInBounds (field does not intersect FMASK)
[7412/8861] [7411] HLS.S30.T11TMF.2021218T182919.v2.0: SKIP NoDataInBounds (field does not intersect FMASK)
[7413/8861] [7412] HLS.S30.T12TTK.2021218T182919.v2.0: SKIP NoDataInBounds (field does not intersect FMASK)
[7414/8861] [7413] HLS.S30.T11TQE.2021218T182919.v2.0: SKIP NoDataInBounds (field does not intersect FMASK)
[7415/8861] [7414] HLS.S30.T11TPE.2021218T182919.v2.0: SKIP NoDataInBounds (field does not intersect FMASK)
[7416/8861] [7416] HLS.S30.T12STJ.2021218T182919.v2.0: SKIP NoDataInBounds (field does not intersect FMASK)
[7417/8861] [7415] HLS.S30.T11TNE.2021218T182919.v2.0: SKIP NoDataInBounds (field does not intersect FMASK)
[7418/8861] [7417] HLS.S30.T11TME.2021218T182919.v2.0: SKIP NoDataInBounds (field does not intersect FMASK)
[7419/8861] [7418] HLS.S30.T11SQD.2021218T182919.v2.0: SKIP NoDataInBounds (field does not intersect FMASK)
[7420/8861] [7426] all outputs exist; skipping HLS.S30.T11SLC.2021218T182919.v2.0
[7421/8861] [7420] HLS.S30.T11SND.2021218T182919.v2.0: SKIP NoDataInBounds (field does not intersect FMASK)
[7422/8861] [7419] HLS.S30.T11SPD.2021218T182919.v2.0: SKIP NoDataInBounds (field does not intersect FMASK)
[7423/8861] [7429] all outputs exist; skipping HLS.S30.T11SMB.2021218T182919.v2.0
[7424/8861] [7430] all outputs exist; skipping HLS.S30.T11SLB.2021218T182919.v2.0
[7425/8861] [7421] HLS.S30.T11SMD.2021218T182919.v2.0: SKIP NoDataInBounds (field does not intersect FMASK)
[7426/8861] [7432] all outputs exist; skipping HLS.S30.T11SNA.2021218T182919.v2.0
[7427/8861] [7433] all outputs exist; skipping HLS.S30.T11SMA.2021218T182919.v2.0
[7428/8861] [7434] all outputs exist; skipping HLS.S30.T11SLA.2021218T182919.v2.0
[7429/8861] [7435] all outputs exist; skipping HLS.S30.T11SPV.2021218T182919.v2.0
[7430/8861] [7436] all outputs exist; skipping HLS.S30.T11SNV.2021218T182919.v2.0
[7431/8861] [7437] all outputs exist; skipping HLS.S30.T11SPU.2021218T182919.v2.0
[7432/8861] [7438] all outputs exist; skipping HLS.S30.T11SMV.2021218T182919.v2.0
[7433/8861] [7439] all outputs exist; skipping HLS.S30.T11SLV.2021218T182919.v2.0
[7434/8861] [7422] HLS.S30.T11SPC.2021218T182919.v2.0: SKIP NoDataInBounds (field does not intersect FMASK)
[7435/8861] [7440] all outputs exist; skipping HLS.S30.T11SNU.2021218T182919.v2.0
[7436/8861] [7441] all outputs exist; skipping HLS.S30.T11SKV.2021218T182919.v2.0
[7437/8861] [7442] all outputs exist; skipping HLS.S30.T11SMU.2021218T182919.v2.0
[7438/8861] [7443] all outputs exist; skipping HLS.S30.T11SLU.2021218T182919.v2.0
[7439/8861] [7444] all outputs exist; skipping HLS.S30.T11SKU.2021218T182919.v2.0
[7440/8861] [7445] all outputs exist; skipping HLS.S30.T11SNT.2021218T182919.v2.0
[7441/8861] [7446] all outputs exist; skipping HLS.S30.T11SMT.2021218T182919.v2.0
[7442/8861] [7447] all outputs exist; skipping HLS.S30.T11SLT.2021218T182919.v2.0
[7443/8861] [7448] all outputs exist; skipping HLS.S30.T11SKT.2021218T182919.v2.0
[7444/8861] [7449] all outputs exist; skipping HLS.S30.T11SNS.2021218T182919.v2.0
[7445/8861] [7450] all outputs exist; skipping HLS.S30.T11SMS.2021218T182919.v2.0
[7446/8861] [7424] HLS.S30.T11SNC.2021218T182919.v2.0: SKIP NoDataInBounds (field does not intersect FMASK)
[7447/8861] [7453] all outputs exist; skipping HLS.S30.T11SMR.2021218T182919.v2.0
[7448/8861] [7425] HLS.S30.T11SMC.2021218T182919.v2.0: SKIP NoDataInBounds (field does not intersect FMASK)
[7449/8861] [7423] HLS.S30.T11SLD.2021218T182919.v2.0: SKIP NoDataInBounds (field does not intersect FMASK)
[7450/8861] [7427] HLS.S30.T11SPB.2021218T182919.v2.0: SKIP NoDataInBounds (field does not intersect FMASK)
[7451/8861] [7428] HLS.S30.T11SNB.2021218T182919.v2.0: SKIP NoDataInBounds (field does not intersect FMASK)
[7452/8861] [7431] HLS.S30.T11SPA.2021218T182919.v2.0: SKIP NoDataInBounds (field does not intersect FMASK)
[7453/8861] [7452] HLS.S30.T11SNR.2021218T182919.v2.0: SKIP NoDataInBounds (field does not intersect FMASK)
[7454/8861] [7451] HLS.S30.T11SLS.2021218T182919.v2.0: SKIP NoDataInBounds (field does not intersect FMASK)
[7455/8861] [7455] HLS.L30.T11TNG.2021219T182602.v2.0: SKIP NoDataInBounds (field does not intersect FMASK)
[7456/8861] [7454] HLS.L30.T11TPG.2021219T182602.v2.0: SKIP NoDataInBounds (field does not intersect FMASK)
[7457/8861] [7456] HLS.L30.T11TMG.2021219T182626.v2.0: SKIP NoDataInBounds (field does not intersect FMASK)
[7458/8861] [7457] HLS.L30.T11TPF.2021219T182626.v2.0: SKIP NoDataInBounds (field does not intersect FMASK)
[7459/8861] [7458] HLS.L30.T11TMF.2021219T182626.v2.0: SKIP NoDataInBounds (field does not intersect FMASK)
[7460/8861] [7466] all outputs exist; skipping HLS.L30.T11SLC.2021219T182714.v2.0
[7461/8861] [7459] HLS.L30.T11TNF.2021219T182626.v2.0: SKIP NoDataInBounds (field does not intersect FMASK)
[7462/8861] [7460] HLS.L30.T11TPE.2021219T182650.v2.0: SKIP NoDataInBounds (field does not intersect FMASK)
[7463/8861] [7463] HLS.L30.T11SMD.2021219T182650.v2.0: SKIP NoDataInBounds (field does not intersect FMASK)
[7464/8861] [7470] all outputs exist; skipping HLS.L30.T11SLB.2021219T182738.v2.0
[7465/8861] [7461] HLS.L30.T11TNE.2021219T182650.v2.0: SKIP NoDataInBounds (field does not intersect FMASK)
[7466/8861] [7472] all outputs exist; skipping HLS.L30.T11SMB.2021219T182738.v2.0
[7467/8861] [7473] all outputs exist; skipping HLS.L30.T11SLA.2021219T182738.v2.0
[7468/8861] [7474] all outputs exist; skipping HLS.L30.T11SNA.2021219T182738.v2.0
[7469/8861] [7475] all outputs exist; skipping HLS.L30.T11SMA.2021219T182738.v2.0
[7470/8861] [7476] all outputs exist; skipping HLS.L30.T11SKV.2021219T182802.v2.0
[7471/8861] [7477] all outputs exist; skipping HLS.L30.T11SMU.2021219T182802.v2.0
[7472/8861] [7478] all outputs exist; skipping HLS.L30.T11SNV.2021219T182802.v2.0
[7473/8861] [7479] all outputs exist; skipping HLS.L30.T11SLV.2021219T182802.v2.0
[7474/8861] [7480] all outputs exist; skipping HLS.L30.T11SMV.2021219T182802.v2.0
[7475/8861] [7481] all outputs exist; skipping HLS.L30.T11SKU.2021219T182826.v2.0
[7476/8861] [7482] all outputs exist; skipping HLS.L30.T11SMT.2021219T182826.v2.0
[7477/8861] [7483] all outputs exist; skipping HLS.L30.T11SLT.2021219T182826.v2.0
[7478/8861] [7484] all outputs exist; skipping HLS.L30.T11SLU.2021219T182826.v2.0
[7479/8861] [7485] all outputs exist; skipping HLS.L30.T11SKT.2021219T182826.v2.0
[7480/8861] [7486] all outputs exist; skipping HLS.L30.T11SMS.2021219T182850.v2.0
[7481/8861] [7462] HLS.L30.T11SND.2021219T182650.v2.0: SKIP NoDataInBounds (field does not intersect FMASK)
[7482/8861] [7488] all outputs exist; skipping HLS.L30.T11SMR.2021219T182850.v2.0
[7483/8861] [7464] HLS.L30.T11SPD.2021219T182650.v2.0: SKIP NoDataInBounds (field does not intersect FMASK)
[7484/8861] [7465] HLS.L30.T11TME.2021219T182650.v2.0: SKIP NoDataInBounds (field does not intersect FMASK)
[7485/8861] [7467] HLS.L30.T11SNC.2021219T182714.v2.0: SKIP NoDataInBounds (field does not intersect FMASK)
[7486/8861] [7492] all outputs exist; skipping HLS.S30.T10TGM.2021219T184921.v2.0
[7487/8861] [7493] all outputs exist; skipping HLS.S30.T11TKG.2021219T184921.v2.0
[7488/8861] [7494] all outputs exist; skipping HLS.S30.T10TFM.2021219T184921.v2.0
[7489/8861] [7495] all outputs exist; skipping HLS.S30.T10TEM.2021219T184921.v2.0
[7490/8861] [7468] HLS.L30.T11SLD.2021219T182714.v2.0: SKIP NoDataInBounds (field does not intersect FMASK)
[7491/8861] [7497] all outputs exist; skipping HLS.S30.T11TKF.2021219T184921.v2.0
[7492/8861] [7498] all outputs exist; skipping HLS.S30.T10TGL.2021219T184921.v2.0
[7493/8861] [7499] all outputs exist; skipping HLS.S30.T10TFL.2021219T184921.v2.0
[7494/8861] [7469] HLS.L30.T11SMC.2021219T182714.v2.0: SKIP NoDataInBounds (field does not intersect FMASK)
[7495/8861] [7501] all outputs exist; skipping HLS.S30.T10TEL.2021219T184921.v2.0
[7496/8861] [7502] all outputs exist; skipping HLS.S30.T11TKE.2021219T184921.v2.0
[7497/8861] [7503] all outputs exist; skipping HLS.S30.T10TGK.2021219T184921.v2.0
[7498/8861] [7504] all outputs exist; skipping HLS.S30.T10TFK.2021219T184921.v2.0
[7499/8861] [7505] all outputs exist; skipping HLS.S30.T10TEK.2021219T184921.v2.0
[7500/8861] [7506] all outputs exist; skipping HLS.S30.T11SKD.2021219T184921.v2.0
[7501/8861] [7507] all outputs exist; skipping HLS.S30.T10SGJ.2021219T184921.v2.0
[7502/8861] [7508] all outputs exist; skipping HLS.S30.T10SFJ.2021219T184921.v2.0
[7503/8861] [7509] all outputs exist; skipping HLS.S30.T10SEJ.2021219T184921.v2.0
[7504/8861] [7510] all outputs exist; skipping HLS.S30.T10SDJ.2021219T184921.v2.0
[7505/8861] [7511] all outputs exist; skipping HLS.S30.T11SKC.2021219T184921.v2.0
[7506/8861] [7512] all outputs exist; skipping HLS.S30.T10SGH.2021219T184921.v2.0
[7507/8861] [7513] all outputs exist; skipping HLS.S30.T10SFH.2021219T184921.v2.0
[7508/8861] [7514] all outputs exist; skipping HLS.S30.T10SEH.2021219T184921.v2.0
[7509/8861] [7515] all outputs exist; skipping HLS.S30.T10SDH.2021219T184921.v2.0
[7510/8861] [7516] all outputs exist; skipping HLS.S30.T11SKB.2021219T184921.v2.0
[7511/8861] [7517] all outputs exist; skipping HLS.S30.T10SGG.2021219T184921.v2.0
[7512/8861] [7518] all outputs exist; skipping HLS.S30.T10SFG.2021219T184921.v2.0
[7513/8861] [7519] all outputs exist; skipping HLS.S30.T11SKA.2021219T184921.v2.0
[7514/8861] [7520] all outputs exist; skipping HLS.S30.T10SEG.2021219T184921.v2.0
[7515/8861] [7471] HLS.L30.T11SNB.2021219T182738.v2.0: SKIP NoDataInBounds (field does not intersect FMASK)
[7516/8861] [7522] all outputs exist; skipping HLS.S30.T10SGF.2021219T184921.v2.0
[7517/8861] [7523] all outputs exist; skipping HLS.S30.T10SFF.2021219T184921.v2.0
[7518/8861] [7524] all outputs exist; skipping HLS.S30.T10SEF.2021219T184921.v2.0
[7519/8861] [7525] all outputs exist; skipping HLS.S30.T10SGE.2021219T184921.v2.0
[7520/8861] [7526] all outputs exist; skipping HLS.S30.T10SFE.2021219T184921.v2.0
[7521/8861] [7527] all outputs exist; skipping HLS.S30.T10SFD.2021219T184921.v2.0
[7522/8861] [7487] HLS.L30.T10SGC.2021219T182850.v2.0: SKIP NoDataInBounds (field does not intersect FMASK)
[7523/8861] [7490] HLS.L30.T11SKS.2021219T182850.v2.0: SKIP NoDataInBounds (field does not intersect FMASK)
[7524/8861] [7489] HLS.L30.T11SLS.2021219T182850.v2.0: SKIP NoDataInBounds (field does not intersect FMASK)
[7525/8861] [7491] HLS.S30.T11TLG.2021219T184921.v2.0: SKIP NoDataInBounds (field does not intersect FMASK)
[7526/8861] [7496] HLS.S30.T11TLF.2021219T184921.v2.0: SKIP NoDataInBounds (field does not intersect FMASK)
[7527/8861] [7500] HLS.S30.T11TLE.2021219T184921.v2.0: SKIP NoDataInBounds (field does not intersect FMASK)
[7528/8861] [7528] HLS.S30.T11TQG.2021220T181921.v2.0: SKIP NoDataInBounds (field does not intersect FMASK)
[7529/8861] [7521] HLS.S30.T10SDG.2021219T184921.v2.0: SKIP NoDataInBounds (field does not intersect FMASK)
[7530/8861] [7529] HLS.S30.T12TTM.2021220T181921.v2.0: SKIP NoDataInBounds (field does not intersect FMASK)
[7531/8861] [7530] HLS.S30.T11TPG.2021220T181921.v2.0: SKIP NoDataInBounds (field does not intersect FMASK)
[7532/8861] [7531] HLS.S30.T12TTL.2021220T181921.v2.0: SKIP NoDataInBounds (field does not intersect FMASK)
[7533/8861] [7532] HLS.S30.T11TQF.2021220T181921.v2.0: SKIP NoDataInBounds (field does not intersect FMASK)
[7534/8861] [7533] HLS.S30.T11TPF.2021220T181921.v2.0: SKIP NoDataInBounds (field does not intersect FMASK)
[7535/8861] [7534] HLS.S30.T12TTK.2021220T181921.v2.0: SKIP NoDataInBounds (field does not intersect FMASK)
[7536/8861] [7536] HLS.S30.T11TPE.2021220T181921.v2.0: SKIP NoDataInBounds (field does not intersect FMASK)
[7537/8861] [7535] HLS.S30.T11TQE.2021220T181921.v2.0: SKIP NoDataInBounds (field does not intersect FMASK)
[7538/8861] [7537] HLS.S30.T12STJ.2021220T181921.v2.0: SKIP NoDataInBounds (field does not intersect FMASK)
[7539/8861] [7538] HLS.S30.T11SQD.2021220T181921.v2.0: SKIP NoDataInBounds (field does not intersect FMASK)
[7540/8861] [7539] HLS.S30.T11SPD.2021220T181921.v2.0: SKIP NoDataInBounds (field does not intersect FMASK)
[7541/8861] [7541] HLS.S30.T11SQC.2021220T181921.v2.0: SKIP NoDataInBounds (field does not intersect FMASK)
[7542/8861] [7540] HLS.S30.T12STH.2021220T181921.v2.0: SKIP NoDataInBounds (field does not intersect FMASK)
[7543/8861] [7542] HLS.S30.T11SPC.2021220T181921.v2.0: SKIP NoDataInBounds (field does not intersect FMASK)
[7544/8861] [7543] HLS.S30.T11SNC.2021220T181921.v2.0: SKIP NoDataInBounds (field does not intersect FMASK)
[7545/8861] [7551] all outputs exist; skipping HLS.S30.T11SNA.2021220T181921.v2.0
[7546/8861] [7544] HLS.S30.T12STG.2021220T181921.v2.0: SKIP NoDataInBounds (field does not intersect FMASK)
[7547/8861] [7553] all outputs exist; skipping HLS.S30.T11SQV.2021220T181921.v2.0
[7548/8861] [7554] all outputs exist; skipping HLS.S30.T11SPV.2021220T181921.v2.0
[7549/8861] [7555] all outputs exist; skipping HLS.S30.T11SNV.2021220T181921.v2.0
[7550/8861] [7556] all outputs exist; skipping HLS.S30.T12STD.2021220T181921.v2.0
[7551/8861] [7557] all outputs exist; skipping HLS.S30.T11SQU.2021220T181921.v2.0
[7552/8861] [7558] all outputs exist; skipping HLS.S30.T11SPU.2021220T181921.v2.0
[7553/8861] [7559] all outputs exist; skipping HLS.S30.T11SNU.2021220T181921.v2.0
[7554/8861] [7560] all outputs exist; skipping HLS.S30.T12STC.2021220T181921.v2.0
[7555/8861] [7561] all outputs exist; skipping HLS.S30.T11SQT.2021220T181921.v2.0
[7556/8861] [7562] all outputs exist; skipping HLS.S30.T11SPT.2021220T181921.v2.0
[7557/8861] [7563] all outputs exist; skipping HLS.S30.T11SNT.2021220T181921.v2.0
[7558/8861] [7547] HLS.S30.T11SNB.2021220T181921.v2.0: SKIP NoDataInBounds (field does not intersect FMASK)
[7559/8861] [7565] all outputs exist; skipping HLS.S30.T11SMT.2021220T181921.v2.0
[7560/8861] [7566] all outputs exist; skipping HLS.S30.T11SQS.2021220T181921.v2.0
[7561/8861] [7567] all outputs exist; skipping HLS.S30.T11SPS.2021220T181921.v2.0
[7562/8861] [7568] all outputs exist; skipping HLS.S30.T11SNS.2021220T181921.v2.0
[7563/8861] [7569] all outputs exist; skipping HLS.S30.T11SMS.2021220T181921.v2.0
[7564/8861] [7546] HLS.S30.T11SPB.2021220T181921.v2.0: SKIP NoDataInBounds (field does not intersect FMASK)
[7565/8861] [7571] all outputs exist; skipping HLS.S30.T11SMR.2021220T181921.v2.0
[7566/8861] [7572] all outputs exist; skipping HLS.S30.T10TDM.2021220T190919.v2.0
[7567/8861] [7573] all outputs exist; skipping HLS.S30.T10TCM.2021220T190919.v2.0
[7568/8861] [7574] all outputs exist; skipping HLS.S30.T10TDL.2021220T190919.v2.0
[7569/8861] [7575] all outputs exist; skipping HLS.S30.T10TCL.2021220T190919.v2.0
[7570/8861] [7576] all outputs exist; skipping HLS.S30.T10TCK.2021220T190919.v2.0
[7571/8861] [7545] HLS.S30.T11SQB.2021220T181921.v2.0: SKIP NoDataInBounds (field does not intersect FMASK)
[7572/8861] [7549] HLS.S30.T11SQA.2021220T181921.v2.0: SKIP NoDataInBounds (field does not intersect FMASK)
[7573/8861] [7548] HLS.S30.T12STF.2021220T181921.v2.0: SKIP NoDataInBounds (field does not intersect FMASK)
[7574/8861] [7550] HLS.S30.T11SPA.2021220T181921.v2.0: SKIP NoDataInBounds (field does not intersect FMASK)
[7575/8861] [7552] HLS.S30.T12STE.2021220T181921.v2.0: SKIP NoDataInBounds (field does not intersect FMASK)
[7576/8861] [7564] HLS.S30.T12STB.2021220T181921.v2.0: SKIP NoDataInBounds (field does not intersect FMASK)
[7577/8861] [7577] HLS.L30.T11TQF.2021221T181405.v2.0: SKIP NoDataInBounds (field does not intersect FMASK)
[7578/8861] [7570] HLS.S30.T11SNR.2021220T181921.v2.0: SKIP NoDataInBounds (field does not intersect FMASK)
[7579/8861] [7578] HLS.L30.T11TQG.2021221T181405.v2.0: SKIP NoDataInBounds (field does not intersect FMASK)
[7580/8861] [7580] HLS.L30.T12TTL.2021221T181405.v2.0: SKIP NoDataInBounds (field does not intersect FMASK)
[7581/8861] [7579] HLS.L30.T12TTM.2021221T181405.v2.0: SKIP NoDataInBounds (field does not intersect FMASK)
[7582/8861] [7581] HLS.L30.T11TPF.2021221T181429.v2.0: SKIP NoDataInBounds (field does not intersect FMASK)
[7583/8861] [7582] HLS.L30.T11TQE.2021221T181429.v2.0: SKIP NoDataInBounds (field does not intersect FMASK)
[7584/8861] [7585] HLS.L30.T11SQD.2021221T181429.v2.0: SKIP NoDataInBounds (field does not intersect FMASK)
[7585/8861] [7583] HLS.L30.T12TTK.2021221T181429.v2.0: SKIP NoDataInBounds (field does not intersect FMASK)
[7586/8861] [7586] HLS.L30.T11TPE.2021221T181429.v2.0: SKIP NoDataInBounds (field does not intersect FMASK)
[7587/8861] [7584] HLS.L30.T12STJ.2021221T181429.v2.0: SKIP NoDataInBounds (field does not intersect FMASK)
[7588/8861] [7587] HLS.L30.T11SPD.2021221T181429.v2.0: SKIP NoDataInBounds (field does not intersect FMASK)
[7589/8861] [7588] HLS.L30.T11SPC.2021221T181453.v2.0: SKIP NoDataInBounds (field does not intersect FMASK)
[7590/8861] [7589] HLS.L30.T12STH.2021221T181453.v2.0: SKIP NoDataInBounds (field does not intersect FMASK)
[7591/8861] [7597] all outputs exist; skipping HLS.L30.T11SNA.2021221T181541.v2.0
[7592/8861] [7598] all outputs exist; skipping HLS.L30.T11SQU.2021221T181541.v2.0
[7593/8861] [7599] all outputs exist; skipping HLS.L30.T12STD.2021221T181541.v2.0
[7594/8861] [7600] all outputs exist; skipping HLS.L30.T11SNV.2021221T181541.v2.0
[7595/8861] [7590] HLS.L30.T11SQC.2021221T181453.v2.0: SKIP NoDataInBounds (field does not intersect FMASK)
[7596/8861] [7602] all outputs exist; skipping HLS.L30.T11SQV.2021221T181541.v2.0
[7597/8861] [7603] all outputs exist; skipping HLS.L30.T11SPV.2021221T181541.v2.0
[7598/8861] [7604] all outputs exist; skipping HLS.L30.T11SNU.2021221T181605.v2.0
[7599/8861] [7605] all outputs exist; skipping HLS.L30.T11SPU.2021221T181605.v2.0
[7600/8861] [7606] all outputs exist; skipping HLS.L30.T11SPT.2021221T181605.v2.0
[7601/8861] [7607] all outputs exist; skipping HLS.L30.T11SNT.2021221T181605.v2.0
[7602/8861] [7608] all outputs exist; skipping HLS.L30.T11SQT.2021221T181605.v2.0
[7603/8861] [7609] all outputs exist; skipping HLS.L30.T11SNS.2021221T181629.v2.0
[7604/8861] [7610] all outputs exist; skipping HLS.L30.T11SQS.2021221T181629.v2.0
[7605/8861] [7611] all outputs exist; skipping HLS.L30.T11SPS.2021221T181629.v2.0
[7606/8861] [7592] HLS.L30.T12STG.2021221T181517.v2.0: SKIP NoDataInBounds (field does not intersect FMASK)
[7607/8861] [7591] HLS.L30.T11SQB.2021221T181517.v2.0: SKIP NoDataInBounds (field does not intersect FMASK)
[7608/8861] [7593] HLS.L30.T11SPB.2021221T181517.v2.0: SKIP NoDataInBounds (field does not intersect FMASK)
[7609/8861] [7594] HLS.L30.T11SPA.2021221T181517.v2.0: SKIP NoDataInBounds (field does not intersect FMASK)
[7610/8861] [7616] all outputs exist; skipping HLS.S30.T10TGM.2021221T183919.v2.0
[7611/8861] [7617] all outputs exist; skipping HLS.S30.T11TKG.2021221T183919.v2.0
[7612/8861] [7595] HLS.L30.T11SQA.2021221T181517.v2.0: SKIP NoDataInBounds (field does not intersect FMASK)
[7613/8861] [7596] HLS.L30.T12STF.2021221T181517.v2.0: SKIP NoDataInBounds (field does not intersect FMASK)
[7614/8861] [7601] HLS.L30.T12STE.2021221T181541.v2.0: SKIP NoDataInBounds (field does not intersect FMASK)
[7615/8861] [7621] all outputs exist; skipping HLS.S30.T11TKF.2021221T183919.v2.0
[7616/8861] [7622] all outputs exist; skipping HLS.S30.T10TGL.2021221T183919.v2.0
[7617/8861] [7612] HLS.L30.T11SNR.2021221T181629.v2.0: SKIP NoDataInBounds (field does not intersect FMASK)
[7618/8861] [7613] HLS.S30.T11TNG.2021221T183919.v2.0: SKIP NoDataInBounds (field does not intersect FMASK)
[7619/8861] [7614] HLS.S30.T11TMG.2021221T183919.v2.0: SKIP NoDataInBounds (field does not intersect FMASK)
[7620/8861] [7615] HLS.S30.T11TLG.2021221T183919.v2.0: SKIP NoDataInBounds (field does not intersect FMASK)
[7621/8861] [7627] all outputs exist; skipping HLS.S30.T11TKE.2021221T183919.v2.0
[7622/8861] [7628] all outputs exist; skipping HLS.S30.T10TGK.2021221T183919.v2.0
[7623/8861] [7619] HLS.S30.T11TMF.2021221T183919.v2.0: SKIP NoDataInBounds (field does not intersect FMASK)
[7624/8861] [7618] HLS.S30.T11TNF.2021221T183919.v2.0: SKIP NoDataInBounds (field does not intersect FMASK)
[7625/8861] [7631] all outputs exist; skipping HLS.S30.T11SKD.2021221T183919.v2.0
[7626/8861] [7632] all outputs exist; skipping HLS.S30.T10SGJ.2021221T183919.v2.0
[7627/8861] [7623] HLS.S30.T11TNE.2021221T183919.v2.0: SKIP NoDataInBounds (field does not intersect FMASK)
[7628/8861] [7634] all outputs exist; skipping HLS.S30.T10SFJ.2021221T183919.v2.0
[7629/8861] [7635] all outputs exist; skipping HLS.S30.T11SLC.2021221T183919.v2.0
[7630/8861] [7636] all outputs exist; skipping HLS.S30.T11SKC.2021221T183919.v2.0
[7631/8861] [7637] all outputs exist; skipping HLS.S30.T10SGH.2021221T183919.v2.0
[7632/8861] [7638] all outputs exist; skipping HLS.S30.T10SFH.2021221T183919.v2.0
[7633/8861] [7639] all outputs exist; skipping HLS.S30.T11SMB.2021221T183919.v2.0
[7634/8861] [7640] all outputs exist; skipping HLS.S30.T11SLB.2021221T183919.v2.0
[7635/8861] [7641] all outputs exist; skipping HLS.S30.T11SKB.2021221T183919.v2.0
[7636/8861] [7642] all outputs exist; skipping HLS.S30.T10SGG.2021221T183919.v2.0
[7637/8861] [7643] all outputs exist; skipping HLS.S30.T11SMA.2021221T183919.v2.0
[7638/8861] [7644] all outputs exist; skipping HLS.S30.T10SFG.2021221T183919.v2.0
[7639/8861] [7645] all outputs exist; skipping HLS.S30.T11SLA.2021221T183919.v2.0
[7640/8861] [7646] all outputs exist; skipping HLS.S30.T11SKA.2021221T183919.v2.0
[7641/8861] [7647] all outputs exist; skipping HLS.S30.T10SGF.2021221T183919.v2.0
[7642/8861] [7648] all outputs exist; skipping HLS.S30.T10SFF.2021221T183919.v2.0
[7643/8861] [7649] all outputs exist; skipping HLS.S30.T11SLV.2021221T183919.v2.0
[7644/8861] [7650] all outputs exist; skipping HLS.S30.T11SKV.2021221T183919.v2.0
[7645/8861] [7620] HLS.S30.T11TLF.2021221T183919.v2.0: SKIP NoDataInBounds (field does not intersect FMASK)
[7646/8861] [7651] all outputs exist; skipping HLS.S30.T10SGE.2021221T183919.v2.0
[7647/8861] [7653] all outputs exist; skipping HLS.S30.T11SLU.2021221T183919.v2.0
[7648/8861] [7652] all outputs exist; skipping HLS.S30.T10SFE.2021221T183919.v2.0
[7649/8861] [7654] all outputs exist; skipping HLS.S30.T11SKU.2021221T183919.v2.0
[7650/8861] [7655] all outputs exist; skipping HLS.S30.T10SGD.2021221T183919.v2.0
[7651/8861] [7656] all outputs exist; skipping HLS.S30.T10SFD.2021221T183919.v2.0
[7652/8861] [7657] all outputs exist; skipping HLS.S30.T11SLT.2021221T183919.v2.0
[7653/8861] [7658] all outputs exist; skipping HLS.S30.T11SKT.2021221T183919.v2.0
[7654/8861] [7624] HLS.S30.T11TME.2021221T183919.v2.0: SKIP NoDataInBounds (field does not intersect FMASK)
[7655/8861] [7625] HLS.S30.T11TLE.2021221T183919.v2.0: SKIP NoDataInBounds (field does not intersect FMASK)
[7656/8861] [7630] HLS.S30.T11SLD.2021221T183919.v2.0: SKIP NoDataInBounds (field does not intersect FMASK)
[7657/8861] [7663] all outputs exist; skipping HLS.S30.T11SQV.2021222T180919.v2.0
[7658/8861] [7664] all outputs exist; skipping HLS.S30.T12STD.2021222T180919.v2.0
[7659/8861] [7665] all outputs exist; skipping HLS.S30.T11SQU.2021222T180919.v2.0
[7660/8861] [7666] all outputs exist; skipping HLS.S30.T12STC.2021222T180919.v2.0
[7661/8861] [7667] all outputs exist; skipping HLS.S30.T11SQT.2021222T180919.v2.0
[7662/8861] [7626] HLS.S30.T11SND.2021221T183919.v2.0: SKIP NoDataInBounds (field does not intersect FMASK)
[7663/8861] [7669] all outputs exist; skipping HLS.S30.T11SQS.2021222T180919.v2.0
[7664/8861] [7670] all outputs exist; skipping HLS.S30.T11SPS.2021222T180919.v2.0
[7665/8861] [7671] all outputs exist; skipping HLS.L30.T10TEM.2021222T185658.v2.0
[7666/8861] [7672] all outputs exist; skipping HLS.L30.T10TDM.2021222T185658.v2.0
[7667/8861] [7673] all outputs exist; skipping HLS.L30.T10TEL.2021222T185721.v2.0
[7668/8861] [7674] all outputs exist; skipping HLS.L30.T10TCM.2021222T185721.v2.0
[7669/8861] [7675] all outputs exist; skipping HLS.L30.T10TCL.2021222T185721.v2.0
[7670/8861] [7676] all outputs exist; skipping HLS.L30.T10TDL.2021222T185721.v2.0
[7671/8861] [7677] all outputs exist; skipping HLS.L30.T10TCK.2021222T185745.v2.0
[7672/8861] [7678] all outputs exist; skipping HLS.L30.T10TDK.2021222T185745.v2.0
[7673/8861] [7679] all outputs exist; skipping HLS.L30.T10SDJ.2021222T185745.v2.0
[7674/8861] [7680] all outputs exist; skipping HLS.L30.T10SDH.2021222T185809.v2.0
[7675/8861] [7681] all outputs exist; skipping HLS.S30.T10TFM.2021222T185921.v2.0
[7676/8861] [7682] all outputs exist; skipping HLS.S30.T10TEM.2021222T185921.v2.0
[7677/8861] [7683] all outputs exist; skipping HLS.S30.T10TDM.2021222T185921.v2.0
[7678/8861] [7684] all outputs exist; skipping HLS.S30.T10TCM.2021222T185921.v2.0
[7679/8861] [7685] all outputs exist; skipping HLS.S30.T10TFL.2021222T185921.v2.0
[7680/8861] [7686] all outputs exist; skipping HLS.S30.T10TEL.2021222T185921.v2.0
[7681/8861] [7687] all outputs exist; skipping HLS.S30.T10TDL.2021222T185921.v2.0
[7682/8861] [7688] all outputs exist; skipping HLS.S30.T10TFK.2021222T185921.v2.0
[7683/8861] [7689] all outputs exist; skipping HLS.S30.T10TCL.2021222T185921.v2.0
[7684/8861] [7690] all outputs exist; skipping HLS.S30.T10TEK.2021222T185921.v2.0
[7685/8861] [7691] all outputs exist; skipping HLS.S30.T10TDK.2021222T185921.v2.0
[7686/8861] [7692] all outputs exist; skipping HLS.S30.T10TCK.2021222T185921.v2.0
[7687/8861] [7693] all outputs exist; skipping HLS.S30.T10SEJ.2021222T185921.v2.0
[7688/8861] [7694] all outputs exist; skipping HLS.S30.T10SDJ.2021222T185921.v2.0
[7689/8861] [7695] all outputs exist; skipping HLS.S30.T10SEH.2021222T185921.v2.0
[7690/8861] [7696] all outputs exist; skipping HLS.S30.T10SDH.2021222T185921.v2.0
[7691/8861] [7697] all outputs exist; skipping HLS.S30.T10SEG.2021222T185921.v2.0
[7692/8861] [7629] HLS.S30.T11SMD.2021221T183919.v2.0: SKIP NoDataInBounds (field does not intersect FMASK)
[7693/8861] [7633] HLS.S30.T11SMC.2021221T183919.v2.0: SKIP NoDataInBounds (field does not intersect FMASK)
[7694/8861] [7659] HLS.S30.T10SGC.2021221T183919.v2.0: SKIP NoDataInBounds (field does not intersect FMASK)
[7695/8861] [7660] HLS.S30.T11SLS.2021221T183919.v2.0: SKIP NoDataInBounds (field does not intersect FMASK)
[7696/8861] [7661] HLS.S30.T11SKS.2021221T183919.v2.0: SKIP NoDataInBounds (field does not intersect FMASK)
[7697/8861] [7662] HLS.S30.T12STE.2021222T180919.v2.0: SKIP NoDataInBounds (field does not intersect FMASK)
[7698/8861] [7668] HLS.S30.T12STB.2021222T180919.v2.0: SKIP NoDataInBounds (field does not intersect FMASK)
[7699/8861] [7699] HLS.S30.T11TQG.2021223T182921.v2.0: SKIP NoDataInBounds (field does not intersect FMASK)
[7700/8861] [7700] HLS.S30.T12TTM.2021223T182921.v2.0: SKIP NoDataInBounds (field does not intersect FMASK)
[7701/8861] [7698] HLS.S30.T10SDG.2021222T185921.v2.0: SKIP NoDataInBounds (field does not intersect FMASK)
[7702/8861] [7702] HLS.S30.T11TNG.2021223T182921.v2.0: SKIP NoDataInBounds (field does not intersect FMASK)
[7703/8861] [7701] HLS.S30.T11TPG.2021223T182921.v2.0: SKIP NoDataInBounds (field does not intersect FMASK)
[7704/8861] [7703] HLS.S30.T11TMG.2021223T182921.v2.0: SKIP NoDataInBounds (field does not intersect FMASK)
[7705/8861] [7704] HLS.S30.T12TTL.2021223T182921.v2.0: SKIP NoDataInBounds (field does not intersect FMASK)
[7706/8861] [7705] HLS.S30.T11TQF.2021223T182921.v2.0: SKIP NoDataInBounds (field does not intersect FMASK)
[7707/8861] [7706] HLS.S30.T11TPF.2021223T182921.v2.0: SKIP NoDataInBounds (field does not intersect FMASK)
[7708/8861] [7707] HLS.S30.T11TNF.2021223T182921.v2.0: SKIP NoDataInBounds (field does not intersect FMASK)
[7709/8861] [7709] HLS.S30.T12TTK.2021223T182921.v2.0: SKIP NoDataInBounds (field does not intersect FMASK)
[7710/8861] [7708] HLS.S30.T11TMF.2021223T182921.v2.0: SKIP NoDataInBounds (field does not intersect FMASK)
[7711/8861] [7710] HLS.S30.T11TQE.2021223T182921.v2.0: SKIP NoDataInBounds (field does not intersect FMASK)
[7712/8861] [7711] HLS.S30.T11TPE.2021223T182921.v2.0: SKIP NoDataInBounds (field does not intersect FMASK)
[7713/8861] [7712] HLS.S30.T11TNE.2021223T182921.v2.0: SKIP NoDataInBounds (field does not intersect FMASK)
[7714/8861] [7713] HLS.S30.T12STJ.2021223T182921.v2.0: SKIP NoDataInBounds (field does not intersect FMASK)
[7715/8861] [7714] HLS.S30.T11TME.2021223T182921.v2.0: SKIP NoDataInBounds (field does not intersect FMASK)
[7716/8861] [7715] HLS.S30.T11SQD.2021223T182921.v2.0: SKIP NoDataInBounds (field does not intersect FMASK)
[7717/8861] [7723] all outputs exist; skipping HLS.S30.T11SLC.2021223T182921.v2.0
[7718/8861] [7716] HLS.S30.T11SPD.2021223T182921.v2.0: SKIP NoDataInBounds (field does not intersect FMASK)
[7719/8861] [7717] HLS.S30.T11SND.2021223T182921.v2.0: SKIP NoDataInBounds (field does not intersect FMASK)
[7720/8861] [7726] all outputs exist; skipping HLS.S30.T11SMB.2021223T182921.v2.0
[7721/8861] [7727] all outputs exist; skipping HLS.S30.T11SLB.2021223T182921.v2.0
[7722/8861] [7718] HLS.S30.T11SMD.2021223T182921.v2.0: SKIP NoDataInBounds (field does not intersect FMASK)
[7723/8861] [7729] all outputs exist; skipping HLS.S30.T11SNA.2021223T182921.v2.0
[7724/8861] [7730] all outputs exist; skipping HLS.S30.T11SMA.2021223T182921.v2.0
[7725/8861] [7731] all outputs exist; skipping HLS.S30.T11SLA.2021223T182921.v2.0
[7726/8861] [7732] all outputs exist; skipping HLS.S30.T11SPV.2021223T182921.v2.0
[7727/8861] [7733] all outputs exist; skipping HLS.S30.T11SNV.2021223T182921.v2.0
[7728/8861] [7734] all outputs exist; skipping HLS.S30.T11SMV.2021223T182921.v2.0
[7729/8861] [7735] all outputs exist; skipping HLS.S30.T11SLV.2021223T182921.v2.0
[7730/8861] [7736] all outputs exist; skipping HLS.S30.T11SNU.2021223T182921.v2.0
[7731/8861] [7737] all outputs exist; skipping HLS.S30.T11SKV.2021223T182921.v2.0
[7732/8861] [7738] all outputs exist; skipping HLS.S30.T11SMU.2021223T182921.v2.0
[7733/8861] [7739] all outputs exist; skipping HLS.S30.T11SLU.2021223T182921.v2.0
[7734/8861] [7740] all outputs exist; skipping HLS.S30.T11SKU.2021223T182921.v2.0
[7735/8861] [7741] all outputs exist; skipping HLS.S30.T11SNT.2021223T182921.v2.0
[7736/8861] [7742] all outputs exist; skipping HLS.S30.T11SMT.2021223T182921.v2.0
[7737/8861] [7743] all outputs exist; skipping HLS.S30.T11SLT.2021223T182921.v2.0
[7738/8861] [7744] all outputs exist; skipping HLS.S30.T11SKT.2021223T182921.v2.0
[7739/8861] [7745] all outputs exist; skipping HLS.S30.T11SNS.2021223T182921.v2.0
[7740/8861] [7746] all outputs exist; skipping HLS.S30.T11SMS.2021223T182921.v2.0
[7741/8861] [7719] HLS.S30.T11SPC.2021223T182921.v2.0: SKIP NoDataInBounds (field does not intersect FMASK)
[7742/8861] [7720] HLS.S30.T11SLD.2021223T182921.v2.0: SKIP NoDataInBounds (field does not intersect FMASK)
[7743/8861] [7721] HLS.S30.T11SNC.2021223T182921.v2.0: SKIP NoDataInBounds (field does not intersect FMASK)
[7744/8861] [7750] all outputs exist; skipping HLS.S30.T11SMR.2021223T182921.v2.0
[7745/8861] [7751] all outputs exist; skipping HLS.L30.T11TKG.2021224T184437.v2.0
[7746/8861] [7752] all outputs exist; skipping HLS.L30.T10TGM.2021224T184437.v2.0
[7747/8861] [7753] all outputs exist; skipping HLS.L30.T10TGL.2021224T184501.v2.0
[7748/8861] [7754] all outputs exist; skipping HLS.L30.T10TFM.2021224T184501.v2.0
[7749/8861] [7755] all outputs exist; skipping HLS.L30.T11TKF.2021224T184501.v2.0
[7750/8861] [7756] all outputs exist; skipping HLS.L30.T10TEL.2021224T184501.v2.0
[7751/8861] [7757] all outputs exist; skipping HLS.L30.T10TEM.2021224T184501.v2.0
[7752/8861] [7758] all outputs exist; skipping HLS.L30.T10TFL.2021224T184501.v2.0
[7753/8861] [7759] all outputs exist; skipping HLS.L30.T10TGK.2021224T184524.v2.0
[7754/8861] [7760] all outputs exist; skipping HLS.L30.T11TKE.2021224T184524.v2.0
[7755/8861] [7761] all outputs exist; skipping HLS.L30.T10SFJ.2021224T184524.v2.0
[7756/8861] [7762] all outputs exist; skipping HLS.L30.T10TFK.2021224T184524.v2.0
[7757/8861] [7763] all outputs exist; skipping HLS.L30.T10SEJ.2021224T184524.v2.0
[7758/8861] [7764] all outputs exist; skipping HLS.L30.T11SKD.2021224T184524.v2.0
[7759/8861] [7765] all outputs exist; skipping HLS.L30.T10SGJ.2021224T184524.v2.0
[7760/8861] [7766] all outputs exist; skipping HLS.L30.T10TEK.2021224T184524.v2.0
[7761/8861] [7767] all outputs exist; skipping HLS.L30.T10SGH.2021224T184548.v2.0
[7762/8861] [7768] all outputs exist; skipping HLS.L30.T10SDH.2021224T184548.v2.0
[7763/8861] [7769] all outputs exist; skipping HLS.L30.T10SFH.2021224T184548.v2.0
[7764/8861] [7770] all outputs exist; skipping HLS.L30.T10SEH.2021224T184548.v2.0
[7765/8861] [7771] all outputs exist; skipping HLS.L30.T10SEF.2021224T184612.v2.0
[7766/8861] [7722] HLS.S30.T11SMC.2021223T182921.v2.0: SKIP NoDataInBounds (field does not intersect FMASK)
[7767/8861] [7773] all outputs exist; skipping HLS.L30.T10SFG.2021224T184612.v2.0
[7768/8861] [7774] all outputs exist; skipping HLS.L30.T10SEG.2021224T184612.v2.0
[7769/8861] [7775] all outputs exist; skipping HLS.L30.T10SFF.2021224T184612.v2.0
[7770/8861] [7776] all outputs exist; skipping HLS.L30.T10SFD.2021224T184636.v2.0
[7771/8861] [7777] all outputs exist; skipping HLS.L30.T10SFE.2021224T184636.v2.0
[7772/8861] [7724] HLS.S30.T11SPB.2021223T182921.v2.0: SKIP NoDataInBounds (field does not intersect FMASK)
[7773/8861] [7779] all outputs exist; skipping HLS.S30.T10TGM.2021224T184919.v2.0
[7774/8861] [7780] all outputs exist; skipping HLS.S30.T11TKG.2021224T184919.v2.0
[7775/8861] [7781] all outputs exist; skipping HLS.S30.T10TFM.2021224T184919.v2.0
[7776/8861] [7782] all outputs exist; skipping HLS.S30.T10TEM.2021224T184919.v2.0
[7777/8861] [7728] HLS.S30.T11SPA.2021223T182921.v2.0: SKIP NoDataInBounds (field does not intersect FMASK)
[7778/8861] [7784] all outputs exist; skipping HLS.S30.T11TKF.2021224T184919.v2.0
[7779/8861] [7785] all outputs exist; skipping HLS.S30.T10TGL.2021224T184919.v2.0
[7780/8861] [7786] all outputs exist; skipping HLS.S30.T10TFL.2021224T184919.v2.0
[7781/8861] [7725] HLS.S30.T11SNB.2021223T182921.v2.0: SKIP NoDataInBounds (field does not intersect FMASK)
[7782/8861] [7788] all outputs exist; skipping HLS.S30.T10TEL.2021224T184919.v2.0
[7783/8861] [7789] all outputs exist; skipping HLS.S30.T11TKE.2021224T184919.v2.0
[7784/8861] [7790] all outputs exist; skipping HLS.S30.T10TGK.2021224T184919.v2.0
[7785/8861] [7791] all outputs exist; skipping HLS.S30.T10TFK.2021224T184919.v2.0
[7786/8861] [7792] all outputs exist; skipping HLS.S30.T10TEK.2021224T184919.v2.0
[7787/8861] [7793] all outputs exist; skipping HLS.S30.T11SKD.2021224T184919.v2.0
[7788/8861] [7794] all outputs exist; skipping HLS.S30.T10SGJ.2021224T184919.v2.0
[7789/8861] [7747] HLS.S30.T11SLS.2021223T182921.v2.0: SKIP NoDataInBounds (field does not intersect FMASK)
[7790/8861] [7795] all outputs exist; skipping HLS.S30.T10SFJ.2021224T184919.v2.0
[7791/8861] [7796] all outputs exist; skipping HLS.S30.T10SEJ.2021224T184919.v2.0
[7792/8861] [7797] all outputs exist; skipping HLS.S30.T10SDJ.2021224T184919.v2.0
[7793/8861] [7798] all outputs exist; skipping HLS.S30.T11SKC.2021224T184919.v2.0
[7794/8861] [7799] all outputs exist; skipping HLS.S30.T10SGH.2021224T184919.v2.0
[7795/8861] [7800] all outputs exist; skipping HLS.S30.T10SFH.2021224T184919.v2.0
[7796/8861] [7801] all outputs exist; skipping HLS.S30.T10SEH.2021224T184919.v2.0
[7797/8861] [7802] all outputs exist; skipping HLS.S30.T10SDH.2021224T184919.v2.0
[7798/8861] [7803] all outputs exist; skipping HLS.S30.T11SKB.2021224T184919.v2.0
[7799/8861] [7804] all outputs exist; skipping HLS.S30.T10SGG.2021224T184919.v2.0
[7800/8861] [7806] all outputs exist; skipping HLS.S30.T11SKA.2021224T184919.v2.0
[7801/8861] [7805] all outputs exist; skipping HLS.S30.T10SFG.2021224T184919.v2.0
[7802/8861] [7807] all outputs exist; skipping HLS.S30.T10SEG.2021224T184919.v2.0
[7803/8861] [7809] all outputs exist; skipping HLS.S30.T10SGF.2021224T184919.v2.0
[7804/8861] [7810] all outputs exist; skipping HLS.S30.T10SFF.2021224T184919.v2.0
[7805/8861] [7811] all outputs exist; skipping HLS.S30.T10SEF.2021224T184919.v2.0
[7806/8861] [7812] all outputs exist; skipping HLS.S30.T10SGE.2021224T184919.v2.0
[7807/8861] [7813] all outputs exist; skipping HLS.S30.T10SFE.2021224T184919.v2.0
[7808/8861] [7814] all outputs exist; skipping HLS.S30.T10SFD.2021224T184919.v2.0
[7809/8861] [7748] HLS.S30.T11SKS.2021223T182921.v2.0: SKIP NoDataInBounds (field does not intersect FMASK)
[7810/8861] [7749] HLS.S30.T11SNR.2021223T182921.v2.0: SKIP NoDataInBounds (field does not intersect FMASK)
[7811/8861] [7772] HLS.L30.T10SDG.2021224T184612.v2.0: SKIP NoDataInBounds (field does not intersect FMASK)
[7812/8861] [7778] HLS.S30.T11TLG.2021224T184919.v2.0: SKIP NoDataInBounds (field does not intersect FMASK)
[7813/8861] [7783] HLS.S30.T11TLF.2021224T184919.v2.0: SKIP NoDataInBounds (field does not intersect FMASK)
[7814/8861] [7787] HLS.S30.T11TLE.2021224T184919.v2.0: SKIP NoDataInBounds (field does not intersect FMASK)
[7815/8861] [7808] HLS.S30.T10SDG.2021224T184919.v2.0: SKIP NoDataInBounds (field does not intersect FMASK)
[7816/8861] [7815] HLS.S30.T11TQG.2021225T181919.v2.0: SKIP NoDataInBounds (field does not intersect FMASK)
[7817/8861] [7816] HLS.S30.T12TTM.2021225T181919.v2.0: SKIP NoDataInBounds (field does not intersect FMASK)
[7818/8861] [7817] HLS.S30.T11TPG.2021225T181919.v2.0: SKIP NoDataInBounds (field does not intersect FMASK)
[7819/8861] [7818] HLS.S30.T12TTL.2021225T181919.v2.0: SKIP NoDataInBounds (field does not intersect FMASK)
[7820/8861] [7819] HLS.S30.T11TQF.2021225T181919.v2.0: SKIP NoDataInBounds (field does not intersect FMASK)
[7821/8861] [7820] HLS.S30.T11TPF.2021225T181919.v2.0: SKIP NoDataInBounds (field does not intersect FMASK)
[7822/8861] [7821] HLS.S30.T12TTK.2021225T181919.v2.0: SKIP NoDataInBounds (field does not intersect FMASK)
[7823/8861] [7822] HLS.S30.T11TQE.2021225T181919.v2.0: SKIP NoDataInBounds (field does not intersect FMASK)
[7824/8861] [7823] HLS.S30.T11TPE.2021225T181919.v2.0: SKIP NoDataInBounds (field does not intersect FMASK)
[7825/8861] [7824] HLS.S30.T12STJ.2021225T181919.v2.0: SKIP NoDataInBounds (field does not intersect FMASK)
[7826/8861] [7825] HLS.S30.T11SQD.2021225T181919.v2.0: SKIP NoDataInBounds (field does not intersect FMASK)
[7827/8861] [7826] HLS.S30.T11SPD.2021225T181919.v2.0: SKIP NoDataInBounds (field does not intersect FMASK)
[7828/8861] [7827] HLS.S30.T12STH.2021225T181919.v2.0: SKIP NoDataInBounds (field does not intersect FMASK)
[7829/8861] [7828] HLS.S30.T11SQC.2021225T181919.v2.0: SKIP NoDataInBounds (field does not intersect FMASK)
[7830/8861] [7829] HLS.S30.T11SPC.2021225T181919.v2.0: SKIP NoDataInBounds (field does not intersect FMASK)
[7831/8861] [7831] HLS.S30.T12STG.2021225T181919.v2.0: SKIP NoDataInBounds (field does not intersect FMASK)
[7832/8861] [7830] HLS.S30.T11SNC.2021225T181919.v2.0: SKIP NoDataInBounds (field does not intersect FMASK)
[7833/8861] [7839] all outputs exist; skipping HLS.S30.T11SQV.2021225T181919.v2.0
[7834/8861] [7840] all outputs exist; skipping HLS.S30.T11SPV.2021225T181919.v2.0
[7835/8861] [7841] all outputs exist; skipping HLS.S30.T11SNA.2021225T181919.v2.0
[7836/8861] [7842] all outputs exist; skipping HLS.S30.T11SNV.2021225T181919.v2.0
[7837/8861] [7843] all outputs exist; skipping HLS.S30.T12STD.2021225T181919.v2.0
[7838/8861] [7844] all outputs exist; skipping HLS.S30.T11SQU.2021225T181919.v2.0
[7839/8861] [7845] all outputs exist; skipping HLS.S30.T11SPU.2021225T181919.v2.0
[7840/8861] [7846] all outputs exist; skipping HLS.S30.T11SNU.2021225T181919.v2.0
[7841/8861] [7847] all outputs exist; skipping HLS.S30.T12STC.2021225T181919.v2.0
[7842/8861] [7848] all outputs exist; skipping HLS.S30.T11SQT.2021225T181919.v2.0
[7843/8861] [7849] all outputs exist; skipping HLS.S30.T11SPT.2021225T181919.v2.0
[7844/8861] [7850] all outputs exist; skipping HLS.S30.T11SNT.2021225T181919.v2.0
[7845/8861] [7832] HLS.S30.T11SQB.2021225T181919.v2.0: SKIP NoDataInBounds (field does not intersect FMASK)
[7846/8861] [7852] all outputs exist; skipping HLS.S30.T11SMT.2021225T181919.v2.0
[7847/8861] [7853] all outputs exist; skipping HLS.S30.T11SQS.2021225T181919.v2.0
[7848/8861] [7854] all outputs exist; skipping HLS.S30.T11SPS.2021225T181919.v2.0
[7849/8861] [7855] all outputs exist; skipping HLS.S30.T11SNS.2021225T181919.v2.0
[7850/8861] [7856] all outputs exist; skipping HLS.S30.T11SMS.2021225T181919.v2.0
[7851/8861] [7833] HLS.S30.T11SPB.2021225T181919.v2.0: SKIP NoDataInBounds (field does not intersect FMASK)
[7852/8861] [7858] all outputs exist; skipping HLS.S30.T11SMR.2021225T181919.v2.0
[7853/8861] [7859] all outputs exist; skipping HLS.S30.T10TDM.2021225T190921.v2.0
[7854/8861] [7860] all outputs exist; skipping HLS.S30.T10TCM.2021225T190921.v2.0
[7855/8861] [7861] all outputs exist; skipping HLS.S30.T10TDL.2021225T190921.v2.0
[7856/8861] [7862] all outputs exist; skipping HLS.S30.T10TCL.2021225T190921.v2.0
[7857/8861] [7863] all outputs exist; skipping HLS.S30.T10TDK.2021225T190921.v2.0
[7858/8861] [7864] all outputs exist; skipping HLS.S30.T10TCK.2021225T190921.v2.0
[7859/8861] [7834] HLS.S30.T11SNB.2021225T181919.v2.0: SKIP NoDataInBounds (field does not intersect FMASK)
[7860/8861] [7835] HLS.S30.T12STF.2021225T181919.v2.0: SKIP NoDataInBounds (field does not intersect FMASK)
[7861/8861] [7836] HLS.S30.T11SQA.2021225T181919.v2.0: SKIP NoDataInBounds (field does not intersect FMASK)
[7862/8861] [7837] HLS.S30.T11SPA.2021225T181919.v2.0: SKIP NoDataInBounds (field does not intersect FMASK)
[7863/8861] [7838] HLS.S30.T12STE.2021225T181919.v2.0: SKIP NoDataInBounds (field does not intersect FMASK)
[7864/8861] [7851] HLS.S30.T12STB.2021225T181919.v2.0: SKIP NoDataInBounds (field does not intersect FMASK)
[7865/8861] [7865] HLS.L30.T11TNG.2021226T183216.v2.0: SKIP NoDataInBounds (field does not intersect FMASK)
[7866/8861] [7857] HLS.S30.T11SNR.2021225T181919.v2.0: SKIP NoDataInBounds (field does not intersect FMASK)
[7867/8861] [7873] all outputs exist; skipping HLS.L30.T11TKE.2021226T183303.v2.0
[7868/8861] [7866] HLS.L30.T11TMG.2021226T183216.v2.0: SKIP NoDataInBounds (field does not intersect FMASK)
[7869/8861] [7867] HLS.L30.T11TLG.2021226T183240.v2.0: SKIP NoDataInBounds (field does not intersect FMASK)
[7870/8861] [7876] all outputs exist; skipping HLS.L30.T10TGK.2021226T183303.v2.0
[7871/8861] [7868] HLS.L30.T11TNF.2021226T183240.v2.0: SKIP NoDataInBounds (field does not intersect FMASK)
[7872/8861] [7878] all outputs exist; skipping HLS.L30.T11SKD.2021226T183303.v2.0
[7873/8861] [7879] all outputs exist; skipping HLS.L30.T10SGJ.2021226T183327.v2.0
[7874/8861] [7880] all outputs exist; skipping HLS.L30.T11SLC.2021226T183327.v2.0
[7875/8861] [7881] all outputs exist; skipping HLS.L30.T11SKC.2021226T183327.v2.0
[7876/8861] [7869] HLS.L30.T11TLF.2021226T183240.v2.0: SKIP NoDataInBounds (field does not intersect FMASK)
[7877/8861] [7883] all outputs exist; skipping HLS.L30.T10SGH.2021226T183327.v2.0
[7878/8861] [7884] all outputs exist; skipping HLS.L30.T11SMB.2021226T183351.v2.0
[7879/8861] [7885] all outputs exist; skipping HLS.L30.T11SLB.2021226T183351.v2.0
[7880/8861] [7886] all outputs exist; skipping HLS.L30.T10SGF.2021226T183351.v2.0
[7881/8861] [7887] all outputs exist; skipping HLS.L30.T11SKB.2021226T183351.v2.0
[7882/8861] [7888] all outputs exist; skipping HLS.L30.T11SLA.2021226T183351.v2.0
[7883/8861] [7889] all outputs exist; skipping HLS.L30.T10SGG.2021226T183351.v2.0
[7884/8861] [7890] all outputs exist; skipping HLS.L30.T11SKA.2021226T183351.v2.0
[7885/8861] [7891] all outputs exist; skipping HLS.L30.T11SLU.2021226T183415.v2.0
[7886/8861] [7892] all outputs exist; skipping HLS.L30.T11SKV.2021226T183415.v2.0
[7887/8861] [7893] all outputs exist; skipping HLS.L30.T11SKU.2021226T183415.v2.0
[7888/8861] [7894] all outputs exist; skipping HLS.L30.T11SLV.2021226T183415.v2.0
[7889/8861] [7895] all outputs exist; skipping HLS.L30.T10SGE.2021226T183415.v2.0
[7890/8861] [7896] all outputs exist; skipping HLS.L30.T10SFD.2021226T183439.v2.0
[7891/8861] [7897] all outputs exist; skipping HLS.L30.T10SGD.2021226T183439.v2.0
[7892/8861] [7898] all outputs exist; skipping HLS.L30.T10SFE.2021226T183439.v2.0
[7893/8861] [7899] all outputs exist; skipping HLS.L30.T11SLT.2021226T183439.v2.0
[7894/8861] [7870] HLS.L30.T11TMF.2021226T183240.v2.0: SKIP NoDataInBounds (field does not intersect FMASK)
[7895/8861] [7901] all outputs exist; skipping HLS.L30.T11SKT.2021226T183439.v2.0
[7896/8861] [7871] HLS.L30.T11TME.2021226T183303.v2.0: SKIP NoDataInBounds (field does not intersect FMASK)
[7897/8861] [7874] HLS.L30.T11SLD.2021226T183303.v2.0: SKIP NoDataInBounds (field does not intersect FMASK)
[7898/8861] [7875] HLS.L30.T11SMD.2021226T183303.v2.0: SKIP NoDataInBounds (field does not intersect FMASK)
[7899/8861] [7872] HLS.L30.T11TNE.2021226T183303.v2.0: SKIP NoDataInBounds (field does not intersect FMASK)
[7900/8861] [7906] all outputs exist; skipping HLS.S30.T10TGM.2021226T183921.v2.0
[7901/8861] [7907] all outputs exist; skipping HLS.S30.T11TKG.2021226T183921.v2.0
[7902/8861] [7877] HLS.L30.T11TLE.2021226T183303.v2.0: SKIP NoDataInBounds (field does not intersect FMASK)
[7903/8861] [7882] HLS.L30.T11SMC.2021226T183327.v2.0: SKIP NoDataInBounds (field does not intersect FMASK)
[7904/8861] [7900] HLS.L30.T10SGC.2021226T183439.v2.0: SKIP NoDataInBounds (field does not intersect FMASK)
[7905/8861] [7911] all outputs exist; skipping HLS.S30.T11TKF.2021226T183921.v2.0
[7906/8861] [7912] all outputs exist; skipping HLS.S30.T10TGL.2021226T183921.v2.0
[7907/8861] [7902] HLS.L30.T11SKS.2021226T183503.v2.0: SKIP NoDataInBounds (field does not intersect FMASK)
[7908/8861] [7903] HLS.S30.T11TNG.2021226T183921.v2.0: SKIP NoDataInBounds (field does not intersect FMASK)
[7909/8861] [7905] HLS.S30.T11TLG.2021226T183921.v2.0: SKIP NoDataInBounds (field does not intersect FMASK)
[7910/8861] [7908] HLS.S30.T11TNF.2021226T183921.v2.0: SKIP NoDataInBounds (field does not intersect FMASK)
[7911/8861] [7917] all outputs exist; skipping HLS.S30.T11TKE.2021226T183921.v2.0
[7912/8861] [7918] all outputs exist; skipping HLS.S30.T10TGK.2021226T183921.v2.0
[7913/8861] [7904] HLS.S30.T11TMG.2021226T183921.v2.0: SKIP NoDataInBounds (field does not intersect FMASK)
[7914/8861] [7909] HLS.S30.T11TMF.2021226T183921.v2.0: SKIP NoDataInBounds (field does not intersect FMASK)
[7915/8861] [7921] all outputs exist; skipping HLS.S30.T11SKD.2021226T183921.v2.0
[7916/8861] [7922] all outputs exist; skipping HLS.S30.T10SGJ.2021226T183921.v2.0
[7917/8861] [7910] HLS.S30.T11TLF.2021226T183921.v2.0: SKIP NoDataInBounds (field does not intersect FMASK)
[7918/8861] [7924] all outputs exist; skipping HLS.S30.T10SFJ.2021226T183921.v2.0
[7919/8861] [7925] all outputs exist; skipping HLS.S30.T11SLC.2021226T183921.v2.0
[7920/8861] [7926] all outputs exist; skipping HLS.S30.T11SKC.2021226T183921.v2.0
[7921/8861] [7927] all outputs exist; skipping HLS.S30.T10SGH.2021226T183921.v2.0
[7922/8861] [7928] all outputs exist; skipping HLS.S30.T10SFH.2021226T183921.v2.0
[7923/8861] [7929] all outputs exist; skipping HLS.S30.T11SMB.2021226T183921.v2.0
[7924/8861] [7930] all outputs exist; skipping HLS.S30.T11SLB.2021226T183921.v2.0
[7925/8861] [7931] all outputs exist; skipping HLS.S30.T11SKB.2021226T183921.v2.0
[7926/8861] [7932] all outputs exist; skipping HLS.S30.T10SGG.2021226T183921.v2.0
[7927/8861] [7933] all outputs exist; skipping HLS.S30.T11SMA.2021226T183921.v2.0
[7928/8861] [7934] all outputs exist; skipping HLS.S30.T10SFG.2021226T183921.v2.0
[7929/8861] [7935] all outputs exist; skipping HLS.S30.T11SLA.2021226T183921.v2.0
[7930/8861] [7936] all outputs exist; skipping HLS.S30.T11SKA.2021226T183921.v2.0
[7931/8861] [7937] all outputs exist; skipping HLS.S30.T10SGF.2021226T183921.v2.0
[7932/8861] [7938] all outputs exist; skipping HLS.S30.T10SFF.2021226T183921.v2.0
[7933/8861] [7939] all outputs exist; skipping HLS.S30.T11SLV.2021226T183921.v2.0
[7934/8861] [7940] all outputs exist; skipping HLS.S30.T11SKV.2021226T183921.v2.0
[7935/8861] [7941] all outputs exist; skipping HLS.S30.T10SGE.2021226T183921.v2.0
[7936/8861] [7942] all outputs exist; skipping HLS.S30.T10SFE.2021226T183921.v2.0
[7937/8861] [7943] all outputs exist; skipping HLS.S30.T11SLU.2021226T183921.v2.0
[7938/8861] [7944] all outputs exist; skipping HLS.S30.T11SKU.2021226T183921.v2.0
[7939/8861] [7945] all outputs exist; skipping HLS.S30.T10SGD.2021226T183921.v2.0
[7940/8861] [7946] all outputs exist; skipping HLS.S30.T10SFD.2021226T183921.v2.0
[7941/8861] [7947] all outputs exist; skipping HLS.S30.T11SLT.2021226T183921.v2.0
[7942/8861] [7948] all outputs exist; skipping HLS.S30.T11SKT.2021226T183921.v2.0
[7943/8861] [7913] HLS.S30.T11TNE.2021226T183921.v2.0: SKIP NoDataInBounds (field does not intersect FMASK)
[7944/8861] [7914] HLS.S30.T11TME.2021226T183921.v2.0: SKIP NoDataInBounds (field does not intersect FMASK)
[7945/8861] [7915] HLS.S30.T11TLE.2021226T183921.v2.0: SKIP NoDataInBounds (field does not intersect FMASK)
[7946/8861] [7916] HLS.S30.T11SND.2021226T183921.v2.0: SKIP NoDataInBounds (field does not intersect FMASK)
[7947/8861] [7953] all outputs exist; skipping HLS.S30.T11SQV.2021227T180921.v2.0
[7948/8861] [7954] all outputs exist; skipping HLS.S30.T12STD.2021227T180921.v2.0
[7949/8861] [7955] all outputs exist; skipping HLS.S30.T11SQU.2021227T180921.v2.0
[7950/8861] [7956] all outputs exist; skipping HLS.S30.T12STC.2021227T180921.v2.0
[7951/8861] [7957] all outputs exist; skipping HLS.S30.T11SQT.2021227T180921.v2.0
[7952/8861] [7919] HLS.S30.T11SMD.2021226T183921.v2.0: SKIP NoDataInBounds (field does not intersect FMASK)
[7953/8861] [7959] all outputs exist; skipping HLS.S30.T11SQS.2021227T180921.v2.0
[7954/8861] [7960] all outputs exist; skipping HLS.S30.T10TFM.2021227T185919.v2.0
[7955/8861] [7961] all outputs exist; skipping HLS.S30.T10TEM.2021227T185919.v2.0
[7956/8861] [7962] all outputs exist; skipping HLS.S30.T10TDM.2021227T185919.v2.0
[7957/8861] [7963] all outputs exist; skipping HLS.S30.T10TCM.2021227T185919.v2.0
[7958/8861] [7964] all outputs exist; skipping HLS.S30.T10TFL.2021227T185919.v2.0
[7959/8861] [7965] all outputs exist; skipping HLS.S30.T10TEL.2021227T185919.v2.0
[7960/8861] [7966] all outputs exist; skipping HLS.S30.T10TDL.2021227T185919.v2.0
[7961/8861] [7967] all outputs exist; skipping HLS.S30.T10TFK.2021227T185919.v2.0
[7962/8861] [7968] all outputs exist; skipping HLS.S30.T10TCL.2021227T185919.v2.0
[7963/8861] [7969] all outputs exist; skipping HLS.S30.T10TEK.2021227T185919.v2.0
[7964/8861] [7970] all outputs exist; skipping HLS.S30.T10TDK.2021227T185919.v2.0
[7965/8861] [7971] all outputs exist; skipping HLS.S30.T10TCK.2021227T185919.v2.0
[7966/8861] [7972] all outputs exist; skipping HLS.S30.T10SEJ.2021227T185919.v2.0
[7967/8861] [7973] all outputs exist; skipping HLS.S30.T10SDJ.2021227T185919.v2.0
[7968/8861] [7974] all outputs exist; skipping HLS.S30.T10SEH.2021227T185919.v2.0
[7969/8861] [7975] all outputs exist; skipping HLS.S30.T10SDH.2021227T185919.v2.0
[7970/8861] [7920] HLS.S30.T11SLD.2021226T183921.v2.0: SKIP NoDataInBounds (field does not intersect FMASK)
[7971/8861] [7923] HLS.S30.T11SMC.2021226T183921.v2.0: SKIP NoDataInBounds (field does not intersect FMASK)
[7972/8861] [7949] HLS.S30.T10SGC.2021226T183921.v2.0: SKIP NoDataInBounds (field does not intersect FMASK)
[7973/8861] [7950] HLS.S30.T11SLS.2021226T183921.v2.0: SKIP NoDataInBounds (field does not intersect FMASK)
[7974/8861] [7951] HLS.S30.T11SKS.2021226T183921.v2.0: SKIP NoDataInBounds (field does not intersect FMASK)
[7975/8861] [7952] HLS.S30.T12STE.2021227T180921.v2.0: SKIP NoDataInBounds (field does not intersect FMASK)
[7976/8861] [7977] HLS.L30.T12TTM.2021228T181955.v2.0: SKIP NoDataInBounds (field does not intersect FMASK)
[7977/8861] [7958] HLS.S30.T12STB.2021227T180921.v2.0: SKIP NoDataInBounds (field does not intersect FMASK)
[7978/8861] [7976] HLS.S30.T10SDG.2021227T185919.v2.0: SKIP NoDataInBounds (field does not intersect FMASK)
[7979/8861] [7978] HLS.L30.T11TQG.2021228T181955.v2.0: SKIP NoDataInBounds (field does not intersect FMASK)
[7980/8861] [7979] HLS.L30.T11TNF.2021228T182018.v2.0: SKIP NoDataInBounds (field does not intersect FMASK)
[7981/8861] [7980] HLS.L30.T11TNG.2021228T182018.v2.0: SKIP NoDataInBounds (field does not intersect FMASK)
[7982/8861] [7981] HLS.L30.T11TPG.2021228T182018.v2.0: SKIP NoDataInBounds (field does not intersect FMASK)
[7983/8861] [7984] HLS.L30.T11TQF.2021228T182018.v2.0: SKIP NoDataInBounds (field does not intersect FMASK)
[7984/8861] [7982] HLS.L30.T12TTL.2021228T182018.v2.0: SKIP NoDataInBounds (field does not intersect FMASK)
[7985/8861] [7983] HLS.L30.T11TPF.2021228T182018.v2.0: SKIP NoDataInBounds (field does not intersect FMASK)
[7986/8861] [7985] HLS.L30.T12TTK.2021228T182042.v2.0: SKIP NoDataInBounds (field does not intersect FMASK)
[7987/8861] [7986] HLS.L30.T11TNE.2021228T182042.v2.0: SKIP NoDataInBounds (field does not intersect FMASK)
[7988/8861] [7987] HLS.L30.T11SPD.2021228T182042.v2.0: SKIP NoDataInBounds (field does not intersect FMASK)
[7989/8861] [7988] HLS.L30.T11TQE.2021228T182042.v2.0: SKIP NoDataInBounds (field does not intersect FMASK)
[7990/8861] [7989] HLS.L30.T11TPE.2021228T182042.v2.0: SKIP NoDataInBounds (field does not intersect FMASK)
[7991/8861] [7997] all outputs exist; skipping HLS.L30.T11SMB.2021228T182130.v2.0
[7992/8861] [7998] all outputs exist; skipping HLS.L30.T11SNA.2021228T182130.v2.0
[7993/8861] [7990] HLS.L30.T12STJ.2021228T182042.v2.0: SKIP NoDataInBounds (field does not intersect FMASK)
[7994/8861] [8000] all outputs exist; skipping HLS.L30.T11SMA.2021228T182130.v2.0
[7995/8861] [7991] HLS.L30.T11SQD.2021228T182042.v2.0: SKIP NoDataInBounds (field does not intersect FMASK)
[7996/8861] [7993] HLS.L30.T11SQC.2021228T182106.v2.0: SKIP NoDataInBounds (field does not intersect FMASK)
[7997/8861] [8003] all outputs exist; skipping HLS.L30.T11SPU.2021228T182154.v2.0
[7998/8861] [8004] all outputs exist; skipping HLS.L30.T11SPV.2021228T182154.v2.0
[7999/8861] [8005] all outputs exist; skipping HLS.L30.T11SNU.2021228T182154.v2.0
[8000/8861] [7992] HLS.L30.T11SND.2021228T182042.v2.0: SKIP NoDataInBounds (field does not intersect FMASK)
[8001/8861] [8006] all outputs exist; skipping HLS.L30.T11SMV.2021228T182154.v2.0
[8002/8861] [8007] all outputs exist; skipping HLS.L30.T11SNV.2021228T182154.v2.0
[8003/8861] [8008] all outputs exist; skipping HLS.L30.T11SPT.2021228T182218.v2.0
[8004/8861] [8009] all outputs exist; skipping HLS.L30.T11SMU.2021228T182218.v2.0
[8005/8861] [8010] all outputs exist; skipping HLS.L30.T11SNT.2021228T182218.v2.0
[8006/8861] [8011] all outputs exist; skipping HLS.L30.T11SMT.2021228T182218.v2.0
[8007/8861] [8012] all outputs exist; skipping HLS.L30.T11SNS.2021228T182242.v2.0
[8008/8861] [8013] all outputs exist; skipping HLS.L30.T11SLT.2021228T182242.v2.0
[8009/8861] [8015] all outputs exist; skipping HLS.L30.T11SMS.2021228T182242.v2.0
[8010/8861] [7994] HLS.L30.T11SNC.2021228T182106.v2.0: SKIP NoDataInBounds (field does not intersect FMASK)
[8011/8861] [8017] all outputs exist; skipping HLS.L30.T11SMR.2021228T182242.v2.0
[8012/8861] [7995] HLS.L30.T11SPC.2021228T182106.v2.0: SKIP NoDataInBounds (field does not intersect FMASK)
[8013/8861] [7996] HLS.L30.T11SMC.2021228T182130.v2.0: SKIP NoDataInBounds (field does not intersect FMASK)
[8014/8861] [7999] HLS.L30.T11SPB.2021228T182130.v2.0: SKIP NoDataInBounds (field does not intersect FMASK)
[8015/8861] [8002] HLS.L30.T11SNB.2021228T182130.v2.0: SKIP NoDataInBounds (field does not intersect FMASK)
[8016/8861] [8001] HLS.L30.T11SPA.2021228T182130.v2.0: SKIP NoDataInBounds (field does not intersect FMASK)
[8017/8861] [8016] HLS.L30.T11SNR.2021228T182242.v2.0: SKIP NoDataInBounds (field does not intersect FMASK)
[8018/8861] [8018] HLS.S30.T11TQG.2021228T182919.v2.0: SKIP NoDataInBounds (field does not intersect FMASK)
[8019/8861] [8014] HLS.L30.T11SLS.2021228T182242.v2.0: SKIP NoDataInBounds (field does not intersect FMASK)
[8020/8861] [8019] HLS.S30.T12TTM.2021228T182919.v2.0: SKIP NoDataInBounds (field does not intersect FMASK)
[8021/8861] [8020] HLS.S30.T11TPG.2021228T182919.v2.0: SKIP NoDataInBounds (field does not intersect FMASK)
[8022/8861] [8021] HLS.S30.T11TNG.2021228T182919.v2.0: SKIP NoDataInBounds (field does not intersect FMASK)
[8023/8861] [8023] HLS.S30.T12TTL.2021228T182919.v2.0: SKIP NoDataInBounds (field does not intersect FMASK)
[8024/8861] [8022] HLS.S30.T11TMG.2021228T182919.v2.0: SKIP NoDataInBounds (field does not intersect FMASK)
[8025/8861] [8024] HLS.S30.T11TQF.2021228T182919.v2.0: SKIP NoDataInBounds (field does not intersect FMASK)
[8026/8861] [8025] HLS.S30.T11TPF.2021228T182919.v2.0: SKIP NoDataInBounds (field does not intersect FMASK)
[8027/8861] [8026] HLS.S30.T11TNF.2021228T182919.v2.0: SKIP NoDataInBounds (field does not intersect FMASK)
[8028/8861] [8027] HLS.S30.T11TMF.2021228T182919.v2.0: SKIP NoDataInBounds (field does not intersect FMASK)
[8029/8861] [8028] HLS.S30.T12TTK.2021228T182919.v2.0: SKIP NoDataInBounds (field does not intersect FMASK)
[8030/8861] [8029] HLS.S30.T11TQE.2021228T182919.v2.0: SKIP NoDataInBounds (field does not intersect FMASK)
[8031/8861] [8030] HLS.S30.T11TPE.2021228T182919.v2.0: SKIP NoDataInBounds (field does not intersect FMASK)
[8032/8861] [8031] HLS.S30.T11TNE.2021228T182919.v2.0: SKIP NoDataInBounds (field does not intersect FMASK)
[8033/8861] [8032] HLS.S30.T12STJ.2021228T182919.v2.0: SKIP NoDataInBounds (field does not intersect FMASK)
[8034/8861] [8033] HLS.S30.T11TME.2021228T182919.v2.0: SKIP NoDataInBounds (field does not intersect FMASK)
[8035/8861] [8034] HLS.S30.T11SQD.2021228T182919.v2.0: SKIP NoDataInBounds (field does not intersect FMASK)
[8036/8861] [8042] all outputs exist; skipping HLS.S30.T11SLC.2021228T182919.v2.0
[8037/8861] [8035] HLS.S30.T11SPD.2021228T182919.v2.0: SKIP NoDataInBounds (field does not intersect FMASK)
[8038/8861] [8036] HLS.S30.T11SND.2021228T182919.v2.0: SKIP NoDataInBounds (field does not intersect FMASK)
[8039/8861] [8045] all outputs exist; skipping HLS.S30.T11SMB.2021228T182919.v2.0
[8040/8861] [8046] all outputs exist; skipping HLS.S30.T11SLB.2021228T182919.v2.0
[8041/8861] [8037] HLS.S30.T11SMD.2021228T182919.v2.0: SKIP NoDataInBounds (field does not intersect FMASK)
[8042/8861] [8048] all outputs exist; skipping HLS.S30.T11SNA.2021228T182919.v2.0
[8043/8861] [8049] all outputs exist; skipping HLS.S30.T11SMA.2021228T182919.v2.0
[8044/8861] [8050] all outputs exist; skipping HLS.S30.T11SLA.2021228T182919.v2.0
[8045/8861] [8051] all outputs exist; skipping HLS.S30.T11SPV.2021228T182919.v2.0
[8046/8861] [8052] all outputs exist; skipping HLS.S30.T11SNV.2021228T182919.v2.0
[8047/8861] [8053] all outputs exist; skipping HLS.S30.T11SPU.2021228T182919.v2.0
[8048/8861] [8054] all outputs exist; skipping HLS.S30.T11SMV.2021228T182919.v2.0
[8049/8861] [8055] all outputs exist; skipping HLS.S30.T11SLV.2021228T182919.v2.0
[8050/8861] [8056] all outputs exist; skipping HLS.S30.T11SNU.2021228T182919.v2.0
[8051/8861] [8057] all outputs exist; skipping HLS.S30.T11SKV.2021228T182919.v2.0
[8052/8861] [8058] all outputs exist; skipping HLS.S30.T11SMU.2021228T182919.v2.0
[8053/8861] [8059] all outputs exist; skipping HLS.S30.T11SLU.2021228T182919.v2.0
[8054/8861] [8060] all outputs exist; skipping HLS.S30.T11SKU.2021228T182919.v2.0
[8055/8861] [8061] all outputs exist; skipping HLS.S30.T11SNT.2021228T182919.v2.0
[8056/8861] [8062] all outputs exist; skipping HLS.S30.T11SMT.2021228T182919.v2.0
[8057/8861] [8063] all outputs exist; skipping HLS.S30.T11SLT.2021228T182919.v2.0
[8058/8861] [8064] all outputs exist; skipping HLS.S30.T11SKT.2021228T182919.v2.0
[8059/8861] [8065] all outputs exist; skipping HLS.S30.T11SNS.2021228T182919.v2.0
[8060/8861] [8066] all outputs exist; skipping HLS.S30.T11SMS.2021228T182919.v2.0
[8061/8861] [8038] HLS.S30.T11SPC.2021228T182919.v2.0: SKIP NoDataInBounds (field does not intersect FMASK)
[8062/8861] [8039] HLS.S30.T11SLD.2021228T182919.v2.0: SKIP NoDataInBounds (field does not intersect FMASK)
[8063/8861] [8040] HLS.S30.T11SNC.2021228T182919.v2.0: SKIP NoDataInBounds (field does not intersect FMASK)
[8064/8861] [8070] all outputs exist; skipping HLS.S30.T11SMR.2021228T182919.v2.0
[8065/8861] [8041] HLS.S30.T11SMC.2021228T182919.v2.0: SKIP NoDataInBounds (field does not intersect FMASK)
[8066/8861] [8072] all outputs exist; skipping HLS.S30.T10TGM.2021229T184921.v2.0
[8067/8861] [8073] all outputs exist; skipping HLS.S30.T11TKG.2021229T184921.v2.0
[8068/8861] [8074] all outputs exist; skipping HLS.S30.T10TFM.2021229T184921.v2.0
[8069/8861] [8075] all outputs exist; skipping HLS.S30.T10TEM.2021229T184921.v2.0
[8070/8861] [8043] HLS.S30.T11SPB.2021228T182919.v2.0: SKIP NoDataInBounds (field does not intersect FMASK)
[8071/8861] [8077] all outputs exist; skipping HLS.S30.T11TKF.2021229T184921.v2.0
[8072/8861] [8078] all outputs exist; skipping HLS.S30.T10TGL.2021229T184921.v2.0
[8073/8861] [8079] all outputs exist; skipping HLS.S30.T10TFL.2021229T184921.v2.0
[8074/8861] [8080] all outputs exist; skipping HLS.L30.T10TDM.2021229T190311.v2.0
[8075/8861] [8081] all outputs exist; skipping HLS.L30.T10TCM.2021229T190311.v2.0
[8076/8861] [8044] HLS.S30.T11SNB.2021228T182919.v2.0: SKIP NoDataInBounds (field does not intersect FMASK)
[8077/8861] [8083] all outputs exist; skipping HLS.S30.T10TEL.2021229T184921.v2.0
[8078/8861] [8084] all outputs exist; skipping HLS.S30.T11TKE.2021229T184921.v2.0
[8079/8861] [8085] all outputs exist; skipping HLS.S30.T10TGK.2021229T184921.v2.0
[8080/8861] [8086] all outputs exist; skipping HLS.S30.T10TFK.2021229T184921.v2.0
[8081/8861] [8087] all outputs exist; skipping HLS.S30.T10TEK.2021229T184921.v2.0
[8082/8861] [8088] all outputs exist; skipping HLS.S30.T11SKD.2021229T184921.v2.0
[8083/8861] [8089] all outputs exist; skipping HLS.S30.T10SGJ.2021229T184921.v2.0
[8084/8861] [8090] all outputs exist; skipping HLS.L30.T10TCL.2021229T190334.v2.0
[8085/8861] [8091] all outputs exist; skipping HLS.S30.T10SFJ.2021229T184921.v2.0
[8086/8861] [8092] all outputs exist; skipping HLS.S30.T10SEJ.2021229T184921.v2.0
[8087/8861] [8093] all outputs exist; skipping HLS.S30.T10SDJ.2021229T184921.v2.0
[8088/8861] [8094] all outputs exist; skipping HLS.S30.T11SKC.2021229T184921.v2.0
[8089/8861] [8095] all outputs exist; skipping HLS.S30.T10SGH.2021229T184921.v2.0
[8090/8861] [8096] all outputs exist; skipping HLS.S30.T10SFH.2021229T184921.v2.0
[8091/8861] [8097] all outputs exist; skipping HLS.S30.T10SEH.2021229T184921.v2.0
[8092/8861] [8098] all outputs exist; skipping HLS.S30.T10SDH.2021229T184921.v2.0
[8093/8861] [8099] all outputs exist; skipping HLS.S30.T11SKB.2021229T184921.v2.0
[8094/8861] [8100] all outputs exist; skipping HLS.S30.T10SGG.2021229T184921.v2.0
[8095/8861] [8101] all outputs exist; skipping HLS.S30.T10SFG.2021229T184921.v2.0
[8096/8861] [8102] all outputs exist; skipping HLS.S30.T11SKA.2021229T184921.v2.0
[8097/8861] [8103] all outputs exist; skipping HLS.S30.T10SEG.2021229T184921.v2.0
[8098/8861] [8047] HLS.S30.T11SPA.2021228T182919.v2.0: SKIP NoDataInBounds (field does not intersect FMASK)
[8099/8861] [8105] all outputs exist; skipping HLS.S30.T10SGF.2021229T184921.v2.0
[8100/8861] [8106] all outputs exist; skipping HLS.S30.T10SFF.2021229T184921.v2.0
[8101/8861] [8107] all outputs exist; skipping HLS.S30.T10SEF.2021229T184921.v2.0
[8102/8861] [8108] all outputs exist; skipping HLS.S30.T10SGE.2021229T184921.v2.0
[8103/8861] [8109] all outputs exist; skipping HLS.S30.T10SFE.2021229T184921.v2.0
[8104/8861] [8067] HLS.S30.T11SLS.2021228T182919.v2.0: SKIP NoDataInBounds (field does not intersect FMASK)
[8105/8861] [8068] HLS.S30.T11SKS.2021228T182919.v2.0: SKIP NoDataInBounds (field does not intersect FMASK)
[8106/8861] [8112] all outputs exist; skipping HLS.L30.T11SQV.2021230T180933.v2.0
[8107/8861] [8069] HLS.S30.T11SNR.2021228T182919.v2.0: SKIP NoDataInBounds (field does not intersect FMASK)
[8108/8861] [8114] all outputs exist; skipping HLS.L30.T11SPU.2021230T180957.v2.0
[8109/8861] [8115] all outputs exist; skipping HLS.L30.T12STD.2021230T180957.v2.0
[8110/8861] [8116] all outputs exist; skipping HLS.L30.T11SQU.2021230T180957.v2.0
[8111/8861] [8117] all outputs exist; skipping HLS.L30.T11SPT.2021230T180957.v2.0
[8112/8861] [8118] all outputs exist; skipping HLS.L30.T11SQT.2021230T180957.v2.0
[8113/8861] [8119] all outputs exist; skipping HLS.L30.T12STC.2021230T180957.v2.0
[8114/8861] [8120] all outputs exist; skipping HLS.L30.T11SPS.2021230T181021.v2.0
[8115/8861] [8071] HLS.S30.T11TLG.2021229T184921.v2.0: SKIP NoDataInBounds (field does not intersect FMASK)
[8116/8861] [8122] all outputs exist; skipping HLS.L30.T11SQS.2021230T181021.v2.0
[8117/8861] [8076] HLS.S30.T11TLF.2021229T184921.v2.0: SKIP NoDataInBounds (field does not intersect FMASK)
[8118/8861] [8082] HLS.S30.T11TLE.2021229T184921.v2.0: SKIP NoDataInBounds (field does not intersect FMASK)
[8119/8861] [8110] HLS.L30.T11SQA.2021230T180909.v2.0: SKIP NoDataInBounds (field does not intersect FMASK)
[8120/8861] [8104] HLS.S30.T10SDG.2021229T184921.v2.0: SKIP NoDataInBounds (field does not intersect FMASK)
[8121/8861] [8111] HLS.L30.T12STF.2021230T180909.v2.0: SKIP NoDataInBounds (field does not intersect FMASK)
[8122/8861] [8113] HLS.L30.T12STE.2021230T180933.v2.0: SKIP NoDataInBounds (field does not intersect FMASK)
[8123/8861] [8121] HLS.L30.T12STB.2021230T181021.v2.0: SKIP NoDataInBounds (field does not intersect FMASK)
[8124/8861] [8123] HLS.S30.T12TTM.2021230T181921.v2.0: SKIP NoDataInBounds (field does not intersect FMASK)
[8125/8861] [8124] HLS.S30.T11TQG.2021230T181921.v2.0: SKIP NoDataInBounds (field does not intersect FMASK)
[8126/8861] [8126] HLS.S30.T12TTL.2021230T181921.v2.0: SKIP NoDataInBounds (field does not intersect FMASK)
[8127/8861] [8125] HLS.S30.T11TPG.2021230T181921.v2.0: SKIP NoDataInBounds (field does not intersect FMASK)
[8128/8861] [8128] HLS.S30.T11TPF.2021230T181921.v2.0: SKIP NoDataInBounds (field does not intersect FMASK)
[8129/8861] [8127] HLS.S30.T11TQF.2021230T181921.v2.0: SKIP NoDataInBounds (field does not intersect FMASK)
[8130/8861] [8129] HLS.S30.T11TPE.2021230T181921.v2.0: SKIP NoDataInBounds (field does not intersect FMASK)
[8131/8861] [8130] HLS.S30.T12STJ.2021230T181921.v2.0: SKIP NoDataInBounds (field does not intersect FMASK)
[8132/8861] [8131] HLS.S30.T11SQD.2021230T181921.v2.0: SKIP NoDataInBounds (field does not intersect FMASK)
[8133/8861] [8132] HLS.S30.T12STH.2021230T181921.v2.0: SKIP NoDataInBounds (field does not intersect FMASK)
[8134/8861] [8134] HLS.S30.T11SPC.2021230T181921.v2.0: SKIP NoDataInBounds (field does not intersect FMASK)
[8135/8861] [8133] HLS.S30.T11SQC.2021230T181921.v2.0: SKIP NoDataInBounds (field does not intersect FMASK)
[8136/8861] [8136] HLS.S30.T12STG.2021230T181921.v2.0: SKIP NoDataInBounds (field does not intersect FMASK)
[8137/8861] [8143] all outputs exist; skipping HLS.S30.T11SNA.2021230T181921.v2.0
[8138/8861] [8137] HLS.S30.T11SQB.2021230T181921.v2.0: SKIP NoDataInBounds (field does not intersect FMASK)
[8139/8861] [8145] all outputs exist; skipping HLS.S30.T11SQV.2021230T181921.v2.0
[8140/8861] [8146] all outputs exist; skipping HLS.S30.T11SPV.2021230T181921.v2.0
[8141/8861] [8147] all outputs exist; skipping HLS.S30.T11SNV.2021230T181921.v2.0
[8142/8861] [8148] all outputs exist; skipping HLS.S30.T12STD.2021230T181921.v2.0
[8143/8861] [8149] all outputs exist; skipping HLS.S30.T11SQU.2021230T181921.v2.0
[8144/8861] [8150] all outputs exist; skipping HLS.S30.T11SPU.2021230T181921.v2.0
[8145/8861] [8151] all outputs exist; skipping HLS.S30.T11SNU.2021230T181921.v2.0
[8146/8861] [8152] all outputs exist; skipping HLS.S30.T12STC.2021230T181921.v2.0
[8147/8861] [8153] all outputs exist; skipping HLS.S30.T11SQT.2021230T181921.v2.0
[8148/8861] [8154] all outputs exist; skipping HLS.S30.T11SPT.2021230T181921.v2.0
[8149/8861] [8155] all outputs exist; skipping HLS.S30.T11SNT.2021230T181921.v2.0
[8150/8861] [8135] HLS.S30.T11SNC.2021230T181921.v2.0: SKIP NoDataInBounds (field does not intersect FMASK)
[8151/8861] [8157] all outputs exist; skipping HLS.S30.T11SMT.2021230T181921.v2.0
[8152/8861] [8158] all outputs exist; skipping HLS.S30.T11SQS.2021230T181921.v2.0
[8153/8861] [8159] all outputs exist; skipping HLS.S30.T11SPS.2021230T181921.v2.0
[8154/8861] [8160] all outputs exist; skipping HLS.S30.T11SNS.2021230T181921.v2.0
[8155/8861] [8138] HLS.S30.T11SPB.2021230T181921.v2.0: SKIP NoDataInBounds (field does not intersect FMASK)
[8156/8861] [8162] all outputs exist; skipping HLS.S30.T10TDM.2021230T190919.v2.0
[8157/8861] [8163] all outputs exist; skipping HLS.S30.T10TCM.2021230T190919.v2.0
[8158/8861] [8164] all outputs exist; skipping HLS.S30.T10TDL.2021230T190919.v2.0
[8159/8861] [8165] all outputs exist; skipping HLS.S30.T10TCL.2021230T190919.v2.0
[8160/8861] [8166] all outputs exist; skipping HLS.S30.T10TDK.2021230T190919.v2.0
[8161/8861] [8167] all outputs exist; skipping HLS.S30.T10TCK.2021230T190919.v2.0
[8162/8861] [8168] all outputs exist; skipping HLS.L30.T10TFM.2021231T185050.v2.0
[8163/8861] [8169] all outputs exist; skipping HLS.L30.T10TEM.2021231T185050.v2.0
[8164/8861] [8170] all outputs exist; skipping HLS.L30.T10TEL.2021231T185113.v2.0
[8165/8861] [8171] all outputs exist; skipping HLS.L30.T10TFL.2021231T185113.v2.0
[8166/8861] [8172] all outputs exist; skipping HLS.L30.T10TDM.2021231T185113.v2.0
[8167/8861] [8173] all outputs exist; skipping HLS.L30.T10TDL.2021231T185113.v2.0
[8168/8861] [8174] all outputs exist; skipping HLS.L30.T10TFK.2021231T185137.v2.0
[8169/8861] [8175] all outputs exist; skipping HLS.L30.T10TEK.2021231T185137.v2.0
[8170/8861] [8176] all outputs exist; skipping HLS.L30.T10TCK.2021231T185137.v2.0
[8171/8861] [8177] all outputs exist; skipping HLS.L30.T10TDK.2021231T185137.v2.0
[8172/8861] [8178] all outputs exist; skipping HLS.L30.T10SEJ.2021231T185137.v2.0
[8173/8861] [8179] all outputs exist; skipping HLS.L30.T10SDJ.2021231T185137.v2.0
[8174/8861] [8180] all outputs exist; skipping HLS.L30.T10SEH.2021231T185201.v2.0
[8175/8861] [8181] all outputs exist; skipping HLS.L30.T10SDH.2021231T185201.v2.0
[8176/8861] [8182] all outputs exist; skipping HLS.L30.T10SEG.2021231T185225.v2.0
[8177/8861] [8139] HLS.S30.T11SNB.2021230T181921.v2.0: SKIP NoDataInBounds (field does not intersect FMASK)
[8178/8861] [8184] all outputs exist; skipping HLS.L30.T10SEF.2021231T185225.v2.0
[8179/8861] [8140] HLS.S30.T12STF.2021230T181921.v2.0: SKIP NoDataInBounds (field does not intersect FMASK)
[8180/8861] [8141] HLS.S30.T11SQA.2021230T181921.v2.0: SKIP NoDataInBounds (field does not intersect FMASK)
[8181/8861] [8144] HLS.S30.T12STE.2021230T181921.v2.0: SKIP NoDataInBounds (field does not intersect FMASK)
[8182/8861] [8188] all outputs exist; skipping HLS.S30.T10TGM.2021231T183919.v2.0
[8183/8861] [8189] all outputs exist; skipping HLS.S30.T11TKG.2021231T183919.v2.0
[8184/8861] [8142] HLS.S30.T11SPA.2021230T181921.v2.0: SKIP NoDataInBounds (field does not intersect FMASK)
[8185/8861] [8156] HLS.S30.T12STB.2021230T181921.v2.0: SKIP NoDataInBounds (field does not intersect FMASK)
[8186/8861] [8161] HLS.S30.T11SNR.2021230T181921.v2.0: SKIP NoDataInBounds (field does not intersect FMASK)
[8187/8861] [8193] all outputs exist; skipping HLS.S30.T11TKF.2021231T183919.v2.0
[8188/8861] [8194] all outputs exist; skipping HLS.S30.T10TGL.2021231T183919.v2.0
[8189/8861] [8183] HLS.L30.T10SDG.2021231T185225.v2.0: SKIP NoDataInBounds (field does not intersect FMASK)
[8190/8861] [8185] HLS.S30.T11TNG.2021231T183919.v2.0: SKIP NoDataInBounds (field does not intersect FMASK)
[8191/8861] [8186] HLS.S30.T11TMG.2021231T183919.v2.0: SKIP NoDataInBounds (field does not intersect FMASK)
[8192/8861] [8187] HLS.S30.T11TLG.2021231T183919.v2.0: SKIP NoDataInBounds (field does not intersect FMASK)
[8193/8861] [8199] all outputs exist; skipping HLS.S30.T11TKE.2021231T183919.v2.0
[8194/8861] [8200] all outputs exist; skipping HLS.S30.T10TGK.2021231T183919.v2.0
[8195/8861] [8190] HLS.S30.T11TNF.2021231T183919.v2.0: SKIP NoDataInBounds (field does not intersect FMASK)
[8196/8861] [8192] HLS.S30.T11TLF.2021231T183919.v2.0: SKIP NoDataInBounds (field does not intersect FMASK)
[8197/8861] [8203] all outputs exist; skipping HLS.S30.T11SKD.2021231T183919.v2.0
[8198/8861] [8204] all outputs exist; skipping HLS.S30.T10SGJ.2021231T183919.v2.0
[8199/8861] [8195] HLS.S30.T11TNE.2021231T183919.v2.0: SKIP NoDataInBounds (field does not intersect FMASK)
[8200/8861] [8206] all outputs exist; skipping HLS.S30.T10SFJ.2021231T183919.v2.0
[8201/8861] [8191] HLS.S30.T11TMF.2021231T183919.v2.0: SKIP NoDataInBounds (field does not intersect FMASK)
[8202/8861] [8207] all outputs exist; skipping HLS.S30.T11SLC.2021231T183919.v2.0
[8203/8861] [8208] all outputs exist; skipping HLS.S30.T11SKC.2021231T183919.v2.0
[8204/8861] [8209] all outputs exist; skipping HLS.S30.T10SGH.2021231T183919.v2.0
[8205/8861] [8211] all outputs exist; skipping HLS.S30.T11SMB.2021231T183919.v2.0
[8206/8861] [8210] all outputs exist; skipping HLS.S30.T10SFH.2021231T183919.v2.0
[8207/8861] [8212] all outputs exist; skipping HLS.S30.T11SLB.2021231T183919.v2.0
[8208/8861] [8213] all outputs exist; skipping HLS.S30.T11SKB.2021231T183919.v2.0
[8209/8861] [8214] all outputs exist; skipping HLS.S30.T10SGG.2021231T183919.v2.0
[8210/8861] [8215] all outputs exist; skipping HLS.S30.T11SMA.2021231T183919.v2.0
[8211/8861] [8216] all outputs exist; skipping HLS.S30.T10SFG.2021231T183919.v2.0
[8212/8861] [8217] all outputs exist; skipping HLS.S30.T11SLA.2021231T183919.v2.0
[8213/8861] [8218] all outputs exist; skipping HLS.S30.T11SKA.2021231T183919.v2.0
[8214/8861] [8220] all outputs exist; skipping HLS.S30.T10SFF.2021231T183919.v2.0
[8215/8861] [8219] all outputs exist; skipping HLS.S30.T10SGF.2021231T183919.v2.0
[8216/8861] [8221] all outputs exist; skipping HLS.S30.T11SLV.2021231T183919.v2.0
[8217/8861] [8222] all outputs exist; skipping HLS.S30.T11SKV.2021231T183919.v2.0
[8218/8861] [8223] all outputs exist; skipping HLS.S30.T10SGE.2021231T183919.v2.0
[8219/8861] [8224] all outputs exist; skipping HLS.S30.T10SFE.2021231T183919.v2.0
[8220/8861] [8225] all outputs exist; skipping HLS.S30.T11SLU.2021231T183919.v2.0
[8221/8861] [8226] all outputs exist; skipping HLS.S30.T11SKU.2021231T183919.v2.0
[8222/8861] [8227] all outputs exist; skipping HLS.S30.T10SGD.2021231T183919.v2.0
[8223/8861] [8229] all outputs exist; skipping HLS.S30.T11SLT.2021231T183919.v2.0
[8224/8861] [8228] all outputs exist; skipping HLS.S30.T10SFD.2021231T183919.v2.0
[8225/8861] [8230] all outputs exist; skipping HLS.S30.T11SKT.2021231T183919.v2.0
[8226/8861] [8196] HLS.S30.T11TME.2021231T183919.v2.0: SKIP NoDataInBounds (field does not intersect FMASK)
[8227/8861] [8197] HLS.S30.T11TLE.2021231T183919.v2.0: SKIP NoDataInBounds (field does not intersect FMASK)
[8228/8861] [8198] HLS.S30.T11SND.2021231T183919.v2.0: SKIP NoDataInBounds (field does not intersect FMASK)
[8229/8861] [8235] all outputs exist; skipping HLS.S30.T11SQV.2021232T180919.v2.0
[8230/8861] [8236] all outputs exist; skipping HLS.S30.T12STD.2021232T180919.v2.0
[8231/8861] [8237] all outputs exist; skipping HLS.S30.T11SQU.2021232T180919.v2.0
[8232/8861] [8238] all outputs exist; skipping HLS.S30.T12STC.2021232T180919.v2.0
[8233/8861] [8239] all outputs exist; skipping HLS.S30.T11SQT.2021232T180919.v2.0
[8234/8861] [8201] HLS.S30.T11SMD.2021231T183919.v2.0: SKIP NoDataInBounds (field does not intersect FMASK)
[8235/8861] [8241] all outputs exist; skipping HLS.S30.T11SQS.2021232T180919.v2.0
[8236/8861] [8242] all outputs exist; skipping HLS.S30.T11SPS.2021232T180919.v2.0
[8237/8861] [8243] all outputs exist; skipping HLS.S30.T10TFM.2021232T185921.v2.0
[8238/8861] [8244] all outputs exist; skipping HLS.S30.T10TEM.2021232T185921.v2.0
[8239/8861] [8245] all outputs exist; skipping HLS.S30.T10TDM.2021232T185921.v2.0
[8240/8861] [8246] all outputs exist; skipping HLS.S30.T10TCM.2021232T185921.v2.0
[8241/8861] [8247] all outputs exist; skipping HLS.S30.T10TFL.2021232T185921.v2.0
[8242/8861] [8248] all outputs exist; skipping HLS.S30.T10TEL.2021232T185921.v2.0
[8243/8861] [8249] all outputs exist; skipping HLS.S30.T10TDL.2021232T185921.v2.0
[8244/8861] [8250] all outputs exist; skipping HLS.S30.T10TCL.2021232T185921.v2.0
[8245/8861] [8251] all outputs exist; skipping HLS.S30.T10TFK.2021232T185921.v2.0
[8246/8861] [8252] all outputs exist; skipping HLS.S30.T10TEK.2021232T185921.v2.0
[8247/8861] [8253] all outputs exist; skipping HLS.S30.T10TDK.2021232T185921.v2.0
[8248/8861] [8254] all outputs exist; skipping HLS.S30.T10TCK.2021232T185921.v2.0
[8249/8861] [8255] all outputs exist; skipping HLS.S30.T10SEJ.2021232T185921.v2.0
[8250/8861] [8256] all outputs exist; skipping HLS.S30.T10SDJ.2021232T185921.v2.0
[8251/8861] [8257] all outputs exist; skipping HLS.S30.T10SEH.2021232T185921.v2.0
[8252/8861] [8258] all outputs exist; skipping HLS.S30.T10SDH.2021232T185921.v2.0
[8253/8861] [8202] HLS.S30.T11SLD.2021231T183919.v2.0: SKIP NoDataInBounds (field does not intersect FMASK)
[8254/8861] [8205] HLS.S30.T11SMC.2021231T183919.v2.0: SKIP NoDataInBounds (field does not intersect FMASK)
[8255/8861] [8261] all outputs exist; skipping HLS.L30.T11TKG.2021233T183852.v2.0
[8256/8861] [8262] all outputs exist; skipping HLS.L30.T10TGM.2021233T183852.v2.0
[8257/8861] [8263] all outputs exist; skipping HLS.L30.T10TFL.2021233T183852.v2.0
[8258/8861] [8231] HLS.S30.T10SGC.2021231T183919.v2.0: SKIP NoDataInBounds (field does not intersect FMASK)
[8259/8861] [8265] all outputs exist; skipping HLS.L30.T10TGL.2021233T183852.v2.0
[8260/8861] [8266] all outputs exist; skipping HLS.L30.T11TKF.2021233T183852.v2.0
[8261/8861] [8267] all outputs exist; skipping HLS.L30.T10TFK.2021233T183916.v2.0
[8262/8861] [8232] HLS.S30.T11SLS.2021231T183919.v2.0: SKIP NoDataInBounds (field does not intersect FMASK)
[8263/8861] [8269] all outputs exist; skipping HLS.L30.T11TKE.2021233T183916.v2.0
[8264/8861] [8270] all outputs exist; skipping HLS.L30.T10TGK.2021233T183916.v2.0
[8265/8861] [8271] all outputs exist; skipping HLS.L30.T10SGJ.2021233T183916.v2.0
[8266/8861] [8272] all outputs exist; skipping HLS.L30.T10SFJ.2021233T183916.v2.0
[8267/8861] [8233] HLS.S30.T11SKS.2021231T183919.v2.0: SKIP NoDataInBounds (field does not intersect FMASK)
[8268/8861] [8274] all outputs exist; skipping HLS.L30.T11SKD.2021233T183916.v2.0
[8269/8861] [8275] all outputs exist; skipping HLS.L30.T10SFH.2021233T183940.v2.0
[8270/8861] [8276] all outputs exist; skipping HLS.L30.T10SGH.2021233T183940.v2.0
[8271/8861] [8277] all outputs exist; skipping HLS.L30.T11SKC.2021233T183940.v2.0
[8272/8861] [8278] all outputs exist; skipping HLS.L30.T11SLC.2021233T183940.v2.0
[8273/8861] [8279] all outputs exist; skipping HLS.L30.T10SFG.2021233T184004.v2.0
[8274/8861] [8280] all outputs exist; skipping HLS.L30.T10SGG.2021233T184004.v2.0
[8275/8861] [8281] all outputs exist; skipping HLS.L30.T10SGF.2021233T184004.v2.0
[8276/8861] [8282] all outputs exist; skipping HLS.L30.T10SEG.2021233T184004.v2.0
[8277/8861] [8283] all outputs exist; skipping HLS.L30.T11SKA.2021233T184004.v2.0
[8278/8861] [8284] all outputs exist; skipping HLS.L30.T10SEF.2021233T184004.v2.0
[8279/8861] [8240] HLS.S30.T12STB.2021232T180919.v2.0: SKIP NoDataInBounds (field does not intersect FMASK)
[8280/8861] [8285] all outputs exist; skipping HLS.L30.T10SFF.2021233T184004.v2.0
[8281/8861] [8286] all outputs exist; skipping HLS.L30.T11SKB.2021233T184004.v2.0
[8282/8861] [8287] all outputs exist; skipping HLS.L30.T10SGE.2021233T184028.v2.0
[8283/8861] [8288] all outputs exist; skipping HLS.L30.T10SFE.2021233T184028.v2.0
[8284/8861] [8290] all outputs exist; skipping HLS.L30.T11SKU.2021233T184028.v2.0
[8285/8861] [8289] all outputs exist; skipping HLS.L30.T11SKV.2021233T184028.v2.0
[8286/8861] [8291] all outputs exist; skipping HLS.L30.T10SGD.2021233T184028.v2.0
[8287/8861] [8234] HLS.S30.T12STE.2021232T180919.v2.0: SKIP NoDataInBounds (field does not intersect FMASK)
[8288/8861] [8259] HLS.L30.T11TMG.2021233T183828.v2.0: SKIP NoDataInBounds (field does not intersect FMASK)
[8289/8861] [8264] HLS.L30.T11TLF.2021233T183852.v2.0: SKIP NoDataInBounds (field does not intersect FMASK)
[8290/8861] [8268] HLS.L30.T11TLE.2021233T183916.v2.0: SKIP NoDataInBounds (field does not intersect FMASK)
[8291/8861] [8260] HLS.L30.T11TLG.2021233T183828.v2.0: SKIP NoDataInBounds (field does not intersect FMASK)
[8292/8861] [8273] HLS.L30.T11SLD.2021233T183916.v2.0: SKIP NoDataInBounds (field does not intersect FMASK)
[8293/8861] [8292] HLS.S30.T11TPG.2021233T182921.v2.0: SKIP NoDataInBounds (field does not intersect FMASK)
[8294/8861] [8293] HLS.S30.T11TNG.2021233T182921.v2.0: SKIP NoDataInBounds (field does not intersect FMASK)
[8295/8861] [8298] HLS.S30.T12TTK.2021233T182921.v2.0: SKIP NoDataInBounds (field does not intersect FMASK)
[8296/8861] [8295] HLS.S30.T11TPF.2021233T182921.v2.0: SKIP NoDataInBounds (field does not intersect FMASK)
[8297/8861] [8294] HLS.S30.T11TMG.2021233T182921.v2.0: SKIP NoDataInBounds (field does not intersect FMASK)
[8298/8861] [8296] HLS.S30.T11TMF.2021233T182921.v2.0: SKIP NoDataInBounds (field does not intersect FMASK)
[8299/8861] [8297] HLS.S30.T11TNF.2021233T182921.v2.0: SKIP NoDataInBounds (field does not intersect FMASK)
[8300/8861] [8299] HLS.S30.T11TQE.2021233T182921.v2.0: SKIP NoDataInBounds (field does not intersect FMASK)
[8301/8861] [8301] HLS.S30.T11TNE.2021233T182921.v2.0: SKIP NoDataInBounds (field does not intersect FMASK)
[8302/8861] [8300] HLS.S30.T11TPE.2021233T182921.v2.0: SKIP NoDataInBounds (field does not intersect FMASK)
[8303/8861] [8303] HLS.S30.T11TME.2021233T182921.v2.0: SKIP NoDataInBounds (field does not intersect FMASK)
[8304/8861] [8304] HLS.S30.T11SQD.2021233T182921.v2.0: SKIP NoDataInBounds (field does not intersect FMASK)
[8305/8861] [8302] HLS.S30.T12STJ.2021233T182921.v2.0: SKIP NoDataInBounds (field does not intersect FMASK)
[8306/8861] [8312] all outputs exist; skipping HLS.S30.T11SLC.2021233T182921.v2.0
[8307/8861] [8306] HLS.S30.T11SND.2021233T182921.v2.0: SKIP NoDataInBounds (field does not intersect FMASK)
[8308/8861] [8305] HLS.S30.T11SPD.2021233T182921.v2.0: SKIP NoDataInBounds (field does not intersect FMASK)
[8309/8861] [8315] all outputs exist; skipping HLS.S30.T11SMB.2021233T182921.v2.0
[8310/8861] [8316] all outputs exist; skipping HLS.S30.T11SLB.2021233T182921.v2.0
[8311/8861] [8307] HLS.S30.T11SMD.2021233T182921.v2.0: SKIP NoDataInBounds (field does not intersect FMASK)
[8312/8861] [8318] all outputs exist; skipping HLS.S30.T11SNA.2021233T182921.v2.0
[8313/8861] [8319] all outputs exist; skipping HLS.S30.T11SMA.2021233T182921.v2.0
[8314/8861] [8320] all outputs exist; skipping HLS.S30.T11SLA.2021233T182921.v2.0
[8315/8861] [8321] all outputs exist; skipping HLS.S30.T11SPV.2021233T182921.v2.0
[8316/8861] [8322] all outputs exist; skipping HLS.S30.T11SNV.2021233T182921.v2.0
[8317/8861] [8323] all outputs exist; skipping HLS.S30.T11SPU.2021233T182921.v2.0
[8318/8861] [8324] all outputs exist; skipping HLS.S30.T11SMV.2021233T182921.v2.0
[8319/8861] [8325] all outputs exist; skipping HLS.S30.T11SLV.2021233T182921.v2.0
[8320/8861] [8326] all outputs exist; skipping HLS.S30.T11SNU.2021233T182921.v2.0
[8321/8861] [8327] all outputs exist; skipping HLS.S30.T11SKV.2021233T182921.v2.0
[8322/8861] [8328] all outputs exist; skipping HLS.S30.T11SMU.2021233T182921.v2.0
[8323/8861] [8329] all outputs exist; skipping HLS.S30.T11SLU.2021233T182921.v2.0
[8324/8861] [8330] all outputs exist; skipping HLS.S30.T11SKU.2021233T182921.v2.0
[8325/8861] [8331] all outputs exist; skipping HLS.S30.T11SNT.2021233T182921.v2.0
[8326/8861] [8332] all outputs exist; skipping HLS.S30.T11SMT.2021233T182921.v2.0
[8327/8861] [8333] all outputs exist; skipping HLS.S30.T11SLT.2021233T182921.v2.0
[8328/8861] [8334] all outputs exist; skipping HLS.S30.T11SKT.2021233T182921.v2.0
[8329/8861] [8335] all outputs exist; skipping HLS.S30.T11SNS.2021233T182921.v2.0
[8330/8861] [8336] all outputs exist; skipping HLS.S30.T11SMS.2021233T182921.v2.0
[8331/8861] [8308] HLS.S30.T11SPC.2021233T182921.v2.0: SKIP NoDataInBounds (field does not intersect FMASK)
[8332/8861] [8309] HLS.S30.T11SLD.2021233T182921.v2.0: SKIP NoDataInBounds (field does not intersect FMASK)
[8333/8861] [8311] HLS.S30.T11SMC.2021233T182921.v2.0: SKIP NoDataInBounds (field does not intersect FMASK)
[8334/8861] [8310] HLS.S30.T11SNC.2021233T182921.v2.0: SKIP NoDataInBounds (field does not intersect FMASK)
[8335/8861] [8340] all outputs exist; skipping HLS.S30.T11SMR.2021233T182921.v2.0
[8336/8861] [8342] all outputs exist; skipping HLS.S30.T10TGM.2021234T184919.v2.0
[8337/8861] [8343] all outputs exist; skipping HLS.S30.T11TKG.2021234T184919.v2.0
[8338/8861] [8344] all outputs exist; skipping HLS.S30.T10TFM.2021234T184919.v2.0
[8339/8861] [8345] all outputs exist; skipping HLS.S30.T10TEM.2021234T184919.v2.0
[8340/8861] [8313] HLS.S30.T11SPB.2021233T182921.v2.0: SKIP NoDataInBounds (field does not intersect FMASK)
[8341/8861] [8347] all outputs exist; skipping HLS.S30.T11TKF.2021234T184919.v2.0
[8342/8861] [8348] all outputs exist; skipping HLS.S30.T10TGL.2021234T184919.v2.0
[8343/8861] [8349] all outputs exist; skipping HLS.S30.T10TFL.2021234T184919.v2.0
[8344/8861] [8314] HLS.S30.T11SNB.2021233T182921.v2.0: SKIP NoDataInBounds (field does not intersect FMASK)
[8345/8861] [8351] all outputs exist; skipping HLS.S30.T10TEL.2021234T184919.v2.0
[8346/8861] [8352] all outputs exist; skipping HLS.S30.T11TKE.2021234T184919.v2.0
[8347/8861] [8353] all outputs exist; skipping HLS.S30.T10TGK.2021234T184919.v2.0
[8348/8861] [8354] all outputs exist; skipping HLS.S30.T10TFK.2021234T184919.v2.0
[8349/8861] [8355] all outputs exist; skipping HLS.S30.T10TEK.2021234T184919.v2.0
[8350/8861] [8356] all outputs exist; skipping HLS.S30.T11SKD.2021234T184919.v2.0
[8351/8861] [8357] all outputs exist; skipping HLS.S30.T10SGJ.2021234T184919.v2.0
[8352/8861] [8358] all outputs exist; skipping HLS.S30.T10SFJ.2021234T184919.v2.0
[8353/8861] [8359] all outputs exist; skipping HLS.S30.T10SEJ.2021234T184919.v2.0
[8354/8861] [8360] all outputs exist; skipping HLS.S30.T10SDJ.2021234T184919.v2.0
[8355/8861] [8361] all outputs exist; skipping HLS.S30.T11SKC.2021234T184919.v2.0
[8356/8861] [8362] all outputs exist; skipping HLS.S30.T10SGH.2021234T184919.v2.0
[8357/8861] [8363] all outputs exist; skipping HLS.S30.T10SFH.2021234T184919.v2.0
[8358/8861] [8364] all outputs exist; skipping HLS.S30.T10SEH.2021234T184919.v2.0
[8359/8861] [8365] all outputs exist; skipping HLS.S30.T10SDH.2021234T184919.v2.0
[8360/8861] [8366] all outputs exist; skipping HLS.S30.T11SKB.2021234T184919.v2.0
[8361/8861] [8367] all outputs exist; skipping HLS.S30.T10SGG.2021234T184919.v2.0
[8362/8861] [8368] all outputs exist; skipping HLS.S30.T10SFG.2021234T184919.v2.0
[8363/8861] [8369] all outputs exist; skipping HLS.S30.T11SKA.2021234T184919.v2.0
[8364/8861] [8370] all outputs exist; skipping HLS.S30.T10SEG.2021234T184919.v2.0
[8365/8861] [8371] all outputs exist; skipping HLS.S30.T10SGF.2021234T184919.v2.0
[8366/8861] [8372] all outputs exist; skipping HLS.S30.T10SFF.2021234T184919.v2.0
[8367/8861] [8373] all outputs exist; skipping HLS.S30.T10SGE.2021234T184919.v2.0
[8368/8861] [8374] all outputs exist; skipping HLS.S30.T10SFE.2021234T184919.v2.0
[8369/8861] [8375] all outputs exist; skipping HLS.S30.T10SFD.2021234T184919.v2.0
[8370/8861] [8317] HLS.S30.T11SPA.2021233T182921.v2.0: SKIP NoDataInBounds (field does not intersect FMASK)
[8371/8861] [8337] HLS.S30.T11SLS.2021233T182921.v2.0: SKIP NoDataInBounds (field does not intersect FMASK)
[8372/8861] [8338] HLS.S30.T11SKS.2021233T182921.v2.0: SKIP NoDataInBounds (field does not intersect FMASK)
[8373/8861] [8339] HLS.S30.T11SNR.2021233T182921.v2.0: SKIP NoDataInBounds (field does not intersect FMASK)
[8374/8861] [8346] HLS.S30.T11TLF.2021234T184919.v2.0: SKIP NoDataInBounds (field does not intersect FMASK)
[8375/8861] [8350] HLS.S30.T11TLE.2021234T184919.v2.0: SKIP NoDataInBounds (field does not intersect FMASK)
[8376/8861] [8376] HLS.L30.T11TNG.2021235T182607.v2.0: SKIP NoDataInBounds (field does not intersect FMASK)
[8377/8861] [8341] HLS.S30.T11TLG.2021234T184919.v2.0: SKIP NoDataInBounds (field does not intersect FMASK)
[8378/8861] [8377] HLS.L30.T11TPG.2021235T182607.v2.0: SKIP NoDataInBounds (field does not intersect FMASK)
[8379/8861] [8378] HLS.L30.T11TMG.2021235T182631.v2.0: SKIP NoDataInBounds (field does not intersect FMASK)
[8380/8861] [8379] HLS.L30.T11TNF.2021235T182631.v2.0: SKIP NoDataInBounds (field does not intersect FMASK)
[8381/8861] [8380] HLS.L30.T11TMF.2021235T182631.v2.0: SKIP NoDataInBounds (field does not intersect FMASK)
[8382/8861] [8382] HLS.L30.T11TNE.2021235T182655.v2.0: SKIP NoDataInBounds (field does not intersect FMASK)
[8383/8861] [8381] HLS.L30.T11TPF.2021235T182631.v2.0: SKIP NoDataInBounds (field does not intersect FMASK)
[8384/8861] [8390] all outputs exist; skipping HLS.L30.T11SLC.2021235T182719.v2.0
[8385/8861] [8383] HLS.L30.T11TPE.2021235T182655.v2.0: SKIP NoDataInBounds (field does not intersect FMASK)
[8386/8861] [8384] HLS.L30.T11SMD.2021235T182655.v2.0: SKIP NoDataInBounds (field does not intersect FMASK)
[8387/8861] [8393] all outputs exist; skipping HLS.L30.T11SLB.2021235T182743.v2.0
[8388/8861] [8394] all outputs exist; skipping HLS.L30.T11SNA.2021235T182743.v2.0
[8389/8861] [8395] all outputs exist; skipping HLS.L30.T11SLA.2021235T182743.v2.0
[8390/8861] [8396] all outputs exist; skipping HLS.L30.T11SMB.2021235T182743.v2.0
[8391/8861] [8397] all outputs exist; skipping HLS.L30.T11SMA.2021235T182743.v2.0
[8392/8861] [8398] all outputs exist; skipping HLS.L30.T11SNV.2021235T182807.v2.0
[8393/8861] [8399] all outputs exist; skipping HLS.L30.T11SKV.2021235T182807.v2.0
[8394/8861] [8400] all outputs exist; skipping HLS.L30.T11SLV.2021235T182807.v2.0
[8395/8861] [8401] all outputs exist; skipping HLS.L30.T11SMU.2021235T182807.v2.0
[8396/8861] [8402] all outputs exist; skipping HLS.L30.T11SMV.2021235T182807.v2.0
[8397/8861] [8403] all outputs exist; skipping HLS.L30.T11SKU.2021235T182831.v2.0
[8398/8861] [8404] all outputs exist; skipping HLS.L30.T11SKT.2021235T182831.v2.0
[8399/8861] [8405] all outputs exist; skipping HLS.L30.T11SLU.2021235T182831.v2.0
[8400/8861] [8406] all outputs exist; skipping HLS.L30.T11SMT.2021235T182831.v2.0
[8401/8861] [8407] all outputs exist; skipping HLS.L30.T11SLT.2021235T182831.v2.0
[8402/8861] [8385] HLS.L30.T11TME.2021235T182655.v2.0: SKIP NoDataInBounds (field does not intersect FMASK)
[8403/8861] [8409] all outputs exist; skipping HLS.L30.T11SMS.2021235T182854.v2.0
[8404/8861] [8410] all outputs exist; skipping HLS.L30.T11SMR.2021235T182854.v2.0
[8405/8861] [8386] HLS.L30.T11SND.2021235T182655.v2.0: SKIP NoDataInBounds (field does not intersect FMASK)
[8406/8861] [8387] HLS.L30.T11SPD.2021235T182655.v2.0: SKIP NoDataInBounds (field does not intersect FMASK)
[8407/8861] [8389] HLS.L30.T11SNC.2021235T182719.v2.0: SKIP NoDataInBounds (field does not intersect FMASK)
[8408/8861] [8388] HLS.L30.T11SLD.2021235T182719.v2.0: SKIP NoDataInBounds (field does not intersect FMASK)
[8409/8861] [8392] HLS.L30.T11SNB.2021235T182743.v2.0: SKIP NoDataInBounds (field does not intersect FMASK)
[8410/8861] [8391] HLS.L30.T11SMC.2021235T182719.v2.0: SKIP NoDataInBounds (field does not intersect FMASK)
[8411/8861] [8408] HLS.L30.T10SGC.2021235T182854.v2.0: SKIP NoDataInBounds (field does not intersect FMASK)
[8412/8861] [8411] HLS.L30.T11SLS.2021235T182854.v2.0: SKIP NoDataInBounds (field does not intersect FMASK)
[8413/8861] [8412] HLS.L30.T11SKS.2021235T182854.v2.0: SKIP NoDataInBounds (field does not intersect FMASK)
[8414/8861] [8413] HLS.S30.T11TQG.2021235T181919.v2.0: SKIP NoDataInBounds (field does not intersect FMASK)
[8415/8861] [8414] HLS.S30.T12TTM.2021235T181919.v2.0: SKIP NoDataInBounds (field does not intersect FMASK)
[8416/8861] [8416] HLS.S30.T12TTL.2021235T181919.v2.0: SKIP NoDataInBounds (field does not intersect FMASK)
[8417/8861] [8415] HLS.S30.T11TPG.2021235T181919.v2.0: SKIP NoDataInBounds (field does not intersect FMASK)
[8418/8861] [8417] HLS.S30.T11TQF.2021235T181919.v2.0: SKIP NoDataInBounds (field does not intersect FMASK)
[8419/8861] [8418] HLS.S30.T11TPF.2021235T181919.v2.0: SKIP NoDataInBounds (field does not intersect FMASK)
[8420/8861] [8419] HLS.S30.T12TTK.2021235T181919.v2.0: SKIP NoDataInBounds (field does not intersect FMASK)
[8421/8861] [8420] HLS.S30.T11TQE.2021235T181919.v2.0: SKIP NoDataInBounds (field does not intersect FMASK)
[8422/8861] [8421] HLS.S30.T11TPE.2021235T181919.v2.0: SKIP NoDataInBounds (field does not intersect FMASK)
[8423/8861] [8422] HLS.S30.T12STJ.2021235T181919.v2.0: SKIP NoDataInBounds (field does not intersect FMASK)
[8424/8861] [8423] HLS.S30.T11SQD.2021235T181919.v2.0: SKIP NoDataInBounds (field does not intersect FMASK)
[8425/8861] [8424] HLS.S30.T11SPD.2021235T181919.v2.0: SKIP NoDataInBounds (field does not intersect FMASK)
[8426/8861] [8425] HLS.S30.T12STH.2021235T181919.v2.0: SKIP NoDataInBounds (field does not intersect FMASK)
[8427/8861] [8426] HLS.S30.T11SQC.2021235T181919.v2.0: SKIP NoDataInBounds (field does not intersect FMASK)
[8428/8861] [8428] HLS.S30.T11SNC.2021235T181919.v2.0: SKIP NoDataInBounds (field does not intersect FMASK)
[8429/8861] [8427] HLS.S30.T11SPC.2021235T181919.v2.0: SKIP NoDataInBounds (field does not intersect FMASK)
[8430/8861] [8436] all outputs exist; skipping HLS.S30.T11SNA.2021235T181919.v2.0
[8431/8861] [8429] HLS.S30.T12STG.2021235T181919.v2.0: SKIP NoDataInBounds (field does not intersect FMASK)
[8432/8861] [8438] all outputs exist; skipping HLS.S30.T11SQV.2021235T181919.v2.0
[8433/8861] [8439] all outputs exist; skipping HLS.S30.T11SPV.2021235T181919.v2.0
[8434/8861] [8440] all outputs exist; skipping HLS.S30.T11SNV.2021235T181919.v2.0
[8435/8861] [8441] all outputs exist; skipping HLS.S30.T12STD.2021235T181919.v2.0
[8436/8861] [8442] all outputs exist; skipping HLS.S30.T11SQU.2021235T181919.v2.0
[8437/8861] [8443] all outputs exist; skipping HLS.S30.T11SPU.2021235T181919.v2.0
[8438/8861] [8444] all outputs exist; skipping HLS.S30.T11SNU.2021235T181919.v2.0
[8439/8861] [8445] all outputs exist; skipping HLS.S30.T12STC.2021235T181919.v2.0
[8440/8861] [8446] all outputs exist; skipping HLS.S30.T11SQT.2021235T181919.v2.0
[8441/8861] [8447] all outputs exist; skipping HLS.S30.T11SPT.2021235T181919.v2.0
[8442/8861] [8448] all outputs exist; skipping HLS.S30.T11SNT.2021235T181919.v2.0
[8443/8861] [8430] HLS.S30.T11SQB.2021235T181919.v2.0: SKIP NoDataInBounds (field does not intersect FMASK)
[8444/8861] [8450] all outputs exist; skipping HLS.S30.T11SMT.2021235T181919.v2.0
[8445/8861] [8451] all outputs exist; skipping HLS.S30.T11SQS.2021235T181919.v2.0
[8446/8861] [8452] all outputs exist; skipping HLS.S30.T11SPS.2021235T181919.v2.0
[8447/8861] [8453] all outputs exist; skipping HLS.S30.T11SNS.2021235T181919.v2.0
[8448/8861] [8454] all outputs exist; skipping HLS.S30.T11SMS.2021235T181919.v2.0
[8449/8861] [8431] HLS.S30.T11SPB.2021235T181919.v2.0: SKIP NoDataInBounds (field does not intersect FMASK)
[8450/8861] [8456] all outputs exist; skipping HLS.S30.T11SMR.2021235T181919.v2.0
[8451/8861] [8457] all outputs exist; skipping HLS.S30.T10TDM.2021235T190921.v2.0
[8452/8861] [8458] all outputs exist; skipping HLS.S30.T10TDL.2021235T190921.v2.0
[8453/8861] [8459] all outputs exist; skipping HLS.S30.T10TCL.2021235T190921.v2.0
[8454/8861] [8460] all outputs exist; skipping HLS.S30.T10TCM.2021235T190921.v2.0
[8455/8861] [8461] all outputs exist; skipping HLS.S30.T10TDK.2021235T190921.v2.0
[8456/8861] [8462] all outputs exist; skipping HLS.S30.T10TCK.2021235T190921.v2.0
[8457/8861] [8432] HLS.S30.T11SNB.2021235T181919.v2.0: SKIP NoDataInBounds (field does not intersect FMASK)
[8458/8861] [8433] HLS.S30.T12STF.2021235T181919.v2.0: SKIP NoDataInBounds (field does not intersect FMASK)
[8459/8861] [8435] HLS.S30.T11SPA.2021235T181919.v2.0: SKIP NoDataInBounds (field does not intersect FMASK)
[8460/8861] [8466] all outputs exist; skipping HLS.S30.T10TGM.2021236T183921.v2.0
[8461/8861] [8467] all outputs exist; skipping HLS.S30.T11TKG.2021236T183921.v2.0
[8462/8861] [8434] HLS.S30.T11SQA.2021235T181919.v2.0: SKIP NoDataInBounds (field does not intersect FMASK)
[8463/8861] [8437] HLS.S30.T12STE.2021235T181919.v2.0: SKIP NoDataInBounds (field does not intersect FMASK)
[8464/8861] [8449] HLS.S30.T12STB.2021235T181919.v2.0: SKIP NoDataInBounds (field does not intersect FMASK)
[8465/8861] [8471] all outputs exist; skipping HLS.S30.T11TKF.2021236T183921.v2.0
[8466/8861] [8472] all outputs exist; skipping HLS.S30.T10TGL.2021236T183921.v2.0
[8467/8861] [8455] HLS.S30.T11SNR.2021235T181919.v2.0: SKIP NoDataInBounds (field does not intersect FMASK)
[8468/8861] [8463] HLS.S30.T11TNG.2021236T183921.v2.0: SKIP NoDataInBounds (field does not intersect FMASK)
[8469/8861] [8464] HLS.S30.T11TMG.2021236T183921.v2.0: SKIP NoDataInBounds (field does not intersect FMASK)
[8470/8861] [8465] HLS.S30.T11TLG.2021236T183921.v2.0: SKIP NoDataInBounds (field does not intersect FMASK)
[8471/8861] [8477] all outputs exist; skipping HLS.S30.T11TKE.2021236T183921.v2.0
[8472/8861] [8478] all outputs exist; skipping HLS.S30.T10TGK.2021236T183921.v2.0
[8473/8861] [8468] HLS.S30.T11TNF.2021236T183921.v2.0: SKIP NoDataInBounds (field does not intersect FMASK)
[8474/8861] [8469] HLS.S30.T11TMF.2021236T183921.v2.0: SKIP NoDataInBounds (field does not intersect FMASK)
[8475/8861] [8481] all outputs exist; skipping HLS.S30.T11SKD.2021236T183921.v2.0
[8476/8861] [8482] all outputs exist; skipping HLS.S30.T10SGJ.2021236T183921.v2.0
[8477/8861] [8470] HLS.S30.T11TLF.2021236T183921.v2.0: SKIP NoDataInBounds (field does not intersect FMASK)
[8478/8861] [8484] all outputs exist; skipping HLS.S30.T10SFJ.2021236T183921.v2.0
[8479/8861] [8485] all outputs exist; skipping HLS.S30.T11SLC.2021236T183921.v2.0
[8480/8861] [8486] all outputs exist; skipping HLS.S30.T11SKC.2021236T183921.v2.0
[8481/8861] [8487] all outputs exist; skipping HLS.S30.T10SGH.2021236T183921.v2.0
[8482/8861] [8488] all outputs exist; skipping HLS.S30.T10SFH.2021236T183921.v2.0
[8483/8861] [8489] all outputs exist; skipping HLS.S30.T11SMB.2021236T183921.v2.0
[8484/8861] [8490] all outputs exist; skipping HLS.S30.T11SLB.2021236T183921.v2.0
[8485/8861] [8491] all outputs exist; skipping HLS.S30.T11SKB.2021236T183921.v2.0
[8486/8861] [8492] all outputs exist; skipping HLS.S30.T10SGG.2021236T183921.v2.0
[8487/8861] [8493] all outputs exist; skipping HLS.S30.T11SMA.2021236T183921.v2.0
[8488/8861] [8494] all outputs exist; skipping HLS.S30.T10SFG.2021236T183921.v2.0
[8489/8861] [8495] all outputs exist; skipping HLS.S30.T11SLA.2021236T183921.v2.0
[8490/8861] [8496] all outputs exist; skipping HLS.S30.T11SKA.2021236T183921.v2.0
[8491/8861] [8497] all outputs exist; skipping HLS.S30.T10SGF.2021236T183921.v2.0
[8492/8861] [8498] all outputs exist; skipping HLS.S30.T10SFF.2021236T183921.v2.0
[8493/8861] [8499] all outputs exist; skipping HLS.S30.T11SLV.2021236T183921.v2.0
[8494/8861] [8500] all outputs exist; skipping HLS.S30.T11SKV.2021236T183921.v2.0
[8495/8861] [8501] all outputs exist; skipping HLS.S30.T10SGE.2021236T183921.v2.0
[8496/8861] [8502] all outputs exist; skipping HLS.S30.T10SFE.2021236T183921.v2.0
[8497/8861] [8503] all outputs exist; skipping HLS.S30.T11SLU.2021236T183921.v2.0
[8498/8861] [8504] all outputs exist; skipping HLS.S30.T11SKU.2021236T183921.v2.0
[8499/8861] [8505] all outputs exist; skipping HLS.S30.T10SGD.2021236T183921.v2.0
[8500/8861] [8506] all outputs exist; skipping HLS.S30.T10SFD.2021236T183921.v2.0
[8501/8861] [8507] all outputs exist; skipping HLS.S30.T11SLT.2021236T183921.v2.0
[8502/8861] [8508] all outputs exist; skipping HLS.S30.T11SKT.2021236T183921.v2.0
[8503/8861] [8473] HLS.S30.T11TNE.2021236T183921.v2.0: SKIP NoDataInBounds (field does not intersect FMASK)
[8504/8861] [8474] HLS.S30.T11TME.2021236T183921.v2.0: SKIP NoDataInBounds (field does not intersect FMASK)
[8505/8861] [8475] HLS.S30.T11TLE.2021236T183921.v2.0: SKIP NoDataInBounds (field does not intersect FMASK)
[8506/8861] [8479] HLS.S30.T11SMD.2021236T183921.v2.0: SKIP NoDataInBounds (field does not intersect FMASK)
[8507/8861] [8476] HLS.S30.T11SND.2021236T183921.v2.0: SKIP NoDataInBounds (field does not intersect FMASK)
[8508/8861] [8480] HLS.S30.T11SLD.2021236T183921.v2.0: SKIP NoDataInBounds (field does not intersect FMASK)
[8509/8861] [8483] HLS.S30.T11SMC.2021236T183921.v2.0: SKIP NoDataInBounds (field does not intersect FMASK)
[8510/8861] [8509] HLS.S30.T10SGC.2021236T183921.v2.0: SKIP NoDataInBounds (field does not intersect FMASK)
[8511/8861] [8510] HLS.S30.T11SLS.2021236T183921.v2.0: SKIP NoDataInBounds (field does not intersect FMASK)
[8512/8861] [8512] HLS.L30.T11TQG.2021237T181410.v2.0: SKIP NoDataInBounds (field does not intersect FMASK)
[8513/8861] [8511] HLS.S30.T11SKS.2021236T183921.v2.0: SKIP NoDataInBounds (field does not intersect FMASK)
[8514/8861] [8513] HLS.L30.T12TTM.2021237T181410.v2.0: SKIP NoDataInBounds (field does not intersect FMASK)
[8515/8861] [8514] HLS.L30.T11TQF.2021237T181410.v2.0: SKIP NoDataInBounds (field does not intersect FMASK)
[8516/8861] [8515] HLS.L30.T12TTL.2021237T181410.v2.0: SKIP NoDataInBounds (field does not intersect FMASK)
[8517/8861] [8516] HLS.L30.T11SPD.2021237T181434.v2.0: SKIP NoDataInBounds (field does not intersect FMASK)
[8518/8861] [8517] HLS.L30.T11TPF.2021237T181434.v2.0: SKIP NoDataInBounds (field does not intersect FMASK)
[8519/8861] [8518] HLS.L30.T11TPE.2021237T181434.v2.0: SKIP NoDataInBounds (field does not intersect FMASK)
[8520/8861] [8519] HLS.L30.T11SQD.2021237T181434.v2.0: SKIP NoDataInBounds (field does not intersect FMASK)
[8521/8861] [8520] HLS.L30.T12TTK.2021237T181434.v2.0: SKIP NoDataInBounds (field does not intersect FMASK)
[8522/8861] [8522] HLS.L30.T12STJ.2021237T181434.v2.0: SKIP NoDataInBounds (field does not intersect FMASK)
[8523/8861] [8523] HLS.L30.T11SQC.2021237T181458.v2.0: SKIP NoDataInBounds (field does not intersect FMASK)
[8524/8861] [8521] HLS.L30.T11TQE.2021237T181434.v2.0: SKIP NoDataInBounds (field does not intersect FMASK)
[8525/8861] [8524] HLS.L30.T11SPC.2021237T181458.v2.0: SKIP NoDataInBounds (field does not intersect FMASK)
[8526/8861] [8526] HLS.L30.T12STG.2021237T181522.v2.0: SKIP NoDataInBounds (field does not intersect FMASK)
[8527/8861] [8533] all outputs exist; skipping HLS.L30.T11SPV.2021237T181545.v2.0
[8528/8861] [8534] all outputs exist; skipping HLS.L30.T11SNA.2021237T181545.v2.0
[8529/8861] [8535] all outputs exist; skipping HLS.L30.T11SQV.2021237T181545.v2.0
[8530/8861] [8536] all outputs exist; skipping HLS.L30.T12STD.2021237T181545.v2.0
[8531/8861] [8537] all outputs exist; skipping HLS.L30.T11SQU.2021237T181545.v2.0
[8532/8861] [8538] all outputs exist; skipping HLS.L30.T11SNV.2021237T181545.v2.0
[8533/8861] [8539] all outputs exist; skipping HLS.L30.T11SNU.2021237T181609.v2.0
[8534/8861] [8540] all outputs exist; skipping HLS.L30.T11SPU.2021237T181609.v2.0
[8535/8861] [8541] all outputs exist; skipping HLS.L30.T11SNT.2021237T181609.v2.0
[8536/8861] [8542] all outputs exist; skipping HLS.L30.T11SQT.2021237T181609.v2.0
[8537/8861] [8543] all outputs exist; skipping HLS.L30.T11SPT.2021237T181609.v2.0
[8538/8861] [8544] all outputs exist; skipping HLS.L30.T11SQS.2021237T181633.v2.0
[8539/8861] [8545] all outputs exist; skipping HLS.L30.T11SPS.2021237T181633.v2.0
[8540/8861] [8525] HLS.L30.T12STH.2021237T181458.v2.0: SKIP NoDataInBounds (field does not intersect FMASK)
[8541/8861] [8547] all outputs exist; skipping HLS.L30.T11SNS.2021237T181633.v2.0
[8542/8861] [8527] HLS.L30.T11SQB.2021237T181522.v2.0: SKIP NoDataInBounds (field does not intersect FMASK)
[8543/8861] [8549] all outputs exist; skipping HLS.S30.T11SQV.2021237T180921.v2.0
[8544/8861] [8550] all outputs exist; skipping HLS.S30.T12STD.2021237T180921.v2.0
[8545/8861] [8551] all outputs exist; skipping HLS.S30.T11SQU.2021237T180921.v2.0
[8546/8861] [8552] all outputs exist; skipping HLS.S30.T12STC.2021237T180921.v2.0
[8547/8861] [8553] all outputs exist; skipping HLS.S30.T11SQT.2021237T180921.v2.0
[8548/8861] [8528] HLS.L30.T11SPB.2021237T181522.v2.0: SKIP NoDataInBounds (field does not intersect FMASK)
[8549/8861] [8555] all outputs exist; skipping HLS.S30.T11SQS.2021237T180921.v2.0
[8550/8861] [8556] all outputs exist; skipping HLS.S30.T11SPS.2021237T180921.v2.0
[8551/8861] [8557] all outputs exist; skipping HLS.S30.T10TFM.2021237T185919.v2.0
[8552/8861] [8558] all outputs exist; skipping HLS.S30.T10TEM.2021237T185919.v2.0
[8553/8861] [8559] all outputs exist; skipping HLS.S30.T10TDM.2021237T185919.v2.0
[8554/8861] [8560] all outputs exist; skipping HLS.S30.T10TCM.2021237T185919.v2.0
[8555/8861] [8561] all outputs exist; skipping HLS.S30.T10TFL.2021237T185919.v2.0
[8556/8861] [8562] all outputs exist; skipping HLS.S30.T10TEL.2021237T185919.v2.0
[8557/8861] [8563] all outputs exist; skipping HLS.S30.T10TDL.2021237T185919.v2.0
[8558/8861] [8564] all outputs exist; skipping HLS.S30.T10TFK.2021237T185919.v2.0
[8559/8861] [8565] all outputs exist; skipping HLS.S30.T10TCL.2021237T185919.v2.0
[8560/8861] [8566] all outputs exist; skipping HLS.S30.T10TEK.2021237T185919.v2.0
[8561/8861] [8567] all outputs exist; skipping HLS.S30.T10TDK.2021237T185919.v2.0
[8562/8861] [8568] all outputs exist; skipping HLS.S30.T10TCK.2021237T185919.v2.0
[8563/8861] [8569] all outputs exist; skipping HLS.S30.T10SEJ.2021237T185919.v2.0
[8564/8861] [8570] all outputs exist; skipping HLS.S30.T10SDJ.2021237T185919.v2.0
[8565/8861] [8571] all outputs exist; skipping HLS.S30.T10SEH.2021237T185919.v2.0
[8566/8861] [8572] all outputs exist; skipping HLS.S30.T10SDH.2021237T185919.v2.0
[8567/8861] [8573] all outputs exist; skipping HLS.S30.T10SEG.2021237T185919.v2.0
[8568/8861] [8529] HLS.L30.T11SPA.2021237T181522.v2.0: SKIP NoDataInBounds (field does not intersect FMASK)
[8569/8861] [8531] HLS.L30.T12STF.2021237T181522.v2.0: SKIP NoDataInBounds (field does not intersect FMASK)
[8570/8861] [8530] HLS.L30.T11SQA.2021237T181522.v2.0: SKIP NoDataInBounds (field does not intersect FMASK)
[8571/8861] [8532] HLS.L30.T12STE.2021237T181545.v2.0: SKIP NoDataInBounds (field does not intersect FMASK)
[8572/8861] [8546] HLS.L30.T11SNR.2021237T181633.v2.0: SKIP NoDataInBounds (field does not intersect FMASK)
[8573/8861] [8548] HLS.S30.T12STE.2021237T180921.v2.0: SKIP NoDataInBounds (field does not intersect FMASK)
[8574/8861] [8554] HLS.S30.T12STB.2021237T180921.v2.0: SKIP NoDataInBounds (field does not intersect FMASK)
[8575/8861] [8574] HLS.S30.T11TQG.2021238T182919.v2.0: SKIP NoDataInBounds (field does not intersect FMASK)
[8576/8861] [8576] HLS.S30.T11TPG.2021238T182919.v2.0: SKIP NoDataInBounds (field does not intersect FMASK)
[8577/8861] [8578] HLS.S30.T11TMG.2021238T182919.v2.0: SKIP NoDataInBounds (field does not intersect FMASK)
[8578/8861] [8575] HLS.S30.T12TTM.2021238T182919.v2.0: SKIP NoDataInBounds (field does not intersect FMASK)
[8579/8861] [8577] HLS.S30.T11TNG.2021238T182919.v2.0: SKIP NoDataInBounds (field does not intersect FMASK)
[8580/8861] [8579] HLS.S30.T12TTL.2021238T182919.v2.0: SKIP NoDataInBounds (field does not intersect FMASK)
[8581/8861] [8580] HLS.S30.T11TQF.2021238T182919.v2.0: SKIP NoDataInBounds (field does not intersect FMASK)
[8582/8861] [8581] HLS.S30.T11TPF.2021238T182919.v2.0: SKIP NoDataInBounds (field does not intersect FMASK)
[8583/8861] [8582] HLS.S30.T11TNF.2021238T182919.v2.0: SKIP NoDataInBounds (field does not intersect FMASK)
[8584/8861] [8584] HLS.S30.T12TTK.2021238T182919.v2.0: SKIP NoDataInBounds (field does not intersect FMASK)
[8585/8861] [8583] HLS.S30.T11TMF.2021238T182919.v2.0: SKIP NoDataInBounds (field does not intersect FMASK)
[8586/8861] [8585] HLS.S30.T11TQE.2021238T182919.v2.0: SKIP NoDataInBounds (field does not intersect FMASK)
[8587/8861] [8586] HLS.S30.T11TPE.2021238T182919.v2.0: SKIP NoDataInBounds (field does not intersect FMASK)
[8588/8861] [8587] HLS.S30.T11TNE.2021238T182919.v2.0: SKIP NoDataInBounds (field does not intersect FMASK)
[8589/8861] [8588] HLS.S30.T12STJ.2021238T182919.v2.0: SKIP NoDataInBounds (field does not intersect FMASK)
[8590/8861] [8589] HLS.S30.T11TME.2021238T182919.v2.0: SKIP NoDataInBounds (field does not intersect FMASK)
[8591/8861] [8590] HLS.S30.T11SQD.2021238T182919.v2.0: SKIP NoDataInBounds (field does not intersect FMASK)
[8592/8861] [8598] all outputs exist; skipping HLS.S30.T11SLC.2021238T182919.v2.0
[8593/8861] [8591] HLS.S30.T11SPD.2021238T182919.v2.0: SKIP NoDataInBounds (field does not intersect FMASK)
[8594/8861] [8592] HLS.S30.T11SND.2021238T182919.v2.0: SKIP NoDataInBounds (field does not intersect FMASK)
[8595/8861] [8601] all outputs exist; skipping HLS.S30.T11SMB.2021238T182919.v2.0
[8596/8861] [8602] all outputs exist; skipping HLS.S30.T11SLB.2021238T182919.v2.0
[8597/8861] [8594] HLS.S30.T11SPC.2021238T182919.v2.0: SKIP NoDataInBounds (field does not intersect FMASK)
[8598/8861] [8604] all outputs exist; skipping HLS.S30.T11SNA.2021238T182919.v2.0
[8599/8861] [8605] all outputs exist; skipping HLS.S30.T11SMA.2021238T182919.v2.0
[8600/8861] [8606] all outputs exist; skipping HLS.S30.T11SLA.2021238T182919.v2.0
[8601/8861] [8607] all outputs exist; skipping HLS.S30.T11SPV.2021238T182919.v2.0
[8602/8861] [8608] all outputs exist; skipping HLS.S30.T11SNV.2021238T182919.v2.0
[8603/8861] [8609] all outputs exist; skipping HLS.S30.T11SPU.2021238T182919.v2.0
[8604/8861] [8610] all outputs exist; skipping HLS.S30.T11SMV.2021238T182919.v2.0
[8605/8861] [8611] all outputs exist; skipping HLS.S30.T11SLV.2021238T182919.v2.0
[8606/8861] [8612] all outputs exist; skipping HLS.S30.T11SNU.2021238T182919.v2.0
[8607/8861] [8613] all outputs exist; skipping HLS.S30.T11SKV.2021238T182919.v2.0
[8608/8861] [8614] all outputs exist; skipping HLS.S30.T11SMU.2021238T182919.v2.0
[8609/8861] [8615] all outputs exist; skipping HLS.S30.T11SLU.2021238T182919.v2.0
[8610/8861] [8593] HLS.S30.T11SMD.2021238T182919.v2.0: SKIP NoDataInBounds (field does not intersect FMASK)
[8611/8861] [8616] all outputs exist; skipping HLS.S30.T11SKU.2021238T182919.v2.0
[8612/8861] [8617] all outputs exist; skipping HLS.S30.T11SNT.2021238T182919.v2.0
[8613/8861] [8618] all outputs exist; skipping HLS.S30.T11SMT.2021238T182919.v2.0
[8614/8861] [8619] all outputs exist; skipping HLS.S30.T11SLT.2021238T182919.v2.0
[8615/8861] [8620] all outputs exist; skipping HLS.S30.T11SKT.2021238T182919.v2.0
[8616/8861] [8621] all outputs exist; skipping HLS.S30.T11SNS.2021238T182919.v2.0
[8617/8861] [8622] all outputs exist; skipping HLS.S30.T11SMS.2021238T182919.v2.0
[8618/8861] [8595] HLS.S30.T11SLD.2021238T182919.v2.0: SKIP NoDataInBounds (field does not intersect FMASK)
[8619/8861] [8596] HLS.S30.T11SNC.2021238T182919.v2.0: SKIP NoDataInBounds (field does not intersect FMASK)
[8620/8861] [8626] all outputs exist; skipping HLS.S30.T11SMR.2021238T182919.v2.0
[8621/8861] [8627] all outputs exist; skipping HLS.L30.T10TDM.2021238T185702.v2.0
[8622/8861] [8628] all outputs exist; skipping HLS.L30.T10TEM.2021238T185702.v2.0
[8623/8861] [8629] all outputs exist; skipping HLS.L30.T10TEL.2021238T185726.v2.0
[8624/8861] [8630] all outputs exist; skipping HLS.L30.T10TCM.2021238T185726.v2.0
[8625/8861] [8631] all outputs exist; skipping HLS.L30.T10TCL.2021238T185726.v2.0
[8626/8861] [8632] all outputs exist; skipping HLS.L30.T10TDL.2021238T185726.v2.0
[8627/8861] [8633] all outputs exist; skipping HLS.L30.T10TCK.2021238T185750.v2.0
[8628/8861] [8634] all outputs exist; skipping HLS.L30.T10TDK.2021238T185750.v2.0
[8629/8861] [8635] all outputs exist; skipping HLS.L30.T10SDJ.2021238T185750.v2.0
[8630/8861] [8636] all outputs exist; skipping HLS.L30.T10SDH.2021238T185814.v2.0
[8631/8861] [8597] HLS.S30.T11SMC.2021238T182919.v2.0: SKIP NoDataInBounds (field does not intersect FMASK)
[8632/8861] [8638] all outputs exist; skipping HLS.S30.T10TGM.2021239T184921.v2.0
[8633/8861] [8639] all outputs exist; skipping HLS.S30.T11TKG.2021239T184921.v2.0
[8634/8861] [8640] all outputs exist; skipping HLS.S30.T10TFM.2021239T184921.v2.0
[8635/8861] [8641] all outputs exist; skipping HLS.S30.T10TEM.2021239T184921.v2.0
[8636/8861] [8600] HLS.S30.T11SNB.2021238T182919.v2.0: SKIP NoDataInBounds (field does not intersect FMASK)
[8637/8861] [8643] all outputs exist; skipping HLS.S30.T11TKF.2021239T184921.v2.0
[8638/8861] [8644] all outputs exist; skipping HLS.S30.T10TGL.2021239T184921.v2.0
[8639/8861] [8599] HLS.S30.T11SPB.2021238T182919.v2.0: SKIP NoDataInBounds (field does not intersect FMASK)
[8640/8861] [8646] all outputs exist; skipping HLS.S30.T10TEL.2021239T184921.v2.0
[8641/8861] [8647] all outputs exist; skipping HLS.S30.T11TKE.2021239T184921.v2.0
[8642/8861] [8648] all outputs exist; skipping HLS.S30.T10TGK.2021239T184921.v2.0
[8643/8861] [8649] all outputs exist; skipping HLS.S30.T10TFK.2021239T184921.v2.0
[8644/8861] [8650] all outputs exist; skipping HLS.S30.T10TEK.2021239T184921.v2.0
[8645/8861] [8651] all outputs exist; skipping HLS.S30.T11SKD.2021239T184921.v2.0
[8646/8861] [8652] all outputs exist; skipping HLS.S30.T10SGJ.2021239T184921.v2.0
[8647/8861] [8653] all outputs exist; skipping HLS.S30.T10SFJ.2021239T184921.v2.0
[8648/8861] [8654] all outputs exist; skipping HLS.S30.T10SEJ.2021239T184921.v2.0
[8649/8861] [8655] all outputs exist; skipping HLS.S30.T10SDJ.2021239T184921.v2.0
[8650/8861] [8656] all outputs exist; skipping HLS.S30.T11SKC.2021239T184921.v2.0
[8651/8861] [8603] HLS.S30.T11SPA.2021238T182919.v2.0: SKIP NoDataInBounds (field does not intersect FMASK)
[8652/8861] [8657] all outputs exist; skipping HLS.S30.T10SGH.2021239T184921.v2.0
[8653/8861] [8658] all outputs exist; skipping HLS.S30.T10SFH.2021239T184921.v2.0
[8654/8861] [8659] all outputs exist; skipping HLS.S30.T10SEH.2021239T184921.v2.0
[8655/8861] [8660] all outputs exist; skipping HLS.S30.T10SDH.2021239T184921.v2.0
[8656/8861] [8661] all outputs exist; skipping HLS.S30.T11SKB.2021239T184921.v2.0
[8657/8861] [8662] all outputs exist; skipping HLS.S30.T10SGG.2021239T184921.v2.0
[8658/8861] [8663] all outputs exist; skipping HLS.S30.T10SFG.2021239T184921.v2.0
[8659/8861] [8664] all outputs exist; skipping HLS.S30.T11SKA.2021239T184921.v2.0
[8660/8861] [8665] all outputs exist; skipping HLS.S30.T10SEG.2021239T184921.v2.0
[8661/8861] [8667] all outputs exist; skipping HLS.S30.T10SFF.2021239T184921.v2.0
[8662/8861] [8668] all outputs exist; skipping HLS.S30.T10SEF.2021239T184921.v2.0
[8663/8861] [8669] all outputs exist; skipping HLS.S30.T10SGE.2021239T184921.v2.0
[8664/8861] [8670] all outputs exist; skipping HLS.S30.T10SFE.2021239T184921.v2.0
[8665/8861] [8671] all outputs exist; skipping HLS.S30.T10SFD.2021239T184921.v2.0
[8666/8861] [8624] HLS.S30.T11SKS.2021238T182919.v2.0: SKIP NoDataInBounds (field does not intersect FMASK)
[8667/8861] [8623] HLS.S30.T11SLS.2021238T182919.v2.0: SKIP NoDataInBounds (field does not intersect FMASK)
[8668/8861] [8625] HLS.S30.T11SNR.2021238T182919.v2.0: SKIP NoDataInBounds (field does not intersect FMASK)
[8669/8861] [8637] HLS.S30.T11TLG.2021239T184921.v2.0: SKIP NoDataInBounds (field does not intersect FMASK)
[8670/8861] [8642] HLS.S30.T11TLF.2021239T184921.v2.0: SKIP NoDataInBounds (field does not intersect FMASK)
[8671/8861] [8645] HLS.S30.T11TLE.2021239T184921.v2.0: SKIP NoDataInBounds (field does not intersect FMASK)
[8672/8861] [8666] HLS.S30.T10SDG.2021239T184921.v2.0: SKIP NoDataInBounds (field does not intersect FMASK)
[8673/8861] [8672] HLS.S30.T11TQG.2021240T181921.v2.0: SKIP NoDataInBounds (field does not intersect FMASK)
[8674/8861] [8674] HLS.S30.T11TPG.2021240T181921.v2.0: SKIP NoDataInBounds (field does not intersect FMASK)
[8675/8861] [8673] HLS.S30.T12TTM.2021240T181921.v2.0: SKIP NoDataInBounds (field does not intersect FMASK)
[8676/8861] [8675] HLS.S30.T12TTL.2021240T181921.v2.0: SKIP NoDataInBounds (field does not intersect FMASK)
[8677/8861] [8676] HLS.S30.T11TQF.2021240T181921.v2.0: SKIP NoDataInBounds (field does not intersect FMASK)
[8678/8861] [8677] HLS.S30.T11TPF.2021240T181921.v2.0: SKIP NoDataInBounds (field does not intersect FMASK)
[8679/8861] [8678] HLS.S30.T12TTK.2021240T181921.v2.0: SKIP NoDataInBounds (field does not intersect FMASK)
[8680/8861] [8682] HLS.S30.T11SQD.2021240T181921.v2.0: SKIP NoDataInBounds (field does not intersect FMASK)
[8681/8861] [8681] HLS.S30.T12STJ.2021240T181921.v2.0: SKIP NoDataInBounds (field does not intersect FMASK)
[8682/8861] [8679] HLS.S30.T11TQE.2021240T181921.v2.0: SKIP NoDataInBounds (field does not intersect FMASK)
[8683/8861] [8680] HLS.S30.T11TPE.2021240T181921.v2.0: SKIP NoDataInBounds (field does not intersect FMASK)
[8684/8861] [8683] HLS.S30.T11SPD.2021240T181921.v2.0: SKIP NoDataInBounds (field does not intersect FMASK)
[8685/8861] [8684] HLS.S30.T12STH.2021240T181921.v2.0: SKIP NoDataInBounds (field does not intersect FMASK)
[8686/8861] [8685] HLS.S30.T11SQC.2021240T181921.v2.0: SKIP NoDataInBounds (field does not intersect FMASK)
[8687/8861] [8686] HLS.S30.T11SPC.2021240T181921.v2.0: SKIP NoDataInBounds (field does not intersect FMASK)
[8688/8861] [8687] HLS.S30.T11SNC.2021240T181921.v2.0: SKIP NoDataInBounds (field does not intersect FMASK)
[8689/8861] [8695] all outputs exist; skipping HLS.S30.T11SNA.2021240T181921.v2.0
[8690/8861] [8690] HLS.S30.T11SPB.2021240T181921.v2.0: SKIP NoDataInBounds (field does not intersect FMASK)
[8691/8861] [8697] all outputs exist; skipping HLS.S30.T11SQV.2021240T181921.v2.0
[8692/8861] [8698] all outputs exist; skipping HLS.S30.T11SPV.2021240T181921.v2.0
[8693/8861] [8688] HLS.S30.T12STG.2021240T181921.v2.0: SKIP NoDataInBounds (field does not intersect FMASK)
[8694/8861] [8699] all outputs exist; skipping HLS.S30.T11SNV.2021240T181921.v2.0
[8695/8861] [8700] all outputs exist; skipping HLS.S30.T12STD.2021240T181921.v2.0
[8696/8861] [8701] all outputs exist; skipping HLS.S30.T11SQU.2021240T181921.v2.0
[8697/8861] [8702] all outputs exist; skipping HLS.S30.T11SPU.2021240T181921.v2.0
[8698/8861] [8703] all outputs exist; skipping HLS.S30.T11SNU.2021240T181921.v2.0
[8699/8861] [8704] all outputs exist; skipping HLS.S30.T12STC.2021240T181921.v2.0
[8700/8861] [8706] all outputs exist; skipping HLS.S30.T11SPT.2021240T181921.v2.0
[8701/8861] [8705] all outputs exist; skipping HLS.S30.T11SQT.2021240T181921.v2.0
[8702/8861] [8707] all outputs exist; skipping HLS.S30.T11SNT.2021240T181921.v2.0
[8703/8861] [8709] all outputs exist; skipping HLS.S30.T11SMT.2021240T181921.v2.0
[8704/8861] [8710] all outputs exist; skipping HLS.S30.T11SQS.2021240T181921.v2.0
[8705/8861] [8711] all outputs exist; skipping HLS.S30.T11SPS.2021240T181921.v2.0
[8706/8861] [8712] all outputs exist; skipping HLS.S30.T11SNS.2021240T181921.v2.0
[8707/8861] [8713] all outputs exist; skipping HLS.S30.T11SMS.2021240T181921.v2.0
[8708/8861] [8689] HLS.S30.T11SQB.2021240T181921.v2.0: SKIP NoDataInBounds (field does not intersect FMASK)
[8709/8861] [8715] all outputs exist; skipping HLS.S30.T11SMR.2021240T181921.v2.0
[8710/8861] [8716] all outputs exist; skipping HLS.L30.T11TKG.2021240T184441.v2.0
[8711/8861] [8717] all outputs exist; skipping HLS.L30.T10TGM.2021240T184441.v2.0
[8712/8861] [8718] all outputs exist; skipping HLS.L30.T10TEM.2021240T184505.v2.0
[8713/8861] [8719] all outputs exist; skipping HLS.L30.T10TFM.2021240T184505.v2.0
[8714/8861] [8720] all outputs exist; skipping HLS.L30.T10TGL.2021240T184505.v2.0
[8715/8861] [8721] all outputs exist; skipping HLS.L30.T10TFL.2021240T184505.v2.0
[8716/8861] [8722] all outputs exist; skipping HLS.L30.T11TKF.2021240T184505.v2.0
[8717/8861] [8723] all outputs exist; skipping HLS.L30.T10TEL.2021240T184505.v2.0
[8718/8861] [8724] all outputs exist; skipping HLS.L30.T11TKE.2021240T184529.v2.0
[8719/8861] [8725] all outputs exist; skipping HLS.L30.T10SGJ.2021240T184529.v2.0
[8720/8861] [8726] all outputs exist; skipping HLS.L30.T10TGK.2021240T184529.v2.0
[8721/8861] [8727] all outputs exist; skipping HLS.L30.T11SKD.2021240T184529.v2.0
[8722/8861] [8728] all outputs exist; skipping HLS.L30.T10SFJ.2021240T184529.v2.0
[8723/8861] [8729] all outputs exist; skipping HLS.L30.T10SEJ.2021240T184529.v2.0
[8724/8861] [8691] HLS.S30.T11SNB.2021240T181921.v2.0: SKIP NoDataInBounds (field does not intersect FMASK)
[8725/8861] [8730] all outputs exist; skipping HLS.L30.T10TFK.2021240T184529.v2.0
[8726/8861] [8731] all outputs exist; skipping HLS.L30.T10TEK.2021240T184529.v2.0
[8727/8861] [8732] all outputs exist; skipping HLS.L30.T10SGH.2021240T184553.v2.0
[8728/8861] [8733] all outputs exist; skipping HLS.L30.T10SDH.2021240T184553.v2.0
[8729/8861] [8734] all outputs exist; skipping HLS.L30.T10SFH.2021240T184553.v2.0
[8730/8861] [8735] all outputs exist; skipping HLS.L30.T10SEH.2021240T184553.v2.0
[8731/8861] [8736] all outputs exist; skipping HLS.L30.T10SEG.2021240T184617.v2.0
[8732/8861] [8738] all outputs exist; skipping HLS.L30.T10SFG.2021240T184617.v2.0
[8733/8861] [8739] all outputs exist; skipping HLS.L30.T10SFF.2021240T184617.v2.0
[8734/8861] [8740] all outputs exist; skipping HLS.L30.T10SEF.2021240T184617.v2.0
[8735/8861] [8741] all outputs exist; skipping HLS.L30.T10SFE.2021240T184641.v2.0
[8736/8861] [8742] all outputs exist; skipping HLS.L30.T10SFD.2021240T184641.v2.0
[8737/8861] [8743] all outputs exist; skipping HLS.S30.T10TDM.2021240T190909.v2.0
[8738/8861] [8744] all outputs exist; skipping HLS.S30.T10TCM.2021240T190909.v2.0
[8739/8861] [8745] all outputs exist; skipping HLS.S30.T10TDL.2021240T190909.v2.0
[8740/8861] [8746] all outputs exist; skipping HLS.S30.T10TCL.2021240T190909.v2.0
[8741/8861] [8747] all outputs exist; skipping HLS.S30.T10TDK.2021240T190909.v2.0
[8742/8861] [8748] all outputs exist; skipping HLS.S30.T10TCK.2021240T190909.v2.0
[8743/8861] [8692] HLS.S30.T12STF.2021240T181921.v2.0: SKIP NoDataInBounds (field does not intersect FMASK)
[8744/8861] [8693] HLS.S30.T11SQA.2021240T181921.v2.0: SKIP NoDataInBounds (field does not intersect FMASK)
[8745/8861] [8694] HLS.S30.T11SPA.2021240T181921.v2.0: SKIP NoDataInBounds (field does not intersect FMASK)
[8746/8861] [8752] all outputs exist; skipping HLS.S30.T10TGM.2021241T183919.v2.0
[8747/8861] [8753] all outputs exist; skipping HLS.S30.T11TKG.2021241T183919.v2.0
[8748/8861] [8696] HLS.S30.T12STE.2021240T181921.v2.0: SKIP NoDataInBounds (field does not intersect FMASK)
[8749/8861] [8737] HLS.L30.T10SDG.2021240T184617.v2.0: SKIP NoDataInBounds (field does not intersect FMASK)
[8750/8861] [8714] HLS.S30.T11SNR.2021240T181921.v2.0: SKIP NoDataInBounds (field does not intersect FMASK)
[8751/8861] [8757] all outputs exist; skipping HLS.S30.T11TKF.2021241T183919.v2.0
[8752/8861] [8758] all outputs exist; skipping HLS.S30.T10TGL.2021241T183919.v2.0
[8753/8861] [8708] HLS.S30.T12STB.2021240T181921.v2.0: SKIP NoDataInBounds (field does not intersect FMASK)
[8754/8861] [8749] HLS.S30.T11TNG.2021241T183919.v2.0: SKIP NoDataInBounds (field does not intersect FMASK)
[8755/8861] [8751] HLS.S30.T11TLG.2021241T183919.v2.0: SKIP NoDataInBounds (field does not intersect FMASK)
[8756/8861] [8750] HLS.S30.T11TMG.2021241T183919.v2.0: SKIP NoDataInBounds (field does not intersect FMASK)
[8757/8861] [8763] all outputs exist; skipping HLS.S30.T11TKE.2021241T183919.v2.0
[8758/8861] [8764] all outputs exist; skipping HLS.S30.T10TGK.2021241T183919.v2.0
[8759/8861] [8755] HLS.S30.T11TMF.2021241T183919.v2.0: SKIP NoDataInBounds (field does not intersect FMASK)
[8760/8861] [8754] HLS.S30.T11TNF.2021241T183919.v2.0: SKIP NoDataInBounds (field does not intersect FMASK)
[8761/8861] [8767] all outputs exist; skipping HLS.S30.T11SKD.2021241T183919.v2.0
[8762/8861] [8768] all outputs exist; skipping HLS.S30.T10SGJ.2021241T183919.v2.0
[8763/8861] [8756] HLS.S30.T11TLF.2021241T183919.v2.0: SKIP NoDataInBounds (field does not intersect FMASK)
[8764/8861] [8770] all outputs exist; skipping HLS.S30.T10SFJ.2021241T183919.v2.0
[8765/8861] [8771] all outputs exist; skipping HLS.S30.T11SLC.2021241T183919.v2.0
[8766/8861] [8772] all outputs exist; skipping HLS.S30.T11SKC.2021241T183919.v2.0
[8767/8861] [8773] all outputs exist; skipping HLS.S30.T10SGH.2021241T183919.v2.0
[8768/8861] [8774] all outputs exist; skipping HLS.S30.T10SFH.2021241T183919.v2.0
[8769/8861] [8775] all outputs exist; skipping HLS.S30.T11SMB.2021241T183919.v2.0
[8770/8861] [8776] all outputs exist; skipping HLS.S30.T11SLB.2021241T183919.v2.0
[8771/8861] [8777] all outputs exist; skipping HLS.S30.T11SKB.2021241T183919.v2.0
[8772/8861] [8778] all outputs exist; skipping HLS.S30.T10SGG.2021241T183919.v2.0
[8773/8861] [8779] all outputs exist; skipping HLS.S30.T11SMA.2021241T183919.v2.0
[8774/8861] [8780] all outputs exist; skipping HLS.S30.T10SFG.2021241T183919.v2.0
[8775/8861] [8781] all outputs exist; skipping HLS.S30.T11SLA.2021241T183919.v2.0
[8776/8861] [8782] all outputs exist; skipping HLS.S30.T11SKA.2021241T183919.v2.0
[8777/8861] [8783] all outputs exist; skipping HLS.S30.T10SGF.2021241T183919.v2.0
[8778/8861] [8784] all outputs exist; skipping HLS.S30.T10SFF.2021241T183919.v2.0
[8779/8861] [8785] all outputs exist; skipping HLS.S30.T11SLV.2021241T183919.v2.0
[8780/8861] [8786] all outputs exist; skipping HLS.S30.T11SKV.2021241T183919.v2.0
[8781/8861] [8787] all outputs exist; skipping HLS.S30.T10SGE.2021241T183919.v2.0
[8782/8861] [8788] all outputs exist; skipping HLS.S30.T10SFE.2021241T183919.v2.0
[8783/8861] [8789] all outputs exist; skipping HLS.S30.T11SLU.2021241T183919.v2.0
[8784/8861] [8790] all outputs exist; skipping HLS.S30.T11SKU.2021241T183919.v2.0
[8785/8861] [8791] all outputs exist; skipping HLS.S30.T10SGD.2021241T183919.v2.0
[8786/8861] [8792] all outputs exist; skipping HLS.S30.T11SKT.2021241T183919.v2.0
[8787/8861] [8759] HLS.S30.T11TNE.2021241T183919.v2.0: SKIP NoDataInBounds (field does not intersect FMASK)
[8788/8861] [8760] HLS.S30.T11TME.2021241T183919.v2.0: SKIP NoDataInBounds (field does not intersect FMASK)
[8789/8861] [8762] HLS.S30.T11SND.2021241T183919.v2.0: SKIP NoDataInBounds (field does not intersect FMASK)
[8790/8861] [8796] all outputs exist; skipping HLS.S30.T11SQV.2021242T180909.v2.0
[8791/8861] [8797] all outputs exist; skipping HLS.S30.T12STD.2021242T180909.v2.0
[8792/8861] [8798] all outputs exist; skipping HLS.S30.T11SQU.2021242T180909.v2.0
[8793/8861] [8799] all outputs exist; skipping HLS.S30.T12STC.2021242T180909.v2.0
[8794/8861] [8800] all outputs exist; skipping HLS.S30.T11SQT.2021242T180909.v2.0
[8795/8861] [8761] HLS.S30.T11TLE.2021241T183919.v2.0: SKIP NoDataInBounds (field does not intersect FMASK)
[8796/8861] [8802] all outputs exist; skipping HLS.S30.T11SQS.2021242T180909.v2.0
[8797/8861] [8803] all outputs exist; skipping HLS.S30.T11SPS.2021242T180909.v2.0
[8798/8861] [8765] HLS.S30.T11SMD.2021241T183919.v2.0: SKIP NoDataInBounds (field does not intersect FMASK)
[8799/8861] [8769] HLS.S30.T11SMC.2021241T183919.v2.0: SKIP NoDataInBounds (field does not intersect FMASK)
[8800/8861] [8766] HLS.S30.T11SLD.2021241T183919.v2.0: SKIP NoDataInBounds (field does not intersect FMASK)
[8801/8861] [8793] HLS.S30.T11SLS.2021241T183919.v2.0: SKIP NoDataInBounds (field does not intersect FMASK)
[8802/8861] [8794] HLS.S30.T11SKS.2021241T183919.v2.0: SKIP NoDataInBounds (field does not intersect FMASK)
[8803/8861] [8805] HLS.L30.T11TMG.2021242T183220.v2.0: SKIP NoDataInBounds (field does not intersect FMASK)
[8804/8861] [8804] HLS.L30.T11TNG.2021242T183220.v2.0: SKIP NoDataInBounds (field does not intersect FMASK)
[8805/8861] [8795] HLS.S30.T12STE.2021242T180909.v2.0: SKIP NoDataInBounds (field does not intersect FMASK)
[8806/8861] [8801] HLS.S30.T12STB.2021242T180909.v2.0: SKIP NoDataInBounds (field does not intersect FMASK)
[8807/8861] [8806] HLS.L30.T11TLG.2021242T183244.v2.0: SKIP NoDataInBounds (field does not intersect FMASK)
[8808/8861] [8807] HLS.L30.T11TMF.2021242T183244.v2.0: SKIP NoDataInBounds (field does not intersect FMASK)
[8809/8861] [8815] all outputs exist; skipping HLS.L30.T10TGK.2021242T183308.v2.0
[8810/8861] [8816] all outputs exist; skipping HLS.L30.T11TKE.2021242T183308.v2.0
[8811/8861] [8817] all outputs exist; skipping HLS.L30.T11SKD.2021242T183308.v2.0
[8812/8861] [8818] all outputs exist; skipping HLS.L30.T11SKC.2021242T183332.v2.0
[8813/8861] [8819] all outputs exist; skipping HLS.L30.T10SGJ.2021242T183332.v2.0
[8814/8861] [8820] all outputs exist; skipping HLS.L30.T10SGH.2021242T183332.v2.0
[8815/8861] [8808] HLS.L30.T11TNF.2021242T183244.v2.0: SKIP NoDataInBounds (field does not intersect FMASK)
[8816/8861] [8822] all outputs exist; skipping HLS.L30.T11SLC.2021242T183332.v2.0
[8817/8861] [8823] all outputs exist; skipping HLS.L30.T11SKB.2021242T183356.v2.0
[8818/8861] [8824] all outputs exist; skipping HLS.L30.T10SGF.2021242T183356.v2.0
[8819/8861] [8825] all outputs exist; skipping HLS.L30.T11SKA.2021242T183356.v2.0
[8820/8861] [8826] all outputs exist; skipping HLS.L30.T11SLA.2021242T183356.v2.0
[8821/8861] [8827] all outputs exist; skipping HLS.L30.T11SMB.2021242T183356.v2.0
[8822/8861] [8828] all outputs exist; skipping HLS.L30.T11SLB.2021242T183356.v2.0
[8823/8861] [8829] all outputs exist; skipping HLS.L30.T10SGG.2021242T183356.v2.0
[8824/8861] [8830] all outputs exist; skipping HLS.L30.T11SLV.2021242T183420.v2.0
[8825/8861] [8831] all outputs exist; skipping HLS.L30.T11SKV.2021242T183420.v2.0
[8826/8861] [8832] all outputs exist; skipping HLS.L30.T10SGE.2021242T183420.v2.0
[8827/8861] [8833] all outputs exist; skipping HLS.L30.T11SLU.2021242T183420.v2.0
[8828/8861] [8834] all outputs exist; skipping HLS.L30.T11SKU.2021242T183420.v2.0
[8829/8861] [8835] all outputs exist; skipping HLS.L30.T10SFE.2021242T183444.v2.0
[8830/8861] [8836] all outputs exist; skipping HLS.L30.T10SFD.2021242T183444.v2.0
[8831/8861] [8837] all outputs exist; skipping HLS.L30.T11SLT.2021242T183444.v2.0
[8832/8861] [8809] HLS.L30.T11TLF.2021242T183244.v2.0: SKIP NoDataInBounds (field does not intersect FMASK)
[8833/8861] [8839] all outputs exist; skipping HLS.L30.T10SGD.2021242T183444.v2.0
[8834/8861] [8840] all outputs exist; skipping HLS.L30.T11SKT.2021242T183444.v2.0
[8835/8861] [8811] HLS.L30.T11TNE.2021242T183308.v2.0: SKIP NoDataInBounds (field does not intersect FMASK)
[8836/8861] [8842] all outputs exist; skipping HLS.S30.T10TFM.2021242T185921.v2.0
[8837/8861] [8843] all outputs exist; skipping HLS.S30.T10TEM.2021242T185921.v2.0
[8838/8861] [8844] all outputs exist; skipping HLS.S30.T10TDM.2021242T185921.v2.0
[8839/8861] [8845] all outputs exist; skipping HLS.S30.T10TCM.2021242T185921.v2.0
[8840/8861] [8846] all outputs exist; skipping HLS.S30.T10TFL.2021242T185921.v2.0
[8841/8861] [8847] all outputs exist; skipping HLS.S30.T10TEL.2021242T185921.v2.0
[8842/8861] [8848] all outputs exist; skipping HLS.S30.T10TDL.2021242T185921.v2.0
[8843/8861] [8849] all outputs exist; skipping HLS.S30.T10TFK.2021242T185921.v2.0
[8844/8861] [8850] all outputs exist; skipping HLS.S30.T10TCL.2021242T185921.v2.0
[8845/8861] [8851] all outputs exist; skipping HLS.S30.T10TEK.2021242T185921.v2.0
[8846/8861] [8852] all outputs exist; skipping HLS.S30.T10TDK.2021242T185921.v2.0
[8847/8861] [8853] all outputs exist; skipping HLS.S30.T10TCK.2021242T185921.v2.0
[8848/8861] [8854] all outputs exist; skipping HLS.S30.T10SEJ.2021242T185921.v2.0
[8849/8861] [8855] all outputs exist; skipping HLS.S30.T10SDJ.2021242T185921.v2.0
[8850/8861] [8856] all outputs exist; skipping HLS.S30.T10SEH.2021242T185921.v2.0
[8851/8861] [8857] all outputs exist; skipping HLS.S30.T10SDH.2021242T185921.v2.0
[8852/8861] [8858] all outputs exist; skipping HLS.S30.T10SEG.2021242T185921.v2.0
[8853/8861] [8810] HLS.L30.T11TME.2021242T183308.v2.0: SKIP NoDataInBounds (field does not intersect FMASK)
[8854/8861] [8860] all outputs exist; skipping HLS.S30.T10SEF.2021242T185921.v2.0
[8855/8861] [8812] HLS.L30.T11SMD.2021242T183308.v2.0: SKIP NoDataInBounds (field does not intersect FMASK)
[8856/8861] [8813] HLS.L30.T11TLE.2021242T183308.v2.0: SKIP NoDataInBounds (field does not intersect FMASK)
[8857/8861] [8814] HLS.L30.T11SLD.2021242T183308.v2.0: SKIP NoDataInBounds (field does not intersect FMASK)
[8858/8861] [8821] HLS.L30.T11SMC.2021242T183332.v2.0: SKIP NoDataInBounds (field does not intersect FMASK)
[8859/8861] [8838] HLS.L30.T10SGC.2021242T183444.v2.0: SKIP NoDataInBounds (field does not intersect FMASK)
[8860/8861] [8841] HLS.L30.T11SKS.2021242T183507.v2.0: SKIP NoDataInBounds (field does not intersect FMASK)
[8861/8861] [8859] HLS.S30.T10SDG.2021242T185921.v2.0: SKIP NoDataInBounds (field does not intersect FMASK)
