Using workers=8 (SLURM_CPUS_PER_TASK=18)
Total granules found: 3634
Submitting 3634 granules to the pool...
[1/3634] [7] all outputs exist; skipping HLS.L30.T11SLB.2021091T182718.v2.0
[2/3634] [11] all outputs exist; skipping HLS.S30.T11TKG.2021091T183919.v2.0
[3/3634] [4] all outputs exist; skipping HLS.L30.T11SLC.2021091T182654.v2.0
[4/3634] [6] all outputs exist; skipping HLS.L30.T11SMB.2021091T182718.v2.0
[5/3634] [10] all outputs exist; skipping HLS.S30.T10TGM.2021091T183919.v2.0
[6/3634] [3] HLS.L30.T11SLD.2021091T182654.v2.0: SKIP NoDataInBounds (field does not intersect FMASK)
[7/3634] [5] HLS.L30.T11SMC.2021091T182654.v2.0: SKIP NoDataInBounds (field does not intersect FMASK)
[8/3634] [14] all outputs exist; skipping HLS.S30.T11TKF.2021091T183919.v2.0
[9/3634] [9] HLS.S30.T11TLG.2021091T183919.v2.0: SKIP NoDataInBounds (field does not intersect FMASK)
[10/3634] [15] all outputs exist; skipping HLS.S30.T10TGL.2021091T183919.v2.0
[11/3634] [1] HLS.L30.T11SMD.2021091T182630.v2.0: SKIP NoDataInBounds (field does not intersect FMASK)
[12/3634] [18] all outputs exist; skipping HLS.S30.T11TKE.2021091T183919.v2.0
[13/3634] [19] all outputs exist; skipping HLS.S30.T10TGK.2021091T183919.v2.0
[14/3634] [0] HLS.L30.T11TMF.2021091T182606.v2.0: SKIP NoDataInBounds (field does not intersect FMASK)
[15/3634] [8] HLS.S30.T11TMG.2021091T183919.v2.0: SKIP NoDataInBounds (field does not intersect FMASK)
[16/3634] [22] all outputs exist; skipping HLS.S30.T11SKD.2021091T183919.v2.0
[17/3634] [23] all outputs exist; skipping HLS.S30.T10SGJ.2021091T183919.v2.0
[18/3634] [12] HLS.S30.T11TMF.2021091T183919.v2.0: SKIP NoDataInBounds (field does not intersect FMASK)
[19/3634] [25] all outputs exist; skipping HLS.S30.T10SFJ.2021091T183919.v2.0
[20/3634] [26] all outputs exist; skipping HLS.S30.T11SLC.2021091T183919.v2.0
[21/3634] [27] all outputs exist; skipping HLS.S30.T11SKC.2021091T183919.v2.0
[22/3634] [28] all outputs exist; skipping HLS.S30.T10SGH.2021091T183919.v2.0
[23/3634] [29] all outputs exist; skipping HLS.S30.T10SFH.2021091T183919.v2.0
[24/3634] [30] all outputs exist; skipping HLS.S30.T11SMB.2021091T183919.v2.0
[25/3634] [31] all outputs exist; skipping HLS.S30.T11SLB.2021091T183919.v2.0
[26/3634] [32] all outputs exist; skipping HLS.S30.T11SKB.2021091T183919.v2.0
[27/3634] [33] all outputs exist; skipping HLS.S30.T10SGG.2021091T183919.v2.0
[28/3634] [34] all outputs exist; skipping HLS.S30.T10SFG.2021091T183919.v2.0
[29/3634] [35] all outputs exist; skipping HLS.S30.T10TFM.2021092T185921.v2.0
[30/3634] [36] all outputs exist; skipping HLS.S30.T10TEM.2021092T185921.v2.0
[31/3634] [37] all outputs exist; skipping HLS.S30.T10TDM.2021092T185921.v2.0
[32/3634] [38] all outputs exist; skipping HLS.S30.T10TCM.2021092T185921.v2.0
[33/3634] [39] all outputs exist; skipping HLS.S30.T10TFL.2021092T185921.v2.0
[34/3634] [40] all outputs exist; skipping HLS.S30.T10TEL.2021092T185921.v2.0
[35/3634] [41] all outputs exist; skipping HLS.S30.T10TDL.2021092T185921.v2.0
[36/3634] [42] all outputs exist; skipping HLS.S30.T10TFK.2021092T185921.v2.0
[37/3634] [43] all outputs exist; skipping HLS.S30.T10TCL.2021092T185921.v2.0
[38/3634] [44] all outputs exist; skipping HLS.S30.T10TEK.2021092T185921.v2.0
[39/3634] [45] all outputs exist; skipping HLS.S30.T10TDK.2021092T185921.v2.0
[40/3634] [46] all outputs exist; skipping HLS.S30.T10TCK.2021092T185921.v2.0
[41/3634] [47] all outputs exist; skipping HLS.S30.T10SEJ.2021092T185921.v2.0
[42/3634] [48] all outputs exist; skipping HLS.S30.T10SDJ.2021092T185921.v2.0
[43/3634] [49] all outputs exist; skipping HLS.S30.T10SEH.2021092T185921.v2.0
[44/3634] [50] all outputs exist; skipping HLS.S30.T10SDH.2021092T185921.v2.0
[45/3634] [51] all outputs exist; skipping HLS.S30.T10SEG.2021092T185921.v2.0
[46/3634] [2] HLS.L30.T11TME.2021091T182630.v2.0: SKIP NoDataInBounds (field does not intersect FMASK)
[47/3634] [13] HLS.S30.T11TLF.2021091T183919.v2.0: SKIP NoDataInBounds (field does not intersect FMASK)
[48/3634] [20] HLS.S30.T11SMD.2021091T183919.v2.0: SKIP NoDataInBounds (field does not intersect FMASK)
[49/3634] [21] HLS.S30.T11SLD.2021091T183919.v2.0: SKIP NoDataInBounds (field does not intersect FMASK)
[50/3634] [17] HLS.S30.T11TLE.2021091T183919.v2.0: SKIP NoDataInBounds (field does not intersect FMASK)
[51/3634] [24] HLS.S30.T11SMC.2021091T183919.v2.0: SKIP NoDataInBounds (field does not intersect FMASK)
[52/3634] [58] all outputs exist; skipping HLS.S30.T11SLC.2021093T182911.v2.0
[53/3634] [59] all outputs exist; skipping HLS.S30.T11SMB.2021093T182911.v2.0
[54/3634] [60] all outputs exist; skipping HLS.S30.T11SLB.2021093T182911.v2.0
[55/3634] [61] all outputs exist; skipping HLS.L30.T10TDM.2021094T185636.v2.0
[56/3634] [62] all outputs exist; skipping HLS.L30.T10TEM.2021094T185636.v2.0
[57/3634] [63] all outputs exist; skipping HLS.L30.T10TCL.2021094T185700.v2.0
[58/3634] [64] all outputs exist; skipping HLS.L30.T10TDL.2021094T185700.v2.0
[59/3634] [65] all outputs exist; skipping HLS.L30.T10TEL.2021094T185700.v2.0
[60/3634] [66] all outputs exist; skipping HLS.L30.T10TCM.2021094T185700.v2.0
[61/3634] [67] all outputs exist; skipping HLS.L30.T10SDJ.2021094T185724.v2.0
[62/3634] [68] all outputs exist; skipping HLS.L30.T10TDK.2021094T185724.v2.0
[63/3634] [69] all outputs exist; skipping HLS.L30.T10TCK.2021094T185724.v2.0
[64/3634] [70] all outputs exist; skipping HLS.L30.T10SDH.2021094T185747.v2.0
[65/3634] [53] HLS.S30.T11TMF.2021093T182911.v2.0: SKIP NoDataInBounds (field does not intersect FMASK)
[66/3634] [72] all outputs exist; skipping HLS.S30.T10TGM.2021094T184919.v2.0
[67/3634] [73] all outputs exist; skipping HLS.S30.T11TKG.2021094T184919.v2.0
[68/3634] [74] all outputs exist; skipping HLS.S30.T10TFM.2021094T184919.v2.0
[69/3634] [75] all outputs exist; skipping HLS.S30.T10TEM.2021094T184919.v2.0
[70/3634] [54] HLS.S30.T11TME.2021093T182911.v2.0: SKIP NoDataInBounds (field does not intersect FMASK)
[71/3634] [77] all outputs exist; skipping HLS.S30.T11TKF.2021094T184919.v2.0
[72/3634] [78] all outputs exist; skipping HLS.S30.T10TGL.2021094T184919.v2.0
[73/3634] [79] all outputs exist; skipping HLS.S30.T10TFL.2021094T184919.v2.0
[74/3634] [55] HLS.S30.T11SMD.2021093T182911.v2.0: SKIP NoDataInBounds (field does not intersect FMASK)
[75/3634] [81] all outputs exist; skipping HLS.S30.T10TEL.2021094T184919.v2.0
[76/3634] [82] all outputs exist; skipping HLS.S30.T11TKE.2021094T184919.v2.0
[77/3634] [83] all outputs exist; skipping HLS.S30.T10TGK.2021094T184919.v2.0
[78/3634] [84] all outputs exist; skipping HLS.S30.T10TFK.2021094T184919.v2.0
[79/3634] [85] all outputs exist; skipping HLS.S30.T10TEK.2021094T184919.v2.0
[80/3634] [86] all outputs exist; skipping HLS.S30.T11SKD.2021094T184919.v2.0
[81/3634] [87] all outputs exist; skipping HLS.S30.T10SGJ.2021094T184919.v2.0
[82/3634] [88] all outputs exist; skipping HLS.S30.T10SFJ.2021094T184919.v2.0
[83/3634] [89] all outputs exist; skipping HLS.S30.T10SEJ.2021094T184919.v2.0
[84/3634] [90] all outputs exist; skipping HLS.S30.T10SDJ.2021094T184919.v2.0
[85/3634] [91] all outputs exist; skipping HLS.S30.T11SKC.2021094T184919.v2.0
[86/3634] [92] all outputs exist; skipping HLS.S30.T10SGH.2021094T184919.v2.0
[87/3634] [93] all outputs exist; skipping HLS.S30.T10SFH.2021094T184919.v2.0
[88/3634] [94] all outputs exist; skipping HLS.S30.T10SEH.2021094T184919.v2.0
[89/3634] [95] all outputs exist; skipping HLS.S30.T10SDH.2021094T184919.v2.0
[90/3634] [96] all outputs exist; skipping HLS.S30.T11SKB.2021094T184919.v2.0
[91/3634] [97] all outputs exist; skipping HLS.S30.T10SGG.2021094T184919.v2.0
[92/3634] [98] all outputs exist; skipping HLS.S30.T10SFG.2021094T184919.v2.0
[93/3634] [99] all outputs exist; skipping HLS.S30.T10SEG.2021094T184919.v2.0
[94/3634] [57] HLS.S30.T11SMC.2021093T182911.v2.0: SKIP NoDataInBounds (field does not intersect FMASK)
[95/3634] [101] all outputs exist; skipping HLS.S30.T10TDM.2021095T190911.v2.0
[96/3634] [102] all outputs exist; skipping HLS.S30.T10TCM.2021095T190911.v2.0
[97/3634] [103] all outputs exist; skipping HLS.S30.T10TDL.2021095T190911.v2.0
[98/3634] [104] all outputs exist; skipping HLS.S30.T10TCL.2021095T190911.v2.0
[99/3634] [105] all outputs exist; skipping HLS.S30.T10TDK.2021095T190911.v2.0
[100/3634] [106] all outputs exist; skipping HLS.S30.T10TCK.2021095T190911.v2.0
[101/3634] [107] all outputs exist; skipping HLS.L30.T10TGM.2021096T184413.v2.0
[102/3634] [108] all outputs exist; skipping HLS.L30.T11TKG.2021096T184413.v2.0
[103/3634] [109] all outputs exist; skipping HLS.L30.T10TFL.2021096T184437.v2.0
[104/3634] [110] all outputs exist; skipping HLS.L30.T10TFM.2021096T184437.v2.0
[105/3634] [111] all outputs exist; skipping HLS.L30.T11TKF.2021096T184437.v2.0
[106/3634] [112] all outputs exist; skipping HLS.L30.T10TEL.2021096T184437.v2.0
[107/3634] [113] all outputs exist; skipping HLS.L30.T10TGL.2021096T184437.v2.0
[108/3634] [114] all outputs exist; skipping HLS.L30.T10TEM.2021096T184437.v2.0
[109/3634] [115] all outputs exist; skipping HLS.L30.T11TKE.2021096T184501.v2.0
[110/3634] [116] all outputs exist; skipping HLS.L30.T10TGK.2021096T184501.v2.0
[111/3634] [117] all outputs exist; skipping HLS.L30.T10SEJ.2021096T184501.v2.0
[112/3634] [118] all outputs exist; skipping HLS.L30.T10SGJ.2021096T184501.v2.0
[113/3634] [119] all outputs exist; skipping HLS.L30.T11SKD.2021096T184501.v2.0
[114/3634] [120] all outputs exist; skipping HLS.L30.T10SFJ.2021096T184501.v2.0
[115/3634] [121] all outputs exist; skipping HLS.L30.T10TFK.2021096T184501.v2.0
[116/3634] [122] all outputs exist; skipping HLS.L30.T10TEK.2021096T184501.v2.0
[117/3634] [123] all outputs exist; skipping HLS.L30.T10SGH.2021096T184525.v2.0
[118/3634] [124] all outputs exist; skipping HLS.L30.T10SFH.2021096T184525.v2.0
[119/3634] [125] all outputs exist; skipping HLS.L30.T10SEH.2021096T184525.v2.0
[120/3634] [126] all outputs exist; skipping HLS.L30.T10SDH.2021096T184525.v2.0
[121/3634] [127] all outputs exist; skipping HLS.L30.T10SFG.2021096T184549.v2.0
[122/3634] [128] all outputs exist; skipping HLS.L30.T10SEG.2021096T184549.v2.0
[123/3634] [71] HLS.S30.T11TLG.2021094T184919.v2.0: SKIP NoDataInBounds (field does not intersect FMASK)
[124/3634] [16] HLS.S30.T11TME.2021091T183919.v2.0: SKIP NoDataInBounds (field does not intersect FMASK)
[125/3634] [56] HLS.S30.T11SLD.2021093T182911.v2.0: SKIP NoDataInBounds (field does not intersect FMASK)
[126/3634] [132] all outputs exist; skipping HLS.S30.T10TGM.2021096T183911.v2.0
[127/3634] [133] all outputs exist; skipping HLS.S30.T11TKG.2021096T183911.v2.0
[128/3634] [76] HLS.S30.T11TLF.2021094T184919.v2.0: SKIP NoDataInBounds (field does not intersect FMASK)
[129/3634] [52] HLS.S30.T10SDG.2021092T185921.v2.0: SKIP NoDataInBounds (field does not intersect FMASK)
[130/3634] [136] all outputs exist; skipping HLS.S30.T11TKF.2021096T183911.v2.0
[131/3634] [137] all outputs exist; skipping HLS.S30.T10TGL.2021096T183911.v2.0
[132/3634] [80] HLS.S30.T11TLE.2021094T184919.v2.0: SKIP NoDataInBounds (field does not intersect FMASK)
[133/3634] [100] HLS.S30.T10SDG.2021094T184919.v2.0: SKIP NoDataInBounds (field does not intersect FMASK)
[134/3634] [140] all outputs exist; skipping HLS.S30.T11TKE.2021096T183911.v2.0
[135/3634] [141] all outputs exist; skipping HLS.S30.T10TGK.2021096T183911.v2.0
[136/3634] [129] HLS.L30.T10SDG.2021096T184549.v2.0: SKIP NoDataInBounds (field does not intersect FMASK)
[137/3634] [130] HLS.S30.T11TMG.2021096T183911.v2.0: SKIP NoDataInBounds (field does not intersect FMASK)
[138/3634] [131] HLS.S30.T11TLG.2021096T183911.v2.0: SKIP NoDataInBounds (field does not intersect FMASK)
[139/3634] [144] all outputs exist; skipping HLS.S30.T11SKD.2021096T183911.v2.0
[140/3634] [145] all outputs exist; skipping HLS.S30.T10SGJ.2021096T183911.v2.0
[141/3634] [147] all outputs exist; skipping HLS.S30.T10SFJ.2021096T183911.v2.0
[142/3634] [148] all outputs exist; skipping HLS.S30.T11SLC.2021096T183911.v2.0
[143/3634] [149] all outputs exist; skipping HLS.S30.T11SKC.2021096T183911.v2.0
[144/3634] [150] all outputs exist; skipping HLS.S30.T10SGH.2021096T183911.v2.0
[145/3634] [151] all outputs exist; skipping HLS.S30.T10SFH.2021096T183911.v2.0
[146/3634] [152] all outputs exist; skipping HLS.S30.T11SMB.2021096T183911.v2.0
[147/3634] [153] all outputs exist; skipping HLS.S30.T11SLB.2021096T183911.v2.0
[148/3634] [154] all outputs exist; skipping HLS.S30.T11SKB.2021096T183911.v2.0
[149/3634] [155] all outputs exist; skipping HLS.S30.T10SGG.2021096T183911.v2.0
[150/3634] [156] all outputs exist; skipping HLS.S30.T10SFG.2021096T183911.v2.0
[151/3634] [157] all outputs exist; skipping HLS.S30.T10TFM.2021097T185919.v2.0
[152/3634] [158] all outputs exist; skipping HLS.S30.T10TEM.2021097T185919.v2.0
[153/3634] [159] all outputs exist; skipping HLS.S30.T10TDM.2021097T185919.v2.0
[154/3634] [160] all outputs exist; skipping HLS.S30.T10TFL.2021097T185919.v2.0
[155/3634] [161] all outputs exist; skipping HLS.S30.T10TEL.2021097T185919.v2.0
[156/3634] [162] all outputs exist; skipping HLS.S30.T10TDL.2021097T185919.v2.0
[157/3634] [134] HLS.S30.T11TMF.2021096T183911.v2.0: SKIP NoDataInBounds (field does not intersect FMASK)
[158/3634] [163] all outputs exist; skipping HLS.S30.T10TFK.2021097T185919.v2.0
[159/3634] [164] all outputs exist; skipping HLS.S30.T10TEK.2021097T185919.v2.0
[160/3634] [165] all outputs exist; skipping HLS.S30.T10TDK.2021097T185919.v2.0
[161/3634] [167] all outputs exist; skipping HLS.S30.T10SEJ.2021097T185919.v2.0
[162/3634] [166] all outputs exist; skipping HLS.S30.T10TCK.2021097T185919.v2.0
[163/3634] [169] all outputs exist; skipping HLS.S30.T10SEH.2021097T185919.v2.0
[164/3634] [170] all outputs exist; skipping HLS.S30.T10SDH.2021097T185919.v2.0
[165/3634] [171] all outputs exist; skipping HLS.S30.T10SEG.2021097T185919.v2.0
[166/3634] [168] all outputs exist; skipping HLS.S30.T10SDJ.2021097T185919.v2.0
[167/3634] [135] HLS.S30.T11TLF.2021096T183911.v2.0: SKIP NoDataInBounds (field does not intersect FMASK)
[168/3634] [138] HLS.S30.T11TME.2021096T183911.v2.0: SKIP NoDataInBounds (field does not intersect FMASK)
[169/3634] [139] HLS.S30.T11TLE.2021096T183911.v2.0: SKIP NoDataInBounds (field does not intersect FMASK)
[170/3634] [142] HLS.S30.T11SMD.2021096T183911.v2.0: SKIP NoDataInBounds (field does not intersect FMASK)
[171/3634] [143] HLS.S30.T11SLD.2021096T183911.v2.0: SKIP NoDataInBounds (field does not intersect FMASK)
[172/3634] [173] HLS.L30.T11TMG.2021098T183151.v2.0: SKIP NoDataInBounds (field does not intersect FMASK)
[173/3634] [179] all outputs exist; skipping HLS.L30.T11TKE.2021098T183239.v2.0
[174/3634] [174] HLS.L30.T11TLG.2021098T183215.v2.0: SKIP NoDataInBounds (field does not intersect FMASK)
[175/3634] [175] HLS.L30.T11TLF.2021098T183215.v2.0: SKIP NoDataInBounds (field does not intersect FMASK)
[176/3634] [182] all outputs exist; skipping HLS.L30.T10TGK.2021098T183239.v2.0
[177/3634] [183] all outputs exist; skipping HLS.L30.T11SKD.2021098T183239.v2.0
[178/3634] [184] all outputs exist; skipping HLS.L30.T11SLC.2021098T183303.v2.0
[179/3634] [185] all outputs exist; skipping HLS.L30.T10SGH.2021098T183303.v2.0
[180/3634] [176] HLS.L30.T11TMF.2021098T183215.v2.0: SKIP NoDataInBounds (field does not intersect FMASK)
[181/3634] [187] all outputs exist; skipping HLS.L30.T10SGJ.2021098T183303.v2.0
[182/3634] [188] all outputs exist; skipping HLS.L30.T11SKC.2021098T183303.v2.0
[183/3634] [189] all outputs exist; skipping HLS.L30.T11SLB.2021098T183327.v2.0
[184/3634] [190] all outputs exist; skipping HLS.L30.T11SMB.2021098T183327.v2.0
[185/3634] [191] all outputs exist; skipping HLS.L30.T10SGG.2021098T183327.v2.0
[186/3634] [192] all outputs exist; skipping HLS.L30.T11SKB.2021098T183327.v2.0
[187/3634] [177] HLS.L30.T11SMD.2021098T183239.v2.0: SKIP NoDataInBounds (field does not intersect FMASK)
[188/3634] [178] HLS.L30.T11TLE.2021098T183239.v2.0: SKIP NoDataInBounds (field does not intersect FMASK)
[189/3634] [180] HLS.L30.T11SLD.2021098T183239.v2.0: SKIP NoDataInBounds (field does not intersect FMASK)
[190/3634] [181] HLS.L30.T11TME.2021098T183239.v2.0: SKIP NoDataInBounds (field does not intersect FMASK)
[191/3634] [193] HLS.S30.T11TMF.2021098T182919.v2.0: SKIP NoDataInBounds (field does not intersect FMASK)
[192/3634] [198] all outputs exist; skipping HLS.S30.T11SLC.2021098T182919.v2.0
[193/3634] [199] all outputs exist; skipping HLS.S30.T11SMB.2021098T182919.v2.0
[194/3634] [200] all outputs exist; skipping HLS.S30.T11SLB.2021098T182919.v2.0
[195/3634] [186] HLS.L30.T11SMC.2021098T183303.v2.0: SKIP NoDataInBounds (field does not intersect FMASK)
[196/3634] [202] all outputs exist; skipping HLS.S30.T10TGM.2021099T184911.v2.0
[197/3634] [203] all outputs exist; skipping HLS.S30.T11TKG.2021099T184911.v2.0
[198/3634] [204] all outputs exist; skipping HLS.S30.T10TFM.2021099T184911.v2.0
[199/3634] [205] all outputs exist; skipping HLS.S30.T10TEM.2021099T184911.v2.0
[200/3634] [194] HLS.S30.T11TME.2021098T182919.v2.0: SKIP NoDataInBounds (field does not intersect FMASK)
[201/3634] [207] all outputs exist; skipping HLS.S30.T11TKF.2021099T184911.v2.0
[202/3634] [208] all outputs exist; skipping HLS.S30.T10TGL.2021099T184911.v2.0
[203/3634] [209] all outputs exist; skipping HLS.S30.T10TFL.2021099T184911.v2.0
[204/3634] [195] HLS.S30.T11SMD.2021098T182919.v2.0: SKIP NoDataInBounds (field does not intersect FMASK)
[205/3634] [211] all outputs exist; skipping HLS.S30.T10TEL.2021099T184911.v2.0
[206/3634] [212] all outputs exist; skipping HLS.S30.T11TKE.2021099T184911.v2.0
[207/3634] [213] all outputs exist; skipping HLS.S30.T10TGK.2021099T184911.v2.0
[208/3634] [214] all outputs exist; skipping HLS.S30.T10TFK.2021099T184911.v2.0
[209/3634] [215] all outputs exist; skipping HLS.S30.T10TEK.2021099T184911.v2.0
[210/3634] [216] all outputs exist; skipping HLS.S30.T11SKD.2021099T184911.v2.0
[211/3634] [217] all outputs exist; skipping HLS.S30.T10SGJ.2021099T184911.v2.0
[212/3634] [218] all outputs exist; skipping HLS.S30.T10SFJ.2021099T184911.v2.0
[213/3634] [219] all outputs exist; skipping HLS.S30.T10SEJ.2021099T184911.v2.0
[214/3634] [220] all outputs exist; skipping HLS.S30.T10SDJ.2021099T184911.v2.0
[215/3634] [221] all outputs exist; skipping HLS.S30.T11SKC.2021099T184911.v2.0
[216/3634] [222] all outputs exist; skipping HLS.S30.T10SGH.2021099T184911.v2.0
[217/3634] [223] all outputs exist; skipping HLS.S30.T10SFH.2021099T184911.v2.0
[218/3634] [224] all outputs exist; skipping HLS.S30.T10SEH.2021099T184911.v2.0
[219/3634] [225] all outputs exist; skipping HLS.S30.T10SDH.2021099T184911.v2.0
[220/3634] [226] all outputs exist; skipping HLS.S30.T11SKB.2021099T184911.v2.0
[221/3634] [227] all outputs exist; skipping HLS.S30.T10SGG.2021099T184911.v2.0
[222/3634] [228] all outputs exist; skipping HLS.S30.T10SFG.2021099T184911.v2.0
[223/3634] [196] HLS.S30.T11SLD.2021098T182919.v2.0: SKIP NoDataInBounds (field does not intersect FMASK)
[224/3634] [230] all outputs exist; skipping HLS.S30.T10TDM.2021100T190909.v2.0
[225/3634] [231] all outputs exist; skipping HLS.S30.T10TCM.2021100T190909.v2.0
[226/3634] [232] all outputs exist; skipping HLS.S30.T10TDL.2021100T190909.v2.0
[227/3634] [233] all outputs exist; skipping HLS.S30.T10TCL.2021100T190909.v2.0
[228/3634] [234] all outputs exist; skipping HLS.S30.T10TDK.2021100T190909.v2.0
[229/3634] [235] all outputs exist; skipping HLS.S30.T10TCK.2021100T190909.v2.0
[230/3634] [146] HLS.S30.T11SMC.2021096T183911.v2.0: SKIP NoDataInBounds (field does not intersect FMASK)
[231/3634] [197] HLS.S30.T11SMC.2021098T182919.v2.0: SKIP NoDataInBounds (field does not intersect FMASK)
[232/3634] [238] all outputs exist; skipping HLS.S30.T10TGM.2021101T183919.v2.0
[233/3634] [239] all outputs exist; skipping HLS.S30.T11TKG.2021101T183919.v2.0
[234/3634] [206] HLS.S30.T11TLF.2021099T184911.v2.0: SKIP NoDataInBounds (field does not intersect FMASK)
[235/3634] [201] HLS.S30.T11TLG.2021099T184911.v2.0: SKIP NoDataInBounds (field does not intersect FMASK)
[236/3634] [242] all outputs exist; skipping HLS.S30.T11TKF.2021101T183919.v2.0
[237/3634] [243] all outputs exist; skipping HLS.S30.T10TGL.2021101T183919.v2.0
[238/3634] [172] HLS.S30.T10SDG.2021097T185919.v2.0: SKIP NoDataInBounds (field does not intersect FMASK)
[239/3634] [210] HLS.S30.T11TLE.2021099T184911.v2.0: SKIP NoDataInBounds (field does not intersect FMASK)
[240/3634] [246] all outputs exist; skipping HLS.S30.T11TKE.2021101T183919.v2.0
[241/3634] [247] all outputs exist; skipping HLS.S30.T10TGK.2021101T183919.v2.0
[242/3634] [229] HLS.S30.T10SDG.2021099T184911.v2.0: SKIP NoDataInBounds (field does not intersect FMASK)
[243/3634] [236] HLS.S30.T11TMG.2021101T183919.v2.0: SKIP NoDataInBounds (field does not intersect FMASK)
[244/3634] [250] all outputs exist; skipping HLS.S30.T11SKD.2021101T183919.v2.0
[245/3634] [251] all outputs exist; skipping HLS.S30.T10SGJ.2021101T183919.v2.0
[246/3634] [237] HLS.S30.T11TLG.2021101T183919.v2.0: SKIP NoDataInBounds (field does not intersect FMASK)
[247/3634] [253] all outputs exist; skipping HLS.S30.T10SFJ.2021101T183919.v2.0
[248/3634] [254] all outputs exist; skipping HLS.S30.T11SLC.2021101T183919.v2.0
[249/3634] [255] all outputs exist; skipping HLS.S30.T11SKC.2021101T183919.v2.0
[250/3634] [256] all outputs exist; skipping HLS.S30.T10SGH.2021101T183919.v2.0
[251/3634] [257] all outputs exist; skipping HLS.S30.T10SFH.2021101T183919.v2.0
[252/3634] [258] all outputs exist; skipping HLS.S30.T11SMB.2021101T183919.v2.0
[253/3634] [259] all outputs exist; skipping HLS.S30.T11SLB.2021101T183919.v2.0
[254/3634] [260] all outputs exist; skipping HLS.S30.T11SKB.2021101T183919.v2.0
[255/3634] [261] all outputs exist; skipping HLS.S30.T10SGG.2021101T183919.v2.0
[256/3634] [262] all outputs exist; skipping HLS.S30.T10SFG.2021101T183919.v2.0
[257/3634] [263] all outputs exist; skipping HLS.L30.T10TDM.2021101T190244.v2.0
[258/3634] [264] all outputs exist; skipping HLS.L30.T10TCM.2021101T190244.v2.0
[259/3634] [265] all outputs exist; skipping HLS.L30.T10TCL.2021101T190308.v2.0
[260/3634] [266] all outputs exist; skipping HLS.S30.T10TFM.2021102T185911.v2.0
[261/3634] [267] all outputs exist; skipping HLS.S30.T10TEM.2021102T185911.v2.0
[262/3634] [268] all outputs exist; skipping HLS.S30.T10TDM.2021102T185911.v2.0
[263/3634] [269] all outputs exist; skipping HLS.S30.T10TCM.2021102T185911.v2.0
[264/3634] [270] all outputs exist; skipping HLS.S30.T10TFL.2021102T185911.v2.0
[265/3634] [271] all outputs exist; skipping HLS.S30.T10TEL.2021102T185911.v2.0
[266/3634] [272] all outputs exist; skipping HLS.S30.T10TDL.2021102T185911.v2.0
[267/3634] [273] all outputs exist; skipping HLS.S30.T10TFK.2021102T185911.v2.0
[268/3634] [274] all outputs exist; skipping HLS.S30.T10TCL.2021102T185911.v2.0
[269/3634] [275] all outputs exist; skipping HLS.S30.T10TEK.2021102T185911.v2.0
[270/3634] [276] all outputs exist; skipping HLS.S30.T10TDK.2021102T185911.v2.0
[271/3634] [277] all outputs exist; skipping HLS.S30.T10TCK.2021102T185911.v2.0
[272/3634] [278] all outputs exist; skipping HLS.S30.T10SEJ.2021102T185911.v2.0
[273/3634] [279] all outputs exist; skipping HLS.S30.T10SDJ.2021102T185911.v2.0
[274/3634] [280] all outputs exist; skipping HLS.S30.T10SEH.2021102T185911.v2.0
[275/3634] [281] all outputs exist; skipping HLS.S30.T10SDH.2021102T185911.v2.0
[276/3634] [282] all outputs exist; skipping HLS.S30.T10SEG.2021102T185911.v2.0
[277/3634] [240] HLS.S30.T11TMF.2021101T183919.v2.0: SKIP NoDataInBounds (field does not intersect FMASK)
[278/3634] [244] HLS.S30.T11TME.2021101T183919.v2.0: SKIP NoDataInBounds (field does not intersect FMASK)
[279/3634] [241] HLS.S30.T11TLF.2021101T183919.v2.0: SKIP NoDataInBounds (field does not intersect FMASK)
[280/3634] [245] HLS.S30.T11TLE.2021101T183919.v2.0: SKIP NoDataInBounds (field does not intersect FMASK)
[281/3634] [248] HLS.S30.T11SMD.2021101T183919.v2.0: SKIP NoDataInBounds (field does not intersect FMASK)
[282/3634] [288] all outputs exist; skipping HLS.S30.T11SLC.2021103T182911.v2.0
[283/3634] [289] all outputs exist; skipping HLS.S30.T11SMB.2021103T182911.v2.0
[284/3634] [290] all outputs exist; skipping HLS.S30.T11SLB.2021103T182911.v2.0
[285/3634] [291] all outputs exist; skipping HLS.L30.T10TFM.2021103T185022.v2.0
[286/3634] [292] all outputs exist; skipping HLS.L30.T10TEM.2021103T185022.v2.0
[287/3634] [293] all outputs exist; skipping HLS.L30.T10TDM.2021103T185045.v2.0
[288/3634] [294] all outputs exist; skipping HLS.L30.T10TDL.2021103T185045.v2.0
[289/3634] [295] all outputs exist; skipping HLS.L30.T10TEL.2021103T185045.v2.0
[290/3634] [296] all outputs exist; skipping HLS.L30.T10TFL.2021103T185045.v2.0
[291/3634] [297] all outputs exist; skipping HLS.L30.T10TFK.2021103T185109.v2.0
[292/3634] [298] all outputs exist; skipping HLS.L30.T10SEJ.2021103T185109.v2.0
[293/3634] [299] all outputs exist; skipping HLS.L30.T10TCK.2021103T185109.v2.0
[294/3634] [300] all outputs exist; skipping HLS.L30.T10TDK.2021103T185109.v2.0
[295/3634] [301] all outputs exist; skipping HLS.L30.T10SDJ.2021103T185109.v2.0
[296/3634] [302] all outputs exist; skipping HLS.L30.T10TEK.2021103T185109.v2.0
[297/3634] [303] all outputs exist; skipping HLS.L30.T10SEH.2021103T185133.v2.0
[298/3634] [304] all outputs exist; skipping HLS.L30.T10SDH.2021103T185133.v2.0
[299/3634] [249] HLS.S30.T11SLD.2021101T183919.v2.0: SKIP NoDataInBounds (field does not intersect FMASK)
[300/3634] [306] all outputs exist; skipping HLS.L30.T10SEG.2021103T185157.v2.0
[301/3634] [252] HLS.S30.T11SMC.2021101T183919.v2.0: SKIP NoDataInBounds (field does not intersect FMASK)
[302/3634] [308] all outputs exist; skipping HLS.S30.T10TGM.2021104T184919.v2.0
[303/3634] [309] all outputs exist; skipping HLS.S30.T11TKG.2021104T184919.v2.0
[304/3634] [310] all outputs exist; skipping HLS.S30.T10TFM.2021104T184919.v2.0
[305/3634] [311] all outputs exist; skipping HLS.S30.T10TEM.2021104T184919.v2.0
[306/3634] [283] HLS.S30.T10SDG.2021102T185911.v2.0: SKIP NoDataInBounds (field does not intersect FMASK)
[307/3634] [313] all outputs exist; skipping HLS.S30.T11TKF.2021104T184919.v2.0
[308/3634] [314] all outputs exist; skipping HLS.S30.T10TGL.2021104T184919.v2.0
[309/3634] [315] all outputs exist; skipping HLS.S30.T10TFL.2021104T184919.v2.0
[310/3634] [285] HLS.S30.T11SMD.2021103T182911.v2.0: SKIP NoDataInBounds (field does not intersect FMASK)
[311/3634] [317] all outputs exist; skipping HLS.S30.T10TEL.2021104T184919.v2.0
[312/3634] [318] all outputs exist; skipping HLS.S30.T11TKE.2021104T184919.v2.0
[313/3634] [319] all outputs exist; skipping HLS.S30.T10TGK.2021104T184919.v2.0
[314/3634] [320] all outputs exist; skipping HLS.S30.T10TFK.2021104T184919.v2.0
[315/3634] [321] all outputs exist; skipping HLS.S30.T10TEK.2021104T184919.v2.0
[316/3634] [322] all outputs exist; skipping HLS.S30.T11SKD.2021104T184919.v2.0
[317/3634] [323] all outputs exist; skipping HLS.S30.T10SGJ.2021104T184919.v2.0
[318/3634] [324] all outputs exist; skipping HLS.S30.T10SFJ.2021104T184919.v2.0
[319/3634] [325] all outputs exist; skipping HLS.S30.T10SEJ.2021104T184919.v2.0
[320/3634] [326] all outputs exist; skipping HLS.S30.T10SDJ.2021104T184919.v2.0
[321/3634] [327] all outputs exist; skipping HLS.S30.T11SKC.2021104T184919.v2.0
[322/3634] [328] all outputs exist; skipping HLS.S30.T10SGH.2021104T184919.v2.0
[323/3634] [329] all outputs exist; skipping HLS.S30.T10SFH.2021104T184919.v2.0
[324/3634] [330] all outputs exist; skipping HLS.S30.T10SEH.2021104T184919.v2.0
[325/3634] [331] all outputs exist; skipping HLS.S30.T10SDH.2021104T184919.v2.0
[326/3634] [332] all outputs exist; skipping HLS.S30.T11SKB.2021104T184919.v2.0
[327/3634] [333] all outputs exist; skipping HLS.S30.T10SGG.2021104T184919.v2.0
[328/3634] [334] all outputs exist; skipping HLS.S30.T10SFG.2021104T184919.v2.0
[329/3634] [335] all outputs exist; skipping HLS.S30.T10SEG.2021104T184919.v2.0
[330/3634] [287] HLS.S30.T11SMC.2021103T182911.v2.0: SKIP NoDataInBounds (field does not intersect FMASK)
[331/3634] [286] HLS.S30.T11SLD.2021103T182911.v2.0: SKIP NoDataInBounds (field does not intersect FMASK)
[332/3634] [305] HLS.L30.T10SDG.2021103T185157.v2.0: SKIP NoDataInBounds (field does not intersect FMASK)
[333/3634] [339] all outputs exist; skipping HLS.L30.T11TKG.2021105T183823.v2.0
[334/3634] [340] all outputs exist; skipping HLS.L30.T11TKF.2021105T183823.v2.0
[335/3634] [341] all outputs exist; skipping HLS.L30.T10TGM.2021105T183823.v2.0
[336/3634] [342] all outputs exist; skipping HLS.L30.T10TFL.2021105T183823.v2.0
[337/3634] [307] HLS.S30.T11TLG.2021104T184919.v2.0: SKIP NoDataInBounds (field does not intersect FMASK)
[338/3634] [344] all outputs exist; skipping HLS.L30.T10TGL.2021105T183823.v2.0
[339/3634] [312] HLS.S30.T11TLF.2021104T184919.v2.0: SKIP NoDataInBounds (field does not intersect FMASK)
[340/3634] [346] all outputs exist; skipping HLS.L30.T10TFK.2021105T183847.v2.0
[341/3634] [347] all outputs exist; skipping HLS.L30.T10SGJ.2021105T183847.v2.0
[342/3634] [348] all outputs exist; skipping HLS.L30.T11SKD.2021105T183847.v2.0
[343/3634] [336] HLS.S30.T10SDG.2021104T184919.v2.0: SKIP NoDataInBounds (field does not intersect FMASK)
[344/3634] [350] all outputs exist; skipping HLS.L30.T11TKE.2021105T183847.v2.0
[345/3634] [351] all outputs exist; skipping HLS.L30.T10SFJ.2021105T183847.v2.0
[346/3634] [352] all outputs exist; skipping HLS.L30.T10TGK.2021105T183847.v2.0
[347/3634] [353] all outputs exist; skipping HLS.L30.T11SLC.2021105T183911.v2.0
[348/3634] [354] all outputs exist; skipping HLS.L30.T11SKC.2021105T183911.v2.0
[349/3634] [355] all outputs exist; skipping HLS.L30.T10SFH.2021105T183911.v2.0
[350/3634] [356] all outputs exist; skipping HLS.L30.T10SGH.2021105T183911.v2.0
[351/3634] [357] all outputs exist; skipping HLS.L30.T11SKB.2021105T183935.v2.0
[352/3634] [358] all outputs exist; skipping HLS.L30.T10SGG.2021105T183935.v2.0
[353/3634] [359] all outputs exist; skipping HLS.L30.T10SFG.2021105T183935.v2.0
[354/3634] [360] all outputs exist; skipping HLS.S30.T10TDM.2021105T190911.v2.0
[355/3634] [361] all outputs exist; skipping HLS.S30.T10TCM.2021105T190911.v2.0
[356/3634] [338] HLS.L30.T11TLG.2021105T183759.v2.0: SKIP NoDataInBounds (field does not intersect FMASK)
[357/3634] [362] all outputs exist; skipping HLS.S30.T10TDL.2021105T190911.v2.0
[358/3634] [363] all outputs exist; skipping HLS.S30.T10TCL.2021105T190911.v2.0
[359/3634] [364] all outputs exist; skipping HLS.S30.T10TDK.2021105T190911.v2.0
[360/3634] [365] all outputs exist; skipping HLS.S30.T10TCK.2021105T190911.v2.0
[361/3634] [345] HLS.L30.T11TLE.2021105T183847.v2.0: SKIP NoDataInBounds (field does not intersect FMASK)
[362/3634] [368] all outputs exist; skipping HLS.S30.T10TGM.2021106T183911.v2.0
[363/3634] [369] all outputs exist; skipping HLS.S30.T11TKG.2021106T183911.v2.0
[364/3634] [316] HLS.S30.T11TLE.2021104T184919.v2.0: SKIP NoDataInBounds (field does not intersect FMASK)
[365/3634] [343] HLS.L30.T11TLF.2021105T183823.v2.0: SKIP NoDataInBounds (field does not intersect FMASK)
[366/3634] [372] all outputs exist; skipping HLS.S30.T11TKF.2021106T183911.v2.0
[367/3634] [373] all outputs exist; skipping HLS.S30.T10TGL.2021106T183911.v2.0
[368/3634] [349] HLS.L30.T11SLD.2021105T183847.v2.0: SKIP NoDataInBounds (field does not intersect FMASK)
[369/3634] [284] HLS.S30.T11TME.2021103T182911.v2.0: SKIP NoDataInBounds (field does not intersect FMASK)
[370/3634] [376] all outputs exist; skipping HLS.S30.T11TKE.2021106T183911.v2.0
[371/3634] [377] all outputs exist; skipping HLS.S30.T10TGK.2021106T183911.v2.0
[372/3634] [366] HLS.S30.T11TMG.2021106T183911.v2.0: SKIP NoDataInBounds (field does not intersect FMASK)
[373/3634] [367] HLS.S30.T11TLG.2021106T183911.v2.0: SKIP NoDataInBounds (field does not intersect FMASK)
[374/3634] [380] all outputs exist; skipping HLS.S30.T11SKD.2021106T183911.v2.0
[375/3634] [381] all outputs exist; skipping HLS.S30.T10SGJ.2021106T183911.v2.0
[376/3634] [374] HLS.S30.T11TME.2021106T183911.v2.0: SKIP NoDataInBounds (field does not intersect FMASK)
[377/3634] [383] all outputs exist; skipping HLS.S30.T10SFJ.2021106T183911.v2.0
[378/3634] [384] all outputs exist; skipping HLS.S30.T11SLC.2021106T183911.v2.0
[379/3634] [385] all outputs exist; skipping HLS.S30.T11SKC.2021106T183911.v2.0
[380/3634] [386] all outputs exist; skipping HLS.S30.T10SGH.2021106T183911.v2.0
[381/3634] [387] all outputs exist; skipping HLS.S30.T10SFH.2021106T183911.v2.0
[382/3634] [388] all outputs exist; skipping HLS.S30.T11SMB.2021106T183911.v2.0
[383/3634] [389] all outputs exist; skipping HLS.S30.T11SLB.2021106T183911.v2.0
[384/3634] [390] all outputs exist; skipping HLS.S30.T11SKB.2021106T183911.v2.0
[385/3634] [391] all outputs exist; skipping HLS.S30.T10SGG.2021106T183911.v2.0
[386/3634] [392] all outputs exist; skipping HLS.S30.T10SFG.2021106T183911.v2.0
[387/3634] [371] HLS.S30.T11TLF.2021106T183911.v2.0: SKIP NoDataInBounds (field does not intersect FMASK)
[388/3634] [378] HLS.S30.T11SMD.2021106T183911.v2.0: SKIP NoDataInBounds (field does not intersect FMASK)
[389/3634] [370] HLS.S30.T11TMF.2021106T183911.v2.0: SKIP NoDataInBounds (field does not intersect FMASK)
[390/3634] [382] HLS.S30.T11SMC.2021106T183911.v2.0: SKIP NoDataInBounds (field does not intersect FMASK)
[391/3634] [379] HLS.S30.T11SLD.2021106T183911.v2.0: SKIP NoDataInBounds (field does not intersect FMASK)
[392/3634] [398] all outputs exist; skipping HLS.L30.T11SLC.2021107T182648.v2.0
[393/3634] [399] all outputs exist; skipping HLS.L30.T11SLB.2021107T182712.v2.0
[394/3634] [400] all outputs exist; skipping HLS.L30.T11SMB.2021107T182712.v2.0
[395/3634] [401] all outputs exist; skipping HLS.S30.T10TFM.2021107T185909.v2.0
[396/3634] [402] all outputs exist; skipping HLS.S30.T10TEM.2021107T185909.v2.0
[397/3634] [403] all outputs exist; skipping HLS.S30.T10TDM.2021107T185909.v2.0
[398/3634] [404] all outputs exist; skipping HLS.S30.T10TCM.2021107T185909.v2.0
[399/3634] [405] all outputs exist; skipping HLS.S30.T10TFL.2021107T185909.v2.0
[400/3634] [406] all outputs exist; skipping HLS.S30.T10TEL.2021107T185909.v2.0
[401/3634] [407] all outputs exist; skipping HLS.S30.T10TDL.2021107T185909.v2.0
[402/3634] [408] all outputs exist; skipping HLS.S30.T10TFK.2021107T185909.v2.0
[403/3634] [409] all outputs exist; skipping HLS.S30.T10TCL.2021107T185909.v2.0
[404/3634] [410] all outputs exist; skipping HLS.S30.T10TEK.2021107T185909.v2.0
[405/3634] [411] all outputs exist; skipping HLS.S30.T10TDK.2021107T185909.v2.0
[406/3634] [412] all outputs exist; skipping HLS.S30.T10TCK.2021107T185909.v2.0
[407/3634] [413] all outputs exist; skipping HLS.S30.T10SEJ.2021107T185909.v2.0
[408/3634] [414] all outputs exist; skipping HLS.S30.T10SDJ.2021107T185909.v2.0
[409/3634] [415] all outputs exist; skipping HLS.S30.T10SEH.2021107T185909.v2.0
[410/3634] [416] all outputs exist; skipping HLS.S30.T10SDH.2021107T185909.v2.0
[411/3634] [417] all outputs exist; skipping HLS.S30.T10SEG.2021107T185909.v2.0
[412/3634] [393] HLS.L30.T11TMF.2021107T182600.v2.0: SKIP NoDataInBounds (field does not intersect FMASK)
[413/3634] [395] HLS.L30.T11TME.2021107T182624.v2.0: SKIP NoDataInBounds (field does not intersect FMASK)
[414/3634] [394] HLS.L30.T11SMD.2021107T182624.v2.0: SKIP NoDataInBounds (field does not intersect FMASK)
[415/3634] [396] HLS.L30.T11SLD.2021107T182648.v2.0: SKIP NoDataInBounds (field does not intersect FMASK)
[416/3634] [375] HLS.S30.T11TLE.2021106T183911.v2.0: SKIP NoDataInBounds (field does not intersect FMASK)
[417/3634] [423] all outputs exist; skipping HLS.S30.T11SLC.2021108T182909.v2.0
[418/3634] [424] all outputs exist; skipping HLS.S30.T11SMB.2021108T182909.v2.0
[419/3634] [425] all outputs exist; skipping HLS.S30.T11SLB.2021108T182909.v2.0
[420/3634] [397] HLS.L30.T11SMC.2021107T182648.v2.0: SKIP NoDataInBounds (field does not intersect FMASK)
[421/3634] [427] all outputs exist; skipping HLS.S30.T10TGM.2021109T184911.v2.0
[422/3634] [428] all outputs exist; skipping HLS.S30.T11TKG.2021109T184911.v2.0
[423/3634] [429] all outputs exist; skipping HLS.S30.T10TFM.2021109T184911.v2.0
[424/3634] [430] all outputs exist; skipping HLS.S30.T10TEM.2021109T184911.v2.0
[425/3634] [418] HLS.S30.T11TMF.2021108T182909.v2.0: SKIP NoDataInBounds (field does not intersect FMASK)
[426/3634] [432] all outputs exist; skipping HLS.S30.T11TKF.2021109T184911.v2.0
[427/3634] [433] all outputs exist; skipping HLS.S30.T10TGL.2021109T184911.v2.0
[428/3634] [434] all outputs exist; skipping HLS.S30.T10TFL.2021109T184911.v2.0
[429/3634] [419] HLS.S30.T11TME.2021108T182909.v2.0: SKIP NoDataInBounds (field does not intersect FMASK)
[430/3634] [436] all outputs exist; skipping HLS.S30.T10TEL.2021109T184911.v2.0
[431/3634] [437] all outputs exist; skipping HLS.S30.T11TKE.2021109T184911.v2.0
[432/3634] [438] all outputs exist; skipping HLS.S30.T10TGK.2021109T184911.v2.0
[433/3634] [439] all outputs exist; skipping HLS.S30.T10TFK.2021109T184911.v2.0
[434/3634] [440] all outputs exist; skipping HLS.S30.T10TEK.2021109T184911.v2.0
[435/3634] [441] all outputs exist; skipping HLS.S30.T11SKD.2021109T184911.v2.0
[436/3634] [442] all outputs exist; skipping HLS.S30.T10SGJ.2021109T184911.v2.0
[437/3634] [443] all outputs exist; skipping HLS.S30.T10SFJ.2021109T184911.v2.0
[438/3634] [444] all outputs exist; skipping HLS.S30.T10SEJ.2021109T184911.v2.0
[439/3634] [445] all outputs exist; skipping HLS.S30.T10SDJ.2021109T184911.v2.0
[440/3634] [446] all outputs exist; skipping HLS.S30.T11SKC.2021109T184911.v2.0
[441/3634] [447] all outputs exist; skipping HLS.S30.T10SGH.2021109T184911.v2.0
[442/3634] [448] all outputs exist; skipping HLS.S30.T10SFH.2021109T184911.v2.0
[443/3634] [449] all outputs exist; skipping HLS.S30.T10SEH.2021109T184911.v2.0
[444/3634] [450] all outputs exist; skipping HLS.S30.T10SDH.2021109T184911.v2.0
[445/3634] [451] all outputs exist; skipping HLS.S30.T11SKB.2021109T184911.v2.0
[446/3634] [452] all outputs exist; skipping HLS.S30.T10SGG.2021109T184911.v2.0
[447/3634] [453] all outputs exist; skipping HLS.S30.T10SFG.2021109T184911.v2.0
[448/3634] [454] all outputs exist; skipping HLS.S30.T10SEG.2021109T184911.v2.0
[449/3634] [420] HLS.S30.T11SMD.2021108T182909.v2.0: SKIP NoDataInBounds (field does not intersect FMASK)
[450/3634] [456] all outputs exist; skipping HLS.L30.T10TDM.2021110T185629.v2.0
[451/3634] [457] all outputs exist; skipping HLS.L30.T10TEM.2021110T185629.v2.0
[452/3634] [458] all outputs exist; skipping HLS.L30.T10TEL.2021110T185653.v2.0
[453/3634] [459] all outputs exist; skipping HLS.L30.T10TCL.2021110T185653.v2.0
[454/3634] [460] all outputs exist; skipping HLS.L30.T10TCM.2021110T185653.v2.0
[455/3634] [461] all outputs exist; skipping HLS.L30.T10TDL.2021110T185653.v2.0
[456/3634] [462] all outputs exist; skipping HLS.L30.T10TDK.2021110T185717.v2.0
[457/3634] [463] all outputs exist; skipping HLS.L30.T10SDJ.2021110T185717.v2.0
[458/3634] [464] all outputs exist; skipping HLS.L30.T10TCK.2021110T185717.v2.0
[459/3634] [465] all outputs exist; skipping HLS.L30.T10SDH.2021110T185741.v2.0
[460/3634] [466] all outputs exist; skipping HLS.S30.T10TDM.2021110T190909.v2.0
[461/3634] [467] all outputs exist; skipping HLS.S30.T10TCM.2021110T190909.v2.0
[462/3634] [468] all outputs exist; skipping HLS.S30.T10TDL.2021110T190909.v2.0
[463/3634] [469] all outputs exist; skipping HLS.S30.T10TCL.2021110T190909.v2.0
[464/3634] [470] all outputs exist; skipping HLS.S30.T10TCK.2021110T190909.v2.0
[465/3634] [421] HLS.S30.T11SLD.2021108T182909.v2.0: SKIP NoDataInBounds (field does not intersect FMASK)
[466/3634] [422] HLS.S30.T11SMC.2021108T182909.v2.0: SKIP NoDataInBounds (field does not intersect FMASK)
[467/3634] [473] all outputs exist; skipping HLS.S30.T10TGM.2021111T183909.v2.0
[468/3634] [474] all outputs exist; skipping HLS.S30.T11TKG.2021111T183909.v2.0
[469/3634] [426] HLS.S30.T11TLG.2021109T184911.v2.0: SKIP NoDataInBounds (field does not intersect FMASK)
[470/3634] [435] HLS.S30.T11TLE.2021109T184911.v2.0: SKIP NoDataInBounds (field does not intersect FMASK)
[471/3634] [477] all outputs exist; skipping HLS.S30.T11TKF.2021111T183909.v2.0
[472/3634] [478] all outputs exist; skipping HLS.S30.T10TGL.2021111T183909.v2.0
[473/3634] [431] HLS.S30.T11TLF.2021109T184911.v2.0: SKIP NoDataInBounds (field does not intersect FMASK)
[474/3634] [455] HLS.S30.T10SDG.2021109T184911.v2.0: SKIP NoDataInBounds (field does not intersect FMASK)
[475/3634] [481] all outputs exist; skipping HLS.S30.T11TKE.2021111T183909.v2.0
[476/3634] [482] all outputs exist; skipping HLS.S30.T10TGK.2021111T183909.v2.0
[477/3634] [471] HLS.S30.T11TMG.2021111T183909.v2.0: SKIP NoDataInBounds (field does not intersect FMASK)
[478/3634] [472] HLS.S30.T11TLG.2021111T183909.v2.0: SKIP NoDataInBounds (field does not intersect FMASK)
[479/3634] [485] all outputs exist; skipping HLS.S30.T11SKD.2021111T183909.v2.0
[480/3634] [486] all outputs exist; skipping HLS.S30.T10SGJ.2021111T183909.v2.0
[481/3634] [475] HLS.S30.T11TMF.2021111T183909.v2.0: SKIP NoDataInBounds (field does not intersect FMASK)
[482/3634] [488] all outputs exist; skipping HLS.S30.T10SFJ.2021111T183909.v2.0
[483/3634] [489] all outputs exist; skipping HLS.S30.T11SLC.2021111T183909.v2.0
[484/3634] [490] all outputs exist; skipping HLS.S30.T11SKC.2021111T183909.v2.0
[485/3634] [491] all outputs exist; skipping HLS.S30.T10SGH.2021111T183909.v2.0
[486/3634] [492] all outputs exist; skipping HLS.S30.T10SFH.2021111T183909.v2.0
[487/3634] [493] all outputs exist; skipping HLS.S30.T11SMB.2021111T183909.v2.0
[488/3634] [494] all outputs exist; skipping HLS.S30.T11SLB.2021111T183909.v2.0
[489/3634] [495] all outputs exist; skipping HLS.S30.T11SKB.2021111T183909.v2.0
[490/3634] [496] all outputs exist; skipping HLS.S30.T10SGG.2021111T183909.v2.0
[491/3634] [497] all outputs exist; skipping HLS.S30.T10SFG.2021111T183909.v2.0
[492/3634] [498] all outputs exist; skipping HLS.L30.T10TGM.2021112T184406.v2.0
[493/3634] [499] all outputs exist; skipping HLS.L30.T11TKG.2021112T184406.v2.0
[494/3634] [500] all outputs exist; skipping HLS.L30.T10TFM.2021112T184430.v2.0
[495/3634] [501] all outputs exist; skipping HLS.L30.T10TEL.2021112T184430.v2.0
[496/3634] [502] all outputs exist; skipping HLS.L30.T10TFL.2021112T184430.v2.0
[497/3634] [503] all outputs exist; skipping HLS.L30.T11TKF.2021112T184430.v2.0
[498/3634] [504] all outputs exist; skipping HLS.L30.T10TGL.2021112T184430.v2.0
[499/3634] [505] all outputs exist; skipping HLS.L30.T10TEM.2021112T184430.v2.0
[500/3634] [506] all outputs exist; skipping HLS.L30.T10SFJ.2021112T184454.v2.0
[501/3634] [507] all outputs exist; skipping HLS.L30.T10SEJ.2021112T184454.v2.0
[502/3634] [508] all outputs exist; skipping HLS.L30.T10SGJ.2021112T184454.v2.0
[503/3634] [509] all outputs exist; skipping HLS.L30.T10TEK.2021112T184454.v2.0
[504/3634] [510] all outputs exist; skipping HLS.L30.T10TGK.2021112T184454.v2.0
[505/3634] [511] all outputs exist; skipping HLS.L30.T11SKD.2021112T184454.v2.0
[506/3634] [512] all outputs exist; skipping HLS.L30.T10TFK.2021112T184454.v2.0
[507/3634] [513] all outputs exist; skipping HLS.L30.T11TKE.2021112T184454.v2.0
[508/3634] [514] all outputs exist; skipping HLS.L30.T10SGH.2021112T184518.v2.0
[509/3634] [515] all outputs exist; skipping HLS.L30.T10SDH.2021112T184518.v2.0
[510/3634] [516] all outputs exist; skipping HLS.L30.T10SEH.2021112T184518.v2.0
[511/3634] [517] all outputs exist; skipping HLS.L30.T10SFH.2021112T184518.v2.0
[512/3634] [518] all outputs exist; skipping HLS.L30.T10TEK.2021112T184518.v2.0
[513/3634] [519] all outputs exist; skipping HLS.L30.T10TFK.2021112T184518.v2.0
[514/3634] [520] all outputs exist; skipping HLS.L30.T10SEJ.2021112T184518.v2.0
[515/3634] [521] all outputs exist; skipping HLS.L30.T10SFJ.2021112T184518.v2.0
[516/3634] [522] all outputs exist; skipping HLS.L30.T10SGJ.2021112T184518.v2.0
[517/3634] [523] all outputs exist; skipping HLS.L30.T11SKD.2021112T184518.v2.0
[518/3634] [524] all outputs exist; skipping HLS.L30.T10SEG.2021112T184542.v2.0
[519/3634] [476] HLS.S30.T11TLF.2021111T183909.v2.0: SKIP NoDataInBounds (field does not intersect FMASK)
[520/3634] [526] all outputs exist; skipping HLS.L30.T10SFG.2021112T184542.v2.0
[521/3634] [527] all outputs exist; skipping HLS.S30.T10TFM.2021112T185911.v2.0
[522/3634] [528] all outputs exist; skipping HLS.S30.T10TEM.2021112T185911.v2.0
[523/3634] [529] all outputs exist; skipping HLS.S30.T10TDM.2021112T185911.v2.0
[524/3634] [530] all outputs exist; skipping HLS.S30.T10TCM.2021112T185911.v2.0
[525/3634] [531] all outputs exist; skipping HLS.S30.T10TFL.2021112T185911.v2.0
[526/3634] [532] all outputs exist; skipping HLS.S30.T10TEL.2021112T185911.v2.0
[527/3634] [533] all outputs exist; skipping HLS.S30.T10TDL.2021112T185911.v2.0
[528/3634] [534] all outputs exist; skipping HLS.S30.T10TFK.2021112T185911.v2.0
[529/3634] [535] all outputs exist; skipping HLS.S30.T10TCL.2021112T185911.v2.0
[530/3634] [536] all outputs exist; skipping HLS.S30.T10TEK.2021112T185911.v2.0
[531/3634] [537] all outputs exist; skipping HLS.S30.T10TDK.2021112T185911.v2.0
[532/3634] [538] all outputs exist; skipping HLS.S30.T10TCK.2021112T185911.v2.0
[533/3634] [539] all outputs exist; skipping HLS.S30.T10SEJ.2021112T185911.v2.0
[534/3634] [540] all outputs exist; skipping HLS.S30.T10SDJ.2021112T185911.v2.0
[535/3634] [541] all outputs exist; skipping HLS.S30.T10SEH.2021112T185911.v2.0
[536/3634] [542] all outputs exist; skipping HLS.S30.T10SDH.2021112T185911.v2.0
[537/3634] [483] HLS.S30.T11SMD.2021111T183909.v2.0: SKIP NoDataInBounds (field does not intersect FMASK)
[538/3634] [480] HLS.S30.T11TLE.2021111T183909.v2.0: SKIP NoDataInBounds (field does not intersect FMASK)
[539/3634] [479] HLS.S30.T11TME.2021111T183909.v2.0: SKIP NoDataInBounds (field does not intersect FMASK)
[540/3634] [484] HLS.S30.T11SLD.2021111T183909.v2.0: SKIP NoDataInBounds (field does not intersect FMASK)
[541/3634] [487] HLS.S30.T11SMC.2021111T183909.v2.0: SKIP NoDataInBounds (field does not intersect FMASK)
[542/3634] [548] all outputs exist; skipping HLS.S30.T11SLC.2021113T182911.v2.0
[543/3634] [549] all outputs exist; skipping HLS.S30.T11SMB.2021113T182911.v2.0
[544/3634] [550] all outputs exist; skipping HLS.S30.T11SLB.2021113T182911.v2.0
[545/3634] [525] HLS.L30.T10SDG.2021112T184542.v2.0: SKIP NoDataInBounds (field does not intersect FMASK)
[546/3634] [543] HLS.S30.T11TMF.2021113T182911.v2.0: SKIP NoDataInBounds (field does not intersect FMASK)
[547/3634] [544] HLS.S30.T11TME.2021113T182911.v2.0: SKIP NoDataInBounds (field does not intersect FMASK)
[548/3634] [546] HLS.S30.T11SLD.2021113T182911.v2.0: SKIP NoDataInBounds (field does not intersect FMASK)
[549/3634] [555] all outputs exist; skipping HLS.L30.T10TGK.2021114T183231.v2.0
[550/3634] [556] all outputs exist; skipping HLS.L30.T11TKE.2021114T183231.v2.0
[551/3634] [547] HLS.S30.T11SMC.2021113T182911.v2.0: SKIP NoDataInBounds (field does not intersect FMASK)
[552/3634] [552] HLS.L30.T11TLG.2021114T183208.v2.0: SKIP NoDataInBounds (field does not intersect FMASK)
[553/3634] [545] HLS.S30.T11SMD.2021113T182911.v2.0: SKIP NoDataInBounds (field does not intersect FMASK)
[554/3634] [551] HLS.L30.T11TMG.2021114T183144.v2.0: SKIP NoDataInBounds (field does not intersect FMASK)
[555/3634] [561] all outputs exist; skipping HLS.L30.T11SKD.2021114T183231.v2.0
[556/3634] [562] all outputs exist; skipping HLS.L30.T10SGJ.2021114T183255.v2.0
[557/3634] [563] all outputs exist; skipping HLS.L30.T10SGH.2021114T183255.v2.0
[558/3634] [564] all outputs exist; skipping HLS.L30.T11SLC.2021114T183255.v2.0
[559/3634] [553] HLS.L30.T11TMF.2021114T183208.v2.0: SKIP NoDataInBounds (field does not intersect FMASK)
[560/3634] [566] all outputs exist; skipping HLS.L30.T11SKC.2021114T183255.v2.0
[561/3634] [567] all outputs exist; skipping HLS.L30.T11SMB.2021114T183319.v2.0
[562/3634] [568] all outputs exist; skipping HLS.L30.T11SLB.2021114T183319.v2.0
[563/3634] [569] all outputs exist; skipping HLS.L30.T10SGG.2021114T183319.v2.0
[564/3634] [570] all outputs exist; skipping HLS.L30.T11SKB.2021114T183319.v2.0
[565/3634] [554] HLS.L30.T11TLF.2021114T183208.v2.0: SKIP NoDataInBounds (field does not intersect FMASK)
[566/3634] [572] all outputs exist; skipping HLS.S30.T10TGM.2021114T184909.v2.0
[567/3634] [573] all outputs exist; skipping HLS.S30.T11TKG.2021114T184909.v2.0
[568/3634] [574] all outputs exist; skipping HLS.S30.T10TFM.2021114T184909.v2.0
[569/3634] [575] all outputs exist; skipping HLS.S30.T10TEM.2021114T184909.v2.0
[570/3634] [557] HLS.L30.T11SLD.2021114T183231.v2.0: SKIP NoDataInBounds (field does not intersect FMASK)
[571/3634] [577] all outputs exist; skipping HLS.S30.T11TKF.2021114T184909.v2.0
[572/3634] [578] all outputs exist; skipping HLS.S30.T10TGL.2021114T184909.v2.0
[573/3634] [579] all outputs exist; skipping HLS.S30.T10TFL.2021114T184909.v2.0
[574/3634] [558] HLS.L30.T11TME.2021114T183231.v2.0: SKIP NoDataInBounds (field does not intersect FMASK)
[575/3634] [581] all outputs exist; skipping HLS.S30.T10TEL.2021114T184909.v2.0
[576/3634] [582] all outputs exist; skipping HLS.S30.T11TKE.2021114T184909.v2.0
[577/3634] [583] all outputs exist; skipping HLS.S30.T10TGK.2021114T184909.v2.0
[578/3634] [584] all outputs exist; skipping HLS.S30.T10TFK.2021114T184909.v2.0
[579/3634] [585] all outputs exist; skipping HLS.S30.T10TEK.2021114T184909.v2.0
[580/3634] [586] all outputs exist; skipping HLS.S30.T11SKD.2021114T184909.v2.0
[581/3634] [587] all outputs exist; skipping HLS.S30.T10SGJ.2021114T184909.v2.0
[582/3634] [588] all outputs exist; skipping HLS.S30.T10SFJ.2021114T184909.v2.0
[583/3634] [589] all outputs exist; skipping HLS.S30.T10SEJ.2021114T184909.v2.0
[584/3634] [590] all outputs exist; skipping HLS.S30.T10SDJ.2021114T184909.v2.0
[585/3634] [591] all outputs exist; skipping HLS.S30.T11SKC.2021114T184909.v2.0
[586/3634] [592] all outputs exist; skipping HLS.S30.T10SGH.2021114T184909.v2.0
[587/3634] [593] all outputs exist; skipping HLS.S30.T10SFH.2021114T184909.v2.0
[588/3634] [594] all outputs exist; skipping HLS.S30.T10SEH.2021114T184909.v2.0
[589/3634] [595] all outputs exist; skipping HLS.S30.T10SDH.2021114T184909.v2.0
[590/3634] [596] all outputs exist; skipping HLS.S30.T11SKB.2021114T184909.v2.0
[591/3634] [597] all outputs exist; skipping HLS.S30.T10SGG.2021114T184909.v2.0
[592/3634] [598] all outputs exist; skipping HLS.S30.T10SFG.2021114T184909.v2.0
[593/3634] [599] all outputs exist; skipping HLS.S30.T10SEG.2021114T184909.v2.0
[594/3634] [559] HLS.L30.T11SMD.2021114T183231.v2.0: SKIP NoDataInBounds (field does not intersect FMASK)
[595/3634] [601] all outputs exist; skipping HLS.S30.T10TDM.2021115T190911.v2.0
[596/3634] [602] all outputs exist; skipping HLS.S30.T10TCM.2021115T190911.v2.0
[597/3634] [603] all outputs exist; skipping HLS.S30.T10TDL.2021115T190911.v2.0
[598/3634] [604] all outputs exist; skipping HLS.S30.T10TCL.2021115T190911.v2.0
[599/3634] [605] all outputs exist; skipping HLS.S30.T10TDK.2021115T190911.v2.0
[600/3634] [606] all outputs exist; skipping HLS.S30.T10TCK.2021115T190911.v2.0
[601/3634] [560] HLS.L30.T11TLE.2021114T183231.v2.0: SKIP NoDataInBounds (field does not intersect FMASK)
[602/3634] [565] HLS.L30.T11SMC.2021114T183255.v2.0: SKIP NoDataInBounds (field does not intersect FMASK)
[603/3634] [609] all outputs exist; skipping HLS.S30.T10TGM.2021116T183921.v2.0
[604/3634] [610] all outputs exist; skipping HLS.S30.T11TKG.2021116T183921.v2.0
[605/3634] [571] HLS.S30.T11TLG.2021114T184909.v2.0: SKIP NoDataInBounds (field does not intersect FMASK)
[606/3634] [576] HLS.S30.T11TLF.2021114T184909.v2.0: SKIP NoDataInBounds (field does not intersect FMASK)
[607/3634] [613] all outputs exist; skipping HLS.S30.T11TKF.2021116T183921.v2.0
[608/3634] [614] all outputs exist; skipping HLS.S30.T10TGL.2021116T183921.v2.0
[609/3634] [580] HLS.S30.T11TLE.2021114T184909.v2.0: SKIP NoDataInBounds (field does not intersect FMASK)
[610/3634] [600] HLS.S30.T10SDG.2021114T184909.v2.0: SKIP NoDataInBounds (field does not intersect FMASK)
[611/3634] [617] all outputs exist; skipping HLS.S30.T11TKE.2021116T183921.v2.0
[612/3634] [618] all outputs exist; skipping HLS.S30.T10TGK.2021116T183921.v2.0
[613/3634] [607] HLS.S30.T11TMG.2021116T183921.v2.0: SKIP NoDataInBounds (field does not intersect FMASK)
[614/3634] [608] HLS.S30.T11TLG.2021116T183921.v2.0: SKIP NoDataInBounds (field does not intersect FMASK)
[615/3634] [621] all outputs exist; skipping HLS.S30.T11SKD.2021116T183921.v2.0
[616/3634] [622] all outputs exist; skipping HLS.S30.T10SGJ.2021116T183921.v2.0
[617/3634] [611] HLS.S30.T11TMF.2021116T183921.v2.0: SKIP NoDataInBounds (field does not intersect FMASK)
[618/3634] [624] all outputs exist; skipping HLS.S30.T10SFJ.2021116T183921.v2.0
[619/3634] [625] all outputs exist; skipping HLS.S30.T11SLC.2021116T183921.v2.0
[620/3634] [626] all outputs exist; skipping HLS.S30.T11SKC.2021116T183921.v2.0
[621/3634] [627] all outputs exist; skipping HLS.S30.T10SGH.2021116T183921.v2.0
[622/3634] [628] all outputs exist; skipping HLS.S30.T10SFH.2021116T183921.v2.0
[623/3634] [629] all outputs exist; skipping HLS.S30.T11SMB.2021116T183921.v2.0
[624/3634] [630] all outputs exist; skipping HLS.S30.T11SLB.2021116T183921.v2.0
[625/3634] [631] all outputs exist; skipping HLS.S30.T11SKB.2021116T183921.v2.0
[626/3634] [632] all outputs exist; skipping HLS.S30.T10SGG.2021116T183921.v2.0
[627/3634] [633] all outputs exist; skipping HLS.S30.T10SFG.2021116T183921.v2.0
[628/3634] [634] all outputs exist; skipping HLS.L30.T10TDM.2021117T190236.v2.0
[629/3634] [635] all outputs exist; skipping HLS.L30.T10TCM.2021117T190236.v2.0
[630/3634] [636] all outputs exist; skipping HLS.L30.T10TCL.2021117T190300.v2.0
[631/3634] [637] all outputs exist; skipping HLS.S30.T10TFM.2021117T185909.v2.0
[632/3634] [638] all outputs exist; skipping HLS.S30.T10TEM.2021117T185909.v2.0
[633/3634] [639] all outputs exist; skipping HLS.S30.T10TDM.2021117T185909.v2.0
[634/3634] [640] all outputs exist; skipping HLS.S30.T10TCM.2021117T185909.v2.0
[635/3634] [641] all outputs exist; skipping HLS.S30.T10TFL.2021117T185909.v2.0
[636/3634] [642] all outputs exist; skipping HLS.S30.T10TEL.2021117T185909.v2.0
[637/3634] [643] all outputs exist; skipping HLS.S30.T10TDL.2021117T185909.v2.0
[638/3634] [644] all outputs exist; skipping HLS.S30.T10TFK.2021117T185909.v2.0
[639/3634] [645] all outputs exist; skipping HLS.S30.T10TCL.2021117T185909.v2.0
[640/3634] [646] all outputs exist; skipping HLS.S30.T10TEK.2021117T185909.v2.0
[641/3634] [647] all outputs exist; skipping HLS.S30.T10TDK.2021117T185909.v2.0
[642/3634] [648] all outputs exist; skipping HLS.S30.T10TCK.2021117T185909.v2.0
[643/3634] [649] all outputs exist; skipping HLS.S30.T10SEJ.2021117T185909.v2.0
[644/3634] [650] all outputs exist; skipping HLS.S30.T10SDJ.2021117T185909.v2.0
[645/3634] [651] all outputs exist; skipping HLS.S30.T10SEH.2021117T185909.v2.0
[646/3634] [652] all outputs exist; skipping HLS.S30.T10SDH.2021117T185909.v2.0
[647/3634] [653] all outputs exist; skipping HLS.S30.T10SEG.2021117T185909.v2.0
[648/3634] [612] HLS.S30.T11TLF.2021116T183921.v2.0: SKIP NoDataInBounds (field does not intersect FMASK)
[649/3634] [616] HLS.S30.T11TLE.2021116T183921.v2.0: SKIP NoDataInBounds (field does not intersect FMASK)
[650/3634] [615] HLS.S30.T11TME.2021116T183921.v2.0: SKIP NoDataInBounds (field does not intersect FMASK)
[651/3634] [619] HLS.S30.T11SMD.2021116T183921.v2.0: SKIP NoDataInBounds (field does not intersect FMASK)
[652/3634] [623] HLS.S30.T11SMC.2021116T183921.v2.0: SKIP NoDataInBounds (field does not intersect FMASK)
[653/3634] [620] HLS.S30.T11SLD.2021116T183921.v2.0: SKIP NoDataInBounds (field does not intersect FMASK)
[654/3634] [660] all outputs exist; skipping HLS.S30.T11SLC.2021118T182909.v2.0
[655/3634] [661] all outputs exist; skipping HLS.S30.T11SMB.2021118T182909.v2.0
[656/3634] [662] all outputs exist; skipping HLS.S30.T11SLB.2021118T182909.v2.0
[657/3634] [663] all outputs exist; skipping HLS.L30.T10TFM.2021119T185013.v2.0
[658/3634] [664] all outputs exist; skipping HLS.L30.T10TEM.2021119T185013.v2.0
[659/3634] [665] all outputs exist; skipping HLS.L30.T10TDL.2021119T185037.v2.0
[660/3634] [666] all outputs exist; skipping HLS.L30.T10TFL.2021119T185037.v2.0
[661/3634] [667] all outputs exist; skipping HLS.L30.T10TEL.2021119T185037.v2.0
[662/3634] [668] all outputs exist; skipping HLS.L30.T10TDM.2021119T185037.v2.0
[663/3634] [669] all outputs exist; skipping HLS.L30.T10TFK.2021119T185101.v2.0
[664/3634] [670] all outputs exist; skipping HLS.L30.T10TCK.2021119T185101.v2.0
[665/3634] [671] all outputs exist; skipping HLS.L30.T10SDJ.2021119T185101.v2.0
[666/3634] [672] all outputs exist; skipping HLS.L30.T10SEJ.2021119T185101.v2.0
[667/3634] [673] all outputs exist; skipping HLS.L30.T10TDK.2021119T185101.v2.0
[668/3634] [674] all outputs exist; skipping HLS.L30.T10TEK.2021119T185101.v2.0
[669/3634] [675] all outputs exist; skipping HLS.L30.T10SEH.2021119T185125.v2.0
[670/3634] [676] all outputs exist; skipping HLS.L30.T10SDH.2021119T185125.v2.0
[671/3634] [655] HLS.S30.T11TMF.2021118T182909.v2.0: SKIP NoDataInBounds (field does not intersect FMASK)
[672/3634] [678] all outputs exist; skipping HLS.L30.T10SEG.2021119T185149.v2.0
[673/3634] [656] HLS.S30.T11TME.2021118T182909.v2.0: SKIP NoDataInBounds (field does not intersect FMASK)
[674/3634] [680] all outputs exist; skipping HLS.S30.T10TGM.2021119T184921.v2.0
[675/3634] [681] all outputs exist; skipping HLS.S30.T11TKG.2021119T184921.v2.0
[676/3634] [682] all outputs exist; skipping HLS.S30.T10TFM.2021119T184921.v2.0
[677/3634] [683] all outputs exist; skipping HLS.S30.T10TEM.2021119T184921.v2.0
[678/3634] [657] HLS.S30.T11SMD.2021118T182909.v2.0: SKIP NoDataInBounds (field does not intersect FMASK)
[679/3634] [685] all outputs exist; skipping HLS.S30.T11TKF.2021119T184921.v2.0
[680/3634] [686] all outputs exist; skipping HLS.S30.T10TGL.2021119T184921.v2.0
[681/3634] [687] all outputs exist; skipping HLS.S30.T10TFL.2021119T184921.v2.0
[682/3634] [658] HLS.S30.T11SLD.2021118T182909.v2.0: SKIP NoDataInBounds (field does not intersect FMASK)
[683/3634] [689] all outputs exist; skipping HLS.S30.T10TEL.2021119T184921.v2.0
[684/3634] [690] all outputs exist; skipping HLS.S30.T11TKE.2021119T184921.v2.0
[685/3634] [691] all outputs exist; skipping HLS.S30.T10TGK.2021119T184921.v2.0
[686/3634] [692] all outputs exist; skipping HLS.S30.T10TFK.2021119T184921.v2.0
[687/3634] [693] all outputs exist; skipping HLS.S30.T10TEK.2021119T184921.v2.0
[688/3634] [694] all outputs exist; skipping HLS.S30.T11SKD.2021119T184921.v2.0
[689/3634] [695] all outputs exist; skipping HLS.S30.T10SGJ.2021119T184921.v2.0
[690/3634] [696] all outputs exist; skipping HLS.S30.T10SFJ.2021119T184921.v2.0
[691/3634] [697] all outputs exist; skipping HLS.S30.T10SEJ.2021119T184921.v2.0
[692/3634] [698] all outputs exist; skipping HLS.S30.T10SDJ.2021119T184921.v2.0
[693/3634] [699] all outputs exist; skipping HLS.S30.T11SKC.2021119T184921.v2.0
[694/3634] [700] all outputs exist; skipping HLS.S30.T10SGH.2021119T184921.v2.0
[695/3634] [701] all outputs exist; skipping HLS.S30.T10SFH.2021119T184921.v2.0
[696/3634] [702] all outputs exist; skipping HLS.S30.T10SEH.2021119T184921.v2.0
[697/3634] [703] all outputs exist; skipping HLS.S30.T10SDH.2021119T184921.v2.0
[698/3634] [704] all outputs exist; skipping HLS.S30.T11SKB.2021119T184921.v2.0
[699/3634] [705] all outputs exist; skipping HLS.S30.T10SGG.2021119T184921.v2.0
[700/3634] [706] all outputs exist; skipping HLS.S30.T10SFG.2021119T184921.v2.0
[701/3634] [707] all outputs exist; skipping HLS.S30.T10SEG.2021119T184921.v2.0
[702/3634] [659] HLS.S30.T11SMC.2021118T182909.v2.0: SKIP NoDataInBounds (field does not intersect FMASK)
[703/3634] [709] all outputs exist; skipping HLS.S30.T10TDM.2021120T190909.v2.0
[704/3634] [710] all outputs exist; skipping HLS.S30.T10TCM.2021120T190909.v2.0
[705/3634] [711] all outputs exist; skipping HLS.S30.T10TDL.2021120T190909.v2.0
[706/3634] [712] all outputs exist; skipping HLS.S30.T10TCL.2021120T190909.v2.0
[707/3634] [654] HLS.S30.T10SDG.2021117T185909.v2.0: SKIP NoDataInBounds (field does not intersect FMASK)
[708/3634] [677] HLS.L30.T10SDG.2021119T185149.v2.0: SKIP NoDataInBounds (field does not intersect FMASK)
[709/3634] [715] all outputs exist; skipping HLS.L30.T11TKF.2021121T183814.v2.0
[710/3634] [716] all outputs exist; skipping HLS.L30.T10TFL.2021121T183814.v2.0
[711/3634] [717] all outputs exist; skipping HLS.L30.T11TKG.2021121T183814.v2.0
[712/3634] [718] all outputs exist; skipping HLS.L30.T10TGL.2021121T183814.v2.0
[713/3634] [679] HLS.S30.T11TLG.2021119T184921.v2.0: SKIP NoDataInBounds (field does not intersect FMASK)
[714/3634] [720] all outputs exist; skipping HLS.L30.T10TGM.2021121T183814.v2.0
[715/3634] [688] HLS.S30.T11TLE.2021119T184921.v2.0: SKIP NoDataInBounds (field does not intersect FMASK)
[716/3634] [722] all outputs exist; skipping HLS.L30.T11SKD.2021121T183838.v2.0
[717/3634] [723] all outputs exist; skipping HLS.L30.T11TKE.2021121T183838.v2.0
[718/3634] [684] HLS.S30.T11TLF.2021119T184921.v2.0: SKIP NoDataInBounds (field does not intersect FMASK)
[719/3634] [725] all outputs exist; skipping HLS.L30.T10SFJ.2021121T183838.v2.0
[720/3634] [726] all outputs exist; skipping HLS.L30.T10TGK.2021121T183838.v2.0
[721/3634] [727] all outputs exist; skipping HLS.L30.T10SGJ.2021121T183838.v2.0
[722/3634] [728] all outputs exist; skipping HLS.L30.T10TFK.2021121T183838.v2.0
[723/3634] [729] all outputs exist; skipping HLS.L30.T11SLC.2021121T183902.v2.0
[724/3634] [730] all outputs exist; skipping HLS.L30.T10SFH.2021121T183902.v2.0
[725/3634] [731] all outputs exist; skipping HLS.L30.T10SGH.2021121T183902.v2.0
[726/3634] [732] all outputs exist; skipping HLS.L30.T11SKC.2021121T183902.v2.0
[727/3634] [733] all outputs exist; skipping HLS.L30.T11SKB.2021121T183926.v2.0
[728/3634] [734] all outputs exist; skipping HLS.L30.T10SFG.2021121T183926.v2.0
[729/3634] [735] all outputs exist; skipping HLS.L30.T10SGG.2021121T183926.v2.0
[730/3634] [708] HLS.S30.T10SDG.2021119T184921.v2.0: SKIP NoDataInBounds (field does not intersect FMASK)
[731/3634] [337] HLS.L30.T11TMG.2021105T183759.v2.0: SKIP NoDataInBounds (field does not intersect FMASK)
[732/3634] [738] all outputs exist; skipping HLS.S30.T10TGM.2021121T183919.v2.0
[733/3634] [739] all outputs exist; skipping HLS.S30.T11TKG.2021121T183919.v2.0
[734/3634] [713] HLS.L30.T11TMG.2021121T183750.v2.0: SKIP NoDataInBounds (field does not intersect FMASK)
[735/3634] [714] HLS.L30.T11TLG.2021121T183750.v2.0: SKIP NoDataInBounds (field does not intersect FMASK)
[736/3634] [742] all outputs exist; skipping HLS.S30.T11TKF.2021121T183919.v2.0
[737/3634] [743] all outputs exist; skipping HLS.S30.T10TGL.2021121T183919.v2.0
[738/3634] [719] HLS.L30.T11TLF.2021121T183814.v2.0: SKIP NoDataInBounds (field does not intersect FMASK)
[739/3634] [721] HLS.L30.T11SLD.2021121T183838.v2.0: SKIP NoDataInBounds (field does not intersect FMASK)
[740/3634] [746] all outputs exist; skipping HLS.S30.T11TKE.2021121T183919.v2.0
[741/3634] [747] all outputs exist; skipping HLS.S30.T10TGK.2021121T183919.v2.0
[742/3634] [724] HLS.L30.T11TLE.2021121T183838.v2.0: SKIP NoDataInBounds (field does not intersect FMASK)
[743/3634] [736] HLS.S30.T11TMG.2021121T183919.v2.0: SKIP NoDataInBounds (field does not intersect FMASK)
[744/3634] [750] all outputs exist; skipping HLS.S30.T11SKD.2021121T183919.v2.0
[745/3634] [751] all outputs exist; skipping HLS.S30.T10SGJ.2021121T183919.v2.0
[746/3634] [737] HLS.S30.T11TLG.2021121T183919.v2.0: SKIP NoDataInBounds (field does not intersect FMASK)
[747/3634] [753] all outputs exist; skipping HLS.S30.T10SFJ.2021121T183919.v2.0
[748/3634] [754] all outputs exist; skipping HLS.S30.T11SLC.2021121T183919.v2.0
[749/3634] [755] all outputs exist; skipping HLS.S30.T11SKC.2021121T183919.v2.0
[750/3634] [756] all outputs exist; skipping HLS.S30.T10SGH.2021121T183919.v2.0
[751/3634] [757] all outputs exist; skipping HLS.S30.T10SFH.2021121T183919.v2.0
[752/3634] [758] all outputs exist; skipping HLS.S30.T11SMB.2021121T183919.v2.0
[753/3634] [759] all outputs exist; skipping HLS.S30.T11SLB.2021121T183919.v2.0
[754/3634] [760] all outputs exist; skipping HLS.S30.T11SKB.2021121T183919.v2.0
[755/3634] [761] all outputs exist; skipping HLS.S30.T10SGG.2021121T183919.v2.0
[756/3634] [762] all outputs exist; skipping HLS.S30.T10SFG.2021121T183919.v2.0
[757/3634] [763] all outputs exist; skipping HLS.S30.T10TFM.2021122T185911.v2.0
[758/3634] [764] all outputs exist; skipping HLS.S30.T10TEM.2021122T185911.v2.0
[759/3634] [765] all outputs exist; skipping HLS.S30.T10TDM.2021122T185911.v2.0
[760/3634] [766] all outputs exist; skipping HLS.S30.T10TCM.2021122T185911.v2.0
[761/3634] [767] all outputs exist; skipping HLS.S30.T10TFL.2021122T185911.v2.0
[762/3634] [768] all outputs exist; skipping HLS.S30.T10TEL.2021122T185911.v2.0
[763/3634] [769] all outputs exist; skipping HLS.S30.T10TDL.2021122T185911.v2.0
[764/3634] [770] all outputs exist; skipping HLS.S30.T10TFK.2021122T185911.v2.0
[765/3634] [771] all outputs exist; skipping HLS.S30.T10TCL.2021122T185911.v2.0
[766/3634] [772] all outputs exist; skipping HLS.S30.T10TEK.2021122T185911.v2.0
[767/3634] [773] all outputs exist; skipping HLS.S30.T10TDK.2021122T185911.v2.0
[768/3634] [774] all outputs exist; skipping HLS.S30.T10TCK.2021122T185911.v2.0
[769/3634] [775] all outputs exist; skipping HLS.S30.T10SEJ.2021122T185911.v2.0
[770/3634] [776] all outputs exist; skipping HLS.S30.T10SDJ.2021122T185911.v2.0
[771/3634] [777] all outputs exist; skipping HLS.S30.T10SEH.2021122T185911.v2.0
[772/3634] [778] all outputs exist; skipping HLS.S30.T10SDH.2021122T185911.v2.0
[773/3634] [779] all outputs exist; skipping HLS.S30.T10SEG.2021122T185911.v2.0
[774/3634] [740] HLS.S30.T11TMF.2021121T183919.v2.0: SKIP NoDataInBounds (field does not intersect FMASK)
[775/3634] [741] HLS.S30.T11TLF.2021121T183919.v2.0: SKIP NoDataInBounds (field does not intersect FMASK)
[776/3634] [744] HLS.S30.T11TME.2021121T183919.v2.0: SKIP NoDataInBounds (field does not intersect FMASK)
[777/3634] [745] HLS.S30.T11TLE.2021121T183919.v2.0: SKIP NoDataInBounds (field does not intersect FMASK)
[778/3634] [748] HLS.S30.T11SMD.2021121T183919.v2.0: SKIP NoDataInBounds (field does not intersect FMASK)
[779/3634] [785] all outputs exist; skipping HLS.L30.T11SLC.2021123T182639.v2.0
[780/3634] [752] HLS.S30.T11SMC.2021121T183919.v2.0: SKIP NoDataInBounds (field does not intersect FMASK)
[781/3634] [787] all outputs exist; skipping HLS.L30.T11SLB.2021123T182703.v2.0
[782/3634] [788] all outputs exist; skipping HLS.L30.T11SMB.2021123T182703.v2.0
[783/3634] [780] HLS.S30.T10SDG.2021122T185911.v2.0: SKIP NoDataInBounds (field does not intersect FMASK)
[784/3634] [749] HLS.S30.T11SLD.2021121T183919.v2.0: SKIP NoDataInBounds (field does not intersect FMASK)
[785/3634] [781] HLS.L30.T11TMF.2021123T182551.v2.0: SKIP NoDataInBounds (field does not intersect FMASK)
[786/3634] [783] HLS.L30.T11TME.2021123T182615.v2.0: SKIP NoDataInBounds (field does not intersect FMASK)
[787/3634] [786] HLS.L30.T11SMC.2021123T182639.v2.0: SKIP NoDataInBounds (field does not intersect FMASK)
[788/3634] [794] all outputs exist; skipping HLS.S30.T11SLC.2021123T182921.v2.0
[789/3634] [795] all outputs exist; skipping HLS.S30.T11SMB.2021123T182921.v2.0
[790/3634] [796] all outputs exist; skipping HLS.S30.T11SLB.2021123T182921.v2.0
[791/3634] [784] HLS.L30.T11SLD.2021123T182639.v2.0: SKIP NoDataInBounds (field does not intersect FMASK)
[792/3634] [798] all outputs exist; skipping HLS.S30.T10TGM.2021124T184919.v2.0
[793/3634] [799] all outputs exist; skipping HLS.S30.T11TKG.2021124T184919.v2.0
[794/3634] [800] all outputs exist; skipping HLS.S30.T10TFM.2021124T184919.v2.0
[795/3634] [801] all outputs exist; skipping HLS.S30.T10TEM.2021124T184919.v2.0
[796/3634] [790] HLS.S30.T11TME.2021123T182921.v2.0: SKIP NoDataInBounds (field does not intersect FMASK)
[797/3634] [803] all outputs exist; skipping HLS.S30.T11TKF.2021124T184919.v2.0
[798/3634] [804] all outputs exist; skipping HLS.S30.T10TGL.2021124T184919.v2.0
[799/3634] [805] all outputs exist; skipping HLS.S30.T10TFL.2021124T184919.v2.0
[800/3634] [791] HLS.S30.T11SMD.2021123T182921.v2.0: SKIP NoDataInBounds (field does not intersect FMASK)
[801/3634] [807] all outputs exist; skipping HLS.S30.T10TEL.2021124T184919.v2.0
[802/3634] [808] all outputs exist; skipping HLS.S30.T11TKE.2021124T184919.v2.0
[803/3634] [809] all outputs exist; skipping HLS.S30.T10TGK.2021124T184919.v2.0
[804/3634] [810] all outputs exist; skipping HLS.S30.T10TFK.2021124T184919.v2.0
[805/3634] [811] all outputs exist; skipping HLS.S30.T10TEK.2021124T184919.v2.0
[806/3634] [812] all outputs exist; skipping HLS.S30.T11SKD.2021124T184919.v2.0
[807/3634] [813] all outputs exist; skipping HLS.S30.T10SGJ.2021124T184919.v2.0
[808/3634] [814] all outputs exist; skipping HLS.S30.T10SFJ.2021124T184919.v2.0
[809/3634] [815] all outputs exist; skipping HLS.S30.T10SEJ.2021124T184919.v2.0
[810/3634] [816] all outputs exist; skipping HLS.S30.T10SDJ.2021124T184919.v2.0
[811/3634] [782] HLS.L30.T11SMD.2021123T182615.v2.0: SKIP NoDataInBounds (field does not intersect FMASK)
[812/3634] [817] all outputs exist; skipping HLS.S30.T11SKC.2021124T184919.v2.0
[813/3634] [818] all outputs exist; skipping HLS.S30.T10SGH.2021124T184919.v2.0
[814/3634] [819] all outputs exist; skipping HLS.S30.T10SFH.2021124T184919.v2.0
[815/3634] [820] all outputs exist; skipping HLS.S30.T10SEH.2021124T184919.v2.0
[816/3634] [821] all outputs exist; skipping HLS.S30.T10SDH.2021124T184919.v2.0
[817/3634] [822] all outputs exist; skipping HLS.S30.T11SKB.2021124T184919.v2.0
[818/3634] [823] all outputs exist; skipping HLS.S30.T10SGG.2021124T184919.v2.0
[819/3634] [825] all outputs exist; skipping HLS.S30.T10SEG.2021124T184919.v2.0
[820/3634] [824] all outputs exist; skipping HLS.S30.T10SFG.2021124T184919.v2.0
[821/3634] [827] all outputs exist; skipping HLS.S30.T10TCM.2021125T190911.v2.0
[822/3634] [828] all outputs exist; skipping HLS.S30.T10TDM.2021125T190911.v2.0
[823/3634] [829] all outputs exist; skipping HLS.S30.T10TDL.2021125T190911.v2.0
[824/3634] [830] all outputs exist; skipping HLS.S30.T10TCL.2021125T190911.v2.0
[825/3634] [831] all outputs exist; skipping HLS.S30.T10TDK.2021125T190911.v2.0
[826/3634] [832] all outputs exist; skipping HLS.S30.T10TCK.2021125T190911.v2.0
[827/3634] [789] HLS.S30.T11TMF.2021123T182921.v2.0: SKIP NoDataInBounds (field does not intersect FMASK)
[828/3634] [792] HLS.S30.T11SLD.2021123T182921.v2.0: SKIP NoDataInBounds (field does not intersect FMASK)
[829/3634] [835] all outputs exist; skipping HLS.S30.T10TGM.2021126T183921.v2.0
[830/3634] [836] all outputs exist; skipping HLS.S30.T11TKG.2021126T183921.v2.0
[831/3634] [793] HLS.S30.T11SMC.2021123T182921.v2.0: SKIP NoDataInBounds (field does not intersect FMASK)
[832/3634] [802] HLS.S30.T11TLF.2021124T184919.v2.0: SKIP NoDataInBounds (field does not intersect FMASK)
[833/3634] [839] all outputs exist; skipping HLS.S30.T11TKF.2021126T183921.v2.0
[834/3634] [840] all outputs exist; skipping HLS.S30.T10TGL.2021126T183921.v2.0
[835/3634] [797] HLS.S30.T11TLG.2021124T184919.v2.0: SKIP NoDataInBounds (field does not intersect FMASK)
[836/3634] [826] HLS.S30.T10SDG.2021124T184919.v2.0: SKIP NoDataInBounds (field does not intersect FMASK)
[837/3634] [843] all outputs exist; skipping HLS.S30.T11TKE.2021126T183921.v2.0
[838/3634] [844] all outputs exist; skipping HLS.S30.T10TGK.2021126T183921.v2.0
[839/3634] [833] HLS.S30.T11TMG.2021126T183921.v2.0: SKIP NoDataInBounds (field does not intersect FMASK)
[840/3634] [806] HLS.S30.T11TLE.2021124T184919.v2.0: SKIP NoDataInBounds (field does not intersect FMASK)
[841/3634] [847] all outputs exist; skipping HLS.S30.T11SKD.2021126T183921.v2.0
[842/3634] [848] all outputs exist; skipping HLS.S30.T10SGJ.2021126T183921.v2.0
[843/3634] [834] HLS.S30.T11TLG.2021126T183921.v2.0: SKIP NoDataInBounds (field does not intersect FMASK)
[844/3634] [850] all outputs exist; skipping HLS.S30.T10SFJ.2021126T183921.v2.0
[845/3634] [851] all outputs exist; skipping HLS.S30.T11SLC.2021126T183921.v2.0
[846/3634] [852] all outputs exist; skipping HLS.S30.T11SKC.2021126T183921.v2.0
[847/3634] [853] all outputs exist; skipping HLS.S30.T10SGH.2021126T183921.v2.0
[848/3634] [854] all outputs exist; skipping HLS.S30.T10SFH.2021126T183921.v2.0
[849/3634] [855] all outputs exist; skipping HLS.S30.T11SMB.2021126T183921.v2.0
[850/3634] [856] all outputs exist; skipping HLS.S30.T11SLB.2021126T183921.v2.0
[851/3634] [857] all outputs exist; skipping HLS.S30.T11SKB.2021126T183921.v2.0
[852/3634] [858] all outputs exist; skipping HLS.S30.T10SGG.2021126T183921.v2.0
[853/3634] [859] all outputs exist; skipping HLS.S30.T10SFG.2021126T183921.v2.0
[854/3634] [860] all outputs exist; skipping HLS.L30.T10TDM.2021126T185619.v2.0
[855/3634] [861] all outputs exist; skipping HLS.L30.T10TEM.2021126T185619.v2.0
[856/3634] [862] all outputs exist; skipping HLS.L30.T10TEL.2021126T185643.v2.0
[857/3634] [863] all outputs exist; skipping HLS.L30.T10TCM.2021126T185643.v2.0
[858/3634] [864] all outputs exist; skipping HLS.L30.T10TCL.2021126T185643.v2.0
[859/3634] [865] all outputs exist; skipping HLS.L30.T10TDL.2021126T185643.v2.0
[860/3634] [866] all outputs exist; skipping HLS.L30.T10TDK.2021126T185707.v2.0
[861/3634] [867] all outputs exist; skipping HLS.L30.T10SDJ.2021126T185707.v2.0
[862/3634] [868] all outputs exist; skipping HLS.L30.T10TCK.2021126T185707.v2.0
[863/3634] [869] all outputs exist; skipping HLS.L30.T10SDH.2021126T185731.v2.0
[864/3634] [870] all outputs exist; skipping HLS.S30.T10TFM.2021127T185919.v2.0
[865/3634] [871] all outputs exist; skipping HLS.S30.T10TEM.2021127T185919.v2.0
[866/3634] [872] all outputs exist; skipping HLS.S30.T10TDM.2021127T185919.v2.0
[867/3634] [873] all outputs exist; skipping HLS.S30.T10TCM.2021127T185919.v2.0
[868/3634] [874] all outputs exist; skipping HLS.S30.T10TFL.2021127T185919.v2.0
[869/3634] [875] all outputs exist; skipping HLS.S30.T10TEL.2021127T185919.v2.0
[870/3634] [876] all outputs exist; skipping HLS.S30.T10TDL.2021127T185919.v2.0
[871/3634] [877] all outputs exist; skipping HLS.S30.T10TFK.2021127T185919.v2.0
[872/3634] [878] all outputs exist; skipping HLS.S30.T10TCL.2021127T185919.v2.0
[873/3634] [879] all outputs exist; skipping HLS.S30.T10TEK.2021127T185919.v2.0
[874/3634] [880] all outputs exist; skipping HLS.S30.T10TDK.2021127T185919.v2.0
[875/3634] [881] all outputs exist; skipping HLS.S30.T10TCK.2021127T185919.v2.0
[876/3634] [882] all outputs exist; skipping HLS.S30.T10SEJ.2021127T185919.v2.0
[877/3634] [883] all outputs exist; skipping HLS.S30.T10SDJ.2021127T185919.v2.0
[878/3634] [884] all outputs exist; skipping HLS.S30.T10SEH.2021127T185919.v2.0
[879/3634] [885] all outputs exist; skipping HLS.S30.T10SDH.2021127T185919.v2.0
[880/3634] [886] all outputs exist; skipping HLS.S30.T10SEG.2021127T185919.v2.0
[881/3634] [837] HLS.S30.T11TMF.2021126T183921.v2.0: SKIP NoDataInBounds (field does not intersect FMASK)
[882/3634] [838] HLS.S30.T11TLF.2021126T183921.v2.0: SKIP NoDataInBounds (field does not intersect FMASK)
[883/3634] [842] HLS.S30.T11TLE.2021126T183921.v2.0: SKIP NoDataInBounds (field does not intersect FMASK)
[884/3634] [841] HLS.S30.T11TME.2021126T183921.v2.0: SKIP NoDataInBounds (field does not intersect FMASK)
[885/3634] [846] HLS.S30.T11SLD.2021126T183921.v2.0: SKIP NoDataInBounds (field does not intersect FMASK)
[886/3634] [849] HLS.S30.T11SMC.2021126T183921.v2.0: SKIP NoDataInBounds (field does not intersect FMASK)
[887/3634] [893] all outputs exist; skipping HLS.S30.T11SLC.2021128T182919.v2.0
[888/3634] [894] all outputs exist; skipping HLS.S30.T11SMB.2021128T182919.v2.0
[889/3634] [895] all outputs exist; skipping HLS.L30.T11TKG.2021128T184359.v2.0
[890/3634] [896] all outputs exist; skipping HLS.L30.T10TGM.2021128T184359.v2.0
[891/3634] [897] all outputs exist; skipping HLS.S30.T11SLB.2021128T182919.v2.0
[892/3634] [898] all outputs exist; skipping HLS.L30.T11TKF.2021128T184423.v2.0
[893/3634] [845] HLS.S30.T11SMD.2021126T183921.v2.0: SKIP NoDataInBounds (field does not intersect FMASK)
[894/3634] [899] all outputs exist; skipping HLS.L30.T10TGL.2021128T184423.v2.0
[895/3634] [900] all outputs exist; skipping HLS.L30.T10TFM.2021128T184423.v2.0
[896/3634] [901] all outputs exist; skipping HLS.L30.T10TFL.2021128T184423.v2.0
[897/3634] [902] all outputs exist; skipping HLS.L30.T10TEL.2021128T184423.v2.0
[898/3634] [903] all outputs exist; skipping HLS.L30.T10TEM.2021128T184423.v2.0
[899/3634] [904] all outputs exist; skipping HLS.L30.T11TKE.2021128T184447.v2.0
[900/3634] [905] all outputs exist; skipping HLS.L30.T10TGK.2021128T184447.v2.0
[901/3634] [906] all outputs exist; skipping HLS.L30.T11SKD.2021128T184447.v2.0
[902/3634] [907] all outputs exist; skipping HLS.L30.T10SEJ.2021128T184447.v2.0
[903/3634] [908] all outputs exist; skipping HLS.L30.T10TEK.2021128T184447.v2.0
[904/3634] [909] all outputs exist; skipping HLS.L30.T10SGJ.2021128T184447.v2.0
[905/3634] [910] all outputs exist; skipping HLS.L30.T10TFK.2021128T184447.v2.0
[906/3634] [912] all outputs exist; skipping HLS.L30.T10SGH.2021128T184511.v2.0
[907/3634] [911] all outputs exist; skipping HLS.L30.T10SFJ.2021128T184447.v2.0
[908/3634] [913] all outputs exist; skipping HLS.L30.T10SDH.2021128T184511.v2.0
[909/3634] [914] all outputs exist; skipping HLS.L30.T10SFH.2021128T184511.v2.0
[910/3634] [915] all outputs exist; skipping HLS.L30.T10SEH.2021128T184511.v2.0
[911/3634] [916] all outputs exist; skipping HLS.L30.T10SFG.2021128T184535.v2.0
[912/3634] [918] all outputs exist; skipping HLS.L30.T10SEG.2021128T184535.v2.0
[913/3634] [887] HLS.S30.T10SDG.2021127T185919.v2.0: SKIP NoDataInBounds (field does not intersect FMASK)
[914/3634] [920] all outputs exist; skipping HLS.S30.T10TGM.2021129T184921.v2.0
[915/3634] [921] all outputs exist; skipping HLS.S30.T11TKG.2021129T184921.v2.0
[916/3634] [922] all outputs exist; skipping HLS.S30.T10TFM.2021129T184921.v2.0
[917/3634] [923] all outputs exist; skipping HLS.S30.T10TEM.2021129T184921.v2.0
[918/3634] [888] HLS.S30.T11TMF.2021128T182919.v2.0: SKIP NoDataInBounds (field does not intersect FMASK)
[919/3634] [925] all outputs exist; skipping HLS.S30.T11TKF.2021129T184921.v2.0
[920/3634] [926] all outputs exist; skipping HLS.S30.T10TGL.2021129T184921.v2.0
[921/3634] [927] all outputs exist; skipping HLS.S30.T10TFL.2021129T184921.v2.0
[922/3634] [889] HLS.S30.T11TME.2021128T182919.v2.0: SKIP NoDataInBounds (field does not intersect FMASK)
[923/3634] [929] all outputs exist; skipping HLS.S30.T10TEL.2021129T184921.v2.0
[924/3634] [930] all outputs exist; skipping HLS.S30.T11TKE.2021129T184921.v2.0
[925/3634] [931] all outputs exist; skipping HLS.S30.T10TGK.2021129T184921.v2.0
[926/3634] [932] all outputs exist; skipping HLS.S30.T10TFK.2021129T184921.v2.0
[927/3634] [933] all outputs exist; skipping HLS.S30.T10TEK.2021129T184921.v2.0
[928/3634] [934] all outputs exist; skipping HLS.S30.T11SKD.2021129T184921.v2.0
[929/3634] [890] HLS.S30.T11SMD.2021128T182919.v2.0: SKIP NoDataInBounds (field does not intersect FMASK)
[930/3634] [935] all outputs exist; skipping HLS.S30.T10SGJ.2021129T184921.v2.0
[931/3634] [937] all outputs exist; skipping HLS.S30.T10SEJ.2021129T184921.v2.0
[932/3634] [936] all outputs exist; skipping HLS.S30.T10SFJ.2021129T184921.v2.0
[933/3634] [938] all outputs exist; skipping HLS.S30.T10SDJ.2021129T184921.v2.0
[934/3634] [939] all outputs exist; skipping HLS.S30.T11SKC.2021129T184921.v2.0
[935/3634] [940] all outputs exist; skipping HLS.S30.T10SGH.2021129T184921.v2.0
[936/3634] [941] all outputs exist; skipping HLS.S30.T10SFH.2021129T184921.v2.0
[937/3634] [942] all outputs exist; skipping HLS.S30.T10SEH.2021129T184921.v2.0
[938/3634] [943] all outputs exist; skipping HLS.S30.T10SDH.2021129T184921.v2.0
[939/3634] [944] all outputs exist; skipping HLS.S30.T11SKB.2021129T184921.v2.0
[940/3634] [945] all outputs exist; skipping HLS.S30.T10SGG.2021129T184921.v2.0
[941/3634] [946] all outputs exist; skipping HLS.S30.T10SFG.2021129T184921.v2.0
[942/3634] [947] all outputs exist; skipping HLS.S30.T10SEG.2021129T184921.v2.0
[943/3634] [891] HLS.S30.T11SLD.2021128T182919.v2.0: SKIP NoDataInBounds (field does not intersect FMASK)
[944/3634] [919] HLS.S30.T11TLG.2021129T184921.v2.0: SKIP NoDataInBounds (field does not intersect FMASK)
[945/3634] [917] HLS.L30.T10SDG.2021128T184535.v2.0: SKIP NoDataInBounds (field does not intersect FMASK)
[946/3634] [924] HLS.S30.T11TLF.2021129T184921.v2.0: SKIP NoDataInBounds (field does not intersect FMASK)
[947/3634] [953] all outputs exist; skipping HLS.L30.T11TKE.2021130T183227.v2.0
[948/3634] [954] all outputs exist; skipping HLS.L30.T11SKD.2021130T183227.v2.0
[949/3634] [948] HLS.S30.T10SDG.2021129T184921.v2.0: SKIP NoDataInBounds (field does not intersect FMASK)
[950/3634] [956] all outputs exist; skipping HLS.L30.T10TGK.2021130T183227.v2.0
[951/3634] [928] HLS.S30.T11TLE.2021129T184921.v2.0: SKIP NoDataInBounds (field does not intersect FMASK)
[952/3634] [949] HLS.L30.T11TMG.2021130T183139.v2.0: SKIP NoDataInBounds (field does not intersect FMASK)
[953/3634] [950] HLS.L30.T11TMF.2021130T183203.v2.0: SKIP NoDataInBounds (field does not intersect FMASK)
[954/3634] [960] all outputs exist; skipping HLS.L30.T10SGJ.2021130T183251.v2.0
[955/3634] [952] HLS.L30.T11TLG.2021130T183203.v2.0: SKIP NoDataInBounds (field does not intersect FMASK)
[956/3634] [962] all outputs exist; skipping HLS.L30.T11SLC.2021130T183251.v2.0
[957/3634] [963] all outputs exist; skipping HLS.L30.T11SKC.2021130T183251.v2.0
[958/3634] [964] all outputs exist; skipping HLS.L30.T10SGH.2021130T183251.v2.0
[959/3634] [965] all outputs exist; skipping HLS.L30.T10SGG.2021130T183315.v2.0
[960/3634] [966] all outputs exist; skipping HLS.L30.T11SLB.2021130T183315.v2.0
[961/3634] [967] all outputs exist; skipping HLS.L30.T11SMB.2021130T183315.v2.0
[962/3634] [968] all outputs exist; skipping HLS.L30.T11SKB.2021130T183315.v2.0
[963/3634] [969] all outputs exist; skipping HLS.S30.T10TDM.2021130T190909.v2.0
[964/3634] [970] all outputs exist; skipping HLS.S30.T10TCM.2021130T190909.v2.0
[965/3634] [971] all outputs exist; skipping HLS.S30.T10TDL.2021130T190909.v2.0
[966/3634] [972] all outputs exist; skipping HLS.S30.T10TCL.2021130T190909.v2.0
[967/3634] [973] all outputs exist; skipping HLS.S30.T10TDK.2021130T190909.v2.0
[968/3634] [974] all outputs exist; skipping HLS.S30.T10TCK.2021130T190909.v2.0
[969/3634] [951] HLS.L30.T11TLF.2021130T183203.v2.0: SKIP NoDataInBounds (field does not intersect FMASK)
[970/3634] [955] HLS.L30.T11SMD.2021130T183227.v2.0: SKIP NoDataInBounds (field does not intersect FMASK)
[971/3634] [977] all outputs exist; skipping HLS.S30.T10TGM.2021131T183919.v2.0
[972/3634] [978] all outputs exist; skipping HLS.S30.T11TKG.2021131T183919.v2.0
[973/3634] [957] HLS.L30.T11TME.2021130T183227.v2.0: SKIP NoDataInBounds (field does not intersect FMASK)
[974/3634] [958] HLS.L30.T11TLE.2021130T183227.v2.0: SKIP NoDataInBounds (field does not intersect FMASK)
[975/3634] [981] all outputs exist; skipping HLS.S30.T11TKF.2021131T183919.v2.0
[976/3634] [982] all outputs exist; skipping HLS.S30.T10TGL.2021131T183919.v2.0
[977/3634] [959] HLS.L30.T11SLD.2021130T183227.v2.0: SKIP NoDataInBounds (field does not intersect FMASK)
[978/3634] [961] HLS.L30.T11SMC.2021130T183251.v2.0: SKIP NoDataInBounds (field does not intersect FMASK)
[979/3634] [985] all outputs exist; skipping HLS.S30.T11TKE.2021131T183919.v2.0
[980/3634] [986] all outputs exist; skipping HLS.S30.T10TGK.2021131T183919.v2.0
[981/3634] [892] HLS.S30.T11SMC.2021128T182919.v2.0: SKIP NoDataInBounds (field does not intersect FMASK)
[982/3634] [975] HLS.S30.T11TMG.2021131T183919.v2.0: SKIP NoDataInBounds (field does not intersect FMASK)
[983/3634] [989] all outputs exist; skipping HLS.S30.T11SKD.2021131T183919.v2.0
[984/3634] [990] all outputs exist; skipping HLS.S30.T10SGJ.2021131T183919.v2.0
[985/3634] [976] HLS.S30.T11TLG.2021131T183919.v2.0: SKIP NoDataInBounds (field does not intersect FMASK)
[986/3634] [992] all outputs exist; skipping HLS.S30.T10SFJ.2021131T183919.v2.0
[987/3634] [993] all outputs exist; skipping HLS.S30.T11SLC.2021131T183919.v2.0
[988/3634] [994] all outputs exist; skipping HLS.S30.T11SKC.2021131T183919.v2.0
[989/3634] [995] all outputs exist; skipping HLS.S30.T10SGH.2021131T183919.v2.0
[990/3634] [996] all outputs exist; skipping HLS.S30.T10SFH.2021131T183919.v2.0
[991/3634] [997] all outputs exist; skipping HLS.S30.T11SMB.2021131T183919.v2.0
[992/3634] [998] all outputs exist; skipping HLS.S30.T11SLB.2021131T183919.v2.0
[993/3634] [999] all outputs exist; skipping HLS.S30.T11SKB.2021131T183919.v2.0
[994/3634] [1000] all outputs exist; skipping HLS.S30.T10SGG.2021131T183919.v2.0
[995/3634] [1001] all outputs exist; skipping HLS.S30.T10SFG.2021131T183919.v2.0
[996/3634] [1002] all outputs exist; skipping HLS.S30.T10TFM.2021132T185921.v2.0
[997/3634] [1003] all outputs exist; skipping HLS.S30.T10TEM.2021132T185921.v2.0
[998/3634] [1004] all outputs exist; skipping HLS.S30.T10TDM.2021132T185921.v2.0
[999/3634] [1005] all outputs exist; skipping HLS.S30.T10TCM.2021132T185921.v2.0
[1000/3634] [1006] all outputs exist; skipping HLS.S30.T10TFL.2021132T185921.v2.0
[1001/3634] [1007] all outputs exist; skipping HLS.S30.T10TEL.2021132T185921.v2.0
[1002/3634] [1008] all outputs exist; skipping HLS.S30.T10TDL.2021132T185921.v2.0
[1003/3634] [1009] all outputs exist; skipping HLS.S30.T10TFK.2021132T185921.v2.0
[1004/3634] [1010] all outputs exist; skipping HLS.S30.T10TCL.2021132T185921.v2.0
[1005/3634] [1011] all outputs exist; skipping HLS.S30.T10TEK.2021132T185921.v2.0
[1006/3634] [1012] all outputs exist; skipping HLS.S30.T10TDK.2021132T185921.v2.0
[1007/3634] [1013] all outputs exist; skipping HLS.S30.T10TCK.2021132T185921.v2.0
[1008/3634] [1014] all outputs exist; skipping HLS.S30.T10SEJ.2021132T185921.v2.0
[1009/3634] [1015] all outputs exist; skipping HLS.S30.T10SDJ.2021132T185921.v2.0
[1010/3634] [1016] all outputs exist; skipping HLS.S30.T10SEH.2021132T185921.v2.0
[1011/3634] [1017] all outputs exist; skipping HLS.S30.T10SDH.2021132T185921.v2.0
[1012/3634] [979] HLS.S30.T11TMF.2021131T183919.v2.0: SKIP NoDataInBounds (field does not intersect FMASK)
[1013/3634] [980] HLS.S30.T11TLF.2021131T183919.v2.0: SKIP NoDataInBounds (field does not intersect FMASK)
[1014/3634] [984] HLS.S30.T11TLE.2021131T183919.v2.0: SKIP NoDataInBounds (field does not intersect FMASK)
[1015/3634] [983] HLS.S30.T11TME.2021131T183919.v2.0: SKIP NoDataInBounds (field does not intersect FMASK)
[1016/3634] [987] HLS.S30.T11SMD.2021131T183919.v2.0: SKIP NoDataInBounds (field does not intersect FMASK)
[1017/3634] [1023] all outputs exist; skipping HLS.S30.T11SLC.2021133T182921.v2.0
[1018/3634] [1024] all outputs exist; skipping HLS.S30.T11SMB.2021133T182921.v2.0
[1019/3634] [1025] all outputs exist; skipping HLS.S30.T11SLB.2021133T182921.v2.0
[1020/3634] [1026] all outputs exist; skipping HLS.L30.T10TDM.2021133T190235.v2.0
[1021/3634] [1027] all outputs exist; skipping HLS.L30.T10TCM.2021133T190235.v2.0
[1022/3634] [1028] all outputs exist; skipping HLS.L30.T10TCL.2021133T190259.v2.0
[1023/3634] [988] HLS.S30.T11SLD.2021131T183919.v2.0: SKIP NoDataInBounds (field does not intersect FMASK)
[1024/3634] [1030] all outputs exist; skipping HLS.S30.T10TGM.2021134T184919.v2.0
[1025/3634] [1031] all outputs exist; skipping HLS.S30.T11TKG.2021134T184919.v2.0
[1026/3634] [1032] all outputs exist; skipping HLS.S30.T10TFM.2021134T184919.v2.0
[1027/3634] [1033] all outputs exist; skipping HLS.S30.T10TEM.2021134T184919.v2.0
[1028/3634] [991] HLS.S30.T11SMC.2021131T183919.v2.0: SKIP NoDataInBounds (field does not intersect FMASK)
[1029/3634] [1035] all outputs exist; skipping HLS.S30.T11TKF.2021134T184919.v2.0
[1030/3634] [1036] all outputs exist; skipping HLS.S30.T10TGL.2021134T184919.v2.0
[1031/3634] [1037] all outputs exist; skipping HLS.S30.T10TFL.2021134T184919.v2.0
[1032/3634] [1018] HLS.S30.T11TMF.2021133T182921.v2.0: SKIP NoDataInBounds (field does not intersect FMASK)
[1033/3634] [1039] all outputs exist; skipping HLS.S30.T10TEL.2021134T184919.v2.0
[1034/3634] [1040] all outputs exist; skipping HLS.S30.T11TKE.2021134T184919.v2.0
[1035/3634] [1041] all outputs exist; skipping HLS.S30.T10TGK.2021134T184919.v2.0
[1036/3634] [1042] all outputs exist; skipping HLS.S30.T10TFK.2021134T184919.v2.0
[1037/3634] [1043] all outputs exist; skipping HLS.S30.T10TEK.2021134T184919.v2.0
[1038/3634] [1044] all outputs exist; skipping HLS.S30.T11SKD.2021134T184919.v2.0
[1039/3634] [1045] all outputs exist; skipping HLS.S30.T10SGJ.2021134T184919.v2.0
[1040/3634] [1046] all outputs exist; skipping HLS.S30.T10SFJ.2021134T184919.v2.0
[1041/3634] [1047] all outputs exist; skipping HLS.S30.T10SEJ.2021134T184919.v2.0
[1042/3634] [1048] all outputs exist; skipping HLS.S30.T10SDJ.2021134T184919.v2.0
[1043/3634] [1049] all outputs exist; skipping HLS.S30.T11SKC.2021134T184919.v2.0
[1044/3634] [1050] all outputs exist; skipping HLS.S30.T10SGH.2021134T184919.v2.0
[1045/3634] [1051] all outputs exist; skipping HLS.S30.T10SFH.2021134T184919.v2.0
[1046/3634] [1052] all outputs exist; skipping HLS.S30.T10SEH.2021134T184919.v2.0
[1047/3634] [1053] all outputs exist; skipping HLS.S30.T10SDH.2021134T184919.v2.0
[1048/3634] [1054] all outputs exist; skipping HLS.S30.T11SKB.2021134T184919.v2.0
[1049/3634] [1055] all outputs exist; skipping HLS.S30.T10SGG.2021134T184919.v2.0
[1050/3634] [1056] all outputs exist; skipping HLS.S30.T10SFG.2021134T184919.v2.0
[1051/3634] [1057] all outputs exist; skipping HLS.S30.T10SEG.2021134T184919.v2.0
[1052/3634] [1058] all outputs exist; skipping HLS.L30.T10TFM.2021135T185015.v2.0
[1053/3634] [1059] all outputs exist; skipping HLS.L30.T10TEM.2021135T185015.v2.0
[1054/3634] [1060] all outputs exist; skipping HLS.L30.T10TFL.2021135T185039.v2.0
[1055/3634] [1061] all outputs exist; skipping HLS.L30.T10TDL.2021135T185039.v2.0
[1056/3634] [1062] all outputs exist; skipping HLS.L30.T10TEL.2021135T185039.v2.0
[1057/3634] [1063] all outputs exist; skipping HLS.L30.T10TDM.2021135T185039.v2.0
[1058/3634] [1064] all outputs exist; skipping HLS.L30.T10TCK.2021135T185103.v2.0
[1059/3634] [1065] all outputs exist; skipping HLS.L30.T10TEK.2021135T185103.v2.0
[1060/3634] [1066] all outputs exist; skipping HLS.L30.T10TFK.2021135T185103.v2.0
[1061/3634] [1067] all outputs exist; skipping HLS.L30.T10SEJ.2021135T185103.v2.0
[1062/3634] [1068] all outputs exist; skipping HLS.L30.T10TDK.2021135T185103.v2.0
[1063/3634] [1069] all outputs exist; skipping HLS.L30.T10SDJ.2021135T185103.v2.0
[1064/3634] [1070] all outputs exist; skipping HLS.L30.T10SEH.2021135T185127.v2.0
[1065/3634] [1071] all outputs exist; skipping HLS.L30.T10SDH.2021135T185127.v2.0
[1066/3634] [1072] all outputs exist; skipping HLS.L30.T10SEG.2021135T185150.v2.0
[1067/3634] [1019] HLS.S30.T11TME.2021133T182921.v2.0: SKIP NoDataInBounds (field does not intersect FMASK)
[1068/3634] [1074] all outputs exist; skipping HLS.S30.T10TDM.2021135T190911.v2.0
[1069/3634] [1075] all outputs exist; skipping HLS.S30.T10TCM.2021135T190911.v2.0
[1070/3634] [1076] all outputs exist; skipping HLS.S30.T10TDL.2021135T190911.v2.0
[1071/3634] [1077] all outputs exist; skipping HLS.S30.T10TCL.2021135T190911.v2.0
[1072/3634] [1078] all outputs exist; skipping HLS.S30.T10TDK.2021135T190911.v2.0
[1073/3634] [1079] all outputs exist; skipping HLS.S30.T10TCK.2021135T190911.v2.0
[1074/3634] [1020] HLS.S30.T11SMD.2021133T182921.v2.0: SKIP NoDataInBounds (field does not intersect FMASK)
[1075/3634] [1021] HLS.S30.T11SLD.2021133T182921.v2.0: SKIP NoDataInBounds (field does not intersect FMASK)
[1076/3634] [1082] all outputs exist; skipping HLS.S30.T10TGM.2021136T183921.v2.0
[1077/3634] [1083] all outputs exist; skipping HLS.S30.T11TKG.2021136T183921.v2.0
[1078/3634] [1022] HLS.S30.T11SMC.2021133T182921.v2.0: SKIP NoDataInBounds (field does not intersect FMASK)
[1079/3634] [1029] HLS.S30.T11TLG.2021134T184919.v2.0: SKIP NoDataInBounds (field does not intersect FMASK)
[1080/3634] [1086] all outputs exist; skipping HLS.S30.T11TKF.2021136T183921.v2.0
[1081/3634] [1087] all outputs exist; skipping HLS.S30.T10TGL.2021136T183921.v2.0
[1082/3634] [1034] HLS.S30.T11TLF.2021134T184919.v2.0: SKIP NoDataInBounds (field does not intersect FMASK)
[1083/3634] [1038] HLS.S30.T11TLE.2021134T184919.v2.0: SKIP NoDataInBounds (field does not intersect FMASK)
[1084/3634] [1090] all outputs exist; skipping HLS.S30.T11TKE.2021136T183921.v2.0
[1085/3634] [1091] all outputs exist; skipping HLS.S30.T10TGK.2021136T183921.v2.0
[1086/3634] [1080] HLS.S30.T11TMG.2021136T183921.v2.0: SKIP NoDataInBounds (field does not intersect FMASK)
[1087/3634] [1073] HLS.L30.T10SDG.2021135T185150.v2.0: SKIP NoDataInBounds (field does not intersect FMASK)
[1088/3634] [1094] all outputs exist; skipping HLS.S30.T11SKD.2021136T183921.v2.0
[1089/3634] [1095] all outputs exist; skipping HLS.S30.T10SGJ.2021136T183921.v2.0
[1090/3634] [1081] HLS.S30.T11TLG.2021136T183921.v2.0: SKIP NoDataInBounds (field does not intersect FMASK)
[1091/3634] [1097] all outputs exist; skipping HLS.S30.T10SFJ.2021136T183921.v2.0
[1092/3634] [1098] all outputs exist; skipping HLS.S30.T11SLC.2021136T183921.v2.0
[1093/3634] [1099] all outputs exist; skipping HLS.S30.T11SKC.2021136T183921.v2.0
[1094/3634] [1100] all outputs exist; skipping HLS.S30.T10SGH.2021136T183921.v2.0
[1095/3634] [1101] all outputs exist; skipping HLS.S30.T10SFH.2021136T183921.v2.0
[1096/3634] [1102] all outputs exist; skipping HLS.S30.T11SMB.2021136T183921.v2.0
[1097/3634] [1103] all outputs exist; skipping HLS.S30.T11SLB.2021136T183921.v2.0
[1098/3634] [1104] all outputs exist; skipping HLS.S30.T11SKB.2021136T183921.v2.0
[1099/3634] [1105] all outputs exist; skipping HLS.S30.T10SGG.2021136T183921.v2.0
[1100/3634] [1106] all outputs exist; skipping HLS.S30.T10SFG.2021136T183921.v2.0
[1101/3634] [1085] HLS.S30.T11TLF.2021136T183921.v2.0: SKIP NoDataInBounds (field does not intersect FMASK)
[1102/3634] [1084] HLS.S30.T11TMF.2021136T183921.v2.0: SKIP NoDataInBounds (field does not intersect FMASK)
[1103/3634] [1088] HLS.S30.T11TME.2021136T183921.v2.0: SKIP NoDataInBounds (field does not intersect FMASK)
[1104/3634] [1110] all outputs exist; skipping HLS.L30.T10TFL.2021137T183818.v2.0
[1105/3634] [1111] all outputs exist; skipping HLS.L30.T10TGL.2021137T183818.v2.0
[1106/3634] [1112] all outputs exist; skipping HLS.L30.T10TGM.2021137T183818.v2.0
[1107/3634] [1113] all outputs exist; skipping HLS.L30.T11TKG.2021137T183818.v2.0
[1108/3634] [1114] all outputs exist; skipping HLS.L30.T11TKF.2021137T183818.v2.0
[1109/3634] [1089] HLS.S30.T11TLE.2021136T183921.v2.0: SKIP NoDataInBounds (field does not intersect FMASK)
[1110/3634] [1116] all outputs exist; skipping HLS.L30.T11SKD.2021137T183842.v2.0
[1111/3634] [1117] all outputs exist; skipping HLS.L30.T10TFK.2021137T183842.v2.0
[1112/3634] [1118] all outputs exist; skipping HLS.L30.T10SGJ.2021137T183842.v2.0
[1113/3634] [1119] all outputs exist; skipping HLS.L30.T11TKE.2021137T183842.v2.0
[1114/3634] [1120] all outputs exist; skipping HLS.L30.T10TGK.2021137T183842.v2.0
[1115/3634] [1092] HLS.S30.T11SMD.2021136T183921.v2.0: SKIP NoDataInBounds (field does not intersect FMASK)
[1116/3634] [1122] all outputs exist; skipping HLS.L30.T10SFJ.2021137T183842.v2.0
[1117/3634] [1123] all outputs exist; skipping HLS.L30.T10SGH.2021137T183906.v2.0
[1118/3634] [1124] all outputs exist; skipping HLS.L30.T10SFH.2021137T183906.v2.0
[1119/3634] [1125] all outputs exist; skipping HLS.L30.T11SLC.2021137T183906.v2.0
[1120/3634] [1126] all outputs exist; skipping HLS.L30.T11SKC.2021137T183906.v2.0
[1121/3634] [1127] all outputs exist; skipping HLS.L30.T11SKB.2021137T183930.v2.0
[1122/3634] [1128] all outputs exist; skipping HLS.L30.T10SFG.2021137T183930.v2.0
[1123/3634] [1129] all outputs exist; skipping HLS.L30.T10SGG.2021137T183930.v2.0
[1124/3634] [1130] all outputs exist; skipping HLS.S30.T10TFM.2021137T185919.v2.0
[1125/3634] [1131] all outputs exist; skipping HLS.S30.T10TEM.2021137T185919.v2.0
[1126/3634] [1132] all outputs exist; skipping HLS.S30.T10TDM.2021137T185919.v2.0
[1127/3634] [1133] all outputs exist; skipping HLS.S30.T10TCM.2021137T185919.v2.0
[1128/3634] [1134] all outputs exist; skipping HLS.S30.T10TFL.2021137T185919.v2.0
[1129/3634] [1135] all outputs exist; skipping HLS.S30.T10TEL.2021137T185919.v2.0
[1130/3634] [1136] all outputs exist; skipping HLS.S30.T10TDL.2021137T185919.v2.0
[1131/3634] [1137] all outputs exist; skipping HLS.S30.T10TFK.2021137T185919.v2.0
[1132/3634] [1138] all outputs exist; skipping HLS.S30.T10TCL.2021137T185919.v2.0
[1133/3634] [1139] all outputs exist; skipping HLS.S30.T10TEK.2021137T185919.v2.0
[1134/3634] [1140] all outputs exist; skipping HLS.S30.T10TDK.2021137T185919.v2.0
[1135/3634] [1141] all outputs exist; skipping HLS.S30.T10TCK.2021137T185919.v2.0
[1136/3634] [1142] all outputs exist; skipping HLS.S30.T10SEJ.2021137T185919.v2.0
[1137/3634] [1143] all outputs exist; skipping HLS.S30.T10SDJ.2021137T185919.v2.0
[1138/3634] [1144] all outputs exist; skipping HLS.S30.T10SEH.2021137T185919.v2.0
[1139/3634] [1145] all outputs exist; skipping HLS.S30.T10SDH.2021137T185919.v2.0
[1140/3634] [1146] all outputs exist; skipping HLS.S30.T10SEG.2021137T185919.v2.0
[1141/3634] [1096] HLS.S30.T11SMC.2021136T183921.v2.0: SKIP NoDataInBounds (field does not intersect FMASK)
[1142/3634] [1093] HLS.S30.T11SLD.2021136T183921.v2.0: SKIP NoDataInBounds (field does not intersect FMASK)
[1143/3634] [1107] HLS.L30.T11TMG.2021137T183755.v2.0: SKIP NoDataInBounds (field does not intersect FMASK)
[1144/3634] [1108] HLS.L30.T11TLG.2021137T183755.v2.0: SKIP NoDataInBounds (field does not intersect FMASK)
[1145/3634] [1109] HLS.L30.T11TLF.2021137T183818.v2.0: SKIP NoDataInBounds (field does not intersect FMASK)
[1146/3634] [1115] HLS.L30.T11TLE.2021137T183842.v2.0: SKIP NoDataInBounds (field does not intersect FMASK)
[1147/3634] [1153] all outputs exist; skipping HLS.S30.T11SLC.2021138T182919.v2.0
[1148/3634] [1154] all outputs exist; skipping HLS.S30.T11SMB.2021138T182919.v2.0
[1149/3634] [1155] all outputs exist; skipping HLS.S30.T11SLB.2021138T182919.v2.0
[1150/3634] [1121] HLS.L30.T11SLD.2021137T183842.v2.0: SKIP NoDataInBounds (field does not intersect FMASK)
[1151/3634] [1147] HLS.S30.T10SDG.2021137T185919.v2.0: SKIP NoDataInBounds (field does not intersect FMASK)
[1152/3634] [1149] HLS.S30.T11TME.2021138T182919.v2.0: SKIP NoDataInBounds (field does not intersect FMASK)
[1153/3634] [1148] HLS.S30.T11TMF.2021138T182919.v2.0: SKIP NoDataInBounds (field does not intersect FMASK)
[1154/3634] [1160] all outputs exist; skipping HLS.L30.T11SLC.2021139T182646.v2.0
[1155/3634] [1150] HLS.S30.T11SMD.2021138T182919.v2.0: SKIP NoDataInBounds (field does not intersect FMASK)
[1156/3634] [1162] all outputs exist; skipping HLS.L30.T11SMB.2021139T182710.v2.0
[1157/3634] [1163] all outputs exist; skipping HLS.L30.T11SLB.2021139T182710.v2.0
[1158/3634] [1151] HLS.S30.T11SLD.2021138T182919.v2.0: SKIP NoDataInBounds (field does not intersect FMASK)
[1159/3634] [1165] all outputs exist; skipping HLS.S30.T10TGM.2021139T184921.v2.0
[1160/3634] [1166] all outputs exist; skipping HLS.S30.T11TKG.2021139T184921.v2.0
[1161/3634] [1167] all outputs exist; skipping HLS.S30.T10TFM.2021139T184921.v2.0
[1162/3634] [1168] all outputs exist; skipping HLS.S30.T10TEM.2021139T184921.v2.0
[1163/3634] [1152] HLS.S30.T11SMC.2021138T182919.v2.0: SKIP NoDataInBounds (field does not intersect FMASK)
[1164/3634] [1170] all outputs exist; skipping HLS.S30.T11TKF.2021139T184921.v2.0
[1165/3634] [1171] all outputs exist; skipping HLS.S30.T10TGL.2021139T184921.v2.0
[1166/3634] [1172] all outputs exist; skipping HLS.S30.T10TFL.2021139T184921.v2.0
[1167/3634] [1157] HLS.L30.T11TME.2021139T182622.v2.0: SKIP NoDataInBounds (field does not intersect FMASK)
[1168/3634] [1174] all outputs exist; skipping HLS.S30.T10TEL.2021139T184921.v2.0
[1169/3634] [1175] all outputs exist; skipping HLS.S30.T11TKE.2021139T184921.v2.0
[1170/3634] [1176] all outputs exist; skipping HLS.S30.T10TGK.2021139T184921.v2.0
[1171/3634] [1177] all outputs exist; skipping HLS.S30.T10TFK.2021139T184921.v2.0
[1172/3634] [1178] all outputs exist; skipping HLS.S30.T10TEK.2021139T184921.v2.0
[1173/3634] [1179] all outputs exist; skipping HLS.S30.T11SKD.2021139T184921.v2.0
[1174/3634] [1180] all outputs exist; skipping HLS.S30.T10SGJ.2021139T184921.v2.0
[1175/3634] [1181] all outputs exist; skipping HLS.S30.T10SFJ.2021139T184921.v2.0
[1176/3634] [1182] all outputs exist; skipping HLS.S30.T10SEJ.2021139T184921.v2.0
[1177/3634] [1183] all outputs exist; skipping HLS.S30.T10SDJ.2021139T184921.v2.0
[1178/3634] [1184] all outputs exist; skipping HLS.S30.T11SKC.2021139T184921.v2.0
[1179/3634] [1185] all outputs exist; skipping HLS.S30.T10SGH.2021139T184921.v2.0
[1180/3634] [1186] all outputs exist; skipping HLS.S30.T10SFH.2021139T184921.v2.0
[1181/3634] [1187] all outputs exist; skipping HLS.S30.T10SEH.2021139T184921.v2.0
[1182/3634] [1188] all outputs exist; skipping HLS.S30.T10SDH.2021139T184921.v2.0
[1183/3634] [1189] all outputs exist; skipping HLS.S30.T11SKB.2021139T184921.v2.0
[1184/3634] [1190] all outputs exist; skipping HLS.S30.T10SGG.2021139T184921.v2.0
[1185/3634] [1191] all outputs exist; skipping HLS.S30.T10SFG.2021139T184921.v2.0
[1186/3634] [1192] all outputs exist; skipping HLS.S30.T10SEG.2021139T184921.v2.0
[1187/3634] [1158] HLS.L30.T11SMD.2021139T182622.v2.0: SKIP NoDataInBounds (field does not intersect FMASK)
[1188/3634] [1194] all outputs exist; skipping HLS.S30.T10TDM.2021140T190919.v2.0
[1189/3634] [1195] all outputs exist; skipping HLS.S30.T10TCM.2021140T190919.v2.0
[1190/3634] [1196] all outputs exist; skipping HLS.S30.T10TDL.2021140T190919.v2.0
[1191/3634] [1197] all outputs exist; skipping HLS.S30.T10TCL.2021140T190919.v2.0
[1192/3634] [1198] all outputs exist; skipping HLS.S30.T10TDK.2021140T190919.v2.0
[1193/3634] [1199] all outputs exist; skipping HLS.S30.T10TCK.2021140T190919.v2.0
[1194/3634] [1200] all outputs exist; skipping HLS.S30.T10TGM.2021141T183919.v2.0
[1195/3634] [1201] all outputs exist; skipping HLS.S30.T11TKG.2021141T183919.v2.0
[1196/3634] [1156] HLS.L30.T11TMF.2021139T182558.v2.0: SKIP NoDataInBounds (field does not intersect FMASK)
[1197/3634] [1203] all outputs exist; skipping HLS.S30.T11TKF.2021141T183919.v2.0
[1198/3634] [1159] HLS.L30.T11SMC.2021139T182646.v2.0: SKIP NoDataInBounds (field does not intersect FMASK)
[1199/3634] [1204] all outputs exist; skipping HLS.S30.T10TGL.2021141T183919.v2.0
[1200/3634] [1206] all outputs exist; skipping HLS.S30.T11TKE.2021141T183919.v2.0
[1201/3634] [1207] all outputs exist; skipping HLS.S30.T10TGK.2021141T183919.v2.0
[1202/3634] [1161] HLS.L30.T11SLD.2021139T182646.v2.0: SKIP NoDataInBounds (field does not intersect FMASK)
[1203/3634] [1164] HLS.S30.T11TLG.2021139T184921.v2.0: SKIP NoDataInBounds (field does not intersect FMASK)
[1204/3634] [1210] all outputs exist; skipping HLS.S30.T11SKD.2021141T183919.v2.0
[1205/3634] [1211] all outputs exist; skipping HLS.S30.T10SGJ.2021141T183919.v2.0
[1206/3634] [1173] HLS.S30.T11TLE.2021139T184921.v2.0: SKIP NoDataInBounds (field does not intersect FMASK)
[1207/3634] [1213] all outputs exist; skipping HLS.S30.T10SFJ.2021141T183919.v2.0
[1208/3634] [1214] all outputs exist; skipping HLS.S30.T11SLC.2021141T183919.v2.0
[1209/3634] [1215] all outputs exist; skipping HLS.S30.T11SKC.2021141T183919.v2.0
[1210/3634] [1216] all outputs exist; skipping HLS.S30.T10SGH.2021141T183919.v2.0
[1211/3634] [1217] all outputs exist; skipping HLS.S30.T10SFH.2021141T183919.v2.0
[1212/3634] [1218] all outputs exist; skipping HLS.S30.T11SLB.2021141T183919.v2.0
[1213/3634] [1219] all outputs exist; skipping HLS.S30.T11SKB.2021141T183919.v2.0
[1214/3634] [1169] HLS.S30.T11TLF.2021139T184921.v2.0: SKIP NoDataInBounds (field does not intersect FMASK)
[1215/3634] [1220] all outputs exist; skipping HLS.S30.T10SGG.2021141T183919.v2.0
[1216/3634] [1222] all outputs exist; skipping HLS.L30.T10TDM.2021142T185630.v2.0
[1217/3634] [1221] all outputs exist; skipping HLS.S30.T10SFG.2021141T183919.v2.0
[1218/3634] [1223] all outputs exist; skipping HLS.L30.T10TEM.2021142T185630.v2.0
[1219/3634] [1224] all outputs exist; skipping HLS.L30.T10TEL.2021142T185654.v2.0
[1220/3634] [1225] all outputs exist; skipping HLS.L30.T10TCL.2021142T185654.v2.0
[1221/3634] [1226] all outputs exist; skipping HLS.L30.T10TDL.2021142T185654.v2.0
[1222/3634] [1227] all outputs exist; skipping HLS.L30.T10TCM.2021142T185654.v2.0
[1223/3634] [1228] all outputs exist; skipping HLS.L30.T10TDK.2021142T185718.v2.0
[1224/3634] [1230] all outputs exist; skipping HLS.L30.T10TCK.2021142T185718.v2.0
[1225/3634] [1229] all outputs exist; skipping HLS.L30.T10SDJ.2021142T185718.v2.0
[1226/3634] [1231] all outputs exist; skipping HLS.L30.T10SDH.2021142T185742.v2.0
[1227/3634] [1232] all outputs exist; skipping HLS.S30.T10TEM.2021142T185921.v2.0
[1228/3634] [1233] all outputs exist; skipping HLS.S30.T10TDM.2021142T185921.v2.0
[1229/3634] [1234] all outputs exist; skipping HLS.S30.T10TCM.2021142T185921.v2.0
[1230/3634] [1235] all outputs exist; skipping HLS.S30.T10TFL.2021142T185921.v2.0
[1231/3634] [1236] all outputs exist; skipping HLS.S30.T10TEL.2021142T185921.v2.0
[1232/3634] [1237] all outputs exist; skipping HLS.S30.T10TDL.2021142T185921.v2.0
[1233/3634] [1238] all outputs exist; skipping HLS.S30.T10TFK.2021142T185921.v2.0
[1234/3634] [1239] all outputs exist; skipping HLS.S30.T10TCL.2021142T185921.v2.0
[1235/3634] [1240] all outputs exist; skipping HLS.S30.T10TEK.2021142T185921.v2.0
[1236/3634] [1241] all outputs exist; skipping HLS.S30.T10TDK.2021142T185921.v2.0
[1237/3634] [1242] all outputs exist; skipping HLS.S30.T10TCK.2021142T185921.v2.0
[1238/3634] [1243] all outputs exist; skipping HLS.S30.T10SEJ.2021142T185921.v2.0
[1239/3634] [1244] all outputs exist; skipping HLS.S30.T10SDJ.2021142T185921.v2.0
[1240/3634] [1245] all outputs exist; skipping HLS.S30.T10SEH.2021142T185921.v2.0
[1241/3634] [1246] all outputs exist; skipping HLS.S30.T10SDH.2021142T185921.v2.0
[1242/3634] [1247] all outputs exist; skipping HLS.S30.T10SEG.2021142T185921.v2.0
[1243/3634] [1193] HLS.S30.T10SDG.2021139T184921.v2.0: SKIP NoDataInBounds (field does not intersect FMASK)
[1244/3634] [1202] HLS.S30.T11TMF.2021141T183919.v2.0: SKIP NoDataInBounds (field does not intersect FMASK)
[1245/3634] [1205] HLS.S30.T11TLE.2021141T183919.v2.0: SKIP NoDataInBounds (field does not intersect FMASK)
[1246/3634] [1208] HLS.S30.T11SMD.2021141T183919.v2.0: SKIP NoDataInBounds (field does not intersect FMASK)
[1247/3634] [1253] all outputs exist; skipping HLS.S30.T11SLC.2021143T182921.v2.0
[1248/3634] [1254] all outputs exist; skipping HLS.S30.T11SMB.2021143T182921.v2.0
[1249/3634] [1255] all outputs exist; skipping HLS.S30.T11SLB.2021143T182921.v2.0
[1250/3634] [1256] all outputs exist; skipping HLS.L30.T11TKG.2021144T184410.v2.0
[1251/3634] [1257] all outputs exist; skipping HLS.L30.T10TGM.2021144T184410.v2.0
[1252/3634] [1258] all outputs exist; skipping HLS.L30.T10TEM.2021144T184433.v2.0
[1253/3634] [1209] HLS.S30.T11SLD.2021141T183919.v2.0: SKIP NoDataInBounds (field does not intersect FMASK)
[1254/3634] [1259] all outputs exist; skipping HLS.L30.T11TKF.2021144T184433.v2.0
[1255/3634] [1260] all outputs exist; skipping HLS.L30.T10TEL.2021144T184433.v2.0
[1256/3634] [1261] all outputs exist; skipping HLS.L30.T10TGL.2021144T184433.v2.0
[1257/3634] [1262] all outputs exist; skipping HLS.L30.T10TFL.2021144T184433.v2.0
[1258/3634] [1263] all outputs exist; skipping HLS.L30.T10TFM.2021144T184433.v2.0
[1259/3634] [1264] all outputs exist; skipping HLS.L30.T10TGK.2021144T184457.v2.0
[1260/3634] [1265] all outputs exist; skipping HLS.L30.T11TKE.2021144T184457.v2.0
[1261/3634] [1266] all outputs exist; skipping HLS.L30.T10TEK.2021144T184457.v2.0
[1262/3634] [1267] all outputs exist; skipping HLS.L30.T10SFJ.2021144T184457.v2.0
[1263/3634] [1268] all outputs exist; skipping HLS.L30.T11SKD.2021144T184457.v2.0
[1264/3634] [1269] all outputs exist; skipping HLS.L30.T10TFK.2021144T184457.v2.0
[1265/3634] [1270] all outputs exist; skipping HLS.L30.T10SEJ.2021144T184457.v2.0
[1266/3634] [1271] all outputs exist; skipping HLS.L30.T10SGJ.2021144T184457.v2.0
[1267/3634] [1273] all outputs exist; skipping HLS.L30.T10SFH.2021144T184521.v2.0
[1268/3634] [1272] all outputs exist; skipping HLS.L30.T10SDH.2021144T184521.v2.0
[1269/3634] [1274] all outputs exist; skipping HLS.L30.T10SEH.2021144T184521.v2.0
[1270/3634] [1275] all outputs exist; skipping HLS.L30.T10SGH.2021144T184521.v2.0
[1271/3634] [1277] all outputs exist; skipping HLS.L30.T10SFG.2021144T184545.v2.0
[1272/3634] [1278] all outputs exist; skipping HLS.L30.T10SEG.2021144T184545.v2.0
[1273/3634] [1212] HLS.S30.T11SMC.2021141T183919.v2.0: SKIP NoDataInBounds (field does not intersect FMASK)
[1274/3634] [1280] all outputs exist; skipping HLS.S30.T10TGM.2021144T184919.v2.0
[1275/3634] [1281] all outputs exist; skipping HLS.S30.T11TKG.2021144T184919.v2.0
[1276/3634] [1282] all outputs exist; skipping HLS.S30.T10TFM.2021144T184919.v2.0
[1277/3634] [1283] all outputs exist; skipping HLS.S30.T10TEM.2021144T184919.v2.0
[1278/3634] [1249] HLS.S30.T11TME.2021143T182921.v2.0: SKIP NoDataInBounds (field does not intersect FMASK)
[1279/3634] [1248] HLS.S30.T11TMF.2021143T182921.v2.0: SKIP NoDataInBounds (field does not intersect FMASK)
[1280/3634] [1285] all outputs exist; skipping HLS.S30.T11TKF.2021144T184919.v2.0
[1281/3634] [1286] all outputs exist; skipping HLS.S30.T10TGL.2021144T184919.v2.0
[1282/3634] [1287] all outputs exist; skipping HLS.S30.T10TFL.2021144T184919.v2.0
[1283/3634] [1289] all outputs exist; skipping HLS.S30.T10TEL.2021144T184919.v2.0
[1284/3634] [1290] all outputs exist; skipping HLS.S30.T11TKE.2021144T184919.v2.0
[1285/3634] [1291] all outputs exist; skipping HLS.S30.T10TGK.2021144T184919.v2.0
[1286/3634] [1292] all outputs exist; skipping HLS.S30.T10TFK.2021144T184919.v2.0
[1287/3634] [1293] all outputs exist; skipping HLS.S30.T10TEK.2021144T184919.v2.0
[1288/3634] [1294] all outputs exist; skipping HLS.S30.T11SKD.2021144T184919.v2.0
[1289/3634] [1295] all outputs exist; skipping HLS.S30.T10SGJ.2021144T184919.v2.0
[1290/3634] [1296] all outputs exist; skipping HLS.S30.T10SFJ.2021144T184919.v2.0
[1291/3634] [1297] all outputs exist; skipping HLS.S30.T10SEJ.2021144T184919.v2.0
[1292/3634] [1298] all outputs exist; skipping HLS.S30.T10SDJ.2021144T184919.v2.0
[1293/3634] [1299] all outputs exist; skipping HLS.S30.T11SKC.2021144T184919.v2.0
[1294/3634] [1300] all outputs exist; skipping HLS.S30.T10SGH.2021144T184919.v2.0
[1295/3634] [1301] all outputs exist; skipping HLS.S30.T10SFH.2021144T184919.v2.0
[1296/3634] [1302] all outputs exist; skipping HLS.S30.T10SEH.2021144T184919.v2.0
[1297/3634] [1303] all outputs exist; skipping HLS.S30.T10SDH.2021144T184919.v2.0
[1298/3634] [1304] all outputs exist; skipping HLS.S30.T11SKB.2021144T184919.v2.0
[1299/3634] [1305] all outputs exist; skipping HLS.S30.T10SGG.2021144T184919.v2.0
[1300/3634] [1306] all outputs exist; skipping HLS.S30.T10SFG.2021144T184919.v2.0
[1301/3634] [1307] all outputs exist; skipping HLS.S30.T10SEG.2021144T184919.v2.0
[1302/3634] [1250] HLS.S30.T11SMD.2021143T182921.v2.0: SKIP NoDataInBounds (field does not intersect FMASK)
[1303/3634] [1309] all outputs exist; skipping HLS.S30.T10TDM.2021145T190911.v2.0
[1304/3634] [1251] HLS.S30.T11SLD.2021143T182921.v2.0: SKIP NoDataInBounds (field does not intersect FMASK)
[1305/3634] [1310] all outputs exist; skipping HLS.S30.T10TCM.2021145T190911.v2.0
[1306/3634] [1311] all outputs exist; skipping HLS.S30.T10TDL.2021145T190911.v2.0
[1307/3634] [1312] all outputs exist; skipping HLS.S30.T10TCL.2021145T190911.v2.0
[1308/3634] [1313] all outputs exist; skipping HLS.S30.T10TDK.2021145T190911.v2.0
[1309/3634] [1314] all outputs exist; skipping HLS.S30.T10TCK.2021145T190911.v2.0
[1310/3634] [1252] HLS.S30.T11SMC.2021143T182921.v2.0: SKIP NoDataInBounds (field does not intersect FMASK)
[1311/3634] [1279] HLS.S30.T11TLG.2021144T184919.v2.0: SKIP NoDataInBounds (field does not intersect FMASK)
[1312/3634] [1276] HLS.L30.T10SDG.2021144T184545.v2.0: SKIP NoDataInBounds (field does not intersect FMASK)
[1313/3634] [1288] HLS.S30.T11TLE.2021144T184919.v2.0: SKIP NoDataInBounds (field does not intersect FMASK)
[1314/3634] [1320] all outputs exist; skipping HLS.L30.T11TKE.2021146T183237.v2.0
[1315/3634] [1321] all outputs exist; skipping HLS.L30.T10TGK.2021146T183237.v2.0
[1316/3634] [1322] all outputs exist; skipping HLS.L30.T11SKD.2021146T183237.v2.0
[1317/3634] [1308] HLS.S30.T10SDG.2021144T184919.v2.0: SKIP NoDataInBounds (field does not intersect FMASK)
[1318/3634] [1315] HLS.L30.T11TMG.2021146T183149.v2.0: SKIP NoDataInBounds (field does not intersect FMASK)
[1319/3634] [1316] HLS.L30.T11TLG.2021146T183213.v2.0: SKIP NoDataInBounds (field does not intersect FMASK)
[1320/3634] [1326] all outputs exist; skipping HLS.L30.T10SGJ.2021146T183301.v2.0
[1321/3634] [1317] HLS.L30.T11TLF.2021146T183213.v2.0: SKIP NoDataInBounds (field does not intersect FMASK)
[1322/3634] [1328] all outputs exist; skipping HLS.L30.T11SLC.2021146T183301.v2.0
[1323/3634] [1329] all outputs exist; skipping HLS.L30.T11SKC.2021146T183301.v2.0
[1324/3634] [1330] all outputs exist; skipping HLS.L30.T10SGH.2021146T183301.v2.0
[1325/3634] [1331] all outputs exist; skipping HLS.L30.T11SMB.2021146T183325.v2.0
[1326/3634] [1332] all outputs exist; skipping HLS.L30.T11SLB.2021146T183325.v2.0
[1327/3634] [1333] all outputs exist; skipping HLS.L30.T11SKB.2021146T183325.v2.0
[1328/3634] [1334] all outputs exist; skipping HLS.L30.T10SGG.2021146T183325.v2.0
[1329/3634] [1318] HLS.L30.T11TMF.2021146T183213.v2.0: SKIP NoDataInBounds (field does not intersect FMASK)
[1330/3634] [1319] HLS.L30.T11TME.2021146T183237.v2.0: SKIP NoDataInBounds (field does not intersect FMASK)
[1331/3634] [1337] all outputs exist; skipping HLS.S30.T10TGM.2021146T183921.v2.0
[1332/3634] [1338] all outputs exist; skipping HLS.S30.T11TKG.2021146T183921.v2.0
[1333/3634] [1284] HLS.S30.T11TLF.2021144T184919.v2.0: SKIP NoDataInBounds (field does not intersect FMASK)
[1334/3634] [1323] HLS.L30.T11SLD.2021146T183237.v2.0: SKIP NoDataInBounds (field does not intersect FMASK)
[1335/3634] [1341] all outputs exist; skipping HLS.S30.T11TKF.2021146T183921.v2.0
[1336/3634] [1342] all outputs exist; skipping HLS.S30.T10TGL.2021146T183921.v2.0
[1337/3634] [1324] HLS.L30.T11SMD.2021146T183237.v2.0: SKIP NoDataInBounds (field does not intersect FMASK)
[1338/3634] [1325] HLS.L30.T11TLE.2021146T183237.v2.0: SKIP NoDataInBounds (field does not intersect FMASK)
[1339/3634] [1345] all outputs exist; skipping HLS.S30.T11TKE.2021146T183921.v2.0
[1340/3634] [1346] all outputs exist; skipping HLS.S30.T10TGK.2021146T183921.v2.0
[1341/3634] [1335] HLS.S30.T11TMG.2021146T183921.v2.0: SKIP NoDataInBounds (field does not intersect FMASK)
[1342/3634] [1327] HLS.L30.T11SMC.2021146T183301.v2.0: SKIP NoDataInBounds (field does not intersect FMASK)
[1343/3634] [1349] all outputs exist; skipping HLS.S30.T11SKD.2021146T183921.v2.0
[1344/3634] [1350] all outputs exist; skipping HLS.S30.T10SGJ.2021146T183921.v2.0
[1345/3634] [1336] HLS.S30.T11TLG.2021146T183921.v2.0: SKIP NoDataInBounds (field does not intersect FMASK)
[1346/3634] [1339] HLS.S30.T11TMF.2021146T183921.v2.0: SKIP NoDataInBounds (field does not intersect FMASK)
[1347/3634] [1352] all outputs exist; skipping HLS.S30.T10SFJ.2021146T183921.v2.0
[1348/3634] [1354] all outputs exist; skipping HLS.S30.T11SKC.2021146T183921.v2.0
[1349/3634] [1353] all outputs exist; skipping HLS.S30.T11SLC.2021146T183921.v2.0
[1350/3634] [1355] all outputs exist; skipping HLS.S30.T10SGH.2021146T183921.v2.0
[1351/3634] [1356] all outputs exist; skipping HLS.S30.T10SFH.2021146T183921.v2.0
[1352/3634] [1357] all outputs exist; skipping HLS.S30.T11SMB.2021146T183921.v2.0
[1353/3634] [1358] all outputs exist; skipping HLS.S30.T11SLB.2021146T183921.v2.0
[1354/3634] [1359] all outputs exist; skipping HLS.S30.T11SKB.2021146T183921.v2.0
[1355/3634] [1360] all outputs exist; skipping HLS.S30.T10SGG.2021146T183921.v2.0
[1356/3634] [1361] all outputs exist; skipping HLS.S30.T10SFG.2021146T183921.v2.0
[1357/3634] [1362] all outputs exist; skipping HLS.S30.T10TFM.2021147T185919.v2.0
[1358/3634] [1363] all outputs exist; skipping HLS.S30.T10TEM.2021147T185919.v2.0
[1359/3634] [1364] all outputs exist; skipping HLS.S30.T10TDM.2021147T185919.v2.0
[1360/3634] [1365] all outputs exist; skipping HLS.S30.T10TCM.2021147T185919.v2.0
[1361/3634] [1366] all outputs exist; skipping HLS.S30.T10TFL.2021147T185919.v2.0
[1362/3634] [1367] all outputs exist; skipping HLS.S30.T10TEL.2021147T185919.v2.0
[1363/3634] [1368] all outputs exist; skipping HLS.S30.T10TDL.2021147T185919.v2.0
[1364/3634] [1369] all outputs exist; skipping HLS.S30.T10TFK.2021147T185919.v2.0
[1365/3634] [1370] all outputs exist; skipping HLS.S30.T10TCL.2021147T185919.v2.0
[1366/3634] [1371] all outputs exist; skipping HLS.S30.T10TEK.2021147T185919.v2.0
[1367/3634] [1372] all outputs exist; skipping HLS.S30.T10TDK.2021147T185919.v2.0
[1368/3634] [1373] all outputs exist; skipping HLS.S30.T10TCK.2021147T185919.v2.0
[1369/3634] [1374] all outputs exist; skipping HLS.S30.T10SEJ.2021147T185919.v2.0
[1370/3634] [1376] all outputs exist; skipping HLS.S30.T10SEH.2021147T185919.v2.0
[1371/3634] [1375] all outputs exist; skipping HLS.S30.T10SDJ.2021147T185919.v2.0
[1372/3634] [1377] all outputs exist; skipping HLS.S30.T10SDH.2021147T185919.v2.0
[1373/3634] [1378] all outputs exist; skipping HLS.S30.T10SEG.2021147T185919.v2.0
[1374/3634] [1340] HLS.S30.T11TLF.2021146T183921.v2.0: SKIP NoDataInBounds (field does not intersect FMASK)
[1375/3634] [1343] HLS.S30.T11TME.2021146T183921.v2.0: SKIP NoDataInBounds (field does not intersect FMASK)
[1376/3634] [1347] HLS.S30.T11SMD.2021146T183921.v2.0: SKIP NoDataInBounds (field does not intersect FMASK)
[1377/3634] [1344] HLS.S30.T11TLE.2021146T183921.v2.0: SKIP NoDataInBounds (field does not intersect FMASK)
[1378/3634] [1348] HLS.S30.T11SLD.2021146T183921.v2.0: SKIP NoDataInBounds (field does not intersect FMASK)
[1379/3634] [1385] all outputs exist; skipping HLS.S30.T11SLC.2021148T182919.v2.0
[1380/3634] [1386] all outputs exist; skipping HLS.S30.T11SMB.2021148T182919.v2.0
[1381/3634] [1387] all outputs exist; skipping HLS.S30.T11SLB.2021148T182919.v2.0
[1382/3634] [1388] all outputs exist; skipping HLS.L30.T10TCM.2021149T190245.v2.0
[1383/3634] [1351] HLS.S30.T11SMC.2021146T183921.v2.0: SKIP NoDataInBounds (field does not intersect FMASK)
[1384/3634] [1389] all outputs exist; skipping HLS.L30.T10TDM.2021149T190245.v2.0
[1385/3634] [1391] all outputs exist; skipping HLS.S30.T10TGM.2021149T184921.v2.0
[1386/3634] [1392] all outputs exist; skipping HLS.S30.T11TKG.2021149T184921.v2.0
[1387/3634] [1393] all outputs exist; skipping HLS.S30.T10TFM.2021149T184921.v2.0
[1388/3634] [1394] all outputs exist; skipping HLS.S30.T10TEM.2021149T184921.v2.0
[1389/3634] [1379] HLS.S30.T10SDG.2021147T185919.v2.0: SKIP NoDataInBounds (field does not intersect FMASK)
[1390/3634] [1396] all outputs exist; skipping HLS.S30.T11TKF.2021149T184921.v2.0
[1391/3634] [1380] HLS.S30.T11TMF.2021148T182919.v2.0: SKIP NoDataInBounds (field does not intersect FMASK)
[1392/3634] [1397] all outputs exist; skipping HLS.S30.T10TGL.2021149T184921.v2.0
[1393/3634] [1398] all outputs exist; skipping HLS.S30.T10TFL.2021149T184921.v2.0
[1394/3634] [1399] all outputs exist; skipping HLS.L30.T10TCL.2021149T190309.v2.0
[1395/3634] [1401] all outputs exist; skipping HLS.S30.T10TEL.2021149T184921.v2.0
[1396/3634] [1402] all outputs exist; skipping HLS.S30.T11TKE.2021149T184921.v2.0
[1397/3634] [1403] all outputs exist; skipping HLS.S30.T10TGK.2021149T184921.v2.0
[1398/3634] [1404] all outputs exist; skipping HLS.S30.T10TFK.2021149T184921.v2.0
[1399/3634] [1405] all outputs exist; skipping HLS.S30.T10TEK.2021149T184921.v2.0
[1400/3634] [1406] all outputs exist; skipping HLS.S30.T11SKD.2021149T184921.v2.0
[1401/3634] [1407] all outputs exist; skipping HLS.S30.T10SGJ.2021149T184921.v2.0
[1402/3634] [1408] all outputs exist; skipping HLS.S30.T10SFJ.2021149T184921.v2.0
[1403/3634] [1409] all outputs exist; skipping HLS.S30.T10SEJ.2021149T184921.v2.0
[1404/3634] [1410] all outputs exist; skipping HLS.S30.T10SDJ.2021149T184921.v2.0
[1405/3634] [1411] all outputs exist; skipping HLS.S30.T11SKC.2021149T184921.v2.0
[1406/3634] [1412] all outputs exist; skipping HLS.S30.T10SGH.2021149T184921.v2.0
[1407/3634] [1413] all outputs exist; skipping HLS.S30.T10SFH.2021149T184921.v2.0
[1408/3634] [1414] all outputs exist; skipping HLS.S30.T10SEH.2021149T184921.v2.0
[1409/3634] [1415] all outputs exist; skipping HLS.S30.T10SDH.2021149T184921.v2.0
[1410/3634] [1416] all outputs exist; skipping HLS.S30.T11SKB.2021149T184921.v2.0
[1411/3634] [1417] all outputs exist; skipping HLS.S30.T10SGG.2021149T184921.v2.0
[1412/3634] [1418] all outputs exist; skipping HLS.S30.T10SFG.2021149T184921.v2.0
[1413/3634] [1419] all outputs exist; skipping HLS.S30.T10SEG.2021149T184921.v2.0
[1414/3634] [1420] all outputs exist; skipping HLS.S30.T10TDM.2021150T190919.v2.0
[1415/3634] [1421] all outputs exist; skipping HLS.S30.T10TCM.2021150T190919.v2.0
[1416/3634] [1422] all outputs exist; skipping HLS.S30.T10TDL.2021150T190919.v2.0
[1417/3634] [1423] all outputs exist; skipping HLS.S30.T10TCL.2021150T190919.v2.0
[1418/3634] [1424] all outputs exist; skipping HLS.S30.T10TDK.2021150T190919.v2.0
[1419/3634] [1425] all outputs exist; skipping HLS.S30.T10TCK.2021150T190919.v2.0
[1420/3634] [1426] all outputs exist; skipping HLS.L30.T10TFM.2021151T185024.v2.0
[1421/3634] [1427] all outputs exist; skipping HLS.L30.T10TEM.2021151T185024.v2.0
[1422/3634] [1428] all outputs exist; skipping HLS.L30.T10TDM.2021151T185048.v2.0
[1423/3634] [1429] all outputs exist; skipping HLS.L30.T10TFL.2021151T185048.v2.0
[1424/3634] [1430] all outputs exist; skipping HLS.L30.T10TEL.2021151T185048.v2.0
[1425/3634] [1431] all outputs exist; skipping HLS.L30.T10TDL.2021151T185048.v2.0
[1426/3634] [1432] all outputs exist; skipping HLS.L30.T10TCK.2021151T185112.v2.0
[1427/3634] [1433] all outputs exist; skipping HLS.L30.T10TEK.2021151T185112.v2.0
[1428/3634] [1434] all outputs exist; skipping HLS.L30.T10TDK.2021151T185112.v2.0
[1429/3634] [1435] all outputs exist; skipping HLS.L30.T10TFK.2021151T185112.v2.0
[1430/3634] [1436] all outputs exist; skipping HLS.L30.T10SDJ.2021151T185112.v2.0
[1431/3634] [1437] all outputs exist; skipping HLS.L30.T10SEJ.2021151T185112.v2.0
[1432/3634] [1438] all outputs exist; skipping HLS.L30.T10SEH.2021151T185136.v2.0
[1433/3634] [1439] all outputs exist; skipping HLS.L30.T10SDH.2021151T185136.v2.0
[1434/3634] [1440] all outputs exist; skipping HLS.L30.T10SEG.2021151T185200.v2.0
[1435/3634] [1381] HLS.S30.T11TME.2021148T182919.v2.0: SKIP NoDataInBounds (field does not intersect FMASK)
[1436/3634] [1382] HLS.S30.T11SMD.2021148T182919.v2.0: SKIP NoDataInBounds (field does not intersect FMASK)
[1437/3634] [1383] HLS.S30.T11SLD.2021148T182919.v2.0: SKIP NoDataInBounds (field does not intersect FMASK)
[1438/3634] [1444] all outputs exist; skipping HLS.S30.T10TGM.2021151T183919.v2.0
[1439/3634] [1445] all outputs exist; skipping HLS.S30.T11TKG.2021151T183919.v2.0
[1440/3634] [1384] HLS.S30.T11SMC.2021148T182919.v2.0: SKIP NoDataInBounds (field does not intersect FMASK)
[1441/3634] [1390] HLS.S30.T11TLG.2021149T184921.v2.0: SKIP NoDataInBounds (field does not intersect FMASK)
[1442/3634] [1448] all outputs exist; skipping HLS.S30.T11TKF.2021151T183919.v2.0
[1443/3634] [1449] all outputs exist; skipping HLS.S30.T10TGL.2021151T183919.v2.0
[1444/3634] [1395] HLS.S30.T11TLF.2021149T184921.v2.0: SKIP NoDataInBounds (field does not intersect FMASK)
[1445/3634] [1400] HLS.S30.T11TLE.2021149T184921.v2.0: SKIP NoDataInBounds (field does not intersect FMASK)
[1446/3634] [1452] all outputs exist; skipping HLS.S30.T11TKE.2021151T183919.v2.0
[1447/3634] [1453] all outputs exist; skipping HLS.S30.T10TGK.2021151T183919.v2.0
[1448/3634] [1441] HLS.L30.T10SDG.2021151T185200.v2.0: SKIP NoDataInBounds (field does not intersect FMASK)
[1449/3634] [1442] HLS.S30.T11TMG.2021151T183919.v2.0: SKIP NoDataInBounds (field does not intersect FMASK)
[1450/3634] [1456] all outputs exist; skipping HLS.S30.T11SKD.2021151T183919.v2.0
[1451/3634] [1457] all outputs exist; skipping HLS.S30.T10SGJ.2021151T183919.v2.0
[1452/3634] [1443] HLS.S30.T11TLG.2021151T183919.v2.0: SKIP NoDataInBounds (field does not intersect FMASK)
[1453/3634] [1459] all outputs exist; skipping HLS.S30.T10SFJ.2021151T183919.v2.0
[1454/3634] [1460] all outputs exist; skipping HLS.S30.T11SLC.2021151T183919.v2.0
[1455/3634] [1461] all outputs exist; skipping HLS.S30.T11SKC.2021151T183919.v2.0
[1456/3634] [1462] all outputs exist; skipping HLS.S30.T10SGH.2021151T183919.v2.0
[1457/3634] [1463] all outputs exist; skipping HLS.S30.T10SFH.2021151T183919.v2.0
[1458/3634] [1464] all outputs exist; skipping HLS.S30.T11SMB.2021151T183919.v2.0
[1459/3634] [1465] all outputs exist; skipping HLS.S30.T11SLB.2021151T183919.v2.0
[1460/3634] [1466] all outputs exist; skipping HLS.S30.T11SKB.2021151T183919.v2.0
[1461/3634] [1467] all outputs exist; skipping HLS.S30.T10SGG.2021151T183919.v2.0
[1462/3634] [1468] all outputs exist; skipping HLS.S30.T10SFG.2021151T183919.v2.0
[1463/3634] [1469] all outputs exist; skipping HLS.S30.T10TFM.2021152T185921.v2.0
[1464/3634] [1470] all outputs exist; skipping HLS.S30.T10TEM.2021152T185921.v2.0
[1465/3634] [1471] all outputs exist; skipping HLS.S30.T10TDM.2021152T185921.v2.0
[1466/3634] [1472] all outputs exist; skipping HLS.S30.T10TCM.2021152T185921.v2.0
[1467/3634] [1473] all outputs exist; skipping HLS.S30.T10TFL.2021152T185921.v2.0
[1468/3634] [1474] all outputs exist; skipping HLS.S30.T10TEL.2021152T185921.v2.0
[1469/3634] [1475] all outputs exist; skipping HLS.S30.T10TDL.2021152T185921.v2.0
[1470/3634] [1476] all outputs exist; skipping HLS.S30.T10TFK.2021152T185921.v2.0
[1471/3634] [1477] all outputs exist; skipping HLS.S30.T10TCL.2021152T185921.v2.0
[1472/3634] [1478] all outputs exist; skipping HLS.S30.T10TEK.2021152T185921.v2.0
[1473/3634] [1479] all outputs exist; skipping HLS.S30.T10TDK.2021152T185921.v2.0
[1474/3634] [1480] all outputs exist; skipping HLS.S30.T10TCK.2021152T185921.v2.0
[1475/3634] [1481] all outputs exist; skipping HLS.S30.T10SEJ.2021152T185921.v2.0
[1476/3634] [1482] all outputs exist; skipping HLS.S30.T10SDJ.2021152T185921.v2.0
[1477/3634] [1483] all outputs exist; skipping HLS.S30.T10SEH.2021152T185921.v2.0
[1478/3634] [1484] all outputs exist; skipping HLS.S30.T10SDH.2021152T185921.v2.0
[1479/3634] [1446] HLS.S30.T11TMF.2021151T183919.v2.0: SKIP NoDataInBounds (field does not intersect FMASK)
[1480/3634] [1447] HLS.S30.T11TLF.2021151T183919.v2.0: SKIP NoDataInBounds (field does not intersect FMASK)
[1481/3634] [1450] HLS.S30.T11TME.2021151T183919.v2.0: SKIP NoDataInBounds (field does not intersect FMASK)
[1482/3634] [1488] all outputs exist; skipping HLS.L30.T11TKG.2021153T183827.v2.0
[1483/3634] [1489] all outputs exist; skipping HLS.L30.T10TFL.2021153T183827.v2.0
[1484/3634] [1490] all outputs exist; skipping HLS.L30.T11TKF.2021153T183827.v2.0
[1485/3634] [1491] all outputs exist; skipping HLS.L30.T10TGM.2021153T183827.v2.0
[1486/3634] [1492] all outputs exist; skipping HLS.L30.T10TGL.2021153T183827.v2.0
[1487/3634] [1451] HLS.S30.T11TLE.2021151T183919.v2.0: SKIP NoDataInBounds (field does not intersect FMASK)
[1488/3634] [1494] all outputs exist; skipping HLS.L30.T10SGJ.2021153T183851.v2.0
[1489/3634] [1495] all outputs exist; skipping HLS.L30.T10TFK.2021153T183851.v2.0
[1490/3634] [1454] HLS.S30.T11SMD.2021151T183919.v2.0: SKIP NoDataInBounds (field does not intersect FMASK)
[1491/3634] [1497] all outputs exist; skipping HLS.L30.T11TKE.2021153T183851.v2.0
[1492/3634] [1498] all outputs exist; skipping HLS.L30.T10TGK.2021153T183851.v2.0
[1493/3634] [1499] all outputs exist; skipping HLS.L30.T11SKD.2021153T183851.v2.0
[1494/3634] [1500] all outputs exist; skipping HLS.L30.T10SFJ.2021153T183851.v2.0
[1495/3634] [1501] all outputs exist; skipping HLS.L30.T11SKC.2021153T183915.v2.0
[1496/3634] [1502] all outputs exist; skipping HLS.L30.T10SFH.2021153T183915.v2.0
[1497/3634] [1503] all outputs exist; skipping HLS.L30.T10SGH.2021153T183915.v2.0
[1498/3634] [1504] all outputs exist; skipping HLS.L30.T11SLC.2021153T183915.v2.0
[1499/3634] [1505] all outputs exist; skipping HLS.L30.T11SKB.2021153T183939.v2.0
[1500/3634] [1506] all outputs exist; skipping HLS.L30.T10SFG.2021153T183939.v2.0
[1501/3634] [1507] all outputs exist; skipping HLS.L30.T10SGG.2021153T183939.v2.0
[1502/3634] [1458] HLS.S30.T11SMC.2021151T183919.v2.0: SKIP NoDataInBounds (field does not intersect FMASK)
[1503/3634] [1455] HLS.S30.T11SLD.2021151T183919.v2.0: SKIP NoDataInBounds (field does not intersect FMASK)
[1504/3634] [1485] HLS.L30.T11TMG.2021153T183803.v2.0: SKIP NoDataInBounds (field does not intersect FMASK)
[1505/3634] [1487] HLS.L30.T11TLF.2021153T183827.v2.0: SKIP NoDataInBounds (field does not intersect FMASK)
[1506/3634] [1486] HLS.L30.T11TLG.2021153T183803.v2.0: SKIP NoDataInBounds (field does not intersect FMASK)
[1507/3634] [1513] all outputs exist; skipping HLS.S30.T11SLC.2021153T182921.v2.0
[1508/3634] [1514] all outputs exist; skipping HLS.S30.T11SMB.2021153T182921.v2.0
[1509/3634] [1515] all outputs exist; skipping HLS.S30.T11SLB.2021153T182921.v2.0
[1510/3634] [1493] HLS.L30.T11TLE.2021153T183851.v2.0: SKIP NoDataInBounds (field does not intersect FMASK)
[1511/3634] [1517] all outputs exist; skipping HLS.S30.T10TGM.2021154T184919.v2.0
[1512/3634] [1518] all outputs exist; skipping HLS.S30.T11TKG.2021154T184919.v2.0
[1513/3634] [1519] all outputs exist; skipping HLS.S30.T10TFM.2021154T184919.v2.0
[1514/3634] [1520] all outputs exist; skipping HLS.S30.T10TEM.2021154T184919.v2.0
[1515/3634] [1496] HLS.L30.T11SLD.2021153T183851.v2.0: SKIP NoDataInBounds (field does not intersect FMASK)
[1516/3634] [1522] all outputs exist; skipping HLS.S30.T11TKF.2021154T184919.v2.0
[1517/3634] [1523] all outputs exist; skipping HLS.S30.T10TGL.2021154T184919.v2.0
[1518/3634] [1524] all outputs exist; skipping HLS.S30.T10TFL.2021154T184919.v2.0
[1519/3634] [1508] HLS.S30.T11TMF.2021153T182921.v2.0: SKIP NoDataInBounds (field does not intersect FMASK)
[1520/3634] [1526] all outputs exist; skipping HLS.S30.T10TEL.2021154T184919.v2.0
[1521/3634] [1527] all outputs exist; skipping HLS.S30.T11TKE.2021154T184919.v2.0
[1522/3634] [1528] all outputs exist; skipping HLS.S30.T10TGK.2021154T184919.v2.0
[1523/3634] [1529] all outputs exist; skipping HLS.S30.T10TFK.2021154T184919.v2.0
[1524/3634] [1530] all outputs exist; skipping HLS.S30.T10TEK.2021154T184919.v2.0
[1525/3634] [1531] all outputs exist; skipping HLS.S30.T11SKD.2021154T184919.v2.0
[1526/3634] [1532] all outputs exist; skipping HLS.S30.T10SGJ.2021154T184919.v2.0
[1527/3634] [1533] all outputs exist; skipping HLS.S30.T10SFJ.2021154T184919.v2.0
[1528/3634] [1534] all outputs exist; skipping HLS.S30.T10SEJ.2021154T184919.v2.0
[1529/3634] [1535] all outputs exist; skipping HLS.S30.T10SDJ.2021154T184919.v2.0
[1530/3634] [1536] all outputs exist; skipping HLS.S30.T11SKC.2021154T184919.v2.0
[1531/3634] [1537] all outputs exist; skipping HLS.S30.T10SGH.2021154T184919.v2.0
[1532/3634] [1538] all outputs exist; skipping HLS.S30.T10SFH.2021154T184919.v2.0
[1533/3634] [1539] all outputs exist; skipping HLS.S30.T10SEH.2021154T184919.v2.0
[1534/3634] [1540] all outputs exist; skipping HLS.S30.T10SDH.2021154T184919.v2.0
[1535/3634] [1541] all outputs exist; skipping HLS.S30.T11SKB.2021154T184919.v2.0
[1536/3634] [1542] all outputs exist; skipping HLS.S30.T10SGG.2021154T184919.v2.0
[1537/3634] [1543] all outputs exist; skipping HLS.S30.T10SFG.2021154T184919.v2.0
[1538/3634] [1544] all outputs exist; skipping HLS.S30.T10SEG.2021154T184919.v2.0
[1539/3634] [1509] HLS.S30.T11TME.2021153T182921.v2.0: SKIP NoDataInBounds (field does not intersect FMASK)
[1540/3634] [1510] HLS.S30.T11SMD.2021153T182921.v2.0: SKIP NoDataInBounds (field does not intersect FMASK)
[1541/3634] [1511] HLS.S30.T11SLD.2021153T182921.v2.0: SKIP NoDataInBounds (field does not intersect FMASK)
[1542/3634] [1512] HLS.S30.T11SMC.2021153T182921.v2.0: SKIP NoDataInBounds (field does not intersect FMASK)
[1543/3634] [1516] HLS.S30.T11TLG.2021154T184919.v2.0: SKIP NoDataInBounds (field does not intersect FMASK)
[1544/3634] [1521] HLS.S30.T11TLF.2021154T184919.v2.0: SKIP NoDataInBounds (field does not intersect FMASK)
[1545/3634] [1551] all outputs exist; skipping HLS.L30.T11SLC.2021155T182654.v2.0
[1546/3634] [1552] all outputs exist; skipping HLS.L30.T11SLB.2021155T182718.v2.0
[1547/3634] [1553] all outputs exist; skipping HLS.L30.T11SMB.2021155T182718.v2.0
[1548/3634] [1554] all outputs exist; skipping HLS.S30.T10TDM.2021155T190911.v2.0
[1549/3634] [1555] all outputs exist; skipping HLS.S30.T10TCM.2021155T190911.v2.0
[1550/3634] [1556] all outputs exist; skipping HLS.S30.T10TDL.2021155T190911.v2.0
[1551/3634] [1557] all outputs exist; skipping HLS.S30.T10TCL.2021155T190911.v2.0
[1552/3634] [1558] all outputs exist; skipping HLS.S30.T10TDK.2021155T190911.v2.0
[1553/3634] [1559] all outputs exist; skipping HLS.S30.T10TCK.2021155T190911.v2.0
[1554/3634] [1525] HLS.S30.T11TLE.2021154T184919.v2.0: SKIP NoDataInBounds (field does not intersect FMASK)
[1555/3634] [1545] HLS.S30.T10SDG.2021154T184919.v2.0: SKIP NoDataInBounds (field does not intersect FMASK)
[1556/3634] [1562] all outputs exist; skipping HLS.S30.T10TGM.2021156T183921.v2.0
[1557/3634] [1563] all outputs exist; skipping HLS.S30.T11TKG.2021156T183921.v2.0
[1558/3634] [1546] HLS.L30.T11TMF.2021155T182606.v2.0: SKIP NoDataInBounds (field does not intersect FMASK)
[1559/3634] [1547] HLS.L30.T11TME.2021155T182630.v2.0: SKIP NoDataInBounds (field does not intersect FMASK)
[1560/3634] [1566] all outputs exist; skipping HLS.S30.T11TKF.2021156T183921.v2.0
[1561/3634] [1567] all outputs exist; skipping HLS.S30.T10TGL.2021156T183921.v2.0
[1562/3634] [1548] HLS.L30.T11SMD.2021155T182630.v2.0: SKIP NoDataInBounds (field does not intersect FMASK)
[1563/3634] [1549] HLS.L30.T11SLD.2021155T182654.v2.0: SKIP NoDataInBounds (field does not intersect FMASK)
[1564/3634] [1570] all outputs exist; skipping HLS.S30.T11TKE.2021156T183921.v2.0
[1565/3634] [1571] all outputs exist; skipping HLS.S30.T10TGK.2021156T183921.v2.0
[1566/3634] [1550] HLS.L30.T11SMC.2021155T182654.v2.0: SKIP NoDataInBounds (field does not intersect FMASK)
[1567/3634] [1560] HLS.S30.T11TMG.2021156T183921.v2.0: SKIP NoDataInBounds (field does not intersect FMASK)
[1568/3634] [1574] all outputs exist; skipping HLS.S30.T11SKD.2021156T183921.v2.0
[1569/3634] [1575] all outputs exist; skipping HLS.S30.T10SGJ.2021156T183921.v2.0
[1570/3634] [1561] HLS.S30.T11TLG.2021156T183921.v2.0: SKIP NoDataInBounds (field does not intersect FMASK)
[1571/3634] [1577] all outputs exist; skipping HLS.S30.T11SLC.2021156T183921.v2.0
[1572/3634] [1578] all outputs exist; skipping HLS.S30.T10SFJ.2021156T183921.v2.0
[1573/3634] [1579] all outputs exist; skipping HLS.S30.T11SKC.2021156T183921.v2.0
[1574/3634] [1580] all outputs exist; skipping HLS.S30.T10SGH.2021156T183921.v2.0
[1575/3634] [1581] all outputs exist; skipping HLS.S30.T10SFH.2021156T183921.v2.0
[1576/3634] [1582] all outputs exist; skipping HLS.S30.T11SMB.2021156T183921.v2.0
[1577/3634] [1583] all outputs exist; skipping HLS.S30.T11SLB.2021156T183921.v2.0
[1578/3634] [1584] all outputs exist; skipping HLS.S30.T11SKB.2021156T183921.v2.0
[1579/3634] [1585] all outputs exist; skipping HLS.S30.T10SGG.2021156T183921.v2.0
[1580/3634] [1586] all outputs exist; skipping HLS.S30.T10SFG.2021156T183921.v2.0
[1581/3634] [1587] all outputs exist; skipping HLS.S30.T10TFM.2021157T185919.v2.0
[1582/3634] [1588] all outputs exist; skipping HLS.S30.T10TEM.2021157T185919.v2.0
[1583/3634] [1589] all outputs exist; skipping HLS.S30.T10TDM.2021157T185919.v2.0
[1584/3634] [1590] all outputs exist; skipping HLS.S30.T10TCM.2021157T185919.v2.0
[1585/3634] [1591] all outputs exist; skipping HLS.S30.T10TFL.2021157T185919.v2.0
[1586/3634] [1592] all outputs exist; skipping HLS.S30.T10TEL.2021157T185919.v2.0
[1587/3634] [1593] all outputs exist; skipping HLS.S30.T10TDL.2021157T185919.v2.0
[1588/3634] [1594] all outputs exist; skipping HLS.S30.T10TFK.2021157T185919.v2.0
[1589/3634] [1595] all outputs exist; skipping HLS.S30.T10TCL.2021157T185919.v2.0
[1590/3634] [1596] all outputs exist; skipping HLS.S30.T10TEK.2021157T185919.v2.0
[1591/3634] [1597] all outputs exist; skipping HLS.S30.T10TDK.2021157T185919.v2.0
[1592/3634] [1598] all outputs exist; skipping HLS.S30.T10TCK.2021157T185919.v2.0
[1593/3634] [1599] all outputs exist; skipping HLS.S30.T10SEJ.2021157T185919.v2.0
[1594/3634] [1600] all outputs exist; skipping HLS.S30.T10SDJ.2021157T185919.v2.0
[1595/3634] [1601] all outputs exist; skipping HLS.S30.T10SEH.2021157T185919.v2.0
[1596/3634] [1602] all outputs exist; skipping HLS.S30.T10SDH.2021157T185919.v2.0
[1597/3634] [1603] all outputs exist; skipping HLS.S30.T10SEG.2021157T185919.v2.0
[1598/3634] [1564] HLS.S30.T11TMF.2021156T183921.v2.0: SKIP NoDataInBounds (field does not intersect FMASK)
[1599/3634] [1568] HLS.S30.T11TME.2021156T183921.v2.0: SKIP NoDataInBounds (field does not intersect FMASK)
[1600/3634] [1569] HLS.S30.T11TLE.2021156T183921.v2.0: SKIP NoDataInBounds (field does not intersect FMASK)
[1601/3634] [1565] HLS.S30.T11TLF.2021156T183921.v2.0: SKIP NoDataInBounds (field does not intersect FMASK)
[1602/3634] [1573] HLS.S30.T11SLD.2021156T183921.v2.0: SKIP NoDataInBounds (field does not intersect FMASK)
[1603/3634] [1572] HLS.S30.T11SMD.2021156T183921.v2.0: SKIP NoDataInBounds (field does not intersect FMASK)
[1604/3634] [1610] all outputs exist; skipping HLS.S30.T11SLC.2021158T182919.v2.0
[1605/3634] [1611] all outputs exist; skipping HLS.S30.T11SMB.2021158T182919.v2.0
[1606/3634] [1612] all outputs exist; skipping HLS.S30.T11SLB.2021158T182919.v2.0
[1607/3634] [1613] all outputs exist; skipping HLS.L30.T10TEM.2021158T185638.v2.0
[1608/3634] [1576] HLS.S30.T11SMC.2021156T183921.v2.0: SKIP NoDataInBounds (field does not intersect FMASK)
[1609/3634] [1614] all outputs exist; skipping HLS.L30.T10TDM.2021158T185638.v2.0
[1610/3634] [1615] all outputs exist; skipping HLS.L30.T10TEL.2021158T185702.v2.0
[1611/3634] [1616] all outputs exist; skipping HLS.L30.T10TDL.2021158T185702.v2.0
[1612/3634] [1617] all outputs exist; skipping HLS.L30.T10TCL.2021158T185702.v2.0
[1613/3634] [1618] all outputs exist; skipping HLS.L30.T10TCM.2021158T185702.v2.0
[1614/3634] [1620] all outputs exist; skipping HLS.L30.T10TCK.2021158T185726.v2.0
[1615/3634] [1619] all outputs exist; skipping HLS.L30.T10TDK.2021158T185726.v2.0
[1616/3634] [1622] all outputs exist; skipping HLS.L30.T10SDH.2021158T185749.v2.0
[1617/3634] [1621] all outputs exist; skipping HLS.L30.T10SDJ.2021158T185726.v2.0
[1618/3634] [1624] all outputs exist; skipping HLS.S30.T10TGM.2021159T184921.v2.0
[1619/3634] [1625] all outputs exist; skipping HLS.S30.T11TKG.2021159T184921.v2.0
[1620/3634] [1626] all outputs exist; skipping HLS.S30.T10TFM.2021159T184921.v2.0
[1621/3634] [1627] all outputs exist; skipping HLS.S30.T10TEM.2021159T184921.v2.0
[1622/3634] [1604] HLS.S30.T10SDG.2021157T185919.v2.0: SKIP NoDataInBounds (field does not intersect FMASK)
[1623/3634] [1629] all outputs exist; skipping HLS.S30.T11TKF.2021159T184921.v2.0
[1624/3634] [1630] all outputs exist; skipping HLS.S30.T10TGL.2021159T184921.v2.0
[1625/3634] [1631] all outputs exist; skipping HLS.S30.T10TFL.2021159T184921.v2.0
[1626/3634] [1605] HLS.S30.T11TMF.2021158T182919.v2.0: SKIP NoDataInBounds (field does not intersect FMASK)
[1627/3634] [1633] all outputs exist; skipping HLS.S30.T10TEL.2021159T184921.v2.0
[1628/3634] [1634] all outputs exist; skipping HLS.S30.T11TKE.2021159T184921.v2.0
[1629/3634] [1635] all outputs exist; skipping HLS.S30.T10TGK.2021159T184921.v2.0
[1630/3634] [1636] all outputs exist; skipping HLS.S30.T10TFK.2021159T184921.v2.0
[1631/3634] [1637] all outputs exist; skipping HLS.S30.T10TEK.2021159T184921.v2.0
[1632/3634] [1638] all outputs exist; skipping HLS.S30.T11SKD.2021159T184921.v2.0
[1633/3634] [1639] all outputs exist; skipping HLS.S30.T10SGJ.2021159T184921.v2.0
[1634/3634] [1640] all outputs exist; skipping HLS.S30.T10SFJ.2021159T184921.v2.0
[1635/3634] [1641] all outputs exist; skipping HLS.S30.T10SEJ.2021159T184921.v2.0
[1636/3634] [1642] all outputs exist; skipping HLS.S30.T10SDJ.2021159T184921.v2.0
[1637/3634] [1643] all outputs exist; skipping HLS.S30.T11SKC.2021159T184921.v2.0
[1638/3634] [1644] all outputs exist; skipping HLS.S30.T10SGH.2021159T184921.v2.0
[1639/3634] [1645] all outputs exist; skipping HLS.S30.T10SFH.2021159T184921.v2.0
[1640/3634] [1646] all outputs exist; skipping HLS.S30.T10SEH.2021159T184921.v2.0
[1641/3634] [1647] all outputs exist; skipping HLS.S30.T10SDH.2021159T184921.v2.0
[1642/3634] [1648] all outputs exist; skipping HLS.S30.T11SKB.2021159T184921.v2.0
[1643/3634] [1649] all outputs exist; skipping HLS.S30.T10SGG.2021159T184921.v2.0
[1644/3634] [1650] all outputs exist; skipping HLS.S30.T10SFG.2021159T184921.v2.0
[1645/3634] [1651] all outputs exist; skipping HLS.S30.T10SEG.2021159T184921.v2.0
[1646/3634] [1606] HLS.S30.T11TME.2021158T182919.v2.0: SKIP NoDataInBounds (field does not intersect FMASK)
[1647/3634] [1653] all outputs exist; skipping HLS.L30.T11TKG.2021160T184417.v2.0
[1648/3634] [1654] all outputs exist; skipping HLS.L30.T10TGM.2021160T184417.v2.0
[1649/3634] [1655] all outputs exist; skipping HLS.L30.T10TEM.2021160T184441.v2.0
[1650/3634] [1656] all outputs exist; skipping HLS.L30.T10TFL.2021160T184441.v2.0
[1651/3634] [1657] all outputs exist; skipping HLS.L30.T10TFM.2021160T184441.v2.0
[1652/3634] [1658] all outputs exist; skipping HLS.L30.T10TGL.2021160T184441.v2.0
[1653/3634] [1659] all outputs exist; skipping HLS.L30.T11TKF.2021160T184441.v2.0
[1654/3634] [1660] all outputs exist; skipping HLS.L30.T10TEL.2021160T184441.v2.0
[1655/3634] [1661] all outputs exist; skipping HLS.L30.T10SGJ.2021160T184505.v2.0
[1656/3634] [1662] all outputs exist; skipping HLS.L30.T10TGK.2021160T184505.v2.0
[1657/3634] [1663] all outputs exist; skipping HLS.L30.T11SKD.2021160T184505.v2.0
[1658/3634] [1664] all outputs exist; skipping HLS.L30.T10SFJ.2021160T184505.v2.0
[1659/3634] [1665] all outputs exist; skipping HLS.L30.T11TKE.2021160T184505.v2.0
[1660/3634] [1666] all outputs exist; skipping HLS.L30.T10TEK.2021160T184505.v2.0
[1661/3634] [1667] all outputs exist; skipping HLS.L30.T10TFK.2021160T184505.v2.0
[1662/3634] [1668] all outputs exist; skipping HLS.L30.T10SEJ.2021160T184505.v2.0
[1663/3634] [1669] all outputs exist; skipping HLS.L30.T10SEH.2021160T184529.v2.0
[1664/3634] [1670] all outputs exist; skipping HLS.L30.T10SFH.2021160T184529.v2.0
[1665/3634] [1671] all outputs exist; skipping HLS.L30.T10SGH.2021160T184529.v2.0
[1666/3634] [1672] all outputs exist; skipping HLS.L30.T10SDH.2021160T184529.v2.0
[1667/3634] [1607] HLS.S30.T11SMD.2021158T182919.v2.0: SKIP NoDataInBounds (field does not intersect FMASK)
[1668/3634] [1674] all outputs exist; skipping HLS.L30.T10SEG.2021160T184553.v2.0
[1669/3634] [1675] all outputs exist; skipping HLS.L30.T10SFG.2021160T184553.v2.0
[1670/3634] [1676] all outputs exist; skipping HLS.S30.T10TDM.2021160T190919.v2.0
[1671/3634] [1677] all outputs exist; skipping HLS.S30.T10TCM.2021160T190919.v2.0
[1672/3634] [1678] all outputs exist; skipping HLS.S30.T10TDL.2021160T190919.v2.0
[1673/3634] [1679] all outputs exist; skipping HLS.S30.T10TDK.2021160T190919.v2.0
[1674/3634] [1608] HLS.S30.T11SLD.2021158T182919.v2.0: SKIP NoDataInBounds (field does not intersect FMASK)
[1675/3634] [1623] HLS.S30.T11TLG.2021159T184921.v2.0: SKIP NoDataInBounds (field does not intersect FMASK)
[1676/3634] [1682] all outputs exist; skipping HLS.S30.T10TGM.2021161T183919.v2.0
[1677/3634] [1683] all outputs exist; skipping HLS.S30.T11TKG.2021161T183919.v2.0
[1678/3634] [1628] HLS.S30.T11TLF.2021159T184921.v2.0: SKIP NoDataInBounds (field does not intersect FMASK)
[1679/3634] [1632] HLS.S30.T11TLE.2021159T184921.v2.0: SKIP NoDataInBounds (field does not intersect FMASK)
[1680/3634] [1686] all outputs exist; skipping HLS.S30.T11TKF.2021161T183919.v2.0
[1681/3634] [1687] all outputs exist; skipping HLS.S30.T10TGL.2021161T183919.v2.0
[1682/3634] [1652] HLS.S30.T10SDG.2021159T184921.v2.0: SKIP NoDataInBounds (field does not intersect FMASK)
[1683/3634] [1673] HLS.L30.T10SDG.2021160T184553.v2.0: SKIP NoDataInBounds (field does not intersect FMASK)
[1684/3634] [1690] all outputs exist; skipping HLS.S30.T11TKE.2021161T183919.v2.0
[1685/3634] [1691] all outputs exist; skipping HLS.S30.T10TGK.2021161T183919.v2.0
[1686/3634] [1680] HLS.S30.T11TMG.2021161T183919.v2.0: SKIP NoDataInBounds (field does not intersect FMASK)
[1687/3634] [1681] HLS.S30.T11TLG.2021161T183919.v2.0: SKIP NoDataInBounds (field does not intersect FMASK)
[1688/3634] [1694] all outputs exist; skipping HLS.S30.T11SKD.2021161T183919.v2.0
[1689/3634] [1695] all outputs exist; skipping HLS.S30.T10SGJ.2021161T183919.v2.0
[1690/3634] [1609] HLS.S30.T11SMC.2021158T182919.v2.0: SKIP NoDataInBounds (field does not intersect FMASK)
[1691/3634] [1697] all outputs exist; skipping HLS.S30.T10SFJ.2021161T183919.v2.0
[1692/3634] [1698] all outputs exist; skipping HLS.S30.T11SLC.2021161T183919.v2.0
[1693/3634] [1699] all outputs exist; skipping HLS.S30.T11SKC.2021161T183919.v2.0
[1694/3634] [1700] all outputs exist; skipping HLS.S30.T10SGH.2021161T183919.v2.0
[1695/3634] [1701] all outputs exist; skipping HLS.S30.T10SFH.2021161T183919.v2.0
[1696/3634] [1702] all outputs exist; skipping HLS.S30.T11SMB.2021161T183919.v2.0
[1697/3634] [1703] all outputs exist; skipping HLS.S30.T11SLB.2021161T183919.v2.0
[1698/3634] [1704] all outputs exist; skipping HLS.S30.T11SKB.2021161T183919.v2.0
[1699/3634] [1705] all outputs exist; skipping HLS.S30.T10SGG.2021161T183919.v2.0
[1700/3634] [1706] all outputs exist; skipping HLS.S30.T10SFG.2021161T183919.v2.0
[1701/3634] [1684] HLS.S30.T11TMF.2021161T183919.v2.0: SKIP NoDataInBounds (field does not intersect FMASK)
[1702/3634] [1688] HLS.S30.T11TME.2021161T183919.v2.0: SKIP NoDataInBounds (field does not intersect FMASK)
[1703/3634] [1689] HLS.S30.T11TLE.2021161T183919.v2.0: SKIP NoDataInBounds (field does not intersect FMASK)
[1704/3634] [1692] HLS.S30.T11SMD.2021161T183919.v2.0: SKIP NoDataInBounds (field does not intersect FMASK)
[1705/3634] [1711] all outputs exist; skipping HLS.L30.T11TKE.2021162T183244.v2.0
[1706/3634] [1712] all outputs exist; skipping HLS.L30.T10TGK.2021162T183244.v2.0
[1707/3634] [1693] HLS.S30.T11SLD.2021161T183919.v2.0: SKIP NoDataInBounds (field does not intersect FMASK)
[1708/3634] [1696] HLS.S30.T11SMC.2021161T183919.v2.0: SKIP NoDataInBounds (field does not intersect FMASK)
[1709/3634] [1707] HLS.L30.T11TMG.2021162T183156.v2.0: SKIP NoDataInBounds (field does not intersect FMASK)
[1710/3634] [1716] all outputs exist; skipping HLS.L30.T11SKD.2021162T183244.v2.0
[1711/3634] [1708] HLS.L30.T11TLG.2021162T183220.v2.0: SKIP NoDataInBounds (field does not intersect FMASK)
[1712/3634] [1718] all outputs exist; skipping HLS.L30.T10SGJ.2021162T183308.v2.0
[1713/3634] [1709] HLS.L30.T11TMF.2021162T183220.v2.0: SKIP NoDataInBounds (field does not intersect FMASK)
[1714/3634] [1720] all outputs exist; skipping HLS.L30.T10SGH.2021162T183308.v2.0
[1715/3634] [1721] all outputs exist; skipping HLS.L30.T11SLC.2021162T183308.v2.0
[1716/3634] [1722] all outputs exist; skipping HLS.L30.T11SKC.2021162T183308.v2.0
[1717/3634] [1723] all outputs exist; skipping HLS.L30.T11SMB.2021162T183332.v2.0
[1718/3634] [1724] all outputs exist; skipping HLS.L30.T11SKB.2021162T183332.v2.0
[1719/3634] [1725] all outputs exist; skipping HLS.L30.T10SGG.2021162T183332.v2.0
[1720/3634] [1726] all outputs exist; skipping HLS.L30.T11SLB.2021162T183332.v2.0
[1721/3634] [1727] all outputs exist; skipping HLS.S30.T10TFM.2021162T185921.v2.0
[1722/3634] [1728] all outputs exist; skipping HLS.S30.T10TEM.2021162T185921.v2.0
[1723/3634] [1729] all outputs exist; skipping HLS.S30.T10TFL.2021162T185921.v2.0
[1724/3634] [1730] all outputs exist; skipping HLS.S30.T10TEL.2021162T185921.v2.0
[1725/3634] [1731] all outputs exist; skipping HLS.S30.T10TDL.2021162T185921.v2.0
[1726/3634] [1732] all outputs exist; skipping HLS.S30.T10TFK.2021162T185921.v2.0
[1727/3634] [1733] all outputs exist; skipping HLS.S30.T10TEK.2021162T185921.v2.0
[1728/3634] [1734] all outputs exist; skipping HLS.S30.T10SEJ.2021162T185921.v2.0
[1729/3634] [1735] all outputs exist; skipping HLS.S30.T10SDJ.2021162T185921.v2.0
[1730/3634] [1736] all outputs exist; skipping HLS.S30.T10SEH.2021162T185921.v2.0
[1731/3634] [1737] all outputs exist; skipping HLS.S30.T10SDH.2021162T185921.v2.0
[1732/3634] [1738] all outputs exist; skipping HLS.S30.T10SEG.2021162T185921.v2.0
[1733/3634] [1710] HLS.L30.T11TLF.2021162T183220.v2.0: SKIP NoDataInBounds (field does not intersect FMASK)
[1734/3634] [1713] HLS.L30.T11TLE.2021162T183244.v2.0: SKIP NoDataInBounds (field does not intersect FMASK)
[1735/3634] [1714] HLS.L30.T11SMD.2021162T183244.v2.0: SKIP NoDataInBounds (field does not intersect FMASK)
[1736/3634] [1715] HLS.L30.T11TME.2021162T183244.v2.0: SKIP NoDataInBounds (field does not intersect FMASK)
[1737/3634] [1717] HLS.L30.T11SLD.2021162T183244.v2.0: SKIP NoDataInBounds (field does not intersect FMASK)
[1738/3634] [1719] HLS.L30.T11SMC.2021162T183308.v2.0: SKIP NoDataInBounds (field does not intersect FMASK)
[1739/3634] [1745] all outputs exist; skipping HLS.S30.T11SLC.2021163T182921.v2.0
[1740/3634] [1746] all outputs exist; skipping HLS.S30.T11SMB.2021163T182921.v2.0
[1741/3634] [1747] all outputs exist; skipping HLS.S30.T11SLB.2021163T182921.v2.0
[1742/3634] [1740] HLS.S30.T11TMF.2021163T182921.v2.0: SKIP NoDataInBounds (field does not intersect FMASK)
[1743/3634] [1749] all outputs exist; skipping HLS.S30.T10TGM.2021164T184919.v2.0
[1744/3634] [1750] all outputs exist; skipping HLS.S30.T11TKG.2021164T184919.v2.0
[1745/3634] [1751] all outputs exist; skipping HLS.S30.T10TFM.2021164T184919.v2.0
[1746/3634] [1752] all outputs exist; skipping HLS.S30.T10TEM.2021164T184919.v2.0
[1747/3634] [1739] HLS.S30.T10SDG.2021162T185921.v2.0: SKIP NoDataInBounds (field does not intersect FMASK)
[1748/3634] [1754] all outputs exist; skipping HLS.S30.T11TKF.2021164T184919.v2.0
[1749/3634] [1755] all outputs exist; skipping HLS.S30.T10TGL.2021164T184919.v2.0
[1750/3634] [1756] all outputs exist; skipping HLS.S30.T10TFL.2021164T184919.v2.0
[1751/3634] [1741] HLS.S30.T11TME.2021163T182921.v2.0: SKIP NoDataInBounds (field does not intersect FMASK)
[1752/3634] [1758] all outputs exist; skipping HLS.S30.T10TEL.2021164T184919.v2.0
[1753/3634] [1759] all outputs exist; skipping HLS.S30.T11TKE.2021164T184919.v2.0
[1754/3634] [1760] all outputs exist; skipping HLS.S30.T10TGK.2021164T184919.v2.0
[1755/3634] [1761] all outputs exist; skipping HLS.S30.T10TFK.2021164T184919.v2.0
[1756/3634] [1762] all outputs exist; skipping HLS.S30.T10TEK.2021164T184919.v2.0
[1757/3634] [1763] all outputs exist; skipping HLS.S30.T11SKD.2021164T184919.v2.0
[1758/3634] [1764] all outputs exist; skipping HLS.S30.T10SGJ.2021164T184919.v2.0
[1759/3634] [1765] all outputs exist; skipping HLS.S30.T10SFJ.2021164T184919.v2.0
[1760/3634] [1766] all outputs exist; skipping HLS.S30.T10SEJ.2021164T184919.v2.0
[1761/3634] [1767] all outputs exist; skipping HLS.S30.T10SDJ.2021164T184919.v2.0
[1762/3634] [1768] all outputs exist; skipping HLS.S30.T11SKC.2021164T184919.v2.0
[1763/3634] [1769] all outputs exist; skipping HLS.S30.T10SGH.2021164T184919.v2.0
[1764/3634] [1770] all outputs exist; skipping HLS.S30.T10SFH.2021164T184919.v2.0
[1765/3634] [1771] all outputs exist; skipping HLS.S30.T10SEH.2021164T184919.v2.0
[1766/3634] [1772] all outputs exist; skipping HLS.S30.T10SDH.2021164T184919.v2.0
[1767/3634] [1773] all outputs exist; skipping HLS.S30.T11SKB.2021164T184919.v2.0
[1768/3634] [1774] all outputs exist; skipping HLS.S30.T10SGG.2021164T184919.v2.0
[1769/3634] [1775] all outputs exist; skipping HLS.S30.T10SFG.2021164T184919.v2.0
[1770/3634] [1776] all outputs exist; skipping HLS.S30.T10SEG.2021164T184919.v2.0
[1771/3634] [1685] HLS.S30.T11TLF.2021161T183919.v2.0: SKIP NoDataInBounds (field does not intersect FMASK)
[1772/3634] [1778] all outputs exist; skipping HLS.L30.T10TDM.2021165T190251.v2.0
[1773/3634] [1779] all outputs exist; skipping HLS.L30.T10TCM.2021165T190251.v2.0
[1774/3634] [1780] all outputs exist; skipping HLS.L30.T10TCL.2021165T190315.v2.0
[1775/3634] [1781] all outputs exist; skipping HLS.S30.T10TDM.2021165T190911.v2.0
[1776/3634] [1782] all outputs exist; skipping HLS.S30.T10TCM.2021165T190911.v2.0
[1777/3634] [1783] all outputs exist; skipping HLS.S30.T10TDL.2021165T190911.v2.0
[1778/3634] [1784] all outputs exist; skipping HLS.S30.T10TCL.2021165T190911.v2.0
[1779/3634] [1785] all outputs exist; skipping HLS.S30.T10TDK.2021165T190911.v2.0
[1780/3634] [1786] all outputs exist; skipping HLS.S30.T10TCK.2021165T190911.v2.0
[1781/3634] [1742] HLS.S30.T11SMD.2021163T182921.v2.0: SKIP NoDataInBounds (field does not intersect FMASK)
[1782/3634] [1743] HLS.S30.T11SLD.2021163T182921.v2.0: SKIP NoDataInBounds (field does not intersect FMASK)
[1783/3634] [1744] HLS.S30.T11SMC.2021163T182921.v2.0: SKIP NoDataInBounds (field does not intersect FMASK)
[1784/3634] [1789] all outputs exist; skipping HLS.S30.T10TGM.2021166T183921.v2.0
[1785/3634] [1790] all outputs exist; skipping HLS.S30.T11TKG.2021166T183921.v2.0
[1786/3634] [1748] HLS.S30.T11TLG.2021164T184919.v2.0: SKIP NoDataInBounds (field does not intersect FMASK)
[1787/3634] [1793] all outputs exist; skipping HLS.S30.T11TKF.2021166T183921.v2.0
[1788/3634] [1794] all outputs exist; skipping HLS.S30.T10TGL.2021166T183921.v2.0
[1789/3634] [1753] HLS.S30.T11TLF.2021164T184919.v2.0: SKIP NoDataInBounds (field does not intersect FMASK)
[1790/3634] [1757] HLS.S30.T11TLE.2021164T184919.v2.0: SKIP NoDataInBounds (field does not intersect FMASK)
[1791/3634] [1797] all outputs exist; skipping HLS.S30.T10TGK.2021166T183921.v2.0
[1792/3634] [1787] HLS.S30.T11TMG.2021166T183921.v2.0: SKIP NoDataInBounds (field does not intersect FMASK)
[1793/3634] [1799] all outputs exist; skipping HLS.S30.T11TKE.2021166T183921.v2.0
[1794/3634] [1788] HLS.S30.T11TLG.2021166T183921.v2.0: SKIP NoDataInBounds (field does not intersect FMASK)
[1795/3634] [1801] all outputs exist; skipping HLS.S30.T11SKD.2021166T183921.v2.0
[1796/3634] [1802] all outputs exist; skipping HLS.S30.T10SGJ.2021166T183921.v2.0
[1797/3634] [1777] HLS.S30.T10SDG.2021164T184919.v2.0: SKIP NoDataInBounds (field does not intersect FMASK)
[1798/3634] [1804] all outputs exist; skipping HLS.S30.T10SFJ.2021166T183921.v2.0
[1799/3634] [1805] all outputs exist; skipping HLS.S30.T11SLC.2021166T183921.v2.0
[1800/3634] [1806] all outputs exist; skipping HLS.S30.T11SKC.2021166T183921.v2.0
[1801/3634] [1807] all outputs exist; skipping HLS.S30.T10SGH.2021166T183921.v2.0
[1802/3634] [1808] all outputs exist; skipping HLS.S30.T10SFH.2021166T183921.v2.0
[1803/3634] [1809] all outputs exist; skipping HLS.S30.T11SMB.2021166T183921.v2.0
[1804/3634] [1810] all outputs exist; skipping HLS.S30.T11SLB.2021166T183921.v2.0
[1805/3634] [1811] all outputs exist; skipping HLS.S30.T11SKB.2021166T183921.v2.0
[1806/3634] [1812] all outputs exist; skipping HLS.S30.T10SGG.2021166T183921.v2.0
[1807/3634] [1813] all outputs exist; skipping HLS.S30.T10SFG.2021166T183921.v2.0
[1808/3634] [1814] all outputs exist; skipping HLS.L30.T10TEM.2021167T185030.v2.0
[1809/3634] [1815] all outputs exist; skipping HLS.L30.T10TFM.2021167T185030.v2.0
[1810/3634] [1816] all outputs exist; skipping HLS.L30.T10TFL.2021167T185054.v2.0
[1811/3634] [1817] all outputs exist; skipping HLS.L30.T10TDL.2021167T185054.v2.0
[1812/3634] [1818] all outputs exist; skipping HLS.L30.T10TDM.2021167T185054.v2.0
[1813/3634] [1819] all outputs exist; skipping HLS.L30.T10TEL.2021167T185054.v2.0
[1814/3634] [1820] all outputs exist; skipping HLS.L30.T10TFK.2021167T185118.v2.0
[1815/3634] [1821] all outputs exist; skipping HLS.L30.T10TCK.2021167T185118.v2.0
[1816/3634] [1822] all outputs exist; skipping HLS.L30.T10TEK.2021167T185118.v2.0
[1817/3634] [1823] all outputs exist; skipping HLS.L30.T10SDJ.2021167T185118.v2.0
[1818/3634] [1824] all outputs exist; skipping HLS.L30.T10SEJ.2021167T185118.v2.0
[1819/3634] [1825] all outputs exist; skipping HLS.L30.T10TDK.2021167T185118.v2.0
[1820/3634] [1826] all outputs exist; skipping HLS.L30.T10SEH.2021167T185142.v2.0
[1821/3634] [1827] all outputs exist; skipping HLS.L30.T10SDH.2021167T185142.v2.0
[1822/3634] [1828] all outputs exist; skipping HLS.L30.T10SEG.2021167T185206.v2.0
[1823/3634] [1791] HLS.S30.T11TMF.2021166T183921.v2.0: SKIP NoDataInBounds (field does not intersect FMASK)
[1824/3634] [1830] all outputs exist; skipping HLS.S30.T10TFM.2021167T185919.v2.0
[1825/3634] [1831] all outputs exist; skipping HLS.S30.T10TEM.2021167T185919.v2.0
[1826/3634] [1832] all outputs exist; skipping HLS.S30.T10TDM.2021167T185919.v2.0
[1827/3634] [1833] all outputs exist; skipping HLS.S30.T10TCM.2021167T185919.v2.0
[1828/3634] [1834] all outputs exist; skipping HLS.S30.T10TFL.2021167T185919.v2.0
[1829/3634] [1835] all outputs exist; skipping HLS.S30.T10TEL.2021167T185919.v2.0
[1830/3634] [1836] all outputs exist; skipping HLS.S30.T10TDL.2021167T185919.v2.0
[1831/3634] [1837] all outputs exist; skipping HLS.S30.T10TFK.2021167T185919.v2.0
[1832/3634] [1838] all outputs exist; skipping HLS.S30.T10TCL.2021167T185919.v2.0
[1833/3634] [1839] all outputs exist; skipping HLS.S30.T10TEK.2021167T185919.v2.0
[1834/3634] [1840] all outputs exist; skipping HLS.S30.T10TDK.2021167T185919.v2.0
[1835/3634] [1841] all outputs exist; skipping HLS.S30.T10TCK.2021167T185919.v2.0
[1836/3634] [1842] all outputs exist; skipping HLS.S30.T10SEJ.2021167T185919.v2.0
[1837/3634] [1843] all outputs exist; skipping HLS.S30.T10SDJ.2021167T185919.v2.0
[1838/3634] [1844] all outputs exist; skipping HLS.S30.T10SEH.2021167T185919.v2.0
[1839/3634] [1845] all outputs exist; skipping HLS.S30.T10SDH.2021167T185919.v2.0
[1840/3634] [1846] all outputs exist; skipping HLS.S30.T10SEG.2021167T185919.v2.0
[1841/3634] [1792] HLS.S30.T11TLF.2021166T183921.v2.0: SKIP NoDataInBounds (field does not intersect FMASK)
[1842/3634] [1795] HLS.S30.T11TME.2021166T183921.v2.0: SKIP NoDataInBounds (field does not intersect FMASK)
[1843/3634] [1796] HLS.S30.T11TLE.2021166T183921.v2.0: SKIP NoDataInBounds (field does not intersect FMASK)
[1844/3634] [1798] HLS.S30.T11SMD.2021166T183921.v2.0: SKIP NoDataInBounds (field does not intersect FMASK)
[1845/3634] [1800] HLS.S30.T11SLD.2021166T183921.v2.0: SKIP NoDataInBounds (field does not intersect FMASK)
[1846/3634] [1803] HLS.S30.T11SMC.2021166T183921.v2.0: SKIP NoDataInBounds (field does not intersect FMASK)
[1847/3634] [1853] all outputs exist; skipping HLS.S30.T11SLC.2021168T182919.v2.0
[1848/3634] [1854] all outputs exist; skipping HLS.S30.T11SMB.2021168T182919.v2.0
[1849/3634] [1855] all outputs exist; skipping HLS.S30.T11SLB.2021168T182919.v2.0
[1850/3634] [1829] HLS.L30.T10SDG.2021167T185206.v2.0: SKIP NoDataInBounds (field does not intersect FMASK)
[1851/3634] [1848] HLS.S30.T11TMF.2021168T182919.v2.0: SKIP NoDataInBounds (field does not intersect FMASK)
[1852/3634] [1847] HLS.S30.T10SDG.2021167T185919.v2.0: SKIP NoDataInBounds (field does not intersect FMASK)
[1853/3634] [1859] all outputs exist; skipping HLS.L30.T11TKF.2021169T183833.v2.0
[1854/3634] [1860] all outputs exist; skipping HLS.L30.T10TGL.2021169T183833.v2.0
[1855/3634] [1861] all outputs exist; skipping HLS.L30.T11TKG.2021169T183833.v2.0
[1856/3634] [1862] all outputs exist; skipping HLS.L30.T10TFL.2021169T183833.v2.0
[1857/3634] [1863] all outputs exist; skipping HLS.L30.T10TGM.2021169T183833.v2.0
[1858/3634] [1849] HLS.S30.T11TME.2021168T182919.v2.0: SKIP NoDataInBounds (field does not intersect FMASK)
[1859/3634] [1865] all outputs exist; skipping HLS.L30.T10SFJ.2021169T183857.v2.0
[1860/3634] [1851] HLS.S30.T11SLD.2021168T182919.v2.0: SKIP NoDataInBounds (field does not intersect FMASK)
[1861/3634] [1867] all outputs exist; skipping HLS.L30.T11TKE.2021169T183857.v2.0
[1862/3634] [1868] all outputs exist; skipping HLS.L30.T10TFK.2021169T183857.v2.0
[1863/3634] [1869] all outputs exist; skipping HLS.L30.T10SGJ.2021169T183857.v2.0
[1864/3634] [1870] all outputs exist; skipping HLS.L30.T11SKD.2021169T183857.v2.0
[1865/3634] [1871] all outputs exist; skipping HLS.L30.T10TGK.2021169T183857.v2.0
[1866/3634] [1872] all outputs exist; skipping HLS.L30.T11SLC.2021169T183921.v2.0
[1867/3634] [1873] all outputs exist; skipping HLS.L30.T11SKC.2021169T183921.v2.0
[1868/3634] [1874] all outputs exist; skipping HLS.L30.T10SFH.2021169T183921.v2.0
[1869/3634] [1875] all outputs exist; skipping HLS.L30.T10SGH.2021169T183921.v2.0
[1870/3634] [1876] all outputs exist; skipping HLS.L30.T11SKB.2021169T183945.v2.0
[1871/3634] [1877] all outputs exist; skipping HLS.L30.T10SFG.2021169T183945.v2.0
[1872/3634] [1878] all outputs exist; skipping HLS.L30.T10SGG.2021169T183945.v2.0
[1873/3634] [1852] HLS.S30.T11SMC.2021168T182919.v2.0: SKIP NoDataInBounds (field does not intersect FMASK)
[1874/3634] [1880] all outputs exist; skipping HLS.S30.T10TGM.2021169T184921.v2.0
[1875/3634] [1856] HLS.L30.T11TMG.2021169T183809.v2.0: SKIP NoDataInBounds (field does not intersect FMASK)
[1876/3634] [1881] all outputs exist; skipping HLS.S30.T11TKG.2021169T184921.v2.0
[1877/3634] [1883] all outputs exist; skipping HLS.S30.T10TEM.2021169T184921.v2.0
[1878/3634] [1882] all outputs exist; skipping HLS.S30.T10TFM.2021169T184921.v2.0
[1879/3634] [1885] all outputs exist; skipping HLS.S30.T11TKF.2021169T184921.v2.0
[1880/3634] [1886] all outputs exist; skipping HLS.S30.T10TGL.2021169T184921.v2.0
[1881/3634] [1887] all outputs exist; skipping HLS.S30.T10TFL.2021169T184921.v2.0
[1882/3634] [1857] HLS.L30.T11TLG.2021169T183809.v2.0: SKIP NoDataInBounds (field does not intersect FMASK)
[1883/3634] [1889] all outputs exist; skipping HLS.S30.T10TEL.2021169T184921.v2.0
[1884/3634] [1890] all outputs exist; skipping HLS.S30.T11TKE.2021169T184921.v2.0
[1885/3634] [1891] all outputs exist; skipping HLS.S30.T10TGK.2021169T184921.v2.0
[1886/3634] [1892] all outputs exist; skipping HLS.S30.T10TFK.2021169T184921.v2.0
[1887/3634] [1893] all outputs exist; skipping HLS.S30.T10TEK.2021169T184921.v2.0
[1888/3634] [1894] all outputs exist; skipping HLS.S30.T11SKD.2021169T184921.v2.0
[1889/3634] [1895] all outputs exist; skipping HLS.S30.T10SGJ.2021169T184921.v2.0
[1890/3634] [1896] all outputs exist; skipping HLS.S30.T10SFJ.2021169T184921.v2.0
[1891/3634] [1897] all outputs exist; skipping HLS.S30.T10SEJ.2021169T184921.v2.0
[1892/3634] [1898] all outputs exist; skipping HLS.S30.T10SDJ.2021169T184921.v2.0
[1893/3634] [1899] all outputs exist; skipping HLS.S30.T11SKC.2021169T184921.v2.0
[1894/3634] [1900] all outputs exist; skipping HLS.S30.T10SGH.2021169T184921.v2.0
[1895/3634] [1901] all outputs exist; skipping HLS.S30.T10SFH.2021169T184921.v2.0
[1896/3634] [1902] all outputs exist; skipping HLS.S30.T10SEH.2021169T184921.v2.0
[1897/3634] [1903] all outputs exist; skipping HLS.S30.T10SDH.2021169T184921.v2.0
[1898/3634] [1904] all outputs exist; skipping HLS.S30.T11SKB.2021169T184921.v2.0
[1899/3634] [1905] all outputs exist; skipping HLS.S30.T10SGG.2021169T184921.v2.0
[1900/3634] [1906] all outputs exist; skipping HLS.S30.T10SFG.2021169T184921.v2.0
[1901/3634] [1907] all outputs exist; skipping HLS.S30.T10SEG.2021169T184921.v2.0
[1902/3634] [1858] HLS.L30.T11TLF.2021169T183833.v2.0: SKIP NoDataInBounds (field does not intersect FMASK)
[1903/3634] [1909] all outputs exist; skipping HLS.S30.T10TDM.2021170T190919.v2.0
[1904/3634] [1910] all outputs exist; skipping HLS.S30.T10TCM.2021170T190919.v2.0
[1905/3634] [1911] all outputs exist; skipping HLS.S30.T10TDL.2021170T190919.v2.0
[1906/3634] [1912] all outputs exist; skipping HLS.S30.T10TCL.2021170T190919.v2.0
[1907/3634] [1913] all outputs exist; skipping HLS.S30.T10TDK.2021170T190919.v2.0
[1908/3634] [1914] all outputs exist; skipping HLS.S30.T10TCK.2021170T190919.v2.0
[1909/3634] [1864] HLS.L30.T11TLE.2021169T183857.v2.0: SKIP NoDataInBounds (field does not intersect FMASK)
[1910/3634] [1866] HLS.L30.T11SLD.2021169T183857.v2.0: SKIP NoDataInBounds (field does not intersect FMASK)
[1911/3634] [1884] HLS.S30.T11TLF.2021169T184921.v2.0: SKIP NoDataInBounds (field does not intersect FMASK)
[1912/3634] [1888] HLS.S30.T11TLE.2021169T184921.v2.0: SKIP NoDataInBounds (field does not intersect FMASK)
[1913/3634] [1919] all outputs exist; skipping HLS.L30.T11SLC.2021171T182700.v2.0
[1914/3634] [1908] HLS.S30.T10SDG.2021169T184921.v2.0: SKIP NoDataInBounds (field does not intersect FMASK)
[1915/3634] [1921] all outputs exist; skipping HLS.L30.T11SLB.2021171T182723.v2.0
[1916/3634] [1922] all outputs exist; skipping HLS.L30.T11SMB.2021171T182723.v2.0
[1917/3634] [1915] HLS.L30.T11TMF.2021171T182612.v2.0: SKIP NoDataInBounds (field does not intersect FMASK)
[1918/3634] [1850] HLS.S30.T11SMD.2021168T182919.v2.0: SKIP NoDataInBounds (field does not intersect FMASK)
[1919/3634] [1925] all outputs exist; skipping HLS.S30.T10TGM.2021171T183919.v2.0
[1920/3634] [1926] all outputs exist; skipping HLS.S30.T11TKG.2021171T183919.v2.0
[1921/3634] [1916] HLS.L30.T11SMD.2021171T182636.v2.0: SKIP NoDataInBounds (field does not intersect FMASK)
[1922/3634] [1917] HLS.L30.T11TME.2021171T182636.v2.0: SKIP NoDataInBounds (field does not intersect FMASK)
[1923/3634] [1929] all outputs exist; skipping HLS.S30.T11TKF.2021171T183919.v2.0
[1924/3634] [1930] all outputs exist; skipping HLS.S30.T10TGL.2021171T183919.v2.0
[1925/3634] [1879] HLS.S30.T11TLG.2021169T184921.v2.0: SKIP NoDataInBounds (field does not intersect FMASK)
[1926/3634] [1918] HLS.L30.T11SLD.2021171T182700.v2.0: SKIP NoDataInBounds (field does not intersect FMASK)
[1927/3634] [1933] all outputs exist; skipping HLS.S30.T11TKE.2021171T183919.v2.0
[1928/3634] [1934] all outputs exist; skipping HLS.S30.T10TGK.2021171T183919.v2.0
[1929/3634] [1920] HLS.L30.T11SMC.2021171T182700.v2.0: SKIP NoDataInBounds (field does not intersect FMASK)
[1930/3634] [1923] HLS.S30.T11TMG.2021171T183919.v2.0: SKIP NoDataInBounds (field does not intersect FMASK)
[1931/3634] [1937] all outputs exist; skipping HLS.S30.T11SKD.2021171T183919.v2.0
[1932/3634] [1938] all outputs exist; skipping HLS.S30.T10SGJ.2021171T183919.v2.0
[1933/3634] [1927] HLS.S30.T11TMF.2021171T183919.v2.0: SKIP NoDataInBounds (field does not intersect FMASK)
[1934/3634] [1940] all outputs exist; skipping HLS.S30.T10SFJ.2021171T183919.v2.0
[1935/3634] [1941] all outputs exist; skipping HLS.S30.T11SLC.2021171T183919.v2.0
[1936/3634] [1942] all outputs exist; skipping HLS.S30.T11SKC.2021171T183919.v2.0
[1937/3634] [1943] all outputs exist; skipping HLS.S30.T10SGH.2021171T183919.v2.0
[1938/3634] [1944] all outputs exist; skipping HLS.S30.T10SFH.2021171T183919.v2.0
[1939/3634] [1945] all outputs exist; skipping HLS.S30.T11SMB.2021171T183919.v2.0
[1940/3634] [1946] all outputs exist; skipping HLS.S30.T11SLB.2021171T183919.v2.0
[1941/3634] [1947] all outputs exist; skipping HLS.S30.T11SKB.2021171T183919.v2.0
[1942/3634] [1948] all outputs exist; skipping HLS.S30.T10SGG.2021171T183919.v2.0
[1943/3634] [1949] all outputs exist; skipping HLS.S30.T10SFG.2021171T183919.v2.0
[1944/3634] [1950] all outputs exist; skipping HLS.S30.T10TFM.2021172T185921.v2.0
[1945/3634] [1951] all outputs exist; skipping HLS.S30.T10TEM.2021172T185921.v2.0
[1946/3634] [1952] all outputs exist; skipping HLS.S30.T10TDM.2021172T185921.v2.0
[1947/3634] [1953] all outputs exist; skipping HLS.S30.T10TCM.2021172T185921.v2.0
[1948/3634] [1954] all outputs exist; skipping HLS.S30.T10TFL.2021172T185921.v2.0
[1949/3634] [1955] all outputs exist; skipping HLS.S30.T10TEL.2021172T185921.v2.0
[1950/3634] [1956] all outputs exist; skipping HLS.S30.T10TDL.2021172T185921.v2.0
[1951/3634] [1957] all outputs exist; skipping HLS.S30.T10TFK.2021172T185921.v2.0
[1952/3634] [1958] all outputs exist; skipping HLS.S30.T10TCL.2021172T185921.v2.0
[1953/3634] [1959] all outputs exist; skipping HLS.S30.T10TEK.2021172T185921.v2.0
[1954/3634] [1960] all outputs exist; skipping HLS.S30.T10TDK.2021172T185921.v2.0
[1955/3634] [1961] all outputs exist; skipping HLS.S30.T10TCK.2021172T185921.v2.0
[1956/3634] [1962] all outputs exist; skipping HLS.S30.T10SEJ.2021172T185921.v2.0
[1957/3634] [1963] all outputs exist; skipping HLS.S30.T10SDJ.2021172T185921.v2.0
[1958/3634] [1964] all outputs exist; skipping HLS.S30.T10SEH.2021172T185921.v2.0
[1959/3634] [1965] all outputs exist; skipping HLS.S30.T10SDH.2021172T185921.v2.0
[1960/3634] [1966] all outputs exist; skipping HLS.S30.T10SEG.2021172T185921.v2.0
[1961/3634] [1924] HLS.S30.T11TLG.2021171T183919.v2.0: SKIP NoDataInBounds (field does not intersect FMASK)
[1962/3634] [1931] HLS.S30.T11TME.2021171T183919.v2.0: SKIP NoDataInBounds (field does not intersect FMASK)
[1963/3634] [1932] HLS.S30.T11TLE.2021171T183919.v2.0: SKIP NoDataInBounds (field does not intersect FMASK)
[1964/3634] [1928] HLS.S30.T11TLF.2021171T183919.v2.0: SKIP NoDataInBounds (field does not intersect FMASK)
[1965/3634] [1939] HLS.S30.T11SMC.2021171T183919.v2.0: SKIP NoDataInBounds (field does not intersect FMASK)
[1966/3634] [1935] HLS.S30.T11SMD.2021171T183919.v2.0: SKIP NoDataInBounds (field does not intersect FMASK)
[1967/3634] [1973] all outputs exist; skipping HLS.S30.T11SLC.2021173T182921.v2.0
[1968/3634] [1936] HLS.S30.T11SLD.2021171T183919.v2.0: SKIP NoDataInBounds (field does not intersect FMASK)
[1969/3634] [1974] all outputs exist; skipping HLS.S30.T11SMB.2021173T182921.v2.0
[1970/3634] [1975] all outputs exist; skipping HLS.S30.T11SLB.2021173T182921.v2.0
[1971/3634] [1976] all outputs exist; skipping HLS.L30.T10TEM.2021174T185643.v2.0
[1972/3634] [1977] all outputs exist; skipping HLS.L30.T10TDM.2021174T185643.v2.0
[1973/3634] [1978] all outputs exist; skipping HLS.L30.T10TEL.2021174T185707.v2.0
[1974/3634] [1979] all outputs exist; skipping HLS.L30.T10TCM.2021174T185707.v2.0
[1975/3634] [1980] all outputs exist; skipping HLS.L30.T10TDL.2021174T185707.v2.0
[1976/3634] [1981] all outputs exist; skipping HLS.L30.T10TCL.2021174T185707.v2.0
[1977/3634] [1982] all outputs exist; skipping HLS.L30.T10TDK.2021174T185731.v2.0
[1978/3634] [1983] all outputs exist; skipping HLS.L30.T10TCK.2021174T185731.v2.0
[1979/3634] [1984] all outputs exist; skipping HLS.L30.T10SDJ.2021174T185731.v2.0
[1980/3634] [1985] all outputs exist; skipping HLS.L30.T10SDH.2021174T185754.v2.0
[1981/3634] [1987] all outputs exist; skipping HLS.S30.T10TGM.2021174T184919.v2.0
[1982/3634] [1988] all outputs exist; skipping HLS.S30.T11TKG.2021174T184919.v2.0
[1983/3634] [1989] all outputs exist; skipping HLS.S30.T10TFM.2021174T184919.v2.0
[1984/3634] [1990] all outputs exist; skipping HLS.S30.T10TEM.2021174T184919.v2.0
[1985/3634] [1967] HLS.S30.T10SDG.2021172T185921.v2.0: SKIP NoDataInBounds (field does not intersect FMASK)
[1986/3634] [1992] all outputs exist; skipping HLS.S30.T11TKF.2021174T184919.v2.0
[1987/3634] [1993] all outputs exist; skipping HLS.S30.T10TGL.2021174T184919.v2.0
[1988/3634] [1994] all outputs exist; skipping HLS.S30.T10TFL.2021174T184919.v2.0
[1989/3634] [1995] all outputs exist; skipping HLS.S30.T10TEL.2021174T184919.v2.0
[1990/3634] [1968] HLS.S30.T11TMF.2021173T182921.v2.0: SKIP NoDataInBounds (field does not intersect FMASK)
[1991/3634] [1997] all outputs exist; skipping HLS.S30.T11TKE.2021174T184919.v2.0
[1992/3634] [1998] all outputs exist; skipping HLS.S30.T10TGK.2021174T184919.v2.0
[1993/3634] [1999] all outputs exist; skipping HLS.S30.T10TFK.2021174T184919.v2.0
[1994/3634] [2000] all outputs exist; skipping HLS.S30.T10TEK.2021174T184919.v2.0
[1995/3634] [2001] all outputs exist; skipping HLS.S30.T11SKD.2021174T184919.v2.0
[1996/3634] [2002] all outputs exist; skipping HLS.S30.T10SGJ.2021174T184919.v2.0
[1997/3634] [2003] all outputs exist; skipping HLS.S30.T10SFJ.2021174T184919.v2.0
[1998/3634] [2004] all outputs exist; skipping HLS.S30.T10SEJ.2021174T184919.v2.0
[1999/3634] [2005] all outputs exist; skipping HLS.S30.T10SDJ.2021174T184919.v2.0
[2000/3634] [2006] all outputs exist; skipping HLS.S30.T11SKC.2021174T184919.v2.0
[2001/3634] [2007] all outputs exist; skipping HLS.S30.T10SGH.2021174T184919.v2.0
[2002/3634] [2008] all outputs exist; skipping HLS.S30.T10SFH.2021174T184919.v2.0
[2003/3634] [2009] all outputs exist; skipping HLS.S30.T10SEH.2021174T184919.v2.0
[2004/3634] [2010] all outputs exist; skipping HLS.S30.T10SDH.2021174T184919.v2.0
[2005/3634] [2011] all outputs exist; skipping HLS.S30.T11SKB.2021174T184919.v2.0
[2006/3634] [2012] all outputs exist; skipping HLS.S30.T10SGG.2021174T184919.v2.0
[2007/3634] [2013] all outputs exist; skipping HLS.S30.T10SFG.2021174T184919.v2.0
[2008/3634] [2014] all outputs exist; skipping HLS.S30.T10SEG.2021174T184919.v2.0
[2009/3634] [1969] HLS.S30.T11TME.2021173T182921.v2.0: SKIP NoDataInBounds (field does not intersect FMASK)
[2010/3634] [2016] all outputs exist; skipping HLS.S30.T10TDM.2021175T190921.v2.0
[2011/3634] [2017] all outputs exist; skipping HLS.S30.T10TCM.2021175T190921.v2.0
[2012/3634] [2018] all outputs exist; skipping HLS.S30.T10TDL.2021175T190921.v2.0
[2013/3634] [2019] all outputs exist; skipping HLS.S30.T10TCL.2021175T190921.v2.0
[2014/3634] [2020] all outputs exist; skipping HLS.S30.T10TDK.2021175T190921.v2.0
[2015/3634] [2021] all outputs exist; skipping HLS.S30.T10TCK.2021175T190921.v2.0
[2016/3634] [2022] all outputs exist; skipping HLS.L30.T11TKG.2021176T184422.v2.0
[2017/3634] [2023] all outputs exist; skipping HLS.L30.T10TGM.2021176T184422.v2.0
[2018/3634] [2024] all outputs exist; skipping HLS.L30.T10TEM.2021176T184445.v2.0
[2019/3634] [2025] all outputs exist; skipping HLS.L30.T10TGL.2021176T184445.v2.0
[2020/3634] [2026] all outputs exist; skipping HLS.L30.T11TKF.2021176T184445.v2.0
[2021/3634] [2027] all outputs exist; skipping HLS.L30.T10TEL.2021176T184445.v2.0
[2022/3634] [2028] all outputs exist; skipping HLS.L30.T10TFM.2021176T184445.v2.0
[2023/3634] [2029] all outputs exist; skipping HLS.L30.T10TFL.2021176T184445.v2.0
[2024/3634] [2030] all outputs exist; skipping HLS.L30.T11TKE.2021176T184509.v2.0
[2025/3634] [2031] all outputs exist; skipping HLS.L30.T10TEK.2021176T184509.v2.0
[2026/3634] [2032] all outputs exist; skipping HLS.L30.T10SEJ.2021176T184509.v2.0
[2027/3634] [2033] all outputs exist; skipping HLS.L30.T10TGK.2021176T184509.v2.0
[2028/3634] [2034] all outputs exist; skipping HLS.L30.T10TFK.2021176T184509.v2.0
[2029/3634] [2035] all outputs exist; skipping HLS.L30.T10SGJ.2021176T184509.v2.0
[2030/3634] [2036] all outputs exist; skipping HLS.L30.T10SFJ.2021176T184509.v2.0
[2031/3634] [2037] all outputs exist; skipping HLS.L30.T11SKD.2021176T184509.v2.0
[2032/3634] [2038] all outputs exist; skipping HLS.L30.T10SGH.2021176T184533.v2.0
[2033/3634] [2039] all outputs exist; skipping HLS.L30.T10SDH.2021176T184533.v2.0
[2034/3634] [2040] all outputs exist; skipping HLS.L30.T10SEH.2021176T184533.v2.0
[2035/3634] [2041] all outputs exist; skipping HLS.L30.T10SFH.2021176T184533.v2.0
[2036/3634] [1970] HLS.S30.T11SMD.2021173T182921.v2.0: SKIP NoDataInBounds (field does not intersect FMASK)
[2037/3634] [2043] all outputs exist; skipping HLS.L30.T10SFG.2021176T184557.v2.0
[2038/3634] [2044] all outputs exist; skipping HLS.L30.T10SEG.2021176T184557.v2.0
[2039/3634] [1971] HLS.S30.T11SLD.2021173T182921.v2.0: SKIP NoDataInBounds (field does not intersect FMASK)
[2040/3634] [1972] HLS.S30.T11SMC.2021173T182921.v2.0: SKIP NoDataInBounds (field does not intersect FMASK)
[2041/3634] [2047] all outputs exist; skipping HLS.S30.T10TGM.2021176T183921.v2.0
[2042/3634] [2048] all outputs exist; skipping HLS.S30.T11TKG.2021176T183921.v2.0
[2043/3634] [1991] HLS.S30.T11TLF.2021174T184919.v2.0: SKIP NoDataInBounds (field does not intersect FMASK)
[2044/3634] [1986] HLS.S30.T11TLG.2021174T184919.v2.0: SKIP NoDataInBounds (field does not intersect FMASK)
[2045/3634] [2051] all outputs exist; skipping HLS.S30.T11TKF.2021176T183921.v2.0
[2046/3634] [2052] all outputs exist; skipping HLS.S30.T10TGL.2021176T183921.v2.0
[2047/3634] [1996] HLS.S30.T11TLE.2021174T184919.v2.0: SKIP NoDataInBounds (field does not intersect FMASK)
[2048/3634] [2015] HLS.S30.T10SDG.2021174T184919.v2.0: SKIP NoDataInBounds (field does not intersect FMASK)
[2049/3634] [2055] all outputs exist; skipping HLS.S30.T11TKE.2021176T183921.v2.0
[2050/3634] [2056] all outputs exist; skipping HLS.S30.T10TGK.2021176T183921.v2.0
[2051/3634] [2042] HLS.L30.T10SDG.2021176T184557.v2.0: SKIP NoDataInBounds (field does not intersect FMASK)
[2052/3634] [2045] HLS.S30.T11TMG.2021176T183921.v2.0: SKIP NoDataInBounds (field does not intersect FMASK)
[2053/3634] [2059] all outputs exist; skipping HLS.S30.T11SKD.2021176T183921.v2.0
[2054/3634] [2060] all outputs exist; skipping HLS.S30.T10SGJ.2021176T183921.v2.0
[2055/3634] [2046] HLS.S30.T11TLG.2021176T183921.v2.0: SKIP NoDataInBounds (field does not intersect FMASK)
[2056/3634] [2062] all outputs exist; skipping HLS.S30.T10SFJ.2021176T183921.v2.0
[2057/3634] [2063] all outputs exist; skipping HLS.S30.T11SLC.2021176T183921.v2.0
[2058/3634] [2064] all outputs exist; skipping HLS.S30.T11SKC.2021176T183921.v2.0
[2059/3634] [2065] all outputs exist; skipping HLS.S30.T10SGH.2021176T183921.v2.0
[2060/3634] [2066] all outputs exist; skipping HLS.S30.T10SFH.2021176T183921.v2.0
[2061/3634] [2067] all outputs exist; skipping HLS.S30.T11SMB.2021176T183921.v2.0
[2062/3634] [2068] all outputs exist; skipping HLS.S30.T11SLB.2021176T183921.v2.0
[2063/3634] [2069] all outputs exist; skipping HLS.S30.T11SKB.2021176T183921.v2.0
[2064/3634] [2070] all outputs exist; skipping HLS.S30.T10SGG.2021176T183921.v2.0
[2065/3634] [2071] all outputs exist; skipping HLS.S30.T10SFG.2021176T183921.v2.0
[2066/3634] [2072] all outputs exist; skipping HLS.S30.T10TFM.2021177T185919.v2.0
[2067/3634] [2073] all outputs exist; skipping HLS.S30.T10TEM.2021177T185919.v2.0
[2068/3634] [2074] all outputs exist; skipping HLS.S30.T10TDM.2021177T185919.v2.0
[2069/3634] [2075] all outputs exist; skipping HLS.S30.T10TCM.2021177T185919.v2.0
[2070/3634] [2076] all outputs exist; skipping HLS.S30.T10TFL.2021177T185919.v2.0
[2071/3634] [2077] all outputs exist; skipping HLS.S30.T10TEL.2021177T185919.v2.0
[2072/3634] [2078] all outputs exist; skipping HLS.S30.T10TDL.2021177T185919.v2.0
[2073/3634] [2079] all outputs exist; skipping HLS.S30.T10TFK.2021177T185919.v2.0
[2074/3634] [2080] all outputs exist; skipping HLS.S30.T10TCL.2021177T185919.v2.0
[2075/3634] [2081] all outputs exist; skipping HLS.S30.T10TEK.2021177T185919.v2.0
[2076/3634] [2082] all outputs exist; skipping HLS.S30.T10TDK.2021177T185919.v2.0
[2077/3634] [2083] all outputs exist; skipping HLS.S30.T10TCK.2021177T185919.v2.0
[2078/3634] [2084] all outputs exist; skipping HLS.S30.T10SEJ.2021177T185919.v2.0
[2079/3634] [2085] all outputs exist; skipping HLS.S30.T10SDJ.2021177T185919.v2.0
[2080/3634] [2086] all outputs exist; skipping HLS.S30.T10SEH.2021177T185919.v2.0
[2081/3634] [2087] all outputs exist; skipping HLS.S30.T10SDH.2021177T185919.v2.0
[2082/3634] [2088] all outputs exist; skipping HLS.S30.T10SEG.2021177T185919.v2.0
[2083/3634] [2049] HLS.S30.T11TMF.2021176T183921.v2.0: SKIP NoDataInBounds (field does not intersect FMASK)
[2084/3634] [2050] HLS.S30.T11TLF.2021176T183921.v2.0: SKIP NoDataInBounds (field does not intersect FMASK)
[2085/3634] [2053] HLS.S30.T11TME.2021176T183921.v2.0: SKIP NoDataInBounds (field does not intersect FMASK)
[2086/3634] [2054] HLS.S30.T11TLE.2021176T183921.v2.0: SKIP NoDataInBounds (field does not intersect FMASK)
[2087/3634] [2057] HLS.S30.T11SMD.2021176T183921.v2.0: SKIP NoDataInBounds (field does not intersect FMASK)
[2088/3634] [2058] HLS.S30.T11SLD.2021176T183921.v2.0: SKIP NoDataInBounds (field does not intersect FMASK)
[2089/3634] [2061] HLS.S30.T11SMC.2021176T183921.v2.0: SKIP NoDataInBounds (field does not intersect FMASK)
[2090/3634] [2096] all outputs exist; skipping HLS.L30.T11TKE.2021178T183248.v2.0
[2091/3634] [2089] HLS.S30.T10SDG.2021177T185919.v2.0: SKIP NoDataInBounds (field does not intersect FMASK)
[2092/3634] [2098] all outputs exist; skipping HLS.L30.T11SKD.2021178T183248.v2.0
[2093/3634] [2090] HLS.L30.T11TMG.2021178T183200.v2.0: SKIP NoDataInBounds (field does not intersect FMASK)
[2094/3634] [2100] all outputs exist; skipping HLS.L30.T10TGK.2021178T183248.v2.0
[2095/3634] [2101] all outputs exist; skipping HLS.L30.T10SGJ.2021178T183312.v2.0
[2096/3634] [2102] all outputs exist; skipping HLS.L30.T10SGH.2021178T183312.v2.0
[2097/3634] [2091] HLS.L30.T11TLG.2021178T183224.v2.0: SKIP NoDataInBounds (field does not intersect FMASK)
[2098/3634] [2104] all outputs exist; skipping HLS.L30.T11SKC.2021178T183312.v2.0
[2099/3634] [2105] all outputs exist; skipping HLS.L30.T11SLC.2021178T183312.v2.0
[2100/3634] [2106] all outputs exist; skipping HLS.L30.T10SGG.2021178T183336.v2.0
[2101/3634] [2107] all outputs exist; skipping HLS.L30.T11SMB.2021178T183336.v2.0
[2102/3634] [2108] all outputs exist; skipping HLS.L30.T11SLB.2021178T183336.v2.0
[2103/3634] [2109] all outputs exist; skipping HLS.L30.T11SKB.2021178T183336.v2.0
[2104/3634] [2092] HLS.L30.T11TMF.2021178T183224.v2.0: SKIP NoDataInBounds (field does not intersect FMASK)
[2105/3634] [2093] HLS.L30.T11TLF.2021178T183224.v2.0: SKIP NoDataInBounds (field does not intersect FMASK)
[2106/3634] [2094] HLS.L30.T11TME.2021178T183248.v2.0: SKIP NoDataInBounds (field does not intersect FMASK)
[2107/3634] [2095] HLS.L30.T11SMD.2021178T183248.v2.0: SKIP NoDataInBounds (field does not intersect FMASK)
[2108/3634] [2097] HLS.L30.T11TLE.2021178T183248.v2.0: SKIP NoDataInBounds (field does not intersect FMASK)
[2109/3634] [2115] all outputs exist; skipping HLS.S30.T11SLC.2021178T182919.v2.0
[2110/3634] [2116] all outputs exist; skipping HLS.S30.T11SMB.2021178T182919.v2.0
[2111/3634] [2117] all outputs exist; skipping HLS.S30.T11SLB.2021178T182919.v2.0
[2112/3634] [2103] HLS.L30.T11SMC.2021178T183312.v2.0: SKIP NoDataInBounds (field does not intersect FMASK)
[2113/3634] [2119] all outputs exist; skipping HLS.S30.T10TGM.2021179T184921.v2.0
[2114/3634] [2120] all outputs exist; skipping HLS.S30.T11TKG.2021179T184921.v2.0
[2115/3634] [2121] all outputs exist; skipping HLS.S30.T10TFM.2021179T184921.v2.0
[2116/3634] [2122] all outputs exist; skipping HLS.S30.T10TEM.2021179T184921.v2.0
[2117/3634] [2110] HLS.S30.T11TMF.2021178T182919.v2.0: SKIP NoDataInBounds (field does not intersect FMASK)
[2118/3634] [2124] all outputs exist; skipping HLS.S30.T11TKF.2021179T184921.v2.0
[2119/3634] [2125] all outputs exist; skipping HLS.S30.T10TGL.2021179T184921.v2.0
[2120/3634] [2126] all outputs exist; skipping HLS.S30.T10TFL.2021179T184921.v2.0
[2121/3634] [2111] HLS.S30.T11TME.2021178T182919.v2.0: SKIP NoDataInBounds (field does not intersect FMASK)
[2122/3634] [2128] all outputs exist; skipping HLS.S30.T10TEL.2021179T184921.v2.0
[2123/3634] [2129] all outputs exist; skipping HLS.S30.T11TKE.2021179T184921.v2.0
[2124/3634] [2130] all outputs exist; skipping HLS.S30.T10TGK.2021179T184921.v2.0
[2125/3634] [2131] all outputs exist; skipping HLS.S30.T10TFK.2021179T184921.v2.0
[2126/3634] [2132] all outputs exist; skipping HLS.S30.T10TEK.2021179T184921.v2.0
[2127/3634] [2133] all outputs exist; skipping HLS.S30.T11SKD.2021179T184921.v2.0
[2128/3634] [2134] all outputs exist; skipping HLS.S30.T10SGJ.2021179T184921.v2.0
[2129/3634] [2135] all outputs exist; skipping HLS.S30.T10SFJ.2021179T184921.v2.0
[2130/3634] [2136] all outputs exist; skipping HLS.S30.T10SEJ.2021179T184921.v2.0
[2131/3634] [2137] all outputs exist; skipping HLS.S30.T10SDJ.2021179T184921.v2.0
[2132/3634] [2138] all outputs exist; skipping HLS.S30.T11SKC.2021179T184921.v2.0
[2133/3634] [2139] all outputs exist; skipping HLS.S30.T10SGH.2021179T184921.v2.0
[2134/3634] [2140] all outputs exist; skipping HLS.S30.T10SFH.2021179T184921.v2.0
[2135/3634] [2141] all outputs exist; skipping HLS.S30.T10SEH.2021179T184921.v2.0
[2136/3634] [2142] all outputs exist; skipping HLS.S30.T10SDH.2021179T184921.v2.0
[2137/3634] [2143] all outputs exist; skipping HLS.S30.T11SKB.2021179T184921.v2.0
[2138/3634] [2144] all outputs exist; skipping HLS.S30.T10SGG.2021179T184921.v2.0
[2139/3634] [2145] all outputs exist; skipping HLS.S30.T10SFG.2021179T184921.v2.0
[2140/3634] [2146] all outputs exist; skipping HLS.S30.T10SEG.2021179T184921.v2.0
[2141/3634] [2147] all outputs exist; skipping HLS.S30.T10TDM.2021180T190919.v2.0
[2142/3634] [2148] all outputs exist; skipping HLS.S30.T10TCM.2021180T190919.v2.0
[2143/3634] [2149] all outputs exist; skipping HLS.S30.T10TDL.2021180T190919.v2.0
[2144/3634] [2150] all outputs exist; skipping HLS.S30.T10TCL.2021180T190919.v2.0
[2145/3634] [2151] all outputs exist; skipping HLS.S30.T10TDK.2021180T190919.v2.0
[2146/3634] [2152] all outputs exist; skipping HLS.S30.T10TCK.2021180T190919.v2.0
[2147/3634] [2112] HLS.S30.T11SMD.2021178T182919.v2.0: SKIP NoDataInBounds (field does not intersect FMASK)
[2148/3634] [2113] HLS.S30.T11SLD.2021178T182919.v2.0: SKIP NoDataInBounds (field does not intersect FMASK)
[2149/3634] [2155] all outputs exist; skipping HLS.S30.T10TGM.2021181T183919.v2.0
[2150/3634] [2156] all outputs exist; skipping HLS.S30.T11TKG.2021181T183919.v2.0
[2151/3634] [2114] HLS.S30.T11SMC.2021178T182919.v2.0: SKIP NoDataInBounds (field does not intersect FMASK)
[2152/3634] [2118] HLS.S30.T11TLG.2021179T184921.v2.0: SKIP NoDataInBounds (field does not intersect FMASK)
[2153/3634] [2159] all outputs exist; skipping HLS.S30.T11TKF.2021181T183919.v2.0
[2154/3634] [2160] all outputs exist; skipping HLS.S30.T10TGL.2021181T183919.v2.0
[2155/3634] [2123] HLS.S30.T11TLF.2021179T184921.v2.0: SKIP NoDataInBounds (field does not intersect FMASK)
[2156/3634] [2099] HLS.L30.T11SLD.2021178T183248.v2.0: SKIP NoDataInBounds (field does not intersect FMASK)
[2157/3634] [2163] all outputs exist; skipping HLS.S30.T11TKE.2021181T183919.v2.0
[2158/3634] [2164] all outputs exist; skipping HLS.S30.T10TGK.2021181T183919.v2.0
[2159/3634] [2127] HLS.S30.T11TLE.2021179T184921.v2.0: SKIP NoDataInBounds (field does not intersect FMASK)
[2160/3634] [2153] HLS.S30.T11TMG.2021181T183919.v2.0: SKIP NoDataInBounds (field does not intersect FMASK)
[2161/3634] [2167] all outputs exist; skipping HLS.S30.T11SKD.2021181T183919.v2.0
[2162/3634] [2168] all outputs exist; skipping HLS.S30.T10SGJ.2021181T183919.v2.0
[2163/3634] [2154] HLS.S30.T11TLG.2021181T183919.v2.0: SKIP NoDataInBounds (field does not intersect FMASK)
[2164/3634] [2170] all outputs exist; skipping HLS.S30.T10SFJ.2021181T183919.v2.0
[2165/3634] [2171] all outputs exist; skipping HLS.S30.T11SLC.2021181T183919.v2.0
[2166/3634] [2172] all outputs exist; skipping HLS.S30.T11SKC.2021181T183919.v2.0
[2167/3634] [2173] all outputs exist; skipping HLS.S30.T10SGH.2021181T183919.v2.0
[2168/3634] [2174] all outputs exist; skipping HLS.S30.T10SFH.2021181T183919.v2.0
[2169/3634] [2175] all outputs exist; skipping HLS.S30.T11SMB.2021181T183919.v2.0
[2170/3634] [2176] all outputs exist; skipping HLS.S30.T11SLB.2021181T183919.v2.0
[2171/3634] [2177] all outputs exist; skipping HLS.S30.T11SKB.2021181T183919.v2.0
[2172/3634] [2178] all outputs exist; skipping HLS.S30.T10SGG.2021181T183919.v2.0
[2173/3634] [2179] all outputs exist; skipping HLS.S30.T10SFG.2021181T183919.v2.0
[2174/3634] [2180] all outputs exist; skipping HLS.L30.T10TDM.2021181T190255.v2.0
[2175/3634] [2181] all outputs exist; skipping HLS.L30.T10TCM.2021181T190255.v2.0
[2176/3634] [2182] all outputs exist; skipping HLS.L30.T10TCL.2021181T190319.v2.0
[2177/3634] [2183] all outputs exist; skipping HLS.S30.T10TFM.2021182T185921.v2.0
[2178/3634] [2184] all outputs exist; skipping HLS.S30.T10TEM.2021182T185921.v2.0
[2179/3634] [2185] all outputs exist; skipping HLS.S30.T10TDM.2021182T185921.v2.0
[2180/3634] [2186] all outputs exist; skipping HLS.S30.T10TCM.2021182T185921.v2.0
[2181/3634] [2187] all outputs exist; skipping HLS.S30.T10TFL.2021182T185921.v2.0
[2182/3634] [2188] all outputs exist; skipping HLS.S30.T10TEL.2021182T185921.v2.0
[2183/3634] [2189] all outputs exist; skipping HLS.S30.T10TDL.2021182T185921.v2.0
[2184/3634] [2190] all outputs exist; skipping HLS.S30.T10TFK.2021182T185921.v2.0
[2185/3634] [2191] all outputs exist; skipping HLS.S30.T10TCL.2021182T185921.v2.0
[2186/3634] [2192] all outputs exist; skipping HLS.S30.T10TEK.2021182T185921.v2.0
[2187/3634] [2193] all outputs exist; skipping HLS.S30.T10TDK.2021182T185921.v2.0
[2188/3634] [2194] all outputs exist; skipping HLS.S30.T10TCK.2021182T185921.v2.0
[2189/3634] [2195] all outputs exist; skipping HLS.S30.T10SEJ.2021182T185921.v2.0
[2190/3634] [2196] all outputs exist; skipping HLS.S30.T10SDJ.2021182T185921.v2.0
[2191/3634] [2197] all outputs exist; skipping HLS.S30.T10SEH.2021182T185921.v2.0
[2192/3634] [2198] all outputs exist; skipping HLS.S30.T10SDH.2021182T185921.v2.0
[2193/3634] [2158] HLS.S30.T11TLF.2021181T183919.v2.0: SKIP NoDataInBounds (field does not intersect FMASK)
[2194/3634] [2157] HLS.S30.T11TMF.2021181T183919.v2.0: SKIP NoDataInBounds (field does not intersect FMASK)
[2195/3634] [2161] HLS.S30.T11TME.2021181T183919.v2.0: SKIP NoDataInBounds (field does not intersect FMASK)
[2196/3634] [2165] HLS.S30.T11SMD.2021181T183919.v2.0: SKIP NoDataInBounds (field does not intersect FMASK)
[2197/3634] [2162] HLS.S30.T11TLE.2021181T183919.v2.0: SKIP NoDataInBounds (field does not intersect FMASK)
[2198/3634] [2166] HLS.S30.T11SLD.2021181T183919.v2.0: SKIP NoDataInBounds (field does not intersect FMASK)
[2199/3634] [2205] all outputs exist; skipping HLS.S30.T11SLC.2021183T182921.v2.0
[2200/3634] [2206] all outputs exist; skipping HLS.S30.T11SMB.2021183T182921.v2.0
[2201/3634] [2207] all outputs exist; skipping HLS.S30.T11SLB.2021183T182921.v2.0
[2202/3634] [2208] all outputs exist; skipping HLS.L30.T10TEM.2021183T185033.v2.0
[2203/3634] [2209] all outputs exist; skipping HLS.L30.T10TFM.2021183T185033.v2.0
[2204/3634] [2210] all outputs exist; skipping HLS.L30.T10TFL.2021183T185057.v2.0
[2205/3634] [2211] all outputs exist; skipping HLS.L30.T10TDL.2021183T185057.v2.0
[2206/3634] [2212] all outputs exist; skipping HLS.L30.T10TEL.2021183T185057.v2.0
[2207/3634] [2213] all outputs exist; skipping HLS.L30.T10TDM.2021183T185057.v2.0
[2208/3634] [2214] all outputs exist; skipping HLS.L30.T10TFK.2021183T185121.v2.0
[2209/3634] [2215] all outputs exist; skipping HLS.L30.T10SEJ.2021183T185121.v2.0
[2210/3634] [2216] all outputs exist; skipping HLS.L30.T10TEK.2021183T185121.v2.0
[2211/3634] [2217] all outputs exist; skipping HLS.L30.T10SDJ.2021183T185121.v2.0
[2212/3634] [2218] all outputs exist; skipping HLS.L30.T10TCK.2021183T185121.v2.0
[2213/3634] [2219] all outputs exist; skipping HLS.L30.T10TDK.2021183T185121.v2.0
[2214/3634] [2220] all outputs exist; skipping HLS.L30.T10SDH.2021183T185145.v2.0
[2215/3634] [2221] all outputs exist; skipping HLS.L30.T10SEH.2021183T185145.v2.0
[2216/3634] [2222] all outputs exist; skipping HLS.L30.T10SEG.2021183T185209.v2.0
[2217/3634] [2169] HLS.S30.T11SMC.2021181T183919.v2.0: SKIP NoDataInBounds (field does not intersect FMASK)
[2218/3634] [2200] HLS.S30.T11TMF.2021183T182921.v2.0: SKIP NoDataInBounds (field does not intersect FMASK)
[2219/3634] [2199] HLS.S30.T10SDG.2021182T185921.v2.0: SKIP NoDataInBounds (field does not intersect FMASK)
[2220/3634] [2226] all outputs exist; skipping HLS.L30.T10TFL.2021185T183836.v2.0
[2221/3634] [2227] all outputs exist; skipping HLS.L30.T10TGL.2021185T183836.v2.0
[2222/3634] [2201] HLS.S30.T11TME.2021183T182921.v2.0: SKIP NoDataInBounds (field does not intersect FMASK)
[2223/3634] [2229] all outputs exist; skipping HLS.L30.T11TKG.2021185T183836.v2.0
[2224/3634] [2230] all outputs exist; skipping HLS.L30.T10TGM.2021185T183836.v2.0
[2225/3634] [2231] all outputs exist; skipping HLS.L30.T11TKF.2021185T183836.v2.0
[2226/3634] [2232] all outputs exist; skipping HLS.L30.T10TGK.2021185T183900.v2.0
[2227/3634] [2233] all outputs exist; skipping HLS.L30.T11SKD.2021185T183900.v2.0
[2228/3634] [2234] all outputs exist; skipping HLS.L30.T11TKE.2021185T183900.v2.0
[2229/3634] [2202] HLS.S30.T11SMD.2021183T182921.v2.0: SKIP NoDataInBounds (field does not intersect FMASK)
[2230/3634] [2236] all outputs exist; skipping HLS.L30.T10TFK.2021185T183900.v2.0
[2231/3634] [2237] all outputs exist; skipping HLS.L30.T10SGJ.2021185T183900.v2.0
[2232/3634] [2238] all outputs exist; skipping HLS.L30.T10SFJ.2021185T183900.v2.0
[2233/3634] [2203] HLS.S30.T11SLD.2021183T182921.v2.0: SKIP NoDataInBounds (field does not intersect FMASK)
[2234/3634] [2240] all outputs exist; skipping HLS.L30.T11SKC.2021185T183924.v2.0
[2235/3634] [2241] all outputs exist; skipping HLS.L30.T10SFH.2021185T183924.v2.0
[2236/3634] [2242] all outputs exist; skipping HLS.L30.T11SLC.2021185T183924.v2.0
[2237/3634] [2243] all outputs exist; skipping HLS.L30.T10SGH.2021185T183924.v2.0
[2238/3634] [2244] all outputs exist; skipping HLS.L30.T11SKB.2021185T183948.v2.0
[2239/3634] [2245] all outputs exist; skipping HLS.L30.T10SGG.2021185T183948.v2.0
[2240/3634] [2246] all outputs exist; skipping HLS.L30.T10SFG.2021185T183948.v2.0
[2241/3634] [2247] all outputs exist; skipping HLS.S30.T10TDM.2021185T190921.v2.0
[2242/3634] [2248] all outputs exist; skipping HLS.S30.T10TCM.2021185T190921.v2.0
[2243/3634] [2249] all outputs exist; skipping HLS.S30.T10TDL.2021185T190921.v2.0
[2244/3634] [2250] all outputs exist; skipping HLS.S30.T10TDK.2021185T190921.v2.0
[2245/3634] [2251] all outputs exist; skipping HLS.S30.T10TCK.2021185T190921.v2.0
[2246/3634] [2223] HLS.L30.T10SDG.2021183T185209.v2.0: SKIP NoDataInBounds (field does not intersect FMASK)
[2247/3634] [2204] HLS.S30.T11SMC.2021183T182921.v2.0: SKIP NoDataInBounds (field does not intersect FMASK)
[2248/3634] [2254] all outputs exist; skipping HLS.S30.T10TGM.2021186T183921.v2.0
[2249/3634] [2255] all outputs exist; skipping HLS.S30.T11TKG.2021186T183921.v2.0
[2250/3634] [2224] HLS.L30.T11TLG.2021185T183812.v2.0: SKIP NoDataInBounds (field does not intersect FMASK)
[2251/3634] [2225] HLS.L30.T11TMG.2021185T183812.v2.0: SKIP NoDataInBounds (field does not intersect FMASK)
[2252/3634] [2258] all outputs exist; skipping HLS.S30.T11TKF.2021186T183921.v2.0
[2253/3634] [2259] all outputs exist; skipping HLS.S30.T10TGL.2021186T183921.v2.0
[2254/3634] [2228] HLS.L30.T11TLF.2021185T183836.v2.0: SKIP NoDataInBounds (field does not intersect FMASK)
[2255/3634] [2235] HLS.L30.T11TLE.2021185T183900.v2.0: SKIP NoDataInBounds (field does not intersect FMASK)
[2256/3634] [2262] all outputs exist; skipping HLS.S30.T11TKE.2021186T183921.v2.0
[2257/3634] [2263] all outputs exist; skipping HLS.S30.T10TGK.2021186T183921.v2.0
[2258/3634] [2239] HLS.L30.T11SLD.2021185T183900.v2.0: SKIP NoDataInBounds (field does not intersect FMASK)
[2259/3634] [2256] HLS.S30.T11TMF.2021186T183921.v2.0: SKIP NoDataInBounds (field does not intersect FMASK)
[2260/3634] [2266] all outputs exist; skipping HLS.S30.T11SKD.2021186T183921.v2.0
[2261/3634] [2267] all outputs exist; skipping HLS.S30.T10SGJ.2021186T183921.v2.0
[2262/3634] [2257] HLS.S30.T11TLF.2021186T183921.v2.0: SKIP NoDataInBounds (field does not intersect FMASK)
[2263/3634] [2269] all outputs exist; skipping HLS.S30.T10SFJ.2021186T183921.v2.0
[2264/3634] [2270] all outputs exist; skipping HLS.S30.T11SLC.2021186T183921.v2.0
[2265/3634] [2271] all outputs exist; skipping HLS.S30.T11SKC.2021186T183921.v2.0
[2266/3634] [2272] all outputs exist; skipping HLS.S30.T10SGH.2021186T183921.v2.0
[2267/3634] [2273] all outputs exist; skipping HLS.S30.T10SFH.2021186T183921.v2.0
[2268/3634] [2274] all outputs exist; skipping HLS.S30.T11SMB.2021186T183921.v2.0
[2269/3634] [2275] all outputs exist; skipping HLS.S30.T11SLB.2021186T183921.v2.0
[2270/3634] [2276] all outputs exist; skipping HLS.S30.T11SKB.2021186T183921.v2.0
[2271/3634] [2277] all outputs exist; skipping HLS.S30.T10SGG.2021186T183921.v2.0
[2272/3634] [2278] all outputs exist; skipping HLS.S30.T10SFG.2021186T183921.v2.0
[2273/3634] [2253] HLS.S30.T11TLG.2021186T183921.v2.0: SKIP NoDataInBounds (field does not intersect FMASK)
[2274/3634] [2252] HLS.S30.T11TMG.2021186T183921.v2.0: SKIP NoDataInBounds (field does not intersect FMASK)
[2275/3634] [2260] HLS.S30.T11TME.2021186T183921.v2.0: SKIP NoDataInBounds (field does not intersect FMASK)
[2276/3634] [2282] all outputs exist; skipping HLS.L30.T11SLC.2021187T182702.v2.0
[2277/3634] [2261] HLS.S30.T11TLE.2021186T183921.v2.0: SKIP NoDataInBounds (field does not intersect FMASK)
[2278/3634] [2264] HLS.S30.T11SMD.2021186T183921.v2.0: SKIP NoDataInBounds (field does not intersect FMASK)
[2279/3634] [2285] all outputs exist; skipping HLS.L30.T11SMB.2021187T182726.v2.0
[2280/3634] [2286] all outputs exist; skipping HLS.L30.T11SLB.2021187T182726.v2.0
[2281/3634] [2287] all outputs exist; skipping HLS.S30.T10TFM.2021187T185919.v2.0
[2282/3634] [2288] all outputs exist; skipping HLS.S30.T10TEM.2021187T185919.v2.0
[2283/3634] [2289] all outputs exist; skipping HLS.S30.T10TDM.2021187T185919.v2.0
[2284/3634] [2290] all outputs exist; skipping HLS.S30.T10TCM.2021187T185919.v2.0
[2285/3634] [2291] all outputs exist; skipping HLS.S30.T10TFL.2021187T185919.v2.0
[2286/3634] [2292] all outputs exist; skipping HLS.S30.T10TEL.2021187T185919.v2.0
[2287/3634] [2293] all outputs exist; skipping HLS.S30.T10TDL.2021187T185919.v2.0
[2288/3634] [2294] all outputs exist; skipping HLS.S30.T10TFK.2021187T185919.v2.0
[2289/3634] [2295] all outputs exist; skipping HLS.S30.T10TCL.2021187T185919.v2.0
[2290/3634] [2296] all outputs exist; skipping HLS.S30.T10TEK.2021187T185919.v2.0
[2291/3634] [2297] all outputs exist; skipping HLS.S30.T10TDK.2021187T185919.v2.0
[2292/3634] [2298] all outputs exist; skipping HLS.S30.T10TCK.2021187T185919.v2.0
[2293/3634] [2299] all outputs exist; skipping HLS.S30.T10SEJ.2021187T185919.v2.0
[2294/3634] [2300] all outputs exist; skipping HLS.S30.T10SDJ.2021187T185919.v2.0
[2295/3634] [2301] all outputs exist; skipping HLS.S30.T10SEH.2021187T185919.v2.0
[2296/3634] [2302] all outputs exist; skipping HLS.S30.T10SDH.2021187T185919.v2.0
[2297/3634] [2303] all outputs exist; skipping HLS.S30.T10SEG.2021187T185919.v2.0
[2298/3634] [2265] HLS.S30.T11SLD.2021186T183921.v2.0: SKIP NoDataInBounds (field does not intersect FMASK)
[2299/3634] [2268] HLS.S30.T11SMC.2021186T183921.v2.0: SKIP NoDataInBounds (field does not intersect FMASK)
[2300/3634] [2280] HLS.L30.T11SMD.2021187T182638.v2.0: SKIP NoDataInBounds (field does not intersect FMASK)
[2301/3634] [2279] HLS.L30.T11TMF.2021187T182614.v2.0: SKIP NoDataInBounds (field does not intersect FMASK)
[2302/3634] [2281] HLS.L30.T11TME.2021187T182638.v2.0: SKIP NoDataInBounds (field does not intersect FMASK)
[2303/3634] [2283] HLS.L30.T11SLD.2021187T182702.v2.0: SKIP NoDataInBounds (field does not intersect FMASK)
[2304/3634] [2310] all outputs exist; skipping HLS.S30.T11SLC.2021188T182919.v2.0
[2305/3634] [2311] all outputs exist; skipping HLS.S30.T11SMB.2021188T182919.v2.0
[2306/3634] [2312] all outputs exist; skipping HLS.S30.T11SLB.2021188T182919.v2.0
[2307/3634] [2284] HLS.L30.T11SMC.2021187T182702.v2.0: SKIP NoDataInBounds (field does not intersect FMASK)
[2308/3634] [2314] all outputs exist; skipping HLS.S30.T10TGM.2021189T184921.v2.0
[2309/3634] [2315] all outputs exist; skipping HLS.S30.T11TKG.2021189T184921.v2.0
[2310/3634] [2316] all outputs exist; skipping HLS.S30.T10TFM.2021189T184921.v2.0
[2311/3634] [2317] all outputs exist; skipping HLS.S30.T10TEM.2021189T184921.v2.0
[2312/3634] [2304] HLS.S30.T10SDG.2021187T185919.v2.0: SKIP NoDataInBounds (field does not intersect FMASK)
[2313/3634] [2319] all outputs exist; skipping HLS.S30.T11TKF.2021189T184921.v2.0
[2314/3634] [2320] all outputs exist; skipping HLS.S30.T10TGL.2021189T184921.v2.0
[2315/3634] [2321] all outputs exist; skipping HLS.S30.T10TFL.2021189T184921.v2.0
[2316/3634] [2305] HLS.S30.T11TMF.2021188T182919.v2.0: SKIP NoDataInBounds (field does not intersect FMASK)
[2317/3634] [2323] all outputs exist; skipping HLS.S30.T10TEL.2021189T184921.v2.0
[2318/3634] [2324] all outputs exist; skipping HLS.S30.T11TKE.2021189T184921.v2.0
[2319/3634] [2325] all outputs exist; skipping HLS.S30.T10TGK.2021189T184921.v2.0
[2320/3634] [2326] all outputs exist; skipping HLS.S30.T10TFK.2021189T184921.v2.0
[2321/3634] [2327] all outputs exist; skipping HLS.S30.T10TEK.2021189T184921.v2.0
[2322/3634] [2328] all outputs exist; skipping HLS.S30.T11SKD.2021189T184921.v2.0
[2323/3634] [2329] all outputs exist; skipping HLS.S30.T10SGJ.2021189T184921.v2.0
[2324/3634] [2330] all outputs exist; skipping HLS.S30.T10SFJ.2021189T184921.v2.0
[2325/3634] [2331] all outputs exist; skipping HLS.S30.T10SEJ.2021189T184921.v2.0
[2326/3634] [2332] all outputs exist; skipping HLS.S30.T10SDJ.2021189T184921.v2.0
[2327/3634] [2333] all outputs exist; skipping HLS.S30.T11SKC.2021189T184921.v2.0
[2328/3634] [2334] all outputs exist; skipping HLS.S30.T10SGH.2021189T184921.v2.0
[2329/3634] [2335] all outputs exist; skipping HLS.S30.T10SFH.2021189T184921.v2.0
[2330/3634] [2336] all outputs exist; skipping HLS.S30.T10SEH.2021189T184921.v2.0
[2331/3634] [2337] all outputs exist; skipping HLS.S30.T10SDH.2021189T184921.v2.0
[2332/3634] [2338] all outputs exist; skipping HLS.S30.T11SKB.2021189T184921.v2.0
[2333/3634] [2339] all outputs exist; skipping HLS.S30.T10SGG.2021189T184921.v2.0
[2334/3634] [2340] all outputs exist; skipping HLS.S30.T10SFG.2021189T184921.v2.0
[2335/3634] [2341] all outputs exist; skipping HLS.S30.T10SEG.2021189T184921.v2.0
[2336/3634] [2306] HLS.S30.T11TME.2021188T182919.v2.0: SKIP NoDataInBounds (field does not intersect FMASK)
[2337/3634] [2343] all outputs exist; skipping HLS.L30.T10TEM.2021190T185645.v2.0
[2338/3634] [2344] all outputs exist; skipping HLS.L30.T10TDM.2021190T185645.v2.0
[2339/3634] [2345] all outputs exist; skipping HLS.L30.T10TEL.2021190T185709.v2.0
[2340/3634] [2346] all outputs exist; skipping HLS.L30.T10TCM.2021190T185709.v2.0
[2341/3634] [2347] all outputs exist; skipping HLS.L30.T10TCL.2021190T185709.v2.0
[2342/3634] [2348] all outputs exist; skipping HLS.L30.T10TDL.2021190T185709.v2.0
[2343/3634] [2349] all outputs exist; skipping HLS.L30.T10TDK.2021190T185733.v2.0
[2344/3634] [2350] all outputs exist; skipping HLS.L30.T10SDJ.2021190T185733.v2.0
[2345/3634] [2351] all outputs exist; skipping HLS.L30.T10TCK.2021190T185733.v2.0
[2346/3634] [2352] all outputs exist; skipping HLS.L30.T10SDH.2021190T185756.v2.0
[2347/3634] [2353] all outputs exist; skipping HLS.S30.T10TDM.2021190T190919.v2.0
[2348/3634] [2354] all outputs exist; skipping HLS.S30.T10TCM.2021190T190919.v2.0
[2349/3634] [2355] all outputs exist; skipping HLS.S30.T10TDL.2021190T190919.v2.0
[2350/3634] [2356] all outputs exist; skipping HLS.S30.T10TDK.2021190T190919.v2.0
[2351/3634] [2357] all outputs exist; skipping HLS.S30.T10TCK.2021190T190919.v2.0
[2352/3634] [2307] HLS.S30.T11SMD.2021188T182919.v2.0: SKIP NoDataInBounds (field does not intersect FMASK)
[2353/3634] [2309] HLS.S30.T11SMC.2021188T182919.v2.0: SKIP NoDataInBounds (field does not intersect FMASK)
[2354/3634] [2360] all outputs exist; skipping HLS.S30.T10TGM.2021191T183919.v2.0
[2355/3634] [2361] all outputs exist; skipping HLS.S30.T11TKG.2021191T183919.v2.0
[2356/3634] [2308] HLS.S30.T11SLD.2021188T182919.v2.0: SKIP NoDataInBounds (field does not intersect FMASK)
[2357/3634] [2313] HLS.S30.T11TLG.2021189T184921.v2.0: SKIP NoDataInBounds (field does not intersect FMASK)
[2358/3634] [2364] all outputs exist; skipping HLS.S30.T11TKF.2021191T183919.v2.0
[2359/3634] [2365] all outputs exist; skipping HLS.S30.T10TGL.2021191T183919.v2.0
[2360/3634] [2318] HLS.S30.T11TLF.2021189T184921.v2.0: SKIP NoDataInBounds (field does not intersect FMASK)
[2361/3634] [2322] HLS.S30.T11TLE.2021189T184921.v2.0: SKIP NoDataInBounds (field does not intersect FMASK)
[2362/3634] [2368] all outputs exist; skipping HLS.S30.T11TKE.2021191T183919.v2.0
[2363/3634] [2369] all outputs exist; skipping HLS.S30.T10TGK.2021191T183919.v2.0
[2364/3634] [2342] HLS.S30.T10SDG.2021189T184921.v2.0: SKIP NoDataInBounds (field does not intersect FMASK)
[2365/3634] [2359] HLS.S30.T11TLG.2021191T183919.v2.0: SKIP NoDataInBounds (field does not intersect FMASK)
[2366/3634] [2372] all outputs exist; skipping HLS.S30.T11SKD.2021191T183919.v2.0
[2367/3634] [2373] all outputs exist; skipping HLS.S30.T10SGJ.2021191T183919.v2.0
[2368/3634] [2358] HLS.S30.T11TMG.2021191T183919.v2.0: SKIP NoDataInBounds (field does not intersect FMASK)
[2369/3634] [2375] all outputs exist; skipping HLS.S30.T10SFJ.2021191T183919.v2.0
[2370/3634] [2376] all outputs exist; skipping HLS.S30.T11SLC.2021191T183919.v2.0
[2371/3634] [2377] all outputs exist; skipping HLS.S30.T11SKC.2021191T183919.v2.0
[2372/3634] [2378] all outputs exist; skipping HLS.S30.T10SGH.2021191T183919.v2.0
[2373/3634] [2379] all outputs exist; skipping HLS.S30.T10SFH.2021191T183919.v2.0
[2374/3634] [2380] all outputs exist; skipping HLS.S30.T11SMB.2021191T183919.v2.0
[2375/3634] [2381] all outputs exist; skipping HLS.S30.T11SLB.2021191T183919.v2.0
[2376/3634] [2382] all outputs exist; skipping HLS.S30.T11SKB.2021191T183919.v2.0
[2377/3634] [2383] all outputs exist; skipping HLS.S30.T10SGG.2021191T183919.v2.0
[2378/3634] [2384] all outputs exist; skipping HLS.S30.T10SFG.2021191T183919.v2.0
[2379/3634] [2385] all outputs exist; skipping HLS.L30.T10TGM.2021192T184423.v2.0
[2380/3634] [2386] all outputs exist; skipping HLS.L30.T11TKG.2021192T184423.v2.0
[2381/3634] [2387] all outputs exist; skipping HLS.L30.T10TFM.2021192T184423.v2.0
[2382/3634] [2388] all outputs exist; skipping HLS.L30.T10TEL.2021192T184447.v2.0
[2383/3634] [2389] all outputs exist; skipping HLS.L30.T10TGL.2021192T184447.v2.0
[2384/3634] [2390] all outputs exist; skipping HLS.L30.T11TKF.2021192T184447.v2.0
[2385/3634] [2391] all outputs exist; skipping HLS.L30.T10TEM.2021192T184447.v2.0
[2386/3634] [2392] all outputs exist; skipping HLS.L30.T10TFL.2021192T184447.v2.0
[2387/3634] [2393] all outputs exist; skipping HLS.L30.T10TFM.2021192T184447.v2.0
[2388/3634] [2394] all outputs exist; skipping HLS.L30.T10SGJ.2021192T184511.v2.0
[2389/3634] [2395] all outputs exist; skipping HLS.L30.T10TGK.2021192T184511.v2.0
[2390/3634] [2396] all outputs exist; skipping HLS.L30.T11SKD.2021192T184511.v2.0
[2391/3634] [2397] all outputs exist; skipping HLS.L30.T11TKE.2021192T184511.v2.0
[2392/3634] [2398] all outputs exist; skipping HLS.L30.T10TEK.2021192T184511.v2.0
[2393/3634] [2399] all outputs exist; skipping HLS.L30.T10SEJ.2021192T184511.v2.0
[2394/3634] [2400] all outputs exist; skipping HLS.L30.T10TFK.2021192T184511.v2.0
[2395/3634] [2401] all outputs exist; skipping HLS.L30.T10SFJ.2021192T184511.v2.0
[2396/3634] [2402] all outputs exist; skipping HLS.L30.T10SGH.2021192T184535.v2.0
[2397/3634] [2403] all outputs exist; skipping HLS.L30.T10SFH.2021192T184535.v2.0
[2398/3634] [2404] all outputs exist; skipping HLS.L30.T10SDH.2021192T184535.v2.0
[2399/3634] [2405] all outputs exist; skipping HLS.L30.T10SEH.2021192T184535.v2.0
[2400/3634] [2362] HLS.S30.T11TMF.2021191T183919.v2.0: SKIP NoDataInBounds (field does not intersect FMASK)
[2401/3634] [2407] all outputs exist; skipping HLS.L30.T10SEG.2021192T184559.v2.0
[2402/3634] [2408] all outputs exist; skipping HLS.L30.T10SFG.2021192T184559.v2.0
[2403/3634] [2409] all outputs exist; skipping HLS.S30.T10TFM.2021192T185921.v2.0
[2404/3634] [2410] all outputs exist; skipping HLS.S30.T10TEM.2021192T185921.v2.0
[2405/3634] [2411] all outputs exist; skipping HLS.S30.T10TDM.2021192T185921.v2.0
[2406/3634] [2412] all outputs exist; skipping HLS.S30.T10TCM.2021192T185921.v2.0
[2407/3634] [2413] all outputs exist; skipping HLS.S30.T10TFL.2021192T185921.v2.0
[2408/3634] [2414] all outputs exist; skipping HLS.S30.T10TEL.2021192T185921.v2.0
[2409/3634] [2415] all outputs exist; skipping HLS.S30.T10TDL.2021192T185921.v2.0
[2410/3634] [2416] all outputs exist; skipping HLS.S30.T10TFK.2021192T185921.v2.0
[2411/3634] [2417] all outputs exist; skipping HLS.S30.T10TCL.2021192T185921.v2.0
[2412/3634] [2418] all outputs exist; skipping HLS.S30.T10TEK.2021192T185921.v2.0
[2413/3634] [2419] all outputs exist; skipping HLS.S30.T10TDK.2021192T185921.v2.0
[2414/3634] [2420] all outputs exist; skipping HLS.S30.T10TCK.2021192T185921.v2.0
[2415/3634] [2421] all outputs exist; skipping HLS.S30.T10SEJ.2021192T185921.v2.0
[2416/3634] [2422] all outputs exist; skipping HLS.S30.T10SDJ.2021192T185921.v2.0
[2417/3634] [2423] all outputs exist; skipping HLS.S30.T10SEH.2021192T185921.v2.0
[2418/3634] [2424] all outputs exist; skipping HLS.S30.T10SDH.2021192T185921.v2.0
[2419/3634] [2425] all outputs exist; skipping HLS.S30.T10SEG.2021192T185921.v2.0
[2420/3634] [2363] HLS.S30.T11TLF.2021191T183919.v2.0: SKIP NoDataInBounds (field does not intersect FMASK)
[2421/3634] [2367] HLS.S30.T11TLE.2021191T183919.v2.0: SKIP NoDataInBounds (field does not intersect FMASK)
[2422/3634] [2366] HLS.S30.T11TME.2021191T183919.v2.0: SKIP NoDataInBounds (field does not intersect FMASK)
[2423/3634] [2370] HLS.S30.T11SMD.2021191T183919.v2.0: SKIP NoDataInBounds (field does not intersect FMASK)
[2424/3634] [2371] HLS.S30.T11SLD.2021191T183919.v2.0: SKIP NoDataInBounds (field does not intersect FMASK)
[2425/3634] [2431] all outputs exist; skipping HLS.S30.T11SLC.2021193T182921.v2.0
[2426/3634] [2432] all outputs exist; skipping HLS.S30.T11SMB.2021193T182921.v2.0
[2427/3634] [2433] all outputs exist; skipping HLS.S30.T11SLB.2021193T182921.v2.0
[2428/3634] [2374] HLS.S30.T11SMC.2021191T183919.v2.0: SKIP NoDataInBounds (field does not intersect FMASK)
[2429/3634] [2406] HLS.L30.T10SDG.2021192T184559.v2.0: SKIP NoDataInBounds (field does not intersect FMASK)
[2430/3634] [2426] HLS.S30.T11TMF.2021193T182921.v2.0: SKIP NoDataInBounds (field does not intersect FMASK)
[2431/3634] [2427] HLS.S30.T11TME.2021193T182921.v2.0: SKIP NoDataInBounds (field does not intersect FMASK)
[2432/3634] [2438] all outputs exist; skipping HLS.L30.T10TGK.2021194T183249.v2.0
[2433/3634] [2439] all outputs exist; skipping HLS.L30.T10SGJ.2021194T183249.v2.0
[2434/3634] [2440] all outputs exist; skipping HLS.L30.T11TKE.2021194T183249.v2.0
[2435/3634] [2428] HLS.S30.T11SMD.2021193T182921.v2.0: SKIP NoDataInBounds (field does not intersect FMASK)
[2436/3634] [2430] HLS.S30.T11SMC.2021193T182921.v2.0: SKIP NoDataInBounds (field does not intersect FMASK)
[2437/3634] [2429] HLS.S30.T11SLD.2021193T182921.v2.0: SKIP NoDataInBounds (field does not intersect FMASK)
[2438/3634] [2444] all outputs exist; skipping HLS.L30.T11SKD.2021194T183249.v2.0
[2439/3634] [2434] HLS.L30.T11TMG.2021194T183202.v2.0: SKIP NoDataInBounds (field does not intersect FMASK)
[2440/3634] [2446] all outputs exist; skipping HLS.L30.T10SGH.2021194T183313.v2.0
[2441/3634] [2447] all outputs exist; skipping HLS.L30.T11SKC.2021194T183313.v2.0
[2442/3634] [2437] HLS.L30.T11TLF.2021194T183225.v2.0: SKIP NoDataInBounds (field does not intersect FMASK)
[2443/3634] [2449] all outputs exist; skipping HLS.L30.T11SLC.2021194T183313.v2.0
[2444/3634] [2450] all outputs exist; skipping HLS.L30.T10SGJ.2021194T183313.v2.0
[2445/3634] [2451] all outputs exist; skipping HLS.L30.T10SGG.2021194T183337.v2.0
[2446/3634] [2452] all outputs exist; skipping HLS.L30.T11SMB.2021194T183337.v2.0
[2447/3634] [2453] all outputs exist; skipping HLS.L30.T11SKB.2021194T183337.v2.0
[2448/3634] [2454] all outputs exist; skipping HLS.L30.T11SLB.2021194T183337.v2.0
[2449/3634] [2435] HLS.L30.T11TLG.2021194T183225.v2.0: SKIP NoDataInBounds (field does not intersect FMASK)
[2450/3634] [2456] all outputs exist; skipping HLS.S30.T10TGM.2021194T184919.v2.0
[2451/3634] [2457] all outputs exist; skipping HLS.S30.T11TKG.2021194T184919.v2.0
[2452/3634] [2458] all outputs exist; skipping HLS.S30.T10TFM.2021194T184919.v2.0
[2453/3634] [2459] all outputs exist; skipping HLS.S30.T10TEM.2021194T184919.v2.0
[2454/3634] [2436] HLS.L30.T11TMF.2021194T183225.v2.0: SKIP NoDataInBounds (field does not intersect FMASK)
[2455/3634] [2461] all outputs exist; skipping HLS.S30.T11TKF.2021194T184919.v2.0
[2456/3634] [2462] all outputs exist; skipping HLS.S30.T10TGL.2021194T184919.v2.0
[2457/3634] [2463] all outputs exist; skipping HLS.S30.T10TFL.2021194T184919.v2.0
[2458/3634] [2441] HLS.L30.T11TLE.2021194T183249.v2.0: SKIP NoDataInBounds (field does not intersect FMASK)
[2459/3634] [2465] all outputs exist; skipping HLS.S30.T10TEL.2021194T184919.v2.0
[2460/3634] [2466] all outputs exist; skipping HLS.S30.T11TKE.2021194T184919.v2.0
[2461/3634] [2467] all outputs exist; skipping HLS.S30.T10TGK.2021194T184919.v2.0
[2462/3634] [2468] all outputs exist; skipping HLS.S30.T10TFK.2021194T184919.v2.0
[2463/3634] [2469] all outputs exist; skipping HLS.S30.T10TEK.2021194T184919.v2.0
[2464/3634] [2470] all outputs exist; skipping HLS.S30.T11SKD.2021194T184919.v2.0
[2465/3634] [2471] all outputs exist; skipping HLS.S30.T10SGJ.2021194T184919.v2.0
[2466/3634] [2472] all outputs exist; skipping HLS.S30.T10SFJ.2021194T184919.v2.0
[2467/3634] [2473] all outputs exist; skipping HLS.S30.T10SEJ.2021194T184919.v2.0
[2468/3634] [2474] all outputs exist; skipping HLS.S30.T10SDJ.2021194T184919.v2.0
[2469/3634] [2475] all outputs exist; skipping HLS.S30.T11SKC.2021194T184919.v2.0
[2470/3634] [2476] all outputs exist; skipping HLS.S30.T10SGH.2021194T184919.v2.0
[2471/3634] [2477] all outputs exist; skipping HLS.S30.T10SFH.2021194T184919.v2.0
[2472/3634] [2478] all outputs exist; skipping HLS.S30.T10SEH.2021194T184919.v2.0
[2473/3634] [2479] all outputs exist; skipping HLS.S30.T10SDH.2021194T184919.v2.0
[2474/3634] [2480] all outputs exist; skipping HLS.S30.T11SKB.2021194T184919.v2.0
[2475/3634] [2481] all outputs exist; skipping HLS.S30.T10SGG.2021194T184919.v2.0
[2476/3634] [2482] all outputs exist; skipping HLS.S30.T10SFG.2021194T184919.v2.0
[2477/3634] [2483] all outputs exist; skipping HLS.S30.T10SEG.2021194T184919.v2.0
[2478/3634] [2484] all outputs exist; skipping HLS.S30.T10TDM.2021195T190921.v2.0
[2479/3634] [2485] all outputs exist; skipping HLS.S30.T10TCM.2021195T190921.v2.0
[2480/3634] [2486] all outputs exist; skipping HLS.S30.T10TDL.2021195T190921.v2.0
[2481/3634] [2487] all outputs exist; skipping HLS.S30.T10TCL.2021195T190921.v2.0
[2482/3634] [2488] all outputs exist; skipping HLS.S30.T10TDK.2021195T190921.v2.0
[2483/3634] [2489] all outputs exist; skipping HLS.S30.T10TCK.2021195T190921.v2.0
[2484/3634] [2442] HLS.L30.T11SMD.2021194T183249.v2.0: SKIP NoDataInBounds (field does not intersect FMASK)
[2485/3634] [2443] HLS.L30.T11SLD.2021194T183249.v2.0: SKIP NoDataInBounds (field does not intersect FMASK)
[2486/3634] [2492] all outputs exist; skipping HLS.S30.T10TGM.2021196T183921.v2.0
[2487/3634] [2493] all outputs exist; skipping HLS.S30.T11TKG.2021196T183921.v2.0
[2488/3634] [2445] HLS.L30.T11TME.2021194T183249.v2.0: SKIP NoDataInBounds (field does not intersect FMASK)
[2489/3634] [2448] HLS.L30.T11SMC.2021194T183313.v2.0: SKIP NoDataInBounds (field does not intersect FMASK)
[2490/3634] [2496] all outputs exist; skipping HLS.S30.T11TKF.2021196T183921.v2.0
[2491/3634] [2497] all outputs exist; skipping HLS.S30.T10TGL.2021196T183921.v2.0
[2492/3634] [2455] HLS.S30.T11TLG.2021194T184919.v2.0: SKIP NoDataInBounds (field does not intersect FMASK)
[2493/3634] [2460] HLS.S30.T11TLF.2021194T184919.v2.0: SKIP NoDataInBounds (field does not intersect FMASK)
[2494/3634] [2500] all outputs exist; skipping HLS.S30.T11TKE.2021196T183921.v2.0
[2495/3634] [2501] all outputs exist; skipping HLS.S30.T10TGK.2021196T183921.v2.0
[2496/3634] [2464] HLS.S30.T11TLE.2021194T184919.v2.0: SKIP NoDataInBounds (field does not intersect FMASK)
[2497/3634] [2490] HLS.S30.T11TMG.2021196T183921.v2.0: SKIP NoDataInBounds (field does not intersect FMASK)
[2498/3634] [2504] all outputs exist; skipping HLS.S30.T11SKD.2021196T183921.v2.0
[2499/3634] [2505] all outputs exist; skipping HLS.S30.T10SGJ.2021196T183921.v2.0
[2500/3634] [2494] HLS.S30.T11TMF.2021196T183921.v2.0: SKIP NoDataInBounds (field does not intersect FMASK)
[2501/3634] [2507] all outputs exist; skipping HLS.S30.T10SFJ.2021196T183921.v2.0
[2502/3634] [2495] HLS.S30.T11TLF.2021196T183921.v2.0: SKIP NoDataInBounds (field does not intersect FMASK)
[2503/3634] [2508] all outputs exist; skipping HLS.S30.T11SLC.2021196T183921.v2.0
[2504/3634] [2510] all outputs exist; skipping HLS.S30.T10SGH.2021196T183921.v2.0
[2505/3634] [2509] all outputs exist; skipping HLS.S30.T11SKC.2021196T183921.v2.0
[2506/3634] [2511] all outputs exist; skipping HLS.S30.T10SFH.2021196T183921.v2.0
[2507/3634] [2512] all outputs exist; skipping HLS.S30.T11SMB.2021196T183921.v2.0
[2508/3634] [2513] all outputs exist; skipping HLS.S30.T11SLB.2021196T183921.v2.0
[2509/3634] [2514] all outputs exist; skipping HLS.S30.T11SKB.2021196T183921.v2.0
[2510/3634] [2515] all outputs exist; skipping HLS.S30.T10SGG.2021196T183921.v2.0
[2511/3634] [2516] all outputs exist; skipping HLS.S30.T10SFG.2021196T183921.v2.0
[2512/3634] [2517] all outputs exist; skipping HLS.L30.T10TCM.2021197T190256.v2.0
[2513/3634] [2518] all outputs exist; skipping HLS.L30.T10TDM.2021197T190256.v2.0
[2514/3634] [2519] all outputs exist; skipping HLS.L30.T10TCL.2021197T190320.v2.0
[2515/3634] [2520] all outputs exist; skipping HLS.S30.T10TFM.2021197T185919.v2.0
[2516/3634] [2521] all outputs exist; skipping HLS.S30.T10TEM.2021197T185919.v2.0
[2517/3634] [2523] all outputs exist; skipping HLS.S30.T10TCM.2021197T185919.v2.0
[2518/3634] [2522] all outputs exist; skipping HLS.S30.T10TDM.2021197T185919.v2.0
[2519/3634] [2524] all outputs exist; skipping HLS.S30.T10TFL.2021197T185919.v2.0
[2520/3634] [2525] all outputs exist; skipping HLS.S30.T10TEL.2021197T185919.v2.0
[2521/3634] [2526] all outputs exist; skipping HLS.S30.T10TDL.2021197T185919.v2.0
[2522/3634] [2527] all outputs exist; skipping HLS.S30.T10TFK.2021197T185919.v2.0
[2523/3634] [2528] all outputs exist; skipping HLS.S30.T10TCL.2021197T185919.v2.0
[2524/3634] [2529] all outputs exist; skipping HLS.S30.T10TEK.2021197T185919.v2.0
[2525/3634] [2530] all outputs exist; skipping HLS.S30.T10TDK.2021197T185919.v2.0
[2526/3634] [2531] all outputs exist; skipping HLS.S30.T10TCK.2021197T185919.v2.0
[2527/3634] [2532] all outputs exist; skipping HLS.S30.T10SEJ.2021197T185919.v2.0
[2528/3634] [2533] all outputs exist; skipping HLS.S30.T10SDJ.2021197T185919.v2.0
[2529/3634] [2534] all outputs exist; skipping HLS.S30.T10SEH.2021197T185919.v2.0
[2530/3634] [2535] all outputs exist; skipping HLS.S30.T10SDH.2021197T185919.v2.0
[2531/3634] [2491] HLS.S30.T11TLG.2021196T183921.v2.0: SKIP NoDataInBounds (field does not intersect FMASK)
[2532/3634] [2498] HLS.S30.T11TME.2021196T183921.v2.0: SKIP NoDataInBounds (field does not intersect FMASK)
[2533/3634] [2499] HLS.S30.T11TLE.2021196T183921.v2.0: SKIP NoDataInBounds (field does not intersect FMASK)
[2534/3634] [2502] HLS.S30.T11SMD.2021196T183921.v2.0: SKIP NoDataInBounds (field does not intersect FMASK)
[2535/3634] [2503] HLS.S30.T11SLD.2021196T183921.v2.0: SKIP NoDataInBounds (field does not intersect FMASK)
[2536/3634] [2542] all outputs exist; skipping HLS.S30.T11SLC.2021198T182919.v2.0
[2537/3634] [2543] all outputs exist; skipping HLS.S30.T11SMB.2021198T182919.v2.0
[2538/3634] [2544] all outputs exist; skipping HLS.S30.T11SLB.2021198T182919.v2.0
[2539/3634] [2545] all outputs exist; skipping HLS.L30.T10TFM.2021199T185036.v2.0
[2540/3634] [2546] all outputs exist; skipping HLS.L30.T10TEM.2021199T185036.v2.0
[2541/3634] [2547] all outputs exist; skipping HLS.L30.T10TFL.2021199T185100.v2.0
[2542/3634] [2548] all outputs exist; skipping HLS.L30.T10TDM.2021199T185100.v2.0
[2543/3634] [2549] all outputs exist; skipping HLS.L30.T10TDL.2021199T185100.v2.0
[2544/3634] [2550] all outputs exist; skipping HLS.L30.T10TEL.2021199T185100.v2.0
[2545/3634] [2551] all outputs exist; skipping HLS.L30.T10TFK.2021199T185124.v2.0
[2546/3634] [2552] all outputs exist; skipping HLS.L30.T10SDJ.2021199T185124.v2.0
[2547/3634] [2553] all outputs exist; skipping HLS.L30.T10TCK.2021199T185124.v2.0
[2548/3634] [2554] all outputs exist; skipping HLS.L30.T10SEJ.2021199T185124.v2.0
[2549/3634] [2555] all outputs exist; skipping HLS.L30.T10TDK.2021199T185124.v2.0
[2550/3634] [2556] all outputs exist; skipping HLS.L30.T10TEK.2021199T185124.v2.0
[2551/3634] [2557] all outputs exist; skipping HLS.L30.T10SDH.2021199T185148.v2.0
[2552/3634] [2558] all outputs exist; skipping HLS.L30.T10SEH.2021199T185148.v2.0
[2553/3634] [2559] all outputs exist; skipping HLS.L30.T10SEG.2021199T185211.v2.0
[2554/3634] [2506] HLS.S30.T11SMC.2021196T183921.v2.0: SKIP NoDataInBounds (field does not intersect FMASK)
[2555/3634] [2536] HLS.S30.T10SDG.2021197T185919.v2.0: SKIP NoDataInBounds (field does not intersect FMASK)
[2556/3634] [2562] all outputs exist; skipping HLS.S30.T10TGM.2021199T184921.v2.0
[2557/3634] [2563] all outputs exist; skipping HLS.S30.T11TKG.2021199T184921.v2.0
[2558/3634] [2564] all outputs exist; skipping HLS.S30.T10TFM.2021199T184921.v2.0
[2559/3634] [2565] all outputs exist; skipping HLS.S30.T10TEM.2021199T184921.v2.0
[2560/3634] [2537] HLS.S30.T11TMF.2021198T182919.v2.0: SKIP NoDataInBounds (field does not intersect FMASK)
[2561/3634] [2567] all outputs exist; skipping HLS.S30.T11TKF.2021199T184921.v2.0
[2562/3634] [2568] all outputs exist; skipping HLS.S30.T10TGL.2021199T184921.v2.0
[2563/3634] [2569] all outputs exist; skipping HLS.S30.T10TFL.2021199T184921.v2.0
[2564/3634] [2538] HLS.S30.T11TME.2021198T182919.v2.0: SKIP NoDataInBounds (field does not intersect FMASK)
[2565/3634] [2571] all outputs exist; skipping HLS.S30.T10TEL.2021199T184921.v2.0
[2566/3634] [2572] all outputs exist; skipping HLS.S30.T11TKE.2021199T184921.v2.0
[2567/3634] [2573] all outputs exist; skipping HLS.S30.T10TGK.2021199T184921.v2.0
[2568/3634] [2574] all outputs exist; skipping HLS.S30.T10TFK.2021199T184921.v2.0
[2569/3634] [2575] all outputs exist; skipping HLS.S30.T10TEK.2021199T184921.v2.0
[2570/3634] [2576] all outputs exist; skipping HLS.S30.T11SKD.2021199T184921.v2.0
[2571/3634] [2577] all outputs exist; skipping HLS.S30.T10SGJ.2021199T184921.v2.0
[2572/3634] [2578] all outputs exist; skipping HLS.S30.T10SFJ.2021199T184921.v2.0
[2573/3634] [2579] all outputs exist; skipping HLS.S30.T10SEJ.2021199T184921.v2.0
[2574/3634] [2580] all outputs exist; skipping HLS.S30.T10SDJ.2021199T184921.v2.0
[2575/3634] [2581] all outputs exist; skipping HLS.S30.T11SKC.2021199T184921.v2.0
[2576/3634] [2582] all outputs exist; skipping HLS.S30.T10SGH.2021199T184921.v2.0
[2577/3634] [2583] all outputs exist; skipping HLS.S30.T10SFH.2021199T184921.v2.0
[2578/3634] [2584] all outputs exist; skipping HLS.S30.T10SEH.2021199T184921.v2.0
[2579/3634] [2585] all outputs exist; skipping HLS.S30.T10SDH.2021199T184921.v2.0
[2580/3634] [2586] all outputs exist; skipping HLS.S30.T11SKB.2021199T184921.v2.0
[2581/3634] [2587] all outputs exist; skipping HLS.S30.T10SGG.2021199T184921.v2.0
[2582/3634] [2588] all outputs exist; skipping HLS.S30.T10SFG.2021199T184921.v2.0
[2583/3634] [2589] all outputs exist; skipping HLS.S30.T10SEG.2021199T184921.v2.0
[2584/3634] [2539] HLS.S30.T11SMD.2021198T182919.v2.0: SKIP NoDataInBounds (field does not intersect FMASK)
[2585/3634] [2591] all outputs exist; skipping HLS.S30.T10TDM.2021200T190919.v2.0
[2586/3634] [2592] all outputs exist; skipping HLS.S30.T10TCM.2021200T190919.v2.0
[2587/3634] [2593] all outputs exist; skipping HLS.S30.T10TDL.2021200T190919.v2.0
[2588/3634] [2594] all outputs exist; skipping HLS.S30.T10TCL.2021200T190919.v2.0
[2589/3634] [2595] all outputs exist; skipping HLS.S30.T10TDK.2021200T190919.v2.0
[2590/3634] [2596] all outputs exist; skipping HLS.S30.T10TCK.2021200T190919.v2.0
[2591/3634] [2540] HLS.S30.T11SLD.2021198T182919.v2.0: SKIP NoDataInBounds (field does not intersect FMASK)
[2592/3634] [2541] HLS.S30.T11SMC.2021198T182919.v2.0: SKIP NoDataInBounds (field does not intersect FMASK)
[2593/3634] [2561] HLS.S30.T11TLG.2021199T184921.v2.0: SKIP NoDataInBounds (field does not intersect FMASK)
[2594/3634] [2600] all outputs exist; skipping HLS.L30.T10TFL.2021201T183839.v2.0
[2595/3634] [2601] all outputs exist; skipping HLS.L30.T10TGL.2021201T183839.v2.0
[2596/3634] [2602] all outputs exist; skipping HLS.L30.T11TKG.2021201T183839.v2.0
[2597/3634] [2603] all outputs exist; skipping HLS.L30.T11TKF.2021201T183839.v2.0
[2598/3634] [2604] all outputs exist; skipping HLS.L30.T10TGM.2021201T183839.v2.0
[2599/3634] [2560] HLS.L30.T10SDG.2021199T185211.v2.0: SKIP NoDataInBounds (field does not intersect FMASK)
[2600/3634] [2606] all outputs exist; skipping HLS.L30.T11TKE.2021201T183903.v2.0
[2601/3634] [2607] all outputs exist; skipping HLS.L30.T10SGJ.2021201T183903.v2.0
[2602/3634] [2608] all outputs exist; skipping HLS.L30.T10TFK.2021201T183903.v2.0
[2603/3634] [2609] all outputs exist; skipping HLS.L30.T10SFJ.2021201T183903.v2.0
[2604/3634] [2610] all outputs exist; skipping HLS.L30.T11SKD.2021201T183903.v2.0
[2605/3634] [2566] HLS.S30.T11TLF.2021199T184921.v2.0: SKIP NoDataInBounds (field does not intersect FMASK)
[2606/3634] [2612] all outputs exist; skipping HLS.L30.T10TGK.2021201T183903.v2.0
[2607/3634] [2613] all outputs exist; skipping HLS.L30.T10SFH.2021201T183927.v2.0
[2608/3634] [2614] all outputs exist; skipping HLS.L30.T11SLC.2021201T183927.v2.0
[2609/3634] [2615] all outputs exist; skipping HLS.L30.T10SGH.2021201T183927.v2.0
[2610/3634] [2616] all outputs exist; skipping HLS.L30.T11SKC.2021201T183927.v2.0
[2611/3634] [2617] all outputs exist; skipping HLS.L30.T11SKB.2021201T183951.v2.0
[2612/3634] [2618] all outputs exist; skipping HLS.L30.T10SGG.2021201T183951.v2.0
[2613/3634] [2619] all outputs exist; skipping HLS.L30.T10SFG.2021201T183951.v2.0
[2614/3634] [2570] HLS.S30.T11TLE.2021199T184921.v2.0: SKIP NoDataInBounds (field does not intersect FMASK)
[2615/3634] [2590] HLS.S30.T10SDG.2021199T184921.v2.0: SKIP NoDataInBounds (field does not intersect FMASK)
[2616/3634] [2622] all outputs exist; skipping HLS.S30.T10TGM.2021201T183919.v2.0
[2617/3634] [2623] all outputs exist; skipping HLS.S30.T11TKG.2021201T183919.v2.0
[2618/3634] [2597] HLS.L30.T11TMG.2021201T183815.v2.0: SKIP NoDataInBounds (field does not intersect FMASK)
[2619/3634] [2598] HLS.L30.T11TLG.2021201T183815.v2.0: SKIP NoDataInBounds (field does not intersect FMASK)
[2620/3634] [2626] all outputs exist; skipping HLS.S30.T11TKF.2021201T183919.v2.0
[2621/3634] [2627] all outputs exist; skipping HLS.S30.T10TGL.2021201T183919.v2.0
[2622/3634] [2605] HLS.L30.T11SLD.2021201T183903.v2.0: SKIP NoDataInBounds (field does not intersect FMASK)
[2623/3634] [2599] HLS.L30.T11TLF.2021201T183839.v2.0: SKIP NoDataInBounds (field does not intersect FMASK)
[2624/3634] [2630] all outputs exist; skipping HLS.S30.T11TKE.2021201T183919.v2.0
[2625/3634] [2631] all outputs exist; skipping HLS.S30.T10TGK.2021201T183919.v2.0
[2626/3634] [2611] HLS.L30.T11TLE.2021201T183903.v2.0: SKIP NoDataInBounds (field does not intersect FMASK)
[2627/3634] [2620] HLS.S30.T11TMG.2021201T183919.v2.0: SKIP NoDataInBounds (field does not intersect FMASK)
[2628/3634] [2634] all outputs exist; skipping HLS.S30.T11SKD.2021201T183919.v2.0
[2629/3634] [2635] all outputs exist; skipping HLS.S30.T10SGJ.2021201T183919.v2.0
[2630/3634] [2621] HLS.S30.T11TLG.2021201T183919.v2.0: SKIP NoDataInBounds (field does not intersect FMASK)
[2631/3634] [2637] all outputs exist; skipping HLS.S30.T10SFJ.2021201T183919.v2.0
[2632/3634] [2638] all outputs exist; skipping HLS.S30.T11SLC.2021201T183919.v2.0
[2633/3634] [2639] all outputs exist; skipping HLS.S30.T11SKC.2021201T183919.v2.0
[2634/3634] [2640] all outputs exist; skipping HLS.S30.T10SGH.2021201T183919.v2.0
[2635/3634] [2641] all outputs exist; skipping HLS.S30.T10SFH.2021201T183919.v2.0
[2636/3634] [2642] all outputs exist; skipping HLS.S30.T11SMB.2021201T183919.v2.0
[2637/3634] [2624] HLS.S30.T11TMF.2021201T183919.v2.0: SKIP NoDataInBounds (field does not intersect FMASK)
[2638/3634] [2643] all outputs exist; skipping HLS.S30.T11SLB.2021201T183919.v2.0
[2639/3634] [2644] all outputs exist; skipping HLS.S30.T11SKB.2021201T183919.v2.0
[2640/3634] [2645] all outputs exist; skipping HLS.S30.T10SGG.2021201T183919.v2.0
[2641/3634] [2646] all outputs exist; skipping HLS.S30.T10SFG.2021201T183919.v2.0
[2642/3634] [2647] all outputs exist; skipping HLS.S30.T10TFM.2021202T185921.v2.0
[2643/3634] [2648] all outputs exist; skipping HLS.S30.T10TEM.2021202T185921.v2.0
[2644/3634] [2649] all outputs exist; skipping HLS.S30.T10TDM.2021202T185921.v2.0
[2645/3634] [2650] all outputs exist; skipping HLS.S30.T10TCM.2021202T185921.v2.0
[2646/3634] [2651] all outputs exist; skipping HLS.S30.T10TFL.2021202T185921.v2.0
[2647/3634] [2652] all outputs exist; skipping HLS.S30.T10TEL.2021202T185921.v2.0
[2648/3634] [2654] all outputs exist; skipping HLS.S30.T10TFK.2021202T185921.v2.0
[2649/3634] [2653] all outputs exist; skipping HLS.S30.T10TDL.2021202T185921.v2.0
[2650/3634] [2656] all outputs exist; skipping HLS.S30.T10TEK.2021202T185921.v2.0
[2651/3634] [2655] all outputs exist; skipping HLS.S30.T10TCL.2021202T185921.v2.0
[2652/3634] [2658] all outputs exist; skipping HLS.S30.T10TCK.2021202T185921.v2.0
[2653/3634] [2657] all outputs exist; skipping HLS.S30.T10TDK.2021202T185921.v2.0
[2654/3634] [2659] all outputs exist; skipping HLS.S30.T10SEJ.2021202T185921.v2.0
[2655/3634] [2660] all outputs exist; skipping HLS.S30.T10SDJ.2021202T185921.v2.0
[2656/3634] [2661] all outputs exist; skipping HLS.S30.T10SEH.2021202T185921.v2.0
[2657/3634] [2662] all outputs exist; skipping HLS.S30.T10SDH.2021202T185921.v2.0
[2658/3634] [2663] all outputs exist; skipping HLS.S30.T10SEG.2021202T185921.v2.0
[2659/3634] [2625] HLS.S30.T11TLF.2021201T183919.v2.0: SKIP NoDataInBounds (field does not intersect FMASK)
[2660/3634] [2628] HLS.S30.T11TME.2021201T183919.v2.0: SKIP NoDataInBounds (field does not intersect FMASK)
[2661/3634] [2629] HLS.S30.T11TLE.2021201T183919.v2.0: SKIP NoDataInBounds (field does not intersect FMASK)
[2662/3634] [2632] HLS.S30.T11SMD.2021201T183919.v2.0: SKIP NoDataInBounds (field does not intersect FMASK)
[2663/3634] [2669] all outputs exist; skipping HLS.L30.T11SLC.2021203T182707.v2.0
[2664/3634] [2636] HLS.S30.T11SMC.2021201T183919.v2.0: SKIP NoDataInBounds (field does not intersect FMASK)
[2665/3634] [2671] all outputs exist; skipping HLS.L30.T11SMB.2021203T182730.v2.0
[2666/3634] [2672] all outputs exist; skipping HLS.L30.T11SLB.2021203T182730.v2.0
[2667/3634] [2664] HLS.S30.T10SDG.2021202T185921.v2.0: SKIP NoDataInBounds (field does not intersect FMASK)
[2668/3634] [2633] HLS.S30.T11SLD.2021201T183919.v2.0: SKIP NoDataInBounds (field does not intersect FMASK)
[2669/3634] [2665] HLS.L30.T11TMF.2021203T182619.v2.0: SKIP NoDataInBounds (field does not intersect FMASK)
[2670/3634] [2666] HLS.L30.T11SMD.2021203T182643.v2.0: SKIP NoDataInBounds (field does not intersect FMASK)
[2671/3634] [2667] HLS.L30.T11TME.2021203T182643.v2.0: SKIP NoDataInBounds (field does not intersect FMASK)
[2672/3634] [2678] all outputs exist; skipping HLS.S30.T11SLC.2021203T182921.v2.0
[2673/3634] [2679] all outputs exist; skipping HLS.S30.T11SMB.2021203T182921.v2.0
[2674/3634] [2680] all outputs exist; skipping HLS.S30.T11SLB.2021203T182921.v2.0
[2675/3634] [2668] HLS.L30.T11SLD.2021203T182707.v2.0: SKIP NoDataInBounds (field does not intersect FMASK)
[2676/3634] [2682] all outputs exist; skipping HLS.S30.T10TGM.2021204T184919.v2.0
[2677/3634] [2683] all outputs exist; skipping HLS.S30.T11TKG.2021204T184919.v2.0
[2678/3634] [2684] all outputs exist; skipping HLS.S30.T10TFM.2021204T184919.v2.0
[2679/3634] [2685] all outputs exist; skipping HLS.S30.T10TEM.2021204T184919.v2.0
[2680/3634] [2670] HLS.L30.T11SMC.2021203T182707.v2.0: SKIP NoDataInBounds (field does not intersect FMASK)
[2681/3634] [2687] all outputs exist; skipping HLS.S30.T11TKF.2021204T184919.v2.0
[2682/3634] [2688] all outputs exist; skipping HLS.S30.T10TGL.2021204T184919.v2.0
[2683/3634] [2689] all outputs exist; skipping HLS.S30.T10TFL.2021204T184919.v2.0
[2684/3634] [2674] HLS.S30.T11TME.2021203T182921.v2.0: SKIP NoDataInBounds (field does not intersect FMASK)
[2685/3634] [2673] HLS.S30.T11TMF.2021203T182921.v2.0: SKIP NoDataInBounds (field does not intersect FMASK)
[2686/3634] [2691] all outputs exist; skipping HLS.S30.T10TEL.2021204T184919.v2.0
[2687/3634] [2692] all outputs exist; skipping HLS.S30.T11TKE.2021204T184919.v2.0
[2688/3634] [2693] all outputs exist; skipping HLS.S30.T10TGK.2021204T184919.v2.0
[2689/3634] [2694] all outputs exist; skipping HLS.S30.T10TFK.2021204T184919.v2.0
[2690/3634] [2695] all outputs exist; skipping HLS.S30.T10TEK.2021204T184919.v2.0
[2691/3634] [2696] all outputs exist; skipping HLS.S30.T11SKD.2021204T184919.v2.0
[2692/3634] [2698] all outputs exist; skipping HLS.S30.T10SFJ.2021204T184919.v2.0
[2693/3634] [2697] all outputs exist; skipping HLS.S30.T10SGJ.2021204T184919.v2.0
[2694/3634] [2699] all outputs exist; skipping HLS.S30.T10SEJ.2021204T184919.v2.0
[2695/3634] [2700] all outputs exist; skipping HLS.S30.T10SDJ.2021204T184919.v2.0
[2696/3634] [2701] all outputs exist; skipping HLS.S30.T11SKC.2021204T184919.v2.0
[2697/3634] [2702] all outputs exist; skipping HLS.S30.T10SGH.2021204T184919.v2.0
[2698/3634] [2703] all outputs exist; skipping HLS.S30.T10SFH.2021204T184919.v2.0
[2699/3634] [2704] all outputs exist; skipping HLS.S30.T10SEH.2021204T184919.v2.0
[2700/3634] [2705] all outputs exist; skipping HLS.S30.T10SDH.2021204T184919.v2.0
[2701/3634] [2706] all outputs exist; skipping HLS.S30.T11SKB.2021204T184919.v2.0
[2702/3634] [2707] all outputs exist; skipping HLS.S30.T10SGG.2021204T184919.v2.0
[2703/3634] [2708] all outputs exist; skipping HLS.S30.T10SFG.2021204T184919.v2.0
[2704/3634] [2709] all outputs exist; skipping HLS.S30.T10SEG.2021204T184919.v2.0
[2705/3634] [2711] all outputs exist; skipping HLS.S30.T10TDM.2021205T190921.v2.0
[2706/3634] [2712] all outputs exist; skipping HLS.S30.T10TCM.2021205T190921.v2.0
[2707/3634] [2713] all outputs exist; skipping HLS.S30.T10TDL.2021205T190921.v2.0
[2708/3634] [2714] all outputs exist; skipping HLS.S30.T10TCL.2021205T190921.v2.0
[2709/3634] [2715] all outputs exist; skipping HLS.S30.T10TDK.2021205T190921.v2.0
[2710/3634] [2716] all outputs exist; skipping HLS.S30.T10TCK.2021205T190921.v2.0
[2711/3634] [2675] HLS.S30.T11SMD.2021203T182921.v2.0: SKIP NoDataInBounds (field does not intersect FMASK)
[2712/3634] [2676] HLS.S30.T11SLD.2021203T182921.v2.0: SKIP NoDataInBounds (field does not intersect FMASK)
[2713/3634] [2719] all outputs exist; skipping HLS.S30.T10TGM.2021206T183921.v2.0
[2714/3634] [2720] all outputs exist; skipping HLS.S30.T11TKG.2021206T183921.v2.0
[2715/3634] [2681] HLS.S30.T11TLG.2021204T184919.v2.0: SKIP NoDataInBounds (field does not intersect FMASK)
[2716/3634] [2686] HLS.S30.T11TLF.2021204T184919.v2.0: SKIP NoDataInBounds (field does not intersect FMASK)
[2717/3634] [2723] all outputs exist; skipping HLS.S30.T11TKF.2021206T183921.v2.0
[2718/3634] [2724] all outputs exist; skipping HLS.S30.T10TGL.2021206T183921.v2.0
[2719/3634] [2690] HLS.S30.T11TLE.2021204T184919.v2.0: SKIP NoDataInBounds (field does not intersect FMASK)
[2720/3634] [2677] HLS.S30.T11SMC.2021203T182921.v2.0: SKIP NoDataInBounds (field does not intersect FMASK)
[2721/3634] [2727] all outputs exist; skipping HLS.S30.T11TKE.2021206T183921.v2.0
[2722/3634] [2728] all outputs exist; skipping HLS.S30.T10TGK.2021206T183921.v2.0
[2723/3634] [2718] HLS.S30.T11TLG.2021206T183921.v2.0: SKIP NoDataInBounds (field does not intersect FMASK)
[2724/3634] [2717] HLS.S30.T11TMG.2021206T183921.v2.0: SKIP NoDataInBounds (field does not intersect FMASK)
[2725/3634] [2731] all outputs exist; skipping HLS.S30.T11SKD.2021206T183921.v2.0
[2726/3634] [2732] all outputs exist; skipping HLS.S30.T10SGJ.2021206T183921.v2.0
[2727/3634] [2721] HLS.S30.T11TMF.2021206T183921.v2.0: SKIP NoDataInBounds (field does not intersect FMASK)
[2728/3634] [2734] all outputs exist; skipping HLS.S30.T10SFJ.2021206T183921.v2.0
[2729/3634] [2735] all outputs exist; skipping HLS.S30.T11SLC.2021206T183921.v2.0
[2730/3634] [2736] all outputs exist; skipping HLS.S30.T11SKC.2021206T183921.v2.0
[2731/3634] [2737] all outputs exist; skipping HLS.S30.T10SGH.2021206T183921.v2.0
[2732/3634] [2738] all outputs exist; skipping HLS.S30.T10SFH.2021206T183921.v2.0
[2733/3634] [2739] all outputs exist; skipping HLS.S30.T11SMB.2021206T183921.v2.0
[2734/3634] [2740] all outputs exist; skipping HLS.S30.T11SLB.2021206T183921.v2.0
[2735/3634] [2741] all outputs exist; skipping HLS.S30.T11SKB.2021206T183921.v2.0
[2736/3634] [2742] all outputs exist; skipping HLS.S30.T10SGG.2021206T183921.v2.0
[2737/3634] [2743] all outputs exist; skipping HLS.S30.T10SFG.2021206T183921.v2.0
[2738/3634] [2744] all outputs exist; skipping HLS.L30.T10TDM.2021206T185651.v2.0
[2739/3634] [2745] all outputs exist; skipping HLS.L30.T10TEM.2021206T185651.v2.0
[2740/3634] [2746] all outputs exist; skipping HLS.L30.T10TCM.2021206T185715.v2.0
[2741/3634] [2747] all outputs exist; skipping HLS.L30.T10TEL.2021206T185715.v2.0
[2742/3634] [2748] all outputs exist; skipping HLS.L30.T10TCL.2021206T185715.v2.0
[2743/3634] [2749] all outputs exist; skipping HLS.L30.T10TDL.2021206T185715.v2.0
[2744/3634] [2750] all outputs exist; skipping HLS.L30.T10TCK.2021206T185738.v2.0
[2745/3634] [2751] all outputs exist; skipping HLS.L30.T10TDK.2021206T185738.v2.0
[2746/3634] [2752] all outputs exist; skipping HLS.L30.T10SDJ.2021206T185738.v2.0
[2747/3634] [2753] all outputs exist; skipping HLS.L30.T10SDH.2021206T185802.v2.0
[2748/3634] [2754] all outputs exist; skipping HLS.S30.T10TFM.2021207T185919.v2.0
[2749/3634] [2755] all outputs exist; skipping HLS.S30.T10TEM.2021207T185919.v2.0
[2750/3634] [2756] all outputs exist; skipping HLS.S30.T10TDM.2021207T185919.v2.0
[2751/3634] [2757] all outputs exist; skipping HLS.S30.T10TCM.2021207T185919.v2.0
[2752/3634] [2758] all outputs exist; skipping HLS.S30.T10TFL.2021207T185919.v2.0
[2753/3634] [2759] all outputs exist; skipping HLS.S30.T10TEL.2021207T185919.v2.0
[2754/3634] [2760] all outputs exist; skipping HLS.S30.T10TDL.2021207T185919.v2.0
[2755/3634] [2761] all outputs exist; skipping HLS.S30.T10TFK.2021207T185919.v2.0
[2756/3634] [2762] all outputs exist; skipping HLS.S30.T10TCL.2021207T185919.v2.0
[2757/3634] [2763] all outputs exist; skipping HLS.S30.T10TEK.2021207T185919.v2.0
[2758/3634] [2764] all outputs exist; skipping HLS.S30.T10TDK.2021207T185919.v2.0
[2759/3634] [2765] all outputs exist; skipping HLS.S30.T10TCK.2021207T185919.v2.0
[2760/3634] [2766] all outputs exist; skipping HLS.S30.T10SEJ.2021207T185919.v2.0
[2761/3634] [2767] all outputs exist; skipping HLS.S30.T10SDJ.2021207T185919.v2.0
[2762/3634] [2768] all outputs exist; skipping HLS.S30.T10SEH.2021207T185919.v2.0
[2763/3634] [2769] all outputs exist; skipping HLS.S30.T10SDH.2021207T185919.v2.0
[2764/3634] [2710] HLS.S30.T10SDG.2021204T184919.v2.0: SKIP NoDataInBounds (field does not intersect FMASK)
[2765/3634] [2722] HLS.S30.T11TLF.2021206T183921.v2.0: SKIP NoDataInBounds (field does not intersect FMASK)
[2766/3634] [2725] HLS.S30.T11TME.2021206T183921.v2.0: SKIP NoDataInBounds (field does not intersect FMASK)
[2767/3634] [2726] HLS.S30.T11TLE.2021206T183921.v2.0: SKIP NoDataInBounds (field does not intersect FMASK)
[2768/3634] [2729] HLS.S30.T11SMD.2021206T183921.v2.0: SKIP NoDataInBounds (field does not intersect FMASK)
[2769/3634] [2775] all outputs exist; skipping HLS.S30.T11SLC.2021208T182919.v2.0
[2770/3634] [2776] all outputs exist; skipping HLS.S30.T11SMB.2021208T182919.v2.0
[2771/3634] [2777] all outputs exist; skipping HLS.S30.T11SLB.2021208T182919.v2.0
[2772/3634] [2778] all outputs exist; skipping HLS.L30.T10TFM.2021208T184430.v2.0
[2773/3634] [2779] all outputs exist; skipping HLS.L30.T10TGM.2021208T184430.v2.0
[2774/3634] [2780] all outputs exist; skipping HLS.L30.T11TKG.2021208T184430.v2.0
[2775/3634] [2781] all outputs exist; skipping HLS.L30.T10TEM.2021208T184454.v2.0
[2776/3634] [2782] all outputs exist; skipping HLS.L30.T11TKF.2021208T184454.v2.0
[2777/3634] [2783] all outputs exist; skipping HLS.L30.T10TEL.2021208T184454.v2.0
[2778/3634] [2784] all outputs exist; skipping HLS.L30.T10TFM.2021208T184454.v2.0
[2779/3634] [2785] all outputs exist; skipping HLS.L30.T10TFL.2021208T184454.v2.0
[2780/3634] [2786] all outputs exist; skipping HLS.L30.T10TGL.2021208T184454.v2.0
[2781/3634] [2787] all outputs exist; skipping HLS.L30.T10SGH.2021208T184542.v2.0
[2782/3634] [2788] all outputs exist; skipping HLS.L30.T10SEH.2021208T184542.v2.0
[2783/3634] [2789] all outputs exist; skipping HLS.L30.T10SDH.2021208T184542.v2.0
[2784/3634] [2790] all outputs exist; skipping HLS.L30.T10SFH.2021208T184542.v2.0
[2785/3634] [2791] all outputs exist; skipping HLS.L30.T10TFK.2021208T184542.v2.0
[2786/3634] [2792] all outputs exist; skipping HLS.L30.T11SKD.2021208T184542.v2.0
[2787/3634] [2793] all outputs exist; skipping HLS.L30.T10SGJ.2021208T184542.v2.0
[2788/3634] [2794] all outputs exist; skipping HLS.L30.T10SEJ.2021208T184542.v2.0
[2789/3634] [2795] all outputs exist; skipping HLS.L30.T10TEK.2021208T184542.v2.0
[2790/3634] [2796] all outputs exist; skipping HLS.L30.T10SFJ.2021208T184542.v2.0
[2791/3634] [2797] all outputs exist; skipping HLS.L30.T10SEG.2021208T184606.v2.0
[2792/3634] [2730] HLS.S30.T11SLD.2021206T183921.v2.0: SKIP NoDataInBounds (field does not intersect FMASK)
[2793/3634] [2799] all outputs exist; skipping HLS.L30.T10SFG.2021208T184606.v2.0
[2794/3634] [2733] HLS.S30.T11SMC.2021206T183921.v2.0: SKIP NoDataInBounds (field does not intersect FMASK)
[2795/3634] [2801] all outputs exist; skipping HLS.S30.T10TGM.2021209T184921.v2.0
[2796/3634] [2802] all outputs exist; skipping HLS.S30.T11TKG.2021209T184921.v2.0
[2797/3634] [2803] all outputs exist; skipping HLS.S30.T10TFM.2021209T184921.v2.0
[2798/3634] [2804] all outputs exist; skipping HLS.S30.T10TEM.2021209T184921.v2.0
[2799/3634] [2770] HLS.S30.T11TMF.2021208T182919.v2.0: SKIP NoDataInBounds (field does not intersect FMASK)
[2800/3634] [2806] all outputs exist; skipping HLS.S30.T11TKF.2021209T184921.v2.0
[2801/3634] [2807] all outputs exist; skipping HLS.S30.T10TGL.2021209T184921.v2.0
[2802/3634] [2808] all outputs exist; skipping HLS.S30.T10TFL.2021209T184921.v2.0
[2803/3634] [2771] HLS.S30.T11TME.2021208T182919.v2.0: SKIP NoDataInBounds (field does not intersect FMASK)
[2804/3634] [2810] all outputs exist; skipping HLS.S30.T10TEL.2021209T184921.v2.0
[2805/3634] [2811] all outputs exist; skipping HLS.S30.T11TKE.2021209T184921.v2.0
[2806/3634] [2812] all outputs exist; skipping HLS.S30.T10TGK.2021209T184921.v2.0
[2807/3634] [2813] all outputs exist; skipping HLS.S30.T10TFK.2021209T184921.v2.0
[2808/3634] [2814] all outputs exist; skipping HLS.S30.T10TEK.2021209T184921.v2.0
[2809/3634] [2815] all outputs exist; skipping HLS.S30.T11SKD.2021209T184921.v2.0
[2810/3634] [2816] all outputs exist; skipping HLS.S30.T10SGJ.2021209T184921.v2.0
[2811/3634] [2817] all outputs exist; skipping HLS.S30.T10SFJ.2021209T184921.v2.0
[2812/3634] [2818] all outputs exist; skipping HLS.S30.T10SEJ.2021209T184921.v2.0
[2813/3634] [2819] all outputs exist; skipping HLS.S30.T10SDJ.2021209T184921.v2.0
[2814/3634] [2820] all outputs exist; skipping HLS.S30.T11SKC.2021209T184921.v2.0
[2815/3634] [2821] all outputs exist; skipping HLS.S30.T10SGH.2021209T184921.v2.0
[2816/3634] [2822] all outputs exist; skipping HLS.S30.T10SFH.2021209T184921.v2.0
[2817/3634] [2823] all outputs exist; skipping HLS.S30.T10SEH.2021209T184921.v2.0
[2818/3634] [2824] all outputs exist; skipping HLS.S30.T10SDH.2021209T184921.v2.0
[2819/3634] [2825] all outputs exist; skipping HLS.S30.T11SKB.2021209T184921.v2.0
[2820/3634] [2826] all outputs exist; skipping HLS.S30.T10SGG.2021209T184921.v2.0
[2821/3634] [2827] all outputs exist; skipping HLS.S30.T10SFG.2021209T184921.v2.0
[2822/3634] [2828] all outputs exist; skipping HLS.S30.T10SEG.2021209T184921.v2.0
[2823/3634] [2772] HLS.S30.T11SMD.2021208T182919.v2.0: SKIP NoDataInBounds (field does not intersect FMASK)
[2824/3634] [2773] HLS.S30.T11SLD.2021208T182919.v2.0: SKIP NoDataInBounds (field does not intersect FMASK)
[2825/3634] [2774] HLS.S30.T11SMC.2021208T182919.v2.0: SKIP NoDataInBounds (field does not intersect FMASK)
[2826/3634] [2798] HLS.L30.T10SDG.2021208T184606.v2.0: SKIP NoDataInBounds (field does not intersect FMASK)
[2827/3634] [2800] HLS.S30.T11TLG.2021209T184921.v2.0: SKIP NoDataInBounds (field does not intersect FMASK)
[2828/3634] [2805] HLS.S30.T11TLF.2021209T184921.v2.0: SKIP NoDataInBounds (field does not intersect FMASK)
[2829/3634] [2835] all outputs exist; skipping HLS.L30.T11SKD.2021210T183257.v2.0
[2830/3634] [2836] all outputs exist; skipping HLS.L30.T10TGK.2021210T183257.v2.0
[2831/3634] [2809] HLS.S30.T11TLE.2021209T184921.v2.0: SKIP NoDataInBounds (field does not intersect FMASK)
[2832/3634] [2829] HLS.S30.T10SDG.2021209T184921.v2.0: SKIP NoDataInBounds (field does not intersect FMASK)
[2833/3634] [2839] all outputs exist; skipping HLS.L30.T11TKE.2021210T183257.v2.0
[2834/3634] [2830] HLS.L30.T11TMG.2021210T183209.v2.0: SKIP NoDataInBounds (field does not intersect FMASK)
[2835/3634] [2841] all outputs exist; skipping HLS.L30.T10SGJ.2021210T183257.v2.0
[2836/3634] [2831] HLS.L30.T11TLG.2021210T183233.v2.0: SKIP NoDataInBounds (field does not intersect FMASK)
[2837/3634] [2843] all outputs exist; skipping HLS.L30.T10SGH.2021210T183321.v2.0
[2838/3634] [2844] all outputs exist; skipping HLS.L30.T11SLC.2021210T183321.v2.0
[2839/3634] [2845] all outputs exist; skipping HLS.L30.T11SKC.2021210T183321.v2.0
[2840/3634] [2846] all outputs exist; skipping HLS.L30.T10SGJ.2021210T183321.v2.0
[2841/3634] [2847] all outputs exist; skipping HLS.L30.T11SMB.2021210T183345.v2.0
[2842/3634] [2848] all outputs exist; skipping HLS.L30.T11SLB.2021210T183345.v2.0
[2843/3634] [2849] all outputs exist; skipping HLS.L30.T11SKB.2021210T183345.v2.0
[2844/3634] [2850] all outputs exist; skipping HLS.L30.T10SGG.2021210T183345.v2.0
[2845/3634] [2851] all outputs exist; skipping HLS.S30.T10TDM.2021210T190919.v2.0
[2846/3634] [2852] all outputs exist; skipping HLS.S30.T10TCM.2021210T190919.v2.0
[2847/3634] [2853] all outputs exist; skipping HLS.S30.T10TDL.2021210T190919.v2.0
[2848/3634] [2854] all outputs exist; skipping HLS.S30.T10TCL.2021210T190919.v2.0
[2849/3634] [2855] all outputs exist; skipping HLS.S30.T10TDK.2021210T190919.v2.0
[2850/3634] [2856] all outputs exist; skipping HLS.S30.T10TCK.2021210T190919.v2.0
[2851/3634] [2832] HLS.L30.T11TMF.2021210T183233.v2.0: SKIP NoDataInBounds (field does not intersect FMASK)
[2852/3634] [2837] HLS.L30.T11TLE.2021210T183257.v2.0: SKIP NoDataInBounds (field does not intersect FMASK)
[2853/3634] [2859] all outputs exist; skipping HLS.S30.T10TGM.2021211T183919.v2.0
[2854/3634] [2860] all outputs exist; skipping HLS.S30.T11TKG.2021211T183919.v2.0
[2855/3634] [2833] HLS.L30.T11TLF.2021210T183233.v2.0: SKIP NoDataInBounds (field does not intersect FMASK)
[2856/3634] [2834] HLS.L30.T11TME.2021210T183257.v2.0: SKIP NoDataInBounds (field does not intersect FMASK)
[2857/3634] [2863] all outputs exist; skipping HLS.S30.T11TKF.2021211T183919.v2.0
[2858/3634] [2864] all outputs exist; skipping HLS.S30.T10TGL.2021211T183919.v2.0
[2859/3634] [2838] HLS.L30.T11SMD.2021210T183257.v2.0: SKIP NoDataInBounds (field does not intersect FMASK)
[2860/3634] [2840] HLS.L30.T11SLD.2021210T183257.v2.0: SKIP NoDataInBounds (field does not intersect FMASK)
[2861/3634] [2867] all outputs exist; skipping HLS.S30.T11TKE.2021211T183919.v2.0
[2862/3634] [2868] all outputs exist; skipping HLS.S30.T10TGK.2021211T183919.v2.0
[2863/3634] [2842] HLS.L30.T11SMC.2021210T183321.v2.0: SKIP NoDataInBounds (field does not intersect FMASK)
[2864/3634] [2858] HLS.S30.T11TLG.2021211T183919.v2.0: SKIP NoDataInBounds (field does not intersect FMASK)
[2865/3634] [2871] all outputs exist; skipping HLS.S30.T11SKD.2021211T183919.v2.0
[2866/3634] [2872] all outputs exist; skipping HLS.S30.T10SGJ.2021211T183919.v2.0
[2867/3634] [2857] HLS.S30.T11TMG.2021211T183919.v2.0: SKIP NoDataInBounds (field does not intersect FMASK)
[2868/3634] [2874] all outputs exist; skipping HLS.S30.T10SFJ.2021211T183919.v2.0
[2869/3634] [2875] all outputs exist; skipping HLS.S30.T11SLC.2021211T183919.v2.0
[2870/3634] [2876] all outputs exist; skipping HLS.S30.T11SKC.2021211T183919.v2.0
[2871/3634] [2877] all outputs exist; skipping HLS.S30.T10SGH.2021211T183919.v2.0
[2872/3634] [2878] all outputs exist; skipping HLS.S30.T10SFH.2021211T183919.v2.0
[2873/3634] [2879] all outputs exist; skipping HLS.S30.T11SMB.2021211T183919.v2.0
[2874/3634] [2880] all outputs exist; skipping HLS.S30.T11SLB.2021211T183919.v2.0
[2875/3634] [2881] all outputs exist; skipping HLS.S30.T11SKB.2021211T183919.v2.0
[2876/3634] [2882] all outputs exist; skipping HLS.S30.T10SGG.2021211T183919.v2.0
[2877/3634] [2883] all outputs exist; skipping HLS.S30.T10SFG.2021211T183919.v2.0
[2878/3634] [2884] all outputs exist; skipping HLS.S30.T10TEM.2021212T185921.v2.0
[2879/3634] [2885] all outputs exist; skipping HLS.S30.T10TDM.2021212T185921.v2.0
[2880/3634] [2886] all outputs exist; skipping HLS.S30.T10TCM.2021212T185921.v2.0
[2881/3634] [2887] all outputs exist; skipping HLS.S30.T10TFL.2021212T185921.v2.0
[2882/3634] [2888] all outputs exist; skipping HLS.S30.T10TEL.2021212T185921.v2.0
[2883/3634] [2889] all outputs exist; skipping HLS.S30.T10TDL.2021212T185921.v2.0
[2884/3634] [2890] all outputs exist; skipping HLS.S30.T10TFK.2021212T185921.v2.0
[2885/3634] [2891] all outputs exist; skipping HLS.S30.T10TCL.2021212T185921.v2.0
[2886/3634] [2892] all outputs exist; skipping HLS.S30.T10TEK.2021212T185921.v2.0
[2887/3634] [2893] all outputs exist; skipping HLS.S30.T10TDK.2021212T185921.v2.0
[2888/3634] [2894] all outputs exist; skipping HLS.S30.T10TCK.2021212T185921.v2.0
[2889/3634] [2895] all outputs exist; skipping HLS.S30.T10SEJ.2021212T185921.v2.0
[2890/3634] [2896] all outputs exist; skipping HLS.S30.T10SDJ.2021212T185921.v2.0
[2891/3634] [2897] all outputs exist; skipping HLS.S30.T10SEH.2021212T185921.v2.0
[2892/3634] [2898] all outputs exist; skipping HLS.S30.T10SDH.2021212T185921.v2.0
[2893/3634] [2899] all outputs exist; skipping HLS.S30.T10SEG.2021212T185921.v2.0
[2894/3634] [2862] HLS.S30.T11TLF.2021211T183919.v2.0: SKIP NoDataInBounds (field does not intersect FMASK)
[2895/3634] [2865] HLS.S30.T11TME.2021211T183919.v2.0: SKIP NoDataInBounds (field does not intersect FMASK)
[2896/3634] [2866] HLS.S30.T11TLE.2021211T183919.v2.0: SKIP NoDataInBounds (field does not intersect FMASK)
[2897/3634] [2861] HLS.S30.T11TMF.2021211T183919.v2.0: SKIP NoDataInBounds (field does not intersect FMASK)
[2898/3634] [2869] HLS.S30.T11SMD.2021211T183919.v2.0: SKIP NoDataInBounds (field does not intersect FMASK)
[2899/3634] [2870] HLS.S30.T11SLD.2021211T183919.v2.0: SKIP NoDataInBounds (field does not intersect FMASK)
[2900/3634] [2906] all outputs exist; skipping HLS.S30.T11SLC.2021213T182921.v2.0
[2901/3634] [2907] all outputs exist; skipping HLS.S30.T11SMB.2021213T182921.v2.0
[2902/3634] [2908] all outputs exist; skipping HLS.S30.T11SLB.2021213T182921.v2.0
[2903/3634] [2909] all outputs exist; skipping HLS.L30.T10TDM.2021213T190305.v2.0
[2904/3634] [2910] all outputs exist; skipping HLS.L30.T10TCM.2021213T190305.v2.0
[2905/3634] [2911] all outputs exist; skipping HLS.L30.T10TCL.2021213T190329.v2.0
[2906/3634] [2873] HLS.S30.T11SMC.2021211T183919.v2.0: SKIP NoDataInBounds (field does not intersect FMASK)
[2907/3634] [2913] all outputs exist; skipping HLS.S30.T10TGM.2021214T184919.v2.0
[2908/3634] [2914] all outputs exist; skipping HLS.S30.T11TKG.2021214T184919.v2.0
[2909/3634] [2915] all outputs exist; skipping HLS.S30.T10TFM.2021214T184919.v2.0
[2910/3634] [2916] all outputs exist; skipping HLS.S30.T10TEM.2021214T184919.v2.0
[2911/3634] [2900] HLS.S30.T10SDG.2021212T185921.v2.0: SKIP NoDataInBounds (field does not intersect FMASK)
[2912/3634] [2918] all outputs exist; skipping HLS.S30.T11TKF.2021214T184919.v2.0
[2913/3634] [2919] all outputs exist; skipping HLS.S30.T10TGL.2021214T184919.v2.0
[2914/3634] [2920] all outputs exist; skipping HLS.S30.T10TFL.2021214T184919.v2.0
[2915/3634] [2901] HLS.S30.T11TMF.2021213T182921.v2.0: SKIP NoDataInBounds (field does not intersect FMASK)
[2916/3634] [2922] all outputs exist; skipping HLS.S30.T10TEL.2021214T184919.v2.0
[2917/3634] [2923] all outputs exist; skipping HLS.S30.T11TKE.2021214T184919.v2.0
[2918/3634] [2924] all outputs exist; skipping HLS.S30.T10TGK.2021214T184919.v2.0
[2919/3634] [2925] all outputs exist; skipping HLS.S30.T10TFK.2021214T184919.v2.0
[2920/3634] [2926] all outputs exist; skipping HLS.S30.T10TEK.2021214T184919.v2.0
[2921/3634] [2927] all outputs exist; skipping HLS.S30.T11SKD.2021214T184919.v2.0
[2922/3634] [2928] all outputs exist; skipping HLS.S30.T10SGJ.2021214T184919.v2.0
[2923/3634] [2929] all outputs exist; skipping HLS.S30.T10SFJ.2021214T184919.v2.0
[2924/3634] [2930] all outputs exist; skipping HLS.S30.T10SEJ.2021214T184919.v2.0
[2925/3634] [2931] all outputs exist; skipping HLS.S30.T10SDJ.2021214T184919.v2.0
[2926/3634] [2932] all outputs exist; skipping HLS.S30.T11SKC.2021214T184919.v2.0
[2927/3634] [2933] all outputs exist; skipping HLS.S30.T10SGH.2021214T184919.v2.0
[2928/3634] [2934] all outputs exist; skipping HLS.S30.T10SFH.2021214T184919.v2.0
[2929/3634] [2935] all outputs exist; skipping HLS.S30.T10SEH.2021214T184919.v2.0
[2930/3634] [2936] all outputs exist; skipping HLS.S30.T10SDH.2021214T184919.v2.0
[2931/3634] [2937] all outputs exist; skipping HLS.S30.T11SKB.2021214T184919.v2.0
[2932/3634] [2938] all outputs exist; skipping HLS.S30.T10SGG.2021214T184919.v2.0
[2933/3634] [2939] all outputs exist; skipping HLS.S30.T10SFG.2021214T184919.v2.0
[2934/3634] [2940] all outputs exist; skipping HLS.S30.T10SEG.2021214T184919.v2.0
[2935/3634] [2902] HLS.S30.T11TME.2021213T182921.v2.0: SKIP NoDataInBounds (field does not intersect FMASK)
[2936/3634] [2942] all outputs exist; skipping HLS.L30.T10TFM.2021215T185044.v2.0
[2937/3634] [2943] all outputs exist; skipping HLS.L30.T10TEM.2021215T185044.v2.0
[2938/3634] [2944] all outputs exist; skipping HLS.L30.T10TFL.2021215T185108.v2.0
[2939/3634] [2945] all outputs exist; skipping HLS.L30.T10TDM.2021215T185108.v2.0
[2940/3634] [2946] all outputs exist; skipping HLS.L30.T10TDL.2021215T185108.v2.0
[2941/3634] [2947] all outputs exist; skipping HLS.L30.T10TEL.2021215T185108.v2.0
[2942/3634] [2948] all outputs exist; skipping HLS.L30.T10TFK.2021215T185132.v2.0
[2943/3634] [2949] all outputs exist; skipping HLS.L30.T10TEK.2021215T185132.v2.0
[2944/3634] [2950] all outputs exist; skipping HLS.L30.T10SEJ.2021215T185132.v2.0
[2945/3634] [2951] all outputs exist; skipping HLS.L30.T10TCK.2021215T185132.v2.0
[2946/3634] [2952] all outputs exist; skipping HLS.L30.T10SDJ.2021215T185132.v2.0
[2947/3634] [2953] all outputs exist; skipping HLS.L30.T10TDK.2021215T185132.v2.0
[2948/3634] [2954] all outputs exist; skipping HLS.L30.T10SEH.2021215T185156.v2.0
[2949/3634] [2955] all outputs exist; skipping HLS.L30.T10SDH.2021215T185156.v2.0
[2950/3634] [2956] all outputs exist; skipping HLS.L30.T10SEG.2021215T185220.v2.0
[2951/3634] [2903] HLS.S30.T11SMD.2021213T182921.v2.0: SKIP NoDataInBounds (field does not intersect FMASK)
[2952/3634] [2958] all outputs exist; skipping HLS.S30.T10TDM.2021215T190921.v2.0
[2953/3634] [2959] all outputs exist; skipping HLS.S30.T10TCM.2021215T190921.v2.0
[2954/3634] [2960] all outputs exist; skipping HLS.S30.T10TDL.2021215T190921.v2.0
[2955/3634] [2961] all outputs exist; skipping HLS.S30.T10TCL.2021215T190921.v2.0
[2956/3634] [2962] all outputs exist; skipping HLS.S30.T10TDK.2021215T190921.v2.0
[2957/3634] [2963] all outputs exist; skipping HLS.S30.T10TCK.2021215T190921.v2.0
[2958/3634] [2904] HLS.S30.T11SLD.2021213T182921.v2.0: SKIP NoDataInBounds (field does not intersect FMASK)
[2959/3634] [2905] HLS.S30.T11SMC.2021213T182921.v2.0: SKIP NoDataInBounds (field does not intersect FMASK)
[2960/3634] [2966] all outputs exist; skipping HLS.S30.T10TGM.2021216T183921.v2.0
[2961/3634] [2967] all outputs exist; skipping HLS.S30.T11TKG.2021216T183921.v2.0
[2962/3634] [2912] HLS.S30.T11TLG.2021214T184919.v2.0: SKIP NoDataInBounds (field does not intersect FMASK)
[2963/3634] [2917] HLS.S30.T11TLF.2021214T184919.v2.0: SKIP NoDataInBounds (field does not intersect FMASK)
[2964/3634] [2970] all outputs exist; skipping HLS.S30.T11TKF.2021216T183921.v2.0
[2965/3634] [2971] all outputs exist; skipping HLS.S30.T10TGL.2021216T183921.v2.0
[2966/3634] [2921] HLS.S30.T11TLE.2021214T184919.v2.0: SKIP NoDataInBounds (field does not intersect FMASK)
[2967/3634] [2957] HLS.L30.T10SDG.2021215T185220.v2.0: SKIP NoDataInBounds (field does not intersect FMASK)
[2968/3634] [2974] all outputs exist; skipping HLS.S30.T11TKE.2021216T183921.v2.0
[2969/3634] [2975] all outputs exist; skipping HLS.S30.T10TGK.2021216T183921.v2.0
[2970/3634] [2941] HLS.S30.T10SDG.2021214T184919.v2.0: SKIP NoDataInBounds (field does not intersect FMASK)
[2971/3634] [2964] HLS.S30.T11TMG.2021216T183921.v2.0: SKIP NoDataInBounds (field does not intersect FMASK)
[2972/3634] [2978] all outputs exist; skipping HLS.S30.T11SKD.2021216T183921.v2.0
[2973/3634] [2979] all outputs exist; skipping HLS.S30.T10SGJ.2021216T183921.v2.0
[2974/3634] [2965] HLS.S30.T11TLG.2021216T183921.v2.0: SKIP NoDataInBounds (field does not intersect FMASK)
[2975/3634] [2981] all outputs exist; skipping HLS.S30.T10SFJ.2021216T183921.v2.0
[2976/3634] [2982] all outputs exist; skipping HLS.S30.T11SLC.2021216T183921.v2.0
[2977/3634] [2983] all outputs exist; skipping HLS.S30.T11SKC.2021216T183921.v2.0
[2978/3634] [2984] all outputs exist; skipping HLS.S30.T10SGH.2021216T183921.v2.0
[2979/3634] [2985] all outputs exist; skipping HLS.S30.T10SFH.2021216T183921.v2.0
[2980/3634] [2986] all outputs exist; skipping HLS.S30.T11SMB.2021216T183921.v2.0
[2981/3634] [2987] all outputs exist; skipping HLS.S30.T11SLB.2021216T183921.v2.0
[2982/3634] [2988] all outputs exist; skipping HLS.S30.T11SKB.2021216T183921.v2.0
[2983/3634] [2989] all outputs exist; skipping HLS.S30.T10SGG.2021216T183921.v2.0
[2984/3634] [2990] all outputs exist; skipping HLS.S30.T10SFG.2021216T183921.v2.0
[2985/3634] [2968] HLS.S30.T11TMF.2021216T183921.v2.0: SKIP NoDataInBounds (field does not intersect FMASK)
[2986/3634] [2969] HLS.S30.T11TLF.2021216T183921.v2.0: SKIP NoDataInBounds (field does not intersect FMASK)
[2987/3634] [2993] all outputs exist; skipping HLS.L30.T10TFL.2021217T183847.v2.0
[2988/3634] [2994] all outputs exist; skipping HLS.L30.T11TKF.2021217T183847.v2.0
[2989/3634] [2972] HLS.S30.T11TME.2021216T183921.v2.0: SKIP NoDataInBounds (field does not intersect FMASK)
[2990/3634] [2996] all outputs exist; skipping HLS.L30.T10TGL.2021217T183847.v2.0
[2991/3634] [2997] all outputs exist; skipping HLS.L30.T11TKG.2021217T183847.v2.0
[2992/3634] [2998] all outputs exist; skipping HLS.L30.T10TGM.2021217T183847.v2.0
[2993/3634] [2973] HLS.S30.T11TLE.2021216T183921.v2.0: SKIP NoDataInBounds (field does not intersect FMASK)
[2994/3634] [2977] HLS.S30.T11SLD.2021216T183921.v2.0: SKIP NoDataInBounds (field does not intersect FMASK)
[2995/3634] [3001] all outputs exist; skipping HLS.L30.T11SKD.2021217T183911.v2.0
[2996/3634] [3002] all outputs exist; skipping HLS.L30.T10SFJ.2021217T183911.v2.0
[2997/3634] [3003] all outputs exist; skipping HLS.L30.T10TFK.2021217T183911.v2.0
[2998/3634] [3004] all outputs exist; skipping HLS.L30.T10SGJ.2021217T183911.v2.0
[2999/3634] [3005] all outputs exist; skipping HLS.L30.T10TGK.2021217T183911.v2.0
[3000/3634] [3006] all outputs exist; skipping HLS.L30.T11TKE.2021217T183911.v2.0
[3001/3634] [3007] all outputs exist; skipping HLS.L30.T10SFH.2021217T183935.v2.0
[3002/3634] [3008] all outputs exist; skipping HLS.L30.T11SLC.2021217T183935.v2.0
[3003/3634] [3009] all outputs exist; skipping HLS.L30.T11SKC.2021217T183935.v2.0
[3004/3634] [3010] all outputs exist; skipping HLS.L30.T10SGH.2021217T183935.v2.0
[3005/3634] [3011] all outputs exist; skipping HLS.L30.T10SGG.2021217T183959.v2.0
[3006/3634] [3012] all outputs exist; skipping HLS.L30.T10SFG.2021217T183959.v2.0
[3007/3634] [3013] all outputs exist; skipping HLS.L30.T11SKB.2021217T183959.v2.0
[3008/3634] [3014] all outputs exist; skipping HLS.S30.T10TFM.2021217T185919.v2.0
[3009/3634] [3015] all outputs exist; skipping HLS.S30.T10TEM.2021217T185919.v2.0
[3010/3634] [3016] all outputs exist; skipping HLS.S30.T10TDM.2021217T185919.v2.0
[3011/3634] [3017] all outputs exist; skipping HLS.S30.T10TCM.2021217T185919.v2.0
[3012/3634] [3018] all outputs exist; skipping HLS.S30.T10TFL.2021217T185919.v2.0
[3013/3634] [3019] all outputs exist; skipping HLS.S30.T10TEL.2021217T185919.v2.0
[3014/3634] [3020] all outputs exist; skipping HLS.S30.T10TDL.2021217T185919.v2.0
[3015/3634] [3021] all outputs exist; skipping HLS.S30.T10TFK.2021217T185919.v2.0
[3016/3634] [3022] all outputs exist; skipping HLS.S30.T10TCL.2021217T185919.v2.0
[3017/3634] [3023] all outputs exist; skipping HLS.S30.T10TEK.2021217T185919.v2.0
[3018/3634] [3024] all outputs exist; skipping HLS.S30.T10TDK.2021217T185919.v2.0
[3019/3634] [3025] all outputs exist; skipping HLS.S30.T10TCK.2021217T185919.v2.0
[3020/3634] [3026] all outputs exist; skipping HLS.S30.T10SEJ.2021217T185919.v2.0
[3021/3634] [3027] all outputs exist; skipping HLS.S30.T10SDJ.2021217T185919.v2.0
[3022/3634] [3028] all outputs exist; skipping HLS.S30.T10SEH.2021217T185919.v2.0
[3023/3634] [3029] all outputs exist; skipping HLS.S30.T10SDH.2021217T185919.v2.0
[3024/3634] [3030] all outputs exist; skipping HLS.S30.T10SEG.2021217T185919.v2.0
[3025/3634] [2976] HLS.S30.T11SMD.2021216T183921.v2.0: SKIP NoDataInBounds (field does not intersect FMASK)
[3026/3634] [2980] HLS.S30.T11SMC.2021216T183921.v2.0: SKIP NoDataInBounds (field does not intersect FMASK)
[3027/3634] [2991] HLS.L30.T11TMG.2021217T183823.v2.0: SKIP NoDataInBounds (field does not intersect FMASK)
[3028/3634] [2992] HLS.L30.T11TLG.2021217T183823.v2.0: SKIP NoDataInBounds (field does not intersect FMASK)
[3029/3634] [2995] HLS.L30.T11TLF.2021217T183847.v2.0: SKIP NoDataInBounds (field does not intersect FMASK)
[3030/3634] [2999] HLS.L30.T11TLE.2021217T183911.v2.0: SKIP NoDataInBounds (field does not intersect FMASK)
[3031/3634] [3037] all outputs exist; skipping HLS.S30.T11SLC.2021218T182919.v2.0
[3032/3634] [3038] all outputs exist; skipping HLS.S30.T11SMB.2021218T182919.v2.0
[3033/3634] [3039] all outputs exist; skipping HLS.S30.T11SLB.2021218T182919.v2.0
[3034/3634] [3000] HLS.L30.T11SLD.2021217T183911.v2.0: SKIP NoDataInBounds (field does not intersect FMASK)
[3035/3634] [3031] HLS.S30.T10SDG.2021217T185919.v2.0: SKIP NoDataInBounds (field does not intersect FMASK)
[3036/3634] [3032] HLS.S30.T11TMF.2021218T182919.v2.0: SKIP NoDataInBounds (field does not intersect FMASK)
[3037/3634] [3043] all outputs exist; skipping HLS.L30.T11SLC.2021219T182714.v2.0
[3038/3634] [3034] HLS.S30.T11SMD.2021218T182919.v2.0: SKIP NoDataInBounds (field does not intersect FMASK)
[3039/3634] [3033] HLS.S30.T11TME.2021218T182919.v2.0: SKIP NoDataInBounds (field does not intersect FMASK)
[3040/3634] [3046] all outputs exist; skipping HLS.L30.T11SLB.2021219T182738.v2.0
[3041/3634] [3047] all outputs exist; skipping HLS.L30.T11SMB.2021219T182738.v2.0
[3042/3634] [3035] HLS.S30.T11SLD.2021218T182919.v2.0: SKIP NoDataInBounds (field does not intersect FMASK)
[3043/3634] [3049] all outputs exist; skipping HLS.S30.T10TGM.2021219T184921.v2.0
[3044/3634] [3050] all outputs exist; skipping HLS.S30.T11TKG.2021219T184921.v2.0
[3045/3634] [3051] all outputs exist; skipping HLS.S30.T10TFM.2021219T184921.v2.0
[3046/3634] [3052] all outputs exist; skipping HLS.S30.T10TEM.2021219T184921.v2.0
[3047/3634] [3036] HLS.S30.T11SMC.2021218T182919.v2.0: SKIP NoDataInBounds (field does not intersect FMASK)
[3048/3634] [3054] all outputs exist; skipping HLS.S30.T11TKF.2021219T184921.v2.0
[3049/3634] [3055] all outputs exist; skipping HLS.S30.T10TGL.2021219T184921.v2.0
[3050/3634] [3056] all outputs exist; skipping HLS.S30.T10TFL.2021219T184921.v2.0
[3051/3634] [3041] HLS.L30.T11SMD.2021219T182650.v2.0: SKIP NoDataInBounds (field does not intersect FMASK)
[3052/3634] [3058] all outputs exist; skipping HLS.S30.T10TEL.2021219T184921.v2.0
[3053/3634] [3059] all outputs exist; skipping HLS.S30.T11TKE.2021219T184921.v2.0
[3054/3634] [3060] all outputs exist; skipping HLS.S30.T10TGK.2021219T184921.v2.0
[3055/3634] [3061] all outputs exist; skipping HLS.S30.T10TFK.2021219T184921.v2.0
[3056/3634] [3062] all outputs exist; skipping HLS.S30.T10TEK.2021219T184921.v2.0
[3057/3634] [3063] all outputs exist; skipping HLS.S30.T11SKD.2021219T184921.v2.0
[3058/3634] [3064] all outputs exist; skipping HLS.S30.T10SGJ.2021219T184921.v2.0
[3059/3634] [3065] all outputs exist; skipping HLS.S30.T10SFJ.2021219T184921.v2.0
[3060/3634] [3040] HLS.L30.T11TMF.2021219T182626.v2.0: SKIP NoDataInBounds (field does not intersect FMASK)
[3061/3634] [3066] all outputs exist; skipping HLS.S30.T10SEJ.2021219T184921.v2.0
[3062/3634] [3067] all outputs exist; skipping HLS.S30.T10SDJ.2021219T184921.v2.0
[3063/3634] [3068] all outputs exist; skipping HLS.S30.T11SKC.2021219T184921.v2.0
[3064/3634] [3069] all outputs exist; skipping HLS.S30.T10SGH.2021219T184921.v2.0
[3065/3634] [3070] all outputs exist; skipping HLS.S30.T10SFH.2021219T184921.v2.0
[3066/3634] [3071] all outputs exist; skipping HLS.S30.T10SEH.2021219T184921.v2.0
[3067/3634] [3072] all outputs exist; skipping HLS.S30.T10SDH.2021219T184921.v2.0
[3068/3634] [3073] all outputs exist; skipping HLS.S30.T11SKB.2021219T184921.v2.0
[3069/3634] [3074] all outputs exist; skipping HLS.S30.T10SGG.2021219T184921.v2.0
[3070/3634] [3075] all outputs exist; skipping HLS.S30.T10SFG.2021219T184921.v2.0
[3071/3634] [3076] all outputs exist; skipping HLS.S30.T10SEG.2021219T184921.v2.0
[3072/3634] [3078] all outputs exist; skipping HLS.S30.T10TDM.2021220T190919.v2.0
[3073/3634] [3079] all outputs exist; skipping HLS.S30.T10TCM.2021220T190919.v2.0
[3074/3634] [3080] all outputs exist; skipping HLS.S30.T10TDL.2021220T190919.v2.0
[3075/3634] [3081] all outputs exist; skipping HLS.S30.T10TCL.2021220T190919.v2.0
[3076/3634] [3082] all outputs exist; skipping HLS.S30.T10TCK.2021220T190919.v2.0
[3077/3634] [3042] HLS.L30.T11TME.2021219T182650.v2.0: SKIP NoDataInBounds (field does not intersect FMASK)
[3078/3634] [3044] HLS.L30.T11SLD.2021219T182714.v2.0: SKIP NoDataInBounds (field does not intersect FMASK)
[3079/3634] [3085] all outputs exist; skipping HLS.S30.T10TGM.2021221T183919.v2.0
[3080/3634] [3086] all outputs exist; skipping HLS.S30.T11TKG.2021221T183919.v2.0
[3081/3634] [3048] HLS.S30.T11TLG.2021219T184921.v2.0: SKIP NoDataInBounds (field does not intersect FMASK)
[3082/3634] [3053] HLS.S30.T11TLF.2021219T184921.v2.0: SKIP NoDataInBounds (field does not intersect FMASK)
[3083/3634] [3089] all outputs exist; skipping HLS.S30.T11TKF.2021221T183919.v2.0
[3084/3634] [3090] all outputs exist; skipping HLS.S30.T10TGL.2021221T183919.v2.0
[3085/3634] [3057] HLS.S30.T11TLE.2021219T184921.v2.0: SKIP NoDataInBounds (field does not intersect FMASK)
[3086/3634] [3077] HLS.S30.T10SDG.2021219T184921.v2.0: SKIP NoDataInBounds (field does not intersect FMASK)
[3087/3634] [3093] all outputs exist; skipping HLS.S30.T11TKE.2021221T183919.v2.0
[3088/3634] [3094] all outputs exist; skipping HLS.S30.T10TGK.2021221T183919.v2.0
[3089/3634] [3083] HLS.S30.T11TMG.2021221T183919.v2.0: SKIP NoDataInBounds (field does not intersect FMASK)
[3090/3634] [3087] HLS.S30.T11TMF.2021221T183919.v2.0: SKIP NoDataInBounds (field does not intersect FMASK)
[3091/3634] [3097] all outputs exist; skipping HLS.S30.T11SKD.2021221T183919.v2.0
[3092/3634] [3098] all outputs exist; skipping HLS.S30.T10SGJ.2021221T183919.v2.0
[3093/3634] [3084] HLS.S30.T11TLG.2021221T183919.v2.0: SKIP NoDataInBounds (field does not intersect FMASK)
[3094/3634] [3100] all outputs exist; skipping HLS.S30.T10SFJ.2021221T183919.v2.0
[3095/3634] [3101] all outputs exist; skipping HLS.S30.T11SLC.2021221T183919.v2.0
[3096/3634] [3102] all outputs exist; skipping HLS.S30.T11SKC.2021221T183919.v2.0
[3097/3634] [3103] all outputs exist; skipping HLS.S30.T10SGH.2021221T183919.v2.0
[3098/3634] [3104] all outputs exist; skipping HLS.S30.T10SFH.2021221T183919.v2.0
[3099/3634] [3105] all outputs exist; skipping HLS.S30.T11SMB.2021221T183919.v2.0
[3100/3634] [3106] all outputs exist; skipping HLS.S30.T11SLB.2021221T183919.v2.0
[3101/3634] [3107] all outputs exist; skipping HLS.S30.T11SKB.2021221T183919.v2.0
[3102/3634] [3108] all outputs exist; skipping HLS.S30.T10SGG.2021221T183919.v2.0
[3103/3634] [3109] all outputs exist; skipping HLS.S30.T10SFG.2021221T183919.v2.0
[3104/3634] [3110] all outputs exist; skipping HLS.L30.T10TEM.2021222T185658.v2.0
[3105/3634] [3111] all outputs exist; skipping HLS.L30.T10TDM.2021222T185658.v2.0
[3106/3634] [3112] all outputs exist; skipping HLS.L30.T10TEL.2021222T185721.v2.0
[3107/3634] [3113] all outputs exist; skipping HLS.L30.T10TCM.2021222T185721.v2.0
[3108/3634] [3114] all outputs exist; skipping HLS.L30.T10TCL.2021222T185721.v2.0
[3109/3634] [3115] all outputs exist; skipping HLS.L30.T10TDL.2021222T185721.v2.0
[3110/3634] [3116] all outputs exist; skipping HLS.L30.T10TCK.2021222T185745.v2.0
[3111/3634] [3117] all outputs exist; skipping HLS.L30.T10TDK.2021222T185745.v2.0
[3112/3634] [3118] all outputs exist; skipping HLS.L30.T10SDJ.2021222T185745.v2.0
[3113/3634] [3119] all outputs exist; skipping HLS.L30.T10SDH.2021222T185809.v2.0
[3114/3634] [3120] all outputs exist; skipping HLS.S30.T10TFM.2021222T185921.v2.0
[3115/3634] [3121] all outputs exist; skipping HLS.S30.T10TEM.2021222T185921.v2.0
[3116/3634] [3122] all outputs exist; skipping HLS.S30.T10TDM.2021222T185921.v2.0
[3117/3634] [3123] all outputs exist; skipping HLS.S30.T10TCM.2021222T185921.v2.0
[3118/3634] [3124] all outputs exist; skipping HLS.S30.T10TFL.2021222T185921.v2.0
[3119/3634] [3125] all outputs exist; skipping HLS.S30.T10TEL.2021222T185921.v2.0
[3120/3634] [3126] all outputs exist; skipping HLS.S30.T10TDL.2021222T185921.v2.0
[3121/3634] [3127] all outputs exist; skipping HLS.S30.T10TFK.2021222T185921.v2.0
[3122/3634] [3128] all outputs exist; skipping HLS.S30.T10TCL.2021222T185921.v2.0
[3123/3634] [3129] all outputs exist; skipping HLS.S30.T10TEK.2021222T185921.v2.0
[3124/3634] [3045] HLS.L30.T11SMC.2021219T182714.v2.0: SKIP NoDataInBounds (field does not intersect FMASK)
[3125/3634] [3130] all outputs exist; skipping HLS.S30.T10TDK.2021222T185921.v2.0
[3126/3634] [3131] all outputs exist; skipping HLS.S30.T10TCK.2021222T185921.v2.0
[3127/3634] [3132] all outputs exist; skipping HLS.S30.T10SEJ.2021222T185921.v2.0
[3128/3634] [3133] all outputs exist; skipping HLS.S30.T10SDJ.2021222T185921.v2.0
[3129/3634] [3134] all outputs exist; skipping HLS.S30.T10SEH.2021222T185921.v2.0
[3130/3634] [3135] all outputs exist; skipping HLS.S30.T10SDH.2021222T185921.v2.0
[3131/3634] [3136] all outputs exist; skipping HLS.S30.T10SEG.2021222T185921.v2.0
[3132/3634] [3088] HLS.S30.T11TLF.2021221T183919.v2.0: SKIP NoDataInBounds (field does not intersect FMASK)
[3133/3634] [3091] HLS.S30.T11TME.2021221T183919.v2.0: SKIP NoDataInBounds (field does not intersect FMASK)
[3134/3634] [3092] HLS.S30.T11TLE.2021221T183919.v2.0: SKIP NoDataInBounds (field does not intersect FMASK)
[3135/3634] [3095] HLS.S30.T11SMD.2021221T183919.v2.0: SKIP NoDataInBounds (field does not intersect FMASK)
[3136/3634] [3096] HLS.S30.T11SLD.2021221T183919.v2.0: SKIP NoDataInBounds (field does not intersect FMASK)
[3137/3634] [3143] all outputs exist; skipping HLS.S30.T11SLC.2021223T182921.v2.0
[3138/3634] [3144] all outputs exist; skipping HLS.S30.T11SMB.2021223T182921.v2.0
[3139/3634] [3145] all outputs exist; skipping HLS.S30.T11SLB.2021223T182921.v2.0
[3140/3634] [3146] all outputs exist; skipping HLS.L30.T11TKG.2021224T184437.v2.0
[3141/3634] [3147] all outputs exist; skipping HLS.L30.T10TGM.2021224T184437.v2.0
[3142/3634] [3148] all outputs exist; skipping HLS.L30.T10TGL.2021224T184501.v2.0
[3143/3634] [3149] all outputs exist; skipping HLS.L30.T10TFM.2021224T184501.v2.0
[3144/3634] [3150] all outputs exist; skipping HLS.L30.T11TKF.2021224T184501.v2.0
[3145/3634] [3151] all outputs exist; skipping HLS.L30.T10TEL.2021224T184501.v2.0
[3146/3634] [3152] all outputs exist; skipping HLS.L30.T10TEM.2021224T184501.v2.0
[3147/3634] [3153] all outputs exist; skipping HLS.L30.T10TFL.2021224T184501.v2.0
[3148/3634] [3154] all outputs exist; skipping HLS.L30.T10TGK.2021224T184524.v2.0
[3149/3634] [3155] all outputs exist; skipping HLS.L30.T11TKE.2021224T184524.v2.0
[3150/3634] [3156] all outputs exist; skipping HLS.L30.T10SFJ.2021224T184524.v2.0
[3151/3634] [3157] all outputs exist; skipping HLS.L30.T10TFK.2021224T184524.v2.0
[3152/3634] [3158] all outputs exist; skipping HLS.L30.T10SEJ.2021224T184524.v2.0
[3153/3634] [3159] all outputs exist; skipping HLS.L30.T11SKD.2021224T184524.v2.0
[3154/3634] [3160] all outputs exist; skipping HLS.L30.T10SGJ.2021224T184524.v2.0
[3155/3634] [3161] all outputs exist; skipping HLS.L30.T10TEK.2021224T184524.v2.0
[3156/3634] [3162] all outputs exist; skipping HLS.L30.T10SGH.2021224T184548.v2.0
[3157/3634] [3163] all outputs exist; skipping HLS.L30.T10SDH.2021224T184548.v2.0
[3158/3634] [3164] all outputs exist; skipping HLS.L30.T10SFH.2021224T184548.v2.0
[3159/3634] [3165] all outputs exist; skipping HLS.L30.T10SEH.2021224T184548.v2.0
[3160/3634] [3099] HLS.S30.T11SMC.2021221T183919.v2.0: SKIP NoDataInBounds (field does not intersect FMASK)
[3161/3634] [3167] all outputs exist; skipping HLS.L30.T10SFG.2021224T184612.v2.0
[3162/3634] [3168] all outputs exist; skipping HLS.L30.T10SEG.2021224T184612.v2.0
[3163/3634] [3138] HLS.S30.T11TMF.2021223T182921.v2.0: SKIP NoDataInBounds (field does not intersect FMASK)
[3164/3634] [3170] all outputs exist; skipping HLS.S30.T10TGM.2021224T184919.v2.0
[3165/3634] [3171] all outputs exist; skipping HLS.S30.T11TKG.2021224T184919.v2.0
[3166/3634] [3172] all outputs exist; skipping HLS.S30.T10TFM.2021224T184919.v2.0
[3167/3634] [3173] all outputs exist; skipping HLS.S30.T10TEM.2021224T184919.v2.0
[3168/3634] [3137] HLS.S30.T10SDG.2021222T185921.v2.0: SKIP NoDataInBounds (field does not intersect FMASK)
[3169/3634] [3175] all outputs exist; skipping HLS.S30.T11TKF.2021224T184919.v2.0
[3170/3634] [3176] all outputs exist; skipping HLS.S30.T10TGL.2021224T184919.v2.0
[3171/3634] [3177] all outputs exist; skipping HLS.S30.T10TFL.2021224T184919.v2.0
[3172/3634] [3140] HLS.S30.T11SMD.2021223T182921.v2.0: SKIP NoDataInBounds (field does not intersect FMASK)
[3173/3634] [3179] all outputs exist; skipping HLS.S30.T10TEL.2021224T184919.v2.0
[3174/3634] [3180] all outputs exist; skipping HLS.S30.T11TKE.2021224T184919.v2.0
[3175/3634] [3181] all outputs exist; skipping HLS.S30.T10TGK.2021224T184919.v2.0
[3176/3634] [3182] all outputs exist; skipping HLS.S30.T10TFK.2021224T184919.v2.0
[3177/3634] [3183] all outputs exist; skipping HLS.S30.T10TEK.2021224T184919.v2.0
[3178/3634] [3184] all outputs exist; skipping HLS.S30.T11SKD.2021224T184919.v2.0
[3179/3634] [3185] all outputs exist; skipping HLS.S30.T10SGJ.2021224T184919.v2.0
[3180/3634] [3186] all outputs exist; skipping HLS.S30.T10SFJ.2021224T184919.v2.0
[3181/3634] [3187] all outputs exist; skipping HLS.S30.T10SEJ.2021224T184919.v2.0
[3182/3634] [3188] all outputs exist; skipping HLS.S30.T10SDJ.2021224T184919.v2.0
[3183/3634] [3189] all outputs exist; skipping HLS.S30.T11SKC.2021224T184919.v2.0
[3184/3634] [3190] all outputs exist; skipping HLS.S30.T10SGH.2021224T184919.v2.0
[3185/3634] [3191] all outputs exist; skipping HLS.S30.T10SFH.2021224T184919.v2.0
[3186/3634] [3139] HLS.S30.T11TME.2021223T182921.v2.0: SKIP NoDataInBounds (field does not intersect FMASK)
[3187/3634] [3192] all outputs exist; skipping HLS.S30.T10SEH.2021224T184919.v2.0
[3188/3634] [3193] all outputs exist; skipping HLS.S30.T10SDH.2021224T184919.v2.0
[3189/3634] [3194] all outputs exist; skipping HLS.S30.T11SKB.2021224T184919.v2.0
[3190/3634] [3195] all outputs exist; skipping HLS.S30.T10SGG.2021224T184919.v2.0
[3191/3634] [3196] all outputs exist; skipping HLS.S30.T10SFG.2021224T184919.v2.0
[3192/3634] [3197] all outputs exist; skipping HLS.S30.T10SEG.2021224T184919.v2.0
[3193/3634] [3199] all outputs exist; skipping HLS.S30.T10TDM.2021225T190921.v2.0
[3194/3634] [3200] all outputs exist; skipping HLS.S30.T10TCM.2021225T190921.v2.0
[3195/3634] [3201] all outputs exist; skipping HLS.S30.T10TDL.2021225T190921.v2.0
[3196/3634] [3202] all outputs exist; skipping HLS.S30.T10TCL.2021225T190921.v2.0
[3197/3634] [3203] all outputs exist; skipping HLS.S30.T10TDK.2021225T190921.v2.0
[3198/3634] [3204] all outputs exist; skipping HLS.S30.T10TCK.2021225T190921.v2.0
[3199/3634] [3142] HLS.S30.T11SMC.2021223T182921.v2.0: SKIP NoDataInBounds (field does not intersect FMASK)
[3200/3634] [3141] HLS.S30.T11SLD.2021223T182921.v2.0: SKIP NoDataInBounds (field does not intersect FMASK)
[3201/3634] [3166] HLS.L30.T10SDG.2021224T184612.v2.0: SKIP NoDataInBounds (field does not intersect FMASK)
[3202/3634] [3169] HLS.S30.T11TLG.2021224T184919.v2.0: SKIP NoDataInBounds (field does not intersect FMASK)
[3203/3634] [3178] HLS.S30.T11TLE.2021224T184919.v2.0: SKIP NoDataInBounds (field does not intersect FMASK)
[3204/3634] [3210] all outputs exist; skipping HLS.L30.T11TKE.2021226T183303.v2.0
[3205/3634] [3198] HLS.S30.T10SDG.2021224T184919.v2.0: SKIP NoDataInBounds (field does not intersect FMASK)
[3206/3634] [3174] HLS.S30.T11TLF.2021224T184919.v2.0: SKIP NoDataInBounds (field does not intersect FMASK)
[3207/3634] [3213] all outputs exist; skipping HLS.L30.T10TGK.2021226T183303.v2.0
[3208/3634] [3206] HLS.L30.T11TLG.2021226T183240.v2.0: SKIP NoDataInBounds (field does not intersect FMASK)
[3209/3634] [3208] HLS.L30.T11TMF.2021226T183240.v2.0: SKIP NoDataInBounds (field does not intersect FMASK)
[3210/3634] [3215] all outputs exist; skipping HLS.L30.T11SKD.2021226T183303.v2.0
[3211/3634] [3216] all outputs exist; skipping HLS.L30.T10SGJ.2021226T183327.v2.0
[3212/3634] [3217] all outputs exist; skipping HLS.L30.T11SLC.2021226T183327.v2.0
[3213/3634] [3218] all outputs exist; skipping HLS.L30.T11SKC.2021226T183327.v2.0
[3214/3634] [3220] all outputs exist; skipping HLS.L30.T10SGH.2021226T183327.v2.0
[3215/3634] [3221] all outputs exist; skipping HLS.L30.T11SMB.2021226T183351.v2.0
[3216/3634] [3222] all outputs exist; skipping HLS.L30.T11SLB.2021226T183351.v2.0
[3217/3634] [3223] all outputs exist; skipping HLS.L30.T11SKB.2021226T183351.v2.0
[3218/3634] [3224] all outputs exist; skipping HLS.L30.T10SGG.2021226T183351.v2.0
[3219/3634] [3207] HLS.L30.T11TLF.2021226T183240.v2.0: SKIP NoDataInBounds (field does not intersect FMASK)
[3220/3634] [3209] HLS.L30.T11TME.2021226T183303.v2.0: SKIP NoDataInBounds (field does not intersect FMASK)
[3221/3634] [3227] all outputs exist; skipping HLS.S30.T10TGM.2021226T183921.v2.0
[3222/3634] [3228] all outputs exist; skipping HLS.S30.T11TKG.2021226T183921.v2.0
[3223/3634] [3205] HLS.L30.T11TMG.2021226T183216.v2.0: SKIP NoDataInBounds (field does not intersect FMASK)
[3224/3634] [3214] HLS.L30.T11TLE.2021226T183303.v2.0: SKIP NoDataInBounds (field does not intersect FMASK)
[3225/3634] [3231] all outputs exist; skipping HLS.S30.T11TKF.2021226T183921.v2.0
[3226/3634] [3232] all outputs exist; skipping HLS.S30.T10TGL.2021226T183921.v2.0
[3227/3634] [3211] HLS.L30.T11SLD.2021226T183303.v2.0: SKIP NoDataInBounds (field does not intersect FMASK)
[3228/3634] [3212] HLS.L30.T11SMD.2021226T183303.v2.0: SKIP NoDataInBounds (field does not intersect FMASK)
[3229/3634] [3235] all outputs exist; skipping HLS.S30.T11TKE.2021226T183921.v2.0
[3230/3634] [3236] all outputs exist; skipping HLS.S30.T10TGK.2021226T183921.v2.0
[3231/3634] [3219] HLS.L30.T11SMC.2021226T183327.v2.0: SKIP NoDataInBounds (field does not intersect FMASK)
[3232/3634] [3225] HLS.S30.T11TMG.2021226T183921.v2.0: SKIP NoDataInBounds (field does not intersect FMASK)
[3233/3634] [3239] all outputs exist; skipping HLS.S30.T11SKD.2021226T183921.v2.0
[3234/3634] [3240] all outputs exist; skipping HLS.S30.T10SGJ.2021226T183921.v2.0
[3235/3634] [3226] HLS.S30.T11TLG.2021226T183921.v2.0: SKIP NoDataInBounds (field does not intersect FMASK)
[3236/3634] [3242] all outputs exist; skipping HLS.S30.T10SFJ.2021226T183921.v2.0
[3237/3634] [3243] all outputs exist; skipping HLS.S30.T11SLC.2021226T183921.v2.0
[3238/3634] [3244] all outputs exist; skipping HLS.S30.T11SKC.2021226T183921.v2.0
[3239/3634] [3245] all outputs exist; skipping HLS.S30.T10SGH.2021226T183921.v2.0
[3240/3634] [3246] all outputs exist; skipping HLS.S30.T10SFH.2021226T183921.v2.0
[3241/3634] [3247] all outputs exist; skipping HLS.S30.T11SMB.2021226T183921.v2.0
[3242/3634] [3248] all outputs exist; skipping HLS.S30.T11SLB.2021226T183921.v2.0
[3243/3634] [3249] all outputs exist; skipping HLS.S30.T11SKB.2021226T183921.v2.0
[3244/3634] [3250] all outputs exist; skipping HLS.S30.T10SGG.2021226T183921.v2.0
[3245/3634] [3251] all outputs exist; skipping HLS.S30.T10SFG.2021226T183921.v2.0
[3246/3634] [3252] all outputs exist; skipping HLS.S30.T10TFM.2021227T185919.v2.0
[3247/3634] [3253] all outputs exist; skipping HLS.S30.T10TEM.2021227T185919.v2.0
[3248/3634] [3254] all outputs exist; skipping HLS.S30.T10TDM.2021227T185919.v2.0
[3249/3634] [3255] all outputs exist; skipping HLS.S30.T10TCM.2021227T185919.v2.0
[3250/3634] [3256] all outputs exist; skipping HLS.S30.T10TFL.2021227T185919.v2.0
[3251/3634] [3257] all outputs exist; skipping HLS.S30.T10TEL.2021227T185919.v2.0
[3252/3634] [3258] all outputs exist; skipping HLS.S30.T10TDL.2021227T185919.v2.0
[3253/3634] [3259] all outputs exist; skipping HLS.S30.T10TFK.2021227T185919.v2.0
[3254/3634] [3260] all outputs exist; skipping HLS.S30.T10TCL.2021227T185919.v2.0
[3255/3634] [3261] all outputs exist; skipping HLS.S30.T10TEK.2021227T185919.v2.0
[3256/3634] [3262] all outputs exist; skipping HLS.S30.T10TDK.2021227T185919.v2.0
[3257/3634] [3263] all outputs exist; skipping HLS.S30.T10TCK.2021227T185919.v2.0
[3258/3634] [3264] all outputs exist; skipping HLS.S30.T10SEJ.2021227T185919.v2.0
[3259/3634] [3265] all outputs exist; skipping HLS.S30.T10SDJ.2021227T185919.v2.0
[3260/3634] [3266] all outputs exist; skipping HLS.S30.T10SEH.2021227T185919.v2.0
[3261/3634] [3267] all outputs exist; skipping HLS.S30.T10SDH.2021227T185919.v2.0
[3262/3634] [3229] HLS.S30.T11TMF.2021226T183921.v2.0: SKIP NoDataInBounds (field does not intersect FMASK)
[3263/3634] [3230] HLS.S30.T11TLF.2021226T183921.v2.0: SKIP NoDataInBounds (field does not intersect FMASK)
[3264/3634] [3234] HLS.S30.T11TLE.2021226T183921.v2.0: SKIP NoDataInBounds (field does not intersect FMASK)
[3265/3634] [3233] HLS.S30.T11TME.2021226T183921.v2.0: SKIP NoDataInBounds (field does not intersect FMASK)
[3266/3634] [3237] HLS.S30.T11SMD.2021226T183921.v2.0: SKIP NoDataInBounds (field does not intersect FMASK)
[3267/3634] [3238] HLS.S30.T11SLD.2021226T183921.v2.0: SKIP NoDataInBounds (field does not intersect FMASK)
[3268/3634] [3274] all outputs exist; skipping HLS.S30.T11SLC.2021228T182919.v2.0
[3269/3634] [3275] all outputs exist; skipping HLS.S30.T11SMB.2021228T182919.v2.0
[3270/3634] [3276] all outputs exist; skipping HLS.S30.T11SLB.2021228T182919.v2.0
[3271/3634] [3241] HLS.S30.T11SMC.2021226T183921.v2.0: SKIP NoDataInBounds (field does not intersect FMASK)
[3272/3634] [3278] all outputs exist; skipping HLS.S30.T10TGM.2021229T184921.v2.0
[3273/3634] [3279] all outputs exist; skipping HLS.S30.T11TKG.2021229T184921.v2.0
[3274/3634] [3280] all outputs exist; skipping HLS.S30.T10TFM.2021229T184921.v2.0
[3275/3634] [3281] all outputs exist; skipping HLS.S30.T10TEM.2021229T184921.v2.0
[3276/3634] [3268] HLS.S30.T10SDG.2021227T185919.v2.0: SKIP NoDataInBounds (field does not intersect FMASK)
[3277/3634] [3283] all outputs exist; skipping HLS.S30.T11TKF.2021229T184921.v2.0
[3278/3634] [3284] all outputs exist; skipping HLS.S30.T10TGL.2021229T184921.v2.0
[3279/3634] [3285] all outputs exist; skipping HLS.S30.T10TFL.2021229T184921.v2.0
[3280/3634] [3286] all outputs exist; skipping HLS.L30.T10TDM.2021229T190311.v2.0
[3281/3634] [3287] all outputs exist; skipping HLS.L30.T10TCM.2021229T190311.v2.0
[3282/3634] [3269] HLS.S30.T11TMF.2021228T182919.v2.0: SKIP NoDataInBounds (field does not intersect FMASK)
[3283/3634] [3289] all outputs exist; skipping HLS.S30.T10TEL.2021229T184921.v2.0
[3284/3634] [3290] all outputs exist; skipping HLS.S30.T11TKE.2021229T184921.v2.0
[3285/3634] [3291] all outputs exist; skipping HLS.S30.T10TGK.2021229T184921.v2.0
[3286/3634] [3292] all outputs exist; skipping HLS.S30.T10TFK.2021229T184921.v2.0
[3287/3634] [3293] all outputs exist; skipping HLS.S30.T10TEK.2021229T184921.v2.0
[3288/3634] [3294] all outputs exist; skipping HLS.S30.T11SKD.2021229T184921.v2.0
[3289/3634] [3295] all outputs exist; skipping HLS.S30.T10SGJ.2021229T184921.v2.0
[3290/3634] [3296] all outputs exist; skipping HLS.L30.T10TCL.2021229T190334.v2.0
[3291/3634] [3297] all outputs exist; skipping HLS.S30.T10SFJ.2021229T184921.v2.0
[3292/3634] [3298] all outputs exist; skipping HLS.S30.T10SEJ.2021229T184921.v2.0
[3293/3634] [3299] all outputs exist; skipping HLS.S30.T10SDJ.2021229T184921.v2.0
[3294/3634] [3300] all outputs exist; skipping HLS.S30.T11SKC.2021229T184921.v2.0
[3295/3634] [3301] all outputs exist; skipping HLS.S30.T10SGH.2021229T184921.v2.0
[3296/3634] [3302] all outputs exist; skipping HLS.S30.T10SFH.2021229T184921.v2.0
[3297/3634] [3303] all outputs exist; skipping HLS.S30.T10SEH.2021229T184921.v2.0
[3298/3634] [3304] all outputs exist; skipping HLS.S30.T10SDH.2021229T184921.v2.0
[3299/3634] [3305] all outputs exist; skipping HLS.S30.T11SKB.2021229T184921.v2.0
[3300/3634] [3306] all outputs exist; skipping HLS.S30.T10SGG.2021229T184921.v2.0
[3301/3634] [3307] all outputs exist; skipping HLS.S30.T10SFG.2021229T184921.v2.0
[3302/3634] [3308] all outputs exist; skipping HLS.S30.T10SEG.2021229T184921.v2.0
[3303/3634] [3271] HLS.S30.T11SMD.2021228T182919.v2.0: SKIP NoDataInBounds (field does not intersect FMASK)
[3304/3634] [3310] all outputs exist; skipping HLS.S30.T10TDM.2021230T190919.v2.0
[3305/3634] [3311] all outputs exist; skipping HLS.S30.T10TCM.2021230T190919.v2.0
[3306/3634] [3312] all outputs exist; skipping HLS.S30.T10TDL.2021230T190919.v2.0
[3307/3634] [3313] all outputs exist; skipping HLS.S30.T10TCL.2021230T190919.v2.0
[3308/3634] [3314] all outputs exist; skipping HLS.S30.T10TDK.2021230T190919.v2.0
[3309/3634] [3315] all outputs exist; skipping HLS.S30.T10TCK.2021230T190919.v2.0
[3310/3634] [3316] all outputs exist; skipping HLS.L30.T10TFM.2021231T185050.v2.0
[3311/3634] [3317] all outputs exist; skipping HLS.L30.T10TEM.2021231T185050.v2.0
[3312/3634] [3318] all outputs exist; skipping HLS.L30.T10TEL.2021231T185113.v2.0
[3313/3634] [3319] all outputs exist; skipping HLS.L30.T10TFL.2021231T185113.v2.0
[3314/3634] [3320] all outputs exist; skipping HLS.L30.T10TDM.2021231T185113.v2.0
[3315/3634] [3321] all outputs exist; skipping HLS.L30.T10TDL.2021231T185113.v2.0
[3316/3634] [3322] all outputs exist; skipping HLS.L30.T10TFK.2021231T185137.v2.0
[3317/3634] [3323] all outputs exist; skipping HLS.L30.T10TEK.2021231T185137.v2.0
[3318/3634] [3270] HLS.S30.T11TME.2021228T182919.v2.0: SKIP NoDataInBounds (field does not intersect FMASK)
[3319/3634] [3325] all outputs exist; skipping HLS.L30.T10TDK.2021231T185137.v2.0
[3320/3634] [3326] all outputs exist; skipping HLS.L30.T10SEJ.2021231T185137.v2.0
[3321/3634] [3272] HLS.S30.T11SLD.2021228T182919.v2.0: SKIP NoDataInBounds (field does not intersect FMASK)
[3322/3634] [3327] all outputs exist; skipping HLS.L30.T10SDJ.2021231T185137.v2.0
[3323/3634] [3328] all outputs exist; skipping HLS.L30.T10SEH.2021231T185201.v2.0
[3324/3634] [3329] all outputs exist; skipping HLS.L30.T10SDH.2021231T185201.v2.0
[3325/3634] [3330] all outputs exist; skipping HLS.L30.T10SEG.2021231T185225.v2.0
[3326/3634] [3273] HLS.S30.T11SMC.2021228T182919.v2.0: SKIP NoDataInBounds (field does not intersect FMASK)
[3327/3634] [3277] HLS.S30.T11TLG.2021229T184921.v2.0: SKIP NoDataInBounds (field does not intersect FMASK)
[3328/3634] [3334] all outputs exist; skipping HLS.S30.T10TGM.2021231T183919.v2.0
[3329/3634] [3335] all outputs exist; skipping HLS.S30.T11TKG.2021231T183919.v2.0
[3330/3634] [3282] HLS.S30.T11TLF.2021229T184921.v2.0: SKIP NoDataInBounds (field does not intersect FMASK)
[3331/3634] [3288] HLS.S30.T11TLE.2021229T184921.v2.0: SKIP NoDataInBounds (field does not intersect FMASK)
[3332/3634] [3338] all outputs exist; skipping HLS.S30.T11TKF.2021231T183919.v2.0
[3333/3634] [3339] all outputs exist; skipping HLS.S30.T10TGL.2021231T183919.v2.0
[3334/3634] [3309] HLS.S30.T10SDG.2021229T184921.v2.0: SKIP NoDataInBounds (field does not intersect FMASK)
[3335/3634] [3331] HLS.L30.T10SDG.2021231T185225.v2.0: SKIP NoDataInBounds (field does not intersect FMASK)
[3336/3634] [3342] all outputs exist; skipping HLS.S30.T11TKE.2021231T183919.v2.0
[3337/3634] [3343] all outputs exist; skipping HLS.S30.T10TGK.2021231T183919.v2.0
[3338/3634] [3333] HLS.S30.T11TLG.2021231T183919.v2.0: SKIP NoDataInBounds (field does not intersect FMASK)
[3339/3634] [3332] HLS.S30.T11TMG.2021231T183919.v2.0: SKIP NoDataInBounds (field does not intersect FMASK)
[3340/3634] [3346] all outputs exist; skipping HLS.S30.T11SKD.2021231T183919.v2.0
[3341/3634] [3347] all outputs exist; skipping HLS.S30.T10SGJ.2021231T183919.v2.0
[3342/3634] [3337] HLS.S30.T11TLF.2021231T183919.v2.0: SKIP NoDataInBounds (field does not intersect FMASK)
[3343/3634] [3349] all outputs exist; skipping HLS.S30.T10SFJ.2021231T183919.v2.0
[3344/3634] [3336] HLS.S30.T11TMF.2021231T183919.v2.0: SKIP NoDataInBounds (field does not intersect FMASK)
[3345/3634] [3350] all outputs exist; skipping HLS.S30.T11SLC.2021231T183919.v2.0
[3346/3634] [3351] all outputs exist; skipping HLS.S30.T11SKC.2021231T183919.v2.0
[3347/3634] [3352] all outputs exist; skipping HLS.S30.T10SGH.2021231T183919.v2.0
[3348/3634] [3353] all outputs exist; skipping HLS.S30.T10SFH.2021231T183919.v2.0
[3349/3634] [3354] all outputs exist; skipping HLS.S30.T11SMB.2021231T183919.v2.0
[3350/3634] [3355] all outputs exist; skipping HLS.S30.T11SLB.2021231T183919.v2.0
[3351/3634] [3356] all outputs exist; skipping HLS.S30.T11SKB.2021231T183919.v2.0
[3352/3634] [3357] all outputs exist; skipping HLS.S30.T10SGG.2021231T183919.v2.0
[3353/3634] [3358] all outputs exist; skipping HLS.S30.T10SFG.2021231T183919.v2.0
[3354/3634] [3359] all outputs exist; skipping HLS.S30.T10TFM.2021232T185921.v2.0
[3355/3634] [3360] all outputs exist; skipping HLS.S30.T10TEM.2021232T185921.v2.0
[3356/3634] [3361] all outputs exist; skipping HLS.S30.T10TDM.2021232T185921.v2.0
[3357/3634] [3362] all outputs exist; skipping HLS.S30.T10TCM.2021232T185921.v2.0
[3358/3634] [3363] all outputs exist; skipping HLS.S30.T10TFL.2021232T185921.v2.0
[3359/3634] [3364] all outputs exist; skipping HLS.S30.T10TEL.2021232T185921.v2.0
[3360/3634] [3365] all outputs exist; skipping HLS.S30.T10TDL.2021232T185921.v2.0
[3361/3634] [3366] all outputs exist; skipping HLS.S30.T10TCL.2021232T185921.v2.0
[3362/3634] [3367] all outputs exist; skipping HLS.S30.T10TFK.2021232T185921.v2.0
[3363/3634] [3368] all outputs exist; skipping HLS.S30.T10TEK.2021232T185921.v2.0
[3364/3634] [3369] all outputs exist; skipping HLS.S30.T10TDK.2021232T185921.v2.0
[3365/3634] [3370] all outputs exist; skipping HLS.S30.T10TCK.2021232T185921.v2.0
[3366/3634] [3371] all outputs exist; skipping HLS.S30.T10SEJ.2021232T185921.v2.0
[3367/3634] [3372] all outputs exist; skipping HLS.S30.T10SDJ.2021232T185921.v2.0
[3368/3634] [3373] all outputs exist; skipping HLS.S30.T10SEH.2021232T185921.v2.0
[3369/3634] [3374] all outputs exist; skipping HLS.S30.T10SDH.2021232T185921.v2.0
[3370/3634] [3340] HLS.S30.T11TME.2021231T183919.v2.0: SKIP NoDataInBounds (field does not intersect FMASK)
[3371/3634] [3377] all outputs exist; skipping HLS.L30.T11TKG.2021233T183852.v2.0
[3372/3634] [3378] all outputs exist; skipping HLS.L30.T10TGM.2021233T183852.v2.0
[3373/3634] [3379] all outputs exist; skipping HLS.L30.T10TFL.2021233T183852.v2.0
[3374/3634] [3341] HLS.S30.T11TLE.2021231T183919.v2.0: SKIP NoDataInBounds (field does not intersect FMASK)
[3375/3634] [3381] all outputs exist; skipping HLS.L30.T10TGL.2021233T183852.v2.0
[3376/3634] [3382] all outputs exist; skipping HLS.L30.T11TKF.2021233T183852.v2.0
[3377/3634] [3383] all outputs exist; skipping HLS.L30.T10TFK.2021233T183916.v2.0
[3378/3634] [3344] HLS.S30.T11SMD.2021231T183919.v2.0: SKIP NoDataInBounds (field does not intersect FMASK)
[3379/3634] [3385] all outputs exist; skipping HLS.L30.T11TKE.2021233T183916.v2.0
[3380/3634] [3386] all outputs exist; skipping HLS.L30.T10TGK.2021233T183916.v2.0
[3381/3634] [3387] all outputs exist; skipping HLS.L30.T10SGJ.2021233T183916.v2.0
[3382/3634] [3388] all outputs exist; skipping HLS.L30.T10SFJ.2021233T183916.v2.0
[3383/3634] [3345] HLS.S30.T11SLD.2021231T183919.v2.0: SKIP NoDataInBounds (field does not intersect FMASK)
[3384/3634] [3390] all outputs exist; skipping HLS.L30.T11SKD.2021233T183916.v2.0
[3385/3634] [3391] all outputs exist; skipping HLS.L30.T10SFH.2021233T183940.v2.0
[3386/3634] [3392] all outputs exist; skipping HLS.L30.T10SGH.2021233T183940.v2.0
[3387/3634] [3393] all outputs exist; skipping HLS.L30.T11SKC.2021233T183940.v2.0
[3388/3634] [3394] all outputs exist; skipping HLS.L30.T11SLC.2021233T183940.v2.0
[3389/3634] [3395] all outputs exist; skipping HLS.L30.T10SFG.2021233T184004.v2.0
[3390/3634] [3396] all outputs exist; skipping HLS.L30.T10SGG.2021233T184004.v2.0
[3391/3634] [3397] all outputs exist; skipping HLS.L30.T11SKB.2021233T184004.v2.0
[3392/3634] [3376] HLS.L30.T11TLG.2021233T183828.v2.0: SKIP NoDataInBounds (field does not intersect FMASK)
[3393/3634] [3348] HLS.S30.T11SMC.2021231T183919.v2.0: SKIP NoDataInBounds (field does not intersect FMASK)
[3394/3634] [3375] HLS.L30.T11TMG.2021233T183828.v2.0: SKIP NoDataInBounds (field does not intersect FMASK)
[3395/3634] [3380] HLS.L30.T11TLF.2021233T183852.v2.0: SKIP NoDataInBounds (field does not intersect FMASK)
[3396/3634] [3384] HLS.L30.T11TLE.2021233T183916.v2.0: SKIP NoDataInBounds (field does not intersect FMASK)
[3397/3634] [3403] all outputs exist; skipping HLS.S30.T11SLC.2021233T182921.v2.0
[3398/3634] [3404] all outputs exist; skipping HLS.S30.T11SMB.2021233T182921.v2.0
[3399/3634] [3405] all outputs exist; skipping HLS.S30.T11SLB.2021233T182921.v2.0
[3400/3634] [3389] HLS.L30.T11SLD.2021233T183916.v2.0: SKIP NoDataInBounds (field does not intersect FMASK)
[3401/3634] [3407] all outputs exist; skipping HLS.S30.T10TGM.2021234T184919.v2.0
[3402/3634] [3408] all outputs exist; skipping HLS.S30.T11TKG.2021234T184919.v2.0
[3403/3634] [3409] all outputs exist; skipping HLS.S30.T10TFM.2021234T184919.v2.0
[3404/3634] [3410] all outputs exist; skipping HLS.S30.T10TEM.2021234T184919.v2.0
[3405/3634] [3398] HLS.S30.T11TMF.2021233T182921.v2.0: SKIP NoDataInBounds (field does not intersect FMASK)
[3406/3634] [3412] all outputs exist; skipping HLS.S30.T11TKF.2021234T184919.v2.0
[3407/3634] [3413] all outputs exist; skipping HLS.S30.T10TGL.2021234T184919.v2.0
[3408/3634] [3414] all outputs exist; skipping HLS.S30.T10TFL.2021234T184919.v2.0
[3409/3634] [3400] HLS.S30.T11SMD.2021233T182921.v2.0: SKIP NoDataInBounds (field does not intersect FMASK)
[3410/3634] [3416] all outputs exist; skipping HLS.S30.T10TEL.2021234T184919.v2.0
[3411/3634] [3417] all outputs exist; skipping HLS.S30.T11TKE.2021234T184919.v2.0
[3412/3634] [3418] all outputs exist; skipping HLS.S30.T10TGK.2021234T184919.v2.0
[3413/3634] [3419] all outputs exist; skipping HLS.S30.T10TFK.2021234T184919.v2.0
[3414/3634] [3420] all outputs exist; skipping HLS.S30.T10TEK.2021234T184919.v2.0
[3415/3634] [3421] all outputs exist; skipping HLS.S30.T11SKD.2021234T184919.v2.0
[3416/3634] [3422] all outputs exist; skipping HLS.S30.T10SGJ.2021234T184919.v2.0
[3417/3634] [3423] all outputs exist; skipping HLS.S30.T10SFJ.2021234T184919.v2.0
[3418/3634] [3424] all outputs exist; skipping HLS.S30.T10SEJ.2021234T184919.v2.0
[3419/3634] [3425] all outputs exist; skipping HLS.S30.T10SDJ.2021234T184919.v2.0
[3420/3634] [3426] all outputs exist; skipping HLS.S30.T11SKC.2021234T184919.v2.0
[3421/3634] [3427] all outputs exist; skipping HLS.S30.T10SGH.2021234T184919.v2.0
[3422/3634] [3428] all outputs exist; skipping HLS.S30.T10SFH.2021234T184919.v2.0
[3423/3634] [3429] all outputs exist; skipping HLS.S30.T10SEH.2021234T184919.v2.0
[3424/3634] [3430] all outputs exist; skipping HLS.S30.T10SDH.2021234T184919.v2.0
[3425/3634] [3431] all outputs exist; skipping HLS.S30.T11SKB.2021234T184919.v2.0
[3426/3634] [3432] all outputs exist; skipping HLS.S30.T10SGG.2021234T184919.v2.0
[3427/3634] [3433] all outputs exist; skipping HLS.S30.T10SFG.2021234T184919.v2.0
[3428/3634] [3434] all outputs exist; skipping HLS.S30.T10SEG.2021234T184919.v2.0
[3429/3634] [3401] HLS.S30.T11SLD.2021233T182921.v2.0: SKIP NoDataInBounds (field does not intersect FMASK)
[3430/3634] [3402] HLS.S30.T11SMC.2021233T182921.v2.0: SKIP NoDataInBounds (field does not intersect FMASK)
[3431/3634] [3411] HLS.S30.T11TLF.2021234T184919.v2.0: SKIP NoDataInBounds (field does not intersect FMASK)
[3432/3634] [3406] HLS.S30.T11TLG.2021234T184919.v2.0: SKIP NoDataInBounds (field does not intersect FMASK)
[3433/3634] [3439] all outputs exist; skipping HLS.L30.T11SLC.2021235T182719.v2.0
[3434/3634] [3415] HLS.S30.T11TLE.2021234T184919.v2.0: SKIP NoDataInBounds (field does not intersect FMASK)
[3435/3634] [3441] all outputs exist; skipping HLS.L30.T11SLB.2021235T182743.v2.0
[3436/3634] [3442] all outputs exist; skipping HLS.L30.T11SMB.2021235T182743.v2.0
[3437/3634] [3443] all outputs exist; skipping HLS.S30.T10TDM.2021235T190921.v2.0
[3438/3634] [3444] all outputs exist; skipping HLS.S30.T10TDL.2021235T190921.v2.0
[3439/3634] [3445] all outputs exist; skipping HLS.S30.T10TCL.2021235T190921.v2.0
[3440/3634] [3446] all outputs exist; skipping HLS.S30.T10TCM.2021235T190921.v2.0
[3441/3634] [3447] all outputs exist; skipping HLS.S30.T10TDK.2021235T190921.v2.0
[3442/3634] [3448] all outputs exist; skipping HLS.S30.T10TCK.2021235T190921.v2.0
[3443/3634] [3436] HLS.L30.T11SMD.2021235T182655.v2.0: SKIP NoDataInBounds (field does not intersect FMASK)
[3444/3634] [3435] HLS.L30.T11TMF.2021235T182631.v2.0: SKIP NoDataInBounds (field does not intersect FMASK)
[3445/3634] [3451] all outputs exist; skipping HLS.S30.T10TGM.2021236T183921.v2.0
[3446/3634] [3452] all outputs exist; skipping HLS.S30.T11TKG.2021236T183921.v2.0
[3447/3634] [3437] HLS.L30.T11TME.2021235T182655.v2.0: SKIP NoDataInBounds (field does not intersect FMASK)
[3448/3634] [3440] HLS.L30.T11SMC.2021235T182719.v2.0: SKIP NoDataInBounds (field does not intersect FMASK)
[3449/3634] [3455] all outputs exist; skipping HLS.S30.T11TKF.2021236T183921.v2.0
[3450/3634] [3456] all outputs exist; skipping HLS.S30.T10TGL.2021236T183921.v2.0
[3451/3634] [3438] HLS.L30.T11SLD.2021235T182719.v2.0: SKIP NoDataInBounds (field does not intersect FMASK)
[3452/3634] [3450] HLS.S30.T11TLG.2021236T183921.v2.0: SKIP NoDataInBounds (field does not intersect FMASK)
[3453/3634] [3459] all outputs exist; skipping HLS.S30.T11TKE.2021236T183921.v2.0
[3454/3634] [3460] all outputs exist; skipping HLS.S30.T10TGK.2021236T183921.v2.0
[3455/3634] [3453] HLS.S30.T11TMF.2021236T183921.v2.0: SKIP NoDataInBounds (field does not intersect FMASK)
[3456/3634] [3449] HLS.S30.T11TMG.2021236T183921.v2.0: SKIP NoDataInBounds (field does not intersect FMASK)
[3457/3634] [3463] all outputs exist; skipping HLS.S30.T11SKD.2021236T183921.v2.0
[3458/3634] [3464] all outputs exist; skipping HLS.S30.T10SGJ.2021236T183921.v2.0
[3459/3634] [3454] HLS.S30.T11TLF.2021236T183921.v2.0: SKIP NoDataInBounds (field does not intersect FMASK)
[3460/3634] [3466] all outputs exist; skipping HLS.S30.T10SFJ.2021236T183921.v2.0
[3461/3634] [3467] all outputs exist; skipping HLS.S30.T11SLC.2021236T183921.v2.0
[3462/3634] [3468] all outputs exist; skipping HLS.S30.T11SKC.2021236T183921.v2.0
[3463/3634] [3469] all outputs exist; skipping HLS.S30.T10SGH.2021236T183921.v2.0
[3464/3634] [3470] all outputs exist; skipping HLS.S30.T10SFH.2021236T183921.v2.0
[3465/3634] [3471] all outputs exist; skipping HLS.S30.T11SMB.2021236T183921.v2.0
[3466/3634] [3472] all outputs exist; skipping HLS.S30.T11SLB.2021236T183921.v2.0
[3467/3634] [3473] all outputs exist; skipping HLS.S30.T11SKB.2021236T183921.v2.0
[3468/3634] [3474] all outputs exist; skipping HLS.S30.T10SGG.2021236T183921.v2.0
[3469/3634] [3475] all outputs exist; skipping HLS.S30.T10SFG.2021236T183921.v2.0
[3470/3634] [3476] all outputs exist; skipping HLS.S30.T10TFM.2021237T185919.v2.0
[3471/3634] [3477] all outputs exist; skipping HLS.S30.T10TEM.2021237T185919.v2.0
[3472/3634] [3478] all outputs exist; skipping HLS.S30.T10TDM.2021237T185919.v2.0
[3473/3634] [3479] all outputs exist; skipping HLS.S30.T10TCM.2021237T185919.v2.0
[3474/3634] [3480] all outputs exist; skipping HLS.S30.T10TFL.2021237T185919.v2.0
[3475/3634] [3481] all outputs exist; skipping HLS.S30.T10TEL.2021237T185919.v2.0
[3476/3634] [3482] all outputs exist; skipping HLS.S30.T10TDL.2021237T185919.v2.0
[3477/3634] [3483] all outputs exist; skipping HLS.S30.T10TFK.2021237T185919.v2.0
[3478/3634] [3484] all outputs exist; skipping HLS.S30.T10TCL.2021237T185919.v2.0
[3479/3634] [3485] all outputs exist; skipping HLS.S30.T10TEK.2021237T185919.v2.0
[3480/3634] [3486] all outputs exist; skipping HLS.S30.T10TDK.2021237T185919.v2.0
[3481/3634] [3487] all outputs exist; skipping HLS.S30.T10TCK.2021237T185919.v2.0
[3482/3634] [3488] all outputs exist; skipping HLS.S30.T10SEJ.2021237T185919.v2.0
[3483/3634] [3489] all outputs exist; skipping HLS.S30.T10SDJ.2021237T185919.v2.0
[3484/3634] [3490] all outputs exist; skipping HLS.S30.T10SEH.2021237T185919.v2.0
[3485/3634] [3491] all outputs exist; skipping HLS.S30.T10SDH.2021237T185919.v2.0
[3486/3634] [3492] all outputs exist; skipping HLS.S30.T10SEG.2021237T185919.v2.0
[3487/3634] [3457] HLS.S30.T11TME.2021236T183921.v2.0: SKIP NoDataInBounds (field does not intersect FMASK)
[3488/3634] [3458] HLS.S30.T11TLE.2021236T183921.v2.0: SKIP NoDataInBounds (field does not intersect FMASK)
[3489/3634] [3462] HLS.S30.T11SLD.2021236T183921.v2.0: SKIP NoDataInBounds (field does not intersect FMASK)
[3490/3634] [3465] HLS.S30.T11SMC.2021236T183921.v2.0: SKIP NoDataInBounds (field does not intersect FMASK)
[3491/3634] [3493] HLS.S30.T11TMF.2021238T182919.v2.0: SKIP NoDataInBounds (field does not intersect FMASK)
[3492/3634] [3498] all outputs exist; skipping HLS.S30.T11SLC.2021238T182919.v2.0
[3493/3634] [3499] all outputs exist; skipping HLS.S30.T11SMB.2021238T182919.v2.0
[3494/3634] [3500] all outputs exist; skipping HLS.S30.T11SLB.2021238T182919.v2.0
[3495/3634] [3501] all outputs exist; skipping HLS.L30.T10TDM.2021238T185702.v2.0
[3496/3634] [3502] all outputs exist; skipping HLS.L30.T10TEM.2021238T185702.v2.0
[3497/3634] [3503] all outputs exist; skipping HLS.L30.T10TEL.2021238T185726.v2.0
[3498/3634] [3504] all outputs exist; skipping HLS.L30.T10TCM.2021238T185726.v2.0
[3499/3634] [3505] all outputs exist; skipping HLS.L30.T10TCL.2021238T185726.v2.0
[3500/3634] [3506] all outputs exist; skipping HLS.L30.T10TDL.2021238T185726.v2.0
[3501/3634] [3507] all outputs exist; skipping HLS.L30.T10TCK.2021238T185750.v2.0
[3502/3634] [3508] all outputs exist; skipping HLS.L30.T10TDK.2021238T185750.v2.0
[3503/3634] [3509] all outputs exist; skipping HLS.L30.T10SDJ.2021238T185750.v2.0
[3504/3634] [3510] all outputs exist; skipping HLS.L30.T10SDH.2021238T185814.v2.0
[3505/3634] [3494] HLS.S30.T11TME.2021238T182919.v2.0: SKIP NoDataInBounds (field does not intersect FMASK)
[3506/3634] [3512] all outputs exist; skipping HLS.S30.T10TGM.2021239T184921.v2.0
[3507/3634] [3513] all outputs exist; skipping HLS.S30.T11TKG.2021239T184921.v2.0
[3508/3634] [3514] all outputs exist; skipping HLS.S30.T10TFM.2021239T184921.v2.0
[3509/3634] [3515] all outputs exist; skipping HLS.S30.T10TEM.2021239T184921.v2.0
[3510/3634] [3495] HLS.S30.T11SMD.2021238T182919.v2.0: SKIP NoDataInBounds (field does not intersect FMASK)
[3511/3634] [3517] all outputs exist; skipping HLS.S30.T11TKF.2021239T184921.v2.0
[3512/3634] [3518] all outputs exist; skipping HLS.S30.T10TGL.2021239T184921.v2.0
[3513/3634] [3496] HLS.S30.T11SLD.2021238T182919.v2.0: SKIP NoDataInBounds (field does not intersect FMASK)
[3514/3634] [3520] all outputs exist; skipping HLS.S30.T10TEL.2021239T184921.v2.0
[3515/3634] [3521] all outputs exist; skipping HLS.S30.T11TKE.2021239T184921.v2.0
[3516/3634] [3522] all outputs exist; skipping HLS.S30.T10TGK.2021239T184921.v2.0
[3517/3634] [3523] all outputs exist; skipping HLS.S30.T10TFK.2021239T184921.v2.0
[3518/3634] [3524] all outputs exist; skipping HLS.S30.T10TEK.2021239T184921.v2.0
[3519/3634] [3525] all outputs exist; skipping HLS.S30.T11SKD.2021239T184921.v2.0
[3520/3634] [3526] all outputs exist; skipping HLS.S30.T10SGJ.2021239T184921.v2.0
[3521/3634] [3527] all outputs exist; skipping HLS.S30.T10SFJ.2021239T184921.v2.0
[3522/3634] [3528] all outputs exist; skipping HLS.S30.T10SEJ.2021239T184921.v2.0
[3523/3634] [3529] all outputs exist; skipping HLS.S30.T10SDJ.2021239T184921.v2.0
[3524/3634] [3530] all outputs exist; skipping HLS.S30.T11SKC.2021239T184921.v2.0
[3525/3634] [3531] all outputs exist; skipping HLS.S30.T10SGH.2021239T184921.v2.0
[3526/3634] [3532] all outputs exist; skipping HLS.S30.T10SFH.2021239T184921.v2.0
[3527/3634] [3533] all outputs exist; skipping HLS.S30.T10SEH.2021239T184921.v2.0
[3528/3634] [3534] all outputs exist; skipping HLS.S30.T10SDH.2021239T184921.v2.0
[3529/3634] [3535] all outputs exist; skipping HLS.S30.T11SKB.2021239T184921.v2.0
[3530/3634] [3536] all outputs exist; skipping HLS.S30.T10SGG.2021239T184921.v2.0
[3531/3634] [3537] all outputs exist; skipping HLS.S30.T10SFG.2021239T184921.v2.0
[3532/3634] [3538] all outputs exist; skipping HLS.S30.T10SEG.2021239T184921.v2.0
[3533/3634] [3497] HLS.S30.T11SMC.2021238T182919.v2.0: SKIP NoDataInBounds (field does not intersect FMASK)
[3534/3634] [3540] all outputs exist; skipping HLS.L30.T11TKG.2021240T184441.v2.0
[3535/3634] [3541] all outputs exist; skipping HLS.L30.T10TGM.2021240T184441.v2.0
[3536/3634] [3542] all outputs exist; skipping HLS.L30.T10TEM.2021240T184505.v2.0
[3537/3634] [3543] all outputs exist; skipping HLS.L30.T10TFM.2021240T184505.v2.0
[3538/3634] [3544] all outputs exist; skipping HLS.L30.T10TGL.2021240T184505.v2.0
[3539/3634] [3545] all outputs exist; skipping HLS.L30.T10TFL.2021240T184505.v2.0
[3540/3634] [3546] all outputs exist; skipping HLS.L30.T11TKF.2021240T184505.v2.0
[3541/3634] [3547] all outputs exist; skipping HLS.L30.T10TEL.2021240T184505.v2.0
[3542/3634] [3548] all outputs exist; skipping HLS.L30.T11TKE.2021240T184529.v2.0
[3543/3634] [3549] all outputs exist; skipping HLS.L30.T10SGJ.2021240T184529.v2.0
[3544/3634] [3550] all outputs exist; skipping HLS.L30.T10TGK.2021240T184529.v2.0
[3545/3634] [3551] all outputs exist; skipping HLS.L30.T11SKD.2021240T184529.v2.0
[3546/3634] [3461] HLS.S30.T11SMD.2021236T183921.v2.0: SKIP NoDataInBounds (field does not intersect FMASK)
[3547/3634] [3552] all outputs exist; skipping HLS.L30.T10SFJ.2021240T184529.v2.0
[3548/3634] [3553] all outputs exist; skipping HLS.L30.T10SEJ.2021240T184529.v2.0
[3549/3634] [3555] all outputs exist; skipping HLS.L30.T10TEK.2021240T184529.v2.0
[3550/3634] [3554] all outputs exist; skipping HLS.L30.T10TFK.2021240T184529.v2.0
[3551/3634] [3556] all outputs exist; skipping HLS.L30.T10SGH.2021240T184553.v2.0
[3552/3634] [3557] all outputs exist; skipping HLS.L30.T10SDH.2021240T184553.v2.0
[3553/3634] [3558] all outputs exist; skipping HLS.L30.T10SFH.2021240T184553.v2.0
[3554/3634] [3560] all outputs exist; skipping HLS.L30.T10SEG.2021240T184617.v2.0
[3555/3634] [3559] all outputs exist; skipping HLS.L30.T10SEH.2021240T184553.v2.0
[3556/3634] [3562] all outputs exist; skipping HLS.L30.T10SFG.2021240T184617.v2.0
[3557/3634] [3563] all outputs exist; skipping HLS.S30.T10TDM.2021240T190909.v2.0
[3558/3634] [3564] all outputs exist; skipping HLS.S30.T10TCM.2021240T190909.v2.0
[3559/3634] [3565] all outputs exist; skipping HLS.S30.T10TDL.2021240T190909.v2.0
[3560/3634] [3566] all outputs exist; skipping HLS.S30.T10TCL.2021240T190909.v2.0
[3561/3634] [3567] all outputs exist; skipping HLS.S30.T10TDK.2021240T190909.v2.0
[3562/3634] [3568] all outputs exist; skipping HLS.S30.T10TCK.2021240T190909.v2.0
[3563/3634] [3516] HLS.S30.T11TLF.2021239T184921.v2.0: SKIP NoDataInBounds (field does not intersect FMASK)
[3564/3634] [3399] HLS.S30.T11TME.2021233T182921.v2.0: SKIP NoDataInBounds (field does not intersect FMASK)
[3565/3634] [3571] all outputs exist; skipping HLS.S30.T10TGM.2021241T183919.v2.0
[3566/3634] [3572] all outputs exist; skipping HLS.S30.T11TKG.2021241T183919.v2.0
[3567/3634] [3511] HLS.S30.T11TLG.2021239T184921.v2.0: SKIP NoDataInBounds (field does not intersect FMASK)
[3568/3634] [3519] HLS.S30.T11TLE.2021239T184921.v2.0: SKIP NoDataInBounds (field does not intersect FMASK)
[3569/3634] [3575] all outputs exist; skipping HLS.S30.T11TKF.2021241T183919.v2.0
[3570/3634] [3576] all outputs exist; skipping HLS.S30.T10TGL.2021241T183919.v2.0
[3571/3634] [3561] HLS.L30.T10SDG.2021240T184617.v2.0: SKIP NoDataInBounds (field does not intersect FMASK)
[3572/3634] [3539] HLS.S30.T10SDG.2021239T184921.v2.0: SKIP NoDataInBounds (field does not intersect FMASK)
[3573/3634] [3579] all outputs exist; skipping HLS.S30.T11TKE.2021241T183919.v2.0
[3574/3634] [3580] all outputs exist; skipping HLS.S30.T10TGK.2021241T183919.v2.0
[3575/3634] [3569] HLS.S30.T11TMG.2021241T183919.v2.0: SKIP NoDataInBounds (field does not intersect FMASK)
[3576/3634] [3573] HLS.S30.T11TMF.2021241T183919.v2.0: SKIP NoDataInBounds (field does not intersect FMASK)
[3577/3634] [3570] HLS.S30.T11TLG.2021241T183919.v2.0: SKIP NoDataInBounds (field does not intersect FMASK)
[3578/3634] [3583] all outputs exist; skipping HLS.S30.T11SKD.2021241T183919.v2.0
[3579/3634] [3584] all outputs exist; skipping HLS.S30.T10SGJ.2021241T183919.v2.0
[3580/3634] [3586] all outputs exist; skipping HLS.S30.T10SFJ.2021241T183919.v2.0
[3581/3634] [3587] all outputs exist; skipping HLS.S30.T11SLC.2021241T183919.v2.0
[3582/3634] [3588] all outputs exist; skipping HLS.S30.T11SKC.2021241T183919.v2.0
[3583/3634] [3589] all outputs exist; skipping HLS.S30.T10SGH.2021241T183919.v2.0
[3584/3634] [3590] all outputs exist; skipping HLS.S30.T10SFH.2021241T183919.v2.0
[3585/3634] [3591] all outputs exist; skipping HLS.S30.T11SMB.2021241T183919.v2.0
[3586/3634] [3592] all outputs exist; skipping HLS.S30.T11SLB.2021241T183919.v2.0
[3587/3634] [3593] all outputs exist; skipping HLS.S30.T11SKB.2021241T183919.v2.0
[3588/3634] [3594] all outputs exist; skipping HLS.S30.T10SGG.2021241T183919.v2.0
[3589/3634] [3595] all outputs exist; skipping HLS.S30.T10SFG.2021241T183919.v2.0
[3590/3634] [3574] HLS.S30.T11TLF.2021241T183919.v2.0: SKIP NoDataInBounds (field does not intersect FMASK)
[3591/3634] [3577] HLS.S30.T11TME.2021241T183919.v2.0: SKIP NoDataInBounds (field does not intersect FMASK)
[3592/3634] [3578] HLS.S30.T11TLE.2021241T183919.v2.0: SKIP NoDataInBounds (field does not intersect FMASK)
[3593/3634] [3596] HLS.L30.T11TMG.2021242T183220.v2.0: SKIP NoDataInBounds (field does not intersect FMASK)
[3594/3634] [3581] HLS.S30.T11SMD.2021241T183919.v2.0: SKIP NoDataInBounds (field does not intersect FMASK)
[3595/3634] [3582] HLS.S30.T11SLD.2021241T183919.v2.0: SKIP NoDataInBounds (field does not intersect FMASK)
[3596/3634] [3585] HLS.S30.T11SMC.2021241T183919.v2.0: SKIP NoDataInBounds (field does not intersect FMASK)
[3597/3634] [3597] HLS.L30.T11TLG.2021242T183244.v2.0: SKIP NoDataInBounds (field does not intersect FMASK)
[3598/3634] [3604] all outputs exist; skipping HLS.L30.T10TGK.2021242T183308.v2.0
[3599/3634] [3605] all outputs exist; skipping HLS.L30.T11TKE.2021242T183308.v2.0
[3600/3634] [3606] all outputs exist; skipping HLS.L30.T11SKD.2021242T183308.v2.0
[3601/3634] [3607] all outputs exist; skipping HLS.L30.T11SKC.2021242T183332.v2.0
[3602/3634] [3608] all outputs exist; skipping HLS.L30.T10SGJ.2021242T183332.v2.0
[3603/3634] [3609] all outputs exist; skipping HLS.L30.T10SGH.2021242T183332.v2.0
[3604/3634] [3598] HLS.L30.T11TMF.2021242T183244.v2.0: SKIP NoDataInBounds (field does not intersect FMASK)
[3605/3634] [3611] all outputs exist; skipping HLS.L30.T11SLC.2021242T183332.v2.0
[3606/3634] [3612] all outputs exist; skipping HLS.L30.T11SKB.2021242T183356.v2.0
[3607/3634] [3613] all outputs exist; skipping HLS.L30.T11SMB.2021242T183356.v2.0
[3608/3634] [3614] all outputs exist; skipping HLS.L30.T11SLB.2021242T183356.v2.0
[3609/3634] [3615] all outputs exist; skipping HLS.L30.T10SGG.2021242T183356.v2.0
[3610/3634] [3616] all outputs exist; skipping HLS.S30.T10TFM.2021242T185921.v2.0
[3611/3634] [3617] all outputs exist; skipping HLS.S30.T10TEM.2021242T185921.v2.0
[3612/3634] [3618] all outputs exist; skipping HLS.S30.T10TDM.2021242T185921.v2.0
[3613/3634] [3619] all outputs exist; skipping HLS.S30.T10TCM.2021242T185921.v2.0
[3614/3634] [3620] all outputs exist; skipping HLS.S30.T10TFL.2021242T185921.v2.0
[3615/3634] [3621] all outputs exist; skipping HLS.S30.T10TEL.2021242T185921.v2.0
[3616/3634] [3622] all outputs exist; skipping HLS.S30.T10TDL.2021242T185921.v2.0
[3617/3634] [3623] all outputs exist; skipping HLS.S30.T10TFK.2021242T185921.v2.0
[3618/3634] [3624] all outputs exist; skipping HLS.S30.T10TCL.2021242T185921.v2.0
[3619/3634] [3625] all outputs exist; skipping HLS.S30.T10TEK.2021242T185921.v2.0
[3620/3634] [3626] all outputs exist; skipping HLS.S30.T10TDK.2021242T185921.v2.0
[3621/3634] [3627] all outputs exist; skipping HLS.S30.T10TCK.2021242T185921.v2.0
[3622/3634] [3628] all outputs exist; skipping HLS.S30.T10SEJ.2021242T185921.v2.0
[3623/3634] [3629] all outputs exist; skipping HLS.S30.T10SDJ.2021242T185921.v2.0
[3624/3634] [3630] all outputs exist; skipping HLS.S30.T10SEH.2021242T185921.v2.0
[3625/3634] [3631] all outputs exist; skipping HLS.S30.T10SDH.2021242T185921.v2.0
[3626/3634] [3632] all outputs exist; skipping HLS.S30.T10SEG.2021242T185921.v2.0
[3627/3634] [3599] HLS.L30.T11TLF.2021242T183244.v2.0: SKIP NoDataInBounds (field does not intersect FMASK)
[3628/3634] [3600] HLS.L30.T11TME.2021242T183308.v2.0: SKIP NoDataInBounds (field does not intersect FMASK)
[3629/3634] [3601] HLS.L30.T11SMD.2021242T183308.v2.0: SKIP NoDataInBounds (field does not intersect FMASK)
[3630/3634] [3603] HLS.L30.T11SLD.2021242T183308.v2.0: SKIP NoDataInBounds (field does not intersect FMASK)
[3631/3634] [3602] HLS.L30.T11TLE.2021242T183308.v2.0: SKIP NoDataInBounds (field does not intersect FMASK)
[3632/3634] [3610] HLS.L30.T11SMC.2021242T183332.v2.0: SKIP NoDataInBounds (field does not intersect FMASK)
[3633/3634] [3633] HLS.S30.T10SDG.2021242T185921.v2.0: SKIP NoDataInBounds (field does not intersect FMASK)
[3634/3634] [3324] HLS.L30.T10TCK.2021231T185137.v2.0: wrote 5 files
