/s/chopin/e/proj/hyperspec/masfiq/biomass_estimation_test/data_preprocess/build_patches.py:7: DeprecationWarning: GeoPandas is set to use PyGEOS over Shapely. PyGEOS support is deprecatedand will be removed in GeoPandas 1.0, released in the Q1 of 2024. Please migrate to Shapely 2.0 (https://geopandas.org/en/stable/docs/user_guide/pygeos_to_shapely.html).
  import geopandas as gpd

  0%|          | 0/8824065 [00:00<?, ?it/s]
  0%|          | 1/8824065 [21:21<3141898:57:37, 1281.82s/it]
  0%|          | 13/8824065 [21:21<173195:01:04, 70.66s/it]  
  0%|          | 25/8824065 [21:22<73717:08:16, 30.07s/it] 
  0%|          | 37/8824065 [21:22<40499:47:48, 16.52s/it]
  0%|          | 49/8824065 [21:22<24644:20:00, 10.05s/it]
  0%|          | 61/8824065 [21:22<15809:42:17,  6.45s/it]
  0%|          | 73/8824065 [21:22<10459:11:27,  4.27s/it]
  0%|          | 85/8824065 [21:22<7054:10:55,  2.88s/it] 
  0%|          | 97/8824065 [21:22<4818:45:26,  1.97s/it]
  0%|          | 109/8824065 [21:22<3320:21:08,  1.35s/it]
  0%|          | 121/8824065 [21:22<2302:54:42,  1.06it/s]
  0%|          | 133/8824065 [21:22<1604:42:14,  1.53it/s]
  0%|          | 145/8824065 [21:23<1122:56:37,  2.18it/s]
  0%|          | 157/8824065 [21:23<789:07:04,  3.11it/s] 
  0%|          | 169/8824065 [21:23<557:26:15,  4.40it/s]
  0%|          | 181/8824065 [21:23<395:37:24,  6.20it/s]
  0%|          | 193/8824065 [21:23<282:45:21,  8.67it/s]
  0%|          | 205/8824065 [21:23<204:13:07, 12.00it/s]
  0%|          | 217/8824065 [21:23<149:00:54, 16.45it/s]
  0%|          | 229/8824065 [21:23<110:24:08, 22.20it/s]
  0%|          | 241/8824065 [21:23<83:44:07, 29.27it/s] 
  0%|          | 253/8824065 [21:23<64:44:33, 37.86it/s]
  0%|          | 265/8824065 [21:24<51:47:35, 47.32it/s]
  0%|          | 277/8824065 [21:24<42:26:13, 57.76it/s]
  0%|          | 290/8824065 [21:24<35:25:47, 69.18it/s]
  0%|          | 302/8824065 [21:24<31:18:30, 78.29it/s]
  0%|          | 314/8824065 [21:24<28:09:03, 87.07it/s]
  0%|          | 326/8824065 [21:24<25:53:33, 94.66it/s]
  0%|          | 338/8824065 [21:24<24:38:05, 99.49it/s]
  0%|          | 350/8824065 [21:24<23:25:48, 104.61it/s]
  0%|          | 362/8824065 [21:24<22:57:19, 106.77it/s]
  0%|          | 374/8824065 [21:25<22:14:42, 110.18it/s]
  0%|          | 386/8824065 [21:25<21:47:37, 112.46it/s]
  0%|          | 398/8824065 [21:25<21:43:35, 112.81it/s]
  0%|          | 398/8824065 [21:40<21:43:35, 112.81it/s]
  0%|          | 401/8824065 [21:58<2613:06:28,  1.07s/it]
  0%|          | 413/8824065 [21:58<1690:59:03,  1.45it/s]
  0%|          | 425/8824065 [21:58<1128:34:49,  2.17it/s]
  0%|          | 437/8824065 [21:58<768:35:33,  3.19it/s] 
  0%|          | 449/8824065 [21:58<532:07:53,  4.61it/s]
  0%|          | 461/8824065 [21:58<373:05:45,  6.57it/s]
  0%|          | 473/8824065 [21:58<270:04:17,  9.08it/s]
  0%|          | 483/8824065 [21:58<204:13:02, 12.00it/s]
  0%|          | 494/8824065 [21:58<150:29:53, 16.29it/s]
  0%|          | 506/8824065 [21:59<109:39:01, 22.35it/s]
  0%|          | 518/8824065 [21:59<82:07:22, 29.85it/s] 
  0%|          | 530/8824065 [21:59<63:20:23, 38.70it/s]
  0%|          | 542/8824065 [21:59<51:00:43, 48.05it/s]
  0%|          | 554/8824065 [21:59<41:52:28, 58.53it/s]
  0%|          | 566/8824065 [21:59<35:35:16, 68.87it/s]
  0%|          | 578/8824065 [21:59<31:11:25, 78.58it/s]
  0%|          | 590/8824065 [21:59<28:29:46, 86.01it/s]
  0%|          | 602/8824065 [21:59<26:12:42, 93.51it/s]
  0%|          | 614/8824065 [22:00<24:59:16, 98.09it/s]
  0%|          | 626/8824065 [22:00<23:55:31, 102.44it/s]
  0%|          | 638/8824065 [22:00<23:01:02, 106.48it/s]
  0%|          | 650/8824065 [22:00<22:46:14, 107.64it/s]
  0%|          | 662/8824065 [22:00<22:14:14, 110.22it/s]
  0%|          | 674/8824065 [22:00<21:51:31, 112.13it/s]
  0%|          | 686/8824065 [22:00<21:48:57, 112.35it/s]
  0%|          | 698/8824065 [22:00<21:36:46, 113.40it/s]
  0%|          | 710/8824065 [22:00<21:36:00, 113.47it/s]
  0%|          | 722/8824065 [22:00<21:43:23, 112.83it/s]
  0%|          | 734/8824065 [22:01<21:34:52, 113.57it/s]
  0%|          | 746/8824065 [22:01<21:26:17, 114.32it/s]
  0%|          | 758/8824065 [22:01<21:28:23, 114.14it/s]
  0%|          | 770/8824065 [22:01<21:24:03, 114.52it/s]
  0%|          | 782/8824065 [22:01<21:21:41, 114.73it/s]
  0%|          | 794/8824065 [22:01<21:17:11, 115.14it/s]
  0%|          | 794/8824065 [22:20<21:17:11, 115.14it/s]
  0%|          | 801/8824065 [22:38<2573:55:46,  1.05s/it]
  0%|          | 813/8824065 [22:38<1734:48:42,  1.41it/s]
  0%|          | 825/8824065 [22:38<1187:02:54,  2.06it/s]
  0%|          | 837/8824065 [22:38<821:43:40,  2.98it/s] 
  0%|          | 849/8824065 [22:38<574:02:44,  4.27it/s]
  0%|          | 861/8824065 [22:38<404:55:24,  6.05it/s]
  0%|          | 873/8824065 [22:38<288:00:26,  8.51it/s]
  0%|          | 885/8824065 [22:38<207:05:40, 11.83it/s]
  0%|          | 897/8824065 [22:38<150:49:15, 16.25it/s]
  0%|          | 909/8824065 [22:39<111:38:58, 21.95it/s]
  0%|          | 921/8824065 [22:39<84:22:33, 29.05it/s] 
  0%|          | 933/8824065 [22:39<65:13:33, 37.58it/s]
  0%|          | 945/8824065 [22:39<52:14:53, 46.91it/s]
  0%|          | 957/8824065 [22:39<42:54:50, 57.11it/s]
  0%|          | 969/8824065 [22:39<36:22:59, 67.36it/s]
  0%|          | 981/8824065 [22:39<32:07:49, 76.28it/s]
  0%|          | 993/8824065 [22:39<28:50:12, 84.99it/s]
  0%|          | 993/8824065 [22:50<28:50:12, 84.99it/s]
  0%|          | 1001/8824065 [24:02<5651:55:49,  2.31s/it]
  0%|          | 1013/8824065 [24:02<3835:11:49,  1.56s/it]
  0%|          | 1025/8824065 [24:02<2633:54:50,  1.07s/it]
  0%|          | 1036/8824065 [24:02<1870:39:54,  1.31it/s]
  0%|          | 1048/8824065 [24:02<1291:40:55,  1.90it/s]
  0%|          | 1060/8824065 [24:02<899:01:38,  2.73it/s] 
  0%|          | 1072/8824065 [24:03<630:29:51,  3.89it/s]
  0%|          | 1084/8824065 [24:03<445:04:17,  5.51it/s]
  0%|          | 1096/8824065 [24:03<316:35:57,  7.74it/s]
  0%|          | 1108/8824065 [24:03<227:40:42, 10.76it/s]
  0%|          | 1120/8824065 [24:03<165:20:42, 14.82it/s]
  0%|          | 1132/8824065 [24:03<121:49:53, 20.12it/s]
  0%|          | 1144/8824065 [24:03<92:31:10, 26.49it/s] 
  0%|          | 1156/8824065 [24:03<72:49:53, 33.65it/s]
  0%|          | 1168/8824065 [24:03<57:16:27, 42.79it/s]
  0%|          | 1179/8824065 [24:04<47:27:58, 51.63it/s]
  0%|          | 1191/8824065 [24:04<39:24:58, 62.18it/s]
  0%|          | 1203/8824065 [24:04<33:53:44, 72.30it/s]
  0%|          | 1215/8824065 [24:04<30:19:10, 80.83it/s]
  0%|          | 1227/8824065 [24:04<27:29:36, 89.14it/s]
  0%|          | 1239/8824065 [24:04<25:33:06, 95.91it/s]
  0%|          | 1251/8824065 [24:04<24:33:38, 99.78it/s]
  0%|          | 1263/8824065 [24:04<23:33:43, 104.01it/s]
  0%|          | 1275/8824065 [24:04<24:49:05, 98.75it/s] 
  0%|          | 1286/8824065 [24:05<26:06:41, 93.86it/s]
  0%|          | 1296/8824065 [24:05<27:03:31, 90.57it/s]
  0%|          | 1307/8824065 [24:05<25:58:12, 94.37it/s]
  0%|          | 1318/8824065 [24:05<24:53:33, 98.45it/s]
  0%|          | 1330/8824065 [24:05<23:41:21, 103.45it/s]
  0%|          | 1342/8824065 [24:05<23:25:58, 104.59it/s]
  0%|          | 1354/8824065 [24:05<22:45:10, 107.71it/s]
  0%|          | 1365/8824065 [24:05<23:50:20, 102.80it/s]
  0%|          | 1376/8824065 [24:05<23:42:15, 103.39it/s]
  0%|          | 1388/8824065 [24:06<22:59:23, 106.60it/s]
  0%|          | 1400/8824065 [24:06<22:25:27, 109.29it/s]
  0%|          | 1412/8824065 [24:06<22:09:27, 110.61it/s]
  0%|          | 1424/8824065 [24:06<21:52:44, 112.01it/s]
  0%|          | 1436/8824065 [24:06<21:40:12, 113.09it/s]
  0%|          | 1448/8824065 [24:06<21:31:10, 113.88it/s]
  0%|          | 1460/8824065 [24:06<21:32:27, 113.77it/s]
  0%|          | 1472/8824065 [24:06<21:23:55, 114.53it/s]
  0%|          | 1484/8824065 [24:06<21:27:47, 114.18it/s]
  0%|          | 1496/8824065 [24:07<22:46:35, 107.60it/s]
  0%|          | 1507/8824065 [24:19<820:57:36,  2.99it/s]
  0%|          | 1519/8824065 [24:19<576:40:19,  4.25it/s]
  0%|          | 1531/8824065 [24:20<408:05:36,  6.01it/s]
  0%|          | 1543/8824065 [24:20<291:06:43,  8.42it/s]
  0%|          | 1555/8824065 [24:20<209:41:53, 11.69it/s]
  0%|          | 1568/8824065 [24:20<149:23:39, 16.40it/s]
  0%|          | 1580/8824065 [24:20<111:35:59, 21.96it/s]
  0%|          | 1592/8824065 [24:20<84:48:51, 28.89it/s] 
  0%|          | 1604/8824065 [24:20<65:56:28, 37.16it/s]
  0%|          | 1616/8824065 [24:20<52:36:20, 46.59it/s]
  0%|          | 1628/8824065 [24:20<43:18:24, 56.59it/s]
  0%|          | 1640/8824065 [24:20<36:42:33, 66.76it/s]
  0%|          | 1652/8824065 [24:21<32:09:16, 76.22it/s]
  0%|          | 1664/8824065 [24:21<28:56:47, 84.66it/s]
  0%|          | 1676/8824065 [24:21<26:41:45, 91.80it/s]
  0%|          | 1688/8824065 [24:21<25:04:29, 97.73it/s]
  0%|          | 1700/8824065 [24:21<23:57:36, 102.28it/s]
  0%|          | 1712/8824065 [24:21<23:12:56, 105.56it/s]
  0%|          | 1724/8824065 [24:21<22:36:10, 108.42it/s]
  0%|          | 1736/8824065 [24:21<22:15:48, 110.07it/s]
  0%|          | 1748/8824065 [24:21<22:00:51, 111.32it/s]
  0%|          | 1760/8824065 [24:22<22:05:05, 110.97it/s]
  0%|          | 1772/8824065 [24:22<21:53:02, 111.98it/s]
  0%|          | 1784/8824065 [24:22<21:40:34, 113.06it/s]
  0%|          | 1796/8824065 [24:22<21:31:53, 113.82it/s]
  0%|          | 1796/8824065 [24:40<21:31:53, 113.82it/s]
  0%|          | 1801/8824065 [52:04<123431:55:44, 50.37s/it]
  0%|          | 1819/8824065 [52:04<69380:42:53, 28.31s/it] 
  0%|          | 1837/8824065 [52:04<42684:11:40, 17.42s/it]
  0%|          | 1855/8824065 [52:04<27546:34:15, 11.24s/it]
  0%|          | 1873/8824065 [52:04<18286:11:41,  7.46s/it]
  0%|          | 1891/8824065 [52:04<12355:56:34,  5.04s/it]
  0%|          | 1909/8824065 [52:04<8446:18:42,  3.45s/it] 
  0%|          | 1927/8824065 [52:04<5819:18:33,  2.37s/it]
  0%|          | 1945/8824065 [52:05<4031:20:27,  1.65s/it]
  0%|          | 1963/8824065 [52:05<2803:46:35,  1.14s/it]
  0%|          | 1981/8824065 [52:05<1956:12:20,  1.25it/s]
  0%|          | 1999/8824065 [52:05<1368:18:26,  1.79it/s]
  0%|          | 2017/8824065 [52:05<959:27:45,  2.55it/s] 
  0%|          | 2035/8824065 [52:05<674:34:51,  3.63it/s]
  0%|          | 2053/8824065 [52:05<475:45:39,  5.15it/s]
  0%|          | 2071/8824065 [52:05<336:53:37,  7.27it/s]
  0%|          | 2089/8824065 [52:05<239:50:43, 10.22it/s]
  0%|          | 2107/8824065 [52:05<172:00:22, 14.25it/s]
  0%|          | 2125/8824065 [52:06<124:30:13, 19.68it/s]
  0%|          | 2143/8824065 [52:06<91:23:11, 26.82it/s] 
  0%|          | 2161/8824065 [52:06<68:07:48, 35.97it/s]
  0%|          | 2179/8824065 [52:06<51:49:42, 47.28it/s]
  0%|          | 2197/8824065 [52:06<40:26:40, 60.59it/s]
  0%|          | 2215/8824065 [52:06<32:30:45, 75.37it/s]
  0%|          | 2233/8824065 [52:06<26:56:18, 90.97it/s]
  0%|          | 2251/8824065 [52:06<23:03:48, 106.25it/s]
  0%|          | 2269/8824065 [52:06<20:17:00, 120.81it/s]
  0%|          | 2287/8824065 [52:07<18:21:41, 133.46it/s]
  0%|          | 2305/8824065 [52:07<17:00:51, 144.02it/s]
  0%|          | 2323/8824065 [52:07<16:06:37, 152.10it/s]
  0%|          | 2341/8824065 [52:07<15:29:02, 158.26it/s]
  0%|          | 2359/8824065 [52:07<15:04:24, 162.57it/s]
  0%|          | 2377/8824065 [52:07<14:44:07, 166.30it/s]
  0%|          | 2395/8824065 [52:07<14:27:24, 169.50it/s]
  0%|          | 2413/8824065 [52:07<14:18:04, 171.35it/s]
  0%|          | 2431/8824065 [52:07<14:11:10, 172.73it/s]
  0%|          | 2449/8824065 [52:07<14:06:23, 173.71it/s]
  0%|          | 2467/8824065 [52:08<14:02:00, 174.62it/s]
  0%|          | 2485/8824065 [52:08<13:57:30, 175.55it/s]
  0%|          | 2503/8824065 [52:08<13:57:52, 175.47it/s]
  0%|          | 2521/8824065 [52:08<15:52:11, 154.41it/s]
  0%|          | 2537/8824065 [52:08<15:55:13, 153.92it/s]
  0%|          | 2555/8824065 [52:08<15:15:46, 160.55it/s]
  0%|          | 2573/8824065 [52:08<14:50:10, 165.17it/s]
  0%|          | 2591/8824065 [52:08<14:32:29, 168.51it/s]
  0%|          | 2609/8824065 [52:08<14:20:26, 170.87it/s]
  0%|          | 2627/8824065 [52:09<14:12:19, 172.50it/s]
  0%|          | 2645/8824065 [52:09<14:04:11, 174.16it/s]
  0%|          | 2663/8824065 [52:09<13:59:49, 175.06it/s]
  0%|          | 2681/8824065 [52:09<13:57:33, 175.54it/s]
  0%|          | 2699/8824065 [52:09<13:55:32, 175.96it/s]
  0%|          | 2717/8824065 [52:09<13:54:22, 176.21it/s]
  0%|          | 2735/8824065 [52:09<13:53:06, 176.47it/s]
  0%|          | 2753/8824065 [52:09<13:51:28, 176.82it/s]
  0%|          | 2771/8824065 [52:09<13:53:22, 176.42it/s]
  0%|          | 2789/8824065 [52:09<13:53:24, 176.41it/s]
  0%|          | 2807/8824065 [52:10<13:50:55, 176.94it/s]
  0%|          | 2825/8824065 [52:10<13:52:44, 176.55it/s]
  0%|          | 2844/8824065 [52:10<13:38:52, 179.54it/s]
  0%|          | 2862/8824065 [52:10<13:41:53, 178.88it/s]
  0%|          | 2880/8824065 [52:10<13:43:10, 178.60it/s]
  0%|          | 2898/8824065 [52:10<13:44:19, 178.35it/s]
  0%|          | 2916/8824065 [52:10<13:44:59, 178.21it/s]
  0%|          | 2934/8824065 [52:10<13:47:53, 177.58it/s]
  0%|          | 2952/8824065 [52:10<13:48:50, 177.38it/s]
  0%|          | 2970/8824065 [52:10<13:50:45, 176.97it/s]
  0%|          | 2988/8824065 [52:11<13:51:57, 176.71it/s]
  0%|          | 3006/8824065 [52:11<13:51:02, 176.91it/s]
  0%|          | 3024/8824065 [52:11<13:52:49, 176.53it/s]
  0%|          | 3042/8824065 [52:11<13:54:28, 176.18it/s]
  0%|          | 3060/8824065 [52:11<13:53:36, 176.36it/s]
  0%|          | 3078/8824065 [52:11<13:57:40, 175.51it/s]
  0%|          | 3096/8824065 [52:11<14:00:52, 174.84it/s]
  0%|          | 3114/8824065 [52:11<14:11:10, 172.72it/s]
  0%|          | 3132/8824065 [52:11<14:13:45, 172.20it/s]
  0%|          | 3150/8824065 [52:11<14:07:46, 173.41it/s]
  0%|          | 3168/8824065 [52:12<14:15:02, 171.94it/s]
  0%|          | 3186/8824065 [52:12<14:15:30, 171.85it/s]
  0%|          | 3204/8824065 [52:12<14:06:54, 173.59it/s]
  0%|          | 3222/8824065 [52:12<14:01:44, 174.66it/s]
  0%|          | 3240/8824065 [52:12<13:56:45, 175.70it/s]
  0%|          | 3258/8824065 [52:12<13:53:43, 176.33it/s]
  0%|          | 3276/8824065 [52:12<13:52:18, 176.63it/s]
  0%|          | 3294/8824065 [52:12<13:51:10, 176.87it/s]
  0%|          | 3312/8824065 [52:12<13:52:54, 176.51it/s]
  0%|          | 3330/8824065 [52:12<13:49:11, 177.29it/s]
  0%|          | 3348/8824065 [52:13<13:47:50, 177.58it/s]
  0%|          | 3366/8824065 [52:13<13:45:35, 178.07it/s]
  0%|          | 3384/8824065 [52:13<14:08:02, 173.35it/s]
  0%|          | 3402/8824065 [52:13<16:04:21, 152.44it/s]
  0%|          | 3418/8824065 [52:13<16:57:11, 144.53it/s]
  0%|          | 3433/8824065 [52:13<17:56:26, 136.57it/s]
  0%|          | 3447/8824065 [52:13<18:38:16, 131.46it/s]
  0%|          | 3461/8824065 [52:13<19:06:56, 128.18it/s]
  0%|          | 3474/8824065 [52:14<19:33:20, 125.29it/s]
  0%|          | 3487/8824065 [52:14<20:00:05, 122.50it/s]
  0%|          | 3500/8824065 [52:14<20:12:04, 121.29it/s]
  0%|          | 3513/8824065 [52:14<20:20:02, 120.49it/s]
  0%|          | 3526/8824065 [52:14<20:33:45, 119.16it/s]
  0%|          | 3538/8824065 [52:14<20:36:31, 118.89it/s]
  0%|          | 3550/8824065 [52:14<20:54:11, 117.21it/s]
  0%|          | 3562/8824065 [52:14<20:50:29, 117.56it/s]
  0%|          | 3575/8824065 [52:14<20:43:40, 118.20it/s]
  0%|          | 3587/8824065 [52:15<20:55:17, 117.11it/s]
  0%|          | 3599/8824065 [52:15<21:03:36, 116.34it/s]
  0%|          | 3612/8824065 [52:15<20:49:49, 117.62it/s]
  0%|          | 3624/8824065 [52:15<20:47:07, 117.88it/s]
  0%|          | 3636/8824065 [52:15<20:58:10, 116.84it/s]
  0%|          | 3648/8824065 [52:15<20:49:32, 117.65it/s]
  0%|          | 3661/8824065 [52:15<20:39:54, 118.56it/s]
  0%|          | 3673/8824065 [52:15<20:48:30, 117.75it/s]
  0%|          | 3686/8824065 [52:15<20:38:34, 118.69it/s]
  0%|          | 3699/8824065 [52:15<20:34:19, 119.10it/s]
  0%|          | 3711/8824065 [52:16<20:33:54, 119.14it/s]
  0%|          | 3723/8824065 [52:16<20:38:22, 118.71it/s]
  0%|          | 3735/8824065 [52:16<20:40:36, 118.50it/s]
  0%|          | 3747/8824065 [52:16<20:38:18, 118.71it/s]
  0%|          | 3759/8824065 [52:16<20:40:12, 118.53it/s]
  0%|          | 3771/8824065 [52:16<20:52:26, 117.37it/s]
  0%|          | 3784/8824065 [52:16<20:42:50, 118.28it/s]
  0%|          | 3796/8824065 [52:16<20:57:33, 116.90it/s]
  0%|          | 3808/8824065 [52:16<20:51:52, 117.43it/s]
  0%|          | 3820/8824065 [52:16<21:00:16, 116.64it/s]
  0%|          | 3832/8824065 [52:17<21:02:31, 116.44it/s]
  0%|          | 3844/8824065 [52:17<20:58:19, 116.82it/s]
  0%|          | 3856/8824065 [52:17<20:51:37, 117.45it/s]
  0%|          | 3868/8824065 [52:17<20:46:31, 117.93it/s]
  0%|          | 3881/8824065 [52:17<20:40:04, 118.54it/s]
  0%|          | 3893/8824065 [52:17<20:37:15, 118.81it/s]
  0%|          | 3905/8824065 [52:17<20:34:53, 119.04it/s]
  0%|          | 3918/8824065 [52:17<20:31:36, 119.36it/s]
  0%|          | 3930/8824065 [52:17<23:31:33, 104.14it/s]
  0%|          | 3941/8824065 [52:18<26:35:41, 92.12it/s] 
  0%|          | 3951/8824065 [52:18<27:42:11, 88.44it/s]
  0%|          | 3961/8824065 [52:18<29:04:28, 84.27it/s]
  0%|          | 3970/8824065 [52:18<30:36:41, 80.04it/s]
  0%|          | 3979/8824065 [52:18<31:30:42, 77.75it/s]
  0%|          | 3987/8824065 [52:18<32:17:37, 75.87it/s]
  0%|          | 3996/8824065 [52:18<31:00:42, 79.00it/s]
  0%|          | 4008/8824065 [52:18<27:14:48, 89.92it/s]
  0%|          | 4020/8824065 [52:19<25:00:06, 97.99it/s]
  0%|          | 4032/8824065 [52:19<23:37:25, 103.71it/s]
  0%|          | 4044/8824065 [52:19<22:38:18, 108.22it/s]
  0%|          | 4055/8824065 [52:19<22:42:55, 107.86it/s]
  0%|          | 4066/8824065 [52:19<25:27:25, 96.24it/s] 
  0%|          | 4079/8824065 [52:19<23:44:36, 103.19it/s]
  0%|          | 4092/8824065 [52:19<22:38:46, 108.19it/s]
  0%|          | 4104/8824065 [52:19<22:03:22, 111.08it/s]
  0%|          | 4116/8824065 [52:19<21:36:02, 113.42it/s]
  0%|          | 4128/8824065 [52:20<21:48:00, 112.38it/s]
  0%|          | 4140/8824065 [52:20<23:58:53, 102.16it/s]
  0%|          | 4152/8824065 [52:20<22:57:07, 106.74it/s]
  0%|          | 4164/8824065 [52:20<22:13:37, 110.22it/s]
  0%|          | 4176/8824065 [52:20<21:45:48, 112.57it/s]
  0%|          | 4188/8824065 [52:20<21:22:28, 114.62it/s]
  0%|          | 4201/8824065 [52:20<21:03:39, 116.33it/s]
  0%|          | 4213/8824065 [52:20<21:04:21, 116.26it/s]
  0%|          | 4225/8824065 [52:20<20:54:19, 117.19it/s]
  0%|          | 4237/8824065 [52:20<20:50:33, 117.55it/s]
  0%|          | 4249/8824065 [52:21<20:46:39, 117.91it/s]
  0%|          | 4261/8824065 [52:21<22:24:03, 109.37it/s]
  0%|          | 4273/8824065 [52:21<27:58:49, 87.56it/s] 
  0%|          | 4283/8824065 [52:21<31:44:51, 77.17it/s]
  0%|          | 4292/8824065 [52:21<33:05:41, 74.03it/s]
  0%|          | 4301/8824065 [52:21<31:51:37, 76.90it/s]
  0%|          | 4313/8824065 [52:21<28:03:18, 87.33it/s]
  0%|          | 4325/8824065 [52:22<25:42:59, 95.27it/s]
  0%|          | 4336/8824065 [52:22<24:56:05, 98.25it/s]
  0%|          | 4348/8824065 [52:22<23:32:46, 104.05it/s]
  0%|          | 4359/8824065 [52:22<25:13:18, 97.13it/s] 
  0%|          | 4370/8824065 [52:22<28:00:21, 87.48it/s]
  0%|          | 4383/8824065 [52:22<25:26:53, 96.27it/s]
  0%|          | 4395/8824065 [52:22<23:59:19, 102.13it/s]
  0%|          | 4407/8824065 [52:22<22:55:06, 106.90it/s]
  0%|          | 4419/8824065 [52:22<22:10:10, 110.51it/s]
  0%|          | 4431/8824065 [52:23<21:46:56, 112.47it/s]
  0%|          | 4443/8824065 [52:23<21:24:37, 114.43it/s]
  0%|          | 4455/8824065 [52:23<21:10:12, 115.72it/s]
  0%|          | 4467/8824065 [52:23<21:02:41, 116.41it/s]
  0%|          | 4479/8824065 [52:23<20:52:36, 117.35it/s]
  0%|          | 4491/8824065 [52:23<22:48:59, 107.37it/s]
  0%|          | 4491/8824065 [52:40<22:48:59, 107.37it/s]
  0%|          | 4501/8824065 [1:22:37<117056:31:35, 47.78s/it]
  0%|          | 4513/8824065 [1:22:37<80654:54:02, 32.92s/it] 
  0%|          | 4525/8824065 [1:22:37<55848:47:39, 22.80s/it]
  0%|          | 4538/8824065 [1:22:38<37841:27:56, 15.45s/it]
  0%|          | 4550/8824065 [1:22:38<26556:30:14, 10.84s/it]
  0%|          | 4562/8824065 [1:22:38<18626:12:45,  7.60s/it]
  0%|          | 4574/8824065 [1:22:38<13059:10:46,  5.33s/it]
  0%|          | 4586/8824065 [1:22:38<9154:47:11,  3.74s/it] 
  0%|          | 4599/8824065 [1:22:38<6262:06:30,  2.56s/it]
  0%|          | 4599/8824065 [1:22:50<6262:06:30,  2.56s/it]
  0%|          | 4601/8824065 [1:45:15<114007:32:04, 46.54s/it]
  0%|          | 4619/8824065 [1:45:15<62080:51:09, 25.34s/it] 
  0%|          | 4637/8824065 [1:45:15<37613:18:03, 15.35s/it]
  0%|          | 4655/8824065 [1:45:15<24067:16:55,  9.82s/it]
  0%|          | 4671/8824065 [1:45:15<16518:47:27,  6.74s/it]
  0%|          | 4687/8824065 [1:45:15<11409:32:09,  4.66s/it]
  0%|          | 4705/8824065 [1:45:16<7623:25:00,  3.11s/it] 
  0%|          | 4723/8824065 [1:45:16<5174:12:05,  2.11s/it]
  0%|          | 4741/8824065 [1:45:16<3548:50:28,  1.45s/it]
  0%|          | 4759/8824065 [1:45:16<2451:48:05,  1.00s/it]
  0%|          | 4776/8824065 [1:45:16<1733:34:27,  1.41it/s]
  0%|          | 4792/8824065 [1:45:16<1246:13:00,  1.97it/s]
  0%|          | 4792/8824065 [1:45:30<1246:13:00,  1.97it/s]
  0%|          | 4801/8824065 [1:45:39<2192:12:24,  1.12it/s]
  0%|          | 4813/8824065 [1:45:40<1624:26:58,  1.51it/s]
  0%|          | 4828/8824065 [1:45:40<1114:00:54,  2.20it/s]
  0%|          | 4842/8824065 [1:45:40<788:14:51,  3.11it/s] 
  0%|          | 4856/8824065 [1:45:40<559:05:24,  4.38it/s]
  0%|          | 4869/8824065 [1:45:40<406:18:24,  6.03it/s]
  0%|          | 4882/8824065 [1:45:40<295:04:38,  8.30it/s]
  0%|          | 4895/8824065 [1:45:40<214:59:06, 11.40it/s]
  0%|          | 4908/8824065 [1:45:40<157:43:12, 15.53it/s]
  0%|          | 4921/8824065 [1:45:40<117:07:46, 20.91it/s]
  0%|          | 4934/8824065 [1:45:41<88:28:10, 27.69it/s] 
  0%|          | 4947/8824065 [1:45:41<68:17:18, 35.87it/s]
  0%|          | 4959/8824065 [1:45:41<54:47:37, 44.71it/s]
  0%|          | 4972/8824065 [1:45:41<44:19:05, 55.28it/s]
  0%|          | 4984/8824065 [1:45:41<37:30:56, 65.30it/s]
  0%|          | 4996/8824065 [1:45:41<32:34:02, 75.22it/s]
  0%|          | 5008/8824065 [1:45:41<29:02:35, 84.35it/s]
  0%|          | 5020/8824065 [1:45:41<26:32:38, 92.29it/s]
  0%|          | 5032/8824065 [1:45:41<24:52:14, 98.50it/s]
  0%|          | 5044/8824065 [1:45:41<23:37:11, 103.71it/s]
  0%|          | 5056/8824065 [1:45:42<22:49:05, 107.36it/s]
  0%|          | 5068/8824065 [1:45:42<22:13:17, 110.24it/s]
  0%|          | 5080/8824065 [1:45:42<21:43:33, 112.76it/s]
  0%|          | 5093/8824065 [1:45:42<21:17:43, 115.03it/s]
  0%|          | 5105/8824065 [1:45:42<21:05:46, 116.12it/s]
  0%|          | 5117/8824065 [1:45:42<21:03:15, 116.35it/s]
  0%|          | 5129/8824065 [1:45:42<20:57:28, 116.89it/s]
  0%|          | 5142/8824065 [1:45:42<20:46:21, 117.93it/s]
  0%|          | 5155/8824065 [1:45:42<20:38:43, 118.66it/s]
  0%|          | 5167/8824065 [1:45:43<20:40:56, 118.44it/s]
  0%|          | 5179/8824065 [1:45:43<20:37:02, 118.82it/s]
  0%|          | 5191/8824065 [1:45:43<20:34:11, 119.09it/s]
  0%|          | 5203/8824065 [1:45:43<20:35:34, 118.96it/s]
  0%|          | 5215/8824065 [1:45:43<20:36:53, 118.83it/s]
  0%|          | 5227/8824065 [1:45:43<20:37:33, 118.77it/s]
  0%|          | 5239/8824065 [1:45:43<20:43:35, 118.19it/s]
  0%|          | 5251/8824065 [1:45:43<20:38:34, 118.67it/s]
  0%|          | 5263/8824065 [1:45:43<20:35:26, 118.97it/s]
  0%|          | 5275/8824065 [1:45:43<20:34:54, 119.02it/s]
  0%|          | 5287/8824065 [1:45:44<20:40:32, 118.48it/s]
  0%|          | 5299/8824065 [1:45:44<20:38:03, 118.72it/s]
  0%|          | 5311/8824065 [1:45:44<20:34:52, 119.02it/s]
  0%|          | 5323/8824065 [1:45:44<20:34:49, 119.03it/s]
  0%|          | 5335/8824065 [1:45:44<20:36:29, 118.87it/s]
  0%|          | 5347/8824065 [1:45:44<20:35:23, 118.97it/s]
  0%|          | 5359/8824065 [1:45:44<20:35:55, 118.92it/s]
  0%|          | 5371/8824065 [1:45:44<20:35:41, 118.94it/s]
  0%|          | 5383/8824065 [1:45:44<20:34:08, 119.09it/s]
  0%|          | 5396/8824065 [1:45:44<20:30:46, 119.42it/s]
  0%|          | 5408/8824065 [1:45:45<20:30:45, 119.42it/s]
  0%|          | 5420/8824065 [1:45:45<20:31:44, 119.33it/s]
  0%|          | 5432/8824065 [1:45:45<20:35:32, 118.96it/s]
  0%|          | 5444/8824065 [1:45:45<20:35:29, 118.96it/s]
  0%|          | 5456/8824065 [1:45:45<20:33:13, 119.18it/s]
  0%|          | 5469/8824065 [1:45:45<20:30:36, 119.43it/s]
  0%|          | 5481/8824065 [1:45:45<20:33:12, 119.18it/s]
  0%|          | 5493/8824065 [1:45:45<20:34:04, 119.10it/s]
  0%|          | 5505/8824065 [1:45:45<20:34:27, 119.06it/s]
  0%|          | 5517/8824065 [1:45:45<20:31:42, 119.33it/s]
  0%|          | 5529/8824065 [1:45:46<20:30:42, 119.42it/s]
  0%|          | 5541/8824065 [1:45:46<20:31:01, 119.39it/s]
  0%|          | 5553/8824065 [1:45:46<20:31:44, 119.32it/s]
  0%|          | 5565/8824065 [1:45:46<20:31:30, 119.35it/s]
  0%|          | 5577/8824065 [1:45:46<20:31:47, 119.32it/s]
  0%|          | 5589/8824065 [1:45:46<20:30:34, 119.44it/s]
  0%|          | 5602/8824065 [1:45:46<20:27:30, 119.73it/s]
  0%|          | 5615/8824065 [1:45:46<20:25:37, 119.92it/s]
  0%|          | 5627/8824065 [1:45:46<20:29:39, 119.52it/s]
  0%|          | 5639/8824065 [1:45:46<20:28:53, 119.60it/s]
  0%|          | 5651/8824065 [1:45:47<20:27:54, 119.69it/s]
  0%|          | 5664/8824065 [1:45:47<19:59:08, 122.57it/s]
  0%|          | 5677/8824065 [1:45:47<20:10:12, 121.44it/s]
  0%|          | 5690/8824065 [1:45:47<20:17:43, 120.70it/s]
  0%|          | 5703/8824065 [1:45:47<20:19:12, 120.55it/s]
  0%|          | 5716/8824065 [1:45:47<20:23:02, 120.17it/s]
  0%|          | 5729/8824065 [1:45:47<20:23:17, 120.14it/s]
  0%|          | 5742/8824065 [1:45:47<20:29:03, 119.58it/s]
  0%|          | 5754/8824065 [1:45:47<20:29:59, 119.49it/s]
  0%|          | 5766/8824065 [1:45:48<20:30:21, 119.45it/s]
  0%|          | 5778/8824065 [1:45:48<20:32:46, 119.22it/s]
  0%|          | 5790/8824065 [1:45:48<20:35:42, 118.94it/s]
  0%|          | 5802/8824065 [1:45:48<20:32:34, 119.24it/s]
  0%|          | 5815/8824065 [1:45:48<20:28:35, 119.63it/s]
  0%|          | 5827/8824065 [1:45:48<20:29:17, 119.56it/s]
  0%|          | 5839/8824065 [1:45:48<20:28:37, 119.62it/s]
  0%|          | 5851/8824065 [1:45:48<20:28:19, 119.65it/s]
  0%|          | 5863/8824065 [1:45:48<20:28:44, 119.61it/s]
  0%|          | 5875/8824065 [1:45:48<20:28:26, 119.64it/s]
  0%|          | 5887/8824065 [1:45:49<20:29:00, 119.58it/s]
  0%|          | 5899/8824065 [1:45:49<20:28:01, 119.68it/s]
  0%|          | 5911/8824065 [1:45:49<20:28:15, 119.66it/s]
  0%|          | 5923/8824065 [1:45:49<20:29:06, 119.57it/s]
  0%|          | 5935/8824065 [1:45:49<20:28:36, 119.62it/s]
  0%|          | 5947/8824065 [1:45:49<20:27:28, 119.73it/s]
  0%|          | 5959/8824065 [1:45:49<20:28:42, 119.61it/s]
  0%|          | 5971/8824065 [1:45:49<20:29:11, 119.57it/s]
  0%|          | 5983/8824065 [1:45:49<20:28:32, 119.63it/s]
  0%|          | 5995/8824065 [1:45:49<20:28:16, 119.65it/s]
  0%|          | 6007/8824065 [1:45:50<20:30:43, 119.42it/s]
  0%|          | 6019/8824065 [1:45:50<20:31:53, 119.30it/s]
  0%|          | 6031/8824065 [1:45:50<20:32:45, 119.22it/s]
  0%|          | 6043/8824065 [1:45:50<22:32:08, 108.69it/s]
  0%|          | 6055/8824065 [1:45:50<25:50:19, 94.80it/s] 
  0%|          | 6067/8824065 [1:45:50<24:17:09, 100.86it/s]
  0%|          | 6079/8824065 [1:45:50<23:13:25, 105.47it/s]
  0%|          | 6091/8824065 [1:45:50<22:25:08, 109.26it/s]
  0%|          | 6104/8824065 [1:45:50<21:46:54, 112.45it/s]
  0%|          | 6116/8824065 [1:45:51<21:48:07, 112.35it/s]
  0%|          | 6128/8824065 [1:45:51<24:36:14, 99.55it/s] 
  0%|          | 6141/8824065 [1:45:51<23:16:46, 105.22it/s]
  0%|          | 6153/8824065 [1:45:51<22:26:53, 109.11it/s]
  0%|          | 6166/8824065 [1:45:51<21:48:46, 112.29it/s]
  0%|          | 6178/8824065 [1:45:51<21:30:42, 113.86it/s]
  0%|          | 6190/8824065 [1:45:51<21:16:00, 115.17it/s]
  0%|          | 6190/8824065 [1:46:10<21:16:00, 115.17it/s]
  0%|          | 6201/8824065 [1:51:00<19127:02:51,  7.81s/it]
  0%|          | 6213/8824065 [1:51:00<13351:35:22,  5.45s/it]
  0%|          | 6225/8824065 [1:51:00<9331:04:33,  3.81s/it] 
  0%|          | 6241/8824065 [1:51:00<5932:22:43,  2.42s/it]
  0%|          | 6255/8824065 [1:51:00<4079:55:32,  1.67s/it]
  0%|          | 6271/8824065 [1:51:00<2704:53:45,  1.10s/it]
  0%|          | 6289/8824065 [1:51:01<1757:03:57,  1.39it/s]
  0%|          | 6289/8824065 [1:51:20<1757:03:57,  1.39it/s]
  0%|          | 6301/8824065 [2:16:13<78871:05:05, 32.20s/it]
  0%|          | 6312/8824065 [2:16:13<59353:50:27, 24.23s/it]
  0%|          | 6326/8824065 [2:16:13<40939:53:52, 16.71s/it]
  0%|          | 6339/8824065 [2:16:14<29006:03:12, 11.84s/it]
  0%|          | 6352/8824065 [2:16:14<20481:31:46,  8.36s/it]
  0%|          | 6365/8824065 [2:16:14<14428:15:51,  5.89s/it]
  0%|          | 6378/8824065 [2:16:14<10148:21:42,  4.14s/it]
  0%|          | 6390/8824065 [2:16:14<7297:34:44,  2.98s/it] 
  0%|          | 6390/8824065 [2:16:30<7297:34:44,  2.98s/it]
  0%|          | 6401/8824065 [2:17:14<8910:10:34,  3.64s/it]
  0%|          | 6410/8824065 [2:17:14<6783:21:02,  2.77s/it]
  0%|          | 6422/8824065 [2:17:14<4665:20:59,  1.90s/it]
  0%|          | 6434/8824065 [2:17:14<3229:43:02,  1.32s/it]
  0%|          | 6446/8824065 [2:17:14<2246:54:35,  1.09it/s]
  0%|          | 6458/8824065 [2:17:14<1569:25:17,  1.56it/s]
  0%|          | 6470/8824065 [2:17:14<1100:14:49,  2.23it/s]
  0%|          | 6482/8824065 [2:17:14<774:10:43,  3.16it/s] 
  0%|          | 6494/8824065 [2:17:14<547:07:32,  4.48it/s]
  0%|          | 6506/8824065 [2:17:15<388:46:43,  6.30it/s]
  0%|          | 6518/8824065 [2:17:15<278:15:20,  8.80it/s]
  0%|          | 6530/8824065 [2:17:15<201:03:54, 12.18it/s]
  0%|          | 6542/8824065 [2:17:15<146:59:47, 16.66it/s]
  0%|          | 6554/8824065 [2:17:15<109:15:55, 22.42it/s]
  0%|          | 6566/8824065 [2:17:15<82:50:01, 29.57it/s] 
  0%|          | 6578/8824065 [2:17:15<64:18:17, 38.09it/s]
  0%|          | 6590/8824065 [2:17:15<51:22:58, 47.67it/s]
  0%|          | 6602/8824065 [2:17:15<42:23:21, 57.78it/s]
  0%|          | 6614/8824065 [2:17:15<35:55:48, 68.17it/s]
  0%|          | 6626/8824065 [2:17:16<31:27:11, 77.87it/s]
  0%|          | 6638/8824065 [2:17:16<28:18:57, 86.50it/s]
  0%|          | 6650/8824065 [2:17:16<26:08:07, 93.71it/s]
  0%|          | 6662/8824065 [2:17:16<24:39:00, 99.36it/s]
  0%|          | 6674/8824065 [2:17:16<23:36:36, 103.74it/s]
  0%|          | 6686/8824065 [2:17:16<22:50:01, 107.27it/s]
  0%|          | 6698/8824065 [2:17:16<22:14:27, 110.12it/s]
  0%|          | 6710/8824065 [2:17:16<24:08:32, 101.45it/s]
  0%|          | 6721/8824065 [2:17:17<27:22:02, 89.50it/s] 
  0%|          | 6731/8824065 [2:17:17<28:28:06, 86.03it/s]
  0%|          | 6742/8824065 [2:17:17<27:08:41, 90.23it/s]
  0%|          | 6754/8824065 [2:17:17<25:08:52, 97.39it/s]
  0%|          | 6766/8824065 [2:17:17<23:55:10, 102.39it/s]
  0%|          | 6778/8824065 [2:17:17<22:58:52, 106.58it/s]
  0%|          | 6790/8824065 [2:17:17<22:25:18, 109.23it/s]
  0%|          | 6802/8824065 [2:17:17<25:02:40, 97.80it/s] 
  0%|          | 6813/8824065 [2:17:17<24:56:56, 98.17it/s]
  0%|          | 6825/8824065 [2:17:18<23:46:24, 103.02it/s]
  0%|          | 6837/8824065 [2:17:18<22:54:26, 106.92it/s]
  0%|          | 6849/8824065 [2:17:18<22:19:21, 109.72it/s]
  0%|          | 6861/8824065 [2:17:18<21:55:55, 111.67it/s]
  0%|          | 6873/8824065 [2:17:18<21:39:55, 113.05it/s]
  0%|          | 6885/8824065 [2:17:18<21:28:28, 114.05it/s]
  0%|          | 6897/8824065 [2:17:18<21:22:55, 114.55it/s]
  0%|          | 6909/8824065 [2:17:18<21:10:35, 115.66it/s]
  0%|          | 6921/8824065 [2:17:18<21:08:01, 115.89it/s]
  0%|          | 6933/8824065 [2:17:18<23:41:56, 103.35it/s]
  0%|          | 6944/8824065 [2:17:19<24:16:32, 100.89it/s]
  0%|          | 6956/8824065 [2:17:19<23:17:22, 105.16it/s]
  0%|          | 6968/8824065 [2:17:19<22:43:18, 107.79it/s]
  0%|          | 6980/8824065 [2:17:19<22:13:36, 110.19it/s]
  0%|          | 6992/8824065 [2:17:19<21:51:27, 112.05it/s]
  0%|          | 7004/8824065 [2:17:19<24:54:04, 98.36it/s] 
  0%|          | 7015/8824065 [2:17:19<25:00:07, 97.96it/s]
  0%|          | 7027/8824065 [2:17:19<23:43:23, 103.24it/s]
  0%|          | 7039/8824065 [2:17:19<22:59:29, 106.52it/s]
  0%|          | 7051/8824065 [2:17:20<22:28:00, 109.01it/s]
  0%|          | 7063/8824065 [2:17:20<22:33:19, 108.58it/s]
  0%|          | 7075/8824065 [2:17:20<22:08:59, 110.57it/s]
  0%|          | 7087/8824065 [2:17:20<21:58:27, 111.46it/s]
  0%|          | 7099/8824065 [2:17:20<21:43:41, 112.72it/s]
  0%|          | 7111/8824065 [2:17:20<21:29:28, 113.96it/s]
  0%|          | 7123/8824065 [2:17:20<21:23:03, 114.53it/s]
  0%|          | 7135/8824065 [2:17:20<21:15:08, 115.24it/s]
  0%|          | 7147/8824065 [2:17:20<21:16:43, 115.10it/s]
  0%|          | 7159/8824065 [2:17:21<21:26:02, 114.26it/s]
  0%|          | 7171/8824065 [2:17:21<21:18:01, 114.98it/s]
  0%|          | 7183/8824065 [2:17:21<21:14:09, 115.33it/s]
  0%|          | 7195/8824065 [2:17:21<21:26:12, 114.25it/s]
  0%|          | 7207/8824065 [2:17:21<21:28:17, 114.06it/s]
  0%|          | 7219/8824065 [2:17:21<21:25:19, 114.33it/s]
  0%|          | 7231/8824065 [2:17:21<21:15:49, 115.18it/s]
  0%|          | 7243/8824065 [2:17:21<21:06:35, 116.02it/s]
  0%|          | 7255/8824065 [2:17:21<20:54:46, 117.11it/s]
  0%|          | 7267/8824065 [2:17:21<20:47:58, 117.75it/s]
  0%|          | 7279/8824065 [2:17:22<20:47:09, 117.83it/s]
  0%|          | 7291/8824065 [2:17:22<20:41:30, 118.36it/s]
  0%|          | 7303/8824065 [2:17:22<22:22:16, 109.48it/s]
  0%|          | 7315/8824065 [2:17:22<23:13:29, 105.45it/s]
  0%|          | 7327/8824065 [2:17:22<22:26:43, 109.11it/s]
  0%|          | 7339/8824065 [2:17:22<21:51:26, 112.05it/s]
  0%|          | 7352/8824065 [2:17:22<21:23:38, 114.48it/s]
  0%|          | 7364/8824065 [2:17:22<21:08:50, 115.81it/s]
  0%|          | 7376/8824065 [2:17:22<24:13:15, 101.11it/s]
  0%|          | 7387/8824065 [2:17:23<24:02:55, 101.84it/s]
  0%|          | 7400/8824065 [2:17:23<22:51:39, 107.13it/s]
  0%|          | 7412/8824065 [2:17:23<22:14:40, 110.10it/s]
  0%|          | 7424/8824065 [2:17:23<21:47:59, 112.34it/s]
  0%|          | 7436/8824065 [2:17:23<21:23:32, 114.48it/s]
  0%|          | 7448/8824065 [2:17:23<21:11:45, 115.54it/s]
  0%|          | 7461/8824065 [2:17:23<20:28:33, 119.61it/s]
  0%|          | 7474/8824065 [2:17:23<20:26:13, 119.83it/s]
  0%|          | 7487/8824065 [2:17:23<20:33:50, 119.09it/s]
  0%|          | 7499/8824065 [2:17:24<20:34:16, 119.05it/s]
  0%|          | 7511/8824065 [2:17:24<20:33:07, 119.16it/s]
  0%|          | 7524/8824065 [2:17:24<20:28:56, 119.57it/s]
  0%|          | 7536/8824065 [2:17:24<20:28:42, 119.59it/s]
  0%|          | 7549/8824065 [2:17:24<20:22:29, 120.20it/s]
  0%|          | 7562/8824065 [2:17:24<20:24:33, 120.00it/s]
  0%|          | 7575/8824065 [2:17:24<20:27:03, 119.75it/s]
  0%|          | 7587/8824065 [2:17:24<20:29:37, 119.50it/s]
  0%|          | 7599/8824065 [2:17:24<20:30:56, 119.37it/s]
  0%|          | 7612/8824065 [2:17:24<20:28:32, 119.61it/s]
  0%|          | 7624/8824065 [2:17:25<20:29:36, 119.50it/s]
  0%|          | 7636/8824065 [2:17:25<20:29:55, 119.47it/s]
  0%|          | 7648/8824065 [2:17:25<20:30:55, 119.37it/s]
  0%|          | 7660/8824065 [2:17:25<20:35:41, 118.91it/s]
  0%|          | 7672/8824065 [2:17:25<20:32:38, 119.21it/s]
  0%|          | 7684/8824065 [2:17:25<20:32:49, 119.19it/s]
  0%|          | 7696/8824065 [2:17:25<20:31:14, 119.34it/s]
  0%|          | 7709/8824065 [2:17:25<20:29:05, 119.55it/s]
  0%|          | 7721/8824065 [2:17:25<20:29:37, 119.50it/s]
  0%|          | 7733/8824065 [2:17:25<20:28:32, 119.60it/s]
  0%|          | 7745/8824065 [2:17:26<20:30:42, 119.39it/s]
  0%|          | 7757/8824065 [2:17:26<20:31:34, 119.31it/s]
  0%|          | 7769/8824065 [2:17:26<20:37:19, 118.75it/s]
  0%|          | 7781/8824065 [2:17:26<20:40:04, 118.49it/s]
  0%|          | 7793/8824065 [2:17:26<20:38:44, 118.62it/s]
  0%|          | 7805/8824065 [2:17:26<22:19:47, 109.67it/s]
  0%|          | 7817/8824065 [2:17:26<25:29:32, 96.07it/s] 
  0%|          | 7828/8824065 [2:17:26<28:20:43, 86.40it/s]
  0%|          | 7838/8824065 [2:17:27<30:00:48, 81.59it/s]
  0%|          | 7847/8824065 [2:17:27<31:36:10, 77.49it/s]
  0%|          | 7855/8824065 [2:17:27<32:20:25, 75.72it/s]
  0%|          | 7864/8824065 [2:17:27<32:01:13, 76.48it/s]
  0%|          | 7872/8824065 [2:17:27<32:45:05, 74.77it/s]
  0%|          | 7880/8824065 [2:17:27<33:29:17, 73.13it/s]
  0%|          | 7888/8824065 [2:17:27<34:14:19, 71.53it/s]
  0%|          | 7899/8824065 [2:17:27<30:30:52, 80.25it/s]
  0%|          | 7911/8824065 [2:17:28<27:09:27, 90.17it/s]
  0%|          | 7923/8824065 [2:17:28<24:56:52, 98.16it/s]
  0%|          | 7935/8824065 [2:17:28<23:37:38, 103.65it/s]
  0%|          | 7947/8824065 [2:17:28<22:39:34, 108.07it/s]
  0%|          | 7958/8824065 [2:17:28<24:38:59, 99.35it/s] 
  0%|          | 7969/8824065 [2:17:28<25:30:49, 95.98it/s]
  0%|          | 7981/8824065 [2:17:28<24:01:57, 101.90it/s]
  0%|          | 7993/8824065 [2:17:28<22:59:23, 106.52it/s]
  0%|          | 8005/8824065 [2:17:28<22:23:48, 109.34it/s]
  0%|          | 8018/8824065 [2:17:28<21:45:53, 112.52it/s]
  0%|          | 8030/8824065 [2:17:29<21:24:40, 114.38it/s]
  0%|          | 8043/8824065 [2:17:29<20:36:48, 118.80it/s]
  0%|          | 8055/8824065 [2:17:29<20:39:31, 118.54it/s]
  0%|          | 8068/8824065 [2:17:29<20:33:32, 119.11it/s]
  0%|          | 8080/8824065 [2:17:29<20:34:01, 119.07it/s]
  0%|          | 8092/8824065 [2:17:29<23:10:15, 105.69it/s]
  0%|          | 8103/8824065 [2:17:29<26:17:44, 93.13it/s] 
  0%|          | 8113/8824065 [2:17:29<28:23:53, 86.23it/s]
  0%|          | 8125/8824065 [2:17:30<25:59:50, 94.20it/s]
  0%|          | 8137/8824065 [2:17:30<24:17:38, 100.80it/s]
  0%|          | 8149/8824065 [2:17:30<23:15:31, 105.29it/s]
  0%|          | 8161/8824065 [2:17:30<22:28:16, 108.98it/s]
  0%|          | 8173/8824065 [2:17:30<21:54:28, 111.78it/s]
  0%|          | 8185/8824065 [2:17:30<25:34:48, 95.73it/s] 
  0%|          | 8196/8824065 [2:17:30<24:49:11, 98.66it/s]
  0%|          | 8208/8824065 [2:17:30<23:33:08, 103.97it/s]
  0%|          | 8220/8824065 [2:17:30<22:40:16, 108.02it/s]
  0%|          | 8232/8824065 [2:17:31<22:00:09, 111.30it/s]
  0%|          | 8244/8824065 [2:17:31<21:35:06, 113.45it/s]
  0%|          | 8256/8824065 [2:17:31<21:20:32, 114.74it/s]
  0%|          | 8268/8824065 [2:17:31<21:06:18, 116.03it/s]
  0%|          | 8280/8824065 [2:17:31<20:55:06, 117.06it/s]
  0%|          | 8292/8824065 [2:17:31<20:47:04, 117.82it/s]
  0%|          | 8304/8824065 [2:17:31<20:43:07, 118.19it/s]
  0%|          | 8316/8824065 [2:17:31<23:26:53, 104.44it/s]
  0%|          | 8327/8824065 [2:17:31<24:28:18, 100.07it/s]
  0%|          | 8338/8824065 [2:17:31<24:19:26, 100.67it/s]
  0%|          | 8350/8824065 [2:17:32<23:20:20, 104.92it/s]
  0%|          | 8362/8824065 [2:17:32<22:36:52, 108.28it/s]
  0%|          | 8374/8824065 [2:17:32<22:12:44, 110.24it/s]
  0%|          | 8386/8824065 [2:17:32<24:52:04, 98.47it/s] 
  0%|          | 8397/8824065 [2:17:32<25:41:26, 95.32it/s]
  0%|          | 8409/8824065 [2:17:32<24:14:53, 100.99it/s]
  0%|          | 8421/8824065 [2:17:32<23:13:57, 105.40it/s]
  0%|          | 8433/8824065 [2:17:32<22:32:32, 108.63it/s]
  0%|          | 8445/8824065 [2:17:32<22:05:47, 110.82it/s]
  0%|          | 8457/8824065 [2:17:33<24:56:07, 98.21it/s] 
  0%|          | 8468/8824065 [2:17:33<29:26:09, 83.19it/s]
  0%|          | 8477/8824065 [2:17:33<32:30:33, 75.33it/s]
  0%|          | 8486/8824065 [2:17:33<34:25:50, 71.12it/s]
  0%|          | 8494/8824065 [2:17:33<35:54:43, 68.19it/s]
  0%|          | 8502/8824065 [2:17:33<35:49:48, 68.34it/s]
  0%|          | 8509/8824065 [2:17:33<36:43:18, 66.68it/s]
  0%|          | 8516/8824065 [2:17:34<37:40:11, 65.01it/s]
  0%|          | 8523/8824065 [2:17:34<37:47:56, 64.78it/s]
  0%|          | 8530/8824065 [2:17:34<39:43:21, 61.65it/s]
  0%|          | 8537/8824065 [2:17:34<39:12:12, 62.46it/s]
  0%|          | 8544/8824065 [2:17:34<38:29:20, 63.62it/s]
  0%|          | 8551/8824065 [2:17:34<38:18:59, 63.91it/s]
  0%|          | 8558/8824065 [2:17:34<39:02:14, 62.73it/s]
  0%|          | 8566/8824065 [2:17:34<36:58:42, 66.22it/s]
  0%|          | 8578/8824065 [2:17:34<30:27:10, 80.41it/s]
  0%|          | 8590/8824065 [2:17:35<26:57:26, 90.84it/s]
  0%|          | 8602/8824065 [2:17:35<24:57:34, 98.11it/s]
  0%|          | 8614/8824065 [2:17:35<23:50:27, 102.71it/s]
  0%|          | 8626/8824065 [2:17:35<22:47:50, 107.41it/s]
  0%|          | 8638/8824065 [2:17:35<22:14:41, 110.08it/s]
  0%|          | 8650/8824065 [2:17:35<21:56:29, 111.60it/s]
  0%|          | 8662/8824065 [2:17:35<21:40:23, 112.98it/s]
  0%|          | 8674/8824065 [2:17:35<21:34:06, 113.53it/s]
  0%|          | 8686/8824065 [2:17:35<23:22:49, 104.73it/s]
  0%|          | 8697/8824065 [2:17:36<27:41:40, 88.42it/s] 
  0%|          | 8707/8824065 [2:17:36<27:36:16, 88.71it/s]
  0%|          | 8719/8824065 [2:17:36<25:29:19, 96.07it/s]
  0%|          | 8731/8824065 [2:17:36<24:04:00, 101.75it/s]
  0%|          | 8743/8824065 [2:17:36<23:12:46, 105.49it/s]
  0%|          | 8755/8824065 [2:17:36<22:29:22, 108.88it/s]
  0%|          | 8767/8824065 [2:17:36<24:23:19, 100.40it/s]
  0%|          | 8778/8824065 [2:17:36<25:29:06, 96.08it/s] 
  0%|          | 8790/8824065 [2:17:37<24:07:33, 101.50it/s]
  0%|          | 8802/8824065 [2:17:37<23:12:39, 105.50it/s]
  0%|          | 8814/8824065 [2:17:37<22:31:57, 108.67it/s]
  0%|          | 8826/8824065 [2:17:37<22:11:18, 110.36it/s]
  0%|          | 8838/8824065 [2:17:37<21:49:16, 112.22it/s]
  0%|          | 8850/8824065 [2:17:37<21:38:33, 113.14it/s]
  0%|          | 8862/8824065 [2:17:37<21:36:12, 113.35it/s]
  0%|          | 8874/8824065 [2:17:37<21:26:48, 114.17it/s]
  0%|          | 8886/8824065 [2:17:37<21:17:15, 115.03it/s]
  0%|          | 8898/8824065 [2:17:37<23:30:00, 104.20it/s]
  0%|          | 8909/8824065 [2:17:38<24:33:19, 99.72it/s] 
  0%|          | 8921/8824065 [2:17:38<23:32:31, 104.01it/s]
  0%|          | 8933/8824065 [2:17:38<22:45:35, 107.59it/s]
  0%|          | 8945/8824065 [2:17:38<22:17:13, 109.87it/s]
  0%|          | 8957/8824065 [2:17:38<21:57:40, 111.50it/s]
  0%|          | 8969/8824065 [2:17:38<21:38:33, 113.14it/s]
  0%|          | 8981/8824065 [2:17:38<21:28:43, 114.00it/s]
  0%|          | 8993/8824065 [2:17:38<21:26:14, 114.22it/s]
  0%|          | 9005/8824065 [2:17:38<21:17:22, 115.02it/s]
  0%|          | 9017/8824065 [2:17:39<21:11:24, 115.56it/s]
  0%|          | 9029/8824065 [2:17:39<21:13:31, 115.36it/s]
  0%|          | 9041/8824065 [2:17:39<21:10:08, 115.67it/s]
  0%|          | 9053/8824065 [2:17:39<21:05:31, 116.09it/s]
  0%|          | 9065/8824065 [2:17:39<21:07:45, 115.89it/s]
  0%|          | 9077/8824065 [2:17:39<21:06:04, 116.04it/s]
  0%|          | 9089/8824065 [2:17:39<21:02:58, 116.33it/s]
  0%|          | 9089/8824065 [2:17:50<21:02:58, 116.33it/s]
  0%|          | 9101/8824065 [2:47:25<109361:52:51, 44.66s/it]
  0%|          | 9114/8824065 [2:47:25<74690:22:32, 30.50s/it] 
  0%|          | 9126/8824065 [2:47:26<52674:02:46, 21.51s/it]
  0%|          | 9138/8824065 [2:47:26<37069:02:54, 15.14s/it]
  0%|          | 9150/8824065 [2:47:26<26049:00:18, 10.64s/it]
  0%|          | 9162/8824065 [2:47:26<18287:11:51,  7.47s/it]
  0%|          | 9174/8824065 [2:47:26<12830:18:40,  5.24s/it]
  0%|          | 9186/8824065 [2:47:26<8998:46:19,  3.68s/it] 
  0%|          | 9198/8824065 [2:47:26<6311:10:18,  2.58s/it]
  0%|          | 9198/8824065 [2:47:40<6311:10:18,  2.58s/it]
  0%|          | 9201/8824065 [2:50:48<21636:58:02,  8.84s/it]
  0%|          | 9213/8824065 [2:50:48<13949:27:15,  5.70s/it]
  0%|          | 9225/8824065 [2:50:48<9256:42:43,  3.78s/it] 
  0%|          | 9237/8824065 [2:50:49<6255:54:57,  2.55s/it]
  0%|          | 9249/8824065 [2:50:49<4279:16:19,  1.75s/it]
  0%|          | 9261/8824065 [2:50:49<2951:50:26,  1.21s/it]
  0%|          | 9273/8824065 [2:50:49<2048:46:28,  1.20it/s]
  0%|          | 9285/8824065 [2:50:49<1429:01:11,  1.71it/s]
  0%|          | 9297/8824065 [2:50:49<1001:00:12,  2.45it/s]
  0%|          | 9297/8824065 [2:51:00<1001:00:12,  2.45it/s]
  0%|          | 9301/8824065 [2:56:22<26654:06:17, 10.89s/it]
  0%|          | 9313/8824065 [2:56:22<17294:59:39,  7.06s/it]
  0%|          | 9325/8824065 [2:56:22<11525:35:48,  4.71s/it]
  0%|          | 9338/8824065 [2:56:23<7603:15:42,  3.11s/it] 
  0%|          | 9350/8824065 [2:56:23<5251:38:18,  2.14s/it]
  0%|          | 9363/8824065 [2:56:23<3555:03:03,  1.45s/it]
  0%|          | 9375/8824065 [2:56:23<2496:13:46,  1.02s/it]
  0%|          | 9387/8824065 [2:56:23<1754:18:55,  1.40it/s]
  0%|          | 9399/8824065 [2:56:23<1234:35:34,  1.98it/s]
  0%|          | 9399/8824065 [2:56:40<1234:35:34,  1.98it/s]
  0%|          | 9401/8824065 [2:57:58<8919:06:40,  3.64s/it]
  0%|          | 9413/8824065 [2:57:58<5684:40:39,  2.32s/it]
  0%|          | 9425/8824065 [2:57:59<3748:48:53,  1.53s/it]
  0%|          | 9437/8824065 [2:57:59<2525:38:47,  1.03s/it]
  0%|          | 9449/8824065 [2:57:59<1726:16:17,  1.42it/s]
  0%|          | 9461/8824065 [2:57:59<1192:08:50,  2.05it/s]
  0%|          | 9474/8824065 [2:57:59<809:38:55,  3.02it/s] 
  0%|          | 9486/8824065 [2:57:59<572:09:56,  4.28it/s]
  0%|          | 9498/8824065 [2:57:59<406:20:19,  6.03it/s]
  0%|          | 9510/8824065 [2:57:59<290:25:45,  8.43it/s]
  0%|          | 9523/8824065 [2:57:59<204:43:29, 11.96it/s]
  0%|          | 9536/8824065 [2:57:59<147:12:25, 16.63it/s]
  0%|          | 9548/8824065 [2:58:00<110:16:47, 22.20it/s]
  0%|          | 9560/8824065 [2:58:00<83:53:15, 29.19it/s] 
  0%|          | 9572/8824065 [2:58:00<65:08:47, 37.58it/s]
  0%|          | 9584/8824065 [2:58:00<51:54:05, 47.18it/s]
  0%|          | 9596/8824065 [2:58:00<42:34:23, 57.51it/s]
  0%|          | 9608/8824065 [2:58:00<36:01:13, 67.97it/s]
  0%|          | 9620/8824065 [2:58:00<31:21:44, 78.07it/s]
  0%|          | 9632/8824065 [2:58:00<28:07:54, 87.04it/s]
  0%|          | 9644/8824065 [2:58:00<25:53:15, 94.58it/s]
  0%|          | 9657/8824065 [2:58:00<24:08:34, 101.41it/s]
  0%|          | 9669/8824065 [2:58:01<23:02:53, 106.23it/s]
  0%|          | 9681/8824065 [2:58:01<22:19:51, 109.64it/s]
  0%|          | 9693/8824065 [2:58:01<21:46:30, 112.44it/s]
  0%|          | 9705/8824065 [2:58:01<21:22:32, 114.54it/s]
  0%|          | 9718/8824065 [2:58:01<21:02:38, 116.35it/s]
  0%|          | 9730/8824065 [2:58:01<20:52:27, 117.29it/s]
  0%|          | 9742/8824065 [2:58:01<20:50:23, 117.49it/s]
  0%|          | 9754/8824065 [2:58:01<24:35:32, 99.56it/s] 
  0%|          | 9765/8824065 [2:58:01<26:37:42, 91.95it/s]
  0%|          | 9777/8824065 [2:58:02<24:45:29, 98.89it/s]
  0%|          | 9790/8824065 [2:58:02<23:21:47, 104.80it/s]
  0%|          | 9790/8824065 [2:58:20<23:21:47, 104.80it/s]
  0%|          | 9801/8824065 [2:58:52<3113:45:03,  1.27s/it]
  0%|          | 9813/8824065 [2:58:52<2176:50:45,  1.12it/s]
  0%|          | 9825/8824065 [2:58:52<1525:33:51,  1.60it/s]
  0%|          | 9837/8824065 [2:58:52<1071:54:39,  2.28it/s]
  0%|          | 9850/8824065 [2:58:52<737:23:49,  3.32it/s] 
  0%|          | 9863/8824065 [2:58:52<513:21:30,  4.77it/s]
  0%|          | 9876/8824065 [2:58:52<361:14:13,  6.78it/s]
  0%|          | 9888/8824065 [2:58:52<262:41:17,  9.32it/s]
  0%|          | 9900/8824065 [2:58:52<191:54:26, 12.76it/s]
  0%|          | 9912/8824065 [2:58:59<545:34:53,  4.49it/s]
  0%|          | 9930/8824065 [2:58:59<339:45:52,  7.21it/s]
  0%|          | 9948/8824065 [2:58:59<223:40:54, 10.95it/s]
  0%|          | 9966/8824065 [2:59:00<152:53:52, 16.01it/s]
  0%|          | 9984/8824065 [2:59:00<107:39:27, 22.74it/s]
  0%|          | 10002/8824065 [2:59:00<77:53:25, 31.43it/s]
  0%|          | 10020/8824065 [2:59:00<57:51:33, 42.32it/s]
  0%|          | 10038/8824065 [2:59:00<44:15:08, 55.33it/s]
  0%|          | 10056/8824065 [2:59:00<34:54:43, 70.13it/s]
  0%|          | 10074/8824065 [2:59:00<28:27:23, 86.04it/s]
  0%|          | 10092/8824065 [2:59:00<23:58:14, 102.14it/s]
  0%|          | 10092/8824065 [2:59:20<23:58:14, 102.14it/s]
  0%|          | 10101/8824065 [3:06:37<22113:17:35,  9.03s/it]
  0%|          | 10112/8824065 [3:06:37<16880:00:16,  6.89s/it]
  0%|          | 10128/8824065 [3:06:37<11318:35:00,  4.62s/it]
  0%|          | 10143/8824065 [3:06:37<7856:36:47,  3.21s/it] 
  0%|          | 10157/8824065 [3:06:38<5583:43:45,  2.28s/it]
  0%|          | 10171/8824065 [3:06:38<3957:01:29,  1.62s/it]
  0%|          | 10183/8824065 [3:06:38<2918:36:29,  1.19s/it]
  0%|          | 10195/8824065 [3:06:38<2124:54:06,  1.15it/s]
  0%|          | 10207/8824065 [3:06:38<1533:06:21,  1.60it/s]
  0%|          | 10219/8824065 [3:06:38<1099:41:12,  2.23it/s]
  0%|          | 10231/8824065 [3:06:38<786:16:23,  3.11it/s] 
  0%|          | 10243/8824065 [3:06:38<566:08:10,  4.32it/s]
  0%|          | 10254/8824065 [3:06:39<419:43:13,  5.83it/s]
  0%|          | 10264/8824065 [3:06:39<317:51:33,  7.70it/s]
  0%|          | 10273/8824065 [3:06:39<246:28:37,  9.93it/s]
  0%|          | 10281/8824065 [3:06:39<194:15:44, 12.60it/s]
  0%|          | 10289/8824065 [3:06:39<153:39:09, 15.93it/s]
  0%|          | 10297/8824065 [3:06:39<122:20:53, 20.01it/s]
  0%|          | 10305/8824065 [3:06:39<99:49:42, 24.52it/s] 
  0%|          | 10316/8824065 [3:06:39<72:35:45, 33.72it/s]
  0%|          | 10328/8824065 [3:06:40<54:19:21, 45.07it/s]
  0%|          | 10340/8824065 [3:06:40<43:05:25, 56.82it/s]
  0%|          | 10352/8824065 [3:06:40<35:54:58, 68.17it/s]
  0%|          | 10364/8824065 [3:06:40<31:06:43, 78.69it/s]
  0%|          | 10375/8824065 [3:06:40<32:41:40, 74.88it/s]
  0%|          | 10386/8824065 [3:06:40<29:57:22, 81.73it/s]
  0%|          | 10398/8824065 [3:06:40<27:08:00, 90.23it/s]
  0%|          | 10410/8824065 [3:06:40<25:12:58, 97.09it/s]
  0%|          | 10422/8824065 [3:06:40<23:54:26, 102.40it/s]
  0%|          | 10434/8824065 [3:06:41<23:07:46, 105.85it/s]
  0%|          | 10446/8824065 [3:06:41<22:28:19, 108.95it/s]
  0%|          | 10458/8824065 [3:06:41<22:02:17, 111.09it/s]
  0%|          | 10470/8824065 [3:06:41<21:50:26, 112.09it/s]
  0%|          | 10482/8824065 [3:06:41<21:34:55, 113.44it/s]
  0%|          | 10494/8824065 [3:06:41<21:51:00, 112.05it/s]
  0%|          | 10506/8824065 [3:06:41<25:55:21, 94.44it/s] 
  0%|          | 10518/8824065 [3:06:41<24:27:59, 100.06it/s]
  0%|          | 10530/8824065 [3:06:41<23:21:01, 104.85it/s]
  0%|          | 10542/8824065 [3:06:42<22:37:32, 108.20it/s]
  0%|          | 10554/8824065 [3:06:42<22:07:11, 110.68it/s]
  0%|          | 10566/8824065 [3:06:42<23:20:00, 104.92it/s]
  0%|          | 10577/8824065 [3:06:42<27:27:47, 89.14it/s] 
  0%|          | 10587/8824065 [3:06:42<30:29:57, 80.27it/s]
  0%|          | 10596/8824065 [3:06:42<32:26:07, 75.48it/s]
  0%|          | 10604/8824065 [3:06:42<34:16:52, 71.41it/s]
  0%|          | 10612/8824065 [3:06:42<35:38:47, 68.68it/s]
  0%|          | 10620/8824065 [3:06:43<36:55:42, 66.30it/s]
  0%|          | 10627/8824065 [3:06:43<37:18:08, 65.63it/s]
  0%|          | 10634/8824065 [3:06:43<37:42:28, 64.92it/s]
  0%|          | 10641/8824065 [3:06:43<37:39:04, 65.02it/s]
  0%|          | 10649/8824065 [3:06:43<36:32:07, 67.01it/s]
  0%|          | 10656/8824065 [3:06:43<36:29:55, 67.08it/s]
  0%|          | 10663/8824065 [3:06:43<37:24:03, 65.46it/s]
  0%|          | 10672/8824065 [3:06:43<34:12:33, 71.56it/s]
  0%|          | 10684/8824065 [3:06:43<28:56:05, 84.61it/s]
  0%|          | 10696/8824065 [3:06:44<26:03:25, 93.95it/s]
  0%|          | 10708/8824065 [3:06:44<24:19:14, 100.66it/s]
  0%|          | 10720/8824065 [3:06:44<23:13:26, 105.41it/s]
  0%|          | 10732/8824065 [3:06:44<22:29:12, 108.87it/s]
  0%|          | 10744/8824065 [3:06:44<22:01:36, 111.14it/s]
  0%|          | 10756/8824065 [3:06:44<21:38:49, 113.09it/s]
  0%|          | 10768/8824065 [3:06:44<21:23:43, 114.42it/s]
  0%|          | 10780/8824065 [3:06:44<21:12:42, 115.41it/s]
  0%|          | 10792/8824065 [3:06:44<24:51:00, 98.52it/s] 
  0%|          | 10803/8824065 [3:06:45<24:40:46, 99.20it/s]
  0%|          | 10815/8824065 [3:06:45<23:28:14, 104.31it/s]
  0%|          | 10827/8824065 [3:06:45<22:40:32, 107.96it/s]
  0%|          | 10839/8824065 [3:06:45<22:08:20, 110.58it/s]
  0%|          | 10851/8824065 [3:06:45<21:47:26, 112.35it/s]
  0%|          | 10863/8824065 [3:06:45<25:25:40, 96.28it/s] 
  0%|          | 10874/8824065 [3:06:45<29:01:03, 84.37it/s]
  0%|          | 10884/8824065 [3:06:45<30:06:05, 81.33it/s]
  0%|          | 10894/8824065 [3:06:46<28:50:15, 84.89it/s]
  0%|          | 10894/8824065 [3:07:00<28:50:15, 84.89it/s]
  0%|          | 10901/8824065 [3:39:19<148391:56:46, 60.62s/it]
  0%|          | 10913/8824065 [3:39:19<96871:00:18, 39.57s/it] 
  0%|          | 10925/8824065 [3:39:19<64757:31:38, 26.45s/it]
  0%|          | 10936/8824065 [3:39:19<45160:53:32, 18.45s/it]
  0%|          | 10948/8824065 [3:39:19<30690:29:30, 12.54s/it]
  0%|          | 10960/8824065 [3:39:19<21056:55:14,  8.60s/it]
  0%|          | 10972/8824065 [3:39:19<14541:18:08,  5.94s/it]
  0%|          | 10984/8824065 [3:39:19<10087:11:59,  4.12s/it]
  0%|          | 10996/8824065 [3:39:19<7020:07:47,  2.87s/it] 
  0%|          | 10996/8824065 [3:39:30<7020:07:47,  2.87s/it]
  0%|          | 11001/8824065 [3:39:56<8687:49:43,  3.55s/it]
  0%|          | 11011/8824065 [3:39:56<6046:46:17,  2.47s/it]
  0%|          | 11023/8824065 [3:39:56<3978:30:58,  1.63s/it]
  0%|          | 11035/8824065 [3:39:56<2676:24:36,  1.09s/it]
  0%|          | 11047/8824065 [3:39:56<1827:21:59,  1.34it/s]
  0%|          | 11059/8824065 [3:39:57<1261:00:50,  1.94it/s]
  0%|          | 11071/8824065 [3:39:57<877:27:08,  2.79it/s] 
  0%|          | 11083/8824065 [3:39:57<614:57:44,  3.98it/s]
  0%|          | 11095/8824065 [3:39:57<434:04:31,  5.64it/s]
  0%|          | 11107/8824065 [3:39:57<308:56:47,  7.92it/s]
  0%|          | 11119/8824065 [3:39:57<221:59:13, 11.03it/s]
  0%|          | 11131/8824065 [3:39:57<161:21:26, 15.17it/s]
  0%|          | 11143/8824065 [3:39:57<119:05:09, 20.56it/s]
  0%|          | 11155/8824065 [3:39:57<89:36:03, 27.32it/s] 
  0%|          | 11167/8824065 [3:39:57<68:57:11, 35.50it/s]
  0%|          | 11179/8824065 [3:39:58<54:32:46, 44.88it/s]
  0%|          | 11191/8824065 [3:39:58<44:32:34, 54.96it/s]
  0%|          | 11203/8824065 [3:39:58<37:30:20, 65.27it/s]
  0%|          | 11215/8824065 [3:39:58<32:37:39, 75.03it/s]
  0%|          | 11227/8824065 [3:39:58<29:12:05, 83.83it/s]
  0%|          | 11239/8824065 [3:39:58<26:47:49, 91.35it/s]
  0%|          | 11251/8824065 [3:39:58<25:07:19, 97.44it/s]
  0%|          | 11263/8824065 [3:39:58<23:59:28, 102.04it/s]
  0%|          | 11275/8824065 [3:39:58<23:07:26, 105.86it/s]
  0%|          | 11287/8824065 [3:39:58<22:34:59, 108.40it/s]
  0%|          | 11299/8824065 [3:39:59<22:11:13, 110.33it/s]
  0%|          | 11311/8824065 [3:39:59<21:50:43, 112.06it/s]
  0%|          | 11323/8824065 [3:39:59<21:35:43, 113.36it/s]
  0%|          | 11335/8824065 [3:39:59<21:32:18, 113.66it/s]
  0%|          | 11347/8824065 [3:39:59<21:22:20, 114.54it/s]
  0%|          | 11359/8824065 [3:39:59<21:21:49, 114.59it/s]
  0%|          | 11371/8824065 [3:39:59<21:20:23, 114.71it/s]
  0%|          | 11383/8824065 [3:39:59<21:12:21, 115.44it/s]
  0%|          | 11395/8824065 [3:39:59<21:08:58, 115.74it/s]
  0%|          | 11407/8824065 [3:40:00<21:11:00, 115.56it/s]
  0%|          | 11419/8824065 [3:40:00<21:05:06, 116.10it/s]
  0%|          | 11431/8824065 [3:40:00<22:17:55, 109.78it/s]
  0%|          | 11443/8824065 [3:40:00<23:53:47, 102.44it/s]
  0%|          | 11454/8824065 [3:40:00<24:52:57, 98.38it/s] 
  0%|          | 11464/8824065 [3:40:00<25:48:07, 94.87it/s]
  0%|          | 11474/8824065 [3:40:00<26:10:34, 93.52it/s]
  0%|          | 11484/8824065 [3:40:00<27:22:59, 89.40it/s]
  0%|          | 11493/8824065 [3:40:00<27:58:35, 87.50it/s]
  0%|          | 11502/8824065 [3:40:01<28:10:03, 86.91it/s]
  0%|          | 11514/8824065 [3:40:01<25:45:00, 95.07it/s]
  0%|          | 11526/8824065 [3:40:01<24:17:48, 100.75it/s]
  0%|          | 11538/8824065 [3:40:01<23:14:20, 105.34it/s]
  0%|          | 11550/8824065 [3:40:01<22:37:09, 108.22it/s]
  0%|          | 11561/8824065 [3:40:01<23:07:51, 105.83it/s]
  0%|          | 11572/8824065 [3:40:01<24:32:02, 99.78it/s] 
  0%|          | 11584/8824065 [3:40:01<23:27:14, 104.37it/s]
  0%|          | 11596/8824065 [3:40:01<22:41:43, 107.86it/s]
  0%|          | 11608/8824065 [3:40:02<22:13:55, 110.11it/s]
  0%|          | 11620/8824065 [3:40:02<21:56:23, 111.57it/s]
  0%|          | 11632/8824065 [3:40:02<21:37:20, 113.21it/s]
  0%|          | 11644/8824065 [3:40:02<21:30:41, 113.79it/s]
  0%|          | 11656/8824065 [3:40:02<21:20:34, 114.69it/s]
  0%|          | 11668/8824065 [3:40:02<21:15:54, 115.11it/s]
  0%|          | 11680/8824065 [3:40:02<21:18:17, 114.90it/s]
  0%|          | 11692/8824065 [3:40:02<22:21:39, 109.47it/s]
  0%|          | 11704/8824065 [3:40:02<22:40:10, 107.98it/s]
  0%|          | 11716/8824065 [3:40:02<22:10:56, 110.35it/s]
  0%|          | 11728/8824065 [3:40:03<21:48:27, 112.25it/s]
  0%|          | 11740/8824065 [3:40:03<21:36:55, 113.25it/s]
  0%|          | 11752/8824065 [3:40:03<21:29:34, 113.89it/s]
  0%|          | 11764/8824065 [3:40:03<21:24:26, 114.35it/s]
  0%|          | 11776/8824065 [3:40:03<21:17:29, 114.97it/s]
  0%|          | 11788/8824065 [3:40:03<21:11:02, 115.55it/s]
  0%|          | 11800/8824065 [3:40:03<21:08:28, 115.79it/s]
  0%|          | 11812/8824065 [3:40:03<21:03:46, 116.22it/s]
  0%|          | 11824/8824065 [3:40:03<21:06:11, 115.99it/s]
  0%|          | 11836/8824065 [3:40:04<21:04:19, 116.16it/s]
  0%|          | 11848/8824065 [3:40:04<21:04:20, 116.16it/s]
  0%|          | 11860/8824065 [3:40:04<21:05:40, 116.04it/s]
  0%|          | 11872/8824065 [3:40:04<21:11:31, 115.51it/s]
  0%|          | 11884/8824065 [3:40:04<21:04:59, 116.10it/s]
  0%|          | 11896/8824065 [3:40:04<21:06:51, 115.93it/s]
  0%|          | 11908/8824065 [3:40:04<21:07:18, 115.89it/s]
  0%|          | 11920/8824065 [3:40:04<21:08:51, 115.75it/s]
  0%|          | 11932/8824065 [3:40:04<21:10:44, 115.58it/s]
  0%|          | 11944/8824065 [3:40:04<21:10:29, 115.60it/s]
  0%|          | 11956/8824065 [3:40:05<21:07:08, 115.91it/s]
  0%|          | 11968/8824065 [3:40:05<21:08:14, 115.80it/s]
  0%|          | 11980/8824065 [3:40:05<21:02:09, 116.36it/s]
  0%|          | 11992/8824065 [3:40:05<20:58:47, 116.67it/s]
  0%|          | 12004/8824065 [3:40:05<20:59:30, 116.61it/s]
  0%|          | 12016/8824065 [3:40:05<20:58:53, 116.66it/s]
  0%|          | 12028/8824065 [3:40:05<20:56:56, 116.85it/s]
  0%|          | 12040/8824065 [3:40:05<21:03:28, 116.24it/s]
  0%|          | 12052/8824065 [3:40:05<21:00:43, 116.49it/s]
  0%|          | 12064/8824065 [3:40:05<21:03:12, 116.26it/s]
  0%|          | 12076/8824065 [3:40:06<20:59:26, 116.61it/s]
  0%|          | 12088/8824065 [3:40:06<21:05:59, 116.01it/s]
  0%|          | 12100/8824065 [3:40:06<21:08:10, 115.81it/s]
  0%|          | 12112/8824065 [3:40:06<21:14:52, 115.20it/s]
  0%|          | 12125/8824065 [3:40:06<20:53:28, 117.17it/s]
  0%|          | 12137/8824065 [3:40:06<20:53:57, 117.12it/s]
  0%|          | 12149/8824065 [3:40:06<20:57:42, 116.77it/s]
  0%|          | 12161/8824065 [3:40:06<20:56:41, 116.87it/s]
  0%|          | 12173/8824065 [3:40:06<20:59:32, 116.60it/s]
  0%|          | 12185/8824065 [3:40:07<20:58:17, 116.72it/s]
  0%|          | 12197/8824065 [3:40:07<21:01:08, 116.45it/s]
  0%|          | 12209/8824065 [3:40:07<21:01:58, 116.38it/s]
  0%|          | 12221/8824065 [3:40:07<21:02:06, 116.36it/s]
  0%|          | 12233/8824065 [3:40:07<20:57:49, 116.76it/s]
  0%|          | 12245/8824065 [3:40:07<20:53:39, 117.15it/s]
  0%|          | 12257/8824065 [3:40:07<21:00:32, 116.51it/s]
  0%|          | 12269/8824065 [3:40:07<21:25:36, 114.24it/s]
  0%|          | 12281/8824065 [3:40:07<22:33:19, 108.52it/s]
  0%|          | 12293/8824065 [3:40:07<22:06:03, 110.75it/s]
  0%|          | 12305/8824065 [3:40:08<21:37:55, 113.15it/s]
  0%|          | 12317/8824065 [3:40:08<21:18:49, 114.84it/s]
  0%|          | 12329/8824065 [3:40:08<21:03:05, 116.27it/s]
  0%|          | 12341/8824065 [3:40:08<20:57:39, 116.77it/s]
  0%|          | 12353/8824065 [3:40:08<20:49:31, 117.53it/s]
  0%|          | 12365/8824065 [3:40:08<20:48:20, 117.65it/s]
  0%|          | 12377/8824065 [3:40:08<20:43:30, 118.10it/s]
  0%|          | 12389/8824065 [3:40:08<20:42:27, 118.20it/s]
  0%|          | 12402/8824065 [3:40:08<20:33:56, 119.02it/s]
  0%|          | 12414/8824065 [3:40:09<20:36:31, 118.77it/s]
  0%|          | 12426/8824065 [3:40:09<20:35:30, 118.87it/s]
  0%|          | 12438/8824065 [3:40:09<20:32:32, 119.15it/s]
  0%|          | 12450/8824065 [3:40:09<20:34:27, 118.97it/s]
  0%|          | 12462/8824065 [3:40:09<20:31:48, 119.22it/s]
  0%|          | 12474/8824065 [3:40:09<20:32:19, 119.17it/s]
  0%|          | 12486/8824065 [3:40:09<20:35:29, 118.87it/s]
  0%|          | 12498/8824065 [3:40:09<20:33:04, 119.10it/s]
  0%|          | 12510/8824065 [3:40:09<20:34:51, 118.93it/s]
  0%|          | 12522/8824065 [3:40:09<20:35:17, 118.89it/s]
  0%|          | 12534/8824065 [3:40:10<20:32:55, 119.11it/s]
  0%|          | 12546/8824065 [3:40:10<20:35:09, 118.90it/s]
  0%|          | 12558/8824065 [3:40:10<20:34:18, 118.98it/s]
  0%|          | 12570/8824065 [3:40:10<20:35:16, 118.89it/s]
  0%|          | 12582/8824065 [3:40:10<20:32:13, 119.18it/s]
  0%|          | 12594/8824065 [3:40:10<20:52:24, 117.26it/s]
  0%|          | 12606/8824065 [3:40:10<20:55:52, 116.94it/s]
  0%|          | 12618/8824065 [3:40:10<20:54:58, 117.02it/s]
  0%|          | 12630/8824065 [3:40:10<21:01:50, 116.38it/s]
  0%|          | 12642/8824065 [3:40:10<21:22:37, 114.50it/s]
  0%|          | 12654/8824065 [3:40:11<21:50:20, 112.08it/s]
  0%|          | 12666/8824065 [3:40:11<21:37:08, 113.22it/s]
  0%|          | 12678/8824065 [3:40:11<21:23:56, 114.38it/s]
  0%|          | 12690/8824065 [3:40:11<21:13:55, 115.28it/s]
  0%|          | 12702/8824065 [3:40:11<21:04:59, 116.09it/s]
  0%|          | 12714/8824065 [3:40:11<22:13:24, 110.14it/s]
  0%|          | 12726/8824065 [3:40:11<22:56:22, 106.70it/s]
  0%|          | 12738/8824065 [3:40:11<22:15:38, 109.95it/s]
  0%|          | 12750/8824065 [3:40:11<21:47:55, 112.28it/s]
  0%|          | 12762/8824065 [3:40:12<21:26:32, 114.15it/s]
  0%|          | 12774/8824065 [3:40:12<21:14:19, 115.24it/s]
  0%|          | 12786/8824065 [3:40:12<21:12:41, 115.39it/s]
  0%|          | 12798/8824065 [3:40:12<21:03:50, 116.20it/s]
  0%|          | 12811/8824065 [3:40:12<20:26:22, 119.75it/s]
  0%|          | 12823/8824065 [3:40:12<20:30:50, 119.31it/s]
  0%|          | 12835/8824065 [3:40:12<20:33:29, 119.06it/s]
  0%|          | 12847/8824065 [3:40:12<22:21:27, 109.47it/s]
  0%|          | 12859/8824065 [3:40:12<24:30:06, 99.89it/s] 
  0%|          | 12870/8824065 [3:40:13<26:15:50, 93.19it/s]
  0%|          | 12880/8824065 [3:40:13<25:59:44, 94.15it/s]
  0%|          | 12892/8824065 [3:40:13<24:18:19, 100.70it/s]
  0%|          | 12904/8824065 [3:40:13<23:10:54, 105.58it/s]
  0%|          | 12916/8824065 [3:40:13<22:25:51, 109.11it/s]
  0%|          | 12928/8824065 [3:40:13<21:53:01, 111.84it/s]
  0%|          | 12940/8824065 [3:40:13<21:34:22, 113.45it/s]
  0%|          | 12952/8824065 [3:40:13<21:21:21, 114.61it/s]
  0%|          | 12964/8824065 [3:40:13<21:11:06, 115.53it/s]
  0%|          | 12976/8824065 [3:40:13<21:02:28, 116.32it/s]
  0%|          | 12988/8824065 [3:40:14<20:58:26, 116.69it/s]
  0%|          | 13000/8824065 [3:40:14<22:38:46, 108.08it/s]
  0%|          | 13011/8824065 [3:40:14<22:59:05, 106.48it/s]
  0%|          | 13023/8824065 [3:40:14<22:24:35, 109.22it/s]
  0%|          | 13035/8824065 [3:40:14<21:57:04, 111.50it/s]
  0%|          | 13047/8824065 [3:40:14<21:32:06, 113.65it/s]
  0%|          | 13059/8824065 [3:40:14<21:23:17, 114.43it/s]
  0%|          | 13071/8824065 [3:40:14<22:49:17, 107.24it/s]
  0%|          | 13082/8824065 [3:40:14<23:15:22, 105.24it/s]
  0%|          | 13094/8824065 [3:40:15<22:34:45, 108.39it/s]
  0%|          | 13106/8824065 [3:40:15<22:02:57, 111.00it/s]
  0%|          | 13118/8824065 [3:40:15<21:38:00, 113.13it/s]
  0%|          | 13130/8824065 [3:40:15<21:30:08, 113.82it/s]
  0%|          | 13142/8824065 [3:40:15<21:19:27, 114.77it/s]
  0%|          | 13154/8824065 [3:40:15<21:07:28, 115.86it/s]
  0%|          | 13166/8824065 [3:40:15<21:05:58, 116.00it/s]
  0%|          | 13178/8824065 [3:40:15<20:56:31, 116.87it/s]
  0%|          | 13190/8824065 [3:40:15<20:52:49, 117.21it/s]
  0%|          | 13202/8824065 [3:40:15<22:54:01, 106.87it/s]
  0%|          | 13213/8824065 [3:40:16<25:17:18, 96.78it/s] 
  0%|          | 13223/8824065 [3:40:16<26:37:49, 91.90it/s]
  0%|          | 13233/8824065 [3:40:16<27:43:17, 88.29it/s]
  0%|          | 13242/8824065 [3:40:16<28:51:46, 84.80it/s]
  0%|          | 13251/8824065 [3:40:16<29:39:43, 82.51it/s]
  0%|          | 13260/8824065 [3:40:16<30:19:52, 80.69it/s]
  0%|          | 13269/8824065 [3:40:16<30:33:49, 80.08it/s]
  0%|          | 13278/8824065 [3:40:16<30:14:38, 80.92it/s]
  0%|          | 13287/8824065 [3:40:17<30:15:22, 80.89it/s]
  0%|          | 13296/8824065 [3:40:17<30:17:58, 80.77it/s]
  0%|          | 13306/8824065 [3:40:17<29:24:20, 83.23it/s]
  0%|          | 13315/8824065 [3:40:17<29:52:20, 81.93it/s]
  0%|          | 13324/8824065 [3:40:17<29:41:58, 82.41it/s]
  0%|          | 13336/8824065 [3:40:17<26:23:22, 92.74it/s]
  0%|          | 13348/8824065 [3:40:17<24:27:38, 100.06it/s]
  0%|          | 13360/8824065 [3:40:17<23:22:31, 104.70it/s]
  0%|          | 13372/8824065 [3:40:17<22:31:45, 108.63it/s]
  0%|          | 13384/8824065 [3:40:18<22:17:32, 109.79it/s]
  0%|          | 13396/8824065 [3:40:18<24:18:03, 100.71it/s]
  0%|          | 13408/8824065 [3:40:18<23:18:27, 105.00it/s]
  0%|          | 13420/8824065 [3:40:18<22:33:46, 108.47it/s]
  0%|          | 13432/8824065 [3:40:18<22:03:19, 110.97it/s]
  0%|          | 13444/8824065 [3:40:18<21:44:40, 112.55it/s]
  0%|          | 13456/8824065 [3:40:18<21:26:58, 114.10it/s]
  0%|          | 13468/8824065 [3:40:18<21:12:48, 115.37it/s]
  0%|          | 13480/8824065 [3:40:18<21:05:33, 116.03it/s]
  0%|          | 13492/8824065 [3:40:18<21:00:16, 116.52it/s]
  0%|          | 13504/8824065 [3:40:19<20:57:15, 116.80it/s]
  0%|          | 13516/8824065 [3:40:19<21:34:36, 113.43it/s]
  0%|          | 13528/8824065 [3:40:19<23:54:20, 102.38it/s]
  0%|          | 13539/8824065 [3:40:19<26:01:09, 94.06it/s] 
  0%|          | 13549/8824065 [3:40:19<27:11:58, 89.98it/s]
  0%|          | 13559/8824065 [3:40:19<26:58:24, 90.73it/s]
  0%|          | 13571/8824065 [3:40:19<24:56:54, 98.10it/s]
  0%|          | 13583/8824065 [3:40:19<23:36:21, 103.68it/s]
  0%|          | 13595/8824065 [3:40:20<22:50:03, 107.18it/s]
  0%|          | 13607/8824065 [3:40:20<22:09:59, 110.41it/s]
  0%|          | 13619/8824065 [3:40:20<22:54:24, 106.84it/s]
  0%|          | 13630/8824065 [3:40:20<23:46:07, 102.96it/s]
  0%|          | 13642/8824065 [3:40:20<22:54:10, 106.86it/s]
  0%|          | 13654/8824065 [3:40:20<22:16:39, 109.86it/s]
  0%|          | 13666/8824065 [3:40:20<21:51:01, 112.00it/s]
  0%|          | 13678/8824065 [3:40:20<21:30:43, 113.77it/s]
  0%|          | 13690/8824065 [3:40:20<21:12:27, 115.40it/s]
  0%|          | 13702/8824065 [3:40:20<21:01:01, 116.44it/s]
  0%|          | 13714/8824065 [3:40:21<20:56:52, 116.83it/s]
  0%|          | 13726/8824065 [3:40:21<20:55:06, 116.99it/s]
  0%|          | 13738/8824065 [3:40:21<20:53:32, 117.14it/s]
  0%|          | 13750/8824065 [3:40:21<22:09:15, 110.47it/s]
  0%|          | 13762/8824065 [3:40:21<23:00:38, 106.36it/s]
  0%|          | 13774/8824065 [3:40:21<22:20:22, 109.55it/s]
  0%|          | 13786/8824065 [3:40:21<21:59:09, 111.31it/s]
  0%|          | 13798/8824065 [3:40:21<21:37:51, 113.14it/s]
  0%|          | 13810/8824065 [3:40:21<21:26:34, 114.13it/s]
  0%|          | 13822/8824065 [3:40:22<21:16:11, 115.06it/s]
  0%|          | 13834/8824065 [3:40:22<21:09:11, 115.69it/s]
  0%|          | 13846/8824065 [3:40:22<21:02:19, 116.32it/s]
  0%|          | 13858/8824065 [3:40:22<21:00:25, 116.50it/s]
  0%|          | 13870/8824065 [3:40:22<20:58:06, 116.71it/s]
  0%|          | 13882/8824065 [3:40:22<20:54:59, 117.00it/s]
  0%|          | 13894/8824065 [3:40:22<20:49:49, 117.48it/s]
  0%|          | 13894/8824065 [3:40:40<20:49:49, 117.48it/s]
  0%|          | 13901/8824065 [4:10:35<126741:31:30, 51.79s/it]
  0%|          | 13914/8824065 [4:10:35<82810:40:24, 33.84s/it] 
  0%|          | 13927/8824065 [4:10:35<55389:37:14, 22.63s/it]
  0%|          | 13939/8824065 [4:10:35<38557:50:57, 15.76s/it]
  0%|          | 13951/8824065 [4:10:35<26889:31:05, 10.99s/it]
  0%|          | 13963/8824065 [4:10:35<18776:36:48,  7.67s/it]
  0%|          | 13975/8824065 [4:10:35<13124:23:59,  5.36s/it]
  0%|          | 13987/8824065 [4:10:35<9180:46:46,  3.75s/it] 
  0%|          | 13999/8824065 [4:10:35<6426:39:26,  2.63s/it]
  0%|          | 13999/8824065 [4:10:50<6426:39:26,  2.63s/it]
  0%|          | 14001/8824065 [4:19:54<51675:54:23, 21.12s/it]
  0%|          | 14013/8824065 [4:19:54<32867:38:32, 13.43s/it]
  0%|          | 14025/8824065 [4:19:54<21628:21:56,  8.84s/it]
  0%|          | 14037/8824065 [4:19:54<14534:04:01,  5.94s/it]
  0%|          | 14049/8824065 [4:19:55<9903:36:46,  4.05s/it] 
  0%|          | 14060/8824065 [4:19:55<6994:47:48,  2.86s/it]
  0%|          | 14070/8824065 [4:19:55<5068:32:39,  2.07s/it]
  0%|          | 14079/8824065 [4:19:55<3745:11:54,  1.53s/it]
  0%|          | 14091/8824065 [4:19:55<2503:38:58,  1.02s/it]
  0%|          | 14091/8824065 [4:20:10<2503:38:58,  1.02s/it]
  0%|          | 14101/8824065 [4:20:37<4680:45:30,  1.91s/it]
  0%|          | 14113/8824065 [4:20:37<3154:33:29,  1.29s/it]
  0%|          | 14125/8824065 [4:20:37<2155:40:08,  1.14it/s]
  0%|          | 14137/8824065 [4:20:37<1487:51:23,  1.64it/s]
  0%|          | 14149/8824065 [4:20:37<1034:42:03,  2.37it/s]
  0%|          | 14161/8824065 [4:20:37<724:17:06,  3.38it/s] 
  0%|          | 14173/8824065 [4:20:37<510:22:26,  4.79it/s]
  0%|          | 14185/8824065 [4:20:37<363:10:04,  6.74it/s]
  0%|          | 14196/8824065 [4:20:38<267:17:49,  9.16it/s]
  0%|          | 14196/8824065 [4:20:50<267:17:49,  9.16it/s]
  0%|          | 14201/8824065 [4:21:49<5652:11:47,  2.31s/it]
  0%|          | 14213/8824065 [4:21:49<3691:58:04,  1.51s/it]
  0%|          | 14225/8824065 [4:21:49<2472:41:38,  1.01s/it]
  0%|          | 14237/8824065 [4:21:49<1683:35:31,  1.45it/s]
  0%|          | 14249/8824065 [4:21:49<1159:53:37,  2.11it/s]
  0%|          | 14261/8824065 [4:21:49<806:24:01,  3.03it/s] 
  0%|          | 14273/8824065 [4:21:49<565:07:54,  4.33it/s]
  0%|          | 14285/8824065 [4:21:49<399:02:10,  6.13it/s]
  0%|          | 14298/8824065 [4:21:50<277:35:50,  8.82it/s]
  0%|          | 14298/8824065 [4:22:00<277:35:50,  8.82it/s]
  0%|          | 14301/8824065 [4:22:32<3574:17:33,  1.46s/it]
  0%|          | 14308/8824065 [4:22:32<2719:17:29,  1.11s/it]
  0%|          | 14319/8824065 [4:22:32<1775:07:47,  1.38it/s]
  0%|          | 14329/8824065 [4:22:33<1229:42:28,  1.99it/s]
  0%|          | 14338/8824065 [4:22:33<886:51:10,  2.76it/s] 
  0%|          | 14347/8824065 [4:22:33<639:13:53,  3.83it/s]
  0%|          | 14355/8824065 [4:22:33<477:27:50,  5.13it/s]
  0%|          | 14363/8824065 [4:22:33<356:14:48,  6.87it/s]
  0%|          | 14370/8824065 [4:22:33<274:26:05,  8.92it/s]
  0%|          | 14377/8824065 [4:22:33<210:07:38, 11.65it/s]
  0%|          | 14389/8824065 [4:22:33<135:01:18, 18.12it/s]
  0%|          | 14389/8824065 [4:22:50<135:01:18, 18.12it/s]
  0%|          | 14401/8824065 [4:25:37<13660:34:39,  5.58s/it]
  0%|          | 14413/8824065 [4:25:37<9009:56:34,  3.68s/it] 
  0%|          | 14425/8824065 [4:25:37<6065:40:23,  2.48s/it]
  0%|          | 14437/8824065 [4:25:38<4138:45:24,  1.69s/it]
  0%|          | 14449/8824065 [4:25:38<2850:26:48,  1.16s/it]
  0%|          | 14461/8824065 [4:25:38<1976:37:37,  1.24it/s]
  0%|          | 14473/8824065 [4:25:38<1377:47:40,  1.78it/s]
  0%|          | 14485/8824065 [4:25:38<964:51:30,  2.54it/s] 
  0%|          | 14497/8824065 [4:25:38<681:27:42,  3.59it/s]
  0%|          | 14508/8824065 [4:25:38<501:12:45,  4.88it/s]
  0%|          | 14517/8824065 [4:25:38<385:00:02,  6.36it/s]
  0%|          | 14526/8824065 [4:25:39<295:08:23,  8.29it/s]
  0%|          | 14534/8824065 [4:25:39<231:41:37, 10.56it/s]
  0%|          | 14542/8824065 [4:25:39<182:13:49, 13.43it/s]
  0%|          | 14549/8824065 [4:25:39<147:14:45, 16.62it/s]
  0%|          | 14556/8824065 [4:25:39<119:27:24, 20.49it/s]
  0%|          | 14563/8824065 [4:25:39<97:44:52, 25.03it/s] 
  0%|          | 14570/8824065 [4:25:39<80:43:40, 30.31it/s]
  0%|          | 14577/8824065 [4:25:39<71:29:59, 34.22it/s]
  0%|          | 14583/8824065 [4:25:40<63:43:35, 38.40it/s]
  0%|          | 14592/8824065 [4:25:40<50:46:42, 48.19it/s]
  0%|          | 14604/8824065 [4:25:40<38:46:47, 63.10it/s]
  0%|          | 14614/8824065 [4:25:40<34:13:51, 71.49it/s]
  0%|          | 14626/8824065 [4:25:40<29:30:58, 82.91it/s]
  0%|          | 14638/8824065 [4:25:40<26:34:13, 92.10it/s]
  0%|          | 14649/8824065 [4:25:40<26:12:37, 93.36it/s]
  0%|          | 14660/8824065 [4:25:40<26:52:08, 91.07it/s]
  0%|          | 14672/8824065 [4:25:40<24:54:31, 98.24it/s]
  0%|          | 14684/8824065 [4:25:41<23:39:55, 103.40it/s]
  0%|          | 14696/8824065 [4:25:41<22:49:20, 107.22it/s]
  0%|          | 14708/8824065 [4:25:41<22:19:36, 109.60it/s]
  0%|          | 14720/8824065 [4:25:41<21:52:44, 111.84it/s]
  0%|          | 14732/8824065 [4:25:41<21:40:19, 112.91it/s]
  0%|          | 14744/8824065 [4:25:41<21:24:55, 114.26it/s]
  0%|          | 14756/8824065 [4:25:41<21:13:16, 115.31it/s]
  0%|          | 14768/8824065 [4:25:41<21:09:58, 115.61it/s]
  0%|          | 14780/8824065 [4:25:41<25:54:00, 94.48it/s] 
  0%|          | 14791/8824065 [4:25:42<30:04:10, 81.38it/s]
  0%|          | 14800/8824065 [4:25:42<32:23:21, 75.55it/s]
  0%|          | 14809/8824065 [4:25:42<34:17:45, 71.35it/s]
  0%|          | 14817/8824065 [4:25:42<35:26:34, 69.04it/s]
  0%|          | 14825/8824065 [4:25:42<35:59:35, 67.99it/s]
  0%|          | 14832/8824065 [4:25:42<35:51:31, 68.24it/s]
  0%|          | 14840/8824065 [4:25:42<35:18:27, 69.31it/s]
  0%|          | 14848/8824065 [4:25:42<34:57:49, 69.99it/s]
  0%|          | 14857/8824065 [4:25:43<32:44:35, 74.73it/s]
  0%|          | 14869/8824065 [4:25:43<28:20:22, 86.35it/s]
  0%|          | 14881/8824065 [4:25:43<25:37:06, 95.52it/s]
  0%|          | 14893/8824065 [4:25:43<23:56:13, 102.23it/s]
  0%|          | 14905/8824065 [4:25:43<22:56:35, 106.65it/s]
  0%|          | 14918/8824065 [4:25:43<22:03:50, 110.90it/s]
  0%|          | 14930/8824065 [4:25:43<21:34:31, 113.42it/s]
  0%|          | 14942/8824065 [4:25:43<21:17:40, 114.91it/s]
  0%|          | 14954/8824065 [4:25:43<21:02:19, 116.31it/s]
  0%|          | 14966/8824065 [4:25:43<21:07:42, 115.81it/s]
  0%|          | 14978/8824065 [4:25:44<22:59:48, 106.40it/s]
  0%|          | 14989/8824065 [4:25:44<24:35:30, 99.50it/s] 
  0%|          | 14989/8824065 [4:26:00<24:35:30, 99.50it/s]
  0%|          | 15001/8824065 [4:27:08<5302:32:54,  2.17s/it]
  0%|          | 15013/8824065 [4:27:09<3696:22:34,  1.51s/it]
  0%|          | 15025/8824065 [4:27:09<2583:19:35,  1.06s/it]
  0%|          | 15037/8824065 [4:27:09<1809:33:35,  1.35it/s]
  0%|          | 15049/8824065 [4:27:09<1270:36:31,  1.93it/s]
  0%|          | 15061/8824065 [4:27:09<894:35:29,  2.74it/s] 
  0%|          | 15073/8824065 [4:27:09<632:04:28,  3.87it/s]
  0%|          | 15085/8824065 [4:27:09<448:35:54,  5.45it/s]
  0%|          | 15097/8824065 [4:27:09<320:17:03,  7.64it/s]
  0%|          | 15109/8824065 [4:27:09<230:32:08, 10.61it/s]
  0%|          | 15121/8824065 [4:27:10<167:48:35, 14.58it/s]
  0%|          | 15133/8824065 [4:27:10<123:52:14, 19.75it/s]
  0%|          | 15145/8824065 [4:27:10<93:06:38, 26.28it/s] 
  0%|          | 15157/8824065 [4:27:10<71:47:54, 34.08it/s]
  0%|          | 15169/8824065 [4:27:10<56:45:57, 43.11it/s]
  0%|          | 15181/8824065 [4:27:10<46:03:58, 53.12it/s]
  0%|          | 15193/8824065 [4:27:10<38:35:10, 63.41it/s]
  0%|          | 15205/8824065 [4:27:10<33:16:44, 73.53it/s]
  0%|          | 15217/8824065 [4:27:10<29:38:46, 82.54it/s]
  0%|          | 15229/8824065 [4:27:10<27:04:53, 90.35it/s]
  0%|          | 15241/8824065 [4:27:11<25:15:16, 96.89it/s]
  0%|          | 15253/8824065 [4:27:11<23:58:07, 102.09it/s]
  0%|          | 15265/8824065 [4:27:11<23:06:52, 105.86it/s]
  0%|          | 15277/8824065 [4:27:11<22:31:32, 108.63it/s]
  0%|          | 15289/8824065 [4:27:11<22:01:55, 111.06it/s]
  0%|          | 15301/8824065 [4:27:11<21:48:07, 112.23it/s]
  0%|          | 15313/8824065 [4:27:11<21:29:21, 113.87it/s]
  0%|          | 15325/8824065 [4:27:11<21:22:28, 114.48it/s]
  0%|          | 15337/8824065 [4:27:11<21:16:17, 115.03it/s]
  0%|          | 15349/8824065 [4:27:11<21:07:41, 115.81it/s]
  0%|          | 15361/8824065 [4:27:12<21:09:00, 115.69it/s]
  0%|          | 15373/8824065 [4:27:12<21:05:52, 115.98it/s]
  0%|          | 15385/8824065 [4:27:12<21:08:10, 115.77it/s]
  0%|          | 15397/8824065 [4:27:12<21:06:18, 115.94it/s]
  0%|          | 15409/8824065 [4:27:12<21:09:20, 115.66it/s]
  0%|          | 15421/8824065 [4:27:12<21:08:28, 115.74it/s]
  0%|          | 15433/8824065 [4:27:12<21:04:27, 116.11it/s]
  0%|          | 15445/8824065 [4:27:12<21:07:51, 115.79it/s]
  0%|          | 15457/8824065 [4:27:12<21:11:26, 115.47it/s]
  0%|          | 15469/8824065 [4:27:13<21:15:11, 115.13it/s]
  0%|          | 15481/8824065 [4:27:13<21:20:58, 114.61it/s]
  0%|          | 15493/8824065 [4:27:13<21:08:46, 115.71it/s]
  0%|          | 15506/8824065 [4:27:13<20:56:39, 116.82it/s]
  0%|          | 15518/8824065 [4:27:13<20:51:46, 117.28it/s]
  0%|          | 15530/8824065 [4:27:13<20:47:09, 117.71it/s]
  0%|          | 15542/8824065 [4:27:13<20:45:03, 117.91it/s]
  0%|          | 15554/8824065 [4:27:13<20:43:14, 118.08it/s]
  0%|          | 15566/8824065 [4:27:13<20:45:55, 117.83it/s]
  0%|          | 15578/8824065 [4:27:13<20:41:16, 118.27it/s]
  0%|          | 15590/8824065 [4:27:14<20:41:38, 118.24it/s]
  0%|          | 15602/8824065 [4:27:14<20:39:07, 118.48it/s]
  0%|          | 15614/8824065 [4:27:14<20:39:26, 118.45it/s]
  0%|          | 15626/8824065 [4:27:14<20:38:45, 118.51it/s]
  0%|          | 15638/8824065 [4:27:14<20:39:26, 118.45it/s]
  0%|          | 15650/8824065 [4:27:14<20:39:21, 118.45it/s]
  0%|          | 15662/8824065 [4:27:14<20:39:11, 118.47it/s]
  0%|          | 15674/8824065 [4:27:14<20:38:35, 118.53it/s]
  0%|          | 15686/8824065 [4:27:14<20:39:13, 118.47it/s]
  0%|          | 15698/8824065 [4:27:14<20:44:16, 117.98it/s]
  0%|          | 15710/8824065 [4:27:15<20:41:54, 118.21it/s]
  0%|          | 15722/8824065 [4:27:15<20:45:14, 117.89it/s]
  0%|          | 15734/8824065 [4:27:15<20:39:04, 118.48it/s]
  0%|          | 15746/8824065 [4:27:15<20:40:42, 118.32it/s]
  0%|          | 15758/8824065 [4:27:15<20:36:11, 118.76it/s]
  0%|          | 15770/8824065 [4:27:15<20:35:19, 118.84it/s]
  0%|          | 15782/8824065 [4:27:15<20:34:21, 118.93it/s]
  0%|          | 15795/8824065 [4:27:15<20:29:53, 119.36it/s]
  0%|          | 15807/8824065 [4:27:15<20:30:30, 119.30it/s]
  0%|          | 15819/8824065 [4:27:15<20:29:39, 119.39it/s]
  0%|          | 15831/8824065 [4:27:16<20:29:20, 119.42it/s]
  0%|          | 15843/8824065 [4:27:16<20:31:32, 119.20it/s]
  0%|          | 15855/8824065 [4:27:16<20:30:08, 119.34it/s]
  0%|          | 15867/8824065 [4:27:16<20:29:35, 119.39it/s]
  0%|          | 15879/8824065 [4:27:16<20:30:55, 119.26it/s]
  0%|          | 15891/8824065 [4:27:16<20:30:34, 119.30it/s]
  0%|          | 15891/8824065 [4:27:30<20:30:34, 119.30it/s]
  0%|          | 15901/8824065 [4:42:27<58618:22:39, 23.96s/it]
  0%|          | 15913/8824065 [4:42:27<40414:42:39, 16.52s/it]
  0%|          | 15925/8824065 [4:42:27<27998:23:05, 11.44s/it]
  0%|          | 15937/8824065 [4:42:28<19461:32:25,  7.95s/it]
  0%|          | 15950/8824065 [4:42:28<13225:41:05,  5.41s/it]
  0%|          | 15962/8824065 [4:42:28<9300:27:58,  3.80s/it] 
  0%|          | 15974/8824065 [4:42:28<6534:28:28,  2.67s/it]
  0%|          | 15986/8824065 [4:42:28<4589:10:06,  1.88s/it]
  0%|          | 15998/8824065 [4:42:28<3222:53:01,  1.32s/it]
  0%|          | 15998/8824065 [4:42:40<3222:53:01,  1.32s/it]
  0%|          | 16001/8824065 [5:12:10<143136:51:39, 58.50s/it]
  0%|          | 16008/8824065 [5:12:10<108310:05:48, 44.27s/it]
  0%|          | 16019/8824065 [5:12:10<70054:46:28, 28.63s/it] 
  0%|          | 16029/8824065 [5:12:10<48029:54:04, 19.63s/it]
  0%|          | 16038/8824065 [5:12:10<34207:53:10, 13.98s/it]
  0%|          | 16047/8824065 [5:12:10<24246:16:18,  9.91s/it]
  0%|          | 16056/8824065 [5:12:11<17127:15:35,  7.00s/it]
  0%|          | 16065/8824065 [5:12:11<12069:56:02,  4.93s/it]
  0%|          | 16074/8824065 [5:12:11<8494:18:24,  3.47s/it] 
  0%|          | 16083/8824065 [5:12:11<5973:16:59,  2.44s/it]
  0%|          | 16092/8824065 [5:12:11<4199:56:29,  1.72s/it]
  0%|          | 16092/8824065 [5:12:30<4199:56:29,  1.72s/it]
  0%|          | 16101/8824065 [5:16:47<25387:23:30, 10.38s/it]
  0%|          | 16110/8824065 [5:16:47<17798:11:25,  7.27s/it]
  0%|          | 16122/8824065 [5:16:47<11343:39:37,  4.64s/it]
  0%|          | 16132/8824065 [5:16:47<7930:23:15,  3.24s/it] 
  0%|          | 16143/8824065 [5:16:48<5387:01:12,  2.20s/it]
  0%|          | 16154/8824065 [5:16:48<3697:52:40,  1.51s/it]
  0%|          | 16166/8824065 [5:16:48<2487:39:06,  1.02s/it]
  0%|          | 16178/8824065 [5:16:48<1698:51:29,  1.44it/s]
  0%|          | 16189/8824065 [5:16:48<1204:00:16,  2.03it/s]
  0%|          | 16189/8824065 [5:17:00<1204:00:16,  2.03it/s]
  0%|          | 16201/8824065 [5:17:16<2626:27:48,  1.07s/it]
  0%|          | 16208/8824065 [5:17:16<2087:37:34,  1.17it/s]
  0%|          | 16218/8824065 [5:17:16<1477:03:59,  1.66it/s]
  0%|          | 16227/8824065 [5:17:16<1078:55:11,  2.27it/s]
  0%|          | 16235/8824065 [5:17:17<807:42:02,  3.03it/s] 
  0%|          | 16243/8824065 [5:17:17<599:22:38,  4.08it/s]
  0%|          | 16251/8824065 [5:17:17<441:01:04,  5.55it/s]
  0%|          | 16263/8824065 [5:17:17<283:55:13,  8.62it/s]
  0%|          | 16275/8824065 [5:17:17<192:23:54, 12.72it/s]
  0%|          | 16287/8824065 [5:17:17<135:33:50, 18.05it/s]
  0%|          | 16299/8824065 [5:17:17<98:43:01, 24.78it/s] 
  0%|          | 16311/8824065 [5:17:17<74:45:57, 32.72it/s]
  0%|          | 16322/8824065 [5:17:17<61:25:07, 39.83it/s]
  0%|          | 16334/8824065 [5:17:18<48:46:32, 50.16it/s]
  0%|          | 16346/8824065 [5:17:18<40:11:27, 60.87it/s]
  0%|          | 16358/8824065 [5:17:18<34:22:13, 71.18it/s]
  0%|          | 16370/8824065 [5:17:18<30:27:20, 80.33it/s]
  0%|          | 16382/8824065 [5:17:18<28:18:13, 86.44it/s]
  0%|          | 16393/8824065 [5:17:18<29:08:11, 83.97it/s]
  0%|          | 16405/8824065 [5:17:18<26:45:31, 91.43it/s]
  0%|          | 16417/8824065 [5:17:18<25:08:12, 97.33it/s]
  0%|          | 16429/8824065 [5:17:18<23:58:23, 102.05it/s]
  0%|          | 16441/8824065 [5:17:19<23:03:26, 106.11it/s]
  0%|          | 16453/8824065 [5:17:19<22:29:16, 108.79it/s]
  0%|          | 16465/8824065 [5:17:19<22:01:53, 111.05it/s]
  0%|          | 16477/8824065 [5:17:19<22:51:52, 107.00it/s]
  0%|          | 16489/8824065 [5:17:19<22:22:25, 109.35it/s]
  0%|          | 16501/8824065 [5:17:19<21:56:24, 111.51it/s]
  0%|          | 16513/8824065 [5:17:19<21:37:07, 113.17it/s]
  0%|          | 16525/8824065 [5:17:19<21:30:18, 113.77it/s]
  0%|          | 16537/8824065 [5:17:19<21:39:32, 112.96it/s]
  0%|          | 16549/8824065 [5:17:19<21:21:14, 114.57it/s]
  0%|          | 16561/8824065 [5:17:20<21:07:13, 115.84it/s]
  0%|          | 16573/8824065 [5:17:20<20:59:11, 116.58it/s]
  0%|          | 16585/8824065 [5:17:20<20:54:01, 117.06it/s]
  0%|          | 16597/8824065 [5:17:20<21:02:19, 116.29it/s]
  0%|          | 16609/8824065 [5:17:20<20:52:01, 117.24it/s]
  0%|          | 16621/8824065 [5:17:20<20:45:48, 117.83it/s]
  0%|          | 16633/8824065 [5:17:20<20:46:06, 117.80it/s]
  0%|          | 16645/8824065 [5:17:20<20:41:40, 118.22it/s]
  0%|          | 16657/8824065 [5:17:20<20:38:16, 118.54it/s]
  0%|          | 16669/8824065 [5:17:20<20:40:52, 118.30it/s]
  0%|          | 16681/8824065 [5:17:21<20:41:01, 118.28it/s]
  0%|          | 16693/8824065 [5:17:21<20:38:25, 118.53it/s]
  0%|          | 16705/8824065 [5:17:21<20:39:32, 118.42it/s]
  0%|          | 16717/8824065 [5:17:21<21:59:13, 111.27it/s]
  0%|          | 16729/8824065 [5:17:21<21:40:10, 112.90it/s]
  0%|          | 16741/8824065 [5:17:21<21:54:43, 111.65it/s]
  0%|          | 16753/8824065 [5:17:21<23:44:41, 103.03it/s]
  0%|          | 16765/8824065 [5:17:21<22:52:47, 106.93it/s]
  0%|          | 16777/8824065 [5:17:21<22:17:41, 109.73it/s]
  0%|          | 16789/8824065 [5:17:22<21:55:45, 111.56it/s]
  0%|          | 16801/8824065 [5:17:22<21:44:19, 112.54it/s]
  0%|          | 16813/8824065 [5:17:22<21:27:30, 114.01it/s]
  0%|          | 16825/8824065 [5:17:22<21:18:14, 114.84it/s]
  0%|          | 16837/8824065 [5:17:22<21:12:01, 115.40it/s]
  0%|          | 16849/8824065 [5:17:22<21:05:55, 115.95it/s]
  0%|          | 16861/8824065 [5:17:22<21:04:31, 116.08it/s]
  0%|          | 16873/8824065 [5:17:22<21:04:28, 116.08it/s]
  0%|          | 16885/8824065 [5:17:22<21:00:23, 116.46it/s]
  0%|          | 16897/8824065 [5:17:23<20:56:49, 116.79it/s]
  0%|          | 16909/8824065 [5:17:23<20:59:34, 116.54it/s]
  0%|          | 16921/8824065 [5:17:23<20:59:30, 116.54it/s]
  0%|          | 16933/8824065 [5:17:23<20:55:50, 116.88it/s]
  0%|          | 16945/8824065 [5:17:23<20:58:18, 116.65it/s]
  0%|          | 16957/8824065 [5:17:23<20:54:05, 117.04it/s]
  0%|          | 16969/8824065 [5:17:23<20:54:11, 117.04it/s]
  0%|          | 16981/8824065 [5:17:23<20:54:48, 116.98it/s]
  0%|          | 16993/8824065 [5:17:23<20:51:03, 117.33it/s]
  0%|          | 17005/8824065 [5:17:23<20:48:58, 117.52it/s]
  0%|          | 17017/8824065 [5:17:24<20:52:49, 117.16it/s]
  0%|          | 17029/8824065 [5:17:24<20:52:21, 117.21it/s]
  0%|          | 17041/8824065 [5:17:24<20:54:45, 116.98it/s]
  0%|          | 17053/8824065 [5:17:24<20:51:25, 117.29it/s]
  0%|          | 17065/8824065 [5:17:24<20:57:36, 116.72it/s]
  0%|          | 17077/8824065 [5:17:24<20:56:06, 116.86it/s]
  0%|          | 17089/8824065 [5:17:24<21:00:49, 116.42it/s]
  0%|          | 17101/8824065 [5:17:24<20:58:04, 116.67it/s]
  0%|          | 17113/8824065 [5:17:24<20:57:23, 116.74it/s]
  0%|          | 17125/8824065 [5:17:24<20:50:28, 117.38it/s]
  0%|          | 17137/8824065 [5:17:25<20:53:06, 117.13it/s]
  0%|          | 17149/8824065 [5:17:25<20:51:36, 117.27it/s]
  0%|          | 17161/8824065 [5:17:25<20:56:35, 116.81it/s]
  0%|          | 17173/8824065 [5:17:25<20:50:28, 117.38it/s]
  0%|          | 17185/8824065 [5:17:25<20:48:19, 117.58it/s]
  0%|          | 17197/8824065 [5:17:25<20:44:31, 117.94it/s]
  0%|          | 17209/8824065 [5:17:25<20:44:09, 117.98it/s]
  0%|          | 17221/8824065 [5:17:25<20:43:19, 118.06it/s]
  0%|          | 17233/8824065 [5:17:25<20:45:55, 117.81it/s]
  0%|          | 17245/8824065 [5:17:25<20:46:38, 117.74it/s]
  0%|          | 17257/8824065 [5:17:26<20:48:02, 117.61it/s]
  0%|          | 17269/8824065 [5:17:26<20:54:15, 117.03it/s]
  0%|          | 17281/8824065 [5:17:26<20:54:59, 116.96it/s]
  0%|          | 17293/8824065 [5:17:26<20:58:21, 116.64it/s]
  0%|          | 17305/8824065 [5:17:26<20:58:17, 116.65it/s]
  0%|          | 17318/8824065 [5:17:26<20:22:00, 120.11it/s]
  0%|          | 17331/8824065 [5:17:26<20:24:37, 119.86it/s]
  0%|          | 17343/8824065 [5:17:26<20:28:47, 119.45it/s]
  0%|          | 17355/8824065 [5:17:26<20:30:45, 119.26it/s]
  0%|          | 17367/8824065 [5:17:27<20:32:25, 119.10it/s]
  0%|          | 17379/8824065 [5:17:27<20:36:17, 118.72it/s]
  0%|          | 17391/8824065 [5:17:27<20:37:44, 118.58it/s]
  0%|          | 17403/8824065 [5:17:27<20:38:14, 118.54it/s]
  0%|          | 17415/8824065 [5:17:27<20:39:32, 118.41it/s]
  0%|          | 17427/8824065 [5:17:27<20:41:13, 118.25it/s]
  0%|          | 17439/8824065 [5:17:27<20:42:30, 118.13it/s]
  0%|          | 17451/8824065 [5:17:27<20:48:02, 117.61it/s]
  0%|          | 17463/8824065 [5:17:27<20:52:08, 117.22it/s]
  0%|          | 17475/8824065 [5:17:27<20:48:00, 117.61it/s]
  0%|          | 17487/8824065 [5:17:28<20:49:38, 117.46it/s]
  0%|          | 17499/8824065 [5:17:28<20:48:27, 117.57it/s]
  0%|          | 17511/8824065 [5:17:28<20:55:09, 116.94it/s]
  0%|          | 17523/8824065 [5:17:28<20:55:08, 116.94it/s]
  0%|          | 17535/8824065 [5:17:28<20:54:13, 117.02it/s]
  0%|          | 17547/8824065 [5:17:28<20:47:55, 117.62it/s]
  0%|          | 17559/8824065 [5:17:28<20:51:40, 117.26it/s]
  0%|          | 17571/8824065 [5:17:28<20:48:20, 117.58it/s]
  0%|          | 17583/8824065 [5:17:28<20:47:14, 117.68it/s]
  0%|          | 17595/8824065 [5:17:28<20:49:51, 117.43it/s]
  0%|          | 17607/8824065 [5:17:29<20:51:53, 117.24it/s]
  0%|          | 17619/8824065 [5:17:29<21:00:53, 116.40it/s]
  0%|          | 17631/8824065 [5:17:29<20:57:36, 116.71it/s]
  0%|          | 17643/8824065 [5:17:29<21:00:52, 116.41it/s]
  0%|          | 17655/8824065 [5:17:29<20:56:22, 116.82it/s]
  0%|          | 17667/8824065 [5:17:29<20:52:59, 117.14it/s]
  0%|          | 17679/8824065 [5:17:29<20:54:40, 116.98it/s]
  0%|          | 17691/8824065 [5:17:29<20:52:07, 117.22it/s]
  0%|          | 17703/8824065 [5:17:29<20:48:09, 117.59it/s]
  0%|          | 17715/8824065 [5:17:29<20:53:46, 117.07it/s]
  0%|          | 17727/8824065 [5:17:30<20:52:25, 117.19it/s]
  0%|          | 17739/8824065 [5:17:30<20:59:15, 116.55it/s]
  0%|          | 17751/8824065 [5:17:30<20:55:25, 116.91it/s]
  0%|          | 17763/8824065 [5:17:30<24:42:06, 99.03it/s] 
  0%|          | 17775/8824065 [5:17:30<23:32:08, 103.94it/s]
  0%|          | 17787/8824065 [5:17:30<22:48:45, 107.23it/s]
  0%|          | 17799/8824065 [5:17:30<22:10:22, 110.32it/s]
  0%|          | 17811/8824065 [5:17:30<21:46:52, 112.31it/s]
  0%|          | 17823/8824065 [5:17:30<21:31:48, 113.62it/s]
  0%|          | 17835/8824065 [5:17:31<21:23:47, 114.33it/s]
  0%|          | 17847/8824065 [5:17:31<21:12:05, 115.38it/s]
  0%|          | 17859/8824065 [5:17:31<21:06:49, 115.86it/s]
  0%|          | 17871/8824065 [5:17:31<23:42:25, 103.18it/s]
  0%|          | 17882/8824065 [5:17:31<27:38:38, 88.49it/s] 
  0%|          | 17892/8824065 [5:17:31<30:12:04, 81.00it/s]
  0%|          | 17901/8824065 [5:17:31<31:56:24, 76.59it/s]
  0%|          | 17909/8824065 [5:17:31<33:16:24, 73.52it/s]
  0%|          | 17917/8824065 [5:17:32<34:10:07, 71.59it/s]
  0%|          | 17925/8824065 [5:17:32<34:49:12, 70.25it/s]
  0%|          | 17933/8824065 [5:17:32<35:43:40, 68.47it/s]
  0%|          | 17940/8824065 [5:17:32<35:40:57, 68.55it/s]
  0%|          | 17952/8824065 [5:17:32<30:06:26, 81.25it/s]
  0%|          | 17964/8824065 [5:17:32<26:55:31, 90.85it/s]
  0%|          | 17976/8824065 [5:17:32<24:54:06, 98.23it/s]
  0%|          | 17988/8824065 [5:17:32<23:34:54, 103.73it/s]
  0%|          | 17999/8824065 [5:17:32<23:21:51, 104.69it/s]
  0%|          | 18010/8824065 [5:17:33<26:52:13, 91.03it/s] 
  0%|          | 18023/8824065 [5:17:33<24:19:02, 100.59it/s]
  0%|          | 18035/8824065 [5:17:33<23:16:29, 105.10it/s]
  0%|          | 18047/8824065 [5:17:33<22:38:15, 108.06it/s]
  0%|          | 18059/8824065 [5:17:33<22:09:27, 110.40it/s]
  0%|          | 18071/8824065 [5:17:33<21:53:15, 111.76it/s]
  0%|          | 18083/8824065 [5:17:33<21:39:01, 112.98it/s]
  0%|          | 18095/8824065 [5:17:33<21:26:47, 114.06it/s]
  0%|          | 18107/8824065 [5:17:33<21:18:19, 114.81it/s]
  0%|          | 18119/8824065 [5:17:34<21:07:50, 115.76it/s]
  0%|          | 18131/8824065 [5:17:34<21:57:08, 111.43it/s]
  0%|          | 18143/8824065 [5:17:34<24:16:08, 100.79it/s]
  0%|          | 18155/8824065 [5:17:34<23:17:55, 104.99it/s]
  0%|          | 18167/8824065 [5:17:34<22:31:24, 108.60it/s]
  0%|          | 18179/8824065 [5:17:34<22:00:20, 111.16it/s]
  0%|          | 18191/8824065 [5:17:34<21:33:43, 113.44it/s]
  0%|          | 18203/8824065 [5:17:34<21:14:38, 115.14it/s]
  0%|          | 18215/8824065 [5:17:34<21:00:27, 116.44it/s]
  0%|          | 18227/8824065 [5:17:35<20:54:58, 116.95it/s]
  0%|          | 18239/8824065 [5:17:35<20:50:11, 117.39it/s]
  0%|          | 18251/8824065 [5:17:35<20:46:16, 117.76it/s]
  0%|          | 18263/8824065 [5:17:35<20:47:43, 117.63it/s]
  0%|          | 18275/8824065 [5:17:35<20:42:57, 118.08it/s]
  0%|          | 18287/8824065 [5:17:35<20:37:30, 118.59it/s]
  0%|          | 18299/8824065 [5:17:35<20:34:24, 118.89it/s]
  0%|          | 18311/8824065 [5:17:35<20:35:12, 118.82it/s]
  0%|          | 18323/8824065 [5:17:35<20:33:33, 118.98it/s]
  0%|          | 18335/8824065 [5:17:35<20:32:54, 119.04it/s]
  0%|          | 18347/8824065 [5:17:36<20:35:52, 118.75it/s]
  0%|          | 18359/8824065 [5:17:36<20:36:14, 118.72it/s]
  0%|          | 18371/8824065 [5:17:36<20:33:22, 118.99it/s]
  0%|          | 18384/8824065 [5:17:36<20:28:28, 119.47it/s]
  0%|          | 18396/8824065 [5:17:36<20:30:28, 119.27it/s]
  0%|          | 18408/8824065 [5:17:36<20:30:36, 119.26it/s]
  0%|          | 18420/8824065 [5:17:36<20:32:08, 119.11it/s]
  0%|          | 18432/8824065 [5:17:36<20:31:34, 119.17it/s]
  0%|          | 18444/8824065 [5:17:36<20:33:59, 118.93it/s]
  0%|          | 18456/8824065 [5:17:36<20:37:58, 118.55it/s]
  0%|          | 18468/8824065 [5:17:37<20:38:20, 118.51it/s]
  0%|          | 18480/8824065 [5:17:37<20:36:49, 118.66it/s]
  0%|          | 18492/8824065 [5:17:37<20:38:55, 118.46it/s]
  0%|          | 18504/8824065 [5:17:37<20:41:15, 118.23it/s]
  0%|          | 18516/8824065 [5:17:37<20:44:25, 117.93it/s]
  0%|          | 18528/8824065 [5:17:37<20:48:47, 117.52it/s]
  0%|          | 18540/8824065 [5:17:37<20:41:45, 118.19it/s]
  0%|          | 18552/8824065 [5:17:37<20:42:33, 118.11it/s]
  0%|          | 18564/8824065 [5:17:37<20:45:35, 117.82it/s]
  0%|          | 18576/8824065 [5:17:37<20:50:34, 117.35it/s]
  0%|          | 18588/8824065 [5:17:38<20:55:15, 116.91it/s]
  0%|          | 18600/8824065 [5:17:38<20:49:54, 117.41it/s]
  0%|          | 18612/8824065 [5:17:38<20:49:58, 117.41it/s]
  0%|          | 18624/8824065 [5:17:38<20:45:54, 117.79it/s]
  0%|          | 18636/8824065 [5:17:38<20:52:21, 117.18it/s]
  0%|          | 18648/8824065 [5:17:38<20:52:11, 117.20it/s]
  0%|          | 18660/8824065 [5:17:38<20:52:03, 117.21it/s]
  0%|          | 18672/8824065 [5:17:38<20:53:32, 117.07it/s]
  0%|          | 18684/8824065 [5:17:38<20:49:24, 117.46it/s]
  0%|          | 18696/8824065 [5:17:38<20:43:58, 117.97it/s]
  0%|          | 18708/8824065 [5:17:39<20:46:30, 117.73it/s]
  0%|          | 18720/8824065 [5:17:39<20:44:56, 117.88it/s]
  0%|          | 18732/8824065 [5:17:39<20:46:53, 117.70it/s]
  0%|          | 18744/8824065 [5:17:39<20:47:45, 117.61it/s]
  0%|          | 18756/8824065 [5:17:39<20:42:49, 118.08it/s]
  0%|          | 18768/8824065 [5:17:39<20:48:30, 117.54it/s]
  0%|          | 18780/8824065 [5:17:39<20:45:13, 117.85it/s]
  0%|          | 18792/8824065 [5:17:39<20:45:35, 117.82it/s]
  0%|          | 18804/8824065 [5:17:39<20:44:17, 117.94it/s]
  0%|          | 18816/8824065 [5:17:40<20:44:14, 117.95it/s]
  0%|          | 18828/8824065 [5:17:40<20:43:36, 118.01it/s]
  0%|          | 18840/8824065 [5:17:40<20:51:41, 117.25it/s]
  0%|          | 18852/8824065 [5:17:40<20:49:08, 117.48it/s]
  0%|          | 18864/8824065 [5:17:40<20:48:11, 117.57it/s]
  0%|          | 18876/8824065 [5:17:40<20:50:28, 117.36it/s]
  0%|          | 18888/8824065 [5:17:40<20:46:27, 117.74it/s]
  0%|          | 18900/8824065 [5:17:40<20:47:32, 117.63it/s]
  0%|          | 18912/8824065 [5:17:40<20:50:36, 117.35it/s]
  0%|          | 18924/8824065 [5:17:40<20:44:17, 117.94it/s]
  0%|          | 18936/8824065 [5:17:41<20:40:05, 118.34it/s]
  0%|          | 18948/8824065 [5:17:41<20:41:35, 118.20it/s]
  0%|          | 18960/8824065 [5:17:41<20:40:23, 118.31it/s]
  0%|          | 18972/8824065 [5:17:41<20:36:32, 118.68it/s]
  0%|          | 18984/8824065 [5:17:41<20:40:26, 118.30it/s]
  0%|          | 18996/8824065 [5:17:41<20:39:06, 118.43it/s]
  0%|          | 19008/8824065 [5:17:41<20:40:58, 118.25it/s]
  0%|          | 19020/8824065 [5:17:41<20:47:39, 117.62it/s]
  0%|          | 19032/8824065 [5:17:41<20:47:12, 117.66it/s]
  0%|          | 19044/8824065 [5:17:41<20:45:00, 117.87it/s]
  0%|          | 19056/8824065 [5:17:42<20:49:55, 117.41it/s]
  0%|          | 19068/8824065 [5:17:42<20:49:49, 117.42it/s]
  0%|          | 19080/8824065 [5:17:42<20:45:38, 117.81it/s]
  0%|          | 19092/8824065 [5:17:42<20:50:18, 117.37it/s]
  0%|          | 19092/8824065 [5:18:00<20:50:18, 117.37it/s]
  0%|          | 19101/8824065 [5:37:51<79924:35:52, 32.68s/it]
  0%|          | 19113/8824065 [5:37:51<54625:08:53, 22.33s/it]
  0%|          | 19125/8824065 [5:37:51<37618:45:15, 15.38s/it]
  0%|          | 19138/8824065 [5:37:51<25389:57:24, 10.38s/it]
  0%|          | 19151/8824065 [5:37:51<17341:57:10,  7.09s/it]
  0%|          | 19164/8824065 [5:37:51<11940:11:41,  4.88s/it]
  0%|          | 19176/8824065 [5:37:51<8466:47:03,  3.46s/it] 
  0%|          | 19188/8824065 [5:37:51<5984:16:25,  2.45s/it]
  0%|          | 19200/8824065 [5:37:52<4220:40:04,  1.73s/it]
  0%|          | 19200/8824065 [5:38:10<4220:40:04,  1.73s/it]
  0%|          | 19201/8824065 [5:48:06<55161:25:41, 22.55s/it]
  0%|          | 19213/8824065 [5:48:06<34853:48:55, 14.25s/it]
  0%|          | 19225/8824065 [5:48:06<22845:14:43,  9.34s/it]
  0%|          | 19237/8824065 [5:48:06<15313:33:32,  6.26s/it]
  0%|          | 19249/8824065 [5:48:06<10414:08:12,  4.26s/it]
  0%|          | 19261/8824065 [5:48:06<7150:45:57,  2.92s/it] 
  0%|          | 19273/8824065 [5:48:06<4942:57:01,  2.02s/it]
  0%|          | 19285/8824065 [5:48:06<3433:19:04,  1.40s/it]
  0%|          | 19297/8824065 [5:48:07<2393:43:50,  1.02it/s]
  0%|          | 19297/8824065 [5:48:20<2393:43:50,  1.02it/s]
  0%|          | 19301/8824065 [5:52:28<22373:35:34,  9.15s/it]
  0%|          | 19313/8824065 [5:52:28<14507:32:09,  5.93s/it]
  0%|          | 19325/8824065 [5:52:29<9661:03:28,  3.95s/it] 
  0%|          | 19337/8824065 [5:52:29<6543:35:50,  2.68s/it]
  0%|          | 19349/8824065 [5:52:29<4482:21:24,  1.83s/it]
  0%|          | 19361/8824065 [5:52:29<3094:38:01,  1.27s/it]
  0%|          | 19373/8824065 [5:52:29<2148:55:36,  1.14it/s]
  0%|          | 19385/8824065 [5:52:29<1501:42:59,  1.63it/s]
  0%|          | 19397/8824065 [5:52:29<1052:09:29,  2.32it/s]
  0%|          | 19409/8824065 [5:52:29<740:02:59,  3.30it/s] 
  0%|          | 19421/8824065 [5:52:29<522:57:15,  4.68it/s]
  0%|          | 19433/8824065 [5:52:30<371:36:13,  6.58it/s]
  0%|          | 19445/8824065 [5:52:30<266:02:53,  9.19it/s]
  0%|          | 19457/8824065 [5:52:30<192:16:42, 12.72it/s]
  0%|          | 19469/8824065 [5:52:30<140:46:55, 17.37it/s]
  0%|          | 19481/8824065 [5:52:30<104:44:09, 23.35it/s]
  0%|          | 19493/8824065 [5:52:30<79:32:18, 30.75it/s] 
  0%|          | 19505/8824065 [5:52:30<61:56:54, 39.48it/s]
  0%|          | 19517/8824065 [5:52:30<49:38:47, 49.26it/s]
  0%|          | 19529/8824065 [5:52:30<41:01:05, 59.62it/s]
  0%|          | 19541/8824065 [5:52:30<34:57:37, 69.96it/s]
  0%|          | 19553/8824065 [5:52:31<30:42:33, 79.64it/s]
  0%|          | 19565/8824065 [5:52:31<27:44:43, 88.15it/s]
  0%|          | 19577/8824065 [5:52:31<25:39:00, 95.35it/s]
  0%|          | 19589/8824065 [5:52:31<24:12:19, 101.04it/s]
  0%|          | 19601/8824065 [5:52:31<23:08:39, 105.67it/s]
  0%|          | 19613/8824065 [5:52:31<22:24:29, 109.14it/s]
  0%|          | 19625/8824065 [5:52:31<21:56:46, 111.44it/s]
  0%|          | 19637/8824065 [5:52:31<21:39:05, 112.96it/s]
  0%|          | 19649/8824065 [5:52:31<21:22:51, 114.39it/s]
  0%|          | 19661/8824065 [5:52:31<21:16:31, 114.95it/s]
  0%|          | 19673/8824065 [5:52:32<21:12:29, 115.32it/s]
  0%|          | 19685/8824065 [5:52:32<21:06:46, 115.84it/s]
  0%|          | 19697/8824065 [5:52:32<20:59:21, 116.52it/s]
  0%|          | 19709/8824065 [5:52:32<20:54:28, 116.97it/s]
  0%|          | 19721/8824065 [5:52:32<20:46:30, 117.72it/s]
  0%|          | 19733/8824065 [5:52:32<20:42:42, 118.08it/s]
  0%|          | 19745/8824065 [5:52:32<20:46:46, 117.69it/s]
  0%|          | 19757/8824065 [5:52:32<20:51:13, 117.28it/s]
  0%|          | 19769/8824065 [5:52:32<20:50:30, 117.34it/s]
  0%|          | 19781/8824065 [5:52:32<20:52:51, 117.12it/s]
  0%|          | 19793/8824065 [5:52:33<20:52:49, 117.13it/s]
  0%|          | 19805/8824065 [5:52:33<20:56:18, 116.80it/s]
  0%|          | 19817/8824065 [5:52:33<20:55:40, 116.86it/s]
  0%|          | 19829/8824065 [5:52:33<20:56:00, 116.83it/s]
  0%|          | 19841/8824065 [5:52:33<20:51:08, 117.28it/s]
  0%|          | 19853/8824065 [5:52:33<20:45:13, 117.84it/s]
  0%|          | 19865/8824065 [5:52:33<20:45:58, 117.77it/s]
  0%|          | 19877/8824065 [5:52:33<20:48:56, 117.49it/s]
  0%|          | 19889/8824065 [5:52:33<20:50:41, 117.32it/s]
  0%|          | 19889/8824065 [5:52:50<20:50:41, 117.32it/s]
  0%|          | 19901/8824065 [5:54:35<7480:20:04,  3.06s/it]
  0%|          | 19914/8824065 [5:54:36<5114:51:54,  2.09s/it]
  0%|          | 19926/8824065 [5:54:36<3612:53:01,  1.48s/it]
  0%|          | 19938/8824065 [5:54:36<2548:19:04,  1.04s/it]
  0%|          | 19950/8824065 [5:54:36<1796:32:28,  1.36it/s]
  0%|          | 19962/8824065 [5:54:36<1266:56:29,  1.93it/s]
  0%|          | 19974/8824065 [5:54:36<894:36:31,  2.73it/s] 
  0%|          | 19986/8824065 [5:54:36<634:05:28,  3.86it/s]
  0%|          | 19998/8824065 [5:54:36<451:40:51,  5.41it/s]
  0%|          | 19998/8824065 [5:54:50<451:40:51,  5.41it/s]
  0%|          | 20001/8824065 [5:57:12<12636:04:11,  5.17s/it]
  0%|          | 20013/8824065 [5:57:12<8149:25:08,  3.33s/it] 
  0%|          | 20025/8824065 [5:57:12<5410:41:40,  2.21s/it]
  0%|          | 20037/8824065 [5:57:12<3659:18:31,  1.50s/it]
  0%|          | 20050/8824065 [5:57:12<2441:41:17,  1.00it/s]
  0%|          | 20062/8824065 [5:57:12<1700:24:53,  1.44it/s]
  0%|          | 20075/8824065 [5:57:12<1160:18:48,  2.11it/s]
  0%|          | 20087/8824065 [5:57:12<820:58:33,  2.98it/s] 
  0%|          | 20099/8824065 [5:57:12<582:05:28,  4.20it/s]
  0%|          | 20112/8824065 [5:57:13<404:37:49,  6.04it/s]
  0%|          | 20124/8824065 [5:57:13<291:37:48,  8.39it/s]
  0%|          | 20137/8824065 [5:57:13<206:45:16, 11.83it/s]
  0%|          | 20149/8824065 [5:57:13<152:20:43, 16.05it/s]
  0%|          | 20162/8824065 [5:57:13<111:15:38, 21.98it/s]
  0%|          | 20175/8824065 [5:57:13<83:16:38, 29.37it/s] 
  0%|          | 20188/8824065 [5:57:13<64:07:03, 38.14it/s]
  0%|          | 20200/8824065 [5:57:13<51:35:06, 47.41it/s]
  0%|          | 20200/8824065 [5:57:30<51:35:06, 47.41it/s]
  0%|          | 20201/8824065 [5:59:32<11234:36:36,  4.59s/it]
  0%|          | 20211/8824065 [5:59:32<7639:23:07,  3.12s/it] 
  0%|          | 20223/8824065 [5:59:32<4936:34:51,  2.02s/it]
  0%|          | 20235/8824065 [5:59:32<3283:13:06,  1.34s/it]
  0%|          | 20247/8824065 [5:59:32<2224:23:19,  1.10it/s]
  0%|          | 20259/8824065 [5:59:32<1526:19:26,  1.60it/s]
  0%|          | 20271/8824065 [5:59:32<1057:22:46,  2.31it/s]
  0%|          | 20283/8824065 [5:59:32<738:06:47,  3.31it/s] 
  0%|          | 20295/8824065 [5:59:32<518:57:50,  4.71it/s]
  0%|          | 20307/8824065 [5:59:33<367:39:48,  6.65it/s]
  0%|          | 20319/8824065 [5:59:33<262:37:36,  9.31it/s]
  0%|          | 20331/8824065 [5:59:33<189:36:26, 12.90it/s]
  0%|          | 20343/8824065 [5:59:33<138:46:35, 17.62it/s]
  0%|          | 20355/8824065 [5:59:33<103:15:54, 23.68it/s]
  0%|          | 20367/8824065 [5:59:33<78:31:32, 31.14it/s] 
  0%|          | 20379/8824065 [5:59:33<61:10:46, 39.97it/s]
  0%|          | 20391/8824065 [5:59:33<49:04:20, 49.83it/s]
  0%|          | 20403/8824065 [5:59:33<40:36:02, 60.23it/s]
  0%|          | 20415/8824065 [5:59:34<34:34:57, 70.71it/s]
  0%|          | 20427/8824065 [5:59:34<30:30:06, 80.17it/s]
  0%|          | 20439/8824065 [5:59:34<27:42:39, 88.25it/s]
  0%|          | 20451/8824065 [5:59:34<25:40:17, 95.26it/s]
  0%|          | 20463/8824065 [5:59:34<24:13:30, 100.95it/s]
  0%|          | 20475/8824065 [5:59:34<26:41:57, 91.59it/s] 
  0%|          | 20493/8824065 [5:59:34<21:44:10, 112.51it/s]
  0%|          | 20511/8824065 [5:59:34<18:58:01, 128.93it/s]
  0%|          | 20529/8824065 [5:59:34<17:14:51, 141.78it/s]
  0%|          | 20547/8824065 [5:59:35<16:08:59, 151.42it/s]
  0%|          | 20565/8824065 [5:59:35<15:21:46, 159.18it/s]
  0%|          | 20583/8824065 [5:59:35<14:51:06, 164.66it/s]
  0%|          | 20601/8824065 [5:59:35<14:28:12, 169.00it/s]
  0%|          | 20620/8824065 [5:59:35<14:11:13, 172.37it/s]
  0%|          | 20638/8824065 [5:59:35<14:51:48, 164.52it/s]
  0%|          | 20655/8824065 [5:59:35<16:26:17, 148.76it/s]
  0%|          | 20671/8824065 [5:59:35<17:30:22, 139.69it/s]
  0%|          | 20686/8824065 [5:59:35<18:16:53, 133.76it/s]
  0%|          | 20700/8824065 [5:59:36<18:52:27, 129.56it/s]
  0%|          | 20714/8824065 [5:59:36<19:14:30, 127.09it/s]
  0%|          | 20727/8824065 [5:59:36<19:29:06, 125.50it/s]
  0%|          | 20740/8824065 [5:59:36<19:41:24, 124.19it/s]
  0%|          | 20753/8824065 [5:59:36<19:47:59, 123.50it/s]
  0%|          | 20766/8824065 [5:59:36<19:52:36, 123.03it/s]
  0%|          | 20779/8824065 [5:59:36<20:01:50, 122.08it/s]
  0%|          | 20792/8824065 [5:59:36<20:09:08, 121.34it/s]
  0%|          | 20805/8824065 [5:59:36<20:11:36, 121.10it/s]
  0%|          | 20818/8824065 [5:59:37<20:11:38, 121.09it/s]
  0%|          | 20831/8824065 [5:59:37<20:13:41, 120.89it/s]
  0%|          | 20844/8824065 [5:59:37<20:20:46, 120.19it/s]
  0%|          | 20857/8824065 [5:59:37<20:18:27, 120.41it/s]
  0%|          | 20870/8824065 [5:59:37<21:54:20, 111.63it/s]
  0%|          | 20882/8824065 [5:59:37<23:51:50, 102.47it/s]
  0%|          | 20893/8824065 [5:59:37<25:20:04, 96.52it/s] 
  0%|          | 20904/8824065 [5:59:37<24:30:28, 99.78it/s]
  0%|          | 20917/8824065 [5:59:37<23:08:50, 105.64it/s]
  0%|          | 20930/8824065 [5:59:38<21:53:18, 111.72it/s]
  0%|          | 20942/8824065 [5:59:38<22:33:14, 108.42it/s]
  0%|          | 20954/8824065 [5:59:38<22:20:47, 109.43it/s]
  0%|          | 20966/8824065 [5:59:38<21:51:04, 111.91it/s]
  0%|          | 20978/8824065 [5:59:38<21:28:10, 113.90it/s]
  0%|          | 20990/8824065 [5:59:38<21:18:15, 114.78it/s]
  0%|          | 21002/8824065 [5:59:38<21:06:05, 115.88it/s]
  0%|          | 21014/8824065 [5:59:38<21:20:56, 114.54it/s]
  0%|          | 21026/8824065 [5:59:38<24:33:24, 99.58it/s] 
  0%|          | 21038/8824065 [5:59:39<23:26:04, 104.35it/s]
  0%|          | 21050/8824065 [5:59:39<22:40:20, 107.85it/s]
  0%|          | 21062/8824065 [5:59:39<22:07:42, 110.50it/s]
  0%|          | 21074/8824065 [5:59:39<21:42:34, 112.64it/s]
  0%|          | 21086/8824065 [5:59:39<21:29:59, 113.73it/s]
  0%|          | 21098/8824065 [5:59:39<21:14:24, 115.13it/s]
  0%|          | 21110/8824065 [5:59:39<21:05:41, 115.92it/s]
  0%|          | 21122/8824065 [5:59:39<21:02:23, 116.22it/s]
  0%|          | 21134/8824065 [5:59:39<21:00:52, 116.36it/s]
  0%|          | 21146/8824065 [5:59:40<22:02:34, 110.93it/s]
  0%|          | 21158/8824065 [5:59:40<23:16:09, 105.08it/s]
  0%|          | 21170/8824065 [5:59:40<22:34:25, 108.32it/s]
  0%|          | 21182/8824065 [5:59:40<22:05:52, 110.65it/s]
  0%|          | 21194/8824065 [5:59:40<21:41:27, 112.73it/s]
  0%|          | 21206/8824065 [5:59:40<21:30:25, 113.70it/s]
  0%|          | 21218/8824065 [5:59:40<23:03:37, 106.04it/s]
  0%|          | 21229/8824065 [5:59:40<25:49:47, 94.67it/s] 
  0%|          | 21239/8824065 [5:59:40<28:12:00, 86.71it/s]
  0%|          | 21248/8824065 [5:59:41<30:30:57, 80.13it/s]
  0%|          | 21257/8824065 [5:59:41<33:11:58, 73.65it/s]
  0%|          | 21265/8824065 [5:59:41<34:27:30, 70.96it/s]
  0%|          | 21273/8824065 [5:59:41<34:13:41, 71.44it/s]
  0%|          | 21281/8824065 [5:59:41<35:19:13, 69.23it/s]
  0%|          | 21288/8824065 [5:59:41<36:08:09, 67.67it/s]
  0%|          | 21296/8824065 [5:59:41<34:39:08, 70.56it/s]
  0%|          | 21296/8824065 [6:00:00<34:39:08, 70.56it/s]
  0%|          | 21301/8824065 [7:01:34<378459:54:19, 154.78s/it]
  0%|          | 21313/8824065 [7:01:34<220737:03:09, 90.27s/it] 
  0%|          | 21325/8824065 [7:01:34<138367:13:58, 56.59s/it]
  0%|          | 21337/8824065 [7:01:34<90258:28:31, 36.91s/it] 
  0%|          | 21349/8824065 [7:01:34<60308:55:53, 24.66s/it]
  0%|          | 21361/8824065 [7:01:35<40918:07:24, 16.73s/it]
  0%|          | 21373/8824065 [7:01:35<28042:34:37, 11.47s/it]
  0%|          | 21385/8824065 [7:01:35<19349:30:14,  7.91s/it]
  0%|          | 21397/8824065 [7:01:35<13413:56:36,  5.49s/it]
  0%|          | 21409/8824065 [7:01:35<9330:03:49,  3.82s/it] 
  0%|          | 21421/8824065 [7:01:35<6505:19:38,  2.66s/it]
  0%|          | 21433/8824065 [7:01:35<4544:32:02,  1.86s/it]
  0%|          | 21445/8824065 [7:01:35<3179:49:30,  1.30s/it]
  0%|          | 21457/8824065 [7:01:35<2228:20:05,  1.10it/s]
  0%|          | 21469/8824065 [7:01:36<1564:13:23,  1.56it/s]
  0%|          | 21481/8824065 [7:01:36<1100:42:19,  2.22it/s]
  0%|          | 21494/8824065 [7:01:36<757:42:43,  3.23it/s] 
  0%|          | 21494/8824065 [7:01:50<757:42:43,  3.23it/s]
  0%|          | 21501/8824065 [7:05:56<18453:40:43,  7.55s/it]
  0%|          | 21512/8824065 [7:05:56<12816:18:53,  5.24s/it]
  0%|          | 21524/8824065 [7:05:56<8685:57:13,  3.55s/it] 
  0%|          | 21536/8824065 [7:05:56<5951:14:49,  2.43s/it]
  0%|          | 21548/8824065 [7:05:56<4108:17:03,  1.68s/it]
  0%|          | 21560/8824065 [7:05:57<2851:33:41,  1.17s/it]
  0%|          | 21572/8824065 [7:05:57<1987:38:06,  1.23it/s]
  0%|          | 21584/8824065 [7:05:57<1390:27:09,  1.76it/s]
  0%|          | 21596/8824065 [7:05:57<976:40:42,  2.50it/s] 
  0%|          | 21596/8824065 [7:06:10<976:40:42,  2.50it/s]
  0%|          | 21601/8824065 [7:08:27<12014:55:22,  4.91s/it]
  0%|          | 21619/8824065 [7:08:27<6738:05:58,  2.76s/it] 
  0%|          | 21637/8824065 [7:08:27<4143:54:08,  1.69s/it]
  0%|          | 21653/8824065 [7:08:27<2786:39:36,  1.14s/it]
  0%|          | 21668/8824065 [7:08:27<1940:51:26,  1.26it/s]
  0%|          | 21682/8824065 [7:08:27<1384:40:29,  1.77it/s]
  0%|          | 21696/8824065 [7:08:27<985:23:01,  2.48it/s] 
  0%|          | 21709/8824065 [7:08:28<715:32:41,  3.42it/s]
  0%|          | 21722/8824065 [7:08:28<517:08:23,  4.73it/s]
  0%|          | 21735/8824065 [7:08:28<374:55:39,  6.52it/s]
  0%|          | 21747/8824065 [7:08:28<278:45:34,  8.77it/s]
  0%|          | 21758/8824065 [7:08:28<211:07:07, 11.58it/s]
  0%|          | 21769/8824065 [7:08:28<159:56:49, 15.29it/s]
  0%|          | 21780/8824065 [7:08:28<121:47:26, 20.08it/s]
  0%|          | 21793/8824065 [7:08:28<89:02:42, 27.46it/s] 
  0%|          | 21805/8824065 [7:08:28<68:33:44, 35.66it/s]
  0%|          | 21817/8824065 [7:08:29<54:09:45, 45.14it/s]
  0%|          | 21829/8824065 [7:08:29<44:05:15, 55.46it/s]
  0%|          | 21841/8824065 [7:08:29<37:00:00, 66.08it/s]
  0%|          | 21853/8824065 [7:08:29<32:01:45, 76.34it/s]
  0%|          | 21866/8824065 [7:08:29<28:19:07, 86.34it/s]
  0%|          | 21879/8824065 [7:08:29<25:47:21, 94.81it/s]
  0%|          | 21891/8824065 [7:08:29<24:14:05, 100.89it/s]
  0%|          | 21903/8824065 [7:08:29<23:32:48, 103.84it/s]
  0%|          | 21915/8824065 [7:08:29<24:35:43, 99.41it/s] 
  0%|          | 21927/8824065 [7:08:29<23:20:53, 104.72it/s]
  0%|          | 21940/8824065 [7:08:30<22:23:55, 109.16it/s]
  0%|          | 21952/8824065 [7:08:30<21:48:58, 112.07it/s]
  0%|          | 21964/8824065 [7:08:30<21:26:11, 114.06it/s]
  0%|          | 21976/8824065 [7:08:30<21:11:33, 115.37it/s]
  0%|          | 21988/8824065 [7:08:30<22:15:22, 109.86it/s]
  0%|          | 22000/8824065 [7:08:30<21:49:48, 112.00it/s]
  0%|          | 22012/8824065 [7:08:30<21:25:00, 114.16it/s]
  0%|          | 22024/8824065 [7:08:30<21:06:37, 115.82it/s]
  0%|          | 22036/8824065 [7:08:30<20:54:46, 116.91it/s]
  0%|          | 22049/8824065 [7:08:31<20:43:29, 117.98it/s]
  0%|          | 22062/8824065 [7:08:31<20:36:07, 118.68it/s]
  0%|          | 22074/8824065 [7:08:31<20:32:53, 118.99it/s]
  0%|          | 22087/8824065 [7:08:31<20:27:59, 119.46it/s]
  0%|          | 22100/8824065 [7:08:31<20:24:05, 119.84it/s]
  0%|          | 22112/8824065 [7:08:31<20:25:54, 119.67it/s]
  0%|          | 22124/8824065 [7:08:31<23:53:11, 102.36it/s]
  0%|          | 22135/8824065 [7:08:31<26:21:07, 92.78it/s] 
  0%|          | 22145/8824065 [7:08:31<27:19:20, 89.49it/s]
  0%|          | 22155/8824065 [7:08:32<27:40:23, 88.35it/s]
  0%|          | 22165/8824065 [7:08:32<27:57:04, 87.47it/s]
  0%|          | 22174/8824065 [7:08:32<29:19:17, 83.38it/s]
  0%|          | 22183/8824065 [7:08:32<30:25:51, 80.34it/s]
  0%|          | 22193/8824065 [7:08:32<29:09:19, 83.86it/s]
  0%|          | 22204/8824065 [7:08:32<27:20:28, 89.42it/s]
  0%|          | 22214/8824065 [7:08:32<27:00:30, 90.53it/s]
  0%|          | 22225/8824065 [7:08:32<26:04:13, 93.78it/s]
  0%|          | 22235/8824065 [7:08:33<26:10:51, 93.39it/s]
  0%|          | 22246/8824065 [7:08:33<25:12:10, 97.01it/s]
  0%|          | 22257/8824065 [7:08:33<24:30:11, 99.78it/s]
  0%|          | 22268/8824065 [7:08:33<26:19:59, 92.85it/s]
  0%|          | 22278/8824065 [7:08:33<27:09:17, 90.04it/s]
  0%|          | 22288/8824065 [7:08:33<28:51:22, 84.73it/s]
  0%|          | 22297/8824065 [7:08:33<30:36:03, 79.90it/s]
  0%|          | 22306/8824065 [7:08:33<31:17:32, 78.13it/s]
  0%|          | 22318/8824065 [7:08:33<27:43:11, 88.20it/s]
  0%|          | 22330/8824065 [7:08:34<25:18:17, 96.62it/s]
  0%|          | 22342/8824065 [7:08:34<23:45:01, 102.94it/s]
  0%|          | 22355/8824065 [7:08:34<22:35:49, 108.20it/s]
  0%|          | 22368/8824065 [7:08:34<21:52:26, 111.77it/s]
  0%|          | 22380/8824065 [7:08:34<21:31:37, 113.57it/s]
  0%|          | 22392/8824065 [7:08:34<21:13:15, 115.21it/s]
  0%|          | 22405/8824065 [7:08:34<20:56:36, 116.74it/s]
  0%|          | 22417/8824065 [7:08:34<20:47:09, 117.62it/s]
  0%|          | 22430/8824065 [7:08:34<20:39:01, 118.40it/s]
  0%|          | 22442/8824065 [7:08:35<22:21:55, 109.32it/s]
  0%|          | 22454/8824065 [7:08:35<23:44:05, 103.01it/s]
  0%|          | 22465/8824065 [7:08:35<24:35:41, 99.41it/s] 
  0%|          | 22476/8824065 [7:08:35<26:54:10, 90.88it/s]
  0%|          | 22488/8824065 [7:08:35<24:54:49, 98.13it/s]
  0%|          | 22500/8824065 [7:08:35<23:36:18, 103.57it/s]
  0%|          | 22512/8824065 [7:08:35<22:38:51, 107.95it/s]
  0%|          | 22524/8824065 [7:08:35<22:01:47, 110.98it/s]
  0%|          | 22536/8824065 [7:08:35<21:32:04, 113.53it/s]
  0%|          | 22548/8824065 [7:08:36<23:41:40, 103.18it/s]
  0%|          | 22559/8824065 [7:08:36<23:18:17, 104.91it/s]
  0%|          | 22570/8824065 [7:08:36<23:37:29, 103.49it/s]
  0%|          | 22582/8824065 [7:08:36<22:47:05, 107.30it/s]
  0%|          | 22594/8824065 [7:08:36<22:05:58, 110.63it/s]
  0%|          | 22606/8824065 [7:08:36<21:39:56, 112.84it/s]
  0%|          | 22618/8824065 [7:08:36<21:24:10, 114.23it/s]
  0%|          | 22630/8824065 [7:08:36<21:09:59, 115.51it/s]
  0%|          | 22642/8824065 [7:08:36<21:03:46, 116.07it/s]
  0%|          | 22654/8824065 [7:08:36<20:56:19, 116.76it/s]
  0%|          | 22666/8824065 [7:08:37<20:53:15, 117.05it/s]
  0%|          | 22678/8824065 [7:08:37<24:01:07, 101.79it/s]
  0%|          | 22689/8824065 [7:08:37<23:58:10, 102.00it/s]
  0%|          | 22701/8824065 [7:08:37<22:57:04, 106.52it/s]
  0%|          | 22713/8824065 [7:08:37<22:15:47, 109.81it/s]
  0%|          | 22725/8824065 [7:08:37<21:44:56, 112.41it/s]
  0%|          | 22737/8824065 [7:08:37<21:28:10, 113.87it/s]
  0%|          | 22749/8824065 [7:08:37<21:15:58, 114.96it/s]
  0%|          | 22761/8824065 [7:08:37<21:03:11, 116.12it/s]
  0%|          | 22773/8824065 [7:08:38<21:00:39, 116.36it/s]
  0%|          | 22785/8824065 [7:08:38<20:50:46, 117.28it/s]
  0%|          | 22797/8824065 [7:08:38<20:45:11, 117.80it/s]
  0%|          | 22809/8824065 [7:08:38<20:42:36, 118.05it/s]
  0%|          | 22821/8824065 [7:08:38<20:42:45, 118.03it/s]
  0%|          | 22833/8824065 [7:08:38<20:43:25, 117.97it/s]
  0%|          | 22845/8824065 [7:08:38<20:41:06, 118.19it/s]
  0%|          | 22857/8824065 [7:08:38<20:47:17, 117.60it/s]
  0%|          | 22869/8824065 [7:08:38<20:44:07, 117.90it/s]
  0%|          | 22881/8824065 [7:08:38<20:42:56, 118.02it/s]
  0%|          | 22893/8824065 [7:08:39<20:43:15, 117.99it/s]
  0%|          | 22905/8824065 [7:08:39<20:39:31, 118.34it/s]
  0%|          | 22917/8824065 [7:08:39<20:38:11, 118.47it/s]
  0%|          | 22929/8824065 [7:08:39<20:36:33, 118.62it/s]
  0%|          | 22941/8824065 [7:08:39<20:38:11, 118.47it/s]
  0%|          | 22953/8824065 [7:08:39<20:37:52, 118.50it/s]
  0%|          | 22965/8824065 [7:08:39<20:39:11, 118.37it/s]
  0%|          | 22977/8824065 [7:08:39<20:34:52, 118.78it/s]
  0%|          | 22990/8824065 [7:08:39<20:30:36, 119.20it/s]
  0%|          | 23002/8824065 [7:08:39<20:35:01, 118.77it/s]
  0%|          | 23014/8824065 [7:08:40<20:35:15, 118.75it/s]
  0%|          | 23026/8824065 [7:08:40<20:36:18, 118.65it/s]
  0%|          | 23038/8824065 [7:08:40<20:34:42, 118.80it/s]
  0%|          | 23050/8824065 [7:08:40<20:32:31, 119.01it/s]
  0%|          | 23062/8824065 [7:08:40<20:31:41, 119.09it/s]
  0%|          | 23074/8824065 [7:08:40<20:37:05, 118.57it/s]
  0%|          | 23086/8824065 [7:08:40<20:38:53, 118.40it/s]
  0%|          | 23098/8824065 [7:08:40<20:36:02, 118.67it/s]
  0%|          | 23098/8824065 [7:09:00<20:36:02, 118.67it/s]
  0%|          | 23101/8824065 [7:16:32<37216:16:24, 15.22s/it]
  0%|          | 23113/8824065 [7:16:33<23979:17:41,  9.81s/it]
  0%|          | 23125/8824065 [7:16:33<15905:36:05,  6.51s/it]
  0%|          | 23137/8824065 [7:16:33<10744:43:01,  4.40s/it]
  0%|          | 23149/8824065 [7:16:33<7344:26:55,  3.00s/it] 
  0%|          | 23161/8824065 [7:16:33<5061:16:15,  2.07s/it]
  0%|          | 23173/8824065 [7:16:33<3508:03:26,  1.43s/it]
  0%|          | 23185/8824065 [7:16:33<2442:05:21,  1.00it/s]
  0%|          | 23197/8824065 [7:16:33<1706:50:09,  1.43it/s]
  0%|          | 23197/8824065 [7:16:50<1706:50:09,  1.43it/s]
  0%|          | 23201/8824065 [7:26:22<47012:09:44, 19.23s/it]
  0%|          | 23213/8824065 [7:26:23<30498:04:24, 12.48s/it]
  0%|          | 23225/8824065 [7:26:23<20311:19:52,  8.31s/it]
  0%|          | 23238/8824065 [7:26:23<13393:40:08,  5.48s/it]
  0%|          | 23250/8824065 [7:26:23<9246:09:38,  3.78s/it] 
  0%|          | 23262/8824065 [7:26:23<6413:39:39,  2.62s/it]
  0%|          | 23274/8824065 [7:26:23<4464:27:14,  1.83s/it]
  0%|          | 23286/8824065 [7:26:23<3116:14:12,  1.27s/it]
  0%|          | 23298/8824065 [7:26:23<2180:10:21,  1.12it/s]
  0%|          | 23298/8824065 [7:26:40<2180:10:21,  1.12it/s]
  0%|          | 23301/8824065 [7:53:34<131457:48:31, 53.77s/it]
  0%|          | 23309/8824065 [7:53:34<95872:07:50, 39.22s/it] 
  0%|          | 23321/8824065 [7:53:34<60678:10:33, 24.82s/it]
  0%|          | 23333/8824065 [7:53:34<39808:15:14, 16.28s/it]
  0%|          | 23345/8824065 [7:53:34<26696:37:26, 10.92s/it]
  0%|          | 23357/8824065 [7:53:34<18158:01:52,  7.43s/it]
  0%|          | 23369/8824065 [7:53:34<12467:20:32,  5.10s/it]
  0%|          | 23381/8824065 [7:53:34<8616:49:22,  3.52s/it] 
  0%|          | 23393/8824065 [7:53:34<5981:12:26,  2.45s/it]
  0%|          | 23393/8824065 [7:53:50<5981:12:26,  2.45s/it]
  0%|          | 23401/8824065 [7:56:26<16452:26:11,  6.73s/it]
  0%|          | 23414/8824065 [7:56:26<10797:46:32,  4.42s/it]
  0%|          | 23426/8824065 [7:56:26<7435:23:54,  3.04s/it] 
  0%|          | 23438/8824065 [7:56:26<5148:39:23,  2.11s/it]
  0%|          | 23450/8824065 [7:56:26<3580:23:08,  1.46s/it]
  0%|          | 23462/8824065 [7:56:26<2497:59:16,  1.02s/it]
  0%|          | 23475/8824065 [7:56:26<1705:10:15,  1.43it/s]
  0%|          | 23487/8824065 [7:56:26<1205:13:05,  2.03it/s]
  0%|          | 23499/8824065 [7:56:26<852:30:12,  2.87it/s] 
  0%|          | 23511/8824065 [7:56:27<604:14:59,  4.05it/s]
  0%|          | 23523/8824065 [7:56:27<429:50:49,  5.69it/s]
  0%|          | 23535/8824065 [7:56:27<307:24:56,  7.95it/s]
  0%|          | 23548/8824065 [7:56:27<216:32:07, 11.29it/s]
  0%|          | 23560/8824065 [7:56:27<158:46:57, 15.40it/s]
  0%|          | 23572/8824065 [7:56:27<117:59:16, 20.72it/s]
  0%|          | 23584/8824065 [7:56:27<89:13:50, 27.40it/s] 
  0%|          | 23596/8824065 [7:56:27<69:04:23, 35.39it/s]
  0%|          | 23608/8824065 [7:56:27<54:48:18, 44.60it/s]
  0%|          | 23620/8824065 [7:56:28<44:32:44, 54.88it/s]
  0%|          | 23632/8824065 [7:56:28<37:18:56, 65.51it/s]
  0%|          | 23644/8824065 [7:56:28<32:14:56, 75.80it/s]
  0%|          | 23656/8824065 [7:56:28<28:43:52, 85.08it/s]
  0%|          | 23668/8824065 [7:56:28<27:05:13, 90.25it/s]
  0%|          | 23680/8824065 [7:56:28<25:50:15, 94.61it/s]
  0%|          | 23692/8824065 [7:56:28<24:16:19, 100.71it/s]
  0%|          | 23704/8824065 [7:56:28<23:08:19, 105.65it/s]
  0%|          | 23716/8824065 [7:56:28<22:23:00, 109.21it/s]
  0%|          | 23729/8824065 [7:56:28<21:41:58, 112.65it/s]
  0%|          | 23742/8824065 [7:56:29<21:14:43, 115.06it/s]
  0%|          | 23754/8824065 [7:56:29<20:59:41, 116.43it/s]
  0%|          | 23767/8824065 [7:56:29<20:48:19, 117.50it/s]
  0%|          | 23779/8824065 [7:56:29<20:46:57, 117.62it/s]
  0%|          | 23791/8824065 [7:56:29<20:43:07, 117.99it/s]
  0%|          | 23803/8824065 [7:56:29<20:39:20, 118.35it/s]
  0%|          | 23815/8824065 [7:56:29<20:34:46, 118.78it/s]
  0%|          | 23827/8824065 [7:56:29<20:33:38, 118.89it/s]
  0%|          | 23839/8824065 [7:56:29<20:30:35, 119.19it/s]
  0%|          | 23851/8824065 [7:56:29<20:31:02, 119.14it/s]
  0%|          | 23863/8824065 [7:56:30<20:29:41, 119.27it/s]
  0%|          | 23875/8824065 [7:56:30<20:27:52, 119.45it/s]
  0%|          | 23887/8824065 [7:56:30<20:27:28, 119.49it/s]
  0%|          | 23899/8824065 [7:56:30<22:35:37, 108.19it/s]
  0%|          | 23911/8824065 [7:56:30<22:02:05, 110.94it/s]
  0%|          | 23923/8824065 [7:56:30<21:38:27, 112.96it/s]
  0%|          | 23935/8824065 [7:56:30<21:23:16, 114.29it/s]
  0%|          | 23947/8824065 [7:56:30<21:13:48, 115.14it/s]
  0%|          | 23959/8824065 [7:56:30<21:10:33, 115.44it/s]
  0%|          | 23971/8824065 [7:56:31<21:06:20, 115.82it/s]
  0%|          | 23983/8824065 [7:56:31<21:00:45, 116.33it/s]
  0%|          | 23996/8824065 [7:56:31<20:23:45, 119.85it/s]
  0%|          | 24009/8824065 [7:56:31<20:32:34, 118.99it/s]
  0%|          | 24021/8824065 [7:56:31<20:38:09, 118.46it/s]
  0%|          | 24033/8824065 [7:56:31<20:39:04, 118.37it/s]
  0%|          | 24045/8824065 [7:56:31<20:39:41, 118.31it/s]
  0%|          | 24057/8824065 [7:56:31<20:42:01, 118.09it/s]
  0%|          | 24069/8824065 [7:56:31<20:44:57, 117.81it/s]
  0%|          | 24081/8824065 [7:56:31<20:46:44, 117.64it/s]
  0%|          | 24093/8824065 [7:56:32<20:48:17, 117.49it/s]
  0%|          | 24105/8824065 [7:56:32<20:47:33, 117.56it/s]
  0%|          | 24117/8824065 [7:56:32<21:08:08, 115.65it/s]
  0%|          | 24129/8824065 [7:56:32<21:04:20, 116.00it/s]
  0%|          | 24141/8824065 [7:56:32<21:04:51, 115.95it/s]
  0%|          | 24153/8824065 [7:56:32<20:56:42, 116.71it/s]
  0%|          | 24165/8824065 [7:56:32<20:56:59, 116.68it/s]
  0%|          | 24177/8824065 [7:56:32<20:52:36, 117.09it/s]
  0%|          | 24189/8824065 [7:56:32<20:46:54, 117.62it/s]
  0%|          | 24201/8824065 [7:56:32<20:46:25, 117.67it/s]
  0%|          | 24213/8824065 [7:56:33<20:47:24, 117.57it/s]
  0%|          | 24225/8824065 [7:56:33<20:48:31, 117.47it/s]
  0%|          | 24237/8824065 [7:56:33<20:52:16, 117.12it/s]
  0%|          | 24249/8824065 [7:56:33<20:51:47, 117.16it/s]
  0%|          | 24261/8824065 [7:56:33<20:49:37, 117.37it/s]
  0%|          | 24273/8824065 [7:56:33<20:54:12, 116.94it/s]
  0%|          | 24285/8824065 [7:56:33<20:59:27, 116.45it/s]
  0%|          | 24297/8824065 [7:56:33<21:48:56, 112.05it/s]
  0%|          | 24297/8824065 [7:56:50<21:48:56, 112.05it/s]
  0%|          | 24301/8824065 [8:04:55<38328:45:15, 15.68s/it]
  0%|          | 24313/8824065 [8:04:55<24965:32:30, 10.21s/it]
  0%|          | 24325/8824065 [8:04:55<16669:02:36,  6.82s/it]
  0%|          | 24337/8824065 [8:04:55<11306:38:41,  4.63s/it]
  0%|          | 24349/8824065 [8:04:55<7753:56:48,  3.17s/it] 
  0%|          | 24361/8824065 [8:04:55<5353:13:51,  2.19s/it]
  0%|          | 24373/8824065 [8:04:56<3714:57:04,  1.52s/it]
  0%|          | 24385/8824065 [8:04:56<2588:11:53,  1.06s/it]
  0%|          | 24397/8824065 [8:04:56<1808:52:32,  1.35it/s]
  0%|          | 24409/8824065 [8:04:56<1268:03:48,  1.93it/s]
  0%|          | 24422/8824065 [8:04:56<870:15:06,  2.81it/s] 
  0%|          | 24434/8824065 [8:04:56<618:53:24,  3.95it/s]
  0%|          | 24447/8824065 [8:04:56<430:49:13,  5.67it/s]
  0%|          | 24460/8824065 [8:04:56<303:40:34,  8.05it/s]
  0%|          | 24472/8824065 [8:04:56<222:10:55, 11.00it/s]
  0%|          | 24484/8824065 [8:04:56<165:17:17, 14.79it/s]
  0%|          | 24495/8824065 [8:04:57<127:40:15, 19.15it/s]
  0%|          | 24495/8824065 [8:05:10<127:40:15, 19.15it/s]
  0%|          | 24501/8824065 [8:09:47<21129:10:33,  8.64s/it]
  0%|          | 24513/8824065 [8:09:47<14022:09:29,  5.74s/it]
  0%|          | 24525/8824065 [8:09:47<9474:50:17,  3.88s/it] 
  0%|          | 24537/8824065 [8:09:47<6478:36:52,  2.65s/it]
  0%|          | 24549/8824065 [8:09:48<4466:04:47,  1.83s/it]
  0%|          | 24562/8824065 [8:09:48<3019:31:55,  1.24s/it]
  0%|          | 24575/8824065 [8:09:48<2067:48:10,  1.18it/s]
  0%|          | 24587/8824065 [8:09:48<1463:49:25,  1.67it/s]
  0%|          | 24599/8824065 [8:09:48<1035:52:01,  2.36it/s]
  0%|          | 24611/8824065 [8:09:48<733:45:12,  3.33it/s] 
  0%|          | 24623/8824065 [8:09:48<521:00:45,  4.69it/s]
  0%|          | 24636/8824065 [8:09:48<362:51:12,  6.74it/s]
  0%|          | 24649/8824065 [8:09:48<256:21:58,  9.53it/s]
  0%|          | 24661/8824065 [8:09:48<187:50:44, 13.01it/s]
  0%|          | 24673/8824065 [8:09:49<138:42:12, 17.62it/s]
  0%|          | 24686/8824065 [8:09:49<101:43:03, 24.03it/s]
  0%|          | 24698/8824065 [8:09:49<78:11:57, 31.26it/s] 
  0%|          | 24710/8824065 [8:09:49<61:14:58, 39.91it/s]
  0%|          | 24722/8824065 [8:09:49<49:19:31, 49.55it/s]
  0%|          | 24734/8824065 [8:09:49<40:45:31, 59.97it/s]
  0%|          | 24746/8824065 [8:09:49<34:44:02, 70.37it/s]
  0%|          | 24759/8824065 [8:09:49<30:11:11, 80.97it/s]
  0%|          | 24772/8824065 [8:09:49<27:05:09, 90.24it/s]
  0%|          | 24784/8824065 [8:09:49<25:08:24, 97.22it/s]
  0%|          | 24796/8824065 [8:09:50<23:47:52, 102.71it/s]
  0%|          | 24809/8824065 [8:09:50<22:41:39, 107.70it/s]
  0%|          | 24822/8824065 [8:09:50<21:57:40, 111.30it/s]
  0%|          | 24834/8824065 [8:09:50<21:31:41, 113.54it/s]
  0%|          | 24846/8824065 [8:09:50<21:12:09, 115.28it/s]
  0%|          | 24859/8824065 [8:09:50<20:53:54, 116.96it/s]
  0%|          | 24872/8824065 [8:09:50<20:46:55, 117.61it/s]
  0%|          | 24885/8824065 [8:09:50<20:36:59, 118.56it/s]
  0%|          | 24898/8824065 [8:09:50<20:27:12, 119.50it/s]
  0%|          | 24911/8824065 [8:09:51<20:22:58, 119.92it/s]
  0%|          | 24924/8824065 [8:09:51<20:22:44, 119.94it/s]
  0%|          | 24937/8824065 [8:09:51<20:24:50, 119.73it/s]
  0%|          | 24950/8824065 [8:09:51<20:24:57, 119.72it/s]
  0%|          | 24962/8824065 [8:09:51<20:24:28, 119.77it/s]
  0%|          | 24974/8824065 [8:09:51<20:27:05, 119.51it/s]
  0%|          | 24986/8824065 [8:09:51<20:25:49, 119.63it/s]
  0%|          | 24998/8824065 [8:09:51<20:25:43, 119.65it/s]
  0%|          | 25010/8824065 [8:09:51<20:24:56, 119.72it/s]
  0%|          | 25023/8824065 [8:09:51<20:22:14, 119.99it/s]
  0%|          | 25036/8824065 [8:09:52<20:21:54, 120.02it/s]
  0%|          | 25049/8824065 [8:09:52<20:18:23, 120.36it/s]
  0%|          | 25062/8824065 [8:09:52<20:19:20, 120.27it/s]
  0%|          | 25075/8824065 [8:09:52<20:20:38, 120.14it/s]
  0%|          | 25088/8824065 [8:09:52<20:22:11, 119.99it/s]
  0%|          | 25088/8824065 [8:10:10<20:22:11, 119.99it/s]
  0%|          | 25101/8824065 [8:10:48<3209:09:36,  1.31s/it]
  0%|          | 25110/8824065 [8:10:48<2478:09:45,  1.01s/it]
  0%|          | 25122/8824065 [8:10:49<1730:01:01,  1.41it/s]
  0%|          | 25134/8824065 [8:10:49<1211:55:07,  2.02it/s]
  0%|          | 25147/8824065 [8:10:49<831:28:03,  2.94it/s] 
  0%|          | 25160/8824065 [8:10:49<577:23:14,  4.23it/s]
  0%|          | 25172/8824065 [8:10:49<415:09:16,  5.89it/s]
  0%|          | 25184/8824065 [8:10:49<300:39:48,  8.13it/s]
  0%|          | 25195/8824065 [8:10:49<224:20:40, 10.89it/s]
  0%|          | 25195/8824065 [8:11:00<224:20:40, 10.89it/s]
  0%|          | 25201/8824065 [8:11:27<2907:37:36,  1.19s/it]
  0%|          | 25213/8824065 [8:11:27<1933:35:05,  1.26it/s]
  0%|          | 25224/8824065 [8:11:27<1348:10:45,  1.81it/s]
  0%|          | 25236/8824065 [8:11:27<919:02:30,  2.66it/s] 
  0%|          | 25249/8824065 [8:11:27<619:23:17,  3.95it/s]
  0%|          | 25262/8824065 [8:11:27<426:06:20,  5.74it/s]
  0%|          | 25275/8824065 [8:11:27<298:04:10,  8.20it/s]
  0%|          | 25287/8824065 [8:11:28<220:06:10, 11.10it/s]
  0%|          | 25300/8824065 [8:11:28<157:36:44, 15.51it/s]
  0%|          | 25300/8824065 [8:11:40<157:36:44, 15.51it/s]
  0%|          | 25301/8824065 [8:12:48<6663:43:57,  2.73s/it]
  0%|          | 25313/8824065 [8:12:48<4253:55:55,  1.74s/it]
  0%|          | 25325/8824065 [8:12:48<2809:00:34,  1.15s/it]
  0%|          | 25337/8824065 [8:12:48<1895:06:23,  1.29it/s]
  0%|          | 25349/8824065 [8:12:48<1297:23:43,  1.88it/s]
  0%|          | 25361/8824065 [8:12:48<897:53:54,  2.72it/s] 
  0%|          | 25373/8824065 [8:12:48<626:51:52,  3.90it/s]
  0%|          | 25385/8824065 [8:12:49<441:14:21,  5.54it/s]
  0%|          | 25397/8824065 [8:12:49<313:15:06,  7.80it/s]
  0%|          | 25397/8824065 [8:13:00<313:15:06,  7.80it/s]
  0%|          | 25401/8824065 [8:14:12<6706:44:14,  2.74s/it]
  0%|          | 25412/8824065 [8:14:12<4487:27:30,  1.84s/it]
  0%|          | 25424/8824065 [8:14:12<2965:15:10,  1.21s/it]
  0%|          | 25436/8824065 [8:14:12<2000:33:31,  1.22it/s]
  0%|          | 25448/8824065 [8:14:12<1369:23:57,  1.78it/s]
  0%|          | 25460/8824065 [8:14:12<947:20:19,  2.58it/s] 
  0%|          | 25472/8824065 [8:14:13<661:02:21,  3.70it/s]
  0%|          | 25484/8824065 [8:14:13<465:59:45,  5.24it/s]
  0%|          | 25496/8824065 [8:14:13<332:30:54,  7.35it/s]
  0%|          | 25496/8824065 [8:14:30<332:30:54,  7.35it/s]
  0%|          | 25501/8824065 [8:19:18<23186:03:46,  9.49s/it]
  0%|          | 25511/8824065 [8:19:18<16130:34:15,  6.60s/it]
  0%|          | 25521/8824065 [8:19:19<11249:54:00,  4.60s/it]
  0%|          | 25530/8824065 [8:19:19<8105:03:12,  3.32s/it] 
  0%|          | 25539/8824065 [8:19:19<5795:21:24,  2.37s/it]
  0%|          | 25548/8824065 [8:19:19<4123:55:10,  1.69s/it]
  0%|          | 25556/8824065 [8:19:19<3023:28:25,  1.24s/it]
  0%|          | 25564/8824065 [8:19:19<2194:02:13,  1.11it/s]
  0%|          | 25572/8824065 [8:19:19<1581:33:12,  1.55it/s]
  0%|          | 25579/8824065 [8:19:19<1176:56:38,  2.08it/s]
  0%|          | 25586/8824065 [8:19:20<866:08:25,  2.82it/s] 
  0%|          | 25593/8824065 [8:19:20<633:24:19,  3.86it/s]
  0%|          | 25593/8824065 [8:19:30<633:24:19,  3.86it/s]
  0%|          | 25601/8824065 [8:28:17<52000:03:44, 21.28s/it]
  0%|          | 25613/8824065 [8:28:18<31100:06:11, 12.73s/it]
  0%|          | 25625/8824065 [8:28:18<19761:10:58,  8.09s/it]
  0%|          | 25637/8824065 [8:28:18<12997:36:37,  5.32s/it]
  0%|          | 25649/8824065 [8:28:18<8733:14:46,  3.57s/it] 
  0%|          | 25661/8824065 [8:28:18<5949:50:48,  2.43s/it]
  0%|          | 25673/8824065 [8:28:18<4091:44:06,  1.67s/it]
  0%|          | 25685/8824065 [8:28:18<2832:43:24,  1.16s/it]
  0%|          | 25697/8824065 [8:28:18<1971:02:00,  1.24it/s]
  0%|          | 25697/8824065 [8:28:30<1971:02:00,  1.24it/s]
  0%|          | 25701/8824065 [8:53:35<119752:56:42, 49.00s/it]
  0%|          | 25713/8824065 [8:53:36<77482:08:08, 31.70s/it] 
  0%|          | 25725/8824065 [8:53:36<51512:18:28, 21.08s/it]
  0%|          | 25737/8824065 [8:53:36<34837:05:17, 14.25s/it]
  0%|          | 25749/8824065 [8:53:36<23825:02:58,  9.75s/it]
  0%|          | 25761/8824065 [8:53:36<16418:24:55,  6.72s/it]
  0%|          | 25772/8824065 [8:53:36<11670:54:13,  4.78s/it]
  0%|          | 25784/8824065 [8:53:36<8048:22:46,  3.29s/it] 
  0%|          | 25796/8824065 [8:53:36<5579:13:20,  2.28s/it]
  0%|          | 25808/8824065 [8:53:36<3882:33:07,  1.59s/it]
  0%|          | 25821/8824065 [8:53:37<2643:20:25,  1.08s/it]
  0%|          | 25833/8824065 [8:53:37<1864:03:02,  1.31it/s]
  0%|          | 25845/8824065 [8:53:37<1314:53:10,  1.86it/s]
  0%|          | 25857/8824065 [8:53:37<928:30:19,  2.63it/s] 
  0%|          | 25870/8824065 [8:53:37<640:56:32,  3.81it/s]
  0%|          | 25882/8824065 [8:53:37<458:22:35,  5.33it/s]
  0%|          | 25894/8824065 [8:53:37<328:46:11,  7.43it/s]
  0%|          | 25906/8824065 [8:53:37<237:09:06, 10.31it/s]
  0%|          | 25919/8824065 [8:53:37<168:47:09, 14.48it/s]
  0%|          | 25932/8824065 [8:53:37<122:41:42, 19.92it/s]
  0%|          | 25945/8824065 [8:53:38<91:14:24, 26.79it/s] 
  0%|          | 25958/8824065 [8:53:38<69:35:53, 35.11it/s]
  0%|          | 25971/8824065 [8:53:38<54:40:40, 44.70it/s]
  0%|          | 25984/8824065 [8:53:38<44:20:12, 55.12it/s]
  0%|          | 25997/8824065 [8:53:38<37:03:00, 65.96it/s]
  0%|          | 26010/8824065 [8:53:38<31:59:19, 76.40it/s]
  0%|          | 26023/8824065 [8:53:38<28:29:28, 85.78it/s]
  0%|          | 26036/8824065 [8:53:38<26:04:27, 93.73it/s]
  0%|          | 26049/8824065 [8:53:38<24:21:44, 100.31it/s]
  0%|          | 26062/8824065 [8:53:39<23:09:23, 105.54it/s]
  0%|          | 26075/8824065 [8:53:39<22:20:51, 109.36it/s]
  0%|          | 26087/8824065 [8:53:39<21:48:42, 112.04it/s]
  0%|          | 26099/8824065 [8:53:39<21:24:31, 114.15it/s]
  0%|          | 26112/8824065 [8:53:39<21:03:58, 116.01it/s]
  0%|          | 26125/8824065 [8:53:39<20:48:47, 117.42it/s]
  0%|          | 26138/8824065 [8:53:39<20:42:38, 118.00it/s]
  0%|          | 26151/8824065 [8:53:39<20:33:34, 118.87it/s]
  0%|          | 26164/8824065 [8:53:39<20:27:36, 119.45it/s]
  0%|          | 26177/8824065 [8:53:40<20:20:26, 120.15it/s]
  0%|          | 26190/8824065 [8:53:40<20:27:48, 119.43it/s]
  0%|          | 26202/8824065 [8:53:40<20:31:12, 119.10it/s]
  0%|          | 26215/8824065 [8:53:40<20:28:15, 119.38it/s]
  0%|          | 26227/8824065 [8:53:40<20:26:40, 119.53it/s]
  0%|          | 26239/8824065 [8:53:40<20:27:36, 119.44it/s]
  0%|          | 26251/8824065 [8:53:40<20:30:30, 119.16it/s]
  0%|          | 26264/8824065 [8:53:40<20:27:21, 119.47it/s]
  0%|          | 26277/8824065 [8:53:40<20:24:52, 119.71it/s]
  0%|          | 26289/8824065 [8:53:40<20:26:07, 119.59it/s]
  0%|          | 26301/8824065 [8:53:41<20:24:59, 119.70it/s]
  0%|          | 26313/8824065 [8:53:41<20:27:17, 119.47it/s]
  0%|          | 26325/8824065 [8:53:41<20:29:07, 119.30it/s]
  0%|          | 26337/8824065 [8:53:41<20:29:32, 119.25it/s]
  0%|          | 26349/8824065 [8:53:41<20:28:34, 119.35it/s]
  0%|          | 26361/8824065 [8:53:41<20:30:07, 119.20it/s]
  0%|          | 26373/8824065 [8:53:41<20:29:05, 119.30it/s]
  0%|          | 26385/8824065 [8:53:41<20:29:52, 119.22it/s]
  0%|          | 26397/8824065 [8:53:41<20:29:31, 119.26it/s]
  0%|          | 26409/8824065 [8:53:41<20:28:43, 119.33it/s]
  0%|          | 26421/8824065 [8:53:42<20:31:32, 119.06it/s]
  0%|          | 26433/8824065 [8:53:42<20:32:54, 118.93it/s]
  0%|          | 26445/8824065 [8:53:42<20:37:30, 118.49it/s]
  0%|          | 26457/8824065 [8:53:42<20:41:06, 118.14it/s]
  0%|          | 26469/8824065 [8:53:42<20:46:29, 117.63it/s]
  0%|          | 26481/8824065 [8:53:42<20:39:15, 118.32it/s]
  0%|          | 26493/8824065 [8:53:42<20:34:09, 118.81it/s]
  0%|          | 26493/8824065 [8:54:00<20:34:09, 118.81it/s]
  0%|          | 26501/8824065 [9:10:14<67349:05:33, 27.56s/it]
  0%|          | 26513/8824065 [9:10:14<45631:13:16, 18.67s/it]
  0%|          | 26525/8824065 [9:10:14<31243:33:51, 12.79s/it]
  0%|          | 26537/8824065 [9:10:14<21544:42:18,  8.82s/it]
  0%|          | 26549/8824065 [9:10:15<14928:45:22,  6.11s/it]
  0%|          | 26561/8824065 [9:10:15<10380:54:57,  4.25s/it]
  0%|          | 26573/8824065 [9:10:15<7235:57:53,  2.96s/it] 
  0%|          | 26585/8824065 [9:10:15<5053:23:57,  2.07s/it]
  0%|          | 26597/8824065 [9:10:15<3534:49:51,  1.45s/it]
  0%|          | 26609/8824065 [9:10:15<2476:18:26,  1.01s/it]
  0%|          | 26621/8824065 [9:10:15<1737:30:41,  1.41it/s]
  0%|          | 26633/8824065 [9:10:15<1221:25:48,  2.00it/s]
  0%|          | 26645/8824065 [9:10:15<860:40:49,  2.84it/s] 
  0%|          | 26657/8824065 [9:10:15<608:26:45,  4.02it/s]
  0%|          | 26669/8824065 [9:10:16<431:59:46,  5.66it/s]
  0%|          | 26681/8824065 [9:10:16<308:35:16,  7.92it/s]
  0%|          | 26693/8824065 [9:10:16<222:11:08, 11.00it/s]
  0%|          | 26705/8824065 [9:10:16<161:39:08, 15.12it/s]
  0%|          | 26717/8824065 [9:10:16<119:24:49, 20.46it/s]
  0%|          | 26729/8824065 [9:10:16<89:44:19, 27.23it/s] 
  0%|          | 26741/8824065 [9:10:16<69:05:45, 35.37it/s]
  0%|          | 26753/8824065 [9:10:16<54:42:08, 44.67it/s]
  0%|          | 26765/8824065 [9:10:16<44:33:25, 54.84it/s]
  0%|          | 26777/8824065 [9:10:17<37:28:08, 65.22it/s]
  0%|          | 26789/8824065 [9:10:17<32:39:45, 74.82it/s]
  0%|          | 26789/8824065 [9:10:30<32:39:45, 74.82it/s]
  0%|          | 26801/8824065 [9:11:36<4845:09:36,  1.98s/it]
  0%|          | 26813/8824065 [9:11:36<3397:53:13,  1.39s/it]
  0%|          | 26825/8824065 [9:11:36<2385:15:56,  1.02it/s]
  0%|          | 26837/8824065 [9:11:36<1675:54:01,  1.46it/s]
  0%|          | 26849/8824065 [9:11:36<1179:18:00,  2.07it/s]
  0%|          | 26861/8824065 [9:11:36<831:47:44,  2.94it/s] 
  0%|          | 26873/8824065 [9:11:36<588:28:32,  4.15it/s]
  0%|          | 26885/8824065 [9:11:36<418:33:24,  5.84it/s]
  0%|          | 26897/8824065 [9:11:36<300:57:45,  8.12it/s]
  0%|          | 26897/8824065 [9:11:50<300:57:45,  8.12it/s]
  0%|          | 26901/8824065 [9:12:32<4490:56:57,  1.84s/it]
  0%|          | 26913/8824065 [9:12:32<2931:51:07,  1.20s/it]
  0%|          | 26925/8824065 [9:12:32<1963:41:53,  1.24it/s]
  0%|          | 26937/8824065 [9:12:32<1337:52:04,  1.83it/s]
  0%|          | 26954/8824065 [9:12:32<815:47:01,  3.00it/s] 
  0%|          | 26972/8824065 [9:12:32<516:10:36,  4.73it/s]
  0%|          | 26990/8824065 [9:12:32<341:23:59,  7.16it/s]
  0%|          | 26990/8824065 [9:12:50<341:23:59,  7.16it/s]
  0%|          | 27001/8824065 [9:13:18<2628:29:17,  1.08s/it]
  0%|          | 27013/8824065 [9:13:18<1933:47:14,  1.26it/s]
  0%|          | 27028/8824065 [9:13:18<1317:05:54,  1.86it/s]
  0%|          | 27042/8824065 [9:13:18<927:29:44,  2.63it/s] 
  0%|          | 27055/8824065 [9:13:19<669:41:18,  3.65it/s]
  0%|          | 27068/8824065 [9:13:19<482:49:32,  5.06it/s]
  0%|          | 27080/8824065 [9:13:19<355:31:16,  6.87it/s]
  0%|          | 27092/8824065 [9:13:19<260:50:23,  9.37it/s]
  0%|          | 27104/8824065 [9:13:19<191:49:47, 12.74it/s]
  0%|          | 27116/8824065 [9:13:19<142:03:10, 17.20it/s]
  0%|          | 27128/8824065 [9:13:19<106:32:40, 22.93it/s]
  0%|          | 27140/8824065 [9:13:19<81:14:43, 30.08it/s] 
  0%|          | 27152/8824065 [9:13:19<63:19:51, 38.58it/s]
  0%|          | 27164/8824065 [9:13:20<50:45:46, 48.14it/s]
  0%|          | 27176/8824065 [9:13:20<41:56:05, 58.27it/s]
  0%|          | 27188/8824065 [9:13:20<35:41:31, 68.46it/s]
  0%|          | 27200/8824065 [9:13:20<31:46:26, 76.91it/s]
  0%|          | 27212/8824065 [9:13:20<29:34:33, 82.62it/s]
  0%|          | 27223/8824065 [9:13:20<27:37:30, 88.45it/s]
  0%|          | 27235/8824065 [9:13:20<25:35:43, 95.47it/s]
  0%|          | 27247/8824065 [9:13:20<24:14:39, 100.79it/s]
  0%|          | 27259/8824065 [9:13:20<23:15:04, 105.09it/s]
  0%|          | 27271/8824065 [9:13:20<22:32:47, 108.38it/s]
  0%|          | 27283/8824065 [9:13:21<22:58:40, 106.34it/s]
  0%|          | 27295/8824065 [9:13:21<22:18:40, 109.52it/s]
  0%|          | 27307/8824065 [9:13:21<21:51:08, 111.82it/s]
  0%|          | 27319/8824065 [9:13:21<21:31:12, 113.55it/s]
  0%|          | 27331/8824065 [9:13:21<21:21:38, 114.39it/s]
  0%|          | 27343/8824065 [9:13:21<21:52:35, 111.70it/s]
  0%|          | 27355/8824065 [9:13:21<23:43:27, 103.00it/s]
  0%|          | 27367/8824065 [9:13:21<22:53:25, 106.75it/s]
  0%|          | 27379/8824065 [9:13:21<22:19:43, 109.43it/s]
  0%|          | 27391/8824065 [9:13:22<21:57:18, 111.30it/s]
  0%|          | 27403/8824065 [9:13:22<21:38:34, 112.90it/s]
  0%|          | 27415/8824065 [9:13:22<21:26:34, 113.95it/s]
  0%|          | 27427/8824065 [9:13:22<22:40:18, 107.78it/s]
  0%|          | 27438/8824065 [9:13:22<22:36:51, 108.05it/s]
  0%|          | 27449/8824065 [9:13:22<22:39:20, 107.85it/s]
  0%|          | 27461/8824065 [9:13:22<22:07:55, 110.41it/s]
  0%|          | 27473/8824065 [9:13:22<21:44:07, 112.42it/s]
  0%|          | 27485/8824065 [9:13:22<21:28:59, 113.74it/s]
  0%|          | 27497/8824065 [9:13:23<21:17:14, 114.79it/s]
  0%|          | 27497/8824065 [9:13:40<21:17:14, 114.79it/s]
  0%|          | 27501/8824065 [9:18:26<23418:36:15,  9.58s/it]
  0%|          | 27513/8824065 [9:18:26<15208:52:47,  6.22s/it]
  0%|          | 27525/8824065 [9:18:26<10139:06:40,  4.15s/it]
  0%|          | 27537/8824065 [9:18:27<6872:17:01,  2.81s/it] 
  0%|          | 27549/8824065 [9:18:27<4709:14:59,  1.93s/it]
  0%|          | 27561/8824065 [9:18:27<3252:00:38,  1.33s/it]
  0%|          | 27573/8824065 [9:18:27<2258:23:46,  1.08it/s]
  0%|          | 27585/8824065 [9:18:27<1575:30:54,  1.55it/s]
  0%|          | 27597/8824065 [9:18:27<1103:25:17,  2.21it/s]
  0%|          | 27597/8824065 [9:18:40<1103:25:17,  2.21it/s]
  0%|          | 27601/8824065 [9:19:26<5499:01:08,  2.25s/it]
  0%|          | 27613/8824065 [9:19:26<3574:50:24,  1.46s/it]
  0%|          | 27625/8824065 [9:19:26<2387:19:48,  1.02it/s]
  0%|          | 27637/8824065 [9:19:26<1622:37:04,  1.51it/s]
  0%|          | 27649/8824065 [9:19:26<1116:47:36,  2.19it/s]
  0%|          | 27661/8824065 [9:19:26<776:00:39,  3.15it/s] 
  0%|          | 27673/8824065 [9:19:26<543:41:26,  4.49it/s]
  0%|          | 27685/8824065 [9:19:27<383:57:23,  6.36it/s]
  0%|          | 27697/8824065 [9:19:27<273:44:14,  8.93it/s]
  0%|          | 27709/8824065 [9:19:27<197:05:13, 12.40it/s]
  0%|          | 27721/8824065 [9:19:27<143:47:19, 16.99it/s]
  0%|          | 27733/8824065 [9:19:27<106:37:08, 22.92it/s]
  0%|          | 27745/8824065 [9:19:27<80:40:44, 30.29it/s] 
  0%|          | 27757/8824065 [9:19:27<62:35:48, 39.03it/s]
  0%|          | 27769/8824065 [9:19:27<49:54:50, 48.95it/s]
  0%|          | 27782/8824065 [9:19:27<40:32:30, 60.27it/s]
  0%|          | 27794/8824065 [9:19:27<34:38:08, 70.55it/s]
  0%|          | 27794/8824065 [9:19:40<34:38:08, 70.55it/s]
  0%|          | 27801/8824065 [9:21:50<9877:26:22,  4.04s/it]
  0%|          | 27813/8824065 [9:21:51<6665:45:43,  2.73s/it]
  0%|          | 27825/8824065 [9:21:51<4557:57:38,  1.87s/it]
  0%|          | 27838/8824065 [9:21:51<3062:31:41,  1.25s/it]
  0%|          | 27850/8824065 [9:21:51<2140:57:37,  1.14it/s]
  0%|          | 27862/8824065 [9:21:51<1500:30:50,  1.63it/s]
  0%|          | 27874/8824065 [9:21:51<1054:26:26,  2.32it/s]
  0%|          | 27886/8824065 [9:21:51<743:14:00,  3.29it/s] 
  0%|          | 27899/8824065 [9:21:51<513:28:07,  4.76it/s]
  0%|          | 27899/8824065 [9:22:10<513:28:07,  4.76it/s]
  0%|          | 27901/8824065 [9:25:52<19679:12:39,  8.05s/it]
  0%|          | 27913/8824065 [9:25:52<12625:33:37,  5.17s/it]
  0%|          | 27925/8824065 [9:25:52<8353:56:20,  3.42s/it] 
  0%|          | 27938/8824065 [9:25:52<5486:54:57,  2.25s/it]
  0%|          | 27951/8824065 [9:25:52<3685:33:28,  1.51s/it]
  0%|          | 27964/8824065 [9:25:53<2512:23:57,  1.03s/it]
  0%|          | 27976/8824065 [9:25:53<1772:47:19,  1.38it/s]
  0%|          | 27988/8824065 [9:25:53<1251:00:02,  1.95it/s]
  0%|          | 27988/8824065 [9:26:10<1251:00:02,  1.95it/s]
  0%|          | 28001/8824065 [9:27:51<7855:48:55,  3.22s/it]
  0%|          | 28011/8824065 [9:27:51<5840:05:01,  2.39s/it]
  0%|          | 28023/8824065 [9:27:51<4058:19:56,  1.66s/it]
  0%|          | 28035/8824065 [9:27:51<2829:39:01,  1.16s/it]
  0%|          | 28047/8824065 [9:27:51<1978:35:03,  1.23it/s]
  0%|          | 28059/8824065 [9:27:51<1387:07:52,  1.76it/s]
  0%|          | 28071/8824065 [9:27:51<975:09:54,  2.51it/s] 
  0%|          | 28083/8824065 [9:27:52<687:52:07,  3.55it/s]
  0%|          | 28095/8824065 [9:27:52<487:15:13,  5.01it/s]
  0%|          | 28107/8824065 [9:27:52<347:04:42,  7.04it/s]
  0%|          | 28119/8824065 [9:27:52<248:58:54,  9.81it/s]
  0%|          | 28131/8824065 [9:27:52<180:22:28, 13.55it/s]
  0%|          | 28143/8824065 [9:27:52<132:24:06, 18.45it/s]
  0%|          | 28155/8824065 [9:27:52<98:52:51, 24.71it/s] 
  0%|          | 28167/8824065 [9:27:52<75:23:26, 32.41it/s]
  0%|          | 28179/8824065 [9:27:52<58:57:52, 41.44it/s]
  0%|          | 28191/8824065 [9:27:52<47:25:43, 51.52it/s]
  0%|          | 28203/8824065 [9:27:53<39:22:27, 62.05it/s]
  0%|          | 28215/8824065 [9:27:53<33:48:17, 72.28it/s]
  0%|          | 28227/8824065 [9:27:53<30:10:53, 80.95it/s]
  0%|          | 28239/8824065 [9:27:53<27:17:59, 89.50it/s]
  0%|          | 28251/8824065 [9:27:53<25:15:38, 96.72it/s]
  0%|          | 28263/8824065 [9:27:53<23:50:53, 102.45it/s]
  0%|          | 28275/8824065 [9:27:53<22:48:38, 107.11it/s]
  0%|          | 28287/8824065 [9:27:53<22:08:26, 110.35it/s]
  0%|          | 28299/8824065 [9:27:53<21:40:03, 112.76it/s]
  0%|          | 28312/8824065 [9:27:53<21:15:40, 114.92it/s]
  0%|          | 28324/8824065 [9:27:54<21:05:13, 115.87it/s]
  0%|          | 28336/8824065 [9:27:54<20:55:23, 116.77it/s]
  0%|          | 28348/8824065 [9:27:54<20:48:12, 117.44it/s]
  0%|          | 28360/8824065 [9:27:54<20:48:55, 117.38it/s]
  0%|          | 28372/8824065 [9:27:54<20:45:09, 117.73it/s]
  0%|          | 28384/8824065 [9:27:54<20:42:09, 118.02it/s]
  0%|          | 28396/8824065 [9:27:54<20:41:55, 118.04it/s]
  0%|          | 28408/8824065 [9:27:54<20:38:30, 118.36it/s]
  0%|          | 28420/8824065 [9:27:54<20:37:39, 118.44it/s]
  0%|          | 28432/8824065 [9:27:54<20:39:53, 118.23it/s]
  0%|          | 28444/8824065 [9:27:55<20:40:11, 118.20it/s]
  0%|          | 28456/8824065 [9:27:55<20:38:26, 118.37it/s]
  0%|          | 28468/8824065 [9:27:55<22:10:04, 110.21it/s]
  0%|          | 28480/8824065 [9:27:55<21:41:07, 112.67it/s]
  0%|          | 28493/8824065 [9:27:55<20:51:29, 117.13it/s]
  0%|          | 28505/8824065 [9:27:55<20:51:31, 117.13it/s]
  0%|          | 28517/8824065 [9:27:55<20:48:42, 117.40it/s]
  0%|          | 28529/8824065 [9:27:55<20:48:52, 117.38it/s]
  0%|          | 28541/8824065 [9:27:55<20:45:05, 117.74it/s]
  0%|          | 28553/8824065 [9:27:56<20:42:43, 117.96it/s]
  0%|          | 28565/8824065 [9:27:56<20:46:27, 117.61it/s]
  0%|          | 28577/8824065 [9:27:56<20:41:48, 118.05it/s]
  0%|          | 28589/8824065 [9:27:56<21:09:12, 115.50it/s]
  0%|          | 28601/8824065 [9:27:56<22:43:36, 107.50it/s]
  0%|          | 28613/8824065 [9:27:56<22:05:56, 110.56it/s]
  0%|          | 28625/8824065 [9:27:56<21:39:20, 112.82it/s]
  0%|          | 28637/8824065 [9:27:56<21:52:41, 111.67it/s]
  0%|          | 28649/8824065 [9:27:56<21:30:16, 113.61it/s]
  0%|          | 28661/8824065 [9:27:56<21:13:35, 115.10it/s]
  0%|          | 28673/8824065 [9:27:57<21:00:26, 116.30it/s]
  0%|          | 28685/8824065 [9:27:57<20:56:06, 116.70it/s]
  0%|          | 28697/8824065 [9:27:57<20:50:03, 117.27it/s]
  0%|          | 28709/8824065 [9:27:57<20:46:56, 117.56it/s]
  0%|          | 28721/8824065 [9:27:57<20:41:02, 118.12it/s]
  0%|          | 28733/8824065 [9:27:57<20:38:02, 118.40it/s]
  0%|          | 28746/8824065 [9:27:57<20:31:19, 119.05it/s]
  0%|          | 28759/8824065 [9:27:57<20:28:08, 119.36it/s]
  0%|          | 28772/8824065 [9:27:57<20:25:28, 119.62it/s]
  0%|          | 28784/8824065 [9:27:58<20:25:30, 119.61it/s]
  0%|          | 28796/8824065 [9:27:58<20:25:02, 119.66it/s]
  0%|          | 28809/8824065 [9:27:58<20:23:44, 119.79it/s]
  0%|          | 28821/8824065 [9:27:58<20:24:10, 119.74it/s]
  0%|          | 28834/8824065 [9:27:58<20:22:00, 119.96it/s]
  0%|          | 28846/8824065 [9:27:58<23:10:46, 105.40it/s]
  0%|          | 28858/8824065 [9:27:58<22:38:45, 107.88it/s]
  0%|          | 28870/8824065 [9:27:58<21:58:29, 111.18it/s]
  0%|          | 28882/8824065 [9:27:58<21:33:10, 113.35it/s]
  0%|          | 28895/8824065 [9:27:58<21:09:03, 115.51it/s]
  0%|          | 28895/8824065 [9:28:10<21:09:03, 115.51it/s]
  0%|          | 28901/8824065 [10:05:01<155542:03:58, 63.67s/it]
  0%|          | 28917/8824065 [10:05:01<94012:50:26, 38.48s/it] 
  0%|          | 28935/8824065 [10:05:02<57476:50:32, 23.53s/it]
  0%|          | 28953/8824065 [10:05:02<36961:15:39, 15.13s/it]
  0%|          | 28971/8824065 [10:05:02<24481:48:23, 10.02s/it]
  0%|          | 28989/8824065 [10:05:02<16518:06:23,  6.76s/it]
  0%|          | 28989/8824065 [10:05:20<16518:06:23,  6.76s/it]
  0%|          | 29001/8824065 [10:13:58<38431:05:10, 15.73s/it]
  0%|          | 29011/8824065 [10:13:58<29990:27:04, 12.28s/it]
  0%|          | 29026/8824065 [10:13:58<20394:53:55,  8.35s/it]
  0%|          | 29040/8824065 [10:13:58<14299:16:59,  5.85s/it]
  0%|          | 29054/8824065 [10:13:58<10023:57:10,  4.10s/it]
  0%|          | 29067/8824065 [10:13:58<7180:11:53,  2.94s/it] 
  0%|          | 29080/8824065 [10:13:59<5113:37:05,  2.09s/it]
  0%|          | 29092/8824065 [10:13:59<3709:26:16,  1.52s/it]
  0%|          | 29104/8824065 [10:13:59<2666:53:24,  1.09s/it]
  0%|          | 29116/8824065 [10:13:59<1905:43:37,  1.28it/s]
  0%|          | 29128/8824065 [10:13:59<1356:41:38,  1.80it/s]
  0%|          | 29140/8824065 [10:13:59<964:06:08,  2.53it/s] 
  0%|          | 29152/8824065 [10:13:59<685:09:19,  3.57it/s]
  0%|          | 29164/8824065 [10:13:59<487:54:38,  5.01it/s]
  0%|          | 29176/8824065 [10:13:59<348:46:23,  7.00it/s]
  0%|          | 29188/8824065 [10:14:00<250:47:47,  9.74it/s]
  0%|          | 29200/8824065 [10:14:00<182:03:06, 13.42it/s]
  0%|          | 29212/8824065 [10:14:00<133:55:15, 18.24it/s]
  0%|          | 29224/8824065 [10:14:00<99:58:39, 24.44it/s] 
  0%|          | 29236/8824065 [10:14:00<76:15:00, 32.04it/s]
  0%|          | 29248/8824065 [10:14:00<59:47:31, 40.86it/s]
  0%|          | 29260/8824065 [10:14:00<48:04:31, 50.82it/s]
  0%|          | 29272/8824065 [10:14:00<40:13:14, 60.74it/s]
  0%|          | 29284/8824065 [10:14:00<34:31:29, 70.76it/s]
  0%|          | 29296/8824065 [10:14:00<30:30:43, 80.07it/s]
  0%|          | 29308/8824065 [10:14:01<27:44:23, 88.07it/s]
  0%|          | 29320/8824065 [10:14:01<25:46:05, 94.81it/s]
  0%|          | 29332/8824065 [10:14:01<24:27:30, 99.88it/s]
  0%|          | 29344/8824065 [10:14:01<23:19:48, 104.71it/s]
  0%|          | 29356/8824065 [10:14:01<22:34:36, 108.21it/s]
  0%|          | 29368/8824065 [10:14:01<22:03:10, 110.78it/s]
  0%|          | 29380/8824065 [10:14:01<21:49:28, 111.94it/s]
  0%|          | 29392/8824065 [10:14:01<21:45:35, 112.27it/s]
  0%|          | 29392/8824065 [10:14:20<21:45:35, 112.27it/s]
  0%|          | 29401/8824065 [10:18:13<16663:32:29,  6.82s/it]
  0%|          | 29412/8824065 [10:18:14<11704:00:48,  4.79s/it]
  0%|          | 29424/8824065 [10:18:14<7997:55:22,  3.27s/it] 
  0%|          | 29441/8824065 [10:18:14<4876:45:47,  2.00s/it]
  0%|          | 29454/8824065 [10:18:14<3423:15:14,  1.40s/it]
  0%|          | 29471/8824065 [10:18:14<2201:00:56,  1.11it/s]
  0%|          | 29489/8824065 [10:18:14<1431:47:04,  1.71it/s]
  0%|          | 29507/8824065 [10:18:14<957:35:58,  2.55it/s] 
  0%|          | 29525/8824065 [10:18:14<652:27:47,  3.74it/s]
  0%|          | 29543/8824065 [10:18:14<450:43:48,  5.42it/s]
  0%|          | 29562/8824065 [10:18:14<309:40:12,  7.89it/s]
  0%|          | 29580/8824065 [10:18:15<219:42:25, 11.12it/s]
  0%|          | 29598/8824065 [10:18:15<157:22:00, 15.52it/s]
  0%|          | 29617/8824065 [10:18:15<112:18:01, 21.75it/s]
  0%|          | 29635/8824065 [10:18:15<82:55:43, 29.46it/s] 
  0%|          | 29653/8824065 [10:18:15<64:10:26, 38.07it/s]
  0%|          | 29670/8824065 [10:18:15<50:02:27, 48.82it/s]
  0%|          | 29688/8824065 [10:18:15<39:03:33, 62.54it/s]
  0%|          | 29705/8824065 [10:18:25<454:15:03,  5.38it/s]
  0%|          | 29718/8824065 [10:18:26<349:48:55,  6.98it/s]
  0%|          | 29734/8824065 [10:18:26<251:52:34,  9.70it/s]
  0%|          | 29749/8824065 [10:18:26<185:59:09, 13.13it/s]
  0%|          | 29763/8824065 [10:18:26<140:24:29, 17.40it/s]
  0%|          | 29777/8824065 [10:18:26<106:33:06, 22.93it/s]
  0%|          | 29790/8824065 [10:18:26<83:03:28, 29.41it/s] 
  0%|          | 29790/8824065 [10:18:40<83:03:28, 29.41it/s]
  0%|          | 29801/8824065 [10:19:07<2316:09:00,  1.05it/s]
  0%|          | 29819/8824065 [10:19:07<1471:56:39,  1.66it/s]
  0%|          | 29838/8824065 [10:19:07<952:39:05,  2.56it/s] 
  0%|          | 29856/8824065 [10:19:07<647:17:43,  3.77it/s]
  0%|          | 29874/8824065 [10:19:08<446:19:22,  5.47it/s]
  0%|          | 29892/8824065 [10:19:08<311:24:05,  7.84it/s]
  0%|          | 29892/8824065 [10:19:20<311:24:05,  7.84it/s]
  0%|          | 29901/8824065 [10:19:29<1310:32:02,  1.86it/s]
  0%|          | 29913/8824065 [10:19:29<978:18:24,  2.50it/s] 
  0%|          | 29929/8824065 [10:19:29<662:55:42,  3.68it/s]
  0%|          | 29944/8824065 [10:19:29<466:18:41,  5.24it/s]
  0%|          | 29958/8824065 [10:19:29<337:10:30,  7.24it/s]
  0%|          | 29972/8824065 [10:19:30<244:24:23,  9.99it/s]
  0%|          | 29985/8824065 [10:19:30<181:43:44, 13.44it/s]
  0%|          | 29998/8824065 [10:19:30<135:41:40, 18.00it/s]
  0%|          | 29998/8824065 [10:19:40<135:41:40, 18.00it/s]
  0%|          | 30001/8824065 [10:19:55<1858:50:28,  1.31it/s]
  0%|          | 30008/8824065 [10:19:55<1452:32:56,  1.68it/s]
  0%|          | 30019/8824065 [10:19:55<976:25:36,  2.50it/s] 
  0%|          | 30031/8824065 [10:19:55<649:49:53,  3.76it/s]
  0%|          | 30043/8824065 [10:19:55<443:27:13,  5.51it/s]
  0%|          | 30055/8824065 [10:19:55<308:29:41,  7.92it/s]
  0%|          | 30067/8824065 [10:19:55<221:55:10, 11.01it/s]
  0%|          | 30078/8824065 [10:19:55<168:02:24, 14.54it/s]
  0%|          | 30090/8824065 [10:19:56<122:26:54, 19.95it/s]
  0%|          | 30090/8824065 [10:20:10<122:26:54, 19.95it/s]
  0%|          | 30101/8824065 [10:25:37<22075:58:53,  9.04s/it]
  0%|          | 30113/8824065 [10:25:37<15210:58:38,  6.23s/it]
  0%|          | 30124/8824065 [10:25:37<10815:51:49,  4.43s/it]
  0%|          | 30135/8824065 [10:25:37<7657:48:34,  3.13s/it] 
  0%|          | 30147/8824065 [10:25:37<5265:46:12,  2.16s/it]
  0%|          | 30159/8824065 [10:25:38<3644:20:04,  1.49s/it]
  0%|          | 30171/8824065 [10:25:38<2534:21:40,  1.04s/it]
  0%|          | 30183/8824065 [10:25:38<1769:08:02,  1.38it/s]
  0%|          | 30195/8824065 [10:25:38<1240:44:34,  1.97it/s]
  0%|          | 30206/8824065 [10:25:42<1163:49:36,  2.10it/s]
  0%|          | 30215/8824065 [10:25:42<880:39:15,  2.77it/s] 
  0%|          | 30223/8824065 [10:25:42<677:10:49,  3.61it/s]
  0%|          | 30235/8824065 [10:25:43<454:03:51,  5.38it/s]
  0%|          | 30247/8824065 [10:25:43<312:25:13,  7.82it/s]
  0%|          | 30259/8824065 [10:25:43<219:33:08, 11.13it/s]
  0%|          | 30271/8824065 [10:25:43<157:23:29, 15.52it/s]
  0%|          | 30283/8824065 [10:25:43<115:56:48, 21.07it/s]
  0%|          | 30294/8824065 [10:25:43<92:22:00, 26.45it/s] 
  0%|          | 30294/8824065 [10:26:00<92:22:00, 26.45it/s]
  0%|          | 30301/8824065 [10:26:03<1498:51:40,  1.63it/s]
  0%|          | 30313/8824065 [10:26:03<1000:57:30,  2.44it/s]
  0%|          | 30324/8824065 [10:26:03<701:48:29,  3.48it/s] 
  0%|          | 30336/8824065 [10:26:03<481:53:13,  5.07it/s]
  0%|          | 30348/8824065 [10:26:03<336:19:21,  7.26it/s]
  0%|          | 30360/8824065 [10:26:03<238:13:55, 10.25it/s]
  0%|          | 30372/8824065 [10:26:03<171:26:57, 14.25it/s]
  0%|          | 30384/8824065 [10:26:04<125:36:15, 19.45it/s]
  0%|          | 30396/8824065 [10:26:04<93:53:17, 26.02it/s] 
  0%|          | 30396/8824065 [10:26:20<93:53:17, 26.02it/s]
  0%|          | 30401/8824065 [10:29:35<15891:34:06,  6.51s/it]
  0%|          | 30413/8824065 [10:29:35<10429:14:12,  4.27s/it]
  0%|          | 30425/8824065 [10:29:35<6998:32:07,  2.87s/it] 
  0%|          | 30437/8824065 [10:29:35<4764:39:05,  1.95s/it]
  0%|          | 30449/8824065 [10:29:36<3275:58:43,  1.34s/it]
  0%|          | 30461/8824065 [10:29:36<2268:20:25,  1.08it/s]
  0%|          | 30473/8824065 [10:29:36<1579:10:14,  1.55it/s]
  0%|          | 30485/8824065 [10:29:36<1104:26:28,  2.21it/s]
  0%|          | 30497/8824065 [10:29:36<775:51:25,  3.15it/s] 
  0%|          | 30497/8824065 [10:29:50<775:51:25,  3.15it/s]
  0%|          | 30501/8824065 [10:31:38<10070:17:39,  4.12s/it]
  0%|          | 30513/8824065 [10:31:38<6543:23:35,  2.68s/it] 
  0%|          | 30525/8824065 [10:31:38<4365:13:06,  1.79s/it]
  0%|          | 30537/8824065 [10:31:38<2962:05:41,  1.21s/it]
  0%|          | 30549/8824065 [10:31:38<2033:27:58,  1.20it/s]
  0%|          | 30561/8824065 [10:31:38<1407:55:26,  1.73it/s]
  0%|          | 30573/8824065 [10:31:38<981:23:13,  2.49it/s] 
  0%|          | 30585/8824065 [10:31:39<688:09:14,  3.55it/s]
  0%|          | 30597/8824065 [10:31:39<485:27:49,  5.03it/s]
  0%|          | 30609/8824065 [10:31:39<344:49:25,  7.08it/s]
  0%|          | 30621/8824065 [10:31:39<247:00:39,  9.89it/s]
  0%|          | 30633/8824065 [10:31:39<178:46:37, 13.66it/s]
  0%|          | 30645/8824065 [10:31:39<131:08:50, 18.62it/s]
  0%|          | 30658/8824065 [10:31:39<95:32:46, 25.56it/s] 
  0%|          | 30671/8824065 [10:31:39<73:57:16, 33.03it/s]
  0%|          | 30683/8824065 [10:31:39<60:56:24, 40.08it/s]
  0%|          | 30694/8824065 [10:31:40<51:47:28, 47.16it/s]
  0%|          | 30704/8824065 [10:31:40<45:44:59, 53.39it/s]
  0%|          | 30715/8824065 [10:31:40<39:25:21, 61.96it/s]
  0%|          | 30727/8824065 [10:31:40<33:34:23, 72.75it/s]
  0%|          | 30739/8824065 [10:31:40<29:39:20, 82.37it/s]
  0%|          | 30751/8824065 [10:31:40<26:59:09, 90.51it/s]
  0%|          | 30763/8824065 [10:31:40<25:04:39, 97.40it/s]
  0%|          | 30775/8824065 [10:31:40<24:44:10, 98.74it/s]
  0%|          | 30786/8824065 [10:31:40<24:26:02, 99.97it/s]
  0%|          | 30798/8824065 [10:31:41<23:20:22, 104.65it/s]
  0%|          | 30810/8824065 [10:31:41<22:34:14, 108.22it/s]
  0%|          | 30822/8824065 [10:31:41<22:00:33, 110.98it/s]
  0%|          | 30834/8824065 [10:31:41<21:36:36, 113.03it/s]
  0%|          | 30846/8824065 [10:31:41<21:20:06, 114.48it/s]
  0%|          | 30858/8824065 [10:31:41<21:09:54, 115.40it/s]
  0%|          | 30870/8824065 [10:31:41<21:02:09, 116.11it/s]
  0%|          | 30882/8824065 [10:31:41<20:55:48, 116.70it/s]
  0%|          | 30894/8824065 [10:31:41<20:54:54, 116.78it/s]
  0%|          | 30906/8824065 [10:31:41<21:51:32, 111.74it/s]
  0%|          | 30918/8824065 [10:31:42<22:19:13, 109.43it/s]
  0%|          | 30930/8824065 [10:31:42<21:51:49, 111.72it/s]
  0%|          | 30942/8824065 [10:31:42<21:33:58, 113.26it/s]
  0%|          | 30954/8824065 [10:31:42<21:20:58, 114.41it/s]
  0%|          | 30966/8824065 [10:31:42<21:11:04, 115.30it/s]
  0%|          | 30978/8824065 [10:31:42<21:00:45, 116.24it/s]
  0%|          | 30990/8824065 [10:31:42<20:51:39, 117.09it/s]
  0%|          | 31003/8824065 [10:31:42<20:17:33, 120.36it/s]
  0%|          | 31016/8824065 [10:31:42<20:29:19, 119.21it/s]
  0%|          | 31028/8824065 [10:31:43<20:35:29, 118.62it/s]
  0%|          | 31040/8824065 [10:31:43<20:36:28, 118.52it/s]
  0%|          | 31052/8824065 [10:31:43<20:40:46, 118.11it/s]
  0%|          | 31064/8824065 [10:31:43<20:47:39, 117.46it/s]
  0%|          | 31076/8824065 [10:31:43<20:43:37, 117.84it/s]
  0%|          | 31088/8824065 [10:31:43<20:43:35, 117.84it/s]
  0%|          | 31100/8824065 [10:31:43<20:44:31, 117.76it/s]
  0%|          | 31112/8824065 [10:31:43<20:43:56, 117.81it/s]
  0%|          | 31124/8824065 [10:31:43<20:45:20, 117.68it/s]
  0%|          | 31136/8824065 [10:31:43<20:47:24, 117.48it/s]
  0%|          | 31148/8824065 [10:31:44<20:52:18, 117.02it/s]
  0%|          | 31160/8824065 [10:31:44<21:04:12, 115.92it/s]
  0%|          | 31172/8824065 [10:31:44<21:05:40, 115.79it/s]
  0%|          | 31184/8824065 [10:31:44<20:59:33, 116.35it/s]
  0%|          | 31196/8824065 [10:31:44<20:58:36, 116.44it/s]
  0%|          | 31208/8824065 [10:31:44<20:52:06, 117.04it/s]
  0%|          | 31220/8824065 [10:31:44<20:52:58, 116.96it/s]
  0%|          | 31232/8824065 [10:31:44<20:48:30, 117.38it/s]
  0%|          | 31244/8824065 [10:31:44<20:51:08, 117.13it/s]
  0%|          | 31256/8824065 [10:31:44<20:50:02, 117.23it/s]
  0%|          | 31268/8824065 [10:31:45<20:55:15, 116.75it/s]
  0%|          | 31280/8824065 [10:31:45<20:59:26, 116.36it/s]
  0%|          | 31292/8824065 [10:31:45<21:11:10, 115.28it/s]
  0%|          | 31304/8824065 [10:31:45<21:05:49, 115.77it/s]
  0%|          | 31316/8824065 [10:31:45<21:03:29, 115.98it/s]
  0%|          | 31328/8824065 [10:31:45<20:58:45, 116.42it/s]
  0%|          | 31340/8824065 [10:31:45<20:54:37, 116.80it/s]
  0%|          | 31352/8824065 [10:31:45<20:48:42, 117.36it/s]
  0%|          | 31364/8824065 [10:31:45<20:45:38, 117.65it/s]
  0%|          | 31376/8824065 [10:31:45<20:43:34, 117.84it/s]
  0%|          | 31388/8824065 [10:31:46<20:44:27, 117.76it/s]
  0%|          | 31400/8824065 [10:31:46<20:44:02, 117.80it/s]
  0%|          | 31412/8824065 [10:31:46<20:41:54, 118.00it/s]
  0%|          | 31427/8824065 [10:31:46<19:15:48, 126.79it/s]
  0%|          | 31440/8824065 [10:31:46<19:47:12, 123.44it/s]
  0%|          | 31453/8824065 [10:31:46<20:01:35, 121.96it/s]
  0%|          | 31466/8824065 [10:31:46<19:56:56, 122.43it/s]
  0%|          | 31479/8824065 [10:31:46<20:13:57, 120.72it/s]
  0%|          | 31492/8824065 [10:31:46<20:18:18, 120.28it/s]
  0%|          | 31505/8824065 [10:31:47<20:06:22, 121.47it/s]
  0%|          | 31518/8824065 [10:31:47<20:14:02, 120.71it/s]
  0%|          | 31531/8824065 [10:31:47<20:23:41, 119.75it/s]
  0%|          | 31543/8824065 [10:31:47<20:23:40, 119.76it/s]
  0%|          | 31555/8824065 [10:31:47<20:26:05, 119.52it/s]
  0%|          | 31567/8824065 [10:31:47<21:18:30, 114.62it/s]
  0%|          | 31588/8824065 [10:31:47<17:36:41, 138.68it/s]
  0%|          | 31602/8824065 [10:31:47<18:28:52, 132.15it/s]
  0%|          | 31616/8824065 [10:31:47<19:48:30, 123.30it/s]
  0%|          | 31629/8824065 [10:31:48<19:59:50, 122.13it/s]
  0%|          | 31642/8824065 [10:31:48<20:05:23, 121.57it/s]
  0%|          | 31656/8824065 [10:31:48<19:35:33, 124.66it/s]
  0%|          | 31669/8824065 [10:31:48<19:47:56, 123.36it/s]
  0%|          | 31685/8824065 [10:31:48<18:18:34, 133.39it/s]
  0%|          | 31685/8824065 [10:32:00<18:18:34, 133.39it/s]
  0%|          | 31701/8824065 [10:48:14<48789:52:56, 19.98s/it]
  0%|          | 31728/8824065 [10:48:14<27389:16:32, 11.21s/it]
  0%|          | 31746/8824065 [10:48:14<19321:55:51,  7.91s/it]
  0%|          | 31764/8824065 [10:48:14<13603:34:12,  5.57s/it]
  0%|          | 31780/8824065 [10:48:14<9890:23:51,  4.05s/it] 
  0%|          | 31795/8824065 [10:48:14<7245:16:58,  2.97s/it]
  0%|          | 31809/8824065 [10:48:14<5343:15:38,  2.19s/it]
  0%|          | 31823/8824065 [10:48:14<3888:33:00,  1.59s/it]
  0%|          | 31836/8824065 [10:48:15<2859:22:50,  1.17s/it]
  0%|          | 31856/8824065 [10:48:15<1808:52:53,  1.35it/s]
  0%|          | 31890/8824065 [10:48:15<957:25:55,  2.55it/s] 
  0%|          | 31911/8824065 [10:48:15<681:40:22,  3.58it/s]
  0%|          | 31929/8824065 [10:48:15<506:28:06,  4.82it/s]
  0%|          | 31946/8824065 [10:48:15<378:09:10,  6.46it/s]
  0%|          | 31962/8824065 [10:48:15<284:34:24,  8.58it/s]
  0%|          | 31977/8824065 [10:48:15<216:05:58, 11.30it/s]
  0%|          | 31991/8824065 [10:48:16<165:51:00, 14.73it/s]
  0%|          | 32005/8824065 [10:48:16<126:54:12, 19.24it/s]
  0%|          | 32018/8824065 [10:48:16<98:56:37, 24.68it/s] 
  0%|          | 32031/8824065 [10:48:16<77:26:38, 31.54it/s]
  0%|          | 32044/8824065 [10:48:16<61:26:40, 39.75it/s]
  0%|          | 32057/8824065 [10:48:16<49:40:59, 49.16it/s]
  0%|          | 32070/8824065 [10:48:16<41:14:29, 59.22it/s]
  0%|          | 32083/8824065 [10:48:16<35:11:15, 69.41it/s]
  0%|          | 32096/8824065 [10:48:16<30:56:11, 78.94it/s]
  0%|          | 32096/8824065 [10:48:30<30:56:11, 78.94it/s]
  0%|          | 32101/8824065 [11:22:03<138098:26:15, 56.55s/it]
  0%|          | 32108/8824065 [11:22:03<107980:53:43, 44.21s/it]
  0%|          | 32119/8824065 [11:22:03<72491:51:32, 29.68s/it] 
  0%|          | 32131/8824065 [11:22:03<47941:27:38, 19.63s/it]
  0%|          | 32143/8824065 [11:22:03<32313:29:59, 13.23s/it]
  0%|          | 32155/8824065 [11:22:03<22050:21:08,  9.03s/it]
  0%|          | 32168/8824065 [11:22:03<14787:02:44,  6.05s/it]
  0%|          | 32181/8824065 [11:22:03<10058:52:51,  4.12s/it]
  0%|          | 32193/8824065 [11:22:04<7078:41:32,  2.90s/it] 
  0%|          | 32205/8824065 [11:22:04<4976:40:49,  2.04s/it]
  0%|          | 32218/8824065 [11:22:04<3413:00:19,  1.40s/it]
  0%|          | 32231/8824065 [11:22:04<2358:54:43,  1.04it/s]
  0%|          | 32243/8824065 [11:22:04<1682:39:27,  1.45it/s]
  0%|          | 32254/8824065 [11:22:04<1225:20:36,  1.99it/s]
  0%|          | 32283/8824065 [11:22:04<605:31:31,  4.03it/s] 
  0%|          | 32313/8824065 [11:22:04<349:03:37,  7.00it/s]
  0%|          | 32343/8824065 [11:22:04<219:26:34, 11.13it/s]
  0%|          | 32373/8824065 [11:22:05<145:08:04, 16.83it/s]
  0%|          | 32402/8824065 [11:22:05<100:28:10, 24.31it/s]
  0%|          | 32430/8824065 [11:22:05<71:58:54, 33.93it/s] 
  0%|          | 32459/8824065 [11:22:05<52:01:19, 46.94it/s]
  0%|          | 32488/8824065 [11:22:05<38:31:28, 63.39it/s]
  0%|          | 32517/8824065 [11:22:05<29:18:06, 83.34it/s]
  0%|          | 32548/8824065 [11:22:05<22:31:54, 108.38it/s]
  0%|          | 32578/8824065 [11:22:05<18:07:57, 134.68it/s]
  0%|          | 32607/8824065 [11:22:05<15:16:23, 159.89it/s]
  0%|          | 32637/8824065 [11:22:05<13:08:16, 185.88it/s]
  0%|          | 32667/8824065 [11:22:06<11:42:43, 208.51it/s]
  0%|          | 32697/8824065 [11:22:06<10:45:55, 226.84it/s]
  0%|          | 32726/8824065 [11:22:06<10:05:25, 242.01it/s]
  0%|          | 32755/8824065 [11:22:06<9:38:28, 253.29it/s] 
  0%|          | 32784/8824065 [11:22:06<9:16:56, 263.08it/s]
  0%|          | 32813/8824065 [11:22:06<9:04:00, 269.34it/s]
  0%|          | 32844/8824065 [11:22:06<8:46:16, 278.41it/s]
  0%|          | 32875/8824065 [11:22:06<8:32:26, 285.93it/s]
  0%|          | 32906/8824065 [11:22:06<8:21:33, 292.12it/s]
  0%|          | 32937/8824065 [11:22:06<8:17:22, 294.58it/s]
  0%|          | 32968/8824065 [11:22:07<8:13:36, 296.83it/s]
  0%|          | 32999/8824065 [11:22:07<8:11:20, 298.20it/s]
  0%|          | 33030/8824065 [11:22:07<8:10:02, 298.99it/s]
  0%|          | 33061/8824065 [11:22:07<8:08:13, 300.10it/s]
  0%|          | 33092/8824065 [11:22:07<8:09:01, 299.61it/s]
  0%|          | 33123/8824065 [11:22:07<8:09:14, 299.48it/s]
  0%|          | 33154/8824065 [11:22:07<8:08:08, 300.15it/s]
  0%|          | 33185/8824065 [11:22:07<8:06:32, 301.13it/s]
  0%|          | 33216/8824065 [11:22:07<8:06:15, 301.31it/s]
  0%|          | 33247/8824065 [11:22:08<8:05:27, 301.80it/s]
  0%|          | 33278/8824065 [11:22:08<8:07:27, 300.56it/s]
  0%|          | 33309/8824065 [11:22:08<8:07:11, 300.73it/s]
  0%|          | 33340/8824065 [11:22:08<8:04:46, 302.23it/s]
  0%|          | 33371/8824065 [11:22:08<8:05:02, 302.06it/s]
  0%|          | 33402/8824065 [11:22:08<8:05:35, 301.72it/s]
  0%|          | 33433/8824065 [11:22:08<8:06:19, 301.26it/s]
  0%|          | 33464/8824065 [11:22:08<8:13:44, 296.74it/s]
  0%|          | 33496/8824065 [11:22:08<8:07:09, 300.75it/s]
  0%|          | 33527/8824065 [11:22:08<8:10:18, 298.81it/s]
  0%|          | 33558/8824065 [11:22:09<8:06:19, 301.25it/s]
  0%|          | 33589/8824065 [11:22:09<8:08:30, 299.91it/s]
  0%|          | 33620/8824065 [11:22:09<10:37:27, 229.83it/s]
  0%|          | 33646/8824065 [11:22:09<15:08:52, 161.20it/s]
  0%|          | 33667/8824065 [11:22:09<17:55:08, 136.27it/s]
  0%|          | 33685/8824065 [11:22:10<20:36:20, 118.50it/s]
  0%|          | 33700/8824065 [11:22:10<22:03:43, 110.68it/s]
  0%|          | 33713/8824065 [11:22:10<22:39:23, 107.77it/s]
  0%|          | 33726/8824065 [11:22:10<22:04:45, 110.59it/s]
  0%|          | 33739/8824065 [11:22:10<21:34:44, 113.15it/s]
  0%|          | 33752/8824065 [11:22:10<21:11:39, 115.21it/s]
  0%|          | 33765/8824065 [11:22:10<20:57:04, 116.54it/s]
  0%|          | 33778/8824065 [11:22:10<20:42:52, 117.88it/s]
  0%|          | 33791/8824065 [11:22:11<20:33:57, 118.73it/s]
  0%|          | 33791/8824065 [11:22:30<20:33:57, 118.73it/s]
  0%|          | 33801/8824065 [11:51:30<102374:08:08, 41.93s/it]
  0%|          | 33811/8824065 [11:51:30<76382:41:45, 31.28s/it] 
  0%|          | 33823/8824065 [11:51:30<53221:26:53, 21.80s/it]
  0%|          | 33835/8824065 [11:51:30<37138:20:36, 15.21s/it]
  0%|          | 33848/8824065 [11:51:30<25307:29:02, 10.36s/it]
  0%|          | 33860/8824065 [11:51:30<17824:31:32,  7.30s/it]
  0%|          | 33872/8824065 [11:51:31<12537:13:35,  5.13s/it]
  0%|          | 33883/8824065 [11:51:31<9034:46:20,  3.70s/it] 
  0%|          | 33895/8824065 [11:51:31<6295:37:50,  2.58s/it]
  0%|          | 33907/8824065 [11:51:31<4396:03:14,  1.80s/it]
  0%|          | 33919/8824065 [11:51:31<3075:04:08,  1.26s/it]
  0%|          | 33932/8824065 [11:51:31<2102:17:47,  1.16it/s]
  0%|          | 33945/8824065 [11:51:31<1451:17:29,  1.68it/s]
  0%|          | 33957/8824065 [11:51:31<1033:41:38,  2.36it/s]
  0%|          | 33970/8824065 [11:51:31<718:19:55,  3.40it/s] 
  0%|          | 33983/8824065 [11:51:31<503:30:21,  4.85it/s]
  0%|          | 33996/8824065 [11:51:32<355:56:25,  6.86it/s]
  0%|          | 33996/8824065 [11:51:50<355:56:25,  6.86it/s]
  0%|          | 34001/8824065 [11:58:28<29521:13:05, 12.09s/it]
  0%|          | 34011/8824065 [11:58:28<20936:19:11,  8.57s/it]
  0%|          | 34023/8824065 [11:58:28<13974:17:12,  5.72s/it]
  0%|          | 34035/8824065 [11:58:28<9477:26:28,  3.88s/it] 
  0%|          | 34047/8824065 [11:58:28<6496:29:58,  2.66s/it]
  0%|          | 34060/8824065 [11:58:28<4372:46:51,  1.79s/it]
  0%|          | 34073/8824065 [11:58:29<2984:19:37,  1.22s/it]
  0%|          | 34085/8824065 [11:58:29<2106:43:02,  1.16it/s]
  0%|          | 34098/8824065 [11:58:29<1451:03:52,  1.68it/s]
  0%|          | 34098/8824065 [11:58:40<1451:03:52,  1.68it/s]
  0%|          | 34101/8824065 [11:58:44<2470:55:21,  1.01s/it]
  0%|          | 34113/8824065 [11:58:44<1615:24:35,  1.51it/s]
  0%|          | 34125/8824065 [11:58:44<1084:35:46,  2.25it/s]
  0%|          | 34138/8824065 [11:58:44<722:44:27,  3.38it/s] 
  0%|          | 34151/8824065 [11:58:44<493:04:45,  4.95it/s]
  0%|          | 34164/8824065 [11:58:44<342:32:07,  7.13it/s]
  0%|          | 34177/8824065 [11:58:45<241:46:25, 10.10it/s]
  0%|          | 34190/8824065 [11:58:45<173:20:55, 14.09it/s]
  0%|          | 34203/8824065 [11:58:45<126:32:45, 19.29it/s]
  0%|          | 34216/8824065 [11:58:45<94:12:41, 25.92it/s] 
  0%|          | 34229/8824065 [11:58:45<71:57:39, 33.93it/s]
  0%|          | 34241/8824065 [11:58:45<57:14:16, 42.66it/s]
  0%|          | 34253/8824065 [11:58:45<46:37:33, 52.37it/s]
  0%|          | 34265/8824065 [11:58:45<39:02:02, 62.55it/s]
  0%|          | 34277/8824065 [11:58:45<33:38:33, 72.57it/s]
  0%|          | 34289/8824065 [11:58:46<29:47:17, 81.97it/s]
  0%|          | 34301/8824065 [11:58:46<27:00:09, 90.42it/s]
  0%|          | 34313/8824065 [11:58:46<25:02:16, 97.52it/s]
  0%|          | 34326/8824065 [11:58:46<23:32:25, 103.72it/s]
  0%|          | 34338/8824065 [11:58:46<23:12:44, 105.18it/s]
  0%|          | 34350/8824065 [11:58:46<23:44:19, 102.85it/s]
  0%|          | 34362/8824065 [11:58:46<22:49:28, 106.97it/s]
  0%|          | 34374/8824065 [11:58:46<22:07:15, 110.37it/s]
  0%|          | 34386/8824065 [11:58:46<21:37:29, 112.91it/s]
  0%|          | 34398/8824065 [11:58:46<21:17:43, 114.65it/s]
  0%|          | 34410/8824065 [11:58:47<22:46:20, 107.22it/s]
  0%|          | 34421/8824065 [11:58:47<24:32:17, 99.50it/s] 
  0%|          | 34433/8824065 [11:58:47<23:23:03, 104.41it/s]
  0%|          | 34445/8824065 [11:58:47<22:34:15, 108.17it/s]
  0%|          | 34457/8824065 [11:58:47<21:57:08, 111.22it/s]
  0%|          | 34469/8824065 [11:58:47<21:30:19, 113.53it/s]
  0%|          | 34481/8824065 [11:58:47<21:37:55, 112.87it/s]
  0%|          | 34493/8824065 [11:58:47<23:29:58, 103.90it/s]
  0%|          | 34505/8824065 [11:58:47<22:38:38, 107.82it/s]
  0%|          | 34517/8824065 [11:58:48<21:58:51, 111.07it/s]
  0%|          | 34529/8824065 [11:58:48<21:34:21, 113.18it/s]
  0%|          | 34541/8824065 [11:58:48<21:16:29, 114.76it/s]
  0%|          | 34553/8824065 [11:58:48<21:11:15, 115.23it/s]
  0%|          | 34565/8824065 [11:58:48<21:04:46, 115.82it/s]
  0%|          | 34577/8824065 [11:58:48<20:59:55, 116.27it/s]
  0%|          | 34589/8824065 [11:58:48<20:53:52, 116.83it/s]
  0%|          | 34601/8824065 [11:58:48<20:48:34, 117.33it/s]
  0%|          | 34613/8824065 [11:58:48<22:44:58, 107.32it/s]
  0%|          | 34624/8824065 [11:58:49<24:58:25, 97.76it/s] 
  0%|          | 34636/8824065 [11:58:49<23:36:07, 103.45it/s]
  0%|          | 34648/8824065 [11:58:49<22:50:37, 106.88it/s]
  0%|          | 34660/8824065 [11:58:49<22:08:50, 110.24it/s]
  0%|          | 34672/8824065 [11:58:49<21:45:14, 112.23it/s]
  0%|          | 34684/8824065 [11:58:49<21:29:46, 113.58it/s]
  0%|          | 34701/8824065 [11:58:49<18:55:58, 128.95it/s]
  0%|          | 34734/8824065 [11:58:49<13:02:51, 187.12it/s]
  0%|          | 34765/8824065 [11:58:49<11:07:42, 219.39it/s]
  0%|          | 34788/8824065 [11:58:50<14:00:16, 174.33it/s]
  0%|          | 34807/8824065 [11:58:50<15:48:38, 154.42it/s]
  0%|          | 34824/8824065 [11:58:50<17:00:20, 143.57it/s]
  0%|          | 34840/8824065 [11:58:50<17:58:13, 135.86it/s]
  0%|          | 34855/8824065 [11:58:50<18:39:39, 130.83it/s]
  0%|          | 34869/8824065 [11:58:50<19:09:04, 127.48it/s]
  0%|          | 34883/8824065 [11:58:50<19:29:45, 125.23it/s]
  0%|          | 34896/8824065 [11:58:50<19:45:14, 123.59it/s]
  0%|          | 34909/8824065 [11:58:51<19:58:37, 122.21it/s]
  0%|          | 34922/8824065 [11:58:51<20:08:51, 121.18it/s]
  0%|          | 34935/8824065 [11:58:51<20:14:45, 120.59it/s]
  0%|          | 34948/8824065 [11:58:51<20:19:01, 120.17it/s]
  0%|          | 34961/8824065 [11:58:51<20:24:38, 119.61it/s]
  0%|          | 34973/8824065 [11:58:51<20:25:07, 119.57it/s]
  0%|          | 34985/8824065 [11:58:51<20:31:32, 118.94it/s]
  0%|          | 34997/8824065 [11:58:51<20:34:50, 118.63it/s]
  0%|          | 34997/8824065 [11:59:10<20:34:50, 118.63it/s]
  0%|          | 35001/8824065 [12:05:05<27636:24:35, 11.32s/it]
  0%|          | 35013/8824065 [12:05:06<18208:19:25,  7.46s/it]
  0%|          | 35025/8824065 [12:05:06<12245:54:22,  5.02s/it]
  0%|          | 35037/8824065 [12:05:06<8346:42:06,  3.42s/it] 
  0%|          | 35049/8824065 [12:05:06<5740:36:46,  2.35s/it]
  0%|          | 35061/8824065 [12:05:06<3973:13:45,  1.63s/it]
  0%|          | 35073/8824065 [12:05:06<2762:54:05,  1.13s/it]
  0%|          | 35085/8824065 [12:05:06<1928:26:48,  1.27it/s]
  0%|          | 35097/8824065 [12:05:06<1350:19:46,  1.81it/s]
  0%|          | 35109/8824065 [12:05:06<948:35:35,  2.57it/s] 
  0%|          | 35121/8824065 [12:05:06<668:52:55,  3.65it/s]
  0%|          | 35133/8824065 [12:05:07<473:49:02,  5.15it/s]
  0%|          | 35145/8824065 [12:05:07<337:35:56,  7.23it/s]
  0%|          | 35157/8824065 [12:05:07<242:22:40, 10.07it/s]
  0%|          | 35191/8824065 [12:05:07<113:23:14, 21.53it/s]
  0%|          | 35224/8824065 [12:05:07<67:36:50, 36.11it/s] 
  0%|          | 35257/8824065 [12:05:07<44:41:38, 54.62it/s]
  0%|          | 35290/8824065 [12:05:07<31:33:41, 77.35it/s]
  0%|          | 35323/8824065 [12:05:07<23:31:00, 103.81it/s]
  0%|          | 35356/8824065 [12:05:07<18:21:01, 133.04it/s]
  0%|          | 35389/8824065 [12:05:07<14:53:31, 163.93it/s]
  0%|          | 35422/8824065 [12:05:08<12:36:26, 193.64it/s]
  0%|          | 35456/8824065 [12:05:08<10:57:33, 222.76it/s]
  0%|          | 35490/8824065 [12:05:08<9:50:06, 248.22it/s] 
  0%|          | 35524/8824065 [12:05:08<9:05:03, 268.74it/s]
  0%|          | 35557/8824065 [12:05:08<8:35:06, 284.36it/s]
  0%|          | 35590/8824065 [12:05:08<8:15:28, 295.63it/s]
  0%|          | 35623/8824065 [12:05:08<8:00:48, 304.64it/s]
  0%|          | 35657/8824065 [12:05:08<7:49:14, 312.15it/s]
  0%|          | 35691/8824065 [12:05:08<7:40:22, 318.17it/s]
  0%|          | 35724/8824065 [12:05:09<7:37:34, 320.10it/s]
  0%|          | 35757/8824065 [12:05:09<7:34:23, 322.35it/s]
  0%|          | 35790/8824065 [12:05:09<7:32:04, 324.00it/s]
  0%|          | 35824/8824065 [12:05:09<7:29:01, 326.20it/s]
  0%|          | 35858/8824065 [12:05:09<7:25:58, 328.43it/s]
  0%|          | 35892/8824065 [12:05:09<7:25:19, 328.91it/s]
  0%|          | 35926/8824065 [12:05:09<7:23:10, 330.50it/s]
  0%|          | 35960/8824065 [12:05:09<7:21:38, 331.65it/s]
  0%|          | 35994/8824065 [12:05:09<7:22:50, 330.74it/s]
  0%|          | 36028/8824065 [12:05:09<7:23:57, 329.91it/s]
  0%|          | 36062/8824065 [12:05:10<7:25:25, 328.82it/s]
  0%|          | 36095/8824065 [12:05:10<7:25:31, 328.75it/s]
  0%|          | 36129/8824065 [12:05:10<7:22:58, 330.64it/s]
  0%|          | 36163/8824065 [12:05:10<7:43:20, 316.10it/s]
  0%|          | 36196/8824065 [12:05:10<7:39:45, 318.57it/s]
  0%|          | 36229/8824065 [12:05:10<7:35:27, 321.58it/s]
  0%|          | 36262/8824065 [12:05:10<7:33:38, 322.87it/s]
  0%|          | 36296/8824065 [12:05:10<7:30:33, 325.07it/s]
  0%|          | 36296/8824065 [12:05:20<7:30:33, 325.07it/s]
  0%|          | 36301/8824065 [12:10:27<9310:37:59,  3.81s/it]
  0%|          | 36334/8824065 [12:10:27<5944:59:55,  2.44s/it]
  0%|          | 36367/8824065 [12:10:27<3922:03:55,  1.61s/it]
  0%|          | 36400/8824065 [12:10:28<2640:43:51,  1.08s/it]
  0%|          | 36432/8824065 [12:10:28<1819:25:04,  1.34it/s]
  0%|          | 36463/8824065 [12:10:28<1273:14:40,  1.92it/s]
  0%|          | 36494/8824065 [12:10:28<892:25:57,  2.74it/s] 
  0%|          | 36524/8824065 [12:10:28<636:32:00,  3.83it/s]
  0%|          | 36549/8824065 [12:10:28<479:14:15,  5.09it/s]
  0%|          | 36569/8824065 [12:10:29<376:05:30,  6.49it/s]
  0%|          | 36586/8824065 [12:10:29<300:23:38,  8.13it/s]
  0%|          | 36600/8824065 [12:10:29<244:47:54,  9.97it/s]
  0%|          | 36600/8824065 [12:10:40<244:47:54,  9.97it/s]
  0%|          | 36601/8824065 [12:28:52<55001:05:05, 22.53s/it]
  0%|          | 36613/8824065 [12:28:52<40782:51:56, 16.71s/it]
  0%|          | 36626/8824065 [12:28:52<29131:54:12, 11.93s/it]
  0%|          | 36639/8824065 [12:28:52<20691:27:09,  8.48s/it]
  0%|          | 36652/8824065 [12:28:52<14637:16:46,  6.00s/it]
  0%|          | 36664/8824065 [12:28:52<10564:56:52,  4.33s/it]
  0%|          | 36676/8824065 [12:28:52<7563:00:04,  3.10s/it] 
  0%|          | 36688/8824065 [12:28:52<5382:14:49,  2.20s/it]
  0%|          | 36700/8824065 [12:28:52<3815:04:40,  1.56s/it]
  0%|          | 36700/8824065 [12:29:10<3815:04:40,  1.56s/it]
  0%|          | 36701/8824065 [12:45:52<87356:07:07, 35.79s/it]
  0%|          | 36713/8824065 [12:45:52<55419:36:49, 22.70s/it]
  0%|          | 36726/8824065 [12:45:52<35398:15:09, 14.50s/it]
  0%|          | 36738/8824065 [12:45:52<23979:51:16,  9.82s/it]
  0%|          | 36750/8824065 [12:45:52<16418:54:41,  6.73s/it]
  0%|          | 36762/8824065 [12:45:52<11323:21:18,  4.64s/it]
  0%|          | 36774/8824065 [12:45:52<7848:26:23,  3.22s/it] 
  0%|          | 36786/8824065 [12:45:52<5459:35:52,  2.24s/it]
  0%|          | 36799/8824065 [12:45:53<3714:47:58,  1.52s/it]
  0%|          | 36799/8824065 [12:46:10<3714:47:58,  1.52s/it]
  0%|          | 36801/8824065 [12:52:51<37072:28:00, 15.19s/it]
  0%|          | 36813/8824065 [12:52:51<23703:21:37,  9.71s/it]
  0%|          | 36826/8824065 [12:52:51<15217:11:02,  6.23s/it]
  0%|          | 36839/8824065 [12:52:51<10071:50:20,  4.13s/it]
  0%|          | 36852/8824065 [12:52:51<6798:42:03,  2.79s/it] 
  0%|          | 36865/8824065 [12:52:51<4644:54:44,  1.90s/it]
  0%|          | 36878/8824065 [12:52:51<3201:03:59,  1.31s/it]
  0%|          | 36891/8824065 [12:52:51<2219:55:49,  1.10it/s]
  0%|          | 36904/8824065 [12:52:52<1547:06:23,  1.58it/s]
  0%|          | 36917/8824065 [12:52:52<1082:46:25,  2.25it/s]
  0%|          | 36930/8824065 [12:52:52<760:56:50,  3.21it/s] 
  0%|          | 36943/8824065 [12:52:52<537:17:30,  4.54it/s]
  0%|          | 36955/8824065 [12:52:52<390:04:22,  6.26it/s]
  0%|          | 36968/8824065 [12:52:52<276:53:48,  8.82it/s]
  0%|          | 36981/8824065 [12:52:52<198:48:52, 12.28it/s]
  0%|          | 36994/8824065 [12:52:52<144:43:57, 16.86it/s]
  0%|          | 36994/8824065 [12:53:10<144:43:57, 16.86it/s]
  0%|          | 37001/8824065 [12:54:42<7373:03:08,  3.02s/it]
  0%|          | 37008/8824065 [12:54:43<5813:44:41,  2.38s/it]
  0%|          | 37020/8824065 [12:54:43<3830:30:25,  1.57s/it]
  0%|          | 37032/8824065 [12:54:43<2579:20:51,  1.06s/it]
  0%|          | 37044/8824065 [12:54:43<1762:15:15,  1.39it/s]
  0%|          | 37058/8824065 [12:54:43<1156:24:23,  2.11it/s]
  0%|          | 37071/8824065 [12:54:43<798:01:18,  3.06it/s] 
  0%|          | 37083/8824065 [12:54:43<569:37:02,  4.29it/s]
  0%|          | 37096/8824065 [12:54:43<397:57:31,  6.13it/s]
  0%|          | 37108/8824065 [12:54:43<290:30:16,  8.40it/s]
  0%|          | 37120/8824065 [12:54:44<211:04:21, 11.56it/s]
  0%|          | 37132/8824065 [12:54:44<154:39:20, 15.78it/s]
  0%|          | 37144/8824065 [12:54:44<114:45:01, 21.27it/s]
  0%|          | 37156/8824065 [12:54:44<86:38:52, 28.17it/s] 
  0%|          | 37168/8824065 [12:54:44<66:53:22, 36.49it/s]
  0%|          | 37181/8824065 [12:54:44<52:11:23, 46.77it/s]
  0%|          | 37193/8824065 [12:54:44<42:51:23, 56.95it/s]
  0%|          | 37205/8824065 [12:54:44<36:13:53, 67.37it/s]
  0%|          | 37217/8824065 [12:54:44<31:30:43, 77.46it/s]
  0%|          | 37229/8824065 [12:54:44<28:11:38, 86.57it/s]
  0%|          | 37241/8824065 [12:54:45<25:53:25, 94.27it/s]
  0%|          | 37253/8824065 [12:54:45<24:16:56, 100.52it/s]
  0%|          | 37265/8824065 [12:54:45<23:54:29, 102.09it/s]
  0%|          | 37277/8824065 [12:54:45<22:57:19, 106.33it/s]
  0%|          | 37289/8824065 [12:54:45<22:14:05, 109.77it/s]
  0%|          | 37301/8824065 [12:54:45<21:46:28, 112.09it/s]
  0%|          | 37313/8824065 [12:54:45<21:27:24, 113.75it/s]
  0%|          | 37325/8824065 [12:54:45<21:14:41, 114.89it/s]
  0%|          | 37337/8824065 [12:54:45<21:02:45, 115.97it/s]
  0%|          | 37349/8824065 [12:54:45<20:55:02, 116.69it/s]
  0%|          | 37361/8824065 [12:54:46<20:51:47, 116.99it/s]
  0%|          | 37373/8824065 [12:54:46<20:49:39, 117.19it/s]
  0%|          | 37385/8824065 [12:54:46<20:48:03, 117.34it/s]
  0%|          | 37397/8824065 [12:54:46<20:41:44, 117.93it/s]
  0%|          | 37409/8824065 [12:54:46<20:40:01, 118.10it/s]
  0%|          | 37421/8824065 [12:54:46<20:38:19, 118.26it/s]
  0%|          | 37433/8824065 [12:54:46<20:47:08, 117.42it/s]
  0%|          | 37445/8824065 [12:54:46<20:45:08, 117.61it/s]
  0%|          | 37457/8824065 [12:54:46<20:44:50, 117.64it/s]
  0%|          | 37469/8824065 [12:54:46<20:52:26, 116.93it/s]
  0%|          | 37481/8824065 [12:54:47<20:50:33, 117.10it/s]
  0%|          | 37493/8824065 [12:54:47<21:59:13, 111.01it/s]
  0%|          | 37505/8824065 [12:54:47<22:13:34, 109.81it/s]
  0%|          | 37517/8824065 [12:54:47<24:31:54, 99.49it/s] 
  0%|          | 37530/8824065 [12:54:47<23:11:13, 105.26it/s]
  0%|          | 37542/8824065 [12:54:47<22:21:12, 109.19it/s]
  0%|          | 37554/8824065 [12:54:47<26:46:43, 91.14it/s] 
  0%|          | 37564/8824065 [12:54:47<27:18:55, 89.35it/s]
  0%|          | 37576/8824065 [12:54:48<25:22:36, 96.18it/s]
  0%|          | 37588/8824065 [12:54:48<23:53:35, 102.15it/s]
  0%|          | 37600/8824065 [12:54:48<22:58:39, 106.22it/s]
  0%|          | 37612/8824065 [12:54:48<22:14:07, 109.77it/s]
  0%|          | 37624/8824065 [12:54:48<21:50:07, 111.78it/s]
  0%|          | 37636/8824065 [12:54:48<21:31:22, 113.40it/s]
  0%|          | 37648/8824065 [12:54:48<21:12:55, 115.04it/s]
  0%|          | 37660/8824065 [12:54:48<21:14:39, 114.89it/s]
  0%|          | 37672/8824065 [12:54:48<21:07:43, 115.51it/s]
  0%|          | 37684/8824065 [12:54:49<24:21:14, 100.22it/s]
  0%|          | 37695/8824065 [12:54:49<24:15:42, 100.60it/s]
  0%|          | 37695/8824065 [12:55:00<24:15:42, 100.60it/s]
  0%|          | 37701/8824065 [13:00:36<25503:00:36, 10.45s/it]
  0%|          | 37735/8824065 [13:00:36<10373:02:12,  4.25s/it]
  0%|          | 37770/8824065 [13:00:36<5542:24:59,  2.27s/it] 
  0%|          | 37770/8824065 [13:00:50<5542:24:59,  2.27s/it]
  0%|          | 37801/8824065 [13:03:27<8473:00:02,  3.47s/it]
  0%|          | 37833/8824065 [13:03:27<5479:46:57,  2.25s/it]
  0%|          | 37868/8824065 [13:03:27<3532:14:48,  1.45s/it]
  0%|          | 37901/8824065 [13:03:27<2390:10:01,  1.02it/s]
  0%|          | 37935/8824065 [13:03:27<1620:43:52,  1.51it/s]
  0%|          | 37969/8824065 [13:03:28<1111:23:58,  2.20it/s]
  0%|          | 38001/8824065 [13:03:28<785:10:41,  3.11it/s] 
  0%|          | 38028/8824065 [13:03:28<584:12:31,  4.18it/s]
  0%|          | 38050/8824065 [13:03:28<451:36:35,  5.40it/s]
  0%|          | 38069/8824065 [13:03:28<354:39:16,  6.88it/s]
  0%|          | 38086/8824065 [13:03:29<280:27:39,  8.70it/s]
  0%|          | 38101/8824065 [13:03:29<223:24:15, 10.92it/s]
  0%|          | 38115/8824065 [13:03:29<177:27:53, 13.75it/s]
  0%|          | 38129/8824065 [13:03:29<139:04:50, 17.55it/s]
  0%|          | 38142/8824065 [13:03:29<110:02:22, 22.18it/s]
  0%|          | 38155/8824065 [13:03:29<86:49:22, 28.11it/s] 
  0%|          | 38168/8824065 [13:03:29<68:56:43, 35.40it/s]
  0%|          | 38181/8824065 [13:03:29<55:30:22, 43.97it/s]
  0%|          | 38194/8824065 [13:03:29<45:29:49, 53.64it/s]
  0%|          | 38207/8824065 [13:03:30<38:22:57, 63.58it/s]
  0%|          | 38219/8824065 [13:03:30<33:27:02, 72.96it/s]
  0%|          | 38231/8824065 [13:03:30<29:47:53, 81.90it/s]
  0%|          | 38243/8824065 [13:03:30<27:11:05, 89.77it/s]
  0%|          | 38255/8824065 [13:03:30<25:17:32, 96.49it/s]
  0%|          | 38268/8824065 [13:03:30<23:45:02, 102.76it/s]
  0%|          | 38280/8824065 [13:03:30<22:48:20, 107.01it/s]
  0%|          | 38292/8824065 [13:03:30<22:10:03, 110.09it/s]
  0%|          | 38292/8824065 [13:03:40<22:10:03, 110.09it/s]
  0%|          | 38301/8824065 [13:06:58<13495:56:25,  5.53s/it]
  0%|          | 38313/8824065 [13:06:58<9278:29:05,  3.80s/it] 
  0%|          | 38325/8824065 [13:06:58<6418:09:40,  2.63s/it]
  0%|          | 38337/8824065 [13:06:58<4459:06:13,  1.83s/it]
  0%|          | 38349/8824065 [13:06:59<3108:21:32,  1.27s/it]
  0%|          | 38361/8824065 [13:06:59<2172:51:45,  1.12it/s]
  0%|          | 38373/8824065 [13:06:59<1522:41:58,  1.60it/s]
  0%|          | 38385/8824065 [13:06:59<1069:53:14,  2.28it/s]
  0%|          | 38397/8824065 [13:06:59<754:03:07,  3.24it/s] 
  0%|          | 38397/8824065 [13:07:10<754:03:07,  3.24it/s]
  0%|          | 38401/8824065 [13:07:41<3882:41:19,  1.59s/it]
  0%|          | 38413/8824065 [13:07:41<2532:56:25,  1.04s/it]
  0%|          | 38425/8824065 [13:07:41<1696:46:42,  1.44it/s]
  0%|          | 38437/8824065 [13:07:41<1156:28:09,  2.11it/s]
  0%|          | 38449/8824065 [13:07:42<798:26:57,  3.06it/s] 
  0%|          | 38461/8824065 [13:07:42<556:53:42,  4.38it/s]
  0%|          | 38473/8824065 [13:07:42<392:10:18,  6.22it/s]
  0%|          | 38485/8824065 [13:07:42<278:52:49,  8.75it/s]
  0%|          | 38503/8824065 [13:07:42<174:06:53, 14.02it/s]
  0%|          | 38536/8824065 [13:07:42<89:24:33, 27.29it/s] 
  0%|          | 38569/8824065 [13:07:42<54:53:51, 44.45it/s]
  0%|          | 38603/8824065 [13:07:42<36:43:33, 66.45it/s]
  0%|          | 38636/8824065 [13:07:42<26:36:50, 91.70it/s]
  0%|          | 38669/8824065 [13:07:42<20:17:07, 120.30it/s]
  0%|          | 38699/8824065 [13:07:43<16:58:17, 143.79it/s]
  0%|          | 38728/8824065 [13:07:43<14:38:44, 166.63it/s]
  0%|          | 38759/8824065 [13:07:43<12:36:49, 193.47it/s]
  0%|          | 38790/8824065 [13:07:43<11:11:17, 218.12it/s]
  0%|          | 38823/8824065 [13:07:43<10:01:34, 243.39it/s]
  0%|          | 38854/8824065 [13:07:43<10:04:43, 242.13it/s]
  0%|          | 38888/8824065 [13:07:43<9:13:12, 264.68it/s] 
  0%|          | 38922/8824065 [13:07:43<8:38:24, 282.44it/s]
  0%|          | 38956/8824065 [13:07:43<8:14:17, 296.22it/s]
  0%|          | 38990/8824065 [13:07:43<7:56:15, 307.43it/s]
  0%|          | 39024/8824065 [13:07:44<7:45:59, 314.21it/s]
  0%|          | 39058/8824065 [13:07:44<7:37:18, 320.17it/s]
  0%|          | 39092/8824065 [13:07:44<7:32:13, 323.77it/s]
  0%|          | 39125/8824065 [13:07:44<7:29:46, 325.54it/s]
  0%|          | 39159/8824065 [13:07:44<7:27:07, 327.46it/s]
  0%|          | 39193/8824065 [13:07:44<7:33:36, 322.77it/s]
  0%|          | 39193/8824065 [13:08:00<7:33:36, 322.77it/s]
  0%|          | 39201/8824065 [13:13:36<9898:49:29,  4.06s/it]
  0%|          | 39234/8824065 [13:13:36<6417:25:57,  2.63s/it]
  0%|          | 39267/8824065 [13:13:36<4273:06:01,  1.75s/it]
  0%|          | 39300/8824065 [13:13:36<2893:35:59,  1.19s/it]
  0%|          | 39300/8824065 [13:13:50<2893:35:59,  1.19s/it]
  0%|          | 39301/8824065 [13:16:32<8760:23:37,  3.59s/it]
  0%|          | 39335/8824065 [13:16:32<5246:48:02,  2.15s/it]
  0%|          | 39368/8824065 [13:16:32<3373:22:53,  1.38s/it]
  0%|          | 39368/8824065 [13:16:50<3373:22:53,  1.38s/it]
  0%|          | 39401/8824065 [13:18:22<4980:28:06,  2.04s/it]
  0%|          | 39434/8824065 [13:18:22<3360:48:35,  1.38s/it]
  0%|          | 39467/8824065 [13:18:22<2296:01:26,  1.06it/s]
  0%|          | 39500/8824065 [13:18:22<1581:53:49,  1.54it/s]
  0%|          | 39533/8824065 [13:18:23<1117:33:39,  2.18it/s]
  0%|          | 39566/8824065 [13:18:23<778:08:19,  3.14it/s] 
  0%|          | 39600/8824065 [13:18:23<538:52:55,  4.53it/s]
  0%|          | 39600/8824065 [13:18:40<538:52:55,  4.53it/s]
  0%|          | 39601/8824065 [13:19:26<2502:22:31,  1.03s/it]
  0%|          | 39634/8824065 [13:19:26<1560:06:47,  1.56it/s]
  0%|          | 39667/8824065 [13:19:26<1015:58:14,  2.40it/s]
  0%|          | 39700/8824065 [13:19:26<679:32:10,  3.59it/s] 
  0%|          | 39700/8824065 [13:19:40<679:32:10,  3.59it/s]
  0%|          | 39701/8824065 [13:21:16<4485:00:00,  1.84s/it]
  0%|          | 39734/8824065 [13:21:16<2686:42:37,  1.10s/it]
  0%|          | 39766/8824065 [13:21:16<1729:22:12,  1.41it/s]
  0%|          | 39799/8824065 [13:21:16<1135:21:36,  2.15it/s]
  0%|          | 39832/8824065 [13:21:17<762:59:49,  3.20it/s] 
  0%|          | 39864/8824065 [13:21:17<530:06:37,  4.60it/s]
  0%|          | 39890/8824065 [13:21:17<394:11:05,  6.19it/s]
  0%|          | 39912/8824065 [13:21:17<303:20:36,  8.04it/s]
  0%|          | 39931/8824065 [13:21:17<237:56:58, 10.25it/s]
  0%|          | 39948/8824065 [13:21:18<188:20:19, 12.96it/s]
  0%|          | 39964/8824065 [13:21:18<148:59:48, 16.38it/s]
  0%|          | 39979/8824065 [13:21:18<118:18:00, 20.63it/s]
  0%|          | 39993/8824065 [13:21:18<94:36:49, 25.79it/s] 
  0%|          | 39993/8824065 [13:21:30<94:36:49, 25.79it/s]
  0%|          | 40001/8824065 [13:54:56<101541:11:46, 41.61s/it]
  0%|          | 40011/8824065 [13:54:56<78450:58:32, 32.15s/it] 
  0%|          | 40023/8824065 [13:54:56<56448:27:46, 23.13s/it]
  0%|          | 40035/8824065 [13:54:56<40304:10:12, 16.52s/it]
  0%|          | 40048/8824065 [13:54:56<27941:15:18, 11.45s/it]
  0%|          | 40060/8824065 [13:54:56<19897:16:38,  8.15s/it]
  0%|          | 40072/8824065 [13:54:56<14101:44:01,  5.78s/it]
  0%|          | 40085/8824065 [13:54:56<9723:18:41,  3.98s/it] 
  0%|          | 40097/8824065 [13:54:56<6901:50:58,  2.83s/it]
  0%|          | 40097/8824065 [13:55:10<6901:50:58,  2.83s/it]
  0%|          | 40101/8824065 [13:59:26<26085:08:41, 10.69s/it]
  0%|          | 40114/8824065 [13:59:26<16678:12:29,  6.84s/it]
  0%|          | 40127/8824065 [13:59:26<11011:24:57,  4.51s/it]
  0%|          | 40140/8824065 [13:59:27<7416:47:24,  3.04s/it] 
  0%|          | 40153/8824065 [13:59:27<5061:29:13,  2.07s/it]
  0%|          | 40166/8824065 [13:59:27<3485:17:12,  1.43s/it]
  0%|          | 40179/8824065 [13:59:27<2419:19:10,  1.01it/s]
  0%|          | 40190/8824065 [13:59:27<1771:12:08,  1.38it/s]
  0%|          | 40202/8824065 [13:59:27<1250:20:37,  1.95it/s]
  0%|          | 40214/8824065 [13:59:27<883:35:47,  2.76it/s] 
  0%|          | 40226/8824065 [13:59:27<625:48:15,  3.90it/s]
  0%|          | 40237/8824065 [13:59:28<457:38:39,  5.33it/s]
  0%|          | 40250/8824065 [13:59:28<316:49:44,  7.70it/s]
  0%|          | 40263/8824065 [13:59:28<223:22:52, 10.92it/s]
  0%|          | 40276/8824065 [13:59:28<160:20:49, 15.22it/s]
  0%|          | 40289/8824065 [13:59:28<117:16:54, 20.80it/s]
  0%|          | 40301/8824065 [13:59:28<89:19:57, 27.31it/s] 
  0%|          | 40314/8824065 [13:59:28<67:57:55, 35.90it/s]
  0%|          | 40326/8824065 [13:59:28<55:27:39, 43.99it/s]
  0%|          | 40338/8824065 [13:59:28<45:28:23, 53.66it/s]
  0%|          | 40350/8824065 [13:59:28<38:14:41, 63.80it/s]
  0%|          | 40362/8824065 [13:59:29<34:14:33, 71.25it/s]
  0%|          | 40373/8824065 [13:59:29<31:36:37, 77.19it/s]
  0%|          | 40386/8824065 [13:59:29<27:52:24, 87.54it/s]
  0%|          | 40398/8824065 [13:59:29<25:41:33, 94.97it/s]
  0%|          | 40410/8824065 [13:59:29<24:10:00, 100.96it/s]
  0%|          | 40422/8824065 [13:59:29<23:10:05, 105.31it/s]
  0%|          | 40434/8824065 [13:59:29<22:20:20, 109.22it/s]
  0%|          | 40447/8824065 [13:59:29<21:24:27, 113.97it/s]
  0%|          | 40461/8824065 [13:59:29<20:27:22, 119.27it/s]
  0%|          | 40474/8824065 [13:59:30<20:33:17, 118.70it/s]
  0%|          | 40487/8824065 [13:59:30<20:36:07, 118.43it/s]
  0%|          | 40500/8824065 [13:59:30<20:41:10, 117.95it/s]
  0%|          | 40500/8824065 [13:59:40<20:41:10, 117.95it/s]
  0%|          | 40501/8824065 [14:07:41<38464:08:50, 15.76s/it]
  0%|          | 40513/8824065 [14:07:41<24830:42:11, 10.18s/it]
  0%|          | 40525/8824065 [14:07:42<16487:55:43,  6.76s/it]
  0%|          | 40537/8824065 [14:07:42<11144:23:49,  4.57s/it]
  0%|          | 40549/8824065 [14:07:42<7621:11:12,  3.12s/it] 
  0%|          | 40561/8824065 [14:07:42<5253:25:49,  2.15s/it]
  0%|          | 40573/8824065 [14:07:42<3641:53:45,  1.49s/it]
  0%|          | 40585/8824065 [14:07:42<2535:27:47,  1.04s/it]
  0%|          | 40597/8824065 [14:07:42<1771:16:14,  1.38it/s]
  0%|          | 40609/8824065 [14:07:42<1241:18:03,  1.97it/s]
  0%|          | 40621/8824065 [14:07:42<872:46:20,  2.80it/s] 
  0%|          | 40633/8824065 [14:07:42<615:58:54,  3.96it/s]
  0%|          | 40645/8824065 [14:07:43<436:46:49,  5.59it/s]
  0%|          | 40657/8824065 [14:07:43<311:48:23,  7.82it/s]
  0%|          | 40669/8824065 [14:07:43<224:16:32, 10.88it/s]
  0%|          | 40681/8824065 [14:07:43<163:02:53, 14.96it/s]
  0%|          | 40693/8824065 [14:07:43<120:20:20, 20.27it/s]
  0%|          | 40693/8824065 [14:08:00<120:20:20, 20.27it/s]
  0%|          | 40701/8824065 [14:10:15<10378:43:05,  4.25s/it]
  0%|          | 40713/8824065 [14:10:15<7036:04:05,  2.88s/it] 
  0%|          | 40725/8824065 [14:10:15<4822:22:31,  1.98s/it]
  0%|          | 40737/8824065 [14:10:15<3330:21:13,  1.37s/it]
  0%|          | 40749/8824065 [14:10:15<2312:47:19,  1.05it/s]
  0%|          | 40761/8824065 [14:10:15<1613:14:28,  1.51it/s]
  0%|          | 40773/8824065 [14:10:15<1129:38:55,  2.16it/s]
  0%|          | 40785/8824065 [14:10:15<794:05:26,  3.07it/s] 
  0%|          | 40797/8824065 [14:10:15<560:37:03,  4.35it/s]
  0%|          | 40810/8824065 [14:10:16<388:12:48,  6.28it/s]
  0%|          | 40823/8824065 [14:10:16<273:17:40,  8.93it/s]
  0%|          | 40836/8824065 [14:10:16<195:16:28, 12.49it/s]
  0%|          | 40849/8824065 [14:10:16<141:47:15, 17.21it/s]
  0%|          | 40861/8824065 [14:10:16<106:54:36, 22.82it/s]
  0%|          | 40874/8824065 [14:10:16<80:13:04, 30.41it/s] 
  0%|          | 40886/8824065 [14:10:16<62:58:42, 38.74it/s]
  0%|          | 40898/8824065 [14:10:16<50:35:42, 48.22it/s]
  0%|          | 40910/8824065 [14:10:16<41:47:01, 58.39it/s]
  0%|          | 40922/8824065 [14:10:16<35:34:37, 68.58it/s]
  0%|          | 40934/8824065 [14:10:17<31:14:52, 78.08it/s]
  0%|          | 40946/8824065 [14:10:17<28:08:49, 86.68it/s]
  0%|          | 40958/8824065 [14:10:17<25:53:15, 94.24it/s]
  0%|          | 40970/8824065 [14:10:17<24:16:13, 100.52it/s]
  0%|          | 40982/8824065 [14:10:17<23:08:29, 105.43it/s]
  0%|          | 40995/8824065 [14:10:17<22:16:06, 109.56it/s]
  0%|          | 41007/8824065 [14:10:17<21:51:12, 111.64it/s]
  0%|          | 41019/8824065 [14:10:17<21:26:48, 113.76it/s]
  0%|          | 41032/8824065 [14:10:17<21:04:10, 115.79it/s]
  0%|          | 41044/8824065 [14:10:18<20:53:06, 116.82it/s]
  0%|          | 41057/8824065 [14:10:18<20:41:06, 117.95it/s]
  0%|          | 41069/8824065 [14:10:18<20:38:06, 118.23it/s]
  0%|          | 41081/8824065 [14:10:18<20:32:59, 118.72it/s]
  0%|          | 41093/8824065 [14:10:18<20:38:06, 118.23it/s]
  0%|          | 41105/8824065 [14:10:18<20:33:20, 118.69it/s]
  0%|          | 41117/8824065 [14:10:18<20:29:32, 119.06it/s]
  0%|          | 41129/8824065 [14:10:18<20:33:12, 118.70it/s]
  0%|          | 41141/8824065 [14:10:18<20:35:43, 118.46it/s]
  0%|          | 41153/8824065 [14:10:18<20:42:42, 117.79it/s]
  0%|          | 41165/8824065 [14:10:19<20:40:20, 118.02it/s]
  0%|          | 41177/8824065 [14:10:19<20:54:44, 116.66it/s]
  0%|          | 41189/8824065 [14:10:19<20:50:28, 117.06it/s]
  0%|          | 41201/8824065 [14:10:19<20:46:35, 117.43it/s]
  0%|          | 41213/8824065 [14:10:19<20:46:27, 117.44it/s]
  0%|          | 41225/8824065 [14:10:19<20:42:35, 117.80it/s]
  0%|          | 41237/8824065 [14:10:19<20:42:48, 117.78it/s]
  0%|          | 41249/8824065 [14:10:19<20:40:44, 117.98it/s]
  0%|          | 41274/8824065 [14:10:19<15:38:44, 155.93it/s]
  0%|          | 41274/8824065 [14:10:30<15:38:44, 155.93it/s]
  0%|          | 41301/8824065 [14:20:52<24099:43:25,  9.88s/it]
  0%|          | 41335/8824065 [14:20:52<13713:58:02,  5.62s/it]
  0%|          | 41369/8824065 [14:20:53<8490:02:21,  3.48s/it] 
  0%|          | 41403/8824065 [14:20:53<5499:39:54,  2.25s/it]
  0%|          | 41436/8824065 [14:20:53<3696:29:53,  1.52s/it]
  0%|          | 41469/8824065 [14:20:53<2518:39:18,  1.03s/it]
  0%|          | 41502/8824065 [14:20:53<1732:04:10,  1.41it/s]
  0%|          | 41536/8824065 [14:20:53<1187:49:40,  2.05it/s]
  0%|          | 41569/8824065 [14:20:53<828:33:27,  2.94it/s] 
  0%|          | 41601/8824065 [14:20:53<585:46:15,  4.16it/s]
  0%|          | 41631/8824065 [14:20:54<425:22:56,  5.73it/s]
  0%|          | 41656/8824065 [14:20:54<323:05:23,  7.55it/s]
  0%|          | 41677/8824065 [14:20:54<252:40:50,  9.65it/s]
  0%|          | 41695/8824065 [14:20:54<201:14:02, 12.12it/s]
  0%|          | 41712/8824065 [14:20:54<159:39:44, 15.28it/s]
  0%|          | 41727/8824065 [14:20:54<128:20:06, 19.01it/s]
  0%|          | 41741/8824065 [14:20:54<103:36:18, 23.55it/s]
  0%|          | 41755/8824065 [14:20:55<83:00:59, 29.39it/s] 
  0%|          | 41768/8824065 [14:20:55<67:33:57, 36.11it/s]
  0%|          | 41781/8824065 [14:20:55<55:15:01, 44.15it/s]
  0%|          | 41794/8824065 [14:20:55<45:51:51, 53.19it/s]
  0%|          | 41807/8824065 [14:20:55<38:47:12, 62.90it/s]
  0%|          | 41820/8824065 [14:20:55<33:36:01, 72.60it/s]
  0%|          | 41833/8824065 [14:20:55<29:49:44, 81.78it/s]
  0%|          | 41845/8824065 [14:20:55<27:15:25, 89.50it/s]
  0%|          | 41857/8824065 [14:20:55<25:18:45, 96.37it/s]
  0%|          | 41869/8824065 [14:20:56<24:13:09, 100.72it/s]
  0%|          | 41881/8824065 [14:20:56<24:41:25, 98.80it/s] 
  0%|          | 41894/8824065 [14:20:56<23:17:51, 104.71it/s]
  0%|          | 41906/8824065 [14:20:56<24:32:19, 99.41it/s] 
  0%|          | 41919/8824065 [14:20:56<23:12:30, 105.11it/s]
  0%|          | 41932/8824065 [14:20:56<21:53:22, 111.45it/s]
  0%|          | 41944/8824065 [14:20:56<21:26:40, 113.76it/s]
  0%|          | 41956/8824065 [14:20:56<21:08:47, 115.36it/s]
  0%|          | 41968/8824065 [14:20:56<20:55:02, 116.62it/s]
  0%|          | 41980/8824065 [14:20:57<20:47:31, 117.33it/s]
  0%|          | 41992/8824065 [14:20:57<20:39:55, 118.05it/s]
  0%|          | 42005/8824065 [14:20:57<20:34:12, 118.59it/s]
  0%|          | 42018/8824065 [14:20:57<20:29:29, 119.05it/s]
  0%|          | 42031/8824065 [14:20:57<20:14:27, 120.52it/s]
  0%|          | 42044/8824065 [14:20:57<20:20:42, 119.90it/s]
  0%|          | 42057/8824065 [14:20:57<20:19:46, 119.99it/s]
  0%|          | 42070/8824065 [14:20:57<20:19:13, 120.05it/s]
  0%|          | 42083/8824065 [14:20:57<20:21:16, 119.85it/s]
  0%|          | 42096/8824065 [14:20:58<20:17:05, 120.26it/s]
  0%|          | 42109/8824065 [14:20:58<20:14:47, 120.49it/s]
  0%|          | 42122/8824065 [14:20:58<20:16:49, 120.29it/s]
  0%|          | 42135/8824065 [14:20:58<20:17:05, 120.26it/s]
  0%|          | 42148/8824065 [14:20:58<20:15:09, 120.45it/s]
  0%|          | 42161/8824065 [14:20:58<20:14:36, 120.50it/s]
  0%|          | 42174/8824065 [14:20:58<20:15:32, 120.41it/s]
  0%|          | 42187/8824065 [14:20:58<20:16:43, 120.29it/s]
  0%|          | 42200/8824065 [14:20:58<20:17:18, 120.24it/s]
  0%|          | 42200/8824065 [14:21:10<20:17:18, 120.24it/s]
  0%|          | 42201/8824065 [14:26:41<26688:03:09, 10.94s/it]
  0%|          | 42213/8824065 [14:26:41<17256:11:02,  7.07s/it]
  0%|          | 42225/8824065 [14:26:41<11470:45:04,  4.70s/it]
  0%|          | 42237/8824065 [14:26:41<7759:36:13,  3.18s/it] 
  0%|          | 42249/8824065 [14:26:41<5310:24:14,  2.18s/it]
  0%|          | 42261/8824065 [14:26:41<3663:25:31,  1.50s/it]
  0%|          | 42273/8824065 [14:26:41<2541:56:16,  1.04s/it]
  0%|          | 42285/8824065 [14:26:42<1771:45:16,  1.38it/s]
  0%|          | 42307/8824065 [14:26:42<989:21:36,  2.47it/s] 
  0%|          | 42339/8824065 [14:26:42<518:03:34,  4.71it/s]
  0%|          | 42370/8824065 [14:26:42<314:28:25,  7.76it/s]
  0%|          | 42406/8824065 [14:26:42<191:56:53, 12.71it/s]
  0%|          | 42440/8824065 [14:26:42<127:24:18, 19.15it/s]
  0%|          | 42473/8824065 [14:26:42<88:15:40, 27.64it/s] 
  0%|          | 42507/8824065 [14:26:42<62:00:31, 39.34it/s]
  0%|          | 42541/8824065 [14:26:42<44:40:58, 54.59it/s]
  0%|          | 42573/8824065 [14:26:42<33:53:50, 71.96it/s]
  0%|          | 42607/8824065 [14:26:43<25:36:13, 95.27it/s]
  0%|          | 42640/8824065 [14:26:43<20:07:47, 121.18it/s]
  0%|          | 42672/8824065 [14:26:43<16:56:55, 143.92it/s]
  0%|          | 42672/8824065 [14:27:00<16:56:55, 143.92it/s]
  0%|          | 42701/8824065 [14:27:48<1528:32:46,  1.60it/s]
  0%|          | 42735/8824065 [14:27:48<1047:16:01,  2.33it/s]
  0%|          | 42769/8824065 [14:27:48<723:31:08,  3.37it/s] 
  0%|          | 42769/8824065 [14:28:00<723:31:08,  3.37it/s]
  0%|          | 42801/8824065 [14:32:34<6933:55:18,  2.84s/it]
  0%|          | 42834/8824065 [14:32:34<4835:25:10,  1.98s/it]
  0%|          | 42868/8824065 [14:32:34<3346:25:12,  1.37s/it]
  0%|          | 42902/8824065 [14:32:34<2325:12:01,  1.05it/s]
  0%|          | 42936/8824065 [14:32:34<1620:25:34,  1.51it/s]
  0%|          | 42970/8824065 [14:32:34<1131:54:54,  2.15it/s]
  0%|          | 43004/8824065 [14:32:34<792:18:39,  3.08it/s] 
  0%|          | 43038/8824065 [14:32:35<555:41:19,  4.39it/s]
  0%|          | 43072/8824065 [14:32:35<390:37:38,  6.24it/s]
  0%|          | 43106/8824065 [14:32:35<275:24:10,  8.86it/s]
  0%|          | 43140/8824065 [14:32:35<194:51:09, 12.52it/s]
  0%|          | 43174/8824065 [14:32:35<138:30:36, 17.61it/s]
  0%|          | 43174/8824065 [14:32:50<138:30:36, 17.61it/s]
  0%|          | 43201/8824065 [14:33:31<1395:27:14,  1.75it/s]
  0%|          | 43233/8824065 [14:33:31<977:58:22,  2.49it/s] 
  0%|          | 43267/8824065 [14:33:31<673:40:23,  3.62it/s]
  0%|          | 43267/8824065 [14:33:50<673:40:23,  3.62it/s]
  0%|          | 43301/8824065 [14:36:41<4666:07:38,  1.91s/it]
  0%|          | 43334/8824065 [14:36:41<3267:49:30,  1.34s/it]
  0%|          | 43368/8824065 [14:36:41<2268:46:49,  1.08it/s]
  0%|          | 43368/8824065 [14:37:00<2268:46:49,  1.08it/s]
  0%|          | 43401/8824065 [14:40:04<6070:04:29,  2.49s/it]
  0%|          | 43435/8824065 [14:40:04<4220:52:22,  1.73s/it]
  0%|          | 43469/8824065 [14:40:04<2942:05:37,  1.21s/it]
  0%|          | 43469/8824065 [14:40:20<2942:05:37,  1.21s/it]
  0%|          | 43501/8824065 [14:40:59<3290:51:03,  1.35s/it]
  0%|          | 43535/8824065 [14:40:59<2287:46:14,  1.07it/s]
  0%|          | 43569/8824065 [14:40:59<1594:54:29,  1.53it/s]
  0%|          | 43603/8824065 [14:40:59<1114:23:10,  2.19it/s]
  0%|          | 43637/8824065 [14:40:59<780:12:26,  3.13it/s] 
  0%|          | 43671/8824065 [14:40:59<547:49:28,  4.45it/s]
  0%|          | 43703/8824065 [14:41:00<395:28:23,  6.17it/s]
  0%|          | 43729/8824065 [14:41:00<301:23:58,  8.09it/s]
  0%|          | 43751/8824065 [14:41:00<236:00:00, 10.33it/s]
  0%|          | 43770/8824065 [14:41:00<187:53:48, 12.98it/s]
  0%|          | 43787/8824065 [14:41:00<150:42:48, 16.18it/s]
  0%|          | 43803/8824065 [14:41:00<120:46:05, 20.20it/s]
  0%|          | 43818/8824065 [14:41:01<97:08:41, 25.11it/s] 
  0%|          | 43832/8824065 [14:41:01<78:44:58, 30.97it/s]
  0%|          | 43846/8824065 [14:41:01<63:49:56, 38.21it/s]
  0%|          | 43859/8824065 [14:41:01<52:50:25, 46.16it/s]
  0%|          | 43872/8824065 [14:41:01<44:12:34, 55.17it/s]
  0%|          | 43885/8824065 [14:41:01<37:37:49, 64.81it/s]
  0%|          | 43898/8824065 [14:41:01<32:42:51, 74.55it/s]
  0%|          | 43898/8824065 [14:41:20<32:42:51, 74.55it/s]
  0%|          | 43901/8824065 [15:06:19<104900:12:44, 43.01s/it]
  0%|          | 43913/8824065 [15:06:19<70617:03:12, 28.95s/it] 
  0%|          | 43926/8824065 [15:06:19<46900:24:06, 19.23s/it]
  0%|          | 43939/8824065 [15:06:19<31697:52:18, 13.00s/it]
  0%|          | 43955/8824065 [15:06:20<20193:17:14,  8.28s/it]
  0%|          | 43973/8824065 [15:06:20<12756:43:05,  5.23s/it]
  0%|          | 43991/8824065 [15:06:20<8361:47:56,  3.43s/it] 
  0%|          | 43991/8824065 [15:06:31<8361:47:56,  3.43s/it]
  0%|          | 44001/8824065 [15:20:15<50343:48:07, 20.64s/it]
  0%|          | 44013/8824065 [15:20:15<36795:40:26, 15.09s/it]
  0%|          | 44028/8824065 [15:20:15<24855:58:25, 10.19s/it]
  0%|          | 44042/8824065 [15:20:15<17352:52:22,  7.12s/it]
  0%|          | 44056/8824065 [15:20:15<12127:33:25,  4.97s/it]
  0%|          | 44069/8824065 [15:20:16<8668:51:10,  3.55s/it] 
  0%|          | 44082/8824065 [15:20:16<6162:21:51,  2.53s/it]
  0%|          | 44095/8824065 [15:20:16<4363:57:12,  1.79s/it]
  0%|          | 44108/8824065 [15:20:16<3082:50:25,  1.26s/it]
  1%|          | 44121/8824065 [15:20:16<2175:02:38,  1.12it/s]
  1%|          | 44134/8824065 [15:20:16<1534:03:01,  1.59it/s]
  1%|          | 44147/8824065 [15:20:16<1082:35:34,  2.25it/s]
  1%|          | 44160/8824065 [15:20:16<765:11:07,  3.19it/s] 
  1%|          | 44177/8824065 [15:20:16<496:20:18,  4.91it/s]
  1%|          | 44191/8824065 [15:20:17<354:38:37,  6.88it/s]
  1%|          | 44205/8824065 [15:20:17<255:13:48,  9.56it/s]
  1%|          | 44218/8824065 [15:20:17<188:43:17, 12.92it/s]
  1%|          | 44231/8824065 [15:20:17<140:12:59, 17.39it/s]
  1%|          | 44244/8824065 [15:20:17<105:12:57, 23.18it/s]
  1%|          | 44257/8824065 [15:20:17<80:13:32, 30.40it/s] 
  1%|          | 44270/8824065 [15:20:17<62:29:14, 39.03it/s]
  1%|          | 44283/8824065 [15:20:17<49:57:22, 48.82it/s]
  1%|          | 44296/8824065 [15:20:17<41:09:30, 59.25it/s]
  1%|          | 44309/8824065 [15:20:18<34:55:24, 69.83it/s]
  1%|          | 44322/8824065 [15:20:18<30:33:09, 79.82it/s]
  1%|          | 44335/8824065 [15:20:18<27:28:38, 88.76it/s]
  1%|          | 44348/8824065 [15:20:18<25:20:00, 96.27it/s]
  1%|          | 44361/8824065 [15:20:18<23:51:31, 102.22it/s]
  1%|          | 44374/8824065 [15:20:18<22:46:46, 107.06it/s]
  1%|          | 44387/8824065 [15:20:18<22:00:27, 110.82it/s]
  1%|          | 44400/8824065 [15:20:18<21:30:05, 113.42it/s]
  1%|          | 44400/8824065 [15:20:31<21:30:05, 113.42it/s]
  1%|          | 44401/8824065 [15:29:46<44220:32:11, 18.13s/it]
  1%|          | 44413/8824065 [15:29:46<28593:48:22, 11.72s/it]
  1%|          | 44426/8824065 [15:29:47<18488:40:35,  7.58s/it]
  1%|          | 44439/8824065 [15:29:47<12289:51:08,  5.04s/it]
  1%|          | 44452/8824065 [15:29:47<8313:26:40,  3.41s/it] 
  1%|          | 44465/8824065 [15:29:47<5688:53:59,  2.33s/it]
  1%|          | 44478/8824065 [15:29:47<3924:00:01,  1.61s/it]
  1%|          | 44491/8824065 [15:29:47<2722:11:38,  1.12s/it]
  1%|          | 44504/8824065 [15:29:47<1896:52:01,  1.29it/s]
  1%|          | 44517/8824065 [15:29:47<1326:47:13,  1.84it/s]
  1%|          | 44530/8824065 [15:29:47<931:24:31,  2.62it/s] 
  1%|          | 44543/8824065 [15:29:48<656:22:38,  3.72it/s]
  1%|          | 44556/8824065 [15:29:48<464:45:48,  5.25it/s]
  1%|          | 44569/8824065 [15:29:48<331:01:01,  7.37it/s]
  1%|          | 44582/8824065 [15:29:48<237:34:31, 10.27it/s]
  1%|          | 44595/8824065 [15:29:48<172:14:54, 14.16it/s]
  1%|          | 44595/8824065 [15:30:01<172:14:54, 14.16it/s]
  1%|          | 44601/8824065 [15:33:29<14965:19:00,  6.14s/it]
  1%|          | 44613/8824065 [15:33:29<10170:26:17,  4.17s/it]
  1%|          | 44626/8824065 [15:33:29<6802:43:46,  2.79s/it] 
  1%|          | 44639/8824065 [15:33:29<4621:41:42,  1.90s/it]
  1%|          | 44652/8824065 [15:33:29<3173:13:17,  1.30s/it]
  1%|          | 44665/8824065 [15:33:29<2195:12:59,  1.11it/s]
  1%|          | 44683/8824065 [15:33:29<1365:43:52,  1.79it/s]
  1%|          | 44701/8824065 [15:33:29<889:48:52,  2.74it/s] 
  1%|          | 44719/8824065 [15:33:29<596:42:01,  4.09it/s]
  1%|          | 44737/8824065 [15:33:29<408:08:57,  5.98it/s]
  1%|          | 44755/8824065 [15:33:30<283:29:46,  8.60it/s]
  1%|          | 44772/8824065 [15:33:30<204:27:48, 11.93it/s]
  1%|          | 44788/8824065 [15:33:30<151:40:54, 16.08it/s]
  1%|          | 44788/8824065 [15:33:41<151:40:54, 16.08it/s]
  1%|          | 44801/8824065 [15:38:06<13059:51:25,  5.36s/it]
  1%|          | 44819/8824065 [15:38:06<8746:50:34,  3.59s/it] 
  1%|          | 44837/8824065 [15:38:06<5945:21:55,  2.44s/it]
  1%|          | 44855/8824065 [15:38:07<4081:20:00,  1.67s/it]
  1%|          | 44874/8824065 [15:38:07<2773:28:21,  1.14s/it]
  1%|          | 44892/8824065 [15:38:07<1936:40:00,  1.26it/s]
  1%|          | 44892/8824065 [15:38:21<1936:40:00,  1.26it/s]
  1%|          | 44901/8824065 [15:38:23<2395:53:51,  1.02it/s]
  1%|          | 44919/8824065 [15:38:24<1592:46:54,  1.53it/s]
  1%|          | 44937/8824065 [15:38:24<1079:28:25,  2.26it/s]
  1%|          | 44955/8824065 [15:38:24<741:30:55,  3.29it/s] 
  1%|          | 44973/8824065 [15:38:24<514:35:14,  4.74it/s]
  1%|          | 44991/8824065 [15:38:24<360:12:31,  6.77it/s]
  1%|          | 45009/8824065 [15:38:24<254:16:15,  9.59it/s]
  1%|          | 45027/8824065 [15:38:24<181:06:55, 13.46it/s]
  1%|          | 45046/8824065 [15:38:24<128:14:44, 19.02it/s]
  1%|          | 45065/8824065 [15:38:24<92:42:30, 26.30it/s] 
  1%|          | 45084/8824065 [15:38:24<68:25:48, 35.64it/s]
  1%|          | 45103/8824065 [15:38:25<51:44:37, 47.13it/s]
  1%|          | 45121/8824065 [15:38:25<40:37:22, 60.03it/s]
  1%|          | 45139/8824065 [15:38:25<32:42:34, 74.55it/s]
  1%|          | 45158/8824065 [15:38:25<26:49:03, 90.93it/s]
  1%|          | 45176/8824065 [15:38:25<22:57:48, 106.19it/s]
  1%|          | 45194/8824065 [15:38:25<20:12:38, 120.66it/s]
  1%|          | 45212/8824065 [15:38:25<18:15:54, 133.51it/s]
  1%|          | 45230/8824065 [15:38:25<16:55:06, 144.14it/s]
  1%|          | 45248/8824065 [15:38:25<15:58:49, 152.60it/s]
  1%|          | 45266/8824065 [15:38:25<15:19:29, 159.13it/s]
  1%|          | 45284/8824065 [15:38:26<14:52:17, 163.98it/s]
  1%|          | 45302/8824065 [15:38:26<14:30:28, 168.08it/s]
  1%|          | 45320/8824065 [15:38:26<14:16:47, 170.77it/s]
  1%|          | 45338/8824065 [15:38:26<14:05:17, 173.09it/s]
  1%|          | 45356/8824065 [15:38:26<13:56:22, 174.94it/s]
  1%|          | 45374/8824065 [15:38:26<13:49:23, 176.41it/s]
  1%|          | 45395/8824065 [15:38:26<13:08:42, 185.51it/s]
  1%|          | 45414/8824065 [15:38:26<13:17:44, 183.40it/s]
  1%|          | 45433/8824065 [15:38:26<13:22:45, 182.26it/s]
  1%|          | 45452/8824065 [15:38:26<13:26:01, 181.52it/s]
  1%|          | 45471/8824065 [15:38:27<13:27:05, 181.28it/s]
  1%|          | 45490/8824065 [15:38:27<13:27:01, 181.29it/s]
  1%|          | 45509/8824065 [15:38:27<13:28:43, 180.91it/s]
  1%|          | 45528/8824065 [15:38:27<13:32:30, 180.07it/s]
  1%|          | 45547/8824065 [15:38:27<13:32:04, 180.17it/s]
  1%|          | 45566/8824065 [15:38:27<13:31:52, 180.21it/s]
  1%|          | 45585/8824065 [15:38:27<13:32:34, 180.06it/s]
  1%|          | 45604/8824065 [15:38:27<13:34:49, 179.56it/s]
  1%|          | 45622/8824065 [15:38:27<13:34:49, 179.56it/s]
  1%|          | 45640/8824065 [15:38:28<13:34:43, 179.58it/s]
  1%|          | 45659/8824065 [15:38:28<13:32:56, 179.97it/s]
  1%|          | 45677/8824065 [15:38:28<13:34:18, 179.67it/s]
  1%|          | 45696/8824065 [15:38:28<13:32:49, 180.00it/s]
  1%|          | 45714/8824065 [15:38:28<13:33:03, 179.94it/s]
  1%|          | 45732/8824065 [15:38:28<13:34:18, 179.67it/s]
  1%|          | 45750/8824065 [15:38:28<13:35:03, 179.50it/s]
  1%|          | 45773/8824065 [15:38:28<12:38:24, 192.91it/s]
  1%|          | 45793/8824065 [15:38:28<12:54:46, 188.83it/s]
  1%|          | 45812/8824065 [15:38:28<13:05:42, 186.21it/s]
  1%|          | 45831/8824065 [15:38:29<13:13:53, 184.29it/s]
  1%|          | 45850/8824065 [15:38:29<13:18:52, 183.14it/s]
  1%|          | 45869/8824065 [15:38:29<13:22:55, 182.21it/s]
  1%|          | 45888/8824065 [15:38:29<13:26:19, 181.44it/s]
  1%|          | 45907/8824065 [15:38:29<13:27:56, 181.08it/s]
  1%|          | 45926/8824065 [15:38:29<13:29:34, 180.72it/s]
  1%|          | 45945/8824065 [15:38:29<13:30:27, 180.52it/s]
  1%|          | 45964/8824065 [15:38:29<13:32:34, 180.05it/s]
  1%|          | 45983/8824065 [15:38:29<13:33:51, 179.76it/s]
  1%|          | 46001/8824065 [15:38:30<13:34:26, 179.63it/s]
  1%|          | 46019/8824065 [15:38:30<13:34:32, 179.61it/s]
  1%|          | 46037/8824065 [15:38:30<13:37:29, 178.96it/s]
  1%|          | 46055/8824065 [15:38:30<13:37:06, 179.04it/s]
  1%|          | 46073/8824065 [15:38:30<13:36:26, 179.19it/s]
  1%|          | 46091/8824065 [15:38:30<13:36:57, 179.08it/s]
  1%|          | 46109/8824065 [15:38:30<13:37:15, 179.01it/s]
  1%|          | 46128/8824065 [15:38:30<13:31:04, 180.38it/s]
  1%|          | 46147/8824065 [15:38:30<13:34:11, 179.69it/s]
  1%|          | 46165/8824065 [15:38:30<13:38:15, 178.79it/s]
  1%|          | 46183/8824065 [15:38:31<13:38:09, 178.81it/s]
  1%|          | 46201/8824065 [15:38:31<13:38:29, 178.74it/s]
  1%|          | 46219/8824065 [15:38:31<13:41:27, 178.10it/s]
  1%|          | 46237/8824065 [15:38:31<13:41:45, 178.03it/s]
  1%|          | 46255/8824065 [15:38:31<13:44:35, 177.42it/s]
  1%|          | 46273/8824065 [15:38:31<13:43:42, 177.61it/s]
  1%|          | 46291/8824065 [15:38:31<13:42:58, 177.77it/s]
  1%|          | 46309/8824065 [15:38:31<13:42:20, 177.90it/s]
  1%|          | 46327/8824065 [15:38:31<13:41:58, 177.98it/s]
  1%|          | 46345/8824065 [15:38:31<13:40:37, 178.27it/s]
  1%|          | 46363/8824065 [15:38:32<13:42:17, 177.91it/s]
  1%|          | 46381/8824065 [15:38:32<13:41:53, 178.00it/s]
  1%|          | 46399/8824065 [15:38:32<13:42:44, 177.82it/s]
  1%|          | 46417/8824065 [15:38:32<13:41:33, 178.07it/s]
  1%|          | 46435/8824065 [15:38:32<13:43:06, 177.74it/s]
  1%|          | 46453/8824065 [15:38:32<13:43:34, 177.63it/s]
  1%|          | 46471/8824065 [15:38:32<13:43:29, 177.65it/s]
  1%|          | 46491/8824065 [15:38:32<13:23:27, 182.08it/s]
  1%|          | 46510/8824065 [15:38:32<13:29:07, 180.80it/s]
  1%|          | 46529/8824065 [15:38:32<13:34:40, 179.57it/s]
  1%|          | 46547/8824065 [15:38:33<13:37:58, 178.85it/s]
  1%|          | 46565/8824065 [15:38:33<13:43:40, 177.61it/s]
  1%|          | 46583/8824065 [15:38:33<13:43:57, 177.55it/s]
  1%|          | 46601/8824065 [15:38:33<13:45:15, 177.27it/s]
  1%|          | 46619/8824065 [15:38:33<13:43:45, 177.59it/s]
  1%|          | 46637/8824065 [15:38:33<13:44:03, 177.52it/s]
  1%|          | 46655/8824065 [15:38:33<13:46:14, 177.05it/s]
  1%|          | 46673/8824065 [15:38:33<13:42:53, 177.77it/s]
  1%|          | 46691/8824065 [15:38:33<13:41:23, 178.10it/s]
  1%|          | 46709/8824065 [15:38:33<13:39:43, 178.46it/s]
  1%|          | 46727/8824065 [15:38:34<13:40:23, 178.32it/s]
  1%|          | 46745/8824065 [15:38:34<13:41:33, 178.06it/s]
  1%|          | 46763/8824065 [15:38:34<13:42:08, 177.93it/s]
  1%|          | 46781/8824065 [15:38:34<13:42:12, 177.92it/s]
  1%|          | 46799/8824065 [15:38:34<13:42:40, 177.82it/s]
  1%|          | 46817/8824065 [15:38:34<13:42:48, 177.79it/s]
  1%|          | 46846/8824065 [15:38:34<11:38:57, 209.29it/s]
  1%|          | 46867/8824065 [15:38:34<12:14:49, 199.08it/s]
  1%|          | 46887/8824065 [15:38:34<12:40:37, 192.32it/s]
  1%|          | 46907/8824065 [15:38:35<12:59:16, 187.72it/s]
  1%|          | 46926/8824065 [15:38:35<13:12:13, 184.65it/s]
  1%|          | 46945/8824065 [15:38:35<13:19:30, 182.97it/s]
  1%|          | 46964/8824065 [15:38:35<13:25:59, 181.50it/s]
  1%|          | 46983/8824065 [15:38:35<13:36:49, 179.09it/s]
  1%|          | 47001/8824065 [15:38:35<15:32:15, 156.91it/s]
  1%|          | 47019/8824065 [15:38:35<15:09:16, 160.88it/s]
  1%|          | 47037/8824065 [15:38:35<14:42:04, 165.84it/s]
  1%|          | 47055/8824065 [15:38:35<14:23:40, 169.37it/s]
  1%|          | 47073/8824065 [15:38:36<14:09:45, 172.15it/s]
  1%|          | 47092/8824065 [15:38:36<13:57:53, 174.58it/s]
  1%|          | 47110/8824065 [15:38:36<13:52:12, 175.78it/s]
  1%|          | 47128/8824065 [15:38:36<13:46:28, 177.00it/s]
  1%|          | 47146/8824065 [15:38:36<13:43:01, 177.74it/s]
  1%|          | 47164/8824065 [15:38:36<13:43:33, 177.62it/s]
  1%|          | 47182/8824065 [15:38:36<13:41:18, 178.11it/s]
  1%|          | 47200/8824065 [15:38:36<13:41:10, 178.14it/s]
  1%|          | 47218/8824065 [15:38:36<13:40:38, 178.25it/s]
  1%|          | 47237/8824065 [15:38:36<13:36:21, 179.19it/s]
  1%|          | 47256/8824065 [15:38:37<13:35:22, 179.40it/s]
  1%|          | 47274/8824065 [15:38:37<13:35:04, 179.47it/s]
  1%|          | 47292/8824065 [15:38:37<13:54:46, 175.23it/s]
  1%|          | 47310/8824065 [15:38:37<15:47:22, 154.40it/s]
  1%|          | 47326/8824065 [15:38:37<17:00:11, 143.38it/s]
  1%|          | 47341/8824065 [15:38:37<17:54:14, 136.17it/s]
  1%|          | 47355/8824065 [15:38:37<18:32:00, 131.54it/s]
  1%|          | 47369/8824065 [15:38:37<18:59:18, 128.39it/s]
  1%|          | 47382/8824065 [15:38:37<19:17:18, 126.40it/s]
  1%|          | 47395/8824065 [15:38:38<19:31:53, 124.82it/s]
  1%|          | 47408/8824065 [15:38:38<19:43:43, 123.57it/s]
  1%|          | 47421/8824065 [15:38:38<19:50:20, 122.89it/s]
  1%|          | 47434/8824065 [15:38:38<19:55:40, 122.34it/s]
  1%|          | 47447/8824065 [15:38:38<20:00:30, 121.85it/s]
  1%|          | 47460/8824065 [15:38:38<20:02:25, 121.65it/s]
  1%|          | 47473/8824065 [15:38:38<20:05:33, 121.34it/s]
  1%|          | 47503/8824065 [15:38:38<14:20:19, 170.02it/s]
  1%|          | 47521/8824065 [15:38:38<16:09:41, 150.85it/s]
  1%|          | 47537/8824065 [15:38:39<17:23:14, 140.21it/s]
  1%|          | 47552/8824065 [15:38:39<18:12:34, 133.88it/s]
  1%|          | 47566/8824065 [15:38:39<18:45:23, 129.98it/s]
  1%|          | 47580/8824065 [15:38:39<19:10:46, 127.11it/s]
  1%|          | 47593/8824065 [15:38:39<19:30:47, 124.94it/s]
  1%|          | 47606/8824065 [15:38:39<19:44:01, 123.54it/s]
  1%|          | 47619/8824065 [15:38:39<19:53:25, 122.57it/s]
  1%|          | 47632/8824065 [15:38:39<20:05:48, 121.31it/s]
  1%|          | 47645/8824065 [15:38:40<20:02:59, 121.59it/s]
  1%|          | 47658/8824065 [15:38:40<20:03:55, 121.50it/s]
  1%|          | 47671/8824065 [15:38:40<20:05:30, 121.34it/s]
  1%|          | 47684/8824065 [15:38:40<20:06:16, 121.26it/s]
  1%|          | 47697/8824065 [15:38:40<20:07:36, 121.13it/s]
  1%|          | 47710/8824065 [15:38:40<20:06:29, 121.24it/s]
  1%|          | 47723/8824065 [15:38:40<20:09:44, 120.91it/s]
  1%|          | 47736/8824065 [15:38:40<20:14:50, 120.40it/s]
  1%|          | 47749/8824065 [15:38:40<20:14:32, 120.43it/s]
  1%|          | 47762/8824065 [15:38:41<20:21:06, 119.79it/s]
  1%|          | 47774/8824065 [15:38:41<20:23:37, 119.54it/s]
  1%|          | 47787/8824065 [15:38:41<20:21:36, 119.74it/s]
  1%|          | 47799/8824065 [15:38:41<20:21:42, 119.73it/s]
  1%|          | 47812/8824065 [15:38:41<20:17:41, 120.12it/s]
  1%|          | 47825/8824065 [15:38:41<20:19:18, 119.96it/s]
  1%|          | 47837/8824065 [15:38:41<20:19:53, 119.90it/s]
  1%|          | 47849/8824065 [15:38:41<20:22:05, 119.69it/s]
  1%|          | 47862/8824065 [15:38:41<20:19:22, 119.95it/s]
  1%|          | 47875/8824065 [15:38:41<20:18:33, 120.03it/s]
  1%|          | 47888/8824065 [15:38:42<20:16:30, 120.24it/s]
  1%|          | 47901/8824065 [15:38:42<20:15:03, 120.38it/s]
  1%|          | 47914/8824065 [15:38:42<20:13:14, 120.56it/s]
  1%|          | 47927/8824065 [15:38:42<20:14:03, 120.48it/s]
  1%|          | 47940/8824065 [15:38:42<20:12:03, 120.68it/s]
  1%|          | 47953/8824065 [15:38:42<20:05:53, 121.30it/s]
  1%|          | 47966/8824065 [15:38:42<20:06:32, 121.23it/s]
  1%|          | 47979/8824065 [15:38:42<20:09:25, 120.94it/s]
  1%|          | 47992/8824065 [15:38:42<20:12:46, 120.61it/s]
  1%|          | 48005/8824065 [15:38:43<20:12:51, 120.60it/s]
  1%|          | 48018/8824065 [15:38:43<20:14:24, 120.44it/s]
  1%|          | 48031/8824065 [15:38:43<20:14:34, 120.43it/s]
  1%|          | 48044/8824065 [15:38:43<20:15:41, 120.32it/s]
  1%|          | 48057/8824065 [15:38:43<20:12:59, 120.58it/s]
  1%|          | 48070/8824065 [15:38:43<20:11:49, 120.70it/s]
  1%|          | 48083/8824065 [15:38:43<20:17:39, 120.12it/s]
  1%|          | 48096/8824065 [15:38:43<20:16:56, 120.19it/s]
  1%|          | 48109/8824065 [15:38:43<20:13:58, 120.48it/s]
  1%|          | 48122/8824065 [15:38:43<20:12:12, 120.66it/s]
  1%|          | 48138/8824065 [15:38:44<18:34:01, 131.30it/s]
  1%|          | 48172/8824065 [15:38:44<12:44:52, 191.23it/s]
  1%|          | 48194/8824065 [15:38:44<12:18:10, 198.14it/s]
  1%|          | 48215/8824065 [15:38:44<14:43:01, 165.64it/s]
  1%|          | 48233/8824065 [15:38:44<16:13:11, 150.29it/s]
  1%|          | 48249/8824065 [15:38:44<17:13:37, 141.51it/s]
  1%|          | 48264/8824065 [15:38:44<18:00:36, 135.35it/s]
  1%|          | 48278/8824065 [15:38:44<18:34:21, 131.25it/s]
  1%|          | 48292/8824065 [15:38:45<18:59:27, 128.36it/s]
  1%|          | 48306/8824065 [15:38:45<19:21:38, 125.91it/s]
  1%|          | 48319/8824065 [15:38:45<19:31:31, 124.85it/s]
  1%|          | 48332/8824065 [15:38:45<19:42:58, 123.64it/s]
  1%|          | 48345/8824065 [15:38:45<19:51:51, 122.72it/s]
  1%|          | 48358/8824065 [15:38:45<19:56:44, 122.22it/s]
  1%|          | 48371/8824065 [15:38:45<19:57:58, 122.09it/s]
  1%|          | 48384/8824065 [15:38:45<19:59:38, 121.92it/s]
  1%|          | 48397/8824065 [15:38:45<20:00:47, 121.80it/s]
  1%|          | 48410/8824065 [15:38:46<20:00:11, 121.86it/s]
  1%|          | 48423/8824065 [15:38:46<20:03:24, 121.54it/s]
  1%|          | 48436/8824065 [15:38:46<20:04:28, 121.43it/s]
  1%|          | 48449/8824065 [15:38:46<20:05:37, 121.32it/s]
  1%|          | 48462/8824065 [15:38:46<20:09:28, 120.93it/s]
  1%|          | 48475/8824065 [15:38:46<20:10:27, 120.83it/s]
  1%|          | 48488/8824065 [15:38:46<20:10:32, 120.82it/s]
  1%|          | 48501/8824065 [15:38:46<20:12:41, 120.61it/s]
  1%|          | 48514/8824065 [15:38:46<20:12:30, 120.63it/s]
  1%|          | 48527/8824065 [15:38:47<20:12:32, 120.62it/s]
  1%|          | 48540/8824065 [15:38:47<20:12:13, 120.65it/s]
  1%|          | 48553/8824065 [15:38:47<20:12:46, 120.60it/s]
  1%|          | 48566/8824065 [15:38:47<20:12:14, 120.65it/s]
  1%|          | 48579/8824065 [15:38:47<20:11:01, 120.77it/s]
  1%|          | 48592/8824065 [15:38:47<20:11:30, 120.72it/s]
  1%|          | 48605/8824065 [15:38:47<20:11:19, 120.74it/s]
  1%|          | 48618/8824065 [15:38:47<20:12:56, 120.58it/s]
  1%|          | 48631/8824065 [15:38:47<20:14:20, 120.44it/s]
  1%|          | 48644/8824065 [15:38:48<20:13:29, 120.53it/s]
  1%|          | 48657/8824065 [15:38:48<20:12:58, 120.58it/s]
  1%|          | 48670/8824065 [15:38:48<20:12:42, 120.60it/s]
  1%|          | 48683/8824065 [15:38:48<20:12:02, 120.67it/s]
  1%|          | 48696/8824065 [15:38:48<20:12:23, 120.63it/s]
  1%|          | 48709/8824065 [15:38:48<20:10:34, 120.82it/s]
  1%|          | 48722/8824065 [15:38:48<20:14:50, 120.39it/s]
  1%|          | 48735/8824065 [15:38:48<20:14:35, 120.41it/s]
  1%|          | 48748/8824065 [15:38:48<20:13:18, 120.54it/s]
  1%|          | 48761/8824065 [15:38:48<20:12:53, 120.58it/s]
  1%|          | 48774/8824065 [15:38:49<20:13:17, 120.54it/s]
  1%|          | 48787/8824065 [15:38:49<20:15:58, 120.28it/s]
  1%|          | 48800/8824065 [15:38:49<20:13:34, 120.52it/s]
  1%|          | 48813/8824065 [15:38:49<20:13:13, 120.55it/s]
  1%|          | 48842/8824065 [15:38:49<14:31:47, 167.76it/s]
  1%|          | 48859/8824065 [15:38:49<15:04:04, 161.77it/s]
  1%|          | 48876/8824065 [15:38:49<16:32:30, 147.36it/s]
  1%|          | 48892/8824065 [15:38:49<17:32:21, 138.98it/s]
  1%|          | 48907/8824065 [15:38:50<18:16:25, 133.39it/s]
  1%|          | 48921/8824065 [15:38:50<18:50:08, 129.41it/s]
  1%|          | 48935/8824065 [15:38:50<19:11:03, 127.06it/s]
  1%|          | 48948/8824065 [15:38:50<19:28:32, 125.16it/s]
  1%|          | 48961/8824065 [15:38:50<19:39:43, 123.97it/s]
  1%|          | 48974/8824065 [15:38:50<19:48:02, 123.10it/s]
  1%|          | 48987/8824065 [15:38:50<19:56:27, 122.24it/s]
  1%|          | 49000/8824065 [15:38:50<20:00:30, 121.82it/s]
  1%|          | 49015/8824065 [15:38:50<19:01:07, 128.16it/s]
  1%|          | 49034/8824065 [15:38:51<16:58:13, 143.63it/s]
  1%|          | 49053/8824065 [15:38:51<15:46:18, 154.55it/s]
  1%|          | 49071/8824065 [15:38:51<15:05:26, 161.52it/s]
  1%|          | 49090/8824065 [15:38:51<14:33:14, 167.48it/s]
  1%|          | 49109/8824065 [15:38:51<14:13:40, 171.32it/s]
  1%|          | 49128/8824065 [15:38:51<13:59:44, 174.16it/s]
  1%|          | 49146/8824065 [15:38:51<13:52:45, 175.62it/s]
  1%|          | 49164/8824065 [15:38:51<13:59:40, 174.17it/s]
  1%|          | 49182/8824065 [15:38:51<15:49:49, 153.97it/s]
  1%|          | 49198/8824065 [15:38:52<17:04:57, 142.69it/s]
  1%|          | 49213/8824065 [15:38:52<17:58:07, 135.65it/s]
  1%|          | 49227/8824065 [15:38:52<18:36:02, 131.04it/s]
  1%|          | 49241/8824065 [15:38:52<19:02:19, 128.03it/s]
  1%|          | 49254/8824065 [15:38:52<19:21:47, 125.88it/s]
  1%|          | 49267/8824065 [15:38:52<19:33:57, 124.57it/s]
  1%|          | 49280/8824065 [15:38:52<19:46:43, 123.24it/s]
  1%|          | 49293/8824065 [15:38:52<19:55:54, 122.29it/s]
  1%|          | 49306/8824065 [15:38:52<20:00:43, 121.80it/s]
  1%|          | 49319/8824065 [15:38:53<20:03:41, 121.50it/s]
  1%|          | 49332/8824065 [15:38:53<20:05:11, 121.35it/s]
  1%|          | 49345/8824065 [15:38:53<20:09:53, 120.88it/s]
  1%|          | 49358/8824065 [15:38:53<20:09:04, 120.96it/s]
  1%|          | 49371/8824065 [15:38:53<20:09:28, 120.92it/s]
  1%|          | 49384/8824065 [15:38:53<20:10:14, 120.84it/s]
  1%|          | 49397/8824065 [15:38:53<20:11:52, 120.68it/s]
  1%|          | 49410/8824065 [15:38:53<20:12:36, 120.60it/s]
  1%|          | 49423/8824065 [15:38:53<20:11:20, 120.73it/s]
  1%|          | 49436/8824065 [15:38:54<20:12:59, 120.56it/s]
  1%|          | 49449/8824065 [15:38:54<20:19:39, 119.90it/s]
  1%|          | 49461/8824065 [15:38:54<20:19:35, 119.91it/s]
  1%|          | 49474/8824065 [15:38:54<20:17:29, 120.12it/s]
  1%|          | 49487/8824065 [15:38:54<20:13:15, 120.54it/s]
  1%|          | 49500/8824065 [15:38:54<20:15:43, 120.29it/s]
  1%|          | 49513/8824065 [15:38:54<20:17:02, 120.16it/s]
  1%|          | 49526/8824065 [15:38:54<20:16:55, 120.17it/s]
  1%|          | 49539/8824065 [15:38:54<20:14:45, 120.39it/s]
  1%|          | 49552/8824065 [15:38:54<20:16:28, 120.22it/s]
  1%|          | 49565/8824065 [15:38:55<20:21:00, 119.77it/s]
  1%|          | 49578/8824065 [15:38:55<20:17:02, 120.16it/s]
  1%|          | 49591/8824065 [15:38:55<20:17:29, 120.12it/s]
  1%|          | 49604/8824065 [15:38:55<20:24:47, 119.40it/s]
  1%|          | 49616/8824065 [15:38:55<20:24:22, 119.44it/s]
  1%|          | 49629/8824065 [15:38:55<20:19:44, 119.90it/s]
  1%|          | 49641/8824065 [15:38:55<20:20:00, 119.87it/s]
  1%|          | 49654/8824065 [15:38:55<20:18:32, 120.01it/s]
  1%|          | 49667/8824065 [15:38:55<20:16:38, 120.20it/s]
  1%|          | 49680/8824065 [15:38:56<20:14:15, 120.43it/s]
  1%|          | 49693/8824065 [15:38:56<20:09:19, 120.93it/s]
  1%|          | 49706/8824065 [15:38:56<20:11:28, 120.71it/s]
  1%|          | 49719/8824065 [15:38:56<20:14:55, 120.37it/s]
  1%|          | 49732/8824065 [15:38:56<20:18:41, 120.00it/s]
  1%|          | 49745/8824065 [15:38:56<20:16:48, 120.18it/s]
  1%|          | 49758/8824065 [15:38:56<20:17:16, 120.14it/s]
  1%|          | 49771/8824065 [15:38:56<20:18:31, 120.01it/s]
  1%|          | 49784/8824065 [15:38:56<20:18:38, 120.00it/s]
  1%|          | 49797/8824065 [15:38:57<20:17:51, 120.08it/s]
  1%|          | 49810/8824065 [15:38:57<20:19:13, 119.94it/s]
  1%|          | 49823/8824065 [15:38:57<20:16:21, 120.23it/s]
  1%|          | 49836/8824065 [15:38:57<20:15:01, 120.36it/s]
  1%|          | 49849/8824065 [15:38:57<20:13:26, 120.51it/s]
  1%|          | 49862/8824065 [15:38:57<20:10:34, 120.80it/s]
  1%|          | 49875/8824065 [15:38:57<20:10:21, 120.82it/s]
  1%|          | 49888/8824065 [15:38:57<20:12:32, 120.60it/s]
  1%|          | 49901/8824065 [15:38:57<20:14:27, 120.41it/s]
  1%|          | 49914/8824065 [15:38:57<20:14:47, 120.38it/s]
  1%|          | 49927/8824065 [15:38:58<20:14:10, 120.44it/s]
  1%|          | 49940/8824065 [15:38:58<20:13:38, 120.49it/s]
  1%|          | 49953/8824065 [15:38:58<20:12:23, 120.62it/s]
  1%|          | 49966/8824065 [15:38:58<20:17:05, 120.15it/s]
  1%|          | 49979/8824065 [15:38:58<20:14:40, 120.39it/s]
  1%|          | 49992/8824065 [15:38:58<20:14:39, 120.39it/s]
  1%|          | 50005/8824065 [15:38:58<20:13:44, 120.48it/s]
  1%|          | 50018/8824065 [15:38:58<20:15:28, 120.31it/s]
  1%|          | 50031/8824065 [15:38:58<20:12:24, 120.61it/s]
  1%|          | 50044/8824065 [15:38:59<20:15:20, 120.32it/s]
  1%|          | 50057/8824065 [15:38:59<20:16:06, 120.25it/s]
  1%|          | 50070/8824065 [15:38:59<20:19:38, 119.90it/s]
  1%|          | 50083/8824065 [15:38:59<20:16:21, 120.22it/s]
  1%|          | 50096/8824065 [15:38:59<20:17:05, 120.15it/s]
  1%|          | 50109/8824065 [15:38:59<20:18:10, 120.04it/s]
  1%|          | 50122/8824065 [15:38:59<20:18:41, 119.99it/s]
  1%|          | 50135/8824065 [15:38:59<20:17:31, 120.11it/s]
  1%|          | 50148/8824065 [15:38:59<20:20:37, 119.80it/s]
  1%|          | 50160/8824065 [15:39:00<20:21:03, 119.76it/s]
  1%|          | 50173/8824065 [15:39:00<20:18:48, 119.98it/s]
  1%|          | 50185/8824065 [15:39:00<20:19:03, 119.95it/s]
  1%|          | 50198/8824065 [15:39:00<20:17:29, 120.11it/s]
  1%|          | 50211/8824065 [15:39:00<20:17:42, 120.09it/s]
  1%|          | 50224/8824065 [15:39:00<20:19:43, 119.89it/s]
  1%|          | 50237/8824065 [15:39:00<20:17:45, 120.08it/s]
  1%|          | 50250/8824065 [15:39:00<20:14:50, 120.37it/s]
  1%|          | 50263/8824065 [15:39:00<20:17:57, 120.06it/s]
  1%|          | 50276/8824065 [15:39:00<20:15:41, 120.29it/s]
  1%|          | 50289/8824065 [15:39:01<20:14:40, 120.39it/s]
  1%|          | 50302/8824065 [15:39:01<20:17:27, 120.11it/s]
  1%|          | 50315/8824065 [15:39:01<20:16:06, 120.24it/s]
  1%|          | 50328/8824065 [15:39:01<20:16:41, 120.19it/s]
  1%|          | 50341/8824065 [15:39:01<20:17:25, 120.11it/s]
  1%|          | 50354/8824065 [15:39:01<20:14:16, 120.42it/s]
  1%|          | 50367/8824065 [15:39:01<20:14:34, 120.40it/s]
  1%|          | 50380/8824065 [15:39:01<20:14:02, 120.45it/s]
  1%|          | 50393/8824065 [15:39:01<20:11:27, 120.70it/s]
  1%|          | 50393/8824065 [15:39:21<20:11:27, 120.70it/s]
  1%|          | 50401/8824065 [15:39:23<1379:41:58,  1.77it/s]
  1%|          | 50419/8824065 [15:39:23<831:25:46,  2.93it/s] 
  1%|          | 50437/8824065 [15:39:23<533:25:32,  4.57it/s]
  1%|          | 50455/8824065 [15:39:23<355:30:12,  6.86it/s]
  1%|          | 50473/8824065 [15:39:23<243:17:09, 10.02it/s]
  1%|          | 50491/8824065 [15:39:23<170:01:20, 14.33it/s]
  1%|          | 50491/8824065 [15:39:41<170:01:20, 14.33it/s]
  1%|          | 50501/8824065 [15:43:24<11990:59:49,  4.92s/it]
  1%|          | 50513/8824065 [15:43:24<8909:29:06,  3.66s/it] 
  1%|          | 50529/8824065 [15:43:24<5984:50:57,  2.46s/it]
  1%|          | 50544/8824065 [15:43:24<4160:34:03,  1.71s/it]
  1%|          | 50558/8824065 [15:43:24<2961:16:58,  1.22s/it]
  1%|          | 50572/8824065 [15:43:25<2100:30:24,  1.16it/s]
  1%|          | 50585/8824065 [15:43:25<1518:46:18,  1.60it/s]
  1%|          | 50598/8824065 [15:43:25<1091:09:12,  2.23it/s]
  1%|          | 50598/8824065 [15:43:41<1091:09:12,  2.23it/s]
  1%|          | 50601/8824065 [15:43:51<2832:06:40,  1.16s/it]
  1%|          | 50613/8824065 [15:43:51<1905:31:52,  1.28it/s]
  1%|          | 50626/8824065 [15:43:51<1268:52:41,  1.92it/s]
  1%|          | 50639/8824065 [15:43:51<862:31:24,  2.83it/s] 
  1%|          | 50652/8824065 [15:43:51<595:21:12,  4.09it/s]
  1%|          | 50664/8824065 [15:43:52<425:44:03,  5.72it/s]
  1%|          | 50676/8824065 [15:43:52<305:35:59,  7.97it/s]
  1%|          | 50689/8824065 [15:43:52<215:50:12, 11.29it/s]
  1%|          | 50689/8824065 [15:44:11<215:50:12, 11.29it/s]
  1%|          | 50701/8824065 [15:46:30<9582:09:31,  3.93s/it]
  1%|          | 50714/8824065 [15:46:30<6597:44:28,  2.71s/it]
  1%|          | 50727/8824065 [15:46:30<4569:20:52,  1.87s/it]
  1%|          | 50740/8824065 [15:46:30<3178:17:11,  1.30s/it]
  1%|          | 50752/8824065 [15:46:31<2270:46:03,  1.07it/s]
  1%|          | 50765/8824065 [15:46:31<1577:55:21,  1.54it/s]
  1%|          | 50777/8824065 [15:46:31<1128:15:04,  2.16it/s]
  1%|          | 50789/8824065 [15:46:31<804:42:40,  3.03it/s] 
  1%|          | 50801/8824065 [15:46:31<573:51:11,  4.25it/s]
  1%|          | 50814/8824065 [15:46:31<400:33:11,  6.08it/s]
  1%|          | 50827/8824065 [15:46:31<283:01:43,  8.61it/s]
  1%|          | 50840/8824065 [15:46:31<202:34:12, 12.03it/s]
  1%|          | 50853/8824065 [15:46:31<147:07:26, 16.56it/s]
  1%|          | 50866/8824065 [15:46:32<108:38:13, 22.43it/s]
  1%|          | 50879/8824065 [15:46:32<81:59:03, 29.73it/s] 
  1%|          | 50892/8824065 [15:46:32<63:24:19, 38.44it/s]
  1%|          | 50892/8824065 [15:46:51<63:24:19, 38.44it/s]
  1%|          | 50901/8824065 [15:47:47<4733:00:02,  1.94s/it]
  1%|          | 50913/8824065 [15:47:47<3298:50:11,  1.35s/it]
  1%|          | 50926/8824065 [15:47:47<2249:03:27,  1.08it/s]
  1%|          | 50938/8824065 [15:47:47<1587:23:33,  1.54it/s]
  1%|          | 50950/8824065 [15:47:47<1120:43:19,  2.17it/s]
  1%|          | 50962/8824065 [15:47:48<792:21:28,  3.08it/s] 
  1%|          | 50974/8824065 [15:47:48<561:39:31,  4.34it/s]
  1%|          | 50986/8824065 [15:47:48<399:40:32,  6.10it/s]
  1%|          | 50999/8824065 [15:47:48<279:27:36,  8.72it/s]
  1%|          | 51012/8824065 [15:47:48<198:43:43, 12.26it/s]
  1%|          | 51025/8824065 [15:47:48<143:50:57, 16.94it/s]
  1%|          | 51038/8824065 [15:47:48<106:04:21, 22.97it/s]
  1%|          | 51051/8824065 [15:47:48<79:58:41, 30.47it/s] 
  1%|          | 51064/8824065 [15:47:48<61:54:45, 39.36it/s]
  1%|          | 51077/8824065 [15:47:49<49:26:51, 49.28it/s]
  1%|          | 51090/8824065 [15:47:49<40:37:19, 59.99it/s]
  1%|          | 51090/8824065 [15:48:01<40:37:19, 59.99it/s]
  1%|          | 51101/8824065 [16:07:37<70288:16:17, 28.84s/it]
  1%|          | 51113/8824065 [16:07:37<49642:44:07, 20.37s/it]
  1%|          | 51125/8824065 [16:07:37<34972:17:08, 14.35s/it]
  1%|          | 51137/8824065 [16:07:37<24593:45:47, 10.09s/it]
  1%|          | 51149/8824065 [16:07:37<17274:36:39,  7.09s/it]
  1%|          | 51161/8824065 [16:07:37<12124:24:29,  4.98s/it]
  1%|          | 51173/8824065 [16:07:37<8506:02:10,  3.49s/it] 
  1%|          | 51185/8824065 [16:07:37<5966:42:43,  2.45s/it]
  1%|          | 51198/8824065 [16:07:37<4084:26:54,  1.68s/it]
  1%|          | 51210/8824065 [16:07:37<2887:38:37,  1.18s/it]
  1%|          | 51222/8824065 [16:07:38<2038:36:44,  1.20it/s]
  1%|          | 51235/8824065 [16:07:38<1404:19:51,  1.74it/s]
  1%|          | 51248/8824065 [16:07:38<975:29:02,  2.50it/s] 
  1%|          | 51260/8824065 [16:07:38<698:33:44,  3.49it/s]
  1%|          | 51273/8824065 [16:07:38<488:26:31,  4.99it/s]
  1%|          | 51286/8824065 [16:07:38<344:49:29,  7.07it/s]
  1%|          | 51298/8824065 [16:07:38<251:22:03,  9.69it/s]
  1%|          | 51310/8824065 [16:07:38<184:02:43, 13.24it/s]
  1%|          | 51322/8824065 [16:07:38<135:58:55, 17.92it/s]
  1%|          | 51334/8824065 [16:07:39<101:51:39, 23.92it/s]
  1%|          | 51346/8824065 [16:07:39<77:44:21, 31.35it/s] 
  1%|          | 51358/8824065 [16:07:39<60:41:30, 40.15it/s]
  1%|          | 51370/8824065 [16:07:39<49:01:17, 49.71it/s]
  1%|          | 51382/8824065 [16:07:39<40:31:27, 60.13it/s]
  1%|          | 51394/8824065 [16:07:39<34:29:40, 70.64it/s]
  1%|          | 51406/8824065 [16:07:39<30:20:06, 80.33it/s]
  1%|          | 51418/8824065 [16:07:39<27:21:26, 89.07it/s]
  1%|          | 51430/8824065 [16:07:39<25:18:26, 96.29it/s]
  1%|          | 51442/8824065 [16:07:39<23:51:55, 102.11it/s]
  1%|          | 51454/8824065 [16:07:40<22:49:49, 106.74it/s]
  1%|          | 51466/8824065 [16:07:40<22:06:46, 110.20it/s]
  1%|          | 51479/8824065 [16:07:40<21:32:07, 113.15it/s]
  1%|          | 51491/8824065 [16:07:40<21:12:41, 114.88it/s]
  1%|          | 51503/8824065 [16:07:40<20:59:32, 116.08it/s]
  1%|          | 51515/8824065 [16:07:40<20:49:44, 116.99it/s]
  1%|          | 51527/8824065 [16:07:40<20:40:42, 117.84it/s]
  1%|          | 51539/8824065 [16:07:40<20:37:42, 118.13it/s]
  1%|          | 51551/8824065 [16:07:40<20:37:38, 118.13it/s]
  1%|          | 51563/8824065 [16:07:40<20:33:21, 118.54it/s]
  1%|          | 51575/8824065 [16:07:41<20:30:33, 118.81it/s]
  1%|          | 51587/8824065 [16:07:41<20:27:22, 119.12it/s]
  1%|          | 51599/8824065 [16:07:41<20:27:23, 119.12it/s]
  1%|          | 51611/8824065 [16:07:41<20:31:22, 118.74it/s]
  1%|          | 51623/8824065 [16:07:41<20:33:11, 118.56it/s]
  1%|          | 51635/8824065 [16:07:41<20:31:50, 118.69it/s]
  1%|          | 51647/8824065 [16:07:41<20:36:05, 118.28it/s]
  1%|          | 51659/8824065 [16:07:41<20:40:09, 117.89it/s]
  1%|          | 51671/8824065 [16:07:41<20:34:56, 118.39it/s]
  1%|          | 51683/8824065 [16:07:41<20:32:40, 118.61it/s]
  1%|          | 51695/8824065 [16:07:42<20:34:29, 118.43it/s]
  1%|          | 51707/8824065 [16:07:42<20:31:26, 118.73it/s]
  1%|          | 51719/8824065 [16:07:42<20:37:00, 118.19it/s]
  1%|          | 51731/8824065 [16:07:42<20:41:39, 117.75it/s]
  1%|          | 51743/8824065 [16:07:42<20:43:05, 117.61it/s]
  1%|          | 51755/8824065 [16:07:42<20:44:26, 117.49it/s]
  1%|          | 51767/8824065 [16:07:42<20:42:18, 117.69it/s]
  1%|          | 51779/8824065 [16:07:42<20:41:30, 117.76it/s]
  1%|          | 51791/8824065 [16:07:42<20:39:13, 117.98it/s]
  1%|          | 51803/8824065 [16:07:42<20:39:01, 118.00it/s]
  1%|          | 51815/8824065 [16:07:43<20:34:40, 118.42it/s]
  1%|          | 51827/8824065 [16:07:43<20:30:14, 118.84it/s]
  1%|          | 51839/8824065 [16:07:43<20:32:58, 118.58it/s]
  1%|          | 51851/8824065 [16:07:43<20:35:27, 118.34it/s]
  1%|          | 51863/8824065 [16:07:43<20:39:12, 117.98it/s]
  1%|          | 51875/8824065 [16:07:43<20:35:54, 118.30it/s]
  1%|          | 51887/8824065 [16:07:43<20:36:59, 118.19it/s]
  1%|          | 51899/8824065 [16:07:43<20:32:51, 118.59it/s]
  1%|          | 51911/8824065 [16:07:43<20:37:15, 118.17it/s]
  1%|          | 51923/8824065 [16:07:44<20:39:54, 117.91it/s]
  1%|          | 51935/8824065 [16:07:44<20:39:05, 117.99it/s]
  1%|          | 51947/8824065 [16:07:44<20:38:33, 118.04it/s]
  1%|          | 51959/8824065 [16:07:44<20:52:17, 116.75it/s]
  1%|          | 51971/8824065 [16:07:44<20:47:01, 117.24it/s]
  1%|          | 51983/8824065 [16:07:44<20:42:31, 117.67it/s]
  1%|          | 51995/8824065 [16:07:44<20:38:09, 118.08it/s]
  1%|          | 52007/8824065 [16:07:44<20:35:39, 118.32it/s]
  1%|          | 52019/8824065 [16:07:44<20:37:40, 118.13it/s]
  1%|          | 52032/8824065 [16:07:44<20:08:22, 120.99it/s]
  1%|          | 52045/8824065 [16:07:45<20:16:31, 120.18it/s]
  1%|          | 52058/8824065 [16:07:45<20:20:07, 119.82it/s]
  1%|          | 52070/8824065 [16:07:45<20:21:31, 119.69it/s]
  1%|          | 52082/8824065 [16:07:45<20:25:09, 119.33it/s]
  1%|          | 52094/8824065 [16:07:45<20:28:38, 118.99it/s]
  1%|          | 52106/8824065 [16:07:45<20:27:47, 119.08it/s]
  1%|          | 52118/8824065 [16:07:45<20:26:21, 119.21it/s]
  1%|          | 52130/8824065 [16:07:45<20:26:34, 119.19it/s]
  1%|          | 52142/8824065 [16:07:45<20:33:36, 118.51it/s]
  1%|          | 52154/8824065 [16:07:45<20:29:31, 118.91it/s]
  1%|          | 52166/8824065 [16:07:46<20:32:05, 118.66it/s]
  1%|          | 52178/8824065 [16:07:46<20:29:49, 118.88it/s]
  1%|          | 52190/8824065 [16:07:46<20:32:22, 118.63it/s]
  1%|          | 52202/8824065 [16:07:46<20:30:28, 118.81it/s]
  1%|          | 52214/8824065 [16:07:46<20:28:26, 119.01it/s]
  1%|          | 52226/8824065 [16:07:46<20:29:18, 118.93it/s]
  1%|          | 52238/8824065 [16:07:46<20:30:22, 118.82it/s]
  1%|          | 52250/8824065 [16:07:46<20:32:26, 118.62it/s]
  1%|          | 52262/8824065 [16:07:46<20:29:27, 118.91it/s]
  1%|          | 52275/8824065 [16:07:46<20:25:51, 119.26it/s]
  1%|          | 52287/8824065 [16:07:47<20:25:58, 119.25it/s]
  1%|          | 52299/8824065 [16:07:47<20:30:17, 118.83it/s]
  1%|          | 52299/8824065 [16:08:01<20:30:17, 118.83it/s]
  1%|          | 52301/8824065 [16:08:37<4046:59:53,  1.66s/it]
  1%|          | 52311/8824065 [16:08:37<2759:58:10,  1.13s/it]
  1%|          | 52323/8824065 [16:08:37<1789:17:47,  1.36it/s]
  1%|          | 52336/8824065 [16:08:37<1162:45:24,  2.10it/s]
  1%|          | 52348/8824065 [16:08:37<799:04:58,  3.05it/s] 
  1%|          | 52360/8824065 [16:08:37<555:39:22,  4.39it/s]
  1%|          | 52373/8824065 [16:08:37<381:03:46,  6.39it/s]
  1%|          | 52386/8824065 [16:08:38<266:21:57,  9.15it/s]
  1%|          | 52399/8824065 [16:08:38<189:30:02, 12.86it/s]
  1%|          | 52412/8824065 [16:08:38<137:19:33, 17.74it/s]
  1%|          | 52424/8824065 [16:08:38<103:33:06, 23.53it/s]
  1%|          | 52436/8824065 [16:08:38<79:14:21, 30.75it/s] 
  1%|          | 52449/8824065 [16:08:38<60:50:47, 40.04it/s]
  1%|          | 52462/8824065 [16:08:38<48:18:27, 50.44it/s]
  1%|          | 52475/8824065 [16:08:38<39:47:17, 61.24it/s]
  1%|          | 52488/8824065 [16:08:38<33:51:29, 71.96it/s]
  1%|          | 52501/8824065 [16:08:39<29:43:10, 81.98it/s]
  1%|          | 52514/8824065 [16:08:39<26:51:23, 90.72it/s]
  1%|          | 52527/8824065 [16:08:39<24:54:46, 97.80it/s]
  1%|          | 52540/8824065 [16:08:39<23:33:03, 103.46it/s]
  1%|          | 52553/8824065 [16:08:39<22:32:32, 108.09it/s]
  1%|          | 52566/8824065 [16:08:39<21:53:11, 111.32it/s]
  1%|          | 52579/8824065 [16:08:39<21:23:29, 113.90it/s]
  1%|          | 52592/8824065 [16:08:39<21:03:50, 115.67it/s]
  1%|          | 52605/8824065 [16:08:39<20:47:26, 117.19it/s]
  1%|          | 52618/8824065 [16:08:39<20:43:19, 117.58it/s]
  1%|          | 52630/8824065 [16:08:40<20:38:04, 118.08it/s]
  1%|          | 52642/8824065 [16:08:40<20:33:15, 118.54it/s]
  1%|          | 52655/8824065 [16:08:40<20:24:54, 119.35it/s]
  1%|          | 52668/8824065 [16:08:40<20:23:47, 119.46it/s]
  1%|          | 52681/8824065 [16:08:40<20:20:59, 119.73it/s]
  1%|          | 52694/8824065 [16:08:40<20:16:32, 120.17it/s]
  1%|          | 52707/8824065 [16:08:40<20:19:04, 119.92it/s]
  1%|          | 52720/8824065 [16:08:40<20:19:27, 119.88it/s]
  1%|          | 52733/8824065 [16:08:40<20:17:18, 120.09it/s]
  1%|          | 52746/8824065 [16:08:41<20:16:47, 120.14it/s]
  1%|          | 52759/8824065 [16:08:41<20:15:01, 120.32it/s]
  1%|          | 52772/8824065 [16:08:41<20:11:14, 120.69it/s]
  1%|          | 52785/8824065 [16:08:41<20:13:31, 120.47it/s]
  1%|          | 52798/8824065 [16:08:41<20:14:19, 120.39it/s]
  1%|          | 52811/8824065 [16:08:41<20:14:22, 120.38it/s]
  1%|          | 52824/8824065 [16:08:41<20:14:43, 120.35it/s]
  1%|          | 52837/8824065 [16:08:41<20:14:52, 120.33it/s]
  1%|          | 52850/8824065 [16:08:41<20:13:26, 120.47it/s]
  1%|          | 52863/8824065 [16:08:42<20:12:50, 120.53it/s]
  1%|          | 52876/8824065 [16:08:42<20:13:23, 120.48it/s]
  1%|          | 52889/8824065 [16:08:42<20:13:13, 120.49it/s]
  1%|          | 52902/8824065 [16:08:42<20:12:17, 120.59it/s]
  1%|          | 52915/8824065 [16:08:42<20:13:36, 120.46it/s]
  1%|          | 52928/8824065 [16:08:42<20:21:15, 119.70it/s]
  1%|          | 52941/8824065 [16:08:42<20:18:37, 119.96it/s]
  1%|          | 52954/8824065 [16:08:42<20:15:14, 120.29it/s]
  1%|          | 52967/8824065 [16:08:42<20:15:45, 120.24it/s]
  1%|          | 52980/8824065 [16:08:42<20:15:17, 120.29it/s]
  1%|          | 52993/8824065 [16:08:43<20:14:56, 120.32it/s]
  1%|          | 53006/8824065 [16:08:43<20:14:01, 120.41it/s]
  1%|          | 53019/8824065 [16:08:43<20:11:07, 120.70it/s]
  1%|          | 53032/8824065 [16:08:43<20:19:18, 119.89it/s]
  1%|          | 53045/8824065 [16:08:43<20:18:16, 119.99it/s]
  1%|          | 53058/8824065 [16:08:43<20:16:07, 120.20it/s]
  1%|          | 53071/8824065 [16:08:43<20:16:22, 120.18it/s]
  1%|          | 53084/8824065 [16:08:43<20:14:35, 120.36it/s]
  1%|          | 53097/8824065 [16:08:43<20:20:17, 119.79it/s]
  1%|          | 53097/8824065 [16:09:01<20:20:17, 119.79it/s]
  1%|          | 53101/8824065 [16:44:59<154373:53:39, 63.36s/it]
  1%|          | 53114/8824065 [16:44:59<100190:13:37, 41.12s/it]
  1%|          | 53128/8824065 [16:44:59<65062:45:10, 26.70s/it] 
  1%|          | 53141/8824065 [16:44:59<44412:22:42, 18.23s/it]
  1%|          | 53154/8824065 [16:44:59<30560:34:33, 12.54s/it]
  1%|          | 53167/8824065 [16:44:59<21144:17:06,  8.68s/it]
  1%|          | 53180/8824065 [16:44:59<14684:56:35,  6.03s/it]
  1%|          | 53193/8824065 [16:44:59<10226:29:13,  4.20s/it]
  1%|          | 53193/8824065 [16:45:11<10226:29:13,  4.20s/it]
  1%|          | 53201/8824065 [16:54:56<46379:59:05, 19.04s/it]
  1%|          | 53212/8824065 [16:54:56<32800:51:34, 13.46s/it]
  1%|          | 53224/8824065 [16:54:56<22526:47:00,  9.25s/it]
  1%|          | 53236/8824065 [16:54:56<15566:14:36,  6.39s/it]
  1%|          | 53248/8824065 [16:54:56<10802:35:44,  4.43s/it]
  1%|          | 53260/8824065 [16:54:56<7519:43:47,  3.09s/it] 
  1%|          | 53272/8824065 [16:54:56<5246:37:48,  2.15s/it]
  1%|          | 53284/8824065 [16:54:57<3667:26:26,  1.51s/it]
  1%|          | 53296/8824065 [16:54:57<2567:50:53,  1.05s/it]
  1%|          | 53308/8824065 [16:54:57<1800:57:23,  1.35it/s]
  1%|          | 53320/8824065 [16:54:57<1265:48:41,  1.92it/s]
  1%|          | 53333/8824065 [16:54:57<870:11:03,  2.80it/s] 
  1%|          | 53346/8824065 [16:54:57<604:51:31,  4.03it/s]
  1%|          | 53359/8824065 [16:54:57<424:35:22,  5.74it/s]
  1%|          | 53372/8824065 [16:54:57<300:56:09,  8.10it/s]
  1%|          | 53385/8824065 [16:54:57<215:36:31, 11.30it/s]
  1%|          | 53398/8824065 [16:54:58<156:25:06, 15.58it/s]
  1%|          | 53398/8824065 [16:55:11<156:25:06, 15.58it/s]
  1%|          | 53401/8824065 [16:57:38<11965:08:30,  4.91s/it]
  1%|          | 53413/8824065 [16:57:38<7885:35:37,  3.24s/it] 
  1%|          | 53426/8824065 [16:57:38<5165:48:30,  2.12s/it]
  1%|          | 53438/8824065 [16:57:38<3554:22:30,  1.46s/it]
  1%|          | 53450/8824065 [16:57:38<2462:01:21,  1.01s/it]
  1%|          | 53462/8824065 [16:57:38<1714:07:05,  1.42it/s]
  1%|          | 53475/8824065 [16:57:39<1169:20:46,  2.08it/s]
  1%|          | 53488/8824065 [16:57:39<807:33:43,  3.02it/s] 
  1%|          | 53501/8824065 [16:57:39<563:20:14,  4.32it/s]
  1%|          | 53514/8824065 [16:57:39<396:34:30,  6.14it/s]
  1%|          | 53527/8824065 [16:57:39<281:47:32,  8.65it/s]
  1%|          | 53540/8824065 [16:57:39<202:25:03, 12.04it/s]
  1%|          | 53553/8824065 [16:57:39<147:14:40, 16.55it/s]
  1%|          | 53566/8824065 [16:57:39<108:52:07, 22.38it/s]
  1%|          | 53579/8824065 [16:57:39<82:07:58, 29.66it/s] 
  1%|          | 53592/8824065 [16:57:40<63:31:01, 38.36it/s]
  1%|          | 53605/8824065 [16:57:40<50:33:19, 48.19it/s]
  1%|          | 53618/8824065 [16:57:40<41:30:28, 58.69it/s]
  1%|          | 53631/8824065 [16:57:40<35:08:02, 69.34it/s]
  1%|          | 53644/8824065 [16:57:40<30:42:40, 79.33it/s]
  1%|          | 53657/8824065 [16:57:40<27:33:32, 88.40it/s]
  1%|          | 53670/8824065 [16:57:40<25:20:28, 96.14it/s]
  1%|          | 53683/8824065 [16:57:40<23:47:59, 102.36it/s]
  1%|          | 53696/8824065 [16:57:40<22:42:42, 107.27it/s]
  1%|          | 53709/8824065 [16:57:40<21:58:45, 110.84it/s]
  1%|          | 53722/8824065 [16:57:41<21:26:57, 113.58it/s]
  1%|          | 53735/8824065 [16:57:41<21:05:41, 115.49it/s]
  1%|          | 53748/8824065 [16:57:41<20:50:01, 116.93it/s]
  1%|          | 53761/8824065 [16:57:41<20:37:23, 118.13it/s]
  1%|          | 53774/8824065 [16:57:41<20:30:58, 118.74it/s]
  1%|          | 53787/8824065 [16:57:41<20:25:25, 119.28it/s]
  1%|          | 53800/8824065 [16:57:41<20:24:15, 119.40it/s]
  1%|          | 53813/8824065 [16:57:41<20:21:49, 119.63it/s]
  1%|          | 53826/8824065 [16:57:41<20:20:45, 119.74it/s]
  1%|          | 53839/8824065 [16:57:42<20:21:28, 119.67it/s]
  1%|          | 53852/8824065 [16:57:42<20:19:48, 119.83it/s]
  1%|          | 53865/8824065 [16:57:42<20:18:23, 119.97it/s]
  1%|          | 53878/8824065 [16:57:42<20:21:53, 119.63it/s]
  1%|          | 53890/8824065 [16:57:42<20:27:13, 119.11it/s]
  1%|          | 53890/8824065 [16:58:01<20:27:13, 119.11it/s]
  1%|          | 53901/8824065 [16:59:24<6109:39:03,  2.51s/it]
  1%|          | 53913/8824065 [16:59:24<4302:57:17,  1.77s/it]
  1%|          | 53925/8824065 [16:59:24<3028:11:11,  1.24s/it]
  1%|          | 53937/8824065 [16:59:24<2130:47:32,  1.14it/s]
  1%|          | 53949/8824065 [16:59:24<1500:05:47,  1.62it/s]
  1%|          | 53961/8824065 [16:59:24<1057:24:12,  2.30it/s]
  1%|          | 53973/8824065 [16:59:24<746:58:32,  3.26it/s] 
  1%|          | 53985/8824065 [16:59:24<529:23:08,  4.60it/s]
  1%|          | 53997/8824065 [16:59:24<376:51:51,  6.46it/s]
  1%|          | 54009/8824065 [16:59:25<270:03:59,  9.02it/s]
  1%|          | 54021/8824065 [16:59:25<195:18:50, 12.47it/s]
  1%|          | 54033/8824065 [16:59:25<143:48:38, 16.94it/s]
  1%|          | 54045/8824065 [16:59:25<106:51:04, 22.80it/s]
  1%|          | 54057/8824065 [16:59:25<80:59:32, 30.08it/s] 
  1%|          | 54069/8824065 [16:59:25<62:53:02, 38.74it/s]
  1%|          | 54081/8824065 [16:59:25<50:14:07, 48.49it/s]
  1%|          | 54093/8824065 [16:59:25<41:21:55, 58.89it/s]
  1%|          | 54105/8824065 [16:59:25<35:10:16, 69.26it/s]
  1%|          | 54117/8824065 [16:59:25<30:48:31, 79.07it/s]
  1%|          | 54129/8824065 [16:59:26<27:46:59, 87.68it/s]
  1%|          | 54141/8824065 [16:59:26<25:41:08, 94.84it/s]
  1%|          | 54153/8824065 [16:59:26<24:11:46, 100.68it/s]
  1%|          | 54165/8824065 [16:59:26<23:11:49, 105.02it/s]
  1%|          | 54177/8824065 [16:59:26<22:24:09, 108.74it/s]
  1%|          | 54189/8824065 [16:59:26<21:52:22, 111.37it/s]
  1%|          | 54201/8824065 [16:59:26<21:29:41, 113.33it/s]
  1%|          | 54213/8824065 [16:59:26<21:15:15, 114.61it/s]
  1%|          | 54225/8824065 [16:59:26<21:46:30, 111.87it/s]
  1%|          | 54237/8824065 [16:59:27<21:31:06, 113.21it/s]
  1%|          | 54249/8824065 [16:59:27<21:15:06, 114.63it/s]
  1%|          | 54261/8824065 [16:59:27<21:04:08, 115.62it/s]
  1%|          | 54273/8824065 [16:59:27<20:54:55, 116.47it/s]
  1%|          | 54285/8824065 [16:59:27<20:50:18, 116.90it/s]
  1%|          | 54297/8824065 [16:59:27<20:45:23, 117.36it/s]
  1%|          | 54309/8824065 [16:59:27<20:44:11, 117.48it/s]
  1%|          | 54321/8824065 [16:59:27<20:41:10, 117.76it/s]
  1%|          | 54333/8824065 [16:59:27<20:42:22, 117.65it/s]
  1%|          | 54345/8824065 [16:59:27<20:38:24, 118.02it/s]
  1%|          | 54357/8824065 [16:59:28<20:36:02, 118.25it/s]
  1%|          | 54369/8824065 [16:59:28<20:37:39, 118.10it/s]
  1%|          | 54381/8824065 [16:59:28<20:34:26, 118.40it/s]
  1%|          | 54393/8824065 [16:59:28<20:34:46, 118.37it/s]
  1%|          | 54405/8824065 [16:59:28<20:30:43, 118.76it/s]
  1%|          | 54417/8824065 [16:59:28<20:32:46, 118.56it/s]
  1%|          | 54429/8824065 [16:59:28<20:31:57, 118.64it/s]
  1%|          | 54441/8824065 [16:59:28<20:29:56, 118.83it/s]
  1%|          | 54454/8824065 [16:59:28<20:00:34, 121.74it/s]
  1%|          | 54467/8824065 [16:59:28<20:20:23, 119.77it/s]
  1%|          | 54479/8824065 [16:59:29<20:25:10, 119.30it/s]
  1%|          | 54491/8824065 [16:59:29<20:26:49, 119.14it/s]
  1%|          | 54503/8824065 [16:59:29<20:30:45, 118.76it/s]
  1%|          | 54515/8824065 [16:59:29<20:34:55, 118.36it/s]
  1%|          | 54527/8824065 [16:59:29<20:33:39, 118.48it/s]
  1%|          | 54539/8824065 [16:59:29<20:39:44, 117.90it/s]
  1%|          | 54551/8824065 [16:59:29<20:38:13, 118.04it/s]
  1%|          | 54563/8824065 [16:59:29<20:40:46, 117.80it/s]
  1%|          | 54575/8824065 [16:59:29<20:39:53, 117.88it/s]
  1%|          | 54587/8824065 [16:59:29<20:37:30, 118.11it/s]
  1%|          | 54599/8824065 [16:59:30<20:40:33, 117.82it/s]
  1%|          | 54611/8824065 [16:59:30<20:40:13, 117.85it/s]
  1%|          | 54623/8824065 [16:59:30<20:41:36, 117.72it/s]
  1%|          | 54635/8824065 [16:59:30<20:41:10, 117.76it/s]
  1%|          | 54647/8824065 [16:59:30<20:42:09, 117.66it/s]
  1%|          | 54659/8824065 [16:59:30<20:40:58, 117.78it/s]
  1%|          | 54671/8824065 [16:59:30<20:44:42, 117.42it/s]
  1%|          | 54683/8824065 [16:59:30<20:43:40, 117.52it/s]
  1%|          | 54695/8824065 [16:59:30<20:40:28, 117.82it/s]
  1%|          | 54707/8824065 [16:59:30<20:41:52, 117.69it/s]
  1%|          | 54719/8824065 [16:59:31<20:42:21, 117.64it/s]
  1%|          | 54731/8824065 [16:59:31<20:49:49, 116.94it/s]
  1%|          | 54743/8824065 [16:59:31<20:47:43, 117.14it/s]
  1%|          | 54755/8824065 [16:59:31<20:44:41, 117.42it/s]
  1%|          | 54767/8824065 [16:59:31<20:39:24, 117.92it/s]
  1%|          | 54779/8824065 [16:59:31<20:36:28, 118.20it/s]
  1%|          | 54791/8824065 [16:59:31<20:34:36, 118.38it/s]
  1%|          | 54791/8824065 [16:59:51<20:34:36, 118.38it/s]
  1%|          | 54801/8824065 [17:31:56<124683:41:26, 51.19s/it]
  1%|          | 54813/8824065 [17:31:56<85929:22:43, 35.28s/it] 
  1%|          | 54825/8824065 [17:31:56<59510:24:55, 24.43s/it]
  1%|          | 54843/8824065 [17:31:56<35876:36:33, 14.73s/it]
  1%|          | 54861/8824065 [17:31:56<22893:09:30,  9.40s/it]
  1%|          | 54879/8824065 [17:31:57<15093:54:15,  6.20s/it]
  1%|          | 54897/8824065 [17:31:57<10155:15:35,  4.17s/it]
  1%|          | 54897/8824065 [17:32:11<10155:15:35,  4.17s/it]
  1%|          | 54901/8824065 [17:36:46<25817:46:39, 10.60s/it]
  1%|          | 54915/8824065 [17:36:47<17558:26:29,  7.21s/it]
  1%|          | 54931/8824065 [17:36:47<11538:30:35,  4.74s/it]
  1%|          | 54946/8824065 [17:36:47<7910:59:25,  3.25s/it] 
  1%|          | 54960/8824065 [17:36:47<5577:40:19,  2.29s/it]
  1%|          | 54973/8824065 [17:36:47<4011:51:58,  1.65s/it]
  1%|          | 54986/8824065 [17:36:47<2866:19:09,  1.18s/it]
  1%|          | 54999/8824065 [17:36:47<2038:49:33,  1.19it/s]
  1%|          | 55012/8824065 [17:36:47<1446:29:03,  1.68it/s]
  1%|          | 55025/8824065 [17:36:47<1025:12:43,  2.38it/s]
  1%|          | 55038/8824065 [17:36:48<727:06:11,  3.35it/s] 
  1%|          | 55050/8824065 [17:36:48<528:20:48,  4.61it/s]
  1%|          | 55062/8824065 [17:36:48<382:47:30,  6.36it/s]
  1%|          | 55074/8824065 [17:36:48<277:34:51,  8.78it/s]
  1%|          | 55086/8824065 [17:36:48<202:13:31, 12.05it/s]
  1%|          | 55098/8824065 [17:36:48<148:42:34, 16.38it/s]
  1%|          | 55110/8824065 [17:36:48<110:44:50, 21.99it/s]
  1%|          | 55122/8824065 [17:36:48<83:56:30, 29.02it/s] 
  1%|          | 55134/8824065 [17:36:48<65:00:18, 37.47it/s]
  1%|          | 55146/8824065 [17:36:49<51:41:45, 47.12it/s]
  1%|          | 55158/8824065 [17:36:49<42:26:57, 57.38it/s]
  1%|          | 55170/8824065 [17:36:49<35:56:17, 67.78it/s]
  1%|          | 55182/8824065 [17:36:49<31:24:35, 77.55it/s]
  1%|          | 55194/8824065 [17:36:49<28:08:44, 86.54it/s]
  1%|          | 55206/8824065 [17:36:49<25:56:47, 93.88it/s]
  1%|          | 55218/8824065 [17:36:49<24:16:56, 100.31it/s]
  1%|          | 55230/8824065 [17:36:49<23:10:11, 105.13it/s]
  1%|          | 55242/8824065 [17:36:49<22:23:42, 108.76it/s]
  1%|          | 55254/8824065 [17:36:49<21:51:35, 111.43it/s]
  1%|          | 55267/8824065 [17:36:50<21:20:17, 114.15it/s]
  1%|          | 55279/8824065 [17:36:50<21:05:49, 115.46it/s]
  1%|          | 55291/8824065 [17:36:50<20:59:54, 116.00it/s]
  1%|          | 55303/8824065 [17:36:50<20:50:23, 116.88it/s]
  1%|          | 55315/8824065 [17:36:50<20:43:07, 117.56it/s]
  1%|          | 55327/8824065 [17:36:50<20:39:28, 117.91it/s]
  1%|          | 55339/8824065 [17:36:50<20:37:45, 118.07it/s]
  1%|          | 55351/8824065 [17:36:50<20:36:50, 118.16it/s]
  1%|          | 55363/8824065 [17:36:50<20:31:22, 118.68it/s]
  1%|          | 55375/8824065 [17:36:50<20:33:16, 118.50it/s]
  1%|          | 55387/8824065 [17:36:51<20:30:56, 118.73it/s]
  1%|          | 55399/8824065 [17:36:51<20:31:25, 118.68it/s]
  1%|          | 55411/8824065 [17:36:51<20:29:12, 118.89it/s]
  1%|          | 55424/8824065 [17:36:51<20:24:32, 119.35it/s]
  1%|          | 55436/8824065 [17:36:51<20:25:27, 119.26it/s]
  1%|          | 55449/8824065 [17:36:51<20:22:38, 119.53it/s]
  1%|          | 55462/8824065 [17:36:51<20:19:17, 119.86it/s]
  1%|          | 55475/8824065 [17:36:51<20:18:09, 119.97it/s]
  1%|          | 55487/8824065 [17:36:51<20:19:22, 119.85it/s]
  1%|          | 55499/8824065 [17:36:51<20:25:51, 119.22it/s]
  1%|          | 55511/8824065 [17:36:52<20:27:45, 119.03it/s]
  1%|          | 55523/8824065 [17:36:52<20:27:47, 119.03it/s]
  1%|          | 55535/8824065 [17:36:52<20:32:14, 118.60it/s]
  1%|          | 55548/8824065 [17:36:52<20:27:10, 119.09it/s]
  1%|          | 55560/8824065 [17:36:52<20:27:33, 119.05it/s]
  1%|          | 55572/8824065 [17:36:52<20:28:44, 118.94it/s]
  1%|          | 55584/8824065 [17:36:52<20:29:29, 118.86it/s]
  1%|          | 55596/8824065 [17:36:52<20:28:28, 118.96it/s]
  1%|          | 55608/8824065 [17:36:52<20:29:59, 118.81it/s]
  1%|          | 55620/8824065 [17:36:53<20:31:03, 118.71it/s]
  1%|          | 55632/8824065 [17:36:53<20:30:33, 118.76it/s]
  1%|          | 55644/8824065 [17:36:53<20:34:03, 118.42it/s]
  1%|          | 55656/8824065 [17:36:53<20:34:39, 118.37it/s]
  1%|          | 55668/8824065 [17:36:53<20:30:09, 118.80it/s]
  1%|          | 55680/8824065 [17:36:53<20:27:07, 119.09it/s]
  1%|          | 55692/8824065 [17:36:53<20:28:26, 118.96it/s]
  1%|          | 55704/8824065 [17:36:53<20:27:04, 119.10it/s]
  1%|          | 55716/8824065 [17:36:53<20:24:28, 119.35it/s]
  1%|          | 55728/8824065 [17:36:53<20:26:33, 119.15it/s]
  1%|          | 55740/8824065 [17:36:54<20:28:19, 118.97it/s]
  1%|          | 55752/8824065 [17:36:54<20:25:44, 119.22it/s]
  1%|          | 55764/8824065 [17:36:54<20:25:41, 119.23it/s]
  1%|          | 55776/8824065 [17:36:54<20:25:26, 119.25it/s]
  1%|          | 55788/8824065 [17:36:54<20:27:33, 119.05it/s]
  1%|          | 55800/8824065 [17:36:54<20:30:11, 118.79it/s]
  1%|          | 55812/8824065 [17:36:54<20:31:42, 118.65it/s]
  1%|          | 55824/8824065 [17:36:54<20:30:11, 118.79it/s]
  1%|          | 55836/8824065 [17:36:54<20:29:58, 118.81it/s]
  1%|          | 55848/8824065 [17:36:54<20:34:41, 118.36it/s]
  1%|          | 55860/8824065 [17:36:55<20:36:17, 118.21it/s]
  1%|          | 55872/8824065 [17:36:55<20:33:48, 118.44it/s]
  1%|          | 55884/8824065 [17:36:55<20:38:04, 118.04it/s]
  1%|          | 55897/8824065 [17:36:55<20:08:28, 120.93it/s]
  1%|          | 55910/8824065 [17:36:55<20:15:40, 120.21it/s]
  1%|          | 55923/8824065 [17:36:55<20:18:14, 119.96it/s]
  1%|          | 55935/8824065 [17:36:55<20:20:47, 119.71it/s]
  1%|          | 55947/8824065 [17:36:55<20:23:50, 119.41it/s]
  1%|          | 55959/8824065 [17:36:55<20:23:37, 119.43it/s]
  1%|          | 55971/8824065 [17:36:55<20:24:48, 119.31it/s]
  1%|          | 55983/8824065 [17:36:56<20:27:35, 119.04it/s]
  1%|          | 55995/8824065 [17:36:56<20:24:55, 119.30it/s]
  1%|          | 56007/8824065 [17:36:56<20:28:05, 118.99it/s]
  1%|          | 56019/8824065 [17:36:56<20:29:07, 118.89it/s]
  1%|          | 56032/8824065 [17:36:56<20:25:12, 119.27it/s]
  1%|          | 56044/8824065 [17:36:56<20:28:00, 119.00it/s]
  1%|          | 56056/8824065 [17:36:56<20:31:46, 118.64it/s]
  1%|          | 56068/8824065 [17:36:56<20:32:59, 118.52it/s]
  1%|          | 56081/8824065 [17:36:56<20:26:32, 119.14it/s]
  1%|          | 56093/8824065 [17:36:56<20:29:18, 118.87it/s]
  1%|          | 56105/8824065 [17:36:57<20:27:13, 119.08it/s]
  1%|          | 56117/8824065 [17:36:57<20:25:07, 119.28it/s]
  1%|          | 56129/8824065 [17:36:57<20:26:02, 119.19it/s]
  1%|          | 56141/8824065 [17:36:57<20:24:13, 119.37it/s]
  1%|          | 56153/8824065 [17:36:57<20:23:52, 119.40it/s]
  1%|          | 56165/8824065 [17:36:57<20:24:09, 119.37it/s]
  1%|          | 56177/8824065 [17:36:57<20:24:24, 119.35it/s]
  1%|          | 56189/8824065 [17:36:57<20:23:30, 119.44it/s]
  1%|          | 56201/8824065 [17:36:57<20:23:40, 119.42it/s]
  1%|          | 56214/8824065 [17:36:57<20:22:42, 119.51it/s]
  1%|          | 56226/8824065 [17:36:58<20:27:47, 119.02it/s]
  1%|          | 56238/8824065 [17:36:58<20:29:48, 118.82it/s]
  1%|          | 56250/8824065 [17:36:58<20:30:53, 118.72it/s]
  1%|          | 56262/8824065 [17:36:58<20:29:53, 118.82it/s]
  1%|          | 56274/8824065 [17:36:58<20:29:01, 118.90it/s]
  1%|          | 56286/8824065 [17:36:58<20:26:21, 119.16it/s]
  1%|          | 56298/8824065 [17:36:58<20:24:52, 119.30it/s]
  1%|          | 56310/8824065 [17:36:58<20:25:49, 119.21it/s]
  1%|          | 56322/8824065 [17:36:58<20:26:51, 119.11it/s]
  1%|          | 56334/8824065 [17:36:59<20:33:34, 118.46it/s]
  1%|          | 56346/8824065 [17:36:59<20:33:17, 118.49it/s]
  1%|          | 56358/8824065 [17:36:59<20:30:50, 118.72it/s]
  1%|          | 56370/8824065 [17:36:59<20:30:35, 118.75it/s]
  1%|          | 56382/8824065 [17:36:59<20:30:31, 118.75it/s]
  1%|          | 56394/8824065 [17:36:59<20:30:08, 118.79it/s]
  1%|          | 56406/8824065 [17:36:59<20:35:57, 118.23it/s]
  1%|          | 56418/8824065 [17:36:59<20:36:05, 118.22it/s]
  1%|          | 56430/8824065 [17:36:59<20:31:54, 118.62it/s]
  1%|          | 56442/8824065 [17:36:59<20:32:54, 118.52it/s]
  1%|          | 56454/8824065 [17:37:00<20:29:29, 118.85it/s]
  1%|          | 56466/8824065 [17:37:00<20:29:02, 118.90it/s]
  1%|          | 56478/8824065 [17:37:00<20:29:35, 118.84it/s]
  1%|          | 56490/8824065 [17:37:00<20:28:42, 118.93it/s]
  1%|          | 56502/8824065 [17:37:00<20:25:36, 119.23it/s]
  1%|          | 56514/8824065 [17:37:00<20:26:23, 119.15it/s]
  1%|          | 56526/8824065 [17:37:00<20:30:23, 118.76it/s]
  1%|          | 56538/8824065 [17:37:00<20:29:55, 118.81it/s]
  1%|          | 56550/8824065 [17:37:00<20:26:39, 119.13it/s]
  1%|          | 56562/8824065 [17:37:00<20:25:12, 119.27it/s]
  1%|          | 56574/8824065 [17:37:01<20:25:55, 119.20it/s]
  1%|          | 56586/8824065 [17:37:01<20:23:58, 119.38it/s]
  1%|          | 56598/8824065 [17:37:01<20:27:09, 119.08it/s]
  1%|          | 56610/8824065 [17:37:01<20:26:59, 119.09it/s]
  1%|          | 56623/8824065 [17:37:01<20:22:00, 119.58it/s]
  1%|          | 56635/8824065 [17:37:01<20:26:34, 119.13it/s]
  1%|          | 56647/8824065 [17:37:01<20:26:38, 119.13it/s]
  1%|          | 56659/8824065 [17:37:01<20:29:40, 118.83it/s]
  1%|          | 56671/8824065 [17:37:01<20:33:31, 118.46it/s]
  1%|          | 56683/8824065 [17:37:01<20:36:21, 118.19it/s]
  1%|          | 56695/8824065 [17:37:02<20:33:54, 118.42it/s]
  1%|          | 56707/8824065 [17:37:02<20:35:42, 118.25it/s]
  1%|          | 56719/8824065 [17:37:02<20:31:31, 118.65it/s]
  1%|          | 56731/8824065 [17:37:02<20:32:27, 118.56it/s]
  1%|          | 56743/8824065 [17:37:02<20:28:18, 118.96it/s]
  1%|          | 56755/8824065 [17:37:02<20:29:40, 118.83it/s]
  1%|          | 56767/8824065 [17:37:02<20:28:13, 118.97it/s]
  1%|          | 56779/8824065 [17:37:02<20:26:30, 119.14it/s]
  1%|          | 56791/8824065 [17:37:02<20:26:26, 119.14it/s]
  1%|          | 56803/8824065 [17:37:02<20:25:14, 119.26it/s]
  1%|          | 56815/8824065 [17:37:03<20:23:12, 119.46it/s]
  1%|          | 56827/8824065 [17:37:03<20:23:54, 119.39it/s]
  1%|          | 56839/8824065 [17:37:03<20:24:16, 119.35it/s]
  1%|          | 56851/8824065 [17:37:03<20:24:50, 119.30it/s]
  1%|          | 56863/8824065 [17:37:03<20:26:17, 119.16it/s]
  1%|          | 56875/8824065 [17:37:03<20:24:53, 119.29it/s]
  1%|          | 56887/8824065 [17:37:03<20:23:32, 119.42it/s]
  1%|          | 56899/8824065 [17:37:03<20:27:15, 119.06it/s]
  1%|          | 56911/8824065 [17:37:03<20:25:23, 119.24it/s]
  1%|          | 56923/8824065 [17:37:03<20:24:14, 119.35it/s]
  1%|          | 56935/8824065 [17:37:04<20:28:00, 118.99it/s]
  1%|          | 56947/8824065 [17:37:04<20:27:42, 119.02it/s]
  1%|          | 56959/8824065 [17:37:04<20:26:43, 119.11it/s]
  1%|          | 56972/8824065 [17:37:04<19:55:34, 122.22it/s]
  1%|          | 56985/8824065 [17:37:04<20:04:46, 121.28it/s]
  1%|          | 56998/8824065 [17:37:04<20:10:04, 120.75it/s]
  1%|          | 56998/8824065 [17:37:21<20:10:04, 120.75it/s]
  1%|          | 57001/8824065 [18:08:51<142748:36:31, 58.62s/it]
  1%|          | 57013/8824065 [18:08:51<93493:49:53, 38.39s/it] 
  1%|          | 57026/8824065 [18:08:51<60952:01:54, 25.03s/it]
  1%|          | 57038/8824065 [18:08:51<41780:30:40, 17.16s/it]
  1%|          | 57050/8824065 [18:08:51<28830:49:02, 11.84s/it]
  1%|          | 57062/8824065 [18:08:51<19986:13:04,  8.21s/it]
  1%|          | 57074/8824065 [18:08:51<13899:24:47,  5.71s/it]
  1%|          | 57086/8824065 [18:08:52<9688:50:27,  3.98s/it] 
  1%|          | 57098/8824065 [18:08:52<6765:33:45,  2.78s/it]
  1%|          | 57110/8824065 [18:08:52<4731:06:26,  1.94s/it]
  1%|          | 57122/8824065 [18:08:52<3312:31:33,  1.36s/it]
  1%|          | 57134/8824065 [18:08:52<2322:22:48,  1.05it/s]
  1%|          | 57146/8824065 [18:08:52<1630:30:56,  1.49it/s]
  1%|          | 57158/8824065 [18:08:52<1146:59:13,  2.12it/s]
  1%|          | 57170/8824065 [18:08:52<808:50:07,  3.01it/s] 
  1%|          | 57182/8824065 [18:08:52<572:14:58,  4.26it/s]
  1%|          | 57194/8824065 [18:08:52<406:39:31,  5.99it/s]
  1%|          | 57206/8824065 [18:08:53<291:31:10,  8.35it/s]
  1%|          | 57218/8824065 [18:08:53<210:18:51, 11.58it/s]
  1%|          | 57230/8824065 [18:08:53<153:24:53, 15.87it/s]
  1%|          | 57242/8824065 [18:08:53<113:45:32, 21.41it/s]
  1%|          | 57254/8824065 [18:08:53<85:49:38, 28.37it/s] 
  1%|          | 57266/8824065 [18:08:53<67:55:32, 35.85it/s]
  1%|          | 57278/8824065 [18:08:53<53:52:29, 45.20it/s]
  1%|          | 57290/8824065 [18:08:53<44:06:04, 55.22it/s]
  1%|          | 57302/8824065 [18:08:53<36:59:03, 65.84it/s]
  1%|          | 57314/8824065 [18:08:54<32:02:14, 76.01it/s]
  1%|          | 57326/8824065 [18:08:54<28:43:04, 84.80it/s]
  1%|          | 57338/8824065 [18:08:54<26:15:20, 92.75it/s]
  1%|          | 57350/8824065 [18:08:54<24:30:56, 99.33it/s]
  1%|          | 57362/8824065 [18:08:54<23:19:44, 104.38it/s]
  1%|          | 57374/8824065 [18:08:54<22:31:07, 108.14it/s]
  1%|          | 57386/8824065 [18:08:54<21:53:09, 111.27it/s]
  1%|          | 57399/8824065 [18:08:54<21:21:56, 113.98it/s]
  1%|          | 57399/8824065 [18:09:11<21:21:56, 113.98it/s]
  1%|          | 57401/8824065 [18:10:07<5824:50:29,  2.39s/it]
  1%|          | 57413/8824065 [18:10:08<3744:59:10,  1.54s/it]
  1%|          | 57426/8824065 [18:10:08<2416:11:58,  1.01it/s]
  1%|          | 57438/8824065 [18:10:08<1652:15:58,  1.47it/s]
  1%|          | 57450/8824065 [18:10:08<1140:22:16,  2.14it/s]
  1%|          | 57462/8824065 [18:10:08<793:46:56,  3.07it/s] 
  1%|          | 57474/8824065 [18:10:08<556:40:39,  4.37it/s]
  1%|          | 57487/8824065 [18:10:08<384:04:39,  6.34it/s]
  1%|          | 57500/8824065 [18:10:08<269:28:32,  9.04it/s]
  1%|          | 57513/8824065 [18:10:08<192:07:06, 12.68it/s]
  1%|          | 57525/8824065 [18:10:08<142:16:35, 17.12it/s]
  1%|          | 57537/8824065 [18:10:09<106:30:58, 22.86it/s]
  1%|          | 57549/8824065 [18:10:09<81:05:34, 30.03it/s] 
  1%|          | 57562/8824065 [18:10:09<62:00:08, 39.27it/s]
  1%|          | 57575/8824065 [18:10:09<49:06:29, 49.59it/s]
  1%|          | 57587/8824065 [18:10:09<40:46:09, 59.73it/s]
  1%|          | 57600/8824065 [18:10:09<34:24:37, 70.77it/s]
  1%|          | 57613/8824065 [18:10:09<30:03:40, 81.01it/s]
  1%|          | 57626/8824065 [18:10:09<27:02:43, 90.04it/s]
  1%|          | 57639/8824065 [18:10:09<24:56:11, 97.65it/s]
  1%|          | 57652/8824065 [18:10:10<23:32:20, 103.45it/s]
  1%|          | 57665/8824065 [18:10:10<22:31:29, 108.11it/s]
  1%|          | 57678/8824065 [18:10:10<21:50:00, 111.53it/s]
  1%|          | 57691/8824065 [18:10:10<21:21:17, 114.03it/s]
  1%|          | 57704/8824065 [18:10:10<21:01:29, 115.82it/s]
  1%|          | 57717/8824065 [18:10:10<20:45:01, 117.35it/s]
  1%|          | 57730/8824065 [18:10:10<20:34:29, 118.35it/s]
  1%|          | 57743/8824065 [18:10:10<20:26:42, 119.10it/s]
  1%|          | 57756/8824065 [18:10:10<20:25:24, 119.23it/s]
  1%|          | 57769/8824065 [18:10:11<20:20:12, 119.74it/s]
  1%|          | 57782/8824065 [18:10:11<20:19:23, 119.82it/s]
  1%|          | 57795/8824065 [18:10:11<20:17:20, 120.02it/s]
  1%|          | 57795/8824065 [18:10:31<20:17:20, 120.02it/s]
  1%|          | 57801/8824065 [18:14:45<18382:58:29,  7.55s/it]
  1%|          | 57809/8824065 [18:14:45<13991:14:14,  5.75s/it]
  1%|          | 57821/8824065 [18:14:45<9255:39:01,  3.80s/it] 
  1%|          | 57833/8824065 [18:14:45<6242:41:11,  2.56s/it]
  1%|          | 57845/8824065 [18:14:45<4264:40:41,  1.75s/it]
  1%|          | 57857/8824065 [18:14:45<2939:13:28,  1.21s/it]
  1%|          | 57869/8824065 [18:14:45<2038:48:40,  1.19it/s]
  1%|          | 57881/8824065 [18:14:45<1421:25:09,  1.71it/s]
  1%|          | 57893/8824065 [18:14:46<995:28:24,  2.45it/s] 
  1%|          | 57905/8824065 [18:14:46<700:12:45,  3.48it/s]
  1%|          | 57917/8824065 [18:14:46<494:58:14,  4.92it/s]
  1%|          | 57929/8824065 [18:14:46<351:57:24,  6.92it/s]
  1%|          | 57941/8824065 [18:14:46<252:15:38,  9.65it/s]
  1%|          | 57953/8824065 [18:14:46<182:38:07, 13.33it/s]
  1%|          | 57965/8824065 [18:14:46<133:55:31, 18.18it/s]
  1%|          | 57977/8824065 [18:14:46<99:53:49, 24.38it/s] 
  1%|          | 57989/8824065 [18:14:46<76:07:36, 31.99it/s]
  1%|          | 57989/8824065 [18:15:01<76:07:36, 31.99it/s]
  1%|          | 58001/8824065 [18:20:13<19937:09:12,  8.19s/it]
  1%|          | 58007/8824065 [18:20:13<16424:29:15,  6.75s/it]
  1%|          | 58018/8824065 [18:20:13<11238:52:36,  4.62s/it]
  1%|          | 58030/8824065 [18:20:13<7535:45:58,  3.09s/it] 
  1%|          | 58042/8824065 [18:20:13<5127:30:47,  2.11s/it]
  1%|          | 58054/8824065 [18:20:13<3523:50:10,  1.45s/it]
  1%|          | 58066/8824065 [18:20:13<2439:02:50,  1.00s/it]
  1%|          | 58078/8824065 [18:20:14<1697:21:05,  1.43it/s]
  1%|          | 58090/8824065 [18:20:14<1189:27:43,  2.05it/s]
  1%|          | 58102/8824065 [18:20:14<835:21:05,  2.91it/s] 
  1%|          | 58114/8824065 [18:20:14<589:16:48,  4.13it/s]
  1%|          | 58126/8824065 [18:20:14<418:02:13,  5.82it/s]
  1%|          | 58138/8824065 [18:20:14<298:40:36,  8.15it/s]
  1%|          | 58150/8824065 [18:20:14<215:19:05, 11.31it/s]
  1%|          | 58162/8824065 [18:20:14<156:57:58, 15.51it/s]
  1%|          | 58174/8824065 [18:20:14<116:04:16, 20.98it/s]
  1%|          | 58186/8824065 [18:20:15<87:27:15, 27.84it/s] 
  1%|          | 58198/8824065 [18:20:15<67:27:40, 36.09it/s]
  1%|          | 58198/8824065 [18:20:31<67:27:40, 36.09it/s]
  1%|          | 58201/8824065 [18:21:57<8113:17:21,  3.33s/it]
  1%|          | 58214/8824065 [18:21:57<5080:15:57,  2.09s/it]
  1%|          | 58226/8824065 [18:21:57<3406:42:54,  1.40s/it]
  1%|          | 58238/8824065 [18:21:57<2320:10:38,  1.05it/s]
  1%|          | 58251/8824065 [18:21:58<1556:58:05,  1.56it/s]
  1%|          | 58263/8824065 [18:21:58<1089:18:00,  2.24it/s]
  1%|          | 58275/8824065 [18:21:58<765:21:21,  3.18it/s] 
  1%|          | 58288/8824065 [18:21:58<527:28:33,  4.62it/s]
  1%|          | 58300/8824065 [18:21:58<377:17:29,  6.45it/s]
  1%|          | 58312/8824065 [18:21:58<271:09:34,  8.98it/s]
  1%|          | 58324/8824065 [18:21:58<196:22:10, 12.40it/s]
  1%|          | 58337/8824065 [18:21:58<140:44:38, 17.30it/s]
  1%|          | 58349/8824065 [18:21:58<105:20:34, 23.11it/s]
  1%|          | 58362/8824065 [18:21:58<78:45:40, 30.92it/s] 
  1%|          | 58375/8824065 [18:21:59<60:42:13, 40.11it/s]
  1%|          | 58388/8824065 [18:21:59<48:15:19, 50.46it/s]
  1%|          | 58401/8824065 [18:21:59<39:50:58, 61.10it/s]
  1%|          | 58413/8824065 [18:21:59<34:15:19, 71.08it/s]
  1%|          | 58425/8824065 [18:21:59<30:12:15, 80.61it/s]
  1%|          | 58441/8824065 [18:21:59<24:55:51, 97.67it/s]
  1%|          | 58459/8824065 [18:21:59<20:48:45, 116.99it/s]
  1%|          | 58477/8824065 [18:21:59<18:25:14, 132.18it/s]
  1%|          | 58493/8824065 [18:21:59<18:23:04, 132.44it/s]
  1%|          | 58508/8824065 [18:22:00<18:55:36, 128.65it/s]
  1%|          | 58522/8824065 [18:22:00<19:21:41, 125.76it/s]
  1%|          | 58536/8824065 [18:22:00<19:38:57, 123.92it/s]
  1%|          | 58549/8824065 [18:22:00<19:55:26, 122.21it/s]
  1%|          | 58562/8824065 [18:22:00<20:05:47, 121.16it/s]
  1%|          | 58575/8824065 [18:22:00<20:17:21, 120.01it/s]
  1%|          | 58588/8824065 [18:22:00<20:18:34, 119.89it/s]
  1%|          | 58601/8824065 [18:22:00<20:14:53, 120.25it/s]
  1%|          | 58614/8824065 [18:22:00<20:17:23, 120.00it/s]
  1%|          | 58627/8824065 [18:22:01<20:17:38, 119.98it/s]
  1%|          | 58640/8824065 [18:22:01<20:22:10, 119.53it/s]
  1%|          | 58652/8824065 [18:22:01<20:21:59, 119.55it/s]
  1%|          | 58664/8824065 [18:22:01<20:22:31, 119.50it/s]
  1%|          | 58677/8824065 [18:22:01<20:20:01, 119.74it/s]
  1%|          | 58690/8824065 [18:22:01<20:18:04, 119.93it/s]
  1%|          | 58690/8824065 [18:22:21<20:18:04, 119.93it/s]
  1%|          | 58701/8824065 [18:22:30<1755:09:03,  1.39it/s]
  1%|          | 58713/8824065 [18:22:30<1242:08:09,  1.96it/s]
  1%|          | 58725/8824065 [18:22:30<879:15:01,  2.77it/s] 
  1%|          | 58738/8824065 [18:22:31<608:43:49,  4.00it/s]
  1%|          | 58751/8824065 [18:22:31<425:45:08,  5.72it/s]
  1%|          | 58764/8824065 [18:22:31<301:21:14,  8.08it/s]
  1%|          | 58777/8824065 [18:22:31<215:48:30, 11.28it/s]
  1%|          | 58789/8824065 [18:22:31<160:11:22, 15.20it/s]
  1%|          | 58789/8824065 [18:22:51<160:11:22, 15.20it/s]
  1%|          | 58801/8824065 [18:58:29<127358:12:52, 52.31s/it]
  1%|          | 58814/8824065 [18:58:29<87851:13:26, 36.08s/it] 
  1%|          | 58827/8824065 [18:58:29<60877:51:58, 25.00s/it]
  1%|          | 58839/8824065 [18:58:29<43336:15:57, 17.80s/it]
  1%|          | 58851/8824065 [18:58:29<30702:17:49, 12.61s/it]
  1%|          | 58863/8824065 [18:58:29<21678:08:22,  8.90s/it]
  1%|          | 58875/8824065 [18:58:29<15270:25:41,  6.27s/it]
  1%|          | 58887/8824065 [18:58:29<10739:56:26,  4.41s/it]
  1%|          | 58899/8824065 [18:58:30<7545:59:47,  3.10s/it] 
  1%|          | 58899/8824065 [18:58:41<7545:59:47,  3.10s/it]
  1%|          | 58901/8824065 [19:07:19<49778:17:27, 20.44s/it]
  1%|          | 58913/8824065 [19:07:20<31757:55:08, 13.04s/it]
  1%|          | 58925/8824065 [19:07:20<20936:30:11,  8.60s/it]
  1%|          | 58937/8824065 [19:07:20<14085:32:21,  5.79s/it]
  1%|          | 58949/8824065 [19:07:20<9602:13:00,  3.94s/it] 
  1%|          | 58961/8824065 [19:07:20<6604:12:39,  2.71s/it]
  1%|          | 58973/8824065 [19:07:20<4570:28:48,  1.88s/it]
  1%|          | 58985/8824065 [19:07:20<3177:28:01,  1.31s/it]
  1%|          | 58997/8824065 [19:07:20<2216:58:14,  1.10it/s]
  1%|          | 59009/8824065 [19:07:20<1551:29:28,  1.57it/s]
  1%|          | 59021/8824065 [19:07:20<1089:00:08,  2.24it/s]
  1%|          | 59033/8824065 [19:07:21<766:56:49,  3.17it/s] 
  1%|          | 59045/8824065 [19:07:21<542:17:06,  4.49it/s]
  1%|          | 59057/8824065 [19:07:21<386:00:53,  6.31it/s]
  1%|          | 59069/8824065 [19:07:21<276:12:44,  8.81it/s]
  1%|          | 59081/8824065 [19:07:21<199:31:09, 12.20it/s]
  1%|          | 59093/8824065 [19:07:21<145:48:39, 16.70it/s]
  1%|          | 59105/8824065 [19:07:21<108:17:33, 22.48it/s]
  1%|          | 59117/8824065 [19:07:21<82:00:41, 29.69it/s] 
  1%|          | 59129/8824065 [19:07:21<63:37:01, 38.27it/s]
  1%|          | 59141/8824065 [19:07:21<50:43:05, 48.00it/s]
  1%|          | 59153/8824065 [19:07:22<41:42:13, 58.38it/s]
  1%|          | 59165/8824065 [19:07:22<35:27:56, 68.65it/s]
  1%|          | 59177/8824065 [19:07:22<31:01:56, 78.46it/s]
  1%|          | 59189/8824065 [19:07:22<27:55:33, 87.18it/s]
  1%|          | 59201/8824065 [19:07:22<25:45:08, 94.54it/s]
  1%|          | 59213/8824065 [19:07:22<24:12:56, 100.54it/s]
  1%|          | 59225/8824065 [19:07:22<23:13:13, 104.85it/s]
  1%|          | 59237/8824065 [19:07:22<22:29:52, 108.22it/s]
  1%|          | 59249/8824065 [19:07:22<21:57:55, 110.84it/s]
  1%|          | 59261/8824065 [19:07:22<21:37:59, 112.54it/s]
  1%|          | 59273/8824065 [19:07:23<21:24:03, 113.76it/s]
  1%|          | 59285/8824065 [19:07:23<21:10:45, 114.95it/s]
  1%|          | 59297/8824065 [19:07:23<21:01:51, 115.77it/s]
  1%|          | 59309/8824065 [19:07:23<20:54:17, 116.46it/s]
  1%|          | 59321/8824065 [19:07:23<20:50:11, 116.85it/s]
  1%|          | 59333/8824065 [19:07:23<20:53:53, 116.50it/s]
  1%|          | 59345/8824065 [19:07:23<20:47:21, 117.11it/s]
  1%|          | 59357/8824065 [19:07:23<20:41:24, 117.67it/s]
  1%|          | 59369/8824065 [19:07:23<20:40:04, 117.80it/s]
  1%|          | 59381/8824065 [19:07:24<20:38:51, 117.91it/s]
  1%|          | 59393/8824065 [19:07:24<20:41:27, 117.67it/s]
  1%|          | 59405/8824065 [19:07:24<20:42:47, 117.54it/s]
  1%|          | 59417/8824065 [19:07:24<20:38:45, 117.92it/s]
  1%|          | 59429/8824065 [19:07:24<20:40:12, 117.78it/s]
  1%|          | 59441/8824065 [19:07:24<20:40:00, 117.80it/s]
  1%|          | 59453/8824065 [19:07:24<20:41:47, 117.63it/s]
  1%|          | 59465/8824065 [19:07:24<20:40:27, 117.76it/s]
  1%|          | 59477/8824065 [19:07:24<20:38:31, 117.94it/s]
  1%|          | 59489/8824065 [19:07:24<20:37:51, 118.01it/s]
  1%|          | 59501/8824065 [19:07:25<20:39:52, 117.82it/s]
  1%|          | 59513/8824065 [19:07:25<20:39:20, 117.87it/s]
  1%|          | 59525/8824065 [19:07:25<20:37:18, 118.06it/s]
  1%|          | 59537/8824065 [19:07:25<20:39:20, 117.87it/s]
  1%|          | 59549/8824065 [19:07:25<20:42:04, 117.61it/s]
  1%|          | 59561/8824065 [19:07:25<20:45:32, 117.28it/s]
  1%|          | 59573/8824065 [19:07:25<20:43:38, 117.46it/s]
  1%|          | 59585/8824065 [19:07:25<20:41:15, 117.68it/s]
  1%|          | 59597/8824065 [19:07:25<20:35:41, 118.21it/s]
  1%|          | 59609/8824065 [19:07:25<20:41:56, 117.62it/s]
  1%|          | 59621/8824065 [19:07:26<20:41:54, 117.62it/s]
  1%|          | 59633/8824065 [19:07:26<20:43:29, 117.47it/s]
  1%|          | 59645/8824065 [19:07:26<20:41:27, 117.66it/s]
  1%|          | 59657/8824065 [19:07:26<20:39:58, 117.80it/s]
  1%|          | 59669/8824065 [19:07:26<20:42:55, 117.52it/s]
  1%|          | 59681/8824065 [19:07:26<20:39:22, 117.86it/s]
  1%|          | 59693/8824065 [19:07:26<20:37:54, 118.00it/s]
  1%|          | 59705/8824065 [19:07:26<20:36:58, 118.09it/s]
  1%|          | 59717/8824065 [19:07:26<20:34:51, 118.29it/s]
  1%|          | 59729/8824065 [19:07:26<20:37:50, 118.01it/s]
  1%|          | 59741/8824065 [19:07:27<20:34:41, 118.31it/s]
  1%|          | 59753/8824065 [19:07:27<20:34:59, 118.28it/s]
  1%|          | 59765/8824065 [19:07:27<20:36:48, 118.10it/s]
  1%|          | 59777/8824065 [19:07:27<20:37:20, 118.05it/s]
  1%|          | 59789/8824065 [19:07:27<20:36:21, 118.15it/s]
  1%|          | 59801/8824065 [19:07:27<20:38:34, 117.94it/s]
  1%|          | 59813/8824065 [19:07:27<20:38:55, 117.90it/s]
  1%|          | 59825/8824065 [19:07:27<20:41:14, 117.68it/s]
  1%|          | 59837/8824065 [19:07:27<20:40:44, 117.73it/s]
  1%|          | 59849/8824065 [19:07:27<20:41:33, 117.65it/s]
  1%|          | 59861/8824065 [19:07:28<20:38:28, 117.94it/s]
  1%|          | 59874/8824065 [19:07:28<20:10:09, 120.70it/s]
  1%|          | 59887/8824065 [19:07:28<20:53:23, 116.54it/s]
  1%|          | 59899/8824065 [19:07:28<20:50:16, 116.83it/s]
  1%|          | 59911/8824065 [19:07:28<20:47:49, 117.06it/s]
  1%|          | 59923/8824065 [19:07:28<20:43:17, 117.49it/s]
  1%|          | 59935/8824065 [19:07:28<20:42:11, 117.59it/s]
  1%|          | 59947/8824065 [19:07:28<20:43:35, 117.46it/s]
  1%|          | 59959/8824065 [19:07:28<20:42:51, 117.53it/s]
  1%|          | 59971/8824065 [19:07:29<20:46:08, 117.22it/s]
  1%|          | 59983/8824065 [19:07:29<20:41:38, 117.64it/s]
  1%|          | 59995/8824065 [19:07:29<20:38:00, 117.99it/s]
  1%|          | 60007/8824065 [19:07:29<20:35:21, 118.24it/s]
  1%|          | 60019/8824065 [19:07:29<20:35:20, 118.24it/s]
  1%|          | 60031/8824065 [19:07:29<20:31:35, 118.60it/s]
  1%|          | 60043/8824065 [19:07:29<20:35:53, 118.19it/s]
  1%|          | 60055/8824065 [19:07:29<20:46:45, 117.16it/s]
  1%|          | 60067/8824065 [19:07:29<20:44:13, 117.40it/s]
  1%|          | 60079/8824065 [19:07:29<20:40:51, 117.71it/s]
  1%|          | 60091/8824065 [19:07:30<20:41:41, 117.64it/s]
  1%|          | 60103/8824065 [19:07:30<20:42:12, 117.59it/s]
  1%|          | 60115/8824065 [19:07:30<20:42:46, 117.53it/s]
  1%|          | 60127/8824065 [19:07:30<20:40:14, 117.77it/s]
  1%|          | 60139/8824065 [19:07:30<20:39:00, 117.89it/s]
  1%|          | 60151/8824065 [19:07:30<20:38:43, 117.92it/s]
  1%|          | 60163/8824065 [19:07:30<20:34:06, 118.36it/s]
  1%|          | 60175/8824065 [19:07:30<20:35:38, 118.21it/s]
  1%|          | 60187/8824065 [19:07:30<20:38:03, 117.98it/s]
  1%|          | 60199/8824065 [19:07:30<20:36:02, 118.17it/s]
  1%|          | 60211/8824065 [19:07:31<20:31:48, 118.58it/s]
  1%|          | 60223/8824065 [19:07:31<20:34:31, 118.32it/s]
  1%|          | 60235/8824065 [19:07:31<20:37:21, 118.05it/s]
  1%|          | 60247/8824065 [19:07:31<20:38:18, 117.95it/s]
  1%|          | 60259/8824065 [19:07:31<20:38:53, 117.90it/s]
  1%|          | 60271/8824065 [19:07:31<20:37:44, 118.01it/s]
  1%|          | 60283/8824065 [19:07:31<20:37:51, 118.00it/s]
  1%|          | 60296/8824065 [19:07:31<20:09:02, 120.81it/s]
  1%|          | 60309/8824065 [19:07:31<20:18:19, 119.89it/s]
  1%|          | 60321/8824065 [19:07:31<20:25:01, 119.23it/s]
  1%|          | 60333/8824065 [19:07:32<20:30:08, 118.74it/s]
  1%|          | 60345/8824065 [19:07:32<20:35:03, 118.26it/s]
  1%|          | 60357/8824065 [19:07:32<20:38:13, 117.96it/s]
  1%|          | 60369/8824065 [19:07:32<20:39:54, 117.80it/s]
  1%|          | 60381/8824065 [19:07:32<20:41:22, 117.66it/s]
  1%|          | 60393/8824065 [19:07:32<20:46:17, 117.20it/s]
  1%|          | 60405/8824065 [19:07:32<20:44:14, 117.39it/s]
  1%|          | 60417/8824065 [19:07:32<20:42:00, 117.60it/s]
  1%|          | 60429/8824065 [19:07:32<20:40:06, 117.78it/s]
  1%|          | 60441/8824065 [19:07:32<20:40:18, 117.76it/s]
  1%|          | 60453/8824065 [19:07:33<20:38:42, 117.91it/s]
  1%|          | 60465/8824065 [19:07:33<20:39:09, 117.87it/s]
  1%|          | 60477/8824065 [19:07:33<20:38:39, 117.92it/s]
  1%|          | 60489/8824065 [19:07:33<20:35:15, 118.24it/s]
  1%|          | 60501/8824065 [19:07:33<20:33:52, 118.37it/s]
  1%|          | 60513/8824065 [19:07:33<20:31:58, 118.56it/s]
  1%|          | 60525/8824065 [19:07:33<20:36:30, 118.12it/s]
  1%|          | 60537/8824065 [19:07:33<20:35:39, 118.20it/s]
  1%|          | 60549/8824065 [19:07:33<20:36:26, 118.13it/s]
  1%|          | 60561/8824065 [19:07:34<20:35:14, 118.24it/s]
  1%|          | 60573/8824065 [19:07:34<20:38:15, 117.95it/s]
  1%|          | 60585/8824065 [19:07:34<20:40:28, 117.74it/s]
  1%|          | 60597/8824065 [19:07:34<20:37:08, 118.06it/s]
  1%|          | 60609/8824065 [19:07:34<20:36:08, 118.16it/s]
  1%|          | 60621/8824065 [19:07:34<20:34:53, 118.28it/s]
  1%|          | 60633/8824065 [19:07:34<20:37:17, 118.05it/s]
  1%|          | 60645/8824065 [19:07:34<20:34:35, 118.30it/s]
  1%|          | 60657/8824065 [19:07:34<20:35:06, 118.25it/s]
  1%|          | 60669/8824065 [19:07:34<20:32:12, 118.53it/s]
  1%|          | 60681/8824065 [19:07:35<20:34:49, 118.28it/s]
  1%|          | 60693/8824065 [19:07:35<20:34:36, 118.30it/s]
  1%|          | 60705/8824065 [19:07:35<20:36:54, 118.08it/s]
  1%|          | 60717/8824065 [19:07:35<20:37:46, 118.00it/s]
  1%|          | 60729/8824065 [19:07:35<20:40:16, 117.76it/s]
  1%|          | 60741/8824065 [19:07:35<20:39:03, 117.88it/s]
  1%|          | 60753/8824065 [19:07:35<20:39:50, 117.80it/s]
  1%|          | 60765/8824065 [19:07:35<20:34:48, 118.28it/s]
  1%|          | 60777/8824065 [19:07:35<20:40:39, 117.72it/s]
  1%|          | 60789/8824065 [19:07:35<20:39:19, 117.85it/s]
  1%|          | 60801/8824065 [19:07:36<20:35:39, 118.20it/s]
  1%|          | 60813/8824065 [19:07:36<20:33:29, 118.41it/s]
  1%|          | 60825/8824065 [19:07:36<20:34:36, 118.30it/s]
  1%|          | 60837/8824065 [19:07:36<20:36:45, 118.09it/s]
  1%|          | 60849/8824065 [19:07:36<20:35:58, 118.17it/s]
  1%|          | 60861/8824065 [19:07:36<20:34:44, 118.29it/s]
  1%|          | 60873/8824065 [19:07:36<20:32:28, 118.50it/s]
  1%|          | 60885/8824065 [19:07:36<20:33:15, 118.43it/s]
  1%|          | 60897/8824065 [19:07:36<20:32:47, 118.47it/s]
  1%|          | 60897/8824065 [19:07:51<20:32:47, 118.47it/s]
  1%|          | 60901/8824065 [19:09:21<7980:14:59,  3.28s/it]
  1%|          | 60913/8824065 [19:09:21<5203:42:42,  2.14s/it]
  1%|          | 60925/8824065 [19:09:21<3480:05:42,  1.43s/it]
  1%|          | 60938/8824065 [19:09:21<2304:00:43,  1.06it/s]
  1%|          | 60950/8824065 [19:09:21<1597:33:01,  1.52it/s]
  1%|          | 60962/8824065 [19:09:22<1114:15:22,  2.18it/s]
  1%|          | 60974/8824065 [19:09:22<781:25:04,  3.12it/s] 
  1%|          | 60986/8824065 [19:09:22<550:46:55,  4.42it/s]
  1%|          | 60998/8824065 [19:09:22<390:38:27,  6.23it/s]
  1%|          | 60998/8824065 [19:09:41<390:38:27,  6.23it/s]
  1%|          | 61001/8824065 [19:26:04<79571:01:57, 32.69s/it]
  1%|          | 61013/8824065 [19:26:04<51123:37:38, 21.00s/it]
  1%|          | 61025/8824065 [19:26:04<33844:40:24, 13.90s/it]
  1%|          | 61037/8824065 [19:26:04<22830:07:26,  9.38s/it]
  1%|          | 61049/8824065 [19:26:04<15587:26:07,  6.40s/it]
  1%|          | 61060/8824065 [19:26:05<11015:55:31,  4.53s/it]
  1%|          | 61072/8824065 [19:26:05<7563:46:38,  3.11s/it] 
  1%|          | 61083/8824065 [19:26:05<5366:23:59,  2.20s/it]
  1%|          | 61095/8824065 [19:26:05<3697:26:01,  1.52s/it]
  1%|          | 61107/8824065 [19:26:05<2563:33:18,  1.05s/it]
  1%|          | 61119/8824065 [19:26:05<1786:03:12,  1.36it/s]
  1%|          | 61131/8824065 [19:26:05<1249:23:00,  1.95it/s]
  1%|          | 61143/8824065 [19:26:05<877:31:15,  2.77it/s] 
  1%|          | 61155/8824065 [19:26:05<618:59:08,  3.93it/s]
  1%|          | 61167/8824065 [19:26:06<439:02:12,  5.54it/s]
  1%|          | 61179/8824065 [19:26:06<313:28:12,  7.77it/s]
  1%|          | 61191/8824065 [19:26:06<225:42:11, 10.78it/s]
  1%|          | 61191/8824065 [19:26:21<225:42:11, 10.78it/s]
  1%|          | 61201/8824065 [19:32:14<23762:00:05,  9.76s/it]
  1%|          | 61211/8824065 [19:32:14<17268:42:57,  7.09s/it]
  1%|          | 61223/8824065 [19:32:14<11762:39:00,  4.83s/it]
  1%|          | 61235/8824065 [19:32:14<8084:56:17,  3.32s/it] 
  1%|          | 61247/8824065 [19:32:14<5592:05:29,  2.30s/it]
  1%|          | 61259/8824065 [19:32:14<3885:22:20,  1.60s/it]
  1%|          | 61271/8824065 [19:32:14<2708:59:02,  1.11s/it]
  1%|          | 61283/8824065 [19:32:14<1894:12:08,  1.29it/s]
  1%|          | 61295/8824065 [19:32:14<1328:11:22,  1.83it/s]
  1%|          | 61307/8824065 [19:32:14<933:59:03,  2.61it/s] 
  1%|          | 61319/8824065 [19:32:15<659:01:22,  3.69it/s]
  1%|          | 61331/8824065 [19:32:15<467:04:12,  5.21it/s]
  1%|          | 61343/8824065 [19:32:15<332:56:47,  7.31it/s]
  1%|          | 61355/8824065 [19:32:15<239:09:28, 10.18it/s]
  1%|          | 61367/8824065 [19:32:15<173:31:23, 14.03it/s]
  1%|          | 61379/8824065 [19:32:15<127:44:56, 19.05it/s]
  1%|          | 61391/8824065 [19:32:15<95:42:35, 25.43it/s] 
  1%|          | 61403/8824065 [19:32:15<73:20:45, 33.19it/s]
  1%|          | 61415/8824065 [19:32:15<57:37:15, 42.24it/s]
  1%|          | 61427/8824065 [19:32:15<46:41:58, 52.12it/s]
  1%|          | 61439/8824065 [19:32:16<39:02:07, 62.36it/s]
  1%|          | 61451/8824065 [19:32:16<33:42:45, 72.20it/s]
  1%|          | 61463/8824065 [19:32:16<29:53:58, 81.41it/s]
  1%|          | 61475/8824065 [19:32:16<27:06:21, 89.80it/s]
  1%|          | 61487/8824065 [19:32:16<25:11:05, 96.65it/s]
  1%|          | 61499/8824065 [19:32:16<23:48:20, 102.25it/s]
  1%|          | 61511/8824065 [19:32:16<22:50:04, 106.59it/s]
  1%|          | 61523/8824065 [19:32:16<22:13:46, 109.50it/s]
  1%|          | 61535/8824065 [19:32:16<21:46:37, 111.77it/s]
  1%|          | 61548/8824065 [19:32:17<21:16:37, 114.40it/s]
  1%|          | 61560/8824065 [19:32:17<21:00:59, 115.81it/s]
  1%|          | 61572/8824065 [19:32:17<20:51:20, 116.71it/s]
  1%|          | 61585/8824065 [19:32:17<20:38:54, 117.88it/s]
  1%|          | 61597/8824065 [19:32:17<20:34:41, 118.28it/s]
  1%|          | 61609/8824065 [19:32:17<20:30:50, 118.65it/s]
  1%|          | 61621/8824065 [19:32:17<20:28:15, 118.90it/s]
  1%|          | 61633/8824065 [19:32:17<20:26:11, 119.10it/s]
  1%|          | 61646/8824065 [19:32:17<20:22:28, 119.46it/s]
  1%|          | 61659/8824065 [19:32:17<20:17:46, 119.92it/s]
  1%|          | 61672/8824065 [19:32:18<20:16:19, 120.07it/s]
  1%|          | 61685/8824065 [19:32:18<20:19:31, 119.75it/s]
  1%|          | 61697/8824065 [19:32:18<20:19:58, 119.71it/s]
  1%|          | 61710/8824065 [19:32:18<20:15:48, 120.12it/s]
  1%|          | 61723/8824065 [19:32:18<22:36:35, 107.65it/s]
  1%|          | 61735/8824065 [19:32:18<22:03:37, 110.33it/s]
  1%|          | 61747/8824065 [19:32:18<21:37:32, 112.55it/s]
  1%|          | 61759/8824065 [19:32:18<21:57:51, 110.81it/s]
  1%|          | 61771/8824065 [19:32:18<21:36:15, 112.66it/s]
  1%|          | 61783/8824065 [19:32:19<21:16:24, 114.41it/s]
  1%|          | 61795/8824065 [19:32:19<21:04:20, 115.50it/s]
  1%|          | 61807/8824065 [19:32:19<20:58:08, 116.07it/s]
  1%|          | 61819/8824065 [19:32:19<20:53:58, 116.46it/s]
  1%|          | 61831/8824065 [19:32:19<20:52:00, 116.64it/s]
  1%|          | 61843/8824065 [19:32:19<20:48:32, 116.97it/s]
  1%|          | 61855/8824065 [19:32:19<20:46:32, 117.15it/s]
  1%|          | 61867/8824065 [19:32:19<20:43:58, 117.39it/s]
  1%|          | 61879/8824065 [19:32:19<20:43:41, 117.42it/s]
  1%|          | 61891/8824065 [19:32:19<20:43:25, 117.45it/s]
  1%|          | 61903/8824065 [19:32:20<20:42:17, 117.55it/s]
  1%|          | 61915/8824065 [19:32:20<20:40:15, 117.75it/s]
  1%|          | 61927/8824065 [19:32:20<20:38:21, 117.93it/s]
  1%|          | 61939/8824065 [19:32:20<20:39:29, 117.82it/s]
  1%|          | 61951/8824065 [19:32:20<20:39:33, 117.81it/s]
  1%|          | 61963/8824065 [19:32:20<20:37:25, 118.02it/s]
  1%|          | 61975/8824065 [19:32:20<20:41:14, 117.65it/s]
  1%|          | 61987/8824065 [19:32:20<20:39:46, 117.79it/s]
  1%|          | 61999/8824065 [19:32:20<20:36:27, 118.11it/s]
  1%|          | 61999/8824065 [19:32:31<20:36:27, 118.11it/s]
  1%|          | 62001/8824065 [19:32:44<1948:44:15,  1.25it/s]
  1%|          | 62013/8824065 [19:32:44<1247:40:37,  1.95it/s]
  1%|          | 62025/8824065 [19:32:44<828:11:13,  2.94it/s] 
  1%|          | 62037/8824065 [19:32:44<565:04:51,  4.31it/s]
  1%|          | 62049/8824065 [19:32:45<391:19:21,  6.22it/s]
  1%|          | 62061/8824065 [19:32:45<275:27:23,  8.84it/s]
  1%|          | 62073/8824065 [19:32:45<196:55:46, 12.36it/s]
  1%|          | 62085/8824065 [19:32:45<143:08:27, 17.00it/s]
  1%|          | 62097/8824065 [19:32:45<105:56:30, 22.97it/s]
  1%|          | 62097/8824065 [19:33:01<105:56:30, 22.97it/s]
  1%|          | 62101/8824065 [19:38:02<24536:01:52, 10.08s/it]
  1%|          | 62113/8824065 [19:38:02<15913:25:40,  6.54s/it]
  1%|          | 62125/8824065 [19:38:03<10598:34:33,  4.35s/it]
  1%|          | 62137/8824065 [19:38:03<7178:53:18,  2.95s/it] 
  1%|          | 62149/8824065 [19:38:03<4917:25:20,  2.02s/it]
  1%|          | 62161/8824065 [19:38:03<3394:40:17,  1.39s/it]
  1%|          | 62173/8824065 [19:38:03<2356:52:00,  1.03it/s]
  1%|          | 62185/8824065 [19:38:03<1643:41:12,  1.48it/s]
  1%|          | 62197/8824065 [19:38:03<1150:48:15,  2.11it/s]
  1%|          | 62209/8824065 [19:38:03<808:52:52,  3.01it/s] 
  1%|          | 62221/8824065 [19:38:03<571:01:14,  4.26it/s]
  1%|          | 62233/8824065 [19:38:03<405:15:27,  6.01it/s]
  1%|          | 62245/8824065 [19:38:04<289:28:51,  8.41it/s]
  1%|          | 62257/8824065 [19:38:04<208:40:26, 11.66it/s]
  1%|          | 62269/8824065 [19:38:04<152:23:05, 15.97it/s]
  1%|          | 62281/8824065 [19:38:04<112:45:32, 21.58it/s]
  1%|          | 62293/8824065 [19:38:04<85:00:53, 28.63it/s] 
  1%|          | 62293/8824065 [19:38:21<85:00:53, 28.63it/s]
  1%|          | 62301/8824065 [19:41:09<12601:16:07,  5.18s/it]
  1%|          | 62310/8824065 [19:41:09<9290:56:55,  3.82s/it] 
  1%|          | 62322/8824065 [19:41:09<6194:46:15,  2.55s/it]
  1%|          | 62334/8824065 [19:41:10<4200:27:28,  1.73s/it]
  1%|          | 62346/8824065 [19:41:10<2880:40:35,  1.18s/it]
  1%|          | 62358/8824065 [19:41:10<1991:37:26,  1.22it/s]
  1%|          | 62370/8824065 [19:41:10<1385:35:24,  1.76it/s]
  1%|          | 62383/8824065 [19:41:10<945:20:58,  2.57it/s] 
  1%|          | 62395/8824065 [19:41:10<669:26:04,  3.64it/s]
  1%|          | 62407/8824065 [19:41:10<475:43:28,  5.12it/s]
  1%|          | 62420/8824065 [19:41:10<331:14:57,  7.35it/s]
  1%|          | 62433/8824065 [19:41:10<234:33:34, 10.38it/s]
  1%|          | 62445/8824065 [19:41:11<172:46:15, 14.09it/s]
  1%|          | 62457/8824065 [19:41:11<128:09:54, 18.99it/s]
  1%|          | 62469/8824065 [19:41:11<96:36:32, 25.19it/s] 
  1%|          | 62481/8824065 [19:41:11<74:15:42, 32.77it/s]
  1%|          | 62493/8824065 [19:41:11<58:22:21, 41.69it/s]
  1%|          | 62505/8824065 [19:41:11<47:18:16, 51.45it/s]
  1%|          | 62517/8824065 [19:41:11<39:28:52, 61.64it/s]
  1%|          | 62529/8824065 [19:41:11<33:57:49, 71.66it/s]
  1%|          | 62541/8824065 [19:41:11<30:08:35, 80.74it/s]
  1%|          | 62553/8824065 [19:41:11<27:21:39, 88.95it/s]
  1%|          | 62565/8824065 [19:41:12<25:28:16, 95.55it/s]
  1%|          | 62577/8824065 [19:41:12<24:15:41, 100.31it/s]
  1%|          | 62589/8824065 [19:41:12<23:21:21, 104.20it/s]
  1%|          | 62601/8824065 [19:41:12<22:44:33, 107.01it/s]
  1%|          | 62613/8824065 [19:41:12<22:18:41, 109.08it/s]
  1%|          | 62625/8824065 [19:41:12<22:01:54, 110.46it/s]
  1%|          | 62637/8824065 [19:41:12<21:48:10, 111.62it/s]
  1%|          | 62649/8824065 [19:41:12<21:42:27, 112.11it/s]
  1%|          | 62661/8824065 [19:41:12<21:33:12, 112.92it/s]
  1%|          | 62673/8824065 [19:41:13<21:31:33, 113.06it/s]
  1%|          | 62685/8824065 [19:41:13<21:33:49, 112.86it/s]
  1%|          | 62697/8824065 [19:41:13<21:32:55, 112.94it/s]
  1%|          | 62709/8824065 [19:41:13<21:40:32, 112.28it/s]
  1%|          | 62721/8824065 [19:41:13<21:30:54, 113.12it/s]
  1%|          | 62733/8824065 [19:41:13<21:30:14, 113.17it/s]
  1%|          | 62745/8824065 [19:41:13<21:23:14, 113.79it/s]
  1%|          | 62757/8824065 [19:41:13<21:19:38, 114.11it/s]
  1%|          | 62769/8824065 [19:41:13<21:23:57, 113.73it/s]
  1%|          | 62781/8824065 [19:41:13<21:20:02, 114.07it/s]
  1%|          | 62793/8824065 [19:41:14<21:21:42, 113.93it/s]
  1%|          | 62805/8824065 [19:41:14<21:17:50, 114.27it/s]
  1%|          | 62817/8824065 [19:41:14<21:26:48, 113.48it/s]
  1%|          | 62829/8824065 [19:41:14<21:25:14, 113.61it/s]
  1%|          | 62841/8824065 [19:41:14<21:20:06, 114.07it/s]
  1%|          | 62853/8824065 [19:41:14<21:15:11, 114.51it/s]
  1%|          | 62865/8824065 [19:41:14<21:14:39, 114.56it/s]
  1%|          | 62877/8824065 [19:41:14<21:13:12, 114.69it/s]
  1%|          | 62889/8824065 [19:41:14<21:10:28, 114.93it/s]
  1%|          | 62901/8824065 [19:41:15<21:12:15, 114.77it/s]
  1%|          | 62913/8824065 [19:41:15<21:15:11, 114.51it/s]
  1%|          | 62925/8824065 [19:41:15<21:17:09, 114.33it/s]
  1%|          | 62937/8824065 [19:41:15<21:19:37, 114.11it/s]
  1%|          | 62949/8824065 [19:41:15<21:22:58, 113.81it/s]
  1%|          | 62961/8824065 [19:41:15<21:22:31, 113.85it/s]
  1%|          | 62973/8824065 [19:41:15<21:19:26, 114.13it/s]
  1%|          | 62986/8824065 [19:41:15<20:50:21, 116.78it/s]
  1%|          | 62998/8824065 [19:41:15<20:57:49, 116.09it/s]
  1%|          | 62998/8824065 [19:41:31<20:57:49, 116.09it/s]
  1%|          | 63001/8824065 [20:32:13<236307:38:00, 97.10s/it]
  1%|          | 63007/8824065 [20:32:13<185756:53:57, 76.33s/it]
  1%|          | 63017/8824065 [20:32:13<123078:07:47, 50.57s/it]
  1%|          | 63026/8824065 [20:32:13<85847:46:46, 35.28s/it] 
  1%|          | 63034/8824065 [20:32:13<62029:02:40, 25.49s/it]
  1%|          | 63050/8824065 [20:32:14<34599:29:24, 14.22s/it]
  1%|          | 63068/8824065 [20:32:14<20229:03:36,  8.31s/it]
  1%|          | 63086/8824065 [20:32:14<12699:15:11,  5.22s/it]
  1%|          | 63086/8824065 [20:32:31<12699:15:11,  5.22s/it]
  1%|          | 63101/8824065 [20:40:32<33624:18:16, 13.82s/it]
  1%|          | 63113/8824065 [20:40:32<24892:06:23, 10.23s/it]
  1%|          | 63127/8824065 [20:40:32<17375:40:35,  7.14s/it]
  1%|          | 63140/8824065 [20:40:32<12409:15:26,  5.10s/it]
  1%|          | 63153/8824065 [20:40:32<8814:17:24,  3.62s/it] 
  1%|          | 63166/8824065 [20:40:32<6237:15:18,  2.56s/it]
  1%|          | 63179/8824065 [20:40:32<4402:41:19,  1.81s/it]
  1%|          | 63191/8824065 [20:40:33<3175:06:49,  1.30s/it]
  1%|          | 63203/8824065 [20:40:33<2273:33:45,  1.07it/s]
  1%|          | 63215/8824065 [20:40:33<1620:24:58,  1.50it/s]
  1%|          | 63227/8824065 [20:40:33<1151:54:20,  2.11it/s]
  1%|          | 63239/8824065 [20:40:33<818:21:16,  2.97it/s] 
  1%|          | 63251/8824065 [20:40:33<581:56:15,  4.18it/s]
  1%|          | 63263/8824065 [20:40:33<415:01:23,  5.86it/s]
  1%|          | 63275/8824065 [20:40:33<297:30:22,  8.18it/s]
  1%|          | 63287/8824065 [20:40:33<214:52:57, 11.33it/s]
  1%|          | 63299/8824065 [20:40:34<156:54:55, 15.51it/s]
  1%|          | 63311/8824065 [20:40:34<116:12:05, 20.94it/s]
  1%|          | 63323/8824065 [20:40:34<87:32:45, 27.80it/s] 
  1%|          | 63335/8824065 [20:40:34<67:26:18, 36.09it/s]
  1%|          | 63347/8824065 [20:40:34<53:19:44, 45.63it/s]
  1%|          | 63359/8824065 [20:40:34<43:36:55, 55.80it/s]
  1%|          | 63371/8824065 [20:40:34<36:42:46, 66.29it/s]
  1%|          | 63383/8824065 [20:40:34<31:53:29, 76.31it/s]
  1%|          | 63395/8824065 [20:40:34<28:27:54, 85.49it/s]
  1%|          | 63407/8824065 [20:40:34<26:10:05, 93.00it/s]
  1%|          | 63419/8824065 [20:40:35<24:27:14, 99.51it/s]
  1%|          | 63431/8824065 [20:40:35<23:26:15, 103.83it/s]
  1%|          | 63443/8824065 [20:40:35<22:35:58, 107.68it/s]
  1%|          | 63455/8824065 [20:40:35<22:03:04, 110.36it/s]
  1%|          | 63467/8824065 [20:40:35<21:31:44, 113.03it/s]
  1%|          | 63479/8824065 [20:40:35<21:14:38, 114.55it/s]
  1%|          | 63491/8824065 [20:40:35<21:06:23, 115.30it/s]
  1%|          | 63503/8824065 [20:40:35<20:57:34, 116.10it/s]
  1%|          | 63515/8824065 [20:40:35<20:52:18, 116.59it/s]
  1%|          | 63527/8824065 [20:40:35<20:47:36, 117.03it/s]
  1%|          | 63539/8824065 [20:40:36<20:45:00, 117.27it/s]
  1%|          | 63551/8824065 [20:40:36<20:45:12, 117.26it/s]
  1%|          | 63563/8824065 [20:40:36<20:46:47, 117.11it/s]
  1%|          | 63575/8824065 [20:40:36<20:43:03, 117.46it/s]
  1%|          | 63587/8824065 [20:40:36<20:40:25, 117.71it/s]
  1%|          | 63599/8824065 [20:40:36<20:42:50, 117.48it/s]
  1%|          | 63611/8824065 [20:40:36<20:43:45, 117.39it/s]
  1%|          | 63623/8824065 [20:40:36<20:44:27, 117.33it/s]
  1%|          | 63635/8824065 [20:40:36<20:44:44, 117.30it/s]
  1%|          | 63647/8824065 [20:40:36<20:41:16, 117.63it/s]
  1%|          | 63659/8824065 [20:40:37<20:40:42, 117.68it/s]
  1%|          | 63671/8824065 [20:40:37<20:38:52, 117.85it/s]
  1%|          | 63683/8824065 [20:40:37<20:39:57, 117.75it/s]
  1%|          | 63695/8824065 [20:40:37<20:35:01, 118.22it/s]
  1%|          | 63707/8824065 [20:40:37<20:35:53, 118.14it/s]
  1%|          | 63719/8824065 [20:40:37<20:35:21, 118.19it/s]
  1%|          | 63731/8824065 [20:40:37<20:35:44, 118.15it/s]
  1%|          | 63743/8824065 [20:40:37<20:40:03, 117.74it/s]
  1%|          | 63755/8824065 [20:40:37<20:36:07, 118.11it/s]
  1%|          | 63767/8824065 [20:40:37<20:41:41, 117.58it/s]
  1%|          | 63779/8824065 [20:40:38<20:38:25, 117.90it/s]
  1%|          | 63791/8824065 [20:40:38<20:35:49, 118.14it/s]
  1%|          | 63803/8824065 [20:40:38<20:38:44, 117.87it/s]
  1%|          | 63815/8824065 [20:40:38<20:41:17, 117.62it/s]
  1%|          | 63827/8824065 [20:40:38<20:37:39, 117.97it/s]
  1%|          | 63839/8824065 [20:40:38<20:33:28, 118.37it/s]
  1%|          | 63851/8824065 [20:40:38<20:31:15, 118.58it/s]
  1%|          | 63863/8824065 [20:40:38<20:53:34, 116.47it/s]
  1%|          | 63875/8824065 [20:40:38<20:52:42, 116.55it/s]
  1%|          | 63887/8824065 [20:40:39<20:47:39, 117.02it/s]
  1%|          | 63905/8824065 [20:40:39<18:07:44, 134.23it/s]
  1%|          | 63919/8824065 [20:40:39<17:59:37, 135.23it/s]
  1%|          | 63933/8824065 [20:40:39<18:50:38, 129.13it/s]
  1%|          | 63946/8824065 [20:40:39<19:46:48, 123.02it/s]
  1%|          | 63959/8824065 [20:40:39<20:02:27, 121.42it/s]
  1%|          | 63972/8824065 [20:40:39<20:18:52, 119.78it/s]
  1%|          | 63985/8824065 [20:40:39<20:26:32, 119.03it/s]
  1%|          | 63997/8824065 [20:40:39<20:37:31, 117.98it/s]
  1%|          | 64009/8824065 [20:40:39<20:39:17, 117.81it/s]
  1%|          | 64021/8824065 [20:40:40<20:41:18, 117.62it/s]
  1%|          | 64033/8824065 [20:40:40<20:39:04, 117.83it/s]
  1%|          | 64045/8824065 [20:40:40<20:40:49, 117.66it/s]
  1%|          | 64057/8824065 [20:40:40<20:46:52, 117.09it/s]
  1%|          | 64069/8824065 [20:40:40<20:44:35, 117.31it/s]
  1%|          | 64081/8824065 [20:40:40<20:47:44, 117.01it/s]
  1%|          | 64093/8824065 [20:40:40<20:41:58, 117.55it/s]
  1%|          | 64105/8824065 [20:40:40<20:48:23, 116.95it/s]
  1%|          | 64117/8824065 [20:40:40<20:44:25, 117.32it/s]
  1%|          | 64129/8824065 [20:40:41<20:44:48, 117.29it/s]
  1%|          | 64141/8824065 [20:40:41<20:46:11, 117.16it/s]
  1%|          | 64153/8824065 [20:40:41<20:48:48, 116.91it/s]
  1%|          | 64165/8824065 [20:40:41<20:51:30, 116.66it/s]
  1%|          | 64177/8824065 [20:40:41<20:50:51, 116.72it/s]
  1%|          | 64189/8824065 [20:40:41<20:46:37, 117.11it/s]
  1%|          | 64201/8824065 [20:40:41<20:43:49, 117.38it/s]
  1%|          | 64213/8824065 [20:40:41<20:46:24, 117.13it/s]
  1%|          | 64225/8824065 [20:40:41<20:41:03, 117.64it/s]
  1%|          | 64237/8824065 [20:40:41<20:39:09, 117.82it/s]
  1%|          | 64249/8824065 [20:40:42<20:36:47, 118.04it/s]
  1%|          | 64261/8824065 [20:40:42<20:35:06, 118.21it/s]
  1%|          | 64273/8824065 [20:40:42<20:34:56, 118.22it/s]
  1%|          | 64285/8824065 [20:40:42<20:31:33, 118.55it/s]
  1%|          | 64297/8824065 [20:40:42<20:29:06, 118.78it/s]
  1%|          | 64309/8824065 [20:40:42<20:27:39, 118.92it/s]
  1%|          | 64321/8824065 [20:40:42<20:26:18, 119.05it/s]
  1%|          | 64333/8824065 [20:40:42<20:26:03, 119.08it/s]
  1%|          | 64345/8824065 [20:40:42<20:25:16, 119.15it/s]
  1%|          | 64357/8824065 [20:40:42<20:26:16, 119.06it/s]
  1%|          | 64369/8824065 [20:40:43<20:28:55, 118.80it/s]
  1%|          | 64381/8824065 [20:40:43<20:29:17, 118.76it/s]
  1%|          | 64393/8824065 [20:40:43<20:29:06, 118.78it/s]
  1%|          | 64405/8824065 [20:40:43<20:32:14, 118.48it/s]
  1%|          | 64417/8824065 [20:40:43<20:30:19, 118.66it/s]
  1%|          | 64429/8824065 [20:40:43<20:31:37, 118.54it/s]
  1%|          | 64441/8824065 [20:40:43<20:31:01, 118.60it/s]
  1%|          | 64453/8824065 [20:40:43<20:27:40, 118.92it/s]
  1%|          | 64465/8824065 [20:40:43<20:25:58, 119.08it/s]
  1%|          | 64477/8824065 [20:40:43<20:25:50, 119.10it/s]
  1%|          | 64489/8824065 [20:40:44<20:29:55, 118.70it/s]
  1%|          | 64501/8824065 [20:40:44<20:31:34, 118.54it/s]
  1%|          | 64513/8824065 [20:40:44<20:32:30, 118.45it/s]
  1%|          | 64525/8824065 [20:40:44<20:32:30, 118.45it/s]
  1%|          | 64537/8824065 [20:40:44<20:35:06, 118.20it/s]
  1%|          | 64549/8824065 [20:40:44<20:35:10, 118.19it/s]
  1%|          | 64561/8824065 [20:40:44<20:37:47, 117.95it/s]
  1%|          | 64573/8824065 [20:40:44<20:38:02, 117.92it/s]
  1%|          | 64585/8824065 [20:40:44<20:36:36, 118.06it/s]
  1%|          | 64597/8824065 [20:40:44<20:35:28, 118.17it/s]
  1%|          | 64609/8824065 [20:40:45<20:36:34, 118.06it/s]
  1%|          | 64621/8824065 [20:40:45<20:35:14, 118.19it/s]
  1%|          | 64633/8824065 [20:40:45<20:32:41, 118.43it/s]
  1%|          | 64645/8824065 [20:40:45<20:32:02, 118.49it/s]
  1%|          | 64657/8824065 [20:40:45<20:30:46, 118.62it/s]
  1%|          | 64669/8824065 [20:40:45<20:32:56, 118.41it/s]
  1%|          | 64681/8824065 [20:40:45<20:32:28, 118.45it/s]
  1%|          | 64693/8824065 [20:40:45<20:31:52, 118.51it/s]
  1%|          | 64705/8824065 [20:40:45<20:33:12, 118.38it/s]
  1%|          | 64717/8824065 [20:40:45<20:34:20, 118.27it/s]
  1%|          | 64729/8824065 [20:40:46<20:34:02, 118.30it/s]
  1%|          | 64741/8824065 [20:40:46<20:34:40, 118.24it/s]
  1%|          | 64753/8824065 [20:40:46<20:35:04, 118.20it/s]
  1%|          | 64765/8824065 [20:40:46<20:34:37, 118.24it/s]
  1%|          | 64777/8824065 [20:40:46<20:36:43, 118.04it/s]
  1%|          | 64789/8824065 [20:40:46<20:39:48, 117.75it/s]
  1%|          | 64801/8824065 [20:40:46<20:43:54, 117.36it/s]
  1%|          | 64813/8824065 [20:40:46<20:44:19, 117.32it/s]
  1%|          | 64825/8824065 [20:40:46<20:45:28, 117.21it/s]
  1%|          | 64837/8824065 [20:40:47<20:42:06, 117.53it/s]
  1%|          | 64849/8824065 [20:40:47<20:40:09, 117.72it/s]
  1%|          | 64861/8824065 [20:40:47<20:39:44, 117.76it/s]
  1%|          | 64873/8824065 [20:40:47<20:38:43, 117.85it/s]
  1%|          | 64885/8824065 [20:40:47<20:42:48, 117.46it/s]
  1%|          | 64897/8824065 [20:40:47<20:40:58, 117.64it/s]
  1%|          | 64909/8824065 [20:40:47<20:42:58, 117.45it/s]
  1%|          | 64921/8824065 [20:40:47<20:48:11, 116.96it/s]
  1%|          | 64933/8824065 [20:40:47<20:48:05, 116.97it/s]
  1%|          | 64945/8824065 [20:40:47<20:47:42, 117.00it/s]
  1%|          | 64957/8824065 [20:40:48<20:49:51, 116.80it/s]
  1%|          | 64969/8824065 [20:40:48<20:49:54, 116.80it/s]
  1%|          | 64981/8824065 [20:40:48<20:54:34, 116.36it/s]
  1%|          | 64993/8824065 [20:40:48<20:52:07, 116.59it/s]
  1%|          | 65005/8824065 [20:40:48<20:51:47, 116.62it/s]
  1%|          | 65017/8824065 [20:40:48<20:47:11, 117.05it/s]
  1%|          | 65029/8824065 [20:40:48<20:45:36, 117.20it/s]
  1%|          | 65041/8824065 [20:40:48<20:46:50, 117.08it/s]
  1%|          | 65053/8824065 [20:40:48<20:47:08, 117.05it/s]
  1%|          | 65065/8824065 [20:40:48<20:49:16, 116.85it/s]
  1%|          | 65077/8824065 [20:40:49<20:43:58, 117.35it/s]
  1%|          | 65089/8824065 [20:40:49<20:48:50, 116.89it/s]
  1%|          | 65101/8824065 [20:40:49<20:44:56, 117.26it/s]
  1%|          | 65113/8824065 [20:40:49<20:41:36, 117.58it/s]
  1%|          | 65125/8824065 [20:40:49<20:40:41, 117.66it/s]
  1%|          | 65137/8824065 [20:40:49<20:37:09, 118.00it/s]
  1%|          | 65149/8824065 [20:40:49<20:39:13, 117.80it/s]
  1%|          | 65161/8824065 [20:40:49<20:42:30, 117.49it/s]
  1%|          | 65173/8824065 [20:40:49<20:41:18, 117.60it/s]
  1%|          | 65185/8824065 [20:40:49<20:36:30, 118.06it/s]
  1%|          | 65197/8824065 [20:40:50<20:35:27, 118.16it/s]
  1%|          | 65209/8824065 [20:40:50<20:36:16, 118.08it/s]
  1%|          | 65221/8824065 [20:40:50<20:36:33, 118.05it/s]
  1%|          | 65233/8824065 [20:40:50<20:37:34, 117.96it/s]
  1%|          | 65245/8824065 [20:40:50<20:43:27, 117.40it/s]
  1%|          | 65257/8824065 [20:40:50<20:45:56, 117.16it/s]
  1%|          | 65269/8824065 [20:40:50<20:44:43, 117.28it/s]
  1%|          | 65281/8824065 [20:40:50<20:42:37, 117.48it/s]
  1%|          | 65293/8824065 [20:40:50<20:41:28, 117.59it/s]
  1%|          | 65293/8824065 [20:41:01<20:41:28, 117.59it/s]
  1%|          | 65301/8824065 [20:56:06<61927:43:22, 25.45s/it]
  1%|          | 65310/8824065 [20:56:07<45638:35:00, 18.76s/it]
  1%|          | 65321/8824065 [20:56:07<31281:30:34, 12.86s/it]
  1%|          | 65333/8824065 [20:56:07<20992:18:13,  8.63s/it]
  1%|          | 65345/8824065 [20:56:07<14285:09:22,  5.87s/it]
  1%|          | 65357/8824065 [20:56:07<9811:45:57,  4.03s/it] 
  1%|          | 65369/8824065 [20:56:07<6782:41:03,  2.79s/it]
  1%|          | 65381/8824065 [20:56:07<4710:15:32,  1.94s/it]
  1%|          | 65393/8824065 [20:56:07<3282:30:22,  1.35s/it]
  1%|          | 65405/8824065 [20:56:07<2293:55:58,  1.06it/s]
  1%|          | 65417/8824065 [20:56:08<1607:25:37,  1.51it/s]
  1%|          | 65429/8824065 [20:56:08<1129:20:37,  2.15it/s]
  1%|          | 65441/8824065 [20:56:08<795:52:39,  3.06it/s] 
  1%|          | 65453/8824065 [20:56:08<562:56:33,  4.32it/s]
  1%|          | 65465/8824065 [20:56:08<400:14:43,  6.08it/s]
  1%|          | 65477/8824065 [20:56:08<286:29:01,  8.49it/s]
  1%|          | 65489/8824065 [20:56:08<206:53:16, 11.76it/s]
  1%|          | 65489/8824065 [20:56:21<206:53:16, 11.76it/s]
  1%|          | 65501/8824065 [20:58:01<6993:50:40,  2.87s/it]
  1%|          | 65513/8824065 [20:58:01<4901:14:31,  2.01s/it]
  1%|          | 65525/8824065 [20:58:01<3436:43:56,  1.41s/it]
  1%|          | 65537/8824065 [20:58:01<2411:50:23,  1.01it/s]
  1%|          | 65549/8824065 [20:58:01<1694:28:23,  1.44it/s]
  1%|          | 65561/8824065 [20:58:01<1192:22:11,  2.04it/s]
  1%|          | 65573/8824065 [20:58:01<840:51:19,  2.89it/s] 
  1%|          | 65585/8824065 [20:58:01<594:57:57,  4.09it/s]
  1%|          | 65597/8824065 [20:58:02<422:43:17,  5.76it/s]
  1%|          | 65597/8824065 [20:58:21<422:43:17,  5.76it/s]
  1%|          | 65601/8824065 [20:59:19<6290:23:04,  2.59s/it]
  1%|          | 65616/8824065 [20:59:20<3774:10:51,  1.55s/it]
  1%|          | 65629/8824065 [20:59:20<2528:50:02,  1.04s/it]
  1%|          | 65642/8824065 [20:59:20<1722:23:07,  1.41it/s]
  1%|          | 65655/8824065 [20:59:20<1186:48:20,  2.05it/s]
  1%|          | 65667/8824065 [20:59:20<844:47:39,  2.88it/s] 
  1%|          | 65679/8824065 [20:59:20<601:21:43,  4.05it/s]
  1%|          | 65691/8824065 [20:59:20<429:05:20,  5.67it/s]
  1%|          | 65703/8824065 [20:59:20<307:31:58,  7.91it/s]
  1%|          | 65715/8824065 [20:59:20<221:56:09, 10.96it/s]
  1%|          | 65727/8824065 [20:59:21<161:42:41, 15.04it/s]
  1%|          | 65739/8824065 [20:59:21<119:31:19, 20.35it/s]
  1%|          | 65751/8824065 [20:59:21<90:00:36, 27.03it/s] 
  1%|          | 65763/8824065 [20:59:21<69:16:03, 35.12it/s]
  1%|          | 65775/8824065 [20:59:21<54:49:45, 44.37it/s]
  1%|          | 65787/8824065 [20:59:21<44:30:53, 54.65it/s]
  1%|          | 65799/8824065 [20:59:21<37:24:23, 65.04it/s]
  1%|          | 65812/8824065 [20:59:21<31:59:32, 76.04it/s]
  1%|          | 65824/8824065 [20:59:21<28:38:51, 84.92it/s]
  1%|          | 65836/8824065 [20:59:21<26:12:46, 92.81it/s]
  1%|          | 65848/8824065 [20:59:22<24:34:25, 99.00it/s]
  1%|          | 65860/8824065 [20:59:22<23:27:49, 103.68it/s]
  1%|          | 65872/8824065 [20:59:22<22:42:43, 107.12it/s]
  1%|          | 65884/8824065 [20:59:22<22:00:36, 110.53it/s]
  1%|          | 65896/8824065 [20:59:22<21:37:41, 112.48it/s]
  1%|          | 65908/8824065 [20:59:22<21:22:35, 113.81it/s]
  1%|          | 65920/8824065 [20:59:22<21:18:50, 114.14it/s]
  1%|          | 65932/8824065 [20:59:22<21:15:09, 114.47it/s]
  1%|          | 65944/8824065 [20:59:22<21:04:28, 115.44it/s]
  1%|          | 65956/8824065 [20:59:22<21:00:49, 115.77it/s]
  1%|          | 65968/8824065 [20:59:23<21:03:58, 115.48it/s]
  1%|          | 65980/8824065 [20:59:23<21:03:31, 115.52it/s]
  1%|          | 65992/8824065 [20:59:23<20:59:41, 115.88it/s]
  1%|          | 66004/8824065 [20:59:23<20:57:42, 116.06it/s]
  1%|          | 66016/8824065 [20:59:23<20:56:48, 116.14it/s]
  1%|          | 66028/8824065 [20:59:23<20:48:41, 116.90it/s]
  1%|          | 66040/8824065 [20:59:23<20:46:02, 117.15it/s]
  1%|          | 66052/8824065 [20:59:23<20:49:30, 116.82it/s]
  1%|          | 66064/8824065 [20:59:23<20:49:35, 116.81it/s]
  1%|          | 66076/8824065 [20:59:24<20:50:32, 116.72it/s]
  1%|          | 66088/8824065 [20:59:24<20:46:23, 117.11it/s]
  1%|          | 66100/8824065 [20:59:24<20:44:46, 117.26it/s]
  1%|          | 66112/8824065 [20:59:24<20:43:24, 117.39it/s]
  1%|          | 66124/8824065 [20:59:24<20:39:09, 117.79it/s]
  1%|          | 66139/8824065 [20:59:24<19:22:07, 125.60it/s]
  1%|          | 66154/8824065 [20:59:24<18:46:37, 129.56it/s]
  1%|          | 66167/8824065 [20:59:24<19:27:17, 125.05it/s]
  1%|          | 66180/8824065 [20:59:24<21:35:38, 112.66it/s]
  1%|          | 66192/8824065 [20:59:24<21:29:39, 113.18it/s]
  1%|          | 66192/8824065 [20:59:41<21:29:39, 113.18it/s]
  1%|          | 66201/8824065 [21:02:17<10745:49:59,  4.42s/it]
  1%|          | 66216/8824065 [21:02:17<6944:54:07,  2.85s/it] 
  1%|          | 66232/8824065 [21:02:17<4515:27:29,  1.86s/it]
  1%|          | 66246/8824065 [21:02:17<3146:07:30,  1.29s/it]
  1%|          | 66259/8824065 [21:02:17<2246:50:42,  1.08it/s]
  1%|          | 66272/8824065 [21:02:17<1598:21:57,  1.52it/s]
  1%|          | 66285/8824065 [21:02:17<1134:43:06,  2.14it/s]
  1%|          | 66297/8824065 [21:02:18<823:40:18,  2.95it/s] 
  1%|          | 66297/8824065 [21:02:31<823:40:18,  2.95it/s]
  1%|          | 66301/8824065 [21:03:36<6339:56:59,  2.61s/it]
  1%|          | 66313/8824065 [21:03:36<4224:53:06,  1.74s/it]
  1%|          | 66325/8824065 [21:03:36<2864:54:51,  1.18s/it]
  1%|          | 66337/8824065 [21:03:36<1966:06:15,  1.24it/s]
  1%|          | 66349/8824065 [21:03:37<1361:05:43,  1.79it/s]
  1%|          | 66361/8824065 [21:03:37<948:44:53,  2.56it/s] 
  1%|          | 66373/8824065 [21:03:37<665:27:52,  3.66it/s]
  1%|          | 66385/8824065 [21:03:37<469:41:40,  5.18it/s]
  1%|          | 66397/8824065 [21:03:37<333:51:20,  7.29it/s]
  1%|          | 66397/8824065 [21:03:51<333:51:20,  7.29it/s]
  1%|          | 66401/8824065 [21:05:34<9233:12:22,  3.80s/it]
  1%|          | 66413/8824065 [21:05:34<6004:03:11,  2.47s/it]
  1%|          | 66425/8824065 [21:05:34<4007:37:05,  1.65s/it]
  1%|          | 66437/8824065 [21:05:34<2720:39:29,  1.12s/it]
  1%|          | 66449/8824065 [21:05:34<1868:34:35,  1.30it/s]
  1%|          | 66461/8824065 [21:05:34<1294:26:20,  1.88it/s]
  1%|          | 66473/8824065 [21:05:34<902:55:46,  2.69it/s] 
  1%|          | 66485/8824065 [21:05:34<633:50:17,  3.84it/s]
  1%|          | 66497/8824065 [21:05:35<447:46:04,  5.43it/s]
  1%|          | 66497/8824065 [21:05:51<447:46:04,  5.43it/s]
  1%|          | 66501/8824065 [21:07:53<11049:55:08,  4.54s/it]
  1%|          | 66513/8824065 [21:07:53<7176:34:10,  2.95s/it] 
  1%|          | 66525/8824065 [21:07:53<4785:56:00,  1.97s/it]
  1%|          | 66537/8824065 [21:07:54<3246:31:37,  1.33s/it]
  1%|          | 66549/8824065 [21:07:54<2227:57:37,  1.09it/s]
  1%|          | 66561/8824065 [21:07:54<1541:48:37,  1.58it/s]
  1%|          | 66573/8824065 [21:07:54<1074:09:37,  2.26it/s]
  1%|          | 66585/8824065 [21:07:54<752:42:16,  3.23it/s] 
  1%|          | 66597/8824065 [21:07:54<530:30:02,  4.59it/s]
  1%|          | 66597/8824065 [21:08:11<530:30:02,  4.59it/s]
  1%|          | 66601/8824065 [21:26:41<87019:18:39, 35.77s/it]
  1%|          | 66613/8824065 [21:26:41<56461:42:37, 23.21s/it]
  1%|          | 66625/8824065 [21:26:41<37603:36:22, 15.46s/it]
  1%|          | 66637/8824065 [21:26:41<25460:33:16, 10.47s/it]
  1%|          | 66649/8824065 [21:26:41<17426:27:17,  7.16s/it]
  1%|          | 66662/8824065 [21:26:41<11712:06:37,  4.81s/it]
  1%|          | 66675/8824065 [21:26:41<7979:20:46,  3.28s/it] 
  1%|          | 66687/8824065 [21:26:41<5621:19:59,  2.31s/it]
  1%|          | 66700/8824065 [21:26:42<3860:28:34,  1.59s/it]
  1%|          | 66700/8824065 [21:27:01<3860:28:34,  1.59s/it]
  1%|          | 66701/8824065 [21:28:09<10805:59:33,  4.44s/it]
  1%|          | 66713/8824065 [21:28:09<6880:02:53,  2.83s/it] 
  1%|          | 66725/8824065 [21:28:09<4533:50:50,  1.86s/it]
  1%|          | 66737/8824065 [21:28:09<3052:34:46,  1.25s/it]
  1%|          | 66749/8824065 [21:28:09<2084:58:45,  1.17it/s]
  1%|          | 66761/8824065 [21:28:09<1438:50:13,  1.69it/s]
  1%|          | 66773/8824065 [21:28:09<1000:36:31,  2.43it/s]
  1%|          | 66785/8824065 [21:28:09<700:39:04,  3.47it/s] 
  1%|          | 66797/8824065 [21:28:10<494:29:12,  4.92it/s]
  1%|          | 66809/8824065 [21:28:10<351:07:45,  6.93it/s]
  1%|          | 66821/8824065 [21:28:10<251:26:35,  9.67it/s]
  1%|          | 66833/8824065 [21:28:10<182:02:48, 13.36it/s]
  1%|          | 66845/8824065 [21:28:10<133:30:04, 18.22it/s]
  1%|          | 66857/8824065 [21:28:10<99:43:14, 24.39it/s] 
  1%|          | 66869/8824065 [21:28:10<76:02:43, 31.99it/s]
  1%|          | 66881/8824065 [21:28:10<59:27:17, 40.91it/s]
  1%|          | 66893/8824065 [21:28:10<47:54:34, 50.77it/s]
  1%|          | 66905/8824065 [21:28:10<39:58:48, 60.84it/s]
  1%|          | 66917/8824065 [21:28:11<34:18:41, 70.90it/s]
  1%|          | 66929/8824065 [21:28:11<30:18:09, 80.27it/s]
  1%|          | 66941/8824065 [21:28:11<27:30:03, 88.45it/s]
  1%|          | 66953/8824065 [21:28:11<25:29:09, 95.45it/s]
  1%|          | 66965/8824065 [21:28:11<24:08:12, 100.78it/s]
  1%|          | 66977/8824065 [21:28:11<23:11:57, 104.85it/s]
  1%|          | 66989/8824065 [21:28:11<22:33:21, 107.84it/s]
  1%|          | 67001/8824065 [21:28:11<22:00:12, 110.55it/s]
  1%|          | 67013/8824065 [21:28:11<21:37:18, 112.50it/s]
  1%|          | 67025/8824065 [21:28:12<21:22:06, 113.84it/s]
  1%|          | 67037/8824065 [21:28:12<21:11:21, 114.80it/s]
  1%|          | 67049/8824065 [21:28:12<21:03:05, 115.55it/s]
  1%|          | 67061/8824065 [21:28:12<20:54:54, 116.30it/s]
  1%|          | 67073/8824065 [21:28:12<20:50:10, 116.74it/s]
  1%|          | 67085/8824065 [21:28:12<20:43:03, 117.41it/s]
  1%|          | 67097/8824065 [21:28:12<20:43:18, 117.39it/s]
  1%|          | 67109/8824065 [21:28:12<20:51:35, 116.61it/s]
  1%|          | 67121/8824065 [21:28:12<20:50:59, 116.67it/s]
  1%|          | 67133/8824065 [21:28:12<20:55:33, 116.24it/s]
  1%|          | 67145/8824065 [21:28:13<20:53:47, 116.41it/s]
  1%|          | 67157/8824065 [21:28:13<20:54:17, 116.36it/s]
  1%|          | 67169/8824065 [21:28:13<20:52:26, 116.53it/s]
  1%|          | 67181/8824065 [21:28:13<21:03:45, 115.49it/s]
  1%|          | 67193/8824065 [21:28:13<21:08:26, 115.06it/s]
  1%|          | 67205/8824065 [21:28:13<21:05:09, 115.36it/s]
  1%|          | 67217/8824065 [21:28:13<21:03:47, 115.48it/s]
  1%|          | 67229/8824065 [21:28:13<21:06:13, 115.26it/s]
  1%|          | 67241/8824065 [21:28:13<21:03:49, 115.48it/s]
  1%|          | 67253/8824065 [21:28:13<20:55:45, 116.22it/s]
  1%|          | 67265/8824065 [21:28:14<20:54:17, 116.36it/s]
  1%|          | 67277/8824065 [21:28:14<20:48:55, 116.86it/s]
  1%|          | 67289/8824065 [21:28:14<20:48:20, 116.91it/s]
  1%|          | 67301/8824065 [21:28:14<20:50:06, 116.75it/s]
  1%|          | 67313/8824065 [21:28:14<20:48:22, 116.91it/s]
  1%|          | 67325/8824065 [21:28:14<20:48:14, 116.92it/s]
  1%|          | 67337/8824065 [21:28:14<20:45:56, 117.14it/s]
  1%|          | 67349/8824065 [21:28:14<20:43:29, 117.37it/s]
  1%|          | 67361/8824065 [21:28:14<20:41:50, 117.52it/s]
  1%|          |srun: Job step aborted: Waiting up to 32 seconds for job step to finish.
[2026-04-07T13:26:04.538] error: *** JOB 5165 ON peregrine1 CANCELLED AT 2026-04-07T13:26:04 DUE to SIGNAL Terminated ***
 67373/8824065 [21:28:14<20:39:41, 117.73it/s]
  1%|          | 67385/8824065 [21:28:15<20:41:19, 117.57it/s]
  1%|          | 67397/8824065 [21:28:15<20:42:40, 117.44it/s]
  1%|          | 67397/8824065 [21:28:31<20:42:40, 117.44it/s]
  1%|          | 67401/8824065 [21:32:07<17657:59:15,  7.26s/it]
  1%|          | 67413/8824065 [21:32:07<11505:32:33,  4.73s/it]
  1%|          | 67425/8824065 [21:32:07<7685:46:28,  3.16s/it] 
  1%|          | 67437/8824065 [21:32:07<5216:59:20,  2.14s/it]
  1%|          | 67449/8824065 [21:32:07<3579:32:37,  1.47s/it]
  1%|          | 67461/8824065 [21:32:07<2474:51:02,  1.02s/it]
  1%|          | 67474/8824065 [21:32:07<1677:56:53,  1.45it/s]
  1%|          | 67486/8824065 [21:32:07<1181:18:53,  2.06it/s]
  1%|          | 67498/8824065 [21:32:08<833:32:03,  2.92it/s] 
  1%|          | 67498/8824065 [21:32:21<833:32:03,  2.92it/s][2026-04-07T13:26:04.539] error: *** STEP 5165.0 ON peregrine1 CANCELLED AT 2026-04-07T13:26:04 DUE to SIGNAL Terminated ***
