Mon Sep 14 14:44:23 2026       
+-----------------------------------------------------------------------------------------+
| NVIDIA-SMI 580.126.18             Driver Version: 580.126.18     CUDA Version: 13.0     |
+-----------------------------------------+------------------------+----------------------+
| GPU  Name                 Persistence-M | Bus-Id          Disp.A | Volatile Uncorr. ECC |
| Fan  Temp   Perf          Pwr:Usage/Cap |           Memory-Usage | GPU-Util  Compute M. |
|                                         |                        |               MIG M. |
|=========================================+========================+======================|
|   0  NVIDIA A100-SXM4-80GB          Off |   00000000:01:00.0 Off |                   On |
| N/A   39C    P0             52W /  500W |     213MiB /  81920MiB |     N/A      Default |
|                                         |                        |              Enabled |
+-----------------------------------------+------------------------+----------------------+

+-----------------------------------------------------------------------------------------+
| MIG devices:                                                                            |
+------------------+----------------------------------+-----------+-----------------------+
| GPU  GI  CI  MIG |              Shared Memory-Usage |        Vol|        Shared         |
|      ID  ID  Dev |                Shared BAR1-Usage | SM     Unc| CE ENC  DEC  OFA  JPG |
|                  |                                  |        ECC|                       |
|==================+==================================+===========+=======================|
|  0    1   0   0  |             107MiB / 40192MiB    | 42      0 |  3   0    2    0    0 |
|                  |               0MiB / 24543MiB    |           |                       |
+------------------+----------------------------------+-----------+-----------------------+

+-----------------------------------------------------------------------------------------+
| Processes:                                                                              |
|  GPU   GI   CI              PID   Type   Process name                        GPU Memory |
|        ID   ID                                                               Usage      |
|=========================================================================================|
|  No running processes found                                                             |
+-----------------------------------------------------------------------------------------+
Device: cuda
[MEM] startup: use=0.8G peak=0.8G limit=n/a anon=0.4G file=0.5G slab=0.0G

[KOPPEN DEBUG] Loading legend from: /s/chopin/e/proj/hyperspec/masfiq/dataset/koppen_geiger_tif/legend.txt
[KOPPEN DEBUG] Legend exists: True
[KOPPEN DEBUG] Parsed legend class count: 30
[KOPPEN DEBUG] First 20 parsed codes: [1, 2, 3, 4, 5, 6, 7, 8, 9, 10, 11, 12, 13, 14, 15, 16, 17, 18, 19, 20]
[KOPPEN DEBUG] First 20 code_to_label: [(1, 'Af'), (2, 'Am'), (3, 'Aw'), (4, 'BWh'), (5, 'BWk'), (6, 'BSh'), (7, 'BSk'), (8, 'Csa'), (9, 'Csb'), (10, 'Csc'), (11, 'Cwa'), (12, 'Cwb'), (13, 'Cwc'), (14, 'Cfa'), (15, 'Cfb'), (16, 'Cfc'), (17, 'Dsa'), (18, 'Dsb'), (19, 'Dsc'), (20, 'Dsd')]
Gridmet dir added 

[GRIDMET] loaded subset cube (6, 365, 36, 125) (39.4 MB) lat 41.025..42.483 lon -124.683..-119.517
DEM path added

[LOADER] train workers=4 val workers=2 persistent=False prefetch=2
Sample x_img: torch.Size([14, 5, 5]) in_channels= 14
Sample gh_idx: torch.Size([7]) geohash_precision= 7
Sample x_aux: torch.Size([43]) aux_dim= 43
Sample y: 2.800732374191284
[MEM] ep001 train-start: use=1.4G peak=1.4G limit=n/a anon=0.6G file=0.8G slab=0.0G
[MEM] ep001 batch 1: use=1.9G peak=1.9G limit=n/a anon=1.0G file=0.9G slab=0.0G
[MEM] ep001 batch 2: use=2.8G peak=2.8G limit=n/a anon=1.7G file=1.0G slab=0.0G
[MEM] ep001 batch 3: use=2.8G peak=2.8G limit=n/a anon=1.7G file=1.0G slab=0.0G
[MEM] ep001 batch 4: use=2.8G peak=2.8G limit=n/a anon=1.7G file=1.0G slab=0.0G
[MEM] ep001 batch 5: use=2.9G peak=2.9G limit=n/a anon=1.8G file=1.0G slab=0.0G
[MEM] ep001 batch 500: use=3.3G peak=3.3G limit=n/a anon=2.1G file=1.1G slab=0.1G
[MEM] ep001 batch 1000: use=3.5G peak=3.5G limit=n/a anon=2.2G file=1.2G slab=0.2G
[MEM] ep001 batch 1500: use=3.7G peak=3.7G limit=n/a anon=2.2G file=1.2G slab=0.2G
[MEM] ep001 batch 2000: use=3.9G peak=3.9G limit=n/a anon=2.3G file=1.3G slab=0.3G
[MEM] ep001 batch 2500: use=4.0G peak=4.0G limit=n/a anon=2.3G file=1.4G slab=0.3G
[MEM] ep001 batch 3000: use=4.1G peak=4.1G limit=n/a anon=2.3G file=1.4G slab=0.4G
[MEM] ep001 batch 3500: use=4.3G peak=4.3G limit=n/a anon=2.4G file=1.5G slab=0.4G
[MEM] ep001 batch 4000: use=4.4G peak=4.4G limit=n/a anon=2.4G file=1.6G slab=0.5G
[MEM] ep001 batch 4500: use=4.6G peak=4.6G limit=n/a anon=2.4G file=1.6G slab=0.5G
[MEM] ep001 batch 5000: use=4.7G peak=4.7G limit=n/a anon=2.4G file=1.7G slab=0.6G
[MEM] ep001 batch 5500: use=4.8G peak=4.8G limit=n/a anon=2.4G file=1.8G slab=0.7G
[MEM] ep001 val-start: use=3.6G peak=4.8G limit=n/a anon=1.2G file=1.8G slab=0.7G
[MEM] end epoch 001: use=4.1G peak=4.8G limit=n/a anon=1.3G file=2.0G slab=0.8G
Epoch 001 | Train Huber 5.8436 MAE 2.7061 | Val Huber 4.9977 MAE 2.4416 | LR 1.00e-04
  New best model (epoch 001, Val Huber 4.9977), saved to /s/chopin/e/proj/hyperspec/masfiq/models/tinyUnet_version_8_fusion_geohash_month_koppen_withAttentionLayer_SAR_DEM_sqrt_version_6_California_North_10_2021_best.pth
[MEM] ep002 train-start: use=4.1G peak=4.8G limit=n/a anon=1.3G file=2.0G slab=0.8G
[MEM] ep002 batch 1: use=4.6G peak=4.8G limit=n/a anon=1.8G file=2.0G slab=0.8G
[MEM] ep002 batch 2: use=4.6G peak=4.8G limit=n/a anon=1.8G file=2.0G slab=0.8G
[MEM] ep002 batch 3: use=4.6G peak=4.8G limit=n/a anon=1.8G file=2.0G slab=0.8G
[MEM] ep002 batch 4: use=4.6G peak=4.8G limit=n/a anon=1.8G file=2.0G slab=0.8G
[MEM] ep002 batch 5: use=4.7G peak=4.8G limit=n/a anon=1.9G file=2.0G slab=0.8G
[MEM] ep002 batch 500: use=5.1G peak=5.1G limit=n/a anon=2.3G file=2.0G slab=0.8G
[MEM] ep002 batch 1000: use=5.1G peak=5.1G limit=n/a anon=2.3G file=2.0G slab=0.8G
[MEM] ep002 batch 1500: use=5.2G peak=5.2G limit=n/a anon=2.4G file=2.0G slab=0.8G
[MEM] ep002 batch 2000: use=5.2G peak=5.2G limit=n/a anon=2.4G file=2.0G slab=0.8G
[MEM] ep002 batch 2500: use=5.2G peak=5.2G limit=n/a anon=2.4G file=2.0G slab=0.8G
[MEM] ep002 batch 3000: use=5.2G peak=5.2G limit=n/a anon=2.4G file=2.0G slab=0.8G
[MEM] ep002 batch 3500: use=5.3G peak=5.3G limit=n/a anon=2.5G file=2.0G slab=0.8G
[MEM] ep002 batch 4000: use=5.3G peak=5.3G limit=n/a anon=2.5G file=2.0G slab=0.8G
[MEM] ep002 batch 4500: use=5.3G peak=5.3G limit=n/a anon=2.5G file=2.0G slab=0.8G
[MEM] ep002 batch 5000: use=5.3G peak=5.3G limit=n/a anon=2.5G file=2.0G slab=0.8G
[MEM] ep002 batch 5500: use=5.3G peak=5.3G limit=n/a anon=2.5G file=2.0G slab=0.8G
[MEM] ep002 val-start: use=4.1G peak=5.3G limit=n/a anon=1.3G file=2.0G slab=0.8G
[MEM] end epoch 002: use=4.1G peak=5.3G limit=n/a anon=1.3G file=2.0G slab=0.8G
Epoch 002 | Train Huber 4.9543 MAE 2.4541 | Val Huber 4.7917 MAE 2.4217 | LR 1.00e-04
  New best model (epoch 002, Val Huber 4.7917), saved to /s/chopin/e/proj/hyperspec/masfiq/models/tinyUnet_version_8_fusion_geohash_month_koppen_withAttentionLayer_SAR_DEM_sqrt_version_6_California_North_10_2021_best.pth
[MEM] ep003 train-start: use=4.1G peak=5.3G limit=n/a anon=1.3G file=2.0G slab=0.8G
[MEM] ep003 batch 1: use=4.6G peak=5.3G limit=n/a anon=1.8G file=2.0G slab=0.8G
[MEM] ep003 batch 2: use=4.6G peak=5.3G limit=n/a anon=1.8G file=2.0G slab=0.8G
[MEM] ep003 batch 3: use=4.6G peak=5.3G limit=n/a anon=1.8G file=2.0G slab=0.8G
[MEM] ep003 batch 4: use=4.6G peak=5.3G limit=n/a anon=1.8G file=2.0G slab=0.8G
[MEM] ep003 batch 5: use=4.7G peak=5.3G limit=n/a anon=1.9G file=2.0G slab=0.8G
[MEM] ep003 batch 500: use=5.1G peak=5.3G limit=n/a anon=2.3G file=2.0G slab=0.8G
[MEM] ep003 batch 1000: use=5.1G peak=5.3G limit=n/a anon=2.3G file=2.0G slab=0.8G
[MEM] ep003 batch 1500: use=5.2G peak=5.3G limit=n/a anon=2.4G file=2.0G slab=0.8G
[MEM] ep003 batch 2000: use=5.2G peak=5.3G limit=n/a anon=2.4G file=2.0G slab=0.8G
[MEM] ep003 batch 2500: use=5.2G peak=5.3G limit=n/a anon=2.4G file=2.0G slab=0.8G
[MEM] ep003 batch 3000: use=5.2G peak=5.3G limit=n/a anon=2.4G file=2.0G slab=0.8G
[MEM] ep003 batch 3500: use=5.3G peak=5.3G limit=n/a anon=2.5G file=2.0G slab=0.8G
[MEM] ep003 batch 4000: use=5.3G peak=5.3G limit=n/a anon=2.5G file=2.0G slab=0.8G
[MEM] ep003 batch 4500: use=5.3G peak=5.3G limit=n/a anon=2.5G file=2.0G slab=0.8G
[MEM] ep003 batch 5000: use=5.3G peak=5.3G limit=n/a anon=2.5G file=2.0G slab=0.8G
[MEM] ep003 batch 5500: use=5.3G peak=5.3G limit=n/a anon=2.5G file=2.0G slab=0.8G
[MEM] ep003 val-start: use=4.1G peak=5.3G limit=n/a anon=1.3G file=2.0G slab=0.8G
[MEM] end epoch 003: use=4.1G peak=5.3G limit=n/a anon=1.3G file=2.0G slab=0.8G
Epoch 003 | Train Huber 4.8134 MAE 2.4053 | Val Huber 4.6807 MAE 2.3919 | LR 1.00e-04
  New best model (epoch 003, Val Huber 4.6807), saved to /s/chopin/e/proj/hyperspec/masfiq/models/tinyUnet_version_8_fusion_geohash_month_koppen_withAttentionLayer_SAR_DEM_sqrt_version_6_California_North_10_2021_best.pth
[MEM] ep004 train-start: use=4.1G peak=5.3G limit=n/a anon=1.3G file=2.0G slab=0.8G
[MEM] ep004 batch 1: use=4.5G peak=5.3G limit=n/a anon=1.7G file=2.0G slab=0.8G
[MEM] ep004 batch 2: use=4.5G peak=5.3G limit=n/a anon=1.7G file=2.0G slab=0.8G
[MEM] ep004 batch 3: use=4.6G peak=5.3G limit=n/a anon=1.8G file=2.0G slab=0.8G
[MEM] ep004 batch 4: use=4.6G peak=5.3G limit=n/a anon=1.8G file=2.0G slab=0.8G
[MEM] ep004 batch 5: use=4.6G peak=5.3G limit=n/a anon=1.8G file=2.0G slab=0.8G
[MEM] ep004 batch 500: use=5.0G peak=5.3G limit=n/a anon=2.2G file=2.0G slab=0.8G
[MEM] ep004 batch 1000: use=5.1G peak=5.3G limit=n/a anon=2.3G file=2.0G slab=0.8G
[MEM] ep004 batch 1500: use=5.2G peak=5.3G limit=n/a anon=2.3G file=2.0G slab=0.8G
[MEM] ep004 batch 2000: use=5.2G peak=5.3G limit=n/a anon=2.4G file=2.0G slab=0.8G
[MEM] ep004 batch 2500: use=5.2G peak=5.3G limit=n/a anon=2.4G file=2.0G slab=0.8G
[MEM] ep004 batch 3000: use=5.2G peak=5.3G limit=n/a anon=2.4G file=2.0G slab=0.8G
[MEM] ep004 batch 3500: use=5.3G peak=5.3G limit=n/a anon=2.5G file=2.0G slab=0.8G
[MEM] ep004 batch 4000: use=5.3G peak=5.3G limit=n/a anon=2.5G file=2.0G slab=0.8G
[MEM] ep004 batch 4500: use=5.3G peak=5.3G limit=n/a anon=2.5G file=2.0G slab=0.8G
[MEM] ep004 batch 5000: use=5.3G peak=5.3G limit=n/a anon=2.5G file=2.0G slab=0.8G
[MEM] ep004 batch 5500: use=5.3G peak=5.3G limit=n/a anon=2.5G file=2.0G slab=0.8G
[MEM] ep004 val-start: use=4.1G peak=5.3G limit=n/a anon=1.3G file=2.0G slab=0.8G
[MEM] end epoch 004: use=4.1G peak=5.3G limit=n/a anon=1.3G file=2.0G slab=0.8G
Epoch 004 | Train Huber 4.7133 MAE 2.3719 | Val Huber 4.7097 MAE 2.3474 | LR 1.00e-04
[MEM] ep005 train-start: use=4.1G peak=5.3G limit=n/a anon=1.3G file=2.0G slab=0.8G
[MEM] ep005 batch 1: use=4.6G peak=5.3G limit=n/a anon=1.8G file=2.0G slab=0.8G
[MEM] ep005 batch 2: use=4.6G peak=5.3G limit=n/a anon=1.8G file=2.0G slab=0.8G
[MEM] ep005 batch 3: use=4.6G peak=5.3G limit=n/a anon=1.8G file=2.0G slab=0.8G
[MEM] ep005 batch 4: use=4.6G peak=5.3G limit=n/a anon=1.8G file=2.0G slab=0.8G
[MEM] ep005 batch 5: use=4.7G peak=5.3G limit=n/a anon=1.8G file=2.0G slab=0.8G
[MEM] ep005 batch 500: use=5.1G peak=5.3G limit=n/a anon=2.2G file=2.0G slab=0.8G
[MEM] ep005 batch 1000: use=5.1G peak=5.3G limit=n/a anon=2.3G file=2.0G slab=0.8G
[MEM] ep005 batch 1500: use=5.2G peak=5.3G limit=n/a anon=2.3G file=2.0G slab=0.8G
[MEM] ep005 batch 2000: use=5.2G peak=5.3G limit=n/a anon=2.4G file=2.0G slab=0.8G
[MEM] ep005 batch 2500: use=5.2G peak=5.3G limit=n/a anon=2.4G file=2.0G slab=0.8G
[MEM] ep005 batch 3000: use=5.2G peak=5.3G limit=n/a anon=2.4G file=2.0G slab=0.8G
[MEM] ep005 batch 3500: use=5.3G peak=5.3G limit=n/a anon=2.5G file=2.0G slab=0.8G
[MEM] ep005 batch 4000: use=5.3G peak=5.3G limit=n/a anon=2.5G file=2.0G slab=0.8G
[MEM] ep005 batch 4500: use=5.3G peak=5.3G limit=n/a anon=2.5G file=2.0G slab=0.8G
[MEM] ep005 batch 5000: use=5.3G peak=5.3G limit=n/a anon=2.5G file=2.0G slab=0.8G
[MEM] ep005 batch 5500: use=5.3G peak=5.3G limit=n/a anon=2.5G file=2.0G slab=0.8G
[MEM] ep005 val-start: use=4.1G peak=5.3G limit=n/a anon=1.3G file=2.0G slab=0.8G
[MEM] end epoch 005: use=4.1G peak=5.3G limit=n/a anon=1.3G file=2.0G slab=0.8G
Epoch 005 | Train Huber 4.6418 MAE 2.3476 | Val Huber 4.5187 MAE 2.3094 | LR 1.00e-04
  New best model (epoch 005, Val Huber 4.5187), saved to /s/chopin/e/proj/hyperspec/masfiq/models/tinyUnet_version_8_fusion_geohash_month_koppen_withAttentionLayer_SAR_DEM_sqrt_version_6_California_North_10_2021_best.pth
[MEM] ep006 train-start: use=4.1G peak=5.3G limit=n/a anon=1.3G file=2.0G slab=0.8G
[MEM] ep006 batch 1: use=4.6G peak=5.3G limit=n/a anon=1.8G file=2.0G slab=0.8G
[MEM] ep006 batch 2: use=4.6G peak=5.3G limit=n/a anon=1.8G file=2.0G slab=0.8G
[MEM] ep006 batch 3: use=4.6G peak=5.3G limit=n/a anon=1.8G file=2.0G slab=0.8G
[MEM] ep006 batch 4: use=4.6G peak=5.3G limit=n/a anon=1.8G file=2.0G slab=0.8G
[MEM] ep006 batch 5: use=4.7G peak=5.3G limit=n/a anon=1.8G file=2.0G slab=0.8G
[MEM] ep006 batch 500: use=5.1G peak=5.3G limit=n/a anon=2.3G file=2.0G slab=0.8G
[MEM] ep006 batch 1000: use=5.1G peak=5.3G limit=n/a anon=2.3G file=2.0G slab=0.8G
[MEM] ep006 batch 1500: use=5.2G peak=5.3G limit=n/a anon=2.4G file=2.0G slab=0.8G
[MEM] ep006 batch 2000: use=5.2G peak=5.3G limit=n/a anon=2.4G file=2.0G slab=0.8G
[MEM] ep006 batch 2500: use=5.2G peak=5.3G limit=n/a anon=2.4G file=2.0G slab=0.8G
[MEM] ep006 batch 3000: use=5.2G peak=5.3G limit=n/a anon=2.4G file=2.0G slab=0.8G
[MEM] ep006 batch 3500: use=5.3G peak=5.3G limit=n/a anon=2.5G file=2.0G slab=0.8G
[MEM] ep006 batch 4000: use=5.3G peak=5.3G limit=n/a anon=2.5G file=2.0G slab=0.8G
[MEM] ep006 batch 4500: use=5.3G peak=5.3G limit=n/a anon=2.5G file=2.0G slab=0.8G
[MEM] ep006 batch 5000: use=5.3G peak=5.3G limit=n/a anon=2.5G file=2.0G slab=0.8G
[MEM] ep006 batch 5500: use=5.3G peak=5.3G limit=n/a anon=2.5G file=2.0G slab=0.8G
[MEM] ep006 val-start: use=4.1G peak=5.3G limit=n/a anon=1.3G file=2.0G slab=0.8G
[MEM] end epoch 006: use=4.1G peak=5.3G limit=n/a anon=1.3G file=2.0G slab=0.8G
Epoch 006 | Train Huber 4.5838 MAE 2.3278 | Val Huber 4.5155 MAE 2.3052 | LR 1.00e-04
  New best model (epoch 006, Val Huber 4.5155), saved to /s/chopin/e/proj/hyperspec/masfiq/models/tinyUnet_version_8_fusion_geohash_month_koppen_withAttentionLayer_SAR_DEM_sqrt_version_6_California_North_10_2021_best.pth
[MEM] ep007 train-start: use=4.1G peak=5.3G limit=n/a anon=1.3G file=2.0G slab=0.8G
[MEM] ep007 batch 1: use=4.6G peak=5.3G limit=n/a anon=1.8G file=2.0G slab=0.8G
[MEM] ep007 batch 2: use=4.6G peak=5.3G limit=n/a anon=1.8G file=2.0G slab=0.8G
[MEM] ep007 batch 3: use=4.6G peak=5.3G limit=n/a anon=1.8G file=2.0G slab=0.8G
[MEM] ep007 batch 4: use=4.6G peak=5.3G limit=n/a anon=1.8G file=2.0G slab=0.8G
[MEM] ep007 batch 5: use=4.7G peak=5.3G limit=n/a anon=1.9G file=2.0G slab=0.8G
[MEM] ep007 batch 500: use=5.1G peak=5.3G limit=n/a anon=2.2G file=2.0G slab=0.8G
[MEM] ep007 batch 1000: use=5.1G peak=5.3G limit=n/a anon=2.3G file=2.0G slab=0.8G
[MEM] ep007 batch 1500: use=5.2G peak=5.3G limit=n/a anon=2.3G file=2.0G slab=0.8G
[MEM] ep007 batch 2000: use=5.2G peak=5.3G limit=n/a anon=2.4G file=2.0G slab=0.8G
[MEM] ep007 batch 2500: use=5.2G peak=5.3G limit=n/a anon=2.4G file=2.0G slab=0.8G
[MEM] ep007 batch 3000: use=5.2G peak=5.3G limit=n/a anon=2.4G file=2.0G slab=0.8G
[MEM] ep007 batch 3500: use=5.3G peak=5.3G limit=n/a anon=2.5G file=2.0G slab=0.8G
[MEM] ep007 batch 4000: use=5.3G peak=5.3G limit=n/a anon=2.5G file=2.0G slab=0.8G
[MEM] ep007 batch 4500: use=5.3G peak=5.3G limit=n/a anon=2.5G file=2.0G slab=0.8G
[MEM] ep007 batch 5000: use=5.3G peak=5.3G limit=n/a anon=2.5G file=2.0G slab=0.8G
[MEM] ep007 batch 5500: use=5.3G peak=5.3G limit=n/a anon=2.5G file=2.0G slab=0.8G
[MEM] ep007 val-start: use=4.1G peak=5.3G limit=n/a anon=1.3G file=2.0G slab=0.8G
[MEM] end epoch 007: use=4.1G peak=5.3G limit=n/a anon=1.3G file=2.0G slab=0.8G
Epoch 007 | Train Huber 4.5405 MAE 2.3121 | Val Huber 4.4362 MAE 2.2862 | LR 1.00e-04
  New best model (epoch 007, Val Huber 4.4362), saved to /s/chopin/e/proj/hyperspec/masfiq/models/tinyUnet_version_8_fusion_geohash_month_koppen_withAttentionLayer_SAR_DEM_sqrt_version_6_California_North_10_2021_best.pth
[MEM] ep008 train-start: use=4.1G peak=5.3G limit=n/a anon=1.3G file=2.0G slab=0.8G
[MEM] ep008 batch 1: use=4.6G peak=5.3G limit=n/a anon=1.8G file=2.0G slab=0.8G
[MEM] ep008 batch 2: use=4.6G peak=5.3G limit=n/a anon=1.8G file=2.0G slab=0.8G
[MEM] ep008 batch 3: use=4.6G peak=5.3G limit=n/a anon=1.8G file=2.0G slab=0.8G
[MEM] ep008 batch 4: use=4.6G peak=5.3G limit=n/a anon=1.8G file=2.0G slab=0.8G
[MEM] ep008 batch 5: use=4.7G peak=5.3G limit=n/a anon=1.9G file=2.0G slab=0.8G
[MEM] ep008 batch 500: use=5.1G peak=5.3G limit=n/a anon=2.3G file=2.0G slab=0.8G
[MEM] ep008 batch 1000: use=5.1G peak=5.3G limit=n/a anon=2.3G file=2.0G slab=0.8G
[MEM] ep008 batch 1500: use=5.2G peak=5.3G limit=n/a anon=2.4G file=2.0G slab=0.8G
[MEM] ep008 batch 2000: use=5.2G peak=5.3G limit=n/a anon=2.4G file=2.0G slab=0.8G
[MEM] ep008 batch 2500: use=5.2G peak=5.3G limit=n/a anon=2.4G file=2.0G slab=0.8G
[MEM] ep008 batch 3000: use=5.2G peak=5.3G limit=n/a anon=2.4G file=2.0G slab=0.8G
[MEM] ep008 batch 3500: use=5.3G peak=5.3G limit=n/a anon=2.5G file=2.0G slab=0.8G
[MEM] ep008 batch 4000: use=5.3G peak=5.3G limit=n/a anon=2.5G file=2.0G slab=0.8G
[MEM] ep008 batch 4500: use=5.3G peak=5.3G limit=n/a anon=2.5G file=2.0G slab=0.8G
[MEM] ep008 batch 5000: use=5.3G peak=5.3G limit=n/a anon=2.5G file=2.0G slab=0.8G
[MEM] ep008 batch 5500: use=5.3G peak=5.3G limit=n/a anon=2.5G file=2.0G slab=0.8G
[MEM] ep008 val-start: use=4.1G peak=5.3G limit=n/a anon=1.3G file=2.0G slab=0.8G
[MEM] end epoch 008: use=4.1G peak=5.3G limit=n/a anon=1.3G file=2.0G slab=0.8G
Epoch 008 | Train Huber 4.5046 MAE 2.2991 | Val Huber 4.4420 MAE 2.3018 | LR 1.00e-04
[MEM] ep009 train-start: use=4.1G peak=5.3G limit=n/a anon=1.3G file=2.0G slab=0.8G
[MEM] ep009 batch 1: use=4.5G peak=5.3G limit=n/a anon=1.7G file=2.0G slab=0.8G
[MEM] ep009 batch 2: use=4.5G peak=5.3G limit=n/a anon=1.7G file=2.0G slab=0.8G
[MEM] ep009 batch 3: use=4.6G peak=5.3G limit=n/a anon=1.7G file=2.0G slab=0.8G
[MEM] ep009 batch 4: use=4.6G peak=5.3G limit=n/a anon=1.8G file=2.0G slab=0.8G
[MEM] ep009 batch 5: use=4.7G peak=5.3G limit=n/a anon=1.9G file=2.0G slab=0.8G
[MEM] ep009 batch 500: use=5.0G peak=5.3G limit=n/a anon=2.2G file=2.0G slab=0.8G
[MEM] ep009 batch 1000: use=5.1G peak=5.3G limit=n/a anon=2.3G file=2.0G slab=0.8G
[MEM] ep009 batch 1500: use=5.1G peak=5.3G limit=n/a anon=2.3G file=2.0G slab=0.8G
[MEM] ep009 batch 2000: use=5.2G peak=5.3G limit=n/a anon=2.4G file=2.0G slab=0.8G
[MEM] ep009 batch 2500: use=5.2G peak=5.3G limit=n/a anon=2.4G file=2.0G slab=0.8G
[MEM] ep009 batch 3000: use=5.2G peak=5.3G limit=n/a anon=2.4G file=2.0G slab=0.8G
[MEM] ep009 batch 3500: use=5.3G peak=5.3G limit=n/a anon=2.5G file=2.0G slab=0.8G
[MEM] ep009 batch 4000: use=5.3G peak=5.3G limit=n/a anon=2.5G file=2.0G slab=0.8G
[MEM] ep009 batch 4500: use=5.3G peak=5.3G limit=n/a anon=2.5G file=2.0G slab=0.8G
[MEM] ep009 batch 5000: use=5.3G peak=5.3G limit=n/a anon=2.5G file=2.0G slab=0.8G
[MEM] ep009 batch 5500: use=5.3G peak=5.3G limit=n/a anon=2.5G file=2.0G slab=0.8G
[MEM] ep009 val-start: use=4.1G peak=5.3G limit=n/a anon=1.3G file=2.0G slab=0.8G
[MEM] end epoch 009: use=4.1G peak=5.3G limit=n/a anon=1.3G file=2.0G slab=0.8G
Epoch 009 | Train Huber 4.4785 MAE 2.2924 | Val Huber 4.5551 MAE 2.2717 | LR 1.00e-04
[MEM] ep010 train-start: use=4.1G peak=5.3G limit=n/a anon=1.3G file=2.0G slab=0.8G
[MEM] ep010 batch 1: use=4.6G peak=5.3G limit=n/a anon=1.8G file=2.0G slab=0.8G
[MEM] ep010 batch 2: use=4.6G peak=5.3G limit=n/a anon=1.8G file=2.0G slab=0.8G
[MEM] ep010 batch 3: use=4.6G peak=5.3G limit=n/a anon=1.8G file=2.0G slab=0.8G
[MEM] ep010 batch 4: use=4.6G peak=5.3G limit=n/a anon=1.8G file=2.0G slab=0.8G
[MEM] ep010 batch 5: use=4.7G peak=5.3G limit=n/a anon=1.9G file=2.0G slab=0.8G
[MEM] ep010 batch 500: use=5.1G peak=5.3G limit=n/a anon=2.2G file=2.0G slab=0.8G
[MEM] ep010 batch 1000: use=5.1G peak=5.3G limit=n/a anon=2.3G file=2.0G slab=0.8G
[MEM] ep010 batch 1500: use=5.2G peak=5.3G limit=n/a anon=2.4G file=2.0G slab=0.8G
[MEM] ep010 batch 2000: use=5.2G peak=5.3G limit=n/a anon=2.4G file=2.0G slab=0.8G
[MEM] ep010 batch 2500: use=5.2G peak=5.3G limit=n/a anon=2.4G file=2.0G slab=0.8G
[MEM] ep010 batch 3000: use=5.2G peak=5.3G limit=n/a anon=2.4G file=2.0G slab=0.8G
[MEM] ep010 batch 3500: use=5.3G peak=5.3G limit=n/a anon=2.5G file=2.0G slab=0.8G
[MEM] ep010 batch 4000: use=5.3G peak=5.3G limit=n/a anon=2.5G file=2.0G slab=0.8G
[MEM] ep010 batch 4500: use=5.3G peak=5.3G limit=n/a anon=2.5G file=2.0G slab=0.8G
[MEM] ep010 batch 5000: use=5.3G peak=5.3G limit=n/a anon=2.5G file=2.0G slab=0.8G
[MEM] ep010 batch 5500: use=5.3G peak=5.3G limit=n/a anon=2.5G file=2.0G slab=0.8G
[MEM] ep010 val-start: use=4.1G peak=5.3G limit=n/a anon=1.3G file=2.0G slab=0.8G
[MEM] end epoch 010: use=4.1G peak=5.3G limit=n/a anon=1.3G file=2.0G slab=0.8G
Epoch 010 | Train Huber 4.4543 MAE 2.2828 | Val Huber 4.3960 MAE 2.2526 | LR 1.00e-04
  New best model (epoch 010, Val Huber 4.3960), saved to /s/chopin/e/proj/hyperspec/masfiq/models/tinyUnet_version_8_fusion_geohash_month_koppen_withAttentionLayer_SAR_DEM_sqrt_version_6_California_North_10_2021_best.pth
[MEM] ep011 train-start: use=4.1G peak=5.3G limit=n/a anon=1.3G file=2.0G slab=0.8G
[MEM] ep011 batch 1: use=4.5G peak=5.3G limit=n/a anon=1.7G file=2.0G slab=0.8G
[MEM] ep011 batch 2: use=4.5G peak=5.3G limit=n/a anon=1.7G file=2.0G slab=0.8G
[MEM] ep011 batch 3: use=4.6G peak=5.3G limit=n/a anon=1.8G file=2.0G slab=0.8G
[MEM] ep011 batch 4: use=4.6G peak=5.3G limit=n/a anon=1.8G file=2.0G slab=0.8G
[MEM] ep011 batch 5: use=4.7G peak=5.3G limit=n/a anon=1.8G file=2.0G slab=0.8G
[MEM] ep011 batch 500: use=5.1G peak=5.3G limit=n/a anon=2.3G file=2.0G slab=0.8G
[MEM] ep011 batch 1000: use=5.1G peak=5.3G limit=n/a anon=2.3G file=2.0G slab=0.8G
[MEM] ep011 batch 1500: use=5.2G peak=5.3G limit=n/a anon=2.4G file=2.0G slab=0.8G
[MEM] ep011 batch 2000: use=5.2G peak=5.3G limit=n/a anon=2.4G file=2.0G slab=0.8G
[MEM] ep011 batch 2500: use=5.2G peak=5.3G limit=n/a anon=2.4G file=2.0G slab=0.8G
[MEM] ep011 batch 3000: use=5.2G peak=5.3G limit=n/a anon=2.4G file=2.0G slab=0.8G
[MEM] ep011 batch 3500: use=5.3G peak=5.3G limit=n/a anon=2.5G file=2.0G slab=0.8G
[MEM] ep011 batch 4000: use=5.3G peak=5.3G limit=n/a anon=2.5G file=2.0G slab=0.8G
[MEM] ep011 batch 4500: use=5.3G peak=5.3G limit=n/a anon=2.5G file=2.0G slab=0.8G
[MEM] ep011 batch 5000: use=5.3G peak=5.3G limit=n/a anon=2.5G file=2.0G slab=0.8G
[MEM] ep011 batch 5500: use=5.3G peak=5.3G limit=n/a anon=2.5G file=2.0G slab=0.8G
[MEM] ep011 val-start: use=4.1G peak=5.3G limit=n/a anon=1.3G file=2.0G slab=0.8G
[MEM] end epoch 011: use=4.1G peak=5.3G limit=n/a anon=1.3G file=2.0G slab=0.8G
Epoch 011 | Train Huber 4.4161 MAE 2.2710 | Val Huber 4.3449 MAE 2.2415 | LR 1.00e-04
  New best model (epoch 011, Val Huber 4.3449), saved to /s/chopin/e/proj/hyperspec/masfiq/models/tinyUnet_version_8_fusion_geohash_month_koppen_withAttentionLayer_SAR_DEM_sqrt_version_6_California_North_10_2021_best.pth
[MEM] ep012 train-start: use=4.1G peak=5.3G limit=n/a anon=1.3G file=2.0G slab=0.8G
[MEM] ep012 batch 1: use=4.6G peak=5.3G limit=n/a anon=1.8G file=2.0G slab=0.8G
[MEM] ep012 batch 2: use=4.6G peak=5.3G limit=n/a anon=1.8G file=2.0G slab=0.8G
[MEM] ep012 batch 3: use=4.6G peak=5.3G limit=n/a anon=1.8G file=2.0G slab=0.8G
[MEM] ep012 batch 4: use=4.6G peak=5.3G limit=n/a anon=1.8G file=2.0G slab=0.8G
[MEM] ep012 batch 5: use=4.7G peak=5.3G limit=n/a anon=1.9G file=2.0G slab=0.8G
[MEM] ep012 batch 500: use=5.1G peak=5.3G limit=n/a anon=2.2G file=2.0G slab=0.8G
[MEM] ep012 batch 1000: use=5.1G peak=5.3G limit=n/a anon=2.3G file=2.0G slab=0.8G
[MEM] ep012 batch 1500: use=5.2G peak=5.3G limit=n/a anon=2.3G file=2.0G slab=0.8G
[MEM] ep012 batch 2000: use=5.2G peak=5.3G limit=n/a anon=2.4G file=2.0G slab=0.8G
[MEM] ep012 batch 2500: use=5.2G peak=5.3G limit=n/a anon=2.4G file=2.0G slab=0.8G
[MEM] ep012 batch 3000: use=5.2G peak=5.3G limit=n/a anon=2.4G file=2.0G slab=0.8G
[MEM] ep012 batch 3500: use=5.3G peak=5.3G limit=n/a anon=2.5G file=2.0G slab=0.8G
[MEM] ep012 batch 4000: use=5.3G peak=5.3G limit=n/a anon=2.5G file=2.0G slab=0.8G
[MEM] ep012 batch 4500: use=5.3G peak=5.3G limit=n/a anon=2.5G file=2.0G slab=0.8G
[MEM] ep012 batch 5000: use=5.3G peak=5.3G limit=n/a anon=2.5G file=2.0G slab=0.8G
[MEM] ep012 batch 5500: use=5.3G peak=5.3G limit=n/a anon=2.5G file=2.0G slab=0.8G
[MEM] ep012 val-start: use=4.1G peak=5.3G limit=n/a anon=1.3G file=2.0G slab=0.8G
[MEM] end epoch 012: use=4.1G peak=5.3G limit=n/a anon=1.3G file=2.0G slab=0.8G
Epoch 012 | Train Huber 4.3932 MAE 2.2627 | Val Huber 4.3688 MAE 2.2322 | LR 1.00e-04
[MEM] ep013 train-start: use=4.1G peak=5.3G limit=n/a anon=1.3G file=2.0G slab=0.8G
[MEM] ep013 batch 1: use=4.6G peak=5.3G limit=n/a anon=1.8G file=2.0G slab=0.8G
[MEM] ep013 batch 2: use=4.6G peak=5.3G limit=n/a anon=1.8G file=2.0G slab=0.8G
[MEM] ep013 batch 3: use=4.6G peak=5.3G limit=n/a anon=1.8G file=2.0G slab=0.8G
[MEM] ep013 batch 4: use=4.6G peak=5.3G limit=n/a anon=1.8G file=2.0G slab=0.8G
[MEM] ep013 batch 5: use=4.7G peak=5.3G limit=n/a anon=1.9G file=2.0G slab=0.8G
[MEM] ep013 batch 500: use=5.1G peak=5.3G limit=n/a anon=2.2G file=2.0G slab=0.8G
[MEM] ep013 batch 1000: use=5.1G peak=5.3G limit=n/a anon=2.3G file=2.0G slab=0.8G
[MEM] ep013 batch 1500: use=5.2G peak=5.3G limit=n/a anon=2.4G file=2.0G slab=0.8G
[MEM] ep013 batch 2000: use=5.2G peak=5.3G limit=n/a anon=2.4G file=2.0G slab=0.8G
[MEM] ep013 batch 2500: use=5.2G peak=5.3G limit=n/a anon=2.4G file=2.0G slab=0.8G
[MEM] ep013 batch 3000: use=5.2G peak=5.3G limit=n/a anon=2.4G file=2.0G slab=0.8G
[MEM] ep013 batch 3500: use=5.3G peak=5.3G limit=n/a anon=2.5G file=2.0G slab=0.8G
[MEM] ep013 batch 4000: use=5.3G peak=5.3G limit=n/a anon=2.5G file=2.0G slab=0.8G
[MEM] ep013 batch 4500: use=5.3G peak=5.3G limit=n/a anon=2.5G file=2.0G slab=0.8G
[MEM] ep013 batch 5000: use=5.3G peak=5.3G limit=n/a anon=2.5G file=2.0G slab=0.8G
[MEM] ep013 batch 5500: use=5.3G peak=5.3G limit=n/a anon=2.5G file=2.0G slab=0.8G
[MEM] ep013 val-start: use=4.1G peak=5.3G limit=n/a anon=1.3G file=2.0G slab=0.8G
[MEM] end epoch 013: use=4.1G peak=5.3G limit=n/a anon=1.3G file=2.0G slab=0.8G
Epoch 013 | Train Huber 4.3770 MAE 2.2559 | Val Huber 4.3237 MAE 2.2308 | LR 1.00e-04
  New best model (epoch 013, Val Huber 4.3237), saved to /s/chopin/e/proj/hyperspec/masfiq/models/tinyUnet_version_8_fusion_geohash_month_koppen_withAttentionLayer_SAR_DEM_sqrt_version_6_California_North_10_2021_best.pth
[MEM] ep014 train-start: use=4.1G peak=5.3G limit=n/a anon=1.3G file=2.0G slab=0.8G
[MEM] ep014 batch 1: use=4.6G peak=5.3G limit=n/a anon=1.7G file=2.0G slab=0.8G
[MEM] ep014 batch 2: use=4.6G peak=5.3G limit=n/a anon=1.7G file=2.0G slab=0.8G
[MEM] ep014 batch 3: use=4.6G peak=5.3G limit=n/a anon=1.8G file=2.0G slab=0.8G
[MEM] ep014 batch 4: use=4.7G peak=5.3G limit=n/a anon=1.8G file=2.0G slab=0.8G
[MEM] ep014 batch 5: use=4.7G peak=5.3G limit=n/a anon=1.9G file=2.0G slab=0.8G
[MEM] ep014 batch 500: use=5.1G peak=5.3G limit=n/a anon=2.2G file=2.0G slab=0.8G
[MEM] ep014 batch 1000: use=5.1G peak=5.3G limit=n/a anon=2.3G file=2.0G slab=0.8G
[MEM] ep014 batch 1500: use=5.2G peak=5.3G limit=n/a anon=2.4G file=2.0G slab=0.8G
[MEM] ep014 batch 2000: use=5.2G peak=5.3G limit=n/a anon=2.4G file=2.0G slab=0.8G
[MEM] ep014 batch 2500: use=5.2G peak=5.3G limit=n/a anon=2.4G file=2.0G slab=0.8G
[MEM] ep014 batch 3000: use=5.2G peak=5.3G limit=n/a anon=2.4G file=2.0G slab=0.8G
[MEM] ep014 batch 3500: use=5.3G peak=5.3G limit=n/a anon=2.5G file=2.0G slab=0.8G
[MEM] ep014 batch 4000: use=5.3G peak=5.3G limit=n/a anon=2.5G file=2.0G slab=0.8G
[MEM] ep014 batch 4500: use=5.3G peak=5.3G limit=n/a anon=2.5G file=2.0G slab=0.8G
[MEM] ep014 batch 5000: use=5.3G peak=5.3G limit=n/a anon=2.5G file=2.0G slab=0.8G
[MEM] ep014 batch 5500: use=5.3G peak=5.3G limit=n/a anon=2.5G file=2.0G slab=0.8G
[MEM] ep014 val-start: use=4.1G peak=5.3G limit=n/a anon=1.3G file=2.0G slab=0.8G
[MEM] end epoch 014: use=4.1G peak=5.3G limit=n/a anon=1.3G file=2.0G slab=0.8G
Epoch 014 | Train Huber 4.3577 MAE 2.2512 | Val Huber 4.2812 MAE 2.2350 | LR 1.00e-04
  New best model (epoch 014, Val Huber 4.2812), saved to /s/chopin/e/proj/hyperspec/masfiq/models/tinyUnet_version_8_fusion_geohash_month_koppen_withAttentionLayer_SAR_DEM_sqrt_version_6_California_North_10_2021_best.pth
[MEM] ep015 train-start: use=4.1G peak=5.3G limit=n/a anon=1.3G file=2.0G slab=0.8G
[MEM] ep015 batch 1: use=4.6G peak=5.3G limit=n/a anon=1.7G file=2.0G slab=0.8G
[MEM] ep015 batch 2: use=4.6G peak=5.3G limit=n/a anon=1.8G file=2.0G slab=0.8G
[MEM] ep015 batch 3: use=4.6G peak=5.3G limit=n/a anon=1.8G file=2.0G slab=0.8G
[MEM] ep015 batch 4: use=4.6G peak=5.3G limit=n/a anon=1.8G file=2.0G slab=0.8G
[MEM] ep015 batch 5: use=4.7G peak=5.3G limit=n/a anon=1.8G file=2.0G slab=0.8G
[MEM] ep015 batch 500: use=5.1G peak=5.3G limit=n/a anon=2.3G file=2.0G slab=0.8G
[MEM] ep015 batch 1000: use=5.1G peak=5.3G limit=n/a anon=2.3G file=2.0G slab=0.8G
[MEM] ep015 batch 1500: use=5.2G peak=5.3G limit=n/a anon=2.4G file=2.0G slab=0.8G
[MEM] ep015 batch 2000: use=5.2G peak=5.3G limit=n/a anon=2.4G file=2.0G slab=0.8G
[MEM] ep015 batch 2500: use=5.2G peak=5.3G limit=n/a anon=2.4G file=2.0G slab=0.8G
[MEM] ep015 batch 3000: use=5.2G peak=5.3G limit=n/a anon=2.4G file=2.0G slab=0.8G
[MEM] ep015 batch 3500: use=5.3G peak=5.3G limit=n/a anon=2.5G file=2.0G slab=0.8G
[MEM] ep015 batch 4000: use=5.3G peak=5.3G limit=n/a anon=2.5G file=2.0G slab=0.8G
[MEM] ep015 batch 4500: use=5.3G peak=5.3G limit=n/a anon=2.5G file=2.0G slab=0.8G
[MEM] ep015 batch 5000: use=5.3G peak=5.3G limit=n/a anon=2.5G file=2.0G slab=0.8G
[MEM] ep015 batch 5500: use=5.3G peak=5.3G limit=n/a anon=2.5G file=2.0G slab=0.8G
[MEM] ep015 val-start: use=4.1G peak=5.3G limit=n/a anon=1.3G file=2.0G slab=0.8G
[MEM] end epoch 015: use=4.1G peak=5.3G limit=n/a anon=1.3G file=2.0G slab=0.8G
Epoch 015 | Train Huber 4.3262 MAE 2.2412 | Val Huber 4.3061 MAE 2.2126 | LR 1.00e-04
[MEM] ep016 train-start: use=4.1G peak=5.3G limit=n/a anon=1.3G file=2.0G slab=0.8G
[MEM] ep016 batch 1: use=4.5G peak=5.3G limit=n/a anon=1.7G file=2.0G slab=0.8G
[MEM] ep016 batch 2: use=4.6G peak=5.3G limit=n/a anon=1.8G file=2.0G slab=0.8G
[MEM] ep016 batch 3: use=4.6G peak=5.3G limit=n/a anon=1.8G file=2.0G slab=0.8G
[MEM] ep016 batch 4: use=4.6G peak=5.3G limit=n/a anon=1.8G file=2.0G slab=0.8G
[MEM] ep016 batch 5: use=4.7G peak=5.3G limit=n/a anon=1.9G file=2.0G slab=0.8G
[MEM] ep016 batch 500: use=5.0G peak=5.3G limit=n/a anon=2.2G file=2.0G slab=0.8G
[MEM] ep016 batch 1000: use=5.1G peak=5.3G limit=n/a anon=2.3G file=2.0G slab=0.8G
[MEM] ep016 batch 1500: use=5.1G peak=5.3G limit=n/a anon=2.3G file=2.0G slab=0.8G
[MEM] ep016 batch 2000: use=5.2G peak=5.3G limit=n/a anon=2.4G file=2.0G slab=0.8G
[MEM] ep016 batch 2500: use=5.2G peak=5.3G limit=n/a anon=2.4G file=2.0G slab=0.8G
[MEM] ep016 batch 3000: use=5.2G peak=5.3G limit=n/a anon=2.4G file=2.0G slab=0.8G
[MEM] ep016 batch 3500: use=5.3G peak=5.3G limit=n/a anon=2.5G file=2.0G slab=0.8G
[MEM] ep016 batch 4000: use=5.3G peak=5.3G limit=n/a anon=2.5G file=2.0G slab=0.8G
[MEM] ep016 batch 4500: use=5.3G peak=5.3G limit=n/a anon=2.5G file=2.0G slab=0.8G
[MEM] ep016 batch 5000: use=5.3G peak=5.3G limit=n/a anon=2.5G file=2.0G slab=0.8G
[MEM] ep016 batch 5500: use=5.3G peak=5.3G limit=n/a anon=2.5G file=2.0G slab=0.8G
[MEM] ep016 val-start: use=4.1G peak=5.3G limit=n/a anon=1.3G file=2.0G slab=0.8G
[MEM] end epoch 016: use=4.1G peak=5.3G limit=n/a anon=1.3G file=2.0G slab=0.8G
Epoch 016 | Train Huber 4.3153 MAE 2.2364 | Val Huber 4.2720 MAE 2.2137 | LR 1.00e-04
  New best model (epoch 016, Val Huber 4.2720), saved to /s/chopin/e/proj/hyperspec/masfiq/models/tinyUnet_version_8_fusion_geohash_month_koppen_withAttentionLayer_SAR_DEM_sqrt_version_6_California_North_10_2021_best.pth
[MEM] ep017 train-start: use=4.1G peak=5.3G limit=n/a anon=1.3G file=2.0G slab=0.8G
[MEM] ep017 batch 1: use=4.6G peak=5.3G limit=n/a anon=1.7G file=2.0G slab=0.8G
[MEM] ep017 batch 2: use=4.6G peak=5.3G limit=n/a anon=1.7G file=2.0G slab=0.8G
[MEM] ep017 batch 3: use=4.6G peak=5.3G limit=n/a anon=1.7G file=2.0G slab=0.8G
[MEM] ep017 batch 4: use=4.6G peak=5.3G limit=n/a anon=1.8G file=2.0G slab=0.8G
[MEM] ep017 batch 5: use=4.7G peak=5.3G limit=n/a anon=1.9G file=2.0G slab=0.8G
[MEM] ep017 batch 500: use=5.1G peak=5.3G limit=n/a anon=2.3G file=2.0G slab=0.8G
[MEM] ep017 batch 1000: use=5.1G peak=5.3G limit=n/a anon=2.3G file=2.0G slab=0.8G
[MEM] ep017 batch 1500: use=5.2G peak=5.3G limit=n/a anon=2.4G file=2.0G slab=0.8G
[MEM] ep017 batch 2000: use=5.2G peak=5.3G limit=n/a anon=2.4G file=2.0G slab=0.8G
[MEM] ep017 batch 2500: use=5.2G peak=5.3G limit=n/a anon=2.4G file=2.0G slab=0.8G
[MEM] ep017 batch 3000: use=5.2G peak=5.3G limit=n/a anon=2.4G file=2.0G slab=0.8G
[MEM] ep017 batch 3500: use=5.3G peak=5.3G limit=n/a anon=2.5G file=2.0G slab=0.8G
[MEM] ep017 batch 4000: use=5.3G peak=5.3G limit=n/a anon=2.5G file=2.0G slab=0.8G
[MEM] ep017 batch 4500: use=5.3G peak=5.3G limit=n/a anon=2.5G file=2.0G slab=0.8G
[MEM] ep017 batch 5000: use=5.3G peak=5.3G limit=n/a anon=2.5G file=2.0G slab=0.8G
[MEM] ep017 batch 5500: use=5.3G peak=5.3G limit=n/a anon=2.5G file=2.0G slab=0.8G
[MEM] ep017 val-start: use=4.1G peak=5.3G limit=n/a anon=1.3G file=2.0G slab=0.8G
[MEM] end epoch 017: use=4.1G peak=5.3G limit=n/a anon=1.3G file=2.0G slab=0.8G
Epoch 017 | Train Huber 4.2966 MAE 2.2312 | Val Huber 4.2741 MAE 2.2374 | LR 1.00e-04
[MEM] ep018 train-start: use=4.1G peak=5.3G limit=n/a anon=1.3G file=2.0G slab=0.8G
[MEM] ep018 batch 1: use=4.6G peak=5.3G limit=n/a anon=1.8G file=2.0G slab=0.8G
[MEM] ep018 batch 2: use=4.6G peak=5.3G limit=n/a anon=1.8G file=2.0G slab=0.8G
[MEM] ep018 batch 3: use=4.6G peak=5.3G limit=n/a anon=1.8G file=2.0G slab=0.8G
[MEM] ep018 batch 4: use=4.6G peak=5.3G limit=n/a anon=1.8G file=2.0G slab=0.8G
[MEM] ep018 batch 5: use=4.7G peak=5.3G limit=n/a anon=1.9G file=2.0G slab=0.8G
[MEM] ep018 batch 500: use=5.1G peak=5.3G limit=n/a anon=2.3G file=2.0G slab=0.8G
[MEM] ep018 batch 1000: use=5.1G peak=5.3G limit=n/a anon=2.3G file=2.0G slab=0.8G
[MEM] ep018 batch 1500: use=5.2G peak=5.3G limit=n/a anon=2.4G file=2.0G slab=0.8G
[MEM] ep018 batch 2000: use=5.2G peak=5.3G limit=n/a anon=2.4G file=2.0G slab=0.8G
[MEM] ep018 batch 2500: use=5.2G peak=5.3G limit=n/a anon=2.4G file=2.0G slab=0.8G
[MEM] ep018 batch 3000: use=5.2G peak=5.3G limit=n/a anon=2.4G file=2.0G slab=0.8G
[MEM] ep018 batch 3500: use=5.3G peak=5.3G limit=n/a anon=2.5G file=2.0G slab=0.8G
[MEM] ep018 batch 4000: use=5.3G peak=5.3G limit=n/a anon=2.5G file=2.0G slab=0.8G
[MEM] ep018 batch 4500: use=5.3G peak=5.3G limit=n/a anon=2.5G file=2.0G slab=0.8G
[MEM] ep018 batch 5000: use=5.3G peak=5.3G limit=n/a anon=2.5G file=2.0G slab=0.8G
[MEM] ep018 batch 5500: use=5.3G peak=5.3G limit=n/a anon=2.5G file=2.0G slab=0.8G
[MEM] ep018 val-start: use=4.1G peak=5.3G limit=n/a anon=1.3G file=2.0G slab=0.8G
[MEM] end epoch 018: use=4.1G peak=5.3G limit=n/a anon=1.3G file=2.0G slab=0.8G
Epoch 018 | Train Huber 4.2700 MAE 2.2221 | Val Huber 4.2969 MAE 2.2095 | LR 1.00e-04
[MEM] ep019 train-start: use=4.1G peak=5.3G limit=n/a anon=1.3G file=2.0G slab=0.8G
[MEM] ep019 batch 1: use=4.6G peak=5.3G limit=n/a anon=1.8G file=2.0G slab=0.8G
[MEM] ep019 batch 2: use=4.6G peak=5.3G limit=n/a anon=1.8G file=2.0G slab=0.8G
[MEM] ep019 batch 3: use=4.6G peak=5.3G limit=n/a anon=1.8G file=2.0G slab=0.8G
[MEM] ep019 batch 4: use=4.6G peak=5.3G limit=n/a anon=1.8G file=2.0G slab=0.8G
[MEM] ep019 batch 5: use=4.7G peak=5.3G limit=n/a anon=1.9G file=2.0G slab=0.8G
[MEM] ep019 batch 500: use=5.1G peak=5.3G limit=n/a anon=2.3G file=2.0G slab=0.8G
[MEM] ep019 batch 1000: use=5.1G peak=5.3G limit=n/a anon=2.3G file=2.0G slab=0.8G
[MEM] ep019 batch 1500: use=5.2G peak=5.3G limit=n/a anon=2.4G file=2.0G slab=0.8G
[MEM] ep019 batch 2000: use=5.2G peak=5.3G limit=n/a anon=2.4G file=2.0G slab=0.8G
[MEM] ep019 batch 2500: use=5.2G peak=5.3G limit=n/a anon=2.4G file=2.0G slab=0.8G
[MEM] ep019 batch 3000: use=5.2G peak=5.3G limit=n/a anon=2.4G file=2.0G slab=0.8G
[MEM] ep019 batch 3500: use=5.3G peak=5.3G limit=n/a anon=2.5G file=2.0G slab=0.8G
[MEM] ep019 batch 4000: use=5.3G peak=5.3G limit=n/a anon=2.5G file=2.0G slab=0.8G
[MEM] ep019 batch 4500: use=5.3G peak=5.3G limit=n/a anon=2.5G file=2.0G slab=0.8G
[MEM] ep019 batch 5000: use=5.3G peak=5.3G limit=n/a anon=2.5G file=2.0G slab=0.8G
[MEM] ep019 batch 5500: use=5.3G peak=5.3G limit=n/a anon=2.5G file=2.0G slab=0.8G
[MEM] ep019 val-start: use=4.1G peak=5.3G limit=n/a anon=1.3G file=2.0G slab=0.8G
[MEM] end epoch 019: use=4.1G peak=5.3G limit=n/a anon=1.3G file=2.0G slab=0.8G
Epoch 019 | Train Huber 4.2581 MAE 2.2172 | Val Huber 4.2480 MAE 2.2291 | LR 1.00e-04
  New best model (epoch 019, Val Huber 4.2480), saved to /s/chopin/e/proj/hyperspec/masfiq/models/tinyUnet_version_8_fusion_geohash_month_koppen_withAttentionLayer_SAR_DEM_sqrt_version_6_California_North_10_2021_best.pth
[MEM] ep020 train-start: use=4.1G peak=5.3G limit=n/a anon=1.3G file=2.0G slab=0.8G
[MEM] ep020 batch 1: use=4.6G peak=5.3G limit=n/a anon=1.8G file=2.0G slab=0.8G
[MEM] ep020 batch 2: use=4.6G peak=5.3G limit=n/a anon=1.8G file=2.0G slab=0.8G
[MEM] ep020 batch 3: use=4.6G peak=5.3G limit=n/a anon=1.8G file=2.0G slab=0.8G
[MEM] ep020 batch 4: use=4.6G peak=5.3G limit=n/a anon=1.8G file=2.0G slab=0.8G
[MEM] ep020 batch 5: use=4.7G peak=5.3G limit=n/a anon=1.9G file=2.0G slab=0.8G
[MEM] ep020 batch 500: use=5.1G peak=5.3G limit=n/a anon=2.3G file=2.0G slab=0.8G
[MEM] ep020 batch 1000: use=5.1G peak=5.3G limit=n/a anon=2.3G file=2.0G slab=0.8G
[MEM] ep020 batch 1500: use=5.2G peak=5.3G limit=n/a anon=2.3G file=2.0G slab=0.8G
[MEM] ep020 batch 2000: use=5.2G peak=5.3G limit=n/a anon=2.4G file=2.0G slab=0.8G
[MEM] ep020 batch 2500: use=5.2G peak=5.3G limit=n/a anon=2.4G file=2.0G slab=0.8G
[MEM] ep020 batch 3000: use=5.2G peak=5.3G limit=n/a anon=2.4G file=2.0G slab=0.8G
[MEM] ep020 batch 3500: use=5.3G peak=5.3G limit=n/a anon=2.5G file=2.0G slab=0.8G
[MEM] ep020 batch 4000: use=5.3G peak=5.3G limit=n/a anon=2.5G file=2.0G slab=0.8G
[MEM] ep020 batch 4500: use=5.3G peak=5.3G limit=n/a anon=2.5G file=2.0G slab=0.8G
[MEM] ep020 batch 5000: use=5.3G peak=5.3G limit=n/a anon=2.5G file=2.0G slab=0.8G
[MEM] ep020 batch 5500: use=5.3G peak=5.3G limit=n/a anon=2.5G file=2.0G slab=0.8G
[MEM] ep020 val-start: use=4.1G peak=5.3G limit=n/a anon=1.3G file=2.0G slab=0.8G
[MEM] end epoch 020: use=4.1G peak=5.3G limit=n/a anon=1.3G file=2.0G slab=0.8G
Epoch 020 | Train Huber 4.2458 MAE 2.2142 | Val Huber 4.2107 MAE 2.2073 | LR 1.00e-04
  New best model (epoch 020, Val Huber 4.2107), saved to /s/chopin/e/proj/hyperspec/masfiq/models/tinyUnet_version_8_fusion_geohash_month_koppen_withAttentionLayer_SAR_DEM_sqrt_version_6_California_North_10_2021_best.pth
[MEM] ep021 train-start: use=4.1G peak=5.3G limit=n/a anon=1.3G file=2.0G slab=0.8G
[MEM] ep021 batch 1: use=4.6G peak=5.3G limit=n/a anon=1.8G file=2.0G slab=0.8G
[MEM] ep021 batch 2: use=4.6G peak=5.3G limit=n/a anon=1.8G file=2.0G slab=0.8G
[MEM] ep021 batch 3: use=4.6G peak=5.3G limit=n/a anon=1.8G file=2.0G slab=0.8G
[MEM] ep021 batch 4: use=4.6G peak=5.3G limit=n/a anon=1.8G file=2.0G slab=0.8G
[MEM] ep021 batch 5: use=4.7G peak=5.3G limit=n/a anon=1.9G file=2.0G slab=0.8G
[MEM] ep021 batch 500: use=5.0G peak=5.3G limit=n/a anon=2.2G file=2.0G slab=0.8G
[MEM] ep021 batch 1000: use=5.1G peak=5.3G limit=n/a anon=2.3G file=2.0G slab=0.8G
[MEM] ep021 batch 1500: use=5.2G peak=5.3G limit=n/a anon=2.3G file=2.0G slab=0.8G
[MEM] ep021 batch 2000: use=5.2G peak=5.3G limit=n/a anon=2.4G file=2.0G slab=0.8G
[MEM] ep021 batch 2500: use=5.2G peak=5.3G limit=n/a anon=2.4G file=2.0G slab=0.8G
[MEM] ep021 batch 3000: use=5.2G peak=5.3G limit=n/a anon=2.4G file=2.0G slab=0.8G
[MEM] ep021 batch 3500: use=5.3G peak=5.3G limit=n/a anon=2.5G file=2.0G slab=0.8G
[MEM] ep021 batch 4000: use=5.3G peak=5.3G limit=n/a anon=2.5G file=2.0G slab=0.8G
[MEM] ep021 batch 4500: use=5.3G peak=5.3G limit=n/a anon=2.5G file=2.0G slab=0.8G
[MEM] ep021 batch 5000: use=5.3G peak=5.3G limit=n/a anon=2.5G file=2.0G slab=0.8G
[MEM] ep021 batch 5500: use=5.3G peak=5.3G limit=n/a anon=2.5G file=2.0G slab=0.8G
[MEM] ep021 val-start: use=4.1G peak=5.3G limit=n/a anon=1.3G file=2.0G slab=0.8G
[MEM] end epoch 021: use=4.1G peak=5.3G limit=n/a anon=1.3G file=2.0G slab=0.8G
Epoch 021 | Train Huber 4.2238 MAE 2.2079 | Val Huber 4.2257 MAE 2.1923 | LR 1.00e-04
[MEM] ep022 train-start: use=4.1G peak=5.3G limit=n/a anon=1.3G file=2.0G slab=0.8G
[MEM] ep022 batch 1: use=4.5G peak=5.3G limit=n/a anon=1.7G file=2.0G slab=0.8G
[MEM] ep022 batch 2: use=4.5G peak=5.3G limit=n/a anon=1.7G file=2.0G slab=0.8G
[MEM] ep022 batch 3: use=4.5G peak=5.3G limit=n/a anon=1.7G file=2.0G slab=0.8G
[MEM] ep022 batch 4: use=4.6G peak=5.3G limit=n/a anon=1.7G file=2.0G slab=0.8G
[MEM] ep022 batch 5: use=4.6G peak=5.3G limit=n/a anon=1.8G file=2.0G slab=0.8G
[MEM] ep022 batch 500: use=5.1G peak=5.3G limit=n/a anon=2.2G file=2.0G slab=0.8G
[MEM] ep022 batch 1000: use=5.1G peak=5.3G limit=n/a anon=2.3G file=2.0G slab=0.8G
[MEM] ep022 batch 1500: use=5.2G peak=5.3G limit=n/a anon=2.4G file=2.0G slab=0.8G
[MEM] ep022 batch 2000: use=5.2G peak=5.3G limit=n/a anon=2.4G file=2.0G slab=0.8G
[MEM] ep022 batch 2500: use=5.2G peak=5.3G limit=n/a anon=2.4G file=2.0G slab=0.8G
[MEM] ep022 batch 3000: use=5.2G peak=5.3G limit=n/a anon=2.4G file=2.0G slab=0.8G
[MEM] ep022 batch 3500: use=5.3G peak=5.3G limit=n/a anon=2.5G file=2.0G slab=0.8G
[MEM] ep022 batch 4000: use=5.3G peak=5.3G limit=n/a anon=2.5G file=2.0G slab=0.8G
[MEM] ep022 batch 4500: use=5.3G peak=5.3G limit=n/a anon=2.5G file=2.0G slab=0.8G
[MEM] ep022 batch 5000: use=5.3G peak=5.3G limit=n/a anon=2.5G file=2.0G slab=0.8G
[MEM] ep022 batch 5500: use=5.3G peak=5.3G limit=n/a anon=2.5G file=2.0G slab=0.8G
[MEM] ep022 val-start: use=4.1G peak=5.3G limit=n/a anon=1.3G file=2.0G slab=0.8G
[MEM] end epoch 022: use=4.1G peak=5.3G limit=n/a anon=1.3G file=2.0G slab=0.8G
Epoch 022 | Train Huber 4.2067 MAE 2.2016 | Val Huber 4.2213 MAE 2.2091 | LR 1.00e-04
[MEM] ep023 train-start: use=4.1G peak=5.3G limit=n/a anon=1.3G file=2.0G slab=0.8G
[MEM] ep023 batch 1: use=4.6G peak=5.3G limit=n/a anon=1.8G file=2.0G slab=0.8G
[MEM] ep023 batch 2: use=4.6G peak=5.3G limit=n/a anon=1.8G file=2.0G slab=0.8G
[MEM] ep023 batch 3: use=4.6G peak=5.3G limit=n/a anon=1.8G file=2.0G slab=0.8G
[MEM] ep023 batch 4: use=4.6G peak=5.3G limit=n/a anon=1.8G file=2.0G slab=0.8G
[MEM] ep023 batch 5: use=4.7G peak=5.3G limit=n/a anon=1.9G file=2.0G slab=0.8G
[MEM] ep023 batch 500: use=5.1G peak=5.3G limit=n/a anon=2.3G file=2.0G slab=0.8G
[MEM] ep023 batch 1000: use=5.1G peak=5.3G limit=n/a anon=2.3G file=2.0G slab=0.8G
[MEM] ep023 batch 1500: use=5.2G peak=5.3G limit=n/a anon=2.4G file=2.0G slab=0.8G
[MEM] ep023 batch 2000: use=5.2G peak=5.3G limit=n/a anon=2.4G file=2.0G slab=0.8G
[MEM] ep023 batch 2500: use=5.2G peak=5.3G limit=n/a anon=2.4G file=2.0G slab=0.8G
[MEM] ep023 batch 3000: use=5.2G peak=5.3G limit=n/a anon=2.4G file=2.0G slab=0.8G
[MEM] ep023 batch 3500: use=5.3G peak=5.3G limit=n/a anon=2.5G file=2.0G slab=0.8G
[MEM] ep023 batch 4000: use=5.3G peak=5.3G limit=n/a anon=2.5G file=2.0G slab=0.8G
[MEM] ep023 batch 4500: use=5.3G peak=5.3G limit=n/a anon=2.5G file=2.0G slab=0.8G
[MEM] ep023 batch 5000: use=5.3G peak=5.3G limit=n/a anon=2.5G file=2.0G slab=0.8G
[MEM] ep023 batch 5500: use=5.3G peak=5.3G limit=n/a anon=2.5G file=2.0G slab=0.8G
[MEM] ep023 val-start: use=4.1G peak=5.3G limit=n/a anon=1.3G file=2.0G slab=0.8G
[MEM] end epoch 023: use=4.1G peak=5.3G limit=n/a anon=1.3G file=2.0G slab=0.8G
Epoch 023 | Train Huber 4.1979 MAE 2.2001 | Val Huber 4.2170 MAE 2.2057 | LR 1.00e-04
[MEM] ep024 train-start: use=4.1G peak=5.3G limit=n/a anon=1.3G file=2.0G slab=0.8G
[MEM] ep024 batch 1: use=4.6G peak=5.3G limit=n/a anon=1.8G file=2.0G slab=0.8G
[MEM] ep024 batch 2: use=4.6G peak=5.3G limit=n/a anon=1.8G file=2.0G slab=0.8G
[MEM] ep024 batch 3: use=4.6G peak=5.3G limit=n/a anon=1.8G file=2.0G slab=0.8G
[MEM] ep024 batch 4: use=4.6G peak=5.3G limit=n/a anon=1.8G file=2.0G slab=0.8G
[MEM] ep024 batch 5: use=4.7G peak=5.3G limit=n/a anon=1.9G file=2.0G slab=0.8G
[MEM] ep024 batch 500: use=5.1G peak=5.3G limit=n/a anon=2.3G file=2.0G slab=0.8G
[MEM] ep024 batch 1000: use=5.1G peak=5.3G limit=n/a anon=2.3G file=2.0G slab=0.8G
[MEM] ep024 batch 1500: use=5.2G peak=5.3G limit=n/a anon=2.4G file=2.0G slab=0.8G
[MEM] ep024 batch 2000: use=5.2G peak=5.3G limit=n/a anon=2.4G file=2.0G slab=0.8G
[MEM] ep024 batch 2500: use=5.2G peak=5.3G limit=n/a anon=2.4G file=2.0G slab=0.8G
[MEM] ep024 batch 3000: use=5.2G peak=5.3G limit=n/a anon=2.4G file=2.0G slab=0.8G
[MEM] ep024 batch 3500: use=5.3G peak=5.3G limit=n/a anon=2.5G file=2.0G slab=0.8G
[MEM] ep024 batch 4000: use=5.3G peak=5.3G limit=n/a anon=2.5G file=2.0G slab=0.8G
[MEM] ep024 batch 4500: use=5.3G peak=5.3G limit=n/a anon=2.5G file=2.0G slab=0.8G
[MEM] ep024 batch 5000: use=5.3G peak=5.3G limit=n/a anon=2.5G file=2.0G slab=0.8G
[MEM] ep024 batch 5500: use=5.3G peak=5.3G limit=n/a anon=2.5G file=2.0G slab=0.8G
[MEM] ep024 val-start: use=4.1G peak=5.3G limit=n/a anon=1.3G file=2.0G slab=0.8G
[MEM] end epoch 024: use=4.1G peak=5.3G limit=n/a anon=1.3G file=2.0G slab=0.8G
Epoch 024 | Train Huber 4.1770 MAE 2.1922 | Val Huber 4.3317 MAE 2.1972 | LR 1.00e-04
[MEM] ep025 train-start: use=4.1G peak=5.3G limit=n/a anon=1.3G file=2.0G slab=0.8G
[MEM] ep025 batch 1: use=4.6G peak=5.3G limit=n/a anon=1.8G file=2.0G slab=0.8G
[MEM] ep025 batch 2: use=4.6G peak=5.3G limit=n/a anon=1.8G file=2.0G slab=0.8G
[MEM] ep025 batch 3: use=4.6G peak=5.3G limit=n/a anon=1.8G file=2.0G slab=0.8G
[MEM] ep025 batch 4: use=4.6G peak=5.3G limit=n/a anon=1.8G file=2.0G slab=0.8G
[MEM] ep025 batch 5: use=4.7G peak=5.3G limit=n/a anon=1.9G file=2.0G slab=0.8G
[MEM] ep025 batch 500: use=5.1G peak=5.3G limit=n/a anon=2.3G file=2.0G slab=0.8G
[MEM] ep025 batch 1000: use=5.1G peak=5.3G limit=n/a anon=2.3G file=2.0G slab=0.8G
[MEM] ep025 batch 1500: use=5.2G peak=5.3G limit=n/a anon=2.3G file=2.0G slab=0.8G
[MEM] ep025 batch 2000: use=5.2G peak=5.3G limit=n/a anon=2.4G file=2.0G slab=0.8G
[MEM] ep025 batch 2500: use=5.2G peak=5.3G limit=n/a anon=2.4G file=2.0G slab=0.8G
[MEM] ep025 batch 3000: use=5.2G peak=5.3G limit=n/a anon=2.4G file=2.0G slab=0.8G
[MEM] ep025 batch 3500: use=5.3G peak=5.3G limit=n/a anon=2.5G file=2.0G slab=0.8G
[MEM] ep025 batch 4000: use=5.3G peak=5.3G limit=n/a anon=2.5G file=2.0G slab=0.8G
[MEM] ep025 batch 4500: use=5.3G peak=5.3G limit=n/a anon=2.5G file=2.0G slab=0.8G
[MEM] ep025 batch 5000: use=5.3G peak=5.3G limit=n/a anon=2.5G file=2.0G slab=0.8G
[MEM] ep025 batch 5500: use=5.3G peak=5.3G limit=n/a anon=2.5G file=2.0G slab=0.8G
[MEM] ep025 val-start: use=4.1G peak=5.3G limit=n/a anon=1.3G file=2.0G slab=0.8G
[MEM] end epoch 025: use=4.1G peak=5.3G limit=n/a anon=1.3G file=2.0G slab=0.8G
Epoch 025 | Train Huber 4.1632 MAE 2.1879 | Val Huber 4.2571 MAE 2.2130 | LR 1.00e-04
[MEM] ep026 train-start: use=4.1G peak=5.3G limit=n/a anon=1.3G file=2.0G slab=0.8G
[MEM] ep026 batch 1: use=4.6G peak=5.3G limit=n/a anon=1.8G file=2.0G slab=0.8G
[MEM] ep026 batch 2: use=4.6G peak=5.3G limit=n/a anon=1.8G file=2.0G slab=0.8G
[MEM] ep026 batch 3: use=4.6G peak=5.3G limit=n/a anon=1.8G file=2.0G slab=0.8G
[MEM] ep026 batch 4: use=4.6G peak=5.3G limit=n/a anon=1.8G file=2.0G slab=0.8G
[MEM] ep026 batch 5: use=4.7G peak=5.3G limit=n/a anon=1.9G file=2.0G slab=0.8G
[MEM] ep026 batch 500: use=5.1G peak=5.3G limit=n/a anon=2.3G file=2.0G slab=0.8G
[MEM] ep026 batch 1000: use=5.1G peak=5.3G limit=n/a anon=2.3G file=2.0G slab=0.8G
[MEM] ep026 batch 1500: use=5.2G peak=5.3G limit=n/a anon=2.4G file=2.0G slab=0.8G
[MEM] ep026 batch 2000: use=5.2G peak=5.3G limit=n/a anon=2.4G file=2.0G slab=0.8G
[MEM] ep026 batch 2500: use=5.2G peak=5.3G limit=n/a anon=2.4G file=2.0G slab=0.8G
[MEM] ep026 batch 3000: use=5.2G peak=5.3G limit=n/a anon=2.4G file=2.0G slab=0.8G
[MEM] ep026 batch 3500: use=5.3G peak=5.3G limit=n/a anon=2.5G file=2.0G slab=0.8G
[MEM] ep026 batch 4000: use=5.3G peak=5.3G limit=n/a anon=2.5G file=2.0G slab=0.8G
[MEM] ep026 batch 4500: use=5.3G peak=5.3G limit=n/a anon=2.5G file=2.0G slab=0.8G
[MEM] ep026 batch 5000: use=5.3G peak=5.3G limit=n/a anon=2.5G file=2.0G slab=0.8G
[MEM] ep026 batch 5500: use=5.3G peak=5.3G limit=n/a anon=2.5G file=2.0G slab=0.8G
[MEM] ep026 val-start: use=4.1G peak=5.3G limit=n/a anon=1.3G file=2.0G slab=0.8G
[MEM] end epoch 026: use=4.1G peak=5.3G limit=n/a anon=1.3G file=2.0G slab=0.8G
Epoch 026 | Train Huber 4.1477 MAE 2.1836 | Val Huber 4.1500 MAE 2.1999 | LR 1.00e-04
  New best model (epoch 026, Val Huber 4.1500), saved to /s/chopin/e/proj/hyperspec/masfiq/models/tinyUnet_version_8_fusion_geohash_month_koppen_withAttentionLayer_SAR_DEM_sqrt_version_6_California_North_10_2021_best.pth
[MEM] ep027 train-start: use=4.1G peak=5.3G limit=n/a anon=1.3G file=2.0G slab=0.8G
[MEM] ep027 batch 1: use=4.6G peak=5.3G limit=n/a anon=1.8G file=2.0G slab=0.8G
[MEM] ep027 batch 2: use=4.6G peak=5.3G limit=n/a anon=1.8G file=2.0G slab=0.8G
[MEM] ep027 batch 3: use=4.6G peak=5.3G limit=n/a anon=1.8G file=2.0G slab=0.8G
[MEM] ep027 batch 4: use=4.6G peak=5.3G limit=n/a anon=1.8G file=2.0G slab=0.8G
[MEM] ep027 batch 5: use=4.7G peak=5.3G limit=n/a anon=1.9G file=2.0G slab=0.8G
[MEM] ep027 batch 500: use=5.1G peak=5.3G limit=n/a anon=2.2G file=2.0G slab=0.8G
[MEM] ep027 batch 1000: use=5.1G peak=5.3G limit=n/a anon=2.3G file=2.0G slab=0.8G
[MEM] ep027 batch 1500: use=5.2G peak=5.3G limit=n/a anon=2.4G file=2.0G slab=0.8G
[MEM] ep027 batch 2000: use=5.2G peak=5.3G limit=n/a anon=2.4G file=2.0G slab=0.8G
[MEM] ep027 batch 2500: use=5.2G peak=5.3G limit=n/a anon=2.4G file=2.0G slab=0.8G
[MEM] ep027 batch 3000: use=5.2G peak=5.3G limit=n/a anon=2.4G file=2.0G slab=0.8G
[MEM] ep027 batch 3500: use=5.3G peak=5.3G limit=n/a anon=2.5G file=2.0G slab=0.8G
[MEM] ep027 batch 4000: use=5.3G peak=5.3G limit=n/a anon=2.5G file=2.0G slab=0.8G
[MEM] ep027 batch 4500: use=5.3G peak=5.3G limit=n/a anon=2.5G file=2.0G slab=0.8G
[MEM] ep027 batch 5000: use=5.3G peak=5.3G limit=n/a anon=2.5G file=2.0G slab=0.8G
[MEM] ep027 batch 5500: use=5.3G peak=5.3G limit=n/a anon=2.5G file=2.0G slab=0.8G
[MEM] ep027 val-start: use=4.1G peak=5.3G limit=n/a anon=1.3G file=2.0G slab=0.8G
[MEM] end epoch 027: use=4.1G peak=5.3G limit=n/a anon=1.3G file=2.0G slab=0.8G
Epoch 027 | Train Huber 4.1368 MAE 2.1806 | Val Huber 4.3047 MAE 2.2123 | LR 1.00e-04
[MEM] ep028 train-start: use=4.1G peak=5.3G limit=n/a anon=1.3G file=2.0G slab=0.8G
[MEM] ep028 batch 1: use=4.6G peak=5.3G limit=n/a anon=1.8G file=2.0G slab=0.8G
[MEM] ep028 batch 2: use=4.6G peak=5.3G limit=n/a anon=1.8G file=2.0G slab=0.8G
[MEM] ep028 batch 3: use=4.6G peak=5.3G limit=n/a anon=1.8G file=2.0G slab=0.8G
[MEM] ep028 batch 4: use=4.6G peak=5.3G limit=n/a anon=1.8G file=2.0G slab=0.8G
[MEM] ep028 batch 5: use=4.7G peak=5.3G limit=n/a anon=1.9G file=2.0G slab=0.8G
[MEM] ep028 batch 500: use=5.1G peak=5.3G limit=n/a anon=2.2G file=2.0G slab=0.8G
[MEM] ep028 batch 1000: use=5.1G peak=5.3G limit=n/a anon=2.3G file=2.0G slab=0.8G
[MEM] ep028 batch 1500: use=5.2G peak=5.3G limit=n/a anon=2.3G file=2.0G slab=0.8G
[MEM] ep028 batch 2000: use=5.2G peak=5.3G limit=n/a anon=2.4G file=2.0G slab=0.8G
[MEM] ep028 batch 2500: use=5.2G peak=5.3G limit=n/a anon=2.4G file=2.0G slab=0.8G
[MEM] ep028 batch 3000: use=5.2G peak=5.3G limit=n/a anon=2.4G file=2.0G slab=0.8G
[MEM] ep028 batch 3500: use=5.3G peak=5.3G limit=n/a anon=2.5G file=2.0G slab=0.8G
[MEM] ep028 batch 4000: use=5.3G peak=5.3G limit=n/a anon=2.5G file=2.0G slab=0.8G
[MEM] ep028 batch 4500: use=5.3G peak=5.3G limit=n/a anon=2.5G file=2.0G slab=0.8G
[MEM] ep028 batch 5000: use=5.3G peak=5.3G limit=n/a anon=2.5G file=2.0G slab=0.8G
[MEM] ep028 batch 5500: use=5.3G peak=5.3G limit=n/a anon=2.5G file=2.0G slab=0.8G
[MEM] ep028 val-start: use=4.1G peak=5.3G limit=n/a anon=1.3G file=2.0G slab=0.8G
[MEM] end epoch 028: use=4.1G peak=5.3G limit=n/a anon=1.3G file=2.0G slab=0.8G
Epoch 028 | Train Huber 4.1341 MAE 2.1800 | Val Huber 4.1859 MAE 2.1825 | LR 1.00e-04
[MEM] ep029 train-start: use=4.1G peak=5.3G limit=n/a anon=1.3G file=2.0G slab=0.8G
[MEM] ep029 batch 1: use=4.6G peak=5.3G limit=n/a anon=1.8G file=2.0G slab=0.8G
[MEM] ep029 batch 2: use=4.6G peak=5.3G limit=n/a anon=1.8G file=2.0G slab=0.8G
[MEM] ep029 batch 3: use=4.6G peak=5.3G limit=n/a anon=1.8G file=2.0G slab=0.8G
[MEM] ep029 batch 4: use=4.6G peak=5.3G limit=n/a anon=1.8G file=2.0G slab=0.8G
[MEM] ep029 batch 5: use=4.7G peak=5.3G limit=n/a anon=1.9G file=2.0G slab=0.8G
[MEM] ep029 batch 500: use=5.1G peak=5.3G limit=n/a anon=2.3G file=2.0G slab=0.8G
[MEM] ep029 batch 1000: use=5.1G peak=5.3G limit=n/a anon=2.3G file=2.0G slab=0.8G
[MEM] ep029 batch 1500: use=5.2G peak=5.3G limit=n/a anon=2.3G file=2.0G slab=0.8G
[MEM] ep029 batch 2000: use=5.2G peak=5.3G limit=n/a anon=2.4G file=2.0G slab=0.8G
[MEM] ep029 batch 2500: use=5.2G peak=5.3G limit=n/a anon=2.4G file=2.0G slab=0.8G
[MEM] ep029 batch 3000: use=5.2G peak=5.3G limit=n/a anon=2.4G file=2.0G slab=0.8G
[MEM] ep029 batch 3500: use=5.3G peak=5.3G limit=n/a anon=2.5G file=2.0G slab=0.8G
[MEM] ep029 batch 4000: use=5.3G peak=5.3G limit=n/a anon=2.5G file=2.0G slab=0.8G
[MEM] ep029 batch 4500: use=5.3G peak=5.3G limit=n/a anon=2.5G file=2.0G slab=0.8G
[MEM] ep029 batch 5000: use=5.3G peak=5.3G limit=n/a anon=2.5G file=2.0G slab=0.8G
[MEM] ep029 batch 5500: use=5.3G peak=5.3G limit=n/a anon=2.5G file=2.0G slab=0.8G
[MEM] ep029 val-start: use=4.1G peak=5.3G limit=n/a anon=1.3G file=2.0G slab=0.8G
[MEM] end epoch 029: use=4.1G peak=5.3G limit=n/a anon=1.3G file=2.0G slab=0.8G
Epoch 029 | Train Huber 4.1185 MAE 2.1737 | Val Huber 4.1262 MAE 2.1685 | LR 1.00e-04
  New best model (epoch 029, Val Huber 4.1262), saved to /s/chopin/e/proj/hyperspec/masfiq/models/tinyUnet_version_8_fusion_geohash_month_koppen_withAttentionLayer_SAR_DEM_sqrt_version_6_California_North_10_2021_best.pth
[MEM] ep030 train-start: use=4.1G peak=5.3G limit=n/a anon=1.3G file=2.0G slab=0.8G
[MEM] ep030 batch 1: use=4.6G peak=5.3G limit=n/a anon=1.8G file=2.0G slab=0.8G
[MEM] ep030 batch 2: use=4.6G peak=5.3G limit=n/a anon=1.8G file=2.0G slab=0.8G
[MEM] ep030 batch 3: use=4.6G peak=5.3G limit=n/a anon=1.8G file=2.0G slab=0.8G
[MEM] ep030 batch 4: use=4.6G peak=5.3G limit=n/a anon=1.8G file=2.0G slab=0.8G
[MEM] ep030 batch 5: use=4.7G peak=5.3G limit=n/a anon=1.9G file=2.0G slab=0.8G
[MEM] ep030 batch 500: use=5.1G peak=5.3G limit=n/a anon=2.2G file=2.0G slab=0.8G
[MEM] ep030 batch 1000: use=5.1G peak=5.3G limit=n/a anon=2.3G file=2.0G slab=0.8G
[MEM] ep030 batch 1500: use=5.2G peak=5.3G limit=n/a anon=2.4G file=2.0G slab=0.8G
[MEM] ep030 batch 2000: use=5.2G peak=5.3G limit=n/a anon=2.4G file=2.0G slab=0.8G
[MEM] ep030 batch 2500: use=5.2G peak=5.3G limit=n/a anon=2.4G file=2.0G slab=0.8G
[MEM] ep030 batch 3000: use=5.2G peak=5.3G limit=n/a anon=2.4G file=2.0G slab=0.8G
[MEM] ep030 batch 3500: use=5.3G peak=5.3G limit=n/a anon=2.5G file=2.0G slab=0.8G
[MEM] ep030 batch 4000: use=5.3G peak=5.3G limit=n/a anon=2.5G file=2.0G slab=0.8G
[MEM] ep030 batch 4500: use=5.3G peak=5.3G limit=n/a anon=2.5G file=2.0G slab=0.8G
[MEM] ep030 batch 5000: use=5.3G peak=5.3G limit=n/a anon=2.5G file=2.0G slab=0.8G
[MEM] ep030 batch 5500: use=5.3G peak=5.3G limit=n/a anon=2.5G file=2.0G slab=0.8G
[MEM] ep030 val-start: use=4.1G peak=5.3G limit=n/a anon=1.3G file=2.0G slab=0.8G
[MEM] end epoch 030: use=4.1G peak=5.3G limit=n/a anon=1.3G file=2.0G slab=0.8G
Epoch 030 | Train Huber 4.1041 MAE 2.1689 | Val Huber 4.2831 MAE 2.1915 | LR 1.00e-04
[MEM] ep031 train-start: use=4.1G peak=5.3G limit=n/a anon=1.3G file=2.0G slab=0.8G
[MEM] ep031 batch 1: use=4.5G peak=5.3G limit=n/a anon=1.7G file=2.0G slab=0.8G
[MEM] ep031 batch 2: use=4.6G peak=5.3G limit=n/a anon=1.8G file=2.0G slab=0.8G
[MEM] ep031 batch 3: use=4.6G peak=5.3G limit=n/a anon=1.8G file=2.0G slab=0.8G
[MEM] ep031 batch 4: use=4.6G peak=5.3G limit=n/a anon=1.8G file=2.0G slab=0.8G
[MEM] ep031 batch 5: use=4.7G peak=5.3G limit=n/a anon=1.8G file=2.0G slab=0.8G
[MEM] ep031 batch 500: use=5.1G peak=5.3G limit=n/a anon=2.2G file=2.0G slab=0.8G
[MEM] ep031 batch 1000: use=5.1G peak=5.3G limit=n/a anon=2.3G file=2.0G slab=0.8G
[MEM] ep031 batch 1500: use=5.2G peak=5.3G limit=n/a anon=2.3G file=2.0G slab=0.8G
[MEM] ep031 batch 2000: use=5.2G peak=5.3G limit=n/a anon=2.4G file=2.0G slab=0.8G
[MEM] ep031 batch 2500: use=5.2G peak=5.3G limit=n/a anon=2.4G file=2.0G slab=0.8G
[MEM] ep031 batch 3000: use=5.2G peak=5.3G limit=n/a anon=2.4G file=2.0G slab=0.8G
[MEM] ep031 batch 3500: use=5.3G peak=5.3G limit=n/a anon=2.5G file=2.0G slab=0.8G
[MEM] ep031 batch 4000: use=5.3G peak=5.3G limit=n/a anon=2.5G file=2.0G slab=0.8G
[MEM] ep031 batch 4500: use=5.3G peak=5.3G limit=n/a anon=2.5G file=2.0G slab=0.8G
[MEM] ep031 batch 5000: use=5.3G peak=5.3G limit=n/a anon=2.5G file=2.0G slab=0.8G
[MEM] ep031 batch 5500: use=5.3G peak=5.3G limit=n/a anon=2.5G file=2.0G slab=0.8G
[MEM] ep031 val-start: use=4.1G peak=5.3G limit=n/a anon=1.3G file=2.0G slab=0.8G
[MEM] end epoch 031: use=4.1G peak=5.3G limit=n/a anon=1.3G file=2.0G slab=0.8G
Epoch 031 | Train Huber 4.0893 MAE 2.1639 | Val Huber 4.1395 MAE 2.1798 | LR 1.00e-04
[MEM] ep032 train-start: use=4.1G peak=5.3G limit=n/a anon=1.3G file=2.0G slab=0.8G
[MEM] ep032 batch 1: use=4.6G peak=5.3G limit=n/a anon=1.8G file=2.0G slab=0.8G
[MEM] ep032 batch 2: use=4.6G peak=5.3G limit=n/a anon=1.8G file=2.0G slab=0.8G
[MEM] ep032 batch 3: use=4.6G peak=5.3G limit=n/a anon=1.8G file=2.0G slab=0.8G
[MEM] ep032 batch 4: use=4.6G peak=5.3G limit=n/a anon=1.8G file=2.0G slab=0.8G
[MEM] ep032 batch 5: use=4.7G peak=5.3G limit=n/a anon=1.9G file=2.0G slab=0.8G
[MEM] ep032 batch 500: use=5.1G peak=5.3G limit=n/a anon=2.3G file=2.0G slab=0.8G
[MEM] ep032 batch 1000: use=5.1G peak=5.3G limit=n/a anon=2.3G file=2.0G slab=0.8G
[MEM] ep032 batch 1500: use=5.2G peak=5.3G limit=n/a anon=2.4G file=2.0G slab=0.8G
[MEM] ep032 batch 2000: use=5.2G peak=5.3G limit=n/a anon=2.4G file=2.0G slab=0.8G
[MEM] ep032 batch 2500: use=5.2G peak=5.3G limit=n/a anon=2.4G file=2.0G slab=0.8G
[MEM] ep032 batch 3000: use=5.2G peak=5.3G limit=n/a anon=2.4G file=2.0G slab=0.8G
[MEM] ep032 batch 3500: use=5.3G peak=5.3G limit=n/a anon=2.5G file=2.0G slab=0.8G
[MEM] ep032 batch 4000: use=5.3G peak=5.3G limit=n/a anon=2.5G file=2.0G slab=0.8G
[MEM] ep032 batch 4500: use=5.3G peak=5.3G limit=n/a anon=2.5G file=2.0G slab=0.8G
[MEM] ep032 batch 5000: use=5.3G peak=5.3G limit=n/a anon=2.5G file=2.0G slab=0.8G
[MEM] ep032 batch 5500: use=5.3G peak=5.3G limit=n/a anon=2.5G file=2.0G slab=0.8G
[MEM] ep032 val-start: use=4.1G peak=5.3G limit=n/a anon=1.3G file=2.0G slab=0.8G
[MEM] end epoch 032: use=4.1G peak=5.3G limit=n/a anon=1.3G file=2.0G slab=0.8G
Epoch 032 | Train Huber 4.0770 MAE 2.1623 | Val Huber 4.1106 MAE 2.1604 | LR 1.00e-04
  New best model (epoch 032, Val Huber 4.1106), saved to /s/chopin/e/proj/hyperspec/masfiq/models/tinyUnet_version_8_fusion_geohash_month_koppen_withAttentionLayer_SAR_DEM_sqrt_version_6_California_North_10_2021_best.pth
[MEM] ep033 train-start: use=4.1G peak=5.3G limit=n/a anon=1.3G file=2.0G slab=0.8G
[MEM] ep033 batch 1: use=4.6G peak=5.3G limit=n/a anon=1.8G file=2.0G slab=0.8G
[MEM] ep033 batch 2: use=4.6G peak=5.3G limit=n/a anon=1.8G file=2.0G slab=0.8G
[MEM] ep033 batch 3: use=4.6G peak=5.3G limit=n/a anon=1.8G file=2.0G slab=0.8G
[MEM] ep033 batch 4: use=4.6G peak=5.3G limit=n/a anon=1.8G file=2.0G slab=0.8G
[MEM] ep033 batch 5: use=4.7G peak=5.3G limit=n/a anon=1.9G file=2.0G slab=0.8G
[MEM] ep033 batch 500: use=5.1G peak=5.3G limit=n/a anon=2.3G file=2.0G slab=0.8G
[MEM] ep033 batch 1000: use=5.1G peak=5.3G limit=n/a anon=2.3G file=2.0G slab=0.8G
[MEM] ep033 batch 1500: use=5.2G peak=5.3G limit=n/a anon=2.3G file=2.0G slab=0.8G
[MEM] ep033 batch 2000: use=5.2G peak=5.3G limit=n/a anon=2.4G file=2.0G slab=0.8G
[MEM] ep033 batch 2500: use=5.2G peak=5.3G limit=n/a anon=2.4G file=2.0G slab=0.8G
[MEM] ep033 batch 3000: use=5.2G peak=5.3G limit=n/a anon=2.4G file=2.0G slab=0.8G
[MEM] ep033 batch 3500: use=5.3G peak=5.3G limit=n/a anon=2.5G file=2.0G slab=0.8G
[MEM] ep033 batch 4000: use=5.3G peak=5.3G limit=n/a anon=2.5G file=2.0G slab=0.8G
[MEM] ep033 batch 4500: use=5.3G peak=5.3G limit=n/a anon=2.5G file=2.0G slab=0.8G
[MEM] ep033 batch 5000: use=5.3G peak=5.3G limit=n/a anon=2.5G file=2.0G slab=0.8G
[MEM] ep033 batch 5500: use=5.3G peak=5.3G limit=n/a anon=2.5G file=2.0G slab=0.8G
[MEM] ep033 val-start: use=4.1G peak=5.3G limit=n/a anon=1.3G file=2.0G slab=0.8G
[MEM] end epoch 033: use=4.1G peak=5.3G limit=n/a anon=1.3G file=2.0G slab=0.8G
Epoch 033 | Train Huber 4.0634 MAE 2.1567 | Val Huber 4.1056 MAE 2.1716 | LR 1.00e-04
  New best model (epoch 033, Val Huber 4.1056), saved to /s/chopin/e/proj/hyperspec/masfiq/models/tinyUnet_version_8_fusion_geohash_month_koppen_withAttentionLayer_SAR_DEM_sqrt_version_6_California_North_10_2021_best.pth
[MEM] ep034 train-start: use=4.1G peak=5.3G limit=n/a anon=1.3G file=2.0G slab=0.8G
[MEM] ep034 batch 1: use=4.6G peak=5.3G limit=n/a anon=1.8G file=2.0G slab=0.8G
[MEM] ep034 batch 2: use=4.6G peak=5.3G limit=n/a anon=1.8G file=2.0G slab=0.8G
[MEM] ep034 batch 3: use=4.6G peak=5.3G limit=n/a anon=1.8G file=2.0G slab=0.8G
[MEM] ep034 batch 4: use=4.6G peak=5.3G limit=n/a anon=1.8G file=2.0G slab=0.8G
[MEM] ep034 batch 5: use=4.7G peak=5.3G limit=n/a anon=1.8G file=2.0G slab=0.8G
[MEM] ep034 batch 500: use=5.1G peak=5.3G limit=n/a anon=2.3G file=2.0G slab=0.8G
[MEM] ep034 batch 1000: use=5.1G peak=5.3G limit=n/a anon=2.3G file=2.0G slab=0.8G
[MEM] ep034 batch 1500: use=5.2G peak=5.3G limit=n/a anon=2.3G file=2.0G slab=0.8G
[MEM] ep034 batch 2000: use=5.2G peak=5.3G limit=n/a anon=2.4G file=2.0G slab=0.8G
[MEM] ep034 batch 2500: use=5.2G peak=5.3G limit=n/a anon=2.4G file=2.0G slab=0.8G
[MEM] ep034 batch 3000: use=5.2G peak=5.3G limit=n/a anon=2.4G file=2.0G slab=0.8G
[MEM] ep034 batch 3500: use=5.3G peak=5.3G limit=n/a anon=2.5G file=2.0G slab=0.8G
[MEM] ep034 batch 4000: use=5.3G peak=5.3G limit=n/a anon=2.5G file=2.0G slab=0.8G
[MEM] ep034 batch 4500: use=5.3G peak=5.3G limit=n/a anon=2.5G file=2.0G slab=0.8G
[MEM] ep034 batch 5000: use=5.3G peak=5.3G limit=n/a anon=2.5G file=2.0G slab=0.8G
[MEM] ep034 batch 5500: use=5.3G peak=5.3G limit=n/a anon=2.5G file=2.0G slab=0.8G
[MEM] ep034 val-start: use=4.1G peak=5.3G limit=n/a anon=1.3G file=2.0G slab=0.8G
[MEM] end epoch 034: use=4.1G peak=5.3G limit=n/a anon=1.3G file=2.0G slab=0.8G
Epoch 034 | Train Huber 4.0583 MAE 2.1551 | Val Huber 4.1448 MAE 2.1849 | LR 1.00e-04
[MEM] ep035 train-start: use=4.1G peak=5.3G limit=n/a anon=1.3G file=2.0G slab=0.8G
[MEM] ep035 batch 1: use=4.6G peak=5.3G limit=n/a anon=1.7G file=2.0G slab=0.8G
[MEM] ep035 batch 2: use=4.6G peak=5.3G limit=n/a anon=1.8G file=2.0G slab=0.8G
[MEM] ep035 batch 3: use=4.6G peak=5.3G limit=n/a anon=1.8G file=2.0G slab=0.8G
[MEM] ep035 batch 4: use=4.6G peak=5.3G limit=n/a anon=1.8G file=2.0G slab=0.8G
[MEM] ep035 batch 5: use=4.7G peak=5.3G limit=n/a anon=1.9G file=2.0G slab=0.8G
[MEM] ep035 batch 500: use=5.1G peak=5.3G limit=n/a anon=2.3G file=2.0G slab=0.8G
[MEM] ep035 batch 1000: use=5.1G peak=5.3G limit=n/a anon=2.3G file=2.0G slab=0.8G
[MEM] ep035 batch 1500: use=5.2G peak=5.3G limit=n/a anon=2.4G file=2.0G slab=0.8G
[MEM] ep035 batch 2000: use=5.2G peak=5.3G limit=n/a anon=2.4G file=2.0G slab=0.8G
[MEM] ep035 batch 2500: use=5.2G peak=5.3G limit=n/a anon=2.4G file=2.0G slab=0.8G
[MEM] ep035 batch 3000: use=5.2G peak=5.3G limit=n/a anon=2.4G file=2.0G slab=0.8G
[MEM] ep035 batch 3500: use=5.3G peak=5.3G limit=n/a anon=2.5G file=2.0G slab=0.8G
[MEM] ep035 batch 4000: use=5.3G peak=5.3G limit=n/a anon=2.5G file=2.0G slab=0.8G
[MEM] ep035 batch 4500: use=5.3G peak=5.3G limit=n/a anon=2.5G file=2.0G slab=0.8G
[MEM] ep035 batch 5000: use=5.3G peak=5.3G limit=n/a anon=2.5G file=2.0G slab=0.8G
[MEM] ep035 batch 5500: use=5.3G peak=5.3G limit=n/a anon=2.5G file=2.0G slab=0.8G
[MEM] ep035 val-start: use=4.1G peak=5.3G limit=n/a anon=1.3G file=2.0G slab=0.8G
[MEM] end epoch 035: use=4.1G peak=5.3G limit=n/a anon=1.3G file=2.0G slab=0.8G
Epoch 035 | Train Huber 4.0467 MAE 2.1516 | Val Huber 4.1232 MAE 2.1606 | LR 1.00e-04
[MEM] ep036 train-start: use=4.1G peak=5.3G limit=n/a anon=1.3G file=2.0G slab=0.8G
[MEM] ep036 batch 1: use=4.6G peak=5.3G limit=n/a anon=1.8G file=2.0G slab=0.8G
[MEM] ep036 batch 2: use=4.6G peak=5.3G limit=n/a anon=1.8G file=2.0G slab=0.8G
[MEM] ep036 batch 3: use=4.6G peak=5.3G limit=n/a anon=1.8G file=2.0G slab=0.8G
[MEM] ep036 batch 4: use=4.6G peak=5.3G limit=n/a anon=1.8G file=2.0G slab=0.8G
[MEM] ep036 batch 5: use=4.7G peak=5.3G limit=n/a anon=1.9G file=2.0G slab=0.8G
[MEM] ep036 batch 500: use=5.1G peak=5.3G limit=n/a anon=2.3G file=2.0G slab=0.8G
[MEM] ep036 batch 1000: use=5.1G peak=5.3G limit=n/a anon=2.3G file=2.0G slab=0.8G
[MEM] ep036 batch 1500: use=5.2G peak=5.3G limit=n/a anon=2.4G file=2.0G slab=0.8G
[MEM] ep036 batch 2000: use=5.2G peak=5.3G limit=n/a anon=2.4G file=2.0G slab=0.8G
[MEM] ep036 batch 2500: use=5.3G peak=5.3G limit=n/a anon=2.5G file=2.0G slab=0.8G
[MEM] ep036 batch 3000: use=5.3G peak=5.3G limit=n/a anon=2.5G file=2.0G slab=0.8G
[MEM] ep036 batch 3500: use=5.3G peak=5.3G limit=n/a anon=2.5G file=2.0G slab=0.8G
[MEM] ep036 batch 4000: use=5.4G peak=5.4G limit=n/a anon=2.5G file=2.0G slab=0.8G
[MEM] ep036 batch 4500: use=5.4G peak=5.4G limit=n/a anon=2.6G file=2.0G slab=0.8G
[MEM] ep036 batch 5000: use=5.4G peak=5.4G limit=n/a anon=2.6G file=2.0G slab=0.8G
[MEM] ep036 batch 5500: use=5.4G peak=5.4G limit=n/a anon=2.6G file=2.0G slab=0.8G
[MEM] ep036 val-start: use=4.2G peak=5.4G limit=n/a anon=1.4G file=2.0G slab=0.8G
[MEM] end epoch 036: use=4.2G peak=5.4G limit=n/a anon=1.4G file=2.0G slab=0.8G
Epoch 036 | Train Huber 4.0345 MAE 2.1486 | Val Huber 4.1034 MAE 2.1583 | LR 1.00e-04
  New best model (epoch 036, Val Huber 4.1034), saved to /s/chopin/e/proj/hyperspec/masfiq/models/tinyUnet_version_8_fusion_geohash_month_koppen_withAttentionLayer_SAR_DEM_sqrt_version_6_California_North_10_2021_best.pth
[MEM] ep037 train-start: use=4.2G peak=5.4G limit=n/a anon=1.4G file=2.0G slab=0.8G
[MEM] ep037 batch 1: use=4.6G peak=5.4G limit=n/a anon=1.8G file=2.0G slab=0.8G
[MEM] ep037 batch 2: use=4.6G peak=5.4G limit=n/a anon=1.8G file=2.0G slab=0.8G
[MEM] ep037 batch 3: use=4.6G peak=5.4G limit=n/a anon=1.8G file=2.0G slab=0.8G
[MEM] ep037 batch 4: use=4.6G peak=5.4G limit=n/a anon=1.8G file=2.0G slab=0.8G
[MEM] ep037 batch 5: use=4.7G peak=5.4G limit=n/a anon=1.9G file=2.0G slab=0.8G
[MEM] ep037 batch 500: use=5.1G peak=5.4G limit=n/a anon=2.3G file=2.0G slab=0.8G
[MEM] ep037 batch 1000: use=5.2G peak=5.4G limit=n/a anon=2.4G file=2.0G slab=0.8G
[MEM] ep037 batch 1500: use=5.2G peak=5.4G limit=n/a anon=2.4G file=2.0G slab=0.8G
[MEM] ep037 batch 2000: use=5.3G peak=5.4G limit=n/a anon=2.4G file=2.0G slab=0.8G
[MEM] ep037 batch 2500: use=5.3G peak=5.4G limit=n/a anon=2.5G file=2.0G slab=0.8G
[MEM] ep037 batch 3000: use=5.3G peak=5.4G limit=n/a anon=2.5G file=2.0G slab=0.8G
[MEM] ep037 batch 3500: use=5.3G peak=5.4G limit=n/a anon=2.5G file=2.0G slab=0.8G
[MEM] ep037 batch 4000: use=5.4G peak=5.4G limit=n/a anon=2.5G file=2.0G slab=0.8G
[MEM] ep037 batch 4500: use=5.4G peak=5.4G limit=n/a anon=2.5G file=2.0G slab=0.8G
[MEM] ep037 batch 5000: use=5.4G peak=5.4G limit=n/a anon=2.6G file=2.0G slab=0.8G
[MEM] ep037 batch 5500: use=5.4G peak=5.4G limit=n/a anon=2.6G file=2.0G slab=0.8G
[MEM] ep037 val-start: use=4.2G peak=5.4G limit=n/a anon=1.4G file=2.0G slab=0.8G
[MEM] end epoch 037: use=4.2G peak=5.4G limit=n/a anon=1.4G file=2.0G slab=0.8G
Epoch 037 | Train Huber 4.0237 MAE 2.1433 | Val Huber 4.1329 MAE 2.2090 | LR 1.00e-04
[MEM] ep038 train-start: use=4.2G peak=5.4G limit=n/a anon=1.4G file=2.0G slab=0.8G
[MEM] ep038 batch 1: use=4.6G peak=5.4G limit=n/a anon=1.8G file=2.0G slab=0.8G
[MEM] ep038 batch 2: use=4.6G peak=5.4G limit=n/a anon=1.8G file=2.0G slab=0.8G
[MEM] ep038 batch 3: use=4.7G peak=5.4G limit=n/a anon=1.8G file=2.0G slab=0.8G
[MEM] ep038 batch 4: use=4.7G peak=5.4G limit=n/a anon=1.9G file=2.0G slab=0.8G
[MEM] ep038 batch 5: use=4.8G peak=5.4G limit=n/a anon=2.0G file=2.0G slab=0.8G
[MEM] ep038 batch 500: use=5.1G peak=5.4G limit=n/a anon=2.3G file=2.0G slab=0.8G
[MEM] ep038 batch 1000: use=5.2G peak=5.4G limit=n/a anon=2.4G file=2.0G slab=0.8G
[MEM] ep038 batch 1500: use=5.2G peak=5.4G limit=n/a anon=2.4G file=2.0G slab=0.8G
[MEM] ep038 batch 2000: use=5.2G peak=5.4G limit=n/a anon=2.4G file=2.0G slab=0.8G
[MEM] ep038 batch 2500: use=5.3G peak=5.4G limit=n/a anon=2.5G file=2.0G slab=0.8G
[MEM] ep038 batch 3000: use=5.3G peak=5.4G limit=n/a anon=2.5G file=2.0G slab=0.8G
[MEM] ep038 batch 3500: use=5.3G peak=5.4G limit=n/a anon=2.5G file=2.0G slab=0.8G
[MEM] ep038 batch 4000: use=5.4G peak=5.4G limit=n/a anon=2.5G file=2.0G slab=0.8G
[MEM] ep038 batch 4500: use=5.4G peak=5.4G limit=n/a anon=2.5G file=2.0G slab=0.8G
[MEM] ep038 batch 5000: use=5.4G peak=5.4G limit=n/a anon=2.6G file=2.0G slab=0.8G
[MEM] ep038 batch 5500: use=5.4G peak=5.4G limit=n/a anon=2.6G file=2.0G slab=0.8G
[MEM] ep038 val-start: use=4.2G peak=5.4G limit=n/a anon=1.4G file=2.0G slab=0.8G
[MEM] end epoch 038: use=4.2G peak=5.4G limit=n/a anon=1.4G file=2.0G slab=0.8G
Epoch 038 | Train Huber 4.0035 MAE 2.1381 | Val Huber 4.0779 MAE 2.1555 | LR 1.00e-04
  New best model (epoch 038, Val Huber 4.0779), saved to /s/chopin/e/proj/hyperspec/masfiq/models/tinyUnet_version_8_fusion_geohash_month_koppen_withAttentionLayer_SAR_DEM_sqrt_version_6_California_North_10_2021_best.pth
[MEM] ep039 train-start: use=4.2G peak=5.4G limit=n/a anon=1.4G file=2.0G slab=0.8G
[MEM] ep039 batch 1: use=4.7G peak=5.4G limit=n/a anon=1.9G file=2.0G slab=0.8G
[MEM] ep039 batch 2: use=4.7G peak=5.4G limit=n/a anon=1.9G file=2.0G slab=0.8G
[MEM] ep039 batch 3: use=4.7G peak=5.4G limit=n/a anon=1.9G file=2.0G slab=0.8G
[MEM] ep039 batch 4: use=4.7G peak=5.4G limit=n/a anon=1.9G file=2.0G slab=0.8G
[MEM] ep039 batch 5: use=4.8G peak=5.4G limit=n/a anon=1.9G file=2.0G slab=0.8G
[MEM] ep039 batch 500: use=5.1G peak=5.4G limit=n/a anon=2.3G file=2.0G slab=0.8G
[MEM] ep039 batch 1000: use=5.2G peak=5.4G limit=n/a anon=2.4G file=2.0G slab=0.8G
[MEM] ep039 batch 1500: use=5.2G peak=5.4G limit=n/a anon=2.4G file=2.0G slab=0.8G
[MEM] ep039 batch 2000: use=5.2G peak=5.4G limit=n/a anon=2.4G file=2.0G slab=0.8G
[MEM] ep039 batch 2500: use=5.3G peak=5.4G limit=n/a anon=2.5G file=2.0G slab=0.8G
[MEM] ep039 batch 3000: use=5.3G peak=5.4G limit=n/a anon=2.5G file=2.0G slab=0.8G
[MEM] ep039 batch 3500: use=5.3G peak=5.4G limit=n/a anon=2.5G file=2.0G slab=0.8G
[MEM] ep039 batch 4000: use=5.3G peak=5.4G limit=n/a anon=2.5G file=2.0G slab=0.8G
[MEM] ep039 batch 4500: use=5.4G peak=5.4G limit=n/a anon=2.5G file=2.0G slab=0.8G
[MEM] ep039 batch 5000: use=5.4G peak=5.4G limit=n/a anon=2.6G file=2.0G slab=0.8G
[MEM] ep039 batch 5500: use=5.4G peak=5.4G limit=n/a anon=2.6G file=2.0G slab=0.8G
[MEM] ep039 val-start: use=4.2G peak=5.4G limit=n/a anon=1.4G file=2.0G slab=0.8G
[MEM] end epoch 039: use=4.2G peak=5.4G limit=n/a anon=1.4G file=2.0G slab=0.8G
Epoch 039 | Train Huber 3.9937 MAE 2.1360 | Val Huber 4.0691 MAE 2.1665 | LR 1.00e-04
  New best model (epoch 039, Val Huber 4.0691), saved to /s/chopin/e/proj/hyperspec/masfiq/models/tinyUnet_version_8_fusion_geohash_month_koppen_withAttentionLayer_SAR_DEM_sqrt_version_6_California_North_10_2021_best.pth
[MEM] ep040 train-start: use=4.2G peak=5.4G limit=n/a anon=1.4G file=2.0G slab=0.8G
[MEM] ep040 batch 1: use=4.6G peak=5.4G limit=n/a anon=1.8G file=2.0G slab=0.8G
[MEM] ep040 batch 2: use=4.7G peak=5.4G limit=n/a anon=1.8G file=2.0G slab=0.8G
[MEM] ep040 batch 3: use=4.7G peak=5.4G limit=n/a anon=1.8G file=2.0G slab=0.8G
[MEM] ep040 batch 4: use=4.7G peak=5.4G limit=n/a anon=1.8G file=2.0G slab=0.8G
[MEM] ep040 batch 5: use=4.8G peak=5.4G limit=n/a anon=1.9G file=2.0G slab=0.8G
[MEM] ep040 batch 500: use=5.1G peak=5.4G limit=n/a anon=2.3G file=2.0G slab=0.8G
[MEM] ep040 batch 1000: use=5.2G peak=5.4G limit=n/a anon=2.4G file=2.0G slab=0.8G
[MEM] ep040 batch 1500: use=5.2G peak=5.4G limit=n/a anon=2.4G file=2.0G slab=0.8G
[MEM] ep040 batch 2000: use=5.2G peak=5.4G limit=n/a anon=2.4G file=2.0G slab=0.8G
[MEM] ep040 batch 2500: use=5.3G peak=5.4G limit=n/a anon=2.4G file=2.0G slab=0.8G
[MEM] ep040 batch 3000: use=5.3G peak=5.4G limit=n/a anon=2.5G file=2.0G slab=0.8G
[MEM] ep040 batch 3500: use=5.3G peak=5.4G limit=n/a anon=2.5G file=2.0G slab=0.8G
[MEM] ep040 batch 4000: use=5.4G peak=5.4G limit=n/a anon=2.5G file=2.0G slab=0.8G
[MEM] ep040 batch 4500: use=5.4G peak=5.4G limit=n/a anon=2.5G file=2.0G slab=0.8G
[MEM] ep040 batch 5000: use=5.4G peak=5.4G limit=n/a anon=2.6G file=2.0G slab=0.8G
[MEM] ep040 batch 5500: use=5.4G peak=5.4G limit=n/a anon=2.6G file=2.0G slab=0.8G
[MEM] ep040 val-start: use=4.2G peak=5.4G limit=n/a anon=1.4G file=2.0G slab=0.8G
[MEM] end epoch 040: use=4.2G peak=5.4G limit=n/a anon=1.4G file=2.0G slab=0.8G
Epoch 040 | Train Huber 3.9863 MAE 2.1330 | Val Huber 4.1151 MAE 2.1999 | LR 1.00e-04
[MEM] ep041 train-start: use=4.2G peak=5.4G limit=n/a anon=1.4G file=2.0G slab=0.8G
[MEM] ep041 batch 1: use=4.6G peak=5.4G limit=n/a anon=1.8G file=2.0G slab=0.8G
[MEM] ep041 batch 2: use=4.6G peak=5.4G limit=n/a anon=1.8G file=2.0G slab=0.8G
[MEM] ep041 batch 3: use=4.6G peak=5.4G limit=n/a anon=1.8G file=2.0G slab=0.8G
[MEM] ep041 batch 4: use=4.6G peak=5.4G limit=n/a anon=1.8G file=2.0G slab=0.8G
[MEM] ep041 batch 5: use=4.7G peak=5.4G limit=n/a anon=1.9G file=2.0G slab=0.8G
[MEM] ep041 batch 500: use=5.1G peak=5.4G limit=n/a anon=2.3G file=2.0G slab=0.8G
[MEM] ep041 batch 1000: use=5.2G peak=5.4G limit=n/a anon=2.4G file=2.0G slab=0.8G
[MEM] ep041 batch 1500: use=5.2G peak=5.4G limit=n/a anon=2.4G file=2.0G slab=0.8G
[MEM] ep041 batch 2000: use=5.2G peak=5.4G limit=n/a anon=2.4G file=2.0G slab=0.8G
[MEM] ep041 batch 2500: use=5.3G peak=5.4G limit=n/a anon=2.5G file=2.0G slab=0.8G
[MEM] ep041 batch 3000: use=5.3G peak=5.4G limit=n/a anon=2.5G file=2.0G slab=0.8G
[MEM] ep041 batch 3500: use=5.3G peak=5.4G limit=n/a anon=2.5G file=2.0G slab=0.8G
[MEM] ep041 batch 4000: use=5.4G peak=5.4G limit=n/a anon=2.5G file=2.0G slab=0.8G
[MEM] ep041 batch 4500: use=5.4G peak=5.4G limit=n/a anon=2.5G file=2.0G slab=0.8G
[MEM] ep041 batch 5000: use=5.4G peak=5.4G limit=n/a anon=2.6G file=2.0G slab=0.8G
[MEM] ep041 batch 5500: use=5.4G peak=5.4G limit=n/a anon=2.6G file=2.0G slab=0.8G
[MEM] ep041 val-start: use=4.2G peak=5.4G limit=n/a anon=1.4G file=2.0G slab=0.8G
[MEM] end epoch 041: use=4.2G peak=5.4G limit=n/a anon=1.4G file=2.0G slab=0.8G
Epoch 041 | Train Huber 3.9817 MAE 2.1309 | Val Huber 4.0947 MAE 2.1563 | LR 1.00e-04
[MEM] ep042 train-start: use=4.2G peak=5.4G limit=n/a anon=1.4G file=2.0G slab=0.8G
[MEM] ep042 batch 1: use=4.6G peak=5.4G limit=n/a anon=1.8G file=2.0G slab=0.8G
[MEM] ep042 batch 2: use=4.6G peak=5.4G limit=n/a anon=1.8G file=2.0G slab=0.8G
[MEM] ep042 batch 3: use=4.6G peak=5.4G limit=n/a anon=1.8G file=2.0G slab=0.8G
[MEM] ep042 batch 4: use=4.6G peak=5.4G limit=n/a anon=1.8G file=2.0G slab=0.8G
[MEM] ep042 batch 5: use=4.7G peak=5.4G limit=n/a anon=1.9G file=2.0G slab=0.8G
[MEM] ep042 batch 500: use=5.1G peak=5.4G limit=n/a anon=2.3G file=2.0G slab=0.8G
[MEM] ep042 batch 1000: use=5.2G peak=5.4G limit=n/a anon=2.3G file=2.0G slab=0.8G
[MEM] ep042 batch 1500: use=5.2G peak=5.4G limit=n/a anon=2.4G file=2.0G slab=0.8G
[MEM] ep042 batch 2000: use=5.2G peak=5.4G limit=n/a anon=2.4G file=2.0G slab=0.8G
[MEM] ep042 batch 2500: use=5.3G peak=5.4G limit=n/a anon=2.5G file=2.0G slab=0.8G
[MEM] ep042 batch 3000: use=5.3G peak=5.4G limit=n/a anon=2.5G file=2.0G slab=0.8G
[MEM] ep042 batch 3500: use=5.3G peak=5.4G limit=n/a anon=2.5G file=2.0G slab=0.8G
[MEM] ep042 batch 4000: use=5.3G peak=5.4G limit=n/a anon=2.5G file=2.0G slab=0.8G
[MEM] ep042 batch 4500: use=5.4G peak=5.4G limit=n/a anon=2.5G file=2.0G slab=0.8G
[MEM] ep042 batch 5000: use=5.4G peak=5.4G limit=n/a anon=2.6G file=2.0G slab=0.8G
[MEM] ep042 batch 5500: use=5.4G peak=5.4G limit=n/a anon=2.6G file=2.0G slab=0.8G
[MEM] ep042 val-start: use=4.2G peak=5.4G limit=n/a anon=1.4G file=2.0G slab=0.8G
[MEM] end epoch 042: use=4.2G peak=5.4G limit=n/a anon=1.4G file=2.0G slab=0.8G
Epoch 042 | Train Huber 3.9743 MAE 2.1284 | Val Huber 4.0559 MAE 2.1640 | LR 1.00e-04
  New best model (epoch 042, Val Huber 4.0559), saved to /s/chopin/e/proj/hyperspec/masfiq/models/tinyUnet_version_8_fusion_geohash_month_koppen_withAttentionLayer_SAR_DEM_sqrt_version_6_California_North_10_2021_best.pth
[MEM] ep043 train-start: use=4.2G peak=5.4G limit=n/a anon=1.4G file=2.0G slab=0.8G
[MEM] ep043 batch 1: use=4.6G peak=5.4G limit=n/a anon=1.8G file=2.0G slab=0.8G
[MEM] ep043 batch 2: use=4.6G peak=5.4G limit=n/a anon=1.8G file=2.0G slab=0.8G
[MEM] ep043 batch 3: use=4.6G peak=5.4G limit=n/a anon=1.8G file=2.0G slab=0.8G
[MEM] ep043 batch 4: use=4.6G peak=5.4G limit=n/a anon=1.8G file=2.0G slab=0.8G
[MEM] ep043 batch 5: use=4.7G peak=5.4G limit=n/a anon=1.9G file=2.0G slab=0.8G
[MEM] ep043 batch 500: use=5.1G peak=5.4G limit=n/a anon=2.3G file=2.0G slab=0.8G
[MEM] ep043 batch 1000: use=5.2G peak=5.4G limit=n/a anon=2.4G file=2.0G slab=0.8G
[MEM] ep043 batch 1500: use=5.2G peak=5.4G limit=n/a anon=2.4G file=2.0G slab=0.8G
[MEM] ep043 batch 2000: use=5.3G peak=5.4G limit=n/a anon=2.4G file=2.0G slab=0.8G
[MEM] ep043 batch 2500: use=5.3G peak=5.4G limit=n/a anon=2.5G file=2.0G slab=0.8G
[MEM] ep043 batch 3000: use=5.3G peak=5.4G limit=n/a anon=2.5G file=2.0G slab=0.8G
[MEM] ep043 batch 3500: use=5.3G peak=5.4G limit=n/a anon=2.5G file=2.0G slab=0.8G
[MEM] ep043 batch 4000: use=5.3G peak=5.4G limit=n/a anon=2.5G file=2.0G slab=0.8G
[MEM] ep043 batch 4500: use=5.4G peak=5.4G limit=n/a anon=2.5G file=2.0G slab=0.8G
[MEM] ep043 batch 5000: use=5.4G peak=5.4G limit=n/a anon=2.6G file=2.0G slab=0.8G
[MEM] ep043 batch 5500: use=5.4G peak=5.4G limit=n/a anon=2.6G file=2.0G slab=0.8G
[MEM] ep043 val-start: use=4.2G peak=5.4G limit=n/a anon=1.4G file=2.0G slab=0.8G
[MEM] end epoch 043: use=4.2G peak=5.4G limit=n/a anon=1.4G file=2.0G slab=0.8G
Epoch 043 | Train Huber 3.9625 MAE 2.1261 | Val Huber 4.1037 MAE 2.1601 | LR 1.00e-04
[MEM] ep044 train-start: use=4.2G peak=5.4G limit=n/a anon=1.4G file=2.0G slab=0.8G
[MEM] ep044 batch 1: use=4.6G peak=5.4G limit=n/a anon=1.8G file=2.0G slab=0.8G
[MEM] ep044 batch 2: use=4.6G peak=5.4G limit=n/a anon=1.8G file=2.0G slab=0.8G
[MEM] ep044 batch 3: use=4.6G peak=5.4G limit=n/a anon=1.8G file=2.0G slab=0.8G
[MEM] ep044 batch 4: use=4.6G peak=5.4G limit=n/a anon=1.8G file=2.0G slab=0.8G
[MEM] ep044 batch 5: use=4.7G peak=5.4G limit=n/a anon=1.9G file=2.0G slab=0.8G
[MEM] ep044 batch 500: use=5.1G peak=5.4G limit=n/a anon=2.3G file=2.0G slab=0.8G
[MEM] ep044 batch 1000: use=5.2G peak=5.4G limit=n/a anon=2.4G file=2.0G slab=0.8G
[MEM] ep044 batch 1500: use=5.2G peak=5.4G limit=n/a anon=2.4G file=2.0G slab=0.8G
[MEM] ep044 batch 2000: use=5.3G peak=5.4G limit=n/a anon=2.4G file=2.0G slab=0.8G
[MEM] ep044 batch 2500: use=5.3G peak=5.4G limit=n/a anon=2.5G file=2.0G slab=0.8G
[MEM] ep044 batch 3000: use=5.3G peak=5.4G limit=n/a anon=2.5G file=2.0G slab=0.8G
[MEM] ep044 batch 3500: use=5.3G peak=5.4G limit=n/a anon=2.5G file=2.0G slab=0.8G
[MEM] ep044 batch 4000: use=5.4G peak=5.4G limit=n/a anon=2.5G file=2.0G slab=0.8G
[MEM] ep044 batch 4500: use=5.4G peak=5.4G limit=n/a anon=2.6G file=2.0G slab=0.8G
[MEM] ep044 batch 5000: use=5.4G peak=5.4G limit=n/a anon=2.6G file=2.0G slab=0.8G
[MEM] ep044 batch 5500: use=5.4G peak=5.4G limit=n/a anon=2.6G file=2.0G slab=0.8G
[MEM] ep044 val-start: use=4.2G peak=5.4G limit=n/a anon=1.4G file=2.0G slab=0.8G
[MEM] end epoch 044: use=4.2G peak=5.4G limit=n/a anon=1.4G file=2.0G slab=0.8G
Epoch 044 | Train Huber 3.9431 MAE 2.1206 | Val Huber 4.0691 MAE 2.1500 | LR 1.00e-04
[MEM] ep045 train-start: use=4.2G peak=5.4G limit=n/a anon=1.4G file=2.0G slab=0.8G
[MEM] ep045 batch 1: use=4.6G peak=5.4G limit=n/a anon=1.8G file=2.0G slab=0.8G
[MEM] ep045 batch 2: use=4.6G peak=5.4G limit=n/a anon=1.8G file=2.0G slab=0.8G
[MEM] ep045 batch 3: use=4.6G peak=5.4G limit=n/a anon=1.8G file=2.0G slab=0.8G
[MEM] ep045 batch 4: use=4.6G peak=5.4G limit=n/a anon=1.8G file=2.0G slab=0.8G
[MEM] ep045 batch 5: use=4.7G peak=5.4G limit=n/a anon=1.9G file=2.0G slab=0.8G
[MEM] ep045 batch 500: use=5.1G peak=5.4G limit=n/a anon=2.3G file=2.0G slab=0.8G
[MEM] ep045 batch 1000: use=5.2G peak=5.4G limit=n/a anon=2.4G file=2.0G slab=0.8G
[MEM] ep045 batch 1500: use=5.2G peak=5.4G limit=n/a anon=2.4G file=2.0G slab=0.8G
[MEM] ep045 batch 2000: use=5.2G peak=5.4G limit=n/a anon=2.4G file=2.0G slab=0.8G
[MEM] ep045 batch 2500: use=5.3G peak=5.4G limit=n/a anon=2.4G file=2.0G slab=0.8G
[MEM] ep045 batch 3000: use=5.3G peak=5.4G limit=n/a anon=2.5G file=2.0G slab=0.8G
[MEM] ep045 batch 3500: use=5.3G peak=5.4G limit=n/a anon=2.5G file=2.0G slab=0.8G
[MEM] ep045 batch 4000: use=5.3G peak=5.4G limit=n/a anon=2.5G file=2.0G slab=0.8G
[MEM] ep045 batch 4500: use=5.4G peak=5.4G limit=n/a anon=2.5G file=2.0G slab=0.8G
[MEM] ep045 batch 5000: use=5.4G peak=5.4G limit=n/a anon=2.6G file=2.0G slab=0.8G
[MEM] ep045 batch 5500: use=5.4G peak=5.4G limit=n/a anon=2.6G file=2.0G slab=0.8G
[MEM] ep045 val-start: use=4.2G peak=5.4G limit=n/a anon=1.4G file=2.0G slab=0.8G
[MEM] end epoch 045: use=4.2G peak=5.4G limit=n/a anon=1.4G file=2.0G slab=0.8G
Epoch 045 | Train Huber 3.9362 MAE 2.1165 | Val Huber 4.0629 MAE 2.1660 | LR 1.00e-04
[MEM] ep046 train-start: use=4.2G peak=5.4G limit=n/a anon=1.4G file=2.0G slab=0.8G
[MEM] ep046 batch 1: use=4.6G peak=5.4G limit=n/a anon=1.8G file=2.0G slab=0.8G
[MEM] ep046 batch 2: use=4.6G peak=5.4G limit=n/a anon=1.8G file=2.0G slab=0.8G
[MEM] ep046 batch 3: use=4.7G peak=5.4G limit=n/a anon=1.8G file=2.0G slab=0.8G
[MEM] ep046 batch 4: use=4.7G peak=5.4G limit=n/a anon=1.9G file=2.0G slab=0.8G
[MEM] ep046 batch 5: use=4.7G peak=5.4G limit=n/a anon=1.9G file=2.0G slab=0.8G
[MEM] ep046 batch 500: use=5.1G peak=5.4G limit=n/a anon=2.3G file=2.0G slab=0.8G
[MEM] ep046 batch 1000: use=5.2G peak=5.4G limit=n/a anon=2.4G file=2.0G slab=0.8G
[MEM] ep046 batch 1500: use=5.2G peak=5.4G limit=n/a anon=2.4G file=2.0G slab=0.8G
[MEM] ep046 batch 2000: use=5.3G peak=5.4G limit=n/a anon=2.4G file=2.0G slab=0.8G
[MEM] ep046 batch 2500: use=5.3G peak=5.4G limit=n/a anon=2.5G file=2.0G slab=0.8G
[MEM] ep046 batch 3000: use=5.3G peak=5.4G limit=n/a anon=2.5G file=2.0G slab=0.8G
[MEM] ep046 batch 3500: use=5.3G peak=5.4G limit=n/a anon=2.5G file=2.0G slab=0.8G
[MEM] ep046 batch 4000: use=5.4G peak=5.4G limit=n/a anon=2.5G file=2.0G slab=0.8G
[MEM] ep046 batch 4500: use=5.4G peak=5.4G limit=n/a anon=2.5G file=2.0G slab=0.8G
[MEM] ep046 batch 5000: use=5.4G peak=5.4G limit=n/a anon=2.6G file=2.0G slab=0.8G
[MEM] ep046 batch 5500: use=5.4G peak=5.4G limit=n/a anon=2.6G file=2.0G slab=0.8G
[MEM] ep046 val-start: use=4.2G peak=5.4G limit=n/a anon=1.4G file=2.0G slab=0.8G
[MEM] end epoch 046: use=4.2G peak=5.4G limit=n/a anon=1.4G file=2.0G slab=0.8G
Epoch 046 | Train Huber 3.9144 MAE 2.1107 | Val Huber 4.0673 MAE 2.1421 | LR 1.00e-04
[MEM] ep047 train-start: use=4.2G peak=5.4G limit=n/a anon=1.4G file=2.0G slab=0.8G
[MEM] ep047 batch 1: use=4.6G peak=5.4G limit=n/a anon=1.8G file=2.0G slab=0.8G
[MEM] ep047 batch 2: use=4.6G peak=5.4G limit=n/a anon=1.8G file=2.0G slab=0.8G
[MEM] ep047 batch 3: use=4.6G peak=5.4G limit=n/a anon=1.8G file=2.0G slab=0.8G
[MEM] ep047 batch 4: use=4.6G peak=5.4G limit=n/a anon=1.8G file=2.0G slab=0.8G
[MEM] ep047 batch 5: use=4.7G peak=5.4G limit=n/a anon=1.9G file=2.0G slab=0.8G
[MEM] ep047 batch 500: use=5.1G peak=5.4G limit=n/a anon=2.3G file=2.0G slab=0.8G
[MEM] ep047 batch 1000: use=5.2G peak=5.4G limit=n/a anon=2.4G file=2.0G slab=0.8G
[MEM] ep047 batch 1500: use=5.2G peak=5.4G limit=n/a anon=2.4G file=2.0G slab=0.8G
[MEM] ep047 batch 2000: use=5.3G peak=5.4G limit=n/a anon=2.4G file=2.0G slab=0.8G
[MEM] ep047 batch 2500: use=5.3G peak=5.4G limit=n/a anon=2.5G file=2.0G slab=0.8G
[MEM] ep047 batch 3000: use=5.3G peak=5.4G limit=n/a anon=2.5G file=2.0G slab=0.8G
[MEM] ep047 batch 3500: use=5.3G peak=5.4G limit=n/a anon=2.5G file=2.0G slab=0.8G
[MEM] ep047 batch 4000: use=5.3G peak=5.4G limit=n/a anon=2.5G file=2.0G slab=0.8G
[MEM] ep047 batch 4500: use=5.4G peak=5.4G limit=n/a anon=2.5G file=2.0G slab=0.8G
[MEM] ep047 batch 5000: use=5.4G peak=5.4G limit=n/a anon=2.6G file=2.0G slab=0.8G
[MEM] ep047 batch 5500: use=5.4G peak=5.4G limit=n/a anon=2.6G file=2.0G slab=0.8G
[MEM] ep047 val-start: use=4.2G peak=5.4G limit=n/a anon=1.4G file=2.0G slab=0.8G
[MEM] end epoch 047: use=4.2G peak=5.4G limit=n/a anon=1.4G file=2.0G slab=0.8G
Epoch 047 | Train Huber 3.9172 MAE 2.1111 | Val Huber 4.0310 MAE 2.1413 | LR 1.00e-04
  New best model (epoch 047, Val Huber 4.0310), saved to /s/chopin/e/proj/hyperspec/masfiq/models/tinyUnet_version_8_fusion_geohash_month_koppen_withAttentionLayer_SAR_DEM_sqrt_version_6_California_North_10_2021_best.pth
[MEM] ep048 train-start: use=4.2G peak=5.4G limit=n/a anon=1.4G file=2.0G slab=0.8G
[MEM] ep048 batch 1: use=4.7G peak=5.4G limit=n/a anon=1.8G file=2.0G slab=0.8G
[MEM] ep048 batch 2: use=4.7G peak=5.4G limit=n/a anon=1.9G file=2.0G slab=0.8G
[MEM] ep048 batch 3: use=4.7G peak=5.4G limit=n/a anon=1.9G file=2.0G slab=0.8G
[MEM] ep048 batch 4: use=4.7G peak=5.4G limit=n/a anon=1.9G file=2.0G slab=0.8G
[MEM] ep048 batch 5: use=4.8G peak=5.4G limit=n/a anon=2.0G file=2.0G slab=0.8G
[MEM] ep048 batch 500: use=5.1G peak=5.4G limit=n/a anon=2.3G file=2.0G slab=0.8G
[MEM] ep048 batch 1000: use=5.2G peak=5.4G limit=n/a anon=2.4G file=2.0G slab=0.8G
[MEM] ep048 batch 1500: use=5.2G peak=5.4G limit=n/a anon=2.4G file=2.0G slab=0.8G
[MEM] ep048 batch 2000: use=5.2G peak=5.4G limit=n/a anon=2.4G file=2.0G slab=0.8G
[MEM] ep048 batch 2500: use=5.3G peak=5.4G limit=n/a anon=2.5G file=2.0G slab=0.8G
[MEM] ep048 batch 3000: use=5.3G peak=5.4G limit=n/a anon=2.5G file=2.0G slab=0.8G
[MEM] ep048 batch 3500: use=5.3G peak=5.4G limit=n/a anon=2.5G file=2.0G slab=0.8G
[MEM] ep048 batch 4000: use=5.4G peak=5.4G limit=n/a anon=2.5G file=2.0G slab=0.8G
[MEM] ep048 batch 4500: use=5.4G peak=5.4G limit=n/a anon=2.6G file=2.0G slab=0.8G
[MEM] ep048 batch 5000: use=5.4G peak=5.4G limit=n/a anon=2.6G file=2.0G slab=0.8G
[MEM] ep048 batch 5500: use=5.4G peak=5.4G limit=n/a anon=2.6G file=2.0G slab=0.8G
[MEM] ep048 val-start: use=4.2G peak=5.4G limit=n/a anon=1.4G file=2.0G slab=0.8G
[MEM] end epoch 048: use=4.2G peak=5.4G limit=n/a anon=1.4G file=2.0G slab=0.8G
Epoch 048 | Train Huber 3.9116 MAE 2.1096 | Val Huber 4.0403 MAE 2.1603 | LR 1.00e-04
[MEM] ep049 train-start: use=4.2G peak=5.4G limit=n/a anon=1.4G file=2.0G slab=0.8G
[MEM] ep049 batch 1: use=4.6G peak=5.4G limit=n/a anon=1.8G file=2.0G slab=0.8G
[MEM] ep049 batch 2: use=4.6G peak=5.4G limit=n/a anon=1.8G file=2.0G slab=0.8G
[MEM] ep049 batch 3: use=4.6G peak=5.4G limit=n/a anon=1.8G file=2.0G slab=0.8G
[MEM] ep049 batch 4: use=4.7G peak=5.4G limit=n/a anon=1.9G file=2.0G slab=0.8G
[MEM] ep049 batch 5: use=4.7G peak=5.4G limit=n/a anon=1.9G file=2.0G slab=0.8G
[MEM] ep049 batch 500: use=5.1G peak=5.4G limit=n/a anon=2.3G file=2.0G slab=0.8G
[MEM] ep049 batch 1000: use=5.2G peak=5.4G limit=n/a anon=2.4G file=2.0G slab=0.8G
[MEM] ep049 batch 1500: use=5.2G peak=5.4G limit=n/a anon=2.4G file=2.0G slab=0.8G
[MEM] ep049 batch 2000: use=5.3G peak=5.4G limit=n/a anon=2.4G file=2.0G slab=0.8G
[MEM] ep049 batch 2500: use=5.3G peak=5.4G limit=n/a anon=2.5G file=2.0G slab=0.8G
[MEM] ep049 batch 3000: use=5.3G peak=5.4G limit=n/a anon=2.5G file=2.0G slab=0.8G
[MEM] ep049 batch 3500: use=5.3G peak=5.4G limit=n/a anon=2.5G file=2.0G slab=0.8G
[MEM] ep049 batch 4000: use=5.4G peak=5.4G limit=n/a anon=2.5G file=2.0G slab=0.8G
[MEM] ep049 batch 4500: use=5.4G peak=5.4G limit=n/a anon=2.6G file=2.0G slab=0.8G
[MEM] ep049 batch 5000: use=5.4G peak=5.4G limit=n/a anon=2.6G file=2.0G slab=0.8G
[MEM] ep049 batch 5500: use=5.4G peak=5.4G limit=n/a anon=2.6G file=2.0G slab=0.8G
[MEM] ep049 val-start: use=4.2G peak=5.4G limit=n/a anon=1.4G file=2.0G slab=0.8G
[MEM] end epoch 049: use=4.2G peak=5.4G limit=n/a anon=1.4G file=2.0G slab=0.8G
Epoch 049 | Train Huber 3.8894 MAE 2.1025 | Val Huber 4.0364 MAE 2.1346 | LR 1.00e-04
[MEM] ep050 train-start: use=4.2G peak=5.4G limit=n/a anon=1.4G file=2.0G slab=0.8G
[MEM] ep050 batch 1: use=4.6G peak=5.4G limit=n/a anon=1.8G file=2.0G slab=0.8G
[MEM] ep050 batch 2: use=4.6G peak=5.4G limit=n/a anon=1.8G file=2.0G slab=0.8G
[MEM] ep050 batch 3: use=4.7G peak=5.4G limit=n/a anon=1.9G file=2.0G slab=0.8G
[MEM] ep050 batch 4: use=4.7G peak=5.4G limit=n/a anon=1.9G file=2.0G slab=0.8G
[MEM] ep050 batch 5: use=4.7G peak=5.4G limit=n/a anon=1.9G file=2.0G slab=0.8G
[MEM] ep050 batch 500: use=5.1G peak=5.4G limit=n/a anon=2.3G file=2.0G slab=0.8G
[MEM] ep050 batch 1000: use=5.2G peak=5.4G limit=n/a anon=2.4G file=2.0G slab=0.8G
[MEM] ep050 batch 1500: use=5.2G peak=5.4G limit=n/a anon=2.4G file=2.0G slab=0.8G
[MEM] ep050 batch 2000: use=5.3G peak=5.4G limit=n/a anon=2.4G file=2.0G slab=0.8G
[MEM] ep050 batch 2500: use=5.3G peak=5.4G limit=n/a anon=2.5G file=2.0G slab=0.8G
[MEM] ep050 batch 3000: use=5.3G peak=5.4G limit=n/a anon=2.5G file=2.0G slab=0.8G
[MEM] ep050 batch 3500: use=5.3G peak=5.4G limit=n/a anon=2.5G file=2.0G slab=0.8G
[MEM] ep050 batch 4000: use=5.4G peak=5.4G limit=n/a anon=2.5G file=2.0G slab=0.8G
[MEM] ep050 batch 4500: use=5.4G peak=5.4G limit=n/a anon=2.5G file=2.0G slab=0.8G
[MEM] ep050 batch 5000: use=5.4G peak=5.4G limit=n/a anon=2.6G file=2.0G slab=0.8G
[MEM] ep050 batch 5500: use=5.4G peak=5.4G limit=n/a anon=2.6G file=2.0G slab=0.8G
[MEM] ep050 val-start: use=4.2G peak=5.4G limit=n/a anon=1.4G file=2.0G slab=0.8G
[MEM] end epoch 050: use=4.2G peak=5.4G limit=n/a anon=1.4G file=2.0G slab=0.8G
Epoch 050 | Train Huber 3.8855 MAE 2.1011 | Val Huber 4.0721 MAE 2.1763 | LR 1.00e-04
[MEM] ep051 train-start: use=4.2G peak=5.4G limit=n/a anon=1.4G file=2.0G slab=0.8G
[MEM] ep051 batch 1: use=4.7G peak=5.4G limit=n/a anon=1.8G file=2.0G slab=0.8G
[MEM] ep051 batch 2: use=4.7G peak=5.4G limit=n/a anon=1.9G file=2.0G slab=0.8G
[MEM] ep051 batch 3: use=4.7G peak=5.4G limit=n/a anon=1.9G file=2.0G slab=0.8G
[MEM] ep051 batch 4: use=4.7G peak=5.4G limit=n/a anon=1.9G file=2.0G slab=0.8G
[MEM] ep051 batch 5: use=4.7G peak=5.4G limit=n/a anon=1.9G file=2.0G slab=0.8G
[MEM] ep051 batch 500: use=5.1G peak=5.4G limit=n/a anon=2.3G file=2.0G slab=0.8G
[MEM] ep051 batch 1000: use=5.2G peak=5.4G limit=n/a anon=2.4G file=2.0G slab=0.8G
[MEM] ep051 batch 1500: use=5.2G peak=5.4G limit=n/a anon=2.4G file=2.0G slab=0.8G
[MEM] ep051 batch 2000: use=5.3G peak=5.4G limit=n/a anon=2.5G file=2.0G slab=0.8G
[MEM] ep051 batch 2500: use=5.3G peak=5.4G limit=n/a anon=2.5G file=2.0G slab=0.8G
[MEM] ep051 batch 3000: use=5.3G peak=5.4G limit=n/a anon=2.5G file=2.0G slab=0.8G
[MEM] ep051 batch 3500: use=5.3G peak=5.4G limit=n/a anon=2.5G file=2.0G slab=0.8G
[MEM] ep051 batch 4000: use=5.4G peak=5.4G limit=n/a anon=2.5G file=2.0G slab=0.8G
[MEM] ep051 batch 4500: use=5.4G peak=5.4G limit=n/a anon=2.5G file=2.0G slab=0.8G
[MEM] ep051 batch 5000: use=5.4G peak=5.4G limit=n/a anon=2.6G file=2.0G slab=0.8G
[MEM] ep051 batch 5500: use=5.4G peak=5.4G limit=n/a anon=2.6G file=2.0G slab=0.8G
[MEM] ep051 val-start: use=4.2G peak=5.4G limit=n/a anon=1.4G file=2.0G slab=0.8G
[MEM] end epoch 051: use=4.2G peak=5.4G limit=n/a anon=1.4G file=2.0G slab=0.8G
Epoch 051 | Train Huber 3.8751 MAE 2.0981 | Val Huber 4.0948 MAE 2.1797 | LR 1.00e-04
[MEM] ep052 train-start: use=4.2G peak=5.4G limit=n/a anon=1.4G file=2.0G slab=0.8G
[MEM] ep052 batch 1: use=4.7G peak=5.4G limit=n/a anon=1.8G file=2.0G slab=0.8G
[MEM] ep052 batch 2: use=4.7G peak=5.4G limit=n/a anon=1.8G file=2.0G slab=0.8G
[MEM] ep052 batch 3: use=4.7G peak=5.4G limit=n/a anon=1.9G file=2.0G slab=0.8G
[MEM] ep052 batch 4: use=4.7G peak=5.4G limit=n/a anon=1.9G file=2.0G slab=0.8G
[MEM] ep052 batch 5: use=4.7G peak=5.4G limit=n/a anon=1.9G file=2.0G slab=0.8G
[MEM] ep052 batch 500: use=5.1G peak=5.4G limit=n/a anon=2.3G file=2.0G slab=0.8G
[MEM] ep052 batch 1000: use=5.2G peak=5.4G limit=n/a anon=2.4G file=2.0G slab=0.8G
[MEM] ep052 batch 1500: use=5.2G peak=5.4G limit=n/a anon=2.4G file=2.0G slab=0.8G
[MEM] ep052 batch 2000: use=5.3G peak=5.4G limit=n/a anon=2.4G file=2.0G slab=0.8G
[MEM] ep052 batch 2500: use=5.3G peak=5.4G limit=n/a anon=2.5G file=2.0G slab=0.8G
[MEM] ep052 batch 3000: use=5.3G peak=5.4G limit=n/a anon=2.5G file=2.0G slab=0.8G
[MEM] ep052 batch 3500: use=5.3G peak=5.4G limit=n/a anon=2.5G file=2.0G slab=0.8G
[MEM] ep052 batch 4000: use=5.4G peak=5.4G limit=n/a anon=2.5G file=2.0G slab=0.8G
[MEM] ep052 batch 4500: use=5.4G peak=5.4G limit=n/a anon=2.5G file=2.0G slab=0.8G
[MEM] ep052 batch 5000: use=5.4G peak=5.4G limit=n/a anon=2.6G file=2.0G slab=0.8G
[MEM] ep052 batch 5500: use=5.4G peak=5.4G limit=n/a anon=2.6G file=2.0G slab=0.8G
[MEM] ep052 val-start: use=4.2G peak=5.4G limit=n/a anon=1.4G file=2.0G slab=0.8G
[MEM] end epoch 052: use=4.2G peak=5.4G limit=n/a anon=1.4G file=2.0G slab=0.8G
Epoch 052 | Train Huber 3.8588 MAE 2.0928 | Val Huber 4.0737 MAE 2.1365 | LR 1.00e-04
[MEM] ep053 train-start: use=4.2G peak=5.4G limit=n/a anon=1.4G file=2.0G slab=0.8G
[MEM] ep053 batch 1: use=4.6G peak=5.4G limit=n/a anon=1.8G file=2.0G slab=0.8G
[MEM] ep053 batch 2: use=4.6G peak=5.4G limit=n/a anon=1.8G file=2.0G slab=0.8G
[MEM] ep053 batch 3: use=4.7G peak=5.4G limit=n/a anon=1.9G file=2.0G slab=0.8G
[MEM] ep053 batch 4: use=4.7G peak=5.4G limit=n/a anon=1.9G file=2.0G slab=0.8G
[MEM] ep053 batch 5: use=4.7G peak=5.4G limit=n/a anon=1.9G file=2.0G slab=0.8G
[MEM] ep053 batch 500: use=5.1G peak=5.4G limit=n/a anon=2.3G file=2.0G slab=0.8G
[MEM] ep053 batch 1000: use=5.2G peak=5.4G limit=n/a anon=2.4G file=2.0G slab=0.8G
[MEM] ep053 batch 1500: use=5.2G peak=5.4G limit=n/a anon=2.4G file=2.0G slab=0.8G
[MEM] ep053 batch 2000: use=5.3G peak=5.4G limit=n/a anon=2.5G file=2.0G slab=0.8G
[MEM] ep053 batch 2500: use=5.3G peak=5.4G limit=n/a anon=2.5G file=2.0G slab=0.8G
[MEM] ep053 batch 3000: use=5.3G peak=5.4G limit=n/a anon=2.5G file=2.0G slab=0.8G
[MEM] ep053 batch 3500: use=5.4G peak=5.4G limit=n/a anon=2.5G file=2.0G slab=0.8G
[MEM] ep053 batch 4000: use=5.4G peak=5.4G limit=n/a anon=2.5G file=2.0G slab=0.8G
[MEM] ep053 batch 4500: use=5.4G peak=5.4G limit=n/a anon=2.5G file=2.0G slab=0.8G
[MEM] ep053 batch 5000: use=5.4G peak=5.4G limit=n/a anon=2.6G file=2.0G slab=0.8G
[MEM] ep053 batch 5500: use=5.4G peak=5.4G limit=n/a anon=2.6G file=2.0G slab=0.8G
[MEM] ep053 val-start: use=4.2G peak=5.4G limit=n/a anon=1.4G file=2.0G slab=0.8G
[MEM] end epoch 053: use=4.2G peak=5.4G limit=n/a anon=1.4G file=2.0G slab=0.8G
Epoch 053 | Train Huber 3.8540 MAE 2.0920 | Val Huber 4.0670 MAE 2.1598 | LR 5.00e-05
[MEM] ep054 train-start: use=4.2G peak=5.4G limit=n/a anon=1.4G file=2.0G slab=0.8G
[MEM] ep054 batch 1: use=4.7G peak=5.4G limit=n/a anon=1.9G file=2.0G slab=0.8G
[MEM] ep054 batch 2: use=4.7G peak=5.4G limit=n/a anon=1.9G file=2.0G slab=0.8G
[MEM] ep054 batch 3: use=4.7G peak=5.4G limit=n/a anon=1.9G file=2.0G slab=0.8G
[MEM] ep054 batch 4: use=4.7G peak=5.4G limit=n/a anon=1.9G file=2.0G slab=0.8G
[MEM] ep054 batch 5: use=4.8G peak=5.4G limit=n/a anon=2.0G file=2.0G slab=0.8G
[MEM] ep054 batch 500: use=5.1G peak=5.4G limit=n/a anon=2.3G file=2.0G slab=0.8G
[MEM] ep054 batch 1000: use=5.2G peak=5.4G limit=n/a anon=2.4G file=2.0G slab=0.8G
[MEM] ep054 batch 1500: use=5.2G peak=5.4G limit=n/a anon=2.4G file=2.0G slab=0.8G
[MEM] ep054 batch 2000: use=5.2G peak=5.4G limit=n/a anon=2.4G file=2.0G slab=0.8G
[MEM] ep054 batch 2500: use=5.3G peak=5.4G limit=n/a anon=2.5G file=2.0G slab=0.8G
[MEM] ep054 batch 3000: use=5.3G peak=5.4G limit=n/a anon=2.5G file=2.0G slab=0.8G
[MEM] ep054 batch 3500: use=5.3G peak=5.4G limit=n/a anon=2.5G file=2.0G slab=0.8G
[MEM] ep054 batch 4000: use=5.4G peak=5.4G limit=n/a anon=2.5G file=2.0G slab=0.8G
[MEM] ep054 batch 4500: use=5.4G peak=5.4G limit=n/a anon=2.5G file=2.0G slab=0.8G
[MEM] ep054 batch 5000: use=5.4G peak=5.4G limit=n/a anon=2.6G file=2.0G slab=0.8G
[MEM] ep054 batch 5500: use=5.4G peak=5.4G limit=n/a anon=2.6G file=2.0G slab=0.8G
[MEM] ep054 val-start: use=4.2G peak=5.4G limit=n/a anon=1.4G file=2.0G slab=0.8G
[MEM] end epoch 054: use=4.2G peak=5.4G limit=n/a anon=1.4G file=2.0G slab=0.8G
Epoch 054 | Train Huber 3.7669 MAE 2.0638 | Val Huber 4.0148 MAE 2.1419 | LR 5.00e-05
  New best model (epoch 054, Val Huber 4.0148), saved to /s/chopin/e/proj/hyperspec/masfiq/models/tinyUnet_version_8_fusion_geohash_month_koppen_withAttentionLayer_SAR_DEM_sqrt_version_6_California_North_10_2021_best.pth
[MEM] ep055 train-start: use=4.2G peak=5.4G limit=n/a anon=1.4G file=2.0G slab=0.8G
[MEM] ep055 batch 1: use=4.6G peak=5.4G limit=n/a anon=1.8G file=2.0G slab=0.8G
[MEM] ep055 batch 2: use=4.6G peak=5.4G limit=n/a anon=1.8G file=2.0G slab=0.8G
[MEM] ep055 batch 3: use=4.6G peak=5.4G limit=n/a anon=1.8G file=2.0G slab=0.8G
[MEM] ep055 batch 4: use=4.6G peak=5.4G limit=n/a anon=1.8G file=2.0G slab=0.8G
[MEM] ep055 batch 5: use=4.7G peak=5.4G limit=n/a anon=1.9G file=2.0G slab=0.8G
[MEM] ep055 batch 500: use=5.1G peak=5.4G limit=n/a anon=2.3G file=2.0G slab=0.8G
[MEM] ep055 batch 1000: use=5.2G peak=5.4G limit=n/a anon=2.4G file=2.0G slab=0.8G
[MEM] ep055 batch 1500: use=5.2G peak=5.4G limit=n/a anon=2.4G file=2.0G slab=0.8G
[MEM] ep055 batch 2000: use=5.2G peak=5.4G limit=n/a anon=2.4G file=2.0G slab=0.8G
[MEM] ep055 batch 2500: use=5.3G peak=5.4G limit=n/a anon=2.5G file=2.0G slab=0.8G
[MEM] ep055 batch 3000: use=5.3G peak=5.4G limit=n/a anon=2.5G file=2.0G slab=0.8G
[MEM] ep055 batch 3500: use=5.3G peak=5.4G limit=n/a anon=2.5G file=2.0G slab=0.8G
[MEM] ep055 batch 4000: use=5.3G peak=5.4G limit=n/a anon=2.5G file=2.0G slab=0.8G
[MEM] ep055 batch 4500: use=5.4G peak=5.4G limit=n/a anon=2.5G file=2.0G slab=0.8G
[MEM] ep055 batch 5000: use=5.4G peak=5.4G limit=n/a anon=2.6G file=2.0G slab=0.8G
[MEM] ep055 batch 5500: use=5.4G peak=5.4G limit=n/a anon=2.6G file=2.0G slab=0.8G
[MEM] ep055 val-start: use=4.2G peak=5.4G limit=n/a anon=1.4G file=2.0G slab=0.8G
[MEM] end epoch 055: use=4.2G peak=5.4G limit=n/a anon=1.4G file=2.0G slab=0.8G
Epoch 055 | Train Huber 3.7471 MAE 2.0581 | Val Huber 4.0168 MAE 2.1499 | LR 5.00e-05
[MEM] ep056 train-start: use=4.2G peak=5.4G limit=n/a anon=1.4G file=2.0G slab=0.8G
[MEM] ep056 batch 1: use=4.6G peak=5.4G limit=n/a anon=1.8G file=2.0G slab=0.8G
[MEM] ep056 batch 2: use=4.7G peak=5.4G limit=n/a anon=1.8G file=2.0G slab=0.8G
[MEM] ep056 batch 3: use=4.7G peak=5.4G limit=n/a anon=1.8G file=2.0G slab=0.8G
[MEM] ep056 batch 4: use=4.7G peak=5.4G limit=n/a anon=1.8G file=2.0G slab=0.8G
[MEM] ep056 batch 5: use=4.7G peak=5.4G limit=n/a anon=1.9G file=2.0G slab=0.8G
[MEM] ep056 batch 500: use=5.1G peak=5.4G limit=n/a anon=2.3G file=2.0G slab=0.8G
[MEM] ep056 batch 1000: use=5.2G peak=5.4G limit=n/a anon=2.4G file=2.0G slab=0.8G
[MEM] ep056 batch 1500: use=5.2G peak=5.4G limit=n/a anon=2.4G file=2.0G slab=0.8G
[MEM] ep056 batch 2000: use=5.3G peak=5.4G limit=n/a anon=2.4G file=2.0G slab=0.8G
[MEM] ep056 batch 2500: use=5.3G peak=5.4G limit=n/a anon=2.5G file=2.0G slab=0.8G
[MEM] ep056 batch 3000: use=5.3G peak=5.4G limit=n/a anon=2.5G file=2.0G slab=0.8G
[MEM] ep056 batch 3500: use=5.3G peak=5.4G limit=n/a anon=2.5G file=2.0G slab=0.8G
[MEM] ep056 batch 4000: use=5.4G peak=5.4G limit=n/a anon=2.5G file=2.0G slab=0.8G
[MEM] ep056 batch 4500: use=5.4G peak=5.4G limit=n/a anon=2.5G file=2.0G slab=0.8G
[MEM] ep056 batch 5000: use=5.4G peak=5.4G limit=n/a anon=2.6G file=2.0G slab=0.8G
[MEM] ep056 batch 5500: use=5.4G peak=5.4G limit=n/a anon=2.6G file=2.0G slab=0.8G
[MEM] ep056 val-start: use=4.2G peak=5.4G limit=n/a anon=1.4G file=2.0G slab=0.8G
[MEM] end epoch 056: use=4.2G peak=5.4G limit=n/a anon=1.4G file=2.0G slab=0.8G
Epoch 056 | Train Huber 3.7379 MAE 2.0553 | Val Huber 4.0115 MAE 2.1387 | LR 5.00e-05
  New best model (epoch 056, Val Huber 4.0115), saved to /s/chopin/e/proj/hyperspec/masfiq/models/tinyUnet_version_8_fusion_geohash_month_koppen_withAttentionLayer_SAR_DEM_sqrt_version_6_California_North_10_2021_best.pth
[MEM] ep057 train-start: use=4.2G peak=5.4G limit=n/a anon=1.4G file=2.0G slab=0.8G
[MEM] ep057 batch 1: use=4.6G peak=5.4G limit=n/a anon=1.8G file=2.0G slab=0.8G
[MEM] ep057 batch 2: use=4.6G peak=5.4G limit=n/a anon=1.8G file=2.0G slab=0.8G
[MEM] ep057 batch 3: use=4.6G peak=5.4G limit=n/a anon=1.8G file=2.0G slab=0.8G
[MEM] ep057 batch 4: use=4.6G peak=5.4G limit=n/a anon=1.8G file=2.0G slab=0.8G
[MEM] ep057 batch 5: use=4.7G peak=5.4G limit=n/a anon=1.9G file=2.0G slab=0.8G
[MEM] ep057 batch 500: use=5.1G peak=5.4G limit=n/a anon=2.3G file=2.0G slab=0.8G
[MEM] ep057 batch 1000: use=5.2G peak=5.4G limit=n/a anon=2.3G file=2.0G slab=0.8G
[MEM] ep057 batch 1500: use=5.2G peak=5.4G limit=n/a anon=2.4G file=2.0G slab=0.8G
[MEM] ep057 batch 2000: use=5.2G peak=5.4G limit=n/a anon=2.4G file=2.0G slab=0.8G
[MEM] ep057 batch 2500: use=5.3G peak=5.4G limit=n/a anon=2.5G file=2.0G slab=0.8G
[MEM] ep057 batch 3000: use=5.3G peak=5.4G limit=n/a anon=2.5G file=2.0G slab=0.8G
[MEM] ep057 batch 3500: use=5.3G peak=5.4G limit=n/a anon=2.5G file=2.0G slab=0.8G
[MEM] ep057 batch 4000: use=5.4G peak=5.4G limit=n/a anon=2.5G file=2.0G slab=0.8G
[MEM] ep057 batch 4500: use=5.4G peak=5.4G limit=n/a anon=2.5G file=2.0G slab=0.8G
[MEM] ep057 batch 5000: use=5.4G peak=5.4G limit=n/a anon=2.6G file=2.0G slab=0.8G
[MEM] ep057 batch 5500: use=5.4G peak=5.4G limit=n/a anon=2.6G file=2.0G slab=0.8G
[MEM] ep057 val-start: use=4.2G peak=5.4G limit=n/a anon=1.4G file=2.0G slab=0.8G
[MEM] end epoch 057: use=4.2G peak=5.4G limit=n/a anon=1.4G file=2.0G slab=0.8G
Epoch 057 | Train Huber 3.7241 MAE 2.0502 | Val Huber 4.0200 MAE 2.1338 | LR 5.00e-05
[MEM] ep058 train-start: use=4.2G peak=5.4G limit=n/a anon=1.4G file=2.0G slab=0.8G
[MEM] ep058 batch 1: use=4.7G peak=5.4G limit=n/a anon=1.8G file=2.0G slab=0.8G
[MEM] ep058 batch 2: use=4.7G peak=5.4G limit=n/a anon=1.8G file=2.0G slab=0.8G
[MEM] ep058 batch 3: use=4.7G peak=5.4G limit=n/a anon=1.8G file=2.0G slab=0.8G
[MEM] ep058 batch 4: use=4.7G peak=5.4G limit=n/a anon=1.8G file=2.0G slab=0.8G
[MEM] ep058 batch 5: use=4.7G peak=5.4G limit=n/a anon=1.9G file=2.0G slab=0.8G
[MEM] ep058 batch 500: use=5.1G peak=5.4G limit=n/a anon=2.3G file=2.0G slab=0.8G
[MEM] ep058 batch 1000: use=5.2G peak=5.4G limit=n/a anon=2.4G file=2.0G slab=0.8G
[MEM] ep058 batch 1500: use=5.2G peak=5.4G limit=n/a anon=2.4G file=2.0G slab=0.8G
[MEM] ep058 batch 2000: use=5.3G peak=5.4G limit=n/a anon=2.4G file=2.0G slab=0.8G
[MEM] ep058 batch 2500: use=5.3G peak=5.4G limit=n/a anon=2.5G file=2.0G slab=0.8G
[MEM] ep058 batch 3000: use=5.3G peak=5.4G limit=n/a anon=2.5G file=2.0G slab=0.8G
[MEM] ep058 batch 3500: use=5.3G peak=5.4G limit=n/a anon=2.5G file=2.0G slab=0.8G
[MEM] ep058 batch 4000: use=5.4G peak=5.4G limit=n/a anon=2.5G file=2.0G slab=0.8G
[MEM] ep058 batch 4500: use=5.4G peak=5.4G limit=n/a anon=2.5G file=2.0G slab=0.8G
[MEM] ep058 batch 5000: use=5.4G peak=5.4G limit=n/a anon=2.6G file=2.0G slab=0.8G
[MEM] ep058 batch 5500: use=5.4G peak=5.4G limit=n/a anon=2.6G file=2.0G slab=0.8G
[MEM] ep058 val-start: use=4.2G peak=5.4G limit=n/a anon=1.4G file=2.0G slab=0.8G
[MEM] end epoch 058: use=4.2G peak=5.4G limit=n/a anon=1.4G file=2.0G slab=0.8G
Epoch 058 | Train Huber 3.7134 MAE 2.0470 | Val Huber 4.0343 MAE 2.1288 | LR 5.00e-05
[MEM] ep059 train-start: use=4.2G peak=5.4G limit=n/a anon=1.4G file=2.0G slab=0.8G
[MEM] ep059 batch 1: use=4.7G peak=5.4G limit=n/a anon=1.8G file=2.0G slab=0.8G
[MEM] ep059 batch 2: use=4.7G peak=5.4G limit=n/a anon=1.9G file=2.0G slab=0.8G
[MEM] ep059 batch 3: use=4.7G peak=5.4G limit=n/a anon=1.9G file=2.0G slab=0.8G
[MEM] ep059 batch 4: use=4.7G peak=5.4G limit=n/a anon=1.9G file=2.0G slab=0.8G
[MEM] ep059 batch 5: use=4.7G peak=5.4G limit=n/a anon=1.9G file=2.0G slab=0.8G
[MEM] ep059 batch 500: use=5.1G peak=5.4G limit=n/a anon=2.3G file=2.0G slab=0.8G
[MEM] ep059 batch 1000: use=5.2G peak=5.4G limit=n/a anon=2.4G file=2.0G slab=0.8G
[MEM] ep059 batch 1500: use=5.2G peak=5.4G limit=n/a anon=2.4G file=2.0G slab=0.8G
[MEM] ep059 batch 2000: use=5.3G peak=5.4G limit=n/a anon=2.4G file=2.0G slab=0.8G
[MEM] ep059 batch 2500: use=5.3G peak=5.4G limit=n/a anon=2.5G file=2.0G slab=0.8G
[MEM] ep059 batch 3000: use=5.3G peak=5.4G limit=n/a anon=2.5G file=2.0G slab=0.8G
[MEM] ep059 batch 3500: use=5.3G peak=5.4G limit=n/a anon=2.5G file=2.0G slab=0.8G
[MEM] ep059 batch 4000: use=5.4G peak=5.4G limit=n/a anon=2.5G file=2.0G slab=0.8G
[MEM] ep059 batch 4500: use=5.4G peak=5.4G limit=n/a anon=2.5G file=2.0G slab=0.8G
[MEM] ep059 batch 5000: use=5.4G peak=5.4G limit=n/a anon=2.6G file=2.0G slab=0.8G
[MEM] ep059 batch 5500: use=5.4G peak=5.4G limit=n/a anon=2.6G file=2.0G slab=0.8G
[MEM] ep059 val-start: use=4.2G peak=5.4G limit=n/a anon=1.4G file=2.0G slab=0.8G
[MEM] end epoch 059: use=4.2G peak=5.4G limit=n/a anon=1.4G file=2.0G slab=0.8G
Epoch 059 | Train Huber 3.7035 MAE 2.0454 | Val Huber 4.0286 MAE 2.1522 | LR 5.00e-05
[MEM] ep060 train-start: use=4.2G peak=5.4G limit=n/a anon=1.4G file=2.0G slab=0.8G
[MEM] ep060 batch 1: use=4.6G peak=5.4G limit=n/a anon=1.8G file=2.0G slab=0.8G
[MEM] ep060 batch 2: use=4.7G peak=5.4G limit=n/a anon=1.8G file=2.0G slab=0.8G
[MEM] ep060 batch 3: use=4.7G peak=5.4G limit=n/a anon=1.8G file=2.0G slab=0.8G
[MEM] ep060 batch 4: use=4.7G peak=5.4G limit=n/a anon=1.8G file=2.0G slab=0.8G
[MEM] ep060 batch 5: use=4.7G peak=5.4G limit=n/a anon=1.9G file=2.0G slab=0.8G
[MEM] ep060 batch 500: use=5.1G peak=5.4G limit=n/a anon=2.3G file=2.0G slab=0.8G
[MEM] ep060 batch 1000: use=5.2G peak=5.4G limit=n/a anon=2.4G file=2.0G slab=0.8G
[MEM] ep060 batch 1500: use=5.2G peak=5.4G limit=n/a anon=2.4G file=2.0G slab=0.8G
[MEM] ep060 batch 2000: use=5.2G peak=5.4G limit=n/a anon=2.4G file=2.0G slab=0.8G
[MEM] ep060 batch 2500: use=5.3G peak=5.4G limit=n/a anon=2.5G file=2.0G slab=0.8G
[MEM] ep060 batch 3000: use=5.3G peak=5.4G limit=n/a anon=2.5G file=2.0G slab=0.8G
[MEM] ep060 batch 3500: use=5.3G peak=5.4G limit=n/a anon=2.5G file=2.0G slab=0.8G
[MEM] ep060 batch 4000: use=5.4G peak=5.4G limit=n/a anon=2.5G file=2.0G slab=0.8G
[MEM] ep060 batch 4500: use=5.4G peak=5.4G limit=n/a anon=2.6G file=2.0G slab=0.8G
[MEM] ep060 batch 5000: use=5.4G peak=5.4G limit=n/a anon=2.6G file=2.0G slab=0.8G
[MEM] ep060 batch 5500: use=5.4G peak=5.4G limit=n/a anon=2.6G file=2.0G slab=0.8G
[MEM] ep060 val-start: use=4.2G peak=5.4G limit=n/a anon=1.4G file=2.0G slab=0.8G
[MEM] end epoch 060: use=4.2G peak=5.4G limit=n/a anon=1.4G file=2.0G slab=0.8G
Epoch 060 | Train Huber 3.6939 MAE 2.0423 | Val Huber 4.0189 MAE 2.1351 | LR 5.00e-05
[MEM] ep061 train-start: use=4.2G peak=5.4G limit=n/a anon=1.4G file=2.0G slab=0.8G
[MEM] ep061 batch 1: use=4.6G peak=5.4G limit=n/a anon=1.8G file=2.0G slab=0.8G
[MEM] ep061 batch 2: use=4.6G peak=5.4G limit=n/a anon=1.8G file=2.0G slab=0.8G
[MEM] ep061 batch 3: use=4.7G peak=5.4G limit=n/a anon=1.9G file=2.0G slab=0.8G
[MEM] ep061 batch 4: use=4.7G peak=5.4G limit=n/a anon=1.9G file=2.0G slab=0.8G
[MEM] ep061 batch 5: use=4.7G peak=5.4G limit=n/a anon=1.9G file=2.0G slab=0.8G
[MEM] ep061 batch 500: use=5.1G peak=5.4G limit=n/a anon=2.3G file=2.0G slab=0.8G
[MEM] ep061 batch 1000: use=5.2G peak=5.4G limit=n/a anon=2.4G file=2.0G slab=0.8G
[MEM] ep061 batch 1500: use=5.2G peak=5.4G limit=n/a anon=2.4G file=2.0G slab=0.8G
[MEM] ep061 batch 2000: use=5.3G peak=5.4G limit=n/a anon=2.4G file=2.0G slab=0.8G
[MEM] ep061 batch 2500: use=5.3G peak=5.4G limit=n/a anon=2.5G file=2.0G slab=0.8G
[MEM] ep061 batch 3000: use=5.3G peak=5.4G limit=n/a anon=2.5G file=2.0G slab=0.8G
[MEM] ep061 batch 3500: use=5.3G peak=5.4G limit=n/a anon=2.5G file=2.0G slab=0.8G
[MEM] ep061 batch 4000: use=5.4G peak=5.4G limit=n/a anon=2.5G file=2.0G slab=0.8G
[MEM] ep061 batch 4500: use=5.4G peak=5.4G limit=n/a anon=2.5G file=2.0G slab=0.8G
[MEM] ep061 batch 5000: use=5.4G peak=5.4G limit=n/a anon=2.6G file=2.0G slab=0.8G
[MEM] ep061 batch 5500: use=5.4G peak=5.4G limit=n/a anon=2.6G file=2.0G slab=0.8G
[MEM] ep061 val-start: use=4.2G peak=5.4G limit=n/a anon=1.4G file=2.0G slab=0.8G
[MEM] end epoch 061: use=4.2G peak=5.4G limit=n/a anon=1.4G file=2.0G slab=0.8G
Epoch 061 | Train Huber 3.6884 MAE 2.0402 | Val Huber 4.0430 MAE 2.1344 | LR 5.00e-05
[MEM] ep062 train-start: use=4.2G peak=5.4G limit=n/a anon=1.4G file=2.0G slab=0.8G
[MEM] ep062 batch 1: use=4.6G peak=5.4G limit=n/a anon=1.8G file=2.0G slab=0.8G
[MEM] ep062 batch 2: use=4.6G peak=5.4G limit=n/a anon=1.8G file=2.0G slab=0.8G
[MEM] ep062 batch 3: use=4.6G peak=5.4G limit=n/a anon=1.8G file=2.0G slab=0.8G
[MEM] ep062 batch 4: use=4.7G peak=5.4G limit=n/a anon=1.8G file=2.0G slab=0.8G
[MEM] ep062 batch 5: use=4.7G peak=5.4G limit=n/a anon=1.9G file=2.0G slab=0.8G
[MEM] ep062 batch 500: use=5.1G peak=5.4G limit=n/a anon=2.3G file=2.0G slab=0.8G
[MEM] ep062 batch 1000: use=5.2G peak=5.4G limit=n/a anon=2.4G file=2.0G slab=0.8G
[MEM] ep062 batch 1500: use=5.2G peak=5.4G limit=n/a anon=2.4G file=2.0G slab=0.8G
[MEM] ep062 batch 2000: use=5.3G peak=5.4G limit=n/a anon=2.4G file=2.0G slab=0.8G
[MEM] ep062 batch 2500: use=5.3G peak=5.4G limit=n/a anon=2.5G file=2.0G slab=0.8G
[MEM] ep062 batch 3000: use=5.3G peak=5.4G limit=n/a anon=2.5G file=2.0G slab=0.8G
[MEM] ep062 batch 3500: use=5.3G peak=5.4G limit=n/a anon=2.5G file=2.0G slab=0.8G
[MEM] ep062 batch 4000: use=5.4G peak=5.4G limit=n/a anon=2.5G file=2.0G slab=0.8G
[MEM] ep062 batch 4500: use=5.4G peak=5.4G limit=n/a anon=2.5G file=2.0G slab=0.8G
[MEM] ep062 batch 5000: use=5.4G peak=5.4G limit=n/a anon=2.6G file=2.0G slab=0.8G
[MEM] ep062 batch 5500: use=5.4G peak=5.4G limit=n/a anon=2.6G file=2.0G slab=0.8G
[MEM] ep062 val-start: use=4.2G peak=5.4G limit=n/a anon=1.4G file=2.0G slab=0.8G
[MEM] end epoch 062: use=4.2G peak=5.4G limit=n/a anon=1.4G file=2.0G slab=0.8G
Epoch 062 | Train Huber 3.6741 MAE 2.0350 | Val Huber 4.0486 MAE 2.1431 | LR 2.50e-05
[MEM] ep063 train-start: use=4.2G peak=5.4G limit=n/a anon=1.4G file=2.0G slab=0.8G
[MEM] ep063 batch 1: use=4.6G peak=5.4G limit=n/a anon=1.8G file=2.0G slab=0.8G
[MEM] ep063 batch 2: use=4.6G peak=5.4G limit=n/a anon=1.8G file=2.0G slab=0.8G
[MEM] ep063 batch 3: use=4.6G peak=5.4G limit=n/a anon=1.8G file=2.0G slab=0.8G
[MEM] ep063 batch 4: use=4.6G peak=5.4G limit=n/a anon=1.8G file=2.0G slab=0.8G
[MEM] ep063 batch 5: use=4.7G peak=5.4G limit=n/a anon=1.8G file=2.0G slab=0.8G
[MEM] ep063 batch 500: use=5.1G peak=5.4G limit=n/a anon=2.3G file=2.0G slab=0.8G
[MEM] ep063 batch 1000: use=5.2G peak=5.4G limit=n/a anon=2.4G file=2.0G slab=0.8G
[MEM] ep063 batch 1500: use=5.2G peak=5.4G limit=n/a anon=2.4G file=2.0G slab=0.8G
[MEM] ep063 batch 2000: use=5.3G peak=5.4G limit=n/a anon=2.4G file=2.0G slab=0.8G
[MEM] ep063 batch 2500: use=5.3G peak=5.4G limit=n/a anon=2.5G file=2.0G slab=0.8G
[MEM] ep063 batch 3000: use=5.3G peak=5.4G limit=n/a anon=2.5G file=2.0G slab=0.8G
[MEM] ep063 batch 3500: use=5.3G peak=5.4G limit=n/a anon=2.5G file=2.0G slab=0.8G
[MEM] ep063 batch 4000: use=5.4G peak=5.4G limit=n/a anon=2.5G file=2.0G slab=0.8G
[MEM] ep063 batch 4500: use=5.4G peak=5.4G limit=n/a anon=2.5G file=2.0G slab=0.8G
[MEM] ep063 batch 5000: use=5.4G peak=5.4G limit=n/a anon=2.6G file=2.0G slab=0.8G
[MEM] ep063 batch 5500: use=5.4G peak=5.4G limit=n/a anon=2.6G file=2.0G slab=0.8G
[MEM] ep063 val-start: use=4.2G peak=5.4G limit=n/a anon=1.4G file=2.0G slab=0.8G
[MEM] end epoch 063: use=4.2G peak=5.4G limit=n/a anon=1.4G file=2.0G slab=0.8G
Epoch 063 | Train Huber 3.6111 MAE 2.0160 | Val Huber 4.0502 MAE 2.1602 | LR 2.50e-05
[MEM] ep064 train-start: use=4.2G peak=5.4G limit=n/a anon=1.4G file=2.0G slab=0.8G
[MEM] ep064 batch 1: use=4.7G peak=5.4G limit=n/a anon=1.9G file=2.0G slab=0.8G
[MEM] ep064 batch 2: use=4.7G peak=5.4G limit=n/a anon=1.9G file=2.0G slab=0.8G
[MEM] ep064 batch 3: use=4.7G peak=5.4G limit=n/a anon=1.9G file=2.0G slab=0.8G
[MEM] ep064 batch 4: use=4.7G peak=5.4G limit=n/a anon=1.9G file=2.0G slab=0.8G
[MEM] ep064 batch 5: use=4.8G peak=5.4G limit=n/a anon=2.0G file=2.0G slab=0.8G
[MEM] ep064 batch 500: use=5.1G peak=5.4G limit=n/a anon=2.3G file=2.0G slab=0.8G
[MEM] ep064 batch 1000: use=5.2G peak=5.4G limit=n/a anon=2.4G file=2.0G slab=0.8G
[MEM] ep064 batch 1500: use=5.2G peak=5.4G limit=n/a anon=2.4G file=2.0G slab=0.8G
[MEM] ep064 batch 2000: use=5.3G peak=5.4G limit=n/a anon=2.4G file=2.0G slab=0.8G
[MEM] ep064 batch 2500: use=5.3G peak=5.4G limit=n/a anon=2.5G file=2.0G slab=0.8G
[MEM] ep064 batch 3000: use=5.3G peak=5.4G limit=n/a anon=2.5G file=2.0G slab=0.8G
[MEM] ep064 batch 3500: use=5.3G peak=5.4G limit=n/a anon=2.5G file=2.0G slab=0.8G
[MEM] ep064 batch 4000: use=5.4G peak=5.4G limit=n/a anon=2.5G file=2.0G slab=0.8G
[MEM] ep064 batch 4500: use=5.4G peak=5.4G limit=n/a anon=2.6G file=2.0G slab=0.8G
[MEM] ep064 batch 5000: use=5.4G peak=5.4G limit=n/a anon=2.6G file=2.0G slab=0.8G
[MEM] ep064 batch 5500: use=5.4G peak=5.4G limit=n/a anon=2.6G file=2.0G slab=0.8G
[MEM] ep064 val-start: use=4.2G peak=5.4G limit=n/a anon=1.4G file=2.0G slab=0.8G
[MEM] end epoch 064: use=4.2G peak=5.4G limit=n/a anon=1.4G file=2.0G slab=0.8G
Epoch 064 | Train Huber 3.5997 MAE 2.0117 | Val Huber 4.0788 MAE 2.1638 | LR 2.50e-05
[MEM] ep065 train-start: use=4.2G peak=5.4G limit=n/a anon=1.4G file=2.0G slab=0.8G
[MEM] ep065 batch 1: use=4.7G peak=5.4G limit=n/a anon=1.8G file=2.0G slab=0.8G
[MEM] ep065 batch 2: use=4.7G peak=5.4G limit=n/a anon=1.8G file=2.0G slab=0.8G
[MEM] ep065 batch 3: use=4.7G peak=5.4G limit=n/a anon=1.8G file=2.0G slab=0.8G
[MEM] ep065 batch 4: use=4.7G peak=5.4G limit=n/a anon=1.8G file=2.0G slab=0.8G
[MEM] ep065 batch 5: use=4.7G peak=5.4G limit=n/a anon=1.9G file=2.0G slab=0.8G
[MEM] ep065 batch 500: use=5.1G peak=5.4G limit=n/a anon=2.3G file=2.0G slab=0.8G
[MEM] ep065 batch 1000: use=5.2G peak=5.4G limit=n/a anon=2.4G file=2.0G slab=0.8G
[MEM] ep065 batch 1500: use=5.2G peak=5.4G limit=n/a anon=2.4G file=2.0G slab=0.8G
[MEM] ep065 batch 2000: use=5.3G peak=5.4G limit=n/a anon=2.4G file=2.0G slab=0.8G
[MEM] ep065 batch 2500: use=5.3G peak=5.4G limit=n/a anon=2.5G file=2.0G slab=0.8G
[MEM] ep065 batch 3000: use=5.3G peak=5.4G limit=n/a anon=2.5G file=2.0G slab=0.8G
[MEM] ep065 batch 3500: use=5.3G peak=5.4G limit=n/a anon=2.5G file=2.0G slab=0.8G
[MEM] ep065 batch 4000: use=5.3G peak=5.4G limit=n/a anon=2.5G file=2.0G slab=0.8G
[MEM] ep065 batch 4500: use=5.4G peak=5.4G limit=n/a anon=2.5G file=2.0G slab=0.8G
[MEM] ep065 batch 5000: use=5.4G peak=5.4G limit=n/a anon=2.6G file=2.0G slab=0.8G
[MEM] ep065 batch 5500: use=5.4G peak=5.4G limit=n/a anon=2.6G file=2.0G slab=0.8G
[MEM] ep065 val-start: use=4.2G peak=5.4G limit=n/a anon=1.4G file=2.0G slab=0.8G
[MEM] end epoch 065: use=4.2G peak=5.4G limit=n/a anon=1.4G file=2.0G slab=0.8G
Epoch 065 | Train Huber 3.5971 MAE 2.0105 | Val Huber 4.0293 MAE 2.1346 | LR 2.50e-05
[MEM] ep066 train-start: use=4.2G peak=5.4G limit=n/a anon=1.4G file=2.0G slab=0.8G
[MEM] ep066 batch 1: use=4.7G peak=5.4G limit=n/a anon=1.9G file=2.0G slab=0.8G
[MEM] ep066 batch 2: use=4.7G peak=5.4G limit=n/a anon=1.9G file=2.0G slab=0.8G
[MEM] ep066 batch 3: use=4.7G peak=5.4G limit=n/a anon=1.9G file=2.0G slab=0.8G
[MEM] ep066 batch 4: use=4.7G peak=5.4G limit=n/a anon=1.9G file=2.0G slab=0.8G
[MEM] ep066 batch 5: use=4.8G peak=5.4G limit=n/a anon=2.0G file=2.0G slab=0.8G
[MEM] ep066 batch 500: use=5.1G peak=5.4G limit=n/a anon=2.3G file=2.0G slab=0.8G
[MEM] ep066 batch 1000: use=5.2G peak=5.4G limit=n/a anon=2.4G file=2.0G slab=0.8G
[MEM] ep066 batch 1500: use=5.2G peak=5.4G limit=n/a anon=2.4G file=2.0G slab=0.8G
[MEM] ep066 batch 2000: use=5.3G peak=5.4G limit=n/a anon=2.5G file=2.0G slab=0.8G
[MEM] ep066 batch 2500: use=5.3G peak=5.4G limit=n/a anon=2.5G file=2.0G slab=0.8G
[MEM] ep066 batch 3000: use=5.3G peak=5.4G limit=n/a anon=2.5G file=2.0G slab=0.8G
[MEM] ep066 batch 3500: use=5.4G peak=5.4G limit=n/a anon=2.5G file=2.0G slab=0.8G
[MEM] ep066 batch 4000: use=5.4G peak=5.4G limit=n/a anon=2.5G file=2.0G slab=0.8G
[MEM] ep066 batch 4500: use=5.4G peak=5.4G limit=n/a anon=2.6G file=2.0G slab=0.8G
[MEM] ep066 batch 5000: use=5.4G peak=5.4G limit=n/a anon=2.6G file=2.0G slab=0.8G
[MEM] ep066 batch 5500: use=5.4G peak=5.4G limit=n/a anon=2.6G file=2.0G slab=0.8G
[MEM] ep066 val-start: use=4.2G peak=5.4G limit=n/a anon=1.4G file=2.0G slab=0.8G
[MEM] end epoch 066: use=4.2G peak=5.4G limit=n/a anon=1.4G file=2.0G slab=0.8G
Epoch 066 | Train Huber 3.5824 MAE 2.0077 | Val Huber 4.0340 MAE 2.1347 | LR 2.50e-05
[MEM] ep067 train-start: use=4.2G peak=5.4G limit=n/a anon=1.4G file=2.0G slab=0.8G
[MEM] ep067 batch 1: use=4.6G peak=5.4G limit=n/a anon=1.8G file=2.0G slab=0.8G
[MEM] ep067 batch 2: use=4.6G peak=5.4G limit=n/a anon=1.8G file=2.0G slab=0.8G
[MEM] ep067 batch 3: use=4.6G peak=5.4G limit=n/a anon=1.8G file=2.0G slab=0.8G
[MEM] ep067 batch 4: use=4.6G peak=5.4G limit=n/a anon=1.8G file=2.0G slab=0.8G
[MEM] ep067 batch 5: use=4.7G peak=5.4G limit=n/a anon=1.9G file=2.0G slab=0.8G
[MEM] ep067 batch 500: use=5.1G peak=5.4G limit=n/a anon=2.3G file=2.0G slab=0.8G
[MEM] ep067 batch 1000: use=5.2G peak=5.4G limit=n/a anon=2.4G file=2.0G slab=0.8G
[MEM] ep067 batch 1500: use=5.2G peak=5.4G limit=n/a anon=2.4G file=2.0G slab=0.8G
[MEM] ep067 batch 2000: use=5.2G peak=5.4G limit=n/a anon=2.4G file=2.0G slab=0.8G
[MEM] ep067 batch 2500: use=5.3G peak=5.4G limit=n/a anon=2.5G file=2.0G slab=0.8G
[MEM] ep067 batch 3000: use=5.3G peak=5.4G limit=n/a anon=2.5G file=2.0G slab=0.8G
[MEM] ep067 batch 3500: use=5.3G peak=5.4G limit=n/a anon=2.5G file=2.0G slab=0.8G
[MEM] ep067 batch 4000: use=5.4G peak=5.4G limit=n/a anon=2.5G file=2.0G slab=0.8G
[MEM] ep067 batch 4500: use=5.4G peak=5.4G limit=n/a anon=2.5G file=2.0G slab=0.8G
[MEM] ep067 batch 5000: use=5.4G peak=5.4G limit=n/a anon=2.6G file=2.0G slab=0.8G
[MEM] ep067 batch 5500: use=5.4G peak=5.4G limit=n/a anon=2.6G file=2.0G slab=0.8G
[MEM] ep067 val-start: use=4.2G peak=5.4G limit=n/a anon=1.4G file=2.0G slab=0.8G
[MEM] end epoch 067: use=4.2G peak=5.4G limit=n/a anon=1.4G file=2.0G slab=0.8G
Epoch 067 | Train Huber 3.5760 MAE 2.0045 | Val Huber 4.0522 MAE 2.1500 | LR 2.50e-05
[MEM] ep068 train-start: use=4.2G peak=5.4G limit=n/a anon=1.4G file=2.0G slab=0.8G
[MEM] ep068 batch 1: use=4.6G peak=5.4G limit=n/a anon=1.8G file=2.0G slab=0.8G
[MEM] ep068 batch 2: use=4.6G peak=5.4G limit=n/a anon=1.8G file=2.0G slab=0.8G
[MEM] ep068 batch 3: use=4.7G peak=5.4G limit=n/a anon=1.9G file=2.0G slab=0.8G
[MEM] ep068 batch 4: use=4.7G peak=5.4G limit=n/a anon=1.9G file=2.0G slab=0.8G
[MEM] ep068 batch 5: use=4.7G peak=5.4G limit=n/a anon=1.9G file=2.0G slab=0.8G
[MEM] ep068 batch 500: use=5.1G peak=5.4G limit=n/a anon=2.3G file=2.0G slab=0.8G
[MEM] ep068 batch 1000: use=5.2G peak=5.4G limit=n/a anon=2.4G file=2.0G slab=0.8G
[MEM] ep068 batch 1500: use=5.2G peak=5.4G limit=n/a anon=2.4G file=2.0G slab=0.8G
[MEM] ep068 batch 2000: use=5.3G peak=5.4G limit=n/a anon=2.4G file=2.0G slab=0.8G
[MEM] ep068 batch 2500: use=5.3G peak=5.4G limit=n/a anon=2.5G file=2.0G slab=0.8G
[MEM] ep068 batch 3000: use=5.3G peak=5.4G limit=n/a anon=2.5G file=2.0G slab=0.8G
[MEM] ep068 batch 3500: use=5.3G peak=5.4G limit=n/a anon=2.5G file=2.0G slab=0.8G
[MEM] ep068 batch 4000: use=5.3G peak=5.4G limit=n/a anon=2.5G file=2.0G slab=0.8G
[MEM] ep068 batch 4500: use=5.4G peak=5.4G limit=n/a anon=2.5G file=2.0G slab=0.8G
[MEM] ep068 batch 5000: use=5.4G peak=5.4G limit=n/a anon=2.6G file=2.0G slab=0.8G
[MEM] ep068 batch 5500: use=5.4G peak=5.4G limit=n/a anon=2.6G file=2.0G slab=0.8G
[MEM] ep068 val-start: use=4.2G peak=5.4G limit=n/a anon=1.4G file=2.0G slab=0.8G
[MEM] end epoch 068: use=4.2G peak=5.4G limit=n/a anon=1.4G file=2.0G slab=0.8G
Epoch 068 | Train Huber 3.5661 MAE 2.0028 | Val Huber 4.0458 MAE 2.1341 | LR 1.25e-05
[MEM] ep069 train-start: use=4.2G peak=5.4G limit=n/a anon=1.4G file=2.0G slab=0.8G
[MEM] ep069 batch 1: use=4.6G peak=5.4G limit=n/a anon=1.8G file=2.0G slab=0.8G
[MEM] ep069 batch 2: use=4.6G peak=5.4G limit=n/a anon=1.8G file=2.0G slab=0.8G
[MEM] ep069 batch 3: use=4.6G peak=5.4G limit=n/a anon=1.8G file=2.0G slab=0.8G
[MEM] ep069 batch 4: use=4.6G peak=5.4G limit=n/a anon=1.8G file=2.0G slab=0.8G
[MEM] ep069 batch 5: use=4.8G peak=5.4G limit=n/a anon=2.0G file=2.0G slab=0.8G
[MEM] ep069 batch 500: use=5.1G peak=5.4G limit=n/a anon=2.3G file=2.0G slab=0.8G
[MEM] ep069 batch 1000: use=5.2G peak=5.4G limit=n/a anon=2.4G file=2.0G slab=0.8G
[MEM] ep069 batch 1500: use=5.2G peak=5.4G limit=n/a anon=2.4G file=2.0G slab=0.8G
[MEM] ep069 batch 2000: use=5.2G peak=5.4G limit=n/a anon=2.4G file=2.0G slab=0.8G
[MEM] ep069 batch 2500: use=5.3G peak=5.4G limit=n/a anon=2.5G file=2.0G slab=0.8G
[MEM] ep069 batch 3000: use=5.3G peak=5.4G limit=n/a anon=2.5G file=2.0G slab=0.8G
[MEM] ep069 batch 3500: use=5.3G peak=5.4G limit=n/a anon=2.5G file=2.0G slab=0.8G
[MEM] ep069 batch 4000: use=5.4G peak=5.4G limit=n/a anon=2.5G file=2.0G slab=0.8G
[MEM] ep069 batch 4500: use=5.4G peak=5.4G limit=n/a anon=2.5G file=2.0G slab=0.8G
[MEM] ep069 batch 5000: use=5.4G peak=5.4G limit=n/a anon=2.6G file=2.0G slab=0.8G
[MEM] ep069 batch 5500: use=5.4G peak=5.4G limit=n/a anon=2.6G file=2.0G slab=0.8G
[MEM] ep069 val-start: use=4.2G peak=5.4G limit=n/a anon=1.4G file=2.0G slab=0.8G
[MEM] end epoch 069: use=4.2G peak=5.4G limit=n/a anon=1.4G file=2.0G slab=0.8G
Epoch 069 | Train Huber 3.5291 MAE 1.9901 | Val Huber 4.0429 MAE 2.1409 | LR 1.25e-05
[MEM] ep070 train-start: use=4.2G peak=5.4G limit=n/a anon=1.4G file=2.0G slab=0.8G
[MEM] ep070 batch 1: use=4.6G peak=5.4G limit=n/a anon=1.8G file=2.0G slab=0.8G
[MEM] ep070 batch 2: use=4.6G peak=5.4G limit=n/a anon=1.8G file=2.0G slab=0.8G
[MEM] ep070 batch 3: use=4.7G peak=5.4G limit=n/a anon=1.8G file=2.0G slab=0.8G
[MEM] ep070 batch 4: use=4.7G peak=5.4G limit=n/a anon=1.8G file=2.0G slab=0.8G
[MEM] ep070 batch 5: use=4.7G peak=5.4G limit=n/a anon=1.9G file=2.0G slab=0.8G
[MEM] ep070 batch 500: use=5.1G peak=5.4G limit=n/a anon=2.3G file=2.0G slab=0.8G
[MEM] ep070 batch 1000: use=5.2G peak=5.4G limit=n/a anon=2.4G file=2.0G slab=0.8G
[MEM] ep070 batch 1500: use=5.2G peak=5.4G limit=n/a anon=2.4G file=2.0G slab=0.8G
[MEM] ep070 batch 2000: use=5.3G peak=5.4G limit=n/a anon=2.4G file=2.0G slab=0.8G
[MEM] ep070 batch 2500: use=5.3G peak=5.4G limit=n/a anon=2.5G file=2.0G slab=0.8G
[MEM] ep070 batch 3000: use=5.3G peak=5.4G limit=n/a anon=2.5G file=2.0G slab=0.8G
[MEM] ep070 batch 3500: use=5.3G peak=5.4G limit=n/a anon=2.5G file=2.0G slab=0.8G
[MEM] ep070 batch 4000: use=5.4G peak=5.4G limit=n/a anon=2.5G file=2.0G slab=0.8G
[MEM] ep070 batch 4500: use=5.4G peak=5.4G limit=n/a anon=2.5G file=2.0G slab=0.8G
[MEM] ep070 batch 5000: use=5.4G peak=5.4G limit=n/a anon=2.6G file=2.0G slab=0.8G
[MEM] ep070 batch 5500: use=5.4G peak=5.4G limit=n/a anon=2.6G file=2.0G slab=0.8G
[MEM] ep070 val-start: use=4.2G peak=5.4G limit=n/a anon=1.4G file=2.0G slab=0.8G
[MEM] end epoch 070: use=4.2G peak=5.4G limit=n/a anon=1.4G file=2.0G slab=0.8G
Epoch 070 | Train Huber 3.5155 MAE 1.9857 | Val Huber 4.0405 MAE 2.1435 | LR 1.25e-05
[MEM] ep071 train-start: use=4.2G peak=5.4G limit=n/a anon=1.4G file=2.0G slab=0.8G
[MEM] ep071 batch 1: use=4.6G peak=5.4G limit=n/a anon=1.8G file=2.0G slab=0.8G
[MEM] ep071 batch 2: use=4.6G peak=5.4G limit=n/a anon=1.8G file=2.0G slab=0.8G
[MEM] ep071 batch 3: use=4.6G peak=5.4G limit=n/a anon=1.8G file=2.0G slab=0.8G
[MEM] ep071 batch 4: use=4.6G peak=5.4G limit=n/a anon=1.8G file=2.0G slab=0.8G
[MEM] ep071 batch 5: use=4.7G peak=5.4G limit=n/a anon=1.9G file=2.0G slab=0.8G
[MEM] ep071 batch 500: use=5.1G peak=5.4G limit=n/a anon=2.3G file=2.0G slab=0.8G
[MEM] ep071 batch 1000: use=5.2G peak=5.4G limit=n/a anon=2.4G file=2.0G slab=0.8G
[MEM] ep071 batch 1500: use=5.2G peak=5.4G limit=n/a anon=2.4G file=2.0G slab=0.8G
[MEM] ep071 batch 2000: use=5.3G peak=5.4G limit=n/a anon=2.5G file=2.0G slab=0.8G
[MEM] ep071 batch 2500: use=5.3G peak=5.4G limit=n/a anon=2.5G file=2.0G slab=0.8G
[MEM] ep071 batch 3000: use=5.3G peak=5.4G limit=n/a anon=2.5G file=2.0G slab=0.8G
[MEM] ep071 batch 3500: use=5.3G peak=5.4G limit=n/a anon=2.5G file=2.0G slab=0.8G
[MEM] ep071 batch 4000: use=5.4G peak=5.4G limit=n/a anon=2.5G file=2.0G slab=0.8G
[MEM] ep071 batch 4500: use=5.4G peak=5.4G limit=n/a anon=2.5G file=2.0G slab=0.8G
[MEM] ep071 batch 5000: use=5.4G peak=5.4G limit=n/a anon=2.6G file=2.0G slab=0.8G
[MEM] ep071 batch 5500: use=5.4G peak=5.4G limit=n/a anon=2.6G file=2.0G slab=0.8G
[MEM] ep071 val-start: use=4.2G peak=5.4G limit=n/a anon=1.4G file=2.0G slab=0.8G
[MEM] end epoch 071: use=4.2G peak=5.4G limit=n/a anon=1.4G file=2.0G slab=0.8G
Epoch 071 | Train Huber 3.5066 MAE 1.9847 | Val Huber 4.0532 MAE 2.1408 | LR 1.25e-05
[MEM] ep072 train-start: use=4.2G peak=5.4G limit=n/a anon=1.4G file=2.0G slab=0.8G
[MEM] ep072 batch 1: use=4.6G peak=5.4G limit=n/a anon=1.8G file=2.0G slab=0.8G
[MEM] ep072 batch 2: use=4.6G peak=5.4G limit=n/a anon=1.8G file=2.0G slab=0.8G
[MEM] ep072 batch 3: use=4.6G peak=5.4G limit=n/a anon=1.8G file=2.0G slab=0.8G
[MEM] ep072 batch 4: use=4.6G peak=5.4G limit=n/a anon=1.8G file=2.0G slab=0.8G
[MEM] ep072 batch 5: use=4.8G peak=5.4G limit=n/a anon=1.9G file=2.0G slab=0.8G
[MEM] ep072 batch 500: use=5.1G peak=5.4G limit=n/a anon=2.3G file=2.0G slab=0.8G
[MEM] ep072 batch 1000: use=5.2G peak=5.4G limit=n/a anon=2.4G file=2.0G slab=0.8G
[MEM] ep072 batch 1500: use=5.2G peak=5.4G limit=n/a anon=2.4G file=2.0G slab=0.8G
[MEM] ep072 batch 2000: use=5.3G peak=5.4G limit=n/a anon=2.4G file=2.0G slab=0.8G
[MEM] ep072 batch 2500: use=5.3G peak=5.4G limit=n/a anon=2.5G file=2.0G slab=0.8G
[MEM] ep072 batch 3000: use=5.3G peak=5.4G limit=n/a anon=2.5G file=2.0G slab=0.8G
[MEM] ep072 batch 3500: use=5.3G peak=5.4G limit=n/a anon=2.5G file=2.0G slab=0.8G
[MEM] ep072 batch 4000: use=5.4G peak=5.4G limit=n/a anon=2.5G file=2.0G slab=0.8G
[MEM] ep072 batch 4500: use=5.4G peak=5.4G limit=n/a anon=2.5G file=2.0G slab=0.8G
[MEM] ep072 batch 5000: use=5.4G peak=5.4G limit=n/a anon=2.6G file=2.0G slab=0.8G
[MEM] ep072 batch 5500: use=5.4G peak=5.4G limit=n/a anon=2.6G file=2.0G slab=0.8G
[MEM] ep072 val-start: use=4.2G peak=5.4G limit=n/a anon=1.4G file=2.0G slab=0.8G
[MEM] end epoch 072: use=4.2G peak=5.4G limit=n/a anon=1.4G file=2.0G slab=0.8G
Epoch 072 | Train Huber 3.5047 MAE 1.9826 | Val Huber 4.0556 MAE 2.1405 | LR 1.25e-05
[MEM] ep073 train-start: use=4.2G peak=5.4G limit=n/a anon=1.4G file=2.0G slab=0.8G
[MEM] ep073 batch 1: use=4.7G peak=5.4G limit=n/a anon=1.8G file=2.0G slab=0.8G
[MEM] ep073 batch 2: use=4.7G peak=5.4G limit=n/a anon=1.8G file=2.0G slab=0.8G
[MEM] ep073 batch 3: use=4.7G peak=5.4G limit=n/a anon=1.8G file=2.0G slab=0.8G
[MEM] ep073 batch 4: use=4.7G peak=5.4G limit=n/a anon=1.8G file=2.0G slab=0.8G
[MEM] ep073 batch 5: use=4.8G peak=5.4G limit=n/a anon=2.0G file=2.0G slab=0.8G
[MEM] ep073 batch 500: use=5.1G peak=5.4G limit=n/a anon=2.3G file=2.0G slab=0.8G
[MEM] ep073 batch 1000: use=5.2G peak=5.4G limit=n/a anon=2.4G file=2.0G slab=0.8G
[MEM] ep073 batch 1500: use=5.2G peak=5.4G limit=n/a anon=2.4G file=2.0G slab=0.8G
[MEM] ep073 batch 2000: use=5.2G peak=5.4G limit=n/a anon=2.4G file=2.0G slab=0.8G
[MEM] ep073 batch 2500: use=5.3G peak=5.4G limit=n/a anon=2.5G file=2.0G slab=0.8G
[MEM] ep073 batch 3000: use=5.3G peak=5.4G limit=n/a anon=2.5G file=2.0G slab=0.8G
[MEM] ep073 batch 3500: use=5.3G peak=5.4G limit=n/a anon=2.5G file=2.0G slab=0.8G
[MEM] ep073 batch 4000: use=5.4G peak=5.4G limit=n/a anon=2.5G file=2.0G slab=0.8G
[MEM] ep073 batch 4500: use=5.4G peak=5.4G limit=n/a anon=2.6G file=2.0G slab=0.8G
[MEM] ep073 batch 5000: use=5.4G peak=5.4G limit=n/a anon=2.6G file=2.0G slab=0.8G
[MEM] ep073 batch 5500: use=5.4G peak=5.4G limit=n/a anon=2.6G file=2.0G slab=0.8G
[MEM] ep073 val-start: use=4.2G peak=5.4G limit=n/a anon=1.4G file=2.0G slab=0.8G
[MEM] end epoch 073: use=4.2G peak=5.4G limit=n/a anon=1.4G file=2.0G slab=0.8G
Epoch 073 | Train Huber 3.4939 MAE 1.9795 | Val Huber 4.0682 MAE 2.1521 | LR 1.25e-05
[MEM] ep074 train-start: use=4.2G peak=5.4G limit=n/a anon=1.4G file=2.0G slab=0.8G
[MEM] ep074 batch 1: use=4.6G peak=5.4G limit=n/a anon=1.8G file=2.0G slab=0.8G
[MEM] ep074 batch 2: use=4.6G peak=5.4G limit=n/a anon=1.8G file=2.0G slab=0.8G
[MEM] ep074 batch 3: use=4.7G peak=5.4G limit=n/a anon=1.8G file=2.0G slab=0.8G
[MEM] ep074 batch 4: use=4.7G peak=5.4G limit=n/a anon=1.9G file=2.0G slab=0.8G
[MEM] ep074 batch 5: use=4.7G peak=5.4G limit=n/a anon=1.9G file=2.0G slab=0.8G
[MEM] ep074 batch 500: use=5.1G peak=5.4G limit=n/a anon=2.3G file=2.0G slab=0.8G
[MEM] ep074 batch 1000: use=5.2G peak=5.4G limit=n/a anon=2.4G file=2.0G slab=0.8G
[MEM] ep074 batch 1500: use=5.2G peak=5.4G limit=n/a anon=2.4G file=2.0G slab=0.8G
[MEM] ep074 batch 2000: use=5.3G peak=5.4G limit=n/a anon=2.4G file=2.0G slab=0.8G
[MEM] ep074 batch 2500: use=5.3G peak=5.4G limit=n/a anon=2.5G file=2.0G slab=0.8G
[MEM] ep074 batch 3000: use=5.3G peak=5.4G limit=n/a anon=2.5G file=2.0G slab=0.8G
[MEM] ep074 batch 3500: use=5.3G peak=5.4G limit=n/a anon=2.5G file=2.0G slab=0.8G
[MEM] ep074 batch 4000: use=5.3G peak=5.4G limit=n/a anon=2.5G file=2.0G slab=0.8G
[MEM] ep074 batch 4500: use=5.4G peak=5.4G limit=n/a anon=2.5G file=2.0G slab=0.8G
[MEM] ep074 batch 5000: use=5.4G peak=5.4G limit=n/a anon=2.6G file=2.0G slab=0.8G
[MEM] ep074 batch 5500: use=5.4G peak=5.4G limit=n/a anon=2.6G file=2.0G slab=0.8G
[MEM] ep074 val-start: use=4.2G peak=5.4G limit=n/a anon=1.4G file=2.0G slab=0.8G
[MEM] end epoch 074: use=4.2G peak=5.4G limit=n/a anon=1.4G file=2.0G slab=0.8G
Epoch 074 | Train Huber 3.4886 MAE 1.9778 | Val Huber 4.0745 MAE 2.1545 | LR 6.25e-06
[MEM] ep075 train-start: use=4.2G peak=5.4G limit=n/a anon=1.4G file=2.0G slab=0.8G
[MEM] ep075 batch 1: use=4.6G peak=5.4G limit=n/a anon=1.8G file=2.0G slab=0.8G
[MEM] ep075 batch 2: use=4.6G peak=5.4G limit=n/a anon=1.8G file=2.0G slab=0.8G
[MEM] ep075 batch 3: use=4.7G peak=5.4G limit=n/a anon=1.8G file=2.0G slab=0.8G
[MEM] ep075 batch 4: use=4.7G peak=5.4G limit=n/a anon=1.8G file=2.0G slab=0.8G
[MEM] ep075 batch 5: use=4.7G peak=5.4G limit=n/a anon=1.9G file=2.0G slab=0.8G
[MEM] ep075 batch 500: use=5.1G peak=5.4G limit=n/a anon=2.3G file=2.0G slab=0.8G
[MEM] ep075 batch 1000: use=5.2G peak=5.4G limit=n/a anon=2.4G file=2.0G slab=0.8G
[MEM] ep075 batch 1500: use=5.2G peak=5.4G limit=n/a anon=2.4G file=2.0G slab=0.8G
[MEM] ep075 batch 2000: use=5.3G peak=5.4G limit=n/a anon=2.4G file=2.0G slab=0.8G
[MEM] ep075 batch 2500: use=5.3G peak=5.4G limit=n/a anon=2.5G file=2.0G slab=0.8G
[MEM] ep075 batch 3000: use=5.3G peak=5.4G limit=n/a anon=2.5G file=2.0G slab=0.8G
[MEM] ep075 batch 3500: use=5.3G peak=5.4G limit=n/a anon=2.5G file=2.0G slab=0.8G
[MEM] ep075 batch 4000: use=5.4G peak=5.4G limit=n/a anon=2.5G file=2.0G slab=0.8G
[MEM] ep075 batch 4500: use=5.4G peak=5.4G limit=n/a anon=2.6G file=2.0G slab=0.8G
[MEM] ep075 batch 5000: use=5.4G peak=5.4G limit=n/a anon=2.6G file=2.0G slab=0.8G
[MEM] ep075 batch 5500: use=5.4G peak=5.4G limit=n/a anon=2.6G file=2.0G slab=0.8G
[MEM] ep075 val-start: use=4.2G peak=5.4G limit=n/a anon=1.4G file=2.0G slab=0.8G
[MEM] end epoch 075: use=4.2G peak=5.4G limit=n/a anon=1.4G file=2.0G slab=0.8G
Epoch 075 | Train Huber 3.4700 MAE 1.9720 | Val Huber 4.0644 MAE 2.1403 | LR 6.25e-06
[MEM] ep076 train-start: use=4.2G peak=5.4G limit=n/a anon=1.4G file=2.0G slab=0.8G
[MEM] ep076 batch 1: use=4.6G peak=5.4G limit=n/a anon=1.8G file=2.0G slab=0.8G
[MEM] ep076 batch 2: use=4.6G peak=5.4G limit=n/a anon=1.8G file=2.0G slab=0.8G
[MEM] ep076 batch 3: use=4.7G peak=5.4G limit=n/a anon=1.8G file=2.0G slab=0.8G
[MEM] ep076 batch 4: use=4.7G peak=5.4G limit=n/a anon=1.9G file=2.0G slab=0.8G
[MEM] ep076 batch 5: use=4.7G peak=5.4G limit=n/a anon=1.9G file=2.0G slab=0.8G
[MEM] ep076 batch 500: use=5.1G peak=5.4G limit=n/a anon=2.3G file=2.0G slab=0.8G
[MEM] ep076 batch 1000: use=5.2G peak=5.4G limit=n/a anon=2.4G file=2.0G slab=0.8G
[MEM] ep076 batch 1500: use=5.2G peak=5.4G limit=n/a anon=2.4G file=2.0G slab=0.8G
[MEM] ep076 batch 2000: use=5.3G peak=5.4G limit=n/a anon=2.4G file=2.0G slab=0.8G
[MEM] ep076 batch 2500: use=5.3G peak=5.4G limit=n/a anon=2.5G file=2.0G slab=0.8G
[MEM] ep076 batch 3000: use=5.3G peak=5.4G limit=n/a anon=2.5G file=2.0G slab=0.8G
[MEM] ep076 batch 3500: use=5.4G peak=5.4G limit=n/a anon=2.5G file=2.0G slab=0.8G
[MEM] ep076 batch 4000: use=5.4G peak=5.4G limit=n/a anon=2.5G file=2.0G slab=0.8G
[MEM] ep076 batch 4500: use=5.4G peak=5.4G limit=n/a anon=2.6G file=2.0G slab=0.8G
[MEM] ep076 batch 5000: use=5.4G peak=5.4G limit=n/a anon=2.6G file=2.0G slab=0.8G
[MEM] ep076 batch 5500: use=5.4G peak=5.4G limit=n/a anon=2.6G file=2.0G slab=0.8G
[MEM] ep076 val-start: use=4.2G peak=5.4G limit=n/a anon=1.4G file=2.0G slab=0.8G
[MEM] end epoch 076: use=4.2G peak=5.4G limit=n/a anon=1.4G file=2.0G slab=0.8G
Epoch 076 | Train Huber 3.4644 MAE 1.9697 | Val Huber 4.0687 MAE 2.1471 | LR 6.25e-06
[MEM] ep077 train-start: use=4.2G peak=5.4G limit=n/a anon=1.4G file=2.0G slab=0.8G
[MEM] ep077 batch 1: use=4.7G peak=5.4G limit=n/a anon=1.9G file=2.0G slab=0.8G
[MEM] ep077 batch 2: use=4.7G peak=5.4G limit=n/a anon=1.9G file=2.0G slab=0.8G
[MEM] ep077 batch 3: use=4.7G peak=5.4G limit=n/a anon=1.9G file=2.0G slab=0.8G
[MEM] ep077 batch 4: use=4.7G peak=5.4G limit=n/a anon=1.9G file=2.0G slab=0.8G
[MEM] ep077 batch 5: use=4.8G peak=5.4G limit=n/a anon=2.0G file=2.0G slab=0.8G
[MEM] ep077 batch 500: use=5.1G peak=5.4G limit=n/a anon=2.3G file=2.0G slab=0.8G
[MEM] ep077 batch 1000: use=5.2G peak=5.4G limit=n/a anon=2.4G file=2.0G slab=0.8G
[MEM] ep077 batch 1500: use=5.2G peak=5.4G limit=n/a anon=2.4G file=2.0G slab=0.8G
[MEM] ep077 batch 2000: use=5.2G peak=5.4G limit=n/a anon=2.4G file=2.0G slab=0.8G
[MEM] ep077 batch 2500: use=5.3G peak=5.4G limit=n/a anon=2.5G file=2.0G slab=0.8G
[MEM] ep077 batch 3000: use=5.3G peak=5.4G limit=n/a anon=2.5G file=2.0G slab=0.8G
[MEM] ep077 batch 3500: use=5.3G peak=5.4G limit=n/a anon=2.5G file=2.0G slab=0.8G
[MEM] ep077 batch 4000: use=5.4G peak=5.4G limit=n/a anon=2.5G file=2.0G slab=0.8G
[MEM] ep077 batch 4500: use=5.4G peak=5.4G limit=n/a anon=2.5G file=2.0G slab=0.8G
[MEM] ep077 batch 5000: use=5.4G peak=5.4G limit=n/a anon=2.6G file=2.0G slab=0.8G
[MEM] ep077 batch 5500: use=5.4G peak=5.4G limit=n/a anon=2.6G file=2.0G slab=0.8G
[MEM] ep077 val-start: use=4.2G peak=5.4G limit=n/a anon=1.4G file=2.0G slab=0.8G
[MEM] end epoch 077: use=4.2G peak=5.4G limit=n/a anon=1.4G file=2.0G slab=0.8G
Epoch 077 | Train Huber 3.4596 MAE 1.9696 | Val Huber 4.0665 MAE 2.1480 | LR 6.25e-06
[MEM] ep078 train-start: use=4.2G peak=5.4G limit=n/a anon=1.4G file=2.0G slab=0.8G
[MEM] ep078 batch 1: use=4.6G peak=5.4G limit=n/a anon=1.8G file=2.0G slab=0.8G
[MEM] ep078 batch 2: use=4.6G peak=5.4G limit=n/a anon=1.8G file=2.0G slab=0.8G
[MEM] ep078 batch 3: use=4.7G peak=5.4G limit=n/a anon=1.9G file=2.0G slab=0.8G
[MEM] ep078 batch 4: use=4.7G peak=5.4G limit=n/a anon=1.9G file=2.0G slab=0.8G
[MEM] ep078 batch 5: use=4.7G peak=5.4G limit=n/a anon=1.9G file=2.0G slab=0.8G
[MEM] ep078 batch 500: use=5.1G peak=5.4G limit=n/a anon=2.3G file=2.0G slab=0.8G
[MEM] ep078 batch 1000: use=5.2G peak=5.4G limit=n/a anon=2.4G file=2.0G slab=0.8G
[MEM] ep078 batch 1500: use=5.2G peak=5.4G limit=n/a anon=2.4G file=2.0G slab=0.8G
[MEM] ep078 batch 2000: use=5.3G peak=5.4G limit=n/a anon=2.4G file=2.0G slab=0.8G
[MEM] ep078 batch 2500: use=5.3G peak=5.4G limit=n/a anon=2.5G file=2.0G slab=0.8G
[MEM] ep078 batch 3000: use=5.3G peak=5.4G limit=n/a anon=2.5G file=2.0G slab=0.8G
[MEM] ep078 batch 3500: use=5.3G peak=5.4G limit=n/a anon=2.5G file=2.0G slab=0.8G
[MEM] ep078 batch 4000: use=5.3G peak=5.4G limit=n/a anon=2.5G file=2.0G slab=0.8G
[MEM] ep078 batch 4500: use=5.4G peak=5.4G limit=n/a anon=2.5G file=2.0G slab=0.8G
[MEM] ep078 batch 5000: use=5.4G peak=5.4G limit=n/a anon=2.6G file=2.0G slab=0.8G
[MEM] ep078 batch 5500: use=5.4G peak=5.4G limit=n/a anon=2.6G file=2.0G slab=0.8G
[MEM] ep078 val-start: use=4.2G peak=5.4G limit=n/a anon=1.4G file=2.0G slab=0.8G
[MEM] end epoch 078: use=4.2G peak=5.4G limit=n/a anon=1.4G file=2.0G slab=0.8G
Epoch 078 | Train Huber 3.4600 MAE 1.9692 | Val Huber 4.0697 MAE 2.1455 | LR 6.25e-06
[MEM] ep079 train-start: use=4.2G peak=5.4G limit=n/a anon=1.4G file=2.0G slab=0.8G
[MEM] ep079 batch 1: use=4.6G peak=5.4G limit=n/a anon=1.8G file=2.0G slab=0.8G
[MEM] ep079 batch 2: use=4.7G peak=5.4G limit=n/a anon=1.8G file=2.0G slab=0.8G
[MEM] ep079 batch 3: use=4.7G peak=5.4G limit=n/a anon=1.8G file=2.0G slab=0.8G
[MEM] ep079 batch 4: use=4.7G peak=5.4G limit=n/a anon=1.8G file=2.0G slab=0.8G
[MEM] ep079 batch 5: use=4.7G peak=5.4G limit=n/a anon=1.9G file=2.0G slab=0.8G
[MEM] ep079 batch 500: use=5.1G peak=5.4G limit=n/a anon=2.3G file=2.0G slab=0.8G
[MEM] ep079 batch 1000: use=5.2G peak=5.4G limit=n/a anon=2.4G file=2.0G slab=0.8G
[MEM] ep079 batch 1500: use=5.2G peak=5.4G limit=n/a anon=2.4G file=2.0G slab=0.8G
[MEM] ep079 batch 2000: use=5.3G peak=5.4G limit=n/a anon=2.4G file=2.0G slab=0.8G
[MEM] ep079 batch 2500: use=5.3G peak=5.4G limit=n/a anon=2.5G file=2.0G slab=0.8G
[MEM] ep079 batch 3000: use=5.3G peak=5.4G limit=n/a anon=2.5G file=2.0G slab=0.8G
[MEM] ep079 batch 3500: use=5.3G peak=5.4G limit=n/a anon=2.5G file=2.0G slab=0.8G
[MEM] ep079 batch 4000: use=5.4G peak=5.4G limit=n/a anon=2.5G file=2.0G slab=0.8G
[MEM] ep079 batch 4500: use=5.4G peak=5.4G limit=n/a anon=2.5G file=2.0G slab=0.8G
[MEM] ep079 batch 5000: use=5.4G peak=5.4G limit=n/a anon=2.6G file=2.0G slab=0.8G
[MEM] ep079 batch 5500: use=5.4G peak=5.4G limit=n/a anon=2.6G file=2.0G slab=0.8G
[MEM] ep079 val-start: use=4.2G peak=5.4G limit=n/a anon=1.4G file=2.0G slab=0.8G
[MEM] end epoch 079: use=4.2G peak=5.4G limit=n/a anon=1.4G file=2.0G slab=0.8G
Epoch 079 | Train Huber 3.4551 MAE 1.9675 | Val Huber 4.0729 MAE 2.1456 | LR 6.25e-06
[MEM] ep080 train-start: use=4.2G peak=5.4G limit=n/a anon=1.4G file=2.0G slab=0.8G
[MEM] ep080 batch 1: use=4.6G peak=5.4G limit=n/a anon=1.8G file=2.0G slab=0.8G
[MEM] ep080 batch 2: use=4.7G peak=5.4G limit=n/a anon=1.8G file=2.0G slab=0.8G
[MEM] ep080 batch 3: use=4.7G peak=5.4G limit=n/a anon=1.8G file=2.0G slab=0.8G
[MEM] ep080 batch 4: use=4.7G peak=5.4G limit=n/a anon=1.9G file=2.0G slab=0.8G
[MEM] ep080 batch 5: use=4.8G peak=5.4G limit=n/a anon=2.0G file=2.0G slab=0.8G
[MEM] ep080 batch 500: use=5.1G peak=5.4G limit=n/a anon=2.3G file=2.0G slab=0.8G
[MEM] ep080 batch 1000: use=5.2G peak=5.4G limit=n/a anon=2.4G file=2.0G slab=0.8G
[MEM] ep080 batch 1500: use=5.2G peak=5.4G limit=n/a anon=2.4G file=2.0G slab=0.8G
[MEM] ep080 batch 2000: use=5.3G peak=5.4G limit=n/a anon=2.4G file=2.0G slab=0.8G
[MEM] ep080 batch 2500: use=5.3G peak=5.4G limit=n/a anon=2.5G file=2.0G slab=0.8G
[MEM] ep080 batch 3000: use=5.3G peak=5.4G limit=n/a anon=2.5G file=2.0G slab=0.8G
[MEM] ep080 batch 3500: use=5.3G peak=5.4G limit=n/a anon=2.5G file=2.0G slab=0.8G
[MEM] ep080 batch 4000: use=5.4G peak=5.4G limit=n/a anon=2.5G file=2.0G slab=0.8G
[MEM] ep080 batch 4500: use=5.4G peak=5.4G limit=n/a anon=2.6G file=2.0G slab=0.8G
[MEM] ep080 batch 5000: use=5.4G peak=5.4G limit=n/a anon=2.6G file=2.0G slab=0.8G
[MEM] ep080 batch 5500: use=5.4G peak=5.4G limit=n/a anon=2.6G file=2.0G slab=0.8G
[MEM] ep080 val-start: use=4.2G peak=5.4G limit=n/a anon=1.4G file=2.0G slab=0.8G
[MEM] end epoch 080: use=4.2G peak=5.4G limit=n/a anon=1.4G file=2.0G slab=0.8G
Epoch 080 | Train Huber 3.4517 MAE 1.9670 | Val Huber 4.0747 MAE 2.1446 | LR 3.13e-06
[MEM] ep081 train-start: use=4.2G peak=5.4G limit=n/a anon=1.4G file=2.0G slab=0.8G
[MEM] ep081 batch 1: use=4.7G peak=5.4G limit=n/a anon=1.9G file=2.0G slab=0.8G
[MEM] ep081 batch 2: use=4.7G peak=5.4G limit=n/a anon=1.9G file=2.0G slab=0.8G
[MEM] ep081 batch 3: use=4.7G peak=5.4G limit=n/a anon=1.9G file=2.0G slab=0.8G
[MEM] ep081 batch 4: use=4.7G peak=5.4G limit=n/a anon=1.9G file=2.0G slab=0.8G
[MEM] ep081 batch 5: use=4.8G peak=5.4G limit=n/a anon=2.0G file=2.0G slab=0.8G
[MEM] ep081 batch 500: use=5.1G peak=5.4G limit=n/a anon=2.3G file=2.0G slab=0.8G
[MEM] ep081 batch 1000: use=5.2G peak=5.4G limit=n/a anon=2.4G file=2.0G slab=0.8G
[MEM] ep081 batch 1500: use=5.2G peak=5.4G limit=n/a anon=2.4G file=2.0G slab=0.8G
[MEM] ep081 batch 2000: use=5.3G peak=5.4G limit=n/a anon=2.4G file=2.0G slab=0.8G
[MEM] ep081 batch 2500: use=5.3G peak=5.4G limit=n/a anon=2.5G file=2.0G slab=0.8G
[MEM] ep081 batch 3000: use=5.3G peak=5.4G limit=n/a anon=2.5G file=2.0G slab=0.8G
[MEM] ep081 batch 3500: use=5.3G peak=5.4G limit=n/a anon=2.5G file=2.0G slab=0.8G
[MEM] ep081 batch 4000: use=5.4G peak=5.4G limit=n/a anon=2.5G file=2.0G slab=0.8G
[MEM] ep081 batch 4500: use=5.4G peak=5.4G limit=n/a anon=2.5G file=2.0G slab=0.8G
[MEM] ep081 batch 5000: use=5.4G peak=5.4G limit=n/a anon=2.6G file=2.0G slab=0.8G
[MEM] ep081 batch 5500: use=5.4G peak=5.4G limit=n/a anon=2.6G file=2.0G slab=0.8G
[MEM] ep081 val-start: use=4.2G peak=5.4G limit=n/a anon=1.4G file=2.0G slab=0.8G
[MEM] end epoch 081: use=4.2G peak=5.4G limit=n/a anon=1.4G file=2.0G slab=0.8G
Epoch 081 | Train Huber 3.4420 MAE 1.9637 | Val Huber 4.0736 MAE 2.1468 | LR 3.13e-06
[MEM] ep082 train-start: use=4.2G peak=5.4G limit=n/a anon=1.4G file=2.0G slab=0.8G
[MEM] ep082 batch 1: use=4.7G peak=5.4G limit=n/a anon=1.8G file=2.0G slab=0.8G
[MEM] ep082 batch 2: use=4.7G peak=5.4G limit=n/a anon=1.8G file=2.0G slab=0.8G
[MEM] ep082 batch 3: use=4.7G peak=5.4G limit=n/a anon=1.8G file=2.0G slab=0.8G
[MEM] ep082 batch 4: use=4.7G peak=5.4G limit=n/a anon=1.9G file=2.0G slab=0.8G
[MEM] ep082 batch 5: use=4.7G peak=5.4G limit=n/a anon=1.9G file=2.0G slab=0.8G
[MEM] ep082 batch 500: use=5.1G peak=5.4G limit=n/a anon=2.3G file=2.0G slab=0.8G
[MEM] ep082 batch 1000: use=5.2G peak=5.4G limit=n/a anon=2.4G file=2.0G slab=0.8G
[MEM] ep082 batch 1500: use=5.2G peak=5.4G limit=n/a anon=2.4G file=2.0G slab=0.8G
[MEM] ep082 batch 2000: use=5.2G peak=5.4G limit=n/a anon=2.4G file=2.0G slab=0.8G
[MEM] ep082 batch 2500: use=5.3G peak=5.4G limit=n/a anon=2.4G file=2.0G slab=0.8G
[MEM] ep082 batch 3000: use=5.3G peak=5.4G limit=n/a anon=2.5G file=2.0G slab=0.8G
[MEM] ep082 batch 3500: use=5.3G peak=5.4G limit=n/a anon=2.5G file=2.0G slab=0.8G
[MEM] ep082 batch 4000: use=5.4G peak=5.4G limit=n/a anon=2.5G file=2.0G slab=0.8G
[MEM] ep082 batch 4500: use=5.4G peak=5.4G limit=n/a anon=2.6G file=2.0G slab=0.8G
[MEM] ep082 batch 5000: use=5.4G peak=5.4G limit=n/a anon=2.6G file=2.0G slab=0.8G
[MEM] ep082 batch 5500: use=5.4G peak=5.4G limit=n/a anon=2.6G file=2.0G slab=0.8G
[MEM] ep082 val-start: use=4.2G peak=5.4G limit=n/a anon=1.4G file=2.0G slab=0.8G
[MEM] end epoch 082: use=4.2G peak=5.4G limit=n/a anon=1.4G file=2.0G slab=0.8G
Epoch 082 | Train Huber 3.4393 MAE 1.9628 | Val Huber 4.0786 MAE 2.1475 | LR 3.13e-06
[MEM] ep083 train-start: use=4.2G peak=5.4G limit=n/a anon=1.4G file=2.0G slab=0.8G
[MEM] ep083 batch 1: use=4.6G peak=5.4G limit=n/a anon=1.8G file=2.0G slab=0.8G
[MEM] ep083 batch 2: use=4.6G peak=5.4G limit=n/a anon=1.8G file=2.0G slab=0.8G
[MEM] ep083 batch 3: use=4.7G peak=5.4G limit=n/a anon=1.8G file=2.0G slab=0.8G
[MEM] ep083 batch 4: use=4.7G peak=5.4G limit=n/a anon=1.8G file=2.0G slab=0.8G
[MEM] ep083 batch 5: use=4.7G peak=5.4G limit=n/a anon=1.9G file=2.0G slab=0.8G
[MEM] ep083 batch 500: use=5.1G peak=5.4G limit=n/a anon=2.3G file=2.0G slab=0.8G
[MEM] ep083 batch 1000: use=5.2G peak=5.4G limit=n/a anon=2.4G file=2.0G slab=0.8G
[MEM] ep083 batch 1500: use=5.2G peak=5.4G limit=n/a anon=2.4G file=2.0G slab=0.8G
[MEM] ep083 batch 2000: use=5.3G peak=5.4G limit=n/a anon=2.4G file=2.0G slab=0.8G
[MEM] ep083 batch 2500: use=5.3G peak=5.4G limit=n/a anon=2.5G file=2.0G slab=0.8G
[MEM] ep083 batch 3000: use=5.3G peak=5.4G limit=n/a anon=2.5G file=2.0G slab=0.8G
[MEM] ep083 batch 3500: use=5.3G peak=5.4G limit=n/a anon=2.5G file=2.0G slab=0.8G
[MEM] ep083 batch 4000: use=5.4G peak=5.4G limit=n/a anon=2.5G file=2.0G slab=0.8G
[MEM] ep083 batch 4500: use=5.4G peak=5.4G limit=n/a anon=2.5G file=2.0G slab=0.8G
[MEM] ep083 batch 5000: use=5.4G peak=5.4G limit=n/a anon=2.6G file=2.0G slab=0.8G
[MEM] ep083 batch 5500: use=5.4G peak=5.4G limit=n/a anon=2.6G file=2.0G slab=0.8G
[MEM] ep083 val-start: use=4.2G peak=5.4G limit=n/a anon=1.4G file=2.0G slab=0.8G
[MEM] end epoch 083: use=4.2G peak=5.4G limit=n/a anon=1.4G file=2.0G slab=0.8G
Epoch 083 | Train Huber 3.4374 MAE 1.9631 | Val Huber 4.0715 MAE 2.1441 | LR 3.13e-06
[MEM] ep084 train-start: use=4.2G peak=5.4G limit=n/a anon=1.4G file=2.0G slab=0.8G
[MEM] ep084 batch 1: use=4.6G peak=5.4G limit=n/a anon=1.8G file=2.0G slab=0.8G
[MEM] ep084 batch 2: use=4.6G peak=5.4G limit=n/a anon=1.8G file=2.0G slab=0.8G
[MEM] ep084 batch 3: use=4.7G peak=5.4G limit=n/a anon=1.9G file=2.0G slab=0.8G
[MEM] ep084 batch 4: use=4.7G peak=5.4G limit=n/a anon=1.9G file=2.0G slab=0.8G
[MEM] ep084 batch 5: use=4.7G peak=5.4G limit=n/a anon=1.9G file=2.0G slab=0.8G
[MEM] ep084 batch 500: use=5.1G peak=5.4G limit=n/a anon=2.3G file=2.0G slab=0.8G
[MEM] ep084 batch 1000: use=5.2G peak=5.4G limit=n/a anon=2.4G file=2.0G slab=0.8G
[MEM] ep084 batch 1500: use=5.2G peak=5.4G limit=n/a anon=2.4G file=2.0G slab=0.8G
[MEM] ep084 batch 2000: use=5.3G peak=5.4G limit=n/a anon=2.4G file=2.0G slab=0.8G
[MEM] ep084 batch 2500: use=5.3G peak=5.4G limit=n/a anon=2.5G file=2.0G slab=0.8G
[MEM] ep084 batch 3000: use=5.3G peak=5.4G limit=n/a anon=2.5G file=2.0G slab=0.8G
[MEM] ep084 batch 3500: use=5.4G peak=5.4G limit=n/a anon=2.5G file=2.0G slab=0.8G
[MEM] ep084 batch 4000: use=5.4G peak=5.4G limit=n/a anon=2.5G file=2.0G slab=0.8G
[MEM] ep084 batch 4500: use=5.4G peak=5.4G limit=n/a anon=2.6G file=2.0G slab=0.8G
[MEM] ep084 batch 5000: use=5.4G peak=5.4G limit=n/a anon=2.6G file=2.0G slab=0.8G
[MEM] ep084 batch 5500: use=5.4G peak=5.4G limit=n/a anon=2.6G file=2.0G slab=0.8G
[MEM] ep084 val-start: use=4.2G peak=5.4G limit=n/a anon=1.4G file=2.0G slab=0.8G
[MEM] end epoch 084: use=4.2G peak=5.4G limit=n/a anon=1.9G file=2.0G slab=0.8G
Epoch 084 | Train Huber 3.4362 MAE 1.9618 | Val Huber 4.0793 MAE 2.1484 | LR 3.13e-06
[MEM] ep085 train-start: use=4.2G peak=5.4G limit=n/a anon=1.4G file=2.0G slab=0.8G
[MEM] ep085 batch 1: use=4.6G peak=5.4G limit=n/a anon=1.8G file=2.0G slab=0.8G
[MEM] ep085 batch 2: use=4.6G peak=5.4G limit=n/a anon=1.8G file=2.0G slab=0.8G
[MEM] ep085 batch 3: use=4.6G peak=5.4G limit=n/a anon=1.8G file=2.0G slab=0.8G
[MEM] ep085 batch 4: use=4.6G peak=5.4G limit=n/a anon=1.8G file=2.0G slab=0.8G
[MEM] ep085 batch 5: use=4.7G peak=5.4G limit=n/a anon=1.9G file=2.0G slab=0.8G
[MEM] ep085 batch 500: use=5.1G peak=5.4G limit=n/a anon=2.3G file=2.0G slab=0.8G
[MEM] ep085 batch 1000: use=5.2G peak=5.4G limit=n/a anon=2.4G file=2.0G slab=0.8G
[MEM] ep085 batch 1500: use=5.2G peak=5.4G limit=n/a anon=2.4G file=2.0G slab=0.8G
[MEM] ep085 batch 2000: use=5.2G peak=5.4G limit=n/a anon=2.4G file=2.0G slab=0.8G
[MEM] ep085 batch 2500: use=5.3G peak=5.4G limit=n/a anon=2.5G file=2.0G slab=0.8G
[MEM] ep085 batch 3000: use=5.3G peak=5.4G limit=n/a anon=2.5G file=2.0G slab=0.8G
[MEM] ep085 batch 3500: use=5.3G peak=5.4G limit=n/a anon=2.5G file=2.0G slab=0.8G
[MEM] ep085 batch 4000: use=5.4G peak=5.4G limit=n/a anon=2.5G file=2.0G slab=0.8G
[MEM] ep085 batch 4500: use=5.4G peak=5.4G limit=n/a anon=2.5G file=2.0G slab=0.8G
[MEM] ep085 batch 5000: use=5.4G peak=5.4G limit=n/a anon=2.6G file=2.0G slab=0.8G
[MEM] ep085 batch 5500: use=5.4G peak=5.4G limit=n/a anon=2.6G file=2.0G slab=0.8G
[MEM] ep085 val-start: use=4.2G peak=5.4G limit=n/a anon=1.4G file=2.0G slab=0.8G
[MEM] end epoch 085: use=4.2G peak=5.4G limit=n/a anon=1.4G file=2.0G slab=0.8G
Epoch 085 | Train Huber 3.4370 MAE 1.9617 | Val Huber 4.0791 MAE 2.1457 | LR 3.13e-06
[MEM] ep086 train-start: use=4.2G peak=5.4G limit=n/a anon=1.4G file=2.0G slab=0.8G
[MEM] ep086 batch 1: use=4.7G peak=5.4G limit=n/a anon=1.8G file=2.0G slab=0.8G
[MEM] ep086 batch 2: use=4.7G peak=5.4G limit=n/a anon=1.9G file=2.0G slab=0.8G
[MEM] ep086 batch 3: use=4.7G peak=5.4G limit=n/a anon=1.9G file=2.0G slab=0.8G
[MEM] ep086 batch 4: use=4.7G peak=5.4G limit=n/a anon=1.9G file=2.0G slab=0.8G
[MEM] ep086 batch 5: use=4.8G peak=5.4G limit=n/a anon=2.0G file=2.0G slab=0.8G
[MEM] ep086 batch 500: use=5.1G peak=5.4G limit=n/a anon=2.3G file=2.0G slab=0.8G
[MEM] ep086 batch 1000: use=5.2G peak=5.4G limit=n/a anon=2.4G file=2.0G slab=0.8G
[MEM] ep086 batch 1500: use=5.2G peak=5.4G limit=n/a anon=2.4G file=2.0G slab=0.8G
[MEM] ep086 batch 2000: use=5.3G peak=5.4G limit=n/a anon=2.4G file=2.0G slab=0.8G
[MEM] ep086 batch 2500: use=5.3G peak=5.4G limit=n/a anon=2.5G file=2.0G slab=0.8G
[MEM] ep086 batch 3000: use=5.3G peak=5.4G limit=n/a anon=2.5G file=2.0G slab=0.8G
[MEM] ep086 batch 3500: use=5.3G peak=5.4G limit=n/a anon=2.5G file=2.0G slab=0.8G
[MEM] ep086 batch 4000: use=5.4G peak=5.4G limit=n/a anon=2.5G file=2.0G slab=0.8G
[MEM] ep086 batch 4500: use=5.4G peak=5.4G limit=n/a anon=2.6G file=2.0G slab=0.8G
[MEM] ep086 batch 5000: use=5.4G peak=5.4G limit=n/a anon=2.6G file=2.0G slab=0.8G
[MEM] ep086 batch 5500: use=5.4G peak=5.4G limit=n/a anon=2.6G file=2.0G slab=0.8G
[MEM] ep086 val-start: use=4.2G peak=5.4G limit=n/a anon=1.4G file=2.0G slab=0.8G
[MEM] end epoch 086: use=4.2G peak=5.4G limit=n/a anon=1.4G file=2.0G slab=0.8G
Epoch 086 | Train Huber 3.4225 MAE 1.9585 | Val Huber 4.0871 MAE 2.1541 | LR 1.56e-06
[MEM] ep087 train-start: use=4.2G peak=5.4G limit=n/a anon=1.4G file=2.0G slab=0.8G
[MEM] ep087 batch 1: use=4.7G peak=5.4G limit=n/a anon=1.8G file=2.0G slab=0.8G
[MEM] ep087 batch 2: use=4.7G peak=5.4G limit=n/a anon=1.8G file=2.0G slab=0.8G
[MEM] ep087 batch 3: use=4.7G peak=5.4G limit=n/a anon=1.8G file=2.0G slab=0.8G
[MEM] ep087 batch 4: use=4.7G peak=5.4G limit=n/a anon=1.8G file=2.0G slab=0.8G
[MEM] ep087 batch 5: use=4.7G peak=5.4G limit=n/a anon=1.9G file=2.0G slab=0.8G
[MEM] ep087 batch 500: use=5.1G peak=5.4G limit=n/a anon=2.3G file=2.0G slab=0.8G
[MEM] ep087 batch 1000: use=5.2G peak=5.4G limit=n/a anon=2.4G file=2.0G slab=0.8G
[MEM] ep087 batch 1500: use=5.2G peak=5.4G limit=n/a anon=2.4G file=2.0G slab=0.8G
[MEM] ep087 batch 2000: use=5.3G peak=5.4G limit=n/a anon=2.4G file=2.0G slab=0.8G
[MEM] ep087 batch 2500: use=5.3G peak=5.4G limit=n/a anon=2.5G file=2.0G slab=0.8G
[MEM] ep087 batch 3000: use=5.3G peak=5.4G limit=n/a anon=2.5G file=2.0G slab=0.8G
[MEM] ep087 batch 3500: use=5.3G peak=5.4G limit=n/a anon=2.5G file=2.0G slab=0.8G
[MEM] ep087 batch 4000: use=5.4G peak=5.4G limit=n/a anon=2.5G file=2.0G slab=0.8G
[MEM] ep087 batch 4500: use=5.4G peak=5.4G limit=n/a anon=2.6G file=2.0G slab=0.8G
[MEM] ep087 batch 5000: use=5.4G peak=5.4G limit=n/a anon=2.6G file=2.0G slab=0.8G
[MEM] ep087 batch 5500: use=5.4G peak=5.4G limit=n/a anon=2.6G file=2.0G slab=0.8G
[MEM] ep087 val-start: use=4.2G peak=5.4G limit=n/a anon=1.4G file=2.0G slab=0.8G
[MEM] end epoch 087: use=4.2G peak=5.4G limit=n/a anon=1.4G file=2.0G slab=0.8G
Epoch 087 | Train Huber 3.4289 MAE 1.9598 | Val Huber 4.0797 MAE 2.1503 | LR 1.56e-06
[MEM] ep088 train-start: use=4.2G peak=5.4G limit=n/a anon=1.4G file=2.0G slab=0.8G
[MEM] ep088 batch 1: use=4.6G peak=5.4G limit=n/a anon=1.8G file=2.0G slab=0.8G
[MEM] ep088 batch 2: use=4.6G peak=5.4G limit=n/a anon=1.8G file=2.0G slab=0.8G
[MEM] ep088 batch 3: use=4.7G peak=5.4G limit=n/a anon=1.9G file=2.0G slab=0.8G
[MEM] ep088 batch 4: use=4.7G peak=5.4G limit=n/a anon=1.9G file=2.0G slab=0.8G
[MEM] ep088 batch 5: use=4.7G peak=5.4G limit=n/a anon=1.9G file=2.0G slab=0.8G
[MEM] ep088 batch 500: use=5.1G peak=5.4G limit=n/a anon=2.3G file=2.0G slab=0.8G
[MEM] ep088 batch 1000: use=5.2G peak=5.4G limit=n/a anon=2.4G file=2.0G slab=0.8G
[MEM] ep088 batch 1500: use=5.2G peak=5.4G limit=n/a anon=2.4G file=2.0G slab=0.8G
[MEM] ep088 batch 2000: use=5.3G peak=5.4G limit=n/a anon=2.4G file=2.0G slab=0.8G
[MEM] ep088 batch 2500: use=5.3G peak=5.4G limit=n/a anon=2.5G file=2.0G slab=0.8G
[MEM] ep088 batch 3000: use=5.3G peak=5.4G limit=n/a anon=2.5G file=2.0G slab=0.8G
[MEM] ep088 batch 3500: use=5.3G peak=5.4G limit=n/a anon=2.5G file=2.0G slab=0.8G
[MEM] ep088 batch 4000: use=5.4G peak=5.4G limit=n/a anon=2.5G file=2.0G slab=0.8G
[MEM] ep088 batch 4500: use=5.4G peak=5.4G limit=n/a anon=2.5G file=2.0G slab=0.8G
[MEM] ep088 batch 5000: use=5.4G peak=5.4G limit=n/a anon=2.6G file=2.0G slab=0.8G
[MEM] ep088 batch 5500: use=5.4G peak=5.4G limit=n/a anon=2.6G file=2.0G slab=0.8G
[MEM] ep088 val-start: use=4.2G peak=5.4G limit=n/a anon=1.4G file=2.0G slab=0.8G
[MEM] end epoch 088: use=4.2G peak=5.4G limit=n/a anon=1.4G file=2.0G slab=0.8G
Epoch 088 | Train Huber 3.4233 MAE 1.9578 | Val Huber 4.0806 MAE 2.1490 | LR 1.56e-06
[MEM] ep089 train-start: use=4.2G peak=5.4G limit=n/a anon=1.4G file=2.0G slab=0.8G
[MEM] ep089 batch 1: use=4.7G peak=5.4G limit=n/a anon=1.9G file=2.0G slab=0.8G
[MEM] ep089 batch 2: use=4.7G peak=5.4G limit=n/a anon=1.9G file=2.0G slab=0.8G
[MEM] ep089 batch 3: use=4.7G peak=5.4G limit=n/a anon=1.9G file=2.0G slab=0.8G
[MEM] ep089 batch 4: use=4.7G peak=5.4G limit=n/a anon=1.9G file=2.0G slab=0.8G
[MEM] ep089 batch 5: use=4.8G peak=5.4G limit=n/a anon=2.0G file=2.0G slab=0.8G
[MEM] ep089 batch 500: use=5.1G peak=5.4G limit=n/a anon=2.3G file=2.0G slab=0.8G
[MEM] ep089 batch 1000: use=5.2G peak=5.4G limit=n/a anon=2.4G file=2.0G slab=0.8G
[MEM] ep089 batch 1500: use=5.2G peak=5.4G limit=n/a anon=2.4G file=2.0G slab=0.8G
[MEM] ep089 batch 2000: use=5.3G peak=5.4G limit=n/a anon=2.4G file=2.0G slab=0.8G
[MEM] ep089 batch 2500: use=5.3G peak=5.4G limit=n/a anon=2.5G file=2.0G slab=0.8G
[MEM] ep089 batch 3000: use=5.3G peak=5.4G limit=n/a anon=2.5G file=2.0G slab=0.8G
[MEM] ep089 batch 3500: use=5.3G peak=5.4G limit=n/a anon=2.5G file=2.0G slab=0.8G
[MEM] ep089 batch 4000: use=5.4G peak=5.4G limit=n/a anon=2.5G file=2.0G slab=0.8G
[MEM] ep089 batch 4500: use=5.4G peak=5.4G limit=n/a anon=2.5G file=2.0G slab=0.8G
[MEM] ep089 batch 5000: use=5.4G peak=5.4G limit=n/a anon=2.6G file=2.0G slab=0.8G
[MEM] ep089 batch 5500: use=5.4G peak=5.4G limit=n/a anon=2.6G file=2.0G slab=0.8G
[MEM] ep089 val-start: use=4.2G peak=5.4G limit=n/a anon=1.4G file=2.0G slab=0.8G
[MEM] end epoch 089: use=4.2G peak=5.4G limit=n/a anon=1.4G file=2.0G slab=0.8G
Epoch 089 | Train Huber 3.4199 MAE 1.9572 | Val Huber 4.0815 MAE 2.1494 | LR 1.56e-06
[MEM] ep090 train-start: use=4.2G peak=5.4G limit=n/a anon=1.4G file=2.0G slab=0.8G
[MEM] ep090 batch 1: use=4.6G peak=5.4G limit=n/a anon=1.8G file=2.0G slab=0.8G
[MEM] ep090 batch 2: use=4.6G peak=5.4G limit=n/a anon=1.8G file=2.0G slab=0.8G
[MEM] ep090 batch 3: use=4.6G peak=5.4G limit=n/a anon=1.8G file=2.0G slab=0.8G
[MEM] ep090 batch 4: use=4.6G peak=5.4G limit=n/a anon=1.8G file=2.0G slab=0.8G
[MEM] ep090 batch 5: use=4.7G peak=5.4G limit=n/a anon=1.9G file=2.0G slab=0.8G
[MEM] ep090 batch 500: use=5.1G peak=5.4G limit=n/a anon=2.3G file=2.0G slab=0.8G
[MEM] ep090 batch 1000: use=5.2G peak=5.4G limit=n/a anon=2.4G file=2.0G slab=0.8G
[MEM] ep090 batch 1500: use=5.2G peak=5.4G limit=n/a anon=2.4G file=2.0G slab=0.8G
[MEM] ep090 batch 2000: use=5.2G peak=5.4G limit=n/a anon=2.4G file=2.0G slab=0.8G
[MEM] ep090 batch 2500: use=5.3G peak=5.4G limit=n/a anon=2.5G file=2.0G slab=0.8G
[MEM] ep090 batch 3000: use=5.3G peak=5.4G limit=n/a anon=2.5G file=2.0G slab=0.8G
[MEM] ep090 batch 3500: use=5.3G peak=5.4G limit=n/a anon=2.5G file=2.0G slab=0.8G
[MEM] ep090 batch 4000: use=5.3G peak=5.4G limit=n/a anon=2.5G file=2.0G slab=0.8G
[MEM] ep090 batch 4500: use=5.4G peak=5.4G limit=n/a anon=2.5G file=2.0G slab=0.8G
[MEM] ep090 batch 5000: use=5.4G peak=5.4G limit=n/a anon=2.5G file=2.0G slab=0.8G
[MEM] ep090 batch 5500: use=5.4G peak=5.4G limit=n/a anon=2.6G file=2.0G slab=0.8G
[MEM] ep090 val-start: use=4.2G peak=5.4G limit=n/a anon=1.4G file=2.0G slab=0.8G
[MEM] end epoch 090: use=4.2G peak=5.4G limit=n/a anon=1.4G file=2.0G slab=0.8G
Epoch 090 | Train Huber 3.4212 MAE 1.9571 | Val Huber 4.0821 MAE 2.1482 | LR 1.56e-06
[MEM] ep091 train-start: use=4.2G peak=5.4G limit=n/a anon=1.4G file=2.0G slab=0.8G
[MEM] ep091 batch 1: use=4.7G peak=5.4G limit=n/a anon=1.8G file=2.0G slab=0.8G
[MEM] ep091 batch 2: use=4.7G peak=5.4G limit=n/a anon=1.9G file=2.0G slab=0.8G
[MEM] ep091 batch 3: use=4.7G peak=5.4G limit=n/a anon=1.9G file=2.0G slab=0.8G
[MEM] ep091 batch 4: use=4.7G peak=5.4G limit=n/a anon=1.9G file=2.0G slab=0.8G
[MEM] ep091 batch 5: use=4.8G peak=5.4G limit=n/a anon=1.9G file=2.0G slab=0.8G
[MEM] ep091 batch 500: use=5.1G peak=5.4G limit=n/a anon=2.3G file=2.0G slab=0.8G
[MEM] ep091 batch 1000: use=5.2G peak=5.4G limit=n/a anon=2.4G file=2.0G slab=0.8G
[MEM] ep091 batch 1500: use=5.2G peak=5.4G limit=n/a anon=2.4G file=2.0G slab=0.8G
[MEM] ep091 batch 2000: use=5.3G peak=5.4G limit=n/a anon=2.5G file=2.0G slab=0.8G
[MEM] ep091 batch 2500: use=5.3G peak=5.4G limit=n/a anon=2.5G file=2.0G slab=0.8G
[MEM] ep091 batch 3000: use=5.3G peak=5.4G limit=n/a anon=2.5G file=2.0G slab=0.8G
[MEM] ep091 batch 3500: use=5.4G peak=5.4G limit=n/a anon=2.5G file=2.0G slab=0.8G
[MEM] ep091 batch 4000: use=5.4G peak=5.4G limit=n/a anon=2.5G file=2.0G slab=0.8G
[MEM] ep091 batch 4500: use=5.4G peak=5.4G limit=n/a anon=2.6G file=2.0G slab=0.8G
[MEM] ep091 batch 5000: use=5.4G peak=5.4G limit=n/a anon=2.6G file=2.0G slab=0.8G
[MEM] ep091 batch 5500: use=5.4G peak=5.4G limit=n/a anon=2.6G file=2.0G slab=0.8G
[MEM] ep091 val-start: use=4.2G peak=5.4G limit=n/a anon=1.4G file=2.0G slab=0.8G
[MEM] end epoch 091: use=4.2G peak=5.4G limit=n/a anon=1.4G file=2.0G slab=0.8G
Epoch 091 | Train Huber 3.4269 MAE 1.9598 | Val Huber 4.0814 MAE 2.1468 | LR 1.56e-06
[MEM] ep092 train-start: use=4.2G peak=5.4G limit=n/a anon=1.4G file=2.0G slab=0.8G
[MEM] ep092 batch 1: use=4.7G peak=5.4G limit=n/a anon=1.9G file=2.0G slab=0.8G
[MEM] ep092 batch 2: use=4.7G peak=5.4G limit=n/a anon=1.9G file=2.0G slab=0.8G
[MEM] ep092 batch 3: use=4.7G peak=5.4G limit=n/a anon=1.9G file=2.0G slab=0.8G
[MEM] ep092 batch 4: use=4.7G peak=5.4G limit=n/a anon=1.9G file=2.0G slab=0.8G
[MEM] ep092 batch 5: use=4.8G peak=5.4G limit=n/a anon=1.9G file=2.0G slab=0.8G
[MEM] ep092 batch 500: use=5.1G peak=5.4G limit=n/a anon=2.3G file=2.0G slab=0.8G
[MEM] ep092 batch 1000: use=5.2G peak=5.4G limit=n/a anon=2.4G file=2.0G slab=0.8G
[MEM] ep092 batch 1500: use=5.2G peak=5.4G limit=n/a anon=2.4G file=2.0G slab=0.8G
[MEM] ep092 batch 2000: use=5.2G peak=5.4G limit=n/a anon=2.4G file=2.0G slab=0.8G
[MEM] ep092 batch 2500: use=5.3G peak=5.4G limit=n/a anon=2.5G file=2.0G slab=0.8G
[MEM] ep092 batch 3000: use=5.3G peak=5.4G limit=n/a anon=2.5G file=2.0G slab=0.8G
[MEM] ep092 batch 3500: use=5.3G peak=5.4G limit=n/a anon=2.5G file=2.0G slab=0.8G
[MEM] ep092 batch 4000: use=5.4G peak=5.4G limit=n/a anon=2.5G file=2.0G slab=0.8G
[MEM] ep092 batch 4500: use=5.4G peak=5.4G limit=n/a anon=2.6G file=2.0G slab=0.8G
[MEM] ep092 batch 5000: use=5.4G peak=5.4G limit=n/a anon=2.6G file=2.0G slab=0.8G
[MEM] ep092 batch 5500: use=5.4G peak=5.4G limit=n/a anon=2.6G file=2.0G slab=0.8G
[MEM] ep092 val-start: use=4.2G peak=5.4G limit=n/a anon=1.4G file=2.0G slab=0.8G
[MEM] end epoch 092: use=4.2G peak=5.4G limit=n/a anon=1.4G file=2.0G slab=0.8G
Epoch 092 | Train Huber 3.4222 MAE 1.9568 | Val Huber 4.0879 MAE 2.1534 | LR 7.81e-07
[MEM] ep093 train-start: use=4.2G peak=5.4G limit=n/a anon=1.4G file=2.0G slab=0.8G
[MEM] ep093 batch 1: use=4.7G peak=5.4G limit=n/a anon=1.8G file=2.0G slab=0.8G
[MEM] ep093 batch 2: use=4.7G peak=5.4G limit=n/a anon=1.9G file=2.0G slab=0.8G
[MEM] ep093 batch 3: use=4.7G peak=5.4G limit=n/a anon=1.9G file=2.0G slab=0.8G
[MEM] ep093 batch 4: use=4.7G peak=5.4G limit=n/a anon=1.9G file=2.0G slab=0.8G
[MEM] ep093 batch 5: use=4.7G peak=5.4G limit=n/a anon=1.9G file=2.0G slab=0.8G
[MEM] ep093 batch 500: use=5.1G peak=5.4G limit=n/a anon=2.3G file=2.0G slab=0.8G
[MEM] ep093 batch 1000: use=5.2G peak=5.4G limit=n/a anon=2.4G file=2.0G slab=0.8G
[MEM] ep093 batch 1500: use=5.2G peak=5.4G limit=n/a anon=2.4G file=2.0G slab=0.8G
[MEM] ep093 batch 2000: use=5.3G peak=5.4G limit=n/a anon=2.4G file=2.0G slab=0.8G
[MEM] ep093 batch 2500: use=5.3G peak=5.4G limit=n/a anon=2.5G file=2.0G slab=0.8G
[MEM] ep093 batch 3000: use=5.3G peak=5.4G limit=n/a anon=2.5G file=2.0G slab=0.8G
[MEM] ep093 batch 3500: use=5.4G peak=5.4G limit=n/a anon=2.5G file=2.0G slab=0.8G
[MEM] ep093 batch 4000: use=5.4G peak=5.4G limit=n/a anon=2.5G file=2.0G slab=0.8G
[MEM] ep093 batch 4500: use=5.4G peak=5.4G limit=n/a anon=2.6G file=2.0G slab=0.8G
[MEM] ep093 batch 5000: use=5.4G peak=5.4G limit=n/a anon=2.6G file=2.0G slab=0.8G
[MEM] ep093 batch 5500: use=5.4G peak=5.4G limit=n/a anon=2.6G file=2.0G slab=0.8G
[MEM] ep093 val-start: use=4.2G peak=5.4G limit=n/a anon=1.4G file=2.0G slab=0.8G
[MEM] end epoch 093: use=4.2G peak=5.4G limit=n/a anon=1.4G file=2.0G slab=0.8G
Epoch 093 | Train Huber 3.4170 MAE 1.9559 | Val Huber 4.0815 MAE 2.1477 | LR 7.81e-07
[MEM] ep094 train-start: use=4.2G peak=5.4G limit=n/a anon=1.4G file=2.0G slab=0.8G
[MEM] ep094 batch 1: use=4.7G peak=5.4G limit=n/a anon=1.9G file=2.0G slab=0.8G
[MEM] ep094 batch 2: use=4.7G peak=5.4G limit=n/a anon=1.9G file=2.0G slab=0.8G
[MEM] ep094 batch 3: use=4.7G peak=5.4G limit=n/a anon=1.9G file=2.0G slab=0.8G
[MEM] ep094 batch 4: use=4.7G peak=5.4G limit=n/a anon=1.9G file=2.0G slab=0.8G
[MEM] ep094 batch 5: use=4.7G peak=5.4G limit=n/a anon=1.9G file=2.0G slab=0.8G
[MEM] ep094 batch 500: use=5.1G peak=5.4G limit=n/a anon=2.3G file=2.0G slab=0.8G
[MEM] ep094 batch 1000: use=5.2G peak=5.4G limit=n/a anon=2.4G file=2.0G slab=0.8G
[MEM] ep094 batch 1500: use=5.2G peak=5.4G limit=n/a anon=2.4G file=2.0G slab=0.8G
[MEM] ep094 batch 2000: use=5.3G peak=5.4G limit=n/a anon=2.4G file=2.0G slab=0.8G
[MEM] ep094 batch 2500: use=5.3G peak=5.4G limit=n/a anon=2.5G file=2.0G slab=0.8G
[MEM] ep094 batch 3000: use=5.3G peak=5.4G limit=n/a anon=2.5G file=2.0G slab=0.8G
[MEM] ep094 batch 3500: use=5.3G peak=5.4G limit=n/a anon=2.5G file=2.0G slab=0.8G
[MEM] ep094 batch 4000: use=5.4G peak=5.4G limit=n/a anon=2.5G file=2.0G slab=0.8G
[MEM] ep094 batch 4500: use=5.4G peak=5.4G limit=n/a anon=2.5G file=2.0G slab=0.8G
[MEM] ep094 batch 5000: use=5.4G peak=5.4G limit=n/a anon=2.6G file=2.0G slab=0.8G
[MEM] ep094 batch 5500: use=5.4G peak=5.4G limit=n/a anon=2.6G file=2.0G slab=0.8G
[MEM] ep094 val-start: use=4.2G peak=5.4G limit=n/a anon=1.4G file=2.0G slab=0.8G
[MEM] end epoch 094: use=4.2G peak=5.4G limit=n/a anon=1.4G file=2.0G slab=0.8G
Epoch 094 | Train Huber 3.4189 MAE 1.9568 | Val Huber 4.0834 MAE 2.1486 | LR 7.81e-07
[MEM] ep095 train-start: use=4.2G peak=5.4G limit=n/a anon=1.4G file=2.0G slab=0.8G
[MEM] ep095 batch 1: use=4.7G peak=5.4G limit=n/a anon=1.8G file=2.0G slab=0.8G
[MEM] ep095 batch 2: use=4.7G peak=5.4G limit=n/a anon=1.8G file=2.0G slab=0.8G
[MEM] ep095 batch 3: use=4.7G peak=5.4G limit=n/a anon=1.8G file=2.0G slab=0.8G
[MEM] ep095 batch 4: use=4.7G peak=5.4G limit=n/a anon=1.8G file=2.0G slab=0.8G
[MEM] ep095 batch 5: use=4.8G peak=5.4G limit=n/a anon=1.9G file=2.0G slab=0.8G
[MEM] ep095 batch 500: use=5.1G peak=5.4G limit=n/a anon=2.3G file=2.0G slab=0.8G
[MEM] ep095 batch 1000: use=5.2G peak=5.4G limit=n/a anon=2.4G file=2.0G slab=0.8G
[MEM] ep095 batch 1500: use=5.2G peak=5.4G limit=n/a anon=2.4G file=2.0G slab=0.8G
[MEM] ep095 batch 2000: use=5.3G peak=5.4G limit=n/a anon=2.4G file=2.0G slab=0.8G
[MEM] ep095 batch 2500: use=5.3G peak=5.4G limit=n/a anon=2.5G file=2.0G slab=0.8G
[MEM] ep095 batch 3000: use=5.3G peak=5.4G limit=n/a anon=2.5G file=2.0G slab=0.8G
[MEM] ep095 batch 3500: use=5.3G peak=5.4G limit=n/a anon=2.5G file=2.0G slab=0.8G
[MEM] ep095 batch 4000: use=5.3G peak=5.4G limit=n/a anon=2.5G file=2.0G slab=0.8G
[MEM] ep095 batch 4500: use=5.4G peak=5.4G limit=n/a anon=2.6G file=2.0G slab=0.8G
[MEM] ep095 batch 5000: use=5.4G peak=5.4G limit=n/a anon=2.6G file=2.0G slab=0.8G
[MEM] ep095 batch 5500: use=5.4G peak=5.4G limit=n/a anon=2.6G file=2.0G slab=0.8G
[MEM] ep095 val-start: use=4.2G peak=5.4G limit=n/a anon=1.4G file=2.0G slab=0.8G
[MEM] end epoch 095: use=4.2G peak=5.4G limit=n/a anon=1.4G file=2.0G slab=0.8G
Epoch 095 | Train Huber 3.4143 MAE 1.9559 | Val Huber 4.0839 MAE 2.1477 | LR 7.81e-07
[MEM] ep096 train-start: use=4.2G peak=5.4G limit=n/a anon=1.4G file=2.0G slab=0.8G
[MEM] ep096 batch 1: use=4.7G peak=5.4G limit=n/a anon=1.8G file=2.0G slab=0.8G
[MEM] ep096 batch 2: use=4.7G peak=5.4G limit=n/a anon=1.8G file=2.0G slab=0.8G
[MEM] ep096 batch 3: use=4.7G peak=5.4G limit=n/a anon=1.8G file=2.0G slab=0.8G
[MEM] ep096 batch 4: use=4.7G peak=5.4G limit=n/a anon=1.8G file=2.0G slab=0.8G
[MEM] ep096 batch 5: use=4.7G peak=5.4G limit=n/a anon=1.9G file=2.0G slab=0.8G
[MEM] ep096 batch 500: use=5.1G peak=5.4G limit=n/a anon=2.3G file=2.0G slab=0.8G
[MEM] ep096 batch 1000: use=5.2G peak=5.4G limit=n/a anon=2.4G file=2.0G slab=0.8G
[MEM] ep096 batch 1500: use=5.2G peak=5.4G limit=n/a anon=2.4G file=2.0G slab=0.8G
[MEM] ep096 batch 2000: use=5.3G peak=5.4G limit=n/a anon=2.4G file=2.0G slab=0.8G
[MEM] ep096 batch 2500: use=5.3G peak=5.4G limit=n/a anon=2.5G file=2.0G slab=0.8G
[MEM] ep096 batch 3000: use=5.3G peak=5.4G limit=n/a anon=2.5G file=2.0G slab=0.8G
[MEM] ep096 batch 3500: use=5.3G peak=5.4G limit=n/a anon=2.5G file=2.0G slab=0.8G
[MEM] ep096 batch 4000: use=5.4G peak=5.4G limit=n/a anon=2.5G file=2.0G slab=0.8G
[MEM] ep096 batch 4500: use=5.4G peak=5.4G limit=n/a anon=2.5G file=2.0G slab=0.8G
[MEM] ep096 batch 5000: use=5.4G peak=5.4G limit=n/a anon=2.6G file=2.0G slab=0.8G
[MEM] ep096 batch 5500: use=5.4G peak=5.4G limit=n/a anon=2.6G file=2.0G slab=0.8G
[MEM] ep096 val-start: use=4.2G peak=5.4G limit=n/a anon=1.4G file=2.0G slab=0.8G
[MEM] end epoch 096: use=4.2G peak=5.4G limit=n/a anon=1.4G file=2.0G slab=0.8G
Epoch 096 | Train Huber 3.4117 MAE 1.9545 | Val Huber 4.0842 MAE 2.1493 | LR 7.81e-07
[MEM] ep097 train-start: use=4.2G peak=5.4G limit=n/a anon=1.4G file=2.0G slab=0.8G
[MEM] ep097 batch 1: use=4.6G peak=5.4G limit=n/a anon=1.8G file=2.0G slab=0.8G
[MEM] ep097 batch 2: use=4.7G peak=5.4G limit=n/a anon=1.9G file=2.0G slab=0.8G
[MEM] ep097 batch 3: use=4.7G peak=5.4G limit=n/a anon=1.9G file=2.0G slab=0.8G
[MEM] ep097 batch 4: use=4.7G peak=5.4G limit=n/a anon=1.9G file=2.0G slab=0.8G
[MEM] ep097 batch 5: use=4.7G peak=5.4G limit=n/a anon=1.9G file=2.0G slab=0.8G
[MEM] ep097 batch 500: use=5.1G peak=5.4G limit=n/a anon=2.3G file=2.0G slab=0.8G
[MEM] ep097 batch 1000: use=5.2G peak=5.4G limit=n/a anon=2.4G file=2.0G slab=0.8G
[MEM] ep097 batch 1500: use=5.2G peak=5.4G limit=n/a anon=2.4G file=2.0G slab=0.8G
[MEM] ep097 batch 2000: use=5.3G peak=5.4G limit=n/a anon=2.4G file=2.0G slab=0.8G
[MEM] ep097 batch 2500: use=5.3G peak=5.4G limit=n/a anon=2.5G file=2.0G slab=0.8G
[MEM] ep097 batch 3000: use=5.3G peak=5.4G limit=n/a anon=2.5G file=2.0G slab=0.8G
[MEM] ep097 batch 3500: use=5.3G peak=5.4G limit=n/a anon=2.5G file=2.0G slab=0.8G
[MEM] ep097 batch 4000: use=5.4G peak=5.4G limit=n/a anon=2.5G file=2.0G slab=0.8G
[MEM] ep097 batch 4500: use=5.4G peak=5.4G limit=n/a anon=2.5G file=2.0G slab=0.8G
[MEM] ep097 batch 5000: use=5.4G peak=5.4G limit=n/a anon=2.6G file=2.0G slab=0.8G
[MEM] ep097 batch 5500: use=5.4G peak=5.4G limit=n/a anon=2.6G file=2.0G slab=0.8G
[MEM] ep097 val-start: use=4.2G peak=5.4G limit=n/a anon=1.4G file=2.0G slab=0.8G
[MEM] end epoch 097: use=4.2G peak=5.4G limit=n/a anon=1.4G file=2.0G slab=0.8G
Epoch 097 | Train Huber 3.4174 MAE 1.9559 | Val Huber 4.0829 MAE 2.1467 | LR 7.81e-07
[MEM] ep098 train-start: use=4.2G peak=5.4G limit=n/a anon=1.4G file=2.0G slab=0.8G
[MEM] ep098 batch 1: use=4.6G peak=5.4G limit=n/a anon=1.8G file=2.0G slab=0.8G
[MEM] ep098 batch 2: use=4.6G peak=5.4G limit=n/a anon=1.8G file=2.0G slab=0.8G
[MEM] ep098 batch 3: use=4.6G peak=5.4G limit=n/a anon=1.8G file=2.0G slab=0.8G
[MEM] ep098 batch 4: use=4.6G peak=5.4G limit=n/a anon=1.8G file=2.0G slab=0.8G
[MEM] ep098 batch 5: use=4.8G peak=5.4G limit=n/a anon=2.0G file=2.0G slab=0.8G
[MEM] ep098 batch 500: use=5.1G peak=5.4G limit=n/a anon=2.3G file=2.0G slab=0.8G
[MEM] ep098 batch 1000: use=5.2G peak=5.4G limit=n/a anon=2.4G file=2.0G slab=0.8G
[MEM] ep098 batch 1500: use=5.2G peak=5.4G limit=n/a anon=2.4G file=2.0G slab=0.8G
[MEM] ep098 batch 2000: use=5.3G peak=5.4G limit=n/a anon=2.4G file=2.0G slab=0.8G
[MEM] ep098 batch 2500: use=5.3G peak=5.4G limit=n/a anon=2.5G file=2.0G slab=0.8G
[MEM] ep098 batch 3000: use=5.3G peak=5.4G limit=n/a anon=2.5G file=2.0G slab=0.8G
[MEM] ep098 batch 3500: use=5.3G peak=5.4G limit=n/a anon=2.5G file=2.0G slab=0.8G
[MEM] ep098 batch 4000: use=5.4G peak=5.4G limit=n/a anon=2.5G file=2.0G slab=0.8G
[MEM] ep098 batch 4500: use=5.4G peak=5.4G limit=n/a anon=2.5G file=2.0G slab=0.8G
[MEM] ep098 batch 5000: use=5.4G peak=5.4G limit=n/a anon=2.6G file=2.0G slab=0.8G
[MEM] ep098 batch 5500: use=5.4G peak=5.4G limit=n/a anon=2.6G file=2.0G slab=0.8G
[MEM] ep098 val-start: use=4.2G peak=5.4G limit=n/a anon=1.4G file=2.0G slab=0.8G
[MEM] end epoch 098: use=4.2G peak=5.4G limit=n/a anon=1.4G file=2.0G slab=0.8G
Epoch 098 | Train Huber 3.4087 MAE 1.9531 | Val Huber 4.0842 MAE 2.1481 | LR 3.91e-07
[MEM] ep099 train-start: use=4.2G peak=5.4G limit=n/a anon=1.4G file=2.0G slab=0.8G
[MEM] ep099 batch 1: use=4.6G peak=5.4G limit=n/a anon=1.8G file=2.0G slab=0.8G
[MEM] ep099 batch 2: use=4.7G peak=5.4G limit=n/a anon=1.8G file=2.0G slab=0.8G
[MEM] ep099 batch 3: use=4.7G peak=5.4G limit=n/a anon=1.8G file=2.0G slab=0.8G
[MEM] ep099 batch 4: use=4.7G peak=5.4G limit=n/a anon=1.9G file=2.0G slab=0.8G
[MEM] ep099 batch 5: use=4.8G peak=5.4G limit=n/a anon=1.9G file=2.0G slab=0.8G
[MEM] ep099 batch 500: use=5.1G peak=5.4G limit=n/a anon=2.3G file=2.0G slab=0.8G
[MEM] ep099 batch 1000: use=5.2G peak=5.4G limit=n/a anon=2.4G file=2.0G slab=0.8G
[MEM] ep099 batch 1500: use=5.2G peak=5.4G limit=n/a anon=2.4G file=2.0G slab=0.8G
[MEM] ep099 batch 2000: use=5.3G peak=5.4G limit=n/a anon=2.4G file=2.0G slab=0.8G
[MEM] ep099 batch 2500: use=5.3G peak=5.4G limit=n/a anon=2.5G file=2.0G slab=0.8G
[MEM] ep099 batch 3000: use=5.3G peak=5.4G limit=n/a anon=2.5G file=2.0G slab=0.8G
[MEM] ep099 batch 3500: use=5.3G peak=5.4G limit=n/a anon=2.5G file=2.0G slab=0.8G
[MEM] ep099 batch 4000: use=5.4G peak=5.4G limit=n/a anon=2.5G file=2.0G slab=0.8G
[MEM] ep099 batch 4500: use=5.4G peak=5.4G limit=n/a anon=2.5G file=2.0G slab=0.8G
[MEM] ep099 batch 5000: use=5.4G peak=5.4G limit=n/a anon=2.5G file=2.0G slab=0.8G
[MEM] ep099 batch 5500: use=5.4G peak=5.4G limit=n/a anon=2.6G file=2.0G slab=0.8G
[MEM] ep099 val-start: use=4.2G peak=5.4G limit=n/a anon=1.4G file=2.0G slab=0.8G
[MEM] end epoch 099: use=4.2G peak=5.4G limit=n/a anon=1.4G file=2.0G slab=0.8G
Epoch 099 | Train Huber 3.4105 MAE 1.9546 | Val Huber 4.0898 MAE 2.1520 | LR 3.91e-07
[MEM] ep100 train-start: use=4.2G peak=5.4G limit=n/a anon=1.4G file=2.0G slab=0.8G
[MEM] ep100 batch 1: use=4.7G peak=5.4G limit=n/a anon=1.9G file=2.0G slab=0.8G
[MEM] ep100 batch 2: use=4.7G peak=5.4G limit=n/a anon=1.9G file=2.0G slab=0.8G
[MEM] ep100 batch 3: use=4.7G peak=5.4G limit=n/a anon=1.9G file=2.0G slab=0.8G
[MEM] ep100 batch 4: use=4.7G peak=5.4G limit=n/a anon=1.9G file=2.0G slab=0.8G
[MEM] ep100 batch 5: use=4.8G peak=5.4G limit=n/a anon=2.0G file=2.0G slab=0.8G
[MEM] ep100 batch 500: use=5.1G peak=5.4G limit=n/a anon=2.3G file=2.0G slab=0.8G
[MEM] ep100 batch 1000: use=5.2G peak=5.4G limit=n/a anon=2.4G file=2.0G slab=0.8G
[MEM] ep100 batch 1500: use=5.2G peak=5.4G limit=n/a anon=2.4G file=2.0G slab=0.8G
[MEM] ep100 batch 2000: use=5.3G peak=5.4G limit=n/a anon=2.5G file=2.0G slab=0.8G
[MEM] ep100 batch 2500: use=5.3G peak=5.4G limit=n/a anon=2.5G file=2.0G slab=0.8G
[MEM] ep100 batch 3000: use=5.3G peak=5.4G limit=n/a anon=2.5G file=2.0G slab=0.8G
[MEM] ep100 batch 3500: use=5.4G peak=5.4G limit=n/a anon=2.5G file=2.0G slab=0.8G
[MEM] ep100 batch 4000: use=5.4G peak=5.4G limit=n/a anon=2.5G file=2.0G slab=0.8G
[MEM] ep100 batch 4500: use=5.4G peak=5.4G limit=n/a anon=2.6G file=2.0G slab=0.8G
[MEM] ep100 batch 5000: use=5.4G peak=5.4G limit=n/a anon=2.6G file=2.0G slab=0.8G
[MEM] ep100 batch 5500: use=5.4G peak=5.4G limit=n/a anon=2.6G file=2.0G slab=0.8G
[MEM] ep100 val-start: use=4.2G peak=5.4G limit=n/a anon=1.4G file=2.0G slab=0.8G
[MEM] end epoch 100: use=4.2G peak=5.4G limit=n/a anon=1.4G file=2.0G slab=0.8G
Epoch 100 | Train Huber 3.4150 MAE 1.9554 | Val Huber 4.0852 MAE 2.1484 | LR 3.91e-07
Best epoch: 056 (Val Huber 4.0115) -> /s/chopin/e/proj/hyperspec/masfiq/models/tinyUnet_version_8_fusion_geohash_month_koppen_withAttentionLayer_SAR_DEM_sqrt_version_6_California_North_10_2021_best.pth
Saved: /s/chopin/e/proj/hyperspec/masfiq/models/tinyUnet_version_8_fusion_geohash_month_koppen_withAttentionLayer_SAR_DEM_sqrt_version_6_California_North_10_2021.pth
