Mon Aug 31 11:39:20 2026       
+-----------------------------------------------------------------------------------------+
| NVIDIA-SMI 580.126.18             Driver Version: 580.126.18     CUDA Version: 13.0     |
+-----------------------------------------+------------------------+----------------------+
| GPU  Name                 Persistence-M | Bus-Id          Disp.A | Volatile Uncorr. ECC |
| Fan  Temp   Perf          Pwr:Usage/Cap |           Memory-Usage | GPU-Util  Compute M. |
|                                         |                        |               MIG M. |
|=========================================+========================+======================|
|   0  NVIDIA A100-SXM4-80GB          Off |   00000000:01:00.0 Off |                   On |
| N/A   29C    P0             63W /  500W |     484MiB /  81920MiB |     N/A      Default |
|                                         |                        |              Enabled |
+-----------------------------------------+------------------------+----------------------+

+-----------------------------------------------------------------------------------------+
| MIG devices:                                                                            |
+------------------+----------------------------------+-----------+-----------------------+
| GPU  GI  CI  MIG |              Shared Memory-Usage |        Vol|        Shared         |
|      ID  ID  Dev |                Shared BAR1-Usage | SM     Unc| CE ENC  DEC  OFA  JPG |
|                  |                                  |        ECC|                       |
|==================+==================================+===========+=======================|
|  0    1   0   0  |             107MiB / 40192MiB    | 42      0 |  3   0    2    0    0 |
|                  |               0MiB / 24543MiB    |           |                       |
+------------------+----------------------------------+-----------+-----------------------+

+-----------------------------------------------------------------------------------------+
| Processes:                                                                              |
|  GPU   GI   CI              PID   Type   Process name                        GPU Memory |
|        ID   ID                                                               Usage      |
|=========================================================================================|
|  No running processes found                                                             |
+-----------------------------------------------------------------------------------------+
Device: cuda
[MEM] startup: use=0.4G peak=0.4G limit=n/a anon=0.4G file=0.0G slab=0.0G

[KOPPEN DEBUG] Loading legend from: /s/chopin/e/proj/hyperspec/masfiq/dataset/koppen_geiger_tif/legend.txt
[KOPPEN DEBUG] Legend exists: True
[KOPPEN DEBUG] Parsed legend class count: 30
[KOPPEN DEBUG] First 20 parsed codes: [1, 2, 3, 4, 5, 6, 7, 8, 9, 10, 11, 12, 13, 14, 15, 16, 17, 18, 19, 20]
[KOPPEN DEBUG] First 20 code_to_label: [(1, 'Af'), (2, 'Am'), (3, 'Aw'), (4, 'BWh'), (5, 'BWk'), (6, 'BSh'), (7, 'BSk'), (8, 'Csa'), (9, 'Csb'), (10, 'Csc'), (11, 'Cwa'), (12, 'Cwb'), (13, 'Cwc'), (14, 'Cfa'), (15, 'Cfb'), (16, 'Cfc'), (17, 'Dsa'), (18, 'Dsb'), (19, 'Dsc'), (20, 'Dsd')]
Gridmet dir added 

[GRIDMET] loaded subset cube (6, 365, 36, 125) (39.4 MB) lat 41.025..42.483 lon -124.683..-119.517
[LOADER] train workers=4 val workers=2 persistent=False prefetch=2
Sample x_img: torch.Size([14, 5, 5]) in_channels= 14
Sample gh_idx: torch.Size([7]) geohash_precision= 7
Sample x_aux: torch.Size([39]) aux_dim= 39
Sample y: 2.179750680923462
[MEM] ep001 train-start: use=0.7G peak=0.8G limit=n/a anon=0.5G file=0.2G slab=0.0G
[MEM] ep001 batch 1: use=0.8G peak=0.8G limit=n/a anon=0.6G file=0.2G slab=0.0G
[MEM] ep001 batch 2: use=1.5G peak=1.5G limit=n/a anon=1.3G file=0.2G slab=0.0G
[MEM] ep001 batch 3: use=1.5G peak=1.5G limit=n/a anon=1.3G file=0.2G slab=0.0G
[MEM] ep001 batch 4: use=1.5G peak=1.5G limit=n/a anon=1.3G file=0.2G slab=0.0G
[MEM] ep001 batch 5: use=1.5G peak=1.5G limit=n/a anon=1.3G file=0.2G slab=0.0G
[MEM] ep001 batch 500: use=1.5G peak=1.5G limit=n/a anon=1.3G file=0.2G slab=0.0G
[MEM] ep001 batch 1000: use=1.6G peak=1.6G limit=n/a anon=1.4G file=0.2G slab=0.0G
[MEM] ep001 batch 1500: use=1.6G peak=1.6G limit=n/a anon=1.4G file=0.2G slab=0.0G
[MEM] ep001 batch 2000: use=1.6G peak=1.6G limit=n/a anon=1.4G file=0.2G slab=0.0G
[MEM] ep001 batch 2500: use=1.6G peak=1.6G limit=n/a anon=1.5G file=0.2G slab=0.0G
[MEM] ep001 batch 3000: use=1.7G peak=1.7G limit=n/a anon=1.5G file=0.2G slab=0.0G
[MEM] ep001 batch 3500: use=1.7G peak=1.7G limit=n/a anon=1.5G file=0.2G slab=0.0G
[MEM] ep001 batch 4000: use=1.7G peak=1.7G limit=n/a anon=1.5G file=0.2G slab=0.0G
[MEM] ep001 batch 4500: use=1.7G peak=1.7G limit=n/a anon=1.5G file=0.2G slab=0.0G
[MEM] ep001 batch 5000: use=1.7G peak=1.7G limit=n/a anon=1.6G file=0.2G slab=0.0G
[MEM] ep001 batch 5500: use=1.7G peak=1.7G limit=n/a anon=1.6G file=0.2G slab=0.0G
[MEM] ep001 val-start: use=1.4G peak=1.8G limit=n/a anon=1.2G file=0.2G slab=0.0G
[MEM] end epoch 001: use=1.5G peak=1.8G limit=n/a anon=1.3G file=0.2G slab=0.0G
Epoch 001 | Train Huber 0.4619 MAE 0.8372 | Val Huber 0.3404 MAE 0.6974 | LR 1.00e-04
  New best model (epoch 001, Val Huber 0.3404), saved to /s/chopin/e/proj/hyperspec/masfiq/models/tinyUnet_version_7_fusion_geohash_month_koppen_withAttentionLayer_SAR_version_6_California_North_10_2021_best.pth
[MEM] ep002 train-start: use=1.5G peak=1.8G limit=n/a anon=1.3G file=0.2G slab=0.0G
[MEM] ep002 batch 1: use=1.6G peak=1.8G limit=n/a anon=1.4G file=0.2G slab=0.0G
[MEM] ep002 batch 2: use=1.6G peak=1.8G limit=n/a anon=1.4G file=0.2G slab=0.0G
[MEM] ep002 batch 3: use=1.6G peak=1.8G limit=n/a anon=1.4G file=0.2G slab=0.0G
[MEM] ep002 batch 4: use=1.6G peak=1.8G limit=n/a anon=1.4G file=0.2G slab=0.0G
[MEM] ep002 batch 5: use=1.6G peak=1.8G limit=n/a anon=1.4G file=0.2G slab=0.0G
[MEM] ep002 batch 500: use=1.6G peak=1.8G limit=n/a anon=1.4G file=0.2G slab=0.0G
[MEM] ep002 batch 1000: use=1.7G peak=1.8G limit=n/a anon=1.5G file=0.2G slab=0.0G
[MEM] ep002 batch 1500: use=1.7G peak=1.8G limit=n/a anon=1.5G file=0.2G slab=0.0G
[MEM] ep002 batch 2000: use=1.7G peak=1.8G limit=n/a anon=1.6G file=0.2G slab=0.0G
[MEM] ep002 batch 2500: use=1.8G peak=1.8G limit=n/a anon=1.6G file=0.2G slab=0.0G
[MEM] ep002 batch 3000: use=1.8G peak=1.8G limit=n/a anon=1.6G file=0.2G slab=0.0G
[MEM] ep002 batch 3500: use=1.8G peak=1.8G limit=n/a anon=1.6G file=0.2G slab=0.0G
[MEM] ep002 batch 4000: use=1.8G peak=1.8G limit=n/a anon=1.6G file=0.2G slab=0.0G
[MEM] ep002 batch 4500: use=1.8G peak=1.8G limit=n/a anon=1.7G file=0.2G slab=0.0G
[MEM] ep002 batch 5000: use=1.9G peak=1.9G limit=n/a anon=1.7G file=0.2G slab=0.0G
[MEM] ep002 batch 5500: use=1.9G peak=1.9G limit=n/a anon=1.7G file=0.2G slab=0.0G
[MEM] ep002 val-start: use=1.5G peak=1.9G limit=n/a anon=1.3G file=0.2G slab=0.0G
[MEM] end epoch 002: use=1.5G peak=1.9G limit=n/a anon=1.3G file=0.2G slab=0.0G
Epoch 002 | Train Huber 0.3647 MAE 0.7269 | Val Huber 0.3311 MAE 0.6842 | LR 1.00e-04
  New best model (epoch 002, Val Huber 0.3311), saved to /s/chopin/e/proj/hyperspec/masfiq/models/tinyUnet_version_7_fusion_geohash_month_koppen_withAttentionLayer_SAR_version_6_California_North_10_2021_best.pth
[MEM] ep003 train-start: use=1.5G peak=1.9G limit=n/a anon=1.3G file=0.2G slab=0.0G
[MEM] ep003 batch 1: use=1.6G peak=1.9G limit=n/a anon=1.4G file=0.2G slab=0.0G
[MEM] ep003 batch 2: use=1.6G peak=1.9G limit=n/a anon=1.4G file=0.2G slab=0.0G
[MEM] ep003 batch 3: use=1.6G peak=1.9G limit=n/a anon=1.4G file=0.2G slab=0.0G
[MEM] ep003 batch 4: use=1.6G peak=1.9G limit=n/a anon=1.4G file=0.2G slab=0.0G
[MEM] ep003 batch 5: use=1.6G peak=1.9G limit=n/a anon=1.4G file=0.2G slab=0.0G
[MEM] ep003 batch 500: use=1.6G peak=1.9G limit=n/a anon=1.4G file=0.2G slab=0.0G
[MEM] ep003 batch 1000: use=1.7G peak=1.9G limit=n/a anon=1.5G file=0.2G slab=0.0G
[MEM] ep003 batch 1500: use=1.7G peak=1.9G limit=n/a anon=1.5G file=0.2G slab=0.0G
[MEM] ep003 batch 2000: use=1.8G peak=1.9G limit=n/a anon=1.6G file=0.2G slab=0.0G
[MEM] ep003 batch 2500: use=1.8G peak=1.9G limit=n/a anon=1.6G file=0.2G slab=0.0G
[MEM] ep003 batch 3000: use=1.8G peak=1.9G limit=n/a anon=1.6G file=0.2G slab=0.0G
[MEM] ep003 batch 3500: use=1.8G peak=1.9G limit=n/a anon=1.6G file=0.2G slab=0.0G
[MEM] ep003 batch 4000: use=1.8G peak=1.9G limit=n/a anon=1.6G file=0.2G slab=0.0G
[MEM] ep003 batch 4500: use=1.8G peak=1.9G limit=n/a anon=1.7G file=0.2G slab=0.0G
[MEM] ep003 batch 5000: use=1.9G peak=1.9G limit=n/a anon=1.7G file=0.2G slab=0.0G
[MEM] ep003 batch 5500: use=1.9G peak=1.9G limit=n/a anon=1.7G file=0.2G slab=0.0G
[MEM] ep003 val-start: use=1.5G peak=1.9G limit=n/a anon=1.3G file=0.2G slab=0.0G
[MEM] end epoch 003: use=1.5G peak=1.9G limit=n/a anon=1.3G file=0.2G slab=0.0G
Epoch 003 | Train Huber 0.3525 MAE 0.7115 | Val Huber 0.3225 MAE 0.6753 | LR 1.00e-04
  New best model (epoch 003, Val Huber 0.3225), saved to /s/chopin/e/proj/hyperspec/masfiq/models/tinyUnet_version_7_fusion_geohash_month_koppen_withAttentionLayer_SAR_version_6_California_North_10_2021_best.pth
[MEM] ep004 train-start: use=1.5G peak=1.9G limit=n/a anon=1.3G file=0.2G slab=0.0G
[MEM] ep004 batch 1: use=1.6G peak=1.9G limit=n/a anon=1.4G file=0.2G slab=0.0G
[MEM] ep004 batch 2: use=1.6G peak=1.9G limit=n/a anon=1.4G file=0.2G slab=0.0G
[MEM] ep004 batch 3: use=1.6G peak=1.9G limit=n/a anon=1.4G file=0.2G slab=0.0G
[MEM] ep004 batch 4: use=1.6G peak=1.9G limit=n/a anon=1.4G file=0.2G slab=0.0G
[MEM] ep004 batch 5: use=1.6G peak=1.9G limit=n/a anon=1.4G file=0.2G slab=0.0G
[MEM] ep004 batch 500: use=1.6G peak=1.9G limit=n/a anon=1.4G file=0.2G slab=0.0G
[MEM] ep004 batch 1000: use=1.7G peak=1.9G limit=n/a anon=1.5G file=0.2G slab=0.0G
[MEM] ep004 batch 1500: use=1.7G peak=1.9G limit=n/a anon=1.5G file=0.2G slab=0.0G
[MEM] ep004 batch 2000: use=1.8G peak=1.9G limit=n/a anon=1.6G file=0.2G slab=0.0G
[MEM] ep004 batch 2500: use=1.8G peak=1.9G limit=n/a anon=1.6G file=0.2G slab=0.0G
[MEM] ep004 batch 3000: use=1.8G peak=1.9G limit=n/a anon=1.6G file=0.2G slab=0.0G
[MEM] ep004 batch 3500: use=1.8G peak=1.9G limit=n/a anon=1.6G file=0.2G slab=0.0G
[MEM] ep004 batch 4000: use=1.8G peak=1.9G limit=n/a anon=1.6G file=0.2G slab=0.0G
[MEM] ep004 batch 4500: use=1.8G peak=1.9G limit=n/a anon=1.7G file=0.2G slab=0.0G
[MEM] ep004 batch 5000: use=1.9G peak=1.9G limit=n/a anon=1.7G file=0.2G slab=0.0G
[MEM] ep004 batch 5500: use=1.9G peak=1.9G limit=n/a anon=1.7G file=0.2G slab=0.0G
[MEM] ep004 val-start: use=1.5G peak=1.9G limit=n/a anon=1.3G file=0.2G slab=0.0G
[MEM] end epoch 004: use=1.5G peak=1.9G limit=n/a anon=1.3G file=0.2G slab=0.0G
Epoch 004 | Train Huber 0.3423 MAE 0.6987 | Val Huber 0.3138 MAE 0.6641 | LR 1.00e-04
  New best model (epoch 004, Val Huber 0.3138), saved to /s/chopin/e/proj/hyperspec/masfiq/models/tinyUnet_version_7_fusion_geohash_month_koppen_withAttentionLayer_SAR_version_6_California_North_10_2021_best.pth
[MEM] ep005 train-start: use=1.5G peak=1.9G limit=n/a anon=1.3G file=0.2G slab=0.0G
[MEM] ep005 batch 1: use=1.6G peak=1.9G limit=n/a anon=1.4G file=0.2G slab=0.0G
[MEM] ep005 batch 2: use=1.6G peak=1.9G limit=n/a anon=1.4G file=0.2G slab=0.0G
[MEM] ep005 batch 3: use=1.6G peak=1.9G limit=n/a anon=1.4G file=0.2G slab=0.0G
[MEM] ep005 batch 4: use=1.6G peak=1.9G limit=n/a anon=1.4G file=0.2G slab=0.0G
[MEM] ep005 batch 5: use=1.6G peak=1.9G limit=n/a anon=1.4G file=0.2G slab=0.0G
[MEM] ep005 batch 500: use=1.6G peak=1.9G limit=n/a anon=1.5G file=0.2G slab=0.0G
[MEM] ep005 batch 1000: use=1.7G peak=1.9G limit=n/a anon=1.5G file=0.2G slab=0.0G
[MEM] ep005 batch 1500: use=1.7G peak=1.9G limit=n/a anon=1.5G file=0.2G slab=0.0G
[MEM] ep005 batch 2000: use=1.8G peak=1.9G limit=n/a anon=1.6G file=0.2G slab=0.0G
[MEM] ep005 batch 2500: use=1.8G peak=1.9G limit=n/a anon=1.6G file=0.2G slab=0.0G
[MEM] ep005 batch 3000: use=1.8G peak=1.9G limit=n/a anon=1.6G file=0.2G slab=0.0G
[MEM] ep005 batch 3500: use=1.8G peak=1.9G limit=n/a anon=1.6G file=0.2G slab=0.0G
[MEM] ep005 batch 4000: use=1.8G peak=1.9G limit=n/a anon=1.6G file=0.2G slab=0.0G
[MEM] ep005 batch 4500: use=1.8G peak=1.9G limit=n/a anon=1.7G file=0.2G slab=0.0G
[MEM] ep005 batch 5000: use=1.9G peak=1.9G limit=n/a anon=1.7G file=0.2G slab=0.0G
[MEM] ep005 batch 5500: use=1.9G peak=1.9G limit=n/a anon=1.7G file=0.2G slab=0.0G
[MEM] ep005 val-start: use=1.5G peak=1.9G limit=n/a anon=1.3G file=0.2G slab=0.0G
[MEM] end epoch 005: use=1.5G peak=1.9G limit=n/a anon=1.3G file=0.2G slab=0.0G
Epoch 005 | Train Huber 0.3343 MAE 0.6876 | Val Huber 0.3132 MAE 0.6669 | LR 1.00e-04
  New best model (epoch 005, Val Huber 0.3132), saved to /s/chopin/e/proj/hyperspec/masfiq/models/tinyUnet_version_7_fusion_geohash_month_koppen_withAttentionLayer_SAR_version_6_California_North_10_2021_best.pth
[MEM] ep006 train-start: use=1.5G peak=1.9G limit=n/a anon=1.3G file=0.2G slab=0.0G
[MEM] ep006 batch 1: use=1.6G peak=1.9G limit=n/a anon=1.4G file=0.2G slab=0.0G
[MEM] ep006 batch 2: use=1.6G peak=1.9G limit=n/a anon=1.4G file=0.2G slab=0.0G
[MEM] ep006 batch 3: use=1.6G peak=1.9G limit=n/a anon=1.4G file=0.2G slab=0.0G
[MEM] ep006 batch 4: use=1.6G peak=1.9G limit=n/a anon=1.4G file=0.2G slab=0.0G
[MEM] ep006 batch 5: use=1.6G peak=1.9G limit=n/a anon=1.4G file=0.2G slab=0.0G
[MEM] ep006 batch 500: use=1.6G peak=1.9G limit=n/a anon=1.5G file=0.2G slab=0.0G
[MEM] ep006 batch 1000: use=1.7G peak=1.9G limit=n/a anon=1.5G file=0.2G slab=0.0G
[MEM] ep006 batch 1500: use=1.7G peak=1.9G limit=n/a anon=1.5G file=0.2G slab=0.0G
[MEM] ep006 batch 2000: use=1.8G peak=1.9G limit=n/a anon=1.6G file=0.2G slab=0.0G
[MEM] ep006 batch 2500: use=1.8G peak=1.9G limit=n/a anon=1.6G file=0.2G slab=0.0G
[MEM] ep006 batch 3000: use=1.8G peak=1.9G limit=n/a anon=1.6G file=0.2G slab=0.0G
[MEM] ep006 batch 3500: use=1.8G peak=1.9G limit=n/a anon=1.6G file=0.2G slab=0.0G
[MEM] ep006 batch 4000: use=1.8G peak=1.9G limit=n/a anon=1.6G file=0.2G slab=0.0G
[MEM] ep006 batch 4500: use=1.8G peak=1.9G limit=n/a anon=1.7G file=0.2G slab=0.0G
[MEM] ep006 batch 5000: use=1.9G peak=1.9G limit=n/a anon=1.7G file=0.2G slab=0.0G
[MEM] ep006 batch 5500: use=1.9G peak=1.9G limit=n/a anon=1.7G file=0.2G slab=0.0G
[MEM] ep006 val-start: use=1.5G peak=1.9G limit=n/a anon=1.3G file=0.2G slab=0.0G
[MEM] end epoch 006: use=1.5G peak=1.9G limit=n/a anon=1.3G file=0.2G slab=0.0G
Epoch 006 | Train Huber 0.3278 MAE 0.6792 | Val Huber 0.2988 MAE 0.6452 | LR 1.00e-04
  New best model (epoch 006, Val Huber 0.2988), saved to /s/chopin/e/proj/hyperspec/masfiq/models/tinyUnet_version_7_fusion_geohash_month_koppen_withAttentionLayer_SAR_version_6_California_North_10_2021_best.pth
[MEM] ep007 train-start: use=1.5G peak=1.9G limit=n/a anon=1.3G file=0.2G slab=0.0G
[MEM] ep007 batch 1: use=1.6G peak=1.9G limit=n/a anon=1.4G file=0.2G slab=0.0G
[MEM] ep007 batch 2: use=1.6G peak=1.9G limit=n/a anon=1.4G file=0.2G slab=0.0G
[MEM] ep007 batch 3: use=1.6G peak=1.9G limit=n/a anon=1.4G file=0.2G slab=0.0G
[MEM] ep007 batch 4: use=1.6G peak=1.9G limit=n/a anon=1.4G file=0.2G slab=0.0G
[MEM] ep007 batch 5: use=1.6G peak=1.9G limit=n/a anon=1.4G file=0.2G slab=0.0G
[MEM] ep007 batch 500: use=1.6G peak=1.9G limit=n/a anon=1.4G file=0.2G slab=0.0G
[MEM] ep007 batch 1000: use=1.7G peak=1.9G limit=n/a anon=1.5G file=0.2G slab=0.0G
[MEM] ep007 batch 1500: use=1.7G peak=1.9G limit=n/a anon=1.5G file=0.2G slab=0.0G
[MEM] ep007 batch 2000: use=1.8G peak=1.9G limit=n/a anon=1.6G file=0.2G slab=0.0G
[MEM] ep007 batch 2500: use=1.8G peak=1.9G limit=n/a anon=1.6G file=0.2G slab=0.0G
[MEM] ep007 batch 3000: use=1.8G peak=1.9G limit=n/a anon=1.6G file=0.2G slab=0.0G
[MEM] ep007 batch 3500: use=1.8G peak=1.9G limit=n/a anon=1.6G file=0.2G slab=0.0G
[MEM] ep007 batch 4000: use=1.8G peak=1.9G limit=n/a anon=1.6G file=0.2G slab=0.0G
[MEM] ep007 batch 4500: use=1.8G peak=1.9G limit=n/a anon=1.7G file=0.2G slab=0.0G
[MEM] ep007 batch 5000: use=1.9G peak=1.9G limit=n/a anon=1.7G file=0.2G slab=0.0G
[MEM] ep007 batch 5500: use=1.9G peak=1.9G limit=n/a anon=1.7G file=0.2G slab=0.0G
[MEM] ep007 val-start: use=1.5G peak=1.9G limit=n/a anon=1.3G file=0.2G slab=0.0G
[MEM] end epoch 007: use=1.5G peak=1.9G limit=n/a anon=1.3G file=0.2G slab=0.0G
Epoch 007 | Train Huber 0.3221 MAE 0.6715 | Val Huber 0.2941 MAE 0.6374 | LR 1.00e-04
  New best model (epoch 007, Val Huber 0.2941), saved to /s/chopin/e/proj/hyperspec/masfiq/models/tinyUnet_version_7_fusion_geohash_month_koppen_withAttentionLayer_SAR_version_6_California_North_10_2021_best.pth
[MEM] ep008 train-start: use=1.5G peak=1.9G limit=n/a anon=1.3G file=0.2G slab=0.0G
[MEM] ep008 batch 1: use=1.6G peak=1.9G limit=n/a anon=1.4G file=0.2G slab=0.0G
[MEM] ep008 batch 2: use=1.6G peak=1.9G limit=n/a anon=1.4G file=0.2G slab=0.0G
[MEM] ep008 batch 3: use=1.6G peak=1.9G limit=n/a anon=1.4G file=0.2G slab=0.0G
[MEM] ep008 batch 4: use=1.6G peak=1.9G limit=n/a anon=1.4G file=0.2G slab=0.0G
[MEM] ep008 batch 5: use=1.6G peak=1.9G limit=n/a anon=1.4G file=0.2G slab=0.0G
[MEM] ep008 batch 500: use=1.6G peak=1.9G limit=n/a anon=1.5G file=0.2G slab=0.0G
[MEM] ep008 batch 1000: use=1.7G peak=1.9G limit=n/a anon=1.5G file=0.2G slab=0.0G
[MEM] ep008 batch 1500: use=1.7G peak=1.9G limit=n/a anon=1.5G file=0.2G slab=0.0G
[MEM] ep008 batch 2000: use=1.8G peak=1.9G limit=n/a anon=1.6G file=0.2G slab=0.0G
[MEM] ep008 batch 2500: use=1.8G peak=1.9G limit=n/a anon=1.6G file=0.2G slab=0.0G
[MEM] ep008 batch 3000: use=1.8G peak=1.9G limit=n/a anon=1.6G file=0.2G slab=0.0G
[MEM] ep008 batch 3500: use=1.8G peak=1.9G limit=n/a anon=1.6G file=0.2G slab=0.0G
[MEM] ep008 batch 4000: use=1.8G peak=1.9G limit=n/a anon=1.6G file=0.2G slab=0.0G
[MEM] ep008 batch 4500: use=1.9G peak=1.9G limit=n/a anon=1.7G file=0.2G slab=0.0G
[MEM] ep008 batch 5000: use=1.9G peak=1.9G limit=n/a anon=1.7G file=0.2G slab=0.0G
[MEM] ep008 batch 5500: use=1.9G peak=1.9G limit=n/a anon=1.7G file=0.2G slab=0.0G
[MEM] ep008 val-start: use=1.5G peak=1.9G limit=n/a anon=1.3G file=0.2G slab=0.0G
[MEM] end epoch 008: use=1.5G peak=1.9G limit=n/a anon=1.3G file=0.2G slab=0.0G
Epoch 008 | Train Huber 0.3163 MAE 0.6638 | Val Huber 0.2901 MAE 0.6313 | LR 1.00e-04
  New best model (epoch 008, Val Huber 0.2901), saved to /s/chopin/e/proj/hyperspec/masfiq/models/tinyUnet_version_7_fusion_geohash_month_koppen_withAttentionLayer_SAR_version_6_California_North_10_2021_best.pth
[MEM] ep009 train-start: use=1.5G peak=1.9G limit=n/a anon=1.3G file=0.2G slab=0.0G
[MEM] ep009 batch 1: use=1.6G peak=1.9G limit=n/a anon=1.4G file=0.2G slab=0.0G
[MEM] ep009 batch 2: use=1.6G peak=1.9G limit=n/a anon=1.4G file=0.2G slab=0.0G
[MEM] ep009 batch 3: use=1.6G peak=1.9G limit=n/a anon=1.4G file=0.2G slab=0.0G
[MEM] ep009 batch 4: use=1.6G peak=1.9G limit=n/a anon=1.4G file=0.2G slab=0.0G
[MEM] ep009 batch 5: use=1.6G peak=1.9G limit=n/a anon=1.4G file=0.2G slab=0.0G
[MEM] ep009 batch 500: use=1.6G peak=1.9G limit=n/a anon=1.5G file=0.2G slab=0.0G
[MEM] ep009 batch 1000: use=1.7G peak=1.9G limit=n/a anon=1.5G file=0.2G slab=0.0G
[MEM] ep009 batch 1500: use=1.7G peak=1.9G limit=n/a anon=1.5G file=0.2G slab=0.0G
[MEM] ep009 batch 2000: use=1.8G peak=1.9G limit=n/a anon=1.6G file=0.2G slab=0.0G
[MEM] ep009 batch 2500: use=1.8G peak=1.9G limit=n/a anon=1.6G file=0.2G slab=0.0G
[MEM] ep009 batch 3000: use=1.8G peak=1.9G limit=n/a anon=1.6G file=0.2G slab=0.0G
[MEM] ep009 batch 3500: use=1.8G peak=1.9G limit=n/a anon=1.6G file=0.2G slab=0.0G
[MEM] ep009 batch 4000: use=1.8G peak=1.9G limit=n/a anon=1.6G file=0.2G slab=0.0G
[MEM] ep009 batch 4500: use=1.8G peak=1.9G limit=n/a anon=1.7G file=0.2G slab=0.0G
[MEM] ep009 batch 5000: use=1.9G peak=1.9G limit=n/a anon=1.7G file=0.2G slab=0.0G
[MEM] ep009 batch 5500: use=1.9G peak=1.9G limit=n/a anon=1.7G file=0.2G slab=0.0G
[MEM] ep009 val-start: use=1.5G peak=1.9G limit=n/a anon=1.3G file=0.2G slab=0.0G
[MEM] end epoch 009: use=1.5G peak=1.9G limit=n/a anon=1.3G file=0.2G slab=0.0G
Epoch 009 | Train Huber 0.3122 MAE 0.6582 | Val Huber 0.2958 MAE 0.6386 | LR 1.00e-04
[MEM] ep010 train-start: use=1.5G peak=1.9G limit=n/a anon=1.3G file=0.2G slab=0.0G
[MEM] ep010 batch 1: use=1.6G peak=1.9G limit=n/a anon=1.4G file=0.2G slab=0.0G
[MEM] ep010 batch 2: use=1.6G peak=1.9G limit=n/a anon=1.4G file=0.2G slab=0.0G
[MEM] ep010 batch 3: use=1.6G peak=1.9G limit=n/a anon=1.4G file=0.2G slab=0.0G
[MEM] ep010 batch 4: use=1.6G peak=1.9G limit=n/a anon=1.4G file=0.2G slab=0.0G
[MEM] ep010 batch 5: use=1.6G peak=1.9G limit=n/a anon=1.4G file=0.2G slab=0.0G
[MEM] ep010 batch 500: use=1.6G peak=1.9G limit=n/a anon=1.4G file=0.2G slab=0.0G
[MEM] ep010 batch 1000: use=1.7G peak=1.9G limit=n/a anon=1.5G file=0.2G slab=0.0G
[MEM] ep010 batch 1500: use=1.7G peak=1.9G limit=n/a anon=1.5G file=0.2G slab=0.0G
[MEM] ep010 batch 2000: use=1.8G peak=1.9G limit=n/a anon=1.6G file=0.2G slab=0.0G
[MEM] ep010 batch 2500: use=1.8G peak=1.9G limit=n/a anon=1.6G file=0.2G slab=0.0G
[MEM] ep010 batch 3000: use=1.8G peak=1.9G limit=n/a anon=1.6G file=0.2G slab=0.0G
[MEM] ep010 batch 3500: use=1.8G peak=1.9G limit=n/a anon=1.6G file=0.2G slab=0.0G
[MEM] ep010 batch 4000: use=1.8G peak=1.9G limit=n/a anon=1.6G file=0.2G slab=0.0G
[MEM] ep010 batch 4500: use=1.8G peak=1.9G limit=n/a anon=1.7G file=0.2G slab=0.0G
[MEM] ep010 batch 5000: use=1.9G peak=1.9G limit=n/a anon=1.7G file=0.2G slab=0.0G
[MEM] ep010 batch 5500: use=1.9G peak=1.9G limit=n/a anon=1.7G file=0.2G slab=0.0G
[MEM] ep010 val-start: use=1.5G peak=1.9G limit=n/a anon=1.3G file=0.2G slab=0.0G
[MEM] end epoch 010: use=1.5G peak=1.9G limit=n/a anon=1.3G file=0.2G slab=0.0G
Epoch 010 | Train Huber 0.3077 MAE 0.6522 | Val Huber 0.3011 MAE 0.6478 | LR 1.00e-04
[MEM] ep011 train-start: use=1.5G peak=1.9G limit=n/a anon=1.3G file=0.2G slab=0.0G
[MEM] ep011 batch 1: use=1.6G peak=1.9G limit=n/a anon=1.4G file=0.2G slab=0.0G
[MEM] ep011 batch 2: use=1.6G peak=1.9G limit=n/a anon=1.4G file=0.2G slab=0.0G
[MEM] ep011 batch 3: use=1.6G peak=1.9G limit=n/a anon=1.4G file=0.2G slab=0.0G
[MEM] ep011 batch 4: use=1.6G peak=1.9G limit=n/a anon=1.4G file=0.2G slab=0.0G
[MEM] ep011 batch 5: use=1.6G peak=1.9G limit=n/a anon=1.4G file=0.2G slab=0.0G
[MEM] ep011 batch 500: use=1.6G peak=1.9G limit=n/a anon=1.4G file=0.2G slab=0.0G
[MEM] ep011 batch 1000: use=1.7G peak=1.9G limit=n/a anon=1.5G file=0.2G slab=0.0G
[MEM] ep011 batch 1500: use=1.7G peak=1.9G limit=n/a anon=1.5G file=0.2G slab=0.0G
[MEM] ep011 batch 2000: use=1.8G peak=1.9G limit=n/a anon=1.6G file=0.2G slab=0.0G
[MEM] ep011 batch 2500: use=1.8G peak=1.9G limit=n/a anon=1.6G file=0.2G slab=0.0G
[MEM] ep011 batch 3000: use=1.8G peak=1.9G limit=n/a anon=1.6G file=0.2G slab=0.0G
[MEM] ep011 batch 3500: use=1.8G peak=1.9G limit=n/a anon=1.6G file=0.2G slab=0.0G
[MEM] ep011 batch 4000: use=1.8G peak=1.9G limit=n/a anon=1.6G file=0.2G slab=0.0G
[MEM] ep011 batch 4500: use=1.8G peak=1.9G limit=n/a anon=1.7G file=0.2G slab=0.0G
[MEM] ep011 batch 5000: use=1.9G peak=1.9G limit=n/a anon=1.7G file=0.2G slab=0.0G
[MEM] ep011 batch 5500: use=1.9G peak=1.9G limit=n/a anon=1.7G file=0.2G slab=0.0G
[MEM] ep011 val-start: use=1.5G peak=1.9G limit=n/a anon=1.3G file=0.2G slab=0.0G
[MEM] end epoch 011: use=1.5G peak=1.9G limit=n/a anon=1.3G file=0.2G slab=0.0G
Epoch 011 | Train Huber 0.3044 MAE 0.6470 | Val Huber 0.2882 MAE 0.6284 | LR 1.00e-04
  New best model (epoch 011, Val Huber 0.2882), saved to /s/chopin/e/proj/hyperspec/masfiq/models/tinyUnet_version_7_fusion_geohash_month_koppen_withAttentionLayer_SAR_version_6_California_North_10_2021_best.pth
[MEM] ep012 train-start: use=1.5G peak=1.9G limit=n/a anon=1.3G file=0.2G slab=0.0G
[MEM] ep012 batch 1: use=1.6G peak=1.9G limit=n/a anon=1.4G file=0.2G slab=0.0G
[MEM] ep012 batch 2: use=1.6G peak=1.9G limit=n/a anon=1.4G file=0.2G slab=0.0G
[MEM] ep012 batch 3: use=1.6G peak=1.9G limit=n/a anon=1.4G file=0.2G slab=0.0G
[MEM] ep012 batch 4: use=1.6G peak=1.9G limit=n/a anon=1.4G file=0.2G slab=0.0G
[MEM] ep012 batch 5: use=1.6G peak=1.9G limit=n/a anon=1.4G file=0.2G slab=0.0G
[MEM] ep012 batch 500: use=1.6G peak=1.9G limit=n/a anon=1.5G file=0.2G slab=0.0G
[MEM] ep012 batch 1000: use=1.7G peak=1.9G limit=n/a anon=1.5G file=0.2G slab=0.0G
[MEM] ep012 batch 1500: use=1.7G peak=1.9G limit=n/a anon=1.5G file=0.2G slab=0.0G
[MEM] ep012 batch 2000: use=1.8G peak=1.9G limit=n/a anon=1.6G file=0.2G slab=0.0G
[MEM] ep012 batch 2500: use=1.8G peak=1.9G limit=n/a anon=1.6G file=0.2G slab=0.0G
[MEM] ep012 batch 3000: use=1.8G peak=1.9G limit=n/a anon=1.6G file=0.2G slab=0.0G
[MEM] ep012 batch 3500: use=1.8G peak=1.9G limit=n/a anon=1.6G file=0.2G slab=0.0G
[MEM] ep012 batch 4000: use=1.8G peak=1.9G limit=n/a anon=1.6G file=0.2G slab=0.0G
[MEM] ep012 batch 4500: use=1.8G peak=1.9G limit=n/a anon=1.7G file=0.2G slab=0.0G
[MEM] ep012 batch 5000: use=1.9G peak=1.9G limit=n/a anon=1.7G file=0.2G slab=0.0G
[MEM] ep012 batch 5500: use=1.9G peak=1.9G limit=n/a anon=1.7G file=0.2G slab=0.0G
[MEM] ep012 val-start: use=1.5G peak=1.9G limit=n/a anon=1.3G file=0.2G slab=0.0G
[MEM] end epoch 012: use=1.5G peak=1.9G limit=n/a anon=1.3G file=0.2G slab=0.0G
Epoch 012 | Train Huber 0.3011 MAE 0.6428 | Val Huber 0.2827 MAE 0.6160 | LR 1.00e-04
  New best model (epoch 012, Val Huber 0.2827), saved to /s/chopin/e/proj/hyperspec/masfiq/models/tinyUnet_version_7_fusion_geohash_month_koppen_withAttentionLayer_SAR_version_6_California_North_10_2021_best.pth
[MEM] ep013 train-start: use=1.5G peak=1.9G limit=n/a anon=1.3G file=0.2G slab=0.0G
[MEM] ep013 batch 1: use=1.6G peak=1.9G limit=n/a anon=1.4G file=0.2G slab=0.0G
[MEM] ep013 batch 2: use=1.6G peak=1.9G limit=n/a anon=1.4G file=0.2G slab=0.0G
[MEM] ep013 batch 3: use=1.6G peak=1.9G limit=n/a anon=1.4G file=0.2G slab=0.0G
[MEM] ep013 batch 4: use=1.6G peak=1.9G limit=n/a anon=1.4G file=0.2G slab=0.0G
[MEM] ep013 batch 5: use=1.6G peak=1.9G limit=n/a anon=1.4G file=0.2G slab=0.0G
[MEM] ep013 batch 500: use=1.6G peak=1.9G limit=n/a anon=1.5G file=0.2G slab=0.0G
[MEM] ep013 batch 1000: use=1.7G peak=1.9G limit=n/a anon=1.5G file=0.2G slab=0.0G
[MEM] ep013 batch 1500: use=1.7G peak=1.9G limit=n/a anon=1.5G file=0.2G slab=0.0G
[MEM] ep013 batch 2000: use=1.8G peak=1.9G limit=n/a anon=1.6G file=0.2G slab=0.0G
[MEM] ep013 batch 2500: use=1.8G peak=1.9G limit=n/a anon=1.6G file=0.2G slab=0.0G
[MEM] ep013 batch 3000: use=1.8G peak=1.9G limit=n/a anon=1.6G file=0.2G slab=0.0G
[MEM] ep013 batch 3500: use=1.8G peak=1.9G limit=n/a anon=1.6G file=0.2G slab=0.0G
[MEM] ep013 batch 4000: use=1.8G peak=1.9G limit=n/a anon=1.6G file=0.2G slab=0.0G
[MEM] ep013 batch 4500: use=1.8G peak=1.9G limit=n/a anon=1.7G file=0.2G slab=0.0G
[MEM] ep013 batch 5000: use=1.9G peak=1.9G limit=n/a anon=1.7G file=0.2G slab=0.0G
[MEM] ep013 batch 5500: use=1.9G peak=1.9G limit=n/a anon=1.7G file=0.2G slab=0.0G
[MEM] ep013 val-start: use=1.5G peak=1.9G limit=n/a anon=1.3G file=0.2G slab=0.0G
[MEM] end epoch 013: use=1.5G peak=1.9G limit=n/a anon=1.3G file=0.2G slab=0.0G
Epoch 013 | Train Huber 0.2987 MAE 0.6391 | Val Huber 0.2823 MAE 0.6157 | LR 1.00e-04
  New best model (epoch 013, Val Huber 0.2823), saved to /s/chopin/e/proj/hyperspec/masfiq/models/tinyUnet_version_7_fusion_geohash_month_koppen_withAttentionLayer_SAR_version_6_California_North_10_2021_best.pth
[MEM] ep014 train-start: use=1.5G peak=1.9G limit=n/a anon=1.3G file=0.2G slab=0.0G
[MEM] ep014 batch 1: use=1.6G peak=1.9G limit=n/a anon=1.4G file=0.2G slab=0.0G
[MEM] ep014 batch 2: use=1.6G peak=1.9G limit=n/a anon=1.4G file=0.2G slab=0.0G
[MEM] ep014 batch 3: use=1.6G peak=1.9G limit=n/a anon=1.4G file=0.2G slab=0.0G
[MEM] ep014 batch 4: use=1.6G peak=1.9G limit=n/a anon=1.4G file=0.2G slab=0.0G
[MEM] ep014 batch 5: use=1.6G peak=1.9G limit=n/a anon=1.4G file=0.2G slab=0.0G
[MEM] ep014 batch 500: use=1.6G peak=1.9G limit=n/a anon=1.5G file=0.2G slab=0.0G
[MEM] ep014 batch 1000: use=1.7G peak=1.9G limit=n/a anon=1.5G file=0.2G slab=0.0G
[MEM] ep014 batch 1500: use=1.7G peak=1.9G limit=n/a anon=1.5G file=0.2G slab=0.0G
[MEM] ep014 batch 2000: use=1.8G peak=1.9G limit=n/a anon=1.6G file=0.2G slab=0.0G
[MEM] ep014 batch 2500: use=1.8G peak=1.9G limit=n/a anon=1.6G file=0.2G slab=0.0G
[MEM] ep014 batch 3000: use=1.8G peak=1.9G limit=n/a anon=1.6G file=0.2G slab=0.0G
[MEM] ep014 batch 3500: use=1.8G peak=1.9G limit=n/a anon=1.6G file=0.2G slab=0.0G
[MEM] ep014 batch 4000: use=1.8G peak=1.9G limit=n/a anon=1.6G file=0.2G slab=0.0G
[MEM] ep014 batch 4500: use=1.9G peak=1.9G limit=n/a anon=1.7G file=0.2G slab=0.0G
[MEM] ep014 batch 5000: use=1.9G peak=1.9G limit=n/a anon=1.7G file=0.2G slab=0.0G
[MEM] ep014 batch 5500: use=1.9G peak=1.9G limit=n/a anon=1.7G file=0.2G slab=0.0G
[MEM] ep014 val-start: use=1.5G peak=1.9G limit=n/a anon=1.3G file=0.2G slab=0.0G
[MEM] end epoch 014: use=1.5G peak=1.9G limit=n/a anon=1.3G file=0.2G slab=0.0G
Epoch 014 | Train Huber 0.2954 MAE 0.6354 | Val Huber 0.2786 MAE 0.6131 | LR 1.00e-04
  New best model (epoch 014, Val Huber 0.2786), saved to /s/chopin/e/proj/hyperspec/masfiq/models/tinyUnet_version_7_fusion_geohash_month_koppen_withAttentionLayer_SAR_version_6_California_North_10_2021_best.pth
[MEM] ep015 train-start: use=1.5G peak=1.9G limit=n/a anon=1.3G file=0.2G slab=0.0G
[MEM] ep015 batch 1: use=1.6G peak=1.9G limit=n/a anon=1.4G file=0.2G slab=0.0G
[MEM] ep015 batch 2: use=1.6G peak=1.9G limit=n/a anon=1.4G file=0.2G slab=0.0G
[MEM] ep015 batch 3: use=1.6G peak=1.9G limit=n/a anon=1.4G file=0.2G slab=0.0G
[MEM] ep015 batch 4: use=1.6G peak=1.9G limit=n/a anon=1.4G file=0.2G slab=0.0G
[MEM] ep015 batch 5: use=1.6G peak=1.9G limit=n/a anon=1.4G file=0.2G slab=0.0G
[MEM] ep015 batch 500: use=1.6G peak=1.9G limit=n/a anon=1.5G file=0.2G slab=0.0G
[MEM] ep015 batch 1000: use=1.7G peak=1.9G limit=n/a anon=1.5G file=0.2G slab=0.0G
[MEM] ep015 batch 1500: use=1.7G peak=1.9G limit=n/a anon=1.5G file=0.2G slab=0.0G
[MEM] ep015 batch 2000: use=1.8G peak=1.9G limit=n/a anon=1.6G file=0.2G slab=0.0G
[MEM] ep015 batch 2500: use=1.8G peak=1.9G limit=n/a anon=1.6G file=0.2G slab=0.0G
[MEM] ep015 batch 3000: use=1.8G peak=1.9G limit=n/a anon=1.6G file=0.2G slab=0.0G
[MEM] ep015 batch 3500: use=1.8G peak=1.9G limit=n/a anon=1.6G file=0.2G slab=0.0G
[MEM] ep015 batch 4000: use=1.8G peak=1.9G limit=n/a anon=1.6G file=0.2G slab=0.0G
[MEM] ep015 batch 4500: use=1.9G peak=1.9G limit=n/a anon=1.7G file=0.2G slab=0.0G
[MEM] ep015 batch 5000: use=1.9G peak=1.9G limit=n/a anon=1.7G file=0.2G slab=0.0G
[MEM] ep015 batch 5500: use=1.9G peak=1.9G limit=n/a anon=1.7G file=0.2G slab=0.0G
[MEM] ep015 val-start: use=1.5G peak=1.9G limit=n/a anon=1.3G file=0.2G slab=0.0G
[MEM] end epoch 015: use=1.5G peak=1.9G limit=n/a anon=1.3G file=0.2G slab=0.0G
Epoch 015 | Train Huber 0.2934 MAE 0.6323 | Val Huber 0.2801 MAE 0.6130 | LR 1.00e-04
[MEM] ep016 train-start: use=1.5G peak=1.9G limit=n/a anon=1.3G file=0.2G slab=0.0G
[MEM] ep016 batch 1: use=1.6G peak=1.9G limit=n/a anon=1.4G file=0.2G slab=0.0G
[MEM] ep016 batch 2: use=1.6G peak=1.9G limit=n/a anon=1.4G file=0.2G slab=0.0G
[MEM] ep016 batch 3: use=1.6G peak=1.9G limit=n/a anon=1.4G file=0.2G slab=0.0G
[MEM] ep016 batch 4: use=1.6G peak=1.9G limit=n/a anon=1.4G file=0.2G slab=0.0G
[MEM] ep016 batch 5: use=1.6G peak=1.9G limit=n/a anon=1.4G file=0.2G slab=0.0G
[MEM] ep016 batch 500: use=1.6G peak=1.9G limit=n/a anon=1.4G file=0.2G slab=0.0G
[MEM] ep016 batch 1000: use=1.7G peak=1.9G limit=n/a anon=1.5G file=0.2G slab=0.0G
[MEM] ep016 batch 1500: use=1.7G peak=1.9G limit=n/a anon=1.5G file=0.2G slab=0.0G
[MEM] ep016 batch 2000: use=1.8G peak=1.9G limit=n/a anon=1.6G file=0.2G slab=0.0G
[MEM] ep016 batch 2500: use=1.8G peak=1.9G limit=n/a anon=1.6G file=0.2G slab=0.0G
[MEM] ep016 batch 3000: use=1.8G peak=1.9G limit=n/a anon=1.6G file=0.2G slab=0.0G
[MEM] ep016 batch 3500: use=1.8G peak=1.9G limit=n/a anon=1.6G file=0.2G slab=0.0G
[MEM] ep016 batch 4000: use=1.8G peak=1.9G limit=n/a anon=1.6G file=0.2G slab=0.0G
[MEM] ep016 batch 4500: use=1.8G peak=1.9G limit=n/a anon=1.7G file=0.2G slab=0.0G
[MEM] ep016 batch 5000: use=1.9G peak=1.9G limit=n/a anon=1.7G file=0.2G slab=0.0G
[MEM] ep016 batch 5500: use=1.9G peak=1.9G limit=n/a anon=1.7G file=0.2G slab=0.0G
[MEM] ep016 val-start: use=1.5G peak=1.9G limit=n/a anon=1.3G file=0.2G slab=0.0G
[MEM] end epoch 016: use=1.5G peak=1.9G limit=n/a anon=1.3G file=0.2G slab=0.0G
Epoch 016 | Train Huber 0.2909 MAE 0.6286 | Val Huber 0.2815 MAE 0.6180 | LR 1.00e-04
[MEM] ep017 train-start: use=1.5G peak=1.9G limit=n/a anon=1.3G file=0.2G slab=0.0G
[MEM] ep017 batch 1: use=1.6G peak=1.9G limit=n/a anon=1.4G file=0.2G slab=0.0G
[MEM] ep017 batch 2: use=1.6G peak=1.9G limit=n/a anon=1.4G file=0.2G slab=0.0G
[MEM] ep017 batch 3: use=1.6G peak=1.9G limit=n/a anon=1.4G file=0.2G slab=0.0G
[MEM] ep017 batch 4: use=1.6G peak=1.9G limit=n/a anon=1.4G file=0.2G slab=0.0G
[MEM] ep017 batch 5: use=1.6G peak=1.9G limit=n/a anon=1.4G file=0.2G slab=0.0G
[MEM] ep017 batch 500: use=1.6G peak=1.9G limit=n/a anon=1.5G file=0.2G slab=0.0G
[MEM] ep017 batch 1000: use=1.7G peak=1.9G limit=n/a anon=1.5G file=0.2G slab=0.0G
[MEM] ep017 batch 1500: use=1.7G peak=1.9G limit=n/a anon=1.5G file=0.2G slab=0.0G
[MEM] ep017 batch 2000: use=1.8G peak=1.9G limit=n/a anon=1.6G file=0.2G slab=0.0G
[MEM] ep017 batch 2500: use=1.8G peak=1.9G limit=n/a anon=1.6G file=0.2G slab=0.0G
[MEM] ep017 batch 3000: use=1.8G peak=1.9G limit=n/a anon=1.6G file=0.2G slab=0.0G
[MEM] ep017 batch 3500: use=1.8G peak=1.9G limit=n/a anon=1.6G file=0.2G slab=0.0G
[MEM] ep017 batch 4000: use=1.8G peak=1.9G limit=n/a anon=1.6G file=0.2G slab=0.0G
[MEM] ep017 batch 4500: use=1.9G peak=1.9G limit=n/a anon=1.7G file=0.2G slab=0.0G
[MEM] ep017 batch 5000: use=1.9G peak=1.9G limit=n/a anon=1.7G file=0.2G slab=0.0G
[MEM] ep017 batch 5500: use=1.9G peak=1.9G limit=n/a anon=1.7G file=0.2G slab=0.0G
[MEM] ep017 val-start: use=1.5G peak=1.9G limit=n/a anon=1.3G file=0.2G slab=0.0G
[MEM] end epoch 017: use=1.5G peak=1.9G limit=n/a anon=1.3G file=0.2G slab=0.0G
Epoch 017 | Train Huber 0.2893 MAE 0.6265 | Val Huber 0.2765 MAE 0.6072 | LR 1.00e-04
  New best model (epoch 017, Val Huber 0.2765), saved to /s/chopin/e/proj/hyperspec/masfiq/models/tinyUnet_version_7_fusion_geohash_month_koppen_withAttentionLayer_SAR_version_6_California_North_10_2021_best.pth
[MEM] ep018 train-start: use=1.5G peak=1.9G limit=n/a anon=1.3G file=0.2G slab=0.0G
[MEM] ep018 batch 1: use=1.6G peak=1.9G limit=n/a anon=1.4G file=0.2G slab=0.0G
[MEM] ep018 batch 2: use=1.6G peak=1.9G limit=n/a anon=1.4G file=0.2G slab=0.0G
[MEM] ep018 batch 3: use=1.6G peak=1.9G limit=n/a anon=1.4G file=0.2G slab=0.0G
[MEM] ep018 batch 4: use=1.6G peak=1.9G limit=n/a anon=1.4G file=0.2G slab=0.0G
[MEM] ep018 batch 5: use=1.6G peak=1.9G limit=n/a anon=1.4G file=0.2G slab=0.0G
[MEM] ep018 batch 500: use=1.6G peak=1.9G limit=n/a anon=1.5G file=0.2G slab=0.0G
[MEM] ep018 batch 1000: use=1.7G peak=1.9G limit=n/a anon=1.5G file=0.2G slab=0.0G
[MEM] ep018 batch 1500: use=1.7G peak=1.9G limit=n/a anon=1.5G file=0.2G slab=0.0G
[MEM] ep018 batch 2000: use=1.8G peak=1.9G limit=n/a anon=1.6G file=0.2G slab=0.0G
[MEM] ep018 batch 2500: use=1.8G peak=1.9G limit=n/a anon=1.6G file=0.2G slab=0.0G
[MEM] ep018 batch 3000: use=1.8G peak=1.9G limit=n/a anon=1.6G file=0.2G slab=0.0G
[MEM] ep018 batch 3500: use=1.8G peak=1.9G limit=n/a anon=1.6G file=0.2G slab=0.0G
[MEM] ep018 batch 4000: use=1.8G peak=1.9G limit=n/a anon=1.6G file=0.2G slab=0.0G
[MEM] ep018 batch 4500: use=1.9G peak=1.9G limit=n/a anon=1.7G file=0.2G slab=0.0G
[MEM] ep018 batch 5000: use=1.9G peak=1.9G limit=n/a anon=1.7G file=0.2G slab=0.0G
[MEM] ep018 batch 5500: use=1.9G peak=1.9G limit=n/a anon=1.7G file=0.2G slab=0.0G
[MEM] ep018 val-start: use=1.5G peak=1.9G limit=n/a anon=1.3G file=0.2G slab=0.0G
[MEM] end epoch 018: use=1.5G peak=1.9G limit=n/a anon=1.3G file=0.2G slab=0.0G
Epoch 018 | Train Huber 0.2873 MAE 0.6239 | Val Huber 0.2754 MAE 0.6088 | LR 1.00e-04
  New best model (epoch 018, Val Huber 0.2754), saved to /s/chopin/e/proj/hyperspec/masfiq/models/tinyUnet_version_7_fusion_geohash_month_koppen_withAttentionLayer_SAR_version_6_California_North_10_2021_best.pth
[MEM] ep019 train-start: use=1.5G peak=1.9G limit=n/a anon=1.3G file=0.2G slab=0.0G
[MEM] ep019 batch 1: use=1.6G peak=1.9G limit=n/a anon=1.4G file=0.2G slab=0.0G
[MEM] ep019 batch 2: use=1.6G peak=1.9G limit=n/a anon=1.4G file=0.2G slab=0.0G
[MEM] ep019 batch 3: use=1.6G peak=1.9G limit=n/a anon=1.4G file=0.2G slab=0.0G
[MEM] ep019 batch 4: use=1.6G peak=1.9G limit=n/a anon=1.4G file=0.2G slab=0.0G
[MEM] ep019 batch 5: use=1.6G peak=1.9G limit=n/a anon=1.4G file=0.2G slab=0.0G
[MEM] ep019 batch 500: use=1.6G peak=1.9G limit=n/a anon=1.5G file=0.2G slab=0.0G
[MEM] ep019 batch 1000: use=1.7G peak=1.9G limit=n/a anon=1.5G file=0.2G slab=0.0G
[MEM] ep019 batch 1500: use=1.7G peak=1.9G limit=n/a anon=1.5G file=0.2G slab=0.0G
[MEM] ep019 batch 2000: use=1.8G peak=1.9G limit=n/a anon=1.6G file=0.2G slab=0.0G
[MEM] ep019 batch 2500: use=1.8G peak=1.9G limit=n/a anon=1.6G file=0.2G slab=0.0G
[MEM] ep019 batch 3000: use=1.8G peak=1.9G limit=n/a anon=1.6G file=0.2G slab=0.0G
[MEM] ep019 batch 3500: use=1.8G peak=1.9G limit=n/a anon=1.6G file=0.2G slab=0.0G
[MEM] ep019 batch 4000: use=1.8G peak=1.9G limit=n/a anon=1.6G file=0.2G slab=0.0G
[MEM] ep019 batch 4500: use=1.9G peak=1.9G limit=n/a anon=1.7G file=0.2G slab=0.0G
[MEM] ep019 batch 5000: use=1.9G peak=1.9G limit=n/a anon=1.7G file=0.2G slab=0.0G
[MEM] ep019 batch 5500: use=1.9G peak=1.9G limit=n/a anon=1.7G file=0.2G slab=0.0G
[MEM] ep019 val-start: use=1.5G peak=1.9G limit=n/a anon=1.3G file=0.2G slab=0.0G
[MEM] end epoch 019: use=1.5G peak=1.9G limit=n/a anon=1.3G file=0.2G slab=0.0G
Epoch 019 | Train Huber 0.2840 MAE 0.6195 | Val Huber 0.2776 MAE 0.6116 | LR 1.00e-04
[MEM] ep020 train-start: use=1.5G peak=1.9G limit=n/a anon=1.3G file=0.2G slab=0.0G
[MEM] ep020 batch 1: use=1.6G peak=1.9G limit=n/a anon=1.4G file=0.2G slab=0.0G
[MEM] ep020 batch 2: use=1.6G peak=1.9G limit=n/a anon=1.4G file=0.2G slab=0.0G
[MEM] ep020 batch 3: use=1.6G peak=1.9G limit=n/a anon=1.4G file=0.2G slab=0.0G
[MEM] ep020 batch 4: use=1.6G peak=1.9G limit=n/a anon=1.4G file=0.2G slab=0.0G
[MEM] ep020 batch 5: use=1.6G peak=1.9G limit=n/a anon=1.4G file=0.2G slab=0.0G
[MEM] ep020 batch 500: use=1.6G peak=1.9G limit=n/a anon=1.4G file=0.2G slab=0.0G
[MEM] ep020 batch 1000: use=1.7G peak=1.9G limit=n/a anon=1.5G file=0.2G slab=0.0G
[MEM] ep020 batch 1500: use=1.7G peak=1.9G limit=n/a anon=1.5G file=0.2G slab=0.0G
[MEM] ep020 batch 2000: use=1.8G peak=1.9G limit=n/a anon=1.6G file=0.2G slab=0.0G
[MEM] ep020 batch 2500: use=1.8G peak=1.9G limit=n/a anon=1.6G file=0.2G slab=0.0G
[MEM] ep020 batch 3000: use=1.8G peak=1.9G limit=n/a anon=1.6G file=0.2G slab=0.0G
[MEM] ep020 batch 3500: use=1.8G peak=1.9G limit=n/a anon=1.6G file=0.2G slab=0.0G
[MEM] ep020 batch 4000: use=1.8G peak=1.9G limit=n/a anon=1.6G file=0.2G slab=0.0G
[MEM] ep020 batch 4500: use=1.9G peak=1.9G limit=n/a anon=1.7G file=0.2G slab=0.0G
[MEM] ep020 batch 5000: use=1.9G peak=1.9G limit=n/a anon=1.7G file=0.2G slab=0.0G
[MEM] ep020 batch 5500: use=1.9G peak=1.9G limit=n/a anon=1.7G file=0.2G slab=0.0G
[MEM] ep020 val-start: use=1.5G peak=1.9G limit=n/a anon=1.3G file=0.2G slab=0.0G
[MEM] end epoch 020: use=1.5G peak=1.9G limit=n/a anon=1.3G file=0.2G slab=0.0G
Epoch 020 | Train Huber 0.2822 MAE 0.6171 | Val Huber 0.2754 MAE 0.6095 | LR 1.00e-04
  New best model (epoch 020, Val Huber 0.2754), saved to /s/chopin/e/proj/hyperspec/masfiq/models/tinyUnet_version_7_fusion_geohash_month_koppen_withAttentionLayer_SAR_version_6_California_North_10_2021_best.pth
[MEM] ep021 train-start: use=1.5G peak=1.9G limit=n/a anon=1.3G file=0.2G slab=0.0G
[MEM] ep021 batch 1: use=1.6G peak=1.9G limit=n/a anon=1.4G file=0.2G slab=0.0G
[MEM] ep021 batch 2: use=1.6G peak=1.9G limit=n/a anon=1.4G file=0.2G slab=0.0G
[MEM] ep021 batch 3: use=1.6G peak=1.9G limit=n/a anon=1.4G file=0.2G slab=0.0G
[MEM] ep021 batch 4: use=1.6G peak=1.9G limit=n/a anon=1.4G file=0.2G slab=0.0G
[MEM] ep021 batch 5: use=1.6G peak=1.9G limit=n/a anon=1.4G file=0.2G slab=0.0G
[MEM] ep021 batch 500: use=1.6G peak=1.9G limit=n/a anon=1.5G file=0.2G slab=0.0G
[MEM] ep021 batch 1000: use=1.7G peak=1.9G limit=n/a anon=1.5G file=0.2G slab=0.0G
[MEM] ep021 batch 1500: use=1.7G peak=1.9G limit=n/a anon=1.5G file=0.2G slab=0.0G
[MEM] ep021 batch 2000: use=1.8G peak=1.9G limit=n/a anon=1.6G file=0.2G slab=0.0G
[MEM] ep021 batch 2500: use=1.8G peak=1.9G limit=n/a anon=1.6G file=0.2G slab=0.0G
[MEM] ep021 batch 3000: use=1.8G peak=1.9G limit=n/a anon=1.6G file=0.2G slab=0.0G
[MEM] ep021 batch 3500: use=1.8G peak=1.9G limit=n/a anon=1.6G file=0.2G slab=0.0G
[MEM] ep021 batch 4000: use=1.8G peak=1.9G limit=n/a anon=1.6G file=0.2G slab=0.0G
[MEM] ep021 batch 4500: use=1.9G peak=1.9G limit=n/a anon=1.7G file=0.2G slab=0.0G
[MEM] ep021 batch 5000: use=1.9G peak=1.9G limit=n/a anon=1.7G file=0.2G slab=0.0G
[MEM] ep021 batch 5500: use=1.9G peak=1.9G limit=n/a anon=1.7G file=0.2G slab=0.0G
[MEM] ep021 val-start: use=1.5G peak=1.9G limit=n/a anon=1.3G file=0.2G slab=0.0G
[MEM] end epoch 021: use=1.5G peak=1.9G limit=n/a anon=1.3G file=0.2G slab=0.0G
Epoch 021 | Train Huber 0.2801 MAE 0.6143 | Val Huber 0.2757 MAE 0.6061 | LR 1.00e-04
[MEM] ep022 train-start: use=1.5G peak=1.9G limit=n/a anon=1.3G file=0.2G slab=0.0G
[MEM] ep022 batch 1: use=1.6G peak=1.9G limit=n/a anon=1.4G file=0.2G slab=0.0G
[MEM] ep022 batch 2: use=1.6G peak=1.9G limit=n/a anon=1.4G file=0.2G slab=0.0G
[MEM] ep022 batch 3: use=1.6G peak=1.9G limit=n/a anon=1.4G file=0.2G slab=0.0G
[MEM] ep022 batch 4: use=1.6G peak=1.9G limit=n/a anon=1.4G file=0.2G slab=0.0G
[MEM] ep022 batch 5: use=1.6G peak=1.9G limit=n/a anon=1.4G file=0.2G slab=0.0G
[MEM] ep022 batch 500: use=1.6G peak=1.9G limit=n/a anon=1.5G file=0.2G slab=0.0G
[MEM] ep022 batch 1000: use=1.7G peak=1.9G limit=n/a anon=1.5G file=0.2G slab=0.0G
[MEM] ep022 batch 1500: use=1.7G peak=1.9G limit=n/a anon=1.5G file=0.2G slab=0.0G
[MEM] ep022 batch 2000: use=1.8G peak=1.9G limit=n/a anon=1.6G file=0.2G slab=0.0G
[MEM] ep022 batch 2500: use=1.8G peak=1.9G limit=n/a anon=1.6G file=0.2G slab=0.0G
[MEM] ep022 batch 3000: use=1.8G peak=1.9G limit=n/a anon=1.6G file=0.2G slab=0.0G
[MEM] ep022 batch 3500: use=1.8G peak=1.9G limit=n/a anon=1.6G file=0.2G slab=0.0G
[MEM] ep022 batch 4000: use=1.8G peak=1.9G limit=n/a anon=1.6G file=0.2G slab=0.0G
[MEM] ep022 batch 4500: use=1.9G peak=1.9G limit=n/a anon=1.7G file=0.2G slab=0.0G
[MEM] ep022 batch 5000: use=1.9G peak=1.9G limit=n/a anon=1.7G file=0.2G slab=0.0G
[MEM] ep022 batch 5500: use=1.9G peak=1.9G limit=n/a anon=1.7G file=0.2G slab=0.0G
[MEM] ep022 val-start: use=1.5G peak=1.9G limit=n/a anon=1.3G file=0.2G slab=0.0G
[MEM] end epoch 022: use=1.5G peak=1.9G limit=n/a anon=1.3G file=0.2G slab=0.0G
Epoch 022 | Train Huber 0.2786 MAE 0.6122 | Val Huber 0.2786 MAE 0.6102 | LR 1.00e-04
[MEM] ep023 train-start: use=1.5G peak=1.9G limit=n/a anon=1.3G file=0.2G slab=0.0G
[MEM] ep023 batch 1: use=1.6G peak=1.9G limit=n/a anon=1.4G file=0.2G slab=0.0G
[MEM] ep023 batch 2: use=1.6G peak=1.9G limit=n/a anon=1.4G file=0.2G slab=0.0G
[MEM] ep023 batch 3: use=1.6G peak=1.9G limit=n/a anon=1.4G file=0.2G slab=0.0G
[MEM] ep023 batch 4: use=1.6G peak=1.9G limit=n/a anon=1.4G file=0.2G slab=0.0G
[MEM] ep023 batch 5: use=1.6G peak=1.9G limit=n/a anon=1.4G file=0.2G slab=0.0G
[MEM] ep023 batch 500: use=1.6G peak=1.9G limit=n/a anon=1.4G file=0.2G slab=0.0G
[MEM] ep023 batch 1000: use=1.7G peak=1.9G limit=n/a anon=1.5G file=0.2G slab=0.0G
[MEM] ep023 batch 1500: use=1.7G peak=1.9G limit=n/a anon=1.5G file=0.2G slab=0.0G
[MEM] ep023 batch 2000: use=1.8G peak=1.9G limit=n/a anon=1.6G file=0.2G slab=0.0G
[MEM] ep023 batch 2500: use=1.8G peak=1.9G limit=n/a anon=1.6G file=0.2G slab=0.0G
[MEM] ep023 batch 3000: use=1.8G peak=1.9G limit=n/a anon=1.6G file=0.2G slab=0.0G
[MEM] ep023 batch 3500: use=1.8G peak=1.9G limit=n/a anon=1.6G file=0.2G slab=0.0G
[MEM] ep023 batch 4000: use=1.8G peak=1.9G limit=n/a anon=1.6G file=0.2G slab=0.0G
[MEM] ep023 batch 4500: use=1.9G peak=1.9G limit=n/a anon=1.7G file=0.2G slab=0.0G
[MEM] ep023 batch 5000: use=1.9G peak=1.9G limit=n/a anon=1.7G file=0.2G slab=0.0G
[MEM] ep023 batch 5500: use=1.9G peak=1.9G limit=n/a anon=1.7G file=0.2G slab=0.0G
[MEM] ep023 val-start: use=1.5G peak=1.9G limit=n/a anon=1.3G file=0.2G slab=0.0G
[MEM] end epoch 023: use=1.5G peak=1.9G limit=n/a anon=1.3G file=0.2G slab=0.0G
Epoch 023 | Train Huber 0.2763 MAE 0.6091 | Val Huber 0.2749 MAE 0.6060 | LR 1.00e-04
  New best model (epoch 023, Val Huber 0.2749), saved to /s/chopin/e/proj/hyperspec/masfiq/models/tinyUnet_version_7_fusion_geohash_month_koppen_withAttentionLayer_SAR_version_6_California_North_10_2021_best.pth
[MEM] ep024 train-start: use=1.5G peak=1.9G limit=n/a anon=1.3G file=0.2G slab=0.0G
[MEM] ep024 batch 1: use=1.6G peak=1.9G limit=n/a anon=1.4G file=0.2G slab=0.0G
[MEM] ep024 batch 2: use=1.6G peak=1.9G limit=n/a anon=1.4G file=0.2G slab=0.0G
[MEM] ep024 batch 3: use=1.6G peak=1.9G limit=n/a anon=1.4G file=0.2G slab=0.0G
[MEM] ep024 batch 4: use=1.6G peak=1.9G limit=n/a anon=1.4G file=0.2G slab=0.0G
[MEM] ep024 batch 5: use=1.6G peak=1.9G limit=n/a anon=1.4G file=0.2G slab=0.0G
[MEM] ep024 batch 500: use=1.6G peak=1.9G limit=n/a anon=1.4G file=0.2G slab=0.0G
[MEM] ep024 batch 1000: use=1.7G peak=1.9G limit=n/a anon=1.5G file=0.2G slab=0.0G
[MEM] ep024 batch 1500: use=1.7G peak=1.9G limit=n/a anon=1.5G file=0.2G slab=0.0G
[MEM] ep024 batch 2000: use=1.8G peak=1.9G limit=n/a anon=1.6G file=0.2G slab=0.0G
[MEM] ep024 batch 2500: use=1.8G peak=1.9G limit=n/a anon=1.6G file=0.2G slab=0.0G
[MEM] ep024 batch 3000: use=1.8G peak=1.9G limit=n/a anon=1.6G file=0.2G slab=0.0G
[MEM] ep024 batch 3500: use=1.8G peak=1.9G limit=n/a anon=1.6G file=0.2G slab=0.0G
[MEM] ep024 batch 4000: use=1.8G peak=1.9G limit=n/a anon=1.6G file=0.2G slab=0.0G
[MEM] ep024 batch 4500: use=1.9G peak=1.9G limit=n/a anon=1.7G file=0.2G slab=0.0G
[MEM] ep024 batch 5000: use=1.9G peak=1.9G limit=n/a anon=1.7G file=0.2G slab=0.0G
[MEM] ep024 batch 5500: use=1.9G peak=1.9G limit=n/a anon=1.7G file=0.2G slab=0.0G
[MEM] ep024 val-start: use=1.5G peak=1.9G limit=n/a anon=1.3G file=0.2G slab=0.0G
[MEM] end epoch 024: use=1.5G peak=1.9G limit=n/a anon=1.3G file=0.2G slab=0.0G
Epoch 024 | Train Huber 0.2746 MAE 0.6071 | Val Huber 0.2785 MAE 0.6100 | LR 1.00e-04
[MEM] ep025 train-start: use=1.5G peak=1.9G limit=n/a anon=1.3G file=0.2G slab=0.0G
[MEM] ep025 batch 1: use=1.6G peak=1.9G limit=n/a anon=1.4G file=0.2G slab=0.0G
[MEM] ep025 batch 2: use=1.6G peak=1.9G limit=n/a anon=1.4G file=0.2G slab=0.0G
[MEM] ep025 batch 3: use=1.6G peak=1.9G limit=n/a anon=1.4G file=0.2G slab=0.0G
[MEM] ep025 batch 4: use=1.6G peak=1.9G limit=n/a anon=1.4G file=0.2G slab=0.0G
[MEM] ep025 batch 5: use=1.6G peak=1.9G limit=n/a anon=1.4G file=0.2G slab=0.0G
[MEM] ep025 batch 500: use=1.6G peak=1.9G limit=n/a anon=1.5G file=0.2G slab=0.0G
[MEM] ep025 batch 1000: use=1.7G peak=1.9G limit=n/a anon=1.5G file=0.2G slab=0.0G
[MEM] ep025 batch 1500: use=1.7G peak=1.9G limit=n/a anon=1.5G file=0.2G slab=0.0G
[MEM] ep025 batch 2000: use=1.8G peak=1.9G limit=n/a anon=1.6G file=0.2G slab=0.0G
[MEM] ep025 batch 2500: use=1.8G peak=1.9G limit=n/a anon=1.6G file=0.2G slab=0.0G
[MEM] ep025 batch 3000: use=1.8G peak=1.9G limit=n/a anon=1.6G file=0.2G slab=0.0G
[MEM] ep025 batch 3500: use=1.8G peak=1.9G limit=n/a anon=1.6G file=0.2G slab=0.0G
[MEM] ep025 batch 4000: use=1.8G peak=1.9G limit=n/a anon=1.6G file=0.2G slab=0.0G
[MEM] ep025 batch 4500: use=1.8G peak=1.9G limit=n/a anon=1.7G file=0.2G slab=0.0G
[MEM] ep025 batch 5000: use=1.9G peak=1.9G limit=n/a anon=1.7G file=0.2G slab=0.0G
[MEM] ep025 batch 5500: use=1.9G peak=1.9G limit=n/a anon=1.7G file=0.2G slab=0.0G
[MEM] ep025 val-start: use=1.5G peak=1.9G limit=n/a anon=1.3G file=0.2G slab=0.0G
[MEM] end epoch 025: use=1.5G peak=1.9G limit=n/a anon=1.3G file=0.2G slab=0.0G
Epoch 025 | Train Huber 0.2723 MAE 0.6035 | Val Huber 0.2740 MAE 0.6075 | LR 1.00e-04
  New best model (epoch 025, Val Huber 0.2740), saved to /s/chopin/e/proj/hyperspec/masfiq/models/tinyUnet_version_7_fusion_geohash_month_koppen_withAttentionLayer_SAR_version_6_California_North_10_2021_best.pth
[MEM] ep026 train-start: use=1.5G peak=1.9G limit=n/a anon=1.3G file=0.2G slab=0.0G
[MEM] ep026 batch 1: use=1.6G peak=1.9G limit=n/a anon=1.4G file=0.2G slab=0.0G
[MEM] ep026 batch 2: use=1.6G peak=1.9G limit=n/a anon=1.4G file=0.2G slab=0.0G
[MEM] ep026 batch 3: use=1.6G peak=1.9G limit=n/a anon=1.4G file=0.2G slab=0.0G
[MEM] ep026 batch 4: use=1.6G peak=1.9G limit=n/a anon=1.4G file=0.2G slab=0.0G
[MEM] ep026 batch 5: use=1.6G peak=1.9G limit=n/a anon=1.4G file=0.2G slab=0.0G
[MEM] ep026 batch 500: use=1.6G peak=1.9G limit=n/a anon=1.5G file=0.2G slab=0.0G
[MEM] ep026 batch 1000: use=1.7G peak=1.9G limit=n/a anon=1.5G file=0.2G slab=0.0G
[MEM] ep026 batch 1500: use=1.7G peak=1.9G limit=n/a anon=1.5G file=0.2G slab=0.0G
[MEM] ep026 batch 2000: use=1.8G peak=1.9G limit=n/a anon=1.6G file=0.2G slab=0.0G
[MEM] ep026 batch 2500: use=1.8G peak=1.9G limit=n/a anon=1.6G file=0.2G slab=0.0G
[MEM] ep026 batch 3000: use=1.8G peak=1.9G limit=n/a anon=1.6G file=0.2G slab=0.0G
[MEM] ep026 batch 3500: use=1.8G peak=1.9G limit=n/a anon=1.6G file=0.2G slab=0.0G
[MEM] ep026 batch 4000: use=1.8G peak=1.9G limit=n/a anon=1.6G file=0.2G slab=0.0G
[MEM] ep026 batch 4500: use=1.8G peak=1.9G limit=n/a anon=1.7G file=0.2G slab=0.0G
[MEM] ep026 batch 5000: use=1.9G peak=1.9G limit=n/a anon=1.7G file=0.2G slab=0.0G
[MEM] ep026 batch 5500: use=1.9G peak=1.9G limit=n/a anon=1.7G file=0.2G slab=0.0G
[MEM] ep026 val-start: use=1.5G peak=1.9G limit=n/a anon=1.3G file=0.2G slab=0.0G
[MEM] end epoch 026: use=1.5G peak=1.9G limit=n/a anon=1.3G file=0.2G slab=0.0G
Epoch 026 | Train Huber 0.2706 MAE 0.6014 | Val Huber 0.2722 MAE 0.6048 | LR 1.00e-04
  New best model (epoch 026, Val Huber 0.2722), saved to /s/chopin/e/proj/hyperspec/masfiq/models/tinyUnet_version_7_fusion_geohash_month_koppen_withAttentionLayer_SAR_version_6_California_North_10_2021_best.pth
[MEM] ep027 train-start: use=1.5G peak=1.9G limit=n/a anon=1.3G file=0.2G slab=0.0G
[MEM] ep027 batch 1: use=1.6G peak=1.9G limit=n/a anon=1.4G file=0.2G slab=0.0G
[MEM] ep027 batch 2: use=1.6G peak=1.9G limit=n/a anon=1.4G file=0.2G slab=0.0G
[MEM] ep027 batch 3: use=1.6G peak=1.9G limit=n/a anon=1.4G file=0.2G slab=0.0G
[MEM] ep027 batch 4: use=1.6G peak=1.9G limit=n/a anon=1.4G file=0.2G slab=0.0G
[MEM] ep027 batch 5: use=1.6G peak=1.9G limit=n/a anon=1.4G file=0.2G slab=0.0G
[MEM] ep027 batch 500: use=1.6G peak=1.9G limit=n/a anon=1.5G file=0.2G slab=0.0G
[MEM] ep027 batch 1000: use=1.7G peak=1.9G limit=n/a anon=1.5G file=0.2G slab=0.0G
[MEM] ep027 batch 1500: use=1.7G peak=1.9G limit=n/a anon=1.5G file=0.2G slab=0.0G
[MEM] ep027 batch 2000: use=1.8G peak=1.9G limit=n/a anon=1.6G file=0.2G slab=0.0G
[MEM] ep027 batch 2500: use=1.8G peak=1.9G limit=n/a anon=1.6G file=0.2G slab=0.0G
[MEM] ep027 batch 3000: use=1.8G peak=1.9G limit=n/a anon=1.6G file=0.2G slab=0.0G
[MEM] ep027 batch 3500: use=1.8G peak=1.9G limit=n/a anon=1.6G file=0.2G slab=0.0G
[MEM] ep027 batch 4000: use=1.8G peak=1.9G limit=n/a anon=1.6G file=0.2G slab=0.0G
[MEM] ep027 batch 4500: use=1.9G peak=1.9G limit=n/a anon=1.7G file=0.2G slab=0.0G
[MEM] ep027 batch 5000: use=1.9G peak=1.9G limit=n/a anon=1.7G file=0.2G slab=0.0G
[MEM] ep027 batch 5500: use=1.9G peak=1.9G limit=n/a anon=1.7G file=0.2G slab=0.0G
[MEM] ep027 val-start: use=1.5G peak=1.9G limit=n/a anon=1.3G file=0.2G slab=0.0G
[MEM] end epoch 027: use=1.5G peak=1.9G limit=n/a anon=1.3G file=0.2G slab=0.0G
Epoch 027 | Train Huber 0.2688 MAE 0.5991 | Val Huber 0.2698 MAE 0.5997 | LR 1.00e-04
  New best model (epoch 027, Val Huber 0.2698), saved to /s/chopin/e/proj/hyperspec/masfiq/models/tinyUnet_version_7_fusion_geohash_month_koppen_withAttentionLayer_SAR_version_6_California_North_10_2021_best.pth
[MEM] ep028 train-start: use=1.5G peak=1.9G limit=n/a anon=1.3G file=0.2G slab=0.0G
[MEM] ep028 batch 1: use=1.6G peak=1.9G limit=n/a anon=1.4G file=0.2G slab=0.0G
[MEM] ep028 batch 2: use=1.6G peak=1.9G limit=n/a anon=1.4G file=0.2G slab=0.0G
[MEM] ep028 batch 3: use=1.6G peak=1.9G limit=n/a anon=1.4G file=0.2G slab=0.0G
[MEM] ep028 batch 4: use=1.6G peak=1.9G limit=n/a anon=1.4G file=0.2G slab=0.0G
[MEM] ep028 batch 5: use=1.6G peak=1.9G limit=n/a anon=1.4G file=0.2G slab=0.0G
[MEM] ep028 batch 500: use=1.6G peak=1.9G limit=n/a anon=1.5G file=0.2G slab=0.0G
[MEM] ep028 batch 1000: use=1.7G peak=1.9G limit=n/a anon=1.5G file=0.2G slab=0.0G
[MEM] ep028 batch 1500: use=1.7G peak=1.9G limit=n/a anon=1.5G file=0.2G slab=0.0G
[MEM] ep028 batch 2000: use=1.8G peak=1.9G limit=n/a anon=1.6G file=0.2G slab=0.0G
[MEM] ep028 batch 2500: use=1.8G peak=1.9G limit=n/a anon=1.6G file=0.2G slab=0.0G
[MEM] ep028 batch 3000: use=1.8G peak=1.9G limit=n/a anon=1.6G file=0.2G slab=0.0G
[MEM] ep028 batch 3500: use=1.8G peak=1.9G limit=n/a anon=1.6G file=0.2G slab=0.0G
[MEM] ep028 batch 4000: use=1.8G peak=1.9G limit=n/a anon=1.6G file=0.2G slab=0.0G
[MEM] ep028 batch 4500: use=1.9G peak=1.9G limit=n/a anon=1.7G file=0.2G slab=0.0G
[MEM] ep028 batch 5000: use=1.9G peak=1.9G limit=n/a anon=1.7G file=0.2G slab=0.0G
[MEM] ep028 batch 5500: use=1.9G peak=1.9G limit=n/a anon=1.7G file=0.2G slab=0.0G
[MEM] ep028 val-start: use=1.5G peak=1.9G limit=n/a anon=1.3G file=0.2G slab=0.0G
[MEM] end epoch 028: use=1.5G peak=1.9G limit=n/a anon=1.3G file=0.2G slab=0.0G
Epoch 028 | Train Huber 0.2665 MAE 0.5956 | Val Huber 0.2759 MAE 0.6066 | LR 1.00e-04
[MEM] ep029 train-start: use=1.5G peak=1.9G limit=n/a anon=1.3G file=0.2G slab=0.0G
[MEM] ep029 batch 1: use=1.6G peak=1.9G limit=n/a anon=1.4G file=0.2G slab=0.0G
[MEM] ep029 batch 2: use=1.6G peak=1.9G limit=n/a anon=1.4G file=0.2G slab=0.0G
[MEM] ep029 batch 3: use=1.6G peak=1.9G limit=n/a anon=1.4G file=0.2G slab=0.0G
[MEM] ep029 batch 4: use=1.6G peak=1.9G limit=n/a anon=1.4G file=0.2G slab=0.0G
[MEM] ep029 batch 5: use=1.6G peak=1.9G limit=n/a anon=1.4G file=0.2G slab=0.0G
[MEM] ep029 batch 500: use=1.6G peak=1.9G limit=n/a anon=1.5G file=0.2G slab=0.0G
[MEM] ep029 batch 1000: use=1.7G peak=1.9G limit=n/a anon=1.5G file=0.2G slab=0.0G
[MEM] ep029 batch 1500: use=1.7G peak=1.9G limit=n/a anon=1.5G file=0.2G slab=0.0G
[MEM] ep029 batch 2000: use=1.8G peak=1.9G limit=n/a anon=1.6G file=0.2G slab=0.0G
[MEM] ep029 batch 2500: use=1.8G peak=1.9G limit=n/a anon=1.6G file=0.2G slab=0.0G
[MEM] ep029 batch 3000: use=1.8G peak=1.9G limit=n/a anon=1.6G file=0.2G slab=0.0G
[MEM] ep029 batch 3500: use=1.8G peak=1.9G limit=n/a anon=1.6G file=0.2G slab=0.0G
[MEM] ep029 batch 4000: use=1.8G peak=1.9G limit=n/a anon=1.6G file=0.2G slab=0.0G
[MEM] ep029 batch 4500: use=1.9G peak=1.9G limit=n/a anon=1.7G file=0.2G slab=0.0G
[MEM] ep029 batch 5000: use=1.9G peak=1.9G limit=n/a anon=1.7G file=0.2G slab=0.0G
[MEM] ep029 batch 5500: use=1.9G peak=1.9G limit=n/a anon=1.7G file=0.2G slab=0.0G
[MEM] ep029 val-start: use=1.5G peak=1.9G limit=n/a anon=1.3G file=0.2G slab=0.0G
[MEM] end epoch 029: use=1.5G peak=1.9G limit=n/a anon=1.3G file=0.2G slab=0.0G
Epoch 029 | Train Huber 0.2651 MAE 0.5939 | Val Huber 0.2738 MAE 0.6057 | LR 1.00e-04
[MEM] ep030 train-start: use=1.5G peak=1.9G limit=n/a anon=1.3G file=0.2G slab=0.0G
[MEM] ep030 batch 1: use=1.6G peak=1.9G limit=n/a anon=1.4G file=0.2G slab=0.0G
[MEM] ep030 batch 2: use=1.6G peak=1.9G limit=n/a anon=1.4G file=0.2G slab=0.0G
[MEM] ep030 batch 3: use=1.6G peak=1.9G limit=n/a anon=1.4G file=0.2G slab=0.0G
[MEM] ep030 batch 4: use=1.6G peak=1.9G limit=n/a anon=1.4G file=0.2G slab=0.0G
[MEM] ep030 batch 5: use=1.6G peak=1.9G limit=n/a anon=1.4G file=0.2G slab=0.0G
[MEM] ep030 batch 500: use=1.6G peak=1.9G limit=n/a anon=1.5G file=0.2G slab=0.0G
[MEM] ep030 batch 1000: use=1.7G peak=1.9G limit=n/a anon=1.5G file=0.2G slab=0.0G
[MEM] ep030 batch 1500: use=1.7G peak=1.9G limit=n/a anon=1.5G file=0.2G slab=0.0G
[MEM] ep030 batch 2000: use=1.8G peak=1.9G limit=n/a anon=1.6G file=0.2G slab=0.0G
[MEM] ep030 batch 2500: use=1.8G peak=1.9G limit=n/a anon=1.6G file=0.2G slab=0.0G
[MEM] ep030 batch 3000: use=1.8G peak=1.9G limit=n/a anon=1.6G file=0.2G slab=0.0G
[MEM] ep030 batch 3500: use=1.8G peak=1.9G limit=n/a anon=1.6G file=0.2G slab=0.0G
[MEM] ep030 batch 4000: use=1.8G peak=1.9G limit=n/a anon=1.6G file=0.2G slab=0.0G
[MEM] ep030 batch 4500: use=1.9G peak=1.9G limit=n/a anon=1.7G file=0.2G slab=0.0G
[MEM] ep030 batch 5000: use=1.9G peak=1.9G limit=n/a anon=1.7G file=0.2G slab=0.0G
[MEM] ep030 batch 5500: use=1.9G peak=1.9G limit=n/a anon=1.7G file=0.2G slab=0.0G
[MEM] ep030 val-start: use=1.5G peak=1.9G limit=n/a anon=1.3G file=0.2G slab=0.0G
[MEM] end epoch 030: use=1.5G peak=1.9G limit=n/a anon=1.3G file=0.2G slab=0.0G
Epoch 030 | Train Huber 0.2633 MAE 0.5916 | Val Huber 0.2723 MAE 0.6013 | LR 1.00e-04
[MEM] ep031 train-start: use=1.5G peak=1.9G limit=n/a anon=1.3G file=0.2G slab=0.0G
[MEM] ep031 batch 1: use=1.6G peak=1.9G limit=n/a anon=1.4G file=0.2G slab=0.0G
[MEM] ep031 batch 2: use=1.6G peak=1.9G limit=n/a anon=1.4G file=0.2G slab=0.0G
[MEM] ep031 batch 3: use=1.6G peak=1.9G limit=n/a anon=1.4G file=0.2G slab=0.0G
[MEM] ep031 batch 4: use=1.6G peak=1.9G limit=n/a anon=1.4G file=0.2G slab=0.0G
[MEM] ep031 batch 5: use=1.6G peak=1.9G limit=n/a anon=1.4G file=0.2G slab=0.0G
[MEM] ep031 batch 500: use=1.6G peak=1.9G limit=n/a anon=1.5G file=0.2G slab=0.0G
[MEM] ep031 batch 1000: use=1.7G peak=1.9G limit=n/a anon=1.5G file=0.2G slab=0.0G
[MEM] ep031 batch 1500: use=1.7G peak=1.9G limit=n/a anon=1.5G file=0.2G slab=0.0G
[MEM] ep031 batch 2000: use=1.8G peak=1.9G limit=n/a anon=1.6G file=0.2G slab=0.0G
[MEM] ep031 batch 2500: use=1.8G peak=1.9G limit=n/a anon=1.6G file=0.2G slab=0.0G
[MEM] ep031 batch 3000: use=1.8G peak=1.9G limit=n/a anon=1.6G file=0.2G slab=0.0G
[MEM] ep031 batch 3500: use=1.8G peak=1.9G limit=n/a anon=1.6G file=0.2G slab=0.0G
[MEM] ep031 batch 4000: use=1.8G peak=1.9G limit=n/a anon=1.6G file=0.2G slab=0.0G
[MEM] ep031 batch 4500: use=1.9G peak=1.9G limit=n/a anon=1.7G file=0.2G slab=0.0G
[MEM] ep031 batch 5000: use=1.9G peak=1.9G limit=n/a anon=1.7G file=0.2G slab=0.0G
[MEM] ep031 batch 5500: use=1.9G peak=1.9G limit=n/a anon=1.7G file=0.2G slab=0.0G
[MEM] ep031 val-start: use=1.5G peak=1.9G limit=n/a anon=1.3G file=0.2G slab=0.0G
[MEM] end epoch 031: use=1.5G peak=1.9G limit=n/a anon=1.3G file=0.2G slab=0.0G
Epoch 031 | Train Huber 0.2614 MAE 0.5887 | Val Huber 0.2716 MAE 0.6033 | LR 1.00e-04
[MEM] ep032 train-start: use=1.5G peak=1.9G limit=n/a anon=1.3G file=0.2G slab=0.0G
[MEM] ep032 batch 1: use=1.6G peak=1.9G limit=n/a anon=1.4G file=0.2G slab=0.0G
[MEM] ep032 batch 2: use=1.6G peak=1.9G limit=n/a anon=1.4G file=0.2G slab=0.0G
[MEM] ep032 batch 3: use=1.6G peak=1.9G limit=n/a anon=1.4G file=0.2G slab=0.0G
[MEM] ep032 batch 4: use=1.6G peak=1.9G limit=n/a anon=1.4G file=0.2G slab=0.0G
[MEM] ep032 batch 5: use=1.6G peak=1.9G limit=n/a anon=1.4G file=0.2G slab=0.0G
[MEM] ep032 batch 500: use=1.6G peak=1.9G limit=n/a anon=1.5G file=0.2G slab=0.0G
[MEM] ep032 batch 1000: use=1.7G peak=1.9G limit=n/a anon=1.5G file=0.2G slab=0.0G
[MEM] ep032 batch 1500: use=1.7G peak=1.9G limit=n/a anon=1.5G file=0.2G slab=0.0G
[MEM] ep032 batch 2000: use=1.8G peak=1.9G limit=n/a anon=1.6G file=0.2G slab=0.0G
[MEM] ep032 batch 2500: use=1.8G peak=1.9G limit=n/a anon=1.6G file=0.2G slab=0.0G
[MEM] ep032 batch 3000: use=1.8G peak=1.9G limit=n/a anon=1.6G file=0.2G slab=0.0G
[MEM] ep032 batch 3500: use=1.8G peak=1.9G limit=n/a anon=1.6G file=0.2G slab=0.0G
[MEM] ep032 batch 4000: use=1.8G peak=1.9G limit=n/a anon=1.6G file=0.2G slab=0.0G
[MEM] ep032 batch 4500: use=1.9G peak=1.9G limit=n/a anon=1.7G file=0.2G slab=0.0G
[MEM] ep032 batch 5000: use=1.9G peak=1.9G limit=n/a anon=1.7G file=0.2G slab=0.0G
[MEM] ep032 batch 5500: use=1.9G peak=1.9G limit=n/a anon=1.7G file=0.2G slab=0.0G
[MEM] ep032 val-start: use=1.5G peak=1.9G limit=n/a anon=1.3G file=0.2G slab=0.0G
[MEM] end epoch 032: use=1.5G peak=1.9G limit=n/a anon=1.3G file=0.2G slab=0.0G
Epoch 032 | Train Huber 0.2586 MAE 0.5849 | Val Huber 0.2776 MAE 0.6142 | LR 1.00e-04
[MEM] ep033 train-start: use=1.5G peak=1.9G limit=n/a anon=1.3G file=0.2G slab=0.0G
[MEM] ep033 batch 1: use=1.6G peak=1.9G limit=n/a anon=1.4G file=0.2G slab=0.0G
[MEM] ep033 batch 2: use=1.6G peak=1.9G limit=n/a anon=1.4G file=0.2G slab=0.0G
[MEM] ep033 batch 3: use=1.6G peak=1.9G limit=n/a anon=1.4G file=0.2G slab=0.0G
[MEM] ep033 batch 4: use=1.6G peak=1.9G limit=n/a anon=1.4G file=0.2G slab=0.0G
[MEM] ep033 batch 5: use=1.6G peak=1.9G limit=n/a anon=1.4G file=0.2G slab=0.0G
[MEM] ep033 batch 500: use=1.6G peak=1.9G limit=n/a anon=1.5G file=0.2G slab=0.0G
[MEM] ep033 batch 1000: use=1.7G peak=1.9G limit=n/a anon=1.5G file=0.2G slab=0.0G
[MEM] ep033 batch 1500: use=1.7G peak=1.9G limit=n/a anon=1.5G file=0.2G slab=0.0G
[MEM] ep033 batch 2000: use=1.8G peak=1.9G limit=n/a anon=1.6G file=0.2G slab=0.0G
[MEM] ep033 batch 2500: use=1.8G peak=1.9G limit=n/a anon=1.6G file=0.2G slab=0.0G
[MEM] ep033 batch 3000: use=1.8G peak=1.9G limit=n/a anon=1.6G file=0.2G slab=0.0G
[MEM] ep033 batch 3500: use=1.8G peak=1.9G limit=n/a anon=1.6G file=0.2G slab=0.0G
[MEM] ep033 batch 4000: use=1.8G peak=1.9G limit=n/a anon=1.6G file=0.2G slab=0.0G
[MEM] ep033 batch 4500: use=1.8G peak=1.9G limit=n/a anon=1.7G file=0.2G slab=0.0G
[MEM] ep033 batch 5000: use=1.9G peak=1.9G limit=n/a anon=1.7G file=0.2G slab=0.0G
[MEM] ep033 batch 5500: use=1.9G peak=1.9G limit=n/a anon=1.7G file=0.2G slab=0.0G
[MEM] ep033 val-start: use=1.5G peak=1.9G limit=n/a anon=1.3G file=0.2G slab=0.0G
[MEM] end epoch 033: use=1.5G peak=1.9G limit=n/a anon=1.3G file=0.2G slab=0.0G
Epoch 033 | Train Huber 0.2573 MAE 0.5832 | Val Huber 0.2712 MAE 0.5996 | LR 5.00e-05
[MEM] ep034 train-start: use=1.5G peak=1.9G limit=n/a anon=1.3G file=0.2G slab=0.0G
[MEM] ep034 batch 1: use=1.6G peak=1.9G limit=n/a anon=1.4G file=0.2G slab=0.0G
[MEM] ep034 batch 2: use=1.6G peak=1.9G limit=n/a anon=1.4G file=0.2G slab=0.0G
[MEM] ep034 batch 3: use=1.6G peak=1.9G limit=n/a anon=1.4G file=0.2G slab=0.0G
[MEM] ep034 batch 4: use=1.6G peak=1.9G limit=n/a anon=1.4G file=0.2G slab=0.0G
[MEM] ep034 batch 5: use=1.6G peak=1.9G limit=n/a anon=1.4G file=0.2G slab=0.0G
[MEM] ep034 batch 500: use=1.6G peak=1.9G limit=n/a anon=1.5G file=0.2G slab=0.0G
[MEM] ep034 batch 1000: use=1.7G peak=1.9G limit=n/a anon=1.5G file=0.2G slab=0.0G
[MEM] ep034 batch 1500: use=1.7G peak=1.9G limit=n/a anon=1.5G file=0.2G slab=0.0G
[MEM] ep034 batch 2000: use=1.8G peak=1.9G limit=n/a anon=1.6G file=0.2G slab=0.0G
[MEM] ep034 batch 2500: use=1.8G peak=1.9G limit=n/a anon=1.6G file=0.2G slab=0.0G
[MEM] ep034 batch 3000: use=1.8G peak=1.9G limit=n/a anon=1.6G file=0.2G slab=0.0G
[MEM] ep034 batch 3500: use=1.8G peak=1.9G limit=n/a anon=1.6G file=0.2G slab=0.0G
[MEM] ep034 batch 4000: use=1.8G peak=1.9G limit=n/a anon=1.6G file=0.2G slab=0.0G
[MEM] ep034 batch 4500: use=1.9G peak=1.9G limit=n/a anon=1.7G file=0.2G slab=0.0G
[MEM] ep034 batch 5000: use=1.9G peak=1.9G limit=n/a anon=1.7G file=0.2G slab=0.0G
[MEM] ep034 batch 5500: use=1.9G peak=1.9G limit=n/a anon=1.7G file=0.2G slab=0.0G
[MEM] ep034 val-start: use=1.5G peak=1.9G limit=n/a anon=1.3G file=0.2G slab=0.0G
[MEM] end epoch 034: use=1.5G peak=1.9G limit=n/a anon=1.3G file=0.2G slab=0.0G
Epoch 034 | Train Huber 0.2472 MAE 0.5691 | Val Huber 0.2710 MAE 0.5995 | LR 5.00e-05
[MEM] ep035 train-start: use=1.5G peak=1.9G limit=n/a anon=1.3G file=0.2G slab=0.0G
[MEM] ep035 batch 1: use=1.6G peak=1.9G limit=n/a anon=1.4G file=0.2G slab=0.0G
[MEM] ep035 batch 2: use=1.6G peak=1.9G limit=n/a anon=1.4G file=0.2G slab=0.0G
[MEM] ep035 batch 3: use=1.6G peak=1.9G limit=n/a anon=1.4G file=0.2G slab=0.0G
[MEM] ep035 batch 4: use=1.6G peak=1.9G limit=n/a anon=1.4G file=0.2G slab=0.0G
[MEM] ep035 batch 5: use=1.6G peak=1.9G limit=n/a anon=1.4G file=0.2G slab=0.0G
[MEM] ep035 batch 500: use=1.6G peak=1.9G limit=n/a anon=1.5G file=0.2G slab=0.0G
[MEM] ep035 batch 1000: use=1.7G peak=1.9G limit=n/a anon=1.5G file=0.2G slab=0.0G
[MEM] ep035 batch 1500: use=1.7G peak=1.9G limit=n/a anon=1.5G file=0.2G slab=0.0G
[MEM] ep035 batch 2000: use=1.8G peak=1.9G limit=n/a anon=1.6G file=0.2G slab=0.0G
[MEM] ep035 batch 2500: use=1.8G peak=1.9G limit=n/a anon=1.6G file=0.2G slab=0.0G
[MEM] ep035 batch 3000: use=1.8G peak=1.9G limit=n/a anon=1.6G file=0.2G slab=0.0G
[MEM] ep035 batch 3500: use=1.8G peak=1.9G limit=n/a anon=1.6G file=0.2G slab=0.0G
[MEM] ep035 batch 4000: use=1.8G peak=1.9G limit=n/a anon=1.6G file=0.2G slab=0.0G
[MEM] ep035 batch 4500: use=1.9G peak=1.9G limit=n/a anon=1.7G file=0.2G slab=0.0G
[MEM] ep035 batch 5000: use=1.9G peak=1.9G limit=n/a anon=1.7G file=0.2G slab=0.0G
[MEM] ep035 batch 5500: use=1.9G peak=1.9G limit=n/a anon=1.7G file=0.2G slab=0.0G
[MEM] ep035 val-start: use=1.5G peak=1.9G limit=n/a anon=1.3G file=0.2G slab=0.0G
[MEM] end epoch 035: use=1.5G peak=1.9G limit=n/a anon=1.3G file=0.2G slab=0.0G
Epoch 035 | Train Huber 0.2440 MAE 0.5643 | Val Huber 0.2702 MAE 0.5991 | LR 5.00e-05
[MEM] ep036 train-start: use=1.5G peak=1.9G limit=n/a anon=1.3G file=0.2G slab=0.0G
[MEM] ep036 batch 1: use=1.6G peak=1.9G limit=n/a anon=1.4G file=0.2G slab=0.0G
[MEM] ep036 batch 2: use=1.6G peak=1.9G limit=n/a anon=1.4G file=0.2G slab=0.0G
[MEM] ep036 batch 3: use=1.6G peak=1.9G limit=n/a anon=1.4G file=0.2G slab=0.0G
[MEM] ep036 batch 4: use=1.6G peak=1.9G limit=n/a anon=1.4G file=0.2G slab=0.0G
[MEM] ep036 batch 5: use=1.6G peak=1.9G limit=n/a anon=1.4G file=0.2G slab=0.0G
[MEM] ep036 batch 500: use=1.6G peak=1.9G limit=n/a anon=1.4G file=0.2G slab=0.0G
[MEM] ep036 batch 1000: use=1.7G peak=1.9G limit=n/a anon=1.5G file=0.2G slab=0.0G
[MEM] ep036 batch 1500: use=1.7G peak=1.9G limit=n/a anon=1.5G file=0.2G slab=0.0G
[MEM] ep036 batch 2000: use=1.8G peak=1.9G limit=n/a anon=1.6G file=0.2G slab=0.0G
[MEM] ep036 batch 2500: use=1.8G peak=1.9G limit=n/a anon=1.6G file=0.2G slab=0.0G
[MEM] ep036 batch 3000: use=1.8G peak=1.9G limit=n/a anon=1.6G file=0.2G slab=0.0G
[MEM] ep036 batch 3500: use=1.8G peak=1.9G limit=n/a anon=1.6G file=0.2G slab=0.0G
[MEM] ep036 batch 4000: use=1.8G peak=1.9G limit=n/a anon=1.6G file=0.2G slab=0.0G
[MEM] ep036 batch 4500: use=1.9G peak=1.9G limit=n/a anon=1.7G file=0.2G slab=0.0G
[MEM] ep036 batch 5000: use=1.9G peak=1.9G limit=n/a anon=1.7G file=0.2G slab=0.0G
[MEM] ep036 batch 5500: use=1.9G peak=1.9G limit=n/a anon=1.7G file=0.2G slab=0.0G
[MEM] ep036 val-start: use=1.5G peak=1.9G limit=n/a anon=1.3G file=0.2G slab=0.0G
[MEM] end epoch 036: use=1.5G peak=1.9G limit=n/a anon=1.3G file=0.2G slab=0.0G
Epoch 036 | Train Huber 0.2424 MAE 0.5620 | Val Huber 0.2724 MAE 0.5983 | LR 5.00e-05
[MEM] ep037 train-start: use=1.5G peak=1.9G limit=n/a anon=1.3G file=0.2G slab=0.0G
[MEM] ep037 batch 1: use=1.6G peak=1.9G limit=n/a anon=1.4G file=0.2G slab=0.0G
[MEM] ep037 batch 2: use=1.6G peak=1.9G limit=n/a anon=1.4G file=0.2G slab=0.0G
[MEM] ep037 batch 3: use=1.6G peak=1.9G limit=n/a anon=1.4G file=0.2G slab=0.0G
[MEM] ep037 batch 4: use=1.6G peak=1.9G limit=n/a anon=1.4G file=0.2G slab=0.0G
[MEM] ep037 batch 5: use=1.6G peak=1.9G limit=n/a anon=1.4G file=0.2G slab=0.0G
[MEM] ep037 batch 500: use=1.6G peak=1.9G limit=n/a anon=1.5G file=0.2G slab=0.0G
[MEM] ep037 batch 1000: use=1.7G peak=1.9G limit=n/a anon=1.5G file=0.2G slab=0.0G
[MEM] ep037 batch 1500: use=1.7G peak=1.9G limit=n/a anon=1.5G file=0.2G slab=0.0G
[MEM] ep037 batch 2000: use=1.8G peak=1.9G limit=n/a anon=1.6G file=0.2G slab=0.0G
[MEM] ep037 batch 2500: use=1.8G peak=1.9G limit=n/a anon=1.6G file=0.2G slab=0.0G
[MEM] ep037 batch 3000: use=1.8G peak=1.9G limit=n/a anon=1.6G file=0.2G slab=0.0G
[MEM] ep037 batch 3500: use=1.8G peak=1.9G limit=n/a anon=1.6G file=0.2G slab=0.0G
[MEM] ep037 batch 4000: use=1.8G peak=1.9G limit=n/a anon=1.6G file=0.2G slab=0.0G
[MEM] ep037 batch 4500: use=1.9G peak=1.9G limit=n/a anon=1.7G file=0.2G slab=0.0G
[MEM] ep037 batch 5000: use=1.9G peak=1.9G limit=n/a anon=1.7G file=0.2G slab=0.0G
[MEM] ep037 batch 5500: use=1.9G peak=1.9G limit=n/a anon=1.7G file=0.2G slab=0.0G
[MEM] ep037 val-start: use=1.5G peak=1.9G limit=n/a anon=1.3G file=0.2G slab=0.0G
[MEM] end epoch 037: use=1.5G peak=1.9G limit=n/a anon=1.3G file=0.2G slab=0.0G
Epoch 037 | Train Huber 0.2402 MAE 0.5595 | Val Huber 0.2783 MAE 0.6065 | LR 5.00e-05
[MEM] ep038 train-start: use=1.5G peak=1.9G limit=n/a anon=1.3G file=0.2G slab=0.0G
[MEM] ep038 batch 1: use=1.6G peak=1.9G limit=n/a anon=1.4G file=0.2G slab=0.0G
[MEM] ep038 batch 2: use=1.6G peak=1.9G limit=n/a anon=1.4G file=0.2G slab=0.0G
[MEM] ep038 batch 3: use=1.6G peak=1.9G limit=n/a anon=1.4G file=0.2G slab=0.0G
[MEM] ep038 batch 4: use=1.6G peak=1.9G limit=n/a anon=1.4G file=0.2G slab=0.0G
[MEM] ep038 batch 5: use=1.6G peak=1.9G limit=n/a anon=1.4G file=0.2G slab=0.0G
[MEM] ep038 batch 500: use=1.6G peak=1.9G limit=n/a anon=1.5G file=0.2G slab=0.0G
[MEM] ep038 batch 1000: use=1.7G peak=1.9G limit=n/a anon=1.5G file=0.2G slab=0.0G
[MEM] ep038 batch 1500: use=1.7G peak=1.9G limit=n/a anon=1.5G file=0.2G slab=0.0G
[MEM] ep038 batch 2000: use=1.8G peak=1.9G limit=n/a anon=1.6G file=0.2G slab=0.0G
[MEM] ep038 batch 2500: use=1.8G peak=1.9G limit=n/a anon=1.6G file=0.2G slab=0.0G
[MEM] ep038 batch 3000: use=1.8G peak=1.9G limit=n/a anon=1.6G file=0.2G slab=0.0G
[MEM] ep038 batch 3500: use=1.8G peak=1.9G limit=n/a anon=1.6G file=0.2G slab=0.0G
[MEM] ep038 batch 4000: use=1.8G peak=1.9G limit=n/a anon=1.6G file=0.2G slab=0.0G
[MEM] ep038 batch 4500: use=1.8G peak=1.9G limit=n/a anon=1.7G file=0.2G slab=0.0G
[MEM] ep038 batch 5000: use=1.9G peak=1.9G limit=n/a anon=1.7G file=0.2G slab=0.0G
[MEM] ep038 batch 5500: use=1.9G peak=1.9G limit=n/a anon=1.7G file=0.2G slab=0.0G
[MEM] ep038 val-start: use=1.5G peak=1.9G limit=n/a anon=1.3G file=0.2G slab=0.0G
[MEM] end epoch 038: use=1.5G peak=1.9G limit=n/a anon=1.3G file=0.2G slab=0.0G
Epoch 038 | Train Huber 0.2376 MAE 0.5553 | Val Huber 0.2732 MAE 0.5998 | LR 5.00e-05
[MEM] ep039 train-start: use=1.5G peak=1.9G limit=n/a anon=1.3G file=0.2G slab=0.0G
[MEM] ep039 batch 1: use=1.6G peak=1.9G limit=n/a anon=1.4G file=0.2G slab=0.0G
[MEM] ep039 batch 2: use=1.6G peak=1.9G limit=n/a anon=1.4G file=0.2G slab=0.0G
[MEM] ep039 batch 3: use=1.6G peak=1.9G limit=n/a anon=1.4G file=0.2G slab=0.0G
[MEM] ep039 batch 4: use=1.6G peak=1.9G limit=n/a anon=1.4G file=0.2G slab=0.0G
[MEM] ep039 batch 5: use=1.6G peak=1.9G limit=n/a anon=1.4G file=0.2G slab=0.0G
[MEM] ep039 batch 500: use=1.6G peak=1.9G limit=n/a anon=1.5G file=0.2G slab=0.0G
[MEM] ep039 batch 1000: use=1.7G peak=1.9G limit=n/a anon=1.5G file=0.2G slab=0.0G
[MEM] ep039 batch 1500: use=1.7G peak=1.9G limit=n/a anon=1.5G file=0.2G slab=0.0G
[MEM] ep039 batch 2000: use=1.8G peak=1.9G limit=n/a anon=1.6G file=0.2G slab=0.0G
[MEM] ep039 batch 2500: use=1.8G peak=1.9G limit=n/a anon=1.6G file=0.2G slab=0.0G
[MEM] ep039 batch 3000: use=1.8G peak=1.9G limit=n/a anon=1.6G file=0.2G slab=0.0G
[MEM] ep039 batch 3500: use=1.8G peak=1.9G limit=n/a anon=1.6G file=0.2G slab=0.0G
[MEM] ep039 batch 4000: use=1.8G peak=1.9G limit=n/a anon=1.6G file=0.2G slab=0.0G
[MEM] ep039 batch 4500: use=1.9G peak=1.9G limit=n/a anon=1.7G file=0.2G slab=0.0G
[MEM] ep039 batch 5000: use=1.9G peak=1.9G limit=n/a anon=1.7G file=0.2G slab=0.0G
[MEM] ep039 batch 5500: use=1.9G peak=1.9G limit=n/a anon=1.7G file=0.2G slab=0.0G
[MEM] ep039 val-start: use=1.5G peak=1.9G limit=n/a anon=1.3G file=0.2G slab=0.0G
[MEM] end epoch 039: use=1.5G peak=1.9G limit=n/a anon=1.3G file=0.2G slab=0.0G
Epoch 039 | Train Huber 0.2361 MAE 0.5530 | Val Huber 0.2776 MAE 0.6069 | LR 2.50e-05
[MEM] ep040 train-start: use=1.5G peak=1.9G limit=n/a anon=1.3G file=0.2G slab=0.0G
[MEM] ep040 batch 1: use=1.6G peak=1.9G limit=n/a anon=1.4G file=0.2G slab=0.0G
[MEM] ep040 batch 2: use=1.6G peak=1.9G limit=n/a anon=1.4G file=0.2G slab=0.0G
[MEM] ep040 batch 3: use=1.6G peak=1.9G limit=n/a anon=1.4G file=0.2G slab=0.0G
[MEM] ep040 batch 4: use=1.6G peak=1.9G limit=n/a anon=1.4G file=0.2G slab=0.0G
[MEM] ep040 batch 5: use=1.6G peak=1.9G limit=n/a anon=1.4G file=0.2G slab=0.0G
[MEM] ep040 batch 500: use=1.6G peak=1.9G limit=n/a anon=1.5G file=0.2G slab=0.0G
[MEM] ep040 batch 1000: use=1.7G peak=1.9G limit=n/a anon=1.5G file=0.2G slab=0.0G
[MEM] ep040 batch 1500: use=1.7G peak=1.9G limit=n/a anon=1.5G file=0.2G slab=0.0G
[MEM] ep040 batch 2000: use=1.8G peak=1.9G limit=n/a anon=1.6G file=0.2G slab=0.0G
[MEM] ep040 batch 2500: use=1.8G peak=1.9G limit=n/a anon=1.6G file=0.2G slab=0.0G
[MEM] ep040 batch 3000: use=1.8G peak=1.9G limit=n/a anon=1.6G file=0.2G slab=0.0G
[MEM] ep040 batch 3500: use=1.8G peak=1.9G limit=n/a anon=1.6G file=0.2G slab=0.0G
[MEM] ep040 batch 4000: use=1.8G peak=1.9G limit=n/a anon=1.6G file=0.2G slab=0.0G
[MEM] ep040 batch 4500: use=1.9G peak=1.9G limit=n/a anon=1.7G file=0.2G slab=0.0G
[MEM] ep040 batch 5000: use=1.9G peak=1.9G limit=n/a anon=1.7G file=0.2G slab=0.0G
[MEM] ep040 batch 5500: use=1.9G peak=1.9G limit=n/a anon=1.7G file=0.2G slab=0.0G
[MEM] ep040 val-start: use=1.5G peak=1.9G limit=n/a anon=1.3G file=0.2G slab=0.0G
[MEM] end epoch 040: use=1.5G peak=1.9G limit=n/a anon=1.3G file=0.2G slab=0.0G
Epoch 040 | Train Huber 0.2284 MAE 0.5421 | Val Huber 0.2742 MAE 0.6026 | LR 2.50e-05
[MEM] ep041 train-start: use=1.5G peak=1.9G limit=n/a anon=1.3G file=0.2G slab=0.0G
[MEM] ep041 batch 1: use=1.6G peak=1.9G limit=n/a anon=1.4G file=0.2G slab=0.0G
[MEM] ep041 batch 2: use=1.6G peak=1.9G limit=n/a anon=1.4G file=0.2G slab=0.0G
[MEM] ep041 batch 3: use=1.6G peak=1.9G limit=n/a anon=1.4G file=0.2G slab=0.0G
[MEM] ep041 batch 4: use=1.6G peak=1.9G limit=n/a anon=1.4G file=0.2G slab=0.0G
[MEM] ep041 batch 5: use=1.6G peak=1.9G limit=n/a anon=1.4G file=0.2G slab=0.0G
[MEM] ep041 batch 500: use=1.6G peak=1.9G limit=n/a anon=1.5G file=0.2G slab=0.0G
[MEM] ep041 batch 1000: use=1.7G peak=1.9G limit=n/a anon=1.5G file=0.2G slab=0.0G
[MEM] ep041 batch 1500: use=1.7G peak=1.9G limit=n/a anon=1.5G file=0.2G slab=0.0G
[MEM] ep041 batch 2000: use=1.8G peak=1.9G limit=n/a anon=1.6G file=0.2G slab=0.0G
[MEM] ep041 batch 2500: use=1.8G peak=1.9G limit=n/a anon=1.6G file=0.2G slab=0.0G
[MEM] ep041 batch 3000: use=1.8G peak=1.9G limit=n/a anon=1.6G file=0.2G slab=0.0G
[MEM] ep041 batch 3500: use=1.8G peak=1.9G limit=n/a anon=1.6G file=0.2G slab=0.0G
[MEM] ep041 batch 4000: use=1.8G peak=1.9G limit=n/a anon=1.6G file=0.2G slab=0.0G
[MEM] ep041 batch 4500: use=1.8G peak=1.9G limit=n/a anon=1.7G file=0.2G slab=0.0G
[MEM] ep041 batch 5000: use=1.9G peak=1.9G limit=n/a anon=1.7G file=0.2G slab=0.0G
[MEM] ep041 batch 5500: use=1.9G peak=1.9G limit=n/a anon=1.7G file=0.2G slab=0.0G
[MEM] ep041 val-start: use=1.5G peak=1.9G limit=n/a anon=1.3G file=0.2G slab=0.0G
[MEM] end epoch 041: use=1.5G peak=1.9G limit=n/a anon=1.3G file=0.2G slab=0.0G
Epoch 041 | Train Huber 0.2268 MAE 0.5403 | Val Huber 0.2771 MAE 0.6049 | LR 2.50e-05
[MEM] ep042 train-start: use=1.5G peak=1.9G limit=n/a anon=1.3G file=0.2G slab=0.0G
[MEM] ep042 batch 1: use=1.6G peak=1.9G limit=n/a anon=1.4G file=0.2G slab=0.0G
[MEM] ep042 batch 2: use=1.6G peak=1.9G limit=n/a anon=1.4G file=0.2G slab=0.0G
[MEM] ep042 batch 3: use=1.6G peak=1.9G limit=n/a anon=1.4G file=0.2G slab=0.0G
[MEM] ep042 batch 4: use=1.6G peak=1.9G limit=n/a anon=1.4G file=0.2G slab=0.0G
[MEM] ep042 batch 5: use=1.6G peak=1.9G limit=n/a anon=1.4G file=0.2G slab=0.0G
[MEM] ep042 batch 500: use=1.6G peak=1.9G limit=n/a anon=1.5G file=0.2G slab=0.0G
[MEM] ep042 batch 1000: use=1.7G peak=1.9G limit=n/a anon=1.5G file=0.2G slab=0.0G
[MEM] ep042 batch 1500: use=1.7G peak=1.9G limit=n/a anon=1.5G file=0.2G slab=0.0G
[MEM] ep042 batch 2000: use=1.8G peak=1.9G limit=n/a anon=1.6G file=0.2G slab=0.0G
[MEM] ep042 batch 2500: use=1.8G peak=1.9G limit=n/a anon=1.6G file=0.2G slab=0.0G
[MEM] ep042 batch 3000: use=1.8G peak=1.9G limit=n/a anon=1.6G file=0.2G slab=0.0G
[MEM] ep042 batch 3500: use=1.8G peak=1.9G limit=n/a anon=1.6G file=0.2G slab=0.0G
[MEM] ep042 batch 4000: use=1.8G peak=1.9G limit=n/a anon=1.6G file=0.2G slab=0.0G
[MEM] ep042 batch 4500: use=1.9G peak=1.9G limit=n/a anon=1.7G file=0.2G slab=0.0G
[MEM] ep042 batch 5000: use=1.9G peak=1.9G limit=n/a anon=1.7G file=0.2G slab=0.0G
[MEM] ep042 batch 5500: use=1.9G peak=1.9G limit=n/a anon=1.7G file=0.2G slab=0.0G
[MEM] ep042 val-start: use=1.5G peak=1.9G limit=n/a anon=1.3G file=0.2G slab=0.0G
[MEM] end epoch 042: use=1.5G peak=1.9G limit=n/a anon=1.3G file=0.2G slab=0.0G
Epoch 042 | Train Huber 0.2255 MAE 0.5379 | Val Huber 0.2775 MAE 0.6061 | LR 2.50e-05
[MEM] ep043 train-start: use=1.5G peak=1.9G limit=n/a anon=1.3G file=0.2G slab=0.0G
[MEM] ep043 batch 1: use=1.6G peak=1.9G limit=n/a anon=1.4G file=0.2G slab=0.0G
[MEM] ep043 batch 2: use=1.6G peak=1.9G limit=n/a anon=1.4G file=0.2G slab=0.0G
[MEM] ep043 batch 3: use=1.6G peak=1.9G limit=n/a anon=1.4G file=0.2G slab=0.0G
[MEM] ep043 batch 4: use=1.6G peak=1.9G limit=n/a anon=1.4G file=0.2G slab=0.0G
[MEM] ep043 batch 5: use=1.6G peak=1.9G limit=n/a anon=1.4G file=0.2G slab=0.0G
[MEM] ep043 batch 500: use=1.6G peak=1.9G limit=n/a anon=1.5G file=0.2G slab=0.0G
[MEM] ep043 batch 1000: use=1.7G peak=1.9G limit=n/a anon=1.5G file=0.2G slab=0.0G
[MEM] ep043 batch 1500: use=1.7G peak=1.9G limit=n/a anon=1.5G file=0.2G slab=0.0G
[MEM] ep043 batch 2000: use=1.8G peak=1.9G limit=n/a anon=1.6G file=0.2G slab=0.0G
[MEM] ep043 batch 2500: use=1.8G peak=1.9G limit=n/a anon=1.6G file=0.2G slab=0.0G
[MEM] ep043 batch 3000: use=1.8G peak=1.9G limit=n/a anon=1.6G file=0.2G slab=0.0G
[MEM] ep043 batch 3500: use=1.8G peak=1.9G limit=n/a anon=1.6G file=0.2G slab=0.0G
[MEM] ep043 batch 4000: use=1.8G peak=1.9G limit=n/a anon=1.6G file=0.2G slab=0.0G
[MEM] ep043 batch 4500: use=1.9G peak=1.9G limit=n/a anon=1.7G file=0.2G slab=0.0G
[MEM] ep043 batch 5000: use=1.9G peak=1.9G limit=n/a anon=1.7G file=0.2G slab=0.0G
[MEM] ep043 batch 5500: use=1.9G peak=1.9G limit=n/a anon=1.7G file=0.2G slab=0.0G
[MEM] ep043 val-start: use=1.5G peak=1.9G limit=n/a anon=1.3G file=0.2G slab=0.0G
[MEM] end epoch 043: use=1.5G peak=1.9G limit=n/a anon=1.3G file=0.2G slab=0.0G
Epoch 043 | Train Huber 0.2240 MAE 0.5359 | Val Huber 0.2784 MAE 0.6077 | LR 2.50e-05
[MEM] ep044 train-start: use=1.5G peak=1.9G limit=n/a anon=1.3G file=0.2G slab=0.0G
[MEM] ep044 batch 1: use=1.6G peak=1.9G limit=n/a anon=1.4G file=0.2G slab=0.0G
[MEM] ep044 batch 2: use=1.6G peak=1.9G limit=n/a anon=1.4G file=0.2G slab=0.0G
[MEM] ep044 batch 3: use=1.6G peak=1.9G limit=n/a anon=1.4G file=0.2G slab=0.0G
[MEM] ep044 batch 4: use=1.6G peak=1.9G limit=n/a anon=1.4G file=0.2G slab=0.0G
[MEM] ep044 batch 5: use=1.6G peak=1.9G limit=n/a anon=1.4G file=0.2G slab=0.0G
[MEM] ep044 batch 500: use=1.6G peak=1.9G limit=n/a anon=1.5G file=0.2G slab=0.0G
[MEM] ep044 batch 1000: use=1.7G peak=1.9G limit=n/a anon=1.5G file=0.2G slab=0.0G
[MEM] ep044 batch 1500: use=1.7G peak=1.9G limit=n/a anon=1.5G file=0.2G slab=0.0G
[MEM] ep044 batch 2000: use=1.8G peak=1.9G limit=n/a anon=1.6G file=0.2G slab=0.0G
[MEM] ep044 batch 2500: use=1.8G peak=1.9G limit=n/a anon=1.6G file=0.2G slab=0.0G
[MEM] ep044 batch 3000: use=1.8G peak=1.9G limit=n/a anon=1.6G file=0.2G slab=0.0G
[MEM] ep044 batch 3500: use=1.8G peak=1.9G limit=n/a anon=1.6G file=0.2G slab=0.0G
[MEM] ep044 batch 4000: use=1.8G peak=1.9G limit=n/a anon=1.6G file=0.2G slab=0.0G
[MEM] ep044 batch 4500: use=1.9G peak=1.9G limit=n/a anon=1.7G file=0.2G slab=0.0G
[MEM] ep044 batch 5000: use=1.9G peak=1.9G limit=n/a anon=1.7G file=0.2G slab=0.0G
[MEM] ep044 batch 5500: use=1.9G peak=1.9G limit=n/a anon=1.7G file=0.2G slab=0.0G
[MEM] ep044 val-start: use=1.5G peak=1.9G limit=n/a anon=1.3G file=0.2G slab=0.0G
[MEM] end epoch 044: use=1.5G peak=1.9G limit=n/a anon=1.3G file=0.2G slab=0.0G
Epoch 044 | Train Huber 0.2222 MAE 0.5335 | Val Huber 0.2802 MAE 0.6114 | LR 2.50e-05
[MEM] ep045 train-start: use=1.5G peak=1.9G limit=n/a anon=1.3G file=0.2G slab=0.0G
[MEM] ep045 batch 1: use=1.6G peak=1.9G limit=n/a anon=1.4G file=0.2G slab=0.0G
[MEM] ep045 batch 2: use=1.6G peak=1.9G limit=n/a anon=1.4G file=0.2G slab=0.0G
[MEM] ep045 batch 3: use=1.6G peak=1.9G limit=n/a anon=1.4G file=0.2G slab=0.0G
[MEM] ep045 batch 4: use=1.6G peak=1.9G limit=n/a anon=1.4G file=0.2G slab=0.0G
[MEM] ep045 batch 5: use=1.6G peak=1.9G limit=n/a anon=1.4G file=0.2G slab=0.0G
[MEM] ep045 batch 500: use=1.6G peak=1.9G limit=n/a anon=1.5G file=0.2G slab=0.0G
[MEM] ep045 batch 1000: use=1.7G peak=1.9G limit=n/a anon=1.5G file=0.2G slab=0.0G
[MEM] ep045 batch 1500: use=1.7G peak=1.9G limit=n/a anon=1.5G file=0.2G slab=0.0G
[MEM] ep045 batch 2000: use=1.8G peak=1.9G limit=n/a anon=1.6G file=0.2G slab=0.0G
[MEM] ep045 batch 2500: use=1.8G peak=1.9G limit=n/a anon=1.6G file=0.2G slab=0.0G
[MEM] ep045 batch 3000: use=1.8G peak=1.9G limit=n/a anon=1.6G file=0.2G slab=0.0G
[MEM] ep045 batch 3500: use=1.8G peak=1.9G limit=n/a anon=1.6G file=0.2G slab=0.0G
[MEM] ep045 batch 4000: use=1.8G peak=1.9G limit=n/a anon=1.6G file=0.2G slab=0.0G
[MEM] ep045 batch 4500: use=1.9G peak=1.9G limit=n/a anon=1.7G file=0.2G slab=0.0G
[MEM] ep045 batch 5000: use=1.9G peak=1.9G limit=n/a anon=1.7G file=0.2G slab=0.0G
[MEM] ep045 batch 5500: use=1.9G peak=1.9G limit=n/a anon=1.7G file=0.2G slab=0.0G
[MEM] ep045 val-start: use=1.5G peak=1.9G limit=n/a anon=1.3G file=0.2G slab=0.0G
[MEM] end epoch 045: use=1.5G peak=1.9G limit=n/a anon=1.3G file=0.2G slab=0.0G
Epoch 045 | Train Huber 0.2211 MAE 0.5316 | Val Huber 0.2811 MAE 0.6088 | LR 1.25e-05
[MEM] ep046 train-start: use=1.5G peak=1.9G limit=n/a anon=1.3G file=0.2G slab=0.0G
[MEM] ep046 batch 1: use=1.6G peak=1.9G limit=n/a anon=1.4G file=0.2G slab=0.0G
[MEM] ep046 batch 2: use=1.6G peak=1.9G limit=n/a anon=1.4G file=0.2G slab=0.0G
[MEM] ep046 batch 3: use=1.6G peak=1.9G limit=n/a anon=1.4G file=0.2G slab=0.0G
[MEM] ep046 batch 4: use=1.6G peak=1.9G limit=n/a anon=1.4G file=0.2G slab=0.0G
[MEM] ep046 batch 5: use=1.6G peak=1.9G limit=n/a anon=1.4G file=0.2G slab=0.0G
[MEM] ep046 batch 500: use=1.6G peak=1.9G limit=n/a anon=1.5G file=0.2G slab=0.0G
[MEM] ep046 batch 1000: use=1.7G peak=1.9G limit=n/a anon=1.5G file=0.2G slab=0.0G
[MEM] ep046 batch 1500: use=1.7G peak=1.9G limit=n/a anon=1.5G file=0.2G slab=0.0G
[MEM] ep046 batch 2000: use=1.8G peak=1.9G limit=n/a anon=1.6G file=0.2G slab=0.0G
[MEM] ep046 batch 2500: use=1.8G peak=1.9G limit=n/a anon=1.6G file=0.2G slab=0.0G
[MEM] ep046 batch 3000: use=1.8G peak=1.9G limit=n/a anon=1.6G file=0.2G slab=0.0G
[MEM] ep046 batch 3500: use=1.8G peak=1.9G limit=n/a anon=1.6G file=0.2G slab=0.0G
[MEM] ep046 batch 4000: use=1.8G peak=1.9G limit=n/a anon=1.6G file=0.2G slab=0.0G
[MEM] ep046 batch 4500: use=1.9G peak=1.9G limit=n/a anon=1.7G file=0.2G slab=0.0G
[MEM] ep046 batch 5000: use=1.9G peak=1.9G limit=n/a anon=1.7G file=0.2G slab=0.0G
[MEM] ep046 batch 5500: use=1.9G peak=1.9G limit=n/a anon=1.7G file=0.2G slab=0.0G
[MEM] ep046 val-start: use=1.5G peak=1.9G limit=n/a anon=1.3G file=0.2G slab=0.0G
[MEM] end epoch 046: use=1.5G peak=1.9G limit=n/a anon=1.3G file=0.2G slab=0.0G
Epoch 046 | Train Huber 0.2161 MAE 0.5241 | Val Huber 0.2805 MAE 0.6080 | LR 1.25e-05
[MEM] ep047 train-start: use=1.5G peak=1.9G limit=n/a anon=1.3G file=0.2G slab=0.0G
[MEM] ep047 batch 1: use=1.6G peak=1.9G limit=n/a anon=1.4G file=0.2G slab=0.0G
[MEM] ep047 batch 2: use=1.6G peak=1.9G limit=n/a anon=1.4G file=0.2G slab=0.0G
[MEM] ep047 batch 3: use=1.6G peak=1.9G limit=n/a anon=1.4G file=0.2G slab=0.0G
[MEM] ep047 batch 4: use=1.6G peak=1.9G limit=n/a anon=1.4G file=0.2G slab=0.0G
[MEM] ep047 batch 5: use=1.6G peak=1.9G limit=n/a anon=1.4G file=0.2G slab=0.0G
[MEM] ep047 batch 500: use=1.6G peak=1.9G limit=n/a anon=1.5G file=0.2G slab=0.0G
[MEM] ep047 batch 1000: use=1.7G peak=1.9G limit=n/a anon=1.5G file=0.2G slab=0.0G
[MEM] ep047 batch 1500: use=1.7G peak=1.9G limit=n/a anon=1.5G file=0.2G slab=0.0G
[MEM] ep047 batch 2000: use=1.8G peak=1.9G limit=n/a anon=1.6G file=0.2G slab=0.0G
[MEM] ep047 batch 2500: use=1.8G peak=1.9G limit=n/a anon=1.6G file=0.2G slab=0.0G
[MEM] ep047 batch 3000: use=1.8G peak=1.9G limit=n/a anon=1.6G file=0.2G slab=0.0G
[MEM] ep047 batch 3500: use=1.8G peak=1.9G limit=n/a anon=1.6G file=0.2G slab=0.0G
[MEM] ep047 batch 4000: use=1.8G peak=1.9G limit=n/a anon=1.6G file=0.2G slab=0.0G
[MEM] ep047 batch 4500: use=1.9G peak=1.9G limit=n/a anon=1.7G file=0.2G slab=0.0G
[MEM] ep047 batch 5000: use=1.9G peak=1.9G limit=n/a anon=1.7G file=0.2G slab=0.0G
[MEM] ep047 batch 5500: use=1.9G peak=1.9G limit=n/a anon=1.7G file=0.2G slab=0.0G
[MEM] ep047 val-start: use=1.5G peak=1.9G limit=n/a anon=1.3G file=0.2G slab=0.0G
[MEM] end epoch 047: use=1.5G peak=1.9G limit=n/a anon=1.3G file=0.2G slab=0.0G
Epoch 047 | Train Huber 0.2153 MAE 0.5228 | Val Huber 0.2815 MAE 0.6103 | LR 1.25e-05
[MEM] ep048 train-start: use=1.5G peak=1.9G limit=n/a anon=1.3G file=0.2G slab=0.0G
[MEM] ep048 batch 1: use=1.6G peak=1.9G limit=n/a anon=1.4G file=0.2G slab=0.0G
[MEM] ep048 batch 2: use=1.6G peak=1.9G limit=n/a anon=1.4G file=0.2G slab=0.0G
[MEM] ep048 batch 3: use=1.6G peak=1.9G limit=n/a anon=1.4G file=0.2G slab=0.0G
[MEM] ep048 batch 4: use=1.6G peak=1.9G limit=n/a anon=1.4G file=0.2G slab=0.0G
[MEM] ep048 batch 5: use=1.6G peak=1.9G limit=n/a anon=1.4G file=0.2G slab=0.0G
[MEM] ep048 batch 500: use=1.6G peak=1.9G limit=n/a anon=1.5G file=0.2G slab=0.0G
[MEM] ep048 batch 1000: use=1.7G peak=1.9G limit=n/a anon=1.5G file=0.2G slab=0.0G
[MEM] ep048 batch 1500: use=1.7G peak=1.9G limit=n/a anon=1.5G file=0.2G slab=0.0G
[MEM] ep048 batch 2000: use=1.8G peak=1.9G limit=n/a anon=1.6G file=0.2G slab=0.0G
[MEM] ep048 batch 2500: use=1.8G peak=1.9G limit=n/a anon=1.6G file=0.2G slab=0.0G
[MEM] ep048 batch 3000: use=1.8G peak=1.9G limit=n/a anon=1.6G file=0.2G slab=0.0G
[MEM] ep048 batch 3500: use=1.8G peak=1.9G limit=n/a anon=1.6G file=0.2G slab=0.0G
[MEM] ep048 batch 4000: use=1.8G peak=1.9G limit=n/a anon=1.6G file=0.2G slab=0.0G
[MEM] ep048 batch 4500: use=1.9G peak=1.9G limit=n/a anon=1.7G file=0.2G slab=0.0G
[MEM] ep048 batch 5000: use=1.9G peak=1.9G limit=n/a anon=1.7G file=0.2G slab=0.0G
[MEM] ep048 batch 5500: use=1.9G peak=1.9G limit=n/a anon=1.7G file=0.2G slab=0.0G
[MEM] ep048 val-start: use=1.5G peak=1.9G limit=n/a anon=1.3G file=0.2G slab=0.0G
[MEM] end epoch 048: use=1.5G peak=1.9G limit=n/a anon=1.3G file=0.2G slab=0.0G
Epoch 048 | Train Huber 0.2140 MAE 0.5215 | Val Huber 0.2830 MAE 0.6123 | LR 1.25e-05
[MEM] ep049 train-start: use=1.5G peak=1.9G limit=n/a anon=1.3G file=0.2G slab=0.0G
[MEM] ep049 batch 1: use=1.6G peak=1.9G limit=n/a anon=1.4G file=0.2G slab=0.0G
[MEM] ep049 batch 2: use=1.6G peak=1.9G limit=n/a anon=1.4G file=0.2G slab=0.0G
[MEM] ep049 batch 3: use=1.6G peak=1.9G limit=n/a anon=1.4G file=0.2G slab=0.0G
[MEM] ep049 batch 4: use=1.6G peak=1.9G limit=n/a anon=1.4G file=0.2G slab=0.0G
[MEM] ep049 batch 5: use=1.6G peak=1.9G limit=n/a anon=1.4G file=0.2G slab=0.0G
[MEM] ep049 batch 500: use=1.6G peak=1.9G limit=n/a anon=1.5G file=0.2G slab=0.0G
[MEM] ep049 batch 1000: use=1.7G peak=1.9G limit=n/a anon=1.5G file=0.2G slab=0.0G
[MEM] ep049 batch 1500: use=1.7G peak=1.9G limit=n/a anon=1.5G file=0.2G slab=0.0G
[MEM] ep049 batch 2000: use=1.8G peak=1.9G limit=n/a anon=1.6G file=0.2G slab=0.0G
[MEM] ep049 batch 2500: use=1.8G peak=1.9G limit=n/a anon=1.6G file=0.2G slab=0.0G
[MEM] ep049 batch 3000: use=1.8G peak=1.9G limit=n/a anon=1.6G file=0.2G slab=0.0G
[MEM] ep049 batch 3500: use=1.8G peak=1.9G limit=n/a anon=1.6G file=0.2G slab=0.0G
[MEM] ep049 batch 4000: use=1.8G peak=1.9G limit=n/a anon=1.6G file=0.2G slab=0.0G
[MEM] ep049 batch 4500: use=1.9G peak=1.9G limit=n/a anon=1.7G file=0.2G slab=0.0G
[MEM] ep049 batch 5000: use=1.9G peak=1.9G limit=n/a anon=1.7G file=0.2G slab=0.0G
[MEM] ep049 batch 5500: use=1.9G peak=1.9G limit=n/a anon=1.7G file=0.2G slab=0.0G
[MEM] ep049 val-start: use=1.5G peak=1.9G limit=n/a anon=1.3G file=0.2G slab=0.0G
[MEM] end epoch 049: use=1.5G peak=1.9G limit=n/a anon=1.3G file=0.2G slab=0.0G
Epoch 049 | Train Huber 0.2130 MAE 0.5195 | Val Huber 0.2834 MAE 0.6122 | LR 1.25e-05
[MEM] ep050 train-start: use=1.5G peak=1.9G limit=n/a anon=1.3G file=0.2G slab=0.0G
[MEM] ep050 batch 1: use=1.6G peak=1.9G limit=n/a anon=1.4G file=0.2G slab=0.0G
[MEM] ep050 batch 2: use=1.6G peak=1.9G limit=n/a anon=1.4G file=0.2G slab=0.0G
[MEM] ep050 batch 3: use=1.6G peak=1.9G limit=n/a anon=1.4G file=0.2G slab=0.0G
[MEM] ep050 batch 4: use=1.6G peak=1.9G limit=n/a anon=1.4G file=0.2G slab=0.0G
[MEM] ep050 batch 5: use=1.6G peak=1.9G limit=n/a anon=1.4G file=0.2G slab=0.0G
[MEM] ep050 batch 500: use=1.6G peak=1.9G limit=n/a anon=1.5G file=0.2G slab=0.0G
[MEM] ep050 batch 1000: use=1.7G peak=1.9G limit=n/a anon=1.5G file=0.2G slab=0.0G
[MEM] ep050 batch 1500: use=1.7G peak=1.9G limit=n/a anon=1.5G file=0.2G slab=0.0G
[MEM] ep050 batch 2000: use=1.8G peak=1.9G limit=n/a anon=1.6G file=0.2G slab=0.0G
[MEM] ep050 batch 2500: use=1.8G peak=1.9G limit=n/a anon=1.6G file=0.2G slab=0.0G
[MEM] ep050 batch 3000: use=1.8G peak=1.9G limit=n/a anon=1.6G file=0.2G slab=0.0G
[MEM] ep050 batch 3500: use=1.8G peak=1.9G limit=n/a anon=1.6G file=0.2G slab=0.0G
[MEM] ep050 batch 4000: use=1.8G peak=1.9G limit=n/a anon=1.6G file=0.2G slab=0.0G
[MEM] ep050 batch 4500: use=1.9G peak=1.9G limit=n/a anon=1.7G file=0.2G slab=0.0G
[MEM] ep050 batch 5000: use=1.9G peak=1.9G limit=n/a anon=1.7G file=0.2G slab=0.0G
[MEM] ep050 batch 5500: use=1.9G peak=1.9G limit=n/a anon=1.7G file=0.2G slab=0.0G
[MEM] ep050 val-start: use=1.5G peak=1.9G limit=n/a anon=1.3G file=0.2G slab=0.0G
[MEM] end epoch 050: use=1.5G peak=1.9G limit=n/a anon=1.3G file=0.2G slab=0.0G
Epoch 050 | Train Huber 0.2128 MAE 0.5198 | Val Huber 0.2835 MAE 0.6137 | LR 1.25e-05
[MEM] ep051 train-start: use=1.5G peak=1.9G limit=n/a anon=1.3G file=0.2G slab=0.0G
[MEM] ep051 batch 1: use=1.6G peak=1.9G limit=n/a anon=1.4G file=0.2G slab=0.0G
[MEM] ep051 batch 2: use=1.6G peak=1.9G limit=n/a anon=1.4G file=0.2G slab=0.0G
[MEM] ep051 batch 3: use=1.6G peak=1.9G limit=n/a anon=1.4G file=0.2G slab=0.0G
[MEM] ep051 batch 4: use=1.6G peak=1.9G limit=n/a anon=1.4G file=0.2G slab=0.0G
[MEM] ep051 batch 5: use=1.6G peak=1.9G limit=n/a anon=1.4G file=0.2G slab=0.0G
[MEM] ep051 batch 500: use=1.6G peak=1.9G limit=n/a anon=1.5G file=0.2G slab=0.0G
[MEM] ep051 batch 1000: use=1.7G peak=1.9G limit=n/a anon=1.5G file=0.2G slab=0.0G
[MEM] ep051 batch 1500: use=1.7G peak=1.9G limit=n/a anon=1.5G file=0.2G slab=0.0G
[MEM] ep051 batch 2000: use=1.8G peak=1.9G limit=n/a anon=1.6G file=0.2G slab=0.0G
[MEM] ep051 batch 2500: use=1.8G peak=1.9G limit=n/a anon=1.6G file=0.2G slab=0.0G
[MEM] ep051 batch 3000: use=1.8G peak=1.9G limit=n/a anon=1.6G file=0.2G slab=0.0G
[MEM] ep051 batch 3500: use=1.8G peak=1.9G limit=n/a anon=1.6G file=0.2G slab=0.0G
[MEM] ep051 batch 4000: use=1.8G peak=1.9G limit=n/a anon=1.6G file=0.2G slab=0.0G
[MEM] ep051 batch 4500: use=1.9G peak=1.9G limit=n/a anon=1.7G file=0.2G slab=0.0G
[MEM] ep051 batch 5000: use=1.9G peak=1.9G limit=n/a anon=1.7G file=0.2G slab=0.0G
[MEM] ep051 batch 5500: use=1.9G peak=1.9G limit=n/a anon=1.7G file=0.2G slab=0.0G
[MEM] ep051 val-start: use=1.5G peak=1.9G limit=n/a anon=1.3G file=0.2G slab=0.0G
[MEM] end epoch 051: use=1.5G peak=1.9G limit=n/a anon=1.3G file=0.2G slab=0.0G
Epoch 051 | Train Huber 0.2114 MAE 0.5176 | Val Huber 0.2843 MAE 0.6135 | LR 6.25e-06
[MEM] ep052 train-start: use=1.5G peak=1.9G limit=n/a anon=1.3G file=0.2G slab=0.0G
[MEM] ep052 batch 1: use=1.6G peak=1.9G limit=n/a anon=1.4G file=0.2G slab=0.0G
[MEM] ep052 batch 2: use=1.6G peak=1.9G limit=n/a anon=1.4G file=0.2G slab=0.0G
[MEM] ep052 batch 3: use=1.6G peak=1.9G limit=n/a anon=1.4G file=0.2G slab=0.0G
[MEM] ep052 batch 4: use=1.6G peak=1.9G limit=n/a anon=1.4G file=0.2G slab=0.0G
[MEM] ep052 batch 5: use=1.6G peak=1.9G limit=n/a anon=1.4G file=0.2G slab=0.0G
[MEM] ep052 batch 500: use=1.6G peak=1.9G limit=n/a anon=1.5G file=0.2G slab=0.0G
[MEM] ep052 batch 1000: use=1.7G peak=1.9G limit=n/a anon=1.5G file=0.2G slab=0.0G
[MEM] ep052 batch 1500: use=1.7G peak=1.9G limit=n/a anon=1.5G file=0.2G slab=0.0G
[MEM] ep052 batch 2000: use=1.8G peak=1.9G limit=n/a anon=1.6G file=0.2G slab=0.0G
[MEM] ep052 batch 2500: use=1.8G peak=1.9G limit=n/a anon=1.6G file=0.2G slab=0.0G
[MEM] ep052 batch 3000: use=1.8G peak=1.9G limit=n/a anon=1.6G file=0.2G slab=0.0G
[MEM] ep052 batch 3500: use=1.8G peak=1.9G limit=n/a anon=1.6G file=0.2G slab=0.0G
[MEM] ep052 batch 4000: use=1.8G peak=1.9G limit=n/a anon=1.6G file=0.2G slab=0.0G
[MEM] ep052 batch 4500: use=1.9G peak=1.9G limit=n/a anon=1.7G file=0.2G slab=0.0G
[MEM] ep052 batch 5000: use=1.9G peak=1.9G limit=n/a anon=1.7G file=0.2G slab=0.0G
[MEM] ep052 batch 5500: use=1.9G peak=1.9G limit=n/a anon=1.7G file=0.2G slab=0.0G
[MEM] ep052 val-start: use=1.5G peak=1.9G limit=n/a anon=1.3G file=0.2G slab=0.0G
[MEM] end epoch 052: use=1.5G peak=1.9G limit=n/a anon=1.3G file=0.2G slab=0.0G
Epoch 052 | Train Huber 0.2091 MAE 0.5138 | Val Huber 0.2861 MAE 0.6152 | LR 6.25e-06
[MEM] ep053 train-start: use=1.5G peak=1.9G limit=n/a anon=1.3G file=0.2G slab=0.0G
[MEM] ep053 batch 1: use=1.6G peak=1.9G limit=n/a anon=1.4G file=0.2G slab=0.0G
[MEM] ep053 batch 2: use=1.6G peak=1.9G limit=n/a anon=1.4G file=0.2G slab=0.0G
[MEM] ep053 batch 3: use=1.6G peak=1.9G limit=n/a anon=1.4G file=0.2G slab=0.0G
[MEM] ep053 batch 4: use=1.6G peak=1.9G limit=n/a anon=1.4G file=0.2G slab=0.0G
[MEM] ep053 batch 5: use=1.6G peak=1.9G limit=n/a anon=1.4G file=0.2G slab=0.0G
[MEM] ep053 batch 500: use=1.6G peak=1.9G limit=n/a anon=1.5G file=0.2G slab=0.0G
[MEM] ep053 batch 1000: use=1.7G peak=1.9G limit=n/a anon=1.5G file=0.2G slab=0.0G
[MEM] ep053 batch 1500: use=1.7G peak=1.9G limit=n/a anon=1.5G file=0.2G slab=0.0G
[MEM] ep053 batch 2000: use=1.8G peak=1.9G limit=n/a anon=1.6G file=0.2G slab=0.0G
[MEM] ep053 batch 2500: use=1.8G peak=1.9G limit=n/a anon=1.6G file=0.2G slab=0.0G
[MEM] ep053 batch 3000: use=1.8G peak=1.9G limit=n/a anon=1.6G file=0.2G slab=0.0G
[MEM] ep053 batch 3500: use=1.8G peak=1.9G limit=n/a anon=1.6G file=0.2G slab=0.0G
[MEM] ep053 batch 4000: use=1.8G peak=1.9G limit=n/a anon=1.6G file=0.2G slab=0.0G
[MEM] ep053 batch 4500: use=1.9G peak=1.9G limit=n/a anon=1.7G file=0.2G slab=0.0G
[MEM] ep053 batch 5000: use=1.9G peak=1.9G limit=n/a anon=1.7G file=0.2G slab=0.0G
[MEM] ep053 batch 5500: use=1.9G peak=1.9G limit=n/a anon=1.7G file=0.2G slab=0.0G
[MEM] ep053 val-start: use=1.5G peak=1.9G limit=n/a anon=1.3G file=0.2G slab=0.0G
[MEM] end epoch 053: use=1.5G peak=1.9G limit=n/a anon=1.3G file=0.2G slab=0.0G
Epoch 053 | Train Huber 0.2083 MAE 0.5126 | Val Huber 0.2849 MAE 0.6132 | LR 6.25e-06
[MEM] ep054 train-start: use=1.5G peak=1.9G limit=n/a anon=1.3G file=0.2G slab=0.0G
[MEM] ep054 batch 1: use=1.6G peak=1.9G limit=n/a anon=1.4G file=0.2G slab=0.0G
[MEM] ep054 batch 2: use=1.6G peak=1.9G limit=n/a anon=1.4G file=0.2G slab=0.0G
[MEM] ep054 batch 3: use=1.6G peak=1.9G limit=n/a anon=1.4G file=0.2G slab=0.0G
[MEM] ep054 batch 4: use=1.6G peak=1.9G limit=n/a anon=1.4G file=0.2G slab=0.0G
[MEM] ep054 batch 5: use=1.6G peak=1.9G limit=n/a anon=1.4G file=0.2G slab=0.0G
[MEM] ep054 batch 500: use=1.6G peak=1.9G limit=n/a anon=1.5G file=0.2G slab=0.0G
[MEM] ep054 batch 1000: use=1.7G peak=1.9G limit=n/a anon=1.5G file=0.2G slab=0.0G
[MEM] ep054 batch 1500: use=1.7G peak=1.9G limit=n/a anon=1.5G file=0.2G slab=0.0G
[MEM] ep054 batch 2000: use=1.8G peak=1.9G limit=n/a anon=1.6G file=0.2G slab=0.0G
[MEM] ep054 batch 2500: use=1.8G peak=1.9G limit=n/a anon=1.6G file=0.2G slab=0.0G
[MEM] ep054 batch 3000: use=1.8G peak=1.9G limit=n/a anon=1.6G file=0.2G slab=0.0G
[MEM] ep054 batch 3500: use=1.8G peak=1.9G limit=n/a anon=1.6G file=0.2G slab=0.0G
[MEM] ep054 batch 4000: use=1.8G peak=1.9G limit=n/a anon=1.6G file=0.2G slab=0.0G
[MEM] ep054 batch 4500: use=1.9G peak=1.9G limit=n/a anon=1.7G file=0.2G slab=0.0G
[MEM] ep054 batch 5000: use=1.9G peak=1.9G limit=n/a anon=1.7G file=0.2G slab=0.0G
[MEM] ep054 batch 5500: use=1.9G peak=1.9G limit=n/a anon=1.7G file=0.2G slab=0.0G
[MEM] ep054 val-start: use=1.5G peak=1.9G limit=n/a anon=1.3G file=0.2G slab=0.0G
[MEM] end epoch 054: use=1.5G peak=1.9G limit=n/a anon=1.3G file=0.2G slab=0.0G
Epoch 054 | Train Huber 0.2083 MAE 0.5128 | Val Huber 0.2856 MAE 0.6151 | LR 6.25e-06
[MEM] ep055 train-start: use=1.5G peak=1.9G limit=n/a anon=1.3G file=0.2G slab=0.0G
[MEM] ep055 batch 1: use=1.6G peak=1.9G limit=n/a anon=1.4G file=0.2G slab=0.0G
[MEM] ep055 batch 2: use=1.6G peak=1.9G limit=n/a anon=1.4G file=0.2G slab=0.0G
[MEM] ep055 batch 3: use=1.6G peak=1.9G limit=n/a anon=1.4G file=0.2G slab=0.0G
[MEM] ep055 batch 4: use=1.6G peak=1.9G limit=n/a anon=1.4G file=0.2G slab=0.0G
[MEM] ep055 batch 5: use=1.6G peak=1.9G limit=n/a anon=1.4G file=0.2G slab=0.0G
[MEM] ep055 batch 500: use=1.6G peak=1.9G limit=n/a anon=1.5G file=0.2G slab=0.0G
[MEM] ep055 batch 1000: use=1.7G peak=1.9G limit=n/a anon=1.5G file=0.2G slab=0.0G
[MEM] ep055 batch 1500: use=1.7G peak=1.9G limit=n/a anon=1.5G file=0.2G slab=0.0G
[MEM] ep055 batch 2000: use=1.8G peak=1.9G limit=n/a anon=1.6G file=0.2G slab=0.0G
[MEM] ep055 batch 2500: use=1.8G peak=1.9G limit=n/a anon=1.6G file=0.2G slab=0.0G
[MEM] ep055 batch 3000: use=1.8G peak=1.9G limit=n/a anon=1.6G file=0.2G slab=0.0G
[MEM] ep055 batch 3500: use=1.8G peak=1.9G limit=n/a anon=1.6G file=0.2G slab=0.0G
[MEM] ep055 batch 4000: use=1.8G peak=1.9G limit=n/a anon=1.6G file=0.2G slab=0.0G
[MEM] ep055 batch 4500: use=1.9G peak=1.9G limit=n/a anon=1.7G file=0.2G slab=0.0G
[MEM] ep055 batch 5000: use=1.9G peak=1.9G limit=n/a anon=1.7G file=0.2G slab=0.0G
[MEM] ep055 batch 5500: use=1.9G peak=1.9G limit=n/a anon=1.7G file=0.2G slab=0.0G
[MEM] ep055 val-start: use=1.5G peak=1.9G limit=n/a anon=1.3G file=0.2G slab=0.0G
[MEM] end epoch 055: use=1.5G peak=1.9G limit=n/a anon=1.3G file=0.2G slab=0.0G
Epoch 055 | Train Huber 0.2071 MAE 0.5113 | Val Huber 0.2865 MAE 0.6162 | LR 6.25e-06
[MEM] ep056 train-start: use=1.5G peak=1.9G limit=n/a anon=1.3G file=0.2G slab=0.0G
[MEM] ep056 batch 1: use=1.6G peak=1.9G limit=n/a anon=1.4G file=0.2G slab=0.0G
[MEM] ep056 batch 2: use=1.6G peak=1.9G limit=n/a anon=1.4G file=0.2G slab=0.0G
[MEM] ep056 batch 3: use=1.6G peak=1.9G limit=n/a anon=1.4G file=0.2G slab=0.0G
[MEM] ep056 batch 4: use=1.6G peak=1.9G limit=n/a anon=1.4G file=0.2G slab=0.0G
[MEM] ep056 batch 5: use=1.6G peak=1.9G limit=n/a anon=1.4G file=0.2G slab=0.0G
[MEM] ep056 batch 500: use=1.6G peak=1.9G limit=n/a anon=1.5G file=0.2G slab=0.0G
[MEM] ep056 batch 1000: use=1.7G peak=1.9G limit=n/a anon=1.5G file=0.2G slab=0.0G
[MEM] ep056 batch 1500: use=1.7G peak=1.9G limit=n/a anon=1.5G file=0.2G slab=0.0G
[MEM] ep056 batch 2000: use=1.8G peak=1.9G limit=n/a anon=1.6G file=0.2G slab=0.0G
[MEM] ep056 batch 2500: use=1.8G peak=1.9G limit=n/a anon=1.6G file=0.2G slab=0.0G
[MEM] ep056 batch 3000: use=1.8G peak=1.9G limit=n/a anon=1.6G file=0.2G slab=0.0G
[MEM] ep056 batch 3500: use=1.8G peak=1.9G limit=n/a anon=1.6G file=0.2G slab=0.0G
[MEM] ep056 batch 4000: use=1.8G peak=1.9G limit=n/a anon=1.6G file=0.2G slab=0.0G
[MEM] ep056 batch 4500: use=1.9G peak=1.9G limit=n/a anon=1.7G file=0.2G slab=0.0G
[MEM] ep056 batch 5000: use=1.9G peak=1.9G limit=n/a anon=1.7G file=0.2G slab=0.0G
[MEM] ep056 batch 5500: use=1.9G peak=1.9G limit=n/a anon=1.7G file=0.2G slab=0.0G
[MEM] ep056 val-start: use=1.5G peak=1.9G limit=n/a anon=1.3G file=0.2G slab=0.0G
[MEM] end epoch 056: use=1.5G peak=1.9G limit=n/a anon=1.3G file=0.2G slab=0.0G
Epoch 056 | Train Huber 0.2066 MAE 0.5104 | Val Huber 0.2864 MAE 0.6154 | LR 6.25e-06
[MEM] ep057 train-start: use=1.5G peak=1.9G limit=n/a anon=1.3G file=0.2G slab=0.0G
[MEM] ep057 batch 1: use=1.6G peak=1.9G limit=n/a anon=1.4G file=0.2G slab=0.0G
[MEM] ep057 batch 2: use=1.6G peak=1.9G limit=n/a anon=1.4G file=0.2G slab=0.0G
[MEM] ep057 batch 3: use=1.6G peak=1.9G limit=n/a anon=1.4G file=0.2G slab=0.0G
[MEM] ep057 batch 4: use=1.6G peak=1.9G limit=n/a anon=1.4G file=0.2G slab=0.0G
[MEM] ep057 batch 5: use=1.6G peak=1.9G limit=n/a anon=1.4G file=0.2G slab=0.0G
[MEM] ep057 batch 500: use=1.6G peak=1.9G limit=n/a anon=1.5G file=0.2G slab=0.0G
[MEM] ep057 batch 1000: use=1.7G peak=1.9G limit=n/a anon=1.5G file=0.2G slab=0.0G
[MEM] ep057 batch 1500: use=1.7G peak=1.9G limit=n/a anon=1.5G file=0.2G slab=0.0G
[MEM] ep057 batch 2000: use=1.8G peak=1.9G limit=n/a anon=1.6G file=0.2G slab=0.0G
[MEM] ep057 batch 2500: use=1.8G peak=1.9G limit=n/a anon=1.6G file=0.2G slab=0.0G
[MEM] ep057 batch 3000: use=1.8G peak=1.9G limit=n/a anon=1.6G file=0.2G slab=0.0G
[MEM] ep057 batch 3500: use=1.8G peak=1.9G limit=n/a anon=1.6G file=0.2G slab=0.0G
[MEM] ep057 batch 4000: use=1.8G peak=1.9G limit=n/a anon=1.6G file=0.2G slab=0.0G
[MEM] ep057 batch 4500: use=1.9G peak=1.9G limit=n/a anon=1.7G file=0.2G slab=0.0G
[MEM] ep057 batch 5000: use=1.9G peak=1.9G limit=n/a anon=1.7G file=0.2G slab=0.0G
[MEM] ep057 batch 5500: use=1.9G peak=1.9G limit=n/a anon=1.7G file=0.2G slab=0.0G
[MEM] ep057 val-start: use=1.5G peak=1.9G limit=n/a anon=1.3G file=0.2G slab=0.0G
[MEM] end epoch 057: use=1.5G peak=1.9G limit=n/a anon=1.3G file=0.2G slab=0.0G
Epoch 057 | Train Huber 0.2062 MAE 0.5095 | Val Huber 0.2873 MAE 0.6164 | LR 3.13e-06
[MEM] ep058 train-start: use=1.5G peak=1.9G limit=n/a anon=1.3G file=0.2G slab=0.0G
[MEM] ep058 batch 1: use=1.6G peak=1.9G limit=n/a anon=1.4G file=0.2G slab=0.0G
[MEM] ep058 batch 2: use=1.6G peak=1.9G limit=n/a anon=1.4G file=0.2G slab=0.0G
[MEM] ep058 batch 3: use=1.6G peak=1.9G limit=n/a anon=1.4G file=0.2G slab=0.0G
[MEM] ep058 batch 4: use=1.6G peak=1.9G limit=n/a anon=1.4G file=0.2G slab=0.0G
[MEM] ep058 batch 5: use=1.6G peak=1.9G limit=n/a anon=1.4G file=0.2G slab=0.0G
[MEM] ep058 batch 500: use=1.6G peak=1.9G limit=n/a anon=1.5G file=0.2G slab=0.0G
[MEM] ep058 batch 1000: use=1.7G peak=1.9G limit=n/a anon=1.5G file=0.2G slab=0.0G
[MEM] ep058 batch 1500: use=1.7G peak=1.9G limit=n/a anon=1.5G file=0.2G slab=0.0G
[MEM] ep058 batch 2000: use=1.8G peak=1.9G limit=n/a anon=1.6G file=0.2G slab=0.0G
[MEM] ep058 batch 2500: use=1.8G peak=1.9G limit=n/a anon=1.6G file=0.2G slab=0.0G
[MEM] ep058 batch 3000: use=1.8G peak=1.9G limit=n/a anon=1.6G file=0.2G slab=0.0G
[MEM] ep058 batch 3500: use=1.8G peak=1.9G limit=n/a anon=1.6G file=0.2G slab=0.0G
[MEM] ep058 batch 4000: use=1.8G peak=1.9G limit=n/a anon=1.6G file=0.2G slab=0.0G
[MEM] ep058 batch 4500: use=1.9G peak=1.9G limit=n/a anon=1.7G file=0.2G slab=0.0G
[MEM] ep058 batch 5000: use=1.9G peak=1.9G limit=n/a anon=1.7G file=0.2G slab=0.0G
[MEM] ep058 batch 5500: use=1.9G peak=1.9G limit=n/a anon=1.7G file=0.2G slab=0.0G
[MEM] ep058 val-start: use=1.5G peak=1.9G limit=n/a anon=1.3G file=0.2G slab=0.0G
[MEM] end epoch 058: use=1.5G peak=1.9G limit=n/a anon=1.3G file=0.2G slab=0.0G
Epoch 058 | Train Huber 0.2048 MAE 0.5075 | Val Huber 0.2875 MAE 0.6172 | LR 3.13e-06
[MEM] ep059 train-start: use=1.5G peak=1.9G limit=n/a anon=1.3G file=0.2G slab=0.0G
[MEM] ep059 batch 1: use=1.6G peak=1.9G limit=n/a anon=1.4G file=0.2G slab=0.0G
[MEM] ep059 batch 2: use=1.6G peak=1.9G limit=n/a anon=1.4G file=0.2G slab=0.0G
[MEM] ep059 batch 3: use=1.6G peak=1.9G limit=n/a anon=1.4G file=0.2G slab=0.0G
[MEM] ep059 batch 4: use=1.6G peak=1.9G limit=n/a anon=1.4G file=0.2G slab=0.0G
[MEM] ep059 batch 5: use=1.6G peak=1.9G limit=n/a anon=1.4G file=0.2G slab=0.0G
[MEM] ep059 batch 500: use=1.6G peak=1.9G limit=n/a anon=1.5G file=0.2G slab=0.0G
[MEM] ep059 batch 1000: use=1.7G peak=1.9G limit=n/a anon=1.5G file=0.2G slab=0.0G
[MEM] ep059 batch 1500: use=1.7G peak=1.9G limit=n/a anon=1.5G file=0.2G slab=0.0G
[MEM] ep059 batch 2000: use=1.8G peak=1.9G limit=n/a anon=1.6G file=0.2G slab=0.0G
[MEM] ep059 batch 2500: use=1.8G peak=1.9G limit=n/a anon=1.6G file=0.2G slab=0.0G
[MEM] ep059 batch 3000: use=1.8G peak=1.9G limit=n/a anon=1.6G file=0.2G slab=0.0G
[MEM] ep059 batch 3500: use=1.8G peak=1.9G limit=n/a anon=1.6G file=0.2G slab=0.0G
[MEM] ep059 batch 4000: use=1.8G peak=1.9G limit=n/a anon=1.6G file=0.2G slab=0.0G
[MEM] ep059 batch 4500: use=1.9G peak=1.9G limit=n/a anon=1.7G file=0.2G slab=0.0G
[MEM] ep059 batch 5000: use=1.9G peak=1.9G limit=n/a anon=1.7G file=0.2G slab=0.0G
[MEM] ep059 batch 5500: use=1.9G peak=1.9G limit=n/a anon=1.7G file=0.2G slab=0.0G
[MEM] ep059 val-start: use=1.5G peak=1.9G limit=n/a anon=1.3G file=0.2G slab=0.0G
[MEM] end epoch 059: use=1.5G peak=1.9G limit=n/a anon=1.3G file=0.2G slab=0.0G
Epoch 059 | Train Huber 0.2045 MAE 0.5071 | Val Huber 0.2874 MAE 0.6165 | LR 3.13e-06
[MEM] ep060 train-start: use=1.5G peak=1.9G limit=n/a anon=1.3G file=0.2G slab=0.0G
[MEM] ep060 batch 1: use=1.6G peak=1.9G limit=n/a anon=1.4G file=0.2G slab=0.0G
[MEM] ep060 batch 2: use=1.6G peak=1.9G limit=n/a anon=1.4G file=0.2G slab=0.0G
[MEM] ep060 batch 3: use=1.6G peak=1.9G limit=n/a anon=1.4G file=0.2G slab=0.0G
[MEM] ep060 batch 4: use=1.6G peak=1.9G limit=n/a anon=1.4G file=0.2G slab=0.0G
[MEM] ep060 batch 5: use=1.6G peak=1.9G limit=n/a anon=1.4G file=0.2G slab=0.0G
[MEM] ep060 batch 500: use=1.7G peak=1.9G limit=n/a anon=1.5G file=0.2G slab=0.0G
[MEM] ep060 batch 1000: use=1.7G peak=1.9G limit=n/a anon=1.5G file=0.2G slab=0.0G
[MEM] ep060 batch 1500: use=1.7G peak=1.9G limit=n/a anon=1.5G file=0.2G slab=0.0G
[MEM] ep060 batch 2000: use=1.8G peak=1.9G limit=n/a anon=1.6G file=0.2G slab=0.0G
[MEM] ep060 batch 2500: use=1.8G peak=1.9G limit=n/a anon=1.6G file=0.2G slab=0.0G
[MEM] ep060 batch 3000: use=1.8G peak=1.9G limit=n/a anon=1.6G file=0.2G slab=0.0G
[MEM] ep060 batch 3500: use=1.8G peak=1.9G limit=n/a anon=1.6G file=0.2G slab=0.0G
[MEM] ep060 batch 4000: use=1.8G peak=1.9G limit=n/a anon=1.6G file=0.2G slab=0.0G
[MEM] ep060 batch 4500: use=1.9G peak=1.9G limit=n/a anon=1.7G file=0.2G slab=0.0G
[MEM] ep060 batch 5000: use=1.9G peak=1.9G limit=n/a anon=1.7G file=0.2G slab=0.0G
[MEM] ep060 batch 5500: use=1.9G peak=1.9G limit=n/a anon=1.7G file=0.2G slab=0.0G
[MEM] ep060 val-start: use=1.5G peak=1.9G limit=n/a anon=1.3G file=0.2G slab=0.0G
[MEM] end epoch 060: use=1.5G peak=1.9G limit=n/a anon=1.3G file=0.2G slab=0.0G
Epoch 060 | Train Huber 0.2044 MAE 0.5069 | Val Huber 0.2878 MAE 0.6165 | LR 3.13e-06
[MEM] ep061 train-start: use=1.5G peak=1.9G limit=n/a anon=1.3G file=0.2G slab=0.0G
[MEM] ep061 batch 1: use=1.6G peak=1.9G limit=n/a anon=1.4G file=0.2G slab=0.0G
[MEM] ep061 batch 2: use=1.6G peak=1.9G limit=n/a anon=1.4G file=0.2G slab=0.0G
[MEM] ep061 batch 3: use=1.6G peak=1.9G limit=n/a anon=1.4G file=0.2G slab=0.0G
[MEM] ep061 batch 4: use=1.6G peak=1.9G limit=n/a anon=1.4G file=0.2G slab=0.0G
[MEM] ep061 batch 5: use=1.6G peak=1.9G limit=n/a anon=1.4G file=0.2G slab=0.0G
[MEM] ep061 batch 500: use=1.6G peak=1.9G limit=n/a anon=1.5G file=0.2G slab=0.0G
[MEM] ep061 batch 1000: use=1.7G peak=1.9G limit=n/a anon=1.5G file=0.2G slab=0.0G
[MEM] ep061 batch 1500: use=1.7G peak=1.9G limit=n/a anon=1.5G file=0.2G slab=0.0G
[MEM] ep061 batch 2000: use=1.8G peak=1.9G limit=n/a anon=1.6G file=0.2G slab=0.0G
[MEM] ep061 batch 2500: use=1.8G peak=1.9G limit=n/a anon=1.6G file=0.2G slab=0.0G
[MEM] ep061 batch 3000: use=1.8G peak=1.9G limit=n/a anon=1.6G file=0.2G slab=0.0G
[MEM] ep061 batch 3500: use=1.8G peak=1.9G limit=n/a anon=1.6G file=0.2G slab=0.0G
[MEM] ep061 batch 4000: use=1.8G peak=1.9G limit=n/a anon=1.6G file=0.2G slab=0.0G
[MEM] ep061 batch 4500: use=1.9G peak=1.9G limit=n/a anon=1.7G file=0.2G slab=0.0G
[MEM] ep061 batch 5000: use=1.9G peak=1.9G limit=n/a anon=1.7G file=0.2G slab=0.0G
[MEM] ep061 batch 5500: use=1.9G peak=1.9G limit=n/a anon=1.7G file=0.2G slab=0.0G
[MEM] ep061 val-start: use=1.5G peak=1.9G limit=n/a anon=1.3G file=0.2G slab=0.0G
[MEM] end epoch 061: use=1.5G peak=1.9G limit=n/a anon=1.3G file=0.2G slab=0.0G
Epoch 061 | Train Huber 0.2039 MAE 0.5061 | Val Huber 0.2878 MAE 0.6169 | LR 3.13e-06
[MEM] ep062 train-start: use=1.5G peak=1.9G limit=n/a anon=1.3G file=0.2G slab=0.0G
[MEM] ep062 batch 1: use=1.6G peak=1.9G limit=n/a anon=1.4G file=0.2G slab=0.0G
[MEM] ep062 batch 2: use=1.6G peak=1.9G limit=n/a anon=1.4G file=0.2G slab=0.0G
[MEM] ep062 batch 3: use=1.6G peak=1.9G limit=n/a anon=1.4G file=0.2G slab=0.0G
[MEM] ep062 batch 4: use=1.6G peak=1.9G limit=n/a anon=1.4G file=0.2G slab=0.0G
[MEM] ep062 batch 5: use=1.6G peak=1.9G limit=n/a anon=1.4G file=0.2G slab=0.0G
[MEM] ep062 batch 500: use=1.6G peak=1.9G limit=n/a anon=1.5G file=0.2G slab=0.0G
[MEM] ep062 batch 1000: use=1.7G peak=1.9G limit=n/a anon=1.5G file=0.2G slab=0.0G
[MEM] ep062 batch 1500: use=1.7G peak=1.9G limit=n/a anon=1.5G file=0.2G slab=0.0G
[MEM] ep062 batch 2000: use=1.8G peak=1.9G limit=n/a anon=1.6G file=0.2G slab=0.0G
[MEM] ep062 batch 2500: use=1.8G peak=1.9G limit=n/a anon=1.6G file=0.2G slab=0.0G
[MEM] ep062 batch 3000: use=1.8G peak=1.9G limit=n/a anon=1.6G file=0.2G slab=0.0G
[MEM] ep062 batch 3500: use=1.8G peak=1.9G limit=n/a anon=1.6G file=0.2G slab=0.0G
[MEM] ep062 batch 4000: use=1.8G peak=1.9G limit=n/a anon=1.6G file=0.2G slab=0.0G
[MEM] ep062 batch 4500: use=1.9G peak=1.9G limit=n/a anon=1.7G file=0.2G slab=0.0G
[MEM] ep062 batch 5000: use=1.9G peak=1.9G limit=n/a anon=1.7G file=0.2G slab=0.0G
[MEM] ep062 batch 5500: use=1.9G peak=1.9G limit=n/a anon=1.7G file=0.2G slab=0.0G
[MEM] ep062 val-start: use=1.5G peak=1.9G limit=n/a anon=1.3G file=0.2G slab=0.0G
[MEM] end epoch 062: use=1.5G peak=1.9G limit=n/a anon=1.3G file=0.2G slab=0.0G
Epoch 062 | Train Huber 0.2041 MAE 0.5064 | Val Huber 0.2882 MAE 0.6175 | LR 3.13e-06
[MEM] ep063 train-start: use=1.5G peak=1.9G limit=n/a anon=1.3G file=0.2G slab=0.0G
[MEM] ep063 batch 1: use=1.6G peak=1.9G limit=n/a anon=1.4G file=0.2G slab=0.0G
[MEM] ep063 batch 2: use=1.6G peak=1.9G limit=n/a anon=1.4G file=0.2G slab=0.0G
[MEM] ep063 batch 3: use=1.6G peak=1.9G limit=n/a anon=1.4G file=0.2G slab=0.0G
[MEM] ep063 batch 4: use=1.6G peak=1.9G limit=n/a anon=1.4G file=0.2G slab=0.0G
[MEM] ep063 batch 5: use=1.6G peak=1.9G limit=n/a anon=1.4G file=0.2G slab=0.0G
[MEM] ep063 batch 500: use=1.6G peak=1.9G limit=n/a anon=1.5G file=0.2G slab=0.0G
[MEM] ep063 batch 1000: use=1.7G peak=1.9G limit=n/a anon=1.5G file=0.2G slab=0.0G
[MEM] ep063 batch 1500: use=1.7G peak=1.9G limit=n/a anon=1.5G file=0.2G slab=0.0G
[MEM] ep063 batch 2000: use=1.8G peak=1.9G limit=n/a anon=1.6G file=0.2G slab=0.0G
[MEM] ep063 batch 2500: use=1.8G peak=1.9G limit=n/a anon=1.6G file=0.2G slab=0.0G
[MEM] ep063 batch 3000: use=1.8G peak=1.9G limit=n/a anon=1.6G file=0.2G slab=0.0G
[MEM] ep063 batch 3500: use=1.8G peak=1.9G limit=n/a anon=1.6G file=0.2G slab=0.0G
[MEM] ep063 batch 4000: use=1.8G peak=1.9G limit=n/a anon=1.6G file=0.2G slab=0.0G
[MEM] ep063 batch 4500: use=1.9G peak=1.9G limit=n/a anon=1.7G file=0.2G slab=0.0G
[MEM] ep063 batch 5000: use=1.9G peak=1.9G limit=n/a anon=1.7G file=0.2G slab=0.0G
[MEM] ep063 batch 5500: use=1.9G peak=1.9G limit=n/a anon=1.7G file=0.2G slab=0.0G
[MEM] ep063 val-start: use=1.5G peak=1.9G limit=n/a anon=1.3G file=0.2G slab=0.0G
[MEM] end epoch 063: use=1.5G peak=1.9G limit=n/a anon=1.3G file=0.2G slab=0.0G
Epoch 063 | Train Huber 0.2037 MAE 0.5062 | Val Huber 0.2883 MAE 0.6181 | LR 1.56e-06
[MEM] ep064 train-start: use=1.5G peak=1.9G limit=n/a anon=1.3G file=0.2G slab=0.0G
[MEM] ep064 batch 1: use=1.6G peak=1.9G limit=n/a anon=1.4G file=0.2G slab=0.0G
[MEM] ep064 batch 2: use=1.6G peak=1.9G limit=n/a anon=1.4G file=0.2G slab=0.0G
[MEM] ep064 batch 3: use=1.6G peak=1.9G limit=n/a anon=1.4G file=0.2G slab=0.0G
[MEM] ep064 batch 4: use=1.6G peak=1.9G limit=n/a anon=1.4G file=0.2G slab=0.0G
[MEM] ep064 batch 5: use=1.6G peak=1.9G limit=n/a anon=1.4G file=0.2G slab=0.0G
[MEM] ep064 batch 500: use=1.6G peak=1.9G limit=n/a anon=1.5G file=0.2G slab=0.0G
[MEM] ep064 batch 1000: use=1.7G peak=1.9G limit=n/a anon=1.5G file=0.2G slab=0.0G
[MEM] ep064 batch 1500: use=1.7G peak=1.9G limit=n/a anon=1.5G file=0.2G slab=0.0G
[MEM] ep064 batch 2000: use=1.8G peak=1.9G limit=n/a anon=1.6G file=0.2G slab=0.0G
[MEM] ep064 batch 2500: use=1.8G peak=1.9G limit=n/a anon=1.6G file=0.2G slab=0.0G
[MEM] ep064 batch 3000: use=1.8G peak=1.9G limit=n/a anon=1.6G file=0.2G slab=0.0G
[MEM] ep064 batch 3500: use=1.8G peak=1.9G limit=n/a anon=1.6G file=0.2G slab=0.0G
[MEM] ep064 batch 4000: use=1.8G peak=1.9G limit=n/a anon=1.6G file=0.2G slab=0.0G
[MEM] ep064 batch 4500: use=1.9G peak=1.9G limit=n/a anon=1.7G file=0.2G slab=0.0G
[MEM] ep064 batch 5000: use=1.9G peak=1.9G limit=n/a anon=1.7G file=0.2G slab=0.0G
[MEM] ep064 batch 5500: use=1.9G peak=1.9G limit=n/a anon=1.7G file=0.2G slab=0.0G
[MEM] ep064 val-start: use=1.5G peak=1.9G limit=n/a anon=1.3G file=0.2G slab=0.0G
[MEM] end epoch 064: use=1.5G peak=1.9G limit=n/a anon=1.3G file=0.2G slab=0.0G
Epoch 064 | Train Huber 0.2029 MAE 0.5047 | Val Huber 0.2888 MAE 0.6184 | LR 1.56e-06
[MEM] ep065 train-start: use=1.5G peak=1.9G limit=n/a anon=1.3G file=0.2G slab=0.0G
[MEM] ep065 batch 1: use=1.6G peak=1.9G limit=n/a anon=1.4G file=0.2G slab=0.0G
[MEM] ep065 batch 2: use=1.6G peak=1.9G limit=n/a anon=1.4G file=0.2G slab=0.0G
[MEM] ep065 batch 3: use=1.6G peak=1.9G limit=n/a anon=1.4G file=0.2G slab=0.0G
[MEM] ep065 batch 4: use=1.6G peak=1.9G limit=n/a anon=1.4G file=0.2G slab=0.0G
[MEM] ep065 batch 5: use=1.6G peak=1.9G limit=n/a anon=1.4G file=0.2G slab=0.0G
[MEM] ep065 batch 500: use=1.7G peak=1.9G limit=n/a anon=1.5G file=0.2G slab=0.0G
[MEM] ep065 batch 1000: use=1.7G peak=1.9G limit=n/a anon=1.5G file=0.2G slab=0.0G
[MEM] ep065 batch 1500: use=1.7G peak=1.9G limit=n/a anon=1.5G file=0.2G slab=0.0G
[MEM] ep065 batch 2000: use=1.8G peak=1.9G limit=n/a anon=1.6G file=0.2G slab=0.0G
[MEM] ep065 batch 2500: use=1.8G peak=1.9G limit=n/a anon=1.6G file=0.2G slab=0.0G
[MEM] ep065 batch 3000: use=1.8G peak=1.9G limit=n/a anon=1.6G file=0.2G slab=0.0G
[MEM] ep065 batch 3500: use=1.8G peak=1.9G limit=n/a anon=1.6G file=0.2G slab=0.0G
[MEM] ep065 batch 4000: use=1.8G peak=1.9G limit=n/a anon=1.6G file=0.2G slab=0.0G
[MEM] ep065 batch 4500: use=1.9G peak=1.9G limit=n/a anon=1.7G file=0.2G slab=0.0G
[MEM] ep065 batch 5000: use=1.9G peak=1.9G limit=n/a anon=1.7G file=0.2G slab=0.0G
[MEM] ep065 batch 5500: use=1.9G peak=1.9G limit=n/a anon=1.7G file=0.2G slab=0.0G
[MEM] ep065 val-start: use=1.5G peak=1.9G limit=n/a anon=1.3G file=0.2G slab=0.0G
[MEM] end epoch 065: use=1.5G peak=1.9G limit=n/a anon=1.3G file=0.2G slab=0.0G
Epoch 065 | Train Huber 0.2026 MAE 0.5044 | Val Huber 0.2886 MAE 0.6184 | LR 1.56e-06
[MEM] ep066 train-start: use=1.5G peak=1.9G limit=n/a anon=1.3G file=0.2G slab=0.0G
[MEM] ep066 batch 1: use=1.6G peak=1.9G limit=n/a anon=1.4G file=0.2G slab=0.0G
[MEM] ep066 batch 2: use=1.6G peak=1.9G limit=n/a anon=1.4G file=0.2G slab=0.0G
[MEM] ep066 batch 3: use=1.6G peak=1.9G limit=n/a anon=1.4G file=0.2G slab=0.0G
[MEM] ep066 batch 4: use=1.6G peak=1.9G limit=n/a anon=1.4G file=0.2G slab=0.0G
[MEM] ep066 batch 5: use=1.6G peak=1.9G limit=n/a anon=1.4G file=0.2G slab=0.0G
[MEM] ep066 batch 500: use=1.6G peak=1.9G limit=n/a anon=1.5G file=0.2G slab=0.0G
[MEM] ep066 batch 1000: use=1.7G peak=1.9G limit=n/a anon=1.5G file=0.2G slab=0.0G
[MEM] ep066 batch 1500: use=1.7G peak=1.9G limit=n/a anon=1.5G file=0.2G slab=0.0G
[MEM] ep066 batch 2000: use=1.8G peak=1.9G limit=n/a anon=1.6G file=0.2G slab=0.0G
[MEM] ep066 batch 2500: use=1.8G peak=1.9G limit=n/a anon=1.6G file=0.2G slab=0.0G
[MEM] ep066 batch 3000: use=1.8G peak=1.9G limit=n/a anon=1.6G file=0.2G slab=0.0G
[MEM] ep066 batch 3500: use=1.8G peak=1.9G limit=n/a anon=1.6G file=0.2G slab=0.0G
[MEM] ep066 batch 4000: use=1.8G peak=1.9G limit=n/a anon=1.6G file=0.2G slab=0.0G
[MEM] ep066 batch 4500: use=1.9G peak=1.9G limit=n/a anon=1.7G file=0.2G slab=0.0G
[MEM] ep066 batch 5000: use=1.9G peak=1.9G limit=n/a anon=1.7G file=0.2G slab=0.0G
[MEM] ep066 batch 5500: use=1.9G peak=1.9G limit=n/a anon=1.7G file=0.2G slab=0.0G
[MEM] ep066 val-start: use=1.5G peak=1.9G limit=n/a anon=1.3G file=0.2G slab=0.0G
[MEM] end epoch 066: use=1.5G peak=1.9G limit=n/a anon=1.3G file=0.2G slab=0.0G
Epoch 066 | Train Huber 0.2023 MAE 0.5039 | Val Huber 0.2892 MAE 0.6185 | LR 1.56e-06
[MEM] ep067 train-start: use=1.5G peak=1.9G limit=n/a anon=1.3G file=0.2G slab=0.0G
[MEM] ep067 batch 1: use=1.6G peak=1.9G limit=n/a anon=1.4G file=0.2G slab=0.0G
[MEM] ep067 batch 2: use=1.6G peak=1.9G limit=n/a anon=1.4G file=0.2G slab=0.0G
[MEM] ep067 batch 3: use=1.6G peak=1.9G limit=n/a anon=1.4G file=0.2G slab=0.0G
[MEM] ep067 batch 4: use=1.6G peak=1.9G limit=n/a anon=1.4G file=0.2G slab=0.0G
[MEM] ep067 batch 5: use=1.6G peak=1.9G limit=n/a anon=1.4G file=0.2G slab=0.0G
[MEM] ep067 batch 500: use=1.6G peak=1.9G limit=n/a anon=1.5G file=0.2G slab=0.0G
[MEM] ep067 batch 1000: use=1.7G peak=1.9G limit=n/a anon=1.5G file=0.2G slab=0.0G
[MEM] ep067 batch 1500: use=1.7G peak=1.9G limit=n/a anon=1.5G file=0.2G slab=0.0G
[MEM] ep067 batch 2000: use=1.8G peak=1.9G limit=n/a anon=1.6G file=0.2G slab=0.0G
[MEM] ep067 batch 2500: use=1.8G peak=1.9G limit=n/a anon=1.6G file=0.2G slab=0.0G
[MEM] ep067 batch 3000: use=1.8G peak=1.9G limit=n/a anon=1.6G file=0.2G slab=0.0G
[MEM] ep067 batch 3500: use=1.8G peak=1.9G limit=n/a anon=1.6G file=0.2G slab=0.0G
[MEM] ep067 batch 4000: use=1.8G peak=1.9G limit=n/a anon=1.6G file=0.2G slab=0.0G
[MEM] ep067 batch 4500: use=1.9G peak=1.9G limit=n/a anon=1.7G file=0.2G slab=0.0G
[MEM] ep067 batch 5000: use=1.9G peak=1.9G limit=n/a anon=1.7G file=0.2G slab=0.0G
[MEM] ep067 batch 5500: use=1.9G peak=1.9G limit=n/a anon=1.7G file=0.2G slab=0.0G
[MEM] ep067 val-start: use=1.5G peak=1.9G limit=n/a anon=1.3G file=0.2G slab=0.0G
[MEM] end epoch 067: use=1.5G peak=1.9G limit=n/a anon=1.3G file=0.2G slab=0.0G
Epoch 067 | Train Huber 0.2027 MAE 0.5047 | Val Huber 0.2890 MAE 0.6186 | LR 1.56e-06
[MEM] ep068 train-start: use=1.5G peak=1.9G limit=n/a anon=1.3G file=0.2G slab=0.0G
[MEM] ep068 batch 1: use=1.6G peak=1.9G limit=n/a anon=1.4G file=0.2G slab=0.0G
[MEM] ep068 batch 2: use=1.6G peak=1.9G limit=n/a anon=1.4G file=0.2G slab=0.0G
[MEM] ep068 batch 3: use=1.6G peak=1.9G limit=n/a anon=1.4G file=0.2G slab=0.0G
[MEM] ep068 batch 4: use=1.6G peak=1.9G limit=n/a anon=1.4G file=0.2G slab=0.0G
[MEM] ep068 batch 5: use=1.6G peak=1.9G limit=n/a anon=1.4G file=0.2G slab=0.0G
[MEM] ep068 batch 500: use=1.6G peak=1.9G limit=n/a anon=1.5G file=0.2G slab=0.0G
[MEM] ep068 batch 1000: use=1.7G peak=1.9G limit=n/a anon=1.5G file=0.2G slab=0.0G
[MEM] ep068 batch 1500: use=1.7G peak=1.9G limit=n/a anon=1.5G file=0.2G slab=0.0G
[MEM] ep068 batch 2000: use=1.8G peak=1.9G limit=n/a anon=1.6G file=0.2G slab=0.0G
[MEM] ep068 batch 2500: use=1.8G peak=1.9G limit=n/a anon=1.6G file=0.2G slab=0.0G
[MEM] ep068 batch 3000: use=1.8G peak=1.9G limit=n/a anon=1.6G file=0.2G slab=0.0G
[MEM] ep068 batch 3500: use=1.8G peak=1.9G limit=n/a anon=1.6G file=0.2G slab=0.0G
[MEM] ep068 batch 4000: use=1.8G peak=1.9G limit=n/a anon=1.6G file=0.2G slab=0.0G
[MEM] ep068 batch 4500: use=1.9G peak=1.9G limit=n/a anon=1.7G file=0.2G slab=0.0G
[MEM] ep068 batch 5000: use=1.9G peak=1.9G limit=n/a anon=1.7G file=0.2G slab=0.0G
[MEM] ep068 batch 5500: use=1.9G peak=1.9G limit=n/a anon=1.7G file=0.2G slab=0.0G
[MEM] ep068 val-start: use=1.5G peak=1.9G limit=n/a anon=1.3G file=0.2G slab=0.0G
[MEM] end epoch 068: use=1.5G peak=1.9G limit=n/a anon=1.3G file=0.2G slab=0.0G
Epoch 068 | Train Huber 0.2025 MAE 0.5043 | Val Huber 0.2887 MAE 0.6185 | LR 1.56e-06
[MEM] ep069 train-start: use=1.5G peak=1.9G limit=n/a anon=1.3G file=0.2G slab=0.0G
[MEM] ep069 batch 1: use=1.6G peak=1.9G limit=n/a anon=1.4G file=0.2G slab=0.0G
[MEM] ep069 batch 2: use=1.6G peak=1.9G limit=n/a anon=1.4G file=0.2G slab=0.0G
[MEM] ep069 batch 3: use=1.6G peak=1.9G limit=n/a anon=1.4G file=0.2G slab=0.0G
[MEM] ep069 batch 4: use=1.6G peak=1.9G limit=n/a anon=1.4G file=0.2G slab=0.0G
[MEM] ep069 batch 5: use=1.6G peak=1.9G limit=n/a anon=1.4G file=0.2G slab=0.0G
[MEM] ep069 batch 500: use=1.6G peak=1.9G limit=n/a anon=1.5G file=0.2G slab=0.0G
[MEM] ep069 batch 1000: use=1.7G peak=1.9G limit=n/a anon=1.5G file=0.2G slab=0.0G
[MEM] ep069 batch 1500: use=1.7G peak=1.9G limit=n/a anon=1.5G file=0.2G slab=0.0G
[MEM] ep069 batch 2000: use=1.8G peak=1.9G limit=n/a anon=1.6G file=0.2G slab=0.0G
[MEM] ep069 batch 2500: use=1.8G peak=1.9G limit=n/a anon=1.6G file=0.2G slab=0.0G
[MEM] ep069 batch 3000: use=1.8G peak=1.9G limit=n/a anon=1.6G file=0.2G slab=0.0G
[MEM] ep069 batch 3500: use=1.8G peak=1.9G limit=n/a anon=1.6G file=0.2G slab=0.0G
[MEM] ep069 batch 4000: use=1.8G peak=1.9G limit=n/a anon=1.6G file=0.2G slab=0.0G
[MEM] ep069 batch 4500: use=1.9G peak=1.9G limit=n/a anon=1.7G file=0.2G slab=0.0G
[MEM] ep069 batch 5000: use=1.9G peak=1.9G limit=n/a anon=1.7G file=0.2G slab=0.0G
[MEM] ep069 batch 5500: use=1.9G peak=1.9G limit=n/a anon=1.7G file=0.2G slab=0.0G
[MEM] ep069 val-start: use=1.5G peak=1.9G limit=n/a anon=1.3G file=0.2G slab=0.0G
[MEM] end epoch 069: use=1.5G peak=1.9G limit=n/a anon=1.3G file=0.2G slab=0.0G
Epoch 069 | Train Huber 0.2024 MAE 0.5041 | Val Huber 0.2892 MAE 0.6188 | LR 7.81e-07
[MEM] ep070 train-start: use=1.5G peak=1.9G limit=n/a anon=1.3G file=0.2G slab=0.0G
[MEM] ep070 batch 1: use=1.6G peak=1.9G limit=n/a anon=1.4G file=0.2G slab=0.0G
[MEM] ep070 batch 2: use=1.6G peak=1.9G limit=n/a anon=1.4G file=0.2G slab=0.0G
[MEM] ep070 batch 3: use=1.6G peak=1.9G limit=n/a anon=1.4G file=0.2G slab=0.0G
[MEM] ep070 batch 4: use=1.6G peak=1.9G limit=n/a anon=1.4G file=0.2G slab=0.0G
[MEM] ep070 batch 5: use=1.6G peak=1.9G limit=n/a anon=1.4G file=0.2G slab=0.0G
[MEM] ep070 batch 500: use=1.7G peak=1.9G limit=n/a anon=1.5G file=0.2G slab=0.0G
[MEM] ep070 batch 1000: use=1.7G peak=1.9G limit=n/a anon=1.5G file=0.2G slab=0.0G
[MEM] ep070 batch 1500: use=1.7G peak=1.9G limit=n/a anon=1.5G file=0.2G slab=0.0G
[MEM] ep070 batch 2000: use=1.8G peak=1.9G limit=n/a anon=1.6G file=0.2G slab=0.0G
[MEM] ep070 batch 2500: use=1.8G peak=1.9G limit=n/a anon=1.6G file=0.2G slab=0.0G
[MEM] ep070 batch 3000: use=1.8G peak=1.9G limit=n/a anon=1.6G file=0.2G slab=0.0G
[MEM] ep070 batch 3500: use=1.8G peak=1.9G limit=n/a anon=1.6G file=0.2G slab=0.0G
[MEM] ep070 batch 4000: use=1.8G peak=1.9G limit=n/a anon=1.6G file=0.2G slab=0.0G
[MEM] ep070 batch 4500: use=1.9G peak=1.9G limit=n/a anon=1.7G file=0.2G slab=0.0G
[MEM] ep070 batch 5000: use=1.9G peak=1.9G limit=n/a anon=1.7G file=0.2G slab=0.0G
[MEM] ep070 batch 5500: use=1.9G peak=1.9G limit=n/a anon=1.7G file=0.2G slab=0.0G
[MEM] ep070 val-start: use=1.5G peak=1.9G limit=n/a anon=1.3G file=0.2G slab=0.0G
[MEM] end epoch 070: use=1.5G peak=1.9G limit=n/a anon=1.3G file=0.2G slab=0.0G
Epoch 070 | Train Huber 0.2019 MAE 0.5032 | Val Huber 0.2891 MAE 0.6186 | LR 7.81e-07
[MEM] ep071 train-start: use=1.5G peak=1.9G limit=n/a anon=1.3G file=0.2G slab=0.0G
[MEM] ep071 batch 1: use=1.6G peak=1.9G limit=n/a anon=1.4G file=0.2G slab=0.0G
[MEM] ep071 batch 2: use=1.6G peak=1.9G limit=n/a anon=1.4G file=0.2G slab=0.0G
[MEM] ep071 batch 3: use=1.6G peak=1.9G limit=n/a anon=1.4G file=0.2G slab=0.0G
[MEM] ep071 batch 4: use=1.6G peak=1.9G limit=n/a anon=1.4G file=0.2G slab=0.0G
[MEM] ep071 batch 5: use=1.6G peak=1.9G limit=n/a anon=1.4G file=0.2G slab=0.0G
[MEM] ep071 batch 500: use=1.6G peak=1.9G limit=n/a anon=1.5G file=0.2G slab=0.0G
[MEM] ep071 batch 1000: use=1.7G peak=1.9G limit=n/a anon=1.5G file=0.2G slab=0.0G
[MEM] ep071 batch 1500: use=1.7G peak=1.9G limit=n/a anon=1.5G file=0.2G slab=0.0G
[MEM] ep071 batch 2000: use=1.8G peak=1.9G limit=n/a anon=1.6G file=0.2G slab=0.0G
[MEM] ep071 batch 2500: use=1.8G peak=1.9G limit=n/a anon=1.6G file=0.2G slab=0.0G
[MEM] ep071 batch 3000: use=1.8G peak=1.9G limit=n/a anon=1.6G file=0.2G slab=0.0G
[MEM] ep071 batch 3500: use=1.8G peak=1.9G limit=n/a anon=1.6G file=0.2G slab=0.0G
[MEM] ep071 batch 4000: use=1.8G peak=1.9G limit=n/a anon=1.6G file=0.2G slab=0.0G
[MEM] ep071 batch 4500: use=1.9G peak=1.9G limit=n/a anon=1.7G file=0.2G slab=0.0G
[MEM] ep071 batch 5000: use=1.9G peak=1.9G limit=n/a anon=1.7G file=0.2G slab=0.0G
[MEM] ep071 batch 5500: use=1.9G peak=1.9G limit=n/a anon=1.7G file=0.2G slab=0.0G
[MEM] ep071 val-start: use=1.5G peak=1.9G limit=n/a anon=1.3G file=0.2G slab=0.0G
[MEM] end epoch 071: use=1.5G peak=1.9G limit=n/a anon=1.3G file=0.2G slab=0.0G
Epoch 071 | Train Huber 0.2018 MAE 0.5032 | Val Huber 0.2893 MAE 0.6191 | LR 7.81e-07
[MEM] ep072 train-start: use=1.5G peak=1.9G limit=n/a anon=1.3G file=0.2G slab=0.0G
[MEM] ep072 batch 1: use=1.6G peak=1.9G limit=n/a anon=1.4G file=0.2G slab=0.0G
[MEM] ep072 batch 2: use=1.6G peak=1.9G limit=n/a anon=1.4G file=0.2G slab=0.0G
[MEM] ep072 batch 3: use=1.6G peak=1.9G limit=n/a anon=1.4G file=0.2G slab=0.0G
[MEM] ep072 batch 4: use=1.6G peak=1.9G limit=n/a anon=1.4G file=0.2G slab=0.0G
[MEM] ep072 batch 5: use=1.6G peak=1.9G limit=n/a anon=1.4G file=0.2G slab=0.0G
[MEM] ep072 batch 500: use=1.7G peak=1.9G limit=n/a anon=1.5G file=0.2G slab=0.0G
[MEM] ep072 batch 1000: use=1.7G peak=1.9G limit=n/a anon=1.5G file=0.2G slab=0.0G
[MEM] ep072 batch 1500: use=1.7G peak=1.9G limit=n/a anon=1.5G file=0.2G slab=0.0G
[MEM] ep072 batch 2000: use=1.8G peak=1.9G limit=n/a anon=1.6G file=0.2G slab=0.0G
[MEM] ep072 batch 2500: use=1.8G peak=1.9G limit=n/a anon=1.6G file=0.2G slab=0.0G
[MEM] ep072 batch 3000: use=1.8G peak=1.9G limit=n/a anon=1.6G file=0.2G slab=0.0G
[MEM] ep072 batch 3500: use=1.8G peak=1.9G limit=n/a anon=1.6G file=0.2G slab=0.0G
[MEM] ep072 batch 4000: use=1.8G peak=1.9G limit=n/a anon=1.6G file=0.2G slab=0.0G
[MEM] ep072 batch 4500: use=1.9G peak=1.9G limit=n/a anon=1.7G file=0.2G slab=0.0G
[MEM] ep072 batch 5000: use=1.9G peak=1.9G limit=n/a anon=1.7G file=0.2G slab=0.0G
[MEM] ep072 batch 5500: use=1.9G peak=1.9G limit=n/a anon=1.7G file=0.2G slab=0.0G
[MEM] ep072 val-start: use=1.5G peak=1.9G limit=n/a anon=1.3G file=0.2G slab=0.0G
[MEM] end epoch 072: use=1.5G peak=1.9G limit=n/a anon=1.3G file=0.2G slab=0.0G
Epoch 072 | Train Huber 0.2015 MAE 0.5025 | Val Huber 0.2891 MAE 0.6186 | LR 7.81e-07
[MEM] ep073 train-start: use=1.5G peak=1.9G limit=n/a anon=1.3G file=0.2G slab=0.0G
[MEM] ep073 batch 1: use=1.6G peak=1.9G limit=n/a anon=1.4G file=0.2G slab=0.0G
[MEM] ep073 batch 2: use=1.6G peak=1.9G limit=n/a anon=1.4G file=0.2G slab=0.0G
[MEM] ep073 batch 3: use=1.6G peak=1.9G limit=n/a anon=1.4G file=0.2G slab=0.0G
[MEM] ep073 batch 4: use=1.6G peak=1.9G limit=n/a anon=1.4G file=0.2G slab=0.0G
[MEM] ep073 batch 5: use=1.6G peak=1.9G limit=n/a anon=1.4G file=0.2G slab=0.0G
[MEM] ep073 batch 500: use=1.6G peak=1.9G limit=n/a anon=1.5G file=0.2G slab=0.0G
[MEM] ep073 batch 1000: use=1.7G peak=1.9G limit=n/a anon=1.5G file=0.2G slab=0.0G
[MEM] ep073 batch 1500: use=1.7G peak=1.9G limit=n/a anon=1.5G file=0.2G slab=0.0G
[MEM] ep073 batch 2000: use=1.8G peak=1.9G limit=n/a anon=1.6G file=0.2G slab=0.0G
[MEM] ep073 batch 2500: use=1.8G peak=1.9G limit=n/a anon=1.6G file=0.2G slab=0.0G
[MEM] ep073 batch 3000: use=1.8G peak=1.9G limit=n/a anon=1.6G file=0.2G slab=0.0G
[MEM] ep073 batch 3500: use=1.8G peak=1.9G limit=n/a anon=1.6G file=0.2G slab=0.0G
[MEM] ep073 batch 4000: use=1.8G peak=1.9G limit=n/a anon=1.6G file=0.2G slab=0.0G
[MEM] ep073 batch 4500: use=1.9G peak=1.9G limit=n/a anon=1.7G file=0.2G slab=0.0G
[MEM] ep073 batch 5000: use=1.9G peak=1.9G limit=n/a anon=1.7G file=0.2G slab=0.0G
[MEM] ep073 batch 5500: use=1.9G peak=1.9G limit=n/a anon=1.7G file=0.2G slab=0.0G
[MEM] ep073 val-start: use=1.5G peak=1.9G limit=n/a anon=1.3G file=0.2G slab=0.0G
[MEM] end epoch 073: use=1.5G peak=1.9G limit=n/a anon=1.3G file=0.2G slab=0.0G
Epoch 073 | Train Huber 0.2017 MAE 0.5029 | Val Huber 0.2894 MAE 0.6191 | LR 7.81e-07
[MEM] ep074 train-start: use=1.5G peak=1.9G limit=n/a anon=1.3G file=0.2G slab=0.0G
[MEM] ep074 batch 1: use=1.6G peak=1.9G limit=n/a anon=1.4G file=0.2G slab=0.0G
[MEM] ep074 batch 2: use=1.6G peak=1.9G limit=n/a anon=1.4G file=0.2G slab=0.0G
[MEM] ep074 batch 3: use=1.6G peak=1.9G limit=n/a anon=1.4G file=0.2G slab=0.0G
[MEM] ep074 batch 4: use=1.6G peak=1.9G limit=n/a anon=1.4G file=0.2G slab=0.0G
[MEM] ep074 batch 5: use=1.6G peak=1.9G limit=n/a anon=1.4G file=0.2G slab=0.0G
[MEM] ep074 batch 500: use=1.6G peak=1.9G limit=n/a anon=1.5G file=0.2G slab=0.0G
[MEM] ep074 batch 1000: use=1.7G peak=1.9G limit=n/a anon=1.5G file=0.2G slab=0.0G
[MEM] ep074 batch 1500: use=1.7G peak=1.9G limit=n/a anon=1.5G file=0.2G slab=0.0G
[MEM] ep074 batch 2000: use=1.8G peak=1.9G limit=n/a anon=1.6G file=0.2G slab=0.0G
[MEM] ep074 batch 2500: use=1.8G peak=1.9G limit=n/a anon=1.6G file=0.2G slab=0.0G
[MEM] ep074 batch 3000: use=1.8G peak=1.9G limit=n/a anon=1.6G file=0.2G slab=0.0G
[MEM] ep074 batch 3500: use=1.8G peak=1.9G limit=n/a anon=1.6G file=0.2G slab=0.0G
[MEM] ep074 batch 4000: use=1.8G peak=1.9G limit=n/a anon=1.6G file=0.2G slab=0.0G
[MEM] ep074 batch 4500: use=1.9G peak=1.9G limit=n/a anon=1.7G file=0.2G slab=0.0G
[MEM] ep074 batch 5000: use=1.9G peak=1.9G limit=n/a anon=1.7G file=0.2G slab=0.0G
[MEM] ep074 batch 5500: use=1.9G peak=1.9G limit=n/a anon=1.7G file=0.2G slab=0.0G
[MEM] ep074 val-start: use=1.5G peak=1.9G limit=n/a anon=1.3G file=0.2G slab=0.0G
[MEM] end epoch 074: use=1.5G peak=1.9G limit=n/a anon=1.3G file=0.2G slab=0.0G
Epoch 074 | Train Huber 0.2016 MAE 0.5029 | Val Huber 0.2894 MAE 0.6191 | LR 7.81e-07
[MEM] ep075 train-start: use=1.5G peak=1.9G limit=n/a anon=1.3G file=0.2G slab=0.0G
[MEM] ep075 batch 1: use=1.6G peak=1.9G limit=n/a anon=1.4G file=0.2G slab=0.0G
[MEM] ep075 batch 2: use=1.6G peak=1.9G limit=n/a anon=1.4G file=0.2G slab=0.0G
[MEM] ep075 batch 3: use=1.6G peak=1.9G limit=n/a anon=1.4G file=0.2G slab=0.0G
[MEM] ep075 batch 4: use=1.6G peak=1.9G limit=n/a anon=1.4G file=0.2G slab=0.0G
[MEM] ep075 batch 5: use=1.6G peak=1.9G limit=n/a anon=1.4G file=0.2G slab=0.0G
[MEM] ep075 batch 500: use=1.6G peak=1.9G limit=n/a anon=1.5G file=0.2G slab=0.0G
[MEM] ep075 batch 1000: use=1.7G peak=1.9G limit=n/a anon=1.5G file=0.2G slab=0.0G
[MEM] ep075 batch 1500: use=1.7G peak=1.9G limit=n/a anon=1.5G file=0.2G slab=0.0G
[MEM] ep075 batch 2000: use=1.8G peak=1.9G limit=n/a anon=1.6G file=0.2G slab=0.0G
[MEM] ep075 batch 2500: use=1.8G peak=1.9G limit=n/a anon=1.6G file=0.2G slab=0.0G
[MEM] ep075 batch 3000: use=1.8G peak=1.9G limit=n/a anon=1.6G file=0.2G slab=0.0G
[MEM] ep075 batch 3500: use=1.8G peak=1.9G limit=n/a anon=1.6G file=0.2G slab=0.0G
[MEM] ep075 batch 4000: use=1.8G peak=1.9G limit=n/a anon=1.6G file=0.2G slab=0.0G
[MEM] ep075 batch 4500: use=1.9G peak=1.9G limit=n/a anon=1.7G file=0.2G slab=0.0G
[MEM] ep075 batch 5000: use=1.9G peak=1.9G limit=n/a anon=1.7G file=0.2G slab=0.0G
[MEM] ep075 batch 5500: use=1.9G peak=1.9G limit=n/a anon=1.7G file=0.2G slab=0.0G
[MEM] ep075 val-start: use=1.5G peak=1.9G limit=n/a anon=1.3G file=0.2G slab=0.0G
[MEM] end epoch 075: use=1.5G peak=1.9G limit=n/a anon=1.3G file=0.2G slab=0.0G
Epoch 075 | Train Huber 0.2014 MAE 0.5025 | Val Huber 0.2893 MAE 0.6191 | LR 3.91e-07
[MEM] ep076 train-start: use=1.5G peak=1.9G limit=n/a anon=1.3G file=0.2G slab=0.0G
[MEM] ep076 batch 1: use=1.6G peak=1.9G limit=n/a anon=1.4G file=0.2G slab=0.0G
[MEM] ep076 batch 2: use=1.6G peak=1.9G limit=n/a anon=1.4G file=0.2G slab=0.0G
[MEM] ep076 batch 3: use=1.6G peak=1.9G limit=n/a anon=1.4G file=0.2G slab=0.0G
[MEM] ep076 batch 4: use=1.6G peak=1.9G limit=n/a anon=1.4G file=0.2G slab=0.0G
[MEM] ep076 batch 5: use=1.6G peak=1.9G limit=n/a anon=1.4G file=0.2G slab=0.0G
[MEM] ep076 batch 500: use=1.6G peak=1.9G limit=n/a anon=1.5G file=0.2G slab=0.0G
[MEM] ep076 batch 1000: use=1.7G peak=1.9G limit=n/a anon=1.5G file=0.2G slab=0.0G
[MEM] ep076 batch 1500: use=1.7G peak=1.9G limit=n/a anon=1.5G file=0.2G slab=0.0G
[MEM] ep076 batch 2000: use=1.8G peak=1.9G limit=n/a anon=1.6G file=0.2G slab=0.0G
[MEM] ep076 batch 2500: use=1.8G peak=1.9G limit=n/a anon=1.6G file=0.2G slab=0.0G
[MEM] ep076 batch 3000: use=1.8G peak=1.9G limit=n/a anon=1.6G file=0.2G slab=0.0G
[MEM] ep076 batch 3500: use=1.8G peak=1.9G limit=n/a anon=1.6G file=0.2G slab=0.0G
[MEM] ep076 batch 4000: use=1.8G peak=1.9G limit=n/a anon=1.6G file=0.2G slab=0.0G
[MEM] ep076 batch 4500: use=1.9G peak=1.9G limit=n/a anon=1.7G file=0.2G slab=0.0G
[MEM] ep076 batch 5000: use=1.9G peak=1.9G limit=n/a anon=1.7G file=0.2G slab=0.0G
[MEM] ep076 batch 5500: use=1.9G peak=1.9G limit=n/a anon=1.7G file=0.2G slab=0.0G
[MEM] ep076 val-start: use=1.5G peak=1.9G limit=n/a anon=1.3G file=0.2G slab=0.0G
[MEM] end epoch 076: use=1.5G peak=1.9G limit=n/a anon=1.3G file=0.2G slab=0.0G
Epoch 076 | Train Huber 0.2013 MAE 0.5022 | Val Huber 0.2897 MAE 0.6193 | LR 3.91e-07
[MEM] ep077 train-start: use=1.5G peak=1.9G limit=n/a anon=1.3G file=0.2G slab=0.0G
[MEM] ep077 batch 1: use=1.6G peak=1.9G limit=n/a anon=1.4G file=0.2G slab=0.0G
[MEM] ep077 batch 2: use=1.6G peak=1.9G limit=n/a anon=1.4G file=0.2G slab=0.0G
[MEM] ep077 batch 3: use=1.6G peak=1.9G limit=n/a anon=1.4G file=0.2G slab=0.0G
[MEM] ep077 batch 4: use=1.6G peak=1.9G limit=n/a anon=1.4G file=0.2G slab=0.0G
[MEM] ep077 batch 5: use=1.6G peak=1.9G limit=n/a anon=1.4G file=0.2G slab=0.0G
[MEM] ep077 batch 500: use=1.6G peak=1.9G limit=n/a anon=1.5G file=0.2G slab=0.0G
[MEM] ep077 batch 1000: use=1.7G peak=1.9G limit=n/a anon=1.5G file=0.2G slab=0.0G
[MEM] ep077 batch 1500: use=1.7G peak=1.9G limit=n/a anon=1.5G file=0.2G slab=0.0G
[MEM] ep077 batch 2000: use=1.8G peak=1.9G limit=n/a anon=1.6G file=0.2G slab=0.0G
[MEM] ep077 batch 2500: use=1.8G peak=1.9G limit=n/a anon=1.6G file=0.2G slab=0.0G
[MEM] ep077 batch 3000: use=1.8G peak=1.9G limit=n/a anon=1.6G file=0.2G slab=0.0G
[MEM] ep077 batch 3500: use=1.8G peak=1.9G limit=n/a anon=1.6G file=0.2G slab=0.0G
[MEM] ep077 batch 4000: use=1.8G peak=1.9G limit=n/a anon=1.6G file=0.2G slab=0.0G
[MEM] ep077 batch 4500: use=1.9G peak=1.9G limit=n/a anon=1.7G file=0.2G slab=0.0G
[MEM] ep077 batch 5000: use=1.9G peak=1.9G limit=n/a anon=1.7G file=0.2G slab=0.0G
[MEM] ep077 batch 5500: use=1.9G peak=1.9G limit=n/a anon=1.7G file=0.2G slab=0.0G
[MEM] ep077 val-start: use=1.5G peak=1.9G limit=n/a anon=1.3G file=0.2G slab=0.0G
[MEM] end epoch 077: use=1.5G peak=1.9G limit=n/a anon=1.3G file=0.2G slab=0.0G
Epoch 077 | Train Huber 0.2011 MAE 0.5020 | Val Huber 0.2896 MAE 0.6192 | LR 3.91e-07
[MEM] ep078 train-start: use=1.5G peak=1.9G limit=n/a anon=1.3G file=0.2G slab=0.0G
[MEM] ep078 batch 1: use=1.6G peak=1.9G limit=n/a anon=1.4G file=0.2G slab=0.0G
[MEM] ep078 batch 2: use=1.6G peak=1.9G limit=n/a anon=1.4G file=0.2G slab=0.0G
[MEM] ep078 batch 3: use=1.6G peak=1.9G limit=n/a anon=1.4G file=0.2G slab=0.0G
[MEM] ep078 batch 4: use=1.6G peak=1.9G limit=n/a anon=1.4G file=0.2G slab=0.0G
[MEM] ep078 batch 5: use=1.6G peak=1.9G limit=n/a anon=1.4G file=0.2G slab=0.0G
[MEM] ep078 batch 500: use=1.7G peak=1.9G limit=n/a anon=1.5G file=0.2G slab=0.0G
[MEM] ep078 batch 1000: use=1.7G peak=1.9G limit=n/a anon=1.5G file=0.2G slab=0.0G
[MEM] ep078 batch 1500: use=1.7G peak=1.9G limit=n/a anon=1.5G file=0.2G slab=0.0G
[MEM] ep078 batch 2000: use=1.8G peak=1.9G limit=n/a anon=1.6G file=0.2G slab=0.0G
[MEM] ep078 batch 2500: use=1.8G peak=1.9G limit=n/a anon=1.6G file=0.2G slab=0.0G
[MEM] ep078 batch 3000: use=1.8G peak=1.9G limit=n/a anon=1.6G file=0.2G slab=0.0G
[MEM] ep078 batch 3500: use=1.8G peak=1.9G limit=n/a anon=1.6G file=0.2G slab=0.0G
[MEM] ep078 batch 4000: use=1.8G peak=1.9G limit=n/a anon=1.6G file=0.2G slab=0.0G
[MEM] ep078 batch 4500: use=1.9G peak=1.9G limit=n/a anon=1.7G file=0.2G slab=0.0G
[MEM] ep078 batch 5000: use=1.9G peak=1.9G limit=n/a anon=1.7G file=0.2G slab=0.0G
[MEM] ep078 batch 5500: use=1.9G peak=1.9G limit=n/a anon=1.7G file=0.2G slab=0.0G
[MEM] ep078 val-start: use=1.5G peak=1.9G limit=n/a anon=1.3G file=0.2G slab=0.0G
[MEM] end epoch 078: use=1.5G peak=1.9G limit=n/a anon=1.3G file=0.2G slab=0.0G
Epoch 078 | Train Huber 0.2012 MAE 0.5024 | Val Huber 0.2897 MAE 0.6194 | LR 3.91e-07
[MEM] ep079 train-start: use=1.5G peak=1.9G limit=n/a anon=1.3G file=0.2G slab=0.0G
[MEM] ep079 batch 1: use=1.6G peak=1.9G limit=n/a anon=1.4G file=0.2G slab=0.0G
[MEM] ep079 batch 2: use=1.6G peak=1.9G limit=n/a anon=1.4G file=0.2G slab=0.0G
[MEM] ep079 batch 3: use=1.6G peak=1.9G limit=n/a anon=1.4G file=0.2G slab=0.0G
[MEM] ep079 batch 4: use=1.6G peak=1.9G limit=n/a anon=1.4G file=0.2G slab=0.0G
[MEM] ep079 batch 5: use=1.6G peak=1.9G limit=n/a anon=1.4G file=0.2G slab=0.0G
[MEM] ep079 batch 500: use=1.7G peak=1.9G limit=n/a anon=1.5G file=0.2G slab=0.0G
[MEM] ep079 batch 1000: use=1.7G peak=1.9G limit=n/a anon=1.5G file=0.2G slab=0.0G
[MEM] ep079 batch 1500: use=1.7G peak=1.9G limit=n/a anon=1.5G file=0.2G slab=0.0G
[MEM] ep079 batch 2000: use=1.8G peak=1.9G limit=n/a anon=1.6G file=0.2G slab=0.0G
[MEM] ep079 batch 2500: use=1.8G peak=1.9G limit=n/a anon=1.6G file=0.2G slab=0.0G
[MEM] ep079 batch 3000: use=1.8G peak=1.9G limit=n/a anon=1.6G file=0.2G slab=0.0G
[MEM] ep079 batch 3500: use=1.8G peak=1.9G limit=n/a anon=1.6G file=0.2G slab=0.0G
[MEM] ep079 batch 4000: use=1.8G peak=1.9G limit=n/a anon=1.6G file=0.2G slab=0.0G
[MEM] ep079 batch 4500: use=1.9G peak=1.9G limit=n/a anon=1.7G file=0.2G slab=0.0G
[MEM] ep079 batch 5000: use=1.9G peak=1.9G limit=n/a anon=1.7G file=0.2G slab=0.0G
[MEM] ep079 batch 5500: use=1.9G peak=1.9G limit=n/a anon=1.7G file=0.2G slab=0.0G
[MEM] ep079 val-start: use=1.5G peak=1.9G limit=n/a anon=1.3G file=0.2G slab=0.0G
[MEM] end epoch 079: use=1.5G peak=1.9G limit=n/a anon=1.3G file=0.2G slab=0.0G
Epoch 079 | Train Huber 0.2010 MAE 0.5020 | Val Huber 0.2894 MAE 0.6192 | LR 3.91e-07
[MEM] ep080 train-start: use=1.5G peak=1.9G limit=n/a anon=1.3G file=0.2G slab=0.0G
[MEM] ep080 batch 1: use=1.6G peak=1.9G limit=n/a anon=1.4G file=0.2G slab=0.0G
[MEM] ep080 batch 2: use=1.6G peak=1.9G limit=n/a anon=1.4G file=0.2G slab=0.0G
[MEM] ep080 batch 3: use=1.6G peak=1.9G limit=n/a anon=1.4G file=0.2G slab=0.0G
[MEM] ep080 batch 4: use=1.6G peak=1.9G limit=n/a anon=1.4G file=0.2G slab=0.0G
[MEM] ep080 batch 5: use=1.6G peak=1.9G limit=n/a anon=1.4G file=0.2G slab=0.0G
[MEM] ep080 batch 500: use=1.7G peak=1.9G limit=n/a anon=1.5G file=0.2G slab=0.0G
[MEM] ep080 batch 1000: use=1.7G peak=1.9G limit=n/a anon=1.5G file=0.2G slab=0.0G
[MEM] ep080 batch 1500: use=1.7G peak=1.9G limit=n/a anon=1.5G file=0.2G slab=0.0G
[MEM] ep080 batch 2000: use=1.8G peak=1.9G limit=n/a anon=1.6G file=0.2G slab=0.0G
[MEM] ep080 batch 2500: use=1.8G peak=1.9G limit=n/a anon=1.6G file=0.2G slab=0.0G
[MEM] ep080 batch 3000: use=1.8G peak=1.9G limit=n/a anon=1.6G file=0.2G slab=0.0G
[MEM] ep080 batch 3500: use=1.8G peak=1.9G limit=n/a anon=1.6G file=0.2G slab=0.0G
[MEM] ep080 batch 4000: use=1.8G peak=1.9G limit=n/a anon=1.6G file=0.2G slab=0.0G
[MEM] ep080 batch 4500: use=1.9G peak=1.9G limit=n/a anon=1.7G file=0.2G slab=0.0G
[MEM] ep080 batch 5000: use=1.9G peak=1.9G limit=n/a anon=1.7G file=0.2G slab=0.0G
[MEM] ep080 batch 5500: use=1.9G peak=1.9G limit=n/a anon=1.7G file=0.2G slab=0.0G
[MEM] ep080 val-start: use=1.5G peak=1.9G limit=n/a anon=1.3G file=0.2G slab=0.0G
[MEM] end epoch 080: use=1.5G peak=1.9G limit=n/a anon=1.3G file=0.2G slab=0.0G
Epoch 080 | Train Huber 0.2011 MAE 0.5023 | Val Huber 0.2896 MAE 0.6194 | LR 3.91e-07
[MEM] ep081 train-start: use=1.5G peak=1.9G limit=n/a anon=1.3G file=0.2G slab=0.0G
[MEM] ep081 batch 1: use=1.6G peak=1.9G limit=n/a anon=1.4G file=0.2G slab=0.0G
[MEM] ep081 batch 2: use=1.6G peak=1.9G limit=n/a anon=1.4G file=0.2G slab=0.0G
[MEM] ep081 batch 3: use=1.6G peak=1.9G limit=n/a anon=1.4G file=0.2G slab=0.0G
[MEM] ep081 batch 4: use=1.6G peak=1.9G limit=n/a anon=1.4G file=0.2G slab=0.0G
[MEM] ep081 batch 5: use=1.6G peak=1.9G limit=n/a anon=1.4G file=0.2G slab=0.0G
[MEM] ep081 batch 500: use=1.7G peak=1.9G limit=n/a anon=1.5G file=0.2G slab=0.0G
[MEM] ep081 batch 1000: use=1.7G peak=1.9G limit=n/a anon=1.5G file=0.2G slab=0.0G
[MEM] ep081 batch 1500: use=1.7G peak=1.9G limit=n/a anon=1.5G file=0.2G slab=0.0G
[MEM] ep081 batch 2000: use=1.8G peak=1.9G limit=n/a anon=1.6G file=0.2G slab=0.0G
[MEM] ep081 batch 2500: use=1.8G peak=1.9G limit=n/a anon=1.6G file=0.2G slab=0.0G
[MEM] ep081 batch 3000: use=1.8G peak=1.9G limit=n/a anon=1.6G file=0.2G slab=0.0G
[MEM] ep081 batch 3500: use=1.8G peak=1.9G limit=n/a anon=1.6G file=0.2G slab=0.0G
[MEM] ep081 batch 4000: use=1.8G peak=1.9G limit=n/a anon=1.6G file=0.2G slab=0.0G
[MEM] ep081 batch 4500: use=1.9G peak=1.9G limit=n/a anon=1.7G file=0.2G slab=0.0G
[MEM] ep081 batch 5000: use=1.9G peak=1.9G limit=n/a anon=1.7G file=0.2G slab=0.0G
[MEM] ep081 batch 5500: use=1.9G peak=1.9G limit=n/a anon=1.7G file=0.2G slab=0.0G
[MEM] ep081 val-start: use=1.5G peak=1.9G limit=n/a anon=1.3G file=0.2G slab=0.0G
[MEM] end epoch 081: use=1.5G peak=1.9G limit=n/a anon=1.3G file=0.2G slab=0.0G
Epoch 081 | Train Huber 0.2009 MAE 0.5015 | Val Huber 0.2898 MAE 0.6197 | LR 1.95e-07
[MEM] ep082 train-start: use=1.5G peak=1.9G limit=n/a anon=1.3G file=0.2G slab=0.0G
[MEM] ep082 batch 1: use=1.6G peak=1.9G limit=n/a anon=1.4G file=0.2G slab=0.0G
[MEM] ep082 batch 2: use=1.6G peak=1.9G limit=n/a anon=1.4G file=0.2G slab=0.0G
[MEM] ep082 batch 3: use=1.6G peak=1.9G limit=n/a anon=1.4G file=0.2G slab=0.0G
[MEM] ep082 batch 4: use=1.6G peak=1.9G limit=n/a anon=1.4G file=0.2G slab=0.0G
[MEM] ep082 batch 5: use=1.6G peak=1.9G limit=n/a anon=1.4G file=0.2G slab=0.0G
[MEM] ep082 batch 500: use=1.7G peak=1.9G limit=n/a anon=1.5G file=0.2G slab=0.0G
[MEM] ep082 batch 1000: use=1.7G peak=1.9G limit=n/a anon=1.5G file=0.2G slab=0.0G
[MEM] ep082 batch 1500: use=1.7G peak=1.9G limit=n/a anon=1.5G file=0.2G slab=0.0G
[MEM] ep082 batch 2000: use=1.8G peak=1.9G limit=n/a anon=1.6G file=0.2G slab=0.0G
[MEM] ep082 batch 2500: use=1.8G peak=1.9G limit=n/a anon=1.6G file=0.2G slab=0.0G
[MEM] ep082 batch 3000: use=1.8G peak=1.9G limit=n/a anon=1.6G file=0.2G slab=0.0G
[MEM] ep082 batch 3500: use=1.8G peak=1.9G limit=n/a anon=1.6G file=0.2G slab=0.0G
[MEM] ep082 batch 4000: use=1.8G peak=1.9G limit=n/a anon=1.6G file=0.2G slab=0.0G
[MEM] ep082 batch 4500: use=1.9G peak=1.9G limit=n/a anon=1.7G file=0.2G slab=0.0G
[MEM] ep082 batch 5000: use=1.9G peak=1.9G limit=n/a anon=1.7G file=0.2G slab=0.0G
[MEM] ep082 batch 5500: use=1.9G peak=1.9G limit=n/a anon=1.7G file=0.2G slab=0.0G
[MEM] ep082 val-start: use=1.5G peak=1.9G limit=n/a anon=1.3G file=0.2G slab=0.0G
[MEM] end epoch 082: use=1.5G peak=1.9G limit=n/a anon=1.3G file=0.2G slab=0.0G
Epoch 082 | Train Huber 0.2011 MAE 0.5022 | Val Huber 0.2897 MAE 0.6194 | LR 1.95e-07
[MEM] ep083 train-start: use=1.5G peak=1.9G limit=n/a anon=1.3G file=0.2G slab=0.0G
[MEM] ep083 batch 1: use=1.6G peak=1.9G limit=n/a anon=1.4G file=0.2G slab=0.0G
[MEM] ep083 batch 2: use=1.6G peak=1.9G limit=n/a anon=1.4G file=0.2G slab=0.0G
[MEM] ep083 batch 3: use=1.6G peak=1.9G limit=n/a anon=1.4G file=0.2G slab=0.0G
[MEM] ep083 batch 4: use=1.6G peak=1.9G limit=n/a anon=1.4G file=0.2G slab=0.0G
[MEM] ep083 batch 5: use=1.6G peak=1.9G limit=n/a anon=1.4G file=0.2G slab=0.0G
[MEM] ep083 batch 500: use=1.7G peak=1.9G limit=n/a anon=1.5G file=0.2G slab=0.0G
[MEM] ep083 batch 1000: use=1.7G peak=1.9G limit=n/a anon=1.5G file=0.2G slab=0.0G
[MEM] ep083 batch 1500: use=1.7G peak=1.9G limit=n/a anon=1.5G file=0.2G slab=0.0G
[MEM] ep083 batch 2000: use=1.8G peak=1.9G limit=n/a anon=1.6G file=0.2G slab=0.0G
[MEM] ep083 batch 2500: use=1.8G peak=1.9G limit=n/a anon=1.6G file=0.2G slab=0.0G
[MEM] ep083 batch 3000: use=1.8G peak=1.9G limit=n/a anon=1.6G file=0.2G slab=0.0G
[MEM] ep083 batch 3500: use=1.8G peak=1.9G limit=n/a anon=1.6G file=0.2G slab=0.0G
[MEM] ep083 batch 4000: use=1.8G peak=1.9G limit=n/a anon=1.6G file=0.2G slab=0.0G
[MEM] ep083 batch 4500: use=1.9G peak=1.9G limit=n/a anon=1.7G file=0.2G slab=0.0G
[MEM] ep083 batch 5000: use=1.9G peak=1.9G limit=n/a anon=1.7G file=0.2G slab=0.0G
[MEM] ep083 batch 5500: use=1.9G peak=1.9G limit=n/a anon=1.7G file=0.2G slab=0.0G
[MEM] ep083 val-start: use=1.5G peak=1.9G limit=n/a anon=1.3G file=0.2G slab=0.0G
[MEM] end epoch 083: use=1.5G peak=1.9G limit=n/a anon=1.3G file=0.2G slab=0.0G
Epoch 083 | Train Huber 0.2008 MAE 0.5019 | Val Huber 0.2898 MAE 0.6195 | LR 1.95e-07
[MEM] ep084 train-start: use=1.5G peak=1.9G limit=n/a anon=1.3G file=0.2G slab=0.0G
[MEM] ep084 batch 1: use=1.6G peak=1.9G limit=n/a anon=1.4G file=0.2G slab=0.0G
[MEM] ep084 batch 2: use=1.6G peak=1.9G limit=n/a anon=1.4G file=0.2G slab=0.0G
[MEM] ep084 batch 3: use=1.6G peak=1.9G limit=n/a anon=1.4G file=0.2G slab=0.0G
[MEM] ep084 batch 4: use=1.6G peak=1.9G limit=n/a anon=1.4G file=0.2G slab=0.0G
[MEM] ep084 batch 5: use=1.6G peak=1.9G limit=n/a anon=1.4G file=0.2G slab=0.0G
[MEM] ep084 batch 500: use=1.6G peak=1.9G limit=n/a anon=1.5G file=0.2G slab=0.0G
[MEM] ep084 batch 1000: use=1.7G peak=1.9G limit=n/a anon=1.5G file=0.2G slab=0.0G
[MEM] ep084 batch 1500: use=1.7G peak=1.9G limit=n/a anon=1.5G file=0.2G slab=0.0G
[MEM] ep084 batch 2000: use=1.8G peak=1.9G limit=n/a anon=1.6G file=0.2G slab=0.0G
[MEM] ep084 batch 2500: use=1.8G peak=1.9G limit=n/a anon=1.6G file=0.2G slab=0.0G
[MEM] ep084 batch 3000: use=1.8G peak=1.9G limit=n/a anon=1.6G file=0.2G slab=0.0G
[MEM] ep084 batch 3500: use=1.8G peak=1.9G limit=n/a anon=1.6G file=0.2G slab=0.0G
[MEM] ep084 batch 4000: use=1.8G peak=1.9G limit=n/a anon=1.6G file=0.2G slab=0.0G
[MEM] ep084 batch 4500: use=1.9G peak=1.9G limit=n/a anon=1.7G file=0.2G slab=0.0G
[MEM] ep084 batch 5000: use=1.9G peak=1.9G limit=n/a anon=1.7G file=0.2G slab=0.0G
[MEM] ep084 batch 5500: use=1.9G peak=1.9G limit=n/a anon=1.7G file=0.2G slab=0.0G
[MEM] ep084 val-start: use=1.5G peak=1.9G limit=n/a anon=1.3G file=0.2G slab=0.0G
[MEM] end epoch 084: use=1.5G peak=1.9G limit=n/a anon=1.3G file=0.2G slab=0.0G
Epoch 084 | Train Huber 0.2012 MAE 0.5022 | Val Huber 0.2897 MAE 0.6194 | LR 1.95e-07
[MEM] ep085 train-start: use=1.5G peak=1.9G limit=n/a anon=1.3G file=0.2G slab=0.0G
[MEM] ep085 batch 1: use=1.6G peak=1.9G limit=n/a anon=1.4G file=0.2G slab=0.0G
[MEM] ep085 batch 2: use=1.6G peak=1.9G limit=n/a anon=1.4G file=0.2G slab=0.0G
[MEM] ep085 batch 3: use=1.6G peak=1.9G limit=n/a anon=1.4G file=0.2G slab=0.0G
[MEM] ep085 batch 4: use=1.6G peak=1.9G limit=n/a anon=1.4G file=0.2G slab=0.0G
[MEM] ep085 batch 5: use=1.6G peak=1.9G limit=n/a anon=1.4G file=0.2G slab=0.0G
[MEM] ep085 batch 500: use=1.6G peak=1.9G limit=n/a anon=1.5G file=0.2G slab=0.0G
[MEM] ep085 batch 1000: use=1.7G peak=1.9G limit=n/a anon=1.5G file=0.2G slab=0.0G
[MEM] ep085 batch 1500: use=1.7G peak=1.9G limit=n/a anon=1.5G file=0.2G slab=0.0G
[MEM] ep085 batch 2000: use=1.8G peak=1.9G limit=n/a anon=1.6G file=0.2G slab=0.0G
[MEM] ep085 batch 2500: use=1.8G peak=1.9G limit=n/a anon=1.6G file=0.2G slab=0.0G
[MEM] ep085 batch 3000: use=1.8G peak=1.9G limit=n/a anon=1.6G file=0.2G slab=0.0G
[MEM] ep085 batch 3500: use=1.8G peak=1.9G limit=n/a anon=1.6G file=0.2G slab=0.0G
[MEM] ep085 batch 4000: use=1.8G peak=1.9G limit=n/a anon=1.6G file=0.2G slab=0.0G
[MEM] ep085 batch 4500: use=1.9G peak=1.9G limit=n/a anon=1.7G file=0.2G slab=0.0G
[MEM] ep085 batch 5000: use=1.9G peak=1.9G limit=n/a anon=1.7G file=0.2G slab=0.0G
[MEM] ep085 batch 5500: use=1.9G peak=1.9G limit=n/a anon=1.7G file=0.2G slab=0.0G
[MEM] ep085 val-start: use=1.5G peak=1.9G limit=n/a anon=1.3G file=0.2G slab=0.0G
[MEM] end epoch 085: use=1.5G peak=1.9G limit=n/a anon=1.3G file=0.2G slab=0.0G
Epoch 085 | Train Huber 0.2009 MAE 0.5017 | Val Huber 0.2897 MAE 0.6195 | LR 1.95e-07
[MEM] ep086 train-start: use=1.5G peak=1.9G limit=n/a anon=1.3G file=0.2G slab=0.0G
[MEM] ep086 batch 1: use=1.6G peak=1.9G limit=n/a anon=1.4G file=0.2G slab=0.0G
[MEM] ep086 batch 2: use=1.6G peak=1.9G limit=n/a anon=1.4G file=0.2G slab=0.0G
[MEM] ep086 batch 3: use=1.6G peak=1.9G limit=n/a anon=1.4G file=0.2G slab=0.0G
[MEM] ep086 batch 4: use=1.6G peak=1.9G limit=n/a anon=1.4G file=0.2G slab=0.0G
[MEM] ep086 batch 5: use=1.6G peak=1.9G limit=n/a anon=1.4G file=0.2G slab=0.0G
[MEM] ep086 batch 500: use=1.6G peak=1.9G limit=n/a anon=1.5G file=0.2G slab=0.0G
[MEM] ep086 batch 1000: use=1.7G peak=1.9G limit=n/a anon=1.5G file=0.2G slab=0.0G
[MEM] ep086 batch 1500: use=1.7G peak=1.9G limit=n/a anon=1.5G file=0.2G slab=0.0G
[MEM] ep086 batch 2000: use=1.8G peak=1.9G limit=n/a anon=1.6G file=0.2G slab=0.0G
[MEM] ep086 batch 2500: use=1.8G peak=1.9G limit=n/a anon=1.6G file=0.2G slab=0.0G
[MEM] ep086 batch 3000: use=1.8G peak=1.9G limit=n/a anon=1.6G file=0.2G slab=0.0G
[MEM] ep086 batch 3500: use=1.8G peak=1.9G limit=n/a anon=1.6G file=0.2G slab=0.0G
[MEM] ep086 batch 4000: use=1.8G peak=1.9G limit=n/a anon=1.6G file=0.2G slab=0.0G
[MEM] ep086 batch 4500: use=1.9G peak=1.9G limit=n/a anon=1.7G file=0.2G slab=0.0G
[MEM] ep086 batch 5000: use=1.9G peak=1.9G limit=n/a anon=1.7G file=0.2G slab=0.0G
[MEM] ep086 batch 5500: use=1.9G peak=1.9G limit=n/a anon=1.7G file=0.2G slab=0.0G
[MEM] ep086 val-start: use=1.5G peak=1.9G limit=n/a anon=1.3G file=0.2G slab=0.0G
[MEM] end epoch 086: use=1.5G peak=1.9G limit=n/a anon=1.3G file=0.2G slab=0.0G
Epoch 086 | Train Huber 0.2007 MAE 0.5013 | Val Huber 0.2897 MAE 0.6195 | LR 1.95e-07
[MEM] ep087 train-start: use=1.5G peak=1.9G limit=n/a anon=1.3G file=0.2G slab=0.0G
[MEM] ep087 batch 1: use=1.6G peak=1.9G limit=n/a anon=1.4G file=0.2G slab=0.0G
[MEM] ep087 batch 2: use=1.6G peak=1.9G limit=n/a anon=1.4G file=0.2G slab=0.0G
[MEM] ep087 batch 3: use=1.6G peak=1.9G limit=n/a anon=1.4G file=0.2G slab=0.0G
[MEM] ep087 batch 4: use=1.6G peak=1.9G limit=n/a anon=1.4G file=0.2G slab=0.0G
[MEM] ep087 batch 5: use=1.6G peak=1.9G limit=n/a anon=1.4G file=0.2G slab=0.0G
[MEM] ep087 batch 500: use=1.7G peak=1.9G limit=n/a anon=1.5G file=0.2G slab=0.0G
[MEM] ep087 batch 1000: use=1.7G peak=1.9G limit=n/a anon=1.5G file=0.2G slab=0.0G
[MEM] ep087 batch 1500: use=1.7G peak=1.9G limit=n/a anon=1.5G file=0.2G slab=0.0G
[MEM] ep087 batch 2000: use=1.8G peak=1.9G limit=n/a anon=1.6G file=0.2G slab=0.0G
[MEM] ep087 batch 2500: use=1.8G peak=1.9G limit=n/a anon=1.6G file=0.2G slab=0.0G
[MEM] ep087 batch 3000: use=1.8G peak=1.9G limit=n/a anon=1.6G file=0.2G slab=0.0G
[MEM] ep087 batch 3500: use=1.8G peak=1.9G limit=n/a anon=1.6G file=0.2G slab=0.0G
[MEM] ep087 batch 4000: use=1.8G peak=1.9G limit=n/a anon=1.6G file=0.2G slab=0.0G
[MEM] ep087 batch 4500: use=1.9G peak=1.9G limit=n/a anon=1.7G file=0.2G slab=0.0G
[MEM] ep087 batch 5000: use=1.9G peak=1.9G limit=n/a anon=1.7G file=0.2G slab=0.0G
[MEM] ep087 batch 5500: use=1.9G peak=1.9G limit=n/a anon=1.7G file=0.2G slab=0.0G
[MEM] ep087 val-start: use=1.5G peak=1.9G limit=n/a anon=1.3G file=0.2G slab=0.0G
[MEM] end epoch 087: use=1.5G peak=1.9G limit=n/a anon=1.3G file=0.2G slab=0.0G
Epoch 087 | Train Huber 0.2006 MAE 0.5014 | Val Huber 0.2898 MAE 0.6196 | LR 9.77e-08
[MEM] ep088 train-start: use=1.5G peak=1.9G limit=n/a anon=1.3G file=0.2G slab=0.0G
[MEM] ep088 batch 1: use=1.6G peak=1.9G limit=n/a anon=1.4G file=0.2G slab=0.0G
[MEM] ep088 batch 2: use=1.6G peak=1.9G limit=n/a anon=1.4G file=0.2G slab=0.0G
[MEM] ep088 batch 3: use=1.6G peak=1.9G limit=n/a anon=1.4G file=0.2G slab=0.0G
[MEM] ep088 batch 4: use=1.6G peak=1.9G limit=n/a anon=1.4G file=0.2G slab=0.0G
[MEM] ep088 batch 5: use=1.6G peak=1.9G limit=n/a anon=1.4G file=0.2G slab=0.0G
[MEM] ep088 batch 500: use=1.7G peak=1.9G limit=n/a anon=1.5G file=0.2G slab=0.0G
[MEM] ep088 batch 1000: use=1.7G peak=1.9G limit=n/a anon=1.5G file=0.2G slab=0.0G
[MEM] ep088 batch 1500: use=1.7G peak=1.9G limit=n/a anon=1.5G file=0.2G slab=0.0G
[MEM] ep088 batch 2000: use=1.8G peak=1.9G limit=n/a anon=1.6G file=0.2G slab=0.0G
[MEM] ep088 batch 2500: use=1.8G peak=1.9G limit=n/a anon=1.6G file=0.2G slab=0.0G
[MEM] ep088 batch 3000: use=1.8G peak=1.9G limit=n/a anon=1.6G file=0.2G slab=0.0G
[MEM] ep088 batch 3500: use=1.8G peak=1.9G limit=n/a anon=1.6G file=0.2G slab=0.0G
[MEM] ep088 batch 4000: use=1.8G peak=1.9G limit=n/a anon=1.6G file=0.2G slab=0.0G
[MEM] ep088 batch 4500: use=1.9G peak=1.9G limit=n/a anon=1.7G file=0.2G slab=0.0G
[MEM] ep088 batch 5000: use=1.9G peak=1.9G limit=n/a anon=1.7G file=0.2G slab=0.0G
[MEM] ep088 batch 5500: use=1.9G peak=1.9G limit=n/a anon=1.7G file=0.2G slab=0.0G
[MEM] ep088 val-start: use=1.5G peak=1.9G limit=n/a anon=1.3G file=0.2G slab=0.0G
[MEM] end epoch 088: use=1.5G peak=1.9G limit=n/a anon=1.3G file=0.2G slab=0.0G
Epoch 088 | Train Huber 0.2010 MAE 0.5020 | Val Huber 0.2897 MAE 0.6195 | LR 9.77e-08
[MEM] ep089 train-start: use=1.5G peak=1.9G limit=n/a anon=1.3G file=0.2G slab=0.0G
[MEM] ep089 batch 1: use=1.6G peak=1.9G limit=n/a anon=1.4G file=0.2G slab=0.0G
[MEM] ep089 batch 2: use=1.6G peak=1.9G limit=n/a anon=1.4G file=0.2G slab=0.0G
[MEM] ep089 batch 3: use=1.6G peak=1.9G limit=n/a anon=1.4G file=0.2G slab=0.0G
[MEM] ep089 batch 4: use=1.6G peak=1.9G limit=n/a anon=1.4G file=0.2G slab=0.0G
[MEM] ep089 batch 5: use=1.6G peak=1.9G limit=n/a anon=1.4G file=0.2G slab=0.0G
[MEM] ep089 batch 500: use=1.7G peak=1.9G limit=n/a anon=1.5G file=0.2G slab=0.0G
[MEM] ep089 batch 1000: use=1.7G peak=1.9G limit=n/a anon=1.5G file=0.2G slab=0.0G
[MEM] ep089 batch 1500: use=1.7G peak=1.9G limit=n/a anon=1.5G file=0.2G slab=0.0G
[MEM] ep089 batch 2000: use=1.8G peak=1.9G limit=n/a anon=1.6G file=0.2G slab=0.0G
[MEM] ep089 batch 2500: use=1.8G peak=1.9G limit=n/a anon=1.6G file=0.2G slab=0.0G
[MEM] ep089 batch 3000: use=1.8G peak=1.9G limit=n/a anon=1.6G file=0.2G slab=0.0G
[MEM] ep089 batch 3500: use=1.8G peak=1.9G limit=n/a anon=1.6G file=0.2G slab=0.0G
[MEM] ep089 batch 4000: use=1.8G peak=1.9G limit=n/a anon=1.6G file=0.2G slab=0.0G
[MEM] ep089 batch 4500: use=1.9G peak=1.9G limit=n/a anon=1.7G file=0.2G slab=0.0G
[MEM] ep089 batch 5000: use=1.9G peak=1.9G limit=n/a anon=1.7G file=0.2G slab=0.0G
[MEM] ep089 batch 5500: use=1.9G peak=1.9G limit=n/a anon=1.7G file=0.2G slab=0.0G
[MEM] ep089 val-start: use=1.5G peak=1.9G limit=n/a anon=1.3G file=0.2G slab=0.0G
[MEM] end epoch 089: use=1.5G peak=1.9G limit=n/a anon=1.3G file=0.2G slab=0.0G
Epoch 089 | Train Huber 0.2007 MAE 0.5013 | Val Huber 0.2897 MAE 0.6195 | LR 9.77e-08
[MEM] ep090 train-start: use=1.5G peak=1.9G limit=n/a anon=1.3G file=0.2G slab=0.0G
[MEM] ep090 batch 1: use=1.6G peak=1.9G limit=n/a anon=1.4G file=0.2G slab=0.0G
[MEM] ep090 batch 2: use=1.6G peak=1.9G limit=n/a anon=1.4G file=0.2G slab=0.0G
[MEM] ep090 batch 3: use=1.6G peak=1.9G limit=n/a anon=1.4G file=0.2G slab=0.0G
[MEM] ep090 batch 4: use=1.6G peak=1.9G limit=n/a anon=1.4G file=0.2G slab=0.0G
[MEM] ep090 batch 5: use=1.6G peak=1.9G limit=n/a anon=1.4G file=0.2G slab=0.0G
[MEM] ep090 batch 500: use=1.7G peak=1.9G limit=n/a anon=1.5G file=0.2G slab=0.0G
[MEM] ep090 batch 1000: use=1.7G peak=1.9G limit=n/a anon=1.5G file=0.2G slab=0.0G
[MEM] ep090 batch 1500: use=1.7G peak=1.9G limit=n/a anon=1.5G file=0.2G slab=0.0G
[MEM] ep090 batch 2000: use=1.8G peak=1.9G limit=n/a anon=1.6G file=0.2G slab=0.0G
[MEM] ep090 batch 2500: use=1.8G peak=1.9G limit=n/a anon=1.6G file=0.2G slab=0.0G
[MEM] ep090 batch 3000: use=1.8G peak=1.9G limit=n/a anon=1.6G file=0.2G slab=0.0G
[MEM] ep090 batch 3500: use=1.9G peak=1.9G limit=n/a anon=1.7G file=0.2G slab=0.0G
[MEM] ep090 batch 4000: use=1.9G peak=1.9G limit=n/a anon=1.7G file=0.2G slab=0.0G
[MEM] ep090 batch 4500: use=1.9G peak=1.9G limit=n/a anon=1.7G file=0.2G slab=0.0G
[MEM] ep090 batch 5000: use=1.9G peak=1.9G limit=n/a anon=1.7G file=0.2G slab=0.0G
[MEM] ep090 batch 5500: use=1.9G peak=1.9G limit=n/a anon=1.7G file=0.2G slab=0.0G
[MEM] ep090 val-start: use=1.5G peak=1.9G limit=n/a anon=1.3G file=0.2G slab=0.0G
[MEM] end epoch 090: use=1.5G peak=1.9G limit=n/a anon=1.3G file=0.2G slab=0.0G
Epoch 090 | Train Huber 0.2004 MAE 0.5009 | Val Huber 0.2898 MAE 0.6195 | LR 9.77e-08
[MEM] ep091 train-start: use=1.5G peak=1.9G limit=n/a anon=1.3G file=0.2G slab=0.0G
[MEM] ep091 batch 1: use=1.6G peak=1.9G limit=n/a anon=1.4G file=0.2G slab=0.0G
[MEM] ep091 batch 2: use=1.6G peak=1.9G limit=n/a anon=1.4G file=0.2G slab=0.0G
[MEM] ep091 batch 3: use=1.6G peak=1.9G limit=n/a anon=1.4G file=0.2G slab=0.0G
[MEM] ep091 batch 4: use=1.6G peak=1.9G limit=n/a anon=1.4G file=0.2G slab=0.0G
[MEM] ep091 batch 5: use=1.6G peak=1.9G limit=n/a anon=1.4G file=0.2G slab=0.0G
[MEM] ep091 batch 500: use=1.7G peak=1.9G limit=n/a anon=1.5G file=0.2G slab=0.0G
[MEM] ep091 batch 1000: use=1.8G peak=1.9G limit=n/a anon=1.6G file=0.2G slab=0.0G
[MEM] ep091 batch 1500: use=1.8G peak=1.9G limit=n/a anon=1.6G file=0.2G slab=0.0G
[MEM] ep091 batch 2000: use=1.8G peak=1.9G limit=n/a anon=1.6G file=0.2G slab=0.0G
[MEM] ep091 batch 2500: use=1.9G peak=1.9G limit=n/a anon=1.6G file=0.2G slab=0.0G
[MEM] ep091 batch 3000: use=1.9G peak=1.9G limit=n/a anon=1.7G file=0.2G slab=0.0G
[MEM] ep091 batch 3500: use=1.9G peak=1.9G limit=n/a anon=1.7G file=0.2G slab=0.0G
[MEM] ep091 batch 4000: use=1.9G peak=1.9G limit=n/a anon=1.7G file=0.2G slab=0.0G
[MEM] ep091 batch 4500: use=1.9G peak=1.9G limit=n/a anon=1.7G file=0.2G slab=0.0G
[MEM] ep091 batch 5000: use=1.9G peak=1.9G limit=n/a anon=1.7G file=0.2G slab=0.0G
[MEM] ep091 batch 5500: use=1.9G peak=1.9G limit=n/a anon=1.7G file=0.2G slab=0.0G
[MEM] ep091 val-start: use=1.5G peak=1.9G limit=n/a anon=1.4G file=0.2G slab=0.0G
[MEM] end epoch 091: use=1.5G peak=1.9G limit=n/a anon=1.4G file=0.2G slab=0.0G
Epoch 091 | Train Huber 0.2012 MAE 0.5025 | Val Huber 0.2898 MAE 0.6195 | LR 9.77e-08
[MEM] ep092 train-start: use=1.5G peak=1.9G limit=n/a anon=1.4G file=0.2G slab=0.0G
[MEM] ep092 batch 1: use=1.6G peak=1.9G limit=n/a anon=1.4G file=0.2G slab=0.0G
[MEM] ep092 batch 2: use=1.6G peak=1.9G limit=n/a anon=1.4G file=0.2G slab=0.0G
[MEM] ep092 batch 3: use=1.6G peak=1.9G limit=n/a anon=1.4G file=0.2G slab=0.0G
[MEM] ep092 batch 4: use=1.6G peak=1.9G limit=n/a anon=1.4G file=0.2G slab=0.0G
[MEM] ep092 batch 5: use=1.6G peak=1.9G limit=n/a anon=1.4G file=0.2G slab=0.0G
[MEM] ep092 batch 500: use=1.7G peak=1.9G limit=n/a anon=1.5G file=0.2G slab=0.0G
[MEM] ep092 batch 1000: use=1.8G peak=1.9G limit=n/a anon=1.6G file=0.2G slab=0.0G
[MEM] ep092 batch 1500: use=1.8G peak=1.9G limit=n/a anon=1.6G file=0.2G slab=0.0G
[MEM] ep092 batch 2000: use=1.8G peak=1.9G limit=n/a anon=1.6G file=0.2G slab=0.0G
[MEM] ep092 batch 2500: use=1.8G peak=1.9G limit=n/a anon=1.6G file=0.2G slab=0.0G
[MEM] ep092 batch 3000: use=1.9G peak=1.9G limit=n/a anon=1.7G file=0.2G slab=0.0G
[MEM] ep092 batch 3500: use=1.9G peak=1.9G limit=n/a anon=1.7G file=0.2G slab=0.0G
[MEM] ep092 batch 4000: use=1.9G peak=1.9G limit=n/a anon=1.7G file=0.2G slab=0.0G
[MEM] ep092 batch 4500: use=1.9G peak=1.9G limit=n/a anon=1.7G file=0.2G slab=0.0G
[MEM] ep092 batch 5000: use=1.9G peak=1.9G limit=n/a anon=1.7G file=0.2G slab=0.0G
[MEM] ep092 batch 5500: use=1.9G peak=1.9G limit=n/a anon=1.7G file=0.2G slab=0.0G
[MEM] ep092 val-start: use=1.5G peak=1.9G limit=n/a anon=1.4G file=0.2G slab=0.0G
[MEM] end epoch 092: use=1.5G peak=1.9G limit=n/a anon=1.4G file=0.2G slab=0.0G
Epoch 092 | Train Huber 0.2011 MAE 0.5019 | Val Huber 0.2898 MAE 0.6195 | LR 9.77e-08
[MEM] ep093 train-start: use=1.5G peak=1.9G limit=n/a anon=1.4G file=0.2G slab=0.0G
[MEM] ep093 batch 1: use=1.6G peak=1.9G limit=n/a anon=1.4G file=0.2G slab=0.0G
[MEM] ep093 batch 2: use=1.6G peak=1.9G limit=n/a anon=1.4G file=0.2G slab=0.0G
[MEM] ep093 batch 3: use=1.6G peak=1.9G limit=n/a anon=1.4G file=0.2G slab=0.0G
[MEM] ep093 batch 4: use=1.6G peak=1.9G limit=n/a anon=1.4G file=0.2G slab=0.0G
[MEM] ep093 batch 5: use=1.6G peak=1.9G limit=n/a anon=1.4G file=0.2G slab=0.0G
[MEM] ep093 batch 500: use=1.7G peak=1.9G limit=n/a anon=1.5G file=0.2G slab=0.0G
[MEM] ep093 batch 1000: use=1.8G peak=1.9G limit=n/a anon=1.6G file=0.2G slab=0.0G
[MEM] ep093 batch 1500: use=1.8G peak=1.9G limit=n/a anon=1.6G file=0.2G slab=0.0G
[MEM] ep093 batch 2000: use=1.8G peak=1.9G limit=n/a anon=1.6G file=0.2G slab=0.0G
[MEM] ep093 batch 2500: use=1.8G peak=1.9G limit=n/a anon=1.6G file=0.2G slab=0.0G
[MEM] ep093 batch 3000: use=1.9G peak=1.9G limit=n/a anon=1.7G file=0.2G slab=0.0G
[MEM] ep093 batch 3500: use=1.9G peak=1.9G limit=n/a anon=1.7G file=0.2G slab=0.0G
[MEM] ep093 batch 4000: use=1.9G peak=1.9G limit=n/a anon=1.7G file=0.2G slab=0.0G
[MEM] ep093 batch 4500: use=1.9G peak=1.9G limit=n/a anon=1.7G file=0.2G slab=0.0G
[MEM] ep093 batch 5000: use=1.9G peak=1.9G limit=n/a anon=1.7G file=0.2G slab=0.0G
[MEM] ep093 batch 5500: use=1.9G peak=1.9G limit=n/a anon=1.7G file=0.2G slab=0.0G
[MEM] ep093 val-start: use=1.5G peak=1.9G limit=n/a anon=1.4G file=0.2G slab=0.0G
[MEM] end epoch 093: use=1.5G peak=1.9G limit=n/a anon=1.4G file=0.2G slab=0.0G
Epoch 093 | Train Huber 0.2005 MAE 0.5012 | Val Huber 0.2897 MAE 0.6195 | LR 4.88e-08
[MEM] ep094 train-start: use=1.5G peak=1.9G limit=n/a anon=1.4G file=0.2G slab=0.0G
[MEM] ep094 batch 1: use=1.6G peak=1.9G limit=n/a anon=1.4G file=0.2G slab=0.0G
[MEM] ep094 batch 2: use=1.6G peak=1.9G limit=n/a anon=1.4G file=0.2G slab=0.0G
[MEM] ep094 batch 3: use=1.6G peak=1.9G limit=n/a anon=1.4G file=0.2G slab=0.0G
[MEM] ep094 batch 4: use=1.6G peak=1.9G limit=n/a anon=1.4G file=0.2G slab=0.0G
[MEM] ep094 batch 5: use=1.6G peak=1.9G limit=n/a anon=1.4G file=0.2G slab=0.0G
[MEM] ep094 batch 500: use=1.7G peak=1.9G limit=n/a anon=1.5G file=0.2G slab=0.0G
[MEM] ep094 batch 1000: use=1.8G peak=1.9G limit=n/a anon=1.6G file=0.2G slab=0.0G
[MEM] ep094 batch 1500: use=1.8G peak=1.9G limit=n/a anon=1.6G file=0.2G slab=0.0G
[MEM] ep094 batch 2000: use=1.8G peak=1.9G limit=n/a anon=1.6G file=0.2G slab=0.0G
[MEM] ep094 batch 2500: use=1.8G peak=1.9G limit=n/a anon=1.6G file=0.2G slab=0.0G
[MEM] ep094 batch 3000: use=1.9G peak=1.9G limit=n/a anon=1.7G file=0.2G slab=0.0G
[MEM] ep094 batch 3500: use=1.9G peak=1.9G limit=n/a anon=1.7G file=0.2G slab=0.0G
[MEM] ep094 batch 4000: use=1.9G peak=1.9G limit=n/a anon=1.7G file=0.2G slab=0.0G
[MEM] ep094 batch 4500: use=1.9G peak=1.9G limit=n/a anon=1.7G file=0.2G slab=0.0G
[MEM] ep094 batch 5000: use=1.9G peak=1.9G limit=n/a anon=1.7G file=0.2G slab=0.0G
[MEM] ep094 batch 5500: use=1.9G peak=1.9G limit=n/a anon=1.7G file=0.2G slab=0.0G
[MEM] ep094 val-start: use=1.5G peak=1.9G limit=n/a anon=1.4G file=0.2G slab=0.0G
[MEM] end epoch 094: use=1.5G peak=1.9G limit=n/a anon=1.4G file=0.2G slab=0.0G
Epoch 094 | Train Huber 0.2008 MAE 0.5013 | Val Huber 0.2898 MAE 0.6195 | LR 4.88e-08
[MEM] ep095 train-start: use=1.5G peak=1.9G limit=n/a anon=1.4G file=0.2G slab=0.0G
[MEM] ep095 batch 1: use=1.6G peak=1.9G limit=n/a anon=1.4G file=0.2G slab=0.0G
[MEM] ep095 batch 2: use=1.6G peak=1.9G limit=n/a anon=1.4G file=0.2G slab=0.0G
[MEM] ep095 batch 3: use=1.6G peak=1.9G limit=n/a anon=1.4G file=0.2G slab=0.0G
[MEM] ep095 batch 4: use=1.6G peak=1.9G limit=n/a anon=1.4G file=0.2G slab=0.0G
[MEM] ep095 batch 5: use=1.6G peak=1.9G limit=n/a anon=1.4G file=0.2G slab=0.0G
[MEM] ep095 batch 500: use=1.7G peak=1.9G limit=n/a anon=1.5G file=0.2G slab=0.0G
[MEM] ep095 batch 1000: use=1.8G peak=1.9G limit=n/a anon=1.6G file=0.2G slab=0.0G
[MEM] ep095 batch 1500: use=1.8G peak=1.9G limit=n/a anon=1.6G file=0.2G slab=0.0G
[MEM] ep095 batch 2000: use=1.8G peak=1.9G limit=n/a anon=1.6G file=0.2G slab=0.0G
[MEM] ep095 batch 2500: use=1.8G peak=1.9G limit=n/a anon=1.6G file=0.2G slab=0.0G
[MEM] ep095 batch 3000: use=1.9G peak=1.9G limit=n/a anon=1.7G file=0.2G slab=0.0G
[MEM] ep095 batch 3500: use=1.9G peak=1.9G limit=n/a anon=1.7G file=0.2G slab=0.0G
[MEM] ep095 batch 4000: use=1.9G peak=1.9G limit=n/a anon=1.7G file=0.2G slab=0.0G
[MEM] ep095 batch 4500: use=1.9G peak=1.9G limit=n/a anon=1.7G file=0.2G slab=0.0G
[MEM] ep095 batch 5000: use=1.9G peak=1.9G limit=n/a anon=1.7G file=0.2G slab=0.0G
[MEM] ep095 batch 5500: use=1.9G peak=1.9G limit=n/a anon=1.7G file=0.2G slab=0.0G
[MEM] ep095 val-start: use=1.5G peak=1.9G limit=n/a anon=1.4G file=0.2G slab=0.0G
[MEM] end epoch 095: use=1.5G peak=1.9G limit=n/a anon=1.4G file=0.2G slab=0.0G
Epoch 095 | Train Huber 0.2011 MAE 0.5021 | Val Huber 0.2898 MAE 0.6195 | LR 4.88e-08
[MEM] ep096 train-start: use=1.5G peak=1.9G limit=n/a anon=1.4G file=0.2G slab=0.0G
[MEM] ep096 batch 1: use=1.6G peak=1.9G limit=n/a anon=1.4G file=0.2G slab=0.0G
[MEM] ep096 batch 2: use=1.6G peak=1.9G limit=n/a anon=1.4G file=0.2G slab=0.0G
[MEM] ep096 batch 3: use=1.6G peak=1.9G limit=n/a anon=1.4G file=0.2G slab=0.0G
[MEM] ep096 batch 4: use=1.6G peak=1.9G limit=n/a anon=1.4G file=0.2G slab=0.0G
[MEM] ep096 batch 5: use=1.6G peak=1.9G limit=n/a anon=1.4G file=0.2G slab=0.0G
[MEM] ep096 batch 500: use=1.7G peak=1.9G limit=n/a anon=1.5G file=0.2G slab=0.0G
[MEM] ep096 batch 1000: use=1.8G peak=1.9G limit=n/a anon=1.6G file=0.2G slab=0.0G
[MEM] ep096 batch 1500: use=1.8G peak=1.9G limit=n/a anon=1.6G file=0.2G slab=0.0G
[MEM] ep096 batch 2000: use=1.8G peak=1.9G limit=n/a anon=1.6G file=0.2G slab=0.0G
[MEM] ep096 batch 2500: use=1.8G peak=1.9G limit=n/a anon=1.6G file=0.2G slab=0.0G
[MEM] ep096 batch 3000: use=1.9G peak=1.9G limit=n/a anon=1.7G file=0.2G slab=0.0G
[MEM] ep096 batch 3500: use=1.9G peak=1.9G limit=n/a anon=1.7G file=0.2G slab=0.0G
[MEM] ep096 batch 4000: use=1.9G peak=1.9G limit=n/a anon=1.7G file=0.2G slab=0.0G
[MEM] ep096 batch 4500: use=1.9G peak=1.9G limit=n/a anon=1.7G file=0.2G slab=0.0G
[MEM] ep096 batch 5000: use=1.9G peak=1.9G limit=n/a anon=1.7G file=0.2G slab=0.0G
[MEM] ep096 batch 5500: use=1.9G peak=1.9G limit=n/a anon=1.7G file=0.2G slab=0.0G
[MEM] ep096 val-start: use=1.5G peak=1.9G limit=n/a anon=1.4G file=0.2G slab=0.0G
[MEM] end epoch 096: use=1.5G peak=1.9G limit=n/a anon=1.4G file=0.2G slab=0.0G
Epoch 096 | Train Huber 0.2012 MAE 0.5021 | Val Huber 0.2898 MAE 0.6195 | LR 4.88e-08
[MEM] ep097 train-start: use=1.5G peak=1.9G limit=n/a anon=1.4G file=0.2G slab=0.0G
[MEM] ep097 batch 1: use=1.6G peak=1.9G limit=n/a anon=1.4G file=0.2G slab=0.0G
[MEM] ep097 batch 2: use=1.6G peak=1.9G limit=n/a anon=1.4G file=0.2G slab=0.0G
[MEM] ep097 batch 3: use=1.6G peak=1.9G limit=n/a anon=1.4G file=0.2G slab=0.0G
[MEM] ep097 batch 4: use=1.6G peak=1.9G limit=n/a anon=1.4G file=0.2G slab=0.0G
[MEM] ep097 batch 5: use=1.6G peak=1.9G limit=n/a anon=1.4G file=0.2G slab=0.0G
[MEM] ep097 batch 500: use=1.7G peak=1.9G limit=n/a anon=1.5G file=0.2G slab=0.0G
[MEM] ep097 batch 1000: use=1.8G peak=1.9G limit=n/a anon=1.6G file=0.2G slab=0.0G
[MEM] ep097 batch 1500: use=1.8G peak=1.9G limit=n/a anon=1.6G file=0.2G slab=0.0G
[MEM] ep097 batch 2000: use=1.8G peak=1.9G limit=n/a anon=1.6G file=0.2G slab=0.0G
[MEM] ep097 batch 2500: use=1.8G peak=1.9G limit=n/a anon=1.6G file=0.2G slab=0.0G
[MEM] ep097 batch 3000: use=1.9G peak=1.9G limit=n/a anon=1.7G file=0.2G slab=0.0G
[MEM] ep097 batch 3500: use=1.9G peak=1.9G limit=n/a anon=1.7G file=0.2G slab=0.0G
[MEM] ep097 batch 4000: use=1.9G peak=1.9G limit=n/a anon=1.7G file=0.2G slab=0.0G
[MEM] ep097 batch 4500: use=1.9G peak=1.9G limit=n/a anon=1.7G file=0.2G slab=0.0G
[MEM] ep097 batch 5000: use=1.9G peak=1.9G limit=n/a anon=1.7G file=0.2G slab=0.0G
[MEM] ep097 batch 5500: use=1.9G peak=1.9G limit=n/a anon=1.7G file=0.2G slab=0.0G
[MEM] ep097 val-start: use=1.5G peak=1.9G limit=n/a anon=1.4G file=0.2G slab=0.0G
[MEM] end epoch 097: use=1.5G peak=1.9G limit=n/a anon=1.4G file=0.2G slab=0.0G
Epoch 097 | Train Huber 0.2008 MAE 0.5016 | Val Huber 0.2898 MAE 0.6196 | LR 4.88e-08
[MEM] ep098 train-start: use=1.5G peak=1.9G limit=n/a anon=1.4G file=0.2G slab=0.0G
[MEM] ep098 batch 1: use=1.6G peak=1.9G limit=n/a anon=1.4G file=0.2G slab=0.0G
[MEM] ep098 batch 2: use=1.6G peak=1.9G limit=n/a anon=1.4G file=0.2G slab=0.0G
[MEM] ep098 batch 3: use=1.6G peak=1.9G limit=n/a anon=1.4G file=0.2G slab=0.0G
[MEM] ep098 batch 4: use=1.6G peak=1.9G limit=n/a anon=1.4G file=0.2G slab=0.0G
[MEM] ep098 batch 5: use=1.6G peak=1.9G limit=n/a anon=1.4G file=0.2G slab=0.0G
[MEM] ep098 batch 500: use=1.7G peak=1.9G limit=n/a anon=1.5G file=0.2G slab=0.0G
[MEM] ep098 batch 1000: use=1.8G peak=1.9G limit=n/a anon=1.6G file=0.2G slab=0.0G
[MEM] ep098 batch 1500: use=1.8G peak=1.9G limit=n/a anon=1.6G file=0.2G slab=0.0G
[MEM] ep098 batch 2000: use=1.8G peak=1.9G limit=n/a anon=1.6G file=0.2G slab=0.0G
[MEM] ep098 batch 2500: use=1.8G peak=1.9G limit=n/a anon=1.6G file=0.2G slab=0.0G
[MEM] ep098 batch 3000: use=1.9G peak=1.9G limit=n/a anon=1.7G file=0.2G slab=0.0G
[MEM] ep098 batch 3500: use=1.9G peak=1.9G limit=n/a anon=1.7G file=0.2G slab=0.0G
[MEM] ep098 batch 4000: use=1.9G peak=1.9G limit=n/a anon=1.7G file=0.2G slab=0.0G
[MEM] ep098 batch 4500: use=1.9G peak=1.9G limit=n/a anon=1.7G file=0.2G slab=0.0G
[MEM] ep098 batch 5000: use=1.9G peak=1.9G limit=n/a anon=1.7G file=0.2G slab=0.0G
[MEM] ep098 batch 5500: use=1.9G peak=1.9G limit=n/a anon=1.7G file=0.2G slab=0.0G
[MEM] ep098 val-start: use=1.5G peak=1.9G limit=n/a anon=1.4G file=0.2G slab=0.0G
[MEM] end epoch 098: use=1.5G peak=1.9G limit=n/a anon=1.4G file=0.2G slab=0.0G
Epoch 098 | Train Huber 0.2004 MAE 0.5012 | Val Huber 0.2898 MAE 0.6196 | LR 4.88e-08
[MEM] ep099 train-start: use=1.5G peak=1.9G limit=n/a anon=1.4G file=0.2G slab=0.0G
[MEM] ep099 batch 1: use=1.6G peak=1.9G limit=n/a anon=1.4G file=0.2G slab=0.0G
[MEM] ep099 batch 2: use=1.6G peak=1.9G limit=n/a anon=1.4G file=0.2G slab=0.0G
[MEM] ep099 batch 3: use=1.6G peak=1.9G limit=n/a anon=1.4G file=0.2G slab=0.0G
[MEM] ep099 batch 4: use=1.6G peak=1.9G limit=n/a anon=1.4G file=0.2G slab=0.0G
[MEM] ep099 batch 5: use=1.6G peak=1.9G limit=n/a anon=1.4G file=0.2G slab=0.0G
[MEM] ep099 batch 500: use=1.7G peak=1.9G limit=n/a anon=1.5G file=0.2G slab=0.0G
[MEM] ep099 batch 1000: use=1.8G peak=1.9G limit=n/a anon=1.6G file=0.2G slab=0.0G
[MEM] ep099 batch 1500: use=1.8G peak=1.9G limit=n/a anon=1.6G file=0.2G slab=0.0G
[MEM] ep099 batch 2000: use=1.8G peak=1.9G limit=n/a anon=1.6G file=0.2G slab=0.0G
[MEM] ep099 batch 2500: use=1.8G peak=1.9G limit=n/a anon=1.6G file=0.2G slab=0.0G
[MEM] ep099 batch 3000: use=1.9G peak=1.9G limit=n/a anon=1.7G file=0.2G slab=0.0G
[MEM] ep099 batch 3500: use=1.9G peak=1.9G limit=n/a anon=1.7G file=0.2G slab=0.0G
[MEM] ep099 batch 4000: use=1.9G peak=1.9G limit=n/a anon=1.7G file=0.2G slab=0.0G
[MEM] ep099 batch 4500: use=1.9G peak=1.9G limit=n/a anon=1.7G file=0.2G slab=0.0G
[MEM] ep099 batch 5000: use=1.9G peak=1.9G limit=n/a anon=1.7G file=0.2G slab=0.0G
[MEM] ep099 batch 5500: use=1.9G peak=1.9G limit=n/a anon=1.7G file=0.2G slab=0.0G
[MEM] ep099 val-start: use=1.5G peak=1.9G limit=n/a anon=1.4G file=0.2G slab=0.0G
[MEM] end epoch 099: use=1.5G peak=1.9G limit=n/a anon=1.4G file=0.2G slab=0.0G
Epoch 099 | Train Huber 0.2007 MAE 0.5016 | Val Huber 0.2898 MAE 0.6195 | LR 2.44e-08
[MEM] ep100 train-start: use=1.5G peak=1.9G limit=n/a anon=1.4G file=0.2G slab=0.0G
[MEM] ep100 batch 1: use=1.6G peak=1.9G limit=n/a anon=1.4G file=0.2G slab=0.0G
[MEM] ep100 batch 2: use=1.6G peak=1.9G limit=n/a anon=1.4G file=0.2G slab=0.0G
[MEM] ep100 batch 3: use=1.6G peak=1.9G limit=n/a anon=1.4G file=0.2G slab=0.0G
[MEM] ep100 batch 4: use=1.6G peak=1.9G limit=n/a anon=1.4G file=0.2G slab=0.0G
[MEM] ep100 batch 5: use=1.6G peak=1.9G limit=n/a anon=1.4G file=0.2G slab=0.0G
[MEM] ep100 batch 500: use=1.7G peak=1.9G limit=n/a anon=1.5G file=0.2G slab=0.0G
[MEM] ep100 batch 1000: use=1.8G peak=1.9G limit=n/a anon=1.6G file=0.2G slab=0.0G
[MEM] ep100 batch 1500: use=1.8G peak=1.9G limit=n/a anon=1.6G file=0.2G slab=0.0G
[MEM] ep100 batch 2000: use=1.8G peak=1.9G limit=n/a anon=1.6G file=0.2G slab=0.0G
[MEM] ep100 batch 2500: use=1.8G peak=1.9G limit=n/a anon=1.6G file=0.2G slab=0.0G
[MEM] ep100 batch 3000: use=1.9G peak=1.9G limit=n/a anon=1.7G file=0.2G slab=0.0G
[MEM] ep100 batch 3500: use=1.9G peak=1.9G limit=n/a anon=1.7G file=0.2G slab=0.0G
[MEM] ep100 batch 4000: use=1.9G peak=1.9G limit=n/a anon=1.7G file=0.2G slab=0.0G
[MEM] ep100 batch 4500: use=1.9G peak=1.9G limit=n/a anon=1.7G file=0.2G slab=0.0G
[MEM] ep100 batch 5000: use=1.9G peak=1.9G limit=n/a anon=1.7G file=0.2G slab=0.0G
[MEM] ep100 batch 5500: use=1.9G peak=1.9G limit=n/a anon=1.7G file=0.2G slab=0.0G
[MEM] ep100 val-start: use=1.5G peak=1.9G limit=n/a anon=1.4G file=0.2G slab=0.0G
[MEM] end epoch 100: use=1.5G peak=1.9G limit=n/a anon=1.4G file=0.2G slab=0.0G
Epoch 100 | Train Huber 0.2009 MAE 0.5016 | Val Huber 0.2898 MAE 0.6195 | LR 2.44e-08
Best epoch: 027 (Val Huber 0.2698) -> /s/chopin/e/proj/hyperspec/masfiq/models/tinyUnet_version_7_fusion_geohash_month_koppen_withAttentionLayer_SAR_version_6_California_North_10_2021_best.pth
Saved: /s/chopin/e/proj/hyperspec/masfiq/models/tinyUnet_version_7_fusion_geohash_month_koppen_withAttentionLayer_SAR_version_6_California_North_10_2021.pth
