Tue Aug 25 04:42:11 2026       
+-----------------------------------------------------------------------------------------+
| NVIDIA-SMI 580.126.18             Driver Version: 580.126.18     CUDA Version: 13.0     |
+-----------------------------------------+------------------------+----------------------+
| GPU  Name                 Persistence-M | Bus-Id          Disp.A | Volatile Uncorr. ECC |
| Fan  Temp   Perf          Pwr:Usage/Cap |           Memory-Usage | GPU-Util  Compute M. |
|                                         |                        |               MIG M. |
|=========================================+========================+======================|
|   0  NVIDIA A100-SXM4-80GB          Off |   00000000:01:00.0 Off |                   On |
| N/A   28C    P0             63W /  500W |     486MiB /  81920MiB |     N/A      Default |
|                                         |                        |              Enabled |
+-----------------------------------------+------------------------+----------------------+

+-----------------------------------------------------------------------------------------+
| MIG devices:                                                                            |
+------------------+----------------------------------+-----------+-----------------------+
| GPU  GI  CI  MIG |              Shared Memory-Usage |        Vol|        Shared         |
|      ID  ID  Dev |                Shared BAR1-Usage | SM     Unc| CE ENC  DEC  OFA  JPG |
|                  |                                  |        ECC|                       |
|==================+==================================+===========+=======================|
|  0    2   0   0  |             107MiB / 40192MiB    | 42      0 |  3   0    2    0    0 |
|                  |               0MiB / 24543MiB    |           |                       |
+------------------+----------------------------------+-----------+-----------------------+

+-----------------------------------------------------------------------------------------+
| Processes:                                                                              |
|  GPU   GI   CI              PID   Type   Process name                        GPU Memory |
|        ID   ID                                                               Usage      |
|=========================================================================================|
|  No running processes found                                                             |
+-----------------------------------------------------------------------------------------+
Device: cuda
[MEM] startup: use=0.4G peak=0.4G limit=n/a anon=0.4G file=0.0G slab=0.0G

[KOPPEN DEBUG] Loading legend from: /s/chopin/e/proj/hyperspec/masfiq/dataset/koppen_geiger_tif/legend.txt
[KOPPEN DEBUG] Legend exists: True
[KOPPEN DEBUG] Parsed legend class count: 30
[KOPPEN DEBUG] First 20 parsed codes: [1, 2, 3, 4, 5, 6, 7, 8, 9, 10, 11, 12, 13, 14, 15, 16, 17, 18, 19, 20]
[KOPPEN DEBUG] First 20 code_to_label: [(1, 'Af'), (2, 'Am'), (3, 'Aw'), (4, 'BWh'), (5, 'BWk'), (6, 'BSh'), (7, 'BSk'), (8, 'Csa'), (9, 'Csb'), (10, 'Csc'), (11, 'Cwa'), (12, 'Cwb'), (13, 'Cwc'), (14, 'Cfa'), (15, 'Cfb'), (16, 'Cfc'), (17, 'Dsa'), (18, 'Dsb'), (19, 'Dsc'), (20, 'Dsd')]

[KOPPEN DEBUG] KoppenGeigerLookup initialized
[KOPPEN DEBUG] koppen_tif_path: /tmp/koppen.tif
[KOPPEN DEBUG] tif exists: True
[KOPPEN DEBUG] legend_path: /s/chopin/e/proj/hyperspec/masfiq/dataset/koppen_geiger_tif/legend.txt
[KOPPEN DEBUG] legend exists: True
[KOPPEN DEBUG] real class count: 30
[KOPPEN DEBUG] unknown_index: 30
[KOPPEN DEBUG] num_classes: 31
Gridmet dir added 

[GRIDMET] loaded subset cube (6, 365, 36, 125) (39.4 MB) lat 41.025..42.483 lon -124.683..-119.517
[LOADER] train workers=4 val workers=2 persistent=False prefetch=2
Sample x_img: torch.Size([14, 5, 5]) in_channels= 14
Sample gh_idx: torch.Size([7]) geohash_precision= 7
Sample x_aux: torch.Size([39]) aux_dim= 39
Sample y: 2.179750680923462
[MEM] ep001 train-start: use=0.7G peak=0.8G limit=n/a anon=0.5G file=0.2G slab=0.0G
[MEM] ep001 batch 1: use=0.8G peak=0.8G limit=n/a anon=0.6G file=0.2G slab=0.0G
[MEM] ep001 batch 2: use=1.3G peak=1.3G limit=n/a anon=1.1G file=0.2G slab=0.0G
[MEM] ep001 batch 3: use=1.3G peak=1.3G limit=n/a anon=1.1G file=0.2G slab=0.0G
[MEM] ep001 batch 4: use=1.3G peak=1.3G limit=n/a anon=1.1G file=0.2G slab=0.0G
[MEM] ep001 batch 5: use=1.3G peak=1.3G limit=n/a anon=1.1G file=0.2G slab=0.0G
[MEM] ep001 batch 500: use=1.5G peak=1.5G limit=n/a anon=1.2G file=0.2G slab=0.1G
[MEM] ep001 batch 1000: use=1.6G peak=1.6G limit=n/a anon=1.2G file=0.3G slab=0.1G
[MEM] ep001 batch 1500: use=1.8G peak=1.8G limit=n/a anon=1.3G file=0.3G slab=0.1G
[MEM] ep001 batch 2000: use=1.9G peak=1.9G limit=n/a anon=1.3G file=0.4G slab=0.2G
[MEM] ep001 batch 2500: use=2.0G peak=2.0G limit=n/a anon=1.3G file=0.4G slab=0.2G
[MEM] ep001 batch 3000: use=2.0G peak=2.0G limit=n/a anon=1.3G file=0.5G slab=0.2G
[MEM] ep001 batch 3500: use=2.1G peak=2.1G limit=n/a anon=1.4G file=0.5G slab=0.3G
[MEM] ep001 batch 4000: use=2.2G peak=2.2G limit=n/a anon=1.4G file=0.5G slab=0.3G
[MEM] ep001 batch 4500: use=2.2G peak=2.2G limit=n/a anon=1.4G file=0.5G slab=0.3G
[MEM] ep001 batch 5000: use=2.2G peak=2.2G limit=n/a anon=1.4G file=0.5G slab=0.3G
[MEM] ep001 batch 5500: use=2.3G peak=2.3G limit=n/a anon=1.4G file=0.5G slab=0.3G
[MEM] ep001 val-start: use=1.9G peak=2.3G limit=n/a anon=1.0G file=0.5G slab=0.3G
[MEM] end epoch 001: use=2.1G peak=2.3G limit=n/a anon=1.0G file=0.7G slab=0.4G
Epoch 001 | Train Huber 0.4544 MAE 0.8308 | Val Huber 0.3742 MAE 0.7342 | LR 1.00e-04
[MEM] ep002 train-start: use=2.1G peak=2.3G limit=n/a anon=1.0G file=0.7G slab=0.4G
[MEM] ep002 batch 1: use=2.2G peak=2.3G limit=n/a anon=1.1G file=0.7G slab=0.4G
[MEM] ep002 batch 2: use=2.2G peak=2.3G limit=n/a anon=1.1G file=0.7G slab=0.4G
[MEM] ep002 batch 3: use=2.2G peak=2.3G limit=n/a anon=1.1G file=0.7G slab=0.4G
[MEM] ep002 batch 4: use=2.2G peak=2.3G limit=n/a anon=1.1G file=0.7G slab=0.4G
[MEM] ep002 batch 5: use=2.2G peak=2.3G limit=n/a anon=1.1G file=0.7G slab=0.4G
[MEM] ep002 batch 500: use=2.3G peak=2.3G limit=n/a anon=1.2G file=0.7G slab=0.4G
[MEM] ep002 batch 1000: use=2.3G peak=2.3G limit=n/a anon=1.2G file=0.7G slab=0.4G
[MEM] ep002 batch 1500: use=2.4G peak=2.4G limit=n/a anon=1.3G file=0.7G slab=0.4G
[MEM] ep002 batch 2000: use=2.4G peak=2.4G limit=n/a anon=1.3G file=0.7G slab=0.4G
[MEM] ep002 batch 2500: use=2.4G peak=2.4G limit=n/a anon=1.3G file=0.7G slab=0.4G
[MEM] ep002 batch 3000: use=2.4G peak=2.4G limit=n/a anon=1.3G file=0.7G slab=0.4G
[MEM] ep002 batch 3500: use=2.5G peak=2.5G limit=n/a anon=1.4G file=0.7G slab=0.4G
[MEM] ep002 batch 4000: use=2.5G peak=2.5G limit=n/a anon=1.4G file=0.7G slab=0.4G
[MEM] ep002 batch 4500: use=2.5G peak=2.5G limit=n/a anon=1.4G file=0.7G slab=0.4G
[MEM] ep002 batch 5000: use=2.5G peak=2.5G limit=n/a anon=1.4G file=0.7G slab=0.4G
[MEM] ep002 batch 5500: use=2.5G peak=2.5G limit=n/a anon=1.4G file=0.7G slab=0.4G
[MEM] ep002 val-start: use=2.1G peak=2.5G limit=n/a anon=1.0G file=0.7G slab=0.4G
[MEM] end epoch 002: use=2.1G peak=2.5G limit=n/a anon=1.0G file=0.7G slab=0.4G
Epoch 002 | Train Huber 0.3958 MAE 0.7634 | Val Huber 0.3518 MAE 0.7089 | LR 1.00e-04
[MEM] ep003 train-start: use=2.1G peak=2.5G limit=n/a anon=1.0G file=0.7G slab=0.4G
[MEM] ep003 batch 1: use=2.2G peak=2.5G limit=n/a anon=1.1G file=0.7G slab=0.4G
[MEM] ep003 batch 2: use=2.2G peak=2.5G limit=n/a anon=1.1G file=0.7G slab=0.4G
[MEM] ep003 batch 3: use=2.2G peak=2.5G limit=n/a anon=1.1G file=0.7G slab=0.4G
[MEM] ep003 batch 4: use=2.2G peak=2.5G limit=n/a anon=1.1G file=0.7G slab=0.4G
[MEM] ep003 batch 5: use=2.2G peak=2.5G limit=n/a anon=1.1G file=0.7G slab=0.4G
[MEM] ep003 batch 500: use=2.3G peak=2.5G limit=n/a anon=1.2G file=0.7G slab=0.4G
[MEM] ep003 batch 1000: use=2.3G peak=2.5G limit=n/a anon=1.2G file=0.7G slab=0.4G
[MEM] ep003 batch 1500: use=2.4G peak=2.5G limit=n/a anon=1.3G file=0.7G slab=0.4G
[MEM] ep003 batch 2000: use=2.4G peak=2.5G limit=n/a anon=1.3G file=0.7G slab=0.4G
[MEM] ep003 batch 2500: use=2.4G peak=2.5G limit=n/a anon=1.3G file=0.7G slab=0.4G
[MEM] ep003 batch 3000: use=2.4G peak=2.5G limit=n/a anon=1.3G file=0.7G slab=0.4G
[MEM] ep003 batch 3500: use=2.5G peak=2.5G limit=n/a anon=1.4G file=0.7G slab=0.4G
[MEM] ep003 batch 4000: use=2.5G peak=2.5G limit=n/a anon=1.4G file=0.7G slab=0.4G
[MEM] ep003 batch 4500: use=2.5G peak=2.5G limit=n/a anon=1.4G file=0.7G slab=0.4G
[MEM] ep003 batch 5000: use=2.5G peak=2.5G limit=n/a anon=1.4G file=0.7G slab=0.4G
[MEM] ep003 batch 5500: use=2.5G peak=2.5G limit=n/a anon=1.4G file=0.7G slab=0.4G
[MEM] ep003 val-start: use=2.1G peak=2.5G limit=n/a anon=1.0G file=0.7G slab=0.4G
[MEM] end epoch 003: use=2.1G peak=2.5G limit=n/a anon=1.0G file=0.7G slab=0.4G
Epoch 003 | Train Huber 0.3787 MAE 0.7436 | Val Huber 0.3360 MAE 0.6878 | LR 1.00e-04
[MEM] ep004 train-start: use=2.1G peak=2.5G limit=n/a anon=1.0G file=0.7G slab=0.4G
[MEM] ep004 batch 1: use=2.2G peak=2.5G limit=n/a anon=1.1G file=0.7G slab=0.4G
[MEM] ep004 batch 2: use=2.2G peak=2.5G limit=n/a anon=1.1G file=0.7G slab=0.4G
[MEM] ep004 batch 3: use=2.2G peak=2.5G limit=n/a anon=1.1G file=0.7G slab=0.4G
[MEM] ep004 batch 4: use=2.2G peak=2.5G limit=n/a anon=1.1G file=0.7G slab=0.4G
[MEM] ep004 batch 5: use=2.2G peak=2.5G limit=n/a anon=1.1G file=0.7G slab=0.4G
[MEM] ep004 batch 500: use=2.3G peak=2.5G limit=n/a anon=1.2G file=0.7G slab=0.4G
[MEM] ep004 batch 1000: use=2.3G peak=2.5G limit=n/a anon=1.2G file=0.7G slab=0.4G
[MEM] ep004 batch 1500: use=2.4G peak=2.5G limit=n/a anon=1.3G file=0.7G slab=0.4G
[MEM] ep004 batch 2000: use=2.4G peak=2.5G limit=n/a anon=1.3G file=0.7G slab=0.4G
[MEM] ep004 batch 2500: use=2.4G peak=2.5G limit=n/a anon=1.3G file=0.7G slab=0.4G
[MEM] ep004 batch 3000: use=2.4G peak=2.5G limit=n/a anon=1.3G file=0.7G slab=0.4G
[MEM] ep004 batch 3500: use=2.5G peak=2.5G limit=n/a anon=1.4G file=0.7G slab=0.4G
[MEM] ep004 batch 4000: use=2.5G peak=2.5G limit=n/a anon=1.4G file=0.7G slab=0.4G
[MEM] ep004 batch 4500: use=2.5G peak=2.5G limit=n/a anon=1.4G file=0.7G slab=0.4G
[MEM] ep004 batch 5000: use=2.5G peak=2.5G limit=n/a anon=1.4G file=0.7G slab=0.4G
[MEM] ep004 batch 5500: use=2.5G peak=2.5G limit=n/a anon=1.4G file=0.7G slab=0.4G
[MEM] ep004 val-start: use=2.1G peak=2.5G limit=n/a anon=1.0G file=0.7G slab=0.4G
[MEM] end epoch 004: use=2.1G peak=2.5G limit=n/a anon=1.0G file=0.7G slab=0.4G
Epoch 004 | Train Huber 0.3648 MAE 0.7262 | Val Huber 0.3223 MAE 0.6714 | LR 1.00e-04
[MEM] ep005 train-start: use=2.1G peak=2.5G limit=n/a anon=1.0G file=0.7G slab=0.4G
[MEM] ep005 batch 1: use=2.2G peak=2.5G limit=n/a anon=1.1G file=0.7G slab=0.4G
[MEM] ep005 batch 2: use=2.2G peak=2.5G limit=n/a anon=1.1G file=0.7G slab=0.4G
[MEM] ep005 batch 3: use=2.2G peak=2.5G limit=n/a anon=1.1G file=0.7G slab=0.4G
[MEM] ep005 batch 4: use=2.2G peak=2.5G limit=n/a anon=1.1G file=0.7G slab=0.4G
[MEM] ep005 batch 5: use=2.2G peak=2.5G limit=n/a anon=1.1G file=0.7G slab=0.4G
[MEM] ep005 batch 500: use=2.3G peak=2.5G limit=n/a anon=1.2G file=0.7G slab=0.4G
[MEM] ep005 batch 1000: use=2.3G peak=2.5G limit=n/a anon=1.2G file=0.7G slab=0.4G
[MEM] ep005 batch 1500: use=2.4G peak=2.5G limit=n/a anon=1.3G file=0.7G slab=0.4G
[MEM] ep005 batch 2000: use=2.4G peak=2.5G limit=n/a anon=1.3G file=0.7G slab=0.4G
[MEM] ep005 batch 2500: use=2.4G peak=2.5G limit=n/a anon=1.3G file=0.7G slab=0.4G
[MEM] ep005 batch 3000: use=2.4G peak=2.5G limit=n/a anon=1.3G file=0.7G slab=0.4G
[MEM] ep005 batch 3500: use=2.5G peak=2.5G limit=n/a anon=1.4G file=0.7G slab=0.4G
[MEM] ep005 batch 4000: use=2.5G peak=2.5G limit=n/a anon=1.4G file=0.7G slab=0.4G
[MEM] ep005 batch 4500: use=2.5G peak=2.5G limit=n/a anon=1.4G file=0.7G slab=0.4G
[MEM] ep005 batch 5000: use=2.5G peak=2.5G limit=n/a anon=1.4G file=0.7G slab=0.4G
[MEM] ep005 batch 5500: use=2.5G peak=2.5G limit=n/a anon=1.4G file=0.7G slab=0.4G
[MEM] ep005 val-start: use=2.1G peak=2.5G limit=n/a anon=1.0G file=0.7G slab=0.4G
[MEM] end epoch 005: use=2.1G peak=2.5G limit=n/a anon=1.0G file=0.7G slab=0.4G
Epoch 005 | Train Huber 0.3555 MAE 0.7145 | Val Huber 0.3224 MAE 0.6710 | LR 1.00e-04
[MEM] ep006 train-start: use=2.1G peak=2.5G limit=n/a anon=1.0G file=0.7G slab=0.4G
[MEM] ep006 batch 1: use=2.2G peak=2.5G limit=n/a anon=1.1G file=0.7G slab=0.4G
[MEM] ep006 batch 2: use=2.2G peak=2.5G limit=n/a anon=1.1G file=0.7G slab=0.4G
[MEM] ep006 batch 3: use=2.2G peak=2.5G limit=n/a anon=1.1G file=0.7G slab=0.4G
[MEM] ep006 batch 4: use=2.2G peak=2.5G limit=n/a anon=1.1G file=0.7G slab=0.4G
[MEM] ep006 batch 5: use=2.2G peak=2.5G limit=n/a anon=1.1G file=0.7G slab=0.4G
[MEM] ep006 batch 500: use=2.3G peak=2.5G limit=n/a anon=1.2G file=0.7G slab=0.4G
[MEM] ep006 batch 1000: use=2.3G peak=2.5G limit=n/a anon=1.2G file=0.7G slab=0.4G
[MEM] ep006 batch 1500: use=2.4G peak=2.5G limit=n/a anon=1.3G file=0.7G slab=0.4G
[MEM] ep006 batch 2000: use=2.4G peak=2.5G limit=n/a anon=1.3G file=0.7G slab=0.4G
[MEM] ep006 batch 2500: use=2.4G peak=2.5G limit=n/a anon=1.3G file=0.7G slab=0.4G
[MEM] ep006 batch 3000: use=2.4G peak=2.5G limit=n/a anon=1.3G file=0.7G slab=0.4G
[MEM] ep006 batch 3500: use=2.5G peak=2.5G limit=n/a anon=1.4G file=0.7G slab=0.4G
[MEM] ep006 batch 4000: use=2.5G peak=2.5G limit=n/a anon=1.4G file=0.7G slab=0.4G
[MEM] ep006 batch 4500: use=2.5G peak=2.5G limit=n/a anon=1.4G file=0.7G slab=0.4G
[MEM] ep006 batch 5000: use=2.5G peak=2.5G limit=n/a anon=1.4G file=0.7G slab=0.4G
[MEM] ep006 batch 5500: use=2.5G peak=2.5G limit=n/a anon=1.4G file=0.7G slab=0.4G
[MEM] ep006 val-start: use=2.1G peak=2.5G limit=n/a anon=1.0G file=0.7G slab=0.4G
[MEM] end epoch 006: use=2.1G peak=2.5G limit=n/a anon=1.0G file=0.7G slab=0.4G
Epoch 006 | Train Huber 0.3473 MAE 0.7039 | Val Huber 0.3127 MAE 0.6568 | LR 1.00e-04
[MEM] ep007 train-start: use=2.1G peak=2.5G limit=n/a anon=1.0G file=0.7G slab=0.4G
[MEM] ep007 batch 1: use=2.2G peak=2.5G limit=n/a anon=1.1G file=0.7G slab=0.4G
[MEM] ep007 batch 2: use=2.2G peak=2.5G limit=n/a anon=1.1G file=0.7G slab=0.4G
[MEM] ep007 batch 3: use=2.2G peak=2.5G limit=n/a anon=1.1G file=0.7G slab=0.4G
[MEM] ep007 batch 4: use=2.2G peak=2.5G limit=n/a anon=1.1G file=0.7G slab=0.4G
[MEM] ep007 batch 5: use=2.2G peak=2.5G limit=n/a anon=1.1G file=0.7G slab=0.4G
[MEM] ep007 batch 500: use=2.3G peak=2.5G limit=n/a anon=1.2G file=0.7G slab=0.4G
[MEM] ep007 batch 1000: use=2.3G peak=2.5G limit=n/a anon=1.2G file=0.7G slab=0.4G
[MEM] ep007 batch 1500: use=2.4G peak=2.5G limit=n/a anon=1.3G file=0.7G slab=0.4G
[MEM] ep007 batch 2000: use=2.4G peak=2.5G limit=n/a anon=1.3G file=0.7G slab=0.4G
[MEM] ep007 batch 2500: use=2.4G peak=2.5G limit=n/a anon=1.3G file=0.7G slab=0.4G
[MEM] ep007 batch 3000: use=2.4G peak=2.5G limit=n/a anon=1.3G file=0.7G slab=0.4G
[MEM] ep007 batch 3500: use=2.5G peak=2.5G limit=n/a anon=1.4G file=0.7G slab=0.4G
[MEM] ep007 batch 4000: use=2.5G peak=2.5G limit=n/a anon=1.4G file=0.7G slab=0.4G
[MEM] ep007 batch 4500: use=2.5G peak=2.5G limit=n/a anon=1.4G file=0.7G slab=0.4G
[MEM] ep007 batch 5000: use=2.5G peak=2.5G limit=n/a anon=1.4G file=0.7G slab=0.4G
[MEM] ep007 batch 5500: use=2.5G peak=2.5G limit=n/a anon=1.4G file=0.7G slab=0.4G
[MEM] ep007 val-start: use=2.1G peak=2.5G limit=n/a anon=1.0G file=0.7G slab=0.4G
[MEM] end epoch 007: use=2.1G peak=2.5G limit=n/a anon=1.0G file=0.7G slab=0.4G
Epoch 007 | Train Huber 0.3424 MAE 0.6976 | Val Huber 0.3066 MAE 0.6491 | LR 1.00e-04
[MEM] ep008 train-start: use=2.1G peak=2.5G limit=n/a anon=1.0G file=0.7G slab=0.4G
[MEM] ep008 batch 1: use=2.2G peak=2.5G limit=n/a anon=1.1G file=0.7G slab=0.4G
[MEM] ep008 batch 2: use=2.2G peak=2.5G limit=n/a anon=1.1G file=0.7G slab=0.4G
[MEM] ep008 batch 3: use=2.2G peak=2.5G limit=n/a anon=1.1G file=0.7G slab=0.4G
[MEM] ep008 batch 4: use=2.2G peak=2.5G limit=n/a anon=1.1G file=0.7G slab=0.4G
[MEM] ep008 batch 5: use=2.2G peak=2.5G limit=n/a anon=1.1G file=0.7G slab=0.4G
[MEM] ep008 batch 500: use=2.3G peak=2.5G limit=n/a anon=1.2G file=0.7G slab=0.4G
[MEM] ep008 batch 1000: use=2.3G peak=2.5G limit=n/a anon=1.2G file=0.7G slab=0.4G
[MEM] ep008 batch 1500: use=2.4G peak=2.5G limit=n/a anon=1.3G file=0.7G slab=0.4G
[MEM] ep008 batch 2000: use=2.4G peak=2.5G limit=n/a anon=1.3G file=0.7G slab=0.4G
[MEM] ep008 batch 2500: use=2.4G peak=2.5G limit=n/a anon=1.3G file=0.7G slab=0.4G
[MEM] ep008 batch 3000: use=2.4G peak=2.5G limit=n/a anon=1.3G file=0.7G slab=0.4G
[MEM] ep008 batch 3500: use=2.5G peak=2.5G limit=n/a anon=1.4G file=0.7G slab=0.4G
[MEM] ep008 batch 4000: use=2.5G peak=2.5G limit=n/a anon=1.4G file=0.7G slab=0.4G
[MEM] ep008 batch 4500: use=2.5G peak=2.5G limit=n/a anon=1.4G file=0.7G slab=0.4G
[MEM] ep008 batch 5000: use=2.5G peak=2.5G limit=n/a anon=1.4G file=0.7G slab=0.4G
[MEM] ep008 batch 5500: use=2.5G peak=2.5G limit=n/a anon=1.4G file=0.7G slab=0.4G
[MEM] ep008 val-start: use=2.1G peak=2.5G limit=n/a anon=1.0G file=0.7G slab=0.4G
[MEM] end epoch 008: use=2.1G peak=2.5G limit=n/a anon=1.0G file=0.7G slab=0.4G
Epoch 008 | Train Huber 0.3384 MAE 0.6921 | Val Huber 0.3082 MAE 0.6523 | LR 1.00e-04
[MEM] ep009 train-start: use=2.1G peak=2.5G limit=n/a anon=1.0G file=0.7G slab=0.4G
[MEM] ep009 batch 1: use=2.2G peak=2.5G limit=n/a anon=1.1G file=0.7G slab=0.4G
[MEM] ep009 batch 2: use=2.2G peak=2.5G limit=n/a anon=1.1G file=0.7G slab=0.4G
[MEM] ep009 batch 3: use=2.2G peak=2.5G limit=n/a anon=1.1G file=0.7G slab=0.4G
[MEM] ep009 batch 4: use=2.2G peak=2.5G limit=n/a anon=1.1G file=0.7G slab=0.4G
[MEM] ep009 batch 5: use=2.2G peak=2.5G limit=n/a anon=1.1G file=0.7G slab=0.4G
[MEM] ep009 batch 500: use=2.3G peak=2.5G limit=n/a anon=1.2G file=0.7G slab=0.4G
[MEM] ep009 batch 1000: use=2.3G peak=2.5G limit=n/a anon=1.2G file=0.7G slab=0.4G
[MEM] ep009 batch 1500: use=2.4G peak=2.5G limit=n/a anon=1.3G file=0.7G slab=0.4G
[MEM] ep009 batch 2000: use=2.4G peak=2.5G limit=n/a anon=1.3G file=0.7G slab=0.4G
[MEM] ep009 batch 2500: use=2.4G peak=2.5G limit=n/a anon=1.3G file=0.7G slab=0.4G
[MEM] ep009 batch 3000: use=2.4G peak=2.5G limit=n/a anon=1.3G file=0.7G slab=0.4G
[MEM] ep009 batch 3500: use=2.5G peak=2.5G limit=n/a anon=1.4G file=0.7G slab=0.4G
[MEM] ep009 batch 4000: use=2.5G peak=2.5G limit=n/a anon=1.4G file=0.7G slab=0.4G
[MEM] ep009 batch 4500: use=2.5G peak=2.5G limit=n/a anon=1.4G file=0.7G slab=0.4G
[MEM] ep009 batch 5000: use=2.5G peak=2.5G limit=n/a anon=1.4G file=0.7G slab=0.4G
[MEM] ep009 batch 5500: use=2.5G peak=2.5G limit=n/a anon=1.4G file=0.7G slab=0.4G
[MEM] ep009 val-start: use=2.1G peak=2.5G limit=n/a anon=1.0G file=0.7G slab=0.4G
[MEM] end epoch 009: use=2.1G peak=2.5G limit=n/a anon=1.0G file=0.7G slab=0.4G
Epoch 009 | Train Huber 0.3333 MAE 0.6857 | Val Huber 0.3189 MAE 0.6631 | LR 1.00e-04
[MEM] ep010 train-start: use=2.1G peak=2.5G limit=n/a anon=1.0G file=0.7G slab=0.4G
[MEM] ep010 batch 1: use=2.2G peak=2.5G limit=n/a anon=1.1G file=0.7G slab=0.4G
[MEM] ep010 batch 2: use=2.2G peak=2.5G limit=n/a anon=1.1G file=0.7G slab=0.4G
[MEM] ep010 batch 3: use=2.2G peak=2.5G limit=n/a anon=1.1G file=0.7G slab=0.4G
[MEM] ep010 batch 4: use=2.2G peak=2.5G limit=n/a anon=1.1G file=0.7G slab=0.4G
[MEM] ep010 batch 5: use=2.2G peak=2.5G limit=n/a anon=1.1G file=0.7G slab=0.4G
[MEM] ep010 batch 500: use=2.3G peak=2.5G limit=n/a anon=1.2G file=0.7G slab=0.4G
[MEM] ep010 batch 1000: use=2.3G peak=2.5G limit=n/a anon=1.2G file=0.7G slab=0.4G
[MEM] ep010 batch 1500: use=2.4G peak=2.5G limit=n/a anon=1.3G file=0.7G slab=0.4G
[MEM] ep010 batch 2000: use=2.4G peak=2.5G limit=n/a anon=1.3G file=0.7G slab=0.4G
[MEM] ep010 batch 2500: use=2.4G peak=2.5G limit=n/a anon=1.3G file=0.7G slab=0.4G
[MEM] ep010 batch 3000: use=2.4G peak=2.5G limit=n/a anon=1.3G file=0.7G slab=0.4G
[MEM] ep010 batch 3500: use=2.5G peak=2.5G limit=n/a anon=1.4G file=0.7G slab=0.4G
[MEM] ep010 batch 4000: use=2.5G peak=2.5G limit=n/a anon=1.4G file=0.7G slab=0.4G
[MEM] ep010 batch 4500: use=2.5G peak=2.5G limit=n/a anon=1.4G file=0.7G slab=0.4G
[MEM] ep010 batch 5000: use=2.5G peak=2.5G limit=n/a anon=1.4G file=0.7G slab=0.4G
[MEM] ep010 batch 5500: use=2.5G peak=2.5G limit=n/a anon=1.4G file=0.7G slab=0.4G
[MEM] ep010 val-start: use=2.1G peak=2.5G limit=n/a anon=1.0G file=0.7G slab=0.4G
[MEM] end epoch 010: use=2.1G peak=2.5G limit=n/a anon=1.0G file=0.7G slab=0.4G
Epoch 010 | Train Huber 0.3305 MAE 0.6823 | Val Huber 0.3010 MAE 0.6410 | LR 1.00e-04
[MEM] ep011 train-start: use=2.1G peak=2.5G limit=n/a anon=1.0G file=0.7G slab=0.4G
[MEM] ep011 batch 1: use=2.2G peak=2.5G limit=n/a anon=1.1G file=0.7G slab=0.4G
[MEM] ep011 batch 2: use=2.2G peak=2.5G limit=n/a anon=1.1G file=0.7G slab=0.4G
[MEM] ep011 batch 3: use=2.2G peak=2.5G limit=n/a anon=1.1G file=0.7G slab=0.4G
[MEM] ep011 batch 4: use=2.2G peak=2.5G limit=n/a anon=1.1G file=0.7G slab=0.4G
[MEM] ep011 batch 5: use=2.2G peak=2.5G limit=n/a anon=1.1G file=0.7G slab=0.4G
[MEM] ep011 batch 500: use=2.3G peak=2.5G limit=n/a anon=1.2G file=0.7G slab=0.4G
[MEM] ep011 batch 1000: use=2.3G peak=2.5G limit=n/a anon=1.2G file=0.7G slab=0.4G
[MEM] ep011 batch 1500: use=2.4G peak=2.5G limit=n/a anon=1.3G file=0.7G slab=0.4G
[MEM] ep011 batch 2000: use=2.4G peak=2.5G limit=n/a anon=1.3G file=0.7G slab=0.4G
[MEM] ep011 batch 2500: use=2.4G peak=2.5G limit=n/a anon=1.3G file=0.7G slab=0.4G
[MEM] ep011 batch 3000: use=2.4G peak=2.5G limit=n/a anon=1.3G file=0.7G slab=0.4G
[MEM] ep011 batch 3500: use=2.5G peak=2.5G limit=n/a anon=1.4G file=0.7G slab=0.4G
[MEM] ep011 batch 4000: use=2.5G peak=2.5G limit=n/a anon=1.4G file=0.7G slab=0.4G
[MEM] ep011 batch 4500: use=2.5G peak=2.5G limit=n/a anon=1.4G file=0.7G slab=0.4G
[MEM] ep011 batch 5000: use=2.5G peak=2.5G limit=n/a anon=1.4G file=0.7G slab=0.4G
[MEM] ep011 batch 5500: use=2.5G peak=2.5G limit=n/a anon=1.4G file=0.7G slab=0.4G
[MEM] ep011 val-start: use=2.1G peak=2.5G limit=n/a anon=1.0G file=0.7G slab=0.4G
[MEM] end epoch 011: use=2.1G peak=2.5G limit=n/a anon=1.0G file=0.7G slab=0.4G
Epoch 011 | Train Huber 0.3266 MAE 0.6772 | Val Huber 0.2994 MAE 0.6397 | LR 1.00e-04
[MEM] ep012 train-start: use=2.1G peak=2.5G limit=n/a anon=1.0G file=0.7G slab=0.4G
[MEM] ep012 batch 1: use=2.2G peak=2.5G limit=n/a anon=1.1G file=0.7G slab=0.4G
[MEM] ep012 batch 2: use=2.2G peak=2.5G limit=n/a anon=1.1G file=0.7G slab=0.4G
[MEM] ep012 batch 3: use=2.2G peak=2.5G limit=n/a anon=1.1G file=0.7G slab=0.4G
[MEM] ep012 batch 4: use=2.2G peak=2.5G limit=n/a anon=1.1G file=0.7G slab=0.4G
[MEM] ep012 batch 5: use=2.2G peak=2.5G limit=n/a anon=1.1G file=0.7G slab=0.4G
[MEM] ep012 batch 500: use=2.3G peak=2.5G limit=n/a anon=1.2G file=0.7G slab=0.4G
[MEM] ep012 batch 1000: use=2.3G peak=2.5G limit=n/a anon=1.2G file=0.7G slab=0.4G
[MEM] ep012 batch 1500: use=2.4G peak=2.5G limit=n/a anon=1.3G file=0.7G slab=0.4G
[MEM] ep012 batch 2000: use=2.4G peak=2.5G limit=n/a anon=1.3G file=0.7G slab=0.4G
[MEM] ep012 batch 2500: use=2.4G peak=2.5G limit=n/a anon=1.3G file=0.7G slab=0.4G
[MEM] ep012 batch 3000: use=2.4G peak=2.5G limit=n/a anon=1.3G file=0.7G slab=0.4G
[MEM] ep012 batch 3500: use=2.5G peak=2.5G limit=n/a anon=1.4G file=0.7G slab=0.4G
[MEM] ep012 batch 4000: use=2.5G peak=2.5G limit=n/a anon=1.4G file=0.7G slab=0.4G
[MEM] ep012 batch 4500: use=2.5G peak=2.5G limit=n/a anon=1.4G file=0.7G slab=0.4G
[MEM] ep012 batch 5000: use=2.5G peak=2.5G limit=n/a anon=1.4G file=0.7G slab=0.4G
[MEM] ep012 batch 5500: use=2.5G peak=2.5G limit=n/a anon=1.4G file=0.7G slab=0.4G
[MEM] ep012 val-start: use=2.1G peak=2.5G limit=n/a anon=1.0G file=0.7G slab=0.4G
[MEM] end epoch 012: use=2.1G peak=2.5G limit=n/a anon=1.0G file=0.7G slab=0.4G
Epoch 012 | Train Huber 0.3242 MAE 0.6742 | Val Huber 0.2952 MAE 0.6357 | LR 1.00e-04
[MEM] ep013 train-start: use=2.1G peak=2.5G limit=n/a anon=1.0G file=0.7G slab=0.4G
[MEM] ep013 batch 1: use=2.2G peak=2.5G limit=n/a anon=1.1G file=0.7G slab=0.4G
[MEM] ep013 batch 2: use=2.2G peak=2.5G limit=n/a anon=1.1G file=0.7G slab=0.4G
[MEM] ep013 batch 3: use=2.2G peak=2.5G limit=n/a anon=1.1G file=0.7G slab=0.4G
[MEM] ep013 batch 4: use=2.2G peak=2.5G limit=n/a anon=1.1G file=0.7G slab=0.4G
[MEM] ep013 batch 5: use=2.2G peak=2.5G limit=n/a anon=1.1G file=0.7G slab=0.4G
[MEM] ep013 batch 500: use=2.3G peak=2.5G limit=n/a anon=1.2G file=0.7G slab=0.4G
[MEM] ep013 batch 1000: use=2.3G peak=2.5G limit=n/a anon=1.2G file=0.7G slab=0.4G
[MEM] ep013 batch 1500: use=2.4G peak=2.5G limit=n/a anon=1.3G file=0.7G slab=0.4G
[MEM] ep013 batch 2000: use=2.4G peak=2.5G limit=n/a anon=1.3G file=0.7G slab=0.4G
[MEM] ep013 batch 2500: use=2.4G peak=2.5G limit=n/a anon=1.3G file=0.7G slab=0.4G
[MEM] ep013 batch 3000: use=2.4G peak=2.5G limit=n/a anon=1.3G file=0.7G slab=0.4G
[MEM] ep013 batch 3500: use=2.5G peak=2.5G limit=n/a anon=1.4G file=0.7G slab=0.4G
[MEM] ep013 batch 4000: use=2.5G peak=2.5G limit=n/a anon=1.4G file=0.7G slab=0.4G
[MEM] ep013 batch 4500: use=2.5G peak=2.5G limit=n/a anon=1.4G file=0.7G slab=0.4G
[MEM] ep013 batch 5000: use=2.5G peak=2.5G limit=n/a anon=1.4G file=0.7G slab=0.4G
[MEM] ep013 batch 5500: use=2.5G peak=2.5G limit=n/a anon=1.4G file=0.7G slab=0.4G
[MEM] ep013 val-start: use=2.1G peak=2.5G limit=n/a anon=1.0G file=0.7G slab=0.4G
[MEM] end epoch 013: use=2.1G peak=2.5G limit=n/a anon=1.0G file=0.7G slab=0.4G
Epoch 013 | Train Huber 0.3217 MAE 0.6710 | Val Huber 0.2943 MAE 0.6317 | LR 1.00e-04
[MEM] ep014 train-start: use=2.1G peak=2.5G limit=n/a anon=1.0G file=0.7G slab=0.4G
[MEM] ep014 batch 1: use=2.2G peak=2.5G limit=n/a anon=1.1G file=0.7G slab=0.4G
[MEM] ep014 batch 2: use=2.2G peak=2.5G limit=n/a anon=1.1G file=0.7G slab=0.4G
[MEM] ep014 batch 3: use=2.2G peak=2.5G limit=n/a anon=1.1G file=0.7G slab=0.4G
[MEM] ep014 batch 4: use=2.2G peak=2.5G limit=n/a anon=1.1G file=0.7G slab=0.4G
[MEM] ep014 batch 5: use=2.2G peak=2.5G limit=n/a anon=1.1G file=0.7G slab=0.4G
[MEM] ep014 batch 500: use=2.3G peak=2.5G limit=n/a anon=1.2G file=0.7G slab=0.4G
[MEM] ep014 batch 1000: use=2.3G peak=2.5G limit=n/a anon=1.2G file=0.7G slab=0.4G
[MEM] ep014 batch 1500: use=2.4G peak=2.5G limit=n/a anon=1.3G file=0.7G slab=0.4G
[MEM] ep014 batch 2000: use=2.4G peak=2.5G limit=n/a anon=1.3G file=0.7G slab=0.4G
[MEM] ep014 batch 2500: use=2.4G peak=2.5G limit=n/a anon=1.3G file=0.7G slab=0.4G
[MEM] ep014 batch 3000: use=2.4G peak=2.5G limit=n/a anon=1.3G file=0.7G slab=0.4G
[MEM] ep014 batch 3500: use=2.5G peak=2.5G limit=n/a anon=1.4G file=0.7G slab=0.4G
[MEM] ep014 batch 4000: use=2.5G peak=2.5G limit=n/a anon=1.4G file=0.7G slab=0.4G
[MEM] ep014 batch 4500: use=2.5G peak=2.5G limit=n/a anon=1.4G file=0.7G slab=0.4G
[MEM] ep014 batch 5000: use=2.5G peak=2.5G limit=n/a anon=1.4G file=0.7G slab=0.4G
[MEM] ep014 batch 5500: use=2.5G peak=2.5G limit=n/a anon=1.4G file=0.7G slab=0.4G
[MEM] ep014 val-start: use=2.1G peak=2.5G limit=n/a anon=1.0G file=0.7G slab=0.4G
[MEM] end epoch 014: use=2.1G peak=2.5G limit=n/a anon=1.0G file=0.7G slab=0.4G
Epoch 014 | Train Huber 0.3195 MAE 0.6680 | Val Huber 0.2918 MAE 0.6324 | LR 1.00e-04
[MEM] ep015 train-start: use=2.1G peak=2.5G limit=n/a anon=1.0G file=0.7G slab=0.4G
[MEM] ep015 batch 1: use=2.2G peak=2.5G limit=n/a anon=1.1G file=0.7G slab=0.4G
[MEM] ep015 batch 2: use=2.2G peak=2.5G limit=n/a anon=1.1G file=0.7G slab=0.4G
[MEM] ep015 batch 3: use=2.2G peak=2.5G limit=n/a anon=1.1G file=0.7G slab=0.4G
[MEM] ep015 batch 4: use=2.2G peak=2.5G limit=n/a anon=1.1G file=0.7G slab=0.4G
[MEM] ep015 batch 5: use=2.2G peak=2.5G limit=n/a anon=1.1G file=0.7G slab=0.4G
[MEM] ep015 batch 500: use=2.3G peak=2.5G limit=n/a anon=1.2G file=0.7G slab=0.4G
[MEM] ep015 batch 1000: use=2.3G peak=2.5G limit=n/a anon=1.2G file=0.7G slab=0.4G
[MEM] ep015 batch 1500: use=2.4G peak=2.5G limit=n/a anon=1.3G file=0.7G slab=0.4G
[MEM] ep015 batch 2000: use=2.4G peak=2.5G limit=n/a anon=1.3G file=0.7G slab=0.4G
[MEM] ep015 batch 2500: use=2.4G peak=2.5G limit=n/a anon=1.3G file=0.7G slab=0.4G
[MEM] ep015 batch 3000: use=2.4G peak=2.5G limit=n/a anon=1.3G file=0.7G slab=0.4G
[MEM] ep015 batch 3500: use=2.5G peak=2.5G limit=n/a anon=1.4G file=0.7G slab=0.4G
[MEM] ep015 batch 4000: use=2.5G peak=2.5G limit=n/a anon=1.4G file=0.7G slab=0.4G
[MEM] ep015 batch 4500: use=2.5G peak=2.5G limit=n/a anon=1.4G file=0.7G slab=0.4G
[MEM] ep015 batch 5000: use=2.5G peak=2.5G limit=n/a anon=1.4G file=0.7G slab=0.4G
[MEM] ep015 batch 5500: use=2.5G peak=2.5G limit=n/a anon=1.4G file=0.7G slab=0.4G
[MEM] ep015 val-start: use=2.1G peak=2.5G limit=n/a anon=1.0G file=0.7G slab=0.4G
[MEM] end epoch 015: use=2.1G peak=2.5G limit=n/a anon=1.0G file=0.7G slab=0.4G
Epoch 015 | Train Huber 0.3169 MAE 0.6644 | Val Huber 0.2915 MAE 0.6304 | LR 1.00e-04
[MEM] ep016 train-start: use=2.1G peak=2.5G limit=n/a anon=1.0G file=0.7G slab=0.4G
[MEM] ep016 batch 1: use=2.2G peak=2.5G limit=n/a anon=1.1G file=0.7G slab=0.4G
[MEM] ep016 batch 2: use=2.2G peak=2.5G limit=n/a anon=1.1G file=0.7G slab=0.4G
[MEM] ep016 batch 3: use=2.2G peak=2.5G limit=n/a anon=1.1G file=0.7G slab=0.4G
[MEM] ep016 batch 4: use=2.2G peak=2.5G limit=n/a anon=1.1G file=0.7G slab=0.4G
[MEM] ep016 batch 5: use=2.2G peak=2.5G limit=n/a anon=1.1G file=0.7G slab=0.4G
[MEM] ep016 batch 500: use=2.3G peak=2.5G limit=n/a anon=1.2G file=0.7G slab=0.4G
[MEM] ep016 batch 1000: use=2.3G peak=2.5G limit=n/a anon=1.2G file=0.7G slab=0.4G
[MEM] ep016 batch 1500: use=2.4G peak=2.5G limit=n/a anon=1.3G file=0.7G slab=0.4G
[MEM] ep016 batch 2000: use=2.4G peak=2.5G limit=n/a anon=1.3G file=0.7G slab=0.4G
[MEM] ep016 batch 2500: use=2.4G peak=2.5G limit=n/a anon=1.3G file=0.7G slab=0.4G
[MEM] ep016 batch 3000: use=2.4G peak=2.5G limit=n/a anon=1.3G file=0.7G slab=0.4G
[MEM] ep016 batch 3500: use=2.5G peak=2.5G limit=n/a anon=1.4G file=0.7G slab=0.4G
[MEM] ep016 batch 4000: use=2.5G peak=2.5G limit=n/a anon=1.4G file=0.7G slab=0.4G
[MEM] ep016 batch 4500: use=2.5G peak=2.5G limit=n/a anon=1.4G file=0.7G slab=0.4G
[MEM] ep016 batch 5000: use=2.5G peak=2.5G limit=n/a anon=1.4G file=0.7G slab=0.4G
[MEM] ep016 batch 5500: use=2.5G peak=2.5G limit=n/a anon=1.4G file=0.7G slab=0.4G
[MEM] ep016 val-start: use=2.1G peak=2.5G limit=n/a anon=1.0G file=0.7G slab=0.4G
[MEM] end epoch 016: use=2.1G peak=2.5G limit=n/a anon=1.0G file=0.7G slab=0.4G
Epoch 016 | Train Huber 0.3149 MAE 0.6624 | Val Huber 0.2896 MAE 0.6277 | LR 1.00e-04
[MEM] ep017 train-start: use=2.1G peak=2.5G limit=n/a anon=1.0G file=0.7G slab=0.4G
[MEM] ep017 batch 1: use=2.2G peak=2.5G limit=n/a anon=1.1G file=0.7G slab=0.4G
[MEM] ep017 batch 2: use=2.2G peak=2.5G limit=n/a anon=1.1G file=0.7G slab=0.4G
[MEM] ep017 batch 3: use=2.2G peak=2.5G limit=n/a anon=1.1G file=0.7G slab=0.4G
[MEM] ep017 batch 4: use=2.2G peak=2.5G limit=n/a anon=1.1G file=0.7G slab=0.4G
[MEM] ep017 batch 5: use=2.2G peak=2.5G limit=n/a anon=1.1G file=0.7G slab=0.4G
[MEM] ep017 batch 500: use=2.3G peak=2.5G limit=n/a anon=1.2G file=0.7G slab=0.4G
[MEM] ep017 batch 1000: use=2.3G peak=2.5G limit=n/a anon=1.2G file=0.7G slab=0.4G
[MEM] ep017 batch 1500: use=2.4G peak=2.5G limit=n/a anon=1.3G file=0.7G slab=0.4G
[MEM] ep017 batch 2000: use=2.4G peak=2.5G limit=n/a anon=1.3G file=0.7G slab=0.4G
[MEM] ep017 batch 2500: use=2.4G peak=2.5G limit=n/a anon=1.3G file=0.7G slab=0.4G
[MEM] ep017 batch 3000: use=2.4G peak=2.5G limit=n/a anon=1.3G file=0.7G slab=0.4G
[MEM] ep017 batch 3500: use=2.5G peak=2.5G limit=n/a anon=1.4G file=0.7G slab=0.4G
[MEM] ep017 batch 4000: use=2.5G peak=2.5G limit=n/a anon=1.4G file=0.7G slab=0.4G
[MEM] ep017 batch 4500: use=2.5G peak=2.5G limit=n/a anon=1.4G file=0.7G slab=0.4G
[MEM] ep017 batch 5000: use=2.5G peak=2.5G limit=n/a anon=1.4G file=0.7G slab=0.4G
[MEM] ep017 batch 5500: use=2.5G peak=2.5G limit=n/a anon=1.4G file=0.7G slab=0.4G
[MEM] ep017 val-start: use=2.1G peak=2.5G limit=n/a anon=1.0G file=0.7G slab=0.4G
[MEM] end epoch 017: use=2.1G peak=2.5G limit=n/a anon=1.0G file=0.7G slab=0.4G
Epoch 017 | Train Huber 0.3133 MAE 0.6602 | Val Huber 0.2906 MAE 0.6280 | LR 1.00e-04
[MEM] ep018 train-start: use=2.1G peak=2.5G limit=n/a anon=1.0G file=0.7G slab=0.4G
[MEM] ep018 batch 1: use=2.2G peak=2.5G limit=n/a anon=1.1G file=0.7G slab=0.4G
[MEM] ep018 batch 2: use=2.2G peak=2.5G limit=n/a anon=1.1G file=0.7G slab=0.4G
[MEM] ep018 batch 3: use=2.2G peak=2.5G limit=n/a anon=1.1G file=0.7G slab=0.4G
[MEM] ep018 batch 4: use=2.2G peak=2.5G limit=n/a anon=1.1G file=0.7G slab=0.4G
[MEM] ep018 batch 5: use=2.2G peak=2.5G limit=n/a anon=1.1G file=0.7G slab=0.4G
[MEM] ep018 batch 500: use=2.3G peak=2.5G limit=n/a anon=1.2G file=0.7G slab=0.4G
[MEM] ep018 batch 1000: use=2.3G peak=2.5G limit=n/a anon=1.2G file=0.7G slab=0.4G
[MEM] ep018 batch 1500: use=2.4G peak=2.5G limit=n/a anon=1.3G file=0.7G slab=0.4G
[MEM] ep018 batch 2000: use=2.4G peak=2.5G limit=n/a anon=1.3G file=0.7G slab=0.4G
[MEM] ep018 batch 2500: use=2.4G peak=2.5G limit=n/a anon=1.3G file=0.7G slab=0.4G
[MEM] ep018 batch 3000: use=2.4G peak=2.5G limit=n/a anon=1.3G file=0.7G slab=0.4G
[MEM] ep018 batch 3500: use=2.5G peak=2.5G limit=n/a anon=1.4G file=0.7G slab=0.4G
[MEM] ep018 batch 4000: use=2.5G peak=2.5G limit=n/a anon=1.4G file=0.7G slab=0.4G
[MEM] ep018 batch 4500: use=2.5G peak=2.5G limit=n/a anon=1.4G file=0.7G slab=0.4G
[MEM] ep018 batch 5000: use=2.5G peak=2.5G limit=n/a anon=1.4G file=0.7G slab=0.4G
[MEM] ep018 batch 5500: use=2.5G peak=2.5G limit=n/a anon=1.4G file=0.7G slab=0.4G
[MEM] ep018 val-start: use=2.1G peak=2.5G limit=n/a anon=1.0G file=0.7G slab=0.4G
[MEM] end epoch 018: use=2.1G peak=2.5G limit=n/a anon=1.0G file=0.7G slab=0.4G
Epoch 018 | Train Huber 0.3113 MAE 0.6572 | Val Huber 0.2869 MAE 0.6264 | LR 1.00e-04
[MEM] ep019 train-start: use=2.1G peak=2.5G limit=n/a anon=1.0G file=0.7G slab=0.4G
[MEM] ep019 batch 1: use=2.2G peak=2.5G limit=n/a anon=1.1G file=0.7G slab=0.4G
[MEM] ep019 batch 2: use=2.2G peak=2.5G limit=n/a anon=1.1G file=0.7G slab=0.4G
[MEM] ep019 batch 3: use=2.2G peak=2.5G limit=n/a anon=1.1G file=0.7G slab=0.4G
[MEM] ep019 batch 4: use=2.2G peak=2.5G limit=n/a anon=1.1G file=0.7G slab=0.4G
[MEM] ep019 batch 5: use=2.2G peak=2.5G limit=n/a anon=1.1G file=0.7G slab=0.4G
[MEM] ep019 batch 500: use=2.3G peak=2.5G limit=n/a anon=1.2G file=0.7G slab=0.4G
[MEM] ep019 batch 1000: use=2.3G peak=2.5G limit=n/a anon=1.2G file=0.7G slab=0.4G
[MEM] ep019 batch 1500: use=2.4G peak=2.5G limit=n/a anon=1.3G file=0.7G slab=0.4G
[MEM] ep019 batch 2000: use=2.4G peak=2.5G limit=n/a anon=1.3G file=0.7G slab=0.4G
[MEM] ep019 batch 2500: use=2.4G peak=2.5G limit=n/a anon=1.3G file=0.7G slab=0.4G
[MEM] ep019 batch 3000: use=2.4G peak=2.5G limit=n/a anon=1.3G file=0.7G slab=0.4G
[MEM] ep019 batch 3500: use=2.5G peak=2.5G limit=n/a anon=1.4G file=0.7G slab=0.4G
[MEM] ep019 batch 4000: use=2.5G peak=2.5G limit=n/a anon=1.4G file=0.7G slab=0.4G
[MEM] ep019 batch 4500: use=2.5G peak=2.5G limit=n/a anon=1.4G file=0.7G slab=0.4G
[MEM] ep019 batch 5000: use=2.5G peak=2.5G limit=n/a anon=1.4G file=0.7G slab=0.4G
[MEM] ep019 batch 5500: use=2.5G peak=2.5G limit=n/a anon=1.4G file=0.7G slab=0.4G
[MEM] ep019 val-start: use=2.1G peak=2.5G limit=n/a anon=1.0G file=0.7G slab=0.4G
[MEM] end epoch 019: use=2.1G peak=2.5G limit=n/a anon=1.0G file=0.7G slab=0.4G
Epoch 019 | Train Huber 0.3093 MAE 0.6546 | Val Huber 0.2862 MAE 0.6237 | LR 1.00e-04
[MEM] ep020 train-start: use=2.1G peak=2.5G limit=n/a anon=1.0G file=0.7G slab=0.4G
[MEM] ep020 batch 1: use=2.2G peak=2.5G limit=n/a anon=1.1G file=0.7G slab=0.4G
[MEM] ep020 batch 2: use=2.2G peak=2.5G limit=n/a anon=1.1G file=0.7G slab=0.4G
[MEM] ep020 batch 3: use=2.2G peak=2.5G limit=n/a anon=1.1G file=0.7G slab=0.4G
[MEM] ep020 batch 4: use=2.2G peak=2.5G limit=n/a anon=1.1G file=0.7G slab=0.4G
[MEM] ep020 batch 5: use=2.2G peak=2.5G limit=n/a anon=1.1G file=0.7G slab=0.4G
[MEM] ep020 batch 500: use=2.3G peak=2.5G limit=n/a anon=1.2G file=0.7G slab=0.4G
[MEM] ep020 batch 1000: use=2.3G peak=2.5G limit=n/a anon=1.2G file=0.7G slab=0.4G
[MEM] ep020 batch 1500: use=2.4G peak=2.5G limit=n/a anon=1.3G file=0.7G slab=0.4G
[MEM] ep020 batch 2000: use=2.4G peak=2.5G limit=n/a anon=1.3G file=0.7G slab=0.4G
[MEM] ep020 batch 2500: use=2.4G peak=2.5G limit=n/a anon=1.3G file=0.7G slab=0.4G
[MEM] ep020 batch 3000: use=2.4G peak=2.5G limit=n/a anon=1.3G file=0.7G slab=0.4G
[MEM] ep020 batch 3500: use=2.5G peak=2.5G limit=n/a anon=1.4G file=0.7G slab=0.4G
[MEM] ep020 batch 4000: use=2.5G peak=2.5G limit=n/a anon=1.4G file=0.7G slab=0.4G
[MEM] ep020 batch 4500: use=2.5G peak=2.5G limit=n/a anon=1.4G file=0.7G slab=0.4G
[MEM] ep020 batch 5000: use=2.5G peak=2.5G limit=n/a anon=1.4G file=0.7G slab=0.4G
[MEM] ep020 batch 5500: use=2.5G peak=2.5G limit=n/a anon=1.4G file=0.7G slab=0.4G
[MEM] ep020 val-start: use=2.1G peak=2.5G limit=n/a anon=1.0G file=0.7G slab=0.4G
[MEM] end epoch 020: use=2.1G peak=2.5G limit=n/a anon=1.0G file=0.7G slab=0.4G
Epoch 020 | Train Huber 0.3083 MAE 0.6536 | Val Huber 0.2852 MAE 0.6232 | LR 1.00e-04
[MEM] ep021 train-start: use=2.1G peak=2.5G limit=n/a anon=1.0G file=0.7G slab=0.4G
[MEM] ep021 batch 1: use=2.2G peak=2.5G limit=n/a anon=1.1G file=0.7G slab=0.4G
[MEM] ep021 batch 2: use=2.2G peak=2.5G limit=n/a anon=1.1G file=0.7G slab=0.4G
[MEM] ep021 batch 3: use=2.2G peak=2.5G limit=n/a anon=1.1G file=0.7G slab=0.4G
[MEM] ep021 batch 4: use=2.2G peak=2.5G limit=n/a anon=1.1G file=0.7G slab=0.4G
[MEM] ep021 batch 5: use=2.2G peak=2.5G limit=n/a anon=1.1G file=0.7G slab=0.4G
[MEM] ep021 batch 500: use=2.3G peak=2.5G limit=n/a anon=1.2G file=0.7G slab=0.4G
[MEM] ep021 batch 1000: use=2.3G peak=2.5G limit=n/a anon=1.2G file=0.7G slab=0.4G
[MEM] ep021 batch 1500: use=2.4G peak=2.5G limit=n/a anon=1.3G file=0.7G slab=0.4G
[MEM] ep021 batch 2000: use=2.4G peak=2.5G limit=n/a anon=1.3G file=0.7G slab=0.4G
[MEM] ep021 batch 2500: use=2.4G peak=2.5G limit=n/a anon=1.3G file=0.7G slab=0.4G
[MEM] ep021 batch 3000: use=2.4G peak=2.5G limit=n/a anon=1.3G file=0.7G slab=0.4G
[MEM] ep021 batch 3500: use=2.5G peak=2.5G limit=n/a anon=1.4G file=0.7G slab=0.4G
[MEM] ep021 batch 4000: use=2.5G peak=2.5G limit=n/a anon=1.4G file=0.7G slab=0.4G
[MEM] ep021 batch 4500: use=2.5G peak=2.5G limit=n/a anon=1.4G file=0.7G slab=0.4G
[MEM] ep021 batch 5000: use=2.5G peak=2.5G limit=n/a anon=1.4G file=0.7G slab=0.4G
[MEM] ep021 batch 5500: use=2.5G peak=2.5G limit=n/a anon=1.4G file=0.7G slab=0.4G
[MEM] ep021 val-start: use=2.1G peak=2.5G limit=n/a anon=1.0G file=0.7G slab=0.4G
[MEM] end epoch 021: use=2.1G peak=2.5G limit=n/a anon=1.0G file=0.7G slab=0.4G
Epoch 021 | Train Huber 0.3065 MAE 0.6509 | Val Huber 0.2856 MAE 0.6230 | LR 1.00e-04
[MEM] ep022 train-start: use=2.1G peak=2.5G limit=n/a anon=1.0G file=0.7G slab=0.4G
[MEM] ep022 batch 1: use=2.2G peak=2.5G limit=n/a anon=1.1G file=0.7G slab=0.4G
[MEM] ep022 batch 2: use=2.2G peak=2.5G limit=n/a anon=1.1G file=0.7G slab=0.4G
[MEM] ep022 batch 3: use=2.2G peak=2.5G limit=n/a anon=1.1G file=0.7G slab=0.4G
[MEM] ep022 batch 4: use=2.2G peak=2.5G limit=n/a anon=1.1G file=0.7G slab=0.4G
[MEM] ep022 batch 5: use=2.2G peak=2.5G limit=n/a anon=1.1G file=0.7G slab=0.4G
[MEM] ep022 batch 500: use=2.3G peak=2.5G limit=n/a anon=1.2G file=0.7G slab=0.4G
[MEM] ep022 batch 1000: use=2.3G peak=2.5G limit=n/a anon=1.2G file=0.7G slab=0.4G
[MEM] ep022 batch 1500: use=2.4G peak=2.5G limit=n/a anon=1.3G file=0.7G slab=0.4G
[MEM] ep022 batch 2000: use=2.4G peak=2.5G limit=n/a anon=1.3G file=0.7G slab=0.4G
[MEM] ep022 batch 2500: use=2.4G peak=2.5G limit=n/a anon=1.3G file=0.7G slab=0.4G
[MEM] ep022 batch 3000: use=2.4G peak=2.5G limit=n/a anon=1.3G file=0.7G slab=0.4G
[MEM] ep022 batch 3500: use=2.5G peak=2.5G limit=n/a anon=1.4G file=0.7G slab=0.4G
[MEM] ep022 batch 4000: use=2.5G peak=2.5G limit=n/a anon=1.4G file=0.7G slab=0.4G
[MEM] ep022 batch 4500: use=2.5G peak=2.5G limit=n/a anon=1.4G file=0.7G slab=0.4G
[MEM] ep022 batch 5000: use=2.5G peak=2.5G limit=n/a anon=1.4G file=0.7G slab=0.4G
[MEM] ep022 batch 5500: use=2.5G peak=2.5G limit=n/a anon=1.4G file=0.7G slab=0.4G
[MEM] ep022 val-start: use=2.1G peak=2.5G limit=n/a anon=1.0G file=0.7G slab=0.4G
[MEM] end epoch 022: use=2.1G peak=2.5G limit=n/a anon=1.0G file=0.7G slab=0.4G
Epoch 022 | Train Huber 0.3047 MAE 0.6484 | Val Huber 0.2828 MAE 0.6189 | LR 1.00e-04
[MEM] ep023 train-start: use=2.1G peak=2.5G limit=n/a anon=1.0G file=0.7G slab=0.4G
[MEM] ep023 batch 1: use=2.2G peak=2.5G limit=n/a anon=1.1G file=0.7G slab=0.4G
[MEM] ep023 batch 2: use=2.2G peak=2.5G limit=n/a anon=1.1G file=0.7G slab=0.4G
[MEM] ep023 batch 3: use=2.2G peak=2.5G limit=n/a anon=1.1G file=0.7G slab=0.4G
[MEM] ep023 batch 4: use=2.2G peak=2.5G limit=n/a anon=1.1G file=0.7G slab=0.4G
[MEM] ep023 batch 5: use=2.2G peak=2.5G limit=n/a anon=1.1G file=0.7G slab=0.4G
[MEM] ep023 batch 500: use=2.3G peak=2.5G limit=n/a anon=1.2G file=0.7G slab=0.4G
[MEM] ep023 batch 1000: use=2.3G peak=2.5G limit=n/a anon=1.2G file=0.7G slab=0.4G
[MEM] ep023 batch 1500: use=2.4G peak=2.5G limit=n/a anon=1.3G file=0.7G slab=0.4G
[MEM] ep023 batch 2000: use=2.4G peak=2.5G limit=n/a anon=1.3G file=0.7G slab=0.4G
[MEM] ep023 batch 2500: use=2.4G peak=2.5G limit=n/a anon=1.3G file=0.7G slab=0.4G
[MEM] ep023 batch 3000: use=2.4G peak=2.5G limit=n/a anon=1.3G file=0.7G slab=0.4G
[MEM] ep023 batch 3500: use=2.5G peak=2.5G limit=n/a anon=1.4G file=0.7G slab=0.4G
[MEM] ep023 batch 4000: use=2.5G peak=2.5G limit=n/a anon=1.4G file=0.7G slab=0.4G
[MEM] ep023 batch 4500: use=2.5G peak=2.5G limit=n/a anon=1.4G file=0.7G slab=0.4G
[MEM] ep023 batch 5000: use=2.5G peak=2.5G limit=n/a anon=1.4G file=0.7G slab=0.4G
[MEM] ep023 batch 5500: use=2.5G peak=2.5G limit=n/a anon=1.4G file=0.7G slab=0.4G
[MEM] ep023 val-start: use=2.1G peak=2.5G limit=n/a anon=1.0G file=0.7G slab=0.4G
[MEM] end epoch 023: use=2.1G peak=2.5G limit=n/a anon=1.0G file=0.7G slab=0.4G
Epoch 023 | Train Huber 0.3027 MAE 0.6460 | Val Huber 0.2840 MAE 0.6192 | LR 1.00e-04
[MEM] ep024 train-start: use=2.1G peak=2.5G limit=n/a anon=1.0G file=0.7G slab=0.4G
[MEM] ep024 batch 1: use=2.2G peak=2.5G limit=n/a anon=1.1G file=0.7G slab=0.4G
[MEM] ep024 batch 2: use=2.2G peak=2.5G limit=n/a anon=1.1G file=0.7G slab=0.4G
[MEM] ep024 batch 3: use=2.2G peak=2.5G limit=n/a anon=1.1G file=0.7G slab=0.4G
[MEM] ep024 batch 4: use=2.2G peak=2.5G limit=n/a anon=1.1G file=0.7G slab=0.4G
[MEM] ep024 batch 5: use=2.2G peak=2.5G limit=n/a anon=1.1G file=0.7G slab=0.4G
[MEM] ep024 batch 500: use=2.3G peak=2.5G limit=n/a anon=1.2G file=0.7G slab=0.4G
[MEM] ep024 batch 1000: use=2.3G peak=2.5G limit=n/a anon=1.2G file=0.7G slab=0.4G
[MEM] ep024 batch 1500: use=2.4G peak=2.5G limit=n/a anon=1.3G file=0.7G slab=0.4G
[MEM] ep024 batch 2000: use=2.4G peak=2.5G limit=n/a anon=1.3G file=0.7G slab=0.4G
[MEM] ep024 batch 2500: use=2.4G peak=2.5G limit=n/a anon=1.3G file=0.7G slab=0.4G
[MEM] ep024 batch 3000: use=2.4G peak=2.5G limit=n/a anon=1.3G file=0.7G slab=0.4G
[MEM] ep024 batch 3500: use=2.5G peak=2.5G limit=n/a anon=1.4G file=0.7G slab=0.4G
[MEM] ep024 batch 4000: use=2.5G peak=2.5G limit=n/a anon=1.4G file=0.7G slab=0.4G
[MEM] ep024 batch 4500: use=2.5G peak=2.5G limit=n/a anon=1.4G file=0.7G slab=0.4G
[MEM] ep024 batch 5000: use=2.5G peak=2.5G limit=n/a anon=1.4G file=0.7G slab=0.4G
[MEM] ep024 batch 5500: use=2.5G peak=2.5G limit=n/a anon=1.4G file=0.7G slab=0.4G
[MEM] ep024 val-start: use=2.1G peak=2.5G limit=n/a anon=1.0G file=0.7G slab=0.4G
[MEM] end epoch 024: use=2.1G peak=2.5G limit=n/a anon=1.0G file=0.7G slab=0.4G
Epoch 024 | Train Huber 0.3024 MAE 0.6460 | Val Huber 0.2820 MAE 0.6181 | LR 1.00e-04
[MEM] ep025 train-start: use=2.1G peak=2.5G limit=n/a anon=1.0G file=0.7G slab=0.4G
[MEM] ep025 batch 1: use=2.2G peak=2.5G limit=n/a anon=1.1G file=0.7G slab=0.4G
[MEM] ep025 batch 2: use=2.2G peak=2.5G limit=n/a anon=1.1G file=0.7G slab=0.4G
[MEM] ep025 batch 3: use=2.2G peak=2.5G limit=n/a anon=1.1G file=0.7G slab=0.4G
[MEM] ep025 batch 4: use=2.2G peak=2.5G limit=n/a anon=1.1G file=0.7G slab=0.4G
[MEM] ep025 batch 5: use=2.2G peak=2.5G limit=n/a anon=1.1G file=0.7G slab=0.4G
[MEM] ep025 batch 500: use=2.3G peak=2.5G limit=n/a anon=1.2G file=0.7G slab=0.4G
[MEM] ep025 batch 1000: use=2.3G peak=2.5G limit=n/a anon=1.2G file=0.7G slab=0.4G
[MEM] ep025 batch 1500: use=2.4G peak=2.5G limit=n/a anon=1.3G file=0.7G slab=0.4G
[MEM] ep025 batch 2000: use=2.4G peak=2.5G limit=n/a anon=1.3G file=0.7G slab=0.4G
[MEM] ep025 batch 2500: use=2.4G peak=2.5G limit=n/a anon=1.3G file=0.7G slab=0.4G
[MEM] ep025 batch 3000: use=2.4G peak=2.5G limit=n/a anon=1.3G file=0.7G slab=0.4G
[MEM] ep025 batch 3500: use=2.5G peak=2.5G limit=n/a anon=1.4G file=0.7G slab=0.4G
[MEM] ep025 batch 4000: use=2.5G peak=2.5G limit=n/a anon=1.4G file=0.7G slab=0.4G
[MEM] ep025 batch 4500: use=2.5G peak=2.5G limit=n/a anon=1.4G file=0.7G slab=0.4G
[MEM] ep025 batch 5000: use=2.5G peak=2.5G limit=n/a anon=1.4G file=0.7G slab=0.4G
[MEM] ep025 batch 5500: use=2.5G peak=2.5G limit=n/a anon=1.4G file=0.7G slab=0.4G
[MEM] ep025 val-start: use=2.1G peak=2.5G limit=n/a anon=1.0G file=0.7G slab=0.4G
[MEM] end epoch 025: use=2.1G peak=2.5G limit=n/a anon=1.0G file=0.7G slab=0.4G
Epoch 025 | Train Huber 0.3009 MAE 0.6436 | Val Huber 0.2853 MAE 0.6205 | LR 1.00e-04
[MEM] ep026 train-start: use=2.1G peak=2.5G limit=n/a anon=1.0G file=0.7G slab=0.4G
[MEM] ep026 batch 1: use=2.2G peak=2.5G limit=n/a anon=1.1G file=0.7G slab=0.4G
[MEM] ep026 batch 2: use=2.2G peak=2.5G limit=n/a anon=1.1G file=0.7G slab=0.4G
[MEM] ep026 batch 3: use=2.2G peak=2.5G limit=n/a anon=1.1G file=0.7G slab=0.4G
[MEM] ep026 batch 4: use=2.2G peak=2.5G limit=n/a anon=1.1G file=0.7G slab=0.4G
[MEM] ep026 batch 5: use=2.2G peak=2.5G limit=n/a anon=1.1G file=0.7G slab=0.4G
[MEM] ep026 batch 500: use=2.3G peak=2.5G limit=n/a anon=1.2G file=0.7G slab=0.4G
[MEM] ep026 batch 1000: use=2.3G peak=2.5G limit=n/a anon=1.2G file=0.7G slab=0.4G
[MEM] ep026 batch 1500: use=2.4G peak=2.5G limit=n/a anon=1.3G file=0.7G slab=0.4G
[MEM] ep026 batch 2000: use=2.4G peak=2.5G limit=n/a anon=1.3G file=0.7G slab=0.4G
[MEM] ep026 batch 2500: use=2.4G peak=2.5G limit=n/a anon=1.3G file=0.7G slab=0.4G
[MEM] ep026 batch 3000: use=2.4G peak=2.5G limit=n/a anon=1.3G file=0.7G slab=0.4G
[MEM] ep026 batch 3500: use=2.5G peak=2.5G limit=n/a anon=1.4G file=0.7G slab=0.4G
[MEM] ep026 batch 4000: use=2.5G peak=2.5G limit=n/a anon=1.4G file=0.7G slab=0.4G
[MEM] ep026 batch 4500: use=2.5G peak=2.5G limit=n/a anon=1.4G file=0.7G slab=0.4G
[MEM] ep026 batch 5000: use=2.5G peak=2.5G limit=n/a anon=1.4G file=0.7G slab=0.4G
[MEM] ep026 batch 5500: use=2.5G peak=2.5G limit=n/a anon=1.4G file=0.7G slab=0.4G
[MEM] ep026 val-start: use=2.1G peak=2.5G limit=n/a anon=1.0G file=0.7G slab=0.4G
[MEM] end epoch 026: use=2.1G peak=2.5G limit=n/a anon=1.0G file=0.7G slab=0.4G
Epoch 026 | Train Huber 0.2994 MAE 0.6417 | Val Huber 0.2871 MAE 0.6217 | LR 1.00e-04
[MEM] ep027 train-start: use=2.1G peak=2.5G limit=n/a anon=1.0G file=0.7G slab=0.4G
[MEM] ep027 batch 1: use=2.2G peak=2.5G limit=n/a anon=1.1G file=0.7G slab=0.4G
[MEM] ep027 batch 2: use=2.2G peak=2.5G limit=n/a anon=1.1G file=0.7G slab=0.4G
[MEM] ep027 batch 3: use=2.2G peak=2.5G limit=n/a anon=1.1G file=0.7G slab=0.4G
[MEM] ep027 batch 4: use=2.2G peak=2.5G limit=n/a anon=1.1G file=0.7G slab=0.4G
[MEM] ep027 batch 5: use=2.2G peak=2.5G limit=n/a anon=1.1G file=0.7G slab=0.4G
[MEM] ep027 batch 500: use=2.3G peak=2.5G limit=n/a anon=1.2G file=0.7G slab=0.4G
[MEM] ep027 batch 1000: use=2.3G peak=2.5G limit=n/a anon=1.2G file=0.7G slab=0.4G
[MEM] ep027 batch 1500: use=2.4G peak=2.5G limit=n/a anon=1.3G file=0.7G slab=0.4G
[MEM] ep027 batch 2000: use=2.4G peak=2.5G limit=n/a anon=1.3G file=0.7G slab=0.4G
[MEM] ep027 batch 2500: use=2.4G peak=2.5G limit=n/a anon=1.3G file=0.7G slab=0.4G
[MEM] ep027 batch 3000: use=2.4G peak=2.5G limit=n/a anon=1.3G file=0.7G slab=0.4G
[MEM] ep027 batch 3500: use=2.5G peak=2.5G limit=n/a anon=1.4G file=0.7G slab=0.4G
[MEM] ep027 batch 4000: use=2.5G peak=2.5G limit=n/a anon=1.4G file=0.7G slab=0.4G
[MEM] ep027 batch 4500: use=2.5G peak=2.5G limit=n/a anon=1.4G file=0.7G slab=0.4G
[MEM] ep027 batch 5000: use=2.5G peak=2.5G limit=n/a anon=1.4G file=0.7G slab=0.4G
[MEM] ep027 batch 5500: use=2.5G peak=2.5G limit=n/a anon=1.4G file=0.7G slab=0.4G
[MEM] ep027 val-start: use=2.1G peak=2.5G limit=n/a anon=1.0G file=0.7G slab=0.4G
[MEM] end epoch 027: use=2.1G peak=2.5G limit=n/a anon=1.0G file=0.7G slab=0.4G
Epoch 027 | Train Huber 0.2983 MAE 0.6406 | Val Huber 0.2906 MAE 0.6269 | LR 1.00e-04
[MEM] ep028 train-start: use=2.1G peak=2.5G limit=n/a anon=1.0G file=0.7G slab=0.4G
[MEM] ep028 batch 1: use=2.2G peak=2.5G limit=n/a anon=1.1G file=0.7G slab=0.4G
[MEM] ep028 batch 2: use=2.2G peak=2.5G limit=n/a anon=1.1G file=0.7G slab=0.4G
[MEM] ep028 batch 3: use=2.2G peak=2.5G limit=n/a anon=1.1G file=0.7G slab=0.4G
[MEM] ep028 batch 4: use=2.2G peak=2.5G limit=n/a anon=1.1G file=0.7G slab=0.4G
[MEM] ep028 batch 5: use=2.2G peak=2.5G limit=n/a anon=1.1G file=0.7G slab=0.4G
[MEM] ep028 batch 500: use=2.3G peak=2.5G limit=n/a anon=1.2G file=0.7G slab=0.4G
[MEM] ep028 batch 1000: use=2.3G peak=2.5G limit=n/a anon=1.2G file=0.7G slab=0.4G
[MEM] ep028 batch 1500: use=2.4G peak=2.5G limit=n/a anon=1.3G file=0.7G slab=0.4G
[MEM] ep028 batch 2000: use=2.4G peak=2.5G limit=n/a anon=1.3G file=0.7G slab=0.4G
[MEM] ep028 batch 2500: use=2.4G peak=2.5G limit=n/a anon=1.3G file=0.7G slab=0.4G
[MEM] ep028 batch 3000: use=2.4G peak=2.5G limit=n/a anon=1.3G file=0.7G slab=0.4G
[MEM] ep028 batch 3500: use=2.5G peak=2.5G limit=n/a anon=1.4G file=0.7G slab=0.4G
[MEM] ep028 batch 4000: use=2.5G peak=2.5G limit=n/a anon=1.4G file=0.7G slab=0.4G
[MEM] ep028 batch 4500: use=2.5G peak=2.5G limit=n/a anon=1.4G file=0.7G slab=0.4G
[MEM] ep028 batch 5000: use=2.5G peak=2.5G limit=n/a anon=1.4G file=0.7G slab=0.4G
[MEM] ep028 batch 5500: use=2.5G peak=2.5G limit=n/a anon=1.4G file=0.7G slab=0.4G
[MEM] ep028 val-start: use=2.1G peak=2.5G limit=n/a anon=1.0G file=0.7G slab=0.4G
[MEM] end epoch 028: use=2.1G peak=2.5G limit=n/a anon=1.0G file=0.7G slab=0.4G
Epoch 028 | Train Huber 0.2972 MAE 0.6386 | Val Huber 0.2874 MAE 0.6223 | LR 1.00e-04
[MEM] ep029 train-start: use=2.1G peak=2.5G limit=n/a anon=1.0G file=0.7G slab=0.4G
[MEM] ep029 batch 1: use=2.2G peak=2.5G limit=n/a anon=1.1G file=0.7G slab=0.4G
[MEM] ep029 batch 2: use=2.2G peak=2.5G limit=n/a anon=1.1G file=0.7G slab=0.4G
[MEM] ep029 batch 3: use=2.2G peak=2.5G limit=n/a anon=1.1G file=0.7G slab=0.4G
[MEM] ep029 batch 4: use=2.2G peak=2.5G limit=n/a anon=1.1G file=0.7G slab=0.4G
[MEM] ep029 batch 5: use=2.2G peak=2.5G limit=n/a anon=1.1G file=0.7G slab=0.4G
[MEM] ep029 batch 500: use=2.3G peak=2.5G limit=n/a anon=1.2G file=0.7G slab=0.4G
[MEM] ep029 batch 1000: use=2.3G peak=2.5G limit=n/a anon=1.2G file=0.7G slab=0.4G
[MEM] ep029 batch 1500: use=2.4G peak=2.5G limit=n/a anon=1.3G file=0.7G slab=0.4G
[MEM] ep029 batch 2000: use=2.4G peak=2.5G limit=n/a anon=1.3G file=0.7G slab=0.4G
[MEM] ep029 batch 2500: use=2.4G peak=2.5G limit=n/a anon=1.3G file=0.7G slab=0.4G
[MEM] ep029 batch 3000: use=2.4G peak=2.5G limit=n/a anon=1.3G file=0.7G slab=0.4G
[MEM] ep029 batch 3500: use=2.5G peak=2.5G limit=n/a anon=1.4G file=0.7G slab=0.4G
[MEM] ep029 batch 4000: use=2.5G peak=2.5G limit=n/a anon=1.4G file=0.7G slab=0.4G
[MEM] ep029 batch 4500: use=2.5G peak=2.5G limit=n/a anon=1.4G file=0.7G slab=0.4G
[MEM] ep029 batch 5000: use=2.5G peak=2.5G limit=n/a anon=1.4G file=0.7G slab=0.4G
[MEM] ep029 batch 5500: use=2.5G peak=2.5G limit=n/a anon=1.4G file=0.7G slab=0.4G
[MEM] ep029 val-start: use=2.1G peak=2.5G limit=n/a anon=1.0G file=0.7G slab=0.4G
[MEM] end epoch 029: use=2.1G peak=2.5G limit=n/a anon=1.0G file=0.7G slab=0.4G
Epoch 029 | Train Huber 0.2963 MAE 0.6373 | Val Huber 0.2815 MAE 0.6172 | LR 1.00e-04
[MEM] ep030 train-start: use=2.1G peak=2.5G limit=n/a anon=1.0G file=0.7G slab=0.4G
[MEM] ep030 batch 1: use=2.2G peak=2.5G limit=n/a anon=1.1G file=0.7G slab=0.4G
[MEM] ep030 batch 2: use=2.2G peak=2.5G limit=n/a anon=1.1G file=0.7G slab=0.4G
[MEM] ep030 batch 3: use=2.2G peak=2.5G limit=n/a anon=1.1G file=0.7G slab=0.4G
[MEM] ep030 batch 4: use=2.2G peak=2.5G limit=n/a anon=1.1G file=0.7G slab=0.4G
[MEM] ep030 batch 5: use=2.2G peak=2.5G limit=n/a anon=1.1G file=0.7G slab=0.4G
[MEM] ep030 batch 500: use=2.3G peak=2.5G limit=n/a anon=1.2G file=0.7G slab=0.4G
[MEM] ep030 batch 1000: use=2.3G peak=2.5G limit=n/a anon=1.2G file=0.7G slab=0.4G
[MEM] ep030 batch 1500: use=2.4G peak=2.5G limit=n/a anon=1.3G file=0.7G slab=0.4G
[MEM] ep030 batch 2000: use=2.4G peak=2.5G limit=n/a anon=1.3G file=0.7G slab=0.4G
[MEM] ep030 batch 2500: use=2.4G peak=2.5G limit=n/a anon=1.3G file=0.7G slab=0.4G
[MEM] ep030 batch 3000: use=2.4G peak=2.5G limit=n/a anon=1.3G file=0.7G slab=0.4G
[MEM] ep030 batch 3500: use=2.5G peak=2.5G limit=n/a anon=1.4G file=0.7G slab=0.4G
[MEM] ep030 batch 4000: use=2.5G peak=2.5G limit=n/a anon=1.4G file=0.7G slab=0.4G
[MEM] ep030 batch 4500: use=2.5G peak=2.5G limit=n/a anon=1.4G file=0.7G slab=0.4G
[MEM] ep030 batch 5000: use=2.5G peak=2.5G limit=n/a anon=1.4G file=0.7G slab=0.4G
[MEM] ep030 batch 5500: use=2.5G peak=2.5G limit=n/a anon=1.4G file=0.7G slab=0.4G
[MEM] ep030 val-start: use=2.1G peak=2.5G limit=n/a anon=1.0G file=0.7G slab=0.4G
[MEM] end epoch 030: use=2.1G peak=2.5G limit=n/a anon=1.0G file=0.7G slab=0.4G
Epoch 030 | Train Huber 0.2955 MAE 0.6364 | Val Huber 0.2805 MAE 0.6148 | LR 1.00e-04
[MEM] ep031 train-start: use=2.1G peak=2.5G limit=n/a anon=1.0G file=0.7G slab=0.4G
[MEM] ep031 batch 1: use=2.2G peak=2.5G limit=n/a anon=1.1G file=0.7G slab=0.4G
[MEM] ep031 batch 2: use=2.2G peak=2.5G limit=n/a anon=1.1G file=0.7G slab=0.4G
[MEM] ep031 batch 3: use=2.2G peak=2.5G limit=n/a anon=1.1G file=0.7G slab=0.4G
[MEM] ep031 batch 4: use=2.2G peak=2.5G limit=n/a anon=1.1G file=0.7G slab=0.4G
[MEM] ep031 batch 5: use=2.2G peak=2.5G limit=n/a anon=1.1G file=0.7G slab=0.4G
[MEM] ep031 batch 500: use=2.3G peak=2.5G limit=n/a anon=1.2G file=0.7G slab=0.4G
[MEM] ep031 batch 1000: use=2.3G peak=2.5G limit=n/a anon=1.2G file=0.7G slab=0.4G
[MEM] ep031 batch 1500: use=2.4G peak=2.5G limit=n/a anon=1.3G file=0.7G slab=0.4G
[MEM] ep031 batch 2000: use=2.4G peak=2.5G limit=n/a anon=1.3G file=0.7G slab=0.4G
[MEM] ep031 batch 2500: use=2.4G peak=2.5G limit=n/a anon=1.3G file=0.7G slab=0.4G
[MEM] ep031 batch 3000: use=2.4G peak=2.5G limit=n/a anon=1.3G file=0.7G slab=0.4G
[MEM] ep031 batch 3500: use=2.5G peak=2.5G limit=n/a anon=1.4G file=0.7G slab=0.4G
[MEM] ep031 batch 4000: use=2.5G peak=2.5G limit=n/a anon=1.4G file=0.7G slab=0.4G
[MEM] ep031 batch 4500: use=2.5G peak=2.5G limit=n/a anon=1.4G file=0.7G slab=0.4G
[MEM] ep031 batch 5000: use=2.5G peak=2.5G limit=n/a anon=1.4G file=0.7G slab=0.4G
[MEM] ep031 batch 5500: use=2.5G peak=2.5G limit=n/a anon=1.4G file=0.7G slab=0.4G
[MEM] ep031 val-start: use=2.1G peak=2.5G limit=n/a anon=1.0G file=0.7G slab=0.4G
[MEM] end epoch 031: use=2.1G peak=2.5G limit=n/a anon=1.0G file=0.7G slab=0.4G
Epoch 031 | Train Huber 0.2946 MAE 0.6353 | Val Huber 0.2837 MAE 0.6142 | LR 1.00e-04
[MEM] ep032 train-start: use=2.1G peak=2.5G limit=n/a anon=1.0G file=0.7G slab=0.4G
[MEM] ep032 batch 1: use=2.2G peak=2.5G limit=n/a anon=1.1G file=0.7G slab=0.4G
[MEM] ep032 batch 2: use=2.2G peak=2.5G limit=n/a anon=1.1G file=0.7G slab=0.4G
[MEM] ep032 batch 3: use=2.2G peak=2.5G limit=n/a anon=1.1G file=0.7G slab=0.4G
[MEM] ep032 batch 4: use=2.2G peak=2.5G limit=n/a anon=1.1G file=0.7G slab=0.4G
[MEM] ep032 batch 5: use=2.2G peak=2.5G limit=n/a anon=1.1G file=0.7G slab=0.4G
[MEM] ep032 batch 500: use=2.3G peak=2.5G limit=n/a anon=1.2G file=0.7G slab=0.4G
[MEM] ep032 batch 1000: use=2.3G peak=2.5G limit=n/a anon=1.2G file=0.7G slab=0.4G
[MEM] ep032 batch 1500: use=2.4G peak=2.5G limit=n/a anon=1.3G file=0.7G slab=0.4G
[MEM] ep032 batch 2000: use=2.4G peak=2.5G limit=n/a anon=1.3G file=0.7G slab=0.4G
[MEM] ep032 batch 2500: use=2.4G peak=2.5G limit=n/a anon=1.3G file=0.7G slab=0.4G
[MEM] ep032 batch 3000: use=2.4G peak=2.5G limit=n/a anon=1.3G file=0.7G slab=0.4G
[MEM] ep032 batch 3500: use=2.5G peak=2.5G limit=n/a anon=1.4G file=0.7G slab=0.4G
[MEM] ep032 batch 4000: use=2.5G peak=2.5G limit=n/a anon=1.4G file=0.7G slab=0.4G
[MEM] ep032 batch 4500: use=2.5G peak=2.5G limit=n/a anon=1.4G file=0.7G slab=0.4G
[MEM] ep032 batch 5000: use=2.5G peak=2.5G limit=n/a anon=1.4G file=0.7G slab=0.4G
[MEM] ep032 batch 5500: use=2.5G peak=2.5G limit=n/a anon=1.4G file=0.7G slab=0.4G
[MEM] ep032 val-start: use=2.1G peak=2.5G limit=n/a anon=1.0G file=0.7G slab=0.4G
[MEM] end epoch 032: use=2.1G peak=2.5G limit=n/a anon=1.0G file=0.7G slab=0.4G
Epoch 032 | Train Huber 0.2932 MAE 0.6338 | Val Huber 0.2780 MAE 0.6095 | LR 1.00e-04
[MEM] ep033 train-start: use=2.1G peak=2.5G limit=n/a anon=1.0G file=0.7G slab=0.4G
[MEM] ep033 batch 1: use=2.2G peak=2.5G limit=n/a anon=1.1G file=0.7G slab=0.4G
[MEM] ep033 batch 2: use=2.2G peak=2.5G limit=n/a anon=1.1G file=0.7G slab=0.4G
[MEM] ep033 batch 3: use=2.2G peak=2.5G limit=n/a anon=1.1G file=0.7G slab=0.4G
[MEM] ep033 batch 4: use=2.2G peak=2.5G limit=n/a anon=1.1G file=0.7G slab=0.4G
[MEM] ep033 batch 5: use=2.2G peak=2.5G limit=n/a anon=1.1G file=0.7G slab=0.4G
[MEM] ep033 batch 500: use=2.3G peak=2.5G limit=n/a anon=1.2G file=0.7G slab=0.4G
[MEM] ep033 batch 1000: use=2.3G peak=2.5G limit=n/a anon=1.2G file=0.7G slab=0.4G
[MEM] ep033 batch 1500: use=2.4G peak=2.5G limit=n/a anon=1.3G file=0.7G slab=0.4G
[MEM] ep033 batch 2000: use=2.4G peak=2.5G limit=n/a anon=1.3G file=0.7G slab=0.4G
[MEM] ep033 batch 2500: use=2.4G peak=2.5G limit=n/a anon=1.3G file=0.7G slab=0.4G
[MEM] ep033 batch 3000: use=2.4G peak=2.5G limit=n/a anon=1.3G file=0.7G slab=0.4G
[MEM] ep033 batch 3500: use=2.5G peak=2.5G limit=n/a anon=1.4G file=0.7G slab=0.4G
[MEM] ep033 batch 4000: use=2.5G peak=2.5G limit=n/a anon=1.4G file=0.7G slab=0.4G
[MEM] ep033 batch 4500: use=2.5G peak=2.5G limit=n/a anon=1.4G file=0.7G slab=0.4G
[MEM] ep033 batch 5000: use=2.5G peak=2.5G limit=n/a anon=1.4G file=0.7G slab=0.4G
[MEM] ep033 batch 5500: use=2.5G peak=2.5G limit=n/a anon=1.4G file=0.7G slab=0.4G
[MEM] ep033 val-start: use=2.1G peak=2.5G limit=n/a anon=1.0G file=0.7G slab=0.4G
[MEM] end epoch 033: use=2.1G peak=2.5G limit=n/a anon=1.0G file=0.7G slab=0.4G
Epoch 033 | Train Huber 0.2925 MAE 0.6324 | Val Huber 0.2779 MAE 0.6127 | LR 1.00e-04
[MEM] ep034 train-start: use=2.1G peak=2.5G limit=n/a anon=1.0G file=0.7G slab=0.4G
[MEM] ep034 batch 1: use=2.2G peak=2.5G limit=n/a anon=1.1G file=0.7G slab=0.4G
[MEM] ep034 batch 2: use=2.2G peak=2.5G limit=n/a anon=1.1G file=0.7G slab=0.4G
[MEM] ep034 batch 3: use=2.2G peak=2.5G limit=n/a anon=1.1G file=0.7G slab=0.4G
[MEM] ep034 batch 4: use=2.2G peak=2.5G limit=n/a anon=1.1G file=0.7G slab=0.4G
[MEM] ep034 batch 5: use=2.2G peak=2.5G limit=n/a anon=1.1G file=0.7G slab=0.4G
[MEM] ep034 batch 500: use=2.3G peak=2.5G limit=n/a anon=1.2G file=0.7G slab=0.4G
[MEM] ep034 batch 1000: use=2.3G peak=2.5G limit=n/a anon=1.2G file=0.7G slab=0.4G
[MEM] ep034 batch 1500: use=2.4G peak=2.5G limit=n/a anon=1.3G file=0.7G slab=0.4G
[MEM] ep034 batch 2000: use=2.4G peak=2.5G limit=n/a anon=1.3G file=0.7G slab=0.4G
[MEM] ep034 batch 2500: use=2.4G peak=2.5G limit=n/a anon=1.3G file=0.7G slab=0.4G
[MEM] ep034 batch 3000: use=2.4G peak=2.5G limit=n/a anon=1.3G file=0.7G slab=0.4G
[MEM] ep034 batch 3500: use=2.5G peak=2.5G limit=n/a anon=1.4G file=0.7G slab=0.4G
[MEM] ep034 batch 4000: use=2.5G peak=2.5G limit=n/a anon=1.4G file=0.7G slab=0.4G
[MEM] ep034 batch 4500: use=2.5G peak=2.5G limit=n/a anon=1.4G file=0.7G slab=0.4G
[MEM] ep034 batch 5000: use=2.5G peak=2.5G limit=n/a anon=1.4G file=0.7G slab=0.4G
[MEM] ep034 batch 5500: use=2.5G peak=2.5G limit=n/a anon=1.4G file=0.7G slab=0.4G
[MEM] ep034 val-start: use=2.1G peak=2.5G limit=n/a anon=1.0G file=0.7G slab=0.4G
[MEM] end epoch 034: use=2.1G peak=2.5G limit=n/a anon=1.0G file=0.7G slab=0.4G
Epoch 034 | Train Huber 0.2911 MAE 0.6312 | Val Huber 0.2817 MAE 0.6122 | LR 1.00e-04
[MEM] ep035 train-start: use=2.1G peak=2.5G limit=n/a anon=1.0G file=0.7G slab=0.4G
[MEM] ep035 batch 1: use=2.2G peak=2.5G limit=n/a anon=1.1G file=0.7G slab=0.4G
[MEM] ep035 batch 2: use=2.2G peak=2.5G limit=n/a anon=1.1G file=0.7G slab=0.4G
[MEM] ep035 batch 3: use=2.2G peak=2.5G limit=n/a anon=1.1G file=0.7G slab=0.4G
[MEM] ep035 batch 4: use=2.2G peak=2.5G limit=n/a anon=1.1G file=0.7G slab=0.4G
[MEM] ep035 batch 5: use=2.2G peak=2.5G limit=n/a anon=1.1G file=0.7G slab=0.4G
[MEM] ep035 batch 500: use=2.3G peak=2.5G limit=n/a anon=1.2G file=0.7G slab=0.4G
[MEM] ep035 batch 1000: use=2.3G peak=2.5G limit=n/a anon=1.2G file=0.7G slab=0.4G
[MEM] ep035 batch 1500: use=2.4G peak=2.5G limit=n/a anon=1.3G file=0.7G slab=0.4G
[MEM] ep035 batch 2000: use=2.4G peak=2.5G limit=n/a anon=1.3G file=0.7G slab=0.4G
[MEM] ep035 batch 2500: use=2.4G peak=2.5G limit=n/a anon=1.3G file=0.7G slab=0.4G
[MEM] ep035 batch 3000: use=2.4G peak=2.5G limit=n/a anon=1.3G file=0.7G slab=0.4G
[MEM] ep035 batch 3500: use=2.5G peak=2.5G limit=n/a anon=1.4G file=0.7G slab=0.4G
[MEM] ep035 batch 4000: use=2.5G peak=2.5G limit=n/a anon=1.4G file=0.7G slab=0.4G
[MEM] ep035 batch 4500: use=2.5G peak=2.5G limit=n/a anon=1.4G file=0.7G slab=0.4G
[MEM] ep035 batch 5000: use=2.5G peak=2.5G limit=n/a anon=1.4G file=0.7G slab=0.4G
[MEM] ep035 batch 5500: use=2.5G peak=2.5G limit=n/a anon=1.4G file=0.7G slab=0.4G
[MEM] ep035 val-start: use=2.1G peak=2.5G limit=n/a anon=1.0G file=0.7G slab=0.4G
[MEM] end epoch 035: use=2.1G peak=2.5G limit=n/a anon=1.0G file=0.7G slab=0.4G
Epoch 035 | Train Huber 0.2906 MAE 0.6300 | Val Huber 0.2756 MAE 0.6086 | LR 1.00e-04
[MEM] ep036 train-start: use=2.1G peak=2.5G limit=n/a anon=1.0G file=0.7G slab=0.4G
[MEM] ep036 batch 1: use=2.2G peak=2.5G limit=n/a anon=1.1G file=0.7G slab=0.4G
[MEM] ep036 batch 2: use=2.2G peak=2.5G limit=n/a anon=1.1G file=0.7G slab=0.4G
[MEM] ep036 batch 3: use=2.2G peak=2.5G limit=n/a anon=1.1G file=0.7G slab=0.4G
[MEM] ep036 batch 4: use=2.2G peak=2.5G limit=n/a anon=1.1G file=0.7G slab=0.4G
[MEM] ep036 batch 5: use=2.2G peak=2.5G limit=n/a anon=1.1G file=0.7G slab=0.4G
[MEM] ep036 batch 500: use=2.3G peak=2.5G limit=n/a anon=1.2G file=0.7G slab=0.4G
[MEM] ep036 batch 1000: use=2.3G peak=2.5G limit=n/a anon=1.2G file=0.7G slab=0.4G
[MEM] ep036 batch 1500: use=2.4G peak=2.5G limit=n/a anon=1.3G file=0.7G slab=0.4G
[MEM] ep036 batch 2000: use=2.4G peak=2.5G limit=n/a anon=1.3G file=0.7G slab=0.4G
[MEM] ep036 batch 2500: use=2.4G peak=2.5G limit=n/a anon=1.3G file=0.7G slab=0.4G
[MEM] ep036 batch 3000: use=2.4G peak=2.5G limit=n/a anon=1.3G file=0.7G slab=0.4G
[MEM] ep036 batch 3500: use=2.5G peak=2.5G limit=n/a anon=1.4G file=0.7G slab=0.4G
[MEM] ep036 batch 4000: use=2.5G peak=2.5G limit=n/a anon=1.4G file=0.7G slab=0.4G
[MEM] ep036 batch 4500: use=2.5G peak=2.5G limit=n/a anon=1.4G file=0.7G slab=0.4G
[MEM] ep036 batch 5000: use=2.5G peak=2.5G limit=n/a anon=1.4G file=0.7G slab=0.4G
[MEM] ep036 batch 5500: use=2.5G peak=2.5G limit=n/a anon=1.4G file=0.7G slab=0.4G
[MEM] ep036 val-start: use=2.1G peak=2.5G limit=n/a anon=1.0G file=0.7G slab=0.4G
[MEM] end epoch 036: use=2.1G peak=2.5G limit=n/a anon=1.0G file=0.7G slab=0.4G
Epoch 036 | Train Huber 0.2898 MAE 0.6284 | Val Huber 0.2824 MAE 0.6135 | LR 1.00e-04
[MEM] ep037 train-start: use=2.1G peak=2.5G limit=n/a anon=1.0G file=0.7G slab=0.4G
[MEM] ep037 batch 1: use=2.2G peak=2.5G limit=n/a anon=1.1G file=0.7G slab=0.4G
[MEM] ep037 batch 2: use=2.2G peak=2.5G limit=n/a anon=1.1G file=0.7G slab=0.4G
[MEM] ep037 batch 3: use=2.2G peak=2.5G limit=n/a anon=1.1G file=0.7G slab=0.4G
[MEM] ep037 batch 4: use=2.2G peak=2.5G limit=n/a anon=1.1G file=0.7G slab=0.4G
[MEM] ep037 batch 5: use=2.2G peak=2.5G limit=n/a anon=1.1G file=0.7G slab=0.4G
[MEM] ep037 batch 500: use=2.3G peak=2.5G limit=n/a anon=1.2G file=0.7G slab=0.4G
[MEM] ep037 batch 1000: use=2.3G peak=2.5G limit=n/a anon=1.2G file=0.7G slab=0.4G
[MEM] ep037 batch 1500: use=2.4G peak=2.5G limit=n/a anon=1.3G file=0.7G slab=0.4G
[MEM] ep037 batch 2000: use=2.4G peak=2.5G limit=n/a anon=1.3G file=0.7G slab=0.4G
[MEM] ep037 batch 2500: use=2.4G peak=2.5G limit=n/a anon=1.3G file=0.7G slab=0.4G
[MEM] ep037 batch 3000: use=2.4G peak=2.5G limit=n/a anon=1.3G file=0.7G slab=0.4G
[MEM] ep037 batch 3500: use=2.5G peak=2.5G limit=n/a anon=1.4G file=0.7G slab=0.4G
[MEM] ep037 batch 4000: use=2.5G peak=2.5G limit=n/a anon=1.4G file=0.7G slab=0.4G
[MEM] ep037 batch 4500: use=2.5G peak=2.5G limit=n/a anon=1.4G file=0.7G slab=0.4G
[MEM] ep037 batch 5000: use=2.5G peak=2.5G limit=n/a anon=1.4G file=0.7G slab=0.4G
[MEM] ep037 batch 5500: use=2.5G peak=2.5G limit=n/a anon=1.4G file=0.7G slab=0.4G
[MEM] ep037 val-start: use=2.1G peak=2.5G limit=n/a anon=1.0G file=0.7G slab=0.4G
[MEM] end epoch 037: use=2.1G peak=2.5G limit=n/a anon=1.0G file=0.7G slab=0.4G
Epoch 037 | Train Huber 0.2892 MAE 0.6281 | Val Huber 0.2760 MAE 0.6082 | LR 1.00e-04
[MEM] ep038 train-start: use=2.1G peak=2.5G limit=n/a anon=1.0G file=0.7G slab=0.4G
[MEM] ep038 batch 1: use=2.2G peak=2.5G limit=n/a anon=1.1G file=0.7G slab=0.4G
[MEM] ep038 batch 2: use=2.2G peak=2.5G limit=n/a anon=1.1G file=0.7G slab=0.4G
[MEM] ep038 batch 3: use=2.2G peak=2.5G limit=n/a anon=1.1G file=0.7G slab=0.4G
[MEM] ep038 batch 4: use=2.2G peak=2.5G limit=n/a anon=1.1G file=0.7G slab=0.4G
[MEM] ep038 batch 5: use=2.2G peak=2.5G limit=n/a anon=1.1G file=0.7G slab=0.4G
[MEM] ep038 batch 500: use=2.3G peak=2.5G limit=n/a anon=1.2G file=0.7G slab=0.4G
[MEM] ep038 batch 1000: use=2.3G peak=2.5G limit=n/a anon=1.2G file=0.7G slab=0.4G
[MEM] ep038 batch 1500: use=2.4G peak=2.5G limit=n/a anon=1.3G file=0.7G slab=0.4G
[MEM] ep038 batch 2000: use=2.4G peak=2.5G limit=n/a anon=1.3G file=0.7G slab=0.4G
[MEM] ep038 batch 2500: use=2.4G peak=2.5G limit=n/a anon=1.3G file=0.7G slab=0.4G
[MEM] ep038 batch 3000: use=2.4G peak=2.5G limit=n/a anon=1.3G file=0.7G slab=0.4G
[MEM] ep038 batch 3500: use=2.5G peak=2.5G limit=n/a anon=1.4G file=0.7G slab=0.4G
[MEM] ep038 batch 4000: use=2.5G peak=2.5G limit=n/a anon=1.4G file=0.7G slab=0.4G
[MEM] ep038 batch 4500: use=2.5G peak=2.5G limit=n/a anon=1.4G file=0.7G slab=0.4G
[MEM] ep038 batch 5000: use=2.5G peak=2.5G limit=n/a anon=1.4G file=0.7G slab=0.4G
[MEM] ep038 batch 5500: use=2.5G peak=2.5G limit=n/a anon=1.4G file=0.7G slab=0.4G
[MEM] ep038 val-start: use=2.1G peak=2.5G limit=n/a anon=1.0G file=0.7G slab=0.4G
[MEM] end epoch 038: use=2.1G peak=2.5G limit=n/a anon=1.0G file=0.7G slab=0.4G
Epoch 038 | Train Huber 0.2883 MAE 0.6271 | Val Huber 0.2787 MAE 0.6120 | LR 1.00e-04
[MEM] ep039 train-start: use=2.1G peak=2.5G limit=n/a anon=1.0G file=0.7G slab=0.4G
[MEM] ep039 batch 1: use=2.2G peak=2.5G limit=n/a anon=1.1G file=0.7G slab=0.4G
[MEM] ep039 batch 2: use=2.2G peak=2.5G limit=n/a anon=1.1G file=0.7G slab=0.4G
[MEM] ep039 batch 3: use=2.2G peak=2.5G limit=n/a anon=1.1G file=0.7G slab=0.4G
[MEM] ep039 batch 4: use=2.2G peak=2.5G limit=n/a anon=1.1G file=0.7G slab=0.4G
[MEM] ep039 batch 5: use=2.2G peak=2.5G limit=n/a anon=1.1G file=0.7G slab=0.4G
[MEM] ep039 batch 500: use=2.3G peak=2.5G limit=n/a anon=1.2G file=0.7G slab=0.4G
[MEM] ep039 batch 1000: use=2.3G peak=2.5G limit=n/a anon=1.2G file=0.7G slab=0.4G
[MEM] ep039 batch 1500: use=2.4G peak=2.5G limit=n/a anon=1.3G file=0.7G slab=0.4G
[MEM] ep039 batch 2000: use=2.4G peak=2.5G limit=n/a anon=1.3G file=0.7G slab=0.4G
[MEM] ep039 batch 2500: use=2.4G peak=2.5G limit=n/a anon=1.3G file=0.7G slab=0.4G
[MEM] ep039 batch 3000: use=2.4G peak=2.5G limit=n/a anon=1.3G file=0.7G slab=0.4G
[MEM] ep039 batch 3500: use=2.5G peak=2.5G limit=n/a anon=1.4G file=0.7G slab=0.4G
[MEM] ep039 batch 4000: use=2.5G peak=2.5G limit=n/a anon=1.4G file=0.7G slab=0.4G
[MEM] ep039 batch 4500: use=2.5G peak=2.5G limit=n/a anon=1.4G file=0.7G slab=0.4G
[MEM] ep039 batch 5000: use=2.5G peak=2.5G limit=n/a anon=1.4G file=0.7G slab=0.4G
[MEM] ep039 batch 5500: use=2.5G peak=2.5G limit=n/a anon=1.4G file=0.7G slab=0.4G
[MEM] ep039 val-start: use=2.1G peak=2.5G limit=n/a anon=1.0G file=0.7G slab=0.4G
[MEM] end epoch 039: use=2.1G peak=2.5G limit=n/a anon=1.0G file=0.7G slab=0.4G
Epoch 039 | Train Huber 0.2878 MAE 0.6262 | Val Huber 0.2800 MAE 0.6134 | LR 1.00e-04
[MEM] ep040 train-start: use=2.1G peak=2.5G limit=n/a anon=1.0G file=0.7G slab=0.4G
[MEM] ep040 batch 1: use=2.2G peak=2.5G limit=n/a anon=1.1G file=0.7G slab=0.4G
[MEM] ep040 batch 2: use=2.2G peak=2.5G limit=n/a anon=1.1G file=0.7G slab=0.4G
[MEM] ep040 batch 3: use=2.2G peak=2.5G limit=n/a anon=1.1G file=0.7G slab=0.4G
[MEM] ep040 batch 4: use=2.2G peak=2.5G limit=n/a anon=1.1G file=0.7G slab=0.4G
[MEM] ep040 batch 5: use=2.2G peak=2.5G limit=n/a anon=1.1G file=0.7G slab=0.4G
[MEM] ep040 batch 500: use=2.3G peak=2.5G limit=n/a anon=1.2G file=0.7G slab=0.4G
[MEM] ep040 batch 1000: use=2.3G peak=2.5G limit=n/a anon=1.2G file=0.7G slab=0.4G
[MEM] ep040 batch 1500: use=2.4G peak=2.5G limit=n/a anon=1.3G file=0.7G slab=0.4G
[MEM] ep040 batch 2000: use=2.4G peak=2.5G limit=n/a anon=1.3G file=0.7G slab=0.4G
[MEM] ep040 batch 2500: use=2.4G peak=2.5G limit=n/a anon=1.3G file=0.7G slab=0.4G
[MEM] ep040 batch 3000: use=2.4G peak=2.5G limit=n/a anon=1.3G file=0.7G slab=0.4G
[MEM] ep040 batch 3500: use=2.5G peak=2.5G limit=n/a anon=1.4G file=0.7G slab=0.4G
[MEM] ep040 batch 4000: use=2.5G peak=2.5G limit=n/a anon=1.4G file=0.7G slab=0.4G
[MEM] ep040 batch 4500: use=2.5G peak=2.5G limit=n/a anon=1.4G file=0.7G slab=0.4G
[MEM] ep040 batch 5000: use=2.5G peak=2.5G limit=n/a anon=1.4G file=0.7G slab=0.4G
[MEM] ep040 batch 5500: use=2.5G peak=2.5G limit=n/a anon=1.4G file=0.7G slab=0.4G
[MEM] ep040 val-start: use=2.1G peak=2.5G limit=n/a anon=1.0G file=0.7G slab=0.4G
[MEM] end epoch 040: use=2.1G peak=2.5G limit=n/a anon=1.0G file=0.7G slab=0.4G
Epoch 040 | Train Huber 0.2867 MAE 0.6246 | Val Huber 0.2796 MAE 0.6094 | LR 1.00e-04
[MEM] ep041 train-start: use=2.1G peak=2.5G limit=n/a anon=1.0G file=0.7G slab=0.4G
[MEM] ep041 batch 1: use=2.2G peak=2.5G limit=n/a anon=1.1G file=0.7G slab=0.4G
[MEM] ep041 batch 2: use=2.2G peak=2.5G limit=n/a anon=1.1G file=0.7G slab=0.4G
[MEM] ep041 batch 3: use=2.2G peak=2.5G limit=n/a anon=1.1G file=0.7G slab=0.4G
[MEM] ep041 batch 4: use=2.2G peak=2.5G limit=n/a anon=1.1G file=0.7G slab=0.4G
[MEM] ep041 batch 5: use=2.2G peak=2.5G limit=n/a anon=1.1G file=0.7G slab=0.4G
[MEM] ep041 batch 500: use=2.3G peak=2.5G limit=n/a anon=1.2G file=0.7G slab=0.4G
[MEM] ep041 batch 1000: use=2.3G peak=2.5G limit=n/a anon=1.2G file=0.7G slab=0.4G
[MEM] ep041 batch 1500: use=2.4G peak=2.5G limit=n/a anon=1.3G file=0.7G slab=0.4G
[MEM] ep041 batch 2000: use=2.4G peak=2.5G limit=n/a anon=1.3G file=0.7G slab=0.4G
[MEM] ep041 batch 2500: use=2.4G peak=2.5G limit=n/a anon=1.3G file=0.7G slab=0.4G
[MEM] ep041 batch 3000: use=2.4G peak=2.5G limit=n/a anon=1.3G file=0.7G slab=0.4G
[MEM] ep041 batch 3500: use=2.5G peak=2.5G limit=n/a anon=1.4G file=0.7G slab=0.4G
[MEM] ep041 batch 4000: use=2.5G peak=2.5G limit=n/a anon=1.4G file=0.7G slab=0.4G
[MEM] ep041 batch 4500: use=2.5G peak=2.5G limit=n/a anon=1.4G file=0.7G slab=0.4G
[MEM] ep041 batch 5000: use=2.5G peak=2.5G limit=n/a anon=1.4G file=0.7G slab=0.4G
[MEM] ep041 batch 5500: use=2.5G peak=2.5G limit=n/a anon=1.4G file=0.7G slab=0.4G
[MEM] ep041 val-start: use=2.1G peak=2.5G limit=n/a anon=1.0G file=0.7G slab=0.4G
[MEM] end epoch 041: use=2.1G peak=2.5G limit=n/a anon=1.0G file=0.7G slab=0.4G
Epoch 041 | Train Huber 0.2858 MAE 0.6232 | Val Huber 0.2734 MAE 0.6041 | LR 1.00e-04
[MEM] ep042 train-start: use=2.1G peak=2.5G limit=n/a anon=1.0G file=0.7G slab=0.4G
[MEM] ep042 batch 1: use=2.2G peak=2.5G limit=n/a anon=1.1G file=0.7G slab=0.4G
[MEM] ep042 batch 2: use=2.2G peak=2.5G limit=n/a anon=1.1G file=0.7G slab=0.4G
[MEM] ep042 batch 3: use=2.2G peak=2.5G limit=n/a anon=1.1G file=0.7G slab=0.4G
[MEM] ep042 batch 4: use=2.2G peak=2.5G limit=n/a anon=1.1G file=0.7G slab=0.4G
[MEM] ep042 batch 5: use=2.2G peak=2.5G limit=n/a anon=1.1G file=0.7G slab=0.4G
[MEM] ep042 batch 500: use=2.3G peak=2.5G limit=n/a anon=1.2G file=0.7G slab=0.4G
[MEM] ep042 batch 1000: use=2.4G peak=2.5G limit=n/a anon=1.2G file=0.7G slab=0.4G
[MEM] ep042 batch 1500: use=2.4G peak=2.5G limit=n/a anon=1.3G file=0.7G slab=0.4G
[MEM] ep042 batch 2000: use=2.4G peak=2.5G limit=n/a anon=1.3G file=0.7G slab=0.4G
[MEM] ep042 batch 2500: use=2.4G peak=2.5G limit=n/a anon=1.3G file=0.7G slab=0.4G
[MEM] ep042 batch 3000: use=2.5G peak=2.5G limit=n/a anon=1.4G file=0.7G slab=0.4G
[MEM] ep042 batch 3500: use=2.5G peak=2.5G limit=n/a anon=1.4G file=0.7G slab=0.4G
[MEM] ep042 batch 4000: use=2.5G peak=2.5G limit=n/a anon=1.4G file=0.7G slab=0.4G
[MEM] ep042 batch 4500: use=2.6G peak=2.6G limit=n/a anon=1.5G file=0.7G slab=0.4G
[MEM] ep042 batch 5000: use=2.6G peak=2.6G limit=n/a anon=1.5G file=0.7G slab=0.4G
[MEM] ep042 batch 5500: use=2.6G peak=2.6G limit=n/a anon=1.5G file=0.7G slab=0.4G
[MEM] ep042 val-start: use=2.2G peak=2.6G limit=n/a anon=1.1G file=0.7G slab=0.4G
[MEM] end epoch 042: use=2.2G peak=2.6G limit=n/a anon=1.1G file=0.7G slab=0.4G
Epoch 042 | Train Huber 0.2848 MAE 0.6221 | Val Huber 0.2756 MAE 0.6082 | LR 1.00e-04
[MEM] ep043 train-start: use=2.2G peak=2.6G limit=n/a anon=1.1G file=0.7G slab=0.4G
[MEM] ep043 batch 1: use=2.3G peak=2.6G limit=n/a anon=1.2G file=0.7G slab=0.4G
[MEM] ep043 batch 2: use=2.3G peak=2.6G limit=n/a anon=1.2G file=0.7G slab=0.4G
[MEM] ep043 batch 3: use=2.3G peak=2.6G limit=n/a anon=1.2G file=0.7G slab=0.4G
[MEM] ep043 batch 4: use=2.3G peak=2.6G limit=n/a anon=1.2G file=0.7G slab=0.4G
[MEM] ep043 batch 5: use=2.3G peak=2.6G limit=n/a anon=1.2G file=0.7G slab=0.4G
[MEM] ep043 batch 500: use=2.4G peak=2.6G limit=n/a anon=1.3G file=0.7G slab=0.4G
[MEM] ep043 batch 1000: use=2.4G peak=2.6G limit=n/a anon=1.3G file=0.7G slab=0.4G
[MEM] ep043 batch 1500: use=2.4G peak=2.6G limit=n/a anon=1.3G file=0.7G slab=0.4G
[MEM] ep043 batch 2000: use=2.5G peak=2.6G limit=n/a anon=1.4G file=0.7G slab=0.4G
[MEM] ep043 batch 2500: use=2.5G peak=2.6G limit=n/a anon=1.4G file=0.7G slab=0.4G
[MEM] ep043 batch 3000: use=2.5G peak=2.6G limit=n/a anon=1.4G file=0.7G slab=0.4G
[MEM] ep043 batch 3500: use=2.5G peak=2.6G limit=n/a anon=1.4G file=0.7G slab=0.4G
[MEM] ep043 batch 4000: use=2.6G peak=2.6G limit=n/a anon=1.4G file=0.7G slab=0.4G
[MEM] ep043 batch 4500: use=2.6G peak=2.6G limit=n/a anon=1.5G file=0.7G slab=0.4G
[MEM] ep043 batch 5000: use=2.6G peak=2.6G limit=n/a anon=1.5G file=0.7G slab=0.4G
[MEM] ep043 batch 5500: use=2.6G peak=2.6G limit=n/a anon=1.5G file=0.7G slab=0.4G
[MEM] ep043 val-start: use=2.2G peak=2.6G limit=n/a anon=1.1G file=0.7G slab=0.4G
[MEM] end epoch 043: use=2.2G peak=2.6G limit=n/a anon=1.1G file=0.7G slab=0.4G
Epoch 043 | Train Huber 0.2851 MAE 0.6225 | Val Huber 0.2725 MAE 0.6026 | LR 1.00e-04
[MEM] ep044 train-start: use=2.2G peak=2.6G limit=n/a anon=1.1G file=0.7G slab=0.4G
[MEM] ep044 batch 1: use=2.3G peak=2.6G limit=n/a anon=1.2G file=0.7G slab=0.4G
[MEM] ep044 batch 2: use=2.3G peak=2.6G limit=n/a anon=1.2G file=0.7G slab=0.4G
[MEM] ep044 batch 3: use=2.3G peak=2.6G limit=n/a anon=1.2G file=0.7G slab=0.4G
[MEM] ep044 batch 4: use=2.3G peak=2.6G limit=n/a anon=1.2G file=0.7G slab=0.4G
[MEM] ep044 batch 5: use=2.3G peak=2.6G limit=n/a anon=1.2G file=0.7G slab=0.4G
[MEM] ep044 batch 500: use=2.4G peak=2.6G limit=n/a anon=1.3G file=0.7G slab=0.4G
[MEM] ep044 batch 1000: use=2.4G peak=2.6G limit=n/a anon=1.3G file=0.7G slab=0.4G
[MEM] ep044 batch 1500: use=2.4G peak=2.6G limit=n/a anon=1.3G file=0.7G slab=0.4G
[MEM] ep044 batch 2000: use=2.5G peak=2.6G limit=n/a anon=1.4G file=0.7G slab=0.4G
[MEM] ep044 batch 2500: use=2.5G peak=2.6G limit=n/a anon=1.4G file=0.7G slab=0.4G
[MEM] ep044 batch 3000: use=2.5G peak=2.6G limit=n/a anon=1.4G file=0.7G slab=0.4G
[MEM] ep044 batch 3500: use=2.5G peak=2.6G limit=n/a anon=1.4G file=0.7G slab=0.4G
[MEM] ep044 batch 4000: use=2.6G peak=2.6G limit=n/a anon=1.4G file=0.7G slab=0.4G
[MEM] ep044 batch 4500: use=2.6G peak=2.6G limit=n/a anon=1.5G file=0.7G slab=0.4G
[MEM] ep044 batch 5000: use=2.6G peak=2.6G limit=n/a anon=1.5G file=0.7G slab=0.4G
[MEM] ep044 batch 5500: use=2.6G peak=2.6G limit=n/a anon=1.5G file=0.7G slab=0.4G
[MEM] ep044 val-start: use=2.2G peak=2.6G limit=n/a anon=1.1G file=0.7G slab=0.4G
[MEM] end epoch 044: use=2.2G peak=2.6G limit=n/a anon=1.1G file=0.7G slab=0.4G
Epoch 044 | Train Huber 0.2834 MAE 0.6201 | Val Huber 0.2713 MAE 0.6036 | LR 1.00e-04
[MEM] ep045 train-start: use=2.2G peak=2.6G limit=n/a anon=1.1G file=0.7G slab=0.4G
[MEM] ep045 batch 1: use=2.3G peak=2.6G limit=n/a anon=1.2G file=0.7G slab=0.4G
[MEM] ep045 batch 2: use=2.3G peak=2.6G limit=n/a anon=1.2G file=0.7G slab=0.4G
[MEM] ep045 batch 3: use=2.3G peak=2.6G limit=n/a anon=1.2G file=0.7G slab=0.4G
[MEM] ep045 batch 4: use=2.3G peak=2.6G limit=n/a anon=1.2G file=0.7G slab=0.4G
[MEM] ep045 batch 5: use=2.3G peak=2.6G limit=n/a anon=1.2G file=0.7G slab=0.4G
[MEM] ep045 batch 500: use=2.4G peak=2.6G limit=n/a anon=1.3G file=0.7G slab=0.4G
[MEM] ep045 batch 1000: use=2.4G peak=2.6G limit=n/a anon=1.3G file=0.7G slab=0.4G
[MEM] ep045 batch 1500: use=2.4G peak=2.6G limit=n/a anon=1.3G file=0.7G slab=0.4G
[MEM] ep045 batch 2000: use=2.5G peak=2.6G limit=n/a anon=1.4G file=0.7G slab=0.4G
[MEM] ep045 batch 2500: use=2.5G peak=2.6G limit=n/a anon=1.4G file=0.7G slab=0.4G
[MEM] ep045 batch 3000: use=2.5G peak=2.6G limit=n/a anon=1.4G file=0.7G slab=0.4G
[MEM] ep045 batch 3500: use=2.5G peak=2.6G limit=n/a anon=1.4G file=0.7G slab=0.4G
[MEM] ep045 batch 4000: use=2.6G peak=2.6G limit=n/a anon=1.4G file=0.7G slab=0.4G
[MEM] ep045 batch 4500: use=2.6G peak=2.6G limit=n/a anon=1.5G file=0.7G slab=0.4G
[MEM] ep045 batch 5000: use=2.6G peak=2.6G limit=n/a anon=1.5G file=0.7G slab=0.4G
[MEM] ep045 batch 5500: use=2.6G peak=2.6G limit=n/a anon=1.5G file=0.7G slab=0.4G
[MEM] ep045 val-start: use=2.2G peak=2.6G limit=n/a anon=1.1G file=0.7G slab=0.4G
[MEM] end epoch 045: use=2.2G peak=2.6G limit=n/a anon=1.1G file=0.7G slab=0.4G
Epoch 045 | Train Huber 0.2830 MAE 0.6200 | Val Huber 0.2739 MAE 0.6061 | LR 1.00e-04
[MEM] ep046 train-start: use=2.2G peak=2.6G limit=n/a anon=1.1G file=0.7G slab=0.4G
[MEM] ep046 batch 1: use=2.3G peak=2.6G limit=n/a anon=1.2G file=0.7G slab=0.4G
[MEM] ep046 batch 2: use=2.3G peak=2.6G limit=n/a anon=1.2G file=0.7G slab=0.4G
[MEM] ep046 batch 3: use=2.3G peak=2.6G limit=n/a anon=1.2G file=0.7G slab=0.4G
[MEM] ep046 batch 4: use=2.3G peak=2.6G limit=n/a anon=1.2G file=0.7G slab=0.4G
[MEM] ep046 batch 5: use=2.3G peak=2.6G limit=n/a anon=1.2G file=0.7G slab=0.4G
[MEM] ep046 batch 500: use=2.4G peak=2.6G limit=n/a anon=1.3G file=0.7G slab=0.4G
[MEM] ep046 batch 1000: use=2.4G peak=2.6G limit=n/a anon=1.3G file=0.7G slab=0.4G
[MEM] ep046 batch 1500: use=2.4G peak=2.6G limit=n/a anon=1.3G file=0.7G slab=0.4G
[MEM] ep046 batch 2000: use=2.5G peak=2.6G limit=n/a anon=1.4G file=0.7G slab=0.4G
[MEM] ep046 batch 2500: use=2.5G peak=2.6G limit=n/a anon=1.4G file=0.7G slab=0.4G
[MEM] ep046 batch 3000: use=2.5G peak=2.6G limit=n/a anon=1.4G file=0.7G slab=0.4G
[MEM] ep046 batch 3500: use=2.5G peak=2.6G limit=n/a anon=1.4G file=0.7G slab=0.4G
[MEM] ep046 batch 4000: use=2.6G peak=2.6G limit=n/a anon=1.4G file=0.7G slab=0.4G
[MEM] ep046 batch 4500: use=2.6G peak=2.6G limit=n/a anon=1.5G file=0.7G slab=0.4G
[MEM] ep046 batch 5000: use=2.6G peak=2.6G limit=n/a anon=1.5G file=0.7G slab=0.4G
[MEM] ep046 batch 5500: use=2.6G peak=2.6G limit=n/a anon=1.5G file=0.7G slab=0.4G
[MEM] ep046 val-start: use=2.2G peak=2.6G limit=n/a anon=1.1G file=0.7G slab=0.4G
[MEM] end epoch 046: use=2.2G peak=2.6G limit=n/a anon=1.1G file=0.7G slab=0.4G
Epoch 046 | Train Huber 0.2828 MAE 0.6196 | Val Huber 0.2731 MAE 0.6041 | LR 1.00e-04
[MEM] ep047 train-start: use=2.2G peak=2.6G limit=n/a anon=1.1G file=0.7G slab=0.4G
[MEM] ep047 batch 1: use=2.3G peak=2.6G limit=n/a anon=1.2G file=0.7G slab=0.4G
[MEM] ep047 batch 2: use=2.3G peak=2.6G limit=n/a anon=1.2G file=0.7G slab=0.4G
[MEM] ep047 batch 3: use=2.3G peak=2.6G limit=n/a anon=1.2G file=0.7G slab=0.4G
[MEM] ep047 batch 4: use=2.3G peak=2.6G limit=n/a anon=1.2G file=0.7G slab=0.4G
[MEM] ep047 batch 5: use=2.3G peak=2.6G limit=n/a anon=1.2G file=0.7G slab=0.4G
[MEM] ep047 batch 500: use=2.4G peak=2.6G limit=n/a anon=1.3G file=0.7G slab=0.4G
[MEM] ep047 batch 1000: use=2.4G peak=2.6G limit=n/a anon=1.3G file=0.7G slab=0.4G
[MEM] ep047 batch 1500: use=2.4G peak=2.6G limit=n/a anon=1.3G file=0.7G slab=0.4G
[MEM] ep047 batch 2000: use=2.5G peak=2.6G limit=n/a anon=1.4G file=0.7G slab=0.4G
[MEM] ep047 batch 2500: use=2.5G peak=2.6G limit=n/a anon=1.4G file=0.7G slab=0.4G
[MEM] ep047 batch 3000: use=2.5G peak=2.6G limit=n/a anon=1.4G file=0.7G slab=0.4G
[MEM] ep047 batch 3500: use=2.5G peak=2.6G limit=n/a anon=1.4G file=0.7G slab=0.4G
[MEM] ep047 batch 4000: use=2.6G peak=2.6G limit=n/a anon=1.4G file=0.7G slab=0.4G
[MEM] ep047 batch 4500: use=2.6G peak=2.6G limit=n/a anon=1.5G file=0.7G slab=0.4G
[MEM] ep047 batch 5000: use=2.6G peak=2.6G limit=n/a anon=1.5G file=0.7G slab=0.4G
[MEM] ep047 batch 5500: use=2.6G peak=2.6G limit=n/a anon=1.5G file=0.7G slab=0.4G
[MEM] ep047 val-start: use=2.2G peak=2.6G limit=n/a anon=1.1G file=0.7G slab=0.4G
[MEM] end epoch 047: use=2.2G peak=2.6G limit=n/a anon=1.1G file=0.7G slab=0.4G
Epoch 047 | Train Huber 0.2816 MAE 0.6182 | Val Huber 0.2709 MAE 0.6009 | LR 1.00e-04
[MEM] ep048 train-start: use=2.2G peak=2.6G limit=n/a anon=1.1G file=0.7G slab=0.4G
[MEM] ep048 batch 1: use=2.3G peak=2.6G limit=n/a anon=1.2G file=0.7G slab=0.4G
[MEM] ep048 batch 2: use=2.3G peak=2.6G limit=n/a anon=1.2G file=0.7G slab=0.4G
[MEM] ep048 batch 3: use=2.3G peak=2.6G limit=n/a anon=1.2G file=0.7G slab=0.4G
[MEM] ep048 batch 4: use=2.3G peak=2.6G limit=n/a anon=1.2G file=0.7G slab=0.4G
[MEM] ep048 batch 5: use=2.3G peak=2.6G limit=n/a anon=1.2G file=0.7G slab=0.4G
[MEM] ep048 batch 500: use=2.4G peak=2.6G limit=n/a anon=1.3G file=0.7G slab=0.4G
[MEM] ep048 batch 1000: use=2.4G peak=2.6G limit=n/a anon=1.3G file=0.7G slab=0.4G
[MEM] ep048 batch 1500: use=2.4G peak=2.6G limit=n/a anon=1.3G file=0.7G slab=0.4G
[MEM] ep048 batch 2000: use=2.5G peak=2.6G limit=n/a anon=1.4G file=0.7G slab=0.4G
[MEM] ep048 batch 2500: use=2.5G peak=2.6G limit=n/a anon=1.4G file=0.7G slab=0.4G
[MEM] ep048 batch 3000: use=2.5G peak=2.6G limit=n/a anon=1.4G file=0.7G slab=0.4G
[MEM] ep048 batch 3500: use=2.5G peak=2.6G limit=n/a anon=1.4G file=0.7G slab=0.4G
[MEM] ep048 batch 4000: use=2.6G peak=2.6G limit=n/a anon=1.4G file=0.7G slab=0.4G
[MEM] ep048 batch 4500: use=2.6G peak=2.6G limit=n/a anon=1.5G file=0.7G slab=0.4G
[MEM] ep048 batch 5000: use=2.6G peak=2.6G limit=n/a anon=1.5G file=0.7G slab=0.4G
[MEM] ep048 batch 5500: use=2.6G peak=2.6G limit=n/a anon=1.5G file=0.7G slab=0.4G
[MEM] ep048 val-start: use=2.2G peak=2.6G limit=n/a anon=1.1G file=0.7G slab=0.4G
[MEM] end epoch 048: use=2.2G peak=2.6G limit=n/a anon=1.1G file=0.7G slab=0.4G
Epoch 048 | Train Huber 0.2814 MAE 0.6172 | Val Huber 0.2739 MAE 0.6072 | LR 1.00e-04
[MEM] ep049 train-start: use=2.2G peak=2.6G limit=n/a anon=1.1G file=0.7G slab=0.4G
[MEM] ep049 batch 1: use=2.3G peak=2.6G limit=n/a anon=1.2G file=0.7G slab=0.4G
[MEM] ep049 batch 2: use=2.3G peak=2.6G limit=n/a anon=1.2G file=0.7G slab=0.4G
[MEM] ep049 batch 3: use=2.3G peak=2.6G limit=n/a anon=1.2G file=0.7G slab=0.4G
[MEM] ep049 batch 4: use=2.3G peak=2.6G limit=n/a anon=1.2G file=0.7G slab=0.4G
[MEM] ep049 batch 5: use=2.3G peak=2.6G limit=n/a anon=1.2G file=0.7G slab=0.4G
[MEM] ep049 batch 500: use=2.4G peak=2.6G limit=n/a anon=1.3G file=0.7G slab=0.4G
[MEM] ep049 batch 1000: use=2.4G peak=2.6G limit=n/a anon=1.3G file=0.7G slab=0.4G
[MEM] ep049 batch 1500: use=2.4G peak=2.6G limit=n/a anon=1.3G file=0.7G slab=0.4G
[MEM] ep049 batch 2000: use=2.5G peak=2.6G limit=n/a anon=1.4G file=0.7G slab=0.4G
[MEM] ep049 batch 2500: use=2.5G peak=2.6G limit=n/a anon=1.4G file=0.7G slab=0.4G
[MEM] ep049 batch 3000: use=2.5G peak=2.6G limit=n/a anon=1.4G file=0.7G slab=0.4G
[MEM] ep049 batch 3500: use=2.5G peak=2.6G limit=n/a anon=1.4G file=0.7G slab=0.4G
[MEM] ep049 batch 4000: use=2.6G peak=2.6G limit=n/a anon=1.4G file=0.7G slab=0.4G
[MEM] ep049 batch 4500: use=2.6G peak=2.6G limit=n/a anon=1.5G file=0.7G slab=0.4G
[MEM] ep049 batch 5000: use=2.6G peak=2.6G limit=n/a anon=1.5G file=0.7G slab=0.4G
[MEM] ep049 batch 5500: use=2.6G peak=2.6G limit=n/a anon=1.5G file=0.7G slab=0.4G
[MEM] ep049 val-start: use=2.2G peak=2.6G limit=n/a anon=1.1G file=0.7G slab=0.4G
[MEM] end epoch 049: use=2.2G peak=2.6G limit=n/a anon=1.1G file=0.7G slab=0.4G
Epoch 049 | Train Huber 0.2804 MAE 0.6158 | Val Huber 0.2711 MAE 0.6008 | LR 1.00e-04
[MEM] ep050 train-start: use=2.2G peak=2.6G limit=n/a anon=1.1G file=0.7G slab=0.4G
[MEM] ep050 batch 1: use=2.3G peak=2.6G limit=n/a anon=1.2G file=0.7G slab=0.4G
[MEM] ep050 batch 2: use=2.3G peak=2.6G limit=n/a anon=1.2G file=0.7G slab=0.4G
[MEM] ep050 batch 3: use=2.3G peak=2.6G limit=n/a anon=1.2G file=0.7G slab=0.4G
[MEM] ep050 batch 4: use=2.3G peak=2.6G limit=n/a anon=1.2G file=0.7G slab=0.4G
[MEM] ep050 batch 5: use=2.3G peak=2.6G limit=n/a anon=1.2G file=0.7G slab=0.4G
[MEM] ep050 batch 500: use=2.4G peak=2.6G limit=n/a anon=1.3G file=0.7G slab=0.4G
[MEM] ep050 batch 1000: use=2.4G peak=2.6G limit=n/a anon=1.3G file=0.7G slab=0.4G
[MEM] ep050 batch 1500: use=2.4G peak=2.6G limit=n/a anon=1.3G file=0.7G slab=0.4G
[MEM] ep050 batch 2000: use=2.5G peak=2.6G limit=n/a anon=1.4G file=0.7G slab=0.4G
[MEM] ep050 batch 2500: use=2.5G peak=2.6G limit=n/a anon=1.4G file=0.7G slab=0.4G
[MEM] ep050 batch 3000: use=2.5G peak=2.6G limit=n/a anon=1.4G file=0.7G slab=0.4G
[MEM] ep050 batch 3500: use=2.5G peak=2.6G limit=n/a anon=1.4G file=0.7G slab=0.4G
[MEM] ep050 batch 4000: use=2.6G peak=2.6G limit=n/a anon=1.4G file=0.7G slab=0.4G
[MEM] ep050 batch 4500: use=2.6G peak=2.6G limit=n/a anon=1.5G file=0.7G slab=0.4G
[MEM] ep050 batch 5000: use=2.6G peak=2.6G limit=n/a anon=1.5G file=0.7G slab=0.4G
[MEM] ep050 batch 5500: use=2.6G peak=2.6G limit=n/a anon=1.5G file=0.7G slab=0.4G
[MEM] ep050 val-start: use=2.2G peak=2.6G limit=n/a anon=1.1G file=0.7G slab=0.4G
[MEM] end epoch 050: use=2.2G peak=2.6G limit=n/a anon=1.1G file=0.7G slab=0.4G
Epoch 050 | Train Huber 0.2791 MAE 0.6143 | Val Huber 0.2729 MAE 0.6032 | LR 1.00e-04
[MEM] ep051 train-start: use=2.2G peak=2.6G limit=n/a anon=1.1G file=0.7G slab=0.4G
[MEM] ep051 batch 1: use=2.3G peak=2.6G limit=n/a anon=1.2G file=0.7G slab=0.4G
[MEM] ep051 batch 2: use=2.3G peak=2.6G limit=n/a anon=1.2G file=0.7G slab=0.4G
[MEM] ep051 batch 3: use=2.3G peak=2.6G limit=n/a anon=1.2G file=0.7G slab=0.4G
[MEM] ep051 batch 4: use=2.3G peak=2.6G limit=n/a anon=1.2G file=0.7G slab=0.4G
[MEM] ep051 batch 5: use=2.3G peak=2.6G limit=n/a anon=1.2G file=0.7G slab=0.4G
[MEM] ep051 batch 500: use=2.4G peak=2.6G limit=n/a anon=1.3G file=0.7G slab=0.4G
[MEM] ep051 batch 1000: use=2.4G peak=2.6G limit=n/a anon=1.3G file=0.7G slab=0.4G
[MEM] ep051 batch 1500: use=2.4G peak=2.6G limit=n/a anon=1.3G file=0.7G slab=0.4G
[MEM] ep051 batch 2000: use=2.5G peak=2.6G limit=n/a anon=1.4G file=0.7G slab=0.4G
[MEM] ep051 batch 2500: use=2.5G peak=2.6G limit=n/a anon=1.4G file=0.7G slab=0.4G
[MEM] ep051 batch 3000: use=2.5G peak=2.6G limit=n/a anon=1.4G file=0.7G slab=0.4G
[MEM] ep051 batch 3500: use=2.5G peak=2.6G limit=n/a anon=1.4G file=0.7G slab=0.4G
[MEM] ep051 batch 4000: use=2.6G peak=2.6G limit=n/a anon=1.4G file=0.7G slab=0.4G
[MEM] ep051 batch 4500: use=2.6G peak=2.6G limit=n/a anon=1.5G file=0.7G slab=0.4G
[MEM] ep051 batch 5000: use=2.6G peak=2.6G limit=n/a anon=1.5G file=0.7G slab=0.4G
[MEM] ep051 batch 5500: use=2.6G peak=2.6G limit=n/a anon=1.5G file=0.7G slab=0.4G
[MEM] ep051 val-start: use=2.2G peak=2.6G limit=n/a anon=1.1G file=0.7G slab=0.4G
[MEM] end epoch 051: use=2.2G peak=2.6G limit=n/a anon=1.1G file=0.7G slab=0.4G
Epoch 051 | Train Huber 0.2790 MAE 0.6143 | Val Huber 0.2739 MAE 0.6042 | LR 1.00e-04
[MEM] ep052 train-start: use=2.2G peak=2.6G limit=n/a anon=1.1G file=0.7G slab=0.4G
[MEM] ep052 batch 1: use=2.3G peak=2.6G limit=n/a anon=1.2G file=0.7G slab=0.4G
[MEM] ep052 batch 2: use=2.3G peak=2.6G limit=n/a anon=1.2G file=0.7G slab=0.4G
[MEM] ep052 batch 3: use=2.3G peak=2.6G limit=n/a anon=1.2G file=0.7G slab=0.4G
[MEM] ep052 batch 4: use=2.3G peak=2.6G limit=n/a anon=1.2G file=0.7G slab=0.4G
[MEM] ep052 batch 5: use=2.3G peak=2.6G limit=n/a anon=1.2G file=0.7G slab=0.4G
[MEM] ep052 batch 500: use=2.4G peak=2.6G limit=n/a anon=1.3G file=0.7G slab=0.4G
[MEM] ep052 batch 1000: use=2.4G peak=2.6G limit=n/a anon=1.3G file=0.7G slab=0.4G
[MEM] ep052 batch 1500: use=2.4G peak=2.6G limit=n/a anon=1.3G file=0.7G slab=0.4G
[MEM] ep052 batch 2000: use=2.5G peak=2.6G limit=n/a anon=1.4G file=0.7G slab=0.4G
[MEM] ep052 batch 2500: use=2.5G peak=2.6G limit=n/a anon=1.4G file=0.7G slab=0.4G
[MEM] ep052 batch 3000: use=2.5G peak=2.6G limit=n/a anon=1.4G file=0.7G slab=0.4G
[MEM] ep052 batch 3500: use=2.5G peak=2.6G limit=n/a anon=1.4G file=0.7G slab=0.4G
[MEM] ep052 batch 4000: use=2.6G peak=2.6G limit=n/a anon=1.4G file=0.7G slab=0.4G
[MEM] ep052 batch 4500: use=2.6G peak=2.6G limit=n/a anon=1.5G file=0.7G slab=0.4G
[MEM] ep052 batch 5000: use=2.6G peak=2.6G limit=n/a anon=1.5G file=0.7G slab=0.4G
[MEM] ep052 batch 5500: use=2.6G peak=2.6G limit=n/a anon=1.5G file=0.7G slab=0.4G
[MEM] ep052 val-start: use=2.2G peak=2.6G limit=n/a anon=1.1G file=0.7G slab=0.4G
[MEM] end epoch 052: use=2.2G peak=2.6G limit=n/a anon=1.1G file=0.7G slab=0.4G
Epoch 052 | Train Huber 0.2789 MAE 0.6138 | Val Huber 0.2782 MAE 0.6100 | LR 1.00e-04
[MEM] ep053 train-start: use=2.2G peak=2.6G limit=n/a anon=1.1G file=0.7G slab=0.4G
[MEM] ep053 batch 1: use=2.3G peak=2.6G limit=n/a anon=1.2G file=0.7G slab=0.4G
[MEM] ep053 batch 2: use=2.3G peak=2.6G limit=n/a anon=1.2G file=0.7G slab=0.4G
[MEM] ep053 batch 3: use=2.3G peak=2.6G limit=n/a anon=1.2G file=0.7G slab=0.4G
[MEM] ep053 batch 4: use=2.3G peak=2.6G limit=n/a anon=1.2G file=0.7G slab=0.4G
[MEM] ep053 batch 5: use=2.3G peak=2.6G limit=n/a anon=1.2G file=0.7G slab=0.4G
[MEM] ep053 batch 500: use=2.4G peak=2.6G limit=n/a anon=1.3G file=0.7G slab=0.4G
[MEM] ep053 batch 1000: use=2.4G peak=2.6G limit=n/a anon=1.3G file=0.7G slab=0.4G
[MEM] ep053 batch 1500: use=2.4G peak=2.6G limit=n/a anon=1.3G file=0.7G slab=0.4G
[MEM] ep053 batch 2000: use=2.5G peak=2.6G limit=n/a anon=1.4G file=0.7G slab=0.4G
[MEM] ep053 batch 2500: use=2.5G peak=2.6G limit=n/a anon=1.4G file=0.7G slab=0.4G
[MEM] ep053 batch 3000: use=2.5G peak=2.6G limit=n/a anon=1.4G file=0.7G slab=0.4G
[MEM] ep053 batch 3500: use=2.5G peak=2.6G limit=n/a anon=1.4G file=0.7G slab=0.4G
[MEM] ep053 batch 4000: use=2.6G peak=2.6G limit=n/a anon=1.4G file=0.7G slab=0.4G
[MEM] ep053 batch 4500: use=2.6G peak=2.6G limit=n/a anon=1.5G file=0.7G slab=0.4G
[MEM] ep053 batch 5000: use=2.6G peak=2.6G limit=n/a anon=1.5G file=0.7G slab=0.4G
[MEM] ep053 batch 5500: use=2.6G peak=2.6G limit=n/a anon=1.5G file=0.7G slab=0.4G
[MEM] ep053 val-start: use=2.2G peak=2.6G limit=n/a anon=1.1G file=0.7G slab=0.4G
[MEM] end epoch 053: use=2.2G peak=2.6G limit=n/a anon=1.1G file=0.7G slab=0.4G
Epoch 053 | Train Huber 0.2777 MAE 0.6126 | Val Huber 0.2697 MAE 0.6010 | LR 1.00e-04
[MEM] ep054 train-start: use=2.2G peak=2.6G limit=n/a anon=1.1G file=0.7G slab=0.4G
[MEM] ep054 batch 1: use=2.3G peak=2.6G limit=n/a anon=1.2G file=0.7G slab=0.4G
[MEM] ep054 batch 2: use=2.3G peak=2.6G limit=n/a anon=1.2G file=0.7G slab=0.4G
[MEM] ep054 batch 3: use=2.3G peak=2.6G limit=n/a anon=1.2G file=0.7G slab=0.4G
[MEM] ep054 batch 4: use=2.3G peak=2.6G limit=n/a anon=1.2G file=0.7G slab=0.4G
[MEM] ep054 batch 5: use=2.3G peak=2.6G limit=n/a anon=1.2G file=0.7G slab=0.4G
[MEM] ep054 batch 500: use=2.4G peak=2.6G limit=n/a anon=1.3G file=0.7G slab=0.4G
[MEM] ep054 batch 1000: use=2.4G peak=2.6G limit=n/a anon=1.3G file=0.7G slab=0.4G
[MEM] ep054 batch 1500: use=2.4G peak=2.6G limit=n/a anon=1.3G file=0.7G slab=0.4G
[MEM] ep054 batch 2000: use=2.5G peak=2.6G limit=n/a anon=1.4G file=0.7G slab=0.4G
[MEM] ep054 batch 2500: use=2.5G peak=2.6G limit=n/a anon=1.4G file=0.7G slab=0.4G
[MEM] ep054 batch 3000: use=2.5G peak=2.6G limit=n/a anon=1.4G file=0.7G slab=0.4G
[MEM] ep054 batch 3500: use=2.5G peak=2.6G limit=n/a anon=1.4G file=0.7G slab=0.4G
[MEM] ep054 batch 4000: use=2.6G peak=2.6G limit=n/a anon=1.4G file=0.7G slab=0.4G
[MEM] ep054 batch 4500: use=2.6G peak=2.6G limit=n/a anon=1.5G file=0.7G slab=0.4G
[MEM] ep054 batch 5000: use=2.6G peak=2.6G limit=n/a anon=1.5G file=0.7G slab=0.4G
[MEM] ep054 batch 5500: use=2.6G peak=2.6G limit=n/a anon=1.5G file=0.7G slab=0.4G
[MEM] ep054 val-start: use=2.2G peak=2.6G limit=n/a anon=1.1G file=0.7G slab=0.4G
[MEM] end epoch 054: use=2.2G peak=2.6G limit=n/a anon=1.1G file=0.7G slab=0.4G
Epoch 054 | Train Huber 0.2764 MAE 0.6107 | Val Huber 0.2699 MAE 0.6012 | LR 1.00e-04
[MEM] ep055 train-start: use=2.2G peak=2.6G limit=n/a anon=1.1G file=0.7G slab=0.4G
[MEM] ep055 batch 1: use=2.3G peak=2.6G limit=n/a anon=1.2G file=0.7G slab=0.4G
[MEM] ep055 batch 2: use=2.3G peak=2.6G limit=n/a anon=1.2G file=0.7G slab=0.4G
[MEM] ep055 batch 3: use=2.3G peak=2.6G limit=n/a anon=1.2G file=0.7G slab=0.4G
[MEM] ep055 batch 4: use=2.3G peak=2.6G limit=n/a anon=1.2G file=0.7G slab=0.4G
[MEM] ep055 batch 5: use=2.3G peak=2.6G limit=n/a anon=1.2G file=0.7G slab=0.4G
[MEM] ep055 batch 500: use=2.4G peak=2.6G limit=n/a anon=1.3G file=0.7G slab=0.4G
[MEM] ep055 batch 1000: use=2.4G peak=2.6G limit=n/a anon=1.3G file=0.7G slab=0.4G
[MEM] ep055 batch 1500: use=2.4G peak=2.6G limit=n/a anon=1.3G file=0.7G slab=0.4G
[MEM] ep055 batch 2000: use=2.5G peak=2.6G limit=n/a anon=1.4G file=0.7G slab=0.4G
[MEM] ep055 batch 2500: use=2.5G peak=2.6G limit=n/a anon=1.4G file=0.7G slab=0.4G
[MEM] ep055 batch 3000: use=2.5G peak=2.6G limit=n/a anon=1.4G file=0.7G slab=0.4G
[MEM] ep055 batch 3500: use=2.5G peak=2.6G limit=n/a anon=1.4G file=0.7G slab=0.4G
[MEM] ep055 batch 4000: use=2.6G peak=2.6G limit=n/a anon=1.4G file=0.7G slab=0.4G
[MEM] ep055 batch 4500: use=2.6G peak=2.6G limit=n/a anon=1.5G file=0.7G slab=0.4G
[MEM] ep055 batch 5000: use=2.6G peak=2.6G limit=n/a anon=1.5G file=0.7G slab=0.4G
[MEM] ep055 batch 5500: use=2.6G peak=2.6G limit=n/a anon=1.5G file=0.7G slab=0.4G
[MEM] ep055 val-start: use=2.2G peak=2.6G limit=n/a anon=1.1G file=0.7G slab=0.4G
[MEM] end epoch 055: use=2.2G peak=2.6G limit=n/a anon=1.1G file=0.7G slab=0.4G
Epoch 055 | Train Huber 0.2762 MAE 0.6103 | Val Huber 0.2710 MAE 0.6006 | LR 1.00e-04
[MEM] ep056 train-start: use=2.2G peak=2.6G limit=n/a anon=1.1G file=0.7G slab=0.4G
[MEM] ep056 batch 1: use=2.3G peak=2.6G limit=n/a anon=1.2G file=0.7G slab=0.4G
[MEM] ep056 batch 2: use=2.3G peak=2.6G limit=n/a anon=1.2G file=0.7G slab=0.4G
[MEM] ep056 batch 3: use=2.3G peak=2.6G limit=n/a anon=1.2G file=0.7G slab=0.4G
[MEM] ep056 batch 4: use=2.3G peak=2.6G limit=n/a anon=1.2G file=0.7G slab=0.4G
[MEM] ep056 batch 5: use=2.3G peak=2.6G limit=n/a anon=1.2G file=0.7G slab=0.4G
[MEM] ep056 batch 500: use=2.4G peak=2.6G limit=n/a anon=1.3G file=0.7G slab=0.4G
[MEM] ep056 batch 1000: use=2.4G peak=2.6G limit=n/a anon=1.3G file=0.7G slab=0.4G
[MEM] ep056 batch 1500: use=2.4G peak=2.6G limit=n/a anon=1.3G file=0.7G slab=0.4G
[MEM] ep056 batch 2000: use=2.5G peak=2.6G limit=n/a anon=1.4G file=0.7G slab=0.4G
[MEM] ep056 batch 2500: use=2.5G peak=2.6G limit=n/a anon=1.4G file=0.7G slab=0.4G
[MEM] ep056 batch 3000: use=2.5G peak=2.6G limit=n/a anon=1.4G file=0.7G slab=0.4G
[MEM] ep056 batch 3500: use=2.5G peak=2.6G limit=n/a anon=1.4G file=0.7G slab=0.4G
[MEM] ep056 batch 4000: use=2.6G peak=2.6G limit=n/a anon=1.4G file=0.7G slab=0.4G
[MEM] ep056 batch 4500: use=2.6G peak=2.6G limit=n/a anon=1.5G file=0.7G slab=0.4G
[MEM] ep056 batch 5000: use=2.6G peak=2.6G limit=n/a anon=1.5G file=0.7G slab=0.4G
[MEM] ep056 batch 5500: use=2.6G peak=2.6G limit=n/a anon=1.5G file=0.7G slab=0.4G
[MEM] ep056 val-start: use=2.2G peak=2.6G limit=n/a anon=1.1G file=0.7G slab=0.4G
[MEM] end epoch 056: use=2.2G peak=2.6G limit=n/a anon=1.1G file=0.7G slab=0.4G
Epoch 056 | Train Huber 0.2763 MAE 0.6106 | Val Huber 0.2728 MAE 0.6015 | LR 1.00e-04
[MEM] ep057 train-start: use=2.2G peak=2.6G limit=n/a anon=1.1G file=0.7G slab=0.4G
[MEM] ep057 batch 1: use=2.3G peak=2.6G limit=n/a anon=1.2G file=0.7G slab=0.4G
[MEM] ep057 batch 2: use=2.3G peak=2.6G limit=n/a anon=1.2G file=0.7G slab=0.4G
[MEM] ep057 batch 3: use=2.3G peak=2.6G limit=n/a anon=1.2G file=0.7G slab=0.4G
[MEM] ep057 batch 4: use=2.3G peak=2.6G limit=n/a anon=1.2G file=0.7G slab=0.4G
[MEM] ep057 batch 5: use=2.3G peak=2.6G limit=n/a anon=1.2G file=0.7G slab=0.4G
[MEM] ep057 batch 500: use=2.4G peak=2.6G limit=n/a anon=1.3G file=0.7G slab=0.4G
[MEM] ep057 batch 1000: use=2.4G peak=2.6G limit=n/a anon=1.3G file=0.7G slab=0.4G
[MEM] ep057 batch 1500: use=2.4G peak=2.6G limit=n/a anon=1.3G file=0.7G slab=0.4G
[MEM] ep057 batch 2000: use=2.5G peak=2.6G limit=n/a anon=1.4G file=0.7G slab=0.4G
[MEM] ep057 batch 2500: use=2.5G peak=2.6G limit=n/a anon=1.4G file=0.7G slab=0.4G
[MEM] ep057 batch 3000: use=2.5G peak=2.6G limit=n/a anon=1.4G file=0.7G slab=0.4G
[MEM] ep057 batch 3500: use=2.5G peak=2.6G limit=n/a anon=1.4G file=0.7G slab=0.4G
[MEM] ep057 batch 4000: use=2.6G peak=2.6G limit=n/a anon=1.4G file=0.7G slab=0.4G
[MEM] ep057 batch 4500: use=2.6G peak=2.6G limit=n/a anon=1.5G file=0.7G slab=0.4G
[MEM] ep057 batch 5000: use=2.6G peak=2.6G limit=n/a anon=1.5G file=0.7G slab=0.4G
[MEM] ep057 batch 5500: use=2.6G peak=2.6G limit=n/a anon=1.5G file=0.7G slab=0.4G
[MEM] ep057 val-start: use=2.2G peak=2.6G limit=n/a anon=1.1G file=0.7G slab=0.4G
[MEM] end epoch 057: use=2.2G peak=2.6G limit=n/a anon=1.1G file=0.7G slab=0.4G
Epoch 057 | Train Huber 0.2752 MAE 0.6090 | Val Huber 0.2710 MAE 0.6002 | LR 1.00e-04
[MEM] ep058 train-start: use=2.2G peak=2.6G limit=n/a anon=1.1G file=0.7G slab=0.4G
[MEM] ep058 batch 1: use=2.3G peak=2.6G limit=n/a anon=1.2G file=0.7G slab=0.4G
[MEM] ep058 batch 2: use=2.3G peak=2.6G limit=n/a anon=1.2G file=0.7G slab=0.4G
[MEM] ep058 batch 3: use=2.3G peak=2.6G limit=n/a anon=1.2G file=0.7G slab=0.4G
[MEM] ep058 batch 4: use=2.3G peak=2.6G limit=n/a anon=1.2G file=0.7G slab=0.4G
[MEM] ep058 batch 5: use=2.3G peak=2.6G limit=n/a anon=1.2G file=0.7G slab=0.4G
[MEM] ep058 batch 500: use=2.4G peak=2.6G limit=n/a anon=1.3G file=0.7G slab=0.4G
[MEM] ep058 batch 1000: use=2.4G peak=2.6G limit=n/a anon=1.3G file=0.7G slab=0.4G
[MEM] ep058 batch 1500: use=2.4G peak=2.6G limit=n/a anon=1.3G file=0.7G slab=0.4G
[MEM] ep058 batch 2000: use=2.5G peak=2.6G limit=n/a anon=1.4G file=0.7G slab=0.4G
[MEM] ep058 batch 2500: use=2.5G peak=2.6G limit=n/a anon=1.4G file=0.7G slab=0.4G
[MEM] ep058 batch 3000: use=2.5G peak=2.6G limit=n/a anon=1.4G file=0.7G slab=0.4G
[MEM] ep058 batch 3500: use=2.5G peak=2.6G limit=n/a anon=1.4G file=0.7G slab=0.4G
[MEM] ep058 batch 4000: use=2.6G peak=2.6G limit=n/a anon=1.4G file=0.7G slab=0.4G
[MEM] ep058 batch 4500: use=2.6G peak=2.6G limit=n/a anon=1.5G file=0.7G slab=0.4G
[MEM] ep058 batch 5000: use=2.6G peak=2.6G limit=n/a anon=1.5G file=0.7G slab=0.4G
[MEM] ep058 batch 5500: use=2.6G peak=2.6G limit=n/a anon=1.5G file=0.7G slab=0.4G
[MEM] ep058 val-start: use=2.2G peak=2.6G limit=n/a anon=1.1G file=0.7G slab=0.4G
[MEM] end epoch 058: use=2.2G peak=2.6G limit=n/a anon=1.1G file=0.7G slab=0.4G
Epoch 058 | Train Huber 0.2747 MAE 0.6083 | Val Huber 0.2704 MAE 0.6024 | LR 1.00e-04
[MEM] ep059 train-start: use=2.2G peak=2.6G limit=n/a anon=1.1G file=0.7G slab=0.4G
[MEM] ep059 batch 1: use=2.3G peak=2.6G limit=n/a anon=1.2G file=0.7G slab=0.4G
[MEM] ep059 batch 2: use=2.3G peak=2.6G limit=n/a anon=1.2G file=0.7G slab=0.4G
[MEM] ep059 batch 3: use=2.3G peak=2.6G limit=n/a anon=1.2G file=0.7G slab=0.4G
[MEM] ep059 batch 4: use=2.3G peak=2.6G limit=n/a anon=1.2G file=0.7G slab=0.4G
[MEM] ep059 batch 5: use=2.3G peak=2.6G limit=n/a anon=1.2G file=0.7G slab=0.4G
[MEM] ep059 batch 500: use=2.4G peak=2.6G limit=n/a anon=1.3G file=0.7G slab=0.4G
[MEM] ep059 batch 1000: use=2.4G peak=2.6G limit=n/a anon=1.3G file=0.7G slab=0.4G
[MEM] ep059 batch 1500: use=2.4G peak=2.6G limit=n/a anon=1.3G file=0.7G slab=0.4G
[MEM] ep059 batch 2000: use=2.5G peak=2.6G limit=n/a anon=1.4G file=0.7G slab=0.4G
[MEM] ep059 batch 2500: use=2.5G peak=2.6G limit=n/a anon=1.4G file=0.7G slab=0.4G
[MEM] ep059 batch 3000: use=2.5G peak=2.6G limit=n/a anon=1.4G file=0.7G slab=0.4G
[MEM] ep059 batch 3500: use=2.5G peak=2.6G limit=n/a anon=1.4G file=0.7G slab=0.4G
[MEM] ep059 batch 4000: use=2.6G peak=2.6G limit=n/a anon=1.4G file=0.7G slab=0.4G
[MEM] ep059 batch 4500: use=2.6G peak=2.6G limit=n/a anon=1.5G file=0.7G slab=0.4G
[MEM] ep059 batch 5000: use=2.6G peak=2.6G limit=n/a anon=1.5G file=0.7G slab=0.4G
[MEM] ep059 batch 5500: use=2.6G peak=2.6G limit=n/a anon=1.5G file=0.7G slab=0.4G
[MEM] ep059 val-start: use=2.2G peak=2.6G limit=n/a anon=1.1G file=0.7G slab=0.4G
[MEM] end epoch 059: use=2.2G peak=2.6G limit=n/a anon=1.1G file=0.7G slab=0.4G
Epoch 059 | Train Huber 0.2740 MAE 0.6075 | Val Huber 0.2681 MAE 0.5986 | LR 1.00e-04
[MEM] ep060 train-start: use=2.2G peak=2.6G limit=n/a anon=1.1G file=0.7G slab=0.4G
[MEM] ep060 batch 1: use=2.3G peak=2.6G limit=n/a anon=1.2G file=0.7G slab=0.4G
[MEM] ep060 batch 2: use=2.3G peak=2.6G limit=n/a anon=1.2G file=0.7G slab=0.4G
[MEM] ep060 batch 3: use=2.3G peak=2.6G limit=n/a anon=1.2G file=0.7G slab=0.4G
[MEM] ep060 batch 4: use=2.3G peak=2.6G limit=n/a anon=1.2G file=0.7G slab=0.4G
[MEM] ep060 batch 5: use=2.3G peak=2.6G limit=n/a anon=1.2G file=0.7G slab=0.4G
[MEM] ep060 batch 500: use=2.4G peak=2.6G limit=n/a anon=1.3G file=0.7G slab=0.4G
[MEM] ep060 batch 1000: use=2.4G peak=2.6G limit=n/a anon=1.3G file=0.7G slab=0.4G
[MEM] ep060 batch 1500: use=2.4G peak=2.6G limit=n/a anon=1.3G file=0.7G slab=0.4G
[MEM] ep060 batch 2000: use=2.5G peak=2.6G limit=n/a anon=1.4G file=0.7G slab=0.4G
[MEM] ep060 batch 2500: use=2.5G peak=2.6G limit=n/a anon=1.4G file=0.7G slab=0.4G
[MEM] ep060 batch 3000: use=2.5G peak=2.6G limit=n/a anon=1.4G file=0.7G slab=0.4G
[MEM] ep060 batch 3500: use=2.5G peak=2.6G limit=n/a anon=1.4G file=0.7G slab=0.4G
[MEM] ep060 batch 4000: use=2.6G peak=2.6G limit=n/a anon=1.4G file=0.7G slab=0.4G
[MEM] ep060 batch 4500: use=2.6G peak=2.6G limit=n/a anon=1.5G file=0.7G slab=0.4G
[MEM] ep060 batch 5000: use=2.6G peak=2.6G limit=n/a anon=1.5G file=0.7G slab=0.4G
[MEM] ep060 batch 5500: use=2.6G peak=2.6G limit=n/a anon=1.5G file=0.7G slab=0.4G
[MEM] ep060 val-start: use=2.2G peak=2.6G limit=n/a anon=1.1G file=0.7G slab=0.4G
[MEM] end epoch 060: use=2.2G peak=2.6G limit=n/a anon=1.1G file=0.7G slab=0.4G
Epoch 060 | Train Huber 0.2737 MAE 0.6069 | Val Huber 0.2695 MAE 0.6025 | LR 1.00e-04
[MEM] ep061 train-start: use=2.2G peak=2.6G limit=n/a anon=1.1G file=0.7G slab=0.4G
[MEM] ep061 batch 1: use=2.3G peak=2.6G limit=n/a anon=1.2G file=0.7G slab=0.4G
[MEM] ep061 batch 2: use=2.3G peak=2.6G limit=n/a anon=1.2G file=0.7G slab=0.4G
[MEM] ep061 batch 3: use=2.3G peak=2.6G limit=n/a anon=1.2G file=0.7G slab=0.4G
[MEM] ep061 batch 4: use=2.3G peak=2.6G limit=n/a anon=1.2G file=0.7G slab=0.4G
[MEM] ep061 batch 5: use=2.3G peak=2.6G limit=n/a anon=1.2G file=0.7G slab=0.4G
[MEM] ep061 batch 500: use=2.4G peak=2.6G limit=n/a anon=1.3G file=0.7G slab=0.4G
[MEM] ep061 batch 1000: use=2.4G peak=2.6G limit=n/a anon=1.3G file=0.7G slab=0.4G
[MEM] ep061 batch 1500: use=2.4G peak=2.6G limit=n/a anon=1.3G file=0.7G slab=0.4G
[MEM] ep061 batch 2000: use=2.5G peak=2.6G limit=n/a anon=1.4G file=0.7G slab=0.4G
[MEM] ep061 batch 2500: use=2.5G peak=2.6G limit=n/a anon=1.4G file=0.7G slab=0.4G
[MEM] ep061 batch 3000: use=2.5G peak=2.6G limit=n/a anon=1.4G file=0.7G slab=0.4G
[MEM] ep061 batch 3500: use=2.5G peak=2.6G limit=n/a anon=1.4G file=0.7G slab=0.4G
[MEM] ep061 batch 4000: use=2.6G peak=2.6G limit=n/a anon=1.4G file=0.7G slab=0.4G
[MEM] ep061 batch 4500: use=2.6G peak=2.6G limit=n/a anon=1.5G file=0.7G slab=0.4G
[MEM] ep061 batch 5000: use=2.6G peak=2.6G limit=n/a anon=1.5G file=0.7G slab=0.4G
[MEM] ep061 batch 5500: use=2.6G peak=2.6G limit=n/a anon=1.5G file=0.7G slab=0.4G
[MEM] ep061 val-start: use=2.2G peak=2.6G limit=n/a anon=1.1G file=0.7G slab=0.4G
[MEM] end epoch 061: use=2.2G peak=2.6G limit=n/a anon=1.1G file=0.7G slab=0.4G
Epoch 061 | Train Huber 0.2733 MAE 0.6066 | Val Huber 0.2690 MAE 0.5958 | LR 1.00e-04
[MEM] ep062 train-start: use=2.2G peak=2.6G limit=n/a anon=1.1G file=0.7G slab=0.4G
[MEM] ep062 batch 1: use=2.3G peak=2.6G limit=n/a anon=1.2G file=0.7G slab=0.4G
[MEM] ep062 batch 2: use=2.3G peak=2.6G limit=n/a anon=1.2G file=0.7G slab=0.4G
[MEM] ep062 batch 3: use=2.3G peak=2.6G limit=n/a anon=1.2G file=0.7G slab=0.4G
[MEM] ep062 batch 4: use=2.3G peak=2.6G limit=n/a anon=1.2G file=0.7G slab=0.4G
[MEM] ep062 batch 5: use=2.3G peak=2.6G limit=n/a anon=1.2G file=0.7G slab=0.4G
[MEM] ep062 batch 500: use=2.4G peak=2.6G limit=n/a anon=1.3G file=0.7G slab=0.4G
[MEM] ep062 batch 1000: use=2.4G peak=2.6G limit=n/a anon=1.3G file=0.7G slab=0.4G
[MEM] ep062 batch 1500: use=2.4G peak=2.6G limit=n/a anon=1.3G file=0.7G slab=0.4G
[MEM] ep062 batch 2000: use=2.5G peak=2.6G limit=n/a anon=1.4G file=0.7G slab=0.4G
[MEM] ep062 batch 2500: use=2.5G peak=2.6G limit=n/a anon=1.4G file=0.7G slab=0.4G
[MEM] ep062 batch 3000: use=2.5G peak=2.6G limit=n/a anon=1.4G file=0.7G slab=0.4G
[MEM] ep062 batch 3500: use=2.5G peak=2.6G limit=n/a anon=1.4G file=0.7G slab=0.4G
[MEM] ep062 batch 4000: use=2.6G peak=2.6G limit=n/a anon=1.4G file=0.7G slab=0.4G
[MEM] ep062 batch 4500: use=2.6G peak=2.6G limit=n/a anon=1.5G file=0.7G slab=0.4G
[MEM] ep062 batch 5000: use=2.6G peak=2.6G limit=n/a anon=1.5G file=0.7G slab=0.4G
[MEM] ep062 batch 5500: use=2.6G peak=2.6G limit=n/a anon=1.5G file=0.7G slab=0.4G
[MEM] ep062 val-start: use=2.2G peak=2.6G limit=n/a anon=1.1G file=0.7G slab=0.4G
[MEM] end epoch 062: use=2.2G peak=2.6G limit=n/a anon=1.1G file=0.7G slab=0.4G
Epoch 062 | Train Huber 0.2731 MAE 0.6066 | Val Huber 0.2683 MAE 0.5978 | LR 1.00e-04
[MEM] ep063 train-start: use=2.2G peak=2.6G limit=n/a anon=1.1G file=0.7G slab=0.4G
[MEM] ep063 batch 1: use=2.3G peak=2.6G limit=n/a anon=1.2G file=0.7G slab=0.4G
[MEM] ep063 batch 2: use=2.3G peak=2.6G limit=n/a anon=1.2G file=0.7G slab=0.4G
[MEM] ep063 batch 3: use=2.3G peak=2.6G limit=n/a anon=1.2G file=0.7G slab=0.4G
[MEM] ep063 batch 4: use=2.3G peak=2.6G limit=n/a anon=1.2G file=0.7G slab=0.4G
[MEM] ep063 batch 5: use=2.3G peak=2.6G limit=n/a anon=1.2G file=0.7G slab=0.4G
[MEM] ep063 batch 500: use=2.4G peak=2.6G limit=n/a anon=1.3G file=0.7G slab=0.4G
[MEM] ep063 batch 1000: use=2.4G peak=2.6G limit=n/a anon=1.3G file=0.7G slab=0.4G
[MEM] ep063 batch 1500: use=2.4G peak=2.6G limit=n/a anon=1.3G file=0.7G slab=0.4G
[MEM] ep063 batch 2000: use=2.5G peak=2.6G limit=n/a anon=1.4G file=0.7G slab=0.4G
[MEM] ep063 batch 2500: use=2.5G peak=2.6G limit=n/a anon=1.4G file=0.7G slab=0.4G
[MEM] ep063 batch 3000: use=2.5G peak=2.6G limit=n/a anon=1.4G file=0.7G slab=0.4G
[MEM] ep063 batch 3500: use=2.5G peak=2.6G limit=n/a anon=1.4G file=0.7G slab=0.4G
[MEM] ep063 batch 4000: use=2.6G peak=2.6G limit=n/a anon=1.4G file=0.7G slab=0.4G
[MEM] ep063 batch 4500: use=2.6G peak=2.6G limit=n/a anon=1.5G file=0.7G slab=0.4G
[MEM] ep063 batch 5000: use=2.6G peak=2.6G limit=n/a anon=1.5G file=0.7G slab=0.4G
[MEM] ep063 batch 5500: use=2.6G peak=2.6G limit=n/a anon=1.5G file=0.7G slab=0.4G
[MEM] ep063 val-start: use=2.2G peak=2.6G limit=n/a anon=1.1G file=0.7G slab=0.4G
[MEM] end epoch 063: use=2.2G peak=2.6G limit=n/a anon=1.1G file=0.7G slab=0.4G
Epoch 063 | Train Huber 0.2725 MAE 0.6053 | Val Huber 0.2722 MAE 0.6023 | LR 1.00e-04
[MEM] ep064 train-start: use=2.2G peak=2.6G limit=n/a anon=1.1G file=0.7G slab=0.4G
[MEM] ep064 batch 1: use=2.3G peak=2.6G limit=n/a anon=1.2G file=0.7G slab=0.4G
[MEM] ep064 batch 2: use=2.3G peak=2.6G limit=n/a anon=1.2G file=0.7G slab=0.4G
[MEM] ep064 batch 3: use=2.3G peak=2.6G limit=n/a anon=1.2G file=0.7G slab=0.4G
[MEM] ep064 batch 4: use=2.3G peak=2.6G limit=n/a anon=1.2G file=0.7G slab=0.4G
[MEM] ep064 batch 5: use=2.3G peak=2.6G limit=n/a anon=1.2G file=0.7G slab=0.4G
[MEM] ep064 batch 500: use=2.4G peak=2.6G limit=n/a anon=1.3G file=0.7G slab=0.4G
[MEM] ep064 batch 1000: use=2.4G peak=2.6G limit=n/a anon=1.3G file=0.7G slab=0.4G
[MEM] ep064 batch 1500: use=2.4G peak=2.6G limit=n/a anon=1.3G file=0.7G slab=0.4G
[MEM] ep064 batch 2000: use=2.5G peak=2.6G limit=n/a anon=1.4G file=0.7G slab=0.4G
[MEM] ep064 batch 2500: use=2.5G peak=2.6G limit=n/a anon=1.4G file=0.7G slab=0.4G
[MEM] ep064 batch 3000: use=2.5G peak=2.6G limit=n/a anon=1.4G file=0.7G slab=0.4G
[MEM] ep064 batch 3500: use=2.5G peak=2.6G limit=n/a anon=1.4G file=0.7G slab=0.4G
[MEM] ep064 batch 4000: use=2.6G peak=2.6G limit=n/a anon=1.4G file=0.7G slab=0.4G
[MEM] ep064 batch 4500: use=2.6G peak=2.6G limit=n/a anon=1.5G file=0.7G slab=0.4G
[MEM] ep064 batch 5000: use=2.6G peak=2.6G limit=n/a anon=1.5G file=0.7G slab=0.4G
[MEM] ep064 batch 5500: use=2.6G peak=2.6G limit=n/a anon=1.5G file=0.7G slab=0.4G
[MEM] ep064 val-start: use=2.2G peak=2.6G limit=n/a anon=1.1G file=0.7G slab=0.4G
[MEM] end epoch 064: use=2.2G peak=2.6G limit=n/a anon=1.1G file=0.7G slab=0.4G
Epoch 064 | Train Huber 0.2720 MAE 0.6046 | Val Huber 0.2726 MAE 0.6004 | LR 1.00e-04
[MEM] ep065 train-start: use=2.2G peak=2.6G limit=n/a anon=1.1G file=0.7G slab=0.4G
[MEM] ep065 batch 1: use=2.3G peak=2.6G limit=n/a anon=1.2G file=0.7G slab=0.4G
[MEM] ep065 batch 2: use=2.3G peak=2.6G limit=n/a anon=1.2G file=0.7G slab=0.4G
[MEM] ep065 batch 3: use=2.3G peak=2.6G limit=n/a anon=1.2G file=0.7G slab=0.4G
[MEM] ep065 batch 4: use=2.3G peak=2.6G limit=n/a anon=1.2G file=0.7G slab=0.4G
[MEM] ep065 batch 5: use=2.3G peak=2.6G limit=n/a anon=1.2G file=0.7G slab=0.4G
[MEM] ep065 batch 500: use=2.4G peak=2.6G limit=n/a anon=1.3G file=0.7G slab=0.4G
[MEM] ep065 batch 1000: use=2.4G peak=2.6G limit=n/a anon=1.3G file=0.7G slab=0.4G
[MEM] ep065 batch 1500: use=2.4G peak=2.6G limit=n/a anon=1.3G file=0.7G slab=0.4G
[MEM] ep065 batch 2000: use=2.5G peak=2.6G limit=n/a anon=1.4G file=0.7G slab=0.4G
[MEM] ep065 batch 2500: use=2.5G peak=2.6G limit=n/a anon=1.4G file=0.7G slab=0.4G
[MEM] ep065 batch 3000: use=2.5G peak=2.6G limit=n/a anon=1.4G file=0.7G slab=0.4G
[MEM] ep065 batch 3500: use=2.5G peak=2.6G limit=n/a anon=1.4G file=0.7G slab=0.4G
[MEM] ep065 batch 4000: use=2.6G peak=2.6G limit=n/a anon=1.4G file=0.7G slab=0.4G
[MEM] ep065 batch 4500: use=2.6G peak=2.6G limit=n/a anon=1.5G file=0.7G slab=0.4G
[MEM] ep065 batch 5000: use=2.6G peak=2.6G limit=n/a anon=1.5G file=0.7G slab=0.4G
[MEM] ep065 batch 5500: use=2.6G peak=2.6G limit=n/a anon=1.5G file=0.7G slab=0.4G
[MEM] ep065 val-start: use=2.2G peak=2.6G limit=n/a anon=1.1G file=0.7G slab=0.4G
[MEM] end epoch 065: use=2.2G peak=2.6G limit=n/a anon=1.1G file=0.7G slab=0.4G
Epoch 065 | Train Huber 0.2713 MAE 0.6039 | Val Huber 0.2647 MAE 0.5907 | LR 1.00e-04
[MEM] ep066 train-start: use=2.2G peak=2.6G limit=n/a anon=1.1G file=0.7G slab=0.4G
[MEM] ep066 batch 1: use=2.3G peak=2.6G limit=n/a anon=1.2G file=0.7G slab=0.4G
[MEM] ep066 batch 2: use=2.3G peak=2.6G limit=n/a anon=1.2G file=0.7G slab=0.4G
[MEM] ep066 batch 3: use=2.3G peak=2.6G limit=n/a anon=1.2G file=0.7G slab=0.4G
[MEM] ep066 batch 4: use=2.3G peak=2.6G limit=n/a anon=1.2G file=0.7G slab=0.4G
[MEM] ep066 batch 5: use=2.3G peak=2.6G limit=n/a anon=1.2G file=0.7G slab=0.4G
[MEM] ep066 batch 500: use=2.4G peak=2.6G limit=n/a anon=1.3G file=0.7G slab=0.4G
[MEM] ep066 batch 1000: use=2.4G peak=2.6G limit=n/a anon=1.3G file=0.7G slab=0.4G
[MEM] ep066 batch 1500: use=2.4G peak=2.6G limit=n/a anon=1.3G file=0.7G slab=0.4G
[MEM] ep066 batch 2000: use=2.5G peak=2.6G limit=n/a anon=1.4G file=0.7G slab=0.4G
[MEM] ep066 batch 2500: use=2.5G peak=2.6G limit=n/a anon=1.4G file=0.7G slab=0.4G
[MEM] ep066 batch 3000: use=2.5G peak=2.6G limit=n/a anon=1.4G file=0.7G slab=0.4G
[MEM] ep066 batch 3500: use=2.5G peak=2.6G limit=n/a anon=1.4G file=0.7G slab=0.4G
[MEM] ep066 batch 4000: use=2.6G peak=2.6G limit=n/a anon=1.4G file=0.7G slab=0.4G
[MEM] ep066 batch 4500: use=2.6G peak=2.6G limit=n/a anon=1.5G file=0.7G slab=0.4G
[MEM] ep066 batch 5000: use=2.6G peak=2.6G limit=n/a anon=1.5G file=0.7G slab=0.4G
[MEM] ep066 batch 5500: use=2.6G peak=2.6G limit=n/a anon=1.5G file=0.7G slab=0.4G
[MEM] ep066 val-start: use=2.2G peak=2.6G limit=n/a anon=1.1G file=0.7G slab=0.4G
[MEM] end epoch 066: use=2.2G peak=2.6G limit=n/a anon=1.1G file=0.7G slab=0.4G
Epoch 066 | Train Huber 0.2707 MAE 0.6030 | Val Huber 0.2657 MAE 0.5919 | LR 1.00e-04
[MEM] ep067 train-start: use=2.2G peak=2.6G limit=n/a anon=1.1G file=0.7G slab=0.4G
[MEM] ep067 batch 1: use=2.3G peak=2.6G limit=n/a anon=1.2G file=0.7G slab=0.4G
[MEM] ep067 batch 2: use=2.3G peak=2.6G limit=n/a anon=1.2G file=0.7G slab=0.4G
[MEM] ep067 batch 3: use=2.3G peak=2.6G limit=n/a anon=1.2G file=0.7G slab=0.4G
[MEM] ep067 batch 4: use=2.3G peak=2.6G limit=n/a anon=1.2G file=0.7G slab=0.4G
[MEM] ep067 batch 5: use=2.3G peak=2.6G limit=n/a anon=1.2G file=0.7G slab=0.4G
[MEM] ep067 batch 500: use=2.4G peak=2.6G limit=n/a anon=1.3G file=0.7G slab=0.4G
[MEM] ep067 batch 1000: use=2.4G peak=2.6G limit=n/a anon=1.3G file=0.7G slab=0.4G
[MEM] ep067 batch 1500: use=2.4G peak=2.6G limit=n/a anon=1.3G file=0.7G slab=0.4G
[MEM] ep067 batch 2000: use=2.5G peak=2.6G limit=n/a anon=1.4G file=0.7G slab=0.4G
[MEM] ep067 batch 2500: use=2.5G peak=2.6G limit=n/a anon=1.4G file=0.7G slab=0.4G
[MEM] ep067 batch 3000: use=2.5G peak=2.6G limit=n/a anon=1.4G file=0.7G slab=0.4G
[MEM] ep067 batch 3500: use=2.5G peak=2.6G limit=n/a anon=1.4G file=0.7G slab=0.4G
[MEM] ep067 batch 4000: use=2.6G peak=2.6G limit=n/a anon=1.4G file=0.7G slab=0.4G
[MEM] ep067 batch 4500: use=2.6G peak=2.6G limit=n/a anon=1.5G file=0.7G slab=0.4G
[MEM] ep067 batch 5000: use=2.6G peak=2.6G limit=n/a anon=1.5G file=0.7G slab=0.4G
[MEM] ep067 batch 5500: use=2.6G peak=2.6G limit=n/a anon=1.5G file=0.7G slab=0.4G
[MEM] ep067 val-start: use=2.2G peak=2.6G limit=n/a anon=1.1G file=0.7G slab=0.4G
[MEM] end epoch 067: use=2.2G peak=2.6G limit=n/a anon=1.1G file=0.7G slab=0.4G
Epoch 067 | Train Huber 0.2704 MAE 0.6028 | Val Huber 0.2696 MAE 0.5978 | LR 1.00e-04
[MEM] ep068 train-start: use=2.2G peak=2.6G limit=n/a anon=1.1G file=0.7G slab=0.4G
[MEM] ep068 batch 1: use=2.3G peak=2.6G limit=n/a anon=1.2G file=0.7G slab=0.4G
[MEM] ep068 batch 2: use=2.3G peak=2.6G limit=n/a anon=1.2G file=0.7G slab=0.4G
[MEM] ep068 batch 3: use=2.3G peak=2.6G limit=n/a anon=1.2G file=0.7G slab=0.4G
[MEM] ep068 batch 4: use=2.3G peak=2.6G limit=n/a anon=1.2G file=0.7G slab=0.4G
[MEM] ep068 batch 5: use=2.3G peak=2.6G limit=n/a anon=1.2G file=0.7G slab=0.4G
[MEM] ep068 batch 500: use=2.4G peak=2.6G limit=n/a anon=1.3G file=0.7G slab=0.4G
[MEM] ep068 batch 1000: use=2.4G peak=2.6G limit=n/a anon=1.3G file=0.7G slab=0.4G
[MEM] ep068 batch 1500: use=2.4G peak=2.6G limit=n/a anon=1.3G file=0.7G slab=0.4G
[MEM] ep068 batch 2000: use=2.5G peak=2.6G limit=n/a anon=1.4G file=0.7G slab=0.4G
[MEM] ep068 batch 2500: use=2.5G peak=2.6G limit=n/a anon=1.4G file=0.7G slab=0.4G
[MEM] ep068 batch 3000: use=2.5G peak=2.6G limit=n/a anon=1.4G file=0.7G slab=0.4G
[MEM] ep068 batch 3500: use=2.5G peak=2.6G limit=n/a anon=1.4G file=0.7G slab=0.4G
[MEM] ep068 batch 4000: use=2.6G peak=2.6G limit=n/a anon=1.4G file=0.7G slab=0.4G
[MEM] ep068 batch 4500: use=2.6G peak=2.6G limit=n/a anon=1.5G file=0.7G slab=0.4G
[MEM] ep068 batch 5000: use=2.6G peak=2.6G limit=n/a anon=1.5G file=0.7G slab=0.4G
[MEM] ep068 batch 5500: use=2.6G peak=2.6G limit=n/a anon=1.5G file=0.7G slab=0.4G
[MEM] ep068 val-start: use=2.2G peak=2.6G limit=n/a anon=1.1G file=0.7G slab=0.4G
[MEM] end epoch 068: use=2.2G peak=2.6G limit=n/a anon=1.1G file=0.7G slab=0.4G
Epoch 068 | Train Huber 0.2703 MAE 0.6024 | Val Huber 0.2666 MAE 0.5926 | LR 1.00e-04
[MEM] ep069 train-start: use=2.2G peak=2.6G limit=n/a anon=1.1G file=0.7G slab=0.4G
[MEM] ep069 batch 1: use=2.3G peak=2.6G limit=n/a anon=1.2G file=0.7G slab=0.4G
[MEM] ep069 batch 2: use=2.3G peak=2.6G limit=n/a anon=1.2G file=0.7G slab=0.4G
[MEM] ep069 batch 3: use=2.3G peak=2.6G limit=n/a anon=1.2G file=0.7G slab=0.4G
[MEM] ep069 batch 4: use=2.3G peak=2.6G limit=n/a anon=1.2G file=0.7G slab=0.4G
[MEM] ep069 batch 5: use=2.3G peak=2.6G limit=n/a anon=1.2G file=0.7G slab=0.4G
[MEM] ep069 batch 500: use=2.4G peak=2.6G limit=n/a anon=1.3G file=0.7G slab=0.4G
[MEM] ep069 batch 1000: use=2.4G peak=2.6G limit=n/a anon=1.3G file=0.7G slab=0.4G
[MEM] ep069 batch 1500: use=2.4G peak=2.6G limit=n/a anon=1.3G file=0.7G slab=0.4G
[MEM] ep069 batch 2000: use=2.5G peak=2.6G limit=n/a anon=1.4G file=0.7G slab=0.4G
[MEM] ep069 batch 2500: use=2.5G peak=2.6G limit=n/a anon=1.4G file=0.7G slab=0.4G
[MEM] ep069 batch 3000: use=2.5G peak=2.6G limit=n/a anon=1.4G file=0.7G slab=0.4G
[MEM] ep069 batch 3500: use=2.5G peak=2.6G limit=n/a anon=1.4G file=0.7G slab=0.4G
[MEM] ep069 batch 4000: use=2.6G peak=2.6G limit=n/a anon=1.4G file=0.7G slab=0.4G
[MEM] ep069 batch 4500: use=2.6G peak=2.6G limit=n/a anon=1.5G file=0.7G slab=0.4G
[MEM] ep069 batch 5000: use=2.6G peak=2.6G limit=n/a anon=1.5G file=0.7G slab=0.4G
[MEM] ep069 batch 5500: use=2.6G peak=2.6G limit=n/a anon=1.5G file=0.7G slab=0.4G
[MEM] ep069 val-start: use=2.2G peak=2.6G limit=n/a anon=1.1G file=0.7G slab=0.4G
[MEM] end epoch 069: use=2.2G peak=2.6G limit=n/a anon=1.1G file=0.7G slab=0.4G
Epoch 069 | Train Huber 0.2694 MAE 0.6012 | Val Huber 0.2649 MAE 0.5927 | LR 1.00e-04
[MEM] ep070 train-start: use=2.2G peak=2.6G limit=n/a anon=1.1G file=0.7G slab=0.4G
[MEM] ep070 batch 1: use=2.3G peak=2.6G limit=n/a anon=1.2G file=0.7G slab=0.4G
[MEM] ep070 batch 2: use=2.3G peak=2.6G limit=n/a anon=1.2G file=0.7G slab=0.4G
[MEM] ep070 batch 3: use=2.3G peak=2.6G limit=n/a anon=1.2G file=0.7G slab=0.4G
[MEM] ep070 batch 4: use=2.3G peak=2.6G limit=n/a anon=1.2G file=0.7G slab=0.4G
[MEM] ep070 batch 5: use=2.3G peak=2.6G limit=n/a anon=1.2G file=0.7G slab=0.4G
[MEM] ep070 batch 500: use=2.4G peak=2.6G limit=n/a anon=1.3G file=0.7G slab=0.4G
[MEM] ep070 batch 1000: use=2.4G peak=2.6G limit=n/a anon=1.3G file=0.7G slab=0.4G
[MEM] ep070 batch 1500: use=2.4G peak=2.6G limit=n/a anon=1.3G file=0.7G slab=0.4G
[MEM] ep070 batch 2000: use=2.5G peak=2.6G limit=n/a anon=1.4G file=0.7G slab=0.4G
[MEM] ep070 batch 2500: use=2.5G peak=2.6G limit=n/a anon=1.4G file=0.7G slab=0.4G
[MEM] ep070 batch 3000: use=2.5G peak=2.6G limit=n/a anon=1.4G file=0.7G slab=0.4G
[MEM] ep070 batch 3500: use=2.5G peak=2.6G limit=n/a anon=1.4G file=0.7G slab=0.4G
[MEM] ep070 batch 4000: use=2.6G peak=2.6G limit=n/a anon=1.4G file=0.7G slab=0.4G
[MEM] ep070 batch 4500: use=2.6G peak=2.6G limit=n/a anon=1.5G file=0.7G slab=0.4G
[MEM] ep070 batch 5000: use=2.6G peak=2.6G limit=n/a anon=1.5G file=0.7G slab=0.4G
[MEM] ep070 batch 5500: use=2.6G peak=2.6G limit=n/a anon=1.5G file=0.7G slab=0.4G
[MEM] ep070 val-start: use=2.2G peak=2.6G limit=n/a anon=1.1G file=0.7G slab=0.4G
[MEM] end epoch 070: use=2.2G peak=2.6G limit=n/a anon=1.1G file=0.7G slab=0.4G
Epoch 070 | Train Huber 0.2689 MAE 0.6006 | Val Huber 0.2699 MAE 0.6005 | LR 1.00e-04
[MEM] ep071 train-start: use=2.2G peak=2.6G limit=n/a anon=1.1G file=0.7G slab=0.4G
[MEM] ep071 batch 1: use=2.3G peak=2.6G limit=n/a anon=1.2G file=0.7G slab=0.4G
[MEM] ep071 batch 2: use=2.3G peak=2.6G limit=n/a anon=1.2G file=0.7G slab=0.4G
[MEM] ep071 batch 3: use=2.3G peak=2.6G limit=n/a anon=1.2G file=0.7G slab=0.4G
[MEM] ep071 batch 4: use=2.3G peak=2.6G limit=n/a anon=1.2G file=0.7G slab=0.4G
[MEM] ep071 batch 5: use=2.3G peak=2.6G limit=n/a anon=1.2G file=0.7G slab=0.4G
[MEM] ep071 batch 500: use=2.4G peak=2.6G limit=n/a anon=1.3G file=0.7G slab=0.4G
[MEM] ep071 batch 1000: use=2.4G peak=2.6G limit=n/a anon=1.3G file=0.7G slab=0.4G
[MEM] ep071 batch 1500: use=2.4G peak=2.6G limit=n/a anon=1.3G file=0.7G slab=0.4G
[MEM] ep071 batch 2000: use=2.5G peak=2.6G limit=n/a anon=1.4G file=0.7G slab=0.4G
[MEM] ep071 batch 2500: use=2.5G peak=2.6G limit=n/a anon=1.4G file=0.7G slab=0.4G
[MEM] ep071 batch 3000: use=2.5G peak=2.6G limit=n/a anon=1.4G file=0.7G slab=0.4G
[MEM] ep071 batch 3500: use=2.5G peak=2.6G limit=n/a anon=1.4G file=0.7G slab=0.4G
[MEM] ep071 batch 4000: use=2.6G peak=2.6G limit=n/a anon=1.4G file=0.7G slab=0.4G
[MEM] ep071 batch 4500: use=2.6G peak=2.6G limit=n/a anon=1.5G file=0.7G slab=0.4G
[MEM] ep071 batch 5000: use=2.6G peak=2.6G limit=n/a anon=1.5G file=0.7G slab=0.4G
[MEM] ep071 batch 5500: use=2.6G peak=2.6G limit=n/a anon=1.5G file=0.7G slab=0.4G
[MEM] ep071 val-start: use=2.2G peak=2.6G limit=n/a anon=1.1G file=0.7G slab=0.4G
[MEM] end epoch 071: use=2.2G peak=2.6G limit=n/a anon=1.1G file=0.7G slab=0.4G
Epoch 071 | Train Huber 0.2684 MAE 0.6000 | Val Huber 0.2709 MAE 0.5995 | LR 5.00e-05
[MEM] ep072 train-start: use=2.2G peak=2.6G limit=n/a anon=1.1G file=0.7G slab=0.4G
[MEM] ep072 batch 1: use=2.3G peak=2.6G limit=n/a anon=1.2G file=0.7G slab=0.4G
[MEM] ep072 batch 2: use=2.3G peak=2.6G limit=n/a anon=1.2G file=0.7G slab=0.4G
[MEM] ep072 batch 3: use=2.3G peak=2.6G limit=n/a anon=1.2G file=0.7G slab=0.4G
[MEM] ep072 batch 4: use=2.3G peak=2.6G limit=n/a anon=1.2G file=0.7G slab=0.4G
[MEM] ep072 batch 5: use=2.3G peak=2.6G limit=n/a anon=1.2G file=0.7G slab=0.4G
[MEM] ep072 batch 500: use=2.4G peak=2.6G limit=n/a anon=1.3G file=0.7G slab=0.4G
[MEM] ep072 batch 1000: use=2.4G peak=2.6G limit=n/a anon=1.3G file=0.7G slab=0.4G
[MEM] ep072 batch 1500: use=2.4G peak=2.6G limit=n/a anon=1.3G file=0.7G slab=0.4G
[MEM] ep072 batch 2000: use=2.5G peak=2.6G limit=n/a anon=1.4G file=0.7G slab=0.4G
[MEM] ep072 batch 2500: use=2.5G peak=2.6G limit=n/a anon=1.4G file=0.7G slab=0.4G
[MEM] ep072 batch 3000: use=2.5G peak=2.6G limit=n/a anon=1.4G file=0.7G slab=0.4G
[MEM] ep072 batch 3500: use=2.5G peak=2.6G limit=n/a anon=1.4G file=0.7G slab=0.4G
[MEM] ep072 batch 4000: use=2.6G peak=2.6G limit=n/a anon=1.4G file=0.7G slab=0.4G
[MEM] ep072 batch 4500: use=2.6G peak=2.6G limit=n/a anon=1.5G file=0.7G slab=0.4G
[MEM] ep072 batch 5000: use=2.6G peak=2.6G limit=n/a anon=1.5G file=0.7G slab=0.4G
[MEM] ep072 batch 5500: use=2.6G peak=2.6G limit=n/a anon=1.5G file=0.7G slab=0.4G
[MEM] ep072 val-start: use=2.2G peak=2.6G limit=n/a anon=1.1G file=0.7G slab=0.4G
[MEM] end epoch 072: use=2.2G peak=2.6G limit=n/a anon=1.1G file=0.7G slab=0.4G
Epoch 072 | Train Huber 0.2659 MAE 0.5962 | Val Huber 0.2638 MAE 0.5890 | LR 5.00e-05
[MEM] ep073 train-start: use=2.2G peak=2.6G limit=n/a anon=1.1G file=0.7G slab=0.4G
[MEM] ep073 batch 1: use=2.3G peak=2.6G limit=n/a anon=1.2G file=0.7G slab=0.4G
[MEM] ep073 batch 2: use=2.3G peak=2.6G limit=n/a anon=1.2G file=0.7G slab=0.4G
[MEM] ep073 batch 3: use=2.3G peak=2.6G limit=n/a anon=1.2G file=0.7G slab=0.4G
[MEM] ep073 batch 4: use=2.3G peak=2.6G limit=n/a anon=1.2G file=0.7G slab=0.4G
[MEM] ep073 batch 5: use=2.3G peak=2.6G limit=n/a anon=1.2G file=0.7G slab=0.4G
[MEM] ep073 batch 500: use=2.4G peak=2.6G limit=n/a anon=1.3G file=0.7G slab=0.4G
[MEM] ep073 batch 1000: use=2.4G peak=2.6G limit=n/a anon=1.3G file=0.7G slab=0.4G
[MEM] ep073 batch 1500: use=2.4G peak=2.6G limit=n/a anon=1.3G file=0.7G slab=0.4G
[MEM] ep073 batch 2000: use=2.5G peak=2.6G limit=n/a anon=1.4G file=0.7G slab=0.4G
[MEM] ep073 batch 2500: use=2.5G peak=2.6G limit=n/a anon=1.4G file=0.7G slab=0.4G
[MEM] ep073 batch 3000: use=2.5G peak=2.6G limit=n/a anon=1.4G file=0.7G slab=0.4G
[MEM] ep073 batch 3500: use=2.5G peak=2.6G limit=n/a anon=1.4G file=0.7G slab=0.4G
[MEM] ep073 batch 4000: use=2.6G peak=2.6G limit=n/a anon=1.4G file=0.7G slab=0.4G
[MEM] ep073 batch 4500: use=2.6G peak=2.6G limit=n/a anon=1.5G file=0.7G slab=0.4G
[MEM] ep073 batch 5000: use=2.6G peak=2.6G limit=n/a anon=1.5G file=0.7G slab=0.4G
[MEM] ep073 batch 5500: use=2.6G peak=2.6G limit=n/a anon=1.5G file=0.7G slab=0.4G
[MEM] ep073 val-start: use=2.2G peak=2.6G limit=n/a anon=1.1G file=0.7G slab=0.4G
[MEM] end epoch 073: use=2.2G peak=2.6G limit=n/a anon=1.1G file=0.7G slab=0.4G
Epoch 073 | Train Huber 0.2647 MAE 0.5947 | Val Huber 0.2640 MAE 0.5905 | LR 5.00e-05
[MEM] ep074 train-start: use=2.2G peak=2.6G limit=n/a anon=1.1G file=0.7G slab=0.4G
[MEM] ep074 batch 1: use=2.3G peak=2.6G limit=n/a anon=1.2G file=0.7G slab=0.4G
[MEM] ep074 batch 2: use=2.3G peak=2.6G limit=n/a anon=1.2G file=0.7G slab=0.4G
[MEM] ep074 batch 3: use=2.3G peak=2.6G limit=n/a anon=1.2G file=0.7G slab=0.4G
[MEM] ep074 batch 4: use=2.3G peak=2.6G limit=n/a anon=1.2G file=0.7G slab=0.4G
[MEM] ep074 batch 5: use=2.3G peak=2.6G limit=n/a anon=1.2G file=0.7G slab=0.4G
[MEM] ep074 batch 500: use=2.4G peak=2.6G limit=n/a anon=1.3G file=0.7G slab=0.4G
[MEM] ep074 batch 1000: use=2.4G peak=2.6G limit=n/a anon=1.3G file=0.7G slab=0.4G
[MEM] ep074 batch 1500: use=2.4G peak=2.6G limit=n/a anon=1.3G file=0.7G slab=0.4G
[MEM] ep074 batch 2000: use=2.5G peak=2.6G limit=n/a anon=1.4G file=0.7G slab=0.4G
[MEM] ep074 batch 2500: use=2.5G peak=2.6G limit=n/a anon=1.4G file=0.7G slab=0.4G
[MEM] ep074 batch 3000: use=2.5G peak=2.6G limit=n/a anon=1.4G file=0.7G slab=0.4G
[MEM] ep074 batch 3500: use=2.5G peak=2.6G limit=n/a anon=1.4G file=0.7G slab=0.4G
[MEM] ep074 batch 4000: use=2.6G peak=2.6G limit=n/a anon=1.4G file=0.7G slab=0.4G
[MEM] ep074 batch 4500: use=2.6G peak=2.6G limit=n/a anon=1.5G file=0.7G slab=0.4G
[MEM] ep074 batch 5000: use=2.6G peak=2.6G limit=n/a anon=1.5G file=0.7G slab=0.4G
[MEM] ep074 batch 5500: use=2.6G peak=2.6G limit=n/a anon=1.5G file=0.7G slab=0.4G
[MEM] ep074 val-start: use=2.2G peak=2.6G limit=n/a anon=1.1G file=0.7G slab=0.4G
[MEM] end epoch 074: use=2.2G peak=2.6G limit=n/a anon=1.1G file=0.7G slab=0.4G
Epoch 074 | Train Huber 0.2646 MAE 0.5945 | Val Huber 0.2605 MAE 0.5859 | LR 5.00e-05
[MEM] ep075 train-start: use=2.2G peak=2.6G limit=n/a anon=1.1G file=0.7G slab=0.4G
[MEM] ep075 batch 1: use=2.3G peak=2.6G limit=n/a anon=1.2G file=0.7G slab=0.4G
[MEM] ep075 batch 2: use=2.3G peak=2.6G limit=n/a anon=1.2G file=0.7G slab=0.4G
[MEM] ep075 batch 3: use=2.3G peak=2.6G limit=n/a anon=1.2G file=0.7G slab=0.4G
[MEM] ep075 batch 4: use=2.3G peak=2.6G limit=n/a anon=1.2G file=0.7G slab=0.4G
[MEM] ep075 batch 5: use=2.3G peak=2.6G limit=n/a anon=1.2G file=0.7G slab=0.4G
[MEM] ep075 batch 500: use=2.4G peak=2.6G limit=n/a anon=1.3G file=0.7G slab=0.4G
[MEM] ep075 batch 1000: use=2.4G peak=2.6G limit=n/a anon=1.3G file=0.7G slab=0.4G
[MEM] ep075 batch 1500: use=2.4G peak=2.6G limit=n/a anon=1.3G file=0.7G slab=0.4G
[MEM] ep075 batch 2000: use=2.5G peak=2.6G limit=n/a anon=1.4G file=0.7G slab=0.4G
[MEM] ep075 batch 2500: use=2.5G peak=2.6G limit=n/a anon=1.4G file=0.7G slab=0.4G
[MEM] ep075 batch 3000: use=2.5G peak=2.6G limit=n/a anon=1.4G file=0.7G slab=0.4G
[MEM] ep075 batch 3500: use=2.5G peak=2.6G limit=n/a anon=1.4G file=0.7G slab=0.4G
[MEM] ep075 batch 4000: use=2.6G peak=2.6G limit=n/a anon=1.4G file=0.7G slab=0.4G
[MEM] ep075 batch 4500: use=2.6G peak=2.6G limit=n/a anon=1.5G file=0.7G slab=0.4G
[MEM] ep075 batch 5000: use=2.6G peak=2.6G limit=n/a anon=1.5G file=0.7G slab=0.4G
[MEM] ep075 batch 5500: use=2.6G peak=2.6G limit=n/a anon=1.5G file=0.7G slab=0.4G
[MEM] ep075 val-start: use=2.2G peak=2.6G limit=n/a anon=1.1G file=0.7G slab=0.4G
[MEM] end epoch 075: use=2.2G peak=2.6G limit=n/a anon=1.1G file=0.7G slab=0.4G
Epoch 075 | Train Huber 0.2644 MAE 0.5942 | Val Huber 0.2679 MAE 0.5948 | LR 5.00e-05
[MEM] ep076 train-start: use=2.2G peak=2.6G limit=n/a anon=1.1G file=0.7G slab=0.4G
[MEM] ep076 batch 1: use=2.3G peak=2.6G limit=n/a anon=1.2G file=0.7G slab=0.4G
[MEM] ep076 batch 2: use=2.3G peak=2.6G limit=n/a anon=1.2G file=0.7G slab=0.4G
[MEM] ep076 batch 3: use=2.3G peak=2.6G limit=n/a anon=1.2G file=0.7G slab=0.4G
[MEM] ep076 batch 4: use=2.3G peak=2.6G limit=n/a anon=1.2G file=0.7G slab=0.4G
[MEM] ep076 batch 5: use=2.3G peak=2.6G limit=n/a anon=1.2G file=0.7G slab=0.4G
[MEM] ep076 batch 500: use=2.4G peak=2.6G limit=n/a anon=1.3G file=0.7G slab=0.4G
[MEM] ep076 batch 1000: use=2.4G peak=2.6G limit=n/a anon=1.3G file=0.7G slab=0.4G
[MEM] ep076 batch 1500: use=2.4G peak=2.6G limit=n/a anon=1.3G file=0.7G slab=0.4G
[MEM] ep076 batch 2000: use=2.5G peak=2.6G limit=n/a anon=1.4G file=0.7G slab=0.4G
[MEM] ep076 batch 2500: use=2.5G peak=2.6G limit=n/a anon=1.4G file=0.7G slab=0.4G
[MEM] ep076 batch 3000: use=2.5G peak=2.6G limit=n/a anon=1.4G file=0.7G slab=0.4G
[MEM] ep076 batch 3500: use=2.5G peak=2.6G limit=n/a anon=1.4G file=0.7G slab=0.4G
[MEM] ep076 batch 4000: use=2.6G peak=2.6G limit=n/a anon=1.4G file=0.7G slab=0.4G
[MEM] ep076 batch 4500: use=2.6G peak=2.6G limit=n/a anon=1.5G file=0.7G slab=0.4G
[MEM] ep076 batch 5000: use=2.6G peak=2.6G limit=n/a anon=1.5G file=0.7G slab=0.4G
[MEM] ep076 batch 5500: use=2.6G peak=2.6G limit=n/a anon=1.5G file=0.7G slab=0.4G
[MEM] ep076 val-start: use=2.2G peak=2.6G limit=n/a anon=1.1G file=0.7G slab=0.4G
[MEM] end epoch 076: use=2.2G peak=2.6G limit=n/a anon=1.1G file=0.7G slab=0.4G
Epoch 076 | Train Huber 0.2640 MAE 0.5938 | Val Huber 0.2597 MAE 0.5847 | LR 5.00e-05
[MEM] ep077 train-start: use=2.2G peak=2.6G limit=n/a anon=1.1G file=0.7G slab=0.4G
[MEM] ep077 batch 1: use=2.3G peak=2.6G limit=n/a anon=1.2G file=0.7G slab=0.4G
[MEM] ep077 batch 2: use=2.3G peak=2.6G limit=n/a anon=1.2G file=0.7G slab=0.4G
[MEM] ep077 batch 3: use=2.3G peak=2.6G limit=n/a anon=1.2G file=0.7G slab=0.4G
[MEM] ep077 batch 4: use=2.3G peak=2.6G limit=n/a anon=1.2G file=0.7G slab=0.4G
[MEM] ep077 batch 5: use=2.3G peak=2.6G limit=n/a anon=1.2G file=0.7G slab=0.4G
[MEM] ep077 batch 500: use=2.4G peak=2.6G limit=n/a anon=1.3G file=0.7G slab=0.4G
[MEM] ep077 batch 1000: use=2.4G peak=2.6G limit=n/a anon=1.3G file=0.7G slab=0.4G
[MEM] ep077 batch 1500: use=2.4G peak=2.6G limit=n/a anon=1.3G file=0.7G slab=0.4G
[MEM] ep077 batch 2000: use=2.5G peak=2.6G limit=n/a anon=1.4G file=0.7G slab=0.4G
[MEM] ep077 batch 2500: use=2.5G peak=2.6G limit=n/a anon=1.4G file=0.7G slab=0.4G
[MEM] ep077 batch 3000: use=2.5G peak=2.6G limit=n/a anon=1.4G file=0.7G slab=0.4G
[MEM] ep077 batch 3500: use=2.5G peak=2.6G limit=n/a anon=1.4G file=0.7G slab=0.4G
[MEM] ep077 batch 4000: use=2.6G peak=2.6G limit=n/a anon=1.4G file=0.7G slab=0.4G
[MEM] ep077 batch 4500: use=2.6G peak=2.6G limit=n/a anon=1.5G file=0.7G slab=0.4G
[MEM] ep077 batch 5000: use=2.6G peak=2.6G limit=n/a anon=1.5G file=0.7G slab=0.4G
[MEM] ep077 batch 5500: use=2.6G peak=2.6G limit=n/a anon=1.5G file=0.7G slab=0.4G
[MEM] ep077 val-start: use=2.2G peak=2.6G limit=n/a anon=1.1G file=0.7G slab=0.4G
[MEM] end epoch 077: use=2.2G peak=2.6G limit=n/a anon=1.1G file=0.7G slab=0.4G
Epoch 077 | Train Huber 0.2633 MAE 0.5928 | Val Huber 0.2633 MAE 0.5886 | LR 5.00e-05
[MEM] ep078 train-start: use=2.2G peak=2.6G limit=n/a anon=1.1G file=0.7G slab=0.4G
[MEM] ep078 batch 1: use=2.3G peak=2.6G limit=n/a anon=1.2G file=0.7G slab=0.4G
[MEM] ep078 batch 2: use=2.3G peak=2.6G limit=n/a anon=1.2G file=0.7G slab=0.4G
[MEM] ep078 batch 3: use=2.3G peak=2.6G limit=n/a anon=1.2G file=0.7G slab=0.4G
[MEM] ep078 batch 4: use=2.3G peak=2.6G limit=n/a anon=1.2G file=0.7G slab=0.4G
[MEM] ep078 batch 5: use=2.3G peak=2.6G limit=n/a anon=1.2G file=0.7G slab=0.4G
[MEM] ep078 batch 500: use=2.4G peak=2.6G limit=n/a anon=1.3G file=0.7G slab=0.4G
[MEM] ep078 batch 1000: use=2.4G peak=2.6G limit=n/a anon=1.3G file=0.7G slab=0.4G
[MEM] ep078 batch 1500: use=2.4G peak=2.6G limit=n/a anon=1.3G file=0.7G slab=0.4G
[MEM] ep078 batch 2000: use=2.5G peak=2.6G limit=n/a anon=1.4G file=0.7G slab=0.4G
[MEM] ep078 batch 2500: use=2.5G peak=2.6G limit=n/a anon=1.4G file=0.7G slab=0.4G
[MEM] ep078 batch 3000: use=2.5G peak=2.6G limit=n/a anon=1.4G file=0.7G slab=0.4G
[MEM] ep078 batch 3500: use=2.5G peak=2.6G limit=n/a anon=1.4G file=0.7G slab=0.4G
[MEM] ep078 batch 4000: use=2.6G peak=2.6G limit=n/a anon=1.4G file=0.7G slab=0.4G
[MEM] ep078 batch 4500: use=2.6G peak=2.6G limit=n/a anon=1.5G file=0.7G slab=0.4G
[MEM] ep078 batch 5000: use=2.6G peak=2.6G limit=n/a anon=1.5G file=0.7G slab=0.4G
[MEM] ep078 batch 5500: use=2.6G peak=2.6G limit=n/a anon=1.5G file=0.7G slab=0.4G
[MEM] ep078 val-start: use=2.2G peak=2.6G limit=n/a anon=1.1G file=0.7G slab=0.4G
[MEM] end epoch 078: use=2.2G peak=2.6G limit=n/a anon=1.1G file=0.7G slab=0.4G
Epoch 078 | Train Huber 0.2639 MAE 0.5934 | Val Huber 0.2630 MAE 0.5885 | LR 5.00e-05
[MEM] ep079 train-start: use=2.2G peak=2.6G limit=n/a anon=1.1G file=0.7G slab=0.4G
[MEM] ep079 batch 1: use=2.3G peak=2.6G limit=n/a anon=1.2G file=0.7G slab=0.4G
[MEM] ep079 batch 2: use=2.3G peak=2.6G limit=n/a anon=1.2G file=0.7G slab=0.4G
[MEM] ep079 batch 3: use=2.3G peak=2.6G limit=n/a anon=1.2G file=0.7G slab=0.4G
[MEM] ep079 batch 4: use=2.3G peak=2.6G limit=n/a anon=1.2G file=0.7G slab=0.4G
[MEM] ep079 batch 5: use=2.3G peak=2.6G limit=n/a anon=1.2G file=0.7G slab=0.4G
[MEM] ep079 batch 500: use=2.4G peak=2.6G limit=n/a anon=1.3G file=0.7G slab=0.4G
[MEM] ep079 batch 1000: use=2.4G peak=2.6G limit=n/a anon=1.3G file=0.7G slab=0.4G
[MEM] ep079 batch 1500: use=2.4G peak=2.6G limit=n/a anon=1.3G file=0.7G slab=0.4G
[MEM] ep079 batch 2000: use=2.5G peak=2.6G limit=n/a anon=1.4G file=0.7G slab=0.4G
[MEM] ep079 batch 2500: use=2.5G peak=2.6G limit=n/a anon=1.4G file=0.7G slab=0.4G
[MEM] ep079 batch 3000: use=2.5G peak=2.6G limit=n/a anon=1.4G file=0.7G slab=0.4G
[MEM] ep079 batch 3500: use=2.5G peak=2.6G limit=n/a anon=1.4G file=0.7G slab=0.4G
[MEM] ep079 batch 4000: use=2.6G peak=2.6G limit=n/a anon=1.4G file=0.7G slab=0.4G
[MEM] ep079 batch 4500: use=2.6G peak=2.6G limit=n/a anon=1.5G file=0.7G slab=0.4G
[MEM] ep079 batch 5000: use=2.6G peak=2.6G limit=n/a anon=1.5G file=0.7G slab=0.4G
[MEM] ep079 batch 5500: use=2.6G peak=2.6G limit=n/a anon=1.5G file=0.7G slab=0.4G
[MEM] ep079 val-start: use=2.2G peak=2.6G limit=n/a anon=1.1G file=0.7G slab=0.4G
[MEM] end epoch 079: use=2.2G peak=2.6G limit=n/a anon=1.1G file=0.7G slab=0.4G
Epoch 079 | Train Huber 0.2634 MAE 0.5929 | Val Huber 0.2600 MAE 0.5866 | LR 5.00e-05
[MEM] ep080 train-start: use=2.2G peak=2.6G limit=n/a anon=1.1G file=0.7G slab=0.4G
[MEM] ep080 batch 1: use=2.3G peak=2.6G limit=n/a anon=1.2G file=0.7G slab=0.4G
[MEM] ep080 batch 2: use=2.3G peak=2.6G limit=n/a anon=1.2G file=0.7G slab=0.4G
[MEM] ep080 batch 3: use=2.3G peak=2.6G limit=n/a anon=1.2G file=0.7G slab=0.4G
[MEM] ep080 batch 4: use=2.3G peak=2.6G limit=n/a anon=1.2G file=0.7G slab=0.4G
[MEM] ep080 batch 5: use=2.3G peak=2.6G limit=n/a anon=1.2G file=0.7G slab=0.4G
[MEM] ep080 batch 500: use=2.4G peak=2.6G limit=n/a anon=1.3G file=0.7G slab=0.4G
[MEM] ep080 batch 1000: use=2.4G peak=2.6G limit=n/a anon=1.3G file=0.7G slab=0.4G
[MEM] ep080 batch 1500: use=2.4G peak=2.6G limit=n/a anon=1.3G file=0.7G slab=0.4G
[MEM] ep080 batch 2000: use=2.5G peak=2.6G limit=n/a anon=1.4G file=0.7G slab=0.4G
[MEM] ep080 batch 2500: use=2.5G peak=2.6G limit=n/a anon=1.4G file=0.7G slab=0.4G
[MEM] ep080 batch 3000: use=2.5G peak=2.6G limit=n/a anon=1.4G file=0.7G slab=0.4G
[MEM] ep080 batch 3500: use=2.5G peak=2.6G limit=n/a anon=1.4G file=0.7G slab=0.4G
[MEM] ep080 batch 4000: use=2.6G peak=2.6G limit=n/a anon=1.4G file=0.7G slab=0.4G
[MEM] ep080 batch 4500: use=2.6G peak=2.6G limit=n/a anon=1.5G file=0.7G slab=0.4G
[MEM] ep080 batch 5000: use=2.6G peak=2.6G limit=n/a anon=1.5G file=0.7G slab=0.4G
[MEM] ep080 batch 5500: use=2.6G peak=2.6G limit=n/a anon=1.5G file=0.7G slab=0.4G
[MEM] ep080 val-start: use=2.2G peak=2.6G limit=n/a anon=1.1G file=0.7G slab=0.4G
[MEM] end epoch 080: use=2.2G peak=2.6G limit=n/a anon=1.1G file=0.7G slab=0.4G
Epoch 080 | Train Huber 0.2629 MAE 0.5922 | Val Huber 0.2597 MAE 0.5858 | LR 5.00e-05
[MEM] ep081 train-start: use=2.2G peak=2.6G limit=n/a anon=1.1G file=0.7G slab=0.4G
[MEM] ep081 batch 1: use=2.3G peak=2.6G limit=n/a anon=1.2G file=0.7G slab=0.4G
[MEM] ep081 batch 2: use=2.3G peak=2.6G limit=n/a anon=1.2G file=0.7G slab=0.4G
[MEM] ep081 batch 3: use=2.3G peak=2.6G limit=n/a anon=1.2G file=0.7G slab=0.4G
[MEM] ep081 batch 4: use=2.3G peak=2.6G limit=n/a anon=1.2G file=0.7G slab=0.4G
[MEM] ep081 batch 5: use=2.3G peak=2.6G limit=n/a anon=1.2G file=0.7G slab=0.4G
[MEM] ep081 batch 500: use=2.4G peak=2.6G limit=n/a anon=1.3G file=0.7G slab=0.4G
[MEM] ep081 batch 1000: use=2.4G peak=2.6G limit=n/a anon=1.3G file=0.7G slab=0.4G
[MEM] ep081 batch 1500: use=2.4G peak=2.6G limit=n/a anon=1.3G file=0.7G slab=0.4G
[MEM] ep081 batch 2000: use=2.5G peak=2.6G limit=n/a anon=1.4G file=0.7G slab=0.4G
[MEM] ep081 batch 2500: use=2.5G peak=2.6G limit=n/a anon=1.4G file=0.7G slab=0.4G
[MEM] ep081 batch 3000: use=2.5G peak=2.6G limit=n/a anon=1.4G file=0.7G slab=0.4G
[MEM] ep081 batch 3500: use=2.5G peak=2.6G limit=n/a anon=1.4G file=0.7G slab=0.4G
[MEM] ep081 batch 4000: use=2.6G peak=2.6G limit=n/a anon=1.4G file=0.7G slab=0.4G
[MEM] ep081 batch 4500: use=2.6G peak=2.6G limit=n/a anon=1.5G file=0.7G slab=0.4G
[MEM] ep081 batch 5000: use=2.6G peak=2.6G limit=n/a anon=1.5G file=0.7G slab=0.4G
[MEM] ep081 batch 5500: use=2.6G peak=2.6G limit=n/a anon=1.5G file=0.7G slab=0.4G
[MEM] ep081 val-start: use=2.2G peak=2.6G limit=n/a anon=1.1G file=0.7G slab=0.4G
[MEM] end epoch 081: use=2.2G peak=2.6G limit=n/a anon=1.1G file=0.7G slab=0.4G
Epoch 081 | Train Huber 0.2625 MAE 0.5920 | Val Huber 0.2637 MAE 0.5875 | LR 5.00e-05
[MEM] ep082 train-start: use=2.2G peak=2.6G limit=n/a anon=1.1G file=0.7G slab=0.4G
[MEM] ep082 batch 1: use=2.3G peak=2.6G limit=n/a anon=1.2G file=0.7G slab=0.4G
[MEM] ep082 batch 2: use=2.3G peak=2.6G limit=n/a anon=1.2G file=0.7G slab=0.4G
[MEM] ep082 batch 3: use=2.3G peak=2.6G limit=n/a anon=1.2G file=0.7G slab=0.4G
[MEM] ep082 batch 4: use=2.3G peak=2.6G limit=n/a anon=1.2G file=0.7G slab=0.4G
[MEM] ep082 batch 5: use=2.3G peak=2.6G limit=n/a anon=1.2G file=0.7G slab=0.4G
[MEM] ep082 batch 500: use=2.4G peak=2.6G limit=n/a anon=1.3G file=0.7G slab=0.4G
[MEM] ep082 batch 1000: use=2.4G peak=2.6G limit=n/a anon=1.3G file=0.7G slab=0.4G
[MEM] ep082 batch 1500: use=2.4G peak=2.6G limit=n/a anon=1.3G file=0.7G slab=0.4G
[MEM] ep082 batch 2000: use=2.5G peak=2.6G limit=n/a anon=1.4G file=0.7G slab=0.4G
[MEM] ep082 batch 2500: use=2.5G peak=2.6G limit=n/a anon=1.4G file=0.7G slab=0.4G
[MEM] ep082 batch 3000: use=2.5G peak=2.6G limit=n/a anon=1.4G file=0.7G slab=0.4G
[MEM] ep082 batch 3500: use=2.5G peak=2.6G limit=n/a anon=1.4G file=0.7G slab=0.4G
[MEM] ep082 batch 4000: use=2.6G peak=2.6G limit=n/a anon=1.4G file=0.7G slab=0.4G
[MEM] ep082 batch 4500: use=2.6G peak=2.6G limit=n/a anon=1.5G file=0.7G slab=0.4G
[MEM] ep082 batch 5000: use=2.6G peak=2.6G limit=n/a anon=1.5G file=0.7G slab=0.4G
[MEM] ep082 batch 5500: use=2.6G peak=2.6G limit=n/a anon=1.5G file=0.7G slab=0.4G
[MEM] ep082 val-start: use=2.2G peak=2.6G limit=n/a anon=1.1G file=0.7G slab=0.4G
[MEM] end epoch 082: use=2.2G peak=2.6G limit=n/a anon=1.1G file=0.7G slab=0.4G
Epoch 082 | Train Huber 0.2621 MAE 0.5914 | Val Huber 0.2582 MAE 0.5829 | LR 5.00e-05
[MEM] ep083 train-start: use=2.2G peak=2.6G limit=n/a anon=1.1G file=0.7G slab=0.4G
[MEM] ep083 batch 1: use=2.3G peak=2.6G limit=n/a anon=1.2G file=0.7G slab=0.4G
[MEM] ep083 batch 2: use=2.3G peak=2.6G limit=n/a anon=1.2G file=0.7G slab=0.4G
[MEM] ep083 batch 3: use=2.3G peak=2.6G limit=n/a anon=1.2G file=0.7G slab=0.4G
[MEM] ep083 batch 4: use=2.3G peak=2.6G limit=n/a anon=1.2G file=0.7G slab=0.4G
[MEM] ep083 batch 5: use=2.3G peak=2.6G limit=n/a anon=1.2G file=0.7G slab=0.4G
[MEM] ep083 batch 500: use=2.4G peak=2.6G limit=n/a anon=1.3G file=0.7G slab=0.4G
[MEM] ep083 batch 1000: use=2.4G peak=2.6G limit=n/a anon=1.3G file=0.7G slab=0.4G
[MEM] ep083 batch 1500: use=2.4G peak=2.6G limit=n/a anon=1.3G file=0.7G slab=0.4G
[MEM] ep083 batch 2000: use=2.5G peak=2.6G limit=n/a anon=1.4G file=0.7G slab=0.4G
[MEM] ep083 batch 2500: use=2.5G peak=2.6G limit=n/a anon=1.4G file=0.7G slab=0.4G
[MEM] ep083 batch 3000: use=2.5G peak=2.6G limit=n/a anon=1.4G file=0.7G slab=0.4G
[MEM] ep083 batch 3500: use=2.5G peak=2.6G limit=n/a anon=1.4G file=0.7G slab=0.4G
[MEM] ep083 batch 4000: use=2.6G peak=2.6G limit=n/a anon=1.4G file=0.7G slab=0.4G
[MEM] ep083 batch 4500: use=2.6G peak=2.6G limit=n/a anon=1.5G file=0.7G slab=0.4G
[MEM] ep083 batch 5000: use=2.6G peak=2.6G limit=n/a anon=1.5G file=0.7G slab=0.4G
[MEM] ep083 batch 5500: use=2.6G peak=2.6G limit=n/a anon=1.5G file=0.7G slab=0.4G
[MEM] ep083 val-start: use=2.2G peak=2.6G limit=n/a anon=1.1G file=0.7G slab=0.4G
[MEM] end epoch 083: use=2.2G peak=2.6G limit=n/a anon=1.1G file=0.7G slab=0.4G
Epoch 083 | Train Huber 0.2624 MAE 0.5915 | Val Huber 0.2605 MAE 0.5860 | LR 5.00e-05
[MEM] ep084 train-start: use=2.2G peak=2.6G limit=n/a anon=1.1G file=0.7G slab=0.4G
[MEM] ep084 batch 1: use=2.3G peak=2.6G limit=n/a anon=1.2G file=0.7G slab=0.4G
[MEM] ep084 batch 2: use=2.3G peak=2.6G limit=n/a anon=1.2G file=0.7G slab=0.4G
[MEM] ep084 batch 3: use=2.3G peak=2.6G limit=n/a anon=1.2G file=0.7G slab=0.4G
[MEM] ep084 batch 4: use=2.3G peak=2.6G limit=n/a anon=1.2G file=0.7G slab=0.4G
[MEM] ep084 batch 5: use=2.3G peak=2.6G limit=n/a anon=1.2G file=0.7G slab=0.4G
[MEM] ep084 batch 500: use=2.4G peak=2.6G limit=n/a anon=1.3G file=0.7G slab=0.4G
[MEM] ep084 batch 1000: use=2.4G peak=2.6G limit=n/a anon=1.3G file=0.7G slab=0.4G
[MEM] ep084 batch 1500: use=2.4G peak=2.6G limit=n/a anon=1.3G file=0.7G slab=0.4G
[MEM] ep084 batch 2000: use=2.5G peak=2.6G limit=n/a anon=1.4G file=0.7G slab=0.4G
[MEM] ep084 batch 2500: use=2.5G peak=2.6G limit=n/a anon=1.4G file=0.7G slab=0.4G
[MEM] ep084 batch 3000: use=2.5G peak=2.6G limit=n/a anon=1.4G file=0.7G slab=0.4G
[MEM] ep084 batch 3500: use=2.5G peak=2.6G limit=n/a anon=1.4G file=0.7G slab=0.4G
[MEM] ep084 batch 4000: use=2.6G peak=2.6G limit=n/a anon=1.4G file=0.7G slab=0.4G
[MEM] ep084 batch 4500: use=2.6G peak=2.6G limit=n/a anon=1.5G file=0.7G slab=0.4G
[MEM] ep084 batch 5000: use=2.6G peak=2.6G limit=n/a anon=1.5G file=0.7G slab=0.4G
[MEM] ep084 batch 5500: use=2.6G peak=2.6G limit=n/a anon=1.5G file=0.7G slab=0.4G
[MEM] ep084 val-start: use=2.2G peak=2.6G limit=n/a anon=1.1G file=0.7G slab=0.4G
[MEM] end epoch 084: use=2.2G peak=2.6G limit=n/a anon=1.1G file=0.7G slab=0.4G
Epoch 084 | Train Huber 0.2618 MAE 0.5903 | Val Huber 0.2597 MAE 0.5848 | LR 5.00e-05
[MEM] ep085 train-start: use=2.2G peak=2.6G limit=n/a anon=1.1G file=0.7G slab=0.4G
[MEM] ep085 batch 1: use=2.3G peak=2.6G limit=n/a anon=1.2G file=0.7G slab=0.4G
[MEM] ep085 batch 2: use=2.3G peak=2.6G limit=n/a anon=1.2G file=0.7G slab=0.4G
[MEM] ep085 batch 3: use=2.3G peak=2.6G limit=n/a anon=1.2G file=0.7G slab=0.4G
[MEM] ep085 batch 4: use=2.3G peak=2.6G limit=n/a anon=1.2G file=0.7G slab=0.4G
[MEM] ep085 batch 5: use=2.3G peak=2.6G limit=n/a anon=1.2G file=0.7G slab=0.4G
[MEM] ep085 batch 500: use=2.4G peak=2.6G limit=n/a anon=1.3G file=0.7G slab=0.4G
[MEM] ep085 batch 1000: use=2.4G peak=2.6G limit=n/a anon=1.3G file=0.7G slab=0.4G
[MEM] ep085 batch 1500: use=2.4G peak=2.6G limit=n/a anon=1.3G file=0.7G slab=0.4G
[MEM] ep085 batch 2000: use=2.5G peak=2.6G limit=n/a anon=1.4G file=0.7G slab=0.4G
[MEM] ep085 batch 2500: use=2.5G peak=2.6G limit=n/a anon=1.4G file=0.7G slab=0.4G
[MEM] ep085 batch 3000: use=2.5G peak=2.6G limit=n/a anon=1.4G file=0.7G slab=0.4G
[MEM] ep085 batch 3500: use=2.5G peak=2.6G limit=n/a anon=1.4G file=0.7G slab=0.4G
[MEM] ep085 batch 4000: use=2.6G peak=2.6G limit=n/a anon=1.4G file=0.7G slab=0.4G
[MEM] ep085 batch 4500: use=2.6G peak=2.6G limit=n/a anon=1.5G file=0.7G slab=0.4G
[MEM] ep085 batch 5000: use=2.6G peak=2.6G limit=n/a anon=1.5G file=0.7G slab=0.4G
[MEM] ep085 batch 5500: use=2.6G peak=2.6G limit=n/a anon=1.5G file=0.7G slab=0.4G
[MEM] ep085 val-start: use=2.2G peak=2.6G limit=n/a anon=1.1G file=0.7G slab=0.4G
[MEM] end epoch 085: use=2.2G peak=2.6G limit=n/a anon=1.1G file=0.7G slab=0.4G
Epoch 085 | Train Huber 0.2620 MAE 0.5910 | Val Huber 0.2611 MAE 0.5866 | LR 5.00e-05
[MEM] ep086 train-start: use=2.2G peak=2.6G limit=n/a anon=1.1G file=0.7G slab=0.4G
[MEM] ep086 batch 1: use=2.3G peak=2.6G limit=n/a anon=1.2G file=0.7G slab=0.4G
[MEM] ep086 batch 2: use=2.3G peak=2.6G limit=n/a anon=1.2G file=0.7G slab=0.4G
[MEM] ep086 batch 3: use=2.3G peak=2.6G limit=n/a anon=1.2G file=0.7G slab=0.4G
[MEM] ep086 batch 4: use=2.3G peak=2.6G limit=n/a anon=1.2G file=0.7G slab=0.4G
[MEM] ep086 batch 5: use=2.3G peak=2.6G limit=n/a anon=1.2G file=0.7G slab=0.4G
[MEM] ep086 batch 500: use=2.4G peak=2.6G limit=n/a anon=1.3G file=0.7G slab=0.4G
[MEM] ep086 batch 1000: use=2.4G peak=2.6G limit=n/a anon=1.3G file=0.7G slab=0.4G
[MEM] ep086 batch 1500: use=2.4G peak=2.6G limit=n/a anon=1.3G file=0.7G slab=0.4G
[MEM] ep086 batch 2000: use=2.5G peak=2.6G limit=n/a anon=1.4G file=0.7G slab=0.4G
[MEM] ep086 batch 2500: use=2.5G peak=2.6G limit=n/a anon=1.4G file=0.7G slab=0.4G
[MEM] ep086 batch 3000: use=2.5G peak=2.6G limit=n/a anon=1.4G file=0.7G slab=0.4G
[MEM] ep086 batch 3500: use=2.5G peak=2.6G limit=n/a anon=1.4G file=0.7G slab=0.4G
[MEM] ep086 batch 4000: use=2.6G peak=2.6G limit=n/a anon=1.4G file=0.7G slab=0.4G
[MEM] ep086 batch 4500: use=2.6G peak=2.6G limit=n/a anon=1.5G file=0.7G slab=0.4G
[MEM] ep086 batch 5000: use=2.6G peak=2.6G limit=n/a anon=1.5G file=0.7G slab=0.4G
[MEM] ep086 batch 5500: use=2.6G peak=2.6G limit=n/a anon=1.5G file=0.7G slab=0.4G
[MEM] ep086 val-start: use=2.2G peak=2.6G limit=n/a anon=1.1G file=0.7G slab=0.4G
[MEM] end epoch 086: use=2.2G peak=2.6G limit=n/a anon=1.1G file=0.7G slab=0.4G
Epoch 086 | Train Huber 0.2619 MAE 0.5911 | Val Huber 0.2599 MAE 0.5846 | LR 5.00e-05
[MEM] ep087 train-start: use=2.2G peak=2.6G limit=n/a anon=1.1G file=0.7G slab=0.4G
[MEM] ep087 batch 1: use=2.3G peak=2.6G limit=n/a anon=1.2G file=0.7G slab=0.4G
[MEM] ep087 batch 2: use=2.3G peak=2.6G limit=n/a anon=1.2G file=0.7G slab=0.4G
[MEM] ep087 batch 3: use=2.3G peak=2.6G limit=n/a anon=1.2G file=0.7G slab=0.4G
[MEM] ep087 batch 4: use=2.3G peak=2.6G limit=n/a anon=1.2G file=0.7G slab=0.4G
[MEM] ep087 batch 5: use=2.3G peak=2.6G limit=n/a anon=1.2G file=0.7G slab=0.4G
[MEM] ep087 batch 500: use=2.4G peak=2.6G limit=n/a anon=1.3G file=0.7G slab=0.4G
[MEM] ep087 batch 1000: use=2.4G peak=2.6G limit=n/a anon=1.3G file=0.7G slab=0.4G
[MEM] ep087 batch 1500: use=2.4G peak=2.6G limit=n/a anon=1.3G file=0.7G slab=0.4G
[MEM] ep087 batch 2000: use=2.5G peak=2.6G limit=n/a anon=1.4G file=0.7G slab=0.4G
[MEM] ep087 batch 2500: use=2.5G peak=2.6G limit=n/a anon=1.4G file=0.7G slab=0.4G
[MEM] ep087 batch 3000: use=2.5G peak=2.6G limit=n/a anon=1.4G file=0.7G slab=0.4G
[MEM] ep087 batch 3500: use=2.5G peak=2.6G limit=n/a anon=1.4G file=0.7G slab=0.4G
[MEM] ep087 batch 4000: use=2.6G peak=2.6G limit=n/a anon=1.4G file=0.7G slab=0.4G
[MEM] ep087 batch 4500: use=2.6G peak=2.6G limit=n/a anon=1.5G file=0.7G slab=0.4G
[MEM] ep087 batch 5000: use=2.6G peak=2.6G limit=n/a anon=1.5G file=0.7G slab=0.4G
[MEM] ep087 batch 5500: use=2.6G peak=2.6G limit=n/a anon=1.5G file=0.7G slab=0.4G
[MEM] ep087 val-start: use=2.2G peak=2.6G limit=n/a anon=1.1G file=0.7G slab=0.4G
[MEM] end epoch 087: use=2.2G peak=2.6G limit=n/a anon=1.1G file=0.7G slab=0.4G
Epoch 087 | Train Huber 0.2616 MAE 0.5902 | Val Huber 0.2581 MAE 0.5825 | LR 5.00e-05
[MEM] ep088 train-start: use=2.2G peak=2.6G limit=n/a anon=1.1G file=0.7G slab=0.4G
[MEM] ep088 batch 1: use=2.3G peak=2.6G limit=n/a anon=1.2G file=0.7G slab=0.4G
[MEM] ep088 batch 2: use=2.3G peak=2.6G limit=n/a anon=1.2G file=0.7G slab=0.4G
[MEM] ep088 batch 3: use=2.3G peak=2.6G limit=n/a anon=1.2G file=0.7G slab=0.4G
[MEM] ep088 batch 4: use=2.3G peak=2.6G limit=n/a anon=1.2G file=0.7G slab=0.4G
[MEM] ep088 batch 5: use=2.3G peak=2.6G limit=n/a anon=1.2G file=0.7G slab=0.4G
[MEM] ep088 batch 500: use=2.4G peak=2.6G limit=n/a anon=1.3G file=0.7G slab=0.4G
[MEM] ep088 batch 1000: use=2.4G peak=2.6G limit=n/a anon=1.3G file=0.7G slab=0.4G
[MEM] ep088 batch 1500: use=2.4G peak=2.6G limit=n/a anon=1.3G file=0.7G slab=0.4G
[MEM] ep088 batch 2000: use=2.5G peak=2.6G limit=n/a anon=1.4G file=0.7G slab=0.4G
[MEM] ep088 batch 2500: use=2.5G peak=2.6G limit=n/a anon=1.4G file=0.7G slab=0.4G
[MEM] ep088 batch 3000: use=2.5G peak=2.6G limit=n/a anon=1.4G file=0.7G slab=0.4G
[MEM] ep088 batch 3500: use=2.5G peak=2.6G limit=n/a anon=1.4G file=0.7G slab=0.4G
[MEM] ep088 batch 4000: use=2.6G peak=2.6G limit=n/a anon=1.4G file=0.7G slab=0.4G
[MEM] ep088 batch 4500: use=2.6G peak=2.6G limit=n/a anon=1.5G file=0.7G slab=0.4G
[MEM] ep088 batch 5000: use=2.6G peak=2.6G limit=n/a anon=1.5G file=0.7G slab=0.4G
[MEM] ep088 batch 5500: use=2.6G peak=2.6G limit=n/a anon=1.5G file=0.7G slab=0.4G
[MEM] ep088 val-start: use=2.2G peak=2.6G limit=n/a anon=1.1G file=0.7G slab=0.4G
[MEM] end epoch 088: use=2.2G peak=2.6G limit=n/a anon=1.1G file=0.7G slab=0.4G
Epoch 088 | Train Huber 0.2614 MAE 0.5899 | Val Huber 0.2598 MAE 0.5844 | LR 5.00e-05
[MEM] ep089 train-start: use=2.2G peak=2.6G limit=n/a anon=1.1G file=0.7G slab=0.4G
[MEM] ep089 batch 1: use=2.3G peak=2.6G limit=n/a anon=1.2G file=0.7G slab=0.4G
[MEM] ep089 batch 2: use=2.3G peak=2.6G limit=n/a anon=1.2G file=0.7G slab=0.4G
[MEM] ep089 batch 3: use=2.3G peak=2.6G limit=n/a anon=1.2G file=0.7G slab=0.4G
[MEM] ep089 batch 4: use=2.3G peak=2.6G limit=n/a anon=1.2G file=0.7G slab=0.4G
[MEM] ep089 batch 5: use=2.3G peak=2.6G limit=n/a anon=1.2G file=0.7G slab=0.4G
[MEM] ep089 batch 500: use=2.4G peak=2.6G limit=n/a anon=1.3G file=0.7G slab=0.4G
[MEM] ep089 batch 1000: use=2.4G peak=2.6G limit=n/a anon=1.3G file=0.7G slab=0.4G
[MEM] ep089 batch 1500: use=2.4G peak=2.6G limit=n/a anon=1.3G file=0.7G slab=0.4G
[MEM] ep089 batch 2000: use=2.5G peak=2.6G limit=n/a anon=1.4G file=0.7G slab=0.4G
[MEM] ep089 batch 2500: use=2.5G peak=2.6G limit=n/a anon=1.4G file=0.7G slab=0.4G
[MEM] ep089 batch 3000: use=2.5G peak=2.6G limit=n/a anon=1.4G file=0.7G slab=0.4G
[MEM] ep089 batch 3500: use=2.5G peak=2.6G limit=n/a anon=1.4G file=0.7G slab=0.4G
[MEM] ep089 batch 4000: use=2.6G peak=2.6G limit=n/a anon=1.4G file=0.7G slab=0.4G
[MEM] ep089 batch 4500: use=2.6G peak=2.6G limit=n/a anon=1.5G file=0.7G slab=0.4G
[MEM] ep089 batch 5000: use=2.6G peak=2.6G limit=n/a anon=1.5G file=0.7G slab=0.4G
[MEM] ep089 batch 5500: use=2.6G peak=2.6G limit=n/a anon=1.5G file=0.7G slab=0.4G
[MEM] ep089 val-start: use=2.2G peak=2.6G limit=n/a anon=1.1G file=0.7G slab=0.4G
[MEM] end epoch 089: use=2.2G peak=2.6G limit=n/a anon=1.1G file=0.7G slab=0.4G
Epoch 089 | Train Huber 0.2605 MAE 0.5890 | Val Huber 0.2641 MAE 0.5900 | LR 5.00e-05
[MEM] ep090 train-start: use=2.2G peak=2.6G limit=n/a anon=1.1G file=0.7G slab=0.4G
[MEM] ep090 batch 1: use=2.3G peak=2.6G limit=n/a anon=1.2G file=0.7G slab=0.4G
[MEM] ep090 batch 2: use=2.3G peak=2.6G limit=n/a anon=1.2G file=0.7G slab=0.4G
[MEM] ep090 batch 3: use=2.3G peak=2.6G limit=n/a anon=1.2G file=0.7G slab=0.4G
[MEM] ep090 batch 4: use=2.3G peak=2.6G limit=n/a anon=1.2G file=0.7G slab=0.4G
[MEM] ep090 batch 5: use=2.3G peak=2.6G limit=n/a anon=1.2G file=0.7G slab=0.4G
[MEM] ep090 batch 500: use=2.4G peak=2.6G limit=n/a anon=1.3G file=0.7G slab=0.4G
[MEM] ep090 batch 1000: use=2.4G peak=2.6G limit=n/a anon=1.3G file=0.7G slab=0.4G
[MEM] ep090 batch 1500: use=2.4G peak=2.6G limit=n/a anon=1.3G file=0.7G slab=0.4G
[MEM] ep090 batch 2000: use=2.5G peak=2.6G limit=n/a anon=1.4G file=0.7G slab=0.4G
[MEM] ep090 batch 2500: use=2.5G peak=2.6G limit=n/a anon=1.4G file=0.7G slab=0.4G
[MEM] ep090 batch 3000: use=2.5G peak=2.6G limit=n/a anon=1.4G file=0.7G slab=0.4G
[MEM] ep090 batch 3500: use=2.5G peak=2.6G limit=n/a anon=1.4G file=0.7G slab=0.4G
[MEM] ep090 batch 4000: use=2.6G peak=2.6G limit=n/a anon=1.4G file=0.7G slab=0.4G
[MEM] ep090 batch 4500: use=2.6G peak=2.6G limit=n/a anon=1.5G file=0.7G slab=0.4G
[MEM] ep090 batch 5000: use=2.6G peak=2.6G limit=n/a anon=1.5G file=0.7G slab=0.4G
[MEM] ep090 batch 5500: use=2.6G peak=2.6G limit=n/a anon=1.5G file=0.7G slab=0.4G
[MEM] ep090 val-start: use=2.2G peak=2.6G limit=n/a anon=1.1G file=0.7G slab=0.4G
[MEM] end epoch 090: use=2.2G peak=2.6G limit=n/a anon=1.1G file=0.7G slab=0.4G
Epoch 090 | Train Huber 0.2608 MAE 0.5890 | Val Huber 0.2576 MAE 0.5812 | LR 5.00e-05
[MEM] ep091 train-start: use=2.2G peak=2.6G limit=n/a anon=1.1G file=0.7G slab=0.4G
[MEM] ep091 batch 1: use=2.3G peak=2.6G limit=n/a anon=1.2G file=0.7G slab=0.4G
[MEM] ep091 batch 2: use=2.3G peak=2.6G limit=n/a anon=1.2G file=0.7G slab=0.4G
[MEM] ep091 batch 3: use=2.3G peak=2.6G limit=n/a anon=1.2G file=0.7G slab=0.4G
[MEM] ep091 batch 4: use=2.3G peak=2.6G limit=n/a anon=1.2G file=0.7G slab=0.4G
[MEM] ep091 batch 5: use=2.3G peak=2.6G limit=n/a anon=1.2G file=0.7G slab=0.4G
[MEM] ep091 batch 500: use=2.4G peak=2.6G limit=n/a anon=1.3G file=0.7G slab=0.4G
[MEM] ep091 batch 1000: use=2.4G peak=2.6G limit=n/a anon=1.3G file=0.7G slab=0.4G
[MEM] ep091 batch 1500: use=2.4G peak=2.6G limit=n/a anon=1.3G file=0.7G slab=0.4G
[MEM] ep091 batch 2000: use=2.5G peak=2.6G limit=n/a anon=1.4G file=0.7G slab=0.4G
[MEM] ep091 batch 2500: use=2.5G peak=2.6G limit=n/a anon=1.4G file=0.7G slab=0.4G
[MEM] ep091 batch 3000: use=2.5G peak=2.6G limit=n/a anon=1.4G file=0.7G slab=0.4G
[MEM] ep091 batch 3500: use=2.5G peak=2.6G limit=n/a anon=1.4G file=0.7G slab=0.4G
[MEM] ep091 batch 4000: use=2.6G peak=2.6G limit=n/a anon=1.4G file=0.7G slab=0.4G
[MEM] ep091 batch 4500: use=2.6G peak=2.6G limit=n/a anon=1.5G file=0.7G slab=0.4G
[MEM] ep091 batch 5000: use=2.6G peak=2.6G limit=n/a anon=1.5G file=0.7G slab=0.4G
[MEM] ep091 batch 5500: use=2.6G peak=2.6G limit=n/a anon=1.5G file=0.7G slab=0.4G
[MEM] ep091 val-start: use=2.2G peak=2.6G limit=n/a anon=1.1G file=0.7G slab=0.4G
[MEM] end epoch 091: use=2.2G peak=2.6G limit=n/a anon=1.1G file=0.7G slab=0.4G
Epoch 091 | Train Huber 0.2608 MAE 0.5892 | Val Huber 0.2623 MAE 0.5878 | LR 5.00e-05
[MEM] ep092 train-start: use=2.2G peak=2.6G limit=n/a anon=1.1G file=0.7G slab=0.4G
[MEM] ep092 batch 1: use=2.3G peak=2.6G limit=n/a anon=1.2G file=0.7G slab=0.4G
[MEM] ep092 batch 2: use=2.3G peak=2.6G limit=n/a anon=1.2G file=0.7G slab=0.4G
[MEM] ep092 batch 3: use=2.3G peak=2.6G limit=n/a anon=1.2G file=0.7G slab=0.4G
[MEM] ep092 batch 4: use=2.3G peak=2.6G limit=n/a anon=1.2G file=0.7G slab=0.4G
[MEM] ep092 batch 5: use=2.3G peak=2.6G limit=n/a anon=1.2G file=0.7G slab=0.4G
[MEM] ep092 batch 500: use=2.4G peak=2.6G limit=n/a anon=1.3G file=0.7G slab=0.4G
[MEM] ep092 batch 1000: use=2.4G peak=2.6G limit=n/a anon=1.3G file=0.7G slab=0.4G
[MEM] ep092 batch 1500: use=2.4G peak=2.6G limit=n/a anon=1.3G file=0.7G slab=0.4G
[MEM] ep092 batch 2000: use=2.5G peak=2.6G limit=n/a anon=1.4G file=0.7G slab=0.4G
[MEM] ep092 batch 2500: use=2.5G peak=2.6G limit=n/a anon=1.4G file=0.7G slab=0.4G
[MEM] ep092 batch 3000: use=2.5G peak=2.6G limit=n/a anon=1.4G file=0.7G slab=0.4G
[MEM] ep092 batch 3500: use=2.5G peak=2.6G limit=n/a anon=1.4G file=0.7G slab=0.4G
[MEM] ep092 batch 4000: use=2.6G peak=2.6G limit=n/a anon=1.4G file=0.7G slab=0.4G
[MEM] ep092 batch 4500: use=2.6G peak=2.6G limit=n/a anon=1.5G file=0.7G slab=0.4G
[MEM] ep092 batch 5000: use=2.6G peak=2.6G limit=n/a anon=1.5G file=0.7G slab=0.4G
[MEM] ep092 batch 5500: use=2.6G peak=2.6G limit=n/a anon=1.5G file=0.7G slab=0.4G
[MEM] ep092 val-start: use=2.2G peak=2.6G limit=n/a anon=1.1G file=0.7G slab=0.4G
[MEM] end epoch 092: use=2.2G peak=2.6G limit=n/a anon=1.1G file=0.7G slab=0.4G
Epoch 092 | Train Huber 0.2601 MAE 0.5886 | Val Huber 0.2591 MAE 0.5824 | LR 5.00e-05
[MEM] ep093 train-start: use=2.2G peak=2.6G limit=n/a anon=1.1G file=0.7G slab=0.4G
[MEM] ep093 batch 1: use=2.3G peak=2.6G limit=n/a anon=1.2G file=0.7G slab=0.4G
[MEM] ep093 batch 2: use=2.3G peak=2.6G limit=n/a anon=1.2G file=0.7G slab=0.4G
[MEM] ep093 batch 3: use=2.3G peak=2.6G limit=n/a anon=1.2G file=0.7G slab=0.4G
[MEM] ep093 batch 4: use=2.3G peak=2.6G limit=n/a anon=1.2G file=0.7G slab=0.4G
[MEM] ep093 batch 5: use=2.3G peak=2.6G limit=n/a anon=1.2G file=0.7G slab=0.4G
[MEM] ep093 batch 500: use=2.4G peak=2.6G limit=n/a anon=1.3G file=0.7G slab=0.4G
[MEM] ep093 batch 1000: use=2.4G peak=2.6G limit=n/a anon=1.3G file=0.7G slab=0.4G
[MEM] ep093 batch 1500: use=2.4G peak=2.6G limit=n/a anon=1.3G file=0.7G slab=0.4G
[MEM] ep093 batch 2000: use=2.5G peak=2.6G limit=n/a anon=1.4G file=0.7G slab=0.4G
[MEM] ep093 batch 2500: use=2.5G peak=2.6G limit=n/a anon=1.4G file=0.7G slab=0.4G
[MEM] ep093 batch 3000: use=2.5G peak=2.6G limit=n/a anon=1.4G file=0.7G slab=0.4G
[MEM] ep093 batch 3500: use=2.5G peak=2.6G limit=n/a anon=1.4G file=0.7G slab=0.4G
[MEM] ep093 batch 4000: use=2.6G peak=2.6G limit=n/a anon=1.4G file=0.7G slab=0.4G
[MEM] ep093 batch 4500: use=2.6G peak=2.6G limit=n/a anon=1.5G file=0.7G slab=0.4G
[MEM] ep093 batch 5000: use=2.6G peak=2.6G limit=n/a anon=1.5G file=0.7G slab=0.4G
[MEM] ep093 batch 5500: use=2.6G peak=2.6G limit=n/a anon=1.5G file=0.7G slab=0.4G
[MEM] ep093 val-start: use=2.2G peak=2.6G limit=n/a anon=1.1G file=0.7G slab=0.4G
[MEM] end epoch 093: use=2.2G peak=2.6G limit=n/a anon=1.1G file=0.7G slab=0.4G
Epoch 093 | Train Huber 0.2599 MAE 0.5881 | Val Huber 0.2596 MAE 0.5852 | LR 5.00e-05
[MEM] ep094 train-start: use=2.2G peak=2.6G limit=n/a anon=1.1G file=0.7G slab=0.4G
[MEM] ep094 batch 1: use=2.3G peak=2.6G limit=n/a anon=1.2G file=0.7G slab=0.4G
[MEM] ep094 batch 2: use=2.3G peak=2.6G limit=n/a anon=1.2G file=0.7G slab=0.4G
[MEM] ep094 batch 3: use=2.3G peak=2.6G limit=n/a anon=1.2G file=0.7G slab=0.4G
[MEM] ep094 batch 4: use=2.3G peak=2.6G limit=n/a anon=1.2G file=0.7G slab=0.4G
[MEM] ep094 batch 5: use=2.3G peak=2.6G limit=n/a anon=1.2G file=0.7G slab=0.4G
[MEM] ep094 batch 500: use=2.4G peak=2.6G limit=n/a anon=1.3G file=0.7G slab=0.4G
[MEM] ep094 batch 1000: use=2.4G peak=2.6G limit=n/a anon=1.3G file=0.7G slab=0.4G
[MEM] ep094 batch 1500: use=2.4G peak=2.6G limit=n/a anon=1.3G file=0.7G slab=0.4G
[MEM] ep094 batch 2000: use=2.5G peak=2.6G limit=n/a anon=1.4G file=0.7G slab=0.4G
[MEM] ep094 batch 2500: use=2.5G peak=2.6G limit=n/a anon=1.4G file=0.7G slab=0.4G
[MEM] ep094 batch 3000: use=2.5G peak=2.6G limit=n/a anon=1.4G file=0.7G slab=0.4G
[MEM] ep094 batch 3500: use=2.5G peak=2.6G limit=n/a anon=1.4G file=0.7G slab=0.4G
[MEM] ep094 batch 4000: use=2.6G peak=2.6G limit=n/a anon=1.4G file=0.7G slab=0.4G
[MEM] ep094 batch 4500: use=2.6G peak=2.6G limit=n/a anon=1.5G file=0.7G slab=0.4G
[MEM] ep094 batch 5000: use=2.6G peak=2.6G limit=n/a anon=1.5G file=0.7G slab=0.4G
[MEM] ep094 batch 5500: use=2.6G peak=2.6G limit=n/a anon=1.5G file=0.7G slab=0.4G
[MEM] ep094 val-start: use=2.2G peak=2.6G limit=n/a anon=1.1G file=0.7G slab=0.4G
[MEM] end epoch 094: use=2.2G peak=2.6G limit=n/a anon=1.1G file=0.7G slab=0.4G
Epoch 094 | Train Huber 0.2600 MAE 0.5880 | Val Huber 0.2639 MAE 0.5889 | LR 5.00e-05
[MEM] ep095 train-start: use=2.2G peak=2.6G limit=n/a anon=1.1G file=0.7G slab=0.4G
[MEM] ep095 batch 1: use=2.3G peak=2.6G limit=n/a anon=1.2G file=0.7G slab=0.4G
[MEM] ep095 batch 2: use=2.3G peak=2.6G limit=n/a anon=1.2G file=0.7G slab=0.4G
[MEM] ep095 batch 3: use=2.3G peak=2.6G limit=n/a anon=1.2G file=0.7G slab=0.4G
[MEM] ep095 batch 4: use=2.3G peak=2.6G limit=n/a anon=1.2G file=0.7G slab=0.4G
[MEM] ep095 batch 5: use=2.3G peak=2.6G limit=n/a anon=1.2G file=0.7G slab=0.4G
[MEM] ep095 batch 500: use=2.4G peak=2.6G limit=n/a anon=1.3G file=0.7G slab=0.4G
[MEM] ep095 batch 1000: use=2.4G peak=2.6G limit=n/a anon=1.3G file=0.7G slab=0.4G
[MEM] ep095 batch 1500: use=2.4G peak=2.6G limit=n/a anon=1.3G file=0.7G slab=0.4G
[MEM] ep095 batch 2000: use=2.5G peak=2.6G limit=n/a anon=1.4G file=0.7G slab=0.4G
[MEM] ep095 batch 2500: use=2.5G peak=2.6G limit=n/a anon=1.4G file=0.7G slab=0.4G
[MEM] ep095 batch 3000: use=2.5G peak=2.6G limit=n/a anon=1.4G file=0.7G slab=0.4G
[MEM] ep095 batch 3500: use=2.5G peak=2.6G limit=n/a anon=1.4G file=0.7G slab=0.4G
[MEM] ep095 batch 4000: use=2.6G peak=2.6G limit=n/a anon=1.4G file=0.7G slab=0.4G
[MEM] ep095 batch 4500: use=2.6G peak=2.6G limit=n/a anon=1.5G file=0.7G slab=0.4G
[MEM] ep095 batch 5000: use=2.6G peak=2.6G limit=n/a anon=1.5G file=0.7G slab=0.4G
[MEM] ep095 batch 5500: use=2.6G peak=2.6G limit=n/a anon=1.5G file=0.7G slab=0.4G
[MEM] ep095 val-start: use=2.2G peak=2.6G limit=n/a anon=1.1G file=0.7G slab=0.4G
[MEM] end epoch 095: use=2.2G peak=2.6G limit=n/a anon=1.1G file=0.7G slab=0.4G
Epoch 095 | Train Huber 0.2594 MAE 0.5871 | Val Huber 0.2653 MAE 0.5913 | LR 5.00e-05
[MEM] ep096 train-start: use=2.2G peak=2.6G limit=n/a anon=1.1G file=0.7G slab=0.4G
[MEM] ep096 batch 1: use=2.3G peak=2.6G limit=n/a anon=1.2G file=0.7G slab=0.4G
[MEM] ep096 batch 2: use=2.3G peak=2.6G limit=n/a anon=1.2G file=0.7G slab=0.4G
[MEM] ep096 batch 3: use=2.3G peak=2.6G limit=n/a anon=1.2G file=0.7G slab=0.4G
[MEM] ep096 batch 4: use=2.3G peak=2.6G limit=n/a anon=1.2G file=0.7G slab=0.4G
[MEM] ep096 batch 5: use=2.3G peak=2.6G limit=n/a anon=1.2G file=0.7G slab=0.4G
[MEM] ep096 batch 500: use=2.4G peak=2.6G limit=n/a anon=1.3G file=0.7G slab=0.4G
[MEM] ep096 batch 1000: use=2.4G peak=2.6G limit=n/a anon=1.3G file=0.7G slab=0.4G
[MEM] ep096 batch 1500: use=2.4G peak=2.6G limit=n/a anon=1.3G file=0.7G slab=0.4G
[MEM] ep096 batch 2000: use=2.5G peak=2.6G limit=n/a anon=1.4G file=0.7G slab=0.4G
[MEM] ep096 batch 2500: use=2.5G peak=2.6G limit=n/a anon=1.4G file=0.7G slab=0.4G
[MEM] ep096 batch 3000: use=2.5G peak=2.6G limit=n/a anon=1.4G file=0.7G slab=0.4G
[MEM] ep096 batch 3500: use=2.5G peak=2.6G limit=n/a anon=1.4G file=0.7G slab=0.4G
[MEM] ep096 batch 4000: use=2.6G peak=2.6G limit=n/a anon=1.4G file=0.7G slab=0.4G
[MEM] ep096 batch 4500: use=2.6G peak=2.6G limit=n/a anon=1.5G file=0.7G slab=0.4G
[MEM] ep096 batch 5000: use=2.6G peak=2.6G limit=n/a anon=1.5G file=0.7G slab=0.4G
[MEM] ep096 batch 5500: use=2.6G peak=2.6G limit=n/a anon=1.5G file=0.7G slab=0.4G
[MEM] ep096 val-start: use=2.2G peak=2.6G limit=n/a anon=1.1G file=0.7G slab=0.4G
[MEM] end epoch 096: use=2.2G peak=2.6G limit=n/a anon=1.1G file=0.7G slab=0.4G
Epoch 096 | Train Huber 0.2592 MAE 0.5869 | Val Huber 0.2563 MAE 0.5816 | LR 5.00e-05
[MEM] ep097 train-start: use=2.2G peak=2.6G limit=n/a anon=1.1G file=0.7G slab=0.4G
[MEM] ep097 batch 1: use=2.3G peak=2.6G limit=n/a anon=1.2G file=0.7G slab=0.4G
[MEM] ep097 batch 2: use=2.3G peak=2.6G limit=n/a anon=1.2G file=0.7G slab=0.4G
[MEM] ep097 batch 3: use=2.3G peak=2.6G limit=n/a anon=1.2G file=0.7G slab=0.4G
[MEM] ep097 batch 4: use=2.3G peak=2.6G limit=n/a anon=1.2G file=0.7G slab=0.4G
[MEM] ep097 batch 5: use=2.3G peak=2.6G limit=n/a anon=1.2G file=0.7G slab=0.4G
[MEM] ep097 batch 500: use=2.4G peak=2.6G limit=n/a anon=1.3G file=0.7G slab=0.4G
[MEM] ep097 batch 1000: use=2.4G peak=2.6G limit=n/a anon=1.3G file=0.7G slab=0.4G
[MEM] ep097 batch 1500: use=2.4G peak=2.6G limit=n/a anon=1.3G file=0.7G slab=0.4G
[MEM] ep097 batch 2000: use=2.5G peak=2.6G limit=n/a anon=1.4G file=0.7G slab=0.4G
[MEM] ep097 batch 2500: use=2.5G peak=2.6G limit=n/a anon=1.4G file=0.7G slab=0.4G
[MEM] ep097 batch 3000: use=2.5G peak=2.6G limit=n/a anon=1.4G file=0.7G slab=0.4G
[MEM] ep097 batch 3500: use=2.5G peak=2.6G limit=n/a anon=1.4G file=0.7G slab=0.4G
[MEM] ep097 batch 4000: use=2.6G peak=2.6G limit=n/a anon=1.4G file=0.7G slab=0.4G
[MEM] ep097 batch 4500: use=2.6G peak=2.6G limit=n/a anon=1.5G file=0.7G slab=0.4G
[MEM] ep097 batch 5000: use=2.6G peak=2.6G limit=n/a anon=1.5G file=0.7G slab=0.4G
[MEM] ep097 batch 5500: use=2.6G peak=2.6G limit=n/a anon=1.5G file=0.7G slab=0.4G
[MEM] ep097 val-start: use=2.2G peak=2.6G limit=n/a anon=1.1G file=0.7G slab=0.4G
[MEM] end epoch 097: use=2.2G peak=2.6G limit=n/a anon=1.1G file=0.7G slab=0.4G
Epoch 097 | Train Huber 0.2596 MAE 0.5878 | Val Huber 0.2592 MAE 0.5830 | LR 5.00e-05
[MEM] ep098 train-start: use=2.2G peak=2.6G limit=n/a anon=1.1G file=0.7G slab=0.4G
[MEM] ep098 batch 1: use=2.3G peak=2.6G limit=n/a anon=1.2G file=0.7G slab=0.4G
[MEM] ep098 batch 2: use=2.3G peak=2.6G limit=n/a anon=1.2G file=0.7G slab=0.4G
[MEM] ep098 batch 3: use=2.3G peak=2.6G limit=n/a anon=1.2G file=0.7G slab=0.4G
[MEM] ep098 batch 4: use=2.3G peak=2.6G limit=n/a anon=1.2G file=0.7G slab=0.4G
[MEM] ep098 batch 5: use=2.3G peak=2.6G limit=n/a anon=1.2G file=0.7G slab=0.4G
[MEM] ep098 batch 500: use=2.4G peak=2.6G limit=n/a anon=1.3G file=0.7G slab=0.4G
[MEM] ep098 batch 1000: use=2.4G peak=2.6G limit=n/a anon=1.3G file=0.7G slab=0.4G
[MEM] ep098 batch 1500: use=2.4G peak=2.6G limit=n/a anon=1.3G file=0.7G slab=0.4G
[MEM] ep098 batch 2000: use=2.5G peak=2.6G limit=n/a anon=1.4G file=0.7G slab=0.4G
[MEM] ep098 batch 2500: use=2.5G peak=2.6G limit=n/a anon=1.4G file=0.7G slab=0.4G
[MEM] ep098 batch 3000: use=2.5G peak=2.6G limit=n/a anon=1.4G file=0.7G slab=0.4G
[MEM] ep098 batch 3500: use=2.5G peak=2.6G limit=n/a anon=1.4G file=0.7G slab=0.4G
[MEM] ep098 batch 4000: use=2.6G peak=2.6G limit=n/a anon=1.4G file=0.7G slab=0.4G
[MEM] ep098 batch 4500: use=2.6G peak=2.6G limit=n/a anon=1.5G file=0.7G slab=0.4G
[MEM] ep098 batch 5000: use=2.6G peak=2.6G limit=n/a anon=1.5G file=0.7G slab=0.4G
[MEM] ep098 batch 5500: use=2.6G peak=2.6G limit=n/a anon=1.5G file=0.7G slab=0.4G
[MEM] ep098 val-start: use=2.2G peak=2.6G limit=n/a anon=1.1G file=0.7G slab=0.4G
[MEM] end epoch 098: use=2.2G peak=2.6G limit=n/a anon=1.1G file=0.7G slab=0.4G
Epoch 098 | Train Huber 0.2593 MAE 0.5873 | Val Huber 0.2574 MAE 0.5815 | LR 5.00e-05
[MEM] ep099 train-start: use=2.2G peak=2.6G limit=n/a anon=1.1G file=0.7G slab=0.4G
[MEM] ep099 batch 1: use=2.3G peak=2.6G limit=n/a anon=1.2G file=0.7G slab=0.4G
[MEM] ep099 batch 2: use=2.3G peak=2.6G limit=n/a anon=1.2G file=0.7G slab=0.4G
[MEM] ep099 batch 3: use=2.3G peak=2.6G limit=n/a anon=1.2G file=0.7G slab=0.4G
[MEM] ep099 batch 4: use=2.3G peak=2.6G limit=n/a anon=1.2G file=0.7G slab=0.4G
[MEM] ep099 batch 5: use=2.3G peak=2.6G limit=n/a anon=1.2G file=0.7G slab=0.4G
[MEM] ep099 batch 500: use=2.4G peak=2.6G limit=n/a anon=1.3G file=0.7G slab=0.4G
[MEM] ep099 batch 1000: use=2.4G peak=2.6G limit=n/a anon=1.3G file=0.7G slab=0.4G
[MEM] ep099 batch 1500: use=2.4G peak=2.6G limit=n/a anon=1.3G file=0.7G slab=0.4G
[MEM] ep099 batch 2000: use=2.5G peak=2.6G limit=n/a anon=1.4G file=0.7G slab=0.4G
[MEM] ep099 batch 2500: use=2.5G peak=2.6G limit=n/a anon=1.4G file=0.7G slab=0.4G
[MEM] ep099 batch 3000: use=2.5G peak=2.6G limit=n/a anon=1.4G file=0.7G slab=0.4G
[MEM] ep099 batch 3500: use=2.5G peak=2.6G limit=n/a anon=1.4G file=0.7G slab=0.4G
[MEM] ep099 batch 4000: use=2.6G peak=2.6G limit=n/a anon=1.4G file=0.7G slab=0.4G
[MEM] ep099 batch 4500: use=2.6G peak=2.6G limit=n/a anon=1.5G file=0.7G slab=0.4G
[MEM] ep099 batch 5000: use=2.6G peak=2.6G limit=n/a anon=1.5G file=0.7G slab=0.4G
[MEM] ep099 batch 5500: use=2.6G peak=2.6G limit=n/a anon=1.5G file=0.7G slab=0.4G
[MEM] ep099 val-start: use=2.2G peak=2.6G limit=n/a anon=1.1G file=0.7G slab=0.4G
[MEM] end epoch 099: use=2.2G peak=2.6G limit=n/a anon=1.1G file=0.7G slab=0.4G
Epoch 099 | Train Huber 0.2589 MAE 0.5867 | Val Huber 0.2604 MAE 0.5835 | LR 5.00e-05
[MEM] ep100 train-start: use=2.2G peak=2.6G limit=n/a anon=1.1G file=0.7G slab=0.4G
[MEM] ep100 batch 1: use=2.3G peak=2.6G limit=n/a anon=1.2G file=0.7G slab=0.4G
[MEM] ep100 batch 2: use=2.3G peak=2.6G limit=n/a anon=1.2G file=0.7G slab=0.4G
[MEM] ep100 batch 3: use=2.3G peak=2.6G limit=n/a anon=1.2G file=0.7G slab=0.4G
[MEM] ep100 batch 4: use=2.3G peak=2.6G limit=n/a anon=1.2G file=0.7G slab=0.4G
[MEM] ep100 batch 5: use=2.3G peak=2.6G limit=n/a anon=1.2G file=0.7G slab=0.4G
[MEM] ep100 batch 500: use=2.4G peak=2.6G limit=n/a anon=1.3G file=0.7G slab=0.4G
[MEM] ep100 batch 1000: use=2.4G peak=2.6G limit=n/a anon=1.3G file=0.7G slab=0.4G
[MEM] ep100 batch 1500: use=2.4G peak=2.6G limit=n/a anon=1.3G file=0.7G slab=0.4G
[MEM] ep100 batch 2000: use=2.5G peak=2.6G limit=n/a anon=1.4G file=0.7G slab=0.4G
[MEM] ep100 batch 2500: use=2.5G peak=2.6G limit=n/a anon=1.4G file=0.7G slab=0.4G
[MEM] ep100 batch 3000: use=2.5G peak=2.6G limit=n/a anon=1.4G file=0.7G slab=0.4G
[MEM] ep100 batch 3500: use=2.5G peak=2.6G limit=n/a anon=1.4G file=0.7G slab=0.4G
[MEM] ep100 batch 4000: use=2.6G peak=2.6G limit=n/a anon=1.4G file=0.7G slab=0.4G
[MEM] ep100 batch 4500: use=2.6G peak=2.6G limit=n/a anon=1.5G file=0.7G slab=0.4G
[MEM] ep100 batch 5000: use=2.6G peak=2.6G limit=n/a anon=1.5G file=0.7G slab=0.4G
[MEM] ep100 batch 5500: use=2.6G peak=2.6G limit=n/a anon=1.5G file=0.7G slab=0.4G
[MEM] ep100 val-start: use=2.2G peak=2.6G limit=n/a anon=1.1G file=0.7G slab=0.4G
[MEM] end epoch 100: use=2.2G peak=2.6G limit=n/a anon=1.1G file=0.7G slab=0.4G
Epoch 100 | Train Huber 0.2586 MAE 0.5864 | Val Huber 0.2593 MAE 0.5855 | LR 5.00e-05
Saved: /s/chopin/e/proj/hyperspec/masfiq/models/tinyPixelViT_version_5_fusion_geohash_month_koppen_SAR_version_6_California_North_10_2021.pth
