run,epoch,train_loss,train_mae,val_loss,val_mae,lr
resnet101_version_1_6173,1,4129.2234,40.4251,3713.0582,39.6682,
resnet101_version_1_6173,2,3755.8456,37.6335,3713.0909,39.7607,
resnet101_version_1_6173,3,3694.3392,37.0832,3856.4448,42.567,
resnet101_version_1_6173,4,3650.1086,36.7737,3530.2369,35.6265,
resnet101_version_1_6173,5,3625.9987,36.559,3563.5187,34.763,
resnet101_version_1_6173,6,3606.6949,36.4104,4319.0871,37.6195,
resnet101_version_1_6173,7,3584.8158,36.2558,3521.65,37.2487,
resnet101_version_1_6173,8,3565.8826,36.1346,3743.6026,34.0598,
resnet101_version_1_6173,9,3552.3158,36.0046,3514.7051,37.8604,
resnet101_version_1_6173,10,3535.8922,35.8831,750496.503,145.6381,
resnet101_version_1_6173,11,3521.3427,35.7414,881029.1255,175.4896,
resnet101_version_1_6173,12,3514.0281,35.7078,1892150.5617,221.9062,
resnet101_version_1_6173,13,3504.4717,35.5599,272363.6264,75.6838,
resnet101_version_1_6173,14,3494.6421,35.5051,87010.5396,64.7936,
resnet101_version_1_6173,15,3491.3724,35.5158,205909.7569,89.2714,
resnet101_version_1_6173,16,3479.0544,35.4277,4792237.564,329.7398,
resnet101_version_1_6173,17,3468.1185,35.2852,1080544.0048,204.2956,
resnet101_version_1_6173,18,3460.3866,35.2764,1032847.726,154.7198,
resnet101_version_1_6173,19,3453.323,35.1976,810913.0468,114.781,
resnet101_version_1_6173,20,3442.6204,35.1109,680912.297,108.1788,
resnet101_version_1_6173,21,3438.008,35.064,3595.5617,35.4266,
resnet101_version_1_6173,22,3433.2308,35.0351,5197506.0576,274.9241,
resnet101_version_1_6173,23,3427.8768,34.9889,3146732.2785,208.7914,
resnet101_version_1_6173,24,3433.071,35.0108,26947026.4685,860.5772,
resnet101_version_1_6173,25,3423.4933,34.9475,16168956.1069,527.4791,
resnet101_version_1_6173,26,3416.9522,34.9043,68104127.0745,1231.3561,
resnet101_version_1_6173,27,3430.7335,35.009,81357636.2185,1550.7823,
resnet101_version_1_6173,28,3426.1914,35.0237,961586.3782,151.14,
resnet101_version_1_6173,29,3418.646,34.9349,590539.1474,122.0815,
resnet101_version_1_6173,30,3408.41,34.8482,26472566.1085,952.8831,
resnet101_version_1_6173,31,3419.9032,34.951,1623399.038,177.7125,
resnet101_version_1_6173,32,3411.3296,34.8644,93135.3731,74.0109,
resnet101_version_1_6173,33,3396.1665,34.7691,574224.9727,103.5664,
resnet101_version_1_6173,34,3392.435,34.7242,683596.6159,128.393,
resnet101_version_1_6173,35,3384.1631,34.6513,864486.9861,142.4367,
resnet101_version_1_6173,36,3376.4164,34.6114,6850674.3891,913.0005,
resnet101_version_1_6173,37,3422.8081,34.9777,23263000.2831,272.7288,
resnet101_version_1_6173,38,3463.5642,35.3476,425837.1425,61.9032,
resnet101_version_1_6173,39,3431.3347,35.0777,1357444.0982,674.5145,
resnet101_version_1_6173,40,3423.209,35.0194,3820.6302,35.7589,
resnet101_version_1_6173,41,3409.3971,34.9155,112968.6824,66.6607,
resnet101_version_1_6173,42,3388.4726,34.7699,87313.3349,53.4519,
resnet101_version_1_6173,43,3372.9218,34.618,2545191.4125,203.2401,
resnet101_version_1_6173,44,3368.3871,34.5924,23733631.5093,623.8829,
resnet101_version_1_6173,45,3358.9256,34.5282,4361804.901,175.1802,
resnet101_version_1_6173,46,3346.765,34.4573,3700.748,34.5058,
resnet101_version_1_6173,47,3346.4537,34.4512,139979942.1391,1534.0592,
resnet101_version_1_6173,48,3348.0601,34.4949,218223058.444,2044.056,
resnet101_version_1_6173,49,3341.0234,34.4611,1535763.3021,102.0244,
resnet101_version_1_6173,50,3335.8236,34.405,87711.1749,52.1179,
resnet101_version_1_6173,51,3334.8626,34.4286,10546308.8765,237.9693,
resnet101_version_1_6173,52,3328.1099,34.401,48299534.6434,886.5858,
resnet101_version_1_6173,53,3322.2555,34.3696,3685.1266,34.5458,
resnet101_version_1_6173,54,3313.9801,34.3105,23001645.3715,550.1978,
resnet101_version_1_6173,55,3308.5177,34.3023,43637580.7713,770.7404,
resnet101_version_1_6173,56,3301.2488,34.2578,3518.5403,35.0838,
resnet101_version_1_6173,57,3296.92,34.2181,54477390.2467,994.492,
resnet101_version_1_6173,58,3286.0091,34.1753,3647.8443,34.0868,
resnet101_version_1_6173,59,3279.5242,34.1453,3570.9586,34.301,
resnet101_version_1_6173,60,3278.7844,34.1248,3579.0875,34.6184,
resnet18_version4-5040,1,799.5157,21.8267,1278.984,25.2995,
resnet18_version4-5040,2,643.8113,18.5236,1097.3525,21.8414,
resnet18_version4-5040,3,297.4648,12.5245,860.4625,18.3098,
resnet18_version4-5040,4,298.0137,12.9446,700.299,17.6531,
resnet18_version4-5040,5,283.5127,11.4147,674.1241,18.1372,
resnet18_version4-5040,6,266.1324,11.2913,847.4362,23.3007,
resnet18_version4-5040,7,263.8285,11.3137,833.0227,23.0759,
resnet18_version4-5040,8,248.8422,11.2442,1731.8488,36.7192,
resnet18_version4-5040,9,221.8943,10.1384,1352.1401,31.2723,
resnet18_version4-5040,10,219.5186,10.2184,798.9528,21.7528,
resnet18_version4-5040,11,237.4583,10.915,798.4757,21.9379,
resnet18_version4-5040,12,226.1693,10.6413,953.2368,25.4836,
resnet18_version4-5040,13,229.1998,10.6613,697.9633,18.374,
resnet18_version4-5040,14,239.3134,10.4671,725.0232,19.5802,
resnet18_version4-5040,15,223.5488,10.5823,1165.2512,29.4038,
resnet18_version4-5040,16,241.75,10.8575,668.1503,18.6722,
resnet18_version4-5040,17,268.0311,10.3239,673.3671,18.3469,
resnet18_version4-5040,18,247.7689,11.6334,933.3721,26.004,
resnet18_version4-5040,19,254.147,11.0174,769.75,19.0261,
resnet18_version4-5040,20,283.9876,12.3566,721.8463,20.363,
resnet18_version4-5040,21,242.6389,10.8865,1008.26,26.0771,
resnet18_version4-5040,22,255.4496,11.7756,723.8985,19.8117,
resnet18_version4-5040,23,266.2026,11.2883,787.9087,17.4176,
resnet18_version4-5040,24,263.0658,11.8807,951.1017,25.5065,
resnet18_version4-5040,25,213.3522,10.6479,715.256,20.306,
resnet18_version4-5040,26,215.7596,9.9859,834.895,22.3094,
resnet18_version4-5040,27,240.1354,11.0472,687.9156,18.8492,
resnet18_version4-5040,28,222.1845,10.9653,764.4025,21.4699,
resnet18_version4-5040,29,267.9782,11.6158,838.0755,24.1098,
resnet18_version4-5040,30,213.6488,10.954,820.0404,23.6744,
resnet18_version4-5040,31,245.0506,11.0858,693.1462,19.8025,
resnet18_version4-5040,32,233.2871,10.6726,819.0071,22.5667,
resnet18_version4-5040,33,236.1458,10.6342,687.2853,17.4398,
resnet18_version4-5040,34,266.6619,11.8878,700.9955,17.6296,
resnet18_version4-5040,35,225.4491,9.889,679.6557,18.7285,
resnet18_version4-5040,36,224.7975,10.5353,767.1336,21.7054,
resnet18_version4-5040,37,224.2887,10.5619,742.6076,20.3761,
resnet18_version4-5040,38,249.2721,10.6959,767.6915,20.8329,
resnet18_version4-5040,39,219.8815,10.2146,946.3507,25.4996,
resnet18_version4-5040,40,211.1913,10.2452,872.3114,23.21,
resnet18_version4-5040,41,225.5217,10.492,785.7354,21.3227,
resnet18_version4-5040,42,203.1687,9.4335,818.9474,18.1029,
resnet18_version4-5040,43,212.4853,10.3117,881.7781,18.4763,
resnet18_version4-5040,44,197.9457,10.0077,1013.9943,26.7514,
resnet18_version4-5040,45,220.9333,10.6494,679.2843,17.3905,
resnet18_version4-5040,46,227.6772,10.3096,670.0567,18.766,
resnet18_version4-5040,47,233.2961,10.4703,805.5137,22.6223,
resnet18_version4-5040,48,217.1643,10.5473,1099.7229,28.5478,
resnet18_version4-5040,49,208.3821,10.0153,980.1932,25.8258,
resnet18_version4-5040,50,250.4725,10.3562,673.0272,17.8054,
resnet18_version4-5040,51,212.139,9.9277,685.6122,17.1579,
resnet18_version4-5040,52,212.5616,9.9971,685.1163,17.9402,
resnet18_version4-5040,53,200.5779,10.1042,699.1016,19.6019,
resnet18_version4-5040,54,201.6159,9.9065,765.3168,21.0235,
resnet18_version4-5040,55,202.7247,9.4919,823.5667,22.1204,
resnet18_version4-5040,56,213.0717,10.5619,885.856,23.7952,
resnet18_version4-5040,57,197.4374,9.6355,1400.0395,32.0832,
resnet18_version4-5040,58,200.188,9.9875,1278.2284,30.2905,
resnet18_version4-5040,59,179.0419,9.8968,881.6426,23.4622,
resnet18_version4-5040,60,203.3837,9.7614,1059.2145,26.4355,
resnet18_version_11_6611,1,0.5429,0.9305,0.3716,0.7368,1e-05
resnet18_version_11_6611,2,0.3917,0.7613,0.3494,0.7113,1e-05
resnet18_version_11_6611,3,0.3714,0.7346,0.3417,0.6945,1e-05
resnet18_version_11_6611,4,0.3597,0.7196,0.3404,0.6972,1e-05
resnet18_version_11_6611,5,0.3522,0.71,0.3264,0.6763,1e-05
resnet18_version_11_6611,6,0.3468,0.7027,0.3233,0.6706,1e-05
resnet18_version_11_6611,7,0.3411,0.6953,0.3185,0.6649,1e-05
resnet18_version_11_6611,8,0.3362,0.6887,0.3236,0.671,1e-05
resnet18_version_11_6611,9,0.3319,0.6832,0.3304,0.6809,1e-05
resnet18_version_11_6611,10,0.3286,0.6792,0.3225,0.668,1e-05
resnet18_version_11_6611,11,0.3258,0.6751,0.3244,0.6723,1e-05
resnet18_version_11_6611,12,0.3217,0.6696,0.3154,0.6625,1e-05
resnet18_version_11_6611,13,0.3192,0.6662,0.3159,0.6611,1e-05
resnet18_version_11_6611,14,0.3166,0.6627,0.3181,0.6606,1e-05
resnet18_version_11_6611,15,0.3142,0.6592,0.3168,0.659,1e-05
resnet18_version_11_6611,16,0.3119,0.6559,0.3143,0.6565,1e-05
resnet18_version_11_6611,17,0.309,0.6522,0.3132,0.6565,1e-05
resnet18_version_11_6611,18,0.3074,0.6502,0.3127,0.6571,1e-05
resnet18_version_11_6611,19,0.3052,0.6471,0.3161,0.659,1e-05
resnet18_version_11_6611,20,0.3034,0.6444,0.3169,0.6609,1e-05
resnet18_version_11_6611,21,0.3019,0.6423,0.3145,0.6565,1e-05
resnet18_version_11_6611,22,0.2998,0.6393,0.3171,0.6592,1e-05
resnet18_version_11_6611,23,0.2981,0.6369,0.3174,0.6619,1e-05
resnet18_version_11_6611,24,0.2964,0.6349,0.3145,0.6595,5e-06
resnet18_version_11_6611,25,0.2881,0.6233,0.3121,0.6542,5e-06
resnet18_version_11_6611,26,0.286,0.6195,0.3123,0.653,5e-06
resnet18_version_11_6611,27,0.2848,0.618,0.3157,0.6578,5e-06
resnet18_version_11_6611,28,0.2827,0.6147,0.3143,0.6583,5e-06
resnet18_version_11_6611,29,0.2815,0.6137,0.3158,0.6578,5e-06
resnet18_version_11_6611,30,0.2809,0.6122,0.3131,0.654,5e-06
resnet18_version_11_6611,31,0.2792,0.6096,0.3149,0.6571,2.5e-06
resnet18_version_11_6611,32,0.2753,0.6043,0.3148,0.6563,2.5e-06
resnet18_version_11_6611,33,0.2731,0.6007,0.3162,0.6572,2.5e-06
resnet18_version_11_6611,34,0.2725,0.5997,0.315,0.6571,2.5e-06
resnet18_version_11_6611,35,0.2722,0.5991,0.3171,0.6595,2.5e-06
resnet18_version_11_6611,36,0.2706,0.5973,0.3166,0.6587,2.5e-06
resnet18_version_11_6611,37,0.2703,0.5965,0.3196,0.6628,1.25e-06
resnet18_version_11_6611,38,0.2683,0.5935,0.3184,0.6608,1.25e-06
resnet18_version_11_6611,39,0.2669,0.5914,0.3156,0.6568,1.25e-06
resnet18_version_11_6611,40,0.2674,0.5921,0.3164,0.6575,1.25e-06
resnet18_version_11_6611,41,0.2665,0.5909,0.3175,0.6593,1.25e-06
resnet18_version_11_6611,42,0.2665,0.591,0.3182,0.6598,1.25e-06
resnet18_version_11_6611,43,0.2655,0.5896,0.318,0.6614,6.25e-07
resnet18_version_11_6611,44,0.2648,0.5879,0.3188,0.6614,6.25e-07
resnet18_version_11_6611,45,0.2637,0.5867,0.3171,0.6591,6.25e-07
resnet18_version_11_6611,46,0.2639,0.5868,0.3187,0.6603,6.25e-07
resnet18_version_11_6611,47,0.264,0.5871,0.3186,0.6613,6.25e-07
resnet18_version_11_6611,48,0.263,0.5857,0.3182,0.6598,6.25e-07
resnet18_version_11_6611,49,0.2635,0.5865,0.3183,0.6602,3.13e-07
resnet18_version_11_6611,50,0.2624,0.5847,0.3189,0.6607,3.13e-07
resnet18_version_11_6611,51,0.2615,0.5835,0.319,0.6613,3.13e-07
resnet18_version_11_6611,52,0.2624,0.5843,0.3181,0.6608,3.13e-07
resnet18_version_11_6611,53,0.2624,0.5844,0.3186,0.6601,3.13e-07
resnet18_version_11_6611,54,0.2622,0.5843,0.3186,0.6614,3.13e-07
resnet18_version_11_6611,55,0.2613,0.5834,0.3189,0.6604,1.56e-07
resnet18_version_11_6611,56,0.2616,0.5833,0.3184,0.6606,1.56e-07
resnet18_version_11_6611,57,0.2614,0.5831,0.3186,0.6605,1.56e-07
resnet18_version_11_6611,58,0.2616,0.5834,0.3186,0.6601,1.56e-07
resnet18_version_11_6611,59,0.2605,0.5818,0.3196,0.6621,1.56e-07
resnet18_version_11_6611,60,0.2615,0.5831,0.3188,0.6606,1.56e-07
resnet18_version_11_6611,61,0.2615,0.5833,0.319,0.6617,7.81e-08
resnet18_version_11_6611,62,0.2608,0.5826,0.3189,0.6619,7.81e-08
resnet18_version_11_6611,63,0.2608,0.5823,0.3193,0.6616,7.81e-08
resnet18_version_11_6611,64,0.2608,0.5822,0.3193,0.6614,7.81e-08
resnet18_version_11_6611,65,0.2617,0.5837,0.3197,0.6619,7.81e-08
resnet18_version_11_6611,66,0.261,0.5824,0.319,0.6604,7.81e-08
resnet18_version_11_6611,67,0.2607,0.5818,0.3196,0.6622,3.91e-08
resnet18_version_11_6611,68,0.2608,0.5822,0.3188,0.661,3.91e-08
resnet18_version_11_6611,69,0.2608,0.5823,0.3186,0.6597,3.91e-08
resnet18_version_11_6611,70,0.2603,0.5814,0.3189,0.661,3.91e-08
resnet18_version_11_6611,71,0.2612,0.5827,0.3195,0.6614,3.91e-08
resnet18_version_11_6611,72,0.2605,0.5817,0.319,0.6612,3.91e-08
resnet18_version_11_6611,73,0.2605,0.5817,0.3193,0.6616,1.95e-08
resnet18_version_11_6611,74,0.2606,0.5819,0.3181,0.6598,1.95e-08
resnet18_version_11_6611,75,0.2605,0.5816,0.3192,0.6608,1.95e-08
resnet18_version_11_6611,76,0.2603,0.5815,0.3198,0.6618,1.95e-08
resnet18_version_11_6611,77,0.2609,0.5817,0.3199,0.6625,1.95e-08
resnet18_version_11_6611,78,0.2609,0.5826,0.3188,0.661,1.95e-08
resnet18_version_11_6611,79,0.2607,0.582,0.3195,0.6614,1.95e-08
resnet18_version_11_6611,80,0.2607,0.582,0.3192,0.6612,1.95e-08
resnet18_version_11_6611,81,0.2606,0.5821,0.3191,0.661,1.95e-08
resnet18_version_11_6611,82,0.2608,0.5824,0.3191,0.6612,1.95e-08
resnet18_version_11_6611,83,0.2606,0.5822,0.3191,0.6605,1.95e-08
resnet18_version_11_6611,84,0.2606,0.5817,0.3191,0.6608,1.95e-08
resnet18_version_11_6611,85,0.2611,0.5824,0.3186,0.6604,1.95e-08
resnet18_version_11_6611,86,0.2605,0.5819,0.3193,0.6612,1.95e-08
resnet18_version_11_6611,87,0.2613,0.5826,0.3192,0.6609,1.95e-08
resnet18_version_11_6611,88,0.2605,0.5816,0.3189,0.6608,1.95e-08
resnet18_version_11_6611,89,0.2609,0.5824,0.3184,0.6602,1.95e-08
resnet18_version_11_6611,90,0.2604,0.5814,0.3187,0.6602,1.95e-08
resnet18_version_11_6611,91,0.2613,0.5829,0.3193,0.6612,1.95e-08
resnet18_version_11_6611,92,0.2603,0.5813,0.3192,0.6613,1.95e-08
resnet18_version_11_6611,93,0.2609,0.5822,0.3183,0.6593,1.95e-08
resnet18_version_11_6611,94,0.2608,0.5822,0.3195,0.6622,1.95e-08
resnet18_version_11_6611,95,0.2603,0.5815,0.3193,0.6618,1.95e-08
resnet18_version_11_6611,96,0.2608,0.5823,0.3193,0.6609,1.95e-08
resnet18_version_11_6611,97,0.2601,0.5811,0.3191,0.6611,1.95e-08
resnet18_version_11_6611,98,0.2607,0.5823,0.3197,0.6623,1.95e-08
resnet18_version_11_6611,99,0.2606,0.5821,0.3194,0.662,1.95e-08
resnet18_version_11_6611,100,0.2608,0.582,0.3191,0.6611,1.95e-08
resnet18_version_12_6675,1,0.5723,0.9625,0.3824,0.7479,1e-05
resnet18_version_12_6675,2,0.4017,0.7743,0.363,0.7249,1e-05
resnet18_version_12_6675,3,0.378,0.7445,0.3437,0.7011,1e-05
resnet18_version_12_6675,4,0.3647,0.7271,0.3422,0.7011,1e-05
resnet18_version_12_6675,5,0.3553,0.7144,0.3367,0.6889,1e-05
resnet18_version_12_6675,6,0.3477,0.7046,0.3302,0.6842,1e-05
resnet18_version_12_6675,7,0.3401,0.6948,0.3287,0.6785,1e-05
resnet18_version_12_6675,8,0.3336,0.6863,0.3287,0.6794,1e-05
resnet18_version_12_6675,9,0.3291,0.6805,0.3273,0.6744,1e-05
resnet18_version_12_6675,10,0.3232,0.6727,0.3306,0.6838,1e-05
resnet18_version_12_6675,11,0.3188,0.6669,0.3243,0.6732,1e-05
resnet18_version_12_6675,12,0.3134,0.6595,0.3289,0.6792,1e-05
resnet18_version_12_6675,13,0.3087,0.6534,0.3246,0.6733,1e-05
resnet18_version_12_6675,14,0.3052,0.6483,0.3308,0.6769,1e-05
resnet18_version_12_6675,15,0.3006,0.6424,0.3248,0.6716,1e-05
resnet18_version_12_6675,16,0.2975,0.638,0.3315,0.6771,1e-05
resnet18_version_12_6675,17,0.2946,0.6334,0.3288,0.6774,5e-06
resnet18_version_12_6675,18,0.2837,0.6185,0.3273,0.6734,5e-06
resnet18_version_12_6675,19,0.2795,0.6127,0.3265,0.6744,5e-06
resnet18_version_12_6675,20,0.2765,0.6082,0.3294,0.6766,5e-06
resnet18_version_12_6675,21,0.2744,0.6051,0.3281,0.674,5e-06
resnet18_version_12_6675,22,0.272,0.6018,0.3299,0.6761,5e-06
resnet18_version_12_6675,23,0.2707,0.5998,0.3298,0.6756,2.5e-06
resnet18_version_12_6675,24,0.2663,0.5931,0.331,0.6774,2.5e-06
resnet18_version_12_6675,25,0.2626,0.5881,0.3302,0.6775,2.5e-06
resnet18_version_12_6675,26,0.2613,0.5858,0.3308,0.6786,2.5e-06
resnet18_version_12_6675,27,0.2606,0.5845,0.3302,0.6754,2.5e-06
resnet18_version_12_6675,28,0.2591,0.5827,0.3323,0.6788,2.5e-06
resnet18_version_12_6675,29,0.2588,0.582,0.3312,0.6782,1.25e-06
resnet18_version_12_6675,30,0.2552,0.5767,0.3316,0.6778,1.25e-06
resnet18_version_12_6675,31,0.2545,0.5753,0.3315,0.6774,1.25e-06
resnet18_version_12_6675,32,0.2541,0.5747,0.3319,0.679,1.25e-06
resnet18_version_12_6675,33,0.2536,0.5743,0.3313,0.6793,1.25e-06
resnet18_version_12_6675,34,0.2528,0.5731,0.3321,0.6787,1.25e-06
resnet18_version_12_6675,35,0.2525,0.5725,0.332,0.6784,6.25e-07
resnet18_version_12_6675,36,0.2512,0.5705,0.3319,0.6781,6.25e-07
resnet18_version_12_6675,37,0.2499,0.5682,0.3336,0.68,6.25e-07
resnet18_version_12_6675,38,0.2502,0.5689,0.3326,0.6782,6.25e-07
resnet18_version_12_6675,39,0.2494,0.5677,0.332,0.6782,6.25e-07
resnet18_version_12_6675,40,0.2496,0.5677,0.3326,0.6787,6.25e-07
resnet18_version_12_6675,41,0.2489,0.5671,0.3321,0.6782,3.13e-07
resnet18_version_12_6675,42,0.2487,0.5668,0.3328,0.6792,3.13e-07
resnet18_version_12_6675,43,0.2483,0.5657,0.3326,0.6794,3.13e-07
resnet18_version_12_6675,44,0.2483,0.5661,0.3326,0.6794,3.13e-07
resnet18_version_12_6675,45,0.2483,0.5661,0.3322,0.6789,3.13e-07
resnet18_version_12_6675,46,0.2483,0.5663,0.3328,0.6794,3.13e-07
resnet18_version_12_6675,47,0.2469,0.5644,0.3329,0.6789,1.56e-07
resnet18_version_12_6675,48,0.2474,0.5645,0.3326,0.6789,1.56e-07
resnet18_version_12_6675,49,0.247,0.5641,0.3315,0.6776,1.56e-07
resnet18_version_12_6675,50,0.2474,0.5642,0.3331,0.6791,1.56e-07
resnet18_version_12_6675,51,0.2477,0.5645,0.3324,0.6792,1.56e-07
resnet18_version_12_6675,52,0.2466,0.5634,0.3322,0.679,1.56e-07
resnet18_version_12_6675,53,0.2469,0.5638,0.3332,0.6794,7.81e-08
resnet18_version_12_6675,54,0.2471,0.564,0.3326,0.6784,7.81e-08
resnet18_version_12_6675,55,0.2465,0.5634,0.3335,0.6796,7.81e-08
resnet18_version_12_6675,56,0.2471,0.5642,0.3328,0.6792,7.81e-08
resnet18_version_12_6675,57,0.2462,0.5631,0.3333,0.6799,7.81e-08
resnet18_version_12_6675,58,0.2462,0.5628,0.3337,0.6804,7.81e-08
resnet18_version_12_6675,59,0.247,0.5641,0.333,0.6793,3.91e-08
resnet18_version_12_6675,60,0.2462,0.5634,0.3333,0.6798,3.91e-08
resnet18_version_12_6675,61,0.2462,0.5626,0.3331,0.6796,3.91e-08
resnet18_version_12_6675,62,0.2469,0.5635,0.3333,0.6799,3.91e-08
resnet18_version_12_6675,63,0.2457,0.5619,0.3326,0.679,3.91e-08
resnet18_version_12_6675,64,0.2469,0.5636,0.3332,0.6794,3.91e-08
resnet18_version_12_6675,65,0.2467,0.5634,0.3332,0.6795,1.95e-08
resnet18_version_12_6675,66,0.2463,0.563,0.3342,0.6802,1.95e-08
resnet18_version_12_6675,67,0.246,0.5623,0.3328,0.6791,1.95e-08
resnet18_version_12_6675,68,0.2464,0.563,0.3325,0.6794,1.95e-08
resnet18_version_12_6675,69,0.2458,0.5621,0.3334,0.6799,1.95e-08
resnet18_version_12_6675,70,0.2466,0.5634,0.3322,0.6783,1.95e-08
resnet18_version_12_6675,71,0.2463,0.5627,0.3321,0.679,1.95e-08
resnet18_version_12_6675,72,0.2461,0.5626,0.3327,0.679,1.95e-08
resnet18_version_12_6675,73,0.2464,0.5629,0.333,0.6796,1.95e-08
resnet18_version_12_6675,74,0.2469,0.5635,0.334,0.6804,1.95e-08
resnet18_version_12_6675,75,0.2461,0.5626,0.3333,0.6801,1.95e-08
resnet18_version_12_6675,76,0.2461,0.5626,0.333,0.6791,1.95e-08
resnet18_version_12_6675,77,0.2465,0.5633,0.3331,0.6789,1.95e-08
resnet18_version_12_6675,78,0.246,0.5624,0.3322,0.6785,1.95e-08
resnet18_version_12_6675,79,0.2459,0.5624,0.3333,0.6798,1.95e-08
resnet18_version_12_6675,80,0.2464,0.5632,0.3337,0.6794,1.95e-08
resnet18_version_12_6675,81,0.2454,0.5615,0.3328,0.6791,1.95e-08
resnet18_version_12_6675,82,0.2464,0.563,0.333,0.6802,1.95e-08
resnet18_version_12_6675,83,0.2455,0.5617,0.3324,0.6791,1.95e-08
resnet18_version_12_6675,84,0.2458,0.5621,0.3324,0.6789,1.95e-08
resnet18_version_12_6675,85,0.2458,0.5621,0.333,0.6798,1.95e-08
resnet18_version_12_6675,86,0.2466,0.5631,0.3329,0.6793,1.95e-08
resnet18_version_12_6675,87,0.2461,0.5624,0.333,0.6794,1.95e-08
resnet18_version_12_6675,88,0.2456,0.5616,0.332,0.6787,1.95e-08
resnet18_version_12_6675,89,0.2466,0.5632,0.3322,0.6784,1.95e-08
resnet18_version_12_6675,90,0.2462,0.5623,0.3328,0.6796,1.95e-08
resnet18_version_12_6675,91,0.2458,0.5622,0.334,0.6796,1.95e-08
resnet18_version_12_6675,92,0.2462,0.5626,0.3332,0.6797,1.95e-08
resnet18_version_12_6675,93,0.2462,0.5629,0.3332,0.6792,1.95e-08
resnet18_version_12_6675,94,0.2459,0.5626,0.334,0.6805,1.95e-08
resnet18_version_12_6675,95,0.2458,0.5618,0.3337,0.6795,1.95e-08
resnet18_version_12_6675,96,0.2459,0.5624,0.3324,0.6792,1.95e-08
resnet18_version_12_6675,97,0.2459,0.5623,0.3331,0.6797,1.95e-08
resnet18_version_12_6675,98,0.2455,0.5616,0.3326,0.679,1.95e-08
resnet18_version_12_6675,99,0.2462,0.5624,0.3342,0.6811,1.95e-08
resnet18_version_12_6675,100,0.2455,0.5617,0.3327,0.6792,1.95e-08
resnet18_version_13_6800,1,0.5751,0.9592,0.3932,0.7556,1e-05
resnet18_version_13_6800,2,0.4124,0.7809,0.3629,0.7218,1e-05
resnet18_version_13_6800,3,0.3887,0.7527,0.3451,0.6966,1e-05
resnet18_version_13_6800,4,0.3783,0.741,0.3416,0.6975,1e-05
resnet18_version_13_6800,5,0.3708,0.7317,0.3371,0.6918,1e-05
resnet18_version_13_6800,6,0.3659,0.7257,0.3357,0.6889,1e-05
resnet18_version_13_6800,7,0.3603,0.7181,0.3379,0.6966,1e-05
resnet18_version_13_6800,8,0.357,0.7145,0.3308,0.6847,1e-05
resnet18_version_13_6800,9,0.3522,0.7087,0.333,0.6836,1e-05
resnet18_version_13_6800,10,0.3492,0.7051,0.3271,0.6769,1e-05
resnet18_version_13_6800,11,0.3449,0.6996,0.3265,0.6788,1e-05
resnet18_version_13_6800,12,0.3425,0.6969,0.3254,0.677,1e-05
resnet18_version_13_6800,13,0.3386,0.6913,0.3288,0.6843,1e-05
resnet18_version_13_6800,14,0.3361,0.6884,0.3247,0.6761,1e-05
resnet18_version_13_6800,15,0.3325,0.6833,0.3299,0.6819,1e-05
resnet18_version_13_6800,16,0.3294,0.6794,0.3254,0.6744,1e-05
resnet18_version_13_6800,17,0.3258,0.6748,0.3243,0.6733,1e-05
resnet18_version_13_6800,18,0.3219,0.6695,0.3257,0.674,1e-05
resnet18_version_13_6800,19,0.3184,0.6653,0.3254,0.6737,1e-05
resnet18_version_13_6800,20,0.3149,0.6601,0.3331,0.6841,1e-05
resnet18_version_13_6800,21,0.3119,0.656,0.3298,0.6813,1e-05
resnet18_version_13_6800,22,0.3078,0.6505,0.3272,0.6762,1e-05
resnet18_version_13_6800,23,0.3042,0.6461,0.3285,0.6766,5e-06
resnet18_version_13_6800,24,0.2932,0.6312,0.33,0.6763,5e-06
resnet18_version_13_6800,25,0.2885,0.625,0.3311,0.6793,5e-06
resnet18_version_13_6800,26,0.2849,0.6205,0.3302,0.6785,5e-06
resnet18_version_13_6800,27,0.2818,0.6152,0.3369,0.6834,5e-06
resnet18_version_13_6800,28,0.2792,0.6122,0.3332,0.6815,5e-06
resnet18_version_13_6800,29,0.2761,0.6077,0.3346,0.6837,2.5e-06
resnet18_version_13_6800,30,0.2692,0.5987,0.3349,0.6832,2.5e-06
resnet18_version_13_6800,31,0.267,0.5957,0.3391,0.6885,2.5e-06
resnet18_version_13_6800,32,0.2641,0.5915,0.3374,0.6856,2.5e-06
resnet18_version_13_6800,33,0.2611,0.5873,0.3376,0.6854,2.5e-06
resnet18_version_13_6800,34,0.2604,0.586,0.3388,0.6869,2.5e-06
resnet18_version_13_6800,35,0.2589,0.5839,0.3405,0.6895,1.25e-06
resnet18_version_13_6800,36,0.2558,0.58,0.3412,0.6899,1.25e-06
resnet18_version_13_6800,37,0.2532,0.5763,0.3431,0.6925,1.25e-06
resnet18_version_13_6800,38,0.2526,0.5753,0.3423,0.6918,1.25e-06
resnet18_version_13_6800,39,0.2526,0.5752,0.3415,0.6897,1.25e-06
resnet18_version_13_6800,40,0.251,0.5733,0.343,0.6911,1.25e-06
resnet18_version_13_6800,41,0.2504,0.573,0.3426,0.6915,6.25e-07
resnet18_version_13_6800,42,0.2496,0.5717,0.3415,0.6904,6.25e-07
resnet18_version_13_6800,43,0.2478,0.5692,0.3436,0.6927,6.25e-07
resnet18_version_13_6800,44,0.2473,0.5683,0.3455,0.6959,6.25e-07
resnet18_version_13_6800,45,0.2474,0.5685,0.345,0.6943,6.25e-07
resnet18_version_13_6800,46,0.2463,0.5668,0.3453,0.6948,6.25e-07
resnet18_version_13_6800,47,0.2452,0.5654,0.3428,0.6913,3.13e-07
resnet18_version_13_6800,48,0.2453,0.565,0.344,0.6928,3.13e-07
resnet18_version_13_6800,49,0.2451,0.5651,0.3438,0.6931,3.13e-07
resnet18_version_13_6800,50,0.244,0.5633,0.3419,0.6902,3.13e-07
resnet18_version_13_6800,51,0.2437,0.5634,0.3472,0.6968,3.13e-07
resnet18_version_13_6800,52,0.2442,0.5635,0.3433,0.6923,3.13e-07
resnet18_version_13_6800,53,0.2442,0.5641,0.3449,0.6944,1.56e-07
resnet18_version_13_6800,54,0.2431,0.5627,0.3455,0.6948,1.56e-07
resnet18_version_13_6800,55,0.2422,0.5616,0.3439,0.6933,1.56e-07
resnet18_version_13_6800,56,0.2429,0.5622,0.3442,0.693,1.56e-07
resnet18_version_13_6800,57,0.2426,0.5615,0.3443,0.6931,1.56e-07
resnet18_version_13_6800,58,0.2424,0.5617,0.3453,0.6944,1.56e-07
resnet18_version_13_6800,59,0.2412,0.5598,0.345,0.6941,7.81e-08
resnet18_version_13_6800,60,0.2416,0.5603,0.3444,0.6936,7.81e-08
resnet18_version_13_6800,61,0.2442,0.5637,0.344,0.6932,7.81e-08
resnet18_version_13_6800,62,0.2422,0.5608,0.3448,0.6935,7.81e-08
resnet18_version_13_6800,63,0.2423,0.5609,0.345,0.6937,7.81e-08
resnet18_version_13_6800,64,0.2409,0.5596,0.3445,0.6932,7.81e-08
resnet18_version_13_6800,65,0.2422,0.5614,0.3448,0.6936,3.91e-08
resnet18_version_13_6800,66,0.2408,0.5592,0.3442,0.6932,3.91e-08
resnet18_version_13_6800,67,0.2412,0.5598,0.3447,0.6938,3.91e-08
resnet18_version_13_6800,68,0.2416,0.5606,0.345,0.6948,3.91e-08
resnet18_version_13_6800,69,0.2423,0.5609,0.346,0.6954,3.91e-08
resnet18_version_13_6800,70,0.2415,0.5604,0.3471,0.6962,3.91e-08
resnet18_version_13_6800,71,0.2413,0.5601,0.3449,0.6937,1.95e-08
resnet18_version_13_6800,72,0.2413,0.5593,0.3443,0.6939,1.95e-08
resnet18_version_13_6800,73,0.2415,0.56,0.345,0.6941,1.95e-08
resnet18_version_13_6800,74,0.2413,0.5601,0.3448,0.6939,1.95e-08
resnet18_version_13_6800,75,0.2415,0.56,0.344,0.6934,1.95e-08
resnet18_version_13_6800,76,0.241,0.5595,0.3454,0.6945,1.95e-08
resnet18_version_13_6800,77,0.2404,0.5585,0.3467,0.6957,1.95e-08
resnet18_version_13_6800,78,0.2409,0.5594,0.3474,0.6974,1.95e-08
resnet18_version_13_6800,79,0.2411,0.5596,0.3444,0.6929,1.95e-08
resnet18_version_13_6800,80,0.2412,0.5594,0.3464,0.6956,1.95e-08
resnet18_version_13_6800,81,0.2416,0.5602,0.3452,0.6939,1.95e-08
resnet18_version_13_6800,82,0.2412,0.5597,0.3466,0.6957,1.95e-08
resnet18_version_13_6800,83,0.2413,0.56,0.3472,0.6969,1.95e-08
resnet18_version_13_6800,84,0.2412,0.5598,0.3458,0.6957,1.95e-08
resnet18_version_13_6800,85,0.2412,0.5597,0.3461,0.6954,1.95e-08
resnet18_version_13_6800,86,0.2409,0.5592,0.3451,0.6939,1.95e-08
resnet18_version_13_6800,87,0.241,0.5596,0.3463,0.6956,1.95e-08
resnet18_version_13_6800,88,0.2407,0.5595,0.3435,0.693,1.95e-08
resnet18_version_13_6800,89,0.2411,0.5597,0.346,0.6953,1.95e-08
resnet18_version_13_6800,90,0.2414,0.5599,0.3456,0.6948,1.95e-08
resnet18_version_13_6800,91,0.2413,0.5594,0.3464,0.6958,1.95e-08
resnet18_version_13_6800,92,0.242,0.5606,0.3447,0.6941,1.95e-08
resnet18_version_13_6800,93,0.2417,0.5598,0.3444,0.693,1.95e-08
resnet18_version_13_6800,94,0.2404,0.5586,0.3449,0.6937,1.95e-08
resnet18_version_13_6800,95,0.2411,0.5599,0.3456,0.6949,1.95e-08
resnet18_version_13_6800,96,0.2411,0.5593,0.3442,0.6934,1.95e-08
resnet18_version_13_6800,97,0.2415,0.5597,0.3466,0.6964,1.95e-08
resnet18_version_13_6800,98,0.2406,0.5584,0.344,0.6931,1.95e-08
resnet18_version_13_6800,99,0.2409,0.5593,0.3465,0.696,1.95e-08
resnet18_version_13_6800,100,0.2412,0.5599,0.3464,0.6961,1.95e-08
resnet18_version_14_6885,1,0.6393,1.0358,0.4375,0.8158,1e-05
resnet18_version_14_6885,2,0.4458,0.8233,0.3931,0.7592,1e-05
resnet18_version_14_6885,3,0.4145,0.786,0.3715,0.7349,1e-05
resnet18_version_14_6885,4,0.3993,0.7674,0.3646,0.7252,1e-05
resnet18_version_14_6885,5,0.3923,0.7589,0.3559,0.7137,1e-05
resnet18_version_14_6885,6,0.386,0.7513,0.363,0.7224,1e-05
resnet18_version_14_6885,7,0.381,0.7452,0.3578,0.717,1e-05
resnet18_version_14_6885,8,0.3775,0.7411,0.344,0.7005,1e-05
resnet18_version_14_6885,9,0.3751,0.7383,0.3454,0.7011,1e-05
resnet18_version_14_6885,10,0.3721,0.7345,0.3439,0.7009,1e-05
resnet18_version_14_6885,11,0.3701,0.7322,0.3411,0.6942,1e-05
resnet18_version_14_6885,12,0.3687,0.7302,0.3371,0.6944,1e-05
resnet18_version_14_6885,13,0.3659,0.7266,0.3396,0.6922,1e-05
resnet18_version_14_6885,14,0.3634,0.7238,0.3383,0.6956,1e-05
resnet18_version_14_6885,15,0.3638,0.7242,0.3381,0.6947,1e-05
resnet18_version_14_6885,16,0.3617,0.7215,0.337,0.691,1e-05
resnet18_version_14_6885,17,0.3608,0.72,0.3361,0.6896,1e-05
resnet18_version_14_6885,18,0.36,0.719,0.3396,0.6949,1e-05
resnet18_version_14_6885,19,0.3594,0.7181,0.3529,0.7101,1e-05
resnet18_version_14_6885,20,0.3578,0.7159,0.3332,0.6829,1e-05
resnet18_version_14_6885,21,0.357,0.7151,0.3333,0.6864,1e-05
resnet18_version_14_6885,22,0.3561,0.7138,0.3314,0.6866,1e-05
resnet18_version_14_6885,23,0.3546,0.712,0.3304,0.683,1e-05
resnet18_version_14_6885,24,0.3539,0.7105,0.3311,0.6856,1e-05
resnet18_version_14_6885,25,0.3537,0.7106,0.3437,0.6994,1e-05
resnet18_version_14_6885,26,0.3527,0.7093,0.3267,0.677,1e-05
resnet18_version_14_6885,27,0.3525,0.709,0.3347,0.6876,1e-05
resnet18_version_14_6885,28,0.3521,0.7078,0.334,0.6882,1e-05
resnet18_version_14_6885,29,0.3504,0.7065,0.3327,0.684,1e-05
resnet18_version_14_6885,30,0.35,0.7056,0.3269,0.678,1e-05
resnet18_version_14_6885,31,0.3498,0.7052,0.3282,0.682,1e-05
resnet18_version_14_6885,32,0.3487,0.7035,0.3297,0.6837,5e-06
resnet18_version_14_6885,33,0.3454,0.6993,0.3239,0.6725,5e-06
resnet18_version_14_6885,34,0.3442,0.6978,0.3232,0.6731,5e-06
resnet18_version_14_6885,35,0.3444,0.6982,0.3277,0.6779,5e-06
resnet18_version_14_6885,36,0.3442,0.6981,0.3284,0.6795,5e-06
resnet18_version_14_6885,37,0.3439,0.6973,0.3241,0.6737,5e-06
resnet18_version_14_6885,38,0.3437,0.6975,0.3219,0.6702,5e-06
resnet18_version_14_6885,39,0.3429,0.6963,0.3256,0.6751,5e-06
resnet18_version_14_6885,40,0.343,0.6964,0.3341,0.6868,5e-06
resnet18_version_14_6885,41,0.3428,0.6962,0.3219,0.67,5e-06
resnet18_version_14_6885,42,0.3421,0.6952,0.3216,0.6718,5e-06
resnet18_version_14_6885,43,0.342,0.6952,0.3229,0.673,5e-06
resnet18_version_14_6885,44,0.3411,0.694,0.3251,0.6736,5e-06
resnet18_version_14_6885,45,0.3414,0.6941,0.3266,0.6756,5e-06
resnet18_version_14_6885,46,0.3412,0.6939,0.3196,0.6674,5e-06
resnet18_version_14_6885,47,0.3405,0.6928,0.3284,0.6777,5e-06
resnet18_version_14_6885,48,0.3414,0.6938,0.3224,0.6709,5e-06
resnet18_version_14_6885,49,0.3396,0.6919,0.3263,0.6777,5e-06
resnet18_version_14_6885,50,0.3394,0.6915,0.3263,0.6739,5e-06
resnet18_version_14_6885,51,0.34,0.6919,0.3337,0.6851,5e-06
resnet18_version_14_6885,52,0.3404,0.6927,0.3224,0.6715,2.5e-06
resnet18_version_14_6885,53,0.3376,0.6893,0.3215,0.67,2.5e-06
resnet18_version_14_6885,54,0.3369,0.6882,0.3187,0.6675,2.5e-06
resnet18_version_14_6885,55,0.3369,0.6882,0.3245,0.6742,2.5e-06
resnet18_version_14_6885,56,0.3362,0.6873,0.3235,0.675,2.5e-06
resnet18_version_14_6885,57,0.3365,0.6874,0.3233,0.6721,2.5e-06
resnet18_version_14_6885,58,0.3363,0.6875,0.3332,0.6866,2.5e-06
resnet18_version_14_6885,59,0.336,0.6873,0.3185,0.6663,2.5e-06
resnet18_version_14_6885,60,0.3366,0.6878,0.325,0.6754,2.5e-06
resnet18_version_14_6885,61,0.3364,0.6874,0.3174,0.6638,2.5e-06
resnet18_version_14_6885,62,0.3358,0.6866,0.3204,0.6691,2.5e-06
resnet18_version_14_6885,63,0.3359,0.6872,0.3205,0.6691,2.5e-06
resnet18_version_14_6885,64,0.3359,0.6865,0.3247,0.675,2.5e-06
resnet18_version_14_6885,65,0.3355,0.6861,0.3188,0.6663,2.5e-06
resnet18_version_14_6885,66,0.3354,0.6858,0.3217,0.6707,2.5e-06
resnet18_version_14_6885,67,0.3349,0.6852,0.3252,0.6759,1.25e-06
resnet18_version_14_6885,68,0.3336,0.6836,0.3236,0.6726,1.25e-06
resnet18_version_14_6885,69,0.334,0.6841,0.3219,0.6709,1.25e-06
resnet18_version_14_6885,70,0.334,0.6842,0.3202,0.6678,1.25e-06
resnet18_version_14_6885,71,0.3328,0.6824,0.3208,0.6693,1.25e-06
resnet18_version_14_6885,72,0.3334,0.6832,0.3175,0.6652,1.25e-06
resnet18_version_14_6885,73,0.3332,0.6834,0.3209,0.6686,6.25e-07
resnet18_version_14_6885,74,0.332,0.6818,0.3255,0.6762,6.25e-07
resnet18_version_14_6885,75,0.3327,0.6823,0.3342,0.6871,6.25e-07
resnet18_version_14_6885,76,0.3324,0.6823,0.3181,0.6656,6.25e-07
resnet18_version_14_6885,77,0.3319,0.6817,0.3198,0.6681,6.25e-07
resnet18_version_14_6885,78,0.3317,0.681,0.3297,0.6814,6.25e-07
resnet18_version_14_6885,79,0.332,0.6819,0.3193,0.6667,3.13e-07
resnet18_version_14_6885,80,0.3322,0.6819,0.319,0.6664,3.13e-07
resnet18_version_14_6885,81,0.3315,0.6813,0.3187,0.6661,3.13e-07
resnet18_version_14_6885,82,0.3319,0.6812,0.3215,0.6706,3.13e-07
resnet18_version_14_6885,83,0.3321,0.6817,0.3268,0.677,3.13e-07
resnet18_version_14_6885,84,0.3317,0.6811,0.3154,0.6616,3.13e-07
resnet18_version_14_6885,85,0.332,0.6814,0.3396,0.6939,3.13e-07
resnet18_version_14_6885,86,0.3318,0.6812,0.3216,0.67,3.13e-07
resnet18_version_14_6885,87,0.3322,0.6823,0.3213,0.6693,3.13e-07
resnet18_version_14_6885,88,0.3322,0.6817,0.319,0.6669,3.13e-07
resnet18_version_14_6885,89,0.3315,0.6812,0.3186,0.6663,3.13e-07
resnet18_version_14_6885,90,0.3315,0.6813,0.3204,0.6689,1.56e-07
resnet18_version_14_6885,91,0.332,0.6816,0.3232,0.6724,1.56e-07
resnet18_version_14_6885,92,0.3311,0.6806,0.3227,0.6719,1.56e-07
resnet18_version_14_6885,93,0.3317,0.6815,0.3191,0.6669,1.56e-07
resnet18_version_14_6885,94,0.3315,0.6809,0.322,0.6705,1.56e-07
resnet18_version_14_6885,95,0.3313,0.6806,0.3174,0.665,1.56e-07
resnet18_version_14_6885,96,0.3316,0.681,0.3218,0.6708,7.81e-08
resnet18_version_14_6885,97,0.3317,0.6812,0.3221,0.6712,7.81e-08
resnet18_version_14_6885,98,0.3312,0.6806,0.3228,0.6722,7.81e-08
resnet18_version_14_6885,99,0.3317,0.6812,0.3322,0.684,7.81e-08
resnet18_version_14_6885,100,0.3313,0.6808,0.3223,0.6714,7.81e-08
resnet18_version_4_5626,1,4115.5605,39.846,3826.999,39.3014,
resnet18_version_4_5626,2,3971.6471,38.722,3786.4478,37.7585,
resnet18_version_4_5626,3,3874.3952,37.9183,3417.1438,35.871,
resnet18_version_4_5626,4,3447.8634,34.7969,3284.412,34.3496,
resnet18_version_4_5626,5,3335.1179,34.1628,3195.2067,34.0345,
resnet18_version_4_5626,6,3264.3714,33.8338,3178.6048,33.098,
resnet18_version_4_5626,7,3228.6784,33.641,3174.9656,32.9237,
resnet18_version_4_5626,8,3204.8634,33.5086,3181.9104,33.9606,
resnet18_version_4_5626,9,3201.0224,33.4775,3139.8088,33.2603,
resnet18_version_4_5626,10,3180.289,33.3702,3162.3053,33.1753,
resnet18_version_4_5626,11,3164.8523,33.2963,3103.3197,33.388,
resnet18_version_4_5626,12,3152.9707,33.2006,3189.2191,34.0055,
resnet18_version_4_5626,13,3134.4425,33.1077,3663.5822,34.3816,
resnet18_version_4_5626,14,3124.0747,33.0705,3101.459,32.3652,
resnet18_version_4_5626,15,3120.3389,33.0214,3283.1966,32.7882,
resnet18_version_4_5626,16,3105.8258,32.9782,3360.3915,34.4471,
resnet18_version_4_5626,17,3103.7575,32.9448,3165.7984,33.0176,
resnet18_version_4_5626,18,3096.888,32.9331,3575.2513,34.3842,
resnet18_version_4_5626,19,3086.9585,32.8701,3125.746,32.7834,
resnet18_version_4_5626,20,3082.0902,32.841,3212.3694,32.7613,
resnet18_version_4_5626,21,3073.8943,32.8188,3109.2695,32.6592,
resnet18_version_4_5626,22,3067.537,32.7541,3163.4295,32.7119,
resnet18_version_4_5626,23,3064.0663,32.7496,3117.5774,32.656,
resnet18_version_4_5626,24,3050.0607,32.708,3140.8395,32.8439,
resnet18_version_4_5626,25,3045.7718,32.6697,3408.6822,33.8021,
resnet18_version_4_5626,26,3047.2813,32.6589,3104.4852,32.01,
resnet18_version_4_5626,27,3037.5311,32.6327,3159.068,32.7861,
resnet18_version_4_5626,28,3033.2483,32.6035,3104.1514,32.3507,
resnet18_version_4_5626,29,3030.2499,32.5992,3086.6968,32.945,
resnet18_version_4_5626,30,3022.314,32.5582,3026.6086,32.6834,
resnet18_version_4_5626,31,3018.5011,32.5319,3055.7436,32.5954,
resnet18_version_4_5626,32,3017.1319,32.5306,3137.8528,33.0817,
resnet18_version_4_5626,33,3008.1993,32.4898,3146.8613,32.9677,
resnet18_version_4_5626,34,3007.4971,32.4971,3024.9962,32.633,
resnet18_version_4_5660,1,3822.755,37.8149,3609.3405,37.5841,
resnet18_version_4_5660,2,3531.9848,35.8333,3487.148,34.2302,
resnet18_version_4_5660,3,3472.5228,35.3605,3437.7356,35.1389,
resnet18_version_4_5660,4,3426.9714,34.978,3434.0357,34.9018,
resnet18_version_4_5660,5,3398.9539,34.7025,3407.0228,34.0044,
resnet18_version_4_5660,6,3374.5607,34.5461,3389.057,33.8767,
resnet18_version_4_5660,7,3344.2062,34.3476,3358.0226,34.8415,
resnet18_version_4_5660,8,3321.0291,34.2,3376.0554,34.3935,
resnet18_version_4_5660,9,3296.8023,34.0761,3294.6378,34.1494,
resnet18_version_4_5660,10,3279.2334,33.9934,3290.0098,33.6381,
resnet18_version_4_5660,11,3258.5116,33.9028,3272.8549,34.1392,
resnet18_version_4_5660,12,3248.5897,33.8409,3250.9932,33.9238,
resnet18_version_4_5660,13,3234.6114,33.7812,3237.8142,33.8734,
resnet18_version_4_5660,14,3222.7245,33.6829,3239.7579,33.1648,
resnet18_version_4_5660,15,3212.8312,33.6475,3308.4164,33.2608,
resnet18_version_4_5660,16,3205.2796,33.5839,3205.69,33.2834,
resnet18_version_4_5660,17,3190.7146,33.5163,3212.2575,33.8247,
resnet18_version_4_5660,18,3182.856,33.4606,3230.3475,33.393,
resnet18_version_4_5660,19,3170.8797,33.3909,3186.4595,34.3904,
resnet18_version_4_5660,20,3165.7733,33.3667,3241.9839,32.3989,
resnet18_version_4_5660,21,3159.2504,33.3104,3209.8778,33.2476,
resnet18_version_4_5660,22,3151.1263,33.2698,3227.691,33.9091,
resnet18_version_4_5660,23,3140.5273,33.2093,3216.2966,33.7739,
resnet18_version_4_5660,24,3137.8137,33.1678,3490.8133,33.2136,
resnet18_version_4_5660,25,3132.9359,33.1577,3202.212,33.5036,
resnet18_version_4_5660,26,3127.1016,33.1436,3156.3811,33.4576,
resnet18_version_4_5660,27,3117.5629,33.0822,3177.351,33.4001,
resnet18_version_4_5660,28,3109.5202,33.0328,3142.1572,33.6627,
resnet18_version_4_5660,29,3104.8297,33.016,3242.9962,32.8231,
resnet18_version_4_5660,30,3100.2513,32.9725,3537.4533,34.6556,
resnet18_version_4_5660,31,3093.7811,32.9333,3328.9306,33.0244,
resnet18_version_4_5660,32,3091.8132,32.9294,3641.6732,33.6823,
resnet18_version_4_5660,33,3088.7959,32.9243,3116.9471,33.1516,
resnet18_version_4_5660,34,3077.9164,32.8496,3138.562,34.0067,
resnet18_version_4_5660,35,3073.8539,32.8289,3131.9159,33.075,
resnet18_version_4_5660,36,3065.5572,32.7968,3172.3393,33.4641,
resnet18_version_4_5660,37,3067.638,32.8011,3181.2107,32.8137,
resnet18_version_4_5660,38,3057.2307,32.7572,3181.8558,33.766,
resnet18_version_4_5660,39,3054.4851,32.7324,3238.3202,33.3629,
resnet18_version_4_5660,40,3045.473,32.682,3171.1761,33.7336,
resnet18_version_4_5660,41,3045.186,32.6806,3241.3237,33.4554,
resnet18_version_4_5660,42,3041.3031,32.6409,3745.0607,33.7827,
resnet18_version_4_5660,43,3031.2099,32.619,3202.2796,33.1604,
resnet18_version_4_5660,44,3030.6288,32.5985,3114.9626,32.7758,
resnet18_version_4_5660,45,3024.3095,32.5665,3272.8349,33.4474,
resnet18_version_4_5660,46,3019.0215,32.5273,3104.7093,33.2366,
resnet18_version_4_5660,47,3012.1238,32.4958,3115.3047,32.9674,
resnet18_version_4_5660,48,3009.9059,32.4929,3207.163,33.177,
resnet18_version_4_5660,49,3001.4815,32.4446,3156.0459,32.5716,
resnet18_version_4_5660,50,2995.3386,32.3984,3211.9951,33.0069,
resnet18_version_4_5660,51,2991.5248,32.3914,3154.3922,32.9353,
resnet18_version_4_5660,52,2983.6085,32.3297,3107.6133,33.0106,
resnet18_version_4_5660,53,2985.4667,32.3347,3278.4262,33.4448,
resnet18_version_4_5660,54,2979.4267,32.3407,3212.2587,33.323,
resnet18_version_4_5660,55,2978.2519,32.3419,3159.0732,32.9165,
resnet18_version_4_5660,56,2972.4252,32.2901,3111.3622,33.0669,
resnet18_version_4_5660,57,2962.9318,32.2425,3122.2401,33.268,
resnet18_version_4_5660,58,2958.6847,32.2474,3302.6894,33.9155,
resnet18_version_4_5660,59,2951.5252,32.1876,3540.2812,32.9049,
resnet18_version_4_5660,60,2949.4111,32.1778,3135.8072,32.9143,
resnet18_version_4_5859,1,3732.0653,36.8649,3357.3695,35.4483,
resnet18_version_4_5859,2,3486.394,35.2753,3308.951,33.8142,
resnet18_version_4_5859,3,3424.9838,34.7552,3377.2068,34.467,
resnet18_version_4_5859,4,3390.8379,34.4941,3247.7567,33.8068,
resnet18_version_4_5859,5,3366.55,34.2877,3272.9045,33.1401,
resnet18_version_4_5859,6,3350.2029,34.1722,3227.1172,33.8504,
resnet18_version_4_5859,7,3331.1461,34.0405,3210.4229,33.5584,
resnet18_version_4_5859,8,3318.3156,33.961,3321.4833,33.4703,
resnet18_version_4_5859,9,3303.7289,33.8951,3174.0607,33.6794,
resnet18_version_4_5859,10,3288.465,33.8094,3168.2066,33.5585,
resnet18_version_4_5859,11,3274.2474,33.7419,3205.7418,33.4807,
resnet18_version_4_5859,12,3256.98,33.6577,3133.1841,33.5297,
resnet18_version_4_5859,13,3243.378,33.5886,3156.8196,33.4537,
resnet18_version_4_5859,14,3232.272,33.5355,3229.6095,33.5239,
resnet18_version_4_5859,15,3227.62,33.5019,3182.5206,32.6224,
resnet18_version_4_5859,16,3225.3624,33.5477,3111.5664,33.0981,
resnet18_version_4_5859,17,3204.3436,33.4033,3086.3127,32.7032,
resnet18_version_4_5859,18,3191.9963,33.3399,3079.2167,32.6932,
resnet18_version_4_5859,19,3187.0494,33.2998,3102.6215,33.1421,
resnet18_version_4_5859,20,3175.8972,33.2278,3078.001,32.8039,
resnet18_version_4_5859,21,3168.2585,33.2121,3366.5522,33.1117,
resnet18_version_4_5859,22,3158.2798,33.1455,3319.1678,32.982,
resnet18_version_4_5859,23,3155.0816,33.1122,3085.1941,32.3858,
resnet18_version_4_5859,24,3139.537,33.0444,3073.3575,32.6103,
resnet18_version_4_5859,25,3138.9792,33.0319,3095.4825,32.8393,
resnet18_version_4_5859,26,3132.0527,32.9827,3062.8813,32.2032,
resnet18_version_4_5859,27,3121.5834,32.939,3077.836,32.7705,
resnet18_version_4_5859,28,3114.7899,32.8986,3172.4157,33.0353,
resnet18_version_4_5859,29,3109.1282,32.8863,3331.255,32.516,
resnet18_version_4_5859,30,3106.4216,32.8524,3083.9512,33.9403,
resnet18_version_4_5859,31,3102.619,32.8596,3042.0361,32.6705,
resnet18_version_4_5859,32,3096.7345,32.811,3027.9513,32.631,
resnet18_version_4_5859,33,3090.0796,32.7783,3056.4709,33.1396,
resnet18_version_4_5859,34,3083.1182,32.7316,3362.6268,32.9608,
resnet18_version_4_5859,35,3085.0361,32.7189,3021.8563,32.549,
resnet18_version_4_5859,36,3073.867,32.6662,3038.8311,32.5417,
resnet18_version_4_5859,37,3065.9858,32.6284,3027.0069,32.8048,
resnet18_version_4_5859,38,3065.0498,32.6176,3009.7196,33.0524,
resnet18_version_4_5859,39,3053.8483,32.5536,3017.9279,32.4508,
resnet18_version_4_5859,40,3053.4604,32.5423,3024.9964,32.8546,
resnet18_version_4_5859,41,3046.7366,32.5101,3024.0778,32.4331,
resnet18_version_4_5859,42,3044.9355,32.4955,3016.6395,32.8103,
resnet18_version_4_5859,43,3039.2299,32.4637,3031.4008,32.9827,
resnet18_version_4_5859,44,3032.5148,32.4474,3150.0049,32.5015,
resnet18_version_4_5859,45,3031.1305,32.4438,3003.2804,32.605,
resnet18_version_4_5859,46,3024.2737,32.4029,3027.6324,32.0213,
resnet18_version_4_5859,47,3015.5059,32.3591,3012.1219,32.9736,
resnet18_version_4_5859,48,3020.1011,32.3649,3016.286,32.5242,
resnet18_version_4_5859,49,3007.4989,32.3262,2999.705,32.733,
resnet18_version_4_5859,50,3003.2815,32.2982,2994.6184,32.4993,
resnet18_version_4_5859,51,3002.6276,32.293,3007.853,32.2265,
resnet18_version_4_5859,52,2996.2344,32.2409,3012.9886,33.2396,
resnet18_version_4_5859,53,2994.6538,32.2167,2999.1579,32.8567,
resnet18_version_4_5859,54,2986.0133,32.199,2997.5556,33.0656,
resnet18_version_4_5859,55,2977.0573,32.1404,3001.7162,32.6455,
resnet18_version_4_5859,56,2978.9072,32.1452,3402.1655,33.0272,
resnet18_version_4_5859,57,2972.9667,32.1279,3008.0273,32.9944,
resnet18_version_4_5859,58,2966.9148,32.0994,2990.1117,32.0689,
resnet18_version_4_5859,59,2961.2509,32.0788,3065.2905,32.2014,
resnet18_version_4_5859,60,2960.4755,32.073,3033.1064,32.9826,
resnet18_version_5_5918,1,4390.1303,42.4818,4167.5644,39.8366,
resnet18_version_5_5918,2,4452.2382,43.3397,47173.0153,192.972,
resnet18_version_5_5918,3,5585.8811,50.0061,8434.0459,55.9085,
resnet18_version_5_5938,1,5168.2625,47.2725,4874.3086,46.8742,
resnet18_version_5_5938,2,5292.5026,50.7136,5482.3408,55.2261,
resnet18_version_5_5938,3,5361.4753,49.485,5087.7793,47.2951,
resnet18_version_5_5938,4,5312.5774,48.6042,9629.5305,82.0566,
resnet18_version_5_5938,5,5321.8076,48.6405,5064.9753,46.5152,
resnet18_version_5_5938,6,5365.2059,48.9135,5617.9875,45.3768,
resnet18_version_5_5938,7,5359.2359,48.7764,5368.3527,44.8977,
resnet18_version_5_5938,8,5323.1674,48.6343,5325.3904,52.5232,
resnet18_version_5_5938,9,5332.0013,48.7097,17367.5005,113.0433,
resnet18_version_5_5938,10,5367.6979,49.0064,7059.4881,48.7986,
resnet18_version_5_5938,11,5378.7278,49.0101,323843.9031,505.6097,
resnet18_version_5_5938,14,5351.4609,48.7621,5099.6213,47.3814,
resnet18_version_5_5975,1,5223.438,46.6238,4667.5583,45.5263,
resnet18_version_5_5975,2,4338.9521,42.5179,4308.8589,39.1691,
resnet18_version_5_5975,3,4143.5811,40.9817,4067.7186,39.5647,
resnet18_version_5_5975,4,4094.4658,40.4346,3998.2991,39.7841,
resnet18_version_5_5975,5,4073.2744,40.2365,4026.7566,41.9056,
resnet18_version_5_5975,6,4061.8379,40.151,4034.8799,39.4327,
resnet18_version_5_5975,7,4054.3635,40.0725,3959.5629,40.2778,
resnet18_version_5_5975,8,4043.9466,40.0113,4102.8472,38.2656,
resnet18_version_5_5975,9,4042.4472,39.9923,3943.591,40.2085,
resnet18_version_5_5975,10,4033.8447,39.9327,3950.3013,39.6552,
resnet18_version_5_5975,11,4024.0736,39.8514,3954.0059,40.3922,
resnet18_version_5_5975,12,4020.1706,39.7828,4000.2159,38.6806,
resnet18_version_5_5975,13,4009.8296,39.7526,3932.3989,39.5863,
resnet18_version_5_5975,14,4013.7053,39.7247,3928.1689,39.9248,
resnet18_version_5_5975,15,4004.2674,39.6842,3959.143,40.1084,
resnet18_version_5_5975,16,3999.3073,39.6209,3984.0091,42.0479,
resnet18_version_5_5975,17,3990.2372,39.5707,3930.2787,39.8469,
resnet18_version_5_5975,18,3993.4838,39.5355,3912.6822,40.2043,
resnet18_version_5_5975,19,3984.5861,39.498,3912.2532,39.1937,
resnet18_version_5_5975,20,3982.3651,39.4454,3968.6969,39.7402,
resnet18_version_5_5975,21,3977.8757,39.4117,3916.0257,40.1612,
resnet18_version_5_5975,22,3972.2247,39.3731,3897.4701,39.9075,
resnet18_version_5_5975,23,3967.2079,39.3283,3910.7739,39.0026,
resnet18_version_5_5975,24,3966.895,39.3333,3913.0644,40.682,
resnet18_version_5_5975,25,3958.4761,39.2894,3929.757,41.4416,
resnet18_version_5_5975,26,3954.9408,39.2433,3891.7969,39.1915,
resnet18_version_5_5975,27,3954.7559,39.2051,3907.4145,40.8838,
resnet18_version_5_5975,28,3949.2265,39.1645,3905.6003,40.0957,
resnet18_version_5_5975,29,3943.1642,39.1026,3893.7812,38.6859,
resnet18_version_5_5975,30,3939.2782,39.125,3939.3369,40.5291,
resnet18_version_5_5975,31,3936.7596,39.0311,3907.8563,38.4304,
resnet18_version_5_5975,32,3934.558,39.0225,3893.1957,38.2337,
resnet18_version_5_5975,33,3929.411,38.9807,3866.4682,39.7,
resnet18_version_5_5975,34,3926.6375,38.9633,3862.195,39.4779,
resnet18_version_5_5975,35,3922.5575,38.9122,3887.6661,38.1687,
resnet18_version_5_5975,36,3916.403,38.8739,3864.3116,39.6333,
resnet18_version_5_5975,37,3915.3993,38.8641,3859.2459,39.752,
resnet18_version_5_5975,38,3911.9847,38.8308,3855.1106,39.6764,
resnet18_version_5_5975,39,3911.1052,38.8046,3875.1405,38.609,
resnet18_version_5_5975,40,3906.8274,38.763,3875.8695,38.1191,
resnet18_version_5_5975,41,3901.058,38.7365,3882.7528,40.7364,
resnet18_version_5_5975,42,3900.1687,38.7298,3840.4101,38.9725,
resnet18_version_5_5975,43,3893.5733,38.6509,3846.4843,38.8961,
resnet18_version_5_5975,44,3893.3557,38.6391,3842.2366,39.6326,
resnet18_version_5_5975,45,3888.0005,38.6136,3857.4662,38.9179,
resnet18_version_5_5975,46,3886.537,38.6012,3897.3324,37.8284,
resnet18_version_5_5975,47,3886.8057,38.5488,3866.8042,38.1691,
resnet18_version_5_5975,48,3880.1087,38.5563,3856.1176,38.925,
resnet18_version_5_5975,49,3876.8604,38.5165,3834.1238,38.2304,
resnet18_version_5_5975,50,3871.6367,38.4843,3853.7534,38.4392,
resnet18_version_5_5975,51,3868.8004,38.4739,3858.7972,37.7403,
resnet18_version_5_5975,52,3870.6333,38.4424,3823.1416,38.5006,
resnet18_version_5_5975,53,3864.6204,38.3876,3820.2863,38.9412,
resnet18_version_5_5975,54,3860.5677,38.3756,3819.7137,38.9297,
resnet18_version_5_5975,55,3856.8928,38.3793,3850.0182,38.8927,
resnet18_version_5_5975,56,3850.8734,38.334,4316.1333,46.9489,
resnet18_version_5_5975,57,3851.541,38.3262,3849.5833,40.2323,
resnet18_version_5_5975,58,3847.5011,38.3158,3897.0729,41.407,
resnet18_version_5_5975,59,3840.0818,38.2506,3845.4156,37.7901,
resnet18_version_5_5975,60,3841.2626,38.2508,3822.9528,37.7398,
resnet18_version_6_6156,1,3686.2741,36.3993,3449.091,35.9092,
resnet18_version_6_6156,2,3447.397,34.8792,3390.3704,35.7887,
resnet18_version_6_6156,3,3398.5162,34.5266,3682.3465,33.2707,
resnet18_version_6_6156,4,3366.8163,34.3058,3285.117,34.3503,
resnet18_version_6_6156,5,3343.3606,34.1488,3274.3784,34.1574,
resnet18_version_6_6156,6,3315.5184,33.9915,3335.0563,33.0256,
resnet18_version_6_6156,7,3286.8761,33.8579,3221.7467,33.7745,
resnet18_version_6_6156,8,3256.4774,33.7371,3372.2102,33.7218,
resnet18_version_6_6156,9,3226.3591,33.5972,3207.2064,33.1221,
resnet18_version_6_6156,10,3201.6163,33.4846,3185.2521,32.9132,
resnet18_version_6_6156,11,3186.3494,33.3906,3122.0984,33.334,
resnet18_version_6_6156,12,3170.2661,33.2771,3252.496,32.6225,
resnet18_version_6_6156,13,3156.6644,33.2084,3194.257,33.6236,
resnet18_version_6_6156,14,3147.2197,33.1467,3173.3965,33.5296,
resnet18_version_6_6156,15,3135.835,33.0822,3239.5885,32.6453,
resnet18_version_6_6156,16,3125.944,33.0184,3139.5467,32.665,
resnet18_version_6_6156,17,3113.7043,32.9457,3174.5802,32.9423,
resnet18_version_6_6156,18,3107.4113,32.9002,3192.7856,33.2278,
resnet18_version_6_6156,19,3099.7432,32.8557,3136.3261,32.3896,
resnet18_version_6_6156,20,3090.4293,32.7968,3066.7297,32.1211,
resnet18_version_6_6156,21,3085.8468,32.775,3176.3593,32.8267,
resnet18_version_6_6156,22,3078.6456,32.7083,3159.7091,32.7427,
resnet18_version_6_6156,23,3066.2526,32.6705,3133.6137,33.0532,
resnet18_version_6_6156,24,3060.5291,32.6147,3211.1382,32.4303,
resnet18_version_6_6156,25,3054.3976,32.5975,3183.3351,32.687,
resnet18_version_6_6156,26,3052.5591,32.5714,3136.9034,32.9479,
resnet18_version_6_6156,27,3042.779,32.5185,3169.8551,32.6528,
resnet18_version_6_6156,28,3036.1022,32.499,3120.3549,32.1945,
resnet18_version_6_6156,29,3024.27,32.4233,3130.3279,32.8088,
resnet18_version_6_6156,30,3022.3432,32.4105,3171.8007,32.4497,
resnet18_version_6_6156,31,3016.9841,32.3803,3181.29,33.2254,
resnet18_version_6_6156,32,3003.068,32.3012,3134.7548,32.5731,
resnet18_version_6_6156,33,3003.9399,32.321,3170.4361,32.7711,
resnet18_version_6_6156,34,2994.4289,32.2737,3134.4818,33.0463,
resnet18_version_6_6156,35,2989.7394,32.2088,3105.431,32.4746,
resnet18_version_6_6156,36,2979.9686,32.1968,3210.5698,32.6412,
resnet18_version_6_6156,37,2979.8157,32.168,3193.1791,33.3175,
resnet18_version_6_6156,38,2974.2754,32.1392,3311.3737,32.0422,
resnet18_version_6_6156,39,2964.1751,32.0956,3151.937,32.2284,
resnet18_version_6_6156,40,2960.102,32.0564,3162.2384,32.0849,
resnet18_version_6_6156,41,2958.6657,32.0505,3173.3802,32.7627,
resnet18_version_6_6156,42,2951.0548,32.0268,3253.422,32.1451,
resnet18_version_6_6156,43,2947.083,31.982,3219.3511,32.4347,
resnet18_version_6_6156,44,2937.4282,31.9531,3157.8984,32.6372,
resnet18_version_6_6156,45,2934.666,31.9381,3197.2107,32.1023,
resnet18_version_6_6156,46,2933.3793,31.9198,3142.4157,32.7576,
resnet18_version_6_6156,47,2931.8561,31.8891,3164.6278,32.4031,
resnet18_version_6_6156,48,2924.8111,31.8442,3163.6632,32.5202,
resnet18_version_6_6156,49,2919.0139,31.8327,3169.5767,32.6538,
resnet18_version_6_6156,50,2911.7992,31.8021,3244.6184,32.6812,
resnet18_version_6_6156,51,2910.7848,31.7763,2978.423,32.0888,
resnet18_version_6_6156,52,2901.7919,31.7404,3201.1193,31.8936,
resnet18_version_6_6156,53,2898.6968,31.7709,3241.2496,32.67,
resnet18_version_6_6156,54,2890.1731,31.6785,3146.2196,33.0754,
resnet18_version_6_6156,55,2889.651,31.6627,3237.5098,33.1235,
resnet18_version_6_6156,56,2886.0591,31.6424,3187.2793,32.1384,
resnet18_version_6_6156,57,2878.6936,31.6146,3169.784,32.7945,
resnet18_version_6_6156,58,2875.1211,31.5849,3165.8356,32.6566,
resnet18_version_6_6156,59,2863.7551,31.5509,3130.6538,32.1619,
resnet18_version_6_6156,60,2868.2462,31.5708,3128.6298,32.3619,
resnet18_version_8_6165,1,4010.919,38.6108,3503.0572,36.8632,
resnet18_version_8_6165,2,3552.2494,36.1281,3563.4454,35.2665,
resnet18_version_8_6165,3,3496.1815,35.581,3550.5368,35.1332,
resnet18_version_8_6165,4,3461.3497,35.2491,3437.8839,35.0439,
resnet18_version_8_6165,5,3443.8831,35.093,3378.0902,34.9481,
resnet18_version_8_6165,6,3429.7734,34.9522,3424.2293,34.0285,
resnet18_version_8_6165,7,3417.7422,34.8636,3365.4121,34.7638,
resnet18_version_8_6165,8,3410.3859,34.7621,3338.8467,34.6657,
resnet18_version_8_6165,9,3398.0295,34.6617,3417.3955,34.0768,
resnet18_version_8_6165,10,3387.7485,34.6047,3422.2056,33.773,
resnet18_version_8_6165,11,3379.7509,34.5305,3348.2149,36.0833,
resnet18_version_8_6165,12,3369.8635,34.4829,3355.7311,34.0457,
resnet18_version_8_6165,13,3362.8535,34.4003,3406.652,35.8508,
resnet18_version_8_6165,14,3355.2644,34.3599,3298.4379,34.4034,
resnet18_version_8_6165,15,3352.8517,34.2998,3320.2568,33.6515,
resnet18_version_8_6165,16,3343.8579,34.2135,3288.9303,34.5418,
resnet18_version_8_6165,17,3336.5904,34.1639,3366.3743,33.9493,
resnet18_version_8_6165,18,3330.14,34.1237,3300.5541,34.6551,
resnet18_version_8_6165,19,3324.9409,34.0728,3323.1788,33.5838,
resnet18_version_8_6165,20,3319.334,34.0268,3428.0875,33.2333,
resnet18_version_8_6165,21,3309.5452,33.9962,3344.3197,36.2335,
resnet18_version_8_6165,22,3307.102,33.976,3273.7827,34.2691,
resnet18_version_8_6165,23,3298.715,33.9332,3281.1677,33.2701,
resnet18_version_8_6165,24,3297.3516,33.925,3278.8321,33.5708,
resnet18_version_8_6165,25,3290.4227,33.8761,3275.1665,33.7808,
resnet18_version_8_6165,26,3280.7994,33.8457,3248.7328,33.639,
resnet18_version_8_6165,27,3276.7307,33.7988,3258.261,33.765,
resnet18_version_8_6165,28,3274.9983,33.7884,3258.552,34.4201,
resnet18_version_8_6165,29,3268.9157,33.7679,3249.4904,33.9965,
resnet18_version_8_6165,30,3259.9901,33.7128,3238.3721,34.1717,
resnet18_version_8_6165,31,3259.892,33.7004,3299.5448,33.0115,
resnet18_version_8_6165,32,3250.5301,33.6821,3234.2372,34.1355,
resnet18_version_8_6165,33,3247.6982,33.6528,3248.8107,34.2255,
resnet18_version_8_6165,34,3244.2461,33.6394,3435.7795,33.4957,
resnet18_version_8_6165,35,3237.7537,33.6211,3239.1872,34.0689,
resnet18_version_8_6165,36,3234.5949,33.5963,3244.1377,34.0565,
resnet18_version_8_6165,37,3229.4156,33.5927,3229.3258,34.3557,
resnet18_version_8_6165,38,3224.697,33.5631,3242.6854,33.4529,
resnet18_version_8_6165,39,3218.2818,33.539,3236.7768,33.9017,
resnet18_version_8_6165,40,3214.9731,33.5342,3237.4155,34.0302,
resnet18_version_8_6165,41,3213.5614,33.5164,3307.4787,34.1209,
resnet18_version_8_6165,42,3208.2749,33.4859,3261.6368,33.8299,
resnet18_version_8_6165,43,3205.7173,33.4898,3237.3505,33.4268,
resnet18_version_8_6165,44,3200.9031,33.4542,3213.4445,33.5941,
resnet18_version_8_6165,45,3197.8549,33.4484,3231.9073,34.3508,
resnet18_version_8_6165,46,3196.4855,33.4342,3220.2011,33.7425,
resnet18_version_8_6165,47,3194.3401,33.4325,3268.4911,32.934,
resnet18_version_8_6165,48,3188.7334,33.3978,3298.8629,33.2394,
resnet18_version_8_6165,49,3184.2295,33.3821,3260.7693,33.3865,
resnet18_version_8_6165,50,3178.7643,33.3832,3207.0137,33.8386,
resnet18_version_8_6165,51,3179.99,33.3364,3277.5331,34.0724,
resnet18_version_8_6165,52,3175.2041,33.3473,3231.0488,33.032,
resnet18_version_8_6165,53,3175.817,33.3376,3218.3636,33.3326,
resnet18_version_8_6165,54,3170.8875,33.3039,3217.7751,33.9121,
resnet18_version_8_6165,55,3164.7709,33.2945,3236.7904,33.7867,
resnet18_version_8_6165,56,3164.4524,33.2715,3233.6776,33.9732,
resnet18_version_8_6165,57,3160.173,33.2748,3295.694,33.0399,
resnet18_version_8_6165,58,3154.379,33.2558,3217.7873,33.0693,
resnet18_version_8_6165,59,3154.5773,33.2458,3214.774,33.9285,
resnet18_version_8_6165,60,3148.9111,33.213,3202.7176,33.5366,
resnet18_version_9_6303,1,4189.744,38.7185,3676.2693,35.2012,
resnet18_version_9_6303,2,3559.1205,35.4283,3491.0534,34.9229,
resnet18_version_9_6303,3,3490.0018,34.7879,3389.0699,34.5612,
resnet18_version_9_6303,4,3458.5753,34.4832,3389.8534,34.0358,
resnet18_version_9_6303,5,3438.6981,34.3629,3356.5703,34.7003,
resnet18_version_9_6303,6,3418.117,34.2357,3454.2761,34.0867,
resnet18_version_9_6303,7,3404.9677,34.1172,3342.7586,34.6408,
resnet18_version_9_6303,8,3400.2361,34.0722,3328.1438,33.6798,
resnet18_version_9_6303,9,3391.2205,34.0364,3332.6858,34.2873,
resnet18_version_9_6303,10,3384.2099,33.9585,3425.0408,33.3158,
resnet18_version_9_6303,11,3377.1003,33.9407,3330.1469,33.5834,
resnet18_version_9_6303,12,3372.6594,33.8948,3321.9253,34.0304,
resnet18_version_9_6303,13,3358.8218,33.8094,3301.2594,34.1704,
resnet18_version_9_6303,14,3359.9822,33.7979,3320.5456,33.6973,
resnet18_version_9_6303,15,3356.9345,33.801,3349.0919,32.9105,
resnet18_version_9_6303,16,3350.8223,33.7577,3295.3394,34.2019,
resnet18_version_9_6303,17,3342.8314,33.7159,3292.9894,33.4795,
resnet18_version_9_6303,18,3339.0869,33.6612,3297.4382,33.6454,
resnet18_version_9_6303,19,3333.7067,33.6178,3278.2237,33.7503,
resnet18_version_9_6303,20,3328.7971,33.5675,3290.6137,34.7904,
resnet18_version_9_6303,21,3327.3181,33.5819,3274.7389,33.6828,
resnet18_version_9_6303,22,3319.9846,33.5064,3321.117,32.9408,
resnet18_version_9_6303,23,3319.1258,33.5291,3272.7335,34.5321,
resnet18_version_9_6303,24,3312.5223,33.4854,3305.3812,33.112,
resnet18_version_9_6303,25,3305.6563,33.4285,3279.243,33.3955,
resnet18_version_9_6303,26,3306.0345,33.4421,3275.4834,33.1639,
resnet18_version_9_6303,27,3303.8051,33.3972,3264.257,34.0381,
resnet18_version_9_6303,28,3299.0437,33.3912,3337.7504,33.2768,
resnet18_version_9_6303,29,3293.2657,33.3627,3297.7942,34.0617,
resnet18_version_9_6303,30,3292.3459,33.3479,3283.5448,33.0092,
resnet18_version_9_6303,31,3290.0945,33.342,3283.0568,33.074,
resnet18_version_9_6303,32,3284.6317,33.3039,3273.8995,34.0216,
resnet18_version_9_6303,33,3282.1817,33.2812,3267.5386,32.9922,
resnet18_version_9_6303,34,3275.744,33.2413,3252.4285,33.8091,
resnet18_version_9_6303,35,3273.2275,33.2138,3259.0709,33.4287,
resnet18_version_9_6303,36,3272.5304,33.2244,3253.7239,33.9171,
resnet18_version_9_6303,37,3267.2923,33.18,3265.1631,33.2081,
resnet18_version_9_6303,38,3265.5763,33.1785,3269.6776,33.0693,
resnet18_version_9_6303,39,3263.7222,33.1532,3247.2294,33.3016,
resnet18_version_9_6303,40,3259.0613,33.1313,3240.799,33.5385,
resnet18_version_9_6303,41,3255.8541,33.1209,3246.687,33.043,
resnet18_version_9_6303,42,3254.9029,33.0997,3250.6689,33.6235,
resnet18_version_9_6303,43,3245.8201,33.0907,3252.1577,33.0953,
resnet18_version_9_6303,44,3246.6836,33.0376,3234.4101,33.3699,
resnet18_version_9_6303,45,3245.1834,33.0302,3247.8326,33.0069,
resnet18_version_9_6303,46,3239.2848,32.9993,3234.9553,33.6869,
resnet18_version_9_6303,47,3235.5715,32.988,3233.3099,33.3673,
resnet18_version_9_6303,48,3230.4229,32.9683,3298.3245,33.067,
resnet18_version_9_6303,49,3231.1143,32.956,3216.9318,33.6372,
resnet18_version_9_6303,50,3226.4911,32.9436,3313.6625,32.955,
resnet18_version_9_6303,51,3219.3812,32.9284,3253.7873,33.1092,
resnet18_version_9_6303,52,3220.0397,32.8857,3261.146,33.5752,
resnet18_version_9_6303,53,3214.4796,32.8734,3280.2491,32.8106,
resnet18_version_9_6303,54,3213.384,32.8571,3279.0928,32.931,
resnet18_version_9_6303,55,3208.1722,32.8292,3259.305,33.5154,
resnet18_version_9_6303,56,3205.7603,32.8114,3249.7675,33.0337,
resnet18_version_9_6303,57,3199.6154,32.8097,3247.1639,33.2619,
resnet18_version_9_6303,58,3200.6029,32.7751,3259.5408,32.5204,
resnet18_version_9_6303,59,3197.3883,32.7645,3217.6654,33.437,
resnet18_version_9_6303,60,3189.7339,32.7255,3207.958,33.0724,
resnet18_version_9_6469,1,4649.052,41.4058,6050.9636,43.1056,
resnet18_version_9_6469,2,3882.8351,39.1606,6844.5733,44.1151,
resnet18_version_9_6469,3,3597.6969,37.2243,4518.9211,40.8737,
resnet18_version_9_6469,4,3501.1769,36.449,4641.1794,38.6742,
resnet18_version_9_6469,5,3448.5466,35.9152,4304.625,39.9247,
resnet18_version_9_6469,6,3418.4606,35.5719,3897.9403,37.5781,
resnet18_version_9_6469,7,3395.3208,35.318,4170.5909,38.785,
resnet18_version_9_6469,8,3384.0228,35.1509,3683.5059,36.0786,
resnet18_version_9_6469,9,3363.2586,34.9994,4301.4575,37.3892,
resnet18_version_9_6469,10,3344.0624,34.8467,4502.2574,36.617,
resnet18_version_9_6469,11,3339.0793,34.7669,4882.4635,38.3768,
resnet18_version_9_6469,12,3325.3222,34.6422,3800.064,35.256,
resnet18_version_9_6469,13,3323.9999,34.6684,5618.9089,38.0053,
resnet18_version_9_6469,14,3306.751,34.556,4363.1163,38.7091,
resnet18_version_9_6469,15,3298.0219,34.5098,3738.5278,36.0726,
resnet18_version_9_6469,16,3290.3174,34.4562,3560.0559,34.7093,
resnet18_version_9_6469,17,3291.2817,34.4284,3594.2118,36.8021,
resnet18_version_9_6469,18,3278.1927,34.3585,4124.1356,37.5674,
resnet18_version_9_6469,19,3271.6161,34.3092,3917.6751,36.0788,
resnet18_version_9_6469,20,3273.221,34.2849,3681.5968,34.5086,
resnet18_version_9_6469,21,3264.2401,34.2107,3326.7983,36.01,
resnet18_version_9_6469,22,3260.2163,34.1709,3518.9421,34.1428,
resnet18_version_9_6469,23,3256.0216,34.1506,3453.1409,33.79,
resnet18_version_9_6469,24,3252.8148,34.1001,3423.3381,33.5294,
resnet18_version_9_6469,25,3247.7627,34.0869,3355.7696,34.2123,
resnet18_version_9_6469,26,3239.8057,33.9927,3322.8895,33.1787,
resnet18_version_9_6469,27,3232.5019,33.9944,3346.1609,33.325,
resnet18_version_9_6469,28,3225.5242,33.9398,3231.1083,34.1693,
resnet18_version_9_6469,29,3226.8246,33.8867,3245.6644,34.6848,
resnet18_version_9_6469,30,3216.8056,33.8334,4273.5761,37.2981,
resnet18_version_9_6469,31,3222.3236,33.8818,3275.2468,34.0066,
resnet18_version_9_6469,32,3215.8615,33.8389,3337.8924,33.0209,
resnet18_version_9_6469,33,3208.288,33.7514,3245.6262,33.4592,
resnet18_version_9_6469,34,3206.7103,33.7825,3269.9632,32.8562,
resnet18_version_9_6469,35,3201.5882,33.7123,3433.7504,32.9884,
resnet18_version_9_6469,36,3197.8993,33.7003,3375.1188,33.1044,
resnet18_version_9_6469,37,3196.8219,33.7022,3273.0722,33.3441,
resnet18_version_9_6469,38,3186.5463,33.6171,3250.9404,33.9809,
resnet18_version_9_6469,39,3189.8425,33.6108,3256.794,32.7357,
resnet18_version_9_6469,40,3180.9804,33.5667,3286.3127,33.9627,
resnet18_version_9_6469,41,3183.013,33.5599,3344.9726,32.9788,
resnet18_version_9_6469,42,3173.7767,33.5295,3187.2853,33.809,
resnet18_version_9_6469,43,3178.9198,33.512,3267.0538,33.7318,
resnet18_version_9_6469,44,3167.8539,33.4783,3270.5856,33.1746,
resnet18_version_9_6469,45,3170.7708,33.5083,3332.2174,32.5399,
resnet18_version_9_6469,46,3166.6741,33.429,3260.9152,32.7229,
resnet18_version_9_6469,47,3160.2538,33.3362,3188.3814,33.2121,
resnet18_version_9_6469,48,3163.36,33.4059,3279.7619,32.6738,
resnet18_version_9_6469,49,3162.6183,33.367,3183.3179,32.8141,
resnet18_version_9_6469,50,3154.3762,33.3194,3232.8452,34.3252,
resnet18_version_9_6469,51,3153.6919,33.3323,3241.8035,32.7904,
resnet18_version_9_6469,52,3148.3034,33.3055,3215.2411,32.9282,
resnet18_version_9_6469,53,3143.2567,33.2753,3311.8613,32.4429,
resnet18_version_9_6469,54,3151.0492,33.2457,3263.9945,32.4862,
resnet18_version_9_6469,55,3148.7146,33.309,3243.5739,32.4918,
resnet18_version_9_6469,56,3146.7462,33.2654,3371.7553,31.8725,
resnet18_version_9_6469,57,3137.5112,33.2108,3226.3726,32.7195,
resnet18_version_9_6469,58,3143.5413,33.1899,3181.4445,33.7057,
resnet18_version_9_6469,59,3135.8887,33.1883,3176.8686,33.0839,
resnet18_version_9_6469,60,3136.6632,33.1587,3376.4175,32.4447,
resnet18_version_9_6519,1,4400.6095,39.2649,3663.0372,36.044,
resnet18_version_9_6519,2,3613.7636,36.5478,3706.553,34.3713,
resnet18_version_9_6519,3,3388.7053,35.0417,3328.1281,34.1345,
resnet18_version_9_6519,4,3314.4715,34.5035,3297.6837,34.0456,
resnet18_version_9_6519,5,3275.4517,34.1528,3283.2801,33.647,
resnet18_version_9_6519,6,3257.7732,33.9007,3287.1666,33.5643,
resnet18_version_9_6519,7,3236.323,33.7644,3723.8465,32.9666,
resnet18_version_9_6519,8,3227.8025,33.6269,3240.9702,33.7288,
resnet18_version_9_6519,9,3208.9453,33.5121,3414.7761,32.5603,
resnet18_version_9_6519,10,3196.5296,33.4067,3496.8352,32.1655,
resnet18_version_9_6519,11,3192.1286,33.4182,3206.6711,33.0281,
resnet18_version_9_6519,12,3181.5979,33.3449,3204.5823,34.6948,
resnet18_version_9_6519,13,3175.0272,33.265,3179.7214,33.0866,
resnet18_version_9_6519,14,3160.1562,33.1834,3180.1978,33.2362,
resnet18_version_9_6519,15,3156.914,33.1409,3211.1514,32.9138,
resnet18_version_9_6519,16,3154.2587,33.0852,3186.2889,33.5493,
resnet18_version_9_6519,17,3140.8834,33.0477,3161.1765,33.3992,
resnet18_version_9_6519,18,3139.9389,33.0725,3174.8677,32.917,
resnet18_version_9_6519,19,3128.3046,32.9832,3162.7395,33.083,
resnet18_version_9_6519,20,3128.9093,32.9352,3154.7429,33.1453,
resnet18_version_9_6519,21,3125.0207,32.9453,3357.3037,36.6838,
resnet18_version_9_6519,22,3116.9845,32.899,3201.0265,32.3899,
resnet18_version_9_6519,23,3114.3541,32.8749,3169.4626,32.8573,
resnet18_version_9_6519,24,3105.9584,32.8367,3149.8784,32.5326,
resnet18_version_9_6519,25,3104.5036,32.7983,3158.039,32.9479,
resnet18_version_9_6519,26,3091.6057,32.7371,3168.0498,34.1642,
resnet18_version_9_6519,27,3094.828,32.7832,3138.5411,32.8469,
resnet18_version_9_6519,28,3091.7094,32.7054,3161.797,34.1098,
resnet18_version_9_6519,29,3086.146,32.6716,3178.4784,32.261,
resnet18_version_9_6519,30,3085.3618,32.6707,3144.4167,32.8884,
resnet18_version_9_6519,31,3077.6982,32.6237,3143.0868,32.3507,
resnet18_version_9_6519,32,3075.5357,32.5691,3162.7262,32.3252,
resnet18_version_9_6519,33,3077.5657,32.5792,3188.249,32.0843,
resnet18_version_9_6519,34,3067.5011,32.5405,3153.4087,32.7816,
resnet18_version_9_6519,35,3066.9204,32.509,3144.4854,33.5283,
resnet18_version_9_6519,36,3066.6028,32.5163,3211.9782,32.2453,
resnet18_version_9_6519,37,3062.1475,32.4674,3142.0739,33.0388,
resnet18_version_9_6519,38,3059.0588,32.4735,3150.0854,32.1831,
resnet18_version_9_6519,39,3049.4808,32.3882,3125.0254,33.1351,
resnet18_version_9_6519,40,3050.3791,32.3946,3212.2044,31.8937,
resnet18_version_9_6519,41,3046.517,32.359,3154.2126,33.777,
resnet18_version_9_6519,42,3047.0235,32.3456,3183.5466,32.298,
resnet18_version_9_6519,43,3038.2083,32.3373,3132.1437,33.1028,
resnet18_version_9_6519,44,3037.856,32.3067,3144.6586,33.259,
resnet18_version_9_6519,45,3029.9382,32.2407,3150.1371,34.0308,
resnet18_version_9_6519,46,3033.7604,32.2419,3131.7518,33.408,
resnet18_version_9_6519,47,3031.8242,32.2571,3156.1416,31.9867,
resnet18_version_9_6519,48,3028.9953,32.2522,3163.6337,32.3915,
resnet18_version_9_6519,49,3027.6808,32.2186,3193.966,32.7032,
resnet18_version_9_6519,50,3017.9762,32.2224,3139.8961,33.0416,
resnet18_version_9_6519,51,3023.8414,32.1701,3148.4374,32.9222,
resnet18_version_9_6519,52,3020.1252,32.1119,3192.9257,31.9106,
resnet18_version_9_6519,53,3019.6583,32.1258,3134.6837,33.4493,
resnet18_version_9_6519,54,3010.865,32.0893,3145.1937,32.2422,
resnet18_version_9_6519,55,3005.0932,32.0512,3136.5322,33.6044,
resnet18_version_9_6519,56,3009.7505,32.0565,3123.5058,32.9727,
resnet18_version_9_6519,57,3005.6556,32.0173,3135.781,33.0667,
resnet18_version_9_6519,58,3005.5196,32.0377,3164.7719,31.9722,
resnet18_version_9_6519,59,2998.7482,32.0289,3124.3302,33.2215,
resnet18_version_9_6519,60,2997.2764,31.9994,3129.5042,32.9602,
resnet18_version_9_6519,61,2996.554,31.9781,3148.7172,32.9197,
resnet18_version_9_6519,62,2986.0841,31.9321,3138.1589,32.5352,
resnet18_version_9_6519,63,2991.3246,31.9229,3126.3872,33.018,
resnet18_version_9_6519,64,2990.3969,31.9184,3148.79,33.5017,
resnet18_version_9_6519,65,2984.5787,31.8851,3128.5533,32.6187,
resnet18_version_9_6519,66,2981.0224,31.8557,3113.7399,33.0607,
resnet18_version_9_6519,67,2980.206,31.9126,3147.3671,32.9469,
resnet18_version_9_6519,68,2979.8088,31.8565,3143.4881,32.7542,
resnet18_version_9_6519,69,2972.1574,31.794,3128.1932,32.9604,
resnet18_version_9_6519,70,2967.5155,31.8322,3165.514,32.1066,
resnet18_version_9_6519,71,2970.9742,31.8127,3163.2142,32.1372,
resnet18_version_9_6519,72,2975.1921,31.8294,3158.3162,32.7903,
resnet18_version_9_6519,73,2969.6423,31.7827,3151.7192,32.9258,
resnet18_version_9_6519,74,2970.6001,31.7831,3334.8482,31.668,
resnet18_version_9_6519,75,2966.1533,31.6976,3148.9464,32.4788,
resnet18_version_9_6519,76,2964.4957,31.7139,3150.3364,33.5274,
resnet18_version_9_6519,77,2957.209,31.7132,3135.3277,32.1557,
resnet18_version_9_6519,78,2961.2906,31.6725,3148.1956,32.2137,
resnet18_version_9_6519,79,2953.7611,31.6413,3136.9744,32.4672,
resnet18_version_9_6519,80,2958.1888,31.668,3157.6156,32.4138,
resnet18_version_9_6519,81,2949.0644,31.6383,3154.1487,33.1874,
resnet18_version_9_6519,82,2946.7369,31.6673,3148.8119,32.5505,
resnet18_version_9_6519,83,2947.3569,31.6005,3169.0987,32.4304,
resnet18_version_9_6519,84,2939.4906,31.553,3145.3706,33.0205,
resnet18_version_9_6519,85,2939.7988,31.6004,3154.4039,32.7527,
resnet18_version_9_6519,86,2942.0166,31.5547,3156.2454,32.752,
resnet18_version_9_6519,87,2943.9086,31.5719,3172.3649,33.5511,
resnet18_version_9_6519,88,2929.6909,31.5241,3149.5299,32.9393,
resnet18_version_9_6519,89,2933.7589,31.5096,3173.8746,32.3989,
resnet18_version_9_6519,90,2930.6255,31.4629,3170.1011,33.4272,
resnet18_version_9_6519,91,2932.812,31.5171,3155.0659,32.4843,
resnet18_version_9_6519,92,2926.3797,31.4908,3167.7559,33.0752,
resnet18_version_9_6519,93,2927.1776,31.4884,3163.3272,33.3887,
resnet18_version_9_6519,94,2928.6835,31.4648,3119.0486,32.6219,
resnet18_version_9_6519,95,2924.4285,31.4383,3137.8492,32.7388,
resnet18_version_9_6519,96,2922.3886,31.3957,3135.0644,32.9182,
resnet18_version_9_6519,97,2917.8247,31.3901,3156.6359,32.8132,
resnet18_version_9_6519,98,2924.3814,31.3797,3142.7093,32.9535,
resnet18_version_9_6519,99,2921.1901,31.3727,3157.8602,32.439,
resnet18_version_9_6519,100,2910.4636,31.3424,3148.3037,32.7262,
resnet18_version_9_6553,1,1.6639,0.9916,0.9397,0.7669,
resnet18_version_9_6553,2,0.9607,0.7864,0.8274,0.7241,
resnet18_version_9_6553,3,0.885,0.7545,0.772,0.7037,
resnet18_version_9_6553,4,0.8549,0.7398,0.7803,0.7096,
resnet18_version_9_6553,5,0.8349,0.7307,0.7637,0.6964,
resnet18_version_9_6553,6,0.8233,0.7251,0.7382,0.687,
resnet18_version_9_6553,7,0.8118,0.7198,0.7594,0.6897,
resnet18_version_9_6553,8,0.8039,0.7151,1.0475,0.8201,
resnet18_version_9_6553,9,0.7994,0.7133,0.765,0.7055,
resnet18_version_9_6553,10,0.7902,0.7089,0.7365,0.6818,
resnet18_version_9_6553,11,0.7855,0.7063,0.7179,0.6745,
resnet18_version_9_6553,12,0.7812,0.7045,0.7137,0.6675,
resnet18_version_9_6553,13,0.7754,0.7017,0.7154,0.6735,
resnet18_version_9_6553,14,0.769,0.699,0.7079,0.6706,
resnet18_version_9_6553,15,0.7629,0.6956,0.7034,0.6674,
resnet18_version_9_6553,16,0.7619,0.6947,0.7039,0.6707,
resnet18_version_9_6553,17,0.7553,0.6921,0.7033,0.6659,
resnet18_version_9_6553,18,0.7513,0.6891,0.6959,0.6594,
resnet18_version_9_6553,19,0.7509,0.6896,0.7144,0.6707,
resnet18_version_9_6553,20,0.7489,0.6881,0.6899,0.6591,
resnet18_version_9_6553,21,0.745,0.6865,0.6941,0.6609,
resnet18_version_9_6553,22,0.7413,0.6844,0.691,0.6563,
resnet18_version_9_6553,23,0.7376,0.6821,0.6922,0.6563,
resnet18_version_9_6553,24,0.7357,0.6807,0.6831,0.6568,
resnet18_version_9_6553,25,0.7332,0.6806,0.6942,0.6635,
resnet18_version_9_6553,26,0.7307,0.6787,0.6885,0.6521,
resnet18_version_9_6553,27,0.7278,0.6772,0.6903,0.6605,
resnet18_version_9_6553,28,0.7271,0.6767,0.6818,0.6523,
resnet18_version_9_6553,29,0.7224,0.6734,0.6893,0.6539,
resnet18_version_9_6553,30,0.7237,0.6749,0.6902,0.6553,
resnet18_version_9_6553,31,0.7199,0.6737,0.6873,0.6538,
resnet18_version_9_6553,32,0.7201,0.6722,0.7015,0.658,
resnet18_version_9_6553,33,0.7157,0.6701,0.682,0.651,
resnet18_version_9_6553,34,0.7149,0.6698,0.6794,0.6511,
resnet18_version_9_6553,35,0.7148,0.6698,0.6792,0.6462,
resnet18_version_9_6553,36,0.7098,0.667,0.6827,0.6502,
resnet18_version_9_6553,37,0.7101,0.6669,0.682,0.6497,
resnet18_version_9_6553,38,0.7092,0.6661,0.6771,0.6455,
resnet18_version_9_6553,39,0.7064,0.6654,0.6793,0.6474,
resnet18_version_9_6553,40,0.706,0.6642,0.6763,0.6522,
resnet18_version_9_6553,41,0.7022,0.6628,0.6774,0.646,
resnet18_version_9_6553,42,0.7021,0.6626,0.6895,0.6519,
resnet18_version_9_6553,43,0.7014,0.6616,0.6787,0.6512,
resnet18_version_9_6553,44,0.6983,0.6606,0.6795,0.6493,
resnet18_version_9_6553,45,0.6966,0.6593,0.6746,0.649,
resnet18_version_9_6553,46,0.6971,0.6594,0.6757,0.6462,
resnet18_version_9_6553,47,0.6935,0.6576,0.6741,0.6438,
resnet18_version_9_6553,48,0.6932,0.6569,0.6803,0.654,
resnet18_version_9_6553,49,0.6923,0.6563,0.6738,0.6499,
resnet18_version_9_6553,50,0.6901,0.6555,0.6727,0.647,
resnet18_version_9_6553,51,0.6878,0.6541,0.6764,0.6412,
resnet18_version_9_6553,52,0.688,0.6537,0.6754,0.6444,
resnet18_version_9_6553,53,0.6854,0.653,0.6785,0.6485,
resnet18_version_9_6553,54,0.6873,0.6536,0.6734,0.6416,
resnet18_version_9_6553,55,0.6855,0.6521,0.6717,0.6408,
resnet18_version_9_6553,56,0.6829,0.651,0.6823,0.6445,
resnet18_version_9_6553,57,0.6815,0.65,0.6722,0.6391,
resnet18_version_9_6553,58,0.6808,0.6496,0.8443,0.7319,
resnet18_version_9_6553,59,0.6793,0.649,0.6774,0.6419,
resnet18_version_9_6553,60,0.6761,0.6476,0.6765,0.6462,
resnet18_version_9_6553,61,0.6754,0.6469,0.6833,0.6474,
resnet18_version_9_6553,62,0.6746,0.6463,0.6748,0.6489,
resnet18_version_9_6553,63,0.6739,0.6449,0.6766,0.6418,
resnet18_version_9_6553,64,0.6718,0.6448,0.6738,0.6496,
resnet18_version_9_6553,65,0.6706,0.644,0.6657,0.6421,
resnet18_version_9_6553,66,0.6701,0.6442,0.6649,0.6361,
resnet18_version_9_6553,67,0.6709,0.6434,0.6632,0.6366,
resnet18_version_9_6553,68,0.6686,0.6427,0.6689,0.6378,
resnet18_version_9_6553,69,0.6663,0.6417,0.6665,0.6407,
resnet18_version_9_6553,70,0.6653,0.6411,0.6682,0.6419,
resnet18_version_9_6553,71,0.6651,0.6396,0.6676,0.6379,
resnet18_version_9_6553,72,0.6641,0.6394,0.6695,0.6391,
resnet18_version_9_6553,73,0.6625,0.6386,0.6735,0.6349,
resnet18_version_9_6553,74,0.6625,0.6387,0.6718,0.6455,
resnet18_version_9_6553,75,0.6611,0.6381,0.6723,0.6428,
resnet18_version_9_6553,76,0.6591,0.6364,0.6648,0.6381,
resnet18_version_9_6553,77,0.659,0.6372,0.6657,0.6339,
resnet18_version_9_6553,78,0.6592,0.637,0.687,0.6568,
resnet18_version_9_6553,79,0.6578,0.6357,0.6672,0.6363,
resnet18_version_9_6553,80,0.6543,0.6336,0.6613,0.6352,
resnet18_version_9_6553,81,0.6523,0.6324,0.671,0.6392,
resnet18_version_9_6553,82,0.6525,0.6328,0.6833,0.6489,
resnet18_version_9_6553,83,0.653,0.6329,0.6707,0.6386,
resnet18_version_9_6553,84,0.6517,0.6324,0.6705,0.6384,
resnet18_version_9_6553,85,0.6477,0.6303,0.6691,0.6383,
resnet18_version_9_6553,86,0.6479,0.6307,0.6651,0.6363,
resnet18_version_9_6553,87,0.6461,0.6288,0.6683,0.635,
resnet18_version_9_6553,88,0.6474,0.63,0.6676,0.6372,
resnet18_version_9_6553,89,0.6464,0.6287,0.6681,0.6412,
resnet18_version_9_6553,90,0.6438,0.6278,0.6653,0.6407,
resnet18_version_9_6553,91,0.6451,0.6282,0.6641,0.6336,
resnet18_version_9_6553,92,0.6417,0.6271,0.6668,0.637,
resnet18_version_9_6553,93,0.643,0.6265,0.6655,0.6329,
resnet18_version_9_6553,94,0.6407,0.6259,0.6806,0.6488,
resnet18_version_9_6553,95,0.6396,0.6247,0.6668,0.6351,
resnet18_version_9_6553,96,0.6382,0.624,0.6679,0.6406,
resnet18_version_9_6553,97,0.6384,0.6244,0.6637,0.635,
resnet18_version_9_6553,98,0.6392,0.6247,0.7946,0.7037,
resnet18_version_9_6553,99,0.6359,0.6228,0.6697,0.6323,
resnet18_version_9_6553,100,0.6353,0.6221,0.6624,0.6332,
resnet34_version_1_6170,1,4062.9913,39.063,3647.1248,35.1247,
resnet34_version_1_6170,2,3604.481,36.4586,3765.4083,35.1117,
resnet34_version_1_6170,3,3549.6339,35.8975,3582.8585,37.885,
resnet34_version_1_6170,4,3513.4193,35.5439,3746.5492,40.1932,
resnet34_version_1_6170,5,3489.4329,35.3345,3453.7367,35.9693,
resnet34_version_1_6170,6,3472.4763,35.1832,3832.8325,40.4711,
resnet34_version_1_6170,7,3461.5778,35.0932,3886.9121,35.2399,
resnet34_version_1_6170,8,3446.3304,34.9568,3373.0612,34.6456,
resnet34_version_1_6170,9,3436.9966,34.9039,3393.5833,34.94,
resnet34_version_1_6170,10,3428.9683,34.8484,3376.6057,34.731,
resnet34_version_1_6170,11,3421.4398,34.7918,3469.909,33.3526,
resnet34_version_1_6170,12,3414.5745,34.7255,3414.0476,34.0031,
resnet34_version_1_6170,13,3407.3547,34.6833,3367.2875,35.118,
resnet34_version_1_6170,14,3400.4661,34.6327,3357.3321,34.6992,
resnet34_version_1_6170,15,3398.1903,34.6042,3682.3786,34.7206,
resnet34_version_1_6170,16,3389.916,34.5608,3386.3454,33.7753,
resnet34_version_1_6170,17,3389.363,34.5481,3332.838,35.5305,
resnet34_version_1_6170,18,3383.5731,34.4985,3342.1311,34.1769,
resnet34_version_1_6170,19,3380.635,34.4933,3364.7996,34.7483,
resnet34_version_1_6170,20,3375.8256,34.4497,3356.7032,35.5254,
resnet34_version_1_6170,21,3370.1979,34.4164,3635.6876,38.2284,
resnet34_version_1_6170,22,3369.1271,34.4123,3362.6812,35.6349,
resnet34_version_1_6170,23,3364.4748,34.3889,3314.2038,33.7837,
resnet34_version_1_6170,24,3356.7447,34.3532,3296.6327,34.4042,
resnet34_version_1_6170,25,3355.99,34.3091,3321.9827,34.3378,
resnet34_version_1_6170,26,3350.6685,34.306,3294.074,34.5817,
resnet34_version_1_6170,27,3348.2065,34.2766,3334.9495,34.8531,
resnet34_version_1_6170,28,3344.976,34.2506,3292.987,34.9511,
resnet34_version_1_6170,29,3339.1836,34.2254,3288.1824,34.3713,
resnet34_version_1_6170,30,3334.8272,34.2059,3274.9512,33.818,
resnet34_version_1_6170,31,3328.1653,34.1862,3291.9492,34.4693,
resnet34_version_1_6170,32,3326.2314,34.1554,3283.2753,34.0371,
resnet34_version_1_6170,33,3322.4526,34.1379,3348.3235,34.1827,
resnet34_version_1_6170,34,3319.7488,34.1303,3272.0619,34.2192,
resnet34_version_1_6170,35,3314.2707,34.107,3321.3623,33.6104,
resnet34_version_1_6170,36,3309.1656,34.0628,3267.1659,34.3235,
resnet34_version_1_6170,37,3302.8993,34.0509,3270.3334,33.6246,
resnet34_version_1_6170,38,3296.6826,34.016,3247.6041,33.8568,
resnet34_version_1_6170,39,3294.5401,34.0262,3273.4798,34.5692,
resnet34_version_1_6170,40,3287.8734,33.9892,3236.6253,33.7956,
resnet34_version_1_6170,41,3287.4056,33.9809,3253.0348,34.0634,
resnet34_version_1_6170,42,3282.6986,33.9611,3243.622,33.8593,
resnet34_version_1_6170,43,3276.5447,33.9512,3263.4551,35.652,
resnet34_version_1_6170,44,3270.8902,33.9194,3284.8624,33.1811,
resnet34_version_1_6170,45,3265.3872,33.907,3275.1475,33.7765,
resnet34_version_1_6170,46,3259.6158,33.8777,3313.2332,35.3939,
resnet34_version_1_6170,47,3257.8355,33.8387,3336.6416,35.6793,
resnet34_version_1_6170,48,3251.5626,33.8202,3300.0752,35.8328,
resnet34_version_1_6170,49,3247.0656,33.8171,3206.8415,33.7896,
resnet34_version_1_6170,50,3246.4675,33.8044,3190.7765,33.4447,
resnet34_version_1_6170,51,3240.152,33.7583,3233.0001,35.0966,
resnet34_version_1_6170,52,3238.9147,33.7631,3269.9213,33.5055,
resnet34_version_1_6170,53,3236.5801,33.7508,3217.6282,34.8315,
resnet34_version_1_6170,54,3233.8986,33.7365,3714.0361,34.3835,
resnet34_version_1_6170,55,3231.7321,33.7217,3225.3208,33.9571,
resnet34_version_1_6170,56,3224.4312,33.684,3192.5204,34.008,
resnet34_version_1_6170,57,3221.064,33.6702,3174.0615,33.326,
resnet34_version_1_6170,58,3219.5988,33.6484,3305.7149,35.4444,
resnet34_version_1_6170,59,3220.1884,33.6474,3651.2774,34.4624,
resnet34_version_1_6170,60,3218.4963,33.6121,3196.1224,33.8199,
resnet50_version_1_6172,1,4110.9251,39.8455,3891.5277,35.9957,
resnet50_version_1_6172,2,3708.0493,37.2342,3556.0374,36.671,
resnet50_version_1_6172,3,3635.7123,36.5445,3567.3949,37.3237,
resnet50_version_1_6172,4,3597.955,36.1897,6167.4863,39.9461,
resnet50_version_1_6172,5,3556.7595,35.8798,3480.7997,34.9855,
resnet50_version_1_6172,6,3537.9509,35.7214,3591.4251,34.489,
resnet50_version_1_6172,7,3522.0036,35.5807,5088.4747,36.9652,
resnet50_version_1_6172,8,3501.1769,35.4368,7355.3826,40.5612,
resnet50_version_1_6172,9,3488.094,35.3354,10490.9224,40.8334,
resnet50_version_1_6172,10,3468.2019,35.2052,3585.4079,34.3252,
resnet50_version_1_6172,11,3455.5717,35.1009,6821.7289,38.0565,
resnet50_version_1_6172,12,3439.2291,34.9821,3415.1748,34.5196,
resnet50_version_1_6172,13,3432.9155,34.8987,4962.8189,37.7604,
resnet50_version_1_6172,14,3422.4593,34.8368,3366.4684,35.8528,
resnet50_version_1_6172,15,3408.1853,34.7298,3352.8952,34.3576,
resnet50_version_1_6172,16,3403.0302,34.6833,3372.7464,35.359,
resnet50_version_1_6172,17,3390.0526,34.6048,3352.2146,34.7633,
resnet50_version_1_6172,18,3381.2487,34.5219,3331.2,34.5056,
resnet50_version_1_6172,19,3371.6702,34.4555,3355.6658,33.5155,
resnet50_version_1_6172,20,3367.581,34.4154,3358.7686,33.8225,
resnet50_version_1_6172,21,3357.5449,34.3584,3311.4741,34.0651,
resnet50_version_1_6172,22,3352.1733,34.29,3314.2073,33.9019,
resnet50_version_1_6172,23,3343.2102,34.2219,3446.9062,33.926,
resnet50_version_1_6172,24,3336.9874,34.1917,3321.7429,33.8726,
resnet50_version_1_6172,25,3329.3418,34.1171,3295.8596,34.1555,
resnet50_version_1_6172,26,3320.7356,34.0569,3301.0984,34.0052,
resnet50_version_1_6172,27,3314.4988,34.0187,3331.9515,34.2442,
resnet50_version_1_6172,28,3310.6839,33.9557,3307.7381,34.3146,
resnet50_version_1_6172,29,3304.5679,33.927,3297.9737,33.9737,
resnet50_version_1_6172,30,3298.7453,33.8807,3283.1476,34.225,
resnet50_version_1_6172,31,3291.2761,33.8434,3318.5397,34.7493,
resnet50_version_1_6172,32,3287.2833,33.805,3327.8039,33.0709,
resnet50_version_1_6172,33,3280.6929,33.7779,3325.0481,33.2089,
resnet50_version_1_6172,34,3275.1547,33.746,610078.9765,121.1549,
resnet50_version_1_6172,35,3272.3249,33.7097,3378.7731,33.426,
resnet50_version_1_6172,36,3264.6551,33.6544,3330.5636,34.099,
resnet50_version_1_6172,37,3262.948,33.6327,3290.48,33.6624,
resnet50_version_1_6172,38,3255.4759,33.5998,3291.9009,33.8501,
resnet50_version_1_6172,39,3252.2354,33.5757,3289.5242,33.7316,
resnet50_version_1_6172,40,3249.5444,33.5274,3328.4424,34.0733,
resnet50_version_1_6172,41,3247.4097,33.5231,3294.2164,34.0168,
resnet50_version_1_6172,42,3240.2124,33.4814,3300.9169,34.2216,
resnet50_version_1_6172,43,3236.444,33.4833,3289.5322,33.756,
resnet50_version_1_6172,44,3231.7327,33.4633,3299.8364,34.5259,
resnet50_version_1_6172,45,3234.0526,33.4313,3305.5979,34.3976,
resnet50_version_1_6172,46,3225.3748,33.4174,3295.8845,33.8369,
resnet50_version_1_6172,47,3222.3684,33.3779,3312.1443,33.6832,
resnet50_version_1_6172,48,3219.5328,33.3693,3342.5588,33.8596,
resnet50_version_1_6172,49,3214.5776,33.3428,3324.0545,33.7046,
resnet50_version_1_6172,50,3213.0219,33.3503,3329.1704,34.9508,
resnet50_version_1_6172,51,3204.81,33.3133,3340.0205,34.3655,
resnet50_version_1_6172,52,3199.764,33.2839,3311.0013,33.0366,
resnet50_version_1_6172,53,3193.9774,33.2711,9189707.9137,468.6729,
resnet50_version_1_6172,54,3197.418,33.2792,3326.6585,33.2228,
resnet50_version_1_6172,55,3193.1564,33.2468,3286.1287,33.6792,
resnet50_version_1_6172,56,3191.2366,33.2721,3320.6721,34.2059,
resnet50_version_1_6172,57,3185.0691,33.2495,3318.5514,33.668,
resnet50_version_1_6172,58,3185.179,33.2714,3277.1636,33.8958,
resnet50_version_1_6172,59,3178.3681,33.2412,3317.1719,34.4298,
resnet50_version_1_6172,60,3171.5454,33.1814,3347.1621,33.8451,
slurm-4793,1,1032.1136,20.1164,928.2788,18.8965,
slurm-4793,2,968.7389,19.2917,1022.0285,18.3243,
slurm-4793,3,949.194,18.989,900.8842,18.729,
slurm-4793,4,934.7957,18.8226,924.9675,19.4989,
slurm-4793,5,924.9172,18.6699,873.3182,18.0214,
slurm-4793,6,912.451,18.5019,871.1784,17.8248,
slurm-4793,7,903.735,18.394,865.3784,17.6364,
slurm-4793,8,894.0925,18.2849,1261.7846,25.249,
slurm-4793,9,887.8205,18.1641,860.5724,18.0912,
slurm-4793,10,884.276,18.1283,851.416,18.0881,
slurm-4793,11,878.6094,18.0307,918.9516,20.299,
slurm-4793,12,874.1748,17.9683,1029.0467,22.3271,
slurm-4793,13,871.1013,17.9422,858.7947,18.9015,
slurm-4793,14,869.2255,17.9077,852.8885,17.1777,
slurm-4793,15,864.518,17.859,858.7159,18.5859,
slurm-4793,16,862.9333,17.835,845.7348,17.7365,
slurm-4793,17,859.0474,17.7974,855.5974,17.0499,
slurm-4793,18,854.677,17.7383,890.2825,17.472,
slurm-4793,19,851.3975,17.7105,882.3059,17.4679,
slurm-4793,20,850.1511,17.7002,827.7575,17.5531,
slurm-4793,21,846.7557,17.6365,999.6248,21.4848,
slurm-4793,22,844.602,17.6084,835.4101,18.3259,
slurm-4793,23,842.2407,17.6015,873.7953,17.4617,
slurm-4793,24,841.0239,17.5874,868.5857,17.3256,
slurm-4793,25,838.5619,17.5513,955.0953,20.4056,
slurm-4793,26,834.5053,17.5047,828.532,17.8414,
slurm-4793,27,832.3789,17.4732,1282.1901,20.6833,
slurm-4793,28,830.1873,17.4298,824.8667,18.2208,
slurm-4793,29,825.876,17.4043,989.7459,18.772,
slurm-4793,30,823.9235,17.3736,841.2446,18.8639,
slurm-4793,31,822.188,17.3538,823.5169,18.4991,
slurm-4793,32,820.6593,17.3341,908.6462,17.2641,
slurm-4793,33,818.8532,17.3188,840.2041,18.6081,
slurm-4793,34,816.1957,17.2823,1169.4614,20.4166,
slurm-4793,35,814.7887,17.2537,839.5689,18.4413,
slurm-4793,36,810.1678,17.2336,819.4011,17.9378,
slurm-4793,37,810.1147,17.217,840.8287,18.2988,
slurm-4793,38,806.3184,17.1754,808.8008,17.7659,
slurm-4793,39,807.0906,17.176,877.0118,19.394,
slurm-4793,40,807.6829,17.1671,805.379,17.6807,
slurm-4793,41,804.5949,17.1437,808.2362,17.5829,
slurm-4793,42,804.651,17.1456,798.2862,17.6028,
slurm-4793,43,800.0274,17.0873,807.0237,17.7729,
slurm-4793,44,798.2841,17.0826,818.4849,18.3,
slurm-4793,45,797.6173,17.0668,996.3885,18.2304,
slurm-4793,46,795.0314,17.0371,859.618,19.3302,
slurm-4793,47,793.5108,17.0254,803.913,17.6576,
slurm-4793,48,792.5149,17.0333,830.5588,18.8449,
slurm-4793,49,790.9019,17.0078,810.1732,17.0459,
slurm-4793,50,789.6675,16.9935,791.6475,17.2324,
slurm-4793,51,789.7767,16.9841,805.3845,18.0132,
slurm-4793,52,787.3581,16.9628,1374.6785,22.1568,
slurm-4793,53,787.1295,16.9672,792.4214,17.4895,
slurm-4793,54,782.1239,16.9108,817.4658,17.9027,
slurm-4793,55,784.1681,16.9246,905.1889,20.1296,
slurm-4793,56,782.5915,16.9182,855.5902,19.3084,
slurm-4793,57,779.9356,16.9097,806.1654,17.7965,
slurm-4793,58,778.0542,16.8743,831.559,18.6616,
slurm-4793,59,779.8068,16.9037,845.184,17.0797,
slurm-4793,60,777.8318,16.8574,802.2173,17.6779,
tinyPixelVit_version_1_train_5868,1,3898.3995,38.6522,3596.8183,36.0208,
tinyPixelVit_version_1_train_5868,2,3532.4684,35.8519,3575.5285,36.4008,
tinyPixelVit_version_1_train_5868,3,3477.0561,35.4017,3527.2407,36.0167,
tinyPixelVit_version_1_train_5868,4,3444.4065,35.1853,3515.306,36.2756,
tinyPixelVit_version_1_train_5868,5,3427.0339,35.0294,3469.7999,35.4891,
tinyPixelVit_version_1_train_5868,6,3405.3725,34.8412,3496.6353,36.1982,
tinyPixelVit_version_1_train_5868,7,3386.7701,34.685,3457.203,35.7035,
tinyPixelVit_version_1_train_5868,8,3372.9961,34.5593,3422.5294,34.868,
tinyPixelVit_version_1_train_5868,9,3359.4128,34.4542,3465.5205,36.4148,
tinyPixelVit_version_1_train_5868,10,3343.5007,34.3567,3403.5091,35.086,
tinyPixelVit_version_1_train_5868,11,3328.9093,34.254,3383.8409,34.5375,
tinyPixelVit_version_1_train_5868,12,3319.7907,34.2023,3365.9377,34.6378,
tinyPixelVit_version_1_train_5868,13,3302.148,34.0989,3378.9954,35.535,
tinyPixelVit_version_1_train_5868,14,3288.222,34.016,3376.4652,35.5622,
tinyPixelVit_version_1_train_5868,15,3274.8798,33.9483,3319.9638,34.0511,
tinyPixelVit_version_1_train_5868,16,3261.0898,33.8607,3348.3762,35.0212,
tinyPixelVit_version_1_train_5868,17,3245.5806,33.7613,3292.5784,34.3463,
tinyPixelVit_version_1_train_5868,18,3233.5663,33.6878,3262.9187,34.027,
tinyPixelVit_version_1_train_5868,19,3226.2229,33.6459,3300.5375,34.8725,
tinyPixelVit_version_1_train_5868,20,3219.387,33.6083,3272.7435,34.5799,
tinyPixelVit_version_1_train_5868,21,3211.6076,33.5525,3314.0506,35.3129,
tinyPixelVit_version_1_train_5868,22,3200.3722,33.5091,3241.3849,34.0239,
tinyPixelVit_version_1_train_5868,23,3195.4311,33.4753,3261.1769,34.6386,
tinyPixelVit_version_1_train_5868,24,3189.4791,33.416,3262.8273,34.7828,
tinyPixelVit_version_1_train_5868,25,3181.8856,33.3976,3206.3179,33.476,
tinyPixelVit_version_1_train_5868,26,3179.4852,33.3565,3228.1707,34.2489,
tinyPixelVit_version_1_train_5868,27,3173.7412,33.3469,3216.1492,34.0924,
tinyPixelVit_version_1_train_5868,28,3169.2405,33.3161,3235.6197,34.8099,
tinyPixelVit_version_1_train_5868,29,3167.3713,33.3053,3214.2994,34.4473,
tinyPixelVit_version_1_train_5868,30,3161.6311,33.258,3182.9441,33.469,
tinyPixelVit_version_1_train_5868,31,3157.5354,33.2456,3182.4027,33.5425,
tinyPixelVit_version_1_train_5868,32,3155.7941,33.2103,3181.4672,33.2379,
tinyPixelVit_version_1_train_5868,33,3152.0884,33.2106,3178.2234,33.2646,
tinyPixelVit_version_1_train_5868,34,3141.3931,33.1525,3175.2266,33.3919,
tinyPixelVit_version_1_train_5868,35,3140.7069,33.1494,3210.0824,34.6397,
tinyPixelVit_version_1_train_5868,36,3142.6232,33.1484,3171.5943,33.2402,
tinyPixelVit_version_1_train_5868,37,3136.5458,33.1127,3160.3554,33.1848,
tinyPixelVit_version_1_train_5868,38,3133.6906,33.0978,3180.2927,33.7894,
tinyPixelVit_version_1_train_5868,39,3128.1909,33.079,3194.7147,34.0429,
tinyPixelVit_version_1_train_5868,40,3131.9231,33.0989,3161.3762,33.364,
tinyPixelVit_version_1_train_5868,41,3120.9182,33.0422,3173.7267,33.2141,
tinyPixelVit_version_1_train_5868,42,3128.6779,33.0728,3158.5466,33.4483,
tinyPixelVit_version_1_train_5868,43,3120.4244,33.0123,3181.6293,33.8591,
tinyPixelVit_version_1_train_5868,44,3118.8712,33.008,3170.7131,33.8888,
tinyPixelVit_version_1_train_5868,45,3117.6097,33.0057,3146.4895,32.6161,
tinyPixelVit_version_1_train_5868,46,3111.7892,32.9875,3173.7002,33.8982,
tinyPixelVit_version_1_train_5868,47,3111.3866,32.9742,3161.955,33.6319,
tinyPixelVit_version_1_train_5868,48,3110.585,32.9804,3138.4937,33.221,
tinyPixelVit_version_1_train_5868,49,3110.1548,32.9636,3158.6265,33.7602,
tinyPixelVit_version_1_train_5868,50,3106.1838,32.9386,3134.097,33.1721,
tinyPixelVit_version_1_train_5868,51,3102.0379,32.9319,3148.1645,33.6367,
tinyPixelVit_version_1_train_5868,52,3097.2837,32.9283,3127.9473,33.1779,
tinyPixelVit_version_1_train_5868,53,3096.13,32.8957,3138.1456,33.4848,
tinyPixelVit_version_1_train_5868,54,3095.7571,32.8748,3127.1096,33.0694,
tinyPixelVit_version_1_train_5868,55,3091.3698,32.8665,3132.0305,33.5876,
tinyPixelVit_version_1_train_5868,56,3091.8332,32.8899,3141.3734,33.599,
tinyPixelVit_version_1_train_5868,57,3090.4598,32.8644,3118.6536,33.2275,
tinyPixelVit_version_1_train_5868,58,3089.6446,32.8487,3124.2248,33.0863,
tinyPixelVit_version_1_train_5868,59,3081.5232,32.8462,3117.2841,33.3903,
tinyPixelVit_version_1_train_5868,60,3080.7277,32.8307,3112.2353,32.6356,
tinyPixelVit_version_1_train_6470,1,4185.7556,41.4785,3424.7685,37.0834,
tinyPixelVit_version_1_train_6470,2,3470.2262,36.3286,3334.9717,36.8666,
tinyPixelVit_version_1_train_6470,3,3397.7534,35.7018,3242.4124,35.6029,
tinyPixelVit_version_1_train_6470,4,3344.7722,35.1316,3219.2703,35.3473,
tinyPixelVit_version_1_train_6470,5,3320.2377,34.9008,3347.5104,32.3894,
tinyPixelVit_version_1_train_6470,6,3298.4015,34.7291,3223.0921,35.764,
tinyPixelVit_version_1_train_6470,7,3278.8427,34.6207,3230.9276,36.0987,
tinyPixelVit_version_1_train_6470,8,3277.7391,34.5741,3203.4683,35.5529,
tinyPixelVit_version_1_train_6470,9,3261.3088,34.4563,3179.0258,35.1334,
tinyPixelVit_version_1_train_6470,10,3255.4805,34.4137,3228.6556,36.2922,
tinyPixelVit_version_1_train_6470,11,3241.8219,34.3246,3209.9299,35.5921,
tinyPixelVit_version_1_train_6470,12,3239.7418,34.2662,3182.0376,35.4728,
tinyPixelVit_version_1_train_6470,13,3229.4545,34.2105,3178.138,35.4285,
tinyPixelVit_version_1_train_6470,14,3215.4694,34.1433,3156.5973,34.8276,
tinyPixelVit_version_1_train_6470,15,3213.0962,34.0682,3121.9276,34.2453,
tinyPixelVit_version_1_train_6470,16,3201.8146,33.9959,3098.4496,33.6953,
tinyPixelVit_version_1_train_6470,17,3195.5786,33.927,3104.8056,33.8951,
tinyPixelVit_version_1_train_6470,18,3184.0505,33.8505,3082.395,33.7899,
tinyPixelVit_version_1_train_6470,19,3180.2513,33.7882,3107.2533,34.1774,
tinyPixelVit_version_1_train_6470,20,3174.3958,33.7148,3072.3763,33.606,
tinyPixelVit_version_1_train_6470,21,3161.4637,33.6038,3086.1348,34.1104,
tinyPixelVit_version_1_train_6470,22,3162.5727,33.6002,3051.4042,33.0563,
tinyPixelVit_version_1_train_6470,23,3154.718,33.5343,3049.618,33.3417,
tinyPixelVit_version_1_train_6470,24,3142.674,33.4207,3070.6948,34.1325,
tinyPixelVit_version_1_train_6470,25,3141.5075,33.4528,3096.8836,34.7934,
tinyPixelVit_version_1_train_6470,26,3133.7843,33.3717,3040.0074,33.4416,
tinyPixelVit_version_1_train_6470,27,3126.8673,33.3256,3110.039,34.8067,
tinyPixelVit_version_1_train_6470,28,3123.6595,33.2833,3058.7554,34.3265,
tinyPixelVit_version_1_train_6470,29,3118.4974,33.2617,3018.7301,32.9332,
tinyPixelVit_version_1_train_6470,30,3110.7145,33.2053,3014.9974,33.14,
tinyPixelVit_version_1_train_6470,31,3108.1253,33.1709,3069.8901,34.0337,
tinyPixelVit_version_1_train_6470,32,3098.7291,33.1646,3013.4622,32.9598,
tinyPixelVit_version_1_train_6470,33,3102.0467,33.1532,3010.683,33.5182,
tinyPixelVit_version_1_train_6470,34,3092.6099,33.0937,3033.5382,33.627,
tinyPixelVit_version_1_train_6470,35,3081.2165,33.0145,3049.6418,34.6249,
tinyPixelVit_version_1_train_6470,36,3079.5834,33.0322,3006.9367,33.7778,
tinyPixelVit_version_1_train_6470,37,3073.7241,33.0069,3030.1446,33.6823,
tinyPixelVit_version_1_train_6470,38,3065.0022,32.9539,3015.2094,33.4605,
tinyPixelVit_version_1_train_6470,39,3063.526,32.8943,2991.0968,33.5359,
tinyPixelVit_version_1_train_6470,40,3059.3075,32.8996,3008.2767,33.3488,
tinyPixelVit_version_1_train_6470,41,3055.4413,32.8697,3016.163,33.9554,
tinyPixelVit_version_1_train_6470,42,3055.0992,32.8616,2997.0666,33.6332,
tinyPixelVit_version_1_train_6470,43,3045.8742,32.7883,3049.7205,34.6749,
tinyPixelVit_version_1_train_6470,44,3041.1525,32.7764,2985.1399,33.3885,
tinyPixelVit_version_1_train_6470,45,3039.0756,32.7619,2964.5911,33.3129,
tinyPixelVit_version_1_train_6470,46,3035.1052,32.7449,2933.9116,32.2408,
tinyPixelVit_version_1_train_6470,47,3030.5551,32.7282,2960.7748,33.1355,
tinyPixelVit_version_1_train_6470,48,3026.5292,32.6887,2981.1113,33.4103,
tinyPixelVit_version_1_train_6470,49,3027.7308,32.6625,2982.1902,33.3826,
tinyPixelVit_version_1_train_6470,50,3018.3936,32.6326,2939.3795,33.0368,
tinyPixelVit_version_1_train_6470,51,3025.9244,32.651,2942.0097,32.2697,
tinyPixelVit_version_1_train_6470,52,3015.9485,32.6252,2939.4911,32.6187,
tinyPixelVit_version_1_train_6470,53,3015.9751,32.612,2928.2728,32.4233,
tinyPixelVit_version_1_train_6470,54,3009.8426,32.5731,2958.7933,33.2597,
tinyPixelVit_version_1_train_6470,55,3011.3944,32.5714,2949.2321,33.3461,
tinyPixelVit_version_1_train_6470,56,2998.9531,32.5407,2930.5443,32.6451,
tinyPixelVit_version_1_train_6470,57,3003.9052,32.5444,2917.0868,32.7442,
tinyPixelVit_version_1_train_6470,58,2997.6767,32.507,2965.0089,33.6863,
tinyPixelVit_version_1_train_6470,59,3001.7744,32.5217,2912.3278,32.2252,
tinyPixelVit_version_1_train_6470,60,2997.5364,32.4694,2947.514,33.2502,
tinyPixelVit_version_1_train_6521,1,4113.3924,40.871,3426.1889,36.1743,
tinyPixelVit_version_1_train_6521,2,3452.2985,36.3364,3371.8995,35.8671,
tinyPixelVit_version_1_train_6521,3,3386.7614,35.5867,3335.5911,36.4541,
tinyPixelVit_version_1_train_6521,4,3335.3876,35.1562,3273.0819,34.9599,
tinyPixelVit_version_1_train_6521,5,3313.0732,34.9107,3215.241,34.1704,
tinyPixelVit_version_1_train_6521,6,3288.8529,34.7797,3308.5867,36.3633,
tinyPixelVit_version_1_train_6521,7,3272.7595,34.6552,3225.2946,34.4294,
tinyPixelVit_version_1_train_6521,8,3261.5404,34.568,3228.8166,34.9261,
tinyPixelVit_version_1_train_6521,9,3255.0109,34.4553,3190.6403,34.6576,
tinyPixelVit_version_1_train_6521,10,3248.3762,34.3954,3262.8828,35.6352,
tinyPixelVit_version_1_train_6521,11,3233.6224,34.3398,3200.8341,34.7665,
tinyPixelVit_version_1_train_6521,12,3225.7737,34.2686,3230.401,35.0342,
tinyPixelVit_version_1_train_6521,13,3220.679,34.243,3245.5612,35.7298,
tinyPixelVit_version_1_train_6521,14,3211.3772,34.1637,3180.2133,34.8352,
tinyPixelVit_version_1_train_6521,15,3202.7006,34.0907,3133.76,33.6622,
tinyPixelVit_version_1_train_6521,16,3193.3726,33.9868,3197.5436,34.9643,
tinyPixelVit_version_1_train_6521,17,3183.487,33.8608,3183.8747,35.1579,
tinyPixelVit_version_1_train_6521,18,3173.1422,33.7766,3146.3824,34.5667,
tinyPixelVit_version_1_train_6521,19,3169.9141,33.7465,3130.6753,34.2422,
tinyPixelVit_version_1_train_6521,20,3156.4996,33.649,3103.2019,33.5617,
tinyPixelVit_version_1_train_6521,21,3150.4045,33.5801,3089.689,33.4333,
tinyPixelVit_version_1_train_6521,22,3149.4689,33.5593,3094.7047,33.7406,
tinyPixelVit_version_1_train_6521,23,3136.6806,33.4538,3072.9229,33.1703,
tinyPixelVit_version_1_train_6521,24,3138.33,33.4631,3089.0965,33.9577,
tinyPixelVit_version_1_train_6521,25,3129.2488,33.3622,3113.2253,34.343,
tinyPixelVit_version_1_train_6521,26,3122.2137,33.3479,3099.9923,33.8639,
tinyPixelVit_version_1_train_6521,27,3114.0955,33.2952,3044.6362,32.6916,
tinyPixelVit_version_1_train_6521,28,3111.6487,33.2608,3093.4277,33.648,
tinyPixelVit_version_1_train_6521,29,3111.456,33.2296,3047.982,32.8517,
tinyPixelVit_version_1_train_6521,30,3099.4639,33.1379,3141.0763,35.317,
tinyPixelVit_version_1_train_6521,31,3091.1159,33.121,3111.466,34.5542,
tinyPixelVit_version_1_train_6521,32,3088.8729,33.0848,3036.0981,33.3258,
tinyPixelVit_version_1_train_6521,33,3089.3515,33.091,3021.8494,32.5975,
tinyPixelVit_version_1_train_6521,34,3078.0336,33.0289,3025.4812,32.7847,
tinyPixelVit_version_1_train_6521,35,3075.2171,33.0107,3031.5064,33.0542,
tinyPixelVit_version_1_train_6521,36,3067.1282,32.9662,3024.8742,32.4534,
tinyPixelVit_version_1_train_6521,37,3064.459,32.892,3011.6111,32.5179,
tinyPixelVit_version_1_train_6521,38,3058.7418,32.8696,2992.1621,32.2918,
tinyPixelVit_version_1_train_6521,39,3056.6719,32.8559,3051.4969,33.899,
tinyPixelVit_version_1_train_6521,40,3056.2287,32.8493,3030.7219,33.3048,
tinyPixelVit_version_1_train_6521,41,3051.664,32.8244,2999.8097,32.4534,
tinyPixelVit_version_1_train_6521,42,3051.273,32.7988,3005.5334,32.8407,
tinyPixelVit_version_1_train_6521,43,3036.9812,32.7286,3021.4006,33.2628,
tinyPixelVit_version_1_train_6521,44,3040.784,32.7566,2993.064,32.4661,
tinyPixelVit_version_1_train_6521,45,3041.579,32.7739,2985.905,32.7264,
tinyPixelVit_version_1_train_6521,46,3033.2212,32.718,2970.0192,32.1207,
tinyPixelVit_version_1_train_6521,47,3029.1792,32.6938,3008.9954,33.434,
tinyPixelVit_version_1_train_6521,48,3021.219,32.651,2981.8006,32.4491,
tinyPixelVit_version_1_train_6521,49,3026.0358,32.6762,2985.0647,33.0987,
tinyPixelVit_version_1_train_6521,50,3020.6986,32.6677,3022.387,33.0991,
tinyPixelVit_version_1_train_6521,51,3012.8599,32.6048,2963.0713,32.09,
tinyPixelVit_version_1_train_6521,52,3014.6248,32.5982,2965.8383,32.399,
tinyPixelVit_version_1_train_6521,53,3014.0845,32.5971,2949.3302,31.9782,
tinyPixelVit_version_1_train_6521,54,3008.2432,32.5928,2968.1195,32.4509,
tinyPixelVit_version_1_train_6521,55,3007.6852,32.5493,2986.626,33.3206,
tinyPixelVit_version_1_train_6521,56,3000.5736,32.5398,2957.1846,32.421,
tinyPixelVit_version_1_train_6521,57,3007.9594,32.5506,2952.7969,32.5076,
tinyPixelVit_version_1_train_6521,58,2996.1415,32.493,2935.7509,31.7618,
tinyPixelVit_version_1_train_6521,59,3000.2211,32.4954,2949.8442,32.5283,
tinyPixelVit_version_1_train_6521,60,2986.2422,32.4524,2942.6406,31.8861,
tinyPixelVit_version_1_train_6521,61,2988.2535,32.4634,2940.879,32.6449,
tinyPixelVit_version_1_train_6521,62,2985.6284,32.4422,2964.6502,32.9307,
tinyPixelVit_version_1_train_6521,63,2985.6019,32.3969,2925.0247,32.0562,
tinyPixelVit_version_1_train_6521,64,2982.0143,32.425,2944.9538,32.6675,
tinyPixelVit_version_1_train_6521,65,2980.2882,32.4137,2927.0333,32.4991,
tinyPixelVit_version_1_train_6521,66,2973.7602,32.3777,2936.6149,32.6589,
tinyPixelVit_version_1_train_6521,67,2974.2671,32.3993,2927.4948,32.47,
tinyPixelVit_version_1_train_6521,68,2961.0085,32.3285,2923.5265,32.2942,
tinyPixelVit_version_1_train_6521,69,2967.2969,32.3308,2921.7996,32.3345,
tinyPixelVit_version_1_train_6521,70,2966.1032,32.3528,2931.7426,32.7315,
tinyPixelVit_version_1_train_6521,71,2962.6863,32.3085,2921.259,32.7166,
tinyPixelVit_version_1_train_6521,72,2956.7309,32.2957,2904.8349,31.684,
tinyPixelVit_version_1_train_6521,73,2960.0967,32.2967,2900.0913,32.0132,
tinyPixelVit_version_1_train_6521,74,2956.2307,32.2961,2899.7964,32.0289,
tinyPixelVit_version_1_train_6521,75,2946.412,32.2533,2896.8957,31.8671,
tinyPixelVit_version_1_train_6521,76,2947.1287,32.2205,2895.0423,32.0001,
tinyPixelVit_version_1_train_6521,77,2944.182,32.2224,2902.9113,31.7133,
tinyPixelVit_version_1_train_6521,78,2940.8581,32.2165,2906.8633,31.5829,
tinyPixelVit_version_1_train_6521,79,2942.0871,32.1755,2898.9087,32.33,
tinyPixelVit_version_1_train_6521,80,2936.1121,32.1775,2894.6453,32.0514,
tinyPixelVit_version_1_train_6521,81,2935.469,32.1828,2895.8507,32.4561,
tinyPixelVit_version_1_train_6521,82,2928.8534,32.1251,2882.637,31.9472,
tinyPixelVit_version_1_train_6521,83,2933.8555,32.1764,2878.0478,31.5383,
tinyPixelVit_version_1_train_6521,84,2927.8226,32.1057,2890.4448,31.8213,
tinyPixelVit_version_1_train_6521,85,2926.7641,32.1279,2875.296,31.6502,
tinyPixelVit_version_1_train_6521,86,2924.3847,32.1362,2870.474,31.5901,
tinyPixelVit_version_1_train_6521,87,2920.2881,32.0677,2887.5833,31.596,
tinyPixelVit_version_1_train_6521,88,2918.8904,32.0999,2890.9051,32.1277,
tinyPixelVit_version_1_train_6521,89,2923.1261,32.0935,2883.0286,31.7041,
tinyPixelVit_version_1_train_6521,90,2920.1025,32.082,2871.3691,31.7165,
tinyPixelVit_version_1_train_6521,91,2918.077,32.0857,2879.8376,32.0281,
tinyPixelVit_version_1_train_6521,92,2912.4891,32.0208,2870.5256,31.8894,
tinyPixelVit_version_1_train_6521,93,2916.0444,32.0631,2864.8511,31.103,
tinyPixelVit_version_1_train_6521,94,2911.3738,32.0223,2874.731,31.7053,
tinyPixelVit_version_1_train_6521,95,2909.0586,32.0196,2912.975,33.2407,
tinyPixelVit_version_1_train_6521,96,2905.9672,32.0101,2872.5189,32.1913,
tinyPixelVit_version_1_train_6521,97,2899.6186,31.993,2859.6049,31.6715,
tinyPixelVit_version_1_train_6521,98,2900.5982,31.9588,2874.8564,32.345,
tinyPixelVit_version_1_train_6521,99,2901.2137,31.9815,2883.0688,32.4236,
tinyPixelVit_version_1_train_6521,100,2906.4451,32.0236,2859.4179,31.9619,
tinyPixelVit_version_1_train_6554,1,1.3549,0.925,0.9034,0.7727,
tinyPixelVit_version_1_train_6554,2,0.9432,0.7851,0.8108,0.7232,
tinyPixelVit_version_1_train_6554,3,0.8785,0.7568,0.7841,0.7105,
tinyPixelVit_version_1_train_6554,4,0.8559,0.7473,0.7483,0.6932,
tinyPixelVit_version_1_train_6554,5,0.8361,0.7371,0.7781,0.6973,
tinyPixelVit_version_1_train_6554,6,0.8266,0.7324,0.7389,0.689,
tinyPixelVit_version_1_train_6554,7,0.8177,0.7292,0.7345,0.6789,
tinyPixelVit_version_1_train_6554,8,0.8101,0.7243,0.7347,0.6888,
tinyPixelVit_version_1_train_6554,9,0.7998,0.7196,0.7171,0.6779,
tinyPixelVit_version_1_train_6554,10,0.7926,0.7153,0.7068,0.6729,
tinyPixelVit_version_1_train_6554,11,0.7844,0.7119,0.7171,0.6753,
tinyPixelVit_version_1_train_6554,12,0.7814,0.7099,0.7272,0.6754,
tinyPixelVit_version_1_train_6554,13,0.7731,0.7058,0.7083,0.663,
tinyPixelVit_version_1_train_6554,14,0.7679,0.7025,0.7013,0.6624,
tinyPixelVit_version_1_train_6554,15,0.7643,0.7,0.6954,0.6555,
tinyPixelVit_version_1_train_6554,16,0.7556,0.6966,0.6945,0.6585,
tinyPixelVit_version_1_train_6554,17,0.7512,0.6935,0.6802,0.6529,
tinyPixelVit_version_1_train_6554,18,0.7485,0.6917,0.6894,0.6538,
tinyPixelVit_version_1_train_6554,19,0.7445,0.6894,0.6856,0.6586,
tinyPixelVit_version_1_train_6554,20,0.7391,0.6871,0.6803,0.6488,
tinyPixelVit_version_1_train_6554,21,0.7351,0.685,0.6684,0.648,
tinyPixelVit_version_1_train_6554,22,0.7333,0.6839,0.6786,0.6467,
tinyPixelVit_version_1_train_6554,23,0.7272,0.6806,0.6946,0.6569,
tinyPixelVit_version_1_train_6554,24,0.7233,0.6783,0.6608,0.641,
tinyPixelVit_version_1_train_6554,25,0.7197,0.676,0.6647,0.6398,
tinyPixelVit_version_1_train_6554,26,0.7141,0.6737,0.6525,0.6349,
tinyPixelVit_version_1_train_6554,27,0.7107,0.6714,0.6644,0.6377,
tinyPixelVit_version_1_train_6554,28,0.709,0.6704,0.6495,0.6332,
tinyPixelVit_version_1_train_6554,29,0.7047,0.6687,0.6501,0.6387,
tinyPixelVit_version_1_train_6554,30,0.6997,0.666,0.6587,0.6352,
tinyPixelVit_version_1_train_6554,31,0.6981,0.6645,0.6427,0.6352,
tinyPixelVit_version_1_train_6554,32,0.6969,0.6641,0.6458,0.6324,
tinyPixelVit_version_1_train_6554,33,0.6932,0.6622,0.6366,0.6299,
tinyPixelVit_version_1_train_6554,34,0.6909,0.661,0.6497,0.6376,
tinyPixelVit_version_1_train_6554,35,0.6882,0.66,0.6396,0.6301,
tinyPixelVit_version_1_train_6554,36,0.6857,0.6577,0.6428,0.6283,
tinyPixelVit_version_1_train_6554,37,0.6825,0.6563,0.6317,0.6275,
tinyPixelVit_version_1_train_6554,38,0.6812,0.6549,0.6497,0.6341,
tinyPixelVit_version_1_train_6554,39,0.6784,0.6543,0.6351,0.6233,
tinyPixelVit_version_1_train_6554,40,0.6763,0.6528,0.6324,0.6224,
tinyPixelVit_version_1_train_6554,41,0.673,0.651,0.6297,0.6221,
tinyPixelVit_version_1_train_6554,42,0.6715,0.6497,0.6271,0.6222,
tinyPixelVit_version_1_train_6554,43,0.6702,0.649,0.6293,0.6217,
tinyPixelVit_version_1_train_6554,44,0.6682,0.6479,0.6243,0.6194,
tinyPixelVit_version_1_train_6554,45,0.6647,0.6459,0.6211,0.6176,
tinyPixelVit_version_1_train_6554,46,0.6642,0.6458,0.6236,0.6204,
tinyPixelVit_version_1_train_6554,47,0.662,0.645,0.6322,0.6257,
tinyPixelVit_version_1_train_6554,48,0.6616,0.644,0.631,0.6246,
tinyPixelVit_version_1_train_6554,49,0.66,0.6427,0.6227,0.6184,
tinyPixelVit_version_1_train_6554,50,0.6585,0.6421,0.6218,0.6193,
tinyPixelVit_version_1_train_6554,51,0.6567,0.6415,0.6115,0.6158,
tinyPixelVit_version_1_train_6554,52,0.654,0.6393,0.6153,0.616,
tinyPixelVit_version_1_train_6554,53,0.6511,0.6381,0.6267,0.6213,
tinyPixelVit_version_1_train_6554,54,0.6526,0.6383,0.6206,0.6191,
tinyPixelVit_version_1_train_6554,55,0.6498,0.6374,0.6201,0.6151,
tinyPixelVit_version_1_train_6554,56,0.6463,0.6355,0.6179,0.6153,
tinyPixelVit_version_1_train_6554,57,0.6466,0.6358,0.6226,0.6204,
tinyPixelVit_version_1_train_6554,58,0.6455,0.6345,0.6094,0.6165,
tinyPixelVit_version_1_train_6554,59,0.6434,0.6342,0.6289,0.6209,
tinyPixelVit_version_1_train_6554,60,0.6423,0.633,0.608,0.6118,
tinyPixelVit_version_1_train_6554,61,0.6408,0.6323,0.6073,0.6115,
tinyPixelVit_version_1_train_6554,62,0.6394,0.6313,0.6173,0.6141,
tinyPixelVit_version_1_train_6554,63,0.6388,0.6302,0.6033,0.6077,
tinyPixelVit_version_1_train_6554,64,0.639,0.6309,0.6125,0.6173,
tinyPixelVit_version_1_train_6554,65,0.6356,0.6289,0.6135,0.6106,
tinyPixelVit_version_1_train_6554,66,0.6343,0.6283,0.6068,0.6117,
tinyPixelVit_version_1_train_6554,67,0.6342,0.628,0.6052,0.6118,
tinyPixelVit_version_1_train_6554,68,0.6323,0.6269,0.6104,0.6134,
tinyPixelVit_version_1_train_6554,69,0.6327,0.6266,0.6045,0.6068,
tinyPixelVit_version_1_train_6554,70,0.6311,0.6265,0.6085,0.6156,
tinyPixelVit_version_1_train_6554,71,0.6292,0.6255,0.6001,0.6062,
tinyPixelVit_version_1_train_6554,72,0.6291,0.6247,0.617,0.6142,
tinyPixelVit_version_1_train_6554,73,0.6271,0.6241,0.6002,0.6057,
tinyPixelVit_version_1_train_6554,74,0.6272,0.6238,0.6081,0.6109,
tinyPixelVit_version_1_train_6554,75,0.6251,0.6223,0.6029,0.612,
tinyPixelVit_version_1_train_6554,76,0.6242,0.6222,0.5994,0.6082,
tinyPixelVit_version_1_train_6554,77,0.6245,0.6224,0.598,0.6078,
tinyPixelVit_version_1_train_6554,78,0.6226,0.6214,0.6011,0.6062,
tinyPixelVit_version_1_train_6554,79,0.6234,0.6214,0.5984,0.6043,
tinyPixelVit_version_1_train_6554,80,0.6214,0.6198,0.6007,0.6085,
tinyPixelVit_version_1_train_6554,81,0.6208,0.6205,0.6275,0.6223,
tinyPixelVit_version_1_train_6554,82,0.619,0.6191,0.5974,0.606,
tinyPixelVit_version_1_train_6554,83,0.6182,0.6191,0.5966,0.6057,
tinyPixelVit_version_1_train_6554,84,0.6163,0.6175,0.6021,0.6119,
tinyPixelVit_version_1_train_6554,85,0.617,0.6185,0.5933,0.6039,
tinyPixelVit_version_1_train_6554,86,0.615,0.6166,0.5957,0.602,
tinyPixelVit_version_1_train_6554,87,0.6153,0.6173,0.6015,0.6044,
tinyPixelVit_version_1_train_6554,88,0.6141,0.6162,0.5995,0.605,
tinyPixelVit_version_1_train_6554,89,0.6147,0.6168,0.5987,0.6037,
tinyPixelVit_version_1_train_6554,90,0.6136,0.6159,0.5964,0.6076,
tinyPixelVit_version_1_train_6554,91,0.6114,0.6146,0.593,0.6045,
tinyPixelVit_version_1_train_6554,92,0.6102,0.6142,0.5908,0.5998,
tinyPixelVit_version_1_train_6554,93,0.6107,0.6143,0.5947,0.6028,
tinyPixelVit_version_1_train_6554,94,0.6094,0.6141,0.5984,0.6065,
tinyPixelVit_version_1_train_6554,95,0.6088,0.6133,0.5922,0.5998,
tinyPixelVit_version_1_train_6554,96,0.6095,0.6135,0.5926,0.603,
tinyPixelVit_version_1_train_6554,97,0.6065,0.6119,0.5948,0.6048,
tinyPixelVit_version_1_train_6554,98,0.6082,0.6128,0.5958,0.6056,
tinyPixelVit_version_1_train_6554,99,0.6073,0.6122,0.5912,0.6025,
tinyPixelVit_version_1_train_6554,100,0.6047,0.6109,0.5898,0.6005,
tinyPixelVit_version_3_train_6612,1,0.467,0.845,0.3535,0.7096,0.0001
tinyPixelVit_version_3_train_6612,2,0.3704,0.7351,0.3345,0.6882,0.0001
tinyPixelVit_version_3_train_6612,3,0.3581,0.7203,0.3303,0.6829,0.0001
tinyPixelVit_version_3_train_6612,4,0.3505,0.7103,0.3314,0.6837,0.0001
tinyPixelVit_version_3_train_6612,5,0.3456,0.7042,0.328,0.6744,0.0001
tinyPixelVit_version_3_train_6612,6,0.3412,0.6983,0.3199,0.6687,0.0001
tinyPixelVit_version_3_train_6612,7,0.3373,0.6934,0.3168,0.6604,0.0001
tinyPixelVit_version_3_train_6612,8,0.3337,0.6883,0.3163,0.6626,0.0001
tinyPixelVit_version_3_train_6612,9,0.3309,0.6848,0.3106,0.6566,0.0001
tinyPixelVit_version_3_train_6612,10,0.3282,0.6813,0.3119,0.6559,0.0001
tinyPixelVit_version_3_train_6612,11,0.3253,0.6774,0.3135,0.6564,0.0001
tinyPixelVit_version_3_train_6612,12,0.3227,0.6738,0.3053,0.6471,0.0001
tinyPixelVit_version_3_train_6612,13,0.3197,0.6702,0.3089,0.6521,0.0001
tinyPixelVit_version_3_train_6612,14,0.3176,0.6673,0.3055,0.647,0.0001
tinyPixelVit_version_3_train_6612,15,0.3152,0.6644,0.301,0.6436,0.0001
tinyPixelVit_version_3_train_6612,16,0.3128,0.6608,0.295,0.6359,0.0001
tinyPixelVit_version_3_train_6612,17,0.3113,0.6591,0.2938,0.6357,0.0001
tinyPixelVit_version_3_train_6612,18,0.3085,0.6553,0.2921,0.6355,0.0001
tinyPixelVit_version_3_train_6612,19,0.3075,0.654,0.2997,0.6453,0.0001
tinyPixelVit_version_3_train_6612,20,0.3051,0.6506,0.2915,0.6302,0.0001
tinyPixelVit_version_3_train_6612,21,0.3042,0.6494,0.2887,0.6302,0.0001
tinyPixelVit_version_3_train_6612,22,0.302,0.6466,0.2879,0.6267,0.0001
tinyPixelVit_version_3_train_6612,23,0.3008,0.6448,0.2853,0.6242,0.0001
tinyPixelVit_version_3_train_6612,24,0.2994,0.6424,0.2871,0.6263,0.0001
tinyPixelVit_version_3_train_6612,25,0.2982,0.641,0.292,0.6315,0.0001
tinyPixelVit_version_3_train_6612,26,0.2973,0.6402,0.2862,0.6213,0.0001
tinyPixelVit_version_3_train_6612,27,0.2956,0.6373,0.2821,0.6178,0.0001
tinyPixelVit_version_3_train_6612,28,0.2943,0.6357,0.2844,0.6172,0.0001
tinyPixelVit_version_3_train_6612,29,0.2935,0.6343,0.2823,0.6175,0.0001
tinyPixelVit_version_3_train_6612,30,0.293,0.6335,0.2833,0.6188,0.0001
tinyPixelVit_version_3_train_6612,31,0.2916,0.6317,0.2812,0.616,0.0001
tinyPixelVit_version_3_train_6612,32,0.2908,0.6304,0.2811,0.6172,0.0001
tinyPixelVit_version_3_train_6612,33,0.2899,0.6296,0.2822,0.618,0.0001
tinyPixelVit_version_3_train_6612,34,0.2891,0.6282,0.2805,0.6148,0.0001
tinyPixelVit_version_3_train_6612,35,0.2879,0.6266,0.2803,0.6175,0.0001
tinyPixelVit_version_3_train_6612,36,0.2876,0.6261,0.2788,0.6112,0.0001
tinyPixelVit_version_3_train_6612,37,0.2864,0.6248,0.276,0.6097,0.0001
tinyPixelVit_version_3_train_6612,38,0.2856,0.6234,0.2773,0.6098,0.0001
tinyPixelVit_version_3_train_6612,39,0.2848,0.6226,0.2774,0.6098,0.0001
tinyPixelVit_version_3_train_6612,40,0.2841,0.6213,0.2767,0.6104,0.0001
tinyPixelVit_version_3_train_6612,41,0.2836,0.6207,0.275,0.6101,0.0001
tinyPixelVit_version_3_train_6612,42,0.283,0.6196,0.2746,0.6087,0.0001
tinyPixelVit_version_3_train_6612,43,0.2823,0.6186,0.2761,0.6057,0.0001
tinyPixelVit_version_3_train_6612,44,0.2818,0.6185,0.2732,0.6061,0.0001
tinyPixelVit_version_3_train_6612,45,0.2812,0.6173,0.2747,0.6071,0.0001
tinyPixelVit_version_3_train_6612,46,0.2808,0.6168,0.2748,0.6073,0.0001
tinyPixelVit_version_3_train_6612,47,0.2798,0.6154,0.2734,0.6029,0.0001
tinyPixelVit_version_3_train_6612,48,0.2792,0.6148,0.2728,0.6071,0.0001
tinyPixelVit_version_3_train_6612,49,0.2793,0.6146,0.2719,0.6058,0.0001
tinyPixelVit_version_3_train_6612,50,0.2785,0.6136,0.2723,0.6058,0.0001
tinyPixelVit_version_3_train_6612,51,0.2779,0.6131,0.2723,0.6025,0.0001
tinyPixelVit_version_3_train_6612,52,0.2776,0.6122,0.2709,0.6024,0.0001
tinyPixelVit_version_3_train_6612,53,0.2773,0.6119,0.2699,0.6029,0.0001
tinyPixelVit_version_3_train_6612,54,0.277,0.6118,0.2724,0.602,0.0001
tinyPixelVit_version_3_train_6612,55,0.2766,0.6112,0.2721,0.6011,0.0001
tinyPixelVit_version_3_train_6612,56,0.2758,0.6101,0.2694,0.6015,0.0001
tinyPixelVit_version_3_train_6612,57,0.2751,0.6091,0.2707,0.6012,0.0001
tinyPixelVit_version_3_train_6612,58,0.2752,0.6092,0.2704,0.6012,0.0001
tinyPixelVit_version_3_train_6612,59,0.2742,0.608,0.2695,0.6,0.0001
tinyPixelVit_version_3_train_6612,60,0.2739,0.6073,0.2697,0.6014,0.0001
tinyPixelVit_version_3_train_6612,61,0.273,0.606,0.2732,0.6028,0.0001
tinyPixelVit_version_3_train_6612,62,0.2732,0.6065,0.2674,0.5973,0.0001
tinyPixelVit_version_3_train_6612,63,0.2728,0.606,0.2676,0.5955,0.0001
tinyPixelVit_version_3_train_6612,64,0.2724,0.6049,0.2689,0.6017,0.0001
tinyPixelVit_version_3_train_6612,65,0.2723,0.6052,0.2734,0.6045,0.0001
tinyPixelVit_version_3_train_6612,66,0.2721,0.6049,0.2718,0.6018,0.0001
tinyPixelVit_version_3_train_6612,67,0.2713,0.6043,0.2685,0.5974,0.0001
tinyPixelVit_version_3_train_6612,68,0.271,0.6035,0.2665,0.5963,0.0001
tinyPixelVit_version_3_train_6612,69,0.2707,0.6032,0.2662,0.5961,0.0001
tinyPixelVit_version_3_train_6612,70,0.2701,0.6024,0.2668,0.5967,0.0001
tinyPixelVit_version_3_train_6612,71,0.2703,0.6023,0.27,0.5985,0.0001
tinyPixelVit_version_3_train_6612,72,0.27,0.6023,0.2682,0.5991,0.0001
tinyPixelVit_version_3_train_6612,73,0.2694,0.6015,0.2672,0.5988,0.0001
tinyPixelVit_version_3_train_6612,74,0.269,0.6003,0.265,0.5964,0.0001
tinyPixelVit_version_3_train_6612,75,0.2691,0.6008,0.2662,0.5948,0.0001
tinyPixelVit_version_3_train_6612,76,0.2686,0.6003,0.265,0.595,0.0001
tinyPixelVit_version_3_train_6612,77,0.2677,0.5989,0.265,0.5941,0.0001
tinyPixelVit_version_3_train_6612,78,0.268,0.5991,0.2683,0.5978,0.0001
tinyPixelVit_version_3_train_6612,79,0.2682,0.5994,0.2645,0.5924,0.0001
tinyPixelVit_version_3_train_6612,80,0.2673,0.5982,0.2641,0.5918,0.0001
tinyPixelVit_version_3_train_6612,81,0.2668,0.5973,0.2688,0.5953,0.0001
tinyPixelVit_version_3_train_6612,82,0.2667,0.5972,0.265,0.5921,0.0001
tinyPixelVit_version_3_train_6612,83,0.2672,0.5978,0.2643,0.5942,0.0001
tinyPixelVit_version_3_train_6612,84,0.2665,0.5971,0.269,0.5983,0.0001
tinyPixelVit_version_3_train_6612,85,0.2659,0.5966,0.2658,0.5959,0.0001
tinyPixelVit_version_3_train_6612,86,0.2661,0.5965,0.2667,0.597,5e-05
tinyPixelVit_version_3_train_6612,87,0.2638,0.5929,0.2648,0.5928,5e-05
tinyPixelVit_version_3_train_6612,88,0.2633,0.5927,0.2623,0.5908,5e-05
tinyPixelVit_version_3_train_6612,89,0.2633,0.5925,0.2644,0.5916,5e-05
tinyPixelVit_version_3_train_6612,90,0.2628,0.5918,0.2627,0.5908,5e-05
tinyPixelVit_version_3_train_6612,91,0.263,0.592,0.2639,0.5914,5e-05
tinyPixelVit_version_3_train_6612,92,0.2627,0.5916,0.2622,0.5901,5e-05
tinyPixelVit_version_3_train_6612,93,0.2629,0.5921,0.2639,0.59,5e-05
tinyPixelVit_version_3_train_6612,94,0.2627,0.5915,0.2622,0.5902,5e-05
tinyPixelVit_version_3_train_6612,95,0.2622,0.5911,0.2629,0.5898,5e-05
tinyPixelVit_version_3_train_6612,96,0.2622,0.5913,0.2623,0.5881,5e-05
tinyPixelVit_version_3_train_6612,97,0.2618,0.5902,0.2629,0.5899,5e-05
tinyPixelVit_version_3_train_6612,98,0.2617,0.5902,0.263,0.5902,2.5e-05
tinyPixelVit_version_3_train_6612,99,0.2608,0.5888,0.2621,0.5895,2.5e-05
tinyPixelVit_version_3_train_6612,100,0.261,0.5894,0.2627,0.5909,2.5e-05
tinyPixelVit_version_4_train_6687,1,0.4624,0.8397,0.3407,0.6949,0.0001
tinyPixelVit_version_4_train_6687,2,0.3672,0.732,0.3477,0.704,0.0001
tinyPixelVit_version_4_train_6687,3,0.3566,0.7184,0.3865,0.7523,0.0001
tinyPixelVit_version_4_train_6687,4,0.3492,0.7093,0.3547,0.7098,0.0001
tinyPixelVit_version_4_train_6687,5,0.3449,0.7035,0.3668,0.7302,0.0001
tinyPixelVit_version_4_train_6687,6,0.3405,0.6975,0.3666,0.7264,0.0001
tinyPixelVit_version_4_train_6687,7,0.3356,0.6909,0.3135,0.6598,0.0001
tinyPixelVit_version_4_train_6687,8,0.3326,0.6863,0.3446,0.6988,0.0001
tinyPixelVit_version_4_train_6687,9,0.329,0.6816,0.3276,0.6786,0.0001
tinyPixelVit_version_4_train_6687,10,0.326,0.6773,0.3764,0.7343,0.0001
tinyPixelVit_version_4_train_6687,11,0.3226,0.6732,0.4355,0.8103,0.0001
tinyPixelVit_version_4_train_6687,12,0.3194,0.6686,0.3661,0.7254,0.0001
tinyPixelVit_version_4_train_6687,13,0.3167,0.6655,0.3805,0.7429,5e-05
tinyPixelVit_version_4_train_6687,14,0.3128,0.6603,0.3639,0.7244,5e-05
tinyPixelVit_version_4_train_6687,15,0.3108,0.6575,0.3742,0.7343,5e-05
tinyPixelVit_version_4_train_6687,16,0.3105,0.6569,0.3694,0.7275,5e-05
tinyPixelVit_version_4_train_6687,17,0.3087,0.6548,0.4278,0.8009,5e-05
tinyPixelVit_version_4_train_6687,18,0.3072,0.6521,0.347,0.7,5e-05
tinyPixelVit_version_4_train_6687,19,0.3061,0.6508,0.4084,0.7785,2.5e-05
tinyPixelVit_version_4_train_6687,20,0.3046,0.6494,0.4112,0.7819,2.5e-05
tinyPixelVit_version_4_train_6687,21,0.3034,0.6475,0.3634,0.7249,2.5e-05
tinyPixelVit_version_4_train_6687,22,0.3029,0.647,0.3322,0.6829,2.5e-05
tinyPixelVit_version_4_train_6687,23,0.3024,0.6462,0.3776,0.7406,2.5e-05
tinyPixelVit_version_4_train_6687,24,0.3021,0.6459,0.35,0.7066,2.5e-05
tinyPixelVit_version_4_train_6687,25,0.3014,0.6446,0.3601,0.7185,1.25e-05
tinyPixelVit_version_4_train_6687,26,0.3001,0.6425,0.3754,0.7367,1.25e-05
tinyPixelVit_version_4_train_6687,27,0.2992,0.6414,0.3758,0.7388,1.25e-05
tinyPixelVit_version_4_train_6687,28,0.2997,0.6422,0.3922,0.7581,1.25e-05
tinyPixelVit_version_4_train_6687,29,0.2999,0.6426,0.3891,0.7545,1.25e-05
tinyPixelVit_version_4_train_6687,30,0.2995,0.642,0.3941,0.7609,1.25e-05
tinyPixelVit_version_4_train_6687,31,0.2988,0.641,0.3872,0.7529,6.25e-06
tinyPixelVit_version_4_train_6687,32,0.2983,0.64,0.384,0.7482,6.25e-06
tinyPixelVit_version_4_train_6687,33,0.2982,0.64,0.3915,0.7578,6.25e-06
tinyPixelVit_version_4_train_6687,34,0.2977,0.6391,0.3968,0.7647,6.25e-06
tinyPixelVit_version_4_train_6687,35,0.2977,0.6393,0.3891,0.7566,6.25e-06
tinyPixelVit_version_4_train_6687,36,0.2978,0.6397,0.3865,0.7519,6.25e-06
tinyPixelVit_version_4_train_6687,37,0.2977,0.6392,0.3986,0.7673,3.13e-06
tinyPixelVit_version_4_train_6687,38,0.2974,0.6389,0.4057,0.7748,3.13e-06
tinyPixelVit_version_4_train_6687,39,0.2968,0.6379,0.3915,0.7581,3.13e-06
tinyPixelVit_version_4_train_6687,40,0.2969,0.6384,0.3864,0.7518,3.13e-06
tinyPixelVit_version_4_train_6687,41,0.2965,0.6375,0.379,0.7423,3.13e-06
tinyPixelVit_version_4_train_6687,42,0.2968,0.6382,0.3751,0.738,3.13e-06
tinyPixelVit_version_4_train_6687,43,0.2962,0.6372,0.3803,0.7447,1.56e-06
tinyPixelVit_version_4_train_6687,44,0.2974,0.6394,0.3743,0.7374,1.56e-06
tinyPixelVit_version_4_train_6687,45,0.2963,0.6378,0.3765,0.74,1.56e-06
tinyPixelVit_version_4_train_6687,46,0.2963,0.6374,0.3816,0.7463,1.56e-06
tinyPixelVit_version_4_train_6687,47,0.297,0.6385,0.3777,0.7413,1.56e-06
tinyPixelVit_version_4_train_6687,48,0.2968,0.6382,0.3896,0.7561,1.56e-06
tinyPixelVit_version_4_train_6687,49,0.2969,0.6382,0.372,0.7348,7.81e-07
tinyPixelVit_version_4_train_6687,50,0.2961,0.6372,0.3927,0.7596,7.81e-07
tinyPixelVit_version_4_train_6687,51,0.2964,0.6375,0.3864,0.7523,7.81e-07
tinyPixelVit_version_4_train_6687,52,0.2967,0.6384,0.3849,0.7506,7.81e-07
tinyPixelVit_version_4_train_6687,53,0.2956,0.6365,0.3823,0.747,7.81e-07
tinyPixelVit_version_4_train_6687,54,0.2964,0.6377,0.3852,0.7507,7.81e-07
tinyPixelVit_version_4_train_6687,55,0.2966,0.6379,0.3852,0.7505,3.91e-07
tinyPixelVit_version_4_train_6687,56,0.2962,0.6374,0.3804,0.7447,3.91e-07
tinyPixelVit_version_4_train_6687,57,0.2971,0.6385,0.3847,0.7499,3.91e-07
tinyPixelVit_version_4_train_6687,58,0.2966,0.638,0.3825,0.7472,3.91e-07
tinyPixelVit_version_4_train_6687,59,0.2967,0.638,0.3876,0.7534,3.91e-07
tinyPixelVit_version_4_train_6687,60,0.2963,0.6375,0.3867,0.7526,3.91e-07
tinyPixelVit_version_4_train_6687,61,0.2961,0.6371,0.3818,0.7465,1.95e-07
tinyPixelVit_version_4_train_6687,62,0.2962,0.6374,0.3872,0.7532,1.95e-07
tinyPixelVit_version_4_train_6687,63,0.2961,0.6374,0.3836,0.7487,1.95e-07
tinyPixelVit_version_4_train_6687,64,0.2967,0.638,0.3849,0.7503,1.95e-07
tinyPixelVit_version_4_train_6687,65,0.2964,0.6376,0.385,0.7504,1.95e-07
tinyPixelVit_version_4_train_6687,66,0.2961,0.637,0.386,0.7516,1.95e-07
tinyPixelVit_version_4_train_6687,67,0.2967,0.638,0.3869,0.7528,9.77e-08
tinyPixelVit_version_4_train_6687,68,0.2964,0.6378,0.386,0.7517,9.77e-08
tinyPixelVit_version_4_train_6687,69,0.2959,0.6369,0.3863,0.7521,9.77e-08
tinyPixelVit_version_4_train_6687,70,0.2965,0.6378,0.3855,0.751,9.77e-08
tinyPixelVit_version_4_train_6687,71,0.2962,0.6371,0.3854,0.7508,9.77e-08
tinyPixelVit_version_4_train_6687,72,0.2959,0.6367,0.386,0.7516,9.77e-08
tinyPixelVit_version_4_train_6687,73,0.2962,0.6375,0.3863,0.7519,4.88e-08
tinyPixelVit_version_4_train_6687,74,0.2963,0.6375,0.3858,0.7514,4.88e-08
tinyPixelVit_version_4_train_6687,75,0.2964,0.6377,0.386,0.7516,4.88e-08
tinyPixelVit_version_4_train_6687,76,0.2963,0.6374,0.386,0.7517,4.88e-08
tinyPixelVit_version_4_train_6687,77,0.2964,0.6375,0.3854,0.7509,4.88e-08
tinyPixelVit_version_4_train_6687,78,0.2965,0.6379,0.3846,0.75,4.88e-08
tinyPixelVit_version_4_train_6687,79,0.2964,0.6375,0.3847,0.7501,2.44e-08
tinyPixelVit_version_4_train_6687,80,0.2965,0.638,0.3853,0.7507,2.44e-08
tinyPixelVit_version_4_train_6687,81,0.2964,0.6374,0.3855,0.7511,2.44e-08
tinyPixelVit_version_4_train_6687,82,0.2964,0.6374,0.385,0.7504,2.44e-08
tinyPixelVit_version_4_train_6687,83,0.2958,0.6371,0.3853,0.7508,2.44e-08
tinyPixelVit_version_4_train_6687,84,0.2963,0.6374,0.3855,0.751,2.44e-08
tinyPixelVit_version_4_train_6687,85,0.2963,0.6378,0.3853,0.7507,1.22e-08
tinyPixelVit_version_4_train_6687,86,0.2962,0.6374,0.3852,0.7506,1.22e-08
tinyPixelVit_version_4_train_6687,87,0.2966,0.6378,0.3851,0.7505,1.22e-08
tinyPixelVit_version_4_train_6687,88,0.2961,0.6371,0.3849,0.7503,1.22e-08
tinyPixelVit_version_4_train_6687,89,0.2961,0.6372,0.3848,0.7502,1.22e-08
tinyPixelVit_version_4_train_6687,90,0.2966,0.6379,0.3847,0.75,1.22e-08
tinyPixelVit_version_4_train_6687,91,0.2962,0.6377,0.3849,0.7502,1.22e-08
tinyPixelVit_version_4_train_6687,92,0.296,0.6372,0.3848,0.7502,1.22e-08
tinyPixelVit_version_4_train_6687,93,0.2968,0.6381,0.3849,0.7503,1.22e-08
tinyPixelVit_version_4_train_6687,94,0.2967,0.6382,0.3849,0.7503,1.22e-08
tinyPixelVit_version_4_train_6687,95,0.2966,0.638,0.3849,0.7503,1.22e-08
tinyPixelVit_version_4_train_6687,96,0.2961,0.6372,0.385,0.7504,1.22e-08
tinyPixelVit_version_4_train_6687,97,0.2967,0.6378,0.3849,0.7503,1.22e-08
tinyPixelVit_version_4_train_6687,98,0.296,0.6372,0.3849,0.7503,1.22e-08
tinyPixelVit_version_4_train_6687,99,0.2964,0.6376,0.385,0.7503,1.22e-08
tinyPixelVit_version_4_train_6687,100,0.296,0.6374,0.385,0.7504,1.22e-08
tinyPixelVit_version_5_train_6799,1,0.4544,0.8308,0.3742,0.7342,0.0001
tinyPixelVit_version_5_train_6799,2,0.3958,0.7634,0.3518,0.7089,0.0001
tinyPixelVit_version_5_train_6799,3,0.3787,0.7436,0.336,0.6878,0.0001
tinyPixelVit_version_5_train_6799,4,0.3648,0.7262,0.3223,0.6714,0.0001
tinyPixelVit_version_5_train_6799,5,0.3555,0.7145,0.3224,0.671,0.0001
tinyPixelVit_version_5_train_6799,6,0.3473,0.7039,0.3127,0.6568,0.0001
tinyPixelVit_version_5_train_6799,7,0.3424,0.6976,0.3066,0.6491,0.0001
tinyPixelVit_version_5_train_6799,8,0.3384,0.6921,0.3082,0.6523,0.0001
tinyPixelVit_version_5_train_6799,9,0.3333,0.6857,0.3189,0.6631,0.0001
tinyPixelVit_version_5_train_6799,10,0.3305,0.6823,0.301,0.641,0.0001
tinyPixelVit_version_5_train_6799,11,0.3266,0.6772,0.2994,0.6397,0.0001
tinyPixelVit_version_5_train_6799,12,0.3242,0.6742,0.2952,0.6357,0.0001
tinyPixelVit_version_5_train_6799,13,0.3217,0.671,0.2943,0.6317,0.0001
tinyPixelVit_version_5_train_6799,14,0.3195,0.668,0.2918,0.6324,0.0001
tinyPixelVit_version_5_train_6799,15,0.3169,0.6644,0.2915,0.6304,0.0001
tinyPixelVit_version_5_train_6799,16,0.3149,0.6624,0.2896,0.6277,0.0001
tinyPixelVit_version_5_train_6799,17,0.3133,0.6602,0.2906,0.628,0.0001
tinyPixelVit_version_5_train_6799,18,0.3113,0.6572,0.2869,0.6264,0.0001
tinyPixelVit_version_5_train_6799,19,0.3093,0.6546,0.2862,0.6237,0.0001
tinyPixelVit_version_5_train_6799,20,0.3083,0.6536,0.2852,0.6232,0.0001
tinyPixelVit_version_5_train_6799,21,0.3065,0.6509,0.2856,0.623,0.0001
tinyPixelVit_version_5_train_6799,22,0.3047,0.6484,0.2828,0.6189,0.0001
tinyPixelVit_version_5_train_6799,23,0.3027,0.646,0.284,0.6192,0.0001
tinyPixelVit_version_5_train_6799,24,0.3024,0.646,0.282,0.6181,0.0001
tinyPixelVit_version_5_train_6799,25,0.3009,0.6436,0.2853,0.6205,0.0001
tinyPixelVit_version_5_train_6799,26,0.2994,0.6417,0.2871,0.6217,0.0001
tinyPixelVit_version_5_train_6799,27,0.2983,0.6406,0.2906,0.6269,0.0001
tinyPixelVit_version_5_train_6799,28,0.2972,0.6386,0.2874,0.6223,0.0001
tinyPixelVit_version_5_train_6799,29,0.2963,0.6373,0.2815,0.6172,0.0001
tinyPixelVit_version_5_train_6799,30,0.2955,0.6364,0.2805,0.6148,0.0001
tinyPixelVit_version_5_train_6799,31,0.2946,0.6353,0.2837,0.6142,0.0001
tinyPixelVit_version_5_train_6799,32,0.2932,0.6338,0.278,0.6095,0.0001
tinyPixelVit_version_5_train_6799,33,0.2925,0.6324,0.2779,0.6127,0.0001
tinyPixelVit_version_5_train_6799,34,0.2911,0.6312,0.2817,0.6122,0.0001
tinyPixelVit_version_5_train_6799,35,0.2906,0.63,0.2756,0.6086,0.0001
tinyPixelVit_version_5_train_6799,36,0.2898,0.6284,0.2824,0.6135,0.0001
tinyPixelVit_version_5_train_6799,37,0.2892,0.6281,0.276,0.6082,0.0001
tinyPixelVit_version_5_train_6799,38,0.2883,0.6271,0.2787,0.612,0.0001
tinyPixelVit_version_5_train_6799,39,0.2878,0.6262,0.28,0.6134,0.0001
tinyPixelVit_version_5_train_6799,40,0.2867,0.6246,0.2796,0.6094,0.0001
tinyPixelVit_version_5_train_6799,41,0.2858,0.6232,0.2734,0.6041,0.0001
tinyPixelVit_version_5_train_6799,42,0.2848,0.6221,0.2756,0.6082,0.0001
tinyPixelVit_version_5_train_6799,43,0.2851,0.6225,0.2725,0.6026,0.0001
tinyPixelVit_version_5_train_6799,44,0.2834,0.6201,0.2713,0.6036,0.0001
tinyPixelVit_version_5_train_6799,45,0.283,0.62,0.2739,0.6061,0.0001
tinyPixelVit_version_5_train_6799,46,0.2828,0.6196,0.2731,0.6041,0.0001
tinyPixelVit_version_5_train_6799,47,0.2816,0.6182,0.2709,0.6009,0.0001
tinyPixelVit_version_5_train_6799,48,0.2814,0.6172,0.2739,0.6072,0.0001
tinyPixelVit_version_5_train_6799,49,0.2804,0.6158,0.2711,0.6008,0.0001
tinyPixelVit_version_5_train_6799,50,0.2791,0.6143,0.2729,0.6032,0.0001
tinyPixelVit_version_5_train_6799,51,0.279,0.6143,0.2739,0.6042,0.0001
tinyPixelVit_version_5_train_6799,52,0.2789,0.6138,0.2782,0.61,0.0001
tinyPixelVit_version_5_train_6799,53,0.2777,0.6126,0.2697,0.601,0.0001
tinyPixelVit_version_5_train_6799,54,0.2764,0.6107,0.2699,0.6012,0.0001
tinyPixelVit_version_5_train_6799,55,0.2762,0.6103,0.271,0.6006,0.0001
tinyPixelVit_version_5_train_6799,56,0.2763,0.6106,0.2728,0.6015,0.0001
tinyPixelVit_version_5_train_6799,57,0.2752,0.609,0.271,0.6002,0.0001
tinyPixelVit_version_5_train_6799,58,0.2747,0.6083,0.2704,0.6024,0.0001
tinyPixelVit_version_5_train_6799,59,0.274,0.6075,0.2681,0.5986,0.0001
tinyPixelVit_version_5_train_6799,60,0.2737,0.6069,0.2695,0.6025,0.0001
tinyPixelVit_version_5_train_6799,61,0.2733,0.6066,0.269,0.5958,0.0001
tinyPixelVit_version_5_train_6799,62,0.2731,0.6066,0.2683,0.5978,0.0001
tinyPixelVit_version_5_train_6799,63,0.2725,0.6053,0.2722,0.6023,0.0001
tinyPixelVit_version_5_train_6799,64,0.272,0.6046,0.2726,0.6004,0.0001
tinyPixelVit_version_5_train_6799,65,0.2713,0.6039,0.2647,0.5907,0.0001
tinyPixelVit_version_5_train_6799,66,0.2707,0.603,0.2657,0.5919,0.0001
tinyPixelVit_version_5_train_6799,67,0.2704,0.6028,0.2696,0.5978,0.0001
tinyPixelVit_version_5_train_6799,68,0.2703,0.6024,0.2666,0.5926,0.0001
tinyPixelVit_version_5_train_6799,69,0.2694,0.6012,0.2649,0.5927,0.0001
tinyPixelVit_version_5_train_6799,70,0.2689,0.6006,0.2699,0.6005,0.0001
tinyPixelVit_version_5_train_6799,71,0.2684,0.6,0.2709,0.5995,5e-05
tinyPixelVit_version_5_train_6799,72,0.2659,0.5962,0.2638,0.589,5e-05
tinyPixelVit_version_5_train_6799,73,0.2647,0.5947,0.264,0.5905,5e-05
tinyPixelVit_version_5_train_6799,74,0.2646,0.5945,0.2605,0.5859,5e-05
tinyPixelVit_version_5_train_6799,75,0.2644,0.5942,0.2679,0.5948,5e-05
tinyPixelVit_version_5_train_6799,76,0.264,0.5938,0.2597,0.5847,5e-05
tinyPixelVit_version_5_train_6799,77,0.2633,0.5928,0.2633,0.5886,5e-05
tinyPixelVit_version_5_train_6799,78,0.2639,0.5934,0.263,0.5885,5e-05
tinyPixelVit_version_5_train_6799,79,0.2634,0.5929,0.26,0.5866,5e-05
tinyPixelVit_version_5_train_6799,80,0.2629,0.5922,0.2597,0.5858,5e-05
tinyPixelVit_version_5_train_6799,81,0.2625,0.592,0.2637,0.5875,5e-05
tinyPixelVit_version_5_train_6799,82,0.2621,0.5914,0.2582,0.5829,5e-05
tinyPixelVit_version_5_train_6799,83,0.2624,0.5915,0.2605,0.586,5e-05
tinyPixelVit_version_5_train_6799,84,0.2618,0.5903,0.2597,0.5848,5e-05
tinyPixelVit_version_5_train_6799,85,0.262,0.591,0.2611,0.5866,5e-05
tinyPixelVit_version_5_train_6799,86,0.2619,0.5911,0.2599,0.5846,5e-05
tinyPixelVit_version_5_train_6799,87,0.2616,0.5902,0.2581,0.5825,5e-05
tinyPixelVit_version_5_train_6799,88,0.2614,0.5899,0.2598,0.5844,5e-05
tinyPixelVit_version_5_train_6799,89,0.2605,0.589,0.2641,0.59,5e-05
tinyPixelVit_version_5_train_6799,90,0.2608,0.589,0.2576,0.5812,5e-05
tinyPixelVit_version_5_train_6799,91,0.2608,0.5892,0.2623,0.5878,5e-05
tinyPixelVit_version_5_train_6799,92,0.2601,0.5886,0.2591,0.5824,5e-05
tinyPixelVit_version_5_train_6799,93,0.2599,0.5881,0.2596,0.5852,5e-05
tinyPixelVit_version_5_train_6799,94,0.26,0.588,0.2639,0.5889,5e-05
tinyPixelVit_version_5_train_6799,95,0.2594,0.5871,0.2653,0.5913,5e-05
tinyPixelVit_version_5_train_6799,96,0.2592,0.5869,0.2563,0.5816,5e-05
tinyPixelVit_version_5_train_6799,97,0.2596,0.5878,0.2592,0.583,5e-05
tinyPixelVit_version_5_train_6799,98,0.2593,0.5873,0.2574,0.5815,5e-05
tinyPixelVit_version_5_train_6799,99,0.2589,0.5867,0.2604,0.5835,5e-05
tinyPixelVit_version_5_train_6799,100,0.2586,0.5864,0.2593,0.5855,5e-05
tinyPixelVit_version_6_train_6886,1,0.4578,0.8338,0.3823,0.7407,0.0001
tinyPixelVit_version_6_train_6886,2,0.3924,0.76,0.3656,0.7196,0.0001
tinyPixelVit_version_6_train_6886,3,0.3792,0.7436,0.3397,0.692,0.0001
tinyPixelVit_version_6_train_6886,4,0.3656,0.7271,0.34,0.6908,0.0001
tinyPixelVit_version_6_train_6886,5,0.3567,0.7161,0.3332,0.6811,0.0001
tinyPixelVit_version_6_train_6886,6,0.3506,0.7083,0.3244,0.6704,0.0001
tinyPixelVit_version_6_train_6886,7,0.3439,0.6999,0.3196,0.6627,0.0001
tinyPixelVit_version_6_train_6886,8,0.3404,0.6951,0.313,0.6551,0.0001
tinyPixelVit_version_6_train_6886,9,0.3366,0.6899,0.3094,0.6535,0.0001
tinyPixelVit_version_6_train_6886,10,0.3343,0.687,0.3086,0.6549,0.0001
tinyPixelVit_version_6_train_6886,11,0.3302,0.6818,0.302,0.6424,0.0001
tinyPixelVit_version_6_train_6886,12,0.329,0.6801,0.305,0.6476,0.0001
tinyPixelVit_version_6_train_6886,13,0.3268,0.6777,0.2989,0.6407,0.0001
tinyPixelVit_version_6_train_6886,14,0.3234,0.6729,0.2984,0.6365,0.0001
tinyPixelVit_version_6_train_6886,15,0.3208,0.6699,0.2975,0.633,0.0001
tinyPixelVit_version_6_train_6886,16,0.319,0.6676,0.2931,0.6312,0.0001
tinyPixelVit_version_6_train_6886,17,0.3166,0.6645,0.2909,0.629,0.0001
tinyPixelVit_version_6_train_6886,18,0.3137,0.6608,0.2913,0.632,0.0001
tinyPixelVit_version_6_train_6886,19,0.3125,0.659,0.2884,0.6233,0.0001
tinyPixelVit_version_6_train_6886,20,0.3103,0.6561,0.2885,0.6234,0.0001
tinyPixelVit_version_6_train_6886,21,0.3087,0.6541,0.2914,0.6255,0.0001
tinyPixelVit_version_6_train_6886,22,0.3065,0.6513,0.288,0.627,0.0001
tinyPixelVit_version_6_train_6886,23,0.3058,0.65,0.2851,0.6227,0.0001
tinyPixelVit_version_6_train_6886,24,0.3039,0.6477,0.289,0.6254,0.0001
tinyPixelVit_version_6_train_6886,25,0.3025,0.6455,0.2826,0.6184,0.0001
tinyPixelVit_version_6_train_6886,26,0.3011,0.644,0.2822,0.6182,0.0001
tinyPixelVit_version_6_train_6886,27,0.3003,0.6428,0.2813,0.6167,0.0001
tinyPixelVit_version_6_train_6886,28,0.2986,0.6408,0.286,0.6216,0.0001
tinyPixelVit_version_6_train_6886,29,0.2977,0.6393,0.2862,0.6213,0.0001
tinyPixelVit_version_6_train_6886,30,0.2963,0.6372,0.2928,0.6275,0.0001
tinyPixelVit_version_6_train_6886,31,0.2961,0.6371,0.2781,0.6137,0.0001
tinyPixelVit_version_6_train_6886,32,0.2947,0.6353,0.2785,0.6134,0.0001
tinyPixelVit_version_6_train_6886,33,0.2935,0.6331,0.2818,0.6143,0.0001
tinyPixelVit_version_6_train_6886,34,0.2933,0.6337,0.278,0.6134,0.0001
tinyPixelVit_version_6_train_6886,35,0.2913,0.6306,0.2788,0.6129,0.0001
tinyPixelVit_version_6_train_6886,36,0.2913,0.6306,0.2748,0.6077,0.0001
tinyPixelVit_version_6_train_6886,37,0.2909,0.6299,0.275,0.6082,0.0001
tinyPixelVit_version_6_train_6886,38,0.2892,0.628,0.2742,0.6081,0.0001
tinyPixelVit_version_6_train_6886,39,0.2885,0.6266,0.2743,0.6057,0.0001
tinyPixelVit_version_6_train_6886,40,0.288,0.6259,0.2764,0.612,0.0001
tinyPixelVit_version_6_train_6886,41,0.2877,0.6257,0.2716,0.6024,0.0001
tinyPixelVit_version_6_train_6886,42,0.2857,0.6231,0.273,0.6042,0.0001
tinyPixelVit_version_6_train_6886,43,0.286,0.6235,0.2722,0.604,0.0001
tinyPixelVit_version_6_train_6886,44,0.2845,0.6215,0.2726,0.6012,0.0001
tinyPixelVit_version_6_train_6886,45,0.2845,0.6215,0.2723,0.6031,0.0001
tinyPixelVit_version_6_train_6886,46,0.2835,0.62,0.2708,0.6004,0.0001
tinyPixelVit_version_6_train_6886,47,0.2834,0.6198,0.2723,0.6025,0.0001
tinyPixelVit_version_6_train_6886,48,0.282,0.6181,0.2703,0.601,0.0001
tinyPixelVit_version_6_train_6886,49,0.2816,0.6174,0.2707,0.6013,0.0001
tinyPixelVit_version_6_train_6886,50,0.2812,0.6172,0.2707,0.6004,0.0001
tinyPixelVit_version_6_train_6886,51,0.2805,0.616,0.2759,0.6064,0.0001
tinyPixelVit_version_6_train_6886,52,0.2799,0.6156,0.2701,0.5998,0.0001
tinyPixelVit_version_6_train_6886,53,0.2793,0.6141,0.2706,0.5994,0.0001
tinyPixelVit_version_6_train_6886,54,0.2784,0.6131,0.2724,0.6015,0.0001
tinyPixelVit_version_6_train_6886,55,0.2781,0.6127,0.2667,0.5964,0.0001
tinyPixelVit_version_6_train_6886,56,0.277,0.6112,0.2684,0.6011,0.0001
tinyPixelVit_version_6_train_6886,57,0.277,0.6116,0.2676,0.5964,0.0001
tinyPixelVit_version_6_train_6886,58,0.2764,0.6104,0.2775,0.6049,0.0001
tinyPixelVit_version_6_train_6886,59,0.2763,0.6105,0.2748,0.6064,0.0001
tinyPixelVit_version_6_train_6886,60,0.2754,0.6095,0.2662,0.594,0.0001
tinyPixelVit_version_6_train_6886,61,0.275,0.6084,0.2675,0.595,0.0001
tinyPixelVit_version_6_train_6886,62,0.2746,0.608,0.2653,0.5926,0.0001
tinyPixelVit_version_6_train_6886,63,0.2742,0.6075,0.2669,0.5946,0.0001
tinyPixelVit_version_6_train_6886,64,0.2744,0.6078,0.2689,0.6012,0.0001
tinyPixelVit_version_6_train_6886,65,0.2729,0.6057,0.2719,0.6002,0.0001
tinyPixelVit_version_6_train_6886,66,0.2728,0.6056,0.27,0.5991,0.0001
tinyPixelVit_version_6_train_6886,67,0.2724,0.605,0.2634,0.5927,0.0001
tinyPixelVit_version_6_train_6886,68,0.2715,0.6039,0.267,0.5936,0.0001
tinyPixelVit_version_6_train_6886,69,0.2715,0.6036,0.2632,0.5901,0.0001
tinyPixelVit_version_6_train_6886,70,0.2712,0.6035,0.2648,0.5933,0.0001
tinyPixelVit_version_6_train_6886,71,0.2708,0.6028,0.2694,0.5992,0.0001
tinyPixelVit_version_6_train_6886,72,0.2703,0.602,0.2645,0.594,0.0001
tinyPixelVit_version_6_train_6886,73,0.2705,0.6024,0.2633,0.5913,0.0001
tinyPixelVit_version_6_train_6886,74,0.2699,0.602,0.2655,0.594,0.0001
tinyPixelVit_version_6_train_6886,75,0.2692,0.601,0.2652,0.5914,5e-05
tinyPixelVit_version_6_train_6886,76,0.2664,0.5972,0.2651,0.5917,5e-05
tinyPixelVit_version_6_train_6886,77,0.2664,0.5971,0.2652,0.5903,5e-05
tinyPixelVit_version_6_train_6886,78,0.2653,0.5954,0.2632,0.5895,5e-05
tinyPixelVit_version_6_train_6886,79,0.2652,0.5953,0.2622,0.5883,5e-05
tinyPixelVit_version_6_train_6886,80,0.2654,0.5956,0.2617,0.5878,5e-05
tinyPixelVit_version_6_train_6886,81,0.2645,0.5942,0.2632,0.5902,5e-05
tinyPixelVit_version_6_train_6886,82,0.2642,0.5939,0.2627,0.59,5e-05
tinyPixelVit_version_6_train_6886,83,0.264,0.5937,0.2613,0.587,5e-05
tinyPixelVit_version_6_train_6886,84,0.264,0.5936,0.2621,0.5866,5e-05
tinyPixelVit_version_6_train_6886,85,0.2636,0.5931,0.2591,0.5848,5e-05
tinyPixelVit_version_6_train_6886,86,0.2635,0.5932,0.2607,0.5859,5e-05
tinyPixelVit_version_6_train_6886,87,0.263,0.5921,0.2606,0.5866,5e-05
tinyPixelVit_version_6_train_6886,88,0.2627,0.5918,0.2651,0.5912,5e-05
tinyPixelVit_version_6_train_6886,89,0.2625,0.5918,0.2586,0.5846,5e-05
tinyPixelVit_version_6_train_6886,90,0.2628,0.5921,0.2662,0.5925,5e-05
tinyPixelVit_version_6_train_6886,91,0.2626,0.5916,0.2636,0.5883,5e-05
tinyPixelVit_version_6_train_6886,92,0.2624,0.5912,0.2607,0.5863,5e-05
tinyPixelVit_version_6_train_6886,93,0.2629,0.5922,0.2598,0.5833,5e-05
tinyPixelVit_version_6_train_6886,94,0.2619,0.5906,0.2635,0.5905,5e-05
tinyPixelVit_version_6_train_6886,95,0.2621,0.5908,0.2603,0.5868,2.5e-05
tinyPixelVit_version_6_train_6886,96,0.2608,0.589,0.2604,0.5856,2.5e-05
tinyPixelVit_version_6_train_6886,97,0.2597,0.5875,0.2589,0.5825,2.5e-05
tinyPixelVit_version_6_train_6886,98,0.2602,0.5879,0.259,0.5837,2.5e-05
tinyPixelVit_version_6_train_6886,99,0.2602,0.5883,0.26,0.5844,2.5e-05
tinyPixelVit_version_6_train_6886,100,0.2605,0.5885,0.2584,0.5831,2.5e-05
tinyUnet_version_1_train_5700,1,4234.6176,41.4814,3482.3124,35.8962,
tinyUnet_version_1_train_5700,2,3706.6327,37.4011,3924.0759,40.905,
tinyUnet_version_1_train_5700,3,3637.5425,36.8025,3359.8583,34.5093,
tinyUnet_version_1_train_5700,4,3549.9198,36.0006,3321.1374,34.7456,
tinyUnet_version_1_train_5700,5,3514.8323,35.6824,3306.0662,33.7499,
tinyUnet_version_1_train_5700,6,3486.5611,35.476,3310.5741,33.1998,
tinyUnet_version_1_train_5700,7,3462.4927,35.2673,3287.4314,34.2748,
tinyUnet_version_1_train_5700,8,3426.8897,34.9656,3257.6614,33.868,
tinyUnet_version_1_train_5700,9,3403.3799,34.8496,3239.6216,34.1181,
tinyUnet_version_1_train_5700,10,3369.4504,34.5972,3244.4126,33.8623,
tinyUnet_version_1_train_5700,11,3338.4056,34.3344,3209.4042,33.4387,
tinyUnet_version_1_train_5700,12,3359.7395,34.6047,3218.6752,34.4584,
tinyUnet_version_1_train_5700,13,3314.6232,34.2823,3179.9646,34.1143,
tinyUnet_version_1_train_5700,14,3294.9016,34.1305,3169.6762,33.3382,
tinyUnet_version_1_train_5700,15,3273.1071,34.0087,3164.4331,34.0182,
tinyUnet_version_1_train_5700,16,3259.5567,33.8927,3184.5223,33.8836,
tinyUnet_version_1_train_5700,17,3251.5649,33.8182,3137.4716,33.7286,
tinyUnet_version_1_train_5700,18,3243.5044,33.804,3134.4989,33.4076,
tinyUnet_version_1_train_5700,19,3254.9892,33.8862,3137.7289,33.2377,
tinyUnet_version_1_train_5700,20,3233.103,33.7419,3131.4749,33.671,
tinyUnet_version_1_train_5700,21,3222.0267,33.6562,3114.0862,33.3138,
tinyUnet_version_1_train_5700,22,3211.3114,33.5915,3109.8927,32.6418,
tinyUnet_version_1_train_5700,23,3204.8569,33.5671,3106.7689,32.5974,
tinyUnet_version_1_train_5700,24,3208.1328,33.5554,3097.9133,32.8738,
tinyUnet_version_1_train_5700,25,3208.5538,33.6016,3101.6356,33.4464,
tinyUnet_version_1_train_5700,26,3198.6506,33.5261,3087.9298,33.2699,
tinyUnet_version_1_train_5700,27,3183.4972,33.4178,3087.8333,32.9413,
tinyUnet_version_1_train_5700,28,3180.8625,33.4102,3095.698,32.2184,
tinyUnet_version_1_train_5700,29,3177.9291,33.3853,3101.6749,34.2842,
tinyUnet_version_1_train_5700,30,3169.8036,33.3231,3084.4305,32.8857,
tinyUnet_version_1_train_5700,31,3169.9626,33.3475,3071.8954,33.2819,
tinyUnet_version_1_train_5700,32,3163.7656,33.3177,3133.7635,32.6724,
tinyUnet_version_1_train_5700,33,3151.3967,33.2342,3075.518,32.8398,
tinyUnet_version_1_train_5700,34,3165.6082,33.3187,3060.926,33.1245,
tinyUnet_version_1_train_5700,35,3157.356,33.2573,3070.6791,32.8441,
tinyUnet_version_1_train_5700,36,3156.4173,33.2409,3052.8046,33.1402,
tinyUnet_version_1_train_5700,37,3143.246,33.1556,3056.7014,32.8156,
tinyUnet_version_1_train_5700,38,3138.2549,33.1366,3049.0892,33.0601,
tinyUnet_version_1_train_5700,39,3135.484,33.114,3065.5447,31.9695,
tinyUnet_version_1_train_5700,40,3127.5658,33.0941,3052.6771,32.4797,
tinyUnet_version_1_train_5700,41,3134.2619,33.1181,3046.6001,32.4121,
tinyUnet_version_1_train_5700,42,3118.1654,33.0236,3045.8025,32.9535,
tinyUnet_version_1_train_5700,43,3123.9525,33.0406,3036.3519,32.3397,
tinyUnet_version_1_train_5700,44,3111.4047,32.9751,3040.1735,33.1195,
tinyUnet_version_1_train_5700,45,3116.8753,33.0314,3036.6652,32.8753,
tinyUnet_version_1_train_5700,46,3113.6988,32.9918,3035.9903,32.6013,
tinyUnet_version_1_train_5700,47,3102.2214,32.9245,3028.4878,32.4541,
tinyUnet_version_1_train_5700,48,3112.0097,32.9892,3027.9299,32.6254,
tinyUnet_version_1_train_5700,49,3101.8169,32.9254,3037.9397,33.6265,
tinyUnet_version_1_train_5700,50,3102.9179,32.9188,3022.8334,32.7594,
tinyUnet_version_1_train_5700,51,3096.4339,32.913,3028.6546,32.8076,
tinyUnet_version_1_train_5700,52,3087.0709,32.8413,3021.1284,32.4014,
tinyUnet_version_1_train_5700,53,3081.3395,32.8502,3018.3598,32.4228,
tinyUnet_version_1_train_5700,54,3080.7627,32.8527,3030.0626,32.8969,
tinyUnet_version_1_train_5700,55,3079.4572,32.8038,3014.2439,32.7833,
tinyUnet_version_1_train_5700,56,3073.3372,32.7845,3020.5658,32.353,
tinyUnet_version_1_train_5700,57,3072.6954,32.7909,3029.3699,32.0341,
tinyUnet_version_1_train_5700,58,3066.6477,32.7473,3038.3298,32.7924,
tinyUnet_version_1_train_5700,59,3061.2264,32.6965,3033.3364,33.1452,
tinyUnet_version_1_train_5700,60,3063.8826,32.7171,3010.8157,32.9216,
tinyUnet_version_1_train_5860,1,4128.0735,40.7765,3789.1948,39.649,
tinyUnet_version_1_train_5860,2,3663.7248,37.1622,4341.4759,46.6615,
tinyUnet_version_1_train_5860,3,3579.3755,36.4784,3457.7076,34.8691,
tinyUnet_version_1_train_5860,4,3539.4639,36.0967,4004.3236,42.5854,
tinyUnet_version_1_train_5860,5,3452.9626,35.3399,3424.1189,33.7186,
tinyUnet_version_1_train_5860,6,3389.8065,34.8064,3401.7869,34.9799,
tinyUnet_version_1_train_5860,7,3450.1586,35.3396,3380.4425,33.6357,
tinyUnet_version_1_train_5860,8,3375.3531,34.7256,3375.085,33.5458,
tinyUnet_version_1_train_5860,9,3332.7158,34.3706,3352.7674,33.3648,
tinyUnet_version_1_train_5860,10,3361.153,34.6328,3368.4791,33.6232,
tinyUnet_version_1_train_5860,11,3319.5385,34.2769,3341.2264,32.9522,
tinyUnet_version_1_train_5860,12,3298.2643,34.143,3311.4349,33.512,
tinyUnet_version_1_train_5860,13,3274.4126,33.9577,3304.7768,33.5638,
tinyUnet_version_1_train_5860,14,3272.0805,33.9959,3298.4432,33.9517,
tinyUnet_version_1_train_5860,15,3258.685,33.8917,3291.697,33.1603,
tinyUnet_version_1_train_5860,16,3251.6814,33.8569,3280.1255,33.6696,
tinyUnet_version_1_train_5860,17,3224.0584,33.6815,3276.5877,32.6968,
tinyUnet_version_1_train_5860,18,3223.6214,33.6795,3265.3117,33.2343,
tinyUnet_version_1_train_5860,19,3207.863,33.5773,3302.0401,32.9188,
tinyUnet_version_1_train_5860,20,3203.7829,33.556,3251.8251,32.8936,
tinyUnet_version_1_train_5860,21,3198.2957,33.5424,3234.3302,33.1507,
tinyUnet_version_1_train_5860,22,3188.6289,33.4634,3254.4315,33.1525,
tinyUnet_version_1_train_5860,23,3181.7974,33.4627,3247.0818,33.2914,
tinyUnet_version_1_train_5860,24,3178.3448,33.452,3223.3018,33.203,
tinyUnet_version_1_train_5860,25,3159.5555,33.3204,3217.598,33.3223,
tinyUnet_version_1_train_5860,26,3153.5258,33.2791,3209.8142,32.8705,
tinyUnet_version_1_train_5860,27,3161.0036,33.3476,3204.8346,32.6146,
tinyUnet_version_1_train_5860,28,3146.3513,33.2513,3203.9079,33.6681,
tinyUnet_version_1_train_5860,29,3134.0404,33.166,3197.7256,33.036,
tinyUnet_version_1_train_5860,30,3130.7349,33.1567,3193.8043,33.0577,
tinyUnet_version_1_train_5860,31,3131.287,33.158,3196.2114,32.6586,
tinyUnet_version_1_train_5860,32,3118.8738,33.0749,3184.1984,33.0688,
tinyUnet_version_1_train_5860,33,3114.9319,33.054,3177.8117,33.0848,
tinyUnet_version_1_train_5860,34,3114.4366,33.0503,3174.465,32.3941,
tinyUnet_version_1_train_5860,35,3112.4539,33.0519,3182.1338,32.922,
tinyUnet_version_1_train_5860,36,3089.9219,32.8929,3175.2917,33.2848,
tinyUnet_version_1_train_5860,37,3090.6196,32.9086,3177.9544,33.4049,
tinyUnet_version_1_train_5860,38,3089.6122,32.9102,3167.779,32.5737,
tinyUnet_version_1_train_5860,39,3092.1359,32.9289,3168.4579,32.4775,
tinyUnet_version_1_train_5860,40,3089.1892,32.9314,3163.0272,33.3724,
tinyUnet_version_1_train_5860,41,3086.053,32.8995,3152.6969,32.8478,
tinyUnet_version_1_train_5860,42,3088.7997,32.9266,3153.8688,32.7526,
tinyUnet_version_1_train_5860,43,3071.4779,32.7905,3152.4158,32.7531,
tinyUnet_version_1_train_5860,44,3066.0945,32.7569,3157.1138,32.017,
tinyUnet_version_1_train_5860,45,3058.752,32.7116,3156.2926,31.8864,
tinyUnet_version_1_train_5860,46,3067.1686,32.7892,3146.0807,32.2337,
tinyUnet_version_1_train_5860,47,3054.353,32.7132,3157.7878,32.171,
tinyUnet_version_1_train_5860,48,3050.109,32.6775,3225.3087,34.7075,
tinyUnet_version_1_train_5860,49,3071.0217,32.8362,3164.7149,32.4103,
tinyUnet_version_1_train_5860,50,3058.9266,32.7365,3167.4947,32.9882,
tinyUnet_version_1_train_5860,51,3047.4581,32.657,3150.3952,32.1388,
tinyUnet_version_1_train_5860,52,3044.0625,32.6586,3135.4504,32.47,
tinyUnet_version_1_train_5860,53,3036.3968,32.6062,3144.9246,32.8962,
tinyUnet_version_1_train_5860,54,3040.5898,32.6002,3130.7221,32.7231,
tinyUnet_version_1_train_5860,55,3031.4438,32.5743,3148.1451,33.6717,
tinyUnet_version_1_train_5860,56,3024.9447,32.5212,3137.6968,33.1219,
tinyUnet_version_1_train_5860,57,3030.4638,32.5457,3125.2343,32.5389,
tinyUnet_version_1_train_5860,58,3021.3169,32.5207,3125.822,32.4825,
tinyUnet_version_1_train_5860,59,3016.3989,32.4785,3123.9886,32.8049,
tinyUnet_version_1_train_5860,60,3011.6084,32.4615,3137.5067,31.936,
tinyUnet_version_2_train_5701,1,3848.6608,37.7472,3528.2421,35.6198,
tinyUnet_version_2_train_5701,2,3497.9773,35.5059,3485.9917,34.8715,
tinyUnet_version_2_train_5701,3,3454.8346,35.2061,3435.9306,35.2615,
tinyUnet_version_2_train_5701,4,3421.0045,34.9946,3397.7022,34.6512,
tinyUnet_version_2_train_5701,5,3392.1442,34.8334,3421.573,33.4273,
tinyUnet_version_2_train_5701,6,3372.6591,34.6921,3353.2966,34.2813,
tinyUnet_version_2_train_5701,7,3350.6832,34.58,3335.0201,33.7579,
tinyUnet_version_2_train_5701,8,3333.263,34.4689,3408.2659,33.5134,
tinyUnet_version_2_train_5701,9,3318.8951,34.3954,3318.4988,33.9522,
tinyUnet_version_2_train_5701,10,3300.4999,34.2665,3294.0149,34.3234,
tinyUnet_version_2_train_5701,11,3277.6096,34.1493,3270.9292,34.096,
tinyUnet_version_2_train_5701,12,3257.9066,34.0309,3261.3745,33.1555,
tinyUnet_version_2_train_5701,13,3240.0652,33.924,3270.1893,34.7568,
tinyUnet_version_2_train_5701,14,3221.5767,33.818,3236.3925,32.9793,
tinyUnet_version_2_train_5701,15,3210.3869,33.7135,3258.6397,32.6306,
tinyUnet_version_2_train_5701,16,3200.1283,33.645,3212.1541,33.6394,
tinyUnet_version_2_train_5701,17,3186.3108,33.5529,3203.0174,33.5012,
tinyUnet_version_2_train_5701,18,3176.4927,33.4874,3207.9734,34.1746,
tinyUnet_version_2_train_5701,19,3160.6511,33.3938,3331.4648,32.5608,
tinyUnet_version_2_train_5701,20,3153.6564,33.3495,3220.2556,34.7804,
tinyUnet_version_2_train_5701,21,3147.1367,33.2982,3236.2213,33.2655,
tinyUnet_version_2_train_5701,22,3133.6715,33.2188,3171.2456,32.5346,
tinyUnet_version_2_train_5701,23,3126.5404,33.1722,3161.9252,33.6226,
tinyUnet_version_2_train_5701,24,3112.3249,33.0973,3165.1864,32.5195,
tinyUnet_version_2_train_5701,25,3106.7665,33.0573,3145.8031,33.0261,
tinyUnet_version_2_train_5701,26,3105.3433,33.0298,3146.0882,32.8149,
tinyUnet_version_2_train_5701,27,3093.9621,32.9678,3142.9217,33.1606,
tinyUnet_version_2_train_5701,28,3084.4471,32.9145,3238.2618,32.7148,
tinyUnet_version_2_train_5701,29,3084.3593,32.9238,3186.7798,32.0999,
tinyUnet_version_2_train_5701,30,3072.1649,32.8629,3120.553,32.7649,
tinyUnet_version_2_train_5701,31,3069.4283,32.8536,3122.4944,32.7272,
tinyUnet_version_2_train_5701,32,3055.8178,32.7866,3119.8683,32.7176,
tinyUnet_version_2_train_5701,33,3053.0746,32.7538,3117.1596,32.5482,
tinyUnet_version_2_train_5701,34,3050.0222,32.7161,3118.0953,33.0759,
tinyUnet_version_2_train_5701,35,3036.5737,32.6725,3110.4882,33.1472,
tinyUnet_version_2_train_5701,36,3034.122,32.6568,3111.2719,33.2995,
tinyUnet_version_2_train_5701,37,3031.857,32.6331,3118.8774,33.7077,
tinyUnet_version_2_train_5701,38,3025.5602,32.5945,3120.8127,33.7188,
tinyUnet_version_2_train_5701,39,3018.6425,32.5819,3137.6689,33.9096,
tinyUnet_version_2_train_5701,40,3009.7585,32.5157,3109.451,32.8634,
tinyUnet_version_2_train_5701,41,3007.3827,32.5038,3096.4545,32.1967,
tinyUnet_version_2_train_5701,42,3003.5475,32.4737,3100.2029,32.5517,
tinyUnet_version_2_train_5701,43,2997.9856,32.4765,3146.5112,33.2265,
tinyUnet_version_2_train_5701,44,2989.0452,32.413,3102.3578,33.4167,
tinyUnet_version_2_train_5701,45,2987.2417,32.4082,3100.3383,32.8234,
tinyUnet_version_2_train_5701,46,2978.096,32.3585,3113.5257,32.5138,
tinyUnet_version_2_train_5701,47,2977.8321,32.3421,3098.1758,32.9568,
tinyUnet_version_2_train_5701,48,2966.0178,32.3001,3122.4094,32.0686,
tinyUnet_version_2_train_5701,49,2966.2171,32.306,3111.8427,32.0729,
tinyUnet_version_2_train_5701,50,2961.52,32.2853,3150.5316,32.7078,
tinyUnet_version_2_train_5701,51,2953.5599,32.2434,3100.0826,32.177,
tinyUnet_version_2_train_5701,52,2950.1896,32.2206,3092.0493,32.9449,
tinyUnet_version_2_train_5701,53,2944.8632,32.1884,3097.0859,32.0555,
tinyUnet_version_2_train_5701,54,2936.2546,32.1388,3098.7224,32.5435,
tinyUnet_version_2_train_5701,55,2932.4202,32.1487,3088.3,32.6299,
tinyUnet_version_2_train_5701,56,2932.4647,32.1314,3101.8514,32.1536,
tinyUnet_version_2_train_5701,57,2922.4111,32.0847,3102.0884,32.0132,
tinyUnet_version_2_train_5701,58,2917.8981,32.066,3093.743,32.7713,
tinyUnet_version_2_train_5701,59,2911.2525,32.0401,3099.7196,32.3066,
tinyUnet_version_2_train_5701,60,2905.1753,31.9956,3111.904,32.5923,
tinyUnet_version_2_train_5867,1,3647.8598,36.1412,3403.666,33.6679,
tinyUnet_version_2_train_5867,2,3378.3532,34.5505,3373.3031,35.3418,
tinyUnet_version_2_train_5867,3,3328.2824,34.1826,3306.2938,34.5103,
tinyUnet_version_2_train_5867,4,3290.3254,33.9249,3280.9957,34.922,
tinyUnet_version_2_train_5867,5,3255.3354,33.7309,3238.9102,33.7461,
tinyUnet_version_2_train_5867,6,3232.5569,33.6131,3224.0813,33.9723,
tinyUnet_version_2_train_5867,7,3214.6341,33.4975,3187.1484,33.5985,
tinyUnet_version_2_train_5867,8,3191.4025,33.3706,3175.654,33.0087,
tinyUnet_version_2_train_5867,9,3180.1322,33.299,3161.6137,32.8875,
tinyUnet_version_2_train_5867,10,3165.5159,33.2153,3179.3541,32.3499,
tinyUnet_version_2_train_5867,11,3151.761,33.1364,3142.4047,33.0307,
tinyUnet_version_2_train_5867,12,3138.0916,33.0666,3131.2393,33.0414,
tinyUnet_version_2_train_5867,13,3128.4987,33.0088,3150.6364,32.4319,
tinyUnet_version_2_train_5867,14,3122.2963,32.9638,3136.7724,32.5228,
tinyUnet_version_2_train_5867,15,3113.3725,32.9006,3131.3175,33.99,
tinyUnet_version_2_train_5867,16,3103.0041,32.8466,3108.06,33.0029,
tinyUnet_version_2_train_5867,17,3104.6348,32.8713,3104.3088,32.7887,
tinyUnet_version_2_train_5867,18,3088.4513,32.7619,3099.8807,33.0158,
tinyUnet_version_2_train_5867,19,3080.5099,32.6988,3103.1708,33.0662,
tinyUnet_version_2_train_5867,20,3074.2699,32.6782,3090.8414,32.6083,
tinyUnet_version_2_train_5867,21,3063.6373,32.6238,3089.7583,33.5959,
tinyUnet_version_2_train_5867,22,3059.264,32.5878,3104.5571,32.0811,
tinyUnet_version_2_train_5867,23,3053.0521,32.5467,3063.7479,32.9651,
tinyUnet_version_2_train_5867,24,3042.1768,32.4944,3086.8623,32.2843,
tinyUnet_version_2_train_5867,25,3038.6338,32.4827,3055.2613,32.5757,
tinyUnet_version_2_train_5867,26,3035.058,32.4576,3066.6537,33.1376,
tinyUnet_version_2_train_5867,27,3019.2772,32.3774,3065.8207,32.3463,
tinyUnet_version_2_train_5867,28,3016.815,32.3733,3079.1111,31.9439,
tinyUnet_version_2_train_5867,29,3008.146,32.3217,3059.8016,32.8321,
tinyUnet_version_2_train_5867,30,3001.3633,32.2763,3076.758,33.2507,
tinyUnet_version_2_train_5867,31,2996.2636,32.2532,3066.7156,31.837,
tinyUnet_version_2_train_5867,32,2987.6596,32.2247,3057.0681,32.7137,
tinyUnet_version_2_train_5867,33,2985.5499,32.1968,3069.2987,32.1281,
tinyUnet_version_2_train_5867,34,2976.7968,32.1528,3043.2917,32.4456,
tinyUnet_version_2_train_5867,35,2966.2351,32.1137,3062.2394,33.256,
tinyUnet_version_2_train_5867,36,2964.1259,32.1022,3044.5339,32.1845,
tinyUnet_version_2_train_5867,37,2956.9373,32.0782,3052.4068,32.171,
tinyUnet_version_2_train_5867,38,2946.9924,32.0142,3054.1552,32.9533,
tinyUnet_version_2_train_5867,39,2947.0808,32.0181,3031.6789,32.217,
tinyUnet_version_2_train_5867,40,2933.8676,31.9722,3044.5121,32.5177,
tinyUnet_version_2_train_5867,41,2931.51,31.9415,3045.3692,32.8052,
tinyUnet_version_2_train_5867,42,2925.3133,31.9198,3035.0817,31.949,
tinyUnet_version_2_train_5867,43,2918.5461,31.8905,3068.1209,32.7394,
tinyUnet_version_2_train_5867,44,2915.4631,31.878,3046.1505,32.5861,
tinyUnet_version_2_train_5867,45,2907.1106,31.836,3042.1265,32.9456,
tinyUnet_version_2_train_5867,46,2902.6391,31.8054,3040.6661,32.442,
tinyUnet_version_2_train_5867,47,2895.0766,31.7675,3057.1605,32.2803,
tinyUnet_version_2_train_5867,48,2890.4219,31.7656,3052.8005,32.5097,
tinyUnet_version_2_train_5867,49,2882.5491,31.7207,3044.0715,32.3539,
tinyUnet_version_2_train_5867,50,2876.1748,31.6889,3046.1492,31.9671,
tinyUnet_version_2_train_5867,51,2868.8557,31.6705,3078.2589,32.8567,
tinyUnet_version_2_train_5867,52,2865.7125,31.6439,3039.9214,32.3248,
tinyUnet_version_2_train_5867,53,2858.75,31.6012,3069.3433,33.3139,
tinyUnet_version_2_train_5867,54,2854.3392,31.5762,3062.6747,31.7602,
tinyUnet_version_2_train_5867,55,2845.2086,31.5607,3062.7378,32.8278,
tinyUnet_version_2_train_5867,56,2841.3364,31.5131,3056.1025,31.7782,
tinyUnet_version_2_train_5867,57,2838.9486,31.5118,3040.0881,32.1894,
tinyUnet_version_2_train_5867,58,2836.6404,31.4739,3047.8536,32.9173,
tinyUnet_version_2_train_5867,59,2826.6151,31.471,3057.4521,31.7219,
tinyUnet_version_2_train_5867,60,2820.8798,31.448,3039.0451,31.9598,
tinyUnet_version_2_train_6538,1,3847.7808,38.1504,3325.9965,35.0964,
tinyUnet_version_2_train_6538,2,3305.6339,35.2717,3262.1394,34.181,
tinyUnet_version_2_train_6538,3,3265.9806,34.9256,3230.3078,34.0794,
tinyUnet_version_2_train_6538,4,3233.7512,34.6864,3248.6854,36.1636,
tinyUnet_version_2_train_6538,5,3213.8299,34.5279,3208.131,33.3497,
tinyUnet_version_2_train_6538,6,3188.838,34.271,3153.9284,33.7962,
tinyUnet_version_2_train_6538,7,3159.8067,33.9879,3177.7243,34.2246,
tinyUnet_version_2_train_6538,8,3144.2096,33.83,3146.3257,33.8086,
tinyUnet_version_2_train_6538,9,3130.1066,33.7374,3121.2874,33.581,
tinyUnet_version_2_train_6538,10,3111.0515,33.6361,3149.5135,32.3011,
tinyUnet_version_2_train_6538,11,3094.5774,33.4999,3104.3046,32.9539,
tinyUnet_version_2_train_6538,12,3086.7867,33.4126,3083.3997,32.716,
tinyUnet_version_2_train_6538,13,3076.7084,33.3851,3061.8447,32.8988,
tinyUnet_version_2_train_6538,14,3066.5479,33.2959,3100.8931,33.737,
tinyUnet_version_2_train_6538,15,3055.4963,33.1723,3082.7975,33.4949,
tinyUnet_version_2_train_6538,16,3048.6494,33.1303,3097.1697,34.5143,
tinyUnet_version_2_train_6538,17,3028.8669,33.0467,3087.5771,31.7848,
tinyUnet_version_2_train_6538,18,3024.4793,32.9573,3036.2868,33.0903,
tinyUnet_version_2_train_6538,19,3010.9781,32.8972,3058.1904,32.2563,
tinyUnet_version_2_train_6538,20,2999.2065,32.8243,3045.0087,33.2131,
tinyUnet_version_2_train_6538,21,2988.4009,32.775,3065.6162,34.1315,
tinyUnet_version_2_train_6538,22,2979.5723,32.691,3021.2897,32.4883,
tinyUnet_version_2_train_6538,23,2971.414,32.6022,3046.1351,31.7033,
tinyUnet_version_2_train_6538,24,2960.3371,32.5477,3002.5594,32.4899,
tinyUnet_version_2_train_6538,25,2952.1164,32.4901,3011.2381,33.2723,
tinyUnet_version_2_train_6538,26,2936.3669,32.4344,3008.339,33.4209,
tinyUnet_version_2_train_6538,27,2929.3138,32.357,2986.5303,31.7536,
tinyUnet_version_2_train_6538,28,2924.1703,32.3191,2979.2097,31.5072,
tinyUnet_version_2_train_6538,29,2906.2896,32.2565,2982.4051,31.7488,
tinyUnet_version_2_train_6538,30,2902.3532,32.1974,2977.0105,31.7824,
tinyUnet_version_2_train_6538,31,2890.5591,32.162,2983.5607,32.039,
tinyUnet_version_2_train_6538,32,2892.0386,32.1165,2975.5018,32.4002,
tinyUnet_version_2_train_6538,33,2874.4885,32.0273,2995.0957,31.3718,
tinyUnet_version_2_train_6538,34,2865.7553,31.9847,3004.0575,33.455,
tinyUnet_version_2_train_6538,35,2855.1057,31.9481,2987.8448,31.3312,
tinyUnet_version_2_train_6538,36,2851.4853,31.9162,2972.4695,31.8234,
tinyUnet_version_2_train_6538,37,2841.3428,31.8606,2959.7941,31.8159,
tinyUnet_version_2_train_6538,38,2838.9573,31.8136,2940.263,32.0676,
tinyUnet_version_2_train_6538,39,2823.3084,31.7265,2952.378,31.928,
tinyUnet_version_2_train_6538,40,2816.1069,31.7028,2946.8917,31.8727,
tinyUnet_version_2_train_6538,41,2813.4505,31.6776,2959.3868,32.1069,
tinyUnet_version_2_train_6538,42,2799.091,31.5999,2950.2925,32.4156,
tinyUnet_version_2_train_6538,43,2798.2995,31.6062,2948.0817,31.9799,
tinyUnet_version_2_train_6538,44,2781.9942,31.5088,2969.6302,32.5786,
tinyUnet_version_2_train_6538,45,2782.578,31.4681,2962.0118,31.7967,
tinyUnet_version_2_train_6538,46,2768.4221,31.4217,2972.8235,32.955,
tinyUnet_version_2_train_6538,47,2764.3198,31.3928,2956.5328,31.7153,
tinyUnet_version_2_train_6538,48,2752.7512,31.3269,2983.0464,31.6015,
tinyUnet_version_2_train_6538,49,2753.1103,31.3422,2958.1934,32.2223,
tinyUnet_version_2_train_6538,50,2740.7935,31.2527,2980.1445,31.7218,
tinyUnet_version_2_train_6538,51,2734.9881,31.1827,2954.0879,32.558,
tinyUnet_version_2_train_6538,52,2718.0652,31.1566,2950.9721,31.7519,
tinyUnet_version_2_train_6538,53,2715.8681,31.1017,2963.461,32.2476,
tinyUnet_version_2_train_6538,54,2708.7363,31.0533,2964.5943,31.2527,
tinyUnet_version_2_train_6538,55,2700.3736,31.0134,2970.5185,31.9195,
tinyUnet_version_2_train_6538,56,2695.708,30.977,2962.6092,32.0518,
tinyUnet_version_2_train_6538,57,2687.8236,30.9137,2951.5749,31.3869,
tinyUnet_version_2_train_6538,58,2688.2564,30.9497,2963.5153,32.4005,
tinyUnet_version_2_train_6538,59,2673.7264,30.8515,2980.4709,32.0231,
tinyUnet_version_2_train_6538,60,2664.2803,30.8126,2959.5157,31.7066,
tinyUnet_version_2_train_6538,61,2658.2447,30.7906,2952.2976,31.2299,
tinyUnet_version_2_train_6538,62,2652.8274,30.7148,2953.245,31.7476,
tinyUnet_version_2_train_6538,63,2647.2475,30.7103,2954.6113,31.9268,
tinyUnet_version_2_train_6538,64,2641.0203,30.6569,3020.8539,32.7548,
tinyUnet_version_2_train_6538,65,2629.7458,30.5848,3017.8627,32.6986,
tinyUnet_version_2_train_6538,66,2633.8385,30.5958,2986.842,32.1316,
tinyUnet_version_2_train_6538,67,2617.6275,30.5243,3014.3145,32.2403,
tinyUnet_version_2_train_6538,68,2608.7223,30.4896,2971.0346,31.7159,
tinyUnet_version_2_train_6538,69,2604.8398,30.4606,2974.493,31.542,
tinyUnet_version_2_train_6538,70,2600.9695,30.4025,2981.425,31.6659,
tinyUnet_version_2_train_6538,71,2590.1765,30.3433,3006.3743,32.9309,
tinyUnet_version_2_train_6538,72,2587.3419,30.343,2986.7448,32.4122,
tinyUnet_version_2_train_6538,73,2583.5474,30.2767,3041.2641,32.8463,
tinyUnet_version_2_train_6538,74,2578.1243,30.2603,2988.9274,31.8532,
tinyUnet_version_2_train_6538,75,2567.5572,30.1788,3054.9167,32.9362,
tinyUnet_version_2_train_6538,76,2569.6269,30.2349,2977.3511,31.9986,
tinyUnet_version_2_train_6538,77,2555.3263,30.147,3012.4785,30.9683,
tinyUnet_version_2_train_6538,78,2557.5275,30.1641,2985.0729,31.8164,
tinyUnet_version_2_train_6538,79,2549.5478,30.0966,2974.8785,31.8461,
tinyUnet_version_2_train_6538,80,2544.2991,30.0558,3009.0849,31.7304,
tinyUnet_version_2_train_6538,81,2533.8739,30.0008,3147.3665,33.3251,
tinyUnet_version_2_train_6538,82,2538.8229,30.0252,2997.8267,32.2549,
tinyUnet_version_2_train_6538,83,2521.0271,29.914,3055.6949,32.5693,
tinyUnet_version_2_train_6538,84,2518.9839,29.9317,3017.9321,31.8613,
tinyUnet_version_2_train_6538,85,2512.8311,29.8489,3010.2782,32.0013,
tinyUnet_version_2_train_6538,86,2506.9354,29.8148,2986.7135,31.0674,
tinyUnet_version_2_train_6538,87,2500.2069,29.796,3029.1688,32.1868,
tinyUnet_version_2_train_6538,88,2491.2426,29.7478,3023.8222,31.9338,
tinyUnet_version_2_train_6538,89,2492.2971,29.7155,3007.7494,31.3984,
tinyUnet_version_2_train_6538,90,2488.0232,29.7113,3003.9463,31.618,
tinyUnet_version_2_train_6538,91,2484.7659,29.7177,3077.628,32.7087,
tinyUnet_version_2_train_6538,92,2480.7505,29.6316,2984.4528,31.5158,
tinyUnet_version_2_train_6538,93,2474.1375,29.6016,3005.1131,31.8687,
tinyUnet_version_2_train_6538,94,2470.4824,29.5842,3018.2824,31.774,
tinyUnet_version_2_train_6538,95,2467.5853,29.5879,3023.3935,31.7631,
tinyUnet_version_2_train_6538,96,2450.5519,29.4813,3006.1387,31.6752,
tinyUnet_version_2_train_6538,97,2449.3061,29.4918,3070.4444,32.8167,
tinyUnet_version_2_train_6538,98,2447.7922,29.4689,3008.1879,31.2707,
tinyUnet_version_2_train_6538,99,2437.7067,29.4117,3040.346,31.6825,
tinyUnet_version_2_train_6538,100,2431.259,29.3416,3041.7242,32.4325,
tinyUnet_version_2_train_6555,1,1.2449,0.8597,0.8222,0.7394,
tinyUnet_version_2_train_6555,2,0.8405,0.7351,0.7562,0.6907,
tinyUnet_version_2_train_6555,3,0.8001,0.7138,0.7347,0.6834,
tinyUnet_version_2_train_6555,4,0.7761,0.7004,0.7149,0.6747,
tinyUnet_version_2_train_6555,5,0.7627,0.6932,0.7059,0.6642,
tinyUnet_version_2_train_6555,6,0.7522,0.6878,0.7015,0.6594,
tinyUnet_version_2_train_6555,7,0.7398,0.681,0.6969,0.655,
tinyUnet_version_2_train_6555,8,0.7318,0.6757,0.688,0.6519,
tinyUnet_version_2_train_6555,9,0.7274,0.6738,0.6813,0.6518,
tinyUnet_version_2_train_6555,10,0.7177,0.6686,0.6823,0.65,
tinyUnet_version_2_train_6555,11,0.713,0.6656,0.6855,0.65,
tinyUnet_version_2_train_6555,12,0.7069,0.6632,0.6904,0.6575,
tinyUnet_version_2_train_6555,13,0.6993,0.6587,0.69,0.6487,
tinyUnet_version_2_train_6555,14,0.694,0.6563,0.6945,0.6607,
tinyUnet_version_2_train_6555,15,0.6874,0.6519,0.6756,0.6482,
tinyUnet_version_2_train_6555,16,0.6851,0.6512,0.67,0.6411,
tinyUnet_version_2_train_6555,17,0.68,0.6485,0.667,0.6384,
tinyUnet_version_2_train_6555,18,0.6741,0.6457,0.6578,0.6367,
tinyUnet_version_2_train_6555,19,0.6744,0.6456,0.6666,0.6376,
tinyUnet_version_2_train_6555,20,0.6668,0.641,0.6574,0.6361,
tinyUnet_version_2_train_6555,21,0.665,0.6409,0.6637,0.6372,
tinyUnet_version_2_train_6555,22,0.6608,0.6376,0.6509,0.6324,
tinyUnet_version_2_train_6555,23,0.6557,0.6359,0.6581,0.6379,
tinyUnet_version_2_train_6555,24,0.6521,0.6339,0.662,0.6417,
tinyUnet_version_2_train_6555,25,0.6476,0.6319,0.6761,0.6497,
tinyUnet_version_2_train_6555,26,0.6462,0.6303,0.6615,0.6403,
tinyUnet_version_2_train_6555,27,0.6416,0.6285,0.648,0.6272,
tinyUnet_version_2_train_6555,28,0.6386,0.6269,0.6453,0.628,
tinyUnet_version_2_train_6555,29,0.6354,0.6248,0.6493,0.6292,
tinyUnet_version_2_train_6555,30,0.6317,0.6223,0.6473,0.6283,
tinyUnet_version_2_train_6555,31,0.6296,0.6221,0.6504,0.6296,
tinyUnet_version_2_train_6555,32,0.6274,0.6196,0.654,0.6337,
tinyUnet_version_2_train_6555,33,0.6242,0.6183,0.6489,0.628,
tinyUnet_version_2_train_6555,34,0.6226,0.6181,0.6445,0.6235,
tinyUnet_version_2_train_6555,35,0.6169,0.6155,0.6662,0.6367,
tinyUnet_version_2_train_6555,36,0.617,0.615,0.6532,0.6282,
tinyUnet_version_2_train_6555,37,0.6114,0.6115,0.6423,0.6248,
tinyUnet_version_2_train_6555,38,0.6097,0.6108,0.6399,0.6196,
tinyUnet_version_2_train_6555,39,0.6066,0.609,0.6456,0.6251,
tinyUnet_version_2_train_6555,40,0.6038,0.6076,0.6409,0.621,
tinyUnet_version_2_train_6555,41,0.602,0.6069,0.6536,0.6296,
tinyUnet_version_2_train_6555,42,0.5987,0.6045,0.6638,0.6364,
tinyUnet_version_2_train_6555,43,0.5973,0.6041,0.6428,0.6208,
tinyUnet_version_2_train_6555,44,0.5936,0.6022,0.6461,0.6255,
tinyUnet_version_2_train_6555,45,0.5935,0.6021,0.6441,0.6254,
tinyUnet_version_2_train_6555,46,0.5917,0.6007,0.6501,0.6238,
tinyUnet_version_2_train_6555,47,0.5888,0.5993,0.6389,0.6204,
tinyUnet_version_2_train_6555,48,0.5877,0.5987,0.6415,0.6205,
tinyUnet_version_2_train_6555,49,0.586,0.5975,0.6411,0.6198,
tinyUnet_version_2_train_6555,50,0.583,0.5964,0.6497,0.6241,
tinyUnet_version_2_train_6555,51,0.5797,0.5942,0.6453,0.6202,
tinyUnet_version_2_train_6555,52,0.5792,0.5938,0.6475,0.6245,
tinyUnet_version_2_train_6555,53,0.5763,0.592,0.662,0.6361,
tinyUnet_version_2_train_6555,54,0.5745,0.5913,0.6457,0.6189,
tinyUnet_version_2_train_6555,55,0.5714,0.5893,0.6447,0.6202,
tinyUnet_version_2_train_6555,56,0.5724,0.59,0.6409,0.621,
tinyUnet_version_2_train_6555,57,0.5662,0.5862,0.6701,0.6383,
tinyUnet_version_2_train_6555,58,0.5667,0.5869,0.6445,0.6263,
tinyUnet_version_2_train_6555,59,0.5649,0.5851,0.6518,0.6301,
tinyUnet_version_2_train_6555,60,0.5608,0.5833,0.6422,0.6186,
tinyUnet_version_2_train_6555,61,0.561,0.5834,0.6419,0.6203,
tinyUnet_version_2_train_6555,62,0.5594,0.5828,0.6457,0.6217,
tinyUnet_version_2_train_6555,63,0.5574,0.5815,0.6381,0.6187,
tinyUnet_version_2_train_6555,64,0.5553,0.58,0.6369,0.6139,
tinyUnet_version_2_train_6555,65,0.5533,0.5793,0.6451,0.6209,
tinyUnet_version_2_train_6555,66,0.5516,0.5781,0.6412,0.6226,
tinyUnet_version_2_train_6555,67,0.5507,0.5772,0.6416,0.6166,
tinyUnet_version_2_train_6555,68,0.5485,0.5758,0.6464,0.6267,
tinyUnet_version_2_train_6555,69,0.5462,0.5749,0.6398,0.6192,
tinyUnet_version_2_train_6555,70,0.5438,0.5732,0.6436,0.618,
tinyUnet_version_2_train_6555,71,0.5439,0.5733,0.6457,0.6152,
tinyUnet_version_2_train_6555,72,0.5417,0.5723,0.6422,0.6195,
tinyUnet_version_2_train_6555,73,0.54,0.5713,0.6504,0.6181,
tinyUnet_version_2_train_6555,74,0.5391,0.5705,0.64,0.6187,
tinyUnet_version_2_train_6555,75,0.537,0.5689,0.6547,0.629,
tinyUnet_version_2_train_6555,76,0.5341,0.5676,0.6343,0.614,
tinyUnet_version_2_train_6555,77,0.534,0.5672,0.6489,0.6189,
tinyUnet_version_2_train_6555,78,0.5328,0.566,0.6434,0.6206,
tinyUnet_version_2_train_6555,79,0.5321,0.5665,0.6445,0.6145,
tinyUnet_version_2_train_6555,80,0.5304,0.5655,0.6421,0.6187,
tinyUnet_version_2_train_6555,81,0.5283,0.5638,0.6456,0.6162,
tinyUnet_version_2_train_6555,82,0.5276,0.5633,0.6496,0.6249,
tinyUnet_version_2_train_6555,83,0.5253,0.562,0.6564,0.6252,
tinyUnet_version_2_train_6555,84,0.5232,0.5611,0.6441,0.6154,
tinyUnet_version_2_train_6555,85,0.5228,0.5606,0.6417,0.6143,
tinyUnet_version_2_train_6555,86,0.5213,0.5599,0.6389,0.6167,
tinyUnet_version_2_train_6555,87,0.5203,0.559,0.6515,0.6175,
tinyUnet_version_2_train_6555,88,0.518,0.5574,0.6432,0.6179,
tinyUnet_version_2_train_6555,89,0.5162,0.5566,0.6434,0.617,
tinyUnet_version_2_train_6555,90,0.5171,0.5571,0.6482,0.6206,
tinyUnet_version_2_train_6555,91,0.515,0.5557,0.6628,0.6229,
tinyUnet_version_2_train_6555,92,0.5138,0.5551,0.6567,0.6225,
tinyUnet_version_2_train_6555,93,0.5112,0.5532,0.6435,0.6193,
tinyUnet_version_2_train_6555,94,0.5096,0.552,0.6417,0.6173,
tinyUnet_version_2_train_6555,95,0.5089,0.552,0.6485,0.6188,
tinyUnet_version_2_train_6555,96,0.5075,0.5515,0.6443,0.6154,
tinyUnet_version_2_train_6555,97,0.5069,0.5507,0.6478,0.614,
tinyUnet_version_2_train_6555,98,0.5049,0.5492,0.6457,0.6161,
tinyUnet_version_2_train_6555,99,0.5047,0.5494,0.6515,0.6156,
tinyUnet_version_2_train_6555,100,0.5024,0.5481,0.6513,0.6158,
tinyUnet_version_4_train_6613,1,0.4373,0.8063,0.3309,0.6841,0.0001
tinyUnet_version_4_train_6613,2,0.361,0.7188,0.3306,0.6801,0.0001
tinyUnet_version_4_train_6613,3,0.35,0.7051,0.3186,0.6655,0.0001
tinyUnet_version_4_train_6613,4,0.3414,0.6941,0.3103,0.6523,0.0001
tinyUnet_version_4_train_6613,5,0.3338,0.6844,0.3042,0.6457,0.0001
tinyUnet_version_4_train_6613,6,0.3266,0.6749,0.3002,0.6402,0.0001
tinyUnet_version_4_train_6613,7,0.3214,0.6677,0.2957,0.6342,0.0001
tinyUnet_version_4_train_6613,8,0.3174,0.6624,0.2946,0.6343,0.0001
tinyUnet_version_4_train_6613,9,0.3134,0.6573,0.2933,0.6337,0.0001
tinyUnet_version_4_train_6613,10,0.3107,0.6535,0.2975,0.6331,0.0001
tinyUnet_version_4_train_6613,11,0.3072,0.6491,0.2931,0.6324,0.0001
tinyUnet_version_4_train_6613,12,0.3035,0.644,0.2894,0.6279,0.0001
tinyUnet_version_4_train_6613,13,0.301,0.6402,0.2853,0.6206,0.0001
tinyUnet_version_4_train_6613,14,0.2993,0.6386,0.2835,0.6156,0.0001
tinyUnet_version_4_train_6613,15,0.2966,0.6346,0.2856,0.6186,0.0001
tinyUnet_version_4_train_6613,16,0.294,0.6311,0.2837,0.6189,0.0001
tinyUnet_version_4_train_6613,17,0.2922,0.6289,0.2804,0.6122,0.0001
tinyUnet_version_4_train_6613,18,0.2903,0.6265,0.2795,0.6116,0.0001
tinyUnet_version_4_train_6613,19,0.2878,0.6232,0.2791,0.6121,0.0001
tinyUnet_version_4_train_6613,20,0.2866,0.6217,0.2797,0.6098,0.0001
tinyUnet_version_4_train_6613,21,0.2854,0.6197,0.2799,0.6113,0.0001
tinyUnet_version_4_train_6613,22,0.2834,0.6173,0.2778,0.6081,0.0001
tinyUnet_version_4_train_6613,23,0.2816,0.6149,0.2786,0.6106,0.0001
tinyUnet_version_4_train_6613,24,0.2805,0.6135,0.288,0.6196,0.0001
tinyUnet_version_4_train_6613,25,0.279,0.6114,0.2773,0.6066,0.0001
tinyUnet_version_4_train_6613,26,0.2778,0.6096,0.2924,0.6262,0.0001
tinyUnet_version_4_train_6613,27,0.276,0.6074,0.2796,0.6066,0.0001
tinyUnet_version_4_train_6613,28,0.2744,0.6052,0.2748,0.6063,0.0001
tinyUnet_version_4_train_6613,29,0.2739,0.6043,0.2746,0.6057,0.0001
tinyUnet_version_4_train_6613,30,0.2723,0.6021,0.2725,0.6006,0.0001
tinyUnet_version_4_train_6613,31,0.2708,0.6001,0.2779,0.6089,0.0001
tinyUnet_version_4_train_6613,32,0.2696,0.5986,0.274,0.6021,0.0001
tinyUnet_version_4_train_6613,33,0.2689,0.5975,0.2735,0.6011,0.0001
tinyUnet_version_4_train_6613,34,0.2669,0.5947,0.2756,0.604,0.0001
tinyUnet_version_4_train_6613,35,0.2661,0.5938,0.2719,0.6011,0.0001
tinyUnet_version_4_train_6613,36,0.2653,0.5925,0.2732,0.6042,0.0001
tinyUnet_version_4_train_6613,37,0.2642,0.591,0.2711,0.5994,0.0001
tinyUnet_version_4_train_6613,38,0.2628,0.589,0.2715,0.5987,0.0001
tinyUnet_version_4_train_6613,39,0.262,0.5881,0.2738,0.5984,0.0001
tinyUnet_version_4_train_6613,40,0.2608,0.5866,0.2735,0.6027,0.0001
tinyUnet_version_4_train_6613,41,0.2597,0.5844,0.2704,0.5979,0.0001
tinyUnet_version_4_train_6613,42,0.2585,0.5833,0.2707,0.5981,0.0001
tinyUnet_version_4_train_6613,43,0.2576,0.5818,0.2772,0.6069,0.0001
tinyUnet_version_4_train_6613,44,0.2565,0.5803,0.2712,0.5983,0.0001
tinyUnet_version_4_train_6613,45,0.2552,0.5786,0.2703,0.598,0.0001
tinyUnet_version_4_train_6613,46,0.254,0.5767,0.2705,0.5974,0.0001
tinyUnet_version_4_train_6613,47,0.2534,0.576,0.2725,0.598,0.0001
tinyUnet_version_4_train_6613,48,0.2521,0.5741,0.2724,0.6021,0.0001
tinyUnet_version_4_train_6613,49,0.251,0.573,0.272,0.6003,0.0001
tinyUnet_version_4_train_6613,50,0.2497,0.5711,0.2741,0.6017,0.0001
tinyUnet_version_4_train_6613,51,0.2491,0.5701,0.2723,0.5997,5e-05
tinyUnet_version_4_train_6613,52,0.2424,0.56,0.2698,0.5936,5e-05
tinyUnet_version_4_train_6613,53,0.2404,0.557,0.2706,0.5958,5e-05
tinyUnet_version_4_train_6613,54,0.2395,0.5563,0.2703,0.5947,5e-05
tinyUnet_version_4_train_6613,55,0.2381,0.5539,0.2699,0.5948,5e-05
tinyUnet_version_4_train_6613,56,0.2375,0.553,0.2714,0.5954,5e-05
tinyUnet_version_4_train_6613,57,0.237,0.5524,0.2702,0.5952,5e-05
tinyUnet_version_4_train_6613,58,0.2358,0.5508,0.2715,0.5963,2.5e-05
tinyUnet_version_4_train_6613,59,0.2316,0.5442,0.2711,0.5951,2.5e-05
tinyUnet_version_4_train_6613,60,0.2303,0.5423,0.2715,0.5962,2.5e-05
tinyUnet_version_4_train_6613,61,0.2297,0.5415,0.2712,0.595,2.5e-05
tinyUnet_version_4_train_6613,62,0.2287,0.5405,0.2723,0.5974,2.5e-05
tinyUnet_version_4_train_6613,63,0.2285,0.5395,0.2725,0.5959,2.5e-05
tinyUnet_version_4_train_6613,64,0.2278,0.5386,0.2721,0.5958,1.25e-05
tinyUnet_version_4_train_6613,65,0.2251,0.5344,0.2718,0.5955,1.25e-05
tinyUnet_version_4_train_6613,66,0.2247,0.5339,0.2727,0.5969,1.25e-05
tinyUnet_version_4_train_6613,67,0.2243,0.5333,0.2725,0.5963,1.25e-05
tinyUnet_version_4_train_6613,68,0.2235,0.5323,0.2738,0.5974,1.25e-05
tinyUnet_version_4_train_6613,69,0.2234,0.5321,0.2731,0.5969,1.25e-05
tinyUnet_version_4_train_6613,70,0.223,0.5315,0.2734,0.5975,6.25e-06
tinyUnet_version_4_train_6613,71,0.2223,0.5301,0.2731,0.5976,6.25e-06
tinyUnet_version_4_train_6613,72,0.2216,0.529,0.2736,0.5976,6.25e-06
tinyUnet_version_4_train_6613,73,0.2212,0.5287,0.2739,0.5971,6.25e-06
tinyUnet_version_4_train_6613,74,0.2211,0.5285,0.2736,0.5971,6.25e-06
tinyUnet_version_4_train_6613,75,0.2209,0.5279,0.274,0.598,6.25e-06
tinyUnet_version_4_train_6613,76,0.2206,0.5276,0.2737,0.597,3.13e-06
tinyUnet_version_4_train_6613,77,0.2198,0.5262,0.2739,0.5979,3.13e-06
tinyUnet_version_4_train_6613,78,0.2198,0.5264,0.274,0.5978,3.13e-06
tinyUnet_version_4_train_6613,79,0.2195,0.5261,0.274,0.5982,3.13e-06
tinyUnet_version_4_train_6613,80,0.2195,0.5258,0.2742,0.5982,3.13e-06
tinyUnet_version_4_train_6613,81,0.2192,0.5256,0.2742,0.598,3.13e-06
tinyUnet_version_4_train_6613,82,0.2194,0.5255,0.2746,0.5986,1.56e-06
tinyUnet_version_4_train_6613,83,0.2187,0.5248,0.2746,0.5986,1.56e-06
tinyUnet_version_4_train_6613,84,0.2189,0.525,0.2745,0.5983,1.56e-06
tinyUnet_version_4_train_6613,85,0.2188,0.525,0.2744,0.5983,1.56e-06
tinyUnet_version_4_train_6613,86,0.2186,0.5242,0.2744,0.5982,1.56e-06
tinyUnet_version_4_train_6613,87,0.2184,0.5242,0.2746,0.5986,1.56e-06
tinyUnet_version_4_train_6613,88,0.2186,0.5245,0.2745,0.5986,7.81e-07
tinyUnet_version_4_train_6613,89,0.2185,0.5245,0.2747,0.5986,7.81e-07
tinyUnet_version_4_train_6613,90,0.2182,0.5242,0.2746,0.5986,7.81e-07
tinyUnet_version_4_train_6613,91,0.2186,0.5247,0.2746,0.5986,7.81e-07
tinyUnet_version_4_train_6613,92,0.2183,0.5243,0.2747,0.5987,7.81e-07
tinyUnet_version_4_train_6613,93,0.2181,0.5237,0.2746,0.5986,7.81e-07
tinyUnet_version_4_train_6613,94,0.2179,0.5233,0.2747,0.5987,3.91e-07
tinyUnet_version_4_train_6613,95,0.2178,0.5233,0.2747,0.5987,3.91e-07
tinyUnet_version_4_train_6613,96,0.218,0.5235,0.2747,0.5987,3.91e-07
tinyUnet_version_4_train_6613,97,0.2182,0.5236,0.2746,0.5987,3.91e-07
tinyUnet_version_4_train_6613,98,0.2182,0.524,0.2746,0.5986,3.91e-07
tinyUnet_version_4_train_6613,99,0.218,0.5236,0.2747,0.5987,3.91e-07
tinyUnet_version_4_train_6613,100,0.2181,0.5236,0.2747,0.5987,1.95e-07
tinyUnet_version_5_train_6688,1,0.4383,0.8113,0.3378,0.6962,0.0001
tinyUnet_version_5_train_6688,2,0.3549,0.7158,0.3354,0.6865,0.0001
tinyUnet_version_5_train_6688,3,0.3444,0.7022,0.3166,0.6703,0.0001
tinyUnet_version_5_train_6688,4,0.3348,0.6891,0.3166,0.6651,0.0001
tinyUnet_version_5_train_6688,5,0.3289,0.6813,0.3053,0.6516,0.0001
tinyUnet_version_5_train_6688,6,0.3234,0.6736,0.3041,0.6472,0.0001
tinyUnet_version_5_train_6688,7,0.3182,0.6664,0.298,0.6404,0.0001
tinyUnet_version_5_train_6688,8,0.314,0.6606,0.2972,0.6375,0.0001
tinyUnet_version_5_train_6688,9,0.3104,0.6555,0.2974,0.6403,0.0001
tinyUnet_version_5_train_6688,10,0.3075,0.6512,0.2942,0.6364,0.0001
tinyUnet_version_5_train_6688,11,0.3047,0.6478,0.2953,0.6392,0.0001
tinyUnet_version_5_train_6688,12,0.3024,0.6446,0.2947,0.6355,0.0001
tinyUnet_version_5_train_6688,13,0.299,0.64,0.2883,0.6265,0.0001
tinyUnet_version_5_train_6688,14,0.2965,0.6365,0.2908,0.6333,0.0001
tinyUnet_version_5_train_6688,15,0.2946,0.634,0.2938,0.6323,0.0001
tinyUnet_version_5_train_6688,16,0.2917,0.6303,0.2886,0.6265,0.0001
tinyUnet_version_5_train_6688,17,0.2897,0.6278,0.2859,0.6227,0.0001
tinyUnet_version_5_train_6688,18,0.2882,0.6253,0.2827,0.6188,0.0001
tinyUnet_version_5_train_6688,19,0.2865,0.6232,0.2845,0.62,0.0001
tinyUnet_version_5_train_6688,20,0.2844,0.6207,0.2881,0.6213,0.0001
tinyUnet_version_5_train_6688,21,0.2829,0.6183,0.2844,0.622,0.0001
tinyUnet_version_5_train_6688,22,0.2813,0.6166,0.2799,0.6127,0.0001
tinyUnet_version_5_train_6688,23,0.2795,0.6137,0.2842,0.6216,0.0001
tinyUnet_version_5_train_6688,24,0.2784,0.6121,0.2812,0.6146,0.0001
tinyUnet_version_5_train_6688,25,0.2769,0.6104,0.2818,0.6198,0.0001
tinyUnet_version_5_train_6688,26,0.2749,0.6073,0.282,0.6135,0.0001
tinyUnet_version_5_train_6688,27,0.2739,0.6059,0.2863,0.6218,0.0001
tinyUnet_version_5_train_6688,28,0.2722,0.6039,0.2778,0.61,0.0001
tinyUnet_version_5_train_6688,29,0.2703,0.6011,0.2804,0.6117,0.0001
tinyUnet_version_5_train_6688,30,0.2685,0.5989,0.2795,0.6126,0.0001
tinyUnet_version_5_train_6688,31,0.2674,0.5972,0.2833,0.6148,0.0001
tinyUnet_version_5_train_6688,32,0.2662,0.5955,0.2819,0.614,0.0001
tinyUnet_version_5_train_6688,33,0.2646,0.5932,0.279,0.6132,0.0001
tinyUnet_version_5_train_6688,34,0.2628,0.5911,0.2806,0.6095,5e-05
tinyUnet_version_5_train_6688,35,0.2558,0.581,0.2777,0.6078,5e-05
tinyUnet_version_5_train_6688,36,0.2538,0.5782,0.2781,0.61,5e-05
tinyUnet_version_5_train_6688,37,0.2519,0.5756,0.2795,0.6098,5e-05
tinyUnet_version_5_train_6688,38,0.2503,0.5734,0.2788,0.6098,5e-05
tinyUnet_version_5_train_6688,39,0.2493,0.5717,0.2811,0.6134,5e-05
tinyUnet_version_5_train_6688,40,0.248,0.5699,0.2795,0.6103,5e-05
tinyUnet_version_5_train_6688,41,0.247,0.5686,0.2795,0.6108,2.5e-05
tinyUnet_version_5_train_6688,42,0.2409,0.5595,0.2792,0.6087,2.5e-05
tinyUnet_version_5_train_6688,43,0.2399,0.558,0.283,0.6124,2.5e-05
tinyUnet_version_5_train_6688,44,0.2393,0.5572,0.2815,0.6098,2.5e-05
tinyUnet_version_5_train_6688,45,0.238,0.5552,0.2817,0.6116,2.5e-05
tinyUnet_version_5_train_6688,46,0.237,0.5535,0.2822,0.6119,2.5e-05
tinyUnet_version_5_train_6688,47,0.2359,0.5524,0.2834,0.6144,1.25e-05
tinyUnet_version_5_train_6688,48,0.2325,0.5471,0.2828,0.6119,1.25e-05
tinyUnet_version_5_train_6688,49,0.2319,0.5458,0.2832,0.6126,1.25e-05
tinyUnet_version_5_train_6688,50,0.2311,0.5451,0.2837,0.613,1.25e-05
tinyUnet_version_5_train_6688,51,0.2308,0.5444,0.2847,0.615,1.25e-05
tinyUnet_version_5_train_6688,52,0.2305,0.5441,0.2833,0.6143,1.25e-05
tinyUnet_version_5_train_6688,53,0.2299,0.5434,0.2836,0.6131,6.25e-06
tinyUnet_version_5_train_6688,54,0.2277,0.5397,0.2851,0.615,6.25e-06
tinyUnet_version_5_train_6688,55,0.2276,0.539,0.2849,0.6149,6.25e-06
tinyUnet_version_5_train_6688,56,0.2268,0.5382,0.2855,0.6152,6.25e-06
tinyUnet_version_5_train_6688,57,0.2271,0.5386,0.2854,0.6146,6.25e-06
tinyUnet_version_5_train_6688,58,0.2265,0.5377,0.2857,0.6162,6.25e-06
tinyUnet_version_5_train_6688,59,0.2266,0.5382,0.2855,0.6147,3.13e-06
tinyUnet_version_5_train_6688,60,0.2256,0.5361,0.2857,0.6151,3.13e-06
tinyUnet_version_5_train_6688,61,0.2247,0.5349,0.2857,0.6151,3.13e-06
tinyUnet_version_5_train_6688,62,0.2251,0.5356,0.2863,0.6161,3.13e-06
tinyUnet_version_5_train_6688,63,0.2247,0.5353,0.2861,0.6159,3.13e-06
tinyUnet_version_5_train_6688,64,0.2245,0.5346,0.2864,0.6162,3.13e-06
tinyUnet_version_5_train_6688,65,0.2244,0.5345,0.2869,0.6163,1.56e-06
tinyUnet_version_5_train_6688,66,0.2237,0.5335,0.2866,0.6165,1.56e-06
tinyUnet_version_5_train_6688,67,0.2239,0.5339,0.287,0.6167,1.56e-06
tinyUnet_version_5_train_6688,68,0.2237,0.5335,0.2864,0.6163,1.56e-06
tinyUnet_version_5_train_6688,69,0.2236,0.5338,0.2865,0.6162,1.56e-06
tinyUnet_version_5_train_6688,70,0.2236,0.5336,0.2866,0.6168,1.56e-06
tinyUnet_version_5_train_6688,71,0.2234,0.533,0.2869,0.6166,7.81e-07
tinyUnet_version_5_train_6688,72,0.2235,0.533,0.2868,0.6168,7.81e-07
tinyUnet_version_5_train_6688,73,0.2233,0.5332,0.2868,0.6167,7.81e-07
tinyUnet_version_5_train_6688,74,0.2228,0.5322,0.2866,0.6168,7.81e-07
tinyUnet_version_5_train_6688,75,0.2231,0.5327,0.2869,0.6168,7.81e-07
tinyUnet_version_5_train_6688,76,0.223,0.5324,0.2869,0.6167,7.81e-07
tinyUnet_version_5_train_6688,77,0.223,0.5324,0.2871,0.6168,3.91e-07
tinyUnet_version_5_train_6688,78,0.2228,0.532,0.287,0.6168,3.91e-07
tinyUnet_version_5_train_6688,79,0.2231,0.5324,0.287,0.6171,3.91e-07
tinyUnet_version_5_train_6688,80,0.2227,0.532,0.2871,0.617,3.91e-07
tinyUnet_version_5_train_6688,81,0.2227,0.5319,0.2871,0.617,3.91e-07
tinyUnet_version_5_train_6688,82,0.223,0.5325,0.287,0.617,3.91e-07
tinyUnet_version_5_train_6688,83,0.2227,0.5318,0.2871,0.617,1.95e-07
tinyUnet_version_5_train_6688,84,0.2228,0.532,0.2871,0.617,1.95e-07
tinyUnet_version_5_train_6688,85,0.2226,0.5316,0.2872,0.617,1.95e-07
tinyUnet_version_5_train_6688,86,0.2225,0.5313,0.2871,0.6171,1.95e-07
tinyUnet_version_5_train_6688,87,0.2223,0.5314,0.2872,0.6171,1.95e-07
tinyUnet_version_5_train_6688,88,0.2224,0.5314,0.2871,0.6171,1.95e-07
tinyUnet_version_5_train_6688,89,0.2224,0.5317,0.2872,0.6171,9.77e-08
tinyUnet_version_5_train_6688,90,0.2227,0.532,0.2871,0.617,9.77e-08
tinyUnet_version_5_train_6688,91,0.2224,0.5317,0.2871,0.6171,9.77e-08
tinyUnet_version_5_train_6688,92,0.2229,0.5323,0.2871,0.617,9.77e-08
tinyUnet_version_5_train_6688,93,0.2229,0.532,0.2871,0.617,9.77e-08
tinyUnet_version_5_train_6688,94,0.2223,0.5314,0.2871,0.617,9.77e-08
tinyUnet_version_5_train_6688,95,0.2225,0.5317,0.2872,0.6171,4.88e-08
tinyUnet_version_5_train_6688,96,0.2224,0.5314,0.2872,0.6171,4.88e-08
tinyUnet_version_5_train_6688,97,0.2227,0.5318,0.2872,0.6171,4.88e-08
tinyUnet_version_5_train_6688,98,0.2225,0.5317,0.2872,0.617,4.88e-08
tinyUnet_version_5_train_6688,99,0.2227,0.5321,0.2872,0.6171,4.88e-08
tinyUnet_version_5_train_6688,100,0.2223,0.5315,0.2872,0.6171,4.88e-08
tinyUnet_version_6_train_6798,1,0.5097,0.8896,0.3964,0.7618,0.0001
tinyUnet_version_6_train_6798,2,0.4084,0.7763,0.3758,0.7364,0.0001
tinyUnet_version_6_train_6798,3,0.3928,0.7571,0.3626,0.7197,0.0001
tinyUnet_version_6_train_6798,4,0.3822,0.7442,0.3545,0.7091,0.0001
tinyUnet_version_6_train_6798,5,0.3742,0.7344,0.3454,0.6988,0.0001
tinyUnet_version_6_train_6798,6,0.3658,0.7237,0.3387,0.6892,0.0001
tinyUnet_version_6_train_6798,7,0.3585,0.7141,0.3307,0.6797,0.0001
tinyUnet_version_6_train_6798,8,0.3497,0.7031,0.3316,0.681,0.0001
tinyUnet_version_6_train_6798,9,0.3419,0.6925,0.3153,0.6583,0.0001
tinyUnet_version_6_train_6798,10,0.3332,0.6814,0.3189,0.6643,0.0001
tinyUnet_version_6_train_6798,11,0.3257,0.6716,0.3149,0.6605,0.0001
tinyUnet_version_6_train_6798,12,0.3199,0.6644,0.3001,0.6415,0.0001
tinyUnet_version_6_train_6798,13,0.3167,0.6602,0.2964,0.6344,0.0001
tinyUnet_version_6_train_6798,14,0.3113,0.6533,0.2974,0.636,0.0001
tinyUnet_version_6_train_6798,15,0.308,0.6491,0.2952,0.6331,0.0001
tinyUnet_version_6_train_6798,16,0.3046,0.6447,0.2897,0.6269,0.0001
tinyUnet_version_6_train_6798,17,0.3013,0.6401,0.2911,0.6257,0.0001
tinyUnet_version_6_train_6798,18,0.2983,0.6363,0.2847,0.622,0.0001
tinyUnet_version_6_train_6798,19,0.2954,0.6325,0.284,0.618,0.0001
tinyUnet_version_6_train_6798,20,0.293,0.6294,0.2807,0.615,0.0001
tinyUnet_version_6_train_6798,21,0.2902,0.626,0.2829,0.6222,0.0001
tinyUnet_version_6_train_6798,22,0.2878,0.6229,0.2796,0.6124,0.0001
tinyUnet_version_6_train_6798,23,0.2869,0.6216,0.2773,0.6093,0.0001
tinyUnet_version_6_train_6798,24,0.2841,0.6184,0.2751,0.6069,0.0001
tinyUnet_version_6_train_6798,25,0.2823,0.6159,0.2747,0.6068,0.0001
tinyUnet_version_6_train_6798,26,0.2805,0.6129,0.2743,0.6069,0.0001
tinyUnet_version_6_train_6798,27,0.2789,0.6109,0.2709,0.601,0.0001
tinyUnet_version_6_train_6798,28,0.2776,0.6094,0.2713,0.6025,0.0001
tinyUnet_version_6_train_6798,29,0.2761,0.6073,0.2733,0.6056,0.0001
tinyUnet_version_6_train_6798,30,0.2748,0.6056,0.2715,0.5992,0.0001
tinyUnet_version_6_train_6798,31,0.2723,0.6021,0.2687,0.5952,0.0001
tinyUnet_version_6_train_6798,32,0.271,0.601,0.2715,0.6014,0.0001
tinyUnet_version_6_train_6798,33,0.2699,0.599,0.269,0.5985,0.0001
tinyUnet_version_6_train_6798,34,0.2679,0.5968,0.2661,0.5958,0.0001
tinyUnet_version_6_train_6798,35,0.2668,0.595,0.2676,0.5951,0.0001
tinyUnet_version_6_train_6798,36,0.2657,0.5934,0.2667,0.5927,0.0001
tinyUnet_version_6_train_6798,37,0.2651,0.5925,0.2645,0.5911,0.0001
tinyUnet_version_6_train_6798,38,0.2635,0.591,0.2642,0.5917,0.0001
tinyUnet_version_6_train_6798,39,0.2618,0.5886,0.268,0.5965,0.0001
tinyUnet_version_6_train_6798,40,0.2607,0.5871,0.2671,0.5983,0.0001
tinyUnet_version_6_train_6798,41,0.2595,0.5851,0.267,0.5923,0.0001
tinyUnet_version_6_train_6798,42,0.258,0.5831,0.2645,0.5918,0.0001
tinyUnet_version_6_train_6798,43,0.2566,0.5815,0.2664,0.594,0.0001
tinyUnet_version_6_train_6798,44,0.2558,0.5803,0.263,0.5896,0.0001
tinyUnet_version_6_train_6798,45,0.2543,0.5786,0.2632,0.5931,0.0001
tinyUnet_version_6_train_6798,46,0.2532,0.5767,0.2646,0.5889,0.0001
tinyUnet_version_6_train_6798,47,0.252,0.575,0.2668,0.5953,0.0001
tinyUnet_version_6_train_6798,48,0.2503,0.5731,0.2663,0.5952,0.0001
tinyUnet_version_6_train_6798,49,0.2493,0.5715,0.2628,0.5902,0.0001
tinyUnet_version_6_train_6798,50,0.2477,0.5691,0.2631,0.5903,0.0001
tinyUnet_version_6_train_6798,51,0.2469,0.568,0.2681,0.5928,0.0001
tinyUnet_version_6_train_6798,52,0.2451,0.5657,0.2656,0.5918,0.0001
tinyUnet_version_6_train_6798,53,0.2443,0.5642,0.2658,0.5938,0.0001
tinyUnet_version_6_train_6798,54,0.2435,0.5633,0.2641,0.5869,0.0001
tinyUnet_version_6_train_6798,55,0.242,0.5614,0.2638,0.5906,5e-05
tinyUnet_version_6_train_6798,56,0.2335,0.5488,0.2614,0.5839,5e-05
tinyUnet_version_6_train_6798,57,0.2318,0.5466,0.262,0.588,5e-05
tinyUnet_version_6_train_6798,58,0.2304,0.5448,0.2621,0.5854,5e-05
tinyUnet_version_6_train_6798,59,0.229,0.5423,0.2643,0.5911,5e-05
tinyUnet_version_6_train_6798,60,0.2279,0.5413,0.2634,0.5897,5e-05
tinyUnet_version_6_train_6798,61,0.2267,0.5397,0.264,0.5887,5e-05
tinyUnet_version_6_train_6798,62,0.2258,0.5384,0.2642,0.5895,2.5e-05
tinyUnet_version_6_train_6798,63,0.2203,0.5301,0.2652,0.5909,2.5e-05
tinyUnet_version_6_train_6798,64,0.2192,0.5286,0.264,0.588,2.5e-05
tinyUnet_version_6_train_6798,65,0.2179,0.5268,0.2644,0.5891,2.5e-05
tinyUnet_version_6_train_6798,66,0.2175,0.5261,0.2646,0.5883,2.5e-05
tinyUnet_version_6_train_6798,67,0.2162,0.5243,0.2673,0.5912,2.5e-05
tinyUnet_version_6_train_6798,68,0.216,0.5239,0.2668,0.5904,1.25e-05
tinyUnet_version_6_train_6798,69,0.2124,0.5184,0.2674,0.5905,1.25e-05
tinyUnet_version_6_train_6798,70,0.212,0.5178,0.2667,0.5908,1.25e-05
tinyUnet_version_6_train_6798,71,0.2113,0.5169,0.2676,0.5917,1.25e-05
tinyUnet_version_6_train_6798,72,0.2115,0.517,0.2671,0.5911,1.25e-05
tinyUnet_version_6_train_6798,73,0.2101,0.5152,0.269,0.5944,1.25e-05
tinyUnet_version_6_train_6798,74,0.2103,0.5156,0.2671,0.5912,6.25e-06
tinyUnet_version_6_train_6798,75,0.2079,0.512,0.2681,0.5927,6.25e-06
tinyUnet_version_6_train_6798,76,0.2078,0.5118,0.2681,0.5922,6.25e-06
tinyUnet_version_6_train_6798,77,0.2072,0.5106,0.2683,0.5929,6.25e-06
tinyUnet_version_6_train_6798,78,0.2071,0.5108,0.2682,0.5926,6.25e-06
tinyUnet_version_6_train_6798,79,0.2068,0.5105,0.2686,0.5932,6.25e-06
tinyUnet_version_6_train_6798,80,0.2069,0.5106,0.2683,0.5927,3.13e-06
tinyUnet_version_6_train_6798,81,0.2057,0.5085,0.2691,0.5932,3.13e-06
tinyUnet_version_6_train_6798,82,0.2058,0.5086,0.2689,0.5936,3.13e-06
tinyUnet_version_6_train_6798,83,0.2055,0.5083,0.2691,0.5932,3.13e-06
tinyUnet_version_6_train_6798,84,0.2055,0.5085,0.2693,0.5936,3.13e-06
tinyUnet_version_6_train_6798,85,0.2052,0.508,0.2695,0.5935,3.13e-06
tinyUnet_version_6_train_6798,86,0.2054,0.5082,0.2694,0.5942,1.56e-06
tinyUnet_version_6_train_6798,87,0.2045,0.5069,0.2696,0.594,1.56e-06
tinyUnet_version_6_train_6798,88,0.2046,0.5071,0.2697,0.5936,1.56e-06
tinyUnet_version_6_train_6798,89,0.2039,0.506,0.2698,0.594,1.56e-06
tinyUnet_version_6_train_6798,90,0.2044,0.5065,0.2698,0.5942,1.56e-06
tinyUnet_version_6_train_6798,91,0.2045,0.507,0.2698,0.5938,1.56e-06
tinyUnet_version_6_train_6798,92,0.2039,0.5059,0.27,0.5944,7.81e-07
tinyUnet_version_6_train_6798,93,0.2039,0.506,0.2699,0.5943,7.81e-07
tinyUnet_version_6_train_6798,94,0.2038,0.5059,0.2698,0.5943,7.81e-07
tinyUnet_version_6_train_6798,95,0.2037,0.5059,0.2699,0.5942,7.81e-07
tinyUnet_version_6_train_6798,96,0.2035,0.5053,0.2699,0.5942,7.81e-07
tinyUnet_version_6_train_6798,97,0.2037,0.5056,0.27,0.5942,7.81e-07
tinyUnet_version_6_train_6798,98,0.2039,0.5056,0.27,0.5945,3.91e-07
tinyUnet_version_6_train_6798,99,0.2032,0.5053,0.2701,0.5943,3.91e-07
tinyUnet_version_6_train_6798,100,0.2035,0.5055,0.2701,0.5944,3.91e-07
tinyUnet_version_7_train_6887,1,0.4619,0.8372,0.3404,0.6974,0.0001
tinyUnet_version_7_train_6887,2,0.3647,0.7269,0.3311,0.6842,0.0001
tinyUnet_version_7_train_6887,3,0.3525,0.7115,0.3225,0.6753,0.0001
tinyUnet_version_7_train_6887,4,0.3423,0.6987,0.3138,0.6641,0.0001
tinyUnet_version_7_train_6887,5,0.3343,0.6876,0.3132,0.6669,0.0001
tinyUnet_version_7_train_6887,6,0.3278,0.6792,0.2988,0.6452,0.0001
tinyUnet_version_7_train_6887,7,0.3221,0.6715,0.2941,0.6374,0.0001
tinyUnet_version_7_train_6887,8,0.3163,0.6638,0.2901,0.6313,0.0001
tinyUnet_version_7_train_6887,9,0.3122,0.6582,0.2958,0.6386,0.0001
tinyUnet_version_7_train_6887,10,0.3077,0.6522,0.3011,0.6478,0.0001
tinyUnet_version_7_train_6887,11,0.3044,0.647,0.2882,0.6284,0.0001
tinyUnet_version_7_train_6887,12,0.3011,0.6428,0.2827,0.616,0.0001
tinyUnet_version_7_train_6887,13,0.2987,0.6391,0.2823,0.6157,0.0001
tinyUnet_version_7_train_6887,14,0.2954,0.6354,0.2786,0.6131,0.0001
tinyUnet_version_7_train_6887,15,0.2934,0.6323,0.2801,0.613,0.0001
tinyUnet_version_7_train_6887,16,0.2909,0.6286,0.2815,0.618,0.0001
tinyUnet_version_7_train_6887,17,0.2893,0.6265,0.2765,0.6072,0.0001
tinyUnet_version_7_train_6887,18,0.2873,0.6239,0.2754,0.6088,0.0001
tinyUnet_version_7_train_6887,19,0.284,0.6195,0.2776,0.6116,0.0001
tinyUnet_version_7_train_6887,20,0.2822,0.6171,0.2754,0.6095,0.0001
tinyUnet_version_7_train_6887,21,0.2801,0.6143,0.2757,0.6061,0.0001
tinyUnet_version_7_train_6887,22,0.2786,0.6122,0.2786,0.6102,0.0001
tinyUnet_version_7_train_6887,23,0.2763,0.6091,0.2749,0.606,0.0001
tinyUnet_version_7_train_6887,24,0.2746,0.6071,0.2785,0.61,0.0001
tinyUnet_version_7_train_6887,25,0.2723,0.6035,0.274,0.6075,0.0001
tinyUnet_version_7_train_6887,26,0.2706,0.6014,0.2722,0.6048,0.0001
tinyUnet_version_7_train_6887,27,0.2688,0.5991,0.2698,0.5997,0.0001
tinyUnet_version_7_train_6887,28,0.2665,0.5956,0.2759,0.6066,0.0001
tinyUnet_version_7_train_6887,29,0.2651,0.5939,0.2738,0.6057,0.0001
tinyUnet_version_7_train_6887,30,0.2633,0.5916,0.2723,0.6013,0.0001
tinyUnet_version_7_train_6887,31,0.2614,0.5887,0.2716,0.6033,0.0001
tinyUnet_version_7_train_6887,32,0.2586,0.5849,0.2776,0.6142,0.0001
tinyUnet_version_7_train_6887,33,0.2573,0.5832,0.2712,0.5996,5e-05
tinyUnet_version_7_train_6887,34,0.2472,0.5691,0.271,0.5995,5e-05
tinyUnet_version_7_train_6887,35,0.244,0.5643,0.2702,0.5991,5e-05
tinyUnet_version_7_train_6887,36,0.2424,0.562,0.2724,0.5983,5e-05
tinyUnet_version_7_train_6887,37,0.2402,0.5595,0.2783,0.6065,5e-05
tinyUnet_version_7_train_6887,38,0.2376,0.5553,0.2732,0.5998,5e-05
tinyUnet_version_7_train_6887,39,0.2361,0.553,0.2776,0.6069,2.5e-05
tinyUnet_version_7_train_6887,40,0.2284,0.5421,0.2742,0.6026,2.5e-05
tinyUnet_version_7_train_6887,41,0.2268,0.5403,0.2771,0.6049,2.5e-05
tinyUnet_version_7_train_6887,42,0.2255,0.5379,0.2775,0.6061,2.5e-05
tinyUnet_version_7_train_6887,43,0.224,0.5359,0.2784,0.6077,2.5e-05
tinyUnet_version_7_train_6887,44,0.2222,0.5335,0.2802,0.6114,2.5e-05
tinyUnet_version_7_train_6887,45,0.2211,0.5316,0.2811,0.6088,1.25e-05
tinyUnet_version_7_train_6887,46,0.2161,0.5241,0.2805,0.608,1.25e-05
tinyUnet_version_7_train_6887,47,0.2153,0.5228,0.2815,0.6103,1.25e-05
tinyUnet_version_7_train_6887,48,0.214,0.5215,0.283,0.6123,1.25e-05
tinyUnet_version_7_train_6887,49,0.213,0.5195,0.2834,0.6122,1.25e-05
tinyUnet_version_7_train_6887,50,0.2128,0.5198,0.2835,0.6137,1.25e-05
tinyUnet_version_7_train_6887,51,0.2114,0.5176,0.2843,0.6135,6.25e-06
tinyUnet_version_7_train_6887,52,0.2091,0.5138,0.2861,0.6152,6.25e-06
tinyUnet_version_7_train_6887,53,0.2083,0.5126,0.2849,0.6132,6.25e-06
tinyUnet_version_7_train_6887,54,0.2083,0.5128,0.2856,0.6151,6.25e-06
tinyUnet_version_7_train_6887,55,0.2071,0.5113,0.2865,0.6162,6.25e-06
tinyUnet_version_7_train_6887,56,0.2066,0.5104,0.2864,0.6154,6.25e-06
tinyUnet_version_7_train_6887,57,0.2062,0.5095,0.2873,0.6164,3.13e-06
tinyUnet_version_7_train_6887,58,0.2048,0.5075,0.2875,0.6172,3.13e-06
tinyUnet_version_7_train_6887,59,0.2045,0.5071,0.2874,0.6165,3.13e-06
tinyUnet_version_7_train_6887,60,0.2044,0.5069,0.2878,0.6165,3.13e-06
tinyUnet_version_7_train_6887,61,0.2039,0.5061,0.2878,0.6169,3.13e-06
tinyUnet_version_7_train_6887,62,0.2041,0.5064,0.2882,0.6175,3.13e-06
tinyUnet_version_7_train_6887,63,0.2037,0.5062,0.2883,0.6181,1.56e-06
tinyUnet_version_7_train_6887,64,0.2029,0.5047,0.2888,0.6184,1.56e-06
tinyUnet_version_7_train_6887,65,0.2026,0.5044,0.2886,0.6184,1.56e-06
tinyUnet_version_7_train_6887,66,0.2023,0.5039,0.2892,0.6185,1.56e-06
tinyUnet_version_7_train_6887,67,0.2027,0.5047,0.289,0.6186,1.56e-06
tinyUnet_version_7_train_6887,68,0.2025,0.5043,0.2887,0.6185,1.56e-06
tinyUnet_version_7_train_6887,69,0.2024,0.5041,0.2892,0.6188,7.81e-07
tinyUnet_version_7_train_6887,70,0.2019,0.5032,0.2891,0.6186,7.81e-07
tinyUnet_version_7_train_6887,71,0.2018,0.5032,0.2893,0.6191,7.81e-07
tinyUnet_version_7_train_6887,72,0.2015,0.5025,0.2891,0.6186,7.81e-07
tinyUnet_version_7_train_6887,73,0.2017,0.5029,0.2894,0.6191,7.81e-07
tinyUnet_version_7_train_6887,74,0.2016,0.5029,0.2894,0.6191,7.81e-07
tinyUnet_version_7_train_6887,75,0.2014,0.5025,0.2893,0.6191,3.91e-07
tinyUnet_version_7_train_6887,76,0.2013,0.5022,0.2897,0.6193,3.91e-07
tinyUnet_version_7_train_6887,77,0.2011,0.502,0.2896,0.6192,3.91e-07
tinyUnet_version_7_train_6887,78,0.2012,0.5024,0.2897,0.6194,3.91e-07
tinyUnet_version_7_train_6887,79,0.201,0.502,0.2894,0.6192,3.91e-07
tinyUnet_version_7_train_6887,80,0.2011,0.5023,0.2896,0.6194,3.91e-07
tinyUnet_version_7_train_6887,81,0.2009,0.5015,0.2898,0.6197,1.95e-07
tinyUnet_version_7_train_6887,82,0.2011,0.5022,0.2897,0.6194,1.95e-07
tinyUnet_version_7_train_6887,83,0.2008,0.5019,0.2898,0.6195,1.95e-07
tinyUnet_version_7_train_6887,84,0.2012,0.5022,0.2897,0.6194,1.95e-07
tinyUnet_version_7_train_6887,85,0.2009,0.5017,0.2897,0.6195,1.95e-07
tinyUnet_version_7_train_6887,86,0.2007,0.5013,0.2897,0.6195,1.95e-07
tinyUnet_version_7_train_6887,87,0.2006,0.5014,0.2898,0.6196,9.77e-08
tinyUnet_version_7_train_6887,88,0.201,0.502,0.2897,0.6195,9.77e-08
tinyUnet_version_7_train_6887,89,0.2007,0.5013,0.2897,0.6195,9.77e-08
tinyUnet_version_7_train_6887,90,0.2004,0.5009,0.2898,0.6195,9.77e-08
tinyUnet_version_7_train_6887,91,0.2012,0.5025,0.2898,0.6195,9.77e-08
tinyUnet_version_7_train_6887,92,0.2011,0.5019,0.2898,0.6195,9.77e-08
tinyUnet_version_7_train_6887,93,0.2005,0.5012,0.2897,0.6195,4.88e-08
tinyUnet_version_7_train_6887,94,0.2008,0.5013,0.2898,0.6195,4.88e-08
tinyUnet_version_7_train_6887,95,0.2011,0.5021,0.2898,0.6195,4.88e-08
tinyUnet_version_7_train_6887,96,0.2012,0.5021,0.2898,0.6195,4.88e-08
tinyUnet_version_7_train_6887,97,0.2008,0.5016,0.2898,0.6196,4.88e-08
tinyUnet_version_7_train_6887,98,0.2004,0.5012,0.2898,0.6196,4.88e-08
tinyUnet_version_7_train_6887,99,0.2007,0.5016,0.2898,0.6195,2.44e-08
tinyUnet_version_7_train_6887,100,0.2009,0.5016,0.2898,0.6195,2.44e-08
tinyUnet_version_8_train_7190,1,5.8436,2.7061,4.9977,2.4416,0.0001
tinyUnet_version_8_train_7190,2,4.9543,2.4541,4.7917,2.4217,0.0001
tinyUnet_version_8_train_7190,3,4.8134,2.4053,4.6807,2.3919,0.0001
tinyUnet_version_8_train_7190,4,4.7133,2.3719,4.7097,2.3474,0.0001
tinyUnet_version_8_train_7190,5,4.6418,2.3476,4.5187,2.3094,0.0001
tinyUnet_version_8_train_7190,6,4.5838,2.3278,4.5155,2.3052,0.0001
tinyUnet_version_8_train_7190,7,4.5405,2.3121,4.4362,2.2862,0.0001
tinyUnet_version_8_train_7190,8,4.5046,2.2991,4.442,2.3018,0.0001
tinyUnet_version_8_train_7190,9,4.4785,2.2924,4.5551,2.2717,0.0001
tinyUnet_version_8_train_7190,10,4.4543,2.2828,4.396,2.2526,0.0001
tinyUnet_version_8_train_7190,11,4.4161,2.271,4.3449,2.2415,0.0001
tinyUnet_version_8_train_7190,12,4.3932,2.2627,4.3688,2.2322,0.0001
tinyUnet_version_8_train_7190,13,4.377,2.2559,4.3237,2.2308,0.0001
tinyUnet_version_8_train_7190,14,4.3577,2.2512,4.2812,2.235,0.0001
tinyUnet_version_8_train_7190,15,4.3262,2.2412,4.3061,2.2126,0.0001
tinyUnet_version_8_train_7190,16,4.3153,2.2364,4.272,2.2137,0.0001
tinyUnet_version_8_train_7190,17,4.2966,2.2312,4.2741,2.2374,0.0001
tinyUnet_version_8_train_7190,18,4.27,2.2221,4.2969,2.2095,0.0001
tinyUnet_version_8_train_7190,19,4.2581,2.2172,4.248,2.2291,0.0001
tinyUnet_version_8_train_7190,20,4.2458,2.2142,4.2107,2.2073,0.0001
tinyUnet_version_8_train_7190,21,4.2238,2.2079,4.2257,2.1923,0.0001
tinyUnet_version_8_train_7190,22,4.2067,2.2016,4.2213,2.2091,0.0001
tinyUnet_version_8_train_7190,23,4.1979,2.2001,4.217,2.2057,0.0001
tinyUnet_version_8_train_7190,24,4.177,2.1922,4.3317,2.1972,0.0001
tinyUnet_version_8_train_7190,25,4.1632,2.1879,4.2571,2.213,0.0001
tinyUnet_version_8_train_7190,26,4.1477,2.1836,4.15,2.1999,0.0001
tinyUnet_version_8_train_7190,27,4.1368,2.1806,4.3047,2.2123,0.0001
tinyUnet_version_8_train_7190,28,4.1341,2.18,4.1859,2.1825,0.0001
tinyUnet_version_8_train_7190,29,4.1185,2.1737,4.1262,2.1685,0.0001
tinyUnet_version_8_train_7190,30,4.1041,2.1689,4.2831,2.1915,0.0001
tinyUnet_version_8_train_7190,31,4.0893,2.1639,4.1395,2.1798,0.0001
tinyUnet_version_8_train_7190,32,4.077,2.1623,4.1106,2.1604,0.0001
tinyUnet_version_8_train_7190,33,4.0634,2.1567,4.1056,2.1716,0.0001
tinyUnet_version_8_train_7190,34,4.0583,2.1551,4.1448,2.1849,0.0001
tinyUnet_version_8_train_7190,35,4.0467,2.1516,4.1232,2.1606,0.0001
tinyUnet_version_8_train_7190,36,4.0345,2.1486,4.1034,2.1583,0.0001
tinyUnet_version_8_train_7190,37,4.0237,2.1433,4.1329,2.209,0.0001
tinyUnet_version_8_train_7190,38,4.0035,2.1381,4.0779,2.1555,0.0001
tinyUnet_version_8_train_7190,39,3.9937,2.136,4.0691,2.1665,0.0001
tinyUnet_version_8_train_7190,40,3.9863,2.133,4.1151,2.1999,0.0001
tinyUnet_version_8_train_7190,41,3.9817,2.1309,4.0947,2.1563,0.0001
tinyUnet_version_8_train_7190,42,3.9743,2.1284,4.0559,2.164,0.0001
tinyUnet_version_8_train_7190,43,3.9625,2.1261,4.1037,2.1601,0.0001
tinyUnet_version_8_train_7190,44,3.9431,2.1206,4.0691,2.15,0.0001
tinyUnet_version_8_train_7190,45,3.9362,2.1165,4.0629,2.166,0.0001
tinyUnet_version_8_train_7190,46,3.9144,2.1107,4.0673,2.1421,0.0001
tinyUnet_version_8_train_7190,47,3.9172,2.1111,4.031,2.1413,0.0001
tinyUnet_version_8_train_7190,48,3.9116,2.1096,4.0403,2.1603,0.0001
tinyUnet_version_8_train_7190,49,3.8894,2.1025,4.0364,2.1346,0.0001
tinyUnet_version_8_train_7190,50,3.8855,2.1011,4.0721,2.1763,0.0001
tinyUnet_version_8_train_7190,51,3.8751,2.0981,4.0948,2.1797,0.0001
tinyUnet_version_8_train_7190,52,3.8588,2.0928,4.0737,2.1365,0.0001
tinyUnet_version_8_train_7190,53,3.854,2.092,4.067,2.1598,5e-05
tinyUnet_version_8_train_7190,54,3.7669,2.0638,4.0148,2.1419,5e-05
tinyUnet_version_8_train_7190,55,3.7471,2.0581,4.0168,2.1499,5e-05
tinyUnet_version_8_train_7190,56,3.7379,2.0553,4.0115,2.1387,5e-05
tinyUnet_version_8_train_7190,57,3.7241,2.0502,4.02,2.1338,5e-05
tinyUnet_version_8_train_7190,58,3.7134,2.047,4.0343,2.1288,5e-05
tinyUnet_version_8_train_7190,59,3.7035,2.0454,4.0286,2.1522,5e-05
tinyUnet_version_8_train_7190,60,3.6939,2.0423,4.0189,2.1351,5e-05
tinyUnet_version_8_train_7190,61,3.6884,2.0402,4.043,2.1344,5e-05
tinyUnet_version_8_train_7190,62,3.6741,2.035,4.0486,2.1431,2.5e-05
tinyUnet_version_8_train_7190,63,3.6111,2.016,4.0502,2.1602,2.5e-05
tinyUnet_version_8_train_7190,64,3.5997,2.0117,4.0788,2.1638,2.5e-05
tinyUnet_version_8_train_7190,65,3.5971,2.0105,4.0293,2.1346,2.5e-05
tinyUnet_version_8_train_7190,66,3.5824,2.0077,4.034,2.1347,2.5e-05
tinyUnet_version_8_train_7190,67,3.576,2.0045,4.0522,2.15,2.5e-05
tinyUnet_version_8_train_7190,68,3.5661,2.0028,4.0458,2.1341,1.25e-05
tinyUnet_version_8_train_7190,69,3.5291,1.9901,4.0429,2.1409,1.25e-05
tinyUnet_version_8_train_7190,70,3.5155,1.9857,4.0405,2.1435,1.25e-05
tinyUnet_version_8_train_7190,71,3.5066,1.9847,4.0532,2.1408,1.25e-05
tinyUnet_version_8_train_7190,72,3.5047,1.9826,4.0556,2.1405,1.25e-05
tinyUnet_version_8_train_7190,73,3.4939,1.9795,4.0682,2.1521,1.25e-05
tinyUnet_version_8_train_7190,74,3.4886,1.9778,4.0745,2.1545,6.25e-06
tinyUnet_version_8_train_7190,75,3.47,1.972,4.0644,2.1403,6.25e-06
tinyUnet_version_8_train_7190,76,3.4644,1.9697,4.0687,2.1471,6.25e-06
tinyUnet_version_8_train_7190,77,3.4596,1.9696,4.0665,2.148,6.25e-06
tinyUnet_version_8_train_7190,78,3.46,1.9692,4.0697,2.1455,6.25e-06
tinyUnet_version_8_train_7190,79,3.4551,1.9675,4.0729,2.1456,6.25e-06
tinyUnet_version_8_train_7190,80,3.4517,1.967,4.0747,2.1446,3.13e-06
tinyUnet_version_8_train_7190,81,3.442,1.9637,4.0736,2.1468,3.13e-06
tinyUnet_version_8_train_7190,82,3.4393,1.9628,4.0786,2.1475,3.13e-06
tinyUnet_version_8_train_7190,83,3.4374,1.9631,4.0715,2.1441,3.13e-06
tinyUnet_version_8_train_7190,84,3.4362,1.9618,4.0793,2.1484,3.13e-06
tinyUnet_version_8_train_7190,85,3.437,1.9617,4.0791,2.1457,3.13e-06
tinyUnet_version_8_train_7190,86,3.4225,1.9585,4.0871,2.1541,1.56e-06
tinyUnet_version_8_train_7190,87,3.4289,1.9598,4.0797,2.1503,1.56e-06
tinyUnet_version_8_train_7190,88,3.4233,1.9578,4.0806,2.149,1.56e-06
tinyUnet_version_8_train_7190,89,3.4199,1.9572,4.0815,2.1494,1.56e-06
tinyUnet_version_8_train_7190,90,3.4212,1.9571,4.0821,2.1482,1.56e-06
tinyUnet_version_8_train_7190,91,3.4269,1.9598,4.0814,2.1468,1.56e-06
tinyUnet_version_8_train_7190,92,3.4222,1.9568,4.0879,2.1534,7.81e-07
tinyUnet_version_8_train_7190,93,3.417,1.9559,4.0815,2.1477,7.81e-07
tinyUnet_version_8_train_7190,94,3.4189,1.9568,4.0834,2.1486,7.81e-07
tinyUnet_version_8_train_7190,95,3.4143,1.9559,4.0839,2.1477,7.81e-07
tinyUnet_version_8_train_7190,96,3.4117,1.9545,4.0842,2.1493,7.81e-07
tinyUnet_version_8_train_7190,97,3.4174,1.9559,4.0829,2.1467,7.81e-07
tinyUnet_version_8_train_7190,98,3.4087,1.9531,4.0842,2.1481,3.91e-07
tinyUnet_version_8_train_7190,99,3.4105,1.9546,4.0898,2.152,3.91e-07
tinyUnet_version_8_train_7190,100,3.415,1.9554,4.0852,2.1484,3.91e-07
